experiment_id,student_id,student_prior_started_skill_builder_count,student_prior_completed_skill_builder_count,student_prior_started_problem_set_count,student_prior_completed_problem_set_count,student_prior_completed_problem_count,student_prior_median_first_response_time,student_prior_median_time_on_task,student_prior_average_correctness,student_prior_average_attempt_count,class_id,class_creation_date,class_student_count,class_prior_skill_builder_count,class_prior_problem_set_count,class_prior_skill_builder_percent_started,class_prior_skill_builder_percent_completed,class_prior_problem_set_percent_started,class_prior_problem_set_percent_completed,class_prior_completed_problem_count,class_prior_median_time_on_task,class_prior_median_first_response_time,class_prior_average_correctness,class_prior_average_attempt_count,teacher_id,teacher_account_creation_date,district_id,location,opportunity_zone,locale_description
PSAUKPR,312025,5,5,26,26,373,18.004,19.851,0.8621794871794872,1.1528150134048256,9434,2020-03-16 15:44:55.808000-04:00,49,6,48,22.7891156462585,85.0746268656716,29.8469387755102,83.3333333333333,8560,21.0525,18.316,0.8085018000553863,1.2384345794392524,117745,2020-03-16 12:41:54.254000-04:00,260.0,California,No,None
PSAUKPR,350620,3,3,6,5,37,40.348,41.922,0.8461538461538461,1.1621621621621623,9434,2020-03-16 15:44:55.808000-04:00,49,6,48,22.7891156462585,85.0746268656716,29.8469387755102,83.3333333333333,8560,21.0525,18.316,0.8085018000553863,1.2384345794392524,117745,2020-03-16 12:41:54.254000-04:00,260.0,California,No,None
PSAUKPR,202488,2,2,31,28,426,18.617,20.8315,0.8254847645429363,1.1830985915492958,9434,2020-03-16 15:44:55.808000-04:00,49,6,48,22.7891156462585,85.0746268656716,29.8469387755102,83.3333333333333,8560,21.0525,18.316,0.8085018000553863,1.2384345794392524,117745,2020-03-16 12:41:54.254000-04:00,260.0,California,No,None
PSAUKPR,354787,2,0,3,1,4,36.601,73.346,0.5,1.75,9434,2020-03-16 15:44:55.808000-04:00,49,6,48,22.7891156462585,85.0746268656716,29.8469387755102,83.3333333333333,8560,21.0525,18.316,0.8085018000553863,1.2384345794392524,117745,2020-03-16 12:41:54.254000-04:00,260.0,California,No,None
PSAUKPR,193088,2,1,25,13,274,33.2435,43.763,0.6609442060085837,1.3832116788321167,9434,2020-03-16 15:44:55.808000-04:00,49,6,48,22.7891156462585,85.0746268656716,29.8469387755102,83.3333333333333,8560,21.0525,18.316,0.8085018000553863,1.2384345794392524,117745,2020-03-16 12:41:54.254000-04:00,260.0,California,No,None
PSAUKPR,130314,3,3,42,41,591,20.851,21.398,0.9054325955734407,1.0812182741116751,9434,2020-03-16 15:44:55.808000-04:00,49,6,48,22.7891156462585,85.0746268656716,29.8469387755102,83.3333333333333,8560,21.0525,18.316,0.8085018000553863,1.2384345794392524,117745,2020-03-16 12:41:54.254000-04:00,260.0,California,No,None
PSAUKPR,326395,3,2,25,8,177,14.631,16.339,0.8727272727272727,1.2824858757062148,9434,2020-03-16 15:44:55.808000-04:00,49,6,48,22.7891156462585,85.0746268656716,29.8469387755102,83.3333333333333,8560,21.0525,18.316,0.8085018000553863,1.2384345794392524,117745,2020-03-16 12:41:54.254000-04:00,260.0,California,No,None
PSAUKPR,372624,0,0,0,0,0,,,,,9434,2020-03-16 15:44:55.808000-04:00,49,6,48,22.7891156462585,85.0746268656716,29.8469387755102,83.3333333333333,8560,21.0525,18.316,0.8085018000553863,1.2384345794392524,117745,2020-03-16 12:41:54.254000-04:00,260.0,California,No,None
PSAUKPR,368504,2,2,10,9,163,13.123,14.777,0.7655172413793103,1.392638036809816,9434,2020-03-16 15:44:55.808000-04:00,49,6,48,22.7891156462585,85.0746268656716,29.8469387755102,83.3333333333333,8560,21.0525,18.316,0.8085018000553863,1.2384345794392524,117745,2020-03-16 12:41:54.254000-04:00,260.0,California,No,None
PSAUKPR,326883,2,2,9,7,65,31.701,54.04,0.5555555555555556,1.476923076923077,9434,2020-03-16 15:44:55.808000-04:00,49,6,48,22.7891156462585,85.0746268656716,29.8469387755102,83.3333333333333,8560,21.0525,18.316,0.8085018000553863,1.2384345794392524,117745,2020-03-16 12:41:54.254000-04:00,260.0,California,No,None
PSAUKPR,360818,0,0,0,0,0,,,,,9434,2020-03-16 15:44:55.808000-04:00,49,6,48,22.7891156462585,85.0746268656716,29.8469387755102,83.3333333333333,8560,21.0525,18.316,0.8085018000553863,1.2384345794392524,117745,2020-03-16 12:41:54.254000-04:00,260.0,California,No,None
PSAUKPR,130688,3,2,37,37,556,16.5105,19.472,0.7316561844863732,1.2607913669064748,9434,2020-03-16 15:44:55.808000-04:00,49,6,48,22.7891156462585,85.0746268656716,29.8469387755102,83.3333333333333,8560,21.0525,18.316,0.8085018000553863,1.2384345794392524,117745,2020-03-16 12:41:54.254000-04:00,260.0,California,No,None
PSAUKPR,135809,3,3,48,38,618,30.1155,32.36,0.8449304174950298,1.1488673139158576,9434,2020-03-16 15:44:55.808000-04:00,49,6,48,22.7891156462585,85.0746268656716,29.8469387755102,83.3333333333333,8560,21.0525,18.316,0.8085018000553863,1.2384345794392524,117745,2020-03-16 12:41:54.254000-04:00,260.0,California,No,None
PSAUKPR,144792,1,1,37,35,514,16.6315,17.502,0.8367816091954023,1.2821011673151752,9434,2020-03-16 15:44:55.808000-04:00,49,6,48,22.7891156462585,85.0746268656716,29.8469387755102,83.3333333333333,8560,21.0525,18.316,0.8085018000553863,1.2384345794392524,117745,2020-03-16 12:41:54.254000-04:00,260.0,California,No,None
PSAUKPR,145219,3,2,39,32,542,10.5315,12.9555,0.6659528907922913,1.511070110701107,9434,2020-03-16 15:44:55.808000-04:00,49,6,48,22.7891156462585,85.0746268656716,29.8469387755102,83.3333333333333,8560,21.0525,18.316,0.8085018000553863,1.2384345794392524,117745,2020-03-16 12:41:54.254000-04:00,260.0,California,No,None
PSAUKPR,145449,5,5,48,42,670,18.5955,19.677,0.8353140916808149,1.2567164179104477,9434,2020-03-16 15:44:55.808000-04:00,49,6,48,22.7891156462585,85.0746268656716,29.8469387755102,83.3333333333333,8560,21.0525,18.316,0.8085018000553863,1.2384345794392524,117745,2020-03-16 12:41:54.254000-04:00,260.0,California,No,None
PSAUKPR,153569,3,3,47,44,670,9.53,11.5715,0.7948275862068965,1.2194029850746269,9434,2020-03-16 15:44:55.808000-04:00,49,6,48,22.7891156462585,85.0746268656716,29.8469387755102,83.3333333333333,8560,21.0525,18.316,0.8085018000553863,1.2384345794392524,117745,2020-03-16 12:41:54.254000-04:00,260.0,California,No,None
PSAUKPR,154450,5,5,39,39,588,19.0305,21.602,0.8954635108481263,1.108843537414966,9434,2020-03-16 15:44:55.808000-04:00,49,6,48,22.7891156462585,85.0746268656716,29.8469387755102,83.3333333333333,8560,21.0525,18.316,0.8085018000553863,1.2384345794392524,117745,2020-03-16 12:41:54.254000-04:00,260.0,California,No,None
PSAUKPR,154758,2,1,38,33,440,29.9615,33.9395,0.6875,1.2795454545454545,9434,2020-03-16 15:44:55.808000-04:00,49,6,48,22.7891156462585,85.0746268656716,29.8469387755102,83.3333333333333,8560,21.0525,18.316,0.8085018000553863,1.2384345794392524,117745,2020-03-16 12:41:54.254000-04:00,260.0,California,No,None
PSAUKPR,358109,4,4,6,5,48,69.134,101.4175,0.6666666666666666,1.3333333333333333,9434,2020-03-16 15:44:55.808000-04:00,49,6,48,22.7891156462585,85.0746268656716,29.8469387755102,83.3333333333333,8560,21.0525,18.316,0.8085018000553863,1.2384345794392524,117745,2020-03-16 12:41:54.254000-04:00,260.0,California,No,None
PSAUKPR,348467,3,3,10,9,100,58.5095,62.835,0.9444444444444444,1.05,9434,2020-03-16 15:44:55.808000-04:00,49,6,48,22.7891156462585,85.0746268656716,29.8469387755102,83.3333333333333,8560,21.0525,18.316,0.8085018000553863,1.2384345794392524,117745,2020-03-16 12:41:54.254000-04:00,260.0,California,No,None
PSAUKPR,203608,3,3,55,46,774,10.9835,12.5725,0.7614942528735632,1.355297157622739,9434,2020-03-16 15:44:55.808000-04:00,49,6,48,22.7891156462585,85.0746268656716,29.8469387755102,83.3333333333333,8560,21.0525,18.316,0.8085018000553863,1.2384345794392524,117745,2020-03-16 12:41:54.254000-04:00,260.0,California,No,None
PSAUKPR,122482,1,1,23,22,339,24.715,30.883,0.7980132450331126,1.3864306784660767,9434,2020-03-16 15:44:55.808000-04:00,49,6,48,22.7891156462585,85.0746268656716,29.8469387755102,83.3333333333333,8560,21.0525,18.316,0.8085018000553863,1.2384345794392524,117745,2020-03-16 12:41:54.254000-04:00,260.0,California,No,None
PSAUKPR,122218,5,5,38,38,557,12.18,14.237,0.8386411889596603,1.156193895870736,9434,2020-03-16 15:44:55.808000-04:00,49,6,48,22.7891156462585,85.0746268656716,29.8469387755102,83.3333333333333,8560,21.0525,18.316,0.8085018000553863,1.2384345794392524,117745,2020-03-16 12:41:54.254000-04:00,260.0,California,No,None
PSAUKPR,127262,5,5,39,39,563,9.542,10.744,0.9246861924686193,1.1136767317939609,9434,2020-03-16 15:44:55.808000-04:00,49,6,48,22.7891156462585,85.0746268656716,29.8469387755102,83.3333333333333,8560,21.0525,18.316,0.8085018000553863,1.2384345794392524,117745,2020-03-16 12:41:54.254000-04:00,260.0,California,No,None
PSAUKPR,127429,4,4,59,57,887,18.103,19.586,0.9116465863453815,1.1082299887260427,9434,2020-03-16 15:44:55.808000-04:00,49,6,48,22.7891156462585,85.0746268656716,29.8469387755102,83.3333333333333,8560,21.0525,18.316,0.8085018000553863,1.2384345794392524,117745,2020-03-16 12:41:54.254000-04:00,260.0,California,No,None
PSAUKPR,127598,3,3,41,41,591,21.762,23.699,0.9175050301810865,1.1184433164128595,9434,2020-03-16 15:44:55.808000-04:00,49,6,48,22.7891156462585,85.0746268656716,29.8469387755102,83.3333333333333,8560,21.0525,18.316,0.8085018000553863,1.2384345794392524,117745,2020-03-16 12:41:54.254000-04:00,260.0,California,No,None
PSAUKPR,125059,0,0,42,42,348,44.1665,47.841,0.8148148148148148,1.2729885057471264,9913,2020-03-17 15:42:06.783000-04:00,23,0,62,0.0,0.0,58.9761570827489,93.2223543400713,6603,46.187,38.89,0.7816031073446328,1.2713917916098743,122152,2020-03-17 15:39:55.690000-04:00,233.0,California,No,None
PSAUKPR,131500,0,0,40,39,311,59.753,83.729,0.7564575645756457,1.3987138263665595,9913,2020-03-17 15:42:06.783000-04:00,23,0,62,0.0,0.0,58.9761570827489,93.2223543400713,6603,46.187,38.89,0.7816031073446328,1.2713917916098743,122152,2020-03-17 15:39:55.690000-04:00,233.0,California,No,None
PSAUKPR,132343,0,0,41,41,336,21.6925,23.795,0.9024390243902439,1.1220238095238095,9913,2020-03-17 15:42:06.783000-04:00,23,0,62,0.0,0.0,58.9761570827489,93.2223543400713,6603,46.187,38.89,0.7816031073446328,1.2713917916098743,122152,2020-03-17 15:39:55.690000-04:00,233.0,California,No,None
PSAUKPR,132676,0,0,42,40,328,89.25,98.4835,0.8428571428571429,1.1951219512195121,9913,2020-03-17 15:42:06.783000-04:00,23,0,62,0.0,0.0,58.9761570827489,93.2223543400713,6603,46.187,38.89,0.7816031073446328,1.2713917916098743,122152,2020-03-17 15:39:55.690000-04:00,233.0,California,No,None
PSAUKPR,132773,0,0,31,29,258,35.043,44.015,0.7783018867924528,1.2713178294573644,9913,2020-03-17 15:42:06.783000-04:00,23,0,62,0.0,0.0,58.9761570827489,93.2223543400713,6603,46.187,38.89,0.7816031073446328,1.2713917916098743,122152,2020-03-17 15:39:55.690000-04:00,233.0,California,No,None
PSAUKPR,133018,0,0,41,41,340,49.792,54.517,0.8517241379310345,1.1823529411764706,9913,2020-03-17 15:42:06.783000-04:00,23,0,62,0.0,0.0,58.9761570827489,93.2223543400713,6603,46.187,38.89,0.7816031073446328,1.2713917916098743,122152,2020-03-17 15:39:55.690000-04:00,233.0,California,No,None
PSAUKPR,129430,0,0,42,42,348,54.6165,62.5245,0.8451178451178452,1.1724137931034484,9913,2020-03-17 15:42:06.783000-04:00,23,0,62,0.0,0.0,58.9761570827489,93.2223543400713,6603,46.187,38.89,0.7816031073446328,1.2713917916098743,122152,2020-03-17 15:39:55.690000-04:00,233.0,California,No,None
PSAUKPR,133226,0,0,42,42,339,42.683,56.298,0.7542662116040956,1.3008849557522124,9913,2020-03-17 15:42:06.783000-04:00,23,0,62,0.0,0.0,58.9761570827489,93.2223543400713,6603,46.187,38.89,0.7816031073446328,1.2713917916098743,122152,2020-03-17 15:39:55.690000-04:00,233.0,California,No,None
PSAUKPR,133424,0,0,39,37,301,27.128,31.313,0.5938697318007663,1.3255813953488371,9913,2020-03-17 15:42:06.783000-04:00,23,0,62,0.0,0.0,58.9761570827489,93.2223543400713,6603,46.187,38.89,0.7816031073446328,1.2713917916098743,122152,2020-03-17 15:39:55.690000-04:00,233.0,California,No,None
PSAUKPR,133428,0,0,38,36,319,56.166,61.203,0.7977941176470589,1.19435736677116,9913,2020-03-17 15:42:06.783000-04:00,23,0,62,0.0,0.0,58.9761570827489,93.2223543400713,6603,46.187,38.89,0.7816031073446328,1.2713917916098743,122152,2020-03-17 15:39:55.690000-04:00,233.0,California,No,None
PSAUKPR,133474,0,0,41,41,342,28.996,32.9125,0.825938566552901,1.301169590643275,9913,2020-03-17 15:42:06.783000-04:00,23,0,62,0.0,0.0,58.9761570827489,93.2223543400713,6603,46.187,38.89,0.7816031073446328,1.2713917916098743,122152,2020-03-17 15:39:55.690000-04:00,233.0,California,No,None
PSAUKPR,125287,0,0,39,39,324,26.5255,29.9135,0.7949640287769785,1.308641975308642,9913,2020-03-17 15:42:06.783000-04:00,23,0,62,0.0,0.0,58.9761570827489,93.2223543400713,6603,46.187,38.89,0.7816031073446328,1.2713917916098743,122152,2020-03-17 15:39:55.690000-04:00,233.0,California,No,None
PSAUKPR,133475,0,0,42,40,328,18.569,25.3695,0.8392857142857143,1.2408536585365855,9913,2020-03-17 15:42:06.783000-04:00,23,0,62,0.0,0.0,58.9761570827489,93.2223543400713,6603,46.187,38.89,0.7816031073446328,1.2713917916098743,122152,2020-03-17 15:39:55.690000-04:00,233.0,California,No,None
PSAUKPR,134532,0,0,26,11,142,27.078,36.738,0.5441176470588235,1.5070422535211268,9913,2020-03-17 15:42:06.783000-04:00,23,0,62,0.0,0.0,58.9761570827489,93.2223543400713,6603,46.187,38.89,0.7816031073446328,1.2713917916098743,122152,2020-03-17 15:39:55.690000-04:00,233.0,California,No,None
PSAUKPR,125756,0,0,28,18,170,56.9785,100.2425,0.4413793103448276,1.8588235294117648,9913,2020-03-17 15:42:06.783000-04:00,23,0,62,0.0,0.0,58.9761570827489,93.2223543400713,6603,46.187,38.89,0.7816031073446328,1.2713917916098743,122152,2020-03-17 15:39:55.690000-04:00,233.0,California,No,None
PSAUKPR,140415,0,0,27,25,221,67.424,78.038,0.8181818181818182,1.1945701357466063,9913,2020-03-17 15:42:06.783000-04:00,23,0,62,0.0,0.0,58.9761570827489,93.2223543400713,6603,46.187,38.89,0.7816031073446328,1.2713917916098743,122152,2020-03-17 15:39:55.690000-04:00,233.0,California,No,None
PSAUKPR,126021,0,0,42,42,348,20.018,22.7965,0.696969696969697,1.3045977011494252,9913,2020-03-17 15:42:06.783000-04:00,23,0,62,0.0,0.0,58.9761570827489,93.2223543400713,6603,46.187,38.89,0.7816031073446328,1.2713917916098743,122152,2020-03-17 15:39:55.690000-04:00,233.0,California,No,None
PSAUKPR,204129,0,0,32,31,262,74.2915,82.261,0.8678414096916299,1.1450381679389312,9913,2020-03-17 15:42:06.783000-04:00,23,0,62,0.0,0.0,58.9761570827489,93.2223543400713,6603,46.187,38.89,0.7816031073446328,1.2713917916098743,122152,2020-03-17 15:39:55.690000-04:00,233.0,California,No,None
PSAUKPR,126000,0,0,41,41,338,30.637,35.546,0.84375,1.2189349112426036,9913,2020-03-17 15:42:06.783000-04:00,23,0,62,0.0,0.0,58.9761570827489,93.2223543400713,6603,46.187,38.89,0.7816031073446328,1.2713917916098743,122152,2020-03-17 15:39:55.690000-04:00,233.0,California,No,None
PSAUKPR,125789,0,0,41,39,332,49.973,54.137,0.8475177304964538,1.2018072289156627,9913,2020-03-17 15:42:06.783000-04:00,23,0,62,0.0,0.0,58.9761570827489,93.2223543400713,6603,46.187,38.89,0.7816031073446328,1.2713917916098743,122152,2020-03-17 15:39:55.690000-04:00,233.0,California,No,None
PSAUKPR,131199,0,0,42,41,342,37.118,43.972,0.7422680412371134,1.3157894736842104,9913,2020-03-17 15:42:06.783000-04:00,23,0,62,0.0,0.0,58.9761570827489,93.2223543400713,6603,46.187,38.89,0.7816031073446328,1.2713917916098743,122152,2020-03-17 15:39:55.690000-04:00,233.0,California,No,None
PSAUKPR,182360,34,24,106,106,901,14.744,17.265,0.6800618238021638,1.3152053274139845,15216,2020-03-30 13:18:45.227000-04:00,44,35,116,56.038961038961,66.5121668597914,57.621473354232,91.2954777286637,21574,30.766,23.808,0.5315629942013705,1.411977380179846,169254,2020-03-30 13:17:48.430000-04:00,650.0,New York,No,None
PSAUKPR,169347,34,32,107,107,870,38.321,49.165,0.6785714285714286,1.3931034482758622,15216,2020-03-30 13:18:45.227000-04:00,44,35,116,56.038961038961,66.5121668597914,57.621473354232,91.2954777286637,21574,30.766,23.808,0.5315629942013705,1.411977380179846,169254,2020-03-30 13:17:48.430000-04:00,650.0,New York,No,None
PSAUKPR,170116,34,32,106,105,837,25.298,28.543,0.8194207836456558,1.2078853046594982,15216,2020-03-30 13:18:45.227000-04:00,44,35,116,56.038961038961,66.5121668597914,57.621473354232,91.2954777286637,21574,30.766,23.808,0.5315629942013705,1.411977380179846,169254,2020-03-30 13:17:48.430000-04:00,650.0,New York,No,None
PSAUKPR,170142,26,12,106,103,788,21.578,27.429,0.6563071297989032,1.3730964467005076,15216,2020-03-30 13:18:45.227000-04:00,44,35,116,56.038961038961,66.5121668597914,57.621473354232,91.2954777286637,21574,30.766,23.808,0.5315629942013705,1.411977380179846,169254,2020-03-30 13:17:48.430000-04:00,650.0,New York,No,None
PSAUKPR,170507,26,9,102,95,699,18.647,26.519,0.23076923076923078,1.5064377682403434,15216,2020-03-30 13:18:45.227000-04:00,44,35,116,56.038961038961,66.5121668597914,57.621473354232,91.2954777286637,21574,30.766,23.808,0.5315629942013705,1.411977380179846,169254,2020-03-30 13:17:48.430000-04:00,650.0,New York,No,None
PSAUKPR,171909,32,27,104,103,881,40.232,58.36,0.49133858267716535,1.7321225879682178,15216,2020-03-30 13:18:45.227000-04:00,44,35,116,56.038961038961,66.5121668597914,57.621473354232,91.2954777286637,21574,30.766,23.808,0.5315629942013705,1.411977380179846,169254,2020-03-30 13:17:48.430000-04:00,650.0,New York,No,None
PSAUKPR,173446,32,27,99,97,796,36.54,47.2835,0.6829710144927537,1.3065326633165828,15216,2020-03-30 13:18:45.227000-04:00,44,35,116,56.038961038961,66.5121668597914,57.621473354232,91.2954777286637,21574,30.766,23.808,0.5315629942013705,1.411977380179846,169254,2020-03-30 13:17:48.430000-04:00,650.0,New York,No,None
PSAUKPR,174427,34,34,105,105,802,18.519,21.6345,0.7663043478260869,1.2344139650872819,15216,2020-03-30 13:18:45.227000-04:00,44,35,116,56.038961038961,66.5121668597914,57.621473354232,91.2954777286637,21574,30.766,23.808,0.5315629942013705,1.411977380179846,169254,2020-03-30 13:17:48.430000-04:00,650.0,New York,No,None
PSAUKPR,175496,32,28,95,95,730,15.323,16.0295,0.8599605522682445,1.1356164383561644,15216,2020-03-30 13:18:45.227000-04:00,44,35,116,56.038961038961,66.5121668597914,57.621473354232,91.2954777286637,21574,30.766,23.808,0.5315629942013705,1.411977380179846,169254,2020-03-30 13:17:48.430000-04:00,650.0,New York,No,None
PSAUKPR,175954,32,22,106,106,892,15.363,21.534,0.39184952978056425,1.5190582959641257,15216,2020-03-30 13:18:45.227000-04:00,44,35,116,56.038961038961,66.5121668597914,57.621473354232,91.2954777286637,21574,30.766,23.808,0.5315629942013705,1.411977380179846,169254,2020-03-30 13:17:48.430000-04:00,650.0,New York,No,None
PSAUKPR,175971,32,14,108,106,857,29.786,35.731,0.6823529411764706,1.2753792298716453,15216,2020-03-30 13:18:45.227000-04:00,44,35,116,56.038961038961,66.5121668597914,57.621473354232,91.2954777286637,21574,30.766,23.808,0.5315629942013705,1.411977380179846,169254,2020-03-30 13:17:48.430000-04:00,650.0,New York,No,None
PSAUKPR,176041,32,32,104,104,791,45.602,52.21,0.7819548872180451,1.1441213653603035,15216,2020-03-30 13:18:45.227000-04:00,44,35,116,56.038961038961,66.5121668597914,57.621473354232,91.2954777286637,21574,30.766,23.808,0.5315629942013705,1.411977380179846,169254,2020-03-30 13:17:48.430000-04:00,650.0,New York,No,None
PSAUKPR,177972,23,14,99,98,815,14.941,21.94,0.31239092495637,1.6012269938650308,15216,2020-03-30 13:18:45.227000-04:00,44,35,116,56.038961038961,66.5121668597914,57.621473354232,91.2954777286637,21574,30.766,23.808,0.5315629942013705,1.411977380179846,169254,2020-03-30 13:17:48.430000-04:00,650.0,New York,No,None
PSAUKPR,183343,29,8,105,101,753,7.353,11.846,0.2082514734774067,1.3784860557768923,15216,2020-03-30 13:18:45.227000-04:00,44,35,116,56.038961038961,66.5121668597914,57.621473354232,91.2954777286637,21574,30.766,23.808,0.5315629942013705,1.411977380179846,169254,2020-03-30 13:17:48.430000-04:00,650.0,New York,No,None
PSAUKPR,192331,31,27,102,95,736,21.5965,26.5035,0.5864077669902913,1.315217391304348,15216,2020-03-30 13:18:45.227000-04:00,44,35,116,56.038961038961,66.5121668597914,57.621473354232,91.2954777286637,21574,30.766,23.808,0.5315629942013705,1.411977380179846,169254,2020-03-30 13:17:48.430000-04:00,650.0,New York,No,None
PSAUKPR,200433,29,26,81,74,635,51.882,60.841,0.5720720720720721,1.3196850393700787,15216,2020-03-30 13:18:45.227000-04:00,44,35,116,56.038961038961,66.5121668597914,57.621473354232,91.2954777286637,21574,30.766,23.808,0.5315629942013705,1.411977380179846,169254,2020-03-30 13:17:48.430000-04:00,650.0,New York,No,None
PSAUKPR,201993,31,27,101,101,817,29.845,37.901,0.41207815275310833,1.3708690330477356,15216,2020-03-30 13:18:45.227000-04:00,44,35,116,56.038961038961,66.5121668597914,57.621473354232,91.2954777286637,21574,30.766,23.808,0.5315629942013705,1.411977380179846,169254,2020-03-30 13:17:48.430000-04:00,650.0,New York,No,None
PSAUKPR,202763,34,33,103,98,801,31.325,40.753,0.6053097345132743,1.5193508114856429,15216,2020-03-30 13:18:45.227000-04:00,44,35,116,56.038961038961,66.5121668597914,57.621473354232,91.2954777286637,21574,30.766,23.808,0.5315629942013705,1.411977380179846,169254,2020-03-30 13:17:48.430000-04:00,650.0,New York,No,None
PSAUKPR,219680,16,9,52,25,285,30.292,43.016,0.37681159420289856,1.6771929824561405,15216,2020-03-30 13:18:45.227000-04:00,44,35,116,56.038961038961,66.5121668597914,57.621473354232,91.2954777286637,21574,30.766,23.808,0.5315629942013705,1.411977380179846,169254,2020-03-30 13:17:48.430000-04:00,650.0,New York,No,None
PSAUKPR,233941,25,15,80,74,605,45.577,60.652,0.48635235732009924,1.6330578512396694,15216,2020-03-30 13:18:45.227000-04:00,44,35,116,56.038961038961,66.5121668597914,57.621473354232,91.2954777286637,21574,30.766,23.808,0.5315629942013705,1.411977380179846,169254,2020-03-30 13:17:48.430000-04:00,650.0,New York,No,None
PSAUKPR,296462,30,15,78,75,733,22.79,32.714,0.5414364640883977,1.465211459754434,15216,2020-03-30 13:18:45.227000-04:00,44,35,116,56.038961038961,66.5121668597914,57.621473354232,91.2954777286637,21574,30.766,23.808,0.5315629942013705,1.411977380179846,169254,2020-03-30 13:17:48.430000-04:00,650.0,New York,No,None
PSAUKPR,185950,3,3,9,9,82,33.1255,36.6645,0.7037037037037037,1.1585365853658538,15512,2020-03-30 18:00:35.683000-04:00,23,4,9,61.9565217391304,94.7368421052632,82.6086956521739,86.5497076023392,1260,69.807,59.471,0.8341523341523341,1.1412698412698412,173960,2020-03-30 17:57:15.882000-04:00,314.0,California,Yes,None
PSAUKPR,189792,3,3,8,5,52,36.062,36.068,0.967741935483871,1.0192307692307692,15512,2020-03-30 18:00:35.683000-04:00,23,4,9,61.9565217391304,94.7368421052632,82.6086956521739,86.5497076023392,1260,69.807,59.471,0.8341523341523341,1.1412698412698412,173960,2020-03-30 17:57:15.882000-04:00,314.0,California,Yes,None
PSAUKPR,190967,4,4,9,7,73,101.237,117.916,0.7115384615384616,1.273972602739726,15512,2020-03-30 18:00:35.683000-04:00,23,4,9,61.9565217391304,94.7368421052632,82.6086956521739,86.5497076023392,1260,69.807,59.471,0.8341523341523341,1.1412698412698412,173960,2020-03-30 17:57:15.882000-04:00,314.0,California,Yes,None
PSAUKPR,191851,4,4,9,9,74,37.518,44.869,0.782608695652174,1.135135135135135,15512,2020-03-30 18:00:35.683000-04:00,23,4,9,61.9565217391304,94.7368421052632,82.6086956521739,86.5497076023392,1260,69.807,59.471,0.8341523341523341,1.1412698412698412,173960,2020-03-30 17:57:15.882000-04:00,314.0,California,Yes,None
PSAUKPR,182352,4,4,8,4,55,25.048,28.176,0.8958333333333334,1.0727272727272728,15512,2020-03-30 18:00:35.683000-04:00,23,4,9,61.9565217391304,94.7368421052632,82.6086956521739,86.5497076023392,1260,69.807,59.471,0.8341523341523341,1.1412698412698412,173960,2020-03-30 17:57:15.882000-04:00,314.0,California,Yes,None
PSAUKPR,182113,4,4,9,8,85,105.061,114.444,0.9016393442622951,1.1058823529411765,15512,2020-03-30 18:00:35.683000-04:00,23,4,9,61.9565217391304,94.7368421052632,82.6086956521739,86.5497076023392,1260,69.807,59.471,0.8341523341523341,1.1412698412698412,173960,2020-03-30 17:57:15.882000-04:00,314.0,California,Yes,None
PSAUKPR,197402,3,3,7,7,59,50.735,58.206,0.8636363636363636,1.1186440677966103,15512,2020-03-30 18:00:35.683000-04:00,23,4,9,61.9565217391304,94.7368421052632,82.6086956521739,86.5497076023392,1260,69.807,59.471,0.8341523341523341,1.1412698412698412,173960,2020-03-30 17:57:15.882000-04:00,314.0,California,Yes,None
PSAUKPR,198948,4,4,9,9,85,19.966,23.434,0.8771929824561403,1.1058823529411765,15512,2020-03-30 18:00:35.683000-04:00,23,4,9,61.9565217391304,94.7368421052632,82.6086956521739,86.5497076023392,1260,69.807,59.471,0.8341523341523341,1.1412698412698412,173960,2020-03-30 17:57:15.882000-04:00,314.0,California,Yes,None
PSAUKPR,284521,1,1,2,2,9,62.758,62.771,0.7777777777777778,1.222222222222222,15512,2020-03-30 18:00:35.683000-04:00,23,4,9,61.9565217391304,94.7368421052632,82.6086956521739,86.5497076023392,1260,69.807,59.471,0.8341523341523341,1.1412698412698412,173960,2020-03-30 17:57:15.882000-04:00,314.0,California,Yes,None
PSAUKPR,181548,4,4,9,9,80,49.84,62.474,0.8269230769230769,1.1875,15512,2020-03-30 18:00:35.683000-04:00,23,4,9,61.9565217391304,94.7368421052632,82.6086956521739,86.5497076023392,1260,69.807,59.471,0.8341523341523341,1.1412698412698412,173960,2020-03-30 17:57:15.882000-04:00,314.0,California,Yes,None
PSAUKPR,180810,4,4,9,9,84,96.2215,101.1965,0.8571428571428571,1.1666666666666667,15512,2020-03-30 18:00:35.683000-04:00,23,4,9,61.9565217391304,94.7368421052632,82.6086956521739,86.5497076023392,1260,69.807,59.471,0.8341523341523341,1.1412698412698412,173960,2020-03-30 17:57:15.882000-04:00,314.0,California,Yes,None
PSAUKPR,233425,7,7,7,2,67,24.794,26.402,0.9482758620689655,1.0746268656716418,15512,2020-03-30 18:00:35.683000-04:00,23,4,9,61.9565217391304,94.7368421052632,82.6086956521739,86.5497076023392,1260,69.807,59.471,0.8341523341523341,1.1412698412698412,173960,2020-03-30 17:57:15.882000-04:00,314.0,California,Yes,None
PSAUKPR,320475,3,3,3,2,26,36.2965,36.305,0.875,1.2692307692307692,15512,2020-03-30 18:00:35.683000-04:00,23,4,9,61.9565217391304,94.7368421052632,82.6086956521739,86.5497076023392,1260,69.807,59.471,0.8341523341523341,1.1412698412698412,173960,2020-03-30 17:57:15.882000-04:00,314.0,California,Yes,None
PSAUKPR,255809,6,5,7,5,44,19.7565,20.787,0.8620689655172413,1.0681818181818181,15512,2020-03-30 18:00:35.683000-04:00,23,4,9,61.9565217391304,94.7368421052632,82.6086956521739,86.5497076023392,1260,69.807,59.471,0.8341523341523341,1.1412698412698412,173960,2020-03-30 17:57:15.882000-04:00,314.0,California,Yes,None
PSAUKPR,261226,4,4,8,8,73,74.818,74.887,0.9361702127659575,1.0410958904109588,15512,2020-03-30 18:00:35.683000-04:00,23,4,9,61.9565217391304,94.7368421052632,82.6086956521739,86.5497076023392,1260,69.807,59.471,0.8341523341523341,1.1412698412698412,173960,2020-03-30 17:57:15.882000-04:00,314.0,California,Yes,None
PSAUKPR,182376,4,4,9,9,81,45.422,45.62,0.8301886792452831,1.123456790123457,15512,2020-03-30 18:00:35.683000-04:00,23,4,9,61.9565217391304,94.7368421052632,82.6086956521739,86.5497076023392,1260,69.807,59.471,0.8341523341523341,1.1412698412698412,173960,2020-03-30 17:57:15.882000-04:00,314.0,California,Yes,None
PSAUKPR,182512,4,4,9,9,80,90.4755,121.252,0.8653846153846154,1.175,15512,2020-03-30 18:00:35.683000-04:00,23,4,9,61.9565217391304,94.7368421052632,82.6086956521739,86.5497076023392,1260,69.807,59.471,0.8341523341523341,1.1412698412698412,173960,2020-03-30 17:57:15.882000-04:00,314.0,California,Yes,None
PSAUKPR,182997,1,1,9,9,66,119.4615,127.232,0.7631578947368421,1.1363636363636365,15512,2020-03-30 18:00:35.683000-04:00,23,4,9,61.9565217391304,94.7368421052632,82.6086956521739,86.5497076023392,1260,69.807,59.471,0.8341523341523341,1.1412698412698412,173960,2020-03-30 17:57:15.882000-04:00,314.0,California,Yes,None
PSAUKPR,276935,1,1,4,2,17,9.815,9.816,1.0,1.0,15512,2020-03-30 18:00:35.683000-04:00,23,4,9,61.9565217391304,94.7368421052632,82.6086956521739,86.5497076023392,1260,69.807,59.471,0.8341523341523341,1.1412698412698412,173960,2020-03-30 17:57:15.882000-04:00,314.0,California,Yes,None
PSAUKPR,185448,4,3,9,9,83,53.202,85.418,0.7636363636363637,1.313253012048193,15512,2020-03-30 18:00:35.683000-04:00,23,4,9,61.9565217391304,94.7368421052632,82.6086956521739,86.5497076023392,1260,69.807,59.471,0.8341523341523341,1.1412698412698412,173960,2020-03-30 17:57:15.882000-04:00,314.0,California,Yes,None
PSAUKPR,185986,0,0,8,8,57,110.004,112.199,0.8709677419354839,1.0701754385964912,15512,2020-03-30 18:00:35.683000-04:00,23,4,9,61.9565217391304,94.7368421052632,82.6086956521739,86.5497076023392,1260,69.807,59.471,0.8341523341523341,1.1412698412698412,173960,2020-03-30 17:57:15.882000-04:00,314.0,California,Yes,None
PSAUKPR,354969,1,0,1,1,21,103.504,109.203,0.2,1.7142857142857142,16098,2020-03-31 14:07:31.826000-04:00,14,9,44,26.1904761904762,66.6666666666667,35.0649350649351,87.962962962963,1896,36.349,31.838,0.7576763485477178,1.1909282700421941,182170,2020-03-31 14:05:52.419000-04:00,1295.0,North Carolina,Yes,None
PSAUKPR,384127,0,0,0,0,0,,,,,16098,2020-03-31 14:07:31.826000-04:00,14,9,44,26.1904761904762,66.6666666666667,35.0649350649351,87.962962962963,1896,36.349,31.838,0.7576763485477178,1.1909282700421941,182170,2020-03-31 14:05:52.419000-04:00,1295.0,North Carolina,Yes,None
PSAUKPR,224584,6,3,19,12,163,28.58,34.384,0.6486486486486487,1.3190184049079754,16098,2020-03-31 14:07:31.826000-04:00,14,9,44,26.1904761904762,66.6666666666667,35.0649350649351,87.962962962963,1896,36.349,31.838,0.7576763485477178,1.1909282700421941,182170,2020-03-31 14:05:52.419000-04:00,1295.0,North Carolina,Yes,None
PSAUKPR,183062,6,6,40,39,428,82.5705,98.323,0.6736111111111112,1.2850467289719627,16098,2020-03-31 14:07:31.826000-04:00,14,9,44,26.1904761904762,66.6666666666667,35.0649350649351,87.962962962963,1896,36.349,31.838,0.7576763485477178,1.1909282700421941,182170,2020-03-31 14:05:52.419000-04:00,1295.0,North Carolina,Yes,None
PSAUKPR,244268,7,4,19,16,190,43.129,52.1305,0.4576271186440678,1.3421052631578947,16098,2020-03-31 14:07:31.826000-04:00,14,9,44,26.1904761904762,66.6666666666667,35.0649350649351,87.962962962963,1896,36.349,31.838,0.7576763485477178,1.1909282700421941,182170,2020-03-31 14:05:52.419000-04:00,1295.0,North Carolina,Yes,None
PSAUKPR,184443,7,7,40,40,410,21.277,24.104,0.8901515151515151,1.1170731707317072,16098,2020-03-31 14:07:31.826000-04:00,14,9,44,26.1904761904762,66.6666666666667,35.0649350649351,87.962962962963,1896,36.349,31.838,0.7576763485477178,1.1909282700421941,182170,2020-03-31 14:05:52.419000-04:00,1295.0,North Carolina,Yes,None
PSAUKPR,214724,2,2,21,21,269,11.213,13.861,0.6900826446280992,1.4237918215613383,16994,2020-04-01 20:44:39.757000-04:00,29,2,32,32.7586206896552,68.4210526315789,40.5172413793103,93.3510638297872,4266,21.7365,18.696,0.8174025974025974,1.284341303328645,193566,2020-04-01 20:42:45.846000-04:00,112.0,Arizona,Yes,Suburb: Large
PSAUKPR,245003,2,1,9,3,66,30.674,46.959,0.6451612903225806,1.3636363636363635,16994,2020-04-01 20:44:39.757000-04:00,29,2,32,32.7586206896552,68.4210526315789,40.5172413793103,93.3510638297872,4266,21.7365,18.696,0.8174025974025974,1.284341303328645,193566,2020-04-01 20:42:45.846000-04:00,112.0,Arizona,Yes,Suburb: Large
PSAUKPR,247444,3,1,16,15,177,16.522,20.1,0.7575757575757576,1.4011299435028248,16994,2020-04-01 20:44:39.757000-04:00,29,2,32,32.7586206896552,68.4210526315789,40.5172413793103,93.3510638297872,4266,21.7365,18.696,0.8174025974025974,1.284341303328645,193566,2020-04-01 20:42:45.846000-04:00,112.0,Arizona,Yes,Suburb: Large
PSAUKPR,211478,3,3,15,15,182,18.4825,20.6165,0.910828025477707,1.0824175824175823,16994,2020-04-01 20:44:39.757000-04:00,29,2,32,32.7586206896552,68.4210526315789,40.5172413793103,93.3510638297872,4266,21.7365,18.696,0.8174025974025974,1.284341303328645,193566,2020-04-01 20:42:45.846000-04:00,112.0,Arizona,Yes,Suburb: Large
PSAUKPR,216601,4,4,20,19,243,21.799,29.137,0.6572769953051644,1.411522633744856,16994,2020-04-01 20:44:39.757000-04:00,29,2,32,32.7586206896552,68.4210526315789,40.5172413793103,93.3510638297872,4266,21.7365,18.696,0.8174025974025974,1.284341303328645,193566,2020-04-01 20:42:45.846000-04:00,112.0,Arizona,Yes,Suburb: Large
PSAUKPR,221189,2,2,17,17,200,22.9655,26.0365,0.8554913294797688,1.17,16994,2020-04-01 20:44:39.757000-04:00,29,2,32,32.7586206896552,68.4210526315789,40.5172413793103,93.3510638297872,4266,21.7365,18.696,0.8174025974025974,1.284341303328645,193566,2020-04-01 20:42:45.846000-04:00,112.0,Arizona,Yes,Suburb: Large
PSAUKPR,316769,4,3,7,6,95,18.39,35.659,0.5930232558139535,1.9578947368421054,16994,2020-04-01 20:44:39.757000-04:00,29,2,32,32.7586206896552,68.4210526315789,40.5172413793103,93.3510638297872,4266,21.7365,18.696,0.8174025974025974,1.284341303328645,193566,2020-04-01 20:42:45.846000-04:00,112.0,Arizona,Yes,Suburb: Large
PSAUKPR,233237,2,2,18,18,217,34.794,37.564,0.8624338624338624,1.2350230414746544,16994,2020-04-01 20:44:39.757000-04:00,29,2,32,32.7586206896552,68.4210526315789,40.5172413793103,93.3510638297872,4266,21.7365,18.696,0.8174025974025974,1.284341303328645,193566,2020-04-01 20:42:45.846000-04:00,112.0,Arizona,Yes,Suburb: Large
PSAUKPR,241501,2,2,15,15,178,22.255,24.1395,0.934640522875817,1.101123595505618,16994,2020-04-01 20:44:39.757000-04:00,29,2,32,32.7586206896552,68.4210526315789,40.5172413793103,93.3510638297872,4266,21.7365,18.696,0.8174025974025974,1.284341303328645,193566,2020-04-01 20:42:45.846000-04:00,112.0,Arizona,Yes,Suburb: Large
PSAUKPR,254274,12,12,4,4,66,49.4875,50.6055,0.9464285714285714,1.0454545454545454,19741,2020-04-07 11:11:16.707000-04:00,8,12,4,62.5,91.6666666666667,43.75,92.8571428571429,373,50.887,33.003,0.7020648967551623,1.3914209115281502,150068,2020-03-25 17:19:48.210000-04:00,2287.0,Vermont,Yes,None
PSAUKPR,273386,11,11,4,4,105,71.326,108.933,0.5913978494623656,1.3904761904761904,19741,2020-04-07 11:11:16.707000-04:00,8,12,4,62.5,91.6666666666667,43.75,92.8571428571429,373,50.887,33.003,0.7020648967551623,1.3914209115281502,150068,2020-03-25 17:19:48.210000-04:00,2287.0,Vermont,Yes,None
PSAUKPR,238650,10,10,4,4,62,47.3885,49.5595,0.8846153846153846,1.1774193548387097,19741,2020-04-07 11:11:16.707000-04:00,8,12,4,62.5,91.6666666666667,43.75,92.8571428571429,373,50.887,33.003,0.7020648967551623,1.3914209115281502,150068,2020-03-25 17:19:48.210000-04:00,2287.0,Vermont,Yes,None
PSAUKPR,278209,11,9,2,2,105,16.222,36.169,0.44329896907216493,2.0285714285714285,19741,2020-04-07 11:11:16.707000-04:00,8,12,4,62.5,91.6666666666667,43.75,92.8571428571429,373,50.887,33.003,0.7020648967551623,1.3914209115281502,150068,2020-03-25 17:19:48.210000-04:00,2287.0,Vermont,Yes,None
PSAUKPR,254157,11,11,2,2,57,44.099,61.587,0.8461538461538461,1.1228070175438596,19741,2020-04-07 11:11:16.707000-04:00,8,12,4,62.5,91.6666666666667,43.75,92.8571428571429,373,50.887,33.003,0.7020648967551623,1.3914209115281502,150068,2020-03-25 17:19:48.210000-04:00,2287.0,Vermont,Yes,None
PSAUKPR,362836,3,3,1,1,29,43.615,51.619,0.9642857142857143,1.0,19741,2020-04-07 11:11:16.707000-04:00,8,12,4,62.5,91.6666666666667,43.75,92.8571428571429,373,50.887,33.003,0.7020648967551623,1.3914209115281502,150068,2020-03-25 17:19:48.210000-04:00,2287.0,Vermont,Yes,None
PSAUKPR,350972,2,2,0,0,6,24.3735,24.381,1.0,1.0,25831,2020-04-27 13:51:46.357000-04:00,2,4,0,50.0,100.0,0.0,0.0,12,18.774,18.7695,1.0,1.0,305992,2020-04-20 14:15:44.028000-04:00,1728.0,New York,Yes,None
PSAUKPR,340570,3,2,0,0,7,9.322,9.326,0.8571428571428571,1.4285714285714286,25831,2020-04-27 13:51:46.357000-04:00,2,4,0,50.0,100.0,0.0,0.0,12,18.774,18.7695,1.0,1.0,305992,2020-04-20 14:15:44.028000-04:00,1728.0,New York,Yes,None
PSAUKPR,352534,4,2,0,0,8,9.0405,9.0475,1.0,1.0,26432,2020-04-30 21:57:11.516000-04:00,13,6,1,67.948717948718,88.6792452830189,61.5384615384615,75.0,409,41.529,33.55,0.7457212713936431,1.2860635696821516,351523,2020-04-30 21:50:41.774000-04:00,1199.0,Michigan,No,None
PSAUKPR,352080,7,7,1,1,86,43.183,67.15,0.6162790697674418,1.4883720930232558,26432,2020-04-30 21:57:11.516000-04:00,13,6,1,67.948717948718,88.6792452830189,61.5384615384615,75.0,409,41.529,33.55,0.7457212713936431,1.2860635696821516,351523,2020-04-30 21:50:41.774000-04:00,1199.0,Michigan,No,None
PSAUKPR,354216,6,6,1,1,48,49.3575,49.3745,0.875,1.0625,26432,2020-04-30 21:57:11.516000-04:00,13,6,1,67.948717948718,88.6792452830189,61.5384615384615,75.0,409,41.529,33.55,0.7457212713936431,1.2860635696821516,351523,2020-04-30 21:50:41.774000-04:00,1199.0,Michigan,No,None
PSAUKPR,365922,6,5,1,1,63,51.33,84.736,0.6507936507936508,1.507936507936508,26432,2020-04-30 21:57:11.516000-04:00,13,6,1,67.948717948718,88.6792452830189,61.5384615384615,75.0,409,41.529,33.55,0.7457212713936431,1.2860635696821516,351523,2020-04-30 21:50:41.774000-04:00,1199.0,Michigan,No,None
PSAUKPR,352965,7,7,1,1,63,22.084,24.366,0.7777777777777778,1.3174603174603174,26432,2020-04-30 21:57:11.516000-04:00,13,6,1,67.948717948718,88.6792452830189,61.5384615384615,75.0,409,41.529,33.55,0.7457212713936431,1.2860635696821516,351523,2020-04-30 21:50:41.774000-04:00,1199.0,Michigan,No,None
PSAUKPR,353417,7,7,1,1,50,25.351,27.332,0.88,1.14,26432,2020-04-30 21:57:11.516000-04:00,13,6,1,67.948717948718,88.6792452830189,61.5384615384615,75.0,409,41.529,33.55,0.7457212713936431,1.2860635696821516,351523,2020-04-30 21:50:41.774000-04:00,1199.0,Michigan,No,None
PSAUKPR,355720,3,3,0,0,9,9.017,9.025,1.0,1.0,26432,2020-04-30 21:57:11.516000-04:00,13,6,1,67.948717948718,88.6792452830189,61.5384615384615,75.0,409,41.529,33.55,0.7457212713936431,1.2860635696821516,351523,2020-04-30 21:50:41.774000-04:00,1199.0,Michigan,No,None
PSAUKPR,359789,0,0,0,0,0,,,,,26824,2020-05-04 20:24:23.220000-04:00,12,0,0,0.0,0.0,0.0,0.0,0,,,,,277464,2020-04-15 07:24:06.332000-04:00,1698.0,New York,Yes,None
PSAUKPR,359592,0,0,0,0,0,,,,,26824,2020-05-04 20:24:23.220000-04:00,12,0,0,0.0,0.0,0.0,0.0,0,,,,,277464,2020-04-15 07:24:06.332000-04:00,1698.0,New York,Yes,None
PSAUKPR,360371,0,0,0,0,0,,,,,26824,2020-05-04 20:24:23.220000-04:00,12,0,0,0.0,0.0,0.0,0.0,0,,,,,277464,2020-04-15 07:24:06.332000-04:00,1698.0,New York,Yes,None
PSAUKPR,362017,0,0,0,0,0,,,,,26824,2020-05-04 20:24:23.220000-04:00,12,0,0,0.0,0.0,0.0,0.0,0,,,,,277464,2020-04-15 07:24:06.332000-04:00,1698.0,New York,Yes,None
PSAUKPR,367863,0,0,0,0,0,,,,,26824,2020-05-04 20:24:23.220000-04:00,12,0,0,0.0,0.0,0.0,0.0,0,,,,,277464,2020-04-15 07:24:06.332000-04:00,1698.0,New York,Yes,None
PSAUKPR,370587,0,0,0,0,0,,,,,26824,2020-05-04 20:24:23.220000-04:00,12,0,0,0.0,0.0,0.0,0.0,0,,,,,277464,2020-04-15 07:24:06.332000-04:00,1698.0,New York,Yes,None
PSAUKPR,383608,0,0,0,0,0,,,,,26824,2020-05-04 20:24:23.220000-04:00,12,0,0,0.0,0.0,0.0,0.0,0,,,,,277464,2020-04-15 07:24:06.332000-04:00,1698.0,New York,Yes,None
PSAUKPR,361378,0,0,0,0,0,,,,,26826,2020-05-04 20:24:23.222000-04:00,23,0,0,0.0,0.0,0.0,0.0,0,,,,,277464,2020-04-15 07:24:06.332000-04:00,1698.0,New York,Yes,None
PSAUKPR,360784,0,0,0,0,0,,,,,26826,2020-05-04 20:24:23.222000-04:00,23,0,0,0.0,0.0,0.0,0.0,0,,,,,277464,2020-04-15 07:24:06.332000-04:00,1698.0,New York,Yes,None
PSAUKPR,361110,0,0,0,0,0,,,,,26826,2020-05-04 20:24:23.222000-04:00,23,0,0,0.0,0.0,0.0,0.0,0,,,,,277464,2020-04-15 07:24:06.332000-04:00,1698.0,New York,Yes,None
PSAUKPR,376338,0,0,0,0,0,,,,,26826,2020-05-04 20:24:23.222000-04:00,23,0,0,0.0,0.0,0.0,0.0,0,,,,,277464,2020-04-15 07:24:06.332000-04:00,1698.0,New York,Yes,None
PSAUKPR,374831,0,0,0,0,0,,,,,26826,2020-05-04 20:24:23.222000-04:00,23,0,0,0.0,0.0,0.0,0.0,0,,,,,277464,2020-04-15 07:24:06.332000-04:00,1698.0,New York,Yes,None
PSAUKPR,374770,0,0,0,0,0,,,,,26826,2020-05-04 20:24:23.222000-04:00,23,0,0,0.0,0.0,0.0,0.0,0,,,,,277464,2020-04-15 07:24:06.332000-04:00,1698.0,New York,Yes,None
PSAUKPR,360325,0,0,0,0,0,,,,,26826,2020-05-04 20:24:23.222000-04:00,23,0,0,0.0,0.0,0.0,0.0,0,,,,,277464,2020-04-15 07:24:06.332000-04:00,1698.0,New York,Yes,None
PSAUKPR,370647,0,0,0,0,0,,,,,26826,2020-05-04 20:24:23.222000-04:00,23,0,0,0.0,0.0,0.0,0.0,0,,,,,277464,2020-04-15 07:24:06.332000-04:00,1698.0,New York,Yes,None
PSAUKPR,359981,0,0,0,0,0,,,,,26826,2020-05-04 20:24:23.222000-04:00,23,0,0,0.0,0.0,0.0,0.0,0,,,,,277464,2020-04-15 07:24:06.332000-04:00,1698.0,New York,Yes,None
PSAUKPR,369993,0,0,0,0,0,,,,,26826,2020-05-04 20:24:23.222000-04:00,23,0,0,0.0,0.0,0.0,0.0,0,,,,,277464,2020-04-15 07:24:06.332000-04:00,1698.0,New York,Yes,None
PSAUKPR,369297,0,0,0,0,0,,,,,26826,2020-05-04 20:24:23.222000-04:00,23,0,0,0.0,0.0,0.0,0.0,0,,,,,277464,2020-04-15 07:24:06.332000-04:00,1698.0,New York,Yes,None
PSAUKPR,368579,0,0,0,0,0,,,,,26826,2020-05-04 20:24:23.222000-04:00,23,0,0,0.0,0.0,0.0,0.0,0,,,,,277464,2020-04-15 07:24:06.332000-04:00,1698.0,New York,Yes,None
PSAUKPR,368171,0,0,0,0,0,,,,,26826,2020-05-04 20:24:23.222000-04:00,23,0,0,0.0,0.0,0.0,0.0,0,,,,,277464,2020-04-15 07:24:06.332000-04:00,1698.0,New York,Yes,None
PSAUKPR,359409,0,0,0,0,0,,,,,26826,2020-05-04 20:24:23.222000-04:00,23,0,0,0.0,0.0,0.0,0.0,0,,,,,277464,2020-04-15 07:24:06.332000-04:00,1698.0,New York,Yes,None
PSAUKPR,359354,0,0,0,0,0,,,,,26826,2020-05-04 20:24:23.222000-04:00,23,0,0,0.0,0.0,0.0,0.0,0,,,,,277464,2020-04-15 07:24:06.332000-04:00,1698.0,New York,Yes,None
PSAUKPR,364061,0,0,0,0,0,,,,,26826,2020-05-04 20:24:23.222000-04:00,23,0,0,0.0,0.0,0.0,0.0,0,,,,,277464,2020-04-15 07:24:06.332000-04:00,1698.0,New York,Yes,None
PSAUKPR,361911,0,0,0,0,0,,,,,26826,2020-05-04 20:24:23.222000-04:00,23,0,0,0.0,0.0,0.0,0.0,0,,,,,277464,2020-04-15 07:24:06.332000-04:00,1698.0,New York,Yes,None
PSAUKPR,361598,0,0,0,0,0,,,,,26826,2020-05-04 20:24:23.222000-04:00,23,0,0,0.0,0.0,0.0,0.0,0,,,,,277464,2020-04-15 07:24:06.332000-04:00,1698.0,New York,Yes,None
PSAUKPR,418659,1,0,22,12,134,24.5955,45.611,0.40594059405940597,1.5223880597014925,31927,2020-08-05 09:39:19.427000-04:00,34,2,141,0.0,0.0,9.82478097622027,60.2972399150743,2578,35.693,25.182,0.633890214797136,1.4247478665632274,404846,2020-08-05 09:38:55.382000-04:00,,,,
PSAUKPR,552603,12,12,66,64,907,9.916,10.77,0.8601398601398601,1.1223814773980154,33807,2020-08-09 16:19:52.820000-04:00,23,14,101,37.2670807453416,79.1666666666667,39.0443392165303,72.1058434399118,9878,22.95,18.657,0.698063496245554,1.313828710265236,408287,2020-08-09 16:19:24.595000-04:00,,,,
PSAUKPR,534524,9,8,48,37,544,19.065,21.9575,0.8145539906103286,1.1930147058823528,33807,2020-08-09 16:19:52.820000-04:00,23,14,101,37.2670807453416,79.1666666666667,39.0443392165303,72.1058434399118,9878,22.95,18.657,0.698063496245554,1.313828710265236,408287,2020-08-09 16:19:24.595000-04:00,,,,
PSAUKPR,760568,2,2,38,21,268,40.319,51.114,0.6318181818181818,1.3134328358208955,33807,2020-08-09 16:19:52.820000-04:00,23,14,101,37.2670807453416,79.1666666666667,39.0443392165303,72.1058434399118,9878,22.95,18.657,0.698063496245554,1.313828710265236,408287,2020-08-09 16:19:24.595000-04:00,,,,
PSAUKPR,579602,13,13,69,62,873,24.948,28.194,0.8070692194403535,1.2176403207331041,33807,2020-08-09 16:19:52.820000-04:00,23,14,101,37.2670807453416,79.1666666666667,39.0443392165303,72.1058434399118,9878,22.95,18.657,0.698063496245554,1.313828710265236,408287,2020-08-09 16:19:24.595000-04:00,,,,
PSAUKPR,767387,10,8,60,38,641,17.441,20.431,0.7975460122699386,1.2761310452418098,33807,2020-08-09 16:19:52.820000-04:00,23,14,101,37.2670807453416,79.1666666666667,39.0443392165303,72.1058434399118,9878,22.95,18.657,0.698063496245554,1.313828710265236,408287,2020-08-09 16:19:24.595000-04:00,,,,
PSAUKPR,779408,8,7,55,51,722,11.196,16.207,0.5369369369369369,1.628808864265928,33807,2020-08-09 16:19:52.820000-04:00,23,14,101,37.2670807453416,79.1666666666667,39.0443392165303,72.1058434399118,9878,22.95,18.657,0.698063496245554,1.313828710265236,408287,2020-08-09 16:19:24.595000-04:00,,,,
PSAUKPR,762648,9,7,47,24,495,24.239,31.922,0.5090439276485789,1.4363636363636365,33807,2020-08-09 16:19:52.820000-04:00,23,14,101,37.2670807453416,79.1666666666667,39.0443392165303,72.1058434399118,9878,22.95,18.657,0.698063496245554,1.313828710265236,408287,2020-08-09 16:19:24.595000-04:00,,,,
PSAUKPR,551014,10,9,64,54,774,34.3315,37.703,0.821917808219178,1.1679586563307494,33807,2020-08-09 16:19:52.820000-04:00,23,14,101,37.2670807453416,79.1666666666667,39.0443392165303,72.1058434399118,9878,22.95,18.657,0.698063496245554,1.313828710265236,408287,2020-08-09 16:19:24.595000-04:00,,,,
PSAUKPR,551409,9,8,64,60,872,14.6505,18.413,0.7085798816568047,1.4506880733944953,33807,2020-08-09 16:19:52.820000-04:00,23,14,101,37.2670807453416,79.1666666666667,39.0443392165303,72.1058434399118,9878,22.95,18.657,0.698063496245554,1.313828710265236,408287,2020-08-09 16:19:24.595000-04:00,,,,
PSAUKPR,779413,9,7,48,43,574,25.462,29.9095,0.735632183908046,1.3519163763066202,33807,2020-08-09 16:19:52.820000-04:00,23,14,101,37.2670807453416,79.1666666666667,39.0443392165303,72.1058434399118,9878,22.95,18.657,0.698063496245554,1.313828710265236,408287,2020-08-09 16:19:24.595000-04:00,,,,
PSAUKPR,421136,0,0,0,0,0,,,,,35472,2020-08-12 10:37:07.614000-04:00,26,2,8,0.0,0.0,34.1346153846154,42.2535211267606,590,60.4835,43.3545,0.6013824884792627,1.3491525423728814,403660,2020-08-03 15:56:39.011000-04:00,868.0,Louisiana,Yes,None
PSAUKPR,418284,1,1,4,1,16,23.689,27.984,0.5714285714285714,1.5625,35472,2020-08-12 10:37:07.614000-04:00,26,2,8,0.0,0.0,34.1346153846154,42.2535211267606,590,60.4835,43.3545,0.6013824884792627,1.3491525423728814,403660,2020-08-03 15:56:39.011000-04:00,868.0,Louisiana,Yes,None
PSAUKPR,418309,0,0,6,5,87,24.327,34.407,0.27692307692307694,1.2988505747126438,35472,2020-08-12 10:37:07.614000-04:00,26,2,8,0.0,0.0,34.1346153846154,42.2535211267606,590,60.4835,43.3545,0.6013824884792627,1.3491525423728814,403660,2020-08-03 15:56:39.011000-04:00,868.0,Louisiana,Yes,None
PSAUKPR,418645,0,0,8,6,111,65.088,77.859,0.7307692307692307,1.3423423423423424,35472,2020-08-12 10:37:07.614000-04:00,26,2,8,0.0,0.0,34.1346153846154,42.2535211267606,590,60.4835,43.3545,0.6013824884792627,1.3491525423728814,403660,2020-08-03 15:56:39.011000-04:00,868.0,Louisiana,Yes,None
PSAUKPR,423825,2,2,7,1,52,47.4325,69.0505,0.36585365853658536,1.6153846153846154,35472,2020-08-12 10:37:07.614000-04:00,26,2,8,0.0,0.0,34.1346153846154,42.2535211267606,590,60.4835,43.3545,0.6013824884792627,1.3491525423728814,403660,2020-08-03 15:56:39.011000-04:00,868.0,Louisiana,Yes,None
PSAUKPR,419475,2,2,8,7,133,72.938,77.187,0.8979591836734694,1.1052631578947367,35472,2020-08-12 10:37:07.614000-04:00,26,2,8,0.0,0.0,34.1346153846154,42.2535211267606,590,60.4835,43.3545,0.6013824884792627,1.3491525423728814,403660,2020-08-03 15:56:39.011000-04:00,868.0,Louisiana,Yes,None
PSAUKPR,453547,0,0,2,1,2,564.1715,48874.804,0.0,2.5,35472,2020-08-12 10:37:07.614000-04:00,26,2,8,0.0,0.0,34.1346153846154,42.2535211267606,590,60.4835,43.3545,0.6013824884792627,1.3491525423728814,403660,2020-08-03 15:56:39.011000-04:00,868.0,Louisiana,Yes,None
PSAUKPR,420154,3,3,9,1,76,82.8985,141.4955,0.5735294117647058,1.5789473684210527,35472,2020-08-12 10:37:07.614000-04:00,26,2,8,0.0,0.0,34.1346153846154,42.2535211267606,590,60.4835,43.3545,0.6013824884792627,1.3491525423728814,403660,2020-08-03 15:56:39.011000-04:00,868.0,Louisiana,Yes,None
PSAUKPR,497256,0,0,0,0,0,,,,,35472,2020-08-12 10:37:07.614000-04:00,26,2,8,0.0,0.0,34.1346153846154,42.2535211267606,590,60.4835,43.3545,0.6013824884792627,1.3491525423728814,403660,2020-08-03 15:56:39.011000-04:00,868.0,Louisiana,Yes,None
PSAUKPR,797921,0,0,0,0,0,,,,,35472,2020-08-12 10:37:07.614000-04:00,26,2,8,0.0,0.0,34.1346153846154,42.2535211267606,590,60.4835,43.3545,0.6013824884792627,1.3491525423728814,403660,2020-08-03 15:56:39.011000-04:00,868.0,Louisiana,Yes,None
PSAUKPR,524030,2,2,0,0,26,13.0405,20.4995,0.7307692307692307,1.7692307692307692,35472,2020-08-12 10:37:07.614000-04:00,26,2,8,0.0,0.0,34.1346153846154,42.2535211267606,590,60.4835,43.3545,0.6013824884792627,1.3491525423728814,403660,2020-08-03 15:56:39.011000-04:00,868.0,Louisiana,Yes,None
PSAUKPR,420578,2,2,8,6,111,38.627,46.121,0.6428571428571429,1.3693693693693694,35472,2020-08-12 10:37:07.614000-04:00,26,2,8,0.0,0.0,34.1346153846154,42.2535211267606,590,60.4835,43.3545,0.6013824884792627,1.3491525423728814,403660,2020-08-03 15:56:39.011000-04:00,868.0,Louisiana,Yes,None
PSAUKPR,441216,2,0,0,0,2,19.376,19.383,0.5,1.0,38469,2020-08-17 18:13:21.491000-04:00,28,0,0,0.0,0.0,0.0,0.0,0,,,,,413128,2020-08-11 00:03:44.428000-04:00,,,,
PSAUKPR,441061,0,0,0,0,0,,,,,38469,2020-08-17 18:13:21.491000-04:00,28,0,0,0.0,0.0,0.0,0.0,0,,,,,413128,2020-08-11 00:03:44.428000-04:00,,,,
PSAUKPR,440867,0,0,0,0,0,,,,,38469,2020-08-17 18:13:21.491000-04:00,28,0,0,0.0,0.0,0.0,0.0,0,,,,,413128,2020-08-11 00:03:44.428000-04:00,,,,
PSAUKPR,440737,0,0,0,0,0,,,,,38469,2020-08-17 18:13:21.491000-04:00,28,0,0,0.0,0.0,0.0,0.0,0,,,,,413128,2020-08-11 00:03:44.428000-04:00,,,,
PSAUKPR,440148,0,0,0,0,0,,,,,38469,2020-08-17 18:13:21.491000-04:00,28,0,0,0.0,0.0,0.0,0.0,0,,,,,413128,2020-08-11 00:03:44.428000-04:00,,,,
PSAUKPR,440673,0,0,0,0,0,,,,,38469,2020-08-17 18:13:21.491000-04:00,28,0,0,0.0,0.0,0.0,0.0,0,,,,,413128,2020-08-11 00:03:44.428000-04:00,,,,
PSAUKPR,440435,0,0,0,0,0,,,,,38469,2020-08-17 18:13:21.491000-04:00,28,0,0,0.0,0.0,0.0,0.0,0,,,,,413128,2020-08-11 00:03:44.428000-04:00,,,,
PSAUKPR,444453,0,0,0,0,0,,,,,38469,2020-08-17 18:13:21.491000-04:00,28,0,0,0.0,0.0,0.0,0.0,0,,,,,413128,2020-08-11 00:03:44.428000-04:00,,,,
PSAUKPR,443454,2,2,0,0,13,60.04,60.046,0.8461538461538461,1.1538461538461537,38469,2020-08-17 18:13:21.491000-04:00,28,0,0,0.0,0.0,0.0,0.0,0,,,,,413128,2020-08-11 00:03:44.428000-04:00,,,,
PSAUKPR,443871,0,0,0,0,0,,,,,38469,2020-08-17 18:13:21.491000-04:00,28,0,0,0.0,0.0,0.0,0.0,0,,,,,413128,2020-08-11 00:03:44.428000-04:00,,,,
PSAUKPR,442834,0,0,0,0,0,,,,,38469,2020-08-17 18:13:21.491000-04:00,28,0,0,0.0,0.0,0.0,0.0,0,,,,,413128,2020-08-11 00:03:44.428000-04:00,,,,
PSAUKPR,442768,2,2,0,0,17,25.51,25.513,0.5882352941176471,1.4117647058823528,38469,2020-08-17 18:13:21.491000-04:00,28,0,0,0.0,0.0,0.0,0.0,0,,,,,413128,2020-08-11 00:03:44.428000-04:00,,,,
PSAUKPR,442503,0,0,0,0,0,,,,,38469,2020-08-17 18:13:21.491000-04:00,28,0,0,0.0,0.0,0.0,0.0,0,,,,,413128,2020-08-11 00:03:44.428000-04:00,,,,
PSAUKPR,439999,1,1,0,0,1,19.94,19.955,1.0,1.0,38469,2020-08-17 18:13:21.491000-04:00,28,0,0,0.0,0.0,0.0,0.0,0,,,,,413128,2020-08-11 00:03:44.428000-04:00,,,,
PSAUKPR,441868,0,0,0,0,0,,,,,38469,2020-08-17 18:13:21.491000-04:00,28,0,0,0.0,0.0,0.0,0.0,0,,,,,413128,2020-08-11 00:03:44.428000-04:00,,,,
PSAUKPR,440284,0,0,0,0,0,,,,,38469,2020-08-17 18:13:21.491000-04:00,28,0,0,0.0,0.0,0.0,0.0,0,,,,,413128,2020-08-11 00:03:44.428000-04:00,,,,
PSAUKPR,441793,0,0,0,0,0,,,,,38469,2020-08-17 18:13:21.491000-04:00,28,0,0,0.0,0.0,0.0,0.0,0,,,,,413128,2020-08-11 00:03:44.428000-04:00,,,,
PSAUKPR,441641,1,1,0,0,11,25.6,25.608,0.6363636363636364,1.5454545454545454,38469,2020-08-17 18:13:21.491000-04:00,28,0,0,0.0,0.0,0.0,0.0,0,,,,,413128,2020-08-11 00:03:44.428000-04:00,,,,
PSAUKPR,441555,0,0,0,0,0,,,,,38469,2020-08-17 18:13:21.491000-04:00,28,0,0,0.0,0.0,0.0,0.0,0,,,,,413128,2020-08-11 00:03:44.428000-04:00,,,,
PSAUKPR,441466,0,0,0,0,0,,,,,38469,2020-08-17 18:13:21.491000-04:00,28,0,0,0.0,0.0,0.0,0.0,0,,,,,413128,2020-08-11 00:03:44.428000-04:00,,,,
PSAUKPR,441288,0,0,0,0,0,,,,,38469,2020-08-17 18:13:21.491000-04:00,28,0,0,0.0,0.0,0.0,0.0,0,,,,,413128,2020-08-11 00:03:44.428000-04:00,,,,
PSAUKPR,866678,0,0,7,6,111,8.664,8.761,0.9186046511627907,1.0810810810810811,41554,2020-08-21 10:30:20.109000-04:00,51,0,30,0.0,0.0,54.5751633986928,80.8383233532934,10157,36.954,30.429,0.7218324982104509,1.2896524564339864,461210,2020-08-21 10:29:32.113000-04:00,1358.0,North Carolina,No,None
PSAUKPR,569555,0,0,8,3,51,72.343,72.359,0.9230769230769231,1.0392156862745099,41554,2020-08-21 10:30:20.109000-04:00,51,0,30,0.0,0.0,54.5751633986928,80.8383233532934,10157,36.954,30.429,0.7218324982104509,1.2896524564339864,461210,2020-08-21 10:29:32.113000-04:00,1358.0,North Carolina,No,None
PSAUKPR,330925,0,0,28,22,379,21.87,26.904,0.8013937282229965,1.1978891820580475,41554,2020-08-21 10:30:20.109000-04:00,51,0,30,0.0,0.0,54.5751633986928,80.8383233532934,10157,36.954,30.429,0.7218324982104509,1.2896524564339864,461210,2020-08-21 10:29:32.113000-04:00,1358.0,North Carolina,No,None
PSAUKPR,571530,0,0,25,23,339,28.931,40.7,0.6255707762557078,1.2625368731563422,41554,2020-08-21 10:30:20.109000-04:00,51,0,30,0.0,0.0,54.5751633986928,80.8383233532934,10157,36.954,30.429,0.7218324982104509,1.2896524564339864,461210,2020-08-21 10:29:32.113000-04:00,1358.0,North Carolina,No,None
PSAUKPR,574977,0,0,23,15,232,42.0645,64.3215,0.7325581395348837,1.3405172413793103,41554,2020-08-21 10:30:20.109000-04:00,51,0,30,0.0,0.0,54.5751633986928,80.8383233532934,10157,36.954,30.429,0.7218324982104509,1.2896524564339864,461210,2020-08-21 10:29:32.113000-04:00,1358.0,North Carolina,No,None
PSAUKPR,578569,0,0,26,20,298,38.7285,49.1495,0.5692307692307692,1.3389261744966443,41554,2020-08-21 10:30:20.109000-04:00,51,0,30,0.0,0.0,54.5751633986928,80.8383233532934,10157,36.954,30.429,0.7218324982104509,1.2896524564339864,461210,2020-08-21 10:29:32.113000-04:00,1358.0,North Carolina,No,None
PSAUKPR,202938,0,0,31,27,412,15.703,22.599,0.6488294314381271,1.4199029126213591,41554,2020-08-21 10:30:20.109000-04:00,51,0,30,0.0,0.0,54.5751633986928,80.8383233532934,10157,36.954,30.429,0.7218324982104509,1.2896524564339864,461210,2020-08-21 10:29:32.113000-04:00,1358.0,North Carolina,No,None
PSAUKPR,579105,0,0,26,25,384,23.4915,27.201,0.7837837837837838,1.2447916666666667,41554,2020-08-21 10:30:20.109000-04:00,51,0,30,0.0,0.0,54.5751633986928,80.8383233532934,10157,36.954,30.429,0.7218324982104509,1.2896524564339864,461210,2020-08-21 10:29:32.113000-04:00,1358.0,North Carolina,No,None
PSAUKPR,579266,0,0,26,26,379,68.321,108.457,0.6377952755905512,1.6649076517150396,41554,2020-08-21 10:30:20.109000-04:00,51,0,30,0.0,0.0,54.5751633986928,80.8383233532934,10157,36.954,30.429,0.7218324982104509,1.2896524564339864,461210,2020-08-21 10:29:32.113000-04:00,1358.0,North Carolina,No,None
PSAUKPR,201175,0,0,41,29,590,19.5135,23.092,0.8227848101265823,1.2,41554,2020-08-21 10:30:20.109000-04:00,51,0,30,0.0,0.0,54.5751633986928,80.8383233532934,10157,36.954,30.429,0.7218324982104509,1.2896524564339864,461210,2020-08-21 10:29:32.113000-04:00,1358.0,North Carolina,No,None
PSAUKPR,579397,0,0,10,1,38,7.9745,21.9775,0.22857142857142856,1.263157894736842,41554,2020-08-21 10:30:20.109000-04:00,51,0,30,0.0,0.0,54.5751633986928,80.8383233532934,10157,36.954,30.429,0.7218324982104509,1.2896524564339864,461210,2020-08-21 10:29:32.113000-04:00,1358.0,North Carolina,No,None
PSAUKPR,199230,0,0,38,23,445,26.963,28.684,0.8803418803418803,1.09438202247191,41554,2020-08-21 10:30:20.109000-04:00,51,0,30,0.0,0.0,54.5751633986928,80.8383233532934,10157,36.954,30.429,0.7218324982104509,1.2896524564339864,461210,2020-08-21 10:29:32.113000-04:00,1358.0,North Carolina,No,None
PSAUKPR,196878,0,0,33,21,438,34.625,41.4105,0.8292682926829268,1.2602739726027397,41554,2020-08-21 10:30:20.109000-04:00,51,0,30,0.0,0.0,54.5751633986928,80.8383233532934,10157,36.954,30.429,0.7218324982104509,1.2896524564339864,461210,2020-08-21 10:29:32.113000-04:00,1358.0,North Carolina,No,None
PSAUKPR,170397,0,0,47,39,675,14.269,15.023,0.9153543307086615,1.0755555555555556,41554,2020-08-21 10:30:20.109000-04:00,51,0,30,0.0,0.0,54.5751633986928,80.8383233532934,10157,36.954,30.429,0.7218324982104509,1.2896524564339864,461210,2020-08-21 10:29:32.113000-04:00,1358.0,North Carolina,No,None
PSAUKPR,163507,0,0,41,41,635,72.162,87.489,0.8169014084507042,1.2251968503937007,41554,2020-08-21 10:30:20.109000-04:00,51,0,30,0.0,0.0,54.5751633986928,80.8383233532934,10157,36.954,30.429,0.7218324982104509,1.2896524564339864,461210,2020-08-21 10:29:32.113000-04:00,1358.0,North Carolina,No,None
PSAUKPR,162599,0,0,44,41,709,40.675,44.667,0.8635547576301615,1.1692524682651622,41554,2020-08-21 10:30:20.109000-04:00,51,0,30,0.0,0.0,54.5751633986928,80.8383233532934,10157,36.954,30.429,0.7218324982104509,1.2896524564339864,461210,2020-08-21 10:29:32.113000-04:00,1358.0,North Carolina,No,None
PSAUKPR,792304,0,0,20,15,239,32.11,37.689,0.776536312849162,1.3389121338912133,41554,2020-08-21 10:30:20.109000-04:00,51,0,30,0.0,0.0,54.5751633986928,80.8383233532934,10157,36.954,30.429,0.7218324982104509,1.2896524564339864,461210,2020-08-21 10:29:32.113000-04:00,1358.0,North Carolina,No,None
PSAUKPR,591400,0,0,25,22,309,59.309,68.865,0.4372093023255814,1.4045307443365695,41554,2020-08-21 10:30:20.109000-04:00,51,0,30,0.0,0.0,54.5751633986928,80.8383233532934,10157,36.954,30.429,0.7218324982104509,1.2896524564339864,461210,2020-08-21 10:29:32.113000-04:00,1358.0,North Carolina,No,None
PSAUKPR,366131,0,0,27,26,310,101.936,132.366,0.616504854368932,1.4193548387096775,41554,2020-08-21 10:30:20.109000-04:00,51,0,30,0.0,0.0,54.5751633986928,80.8383233532934,10157,36.954,30.429,0.7218324982104509,1.2896524564339864,461210,2020-08-21 10:29:32.113000-04:00,1358.0,North Carolina,No,None
PSAUKPR,688208,0,0,25,24,368,24.322,27.0185,0.8054474708171206,1.1548913043478262,41554,2020-08-21 10:30:20.109000-04:00,51,0,30,0.0,0.0,54.5751633986928,80.8383233532934,10157,36.954,30.429,0.7218324982104509,1.2896524564339864,461210,2020-08-21 10:29:32.113000-04:00,1358.0,North Carolina,No,None
PSAUKPR,603152,0,0,17,7,119,14.304,23.989,0.43373493975903615,1.403361344537815,41554,2020-08-21 10:30:20.109000-04:00,51,0,30,0.0,0.0,54.5751633986928,80.8383233532934,10157,36.954,30.429,0.7218324982104509,1.2896524564339864,461210,2020-08-21 10:29:32.113000-04:00,1358.0,North Carolina,No,None
PSAUKPR,709353,0,0,11,6,91,36.197,54.377,0.5263157894736842,1.7362637362637363,41554,2020-08-21 10:30:20.109000-04:00,51,0,30,0.0,0.0,54.5751633986928,80.8383233532934,10157,36.954,30.429,0.7218324982104509,1.2896524564339864,461210,2020-08-21 10:29:32.113000-04:00,1358.0,North Carolina,No,None
PSAUKPR,607746,0,0,25,25,378,28.979,36.3265,0.6141732283464567,1.5238095238095237,41554,2020-08-21 10:30:20.109000-04:00,51,0,30,0.0,0.0,54.5751633986928,80.8383233532934,10157,36.954,30.429,0.7218324982104509,1.2896524564339864,461210,2020-08-21 10:29:32.113000-04:00,1358.0,North Carolina,No,None
PSAUKPR,613395,0,0,27,26,409,31.293,41.478,0.5921985815602837,1.6308068459657703,41554,2020-08-21 10:30:20.109000-04:00,51,0,30,0.0,0.0,54.5751633986928,80.8383233532934,10157,36.954,30.429,0.7218324982104509,1.2896524564339864,461210,2020-08-21 10:29:32.113000-04:00,1358.0,North Carolina,No,None
PSAUKPR,390868,0,0,29,28,430,42.677,43.429,0.9059233449477352,1.0651162790697675,41554,2020-08-21 10:30:20.109000-04:00,51,0,30,0.0,0.0,54.5751633986928,80.8383233532934,10157,36.954,30.429,0.7218324982104509,1.2896524564339864,461210,2020-08-21 10:29:32.113000-04:00,1358.0,North Carolina,No,None
PSAUKPR,936743,0,0,12,1,29,60.887,68.051,0.3888888888888889,1.2758620689655171,41554,2020-08-21 10:30:20.109000-04:00,51,0,30,0.0,0.0,54.5751633986928,80.8383233532934,10157,36.954,30.429,0.7218324982104509,1.2896524564339864,461210,2020-08-21 10:29:32.113000-04:00,1358.0,North Carolina,No,None
PSAUKPR,950275,0,0,4,3,31,45.143,83.804,0.06896551724137931,2.7419354838709675,41554,2020-08-21 10:30:20.109000-04:00,51,0,30,0.0,0.0,54.5751633986928,80.8383233532934,10157,36.954,30.429,0.7218324982104509,1.2896524564339864,461210,2020-08-21 10:29:32.113000-04:00,1358.0,North Carolina,No,None
PSAUKPR,985827,0,0,0,0,0,,,,,41554,2020-08-21 10:30:20.109000-04:00,51,0,30,0.0,0.0,54.5751633986928,80.8383233532934,10157,36.954,30.429,0.7218324982104509,1.2896524564339864,461210,2020-08-21 10:29:32.113000-04:00,1358.0,North Carolina,No,None
PSAUKPR,613797,0,0,21,20,313,56.136,69.756,0.46788990825688076,1.6389776357827477,41554,2020-08-21 10:30:20.109000-04:00,51,0,30,0.0,0.0,54.5751633986928,80.8383233532934,10157,36.954,30.429,0.7218324982104509,1.2896524564339864,461210,2020-08-21 10:29:32.113000-04:00,1358.0,North Carolina,No,None
PSAUKPR,616185,0,0,20,14,248,13.4435,18.8695,0.3867403314917127,1.3266129032258065,41554,2020-08-21 10:30:20.109000-04:00,51,0,30,0.0,0.0,54.5751633986928,80.8383233532934,10157,36.954,30.429,0.7218324982104509,1.2896524564339864,461210,2020-08-21 10:29:32.113000-04:00,1358.0,North Carolina,No,None
PSAUKPR,637491,0,0,27,20,275,37.443,54.196,0.582010582010582,1.4727272727272727,41554,2020-08-21 10:30:20.109000-04:00,51,0,30,0.0,0.0,54.5751633986928,80.8383233532934,10157,36.954,30.429,0.7218324982104509,1.2896524564339864,461210,2020-08-21 10:29:32.113000-04:00,1358.0,North Carolina,No,None
PSAUKPR,657489,0,0,16,8,141,37.072,48.601,0.7938144329896907,1.177304964539007,41554,2020-08-21 10:30:20.109000-04:00,51,0,30,0.0,0.0,54.5751633986928,80.8383233532934,10157,36.954,30.429,0.7218324982104509,1.2896524564339864,461210,2020-08-21 10:29:32.113000-04:00,1358.0,North Carolina,No,None
PSAUKPR,554385,0,0,27,27,374,42.4255,47.8565,0.8795180722891566,1.1417112299465242,41554,2020-08-21 10:30:20.109000-04:00,51,0,30,0.0,0.0,54.5751633986928,80.8383233532934,10157,36.954,30.429,0.7218324982104509,1.2896524564339864,461210,2020-08-21 10:29:32.113000-04:00,1358.0,North Carolina,No,None
PSAUKPR,554352,0,0,19,4,102,37.615,51.0745,0.5375,1.803921568627451,41554,2020-08-21 10:30:20.109000-04:00,51,0,30,0.0,0.0,54.5751633986928,80.8383233532934,10157,36.954,30.429,0.7218324982104509,1.2896524564339864,461210,2020-08-21 10:29:32.113000-04:00,1358.0,North Carolina,No,None
PSAUKPR,554403,0,0,30,27,394,39.082,46.375,0.8415094339622642,1.233502538071066,41554,2020-08-21 10:30:20.109000-04:00,51,0,30,0.0,0.0,54.5751633986928,80.8383233532934,10157,36.954,30.429,0.7218324982104509,1.2896524564339864,461210,2020-08-21 10:29:32.113000-04:00,1358.0,North Carolina,No,None
PSAUKPR,567034,0,0,25,23,338,54.9805,70.9755,0.6475409836065574,1.4349112426035504,41554,2020-08-21 10:30:20.109000-04:00,51,0,30,0.0,0.0,54.5751633986928,80.8383233532934,10157,36.954,30.429,0.7218324982104509,1.2896524564339864,461210,2020-08-21 10:29:32.113000-04:00,1358.0,North Carolina,No,None
PSAUKPR,530405,3,3,54,53,419,37.295,47.189,0.8042895442359249,1.269689737470167,41585,2020-08-21 10:54:30.132000-04:00,27,4,81,72.2222222222222,85.8974358974359,67.7640603566529,96.5587044534413,11620,30.4235,22.9715,0.6366331898613103,1.4086919104991393,404955,2020-08-05 11:37:56.046000-04:00,2381.0,Wisconsin,Yes,None
PSAUKPR,656133,1,1,2,1,37,33.942,37.22,0.75,1.3513513513513513,42113,2020-08-21 17:59:28.843000-04:00,16,5,31,,0.0,,0.0,0,,,,,465614,2020-08-21 17:01:14.460000-04:00,858.0,Louisiana,No,None
PSAUKPR,479472,5,5,22,22,244,40.2075,48.8265,0.8895348837209303,1.1680327868852458,42113,2020-08-21 17:59:28.843000-04:00,16,5,31,,0.0,,0.0,0,,,,,465614,2020-08-21 17:01:14.460000-04:00,858.0,Louisiana,No,None
PSAUKPR,453573,5,3,25,23,237,32.547,42.14,0.43529411764705883,1.4978902953586497,42796,2020-08-23 16:23:19.700000-04:00,8,7,0,16.0714285714286,66.6666666666667,0.0,0.0,37,36.245,26.959,0.6756756756756757,1.2432432432432432,238140,2020-04-08 13:52:54.576000-04:00,638.0,Illinois,No,None
PSAUKPR,555393,7,6,27,22,242,17.265,22.2795,0.3785310734463277,1.2727272727272727,42796,2020-08-23 16:23:19.700000-04:00,8,7,0,16.0714285714286,66.6666666666667,0.0,0.0,37,36.245,26.959,0.6756756756756757,1.2432432432432432,238140,2020-04-08 13:52:54.576000-04:00,638.0,Illinois,No,None
PSAUKPR,453574,2,2,23,22,189,49.971,53.722,0.5923076923076923,1.222222222222222,42796,2020-08-23 16:23:19.700000-04:00,8,7,0,16.0714285714286,66.6666666666667,0.0,0.0,37,36.245,26.959,0.6756756756756757,1.2432432432432432,238140,2020-04-08 13:52:54.576000-04:00,638.0,Illinois,No,None
PSAUKPR,454825,4,3,2,1,18,34.3825,39.085,0.7058823529411765,1.3888888888888888,42797,2020-08-23 16:23:19.701000-04:00,7,10,0,34.2857142857143,70.8333333333333,0.0,0.0,91,33.399,26.312,0.7032967032967034,1.4945054945054945,238140,2020-04-08 13:52:54.576000-04:00,638.0,Illinois,No,None
PSAUKPR,454817,5,3,4,1,23,12.918,23.339,0.6818181818181818,1.5217391304347827,42797,2020-08-23 16:23:19.701000-04:00,7,10,0,34.2857142857143,70.8333333333333,0.0,0.0,91,33.399,26.312,0.7032967032967034,1.4945054945054945,238140,2020-04-08 13:52:54.576000-04:00,638.0,Illinois,No,None
PSAUKPR,454826,4,2,3,2,26,31.884,64.097,0.5833333333333334,1.7307692307692308,42797,2020-08-23 16:23:19.701000-04:00,7,10,0,34.2857142857143,70.8333333333333,0.0,0.0,91,33.399,26.312,0.7032967032967034,1.4945054945054945,238140,2020-04-08 13:52:54.576000-04:00,638.0,Illinois,No,None
PSAUKPR,454835,5,5,3,2,48,21.355,33.539,0.5869565217391305,1.6875,42797,2020-08-23 16:23:19.701000-04:00,7,10,0,34.2857142857143,70.8333333333333,0.0,0.0,91,33.399,26.312,0.7032967032967034,1.4945054945054945,238140,2020-04-08 13:52:54.576000-04:00,638.0,Illinois,No,None
PSAUKPR,454829,3,2,3,1,15,30.566,47.837,0.7142857142857143,1.3333333333333333,42797,2020-08-23 16:23:19.701000-04:00,7,10,0,34.2857142857143,70.8333333333333,0.0,0.0,91,33.399,26.312,0.7032967032967034,1.4945054945054945,238140,2020-04-08 13:52:54.576000-04:00,638.0,Illinois,No,None
PSAUKPR,525219,4,3,0,0,21,50.387,63.523,0.9523809523809523,1.0476190476190477,45919,2020-08-26 18:57:08.499000-04:00,31,8,0,35.8870967741936,83.1460674157303,0.0,0.0,658,85.216,65.5315,0.6854103343465046,1.4224924012158056,510939,2020-08-26 18:46:21.831000-04:00,,,,
PSAUKPR,512442,6,6,2,2,68,64.0525,74.2565,0.7692307692307693,1.397058823529412,45919,2020-08-26 18:57:08.499000-04:00,31,8,0,35.8870967741936,83.1460674157303,0.0,0.0,658,85.216,65.5315,0.6854103343465046,1.4224924012158056,510939,2020-08-26 18:46:21.831000-04:00,,,,
PSAUKPR,512503,4,4,0,0,19,70.73,78.036,0.8421052631578947,1.1052631578947367,45919,2020-08-26 18:57:08.499000-04:00,31,8,0,35.8870967741936,83.1460674157303,0.0,0.0,658,85.216,65.5315,0.6854103343465046,1.4224924012158056,510939,2020-08-26 18:46:21.831000-04:00,,,,
PSAUKPR,512821,5,5,0,0,28,89.1775,122.4525,0.75,1.4285714285714286,45919,2020-08-26 18:57:08.499000-04:00,31,8,0,35.8870967741936,83.1460674157303,0.0,0.0,658,85.216,65.5315,0.6854103343465046,1.4224924012158056,510939,2020-08-26 18:46:21.831000-04:00,,,,
PSAUKPR,512862,5,4,0,0,39,94.605,113.253,0.7948717948717948,1.2820512820512822,45919,2020-08-26 18:57:08.499000-04:00,31,8,0,35.8870967741936,83.1460674157303,0.0,0.0,658,85.216,65.5315,0.6854103343465046,1.4224924012158056,510939,2020-08-26 18:46:21.831000-04:00,,,,
PSAUKPR,512880,4,3,0,0,22,40.868,48.4085,0.7727272727272727,1.2727272727272727,45919,2020-08-26 18:57:08.499000-04:00,31,8,0,35.8870967741936,83.1460674157303,0.0,0.0,658,85.216,65.5315,0.6854103343465046,1.4224924012158056,510939,2020-08-26 18:46:21.831000-04:00,,,,
PSAUKPR,513354,5,4,0,0,58,33.1445,60.987,0.46551724137931033,1.3620689655172413,45919,2020-08-26 18:57:08.499000-04:00,31,8,0,35.8870967741936,83.1460674157303,0.0,0.0,658,85.216,65.5315,0.6854103343465046,1.4224924012158056,510939,2020-08-26 18:46:21.831000-04:00,,,,
PSAUKPR,513357,5,5,0,0,59,47.858,76.219,0.6440677966101694,1.4067796610169492,45919,2020-08-26 18:57:08.499000-04:00,31,8,0,35.8870967741936,83.1460674157303,0.0,0.0,658,85.216,65.5315,0.6854103343465046,1.4224924012158056,510939,2020-08-26 18:46:21.831000-04:00,,,,
PSAUKPR,513359,4,3,0,0,22,76.187,87.3455,0.8636363636363636,1.1363636363636365,45919,2020-08-26 18:57:08.499000-04:00,31,8,0,35.8870967741936,83.1460674157303,0.0,0.0,658,85.216,65.5315,0.6854103343465046,1.4224924012158056,510939,2020-08-26 18:46:21.831000-04:00,,,,
PSAUKPR,513360,5,4,0,0,55,75.947,151.525,0.5636363636363636,1.2727272727272727,45919,2020-08-26 18:57:08.499000-04:00,31,8,0,35.8870967741936,83.1460674157303,0.0,0.0,658,85.216,65.5315,0.6854103343465046,1.4224924012158056,510939,2020-08-26 18:46:21.831000-04:00,,,,
PSAUKPR,513362,5,5,0,0,38,54.087,72.6115,0.7105263157894737,1.4210526315789473,45919,2020-08-26 18:57:08.499000-04:00,31,8,0,35.8870967741936,83.1460674157303,0.0,0.0,658,85.216,65.5315,0.6854103343465046,1.4224924012158056,510939,2020-08-26 18:46:21.831000-04:00,,,,
PSAUKPR,513363,3,0,0,0,7,369.978,423.163,0.42857142857142855,1.7142857142857142,45919,2020-08-26 18:57:08.499000-04:00,31,8,0,35.8870967741936,83.1460674157303,0.0,0.0,658,85.216,65.5315,0.6854103343465046,1.4224924012158056,510939,2020-08-26 18:46:21.831000-04:00,,,,
PSAUKPR,513380,3,3,0,0,21,62.802,75.482,0.6666666666666666,1.2857142857142858,45919,2020-08-26 18:57:08.499000-04:00,31,8,0,35.8870967741936,83.1460674157303,0.0,0.0,658,85.216,65.5315,0.6854103343465046,1.4224924012158056,510939,2020-08-26 18:46:21.831000-04:00,,,,
PSAUKPR,513410,4,2,0,0,30,31.52,55.954,0.5,1.3333333333333333,45919,2020-08-26 18:57:08.499000-04:00,31,8,0,35.8870967741936,83.1460674157303,0.0,0.0,658,85.216,65.5315,0.6854103343465046,1.4224924012158056,510939,2020-08-26 18:46:21.831000-04:00,,,,
PSAUKPR,513894,5,5,0,0,33,60.126,65.487,0.7272727272727273,1.303030303030303,45919,2020-08-26 18:57:08.499000-04:00,31,8,0,35.8870967741936,83.1460674157303,0.0,0.0,658,85.216,65.5315,0.6854103343465046,1.4224924012158056,510939,2020-08-26 18:46:21.831000-04:00,,,,
PSAUKPR,514025,4,4,0,0,31,104.183,126.196,0.8387096774193549,1.4838709677419355,45919,2020-08-26 18:57:08.499000-04:00,31,8,0,35.8870967741936,83.1460674157303,0.0,0.0,658,85.216,65.5315,0.6854103343465046,1.4224924012158056,510939,2020-08-26 18:46:21.831000-04:00,,,,
PSAUKPR,514160,4,4,0,0,38,126.336,151.135,0.7105263157894737,1.3421052631578947,45919,2020-08-26 18:57:08.499000-04:00,31,8,0,35.8870967741936,83.1460674157303,0.0,0.0,658,85.216,65.5315,0.6854103343465046,1.4224924012158056,510939,2020-08-26 18:46:21.831000-04:00,,,,
PSAUKPR,515514,4,4,0,0,28,82.8925,96.7435,0.7142857142857143,1.5,45919,2020-08-26 18:57:08.499000-04:00,31,8,0,35.8870967741936,83.1460674157303,0.0,0.0,658,85.216,65.5315,0.6854103343465046,1.4224924012158056,510939,2020-08-26 18:46:21.831000-04:00,,,,
PSAUKPR,522220,5,4,0,0,24,141.7765,163.3945,0.625,1.1666666666666667,45919,2020-08-26 18:57:08.499000-04:00,31,8,0,35.8870967741936,83.1460674157303,0.0,0.0,658,85.216,65.5315,0.6854103343465046,1.4224924012158056,510939,2020-08-26 18:46:21.831000-04:00,,,,
PSAUKPR,522989,5,5,0,0,29,74.509,109.283,0.7931034482758621,1.4482758620689655,45919,2020-08-26 18:57:08.499000-04:00,31,8,0,35.8870967741936,83.1460674157303,0.0,0.0,658,85.216,65.5315,0.6854103343465046,1.4224924012158056,510939,2020-08-26 18:46:21.831000-04:00,,,,
PSAUKPR,525205,5,5,0,0,41,49.685,71.145,0.6585365853658537,1.4146341463414633,45919,2020-08-26 18:57:08.499000-04:00,31,8,0,35.8870967741936,83.1460674157303,0.0,0.0,658,85.216,65.5315,0.6854103343465046,1.4224924012158056,510939,2020-08-26 18:46:21.831000-04:00,,,,
PSAUKPR,525241,2,1,0,0,22,31.0565,46.4535,0.45454545454545453,2.0454545454545454,45919,2020-08-26 18:57:08.499000-04:00,31,8,0,35.8870967741936,83.1460674157303,0.0,0.0,658,85.216,65.5315,0.6854103343465046,1.4224924012158056,510939,2020-08-26 18:46:21.831000-04:00,,,,
PSAUKPR,525245,5,5,0,0,41,44.527,53.983,0.7804878048780488,1.3414634146341462,45919,2020-08-26 18:57:08.499000-04:00,31,8,0,35.8870967741936,83.1460674157303,0.0,0.0,658,85.216,65.5315,0.6854103343465046,1.4224924012158056,510939,2020-08-26 18:46:21.831000-04:00,,,,
PSAUKPR,535916,0,0,0,0,0,,,,,45919,2020-08-26 18:57:08.499000-04:00,31,8,0,35.8870967741936,83.1460674157303,0.0,0.0,658,85.216,65.5315,0.6854103343465046,1.4224924012158056,510939,2020-08-26 18:46:21.831000-04:00,,,,
PSAUKPR,856791,1,1,1,1,24,5.6285,5.636,0.9583333333333334,1.0416666666666667,47820,2020-08-28 16:15:48.974000-04:00,2,1,1,0.0,0.0,100.0,100.0,42,6.204,6.0975,0.9047619047619048,1.0952380952380951,457824,2020-08-20 15:16:32.567000-04:00,649.0,Louisiana,Yes,None
PSAUKPR,871307,0,0,0,0,0,,,,,47821,2020-08-28 16:15:48.976000-04:00,1,1,1,,0.0,,0.0,0,,,,,457824,2020-08-20 15:16:32.567000-04:00,649.0,Louisiana,Yes,None
PSAUKPR,558085,3,3,18,18,107,38.544,60.963,0.8108108108108109,1.1869158878504673,49928,2020-08-31 17:35:49.276000-04:00,27,9,27,17.6954732510288,72.0930232558139,39.2318244170096,86.013986013986,1537,41.933,30.694,0.6470028544243578,1.3708523096942096,551743,2020-08-31 17:32:35.909000-04:00,733.0,Illinois,Yes,None
PSAUKPR,557999,5,4,20,20,165,32.473,42.804,0.7107438016528925,1.3212121212121213,49928,2020-08-31 17:35:49.276000-04:00,27,9,27,17.6954732510288,72.0930232558139,39.2318244170096,86.013986013986,1537,41.933,30.694,0.6470028544243578,1.3708523096942096,551743,2020-08-31 17:32:35.909000-04:00,733.0,Illinois,Yes,None
PSAUKPR,558398,6,5,32,28,170,49.514,53.459,0.8099173553719008,1.1411764705882352,49928,2020-08-31 17:35:49.276000-04:00,27,9,27,17.6954732510288,72.0930232558139,39.2318244170096,86.013986013986,1537,41.933,30.694,0.6470028544243578,1.3708523096942096,551743,2020-08-31 17:32:35.909000-04:00,733.0,Illinois,Yes,None
PSAUKPR,557958,2,2,15,13,105,38.426,57.496,0.686046511627907,1.3714285714285714,49928,2020-08-31 17:35:49.276000-04:00,27,9,27,17.6954732510288,72.0930232558139,39.2318244170096,86.013986013986,1537,41.933,30.694,0.6470028544243578,1.3708523096942096,551743,2020-08-31 17:32:35.909000-04:00,733.0,Illinois,Yes,None
PSAUKPR,558369,4,1,14,11,98,14.989,40.797,0.22972972972972974,1.5714285714285714,49928,2020-08-31 17:35:49.276000-04:00,27,9,27,17.6954732510288,72.0930232558139,39.2318244170096,86.013986013986,1537,41.933,30.694,0.6470028544243578,1.3708523096942096,551743,2020-08-31 17:32:35.909000-04:00,733.0,Illinois,Yes,None
PSAUKPR,558217,3,1,18,11,121,6.741,15.114,0.21428571428571427,1.3388429752066116,49928,2020-08-31 17:35:49.276000-04:00,27,9,27,17.6954732510288,72.0930232558139,39.2318244170096,86.013986013986,1537,41.933,30.694,0.6470028544243578,1.3708523096942096,551743,2020-08-31 17:32:35.909000-04:00,733.0,Illinois,Yes,None
PSAUKPR,558021,5,4,26,24,134,50.8295,57.813,0.7843137254901961,1.3208955223880596,49928,2020-08-31 17:35:49.276000-04:00,27,9,27,17.6954732510288,72.0930232558139,39.2318244170096,86.013986013986,1537,41.933,30.694,0.6470028544243578,1.3708523096942096,551743,2020-08-31 17:32:35.909000-04:00,733.0,Illinois,Yes,None
PSAUKPR,203268,0,0,19,19,173,26.477,27.883,0.957983193277311,1.0289017341040463,49935,2020-08-31 17:45:22.448000-04:00,22,7,3,0.649350649350649,100.0,13.6363636363636,66.6666666666667,16,62.0425,62.032,0.3,1.6875,232013,2020-04-07 18:11:31.458000-04:00,139.0,Arizona,Yes,None
PSAUKPR,201130,0,0,19,19,173,36.728,40.586,0.865546218487395,1.1676300578034682,49935,2020-08-31 17:45:22.448000-04:00,22,7,3,0.649350649350649,100.0,13.6363636363636,66.6666666666667,16,62.0425,62.032,0.3,1.6875,232013,2020-04-07 18:11:31.458000-04:00,139.0,Arizona,Yes,None
PSAUKPR,363099,7,7,3,2,56,14.8405,14.853,0.7884615384615384,1.2857142857142858,49935,2020-08-31 17:45:22.448000-04:00,22,7,3,0.649350649350649,100.0,13.6363636363636,66.6666666666667,16,62.0425,62.032,0.3,1.6875,232013,2020-04-07 18:11:31.458000-04:00,139.0,Arizona,Yes,None
PSAUKPR,1008421,0,0,0,0,0,,,,,49935,2020-08-31 17:45:22.448000-04:00,22,7,3,0.649350649350649,100.0,13.6363636363636,66.6666666666667,16,62.0425,62.032,0.3,1.6875,232013,2020-04-07 18:11:31.458000-04:00,139.0,Arizona,Yes,None
PSAUKPR,1008418,0,0,0,0,0,,,,,49935,2020-08-31 17:45:22.448000-04:00,22,7,3,0.649350649350649,100.0,13.6363636363636,66.6666666666667,16,62.0425,62.032,0.3,1.6875,232013,2020-04-07 18:11:31.458000-04:00,139.0,Arizona,Yes,None
PSAUKPR,1008417,0,0,0,0,0,,,,,49935,2020-08-31 17:45:22.448000-04:00,22,7,3,0.649350649350649,100.0,13.6363636363636,66.6666666666667,16,62.0425,62.032,0.3,1.6875,232013,2020-04-07 18:11:31.458000-04:00,139.0,Arizona,Yes,None
PSAUKPR,1008416,4,4,0,0,28,15.3055,15.3155,0.9642857142857143,1.0714285714285714,49935,2020-08-31 17:45:22.448000-04:00,22,7,3,0.649350649350649,100.0,13.6363636363636,66.6666666666667,16,62.0425,62.032,0.3,1.6875,232013,2020-04-07 18:11:31.458000-04:00,139.0,Arizona,Yes,None
PSAUKPR,995380,1,1,1,1,15,12.552,20.452,0.7857142857142857,1.6,49935,2020-08-31 17:45:22.448000-04:00,22,7,3,0.649350649350649,100.0,13.6363636363636,66.6666666666667,16,62.0425,62.032,0.3,1.6875,232013,2020-04-07 18:11:31.458000-04:00,139.0,Arizona,Yes,None
PSAUKPR,995379,11,10,1,1,75,11.831,14.135,0.8378378378378378,1.2533333333333334,49935,2020-08-31 17:45:22.448000-04:00,22,7,3,0.649350649350649,100.0,13.6363636363636,66.6666666666667,16,62.0425,62.032,0.3,1.6875,232013,2020-04-07 18:11:31.458000-04:00,139.0,Arizona,Yes,None
PSAUKPR,995378,0,0,1,1,2,65.0245,70.4395,0.0,2.0,49935,2020-08-31 17:45:22.448000-04:00,22,7,3,0.649350649350649,100.0,13.6363636363636,66.6666666666667,16,62.0425,62.032,0.3,1.6875,232013,2020-04-07 18:11:31.458000-04:00,139.0,Arizona,Yes,None
PSAUKPR,994917,0,0,1,0,1,12.787,22.699,0.0,2.0,49935,2020-08-31 17:45:22.448000-04:00,22,7,3,0.649350649350649,100.0,13.6363636363636,66.6666666666667,16,62.0425,62.032,0.3,1.6875,232013,2020-04-07 18:11:31.458000-04:00,139.0,Arizona,Yes,None
PSAUKPR,202188,0,0,19,19,142,56.5865,61.7035,0.9090909090909091,1.091549295774648,49935,2020-08-31 17:45:22.448000-04:00,22,7,3,0.649350649350649,100.0,13.6363636363636,66.6666666666667,16,62.0425,62.032,0.3,1.6875,232013,2020-04-07 18:11:31.458000-04:00,139.0,Arizona,Yes,None
PSAUKPR,202484,0,0,19,18,150,52.848,57.3595,0.9038461538461539,1.1,49935,2020-08-31 17:45:22.448000-04:00,22,7,3,0.649350649350649,100.0,13.6363636363636,66.6666666666667,16,62.0425,62.032,0.3,1.6875,232013,2020-04-07 18:11:31.458000-04:00,139.0,Arizona,Yes,None
PSAUKPR,203795,4,4,19,17,163,24.141,27.856,0.8319327731092437,1.196319018404908,49935,2020-08-31 17:45:22.448000-04:00,22,7,3,0.649350649350649,100.0,13.6363636363636,66.6666666666667,16,62.0425,62.032,0.3,1.6875,232013,2020-04-07 18:11:31.458000-04:00,139.0,Arizona,Yes,None
PSAUKPR,572594,0,0,0,0,0,,,,,49935,2020-08-31 17:45:22.448000-04:00,22,7,3,0.649350649350649,100.0,13.6363636363636,66.6666666666667,16,62.0425,62.032,0.3,1.6875,232013,2020-04-07 18:11:31.458000-04:00,139.0,Arizona,Yes,None
PSAUKPR,203839,3,3,22,15,125,30.315,38.052,0.7333333333333333,1.152,49935,2020-08-31 17:45:22.448000-04:00,22,7,3,0.649350649350649,100.0,13.6363636363636,66.6666666666667,16,62.0425,62.032,0.3,1.6875,232013,2020-04-07 18:11:31.458000-04:00,139.0,Arizona,Yes,None
PSAUKPR,565786,3,3,91,84,901,16.354,18.618,0.8076923076923077,1.2574916759156494,52411,2020-09-03 09:15:48.723000-04:00,29,0,92,0.0,0.0,36.431784107946,91.8724279835391,9940,19.5665,16.493,0.8234642373507325,1.2178068410462777,417253,2020-08-12 10:01:13.057000-04:00,,,,
PSAUKPR,626668,1,0,20,17,253,11.312,12.667,0.889344262295082,1.1225296442687747,52411,2020-09-03 09:15:48.723000-04:00,29,0,92,0.0,0.0,36.431784107946,91.8724279835391,9940,19.5665,16.493,0.8234642373507325,1.2178068410462777,417253,2020-08-12 10:01:13.057000-04:00,,,,
PSAUKPR,488714,3,3,77,77,813,18.774,19.735,0.9595375722543352,1.03690036900369,52411,2020-09-03 09:15:48.723000-04:00,29,0,92,0.0,0.0,36.431784107946,91.8724279835391,9940,19.5665,16.493,0.8234642373507325,1.2178068410462777,417253,2020-08-12 10:01:13.057000-04:00,,,,
PSAUKPR,548971,3,0,52,50,581,17.502,19.036,0.8624229979466119,1.1428571428571428,52411,2020-09-03 09:15:48.723000-04:00,29,0,92,0.0,0.0,36.431784107946,91.8724279835391,9940,19.5665,16.493,0.8234642373507325,1.2178068410462777,417253,2020-08-12 10:01:13.057000-04:00,,,,
PSAUKPR,546500,3,3,90,82,928,19.564,27.7235,0.6888297872340425,1.3803879310344829,52411,2020-09-03 09:15:48.723000-04:00,29,0,92,0.0,0.0,36.431784107946,91.8724279835391,9940,19.5665,16.493,0.8234642373507325,1.2178068410462777,417253,2020-08-12 10:01:13.057000-04:00,,,,
PSAUKPR,839654,3,3,42,37,367,24.552,38.77,0.4948805460750853,1.662125340599455,52411,2020-09-03 09:15:48.723000-04:00,29,0,92,0.0,0.0,36.431784107946,91.8724279835391,9940,19.5665,16.493,0.8234642373507325,1.2178068410462777,417253,2020-08-12 10:01:13.057000-04:00,,,,
PSAUKPR,841172,3,2,2,0,7,16.971,16.981,1.0,1.0,52411,2020-09-03 09:15:48.723000-04:00,29,0,92,0.0,0.0,36.431784107946,91.8724279835391,9940,19.5665,16.493,0.8234642373507325,1.2178068410462777,417253,2020-08-12 10:01:13.057000-04:00,,,,
PSAUKPR,674094,1,1,38,38,411,13.943,14.917,0.8243626062322946,1.2068126520681266,52411,2020-09-03 09:15:48.723000-04:00,29,0,92,0.0,0.0,36.431784107946,91.8724279835391,9940,19.5665,16.493,0.8234642373507325,1.2178068410462777,417253,2020-08-12 10:01:13.057000-04:00,,,,
PSAUKPR,579982,4,4,27,23,367,10.154,11.646,0.8734939759036144,1.0926430517711172,52411,2020-09-03 09:15:48.723000-04:00,29,0,92,0.0,0.0,36.431784107946,91.8724279835391,9940,19.5665,16.493,0.8234642373507325,1.2178068410462777,417253,2020-08-12 10:01:13.057000-04:00,,,,
PSAUKPR,653221,3,2,23,19,206,14.8295,16.9345,0.8282208588957055,1.2427184466019416,52411,2020-09-03 09:15:48.723000-04:00,29,0,92,0.0,0.0,36.431784107946,91.8724279835391,9940,19.5665,16.493,0.8234642373507325,1.2178068410462777,417253,2020-08-12 10:01:13.057000-04:00,,,,
PSAUKPR,542146,4,4,5,4,43,32.984,53.67,0.7222222222222222,1.3488372093023255,52411,2020-09-03 09:15:48.723000-04:00,29,0,92,0.0,0.0,36.431784107946,91.8724279835391,9940,19.5665,16.493,0.8234642373507325,1.2178068410462777,417253,2020-08-12 10:01:13.057000-04:00,,,,
PSAUKPR,607078,1,1,36,31,421,21.493,28.936,0.7514450867052023,1.163895486935867,52411,2020-09-03 09:15:48.723000-04:00,29,0,92,0.0,0.0,36.431784107946,91.8724279835391,9940,19.5665,16.493,0.8234642373507325,1.2178068410462777,417253,2020-08-12 10:01:13.057000-04:00,,,,
PSAUKPR,639107,4,4,48,46,554,20.7175,23.8515,0.9087048832271762,1.1173285198555958,52411,2020-09-03 09:15:48.723000-04:00,29,0,92,0.0,0.0,36.431784107946,91.8724279835391,9940,19.5665,16.493,0.8234642373507325,1.2178068410462777,417253,2020-08-12 10:01:13.057000-04:00,,,,
PSAUKPR,533709,0,0,92,85,930,11.6645,14.8155,0.7869281045751634,1.2698924731182797,52411,2020-09-03 09:15:48.723000-04:00,29,0,92,0.0,0.0,36.431784107946,91.8724279835391,9940,19.5665,16.493,0.8234642373507325,1.2178068410462777,417253,2020-08-12 10:01:13.057000-04:00,,,,
PSAUKPR,958826,2,1,0,0,4,83.081,83.0865,1.0,1.0,52411,2020-09-03 09:15:48.723000-04:00,29,0,92,0.0,0.0,36.431784107946,91.8724279835391,9940,19.5665,16.493,0.8234642373507325,1.2178068410462777,417253,2020-08-12 10:01:13.057000-04:00,,,,
PSAUKPR,632260,0,0,0,0,0,,,,,55918,2020-09-09 08:42:42.885000-04:00,19,1,0,,0.0,0.0,0.0,0,,,,,401372,2020-07-29 13:06:49.238000-04:00,888.0,Louisiana,Yes,None
PSAUKPR,725553,0,0,2,2,19,67.43,68.832,0.25,1.5263157894736843,55918,2020-09-09 08:42:42.885000-04:00,19,1,0,,0.0,0.0,0.0,0,,,,,401372,2020-07-29 13:06:49.238000-04:00,888.0,Louisiana,Yes,None
PSAUKPR,714287,1,1,12,12,96,39.4965,63.226,0.5223880597014925,1.7708333333333333,55918,2020-09-09 08:42:42.885000-04:00,19,1,0,,0.0,0.0,0.0,0,,,,,401372,2020-07-29 13:06:49.238000-04:00,888.0,Louisiana,Yes,None
PSAUKPR,693961,1,1,9,2,54,24.9445,38.045,0.5,1.4259259259259258,55918,2020-09-09 08:42:42.885000-04:00,19,1,0,,0.0,0.0,0.0,0,,,,,401372,2020-07-29 13:06:49.238000-04:00,888.0,Louisiana,Yes,None
PSAUKPR,689244,0,0,6,4,29,227.74,322.571,0.5454545454545454,1.5862068965517242,55918,2020-09-09 08:42:42.885000-04:00,19,1,0,,0.0,0.0,0.0,0,,,,,401372,2020-07-29 13:06:49.238000-04:00,888.0,Louisiana,Yes,None
PSAUKPR,827451,0,0,22,17,149,16.485,23.005,0.7063492063492064,1.4563758389261745,55918,2020-09-09 08:42:42.885000-04:00,19,1,0,,0.0,0.0,0.0,0,,,,,401372,2020-07-29 13:06:49.238000-04:00,888.0,Louisiana,Yes,None
PSAUKPR,649717,1,1,1,1,20,17.4055,28.9795,0.7058823529411765,2.35,55918,2020-09-09 08:42:42.885000-04:00,19,1,0,,0.0,0.0,0.0,0,,,,,401372,2020-07-29 13:06:49.238000-04:00,888.0,Louisiana,Yes,None
PSAUKPR,631877,0,0,0,0,0,,,,,55918,2020-09-09 08:42:42.885000-04:00,19,1,0,,0.0,0.0,0.0,0,,,,,401372,2020-07-29 13:06:49.238000-04:00,888.0,Louisiana,Yes,None
PSAUKPR,632232,0,0,0,0,0,,,,,55918,2020-09-09 08:42:42.885000-04:00,19,1,0,,0.0,0.0,0.0,0,,,,,401372,2020-07-29 13:06:49.238000-04:00,888.0,Louisiana,Yes,None
PSAUKPR,632233,0,0,0,0,0,,,,,55918,2020-09-09 08:42:42.885000-04:00,19,1,0,,0.0,0.0,0.0,0,,,,,401372,2020-07-29 13:06:49.238000-04:00,888.0,Louisiana,Yes,None
PSAUKPR,632241,0,0,0,0,0,,,,,55918,2020-09-09 08:42:42.885000-04:00,19,1,0,,0.0,0.0,0.0,0,,,,,401372,2020-07-29 13:06:49.238000-04:00,888.0,Louisiana,Yes,None
PSAUKPR,632833,1,1,2,0,19,18.191,25.86,0.0,1.0,55918,2020-09-09 08:42:42.885000-04:00,19,1,0,,0.0,0.0,0.0,0,,,,,401372,2020-07-29 13:06:49.238000-04:00,888.0,Louisiana,Yes,None
PSAUKPR,632829,0,0,0,0,0,,,,,55918,2020-09-09 08:42:42.885000-04:00,19,1,0,,0.0,0.0,0.0,0,,,,,401372,2020-07-29 13:06:49.238000-04:00,888.0,Louisiana,Yes,None
PSAUKPR,632682,1,1,0,0,10,66.776,83.3895,0.5,1.2,55918,2020-09-09 08:42:42.885000-04:00,19,1,0,,0.0,0.0,0.0,0,,,,,401372,2020-07-29 13:06:49.238000-04:00,888.0,Louisiana,Yes,None
PSAUKPR,632464,1,1,0,0,13,8.972,17.507,0.3076923076923077,1.8461538461538463,55918,2020-09-09 08:42:42.885000-04:00,19,1,0,,0.0,0.0,0.0,0,,,,,401372,2020-07-29 13:06:49.238000-04:00,888.0,Louisiana,Yes,None
PSAUKPR,632244,0,0,0,0,0,,,,,55918,2020-09-09 08:42:42.885000-04:00,19,1,0,,0.0,0.0,0.0,0,,,,,401372,2020-07-29 13:06:49.238000-04:00,888.0,Louisiana,Yes,None
PSAUKPR,648733,0,0,22,13,169,12.863,20.969,0.4094488188976378,1.804733727810651,55919,2020-09-09 08:42:42.887000-04:00,16,1,0,,0.0,0.0,0.0,0,,,,,401372,2020-07-29 13:06:49.238000-04:00,888.0,Louisiana,Yes,None
PSAUKPR,628823,0,0,1,0,8,13.1275,13.9565,0.875,1.0,55919,2020-09-09 08:42:42.887000-04:00,16,1,0,,0.0,0.0,0.0,0,,,,,401372,2020-07-29 13:06:49.238000-04:00,888.0,Louisiana,Yes,None
PSAUKPR,769951,1,1,6,5,65,141.425,209.783,0.37209302325581395,1.7846153846153845,55919,2020-09-09 08:42:42.887000-04:00,16,1,0,,0.0,0.0,0.0,0,,,,,401372,2020-07-29 13:06:49.238000-04:00,888.0,Louisiana,Yes,None
PSAUKPR,663491,1,1,35,30,390,26.1815,31.501,0.7730496453900709,1.2,55919,2020-09-09 08:42:42.887000-04:00,16,1,0,,0.0,0.0,0.0,0,,,,,401372,2020-07-29 13:06:49.238000-04:00,888.0,Louisiana,Yes,None
PSAUKPR,648315,0,0,5,3,30,74.5255,106.101,0.55,1.6333333333333333,55919,2020-09-09 08:42:42.887000-04:00,16,1,0,,0.0,0.0,0.0,0,,,,,401372,2020-07-29 13:06:49.238000-04:00,888.0,Louisiana,Yes,None
PSAUKPR,648234,0,0,4,4,42,50.872,73.3065,0.5833333333333334,1.3095238095238095,55919,2020-09-09 08:42:42.887000-04:00,16,1,0,,0.0,0.0,0.0,0,,,,,401372,2020-07-29 13:06:49.238000-04:00,888.0,Louisiana,Yes,None
PSAUKPR,631898,0,0,0,0,0,,,,,55919,2020-09-09 08:42:42.887000-04:00,16,1,0,,0.0,0.0,0.0,0,,,,,401372,2020-07-29 13:06:49.238000-04:00,888.0,Louisiana,Yes,None
PSAUKPR,631867,0,0,0,0,0,,,,,55919,2020-09-09 08:42:42.887000-04:00,16,1,0,,0.0,0.0,0.0,0,,,,,401372,2020-07-29 13:06:49.238000-04:00,888.0,Louisiana,Yes,None
PSAUKPR,631834,0,0,0,0,0,,,,,55919,2020-09-09 08:42:42.887000-04:00,16,1,0,,0.0,0.0,0.0,0,,,,,401372,2020-07-29 13:06:49.238000-04:00,888.0,Louisiana,Yes,None
PSAUKPR,631824,1,0,2,0,5,26.796,26.807,0.75,1.0,55919,2020-09-09 08:42:42.887000-04:00,16,1,0,,0.0,0.0,0.0,0,,,,,401372,2020-07-29 13:06:49.238000-04:00,888.0,Louisiana,Yes,None
PSAUKPR,629121,0,0,0,0,0,,,,,55919,2020-09-09 08:42:42.887000-04:00,16,1,0,,0.0,0.0,0.0,0,,,,,401372,2020-07-29 13:06:49.238000-04:00,888.0,Louisiana,Yes,None
PSAUKPR,629099,0,0,0,0,0,,,,,55919,2020-09-09 08:42:42.887000-04:00,16,1,0,,0.0,0.0,0.0,0,,,,,401372,2020-07-29 13:06:49.238000-04:00,888.0,Louisiana,Yes,None
PSAUKPR,633919,1,1,0,0,11,17.801,19.697,0.5454545454545454,1.3636363636363635,55920,2020-09-09 08:42:42.888000-04:00,18,1,0,,0.0,0.0,0.0,0,,,,,401372,2020-07-29 13:06:49.238000-04:00,888.0,Louisiana,Yes,None
PSAUKPR,634053,1,1,0,0,6,63.1325,63.16,0.8333333333333334,1.0,55920,2020-09-09 08:42:42.888000-04:00,18,1,0,,0.0,0.0,0.0,0,,,,,401372,2020-07-29 13:06:49.238000-04:00,888.0,Louisiana,Yes,None
PSAUKPR,634183,1,1,0,0,11,16.369,22.471,0.6363636363636364,1.6363636363636365,55920,2020-09-09 08:42:42.888000-04:00,18,1,0,,0.0,0.0,0.0,0,,,,,401372,2020-07-29 13:06:49.238000-04:00,888.0,Louisiana,Yes,None
PSAUKPR,624445,0,0,0,0,0,,,,,55920,2020-09-09 08:42:42.888000-04:00,18,1,0,,0.0,0.0,0.0,0,,,,,401372,2020-07-29 13:06:49.238000-04:00,888.0,Louisiana,Yes,None
PSAUKPR,634211,1,1,0,0,6,39.5785,39.5855,0.8333333333333334,1.0,55920,2020-09-09 08:42:42.888000-04:00,18,1,0,,0.0,0.0,0.0,0,,,,,401372,2020-07-29 13:06:49.238000-04:00,888.0,Louisiana,Yes,None
PSAUKPR,631661,0,0,0,0,0,,,,,55920,2020-09-09 08:42:42.888000-04:00,18,1,0,,0.0,0.0,0.0,0,,,,,401372,2020-07-29 13:06:49.238000-04:00,888.0,Louisiana,Yes,None
PSAUKPR,634058,1,1,0,0,7,20.12,66.76,0.2857142857142857,1.0,55920,2020-09-09 08:42:42.888000-04:00,18,1,0,,0.0,0.0,0.0,0,,,,,401372,2020-07-29 13:06:49.238000-04:00,888.0,Louisiana,Yes,None
PSAUKPR,629649,2,2,17,17,231,33.939,36.181,0.9034090909090909,1.0692640692640694,55920,2020-09-09 08:42:42.888000-04:00,18,1,0,,0.0,0.0,0.0,0,,,,,401372,2020-07-29 13:06:49.238000-04:00,888.0,Louisiana,Yes,None
PSAUKPR,632428,0,0,0,0,0,,,,,55920,2020-09-09 08:42:42.888000-04:00,18,1,0,,0.0,0.0,0.0,0,,,,,401372,2020-07-29 13:06:49.238000-04:00,888.0,Louisiana,Yes,None
PSAUKPR,633123,0,0,0,0,0,,,,,55920,2020-09-09 08:42:42.888000-04:00,18,1,0,,0.0,0.0,0.0,0,,,,,401372,2020-07-29 13:06:49.238000-04:00,888.0,Louisiana,Yes,None
PSAUKPR,633533,0,0,0,0,0,,,,,55920,2020-09-09 08:42:42.888000-04:00,18,1,0,,0.0,0.0,0.0,0,,,,,401372,2020-07-29 13:06:49.238000-04:00,888.0,Louisiana,Yes,None
PSAUKPR,633633,1,1,0,0,2,900.975,900.9935,0.5,1.0,55920,2020-09-09 08:42:42.888000-04:00,18,1,0,,0.0,0.0,0.0,0,,,,,401372,2020-07-29 13:06:49.238000-04:00,888.0,Louisiana,Yes,None
PSAUKPR,633807,0,0,0,0,0,,,,,55920,2020-09-09 08:42:42.888000-04:00,18,1,0,,0.0,0.0,0.0,0,,,,,401372,2020-07-29 13:06:49.238000-04:00,888.0,Louisiana,Yes,None
PSAUKPR,651737,1,1,4,4,48,24.6795,26.7435,0.7666666666666667,1.2083333333333333,55920,2020-09-09 08:42:42.888000-04:00,18,1,0,,0.0,0.0,0.0,0,,,,,401372,2020-07-29 13:06:49.238000-04:00,888.0,Louisiana,Yes,None
PSAUKPR,733534,1,0,18,18,89,32.863,45.877,0.3,1.9213483146067416,56041,2020-09-09 10:33:45.316000-04:00,21,1,19,0.0,0.0,49.6240601503759,79.2929292929293,768,61.9705,42.2605,0.4351145038167939,1.6588541666666667,625120,2020-09-09 10:31:57.345000-04:00,,,,
PSAUKPR,734719,0,0,14,11,51,89.136,109.383,0.6764705882352942,1.2745098039215685,56041,2020-09-09 10:33:45.316000-04:00,21,1,19,0.0,0.0,49.6240601503759,79.2929292929293,768,61.9705,42.2605,0.4351145038167939,1.6588541666666667,625120,2020-09-09 10:31:57.345000-04:00,,,,
PSAUKPR,735890,0,0,18,16,72,61.195,99.414,0.6122448979591837,1.3194444444444444,56041,2020-09-09 10:33:45.316000-04:00,21,1,19,0.0,0.0,49.6240601503759,79.2929292929293,768,61.9705,42.2605,0.4351145038167939,1.6588541666666667,625120,2020-09-09 10:31:57.345000-04:00,,,,
PSAUKPR,736913,0,0,18,18,79,21.675,28.221,0.62,1.4430379746835442,56041,2020-09-09 10:33:45.316000-04:00,21,1,19,0.0,0.0,49.6240601503759,79.2929292929293,768,61.9705,42.2605,0.4351145038167939,1.6588541666666667,625120,2020-09-09 10:31:57.345000-04:00,,,,
PSAUKPR,740031,0,0,18,18,79,26.78,47.586,0.3,1.4936708860759493,56041,2020-09-09 10:33:45.316000-04:00,21,1,19,0.0,0.0,49.6240601503759,79.2929292929293,768,61.9705,42.2605,0.4351145038167939,1.6588541666666667,625120,2020-09-09 10:31:57.345000-04:00,,,,
PSAUKPR,740422,0,0,7,3,21,88.637,141.946,0.26666666666666666,1.8571428571428572,56041,2020-09-09 10:33:45.316000-04:00,21,1,19,0.0,0.0,49.6240601503759,79.2929292929293,768,61.9705,42.2605,0.4351145038167939,1.6588541666666667,625120,2020-09-09 10:31:57.345000-04:00,,,,
PSAUKPR,741573,0,0,6,5,32,46.281,75.3085,0.35714285714285715,1.53125,56041,2020-09-09 10:33:45.316000-04:00,21,1,19,0.0,0.0,49.6240601503759,79.2929292929293,768,61.9705,42.2605,0.4351145038167939,1.6588541666666667,625120,2020-09-09 10:31:57.345000-04:00,,,,
PSAUKPR,745039,1,1,17,17,81,94.817,120.126,0.6538461538461539,1.4074074074074074,56041,2020-09-09 10:33:45.316000-04:00,21,1,19,0.0,0.0,49.6240601503759,79.2929292929293,768,61.9705,42.2605,0.4351145038167939,1.6588541666666667,625120,2020-09-09 10:31:57.345000-04:00,,,,
PSAUKPR,803243,1,0,4,2,24,23.117,32.376,0.35,1.8333333333333333,56041,2020-09-09 10:33:45.316000-04:00,21,1,19,0.0,0.0,49.6240601503759,79.2929292929293,768,61.9705,42.2605,0.4351145038167939,1.6588541666666667,625120,2020-09-09 10:31:57.345000-04:00,,,,
PSAUKPR,733450,1,1,10,6,41,40.089,57.059,0.18181818181818182,3.292682926829268,56041,2020-09-09 10:33:45.316000-04:00,21,1,19,0.0,0.0,49.6240601503759,79.2929292929293,768,61.9705,42.2605,0.4351145038167939,1.6588541666666667,625120,2020-09-09 10:31:57.345000-04:00,,,,
PSAUKPR,733454,1,0,17,17,88,51.295,63.0755,0.27419354838709675,1.8636363636363635,56041,2020-09-09 10:33:45.316000-04:00,21,1,19,0.0,0.0,49.6240601503759,79.2929292929293,768,61.9705,42.2605,0.4351145038167939,1.6588541666666667,625120,2020-09-09 10:31:57.345000-04:00,,,,
PSAUKPR,772003,1,0,16,9,42,60.3955,75.967,0.6666666666666666,1.4523809523809523,56042,2020-09-09 10:33:45.317000-04:00,16,1,18,0.0,0.0,55.9027777777778,86.9565217391304,618,60.85,46.5075,0.454320987654321,1.6116504854368932,625120,2020-09-09 10:31:57.345000-04:00,,,,
PSAUKPR,818336,1,0,14,10,52,53.0675,64.127,0.7777777777777778,1.2884615384615385,56042,2020-09-09 10:33:45.317000-04:00,16,1,18,0.0,0.0,55.9027777777778,86.9565217391304,618,60.85,46.5075,0.454320987654321,1.6116504854368932,625120,2020-09-09 10:31:57.345000-04:00,,,,
PSAUKPR,733537,1,0,14,13,63,37.721,50.438,0.18604651162790697,1.746031746031746,56042,2020-09-09 10:33:45.317000-04:00,16,1,18,0.0,0.0,55.9027777777778,86.9565217391304,618,60.85,46.5075,0.454320987654321,1.6116504854368932,625120,2020-09-09 10:31:57.345000-04:00,,,,
PSAUKPR,799327,0,0,8,5,29,24.536,35.254,0.34782608695652173,1.2413793103448276,56042,2020-09-09 10:33:45.317000-04:00,16,1,18,0.0,0.0,55.9027777777778,86.9565217391304,618,60.85,46.5075,0.454320987654321,1.6116504854368932,625120,2020-09-09 10:31:57.345000-04:00,,,,
PSAUKPR,733970,1,1,17,17,82,55.112,73.052,0.4339622641509434,1.8048780487804879,56042,2020-09-09 10:33:45.317000-04:00,16,1,18,0.0,0.0,55.9027777777778,86.9565217391304,618,60.85,46.5075,0.454320987654321,1.6116504854368932,625120,2020-09-09 10:31:57.345000-04:00,,,,
PSAUKPR,736271,0,0,15,11,54,29.7515,40.3545,0.3055555555555556,1.8518518518518519,56042,2020-09-09 10:33:45.317000-04:00,16,1,18,0.0,0.0,55.9027777777778,86.9565217391304,618,60.85,46.5075,0.454320987654321,1.6116504854368932,625120,2020-09-09 10:31:57.345000-04:00,,,,
PSAUKPR,742619,1,1,18,18,87,55.105,85.787,0.6724137931034483,1.3218390804597702,56042,2020-09-09 10:33:45.317000-04:00,16,1,18,0.0,0.0,55.9027777777778,86.9565217391304,618,60.85,46.5075,0.454320987654321,1.6116504854368932,625120,2020-09-09 10:31:57.345000-04:00,,,,
PSAUKPR,746746,0,0,16,16,68,31.018,48.9485,0.18604651162790697,2.235294117647059,56042,2020-09-09 10:33:45.317000-04:00,16,1,18,0.0,0.0,55.9027777777778,86.9565217391304,618,60.85,46.5075,0.454320987654321,1.6116504854368932,625120,2020-09-09 10:31:57.345000-04:00,,,,
PSAUKPR,746089,0,0,16,15,57,75.323,95.076,0.41935483870967744,1.5789473684210527,56042,2020-09-09 10:33:45.317000-04:00,16,1,18,0.0,0.0,55.9027777777778,86.9565217391304,618,60.85,46.5075,0.454320987654321,1.6116504854368932,625120,2020-09-09 10:31:57.345000-04:00,,,,
PSAUKPR,679285,2,2,7,2,83,35.719,38.023,0.8064516129032258,1.3373493975903614,56421,2020-09-09 14:13:41.769000-04:00,2,7,43,21.4285714285714,100.0,18.6046511627907,37.5,177,54.619,35.719,0.6,1.4463276836158192,632264,2020-09-09 14:11:41.270000-04:00,363.0,Colorado,Yes,None
PSAUKPR,677923,4,3,0,0,25,10.135,15.888,0.52,1.8,57141,2020-09-10 10:46:38.087000-04:00,10,3,0,50.0,73.3333333333333,0.0,0.0,63,18.76,11.785,0.6349206349206349,1.619047619047619,642337,2020-09-10 10:45:28.905000-04:00,,,,
PSAUKPR,677921,3,3,0,0,16,12.1115,12.1165,0.9375,1.0625,57141,2020-09-10 10:46:38.087000-04:00,10,3,0,50.0,73.3333333333333,0.0,0.0,63,18.76,11.785,0.6349206349206349,1.619047619047619,642337,2020-09-10 10:45:28.905000-04:00,,,,
PSAUKPR,677884,2,0,0,0,9,15.492,15.497,0.8888888888888888,1.1111111111111112,57141,2020-09-10 10:46:38.087000-04:00,10,3,0,50.0,73.3333333333333,0.0,0.0,63,18.76,11.785,0.6349206349206349,1.619047619047619,642337,2020-09-10 10:45:28.905000-04:00,,,,
PSAUKPR,698235,0,0,0,0,0,,,,,60695,2020-09-14 19:23:52.278000-04:00,7,0,0,0.0,0.0,0.0,0.0,0,,,,,547832,2020-08-31 14:27:14.246000-04:00,412.0,Connecticut,No,None
PSAUKPR,766469,0,0,0,0,0,,,,,60695,2020-09-14 19:23:52.278000-04:00,7,0,0,0.0,0.0,0.0,0.0,0,,,,,547832,2020-08-31 14:27:14.246000-04:00,412.0,Connecticut,No,None
PSAUKPR,755393,2,1,78,53,977,14.546,25.975,0.3524804177545692,1.4605936540429887,64146,2020-09-20 19:18:03.376000-04:00,35,2,97,67.1428571428571,78.7234042553192,54.6980854197349,78.6752827140549,24548,28.763,22.031,0.5887334717517211,1.3276030633860192,676890,2020-09-14 11:02:31.050000-04:00,1756.0,New York,No,None
PSAUKPR,760774,2,2,84,71,1205,20.071,28.606,0.6597374179431073,1.312863070539419,64146,2020-09-20 19:18:03.376000-04:00,35,2,97,67.1428571428571,78.7234042553192,54.6980854197349,78.6752827140549,24548,28.763,22.031,0.5887334717517211,1.3276030633860192,676890,2020-09-14 11:02:31.050000-04:00,1756.0,New York,No,None
PSAUKPR,764537,0,0,76,73,1164,26.4635,39.6475,0.7241003271537623,1.4510309278350515,64146,2020-09-20 19:18:03.376000-04:00,35,2,97,67.1428571428571,78.7234042553192,54.6980854197349,78.6752827140549,24548,28.763,22.031,0.5887334717517211,1.3276030633860192,676890,2020-09-14 11:02:31.050000-04:00,1756.0,New York,No,None
PSAUKPR,763926,2,2,73,67,1118,6.358,10.839,0.26674641148325356,1.2209302325581395,64146,2020-09-20 19:18:03.376000-04:00,35,2,97,67.1428571428571,78.7234042553192,54.6980854197349,78.6752827140549,24548,28.763,22.031,0.5887334717517211,1.3276030633860192,676890,2020-09-14 11:02:31.050000-04:00,1756.0,New York,No,None
PSAUKPR,771357,2,1,49,26,485,49.181,60.665,0.6715542521994134,1.288659793814433,64146,2020-09-20 19:18:03.376000-04:00,35,2,97,67.1428571428571,78.7234042553192,54.6980854197349,78.6752827140549,24548,28.763,22.031,0.5887334717517211,1.3276030633860192,676890,2020-09-14 11:02:31.050000-04:00,1756.0,New York,No,None
PSAUKPR,770140,2,2,82,76,1230,36.225,46.1695,0.7419354838709677,1.3691056910569106,64146,2020-09-20 19:18:03.376000-04:00,35,2,97,67.1428571428571,78.7234042553192,54.6980854197349,78.6752827140549,24548,28.763,22.031,0.5887334717517211,1.3276030633860192,676890,2020-09-14 11:02:31.050000-04:00,1756.0,New York,No,None
PSAUKPR,767911,2,2,80,66,1116,14.9595,17.708,0.7574671445639187,1.1935483870967742,64146,2020-09-20 19:18:03.376000-04:00,35,2,97,67.1428571428571,78.7234042553192,54.6980854197349,78.6752827140549,24548,28.763,22.031,0.5887334717517211,1.3276030633860192,676890,2020-09-14 11:02:31.050000-04:00,1756.0,New York,No,None
PSAUKPR,754848,2,2,86,79,1313,22.828,30.356,0.5771195097037793,1.2764661081492765,64146,2020-09-20 19:18:03.376000-04:00,35,2,97,67.1428571428571,78.7234042553192,54.6980854197349,78.6752827140549,24548,28.763,22.031,0.5887334717517211,1.3276030633860192,676890,2020-09-14 11:02:31.050000-04:00,1756.0,New York,No,None
PSAUKPR,755055,1,1,76,53,919,51.096,61.307,0.7102526002971769,1.2763873775843309,64146,2020-09-20 19:18:03.376000-04:00,35,2,97,67.1428571428571,78.7234042553192,54.6980854197349,78.6752827140549,24548,28.763,22.031,0.5887334717517211,1.3276030633860192,676890,2020-09-14 11:02:31.050000-04:00,1756.0,New York,No,None
PSAUKPR,779353,0,0,51,42,721,21.461,28.859,0.6036363636363636,1.2649098474341194,64146,2020-09-20 19:18:03.376000-04:00,35,2,97,67.1428571428571,78.7234042553192,54.6980854197349,78.6752827140549,24548,28.763,22.031,0.5887334717517211,1.3276030633860192,676890,2020-09-14 11:02:31.050000-04:00,1756.0,New York,No,None
PSAUKPR,755324,2,1,70,63,916,12.1805,17.6825,0.5313001605136437,1.3919213973799127,64146,2020-09-20 19:18:03.376000-04:00,35,2,97,67.1428571428571,78.7234042553192,54.6980854197349,78.6752827140549,24548,28.763,22.031,0.5887334717517211,1.3276030633860192,676890,2020-09-14 11:02:31.050000-04:00,1756.0,New York,No,None
PSAUKPR,755387,1,1,75,65,1033,19.93,27.081,0.5414965986394558,1.3291384317521782,64146,2020-09-20 19:18:03.376000-04:00,35,2,97,67.1428571428571,78.7234042553192,54.6980854197349,78.6752827140549,24548,28.763,22.031,0.5887334717517211,1.3276030633860192,676890,2020-09-14 11:02:31.050000-04:00,1756.0,New York,No,None
PSAUKPR,765120,2,2,33,18,359,33.517,44.532,0.6336996336996337,1.3676880222841226,64146,2020-09-20 19:18:03.376000-04:00,35,2,97,67.1428571428571,78.7234042553192,54.6980854197349,78.6752827140549,24548,28.763,22.031,0.5887334717517211,1.3276030633860192,676890,2020-09-14 11:02:31.050000-04:00,1756.0,New York,No,None
PSAUKPR,762452,2,2,93,87,1381,18.366,22.122,0.6725838264299803,1.2961622013034033,64146,2020-09-20 19:18:03.376000-04:00,35,2,97,67.1428571428571,78.7234042553192,54.6980854197349,78.6752827140549,24548,28.763,22.031,0.5887334717517211,1.3276030633860192,676890,2020-09-14 11:02:31.050000-04:00,1756.0,New York,No,None
PSAUKPR,787861,1,1,73,46,794,33.097,41.5665,0.6839464882943144,1.353904282115869,64146,2020-09-20 19:18:03.376000-04:00,35,2,97,67.1428571428571,78.7234042553192,54.6980854197349,78.6752827140549,24548,28.763,22.031,0.5887334717517211,1.3276030633860192,676890,2020-09-14 11:02:31.050000-04:00,1756.0,New York,No,None
PSAUKPR,792219,2,2,79,74,1199,12.297,18.189,0.39433551198257083,1.3402835696413677,64146,2020-09-20 19:18:03.376000-04:00,35,2,97,67.1428571428571,78.7234042553192,54.6980854197349,78.6752827140549,24548,28.763,22.031,0.5887334717517211,1.3276030633860192,676890,2020-09-14 11:02:31.050000-04:00,1756.0,New York,No,None
PSAUKPR,755966,2,2,86,84,1344,35.1575,43.9205,0.8002008032128514,1.2194940476190477,64146,2020-09-20 19:18:03.376000-04:00,35,2,97,67.1428571428571,78.7234042553192,54.6980854197349,78.6752827140549,24548,28.763,22.031,0.5887334717517211,1.3276030633860192,676890,2020-09-14 11:02:31.050000-04:00,1756.0,New York,No,None
PSAUKPR,856376,2,1,85,72,1171,26.104,32.03,0.4223744292237443,1.17933390264731,64146,2020-09-20 19:18:03.376000-04:00,35,2,97,67.1428571428571,78.7234042553192,54.6980854197349,78.6752827140549,24548,28.763,22.031,0.5887334717517211,1.3276030633860192,676890,2020-09-14 11:02:31.050000-04:00,1756.0,New York,No,None
PSAUKPR,936960,1,0,43,27,558,16.328,31.1115,0.3834080717488789,2.1684587813620073,64146,2020-09-20 19:18:03.376000-04:00,35,2,97,67.1428571428571,78.7234042553192,54.6980854197349,78.6752827140549,24548,28.763,22.031,0.5887334717517211,1.3276030633860192,676890,2020-09-14 11:02:31.050000-04:00,1756.0,New York,No,None
PSAUKPR,758243,2,2,32,16,308,54.283,62.824,0.7909836065573771,1.1915584415584417,64146,2020-09-20 19:18:03.376000-04:00,35,2,97,67.1428571428571,78.7234042553192,54.6980854197349,78.6752827140549,24548,28.763,22.031,0.5887334717517211,1.3276030633860192,676890,2020-09-14 11:02:31.050000-04:00,1756.0,New York,No,None
PSAUKPR,757221,2,2,82,76,1296,22.017,30.3925,0.5067497403946002,1.3842592592592593,64146,2020-09-20 19:18:03.376000-04:00,35,2,97,67.1428571428571,78.7234042553192,54.6980854197349,78.6752827140549,24548,28.763,22.031,0.5887334717517211,1.3276030633860192,676890,2020-09-14 11:02:31.050000-04:00,1756.0,New York,No,None
PSAUKPR,753954,2,2,53,32,411,58.487,68.89,0.8172757475083057,1.1508515815085159,64741,2020-09-21 13:53:34.497000-04:00,24,10,128,20.8333333333333,86.0,21.6471354166667,69.9248120300752,7202,39.8875,30.0075,0.6380646380646381,1.3864204387670092,747490,2020-09-20 21:41:23.182000-04:00,1756.0,New York,No,None
PSAUKPR,750042,10,9,149,130,1932,43.969,48.9195,0.8895306859205776,1.1066252587991718,64741,2020-09-21 13:53:34.497000-04:00,24,10,128,20.8333333333333,86.0,21.6471354166667,69.9248120300752,7202,39.8875,30.0075,0.6380646380646381,1.3864204387670092,747490,2020-09-20 21:41:23.182000-04:00,1756.0,New York,No,None
PSAUKPR,870894,8,7,46,31,561,34.559,43.346,0.6530612244897959,1.7254901960784315,64741,2020-09-21 13:53:34.497000-04:00,24,10,128,20.8333333333333,86.0,21.6471354166667,69.9248120300752,7202,39.8875,30.0075,0.6380646380646381,1.3864204387670092,747490,2020-09-20 21:41:23.182000-04:00,1756.0,New York,No,None
PSAUKPR,897378,7,6,113,85,1406,27.461,32.3595,0.7203065134099617,1.3129445234708392,64742,2020-09-21 13:53:34.499000-04:00,23,9,127,30.4347826086957,76.1904761904762,32.8312221841835,63.1908237747654,10369,39.941,31.427,0.6791269115148346,1.3512392709036551,747490,2020-09-20 21:41:23.182000-04:00,1756.0,New York,No,None
PSAUKPR,768430,3,3,97,69,1111,51.481,60.565,0.6376988984088128,1.3582358235823582,64742,2020-09-21 13:53:34.499000-04:00,23,9,127,30.4347826086957,76.1904761904762,32.8312221841835,63.1908237747654,10369,39.941,31.427,0.6791269115148346,1.3512392709036551,747490,2020-09-20 21:41:23.182000-04:00,1756.0,New York,No,None
PSAUKPR,896176,8,7,63,49,681,25.643,40.465,0.4541387024608501,1.7694566813509545,64742,2020-09-21 13:53:34.499000-04:00,23,9,127,30.4347826086957,76.1904761904762,32.8312221841835,63.1908237747654,10369,39.941,31.427,0.6791269115148346,1.3512392709036551,747490,2020-09-20 21:41:23.182000-04:00,1756.0,New York,No,None
PSAUKPR,750374,15,15,235,209,3087,16.554,21.296,0.5602546612096407,1.2866861030126335,64742,2020-09-21 13:53:34.499000-04:00,23,9,127,30.4347826086957,76.1904761904762,32.8312221841835,63.1908237747654,10369,39.941,31.427,0.6791269115148346,1.3512392709036551,747490,2020-09-20 21:41:23.182000-04:00,1756.0,New York,No,None
PSAUKPR,768667,7,7,114,70,1294,28.5115,33.0235,0.8522167487684729,1.1553323029366307,64742,2020-09-21 13:53:34.499000-04:00,23,9,127,30.4347826086957,76.1904761904762,32.8312221841835,63.1908237747654,10369,39.941,31.427,0.6791269115148346,1.3512392709036551,747490,2020-09-20 21:41:23.182000-04:00,1756.0,New York,No,None
PSAUKPR,763286,11,10,128,117,1895,48.675,58.302,0.6075110456553755,1.4306068601583113,64742,2020-09-21 13:53:34.499000-04:00,23,9,127,30.4347826086957,76.1904761904762,32.8312221841835,63.1908237747654,10369,39.941,31.427,0.6791269115148346,1.3512392709036551,747490,2020-09-20 21:41:23.182000-04:00,1756.0,New York,No,None
PSAUKPR,98603,17,15,57,56,556,27.901,35.9265,0.6126582278481013,1.6223021582733812,70071,2020-10-07 12:19:42.805000-04:00,14,135,0,0.634920634920635,83.3333333333333,0.0,0.0,70,58.47,39.656,0.6142857142857143,1.8285714285714285,71300,2019-10-25 11:29:09.575000-04:00,638.0,Illinois,No,None
PSAUKPR,279134,16,16,50,48,420,46.509,53.9865,0.8525641025641025,1.1738095238095239,70071,2020-10-07 12:19:42.805000-04:00,14,135,0,0.634920634920635,83.3333333333333,0.0,0.0,70,58.47,39.656,0.6142857142857143,1.8285714285714285,71300,2019-10-25 11:29:09.575000-04:00,638.0,Illinois,No,None
PSAUKPR,98153,16,16,57,57,505,38.928,44.254,0.6260623229461756,1.4118811881188118,70071,2020-10-07 12:19:42.805000-04:00,14,135,0,0.634920634920635,83.3333333333333,0.0,0.0,70,58.47,39.656,0.6142857142857143,1.8285714285714285,71300,2019-10-25 11:29:09.575000-04:00,638.0,Illinois,No,None
PSAUKPR,98351,16,16,55,55,470,41.1905,47.5615,0.84,1.1638297872340426,70071,2020-10-07 12:19:42.805000-04:00,14,135,0,0.634920634920635,83.3333333333333,0.0,0.0,70,58.47,39.656,0.6142857142857143,1.8285714285714285,71300,2019-10-25 11:29:09.575000-04:00,638.0,Illinois,No,None
PSAUKPR,98151,16,16,48,46,445,27.222,37.071,0.8095238095238095,1.195505617977528,70071,2020-10-07 12:19:42.805000-04:00,14,135,0,0.634920634920635,83.3333333333333,0.0,0.0,70,58.47,39.656,0.6142857142857143,1.8285714285714285,71300,2019-10-25 11:29:09.575000-04:00,638.0,Illinois,No,None
PSAUKPR,98601,15,15,53,53,444,46.7695,48.756,0.8,1.1756756756756757,70071,2020-10-07 12:19:42.805000-04:00,14,135,0,0.634920634920635,83.3333333333333,0.0,0.0,70,58.47,39.656,0.6142857142857143,1.8285714285714285,71300,2019-10-25 11:29:09.575000-04:00,638.0,Illinois,No,None
PSAUKPR,98536,16,15,50,48,437,41.601,48.334,0.7320261437908496,1.4210526315789473,70071,2020-10-07 12:19:42.805000-04:00,14,135,0,0.634920634920635,83.3333333333333,0.0,0.0,70,58.47,39.656,0.6142857142857143,1.8285714285714285,71300,2019-10-25 11:29:09.575000-04:00,638.0,Illinois,No,None
PSAUKPR,98492,16,16,57,55,494,35.771,46.525,0.6695906432748538,1.562753036437247,70071,2020-10-07 12:19:42.805000-04:00,14,135,0,0.634920634920635,83.3333333333333,0.0,0.0,70,58.47,39.656,0.6142857142857143,1.8285714285714285,71300,2019-10-25 11:29:09.575000-04:00,638.0,Illinois,No,None
PSAUKPR,862330,10,8,59,33,401,14.237,19.64,0.5492537313432836,1.653366583541147,71100,2020-10-13 12:06:33.020000-04:00,29,14,83,68.2266009852217,82.3104693140794,69.8795180722892,88.5850178359096,16896,25.2415,19.0925,0.6300749752440232,1.4682173295454546,118171,2020-03-16 13:58:56.013000-04:00,203.0,California,No,None
PSAUKPR,1012803,5,5,23,19,307,21.483,27.126,0.737410071942446,1.3485342019543973,71100,2020-10-13 12:06:33.020000-04:00,29,14,83,68.2266009852217,82.3104693140794,69.8795180722892,88.5850178359096,16896,25.2415,19.0925,0.6300749752440232,1.4682173295454546,118171,2020-03-16 13:58:56.013000-04:00,203.0,California,No,None
PSAUKPR,862317,14,14,81,78,914,27.5915,32.3985,0.6201044386422977,1.4726477024070022,71100,2020-10-13 12:06:33.020000-04:00,29,14,83,68.2266009852217,82.3104693140794,69.8795180722892,88.5850178359096,16896,25.2415,19.0925,0.6300749752440232,1.4682173295454546,118171,2020-03-16 13:58:56.013000-04:00,203.0,California,No,None
PSAUKPR,862153,14,14,81,80,909,16.329,17.705,0.852437417654809,1.1496149614961495,71100,2020-10-13 12:06:33.020000-04:00,29,14,83,68.2266009852217,82.3104693140794,69.8795180722892,88.5850178359096,16896,25.2415,19.0925,0.6300749752440232,1.4682173295454546,118171,2020-03-16 13:58:56.013000-04:00,203.0,California,No,None
PSAUKPR,862218,14,13,79,76,853,12.273,13.382,0.78954802259887,1.208675263774912,71100,2020-10-13 12:06:33.020000-04:00,29,14,83,68.2266009852217,82.3104693140794,69.8795180722892,88.5850178359096,16896,25.2415,19.0925,0.6300749752440232,1.4682173295454546,118171,2020-03-16 13:58:56.013000-04:00,203.0,California,No,None
PSAUKPR,862259,14,10,81,79,952,27.7735,41.658,0.4763681592039801,1.7909663865546217,71100,2020-10-13 12:06:33.020000-04:00,29,14,83,68.2266009852217,82.3104693140794,69.8795180722892,88.5850178359096,16896,25.2415,19.0925,0.6300749752440232,1.4682173295454546,118171,2020-03-16 13:58:56.013000-04:00,203.0,California,No,None
PSAUKPR,862316,14,14,81,79,911,28.115,32.329,0.7945026178010471,1.2667398463227224,71100,2020-10-13 12:06:33.020000-04:00,29,14,83,68.2266009852217,82.3104693140794,69.8795180722892,88.5850178359096,16896,25.2415,19.0925,0.6300749752440232,1.4682173295454546,118171,2020-03-16 13:58:56.013000-04:00,203.0,California,No,None
PSAUKPR,309501,14,12,91,90,1035,30.722,39.984,0.6270207852193995,1.5555555555555556,71100,2020-10-13 12:06:33.020000-04:00,29,14,83,68.2266009852217,82.3104693140794,69.8795180722892,88.5850178359096,16896,25.2415,19.0925,0.6300749752440232,1.4682173295454546,118171,2020-03-16 13:58:56.013000-04:00,203.0,California,No,None
PSAUKPR,308511,14,10,91,83,834,50.336,74.4335,0.4014814814814815,1.9688249400479616,71100,2020-10-13 12:06:33.020000-04:00,29,14,83,68.2266009852217,82.3104693140794,69.8795180722892,88.5850178359096,16896,25.2415,19.0925,0.6300749752440232,1.4682173295454546,118171,2020-03-16 13:58:56.013000-04:00,203.0,California,No,None
PSAUKPR,307822,14,14,82,82,899,19.856,20.708,0.9053333333333333,1.0989988876529477,71100,2020-10-13 12:06:33.020000-04:00,29,14,83,68.2266009852217,82.3104693140794,69.8795180722892,88.5850178359096,16896,25.2415,19.0925,0.6300749752440232,1.4682173295454546,118171,2020-03-16 13:58:56.013000-04:00,203.0,California,No,None
PSAUKPR,304465,14,14,90,90,1007,14.889,15.871,0.8878281622911695,1.1668321747765642,71100,2020-10-13 12:06:33.020000-04:00,29,14,83,68.2266009852217,82.3104693140794,69.8795180722892,88.5850178359096,16896,25.2415,19.0925,0.6300749752440232,1.4682173295454546,118171,2020-03-16 13:58:56.013000-04:00,203.0,California,No,None
PSAUKPR,303449,14,13,89,88,1019,17.719,27.15,0.4953161592505855,1.901864573110893,71100,2020-10-13 12:06:33.020000-04:00,29,14,83,68.2266009852217,82.3104693140794,69.8795180722892,88.5850178359096,16896,25.2415,19.0925,0.6300749752440232,1.4682173295454546,118171,2020-03-16 13:58:56.013000-04:00,203.0,California,No,None
PSAUKPR,302805,13,10,69,63,680,11.339,15.589,0.46788990825688076,1.5235294117647058,71100,2020-10-13 12:06:33.020000-04:00,29,14,83,68.2266009852217,82.3104693140794,69.8795180722892,88.5850178359096,16896,25.2415,19.0925,0.6300749752440232,1.4682173295454546,118171,2020-03-16 13:58:56.013000-04:00,203.0,California,No,None
PSAUKPR,862469,14,14,78,78,852,22.4545,30.4555,0.6237762237762238,1.380281690140845,71100,2020-10-13 12:06:33.020000-04:00,29,14,83,68.2266009852217,82.3104693140794,69.8795180722892,88.5850178359096,16896,25.2415,19.0925,0.6300749752440232,1.4682173295454546,118171,2020-03-16 13:58:56.013000-04:00,203.0,California,No,None
PSAUKPR,862429,13,8,77,66,797,31.52,37.398,0.7417910447761195,1.355081555834379,71100,2020-10-13 12:06:33.020000-04:00,29,14,83,68.2266009852217,82.3104693140794,69.8795180722892,88.5850178359096,16896,25.2415,19.0925,0.6300749752440232,1.4682173295454546,118171,2020-03-16 13:58:56.013000-04:00,203.0,California,No,None
PSAUKPR,862403,8,4,57,41,485,19.702,33.165,0.45351473922902497,1.7360824742268042,71100,2020-10-13 12:06:33.020000-04:00,29,14,83,68.2266009852217,82.3104693140794,69.8795180722892,88.5850178359096,16896,25.2415,19.0925,0.6300749752440232,1.4682173295454546,118171,2020-03-16 13:58:56.013000-04:00,203.0,California,No,None
PSAUKPR,302589,13,12,89,77,806,15.711,22.4625,0.47320061255742724,1.5694789081885856,71100,2020-10-13 12:06:33.020000-04:00,29,14,83,68.2266009852217,82.3104693140794,69.8795180722892,88.5850178359096,16896,25.2415,19.0925,0.6300749752440232,1.4682173295454546,118171,2020-03-16 13:58:56.013000-04:00,203.0,California,No,None
PSAUKPR,862345,10,10,72,65,730,23.567,34.0915,0.5245098039215687,1.5575342465753426,71100,2020-10-13 12:06:33.020000-04:00,29,14,83,68.2266009852217,82.3104693140794,69.8795180722892,88.5850178359096,16896,25.2415,19.0925,0.6300749752440232,1.4682173295454546,118171,2020-03-16 13:58:56.013000-04:00,203.0,California,No,None
PSAUKPR,453570,15,14,42,42,463,18.613,22.191,0.6167146974063401,1.3930885529157666,72671,2020-10-22 10:46:59.826000-04:00,20,15,0,,0.0,0.0,0.0,0,,,,,71300,2019-10-25 11:29:09.575000-04:00,638.0,Illinois,No,None
PSAUKPR,457412,15,15,39,34,422,14.495,17.108,0.7040498442367601,1.319905213270142,72671,2020-10-22 10:46:59.826000-04:00,20,15,0,,0.0,0.0,0.0,0,,,,,71300,2019-10-25 11:29:09.575000-04:00,638.0,Illinois,No,None
PSAUKPR,457417,15,15,41,41,459,21.812,26.015,0.7005813953488372,1.2723311546840959,72671,2020-10-22 10:46:59.826000-04:00,20,15,0,,0.0,0.0,0.0,0,,,,,71300,2019-10-25 11:29:09.575000-04:00,638.0,Illinois,No,None
PSAUKPR,457419,15,15,39,38,416,16.53,19.6835,0.6753246753246753,1.3774038461538463,72671,2020-10-22 10:46:59.826000-04:00,20,15,0,,0.0,0.0,0.0,0,,,,,71300,2019-10-25 11:29:09.575000-04:00,638.0,Illinois,No,None
PSAUKPR,457421,15,15,41,41,512,23.3955,28.527,0.6115485564304461,1.306640625,72671,2020-10-22 10:46:59.826000-04:00,20,15,0,,0.0,0.0,0.0,0,,,,,71300,2019-10-25 11:29:09.575000-04:00,638.0,Illinois,No,None
PSAUKPR,457424,15,14,40,40,505,26.022,33.189,0.587467362924282,1.4257425742574257,72671,2020-10-22 10:46:59.826000-04:00,20,15,0,,0.0,0.0,0.0,0,,,,,71300,2019-10-25 11:29:09.575000-04:00,638.0,Illinois,No,None
PSAUKPR,457436,15,15,40,40,463,23.377,32.157,0.5043478260869565,1.6652267818574513,72671,2020-10-22 10:46:59.826000-04:00,20,15,0,,0.0,0.0,0.0,0,,,,,71300,2019-10-25 11:29:09.575000-04:00,638.0,Illinois,No,None
PSAUKPR,465063,15,15,40,40,457,22.631,27.201,0.7034883720930233,1.463894967177243,72671,2020-10-22 10:46:59.826000-04:00,20,15,0,,0.0,0.0,0.0,0,,,,,71300,2019-10-25 11:29:09.575000-04:00,638.0,Illinois,No,None
PSAUKPR,475062,15,15,44,44,497,22.369,27.465,0.7527777777777778,1.2233400402414487,72671,2020-10-22 10:46:59.826000-04:00,20,15,0,,0.0,0.0,0.0,0,,,,,71300,2019-10-25 11:29:09.575000-04:00,638.0,Illinois,No,None
PSAUKPR,453576,15,15,42,39,458,35.583,40.8395,0.7122093023255814,1.255458515283843,72672,2020-10-22 10:46:59.829000-04:00,16,15,0,,0.0,0.0,0.0,0,,,,,71300,2019-10-25 11:29:09.575000-04:00,638.0,Illinois,No,None
PSAUKPR,453587,15,15,42,39,497,47.033,62.13,0.5664893617021277,1.5694164989939638,72672,2020-10-22 10:46:59.829000-04:00,16,15,0,,0.0,0.0,0.0,0,,,,,71300,2019-10-25 11:29:09.575000-04:00,638.0,Illinois,No,None
PSAUKPR,453579,15,15,41,39,453,39.182,43.279,0.7521865889212828,1.2075055187637969,72672,2020-10-22 10:46:59.829000-04:00,16,15,0,,0.0,0.0,0.0,0,,,,,71300,2019-10-25 11:29:09.575000-04:00,638.0,Illinois,No,None
PSAUKPR,453568,15,15,42,40,458,37.75,45.3385,0.6831395348837209,1.314410480349345,72672,2020-10-22 10:46:59.829000-04:00,16,15,0,,0.0,0.0,0.0,0,,,,,71300,2019-10-25 11:29:09.575000-04:00,638.0,Illinois,No,None
PSAUKPR,453578,15,15,42,40,458,57.2995,71.261,0.7280701754385965,1.2925764192139737,72672,2020-10-22 10:46:59.829000-04:00,16,15,0,,0.0,0.0,0.0,0,,,,,71300,2019-10-25 11:29:09.575000-04:00,638.0,Illinois,No,None
PSAUKPR,453590,15,13,42,42,507,59.427,72.005,0.6299212598425197,1.3550295857988166,72672,2020-10-22 10:46:59.829000-04:00,16,15,0,,0.0,0.0,0.0,0,,,,,71300,2019-10-25 11:29:09.575000-04:00,638.0,Illinois,No,None
PSAUKPR,326952,15,15,31,21,301,12.503,14.826,0.6194331983805668,1.3754152823920267,72672,2020-10-22 10:46:59.829000-04:00,16,15,0,,0.0,0.0,0.0,0,,,,,71300,2019-10-25 11:29:09.575000-04:00,638.0,Illinois,No,None
PSAUKPR,457427,15,15,48,43,489,25.941,29.76,0.659400544959128,1.3415132924335378,72672,2020-10-22 10:46:59.829000-04:00,16,15,0,,0.0,0.0,0.0,0,,,,,71300,2019-10-25 11:29:09.575000-04:00,638.0,Illinois,No,None
PSAUKPR,453577,15,15,42,38,464,40.3215,50.692,0.6905444126074498,1.2672413793103448,72672,2020-10-22 10:46:59.829000-04:00,16,15,0,,0.0,0.0,0.0,0,,,,,71300,2019-10-25 11:29:09.575000-04:00,638.0,Illinois,No,None
PSAUKPR,896081,0,0,0,0,0,,,,,73168,2020-10-26 14:39:43.805000-04:00,11,0,0,0.0,0.0,0.0,0.0,0,,,,,890362,2020-10-26 14:32:04.148000-04:00,,,,
PSAUKPR,912880,1,1,0,0,3,14.149,14.151,1.0,1.0,73168,2020-10-26 14:39:43.805000-04:00,11,0,0,0.0,0.0,0.0,0.0,0,,,,,890362,2020-10-26 14:32:04.148000-04:00,,,,
PSAUKPR,896082,1,1,1,1,10,25.6375,25.65,0.875,1.1,73168,2020-10-26 14:39:43.805000-04:00,11,0,0,0.0,0.0,0.0,0.0,0,,,,,890362,2020-10-26 14:32:04.148000-04:00,,,,
PSAUKPR,896087,1,1,0,0,3,22.032,22.038,1.0,1.0,73168,2020-10-26 14:39:43.805000-04:00,11,0,0,0.0,0.0,0.0,0.0,0,,,,,890362,2020-10-26 14:32:04.148000-04:00,,,,
PSAUKPR,901731,0,0,0,0,0,,,,,73168,2020-10-26 14:39:43.805000-04:00,11,0,0,0.0,0.0,0.0,0.0,0,,,,,890362,2020-10-26 14:32:04.148000-04:00,,,,
PSAUKPR,454035,16,15,4,3,101,16.232,18.725,0.8297872340425532,1.188118811881188,73342,2020-10-27 15:48:52.013000-04:00,48,15,0,,0.0,0.0,0.0,0,,,,,406113,2020-08-06 13:23:19.110000-04:00,638.0,Illinois,No,None
PSAUKPR,453378,15,14,3,3,122,9.4795,12.198,0.6611570247933884,1.4836065573770492,73342,2020-10-27 15:48:52.013000-04:00,48,15,0,,0.0,0.0,0.0,0,,,,,406113,2020-08-06 13:23:19.110000-04:00,638.0,Illinois,No,None
PSAUKPR,453381,15,15,3,3,109,5.587,5.709,0.8611111111111112,1.1926605504587156,73342,2020-10-27 15:48:52.013000-04:00,48,15,0,,0.0,0.0,0.0,0,,,,,406113,2020-08-06 13:23:19.110000-04:00,638.0,Illinois,No,None
PSAUKPR,454016,14,12,3,2,77,8.853,11.463,0.7333333333333333,1.4285714285714286,73342,2020-10-27 15:48:52.013000-04:00,48,15,0,,0.0,0.0,0.0,0,,,,,406113,2020-08-06 13:23:19.110000-04:00,638.0,Illinois,No,None
PSAUKPR,454027,15,13,2,1,85,14.75,15.541,0.7857142857142857,1.2470588235294118,73342,2020-10-27 15:48:52.013000-04:00,48,15,0,,0.0,0.0,0.0,0,,,,,406113,2020-08-06 13:23:19.110000-04:00,638.0,Illinois,No,None
PSAUKPR,454032,7,5,1,1,33,8.542,8.547,0.84375,1.4545454545454546,73342,2020-10-27 15:48:52.013000-04:00,48,15,0,,0.0,0.0,0.0,0,,,,,406113,2020-08-06 13:23:19.110000-04:00,638.0,Illinois,No,None
PSAUKPR,454038,17,15,3,2,103,10.169,11.017,0.8144329896907216,1.2330097087378642,73342,2020-10-27 15:48:52.013000-04:00,48,15,0,,0.0,0.0,0.0,0,,,,,406113,2020-08-06 13:23:19.110000-04:00,638.0,Illinois,No,None
PSAUKPR,454039,15,15,3,2,97,10.493,12.146,0.8461538461538461,1.1855670103092784,73342,2020-10-27 15:48:52.013000-04:00,48,15,0,,0.0,0.0,0.0,0,,,,,406113,2020-08-06 13:23:19.110000-04:00,638.0,Illinois,No,None
PSAUKPR,454040,8,7,2,1,43,16.946,24.428,0.825,1.3953488372093024,73342,2020-10-27 15:48:52.013000-04:00,48,15,0,,0.0,0.0,0.0,0,,,,,406113,2020-08-06 13:23:19.110000-04:00,638.0,Illinois,No,None
PSAUKPR,454052,15,14,3,2,95,9.655,12.126,0.6847826086956522,1.4736842105263157,73342,2020-10-27 15:48:52.013000-04:00,48,15,0,,0.0,0.0,0.0,0,,,,,406113,2020-08-06 13:23:19.110000-04:00,638.0,Illinois,No,None
PSAUKPR,454820,15,14,3,2,87,17.103,17.591,0.8674698795180723,1.2873563218390804,73342,2020-10-27 15:48:52.013000-04:00,48,15,0,,0.0,0.0,0.0,0,,,,,406113,2020-08-06 13:23:19.110000-04:00,638.0,Illinois,No,None
PSAUKPR,454821,15,13,2,2,83,14.176,16.077,0.7037037037037037,1.5180722891566265,73342,2020-10-27 15:48:52.013000-04:00,48,15,0,,0.0,0.0,0.0,0,,,,,406113,2020-08-06 13:23:19.110000-04:00,638.0,Illinois,No,None
PSAUKPR,454822,16,11,2,2,116,12.4275,16.2865,0.5877192982456141,1.3706896551724137,73342,2020-10-27 15:48:52.013000-04:00,48,15,0,,0.0,0.0,0.0,0,,,,,406113,2020-08-06 13:23:19.110000-04:00,638.0,Illinois,No,None
PSAUKPR,454823,15,15,2,2,89,8.943,9.763,0.8620689655172413,1.2247191011235956,73342,2020-10-27 15:48:52.013000-04:00,48,15,0,,0.0,0.0,0.0,0,,,,,406113,2020-08-06 13:23:19.110000-04:00,638.0,Illinois,No,None
PSAUKPR,454824,15,13,2,2,96,12.972,14.438,0.7340425531914894,1.4270833333333333,73342,2020-10-27 15:48:52.013000-04:00,48,15,0,,0.0,0.0,0.0,0,,,,,406113,2020-08-06 13:23:19.110000-04:00,638.0,Illinois,No,None
PSAUKPR,454827,15,15,3,1,80,9.494,9.9925,0.8227848101265823,1.3,73342,2020-10-27 15:48:52.013000-04:00,48,15,0,,0.0,0.0,0.0,0,,,,,406113,2020-08-06 13:23:19.110000-04:00,638.0,Illinois,No,None
PSAUKPR,454838,15,12,2,1,71,12.852,13.284,0.8405797101449275,1.1549295774647887,73342,2020-10-27 15:48:52.013000-04:00,48,15,0,,0.0,0.0,0.0,0,,,,,406113,2020-08-06 13:23:19.110000-04:00,638.0,Illinois,No,None
PSAUKPR,454839,15,14,3,1,104,14.6475,19.491,0.6893203883495146,1.5480769230769231,73342,2020-10-27 15:48:52.013000-04:00,48,15,0,,0.0,0.0,0.0,0,,,,,406113,2020-08-06 13:23:19.110000-04:00,638.0,Illinois,No,None
PSAUKPR,484905,6,6,2,1,55,21.387,24.616,0.8363636363636363,1.2,73342,2020-10-27 15:48:52.013000-04:00,48,15,0,,0.0,0.0,0.0,0,,,,,406113,2020-08-06 13:23:19.110000-04:00,638.0,Illinois,No,None
PSAUKPR,488201,14,13,1,1,73,12.043,12.594,0.8194444444444444,1.178082191780822,73342,2020-10-27 15:48:52.013000-04:00,48,15,0,,0.0,0.0,0.0,0,,,,,406113,2020-08-06 13:23:19.110000-04:00,638.0,Illinois,No,None
PSAUKPR,898876,15,12,0,0,75,7.159,7.166,0.8666666666666667,1.1866666666666668,73342,2020-10-27 15:48:52.013000-04:00,48,15,0,,0.0,0.0,0.0,0,,,,,406113,2020-08-06 13:23:19.110000-04:00,638.0,Illinois,No,None
PSAUKPR,903705,0,0,0,0,0,,,,,73421,2020-10-28 09:55:31.406000-04:00,2,3,0,,0.0,0.0,0.0,0,,,,,228544,2020-04-07 13:34:48.888000-04:00,1570.0,New York,No,None
PSAUKPR,903332,0,0,0,0,0,,,,,73421,2020-10-28 09:55:31.406000-04:00,2,3,0,,0.0,0.0,0.0,0,,,,,228544,2020-04-07 13:34:48.888000-04:00,1570.0,New York,No,None
PSAUKPR,527182,15,14,34,33,557,19.049,27.198,0.776255707762557,1.2800718132854578,73731,2020-10-30 11:23:47.590000-04:00,14,15,0,,0.0,0.0,0.0,0,,,,,409103,2020-08-10 09:59:48.072000-04:00,638.0,Illinois,No,None
PSAUKPR,552615,16,13,29,29,458,37.356,48.23,0.6945945945945946,1.4585152838427948,73731,2020-10-30 11:23:47.590000-04:00,14,15,0,,0.0,0.0,0.0,0,,,,,409103,2020-08-10 09:59:48.072000-04:00,638.0,Illinois,No,None
PSAUKPR,594991,14,12,28,27,437,23.056,35.209,0.6880222841225627,1.471395881006865,73731,2020-10-30 11:23:47.590000-04:00,14,15,0,,0.0,0.0,0.0,0,,,,,409103,2020-08-10 09:59:48.072000-04:00,638.0,Illinois,No,None
PSAUKPR,572489,15,15,23,20,380,12.7025,20.504,0.5391849529780565,1.5421052631578946,73731,2020-10-30 11:23:47.590000-04:00,14,15,0,,0.0,0.0,0.0,0,,,,,409103,2020-08-10 09:59:48.072000-04:00,638.0,Illinois,No,None
PSAUKPR,527134,15,14,26,19,370,32.238,45.0375,0.6405228758169934,1.4216216216216215,73731,2020-10-30 11:23:47.590000-04:00,14,15,0,,0.0,0.0,0.0,0,,,,,409103,2020-08-10 09:59:48.072000-04:00,638.0,Illinois,No,None
PSAUKPR,527153,15,13,24,24,391,9.5,17.676,0.6246153846153846,1.8746803069053708,73731,2020-10-30 11:23:47.590000-04:00,14,15,0,,0.0,0.0,0.0,0,,,,,409103,2020-08-10 09:59:48.072000-04:00,638.0,Illinois,No,None
PSAUKPR,527156,15,14,21,21,376,15.907,25.8225,0.5095541401273885,1.603723404255319,73731,2020-10-30 11:23:47.590000-04:00,14,15,0,,0.0,0.0,0.0,0,,,,,409103,2020-08-10 09:59:48.072000-04:00,638.0,Illinois,No,None
PSAUKPR,527161,13,8,28,27,419,23.872,31.221,0.6239316239316239,1.7494033412887828,73731,2020-10-30 11:23:47.590000-04:00,14,15,0,,0.0,0.0,0.0,0,,,,,409103,2020-08-10 09:59:48.072000-04:00,638.0,Illinois,No,None
PSAUKPR,527172,15,14,24,23,417,11.12,15.639,0.6317280453257791,1.4508393285371703,73731,2020-10-30 11:23:47.590000-04:00,14,15,0,,0.0,0.0,0.0,0,,,,,409103,2020-08-10 09:59:48.072000-04:00,638.0,Illinois,No,None
PSAUKPR,525830,15,15,19,18,344,9.029,10.435,0.8732394366197183,1.1366279069767442,73732,2020-10-30 11:23:47.593000-04:00,16,15,0,,0.0,0.0,0.0,0,,,,,409103,2020-08-10 09:59:48.072000-04:00,638.0,Illinois,No,None
PSAUKPR,525835,15,15,22,22,394,11.975,12.7205,0.8532110091743119,1.1522842639593909,73732,2020-10-30 11:23:47.593000-04:00,16,15,0,,0.0,0.0,0.0,0,,,,,409103,2020-08-10 09:59:48.072000-04:00,638.0,Illinois,No,None
PSAUKPR,525845,12,12,19,19,347,9.197,12.226,0.7473684210526316,1.2910662824207493,73732,2020-10-30 11:23:47.593000-04:00,16,15,0,,0.0,0.0,0.0,0,,,,,409103,2020-08-10 09:59:48.072000-04:00,638.0,Illinois,No,None
PSAUKPR,525850,15,15,21,20,358,19.4865,29.252,0.7354838709677419,1.399441340782123,73732,2020-10-30 11:23:47.593000-04:00,16,15,0,,0.0,0.0,0.0,0,,,,,409103,2020-08-10 09:59:48.072000-04:00,638.0,Illinois,No,None
PSAUKPR,525828,16,15,22,22,391,16.507,20.903,0.8271604938271605,1.1918158567774937,73732,2020-10-30 11:23:47.593000-04:00,16,15,0,,0.0,0.0,0.0,0,,,,,409103,2020-08-10 09:59:48.072000-04:00,638.0,Illinois,No,None
PSAUKPR,525854,15,15,26,26,436,29.7725,41.106,0.8338028169014085,1.231651376146789,73732,2020-10-30 11:23:47.593000-04:00,16,15,0,,0.0,0.0,0.0,0,,,,,409103,2020-08-10 09:59:48.072000-04:00,638.0,Illinois,No,None
PSAUKPR,534220,14,14,19,19,339,19.196,23.814,0.7474402730375427,1.3539823008849559,73732,2020-10-30 11:23:47.593000-04:00,16,15,0,,0.0,0.0,0.0,0,,,,,409103,2020-08-10 09:59:48.072000-04:00,638.0,Illinois,No,None
PSAUKPR,525818,12,12,26,26,456,19.4855,26.259,0.7076502732240437,1.469298245614035,73732,2020-10-30 11:23:47.593000-04:00,16,15,0,,0.0,0.0,0.0,0,,,,,409103,2020-08-10 09:59:48.072000-04:00,638.0,Illinois,No,None
PSAUKPR,525825,15,15,22,22,398,22.3965,30.0715,0.622356495468278,1.4597989949748744,73732,2020-10-30 11:23:47.593000-04:00,16,15,0,,0.0,0.0,0.0,0,,,,,409103,2020-08-10 09:59:48.072000-04:00,638.0,Illinois,No,None
PSAUKPR,525871,15,15,21,15,322,20.449,24.5505,0.7916666666666666,1.2857142857142858,73732,2020-10-30 11:23:47.593000-04:00,16,15,0,,0.0,0.0,0.0,0,,,,,409103,2020-08-10 09:59:48.072000-04:00,638.0,Illinois,No,None
PSAUKPR,524911,13,13,23,23,380,16.0435,17.067,0.9105431309904153,1.1105263157894738,73732,2020-10-30 11:23:47.593000-04:00,16,15,0,,0.0,0.0,0.0,0,,,,,409103,2020-08-10 09:59:48.072000-04:00,638.0,Illinois,No,None
PSAUKPR,571222,14,12,25,25,444,12.986,16.937,0.7746478873239436,1.268018018018018,73732,2020-10-30 11:23:47.593000-04:00,16,15,0,,0.0,0.0,0.0,0,,,,,409103,2020-08-10 09:59:48.072000-04:00,638.0,Illinois,No,None
PSAUKPR,525816,21,19,26,25,474,11.953,14.2305,0.798469387755102,1.2637130801687764,73732,2020-10-30 11:23:47.593000-04:00,16,15,0,,0.0,0.0,0.0,0,,,,,409103,2020-08-10 09:59:48.072000-04:00,638.0,Illinois,No,None
PSAUKPR,525829,15,15,23,23,404,12.5365,18.485,0.7002967359050445,1.386138613861386,73732,2020-10-30 11:23:47.593000-04:00,16,15,0,,0.0,0.0,0.0,0,,,,,409103,2020-08-10 09:59:48.072000-04:00,638.0,Illinois,No,None
PSAUKPR,530098,16,12,24,24,361,30.637,38.833,0.7457627118644068,1.2326869806094183,73733,2020-10-30 11:23:47.595000-04:00,11,15,0,29.6969696969697,93.8775510204082,0.0,0.0,137,9.52,9.492,0.927007299270073,1.1094890510948905,409103,2020-08-10 09:59:48.072000-04:00,638.0,Illinois,No,None
PSAUKPR,530171,15,15,24,21,347,10.488,15.161,0.6993243243243243,1.3371757925072045,73733,2020-10-30 11:23:47.595000-04:00,11,15,0,29.6969696969697,93.8775510204082,0.0,0.0,137,9.52,9.492,0.927007299270073,1.1094890510948905,409103,2020-08-10 09:59:48.072000-04:00,638.0,Illinois,No,None
PSAUKPR,530135,7,6,17,17,288,24.95,46.633,0.3939393939393939,1.9305555555555556,73733,2020-10-30 11:23:47.595000-04:00,11,15,0,29.6969696969697,93.8775510204082,0.0,0.0,137,9.52,9.492,0.927007299270073,1.1094890510948905,409103,2020-08-10 09:59:48.072000-04:00,638.0,Illinois,No,None
PSAUKPR,764102,6,4,2,1,52,28.927,56.081,0.40384615384615385,2.8846153846153846,73882,2020-11-02 08:03:40.200000-05:00,18,9,1,29.0123456790123,68.0851063829787,27.7777777777778,60.0,191,64.901,46.705,0.5497382198952879,1.9476439790575917,636956,2020-09-09 20:25:41.117000-04:00,1318.0,North Carolina,Yes,None
PSAUKPR,748335,4,3,3,3,31,65.068,86.75,0.4230769230769231,1.2580645161290323,73882,2020-11-02 08:03:40.200000-05:00,18,9,1,29.0123456790123,68.0851063829787,27.7777777777778,60.0,191,64.901,46.705,0.5497382198952879,1.9476439790575917,636956,2020-09-09 20:25:41.117000-04:00,1318.0,North Carolina,Yes,None
PSAUKPR,744986,5,5,7,7,88,64.5485,93.3095,0.6216216216216216,1.4772727272727273,73882,2020-11-02 08:03:40.200000-05:00,18,9,1,29.0123456790123,68.0851063829787,27.7777777777778,60.0,191,64.901,46.705,0.5497382198952879,1.9476439790575917,636956,2020-09-09 20:25:41.117000-04:00,1318.0,North Carolina,Yes,None
PSAUKPR,736326,8,4,8,5,75,48.226,68.983,0.3880597014925373,2.0,73882,2020-11-02 08:03:40.200000-05:00,18,9,1,29.0123456790123,68.0851063829787,27.7777777777778,60.0,191,64.901,46.705,0.5497382198952879,1.9476439790575917,636956,2020-09-09 20:25:41.117000-04:00,1318.0,North Carolina,Yes,None
PSAUKPR,733800,7,7,8,8,75,46.418,50.487,0.8688524590163934,1.1866666666666668,73882,2020-11-02 08:03:40.200000-05:00,18,9,1,29.0123456790123,68.0851063829787,27.7777777777778,60.0,191,64.901,46.705,0.5497382198952879,1.9476439790575917,636956,2020-09-09 20:25:41.117000-04:00,1318.0,North Carolina,Yes,None
PSAUKPR,686680,2,2,7,5,61,36.19,50.431,0.5217391304347826,1.4754098360655739,73882,2020-11-02 08:03:40.200000-05:00,18,9,1,29.0123456790123,68.0851063829787,27.7777777777778,60.0,191,64.901,46.705,0.5497382198952879,1.9476439790575917,636956,2020-09-09 20:25:41.117000-04:00,1318.0,North Carolina,Yes,None
PSAUKPR,814086,4,0,3,0,16,50.2815,62.245,0.5,1.75,73882,2020-11-02 08:03:40.200000-05:00,18,9,1,29.0123456790123,68.0851063829787,27.7777777777778,60.0,191,64.901,46.705,0.5497382198952879,1.9476439790575917,636956,2020-09-09 20:25:41.117000-04:00,1318.0,North Carolina,Yes,None
PSAUKPR,836204,7,6,5,5,56,64.0955,69.0485,0.8958333333333334,1.1964285714285714,73882,2020-11-02 08:03:40.200000-05:00,18,9,1,29.0123456790123,68.0851063829787,27.7777777777778,60.0,191,64.901,46.705,0.5497382198952879,1.9476439790575917,636956,2020-09-09 20:25:41.117000-04:00,1318.0,North Carolina,Yes,None
PSAUKPR,843916,8,6,4,4,53,83.327,100.998,0.625,1.7358490566037736,73882,2020-11-02 08:03:40.200000-05:00,18,9,1,29.0123456790123,68.0851063829787,27.7777777777778,60.0,191,64.901,46.705,0.5497382198952879,1.9476439790575917,636956,2020-09-09 20:25:41.117000-04:00,1318.0,North Carolina,Yes,None
PSAUKPR,844514,5,2,5,5,48,40.71,54.3275,0.4772727272727273,2.25,73882,2020-11-02 08:03:40.200000-05:00,18,9,1,29.0123456790123,68.0851063829787,27.7777777777778,60.0,191,64.901,46.705,0.5497382198952879,1.9476439790575917,636956,2020-09-09 20:25:41.117000-04:00,1318.0,North Carolina,Yes,None
PSAUKPR,881203,5,4,1,0,28,22.2085,64.804,0.39285714285714285,2.25,73882,2020-11-02 08:03:40.200000-05:00,18,9,1,29.0123456790123,68.0851063829787,27.7777777777778,60.0,191,64.901,46.705,0.5497382198952879,1.9476439790575917,636956,2020-09-09 20:25:41.117000-04:00,1318.0,North Carolina,Yes,None
PSAUKPR,886935,2,2,0,0,12,46.4145,46.4195,1.0,1.0,73882,2020-11-02 08:03:40.200000-05:00,18,9,1,29.0123456790123,68.0851063829787,27.7777777777778,60.0,191,64.901,46.705,0.5497382198952879,1.9476439790575917,636956,2020-09-09 20:25:41.117000-04:00,1318.0,North Carolina,Yes,None
PSAUKPR,914242,7,7,0,0,37,19.708,22.01,0.8918918918918919,1.2162162162162162,74728,2020-11-08 08:06:07.297000-05:00,32,10,0,71.5625,85.589519650655,0.0,0.0,1461,31.169,25.224,0.7624914442162902,1.3381245722108146,575699,2020-09-02 13:29:21.348000-04:00,114.0,Georgia,Yes,None
PSAUKPR,914766,10,8,0,0,58,19.0055,21.0895,0.7413793103448276,1.3275862068965516,74728,2020-11-08 08:06:07.297000-05:00,32,10,0,71.5625,85.589519650655,0.0,0.0,1461,31.169,25.224,0.7624914442162902,1.3381245722108146,575699,2020-09-02 13:29:21.348000-04:00,114.0,Georgia,Yes,None
PSAUKPR,567167,14,14,0,0,84,50.7865,63.0325,0.7380952380952381,1.5119047619047619,74728,2020-11-08 08:06:07.297000-05:00,32,10,0,71.5625,85.589519650655,0.0,0.0,1461,31.169,25.224,0.7624914442162902,1.3381245722108146,575699,2020-09-02 13:29:21.348000-04:00,114.0,Georgia,Yes,None
PSAUKPR,592617,15,13,0,0,81,28.651,30.86,0.8024691358024691,1.222222222222222,74728,2020-11-08 08:06:07.297000-05:00,32,10,0,71.5625,85.589519650655,0.0,0.0,1461,31.169,25.224,0.7624914442162902,1.3381245722108146,575699,2020-09-02 13:29:21.348000-04:00,114.0,Georgia,Yes,None
PSAUKPR,562500,14,13,0,0,70,20.175,21.5725,0.9428571428571428,1.1142857142857143,74728,2020-11-08 08:06:07.297000-05:00,32,10,0,71.5625,85.589519650655,0.0,0.0,1461,31.169,25.224,0.7624914442162902,1.3381245722108146,575699,2020-09-02 13:29:21.348000-04:00,114.0,Georgia,Yes,None
PSAUKPR,562269,11,11,0,0,69,26.807,30.736,0.7971014492753623,1.289855072463768,74728,2020-11-08 08:06:07.297000-05:00,32,10,0,71.5625,85.589519650655,0.0,0.0,1461,31.169,25.224,0.7624914442162902,1.3381245722108146,575699,2020-09-02 13:29:21.348000-04:00,114.0,Georgia,Yes,None
PSAUKPR,911953,10,10,0,0,63,11.408,11.765,0.9206349206349206,1.1587301587301586,74728,2020-11-08 08:06:07.297000-05:00,32,10,0,71.5625,85.589519650655,0.0,0.0,1461,31.169,25.224,0.7624914442162902,1.3381245722108146,575699,2020-09-02 13:29:21.348000-04:00,114.0,Georgia,Yes,None
PSAUKPR,911964,9,9,0,0,57,15.91,20.102,0.8070175438596491,1.3333333333333333,74728,2020-11-08 08:06:07.297000-05:00,32,10,0,71.5625,85.589519650655,0.0,0.0,1461,31.169,25.224,0.7624914442162902,1.3381245722108146,575699,2020-09-02 13:29:21.348000-04:00,114.0,Georgia,Yes,None
PSAUKPR,911970,6,2,0,0,28,25.7035,33.0505,0.6428571428571429,1.3928571428571428,74728,2020-11-08 08:06:07.297000-05:00,32,10,0,71.5625,85.589519650655,0.0,0.0,1461,31.169,25.224,0.7624914442162902,1.3381245722108146,575699,2020-09-02 13:29:21.348000-04:00,114.0,Georgia,Yes,None
PSAUKPR,912147,9,9,0,0,51,15.437,15.44,0.9607843137254902,1.0196078431372548,74728,2020-11-08 08:06:07.297000-05:00,32,10,0,71.5625,85.589519650655,0.0,0.0,1461,31.169,25.224,0.7624914442162902,1.3381245722108146,575699,2020-09-02 13:29:21.348000-04:00,114.0,Georgia,Yes,None
PSAUKPR,912356,10,10,0,0,58,9.3095,9.314,0.9310344827586207,1.103448275862069,74728,2020-11-08 08:06:07.297000-05:00,32,10,0,71.5625,85.589519650655,0.0,0.0,1461,31.169,25.224,0.7624914442162902,1.3381245722108146,575699,2020-09-02 13:29:21.348000-04:00,114.0,Georgia,Yes,None
PSAUKPR,912365,10,9,0,0,69,19.369,22.721,0.782608695652174,1.3333333333333333,74728,2020-11-08 08:06:07.297000-05:00,32,10,0,71.5625,85.589519650655,0.0,0.0,1461,31.169,25.224,0.7624914442162902,1.3381245722108146,575699,2020-09-02 13:29:21.348000-04:00,114.0,Georgia,Yes,None
PSAUKPR,912457,10,10,0,0,69,12.452,15.282,0.8115942028985508,1.289855072463768,74728,2020-11-08 08:06:07.297000-05:00,32,10,0,71.5625,85.589519650655,0.0,0.0,1461,31.169,25.224,0.7624914442162902,1.3381245722108146,575699,2020-09-02 13:29:21.348000-04:00,114.0,Georgia,Yes,None
PSAUKPR,912497,10,9,0,0,56,22.2735,23.6145,0.8928571428571429,1.1428571428571428,74728,2020-11-08 08:06:07.297000-05:00,32,10,0,71.5625,85.589519650655,0.0,0.0,1461,31.169,25.224,0.7624914442162902,1.3381245722108146,575699,2020-09-02 13:29:21.348000-04:00,114.0,Georgia,Yes,None
PSAUKPR,912499,10,10,0,0,53,38.609,38.647,0.8867924528301887,1.150943396226415,74728,2020-11-08 08:06:07.297000-05:00,32,10,0,71.5625,85.589519650655,0.0,0.0,1461,31.169,25.224,0.7624914442162902,1.3381245722108146,575699,2020-09-02 13:29:21.348000-04:00,114.0,Georgia,Yes,None
PSAUKPR,913248,10,10,0,0,62,38.626,39.396,0.8225806451612904,1.064516129032258,74728,2020-11-08 08:06:07.297000-05:00,32,10,0,71.5625,85.589519650655,0.0,0.0,1461,31.169,25.224,0.7624914442162902,1.3381245722108146,575699,2020-09-02 13:29:21.348000-04:00,114.0,Georgia,Yes,None
PSAUKPR,918469,8,2,0,0,22,132.0435,156.56,0.5909090909090909,1.5,74728,2020-11-08 08:06:07.297000-05:00,32,10,0,71.5625,85.589519650655,0.0,0.0,1461,31.169,25.224,0.7624914442162902,1.3381245722108146,575699,2020-09-02 13:29:21.348000-04:00,114.0,Georgia,Yes,None
PSAUKPR,920307,10,9,0,0,68,13.282,16.088,0.8382352941176471,1.1617647058823528,74728,2020-11-08 08:06:07.297000-05:00,32,10,0,71.5625,85.589519650655,0.0,0.0,1461,31.169,25.224,0.7624914442162902,1.3381245722108146,575699,2020-09-02 13:29:21.348000-04:00,114.0,Georgia,Yes,None
PSAUKPR,561995,17,16,0,0,94,16.697,18.912,0.8936170212765957,1.0851063829787233,74728,2020-11-08 08:06:07.297000-05:00,32,10,0,71.5625,85.589519650655,0.0,0.0,1461,31.169,25.224,0.7624914442162902,1.3381245722108146,575699,2020-09-02 13:29:21.348000-04:00,114.0,Georgia,Yes,None
PSAUKPR,561828,17,16,0,0,94,45.8825,47.868,0.8297872340425532,1.2659574468085106,74728,2020-11-08 08:06:07.297000-05:00,32,10,0,71.5625,85.589519650655,0.0,0.0,1461,31.169,25.224,0.7624914442162902,1.3381245722108146,575699,2020-09-02 13:29:21.348000-04:00,114.0,Georgia,Yes,None
PSAUKPR,571734,17,15,0,0,114,23.708,32.2465,0.6666666666666666,1.412280701754386,74728,2020-11-08 08:06:07.297000-05:00,32,10,0,71.5625,85.589519650655,0.0,0.0,1461,31.169,25.224,0.7624914442162902,1.3381245722108146,575699,2020-09-02 13:29:21.348000-04:00,114.0,Georgia,Yes,None
PSAUKPR,572979,17,16,0,0,130,35.632,41.4815,0.6153846153846154,1.7615384615384615,74728,2020-11-08 08:06:07.297000-05:00,32,10,0,71.5625,85.589519650655,0.0,0.0,1461,31.169,25.224,0.7624914442162902,1.3381245722108146,575699,2020-09-02 13:29:21.348000-04:00,114.0,Georgia,Yes,None
PSAUKPR,568117,14,10,0,0,97,12.271,20.527,0.5567010309278351,1.7010309278350515,74728,2020-11-08 08:06:07.297000-05:00,32,10,0,71.5625,85.589519650655,0.0,0.0,1461,31.169,25.224,0.7624914442162902,1.3381245722108146,575699,2020-09-02 13:29:21.348000-04:00,114.0,Georgia,Yes,None
PSAUKPR,915182,0,0,1,1,11,63.5,63.504,0.7777777777777778,1.3636363636363635,75126,2020-11-10 13:46:26.287000-05:00,1,0,1,0.0,0.0,100.0,100.0,11,63.504,63.5,0.7777777777777778,1.3636363636363635,599395,2020-09-04 16:05:31.199000-04:00,,,,
PSAUKPR,761434,29,25,78,71,914,35.5095,43.352,0.6574202496532594,1.3654266958424508,78424,2021-01-04 18:59:06.582000-05:00,23,48,65,42.6630434782609,81.5286624203822,19.5317725752508,79.7945205479452,4111,32.876,25.835,0.6921574099916271,1.3159815130138652,774655,2020-09-22 20:21:47.006000-04:00,,,,
PSAUKPR,761343,29,29,66,50,575,47.377,57.477,0.6610526315789473,1.3756521739130434,78424,2021-01-04 18:59:06.582000-05:00,23,48,65,42.6630434782609,81.5286624203822,19.5317725752508,79.7945205479452,4111,32.876,25.835,0.6921574099916271,1.3159815130138652,774655,2020-09-22 20:21:47.006000-04:00,,,,
PSAUKPR,761341,27,19,55,37,486,52.5625,89.3615,0.6039603960396039,1.5041152263374487,78424,2021-01-04 18:59:06.582000-05:00,23,48,65,42.6630434782609,81.5286624203822,19.5317725752508,79.7945205479452,4111,32.876,25.835,0.6921574099916271,1.3159815130138652,774655,2020-09-22 20:21:47.006000-04:00,,,,
PSAUKPR,761294,29,28,80,74,912,12.762,17.942,0.847124824684432,1.1491228070175439,78424,2021-01-04 18:59:06.582000-05:00,23,48,65,42.6630434782609,81.5286624203822,19.5317725752508,79.7945205479452,4111,32.876,25.835,0.6921574099916271,1.3159815130138652,774655,2020-09-22 20:21:47.006000-04:00,,,,
PSAUKPR,771246,28,18,28,20,208,23.47,30.965,0.5337078651685393,1.4951923076923077,78424,2021-01-04 18:59:06.582000-05:00,23,48,65,42.6630434782609,81.5286624203822,19.5317725752508,79.7945205479452,4111,32.876,25.835,0.6921574099916271,1.3159815130138652,774655,2020-09-22 20:21:47.006000-04:00,,,,
PSAUKPR,773150,24,20,49,37,349,39.022,43.872,0.7813620071684588,1.2865329512893984,78424,2021-01-04 18:59:06.582000-05:00,23,48,65,42.6630434782609,81.5286624203822,19.5317725752508,79.7945205479452,4111,32.876,25.835,0.6921574099916271,1.3159815130138652,774655,2020-09-22 20:21:47.006000-04:00,,,,
PSAUKPR,773453,18,13,25,6,142,53.954,78.13,0.6861313868613139,1.5211267605633803,78424,2021-01-04 18:59:06.582000-05:00,23,48,65,42.6630434782609,81.5286624203822,19.5317725752508,79.7945205479452,4111,32.876,25.835,0.6921574099916271,1.3159815130138652,774655,2020-09-22 20:21:47.006000-04:00,,,,
PSAUKPR,945490,28,22,16,13,353,20.646,28.99,0.5434083601286174,1.41643059490085,78424,2021-01-04 18:59:06.582000-05:00,23,48,65,42.6630434782609,81.5286624203822,19.5317725752508,79.7945205479452,4111,32.876,25.835,0.6921574099916271,1.3159815130138652,774655,2020-09-22 20:21:47.006000-04:00,,,,
PSAUKPR,937411,5,5,9,4,74,41.4615,44.6325,0.75,1.1756756756756757,78424,2021-01-04 18:59:06.582000-05:00,23,48,65,42.6630434782609,81.5286624203822,19.5317725752508,79.7945205479452,4111,32.876,25.835,0.6921574099916271,1.3159815130138652,774655,2020-09-22 20:21:47.006000-04:00,,,,
PSAUKPR,782586,21,17,9,7,120,43.1665,50.9705,0.7043478260869566,1.1583333333333332,78424,2021-01-04 18:59:06.582000-05:00,23,48,65,42.6630434782609,81.5286624203822,19.5317725752508,79.7945205479452,4111,32.876,25.835,0.6921574099916271,1.3159815130138652,774655,2020-09-22 20:21:47.006000-04:00,,,,
PSAUKPR,782587,17,10,34,18,204,35.723,41.6725,0.7142857142857143,1.3284313725490196,78424,2021-01-04 18:59:06.582000-05:00,23,48,65,42.6630434782609,81.5286624203822,19.5317725752508,79.7945205479452,4111,32.876,25.835,0.6921574099916271,1.3159815130138652,774655,2020-09-22 20:21:47.006000-04:00,,,,
PSAUKPR,761792,29,28,76,70,877,18.352,23.447,0.8461538461538461,1.2200684150513113,78424,2021-01-04 18:59:06.582000-05:00,23,48,65,42.6630434782609,81.5286624203822,19.5317725752508,79.7945205479452,4111,32.876,25.835,0.6921574099916271,1.3159815130138652,774655,2020-09-22 20:21:47.006000-04:00,,,,
PSAUKPR,761869,29,29,82,78,897,9.239,12.547,0.836441893830703,1.164994425863991,78424,2021-01-04 18:59:06.582000-05:00,23,48,65,42.6630434782609,81.5286624203822,19.5317725752508,79.7945205479452,4111,32.876,25.835,0.6921574099916271,1.3159815130138652,774655,2020-09-22 20:21:47.006000-04:00,,,,
PSAUKPR,877706,3,1,0,0,13,55.935,72.691,0.6923076923076923,1.0769230769230769,78514,2021-01-05 13:13:54.640000-05:00,7,4,0,64.2857142857143,77.7777777777778,0.0,0.0,150,23.149,17.0555,0.6733333333333333,1.2666666666666666,855579,2020-10-09 15:33:34.109000-04:00,,,,
PSAUKPR,877020,3,3,0,0,29,17.205,20.21,0.7241379310344828,1.103448275862069,78514,2021-01-05 13:13:54.640000-05:00,7,4,0,64.2857142857143,77.7777777777778,0.0,0.0,150,23.149,17.0555,0.6733333333333333,1.2666666666666666,855579,2020-10-09 15:33:34.109000-04:00,,,,
PSAUKPR,877034,4,4,0,0,22,11.77,12.191,0.9545454545454546,1.0,78514,2021-01-05 13:13:54.640000-05:00,7,4,0,64.2857142857143,77.7777777777778,0.0,0.0,150,23.149,17.0555,0.6733333333333333,1.2666666666666666,855579,2020-10-09 15:33:34.109000-04:00,,,,
PSAUKPR,877715,3,3,0,0,22,11.571,13.612,0.7272727272727273,1.2272727272727273,78514,2021-01-05 13:13:54.640000-05:00,7,4,0,64.2857142857143,77.7777777777778,0.0,0.0,150,23.149,17.0555,0.6733333333333333,1.2666666666666666,855579,2020-10-09 15:33:34.109000-04:00,,,,
PSAUKPR,879027,4,4,1,0,37,16.297,16.93,0.7567567567567568,1.4054054054054055,78514,2021-01-05 13:13:54.640000-05:00,7,4,0,64.2857142857143,77.7777777777778,0.0,0.0,150,23.149,17.0555,0.6733333333333333,1.2666666666666666,855579,2020-10-09 15:33:34.109000-04:00,,,,
PSAUKPR,960433,4,2,0,0,29,10.953,12.582,0.6551724137931034,1.6206896551724137,78514,2021-01-05 13:13:54.640000-05:00,7,4,0,64.2857142857143,77.7777777777778,0.0,0.0,150,23.149,17.0555,0.6733333333333333,1.2666666666666666,855579,2020-10-09 15:33:34.109000-04:00,,,,
PSAUKPR,960453,5,3,0,0,51,19.255,40.381,0.5686274509803921,1.392156862745098,78514,2021-01-05 13:13:54.640000-05:00,7,4,0,64.2857142857143,77.7777777777778,0.0,0.0,150,23.149,17.0555,0.6733333333333333,1.2666666666666666,855579,2020-10-09 15:33:34.109000-04:00,,,,
PSAUKPR,899448,20,15,5,1,109,12.027,12.79,0.8811881188118812,1.1926605504587156,79461,2021-01-14 18:00:23.535000-05:00,13,16,2,,0.0,,0.0,0,,,,,585599,2020-09-03 12:00:31.238000-04:00,890.0,Louisiana,No,None
PSAUKPR,983413,2,1,0,0,7,54.773,54.776,1.0,1.0,80579,2021-01-29 11:36:00.290000-05:00,10,2,1,90.0,77.7777777777778,20.0,100.0,122,39.2545,30.47,0.8148148148148148,1.4836065573770492,979334,2021-01-29 11:27:06.258000-05:00,2415.0,Connecticut,No,None
PSAUKPR,983416,2,2,0,0,12,13.7295,19.9255,0.8333333333333334,1.1666666666666667,80579,2021-01-29 11:36:00.290000-05:00,10,2,1,90.0,77.7777777777778,20.0,100.0,122,39.2545,30.47,0.8148148148148148,1.4836065573770492,979334,2021-01-29 11:27:06.258000-05:00,2415.0,Connecticut,No,None
PSAUKPR,983417,2,2,1,1,19,25.487,28.889,0.6842105263157895,2.4210526315789473,80579,2021-01-29 11:36:00.290000-05:00,10,2,1,90.0,77.7777777777778,20.0,100.0,122,39.2545,30.47,0.8148148148148148,1.4836065573770492,979334,2021-01-29 11:27:06.258000-05:00,2415.0,Connecticut,No,None
PSAUKPR,981634,2,1,1,0,8,21.917,21.923,1.0,1.0,80579,2021-01-29 11:36:00.290000-05:00,10,2,1,90.0,77.7777777777778,20.0,100.0,122,39.2545,30.47,0.8148148148148148,1.4836065573770492,979334,2021-01-29 11:27:06.258000-05:00,2415.0,Connecticut,No,None
PSAUKPR,981659,2,2,1,1,26,36.047,37.8555,0.8421052631578947,1.1923076923076923,80579,2021-01-29 11:36:00.290000-05:00,10,2,1,90.0,77.7777777777778,20.0,100.0,122,39.2545,30.47,0.8148148148148148,1.4836065573770492,979334,2021-01-29 11:27:06.258000-05:00,2415.0,Connecticut,No,None
PSAUKPR,981345,2,2,1,1,26,89.3685,89.3775,0.8947368421052632,1.0769230769230769,80579,2021-01-29 11:36:00.290000-05:00,10,2,1,90.0,77.7777777777778,20.0,100.0,122,39.2545,30.47,0.8148148148148148,1.4836065573770492,979334,2021-01-29 11:27:06.258000-05:00,2415.0,Connecticut,No,None
PSAUKPR,983403,2,2,1,0,16,38.632,38.6405,0.9333333333333333,1.125,80580,2021-01-29 11:36:00.315000-05:00,10,2,2,95.0,94.7368421052632,45.0,44.4444444444444,145,43.199,38.515,0.8161764705882353,1.2689655172413794,979334,2021-01-29 11:27:06.258000-05:00,2415.0,Connecticut,No,None
PSAUKPR,637071,5,5,59,44,310,27.2965,31.281,0.8249027237354085,1.1838709677419355,82715,2021-03-09 14:27:01.289000-05:00,25,5,23,64.0,71.25,40.5217391304348,81.9742489270386,1777,19.149,16.961,0.7052384675527756,1.3027574563871693,637027,2020-09-09 20:37:06.669000-04:00,276.0,California,Yes,None
PSAUKPR,679242,6,6,56,54,381,12.604,13.697,0.8770226537216829,1.167979002624672,82715,2021-03-09 14:27:01.289000-05:00,25,5,23,64.0,71.25,40.5217391304348,81.9742489270386,1777,19.149,16.961,0.7052384675527756,1.3027574563871693,637027,2020-09-09 20:37:06.669000-04:00,276.0,California,Yes,None
PSAUKPR,679260,5,4,54,51,350,20.0015,22.094,0.7605633802816901,1.2428571428571429,82715,2021-03-09 14:27:01.289000-05:00,25,5,23,64.0,71.25,40.5217391304348,81.9742489270386,1777,19.149,16.961,0.7052384675527756,1.3027574563871693,637027,2020-09-09 20:37:06.669000-04:00,276.0,California,Yes,None
PSAUKPR,679273,3,1,51,46,320,29.1095,56.0785,0.4367816091954023,1.765625,82715,2021-03-09 14:27:01.289000-05:00,25,5,23,64.0,71.25,40.5217391304348,81.9742489270386,1777,19.149,16.961,0.7052384675527756,1.3027574563871693,637027,2020-09-09 20:37:06.669000-04:00,276.0,California,Yes,None
PSAUKPR,679189,4,3,53,49,347,16.553,19.463,0.7347670250896058,1.3314121037463977,82715,2021-03-09 14:27:01.289000-05:00,25,5,23,64.0,71.25,40.5217391304348,81.9742489270386,1777,19.149,16.961,0.7052384675527756,1.3027574563871693,637027,2020-09-09 20:37:06.669000-04:00,276.0,California,Yes,None
PSAUKPR,679243,2,2,41,38,250,15.963,16.6235,0.8010471204188482,1.444,82715,2021-03-09 14:27:01.289000-05:00,25,5,23,64.0,71.25,40.5217391304348,81.9742489270386,1777,19.149,16.961,0.7052384675527756,1.3027574563871693,637027,2020-09-09 20:37:06.669000-04:00,276.0,California,Yes,None
PSAUKPR,691768,1,1,49,40,275,20.542,24.957,0.7345132743362832,1.3054545454545454,82715,2021-03-09 14:27:01.289000-05:00,25,5,23,64.0,71.25,40.5217391304348,81.9742489270386,1777,19.149,16.961,0.7052384675527756,1.3027574563871693,637027,2020-09-09 20:37:06.669000-04:00,276.0,California,Yes,None
PSAUKPR,730920,3,3,43,41,284,19.531,27.136,0.4304932735426009,1.5774647887323945,82715,2021-03-09 14:27:01.289000-05:00,25,5,23,64.0,71.25,40.5217391304348,81.9742489270386,1777,19.149,16.961,0.7052384675527756,1.3027574563871693,637027,2020-09-09 20:37:06.669000-04:00,276.0,California,Yes,None
PSAUKPR,679238,4,2,47,42,290,17.732,18.6885,0.9009009009009009,1.103448275862069,82715,2021-03-09 14:27:01.289000-05:00,25,5,23,64.0,71.25,40.5217391304348,81.9742489270386,1777,19.149,16.961,0.7052384675527756,1.3027574563871693,637027,2020-09-09 20:37:06.669000-04:00,276.0,California,Yes,None
PSAUKPR,679231,5,5,56,54,383,10.799,11.051,0.9245901639344263,1.1618798955613576,82715,2021-03-09 14:27:01.289000-05:00,25,5,23,64.0,71.25,40.5217391304348,81.9742489270386,1777,19.149,16.961,0.7052384675527756,1.3027574563871693,637027,2020-09-09 20:37:06.669000-04:00,276.0,California,Yes,None
PSAUKPR,679223,4,4,57,54,380,30.1125,39.0385,0.6507936507936508,1.3947368421052633,82715,2021-03-09 14:27:01.289000-05:00,25,5,23,64.0,71.25,40.5217391304348,81.9742489270386,1777,19.149,16.961,0.7052384675527756,1.3027574563871693,637027,2020-09-09 20:37:06.669000-04:00,276.0,California,Yes,None
PSAUKPR,679217,5,4,51,49,350,21.3715,25.481,0.762589928057554,1.2914285714285714,82715,2021-03-09 14:27:01.289000-05:00,25,5,23,64.0,71.25,40.5217391304348,81.9742489270386,1777,19.149,16.961,0.7052384675527756,1.3027574563871693,637027,2020-09-09 20:37:06.669000-04:00,276.0,California,Yes,None
PSAUKPR,679192,4,4,50,48,341,18.825,19.52,0.8571428571428571,1.2023460410557185,82715,2021-03-09 14:27:01.289000-05:00,25,5,23,64.0,71.25,40.5217391304348,81.9742489270386,1777,19.149,16.961,0.7052384675527756,1.3027574563871693,637027,2020-09-09 20:37:06.669000-04:00,276.0,California,Yes,None
PSAUKPR,679249,5,1,39,36,233,23.951,44.293,0.18229166666666666,1.8841201716738196,82715,2021-03-09 14:27:01.289000-05:00,25,5,23,64.0,71.25,40.5217391304348,81.9742489270386,1777,19.149,16.961,0.7052384675527756,1.3027574563871693,637027,2020-09-09 20:37:06.669000-04:00,276.0,California,Yes,None
PSAUKPR,679246,2,1,43,41,260,18.877,22.844,0.6829268292682927,1.45,82715,2021-03-09 14:27:01.289000-05:00,25,5,23,64.0,71.25,40.5217391304348,81.9742489270386,1777,19.149,16.961,0.7052384675527756,1.3027574563871693,637027,2020-09-09 20:37:06.669000-04:00,276.0,California,Yes,None
PSAUKPR,1005101,23,18,0,0,123,50.628,70.693,0.6639344262295082,1.6097560975609757,82756,2021-03-10 12:08:05.250000-05:00,21,25,0,86.6666666666667,81.3186813186813,0.0,0.0,2763,29.244,23.766,0.6682727946627132,1.4697792254795512,1002071,2021-03-10 08:45:51.656000-05:00,,,,
PSAUKPR,1005102,23,20,0,0,108,45.068,46.5625,0.8130841121495327,1.3148148148148149,82756,2021-03-10 12:08:05.250000-05:00,21,25,0,86.6666666666667,81.3186813186813,0.0,0.0,2763,29.244,23.766,0.6682727946627132,1.4697792254795512,1002071,2021-03-10 08:45:51.656000-05:00,,,,
PSAUKPR,1005103,23,22,0,0,111,25.623,26.238,0.8888888888888888,1.1261261261261262,82756,2021-03-10 12:08:05.250000-05:00,21,25,0,86.6666666666667,81.3186813186813,0.0,0.0,2763,29.244,23.766,0.6682727946627132,1.4697792254795512,1002071,2021-03-10 08:45:51.656000-05:00,,,,
PSAUKPR,1005104,22,21,0,0,100,27.942,34.6945,0.8484848484848485,1.23,82756,2021-03-10 12:08:05.250000-05:00,21,25,0,86.6666666666667,81.3186813186813,0.0,0.0,2763,29.244,23.766,0.6682727946627132,1.4697792254795512,1002071,2021-03-10 08:45:51.656000-05:00,,,,
PSAUKPR,1005105,23,23,0,0,91,27.321,27.508,0.9111111111111111,1.0879120879120878,82756,2021-03-10 12:08:05.250000-05:00,21,25,0,86.6666666666667,81.3186813186813,0.0,0.0,2763,29.244,23.766,0.6682727946627132,1.4697792254795512,1002071,2021-03-10 08:45:51.656000-05:00,,,,
PSAUKPR,1005106,23,22,0,0,157,18.512,21.615,0.7243589743589743,1.3503184713375795,82756,2021-03-10 12:08:05.250000-05:00,21,25,0,86.6666666666667,81.3186813186813,0.0,0.0,2763,29.244,23.766,0.6682727946627132,1.4697792254795512,1002071,2021-03-10 08:45:51.656000-05:00,,,,
PSAUKPR,1005107,23,21,0,0,154,22.6575,25.5695,0.7586206896551724,1.2987012987012987,82756,2021-03-10 12:08:05.250000-05:00,21,25,0,86.6666666666667,81.3186813186813,0.0,0.0,2763,29.244,23.766,0.6682727946627132,1.4697792254795512,1002071,2021-03-10 08:45:51.656000-05:00,,,,
PSAUKPR,1005119,23,21,0,0,131,28.231,31.404,0.7967479674796748,1.2595419847328244,82756,2021-03-10 12:08:05.250000-05:00,21,25,0,86.6666666666667,81.3186813186813,0.0,0.0,2763,29.244,23.766,0.6682727946627132,1.4697792254795512,1002071,2021-03-10 08:45:51.656000-05:00,,,,
PSAUKPR,1005121,23,19,0,0,185,20.447,26.822,0.6420454545454546,1.4486486486486485,82756,2021-03-10 12:08:05.250000-05:00,21,25,0,86.6666666666667,81.3186813186813,0.0,0.0,2763,29.244,23.766,0.6682727946627132,1.4697792254795512,1002071,2021-03-10 08:45:51.656000-05:00,,,,
PSAUKPR,1005179,23,10,0,0,153,10.141,16.553,0.3881578947368421,1.8627450980392157,82756,2021-03-10 12:08:05.250000-05:00,21,25,0,86.6666666666667,81.3186813186813,0.0,0.0,2763,29.244,23.766,0.6682727946627132,1.4697792254795512,1002071,2021-03-10 08:45:51.656000-05:00,,,,
PSAUKPR,1005258,22,16,0,0,105,33.664,42.106,0.7047619047619048,1.4761904761904763,82756,2021-03-10 12:08:05.250000-05:00,21,25,0,86.6666666666667,81.3186813186813,0.0,0.0,2763,29.244,23.766,0.6682727946627132,1.4697792254795512,1002071,2021-03-10 08:45:51.656000-05:00,,,,
PSAUKPR,1005385,23,18,0,0,144,17.1915,23.7395,0.5734265734265734,1.840277777777778,82756,2021-03-10 12:08:05.250000-05:00,21,25,0,86.6666666666667,81.3186813186813,0.0,0.0,2763,29.244,23.766,0.6682727946627132,1.4697792254795512,1002071,2021-03-10 08:45:51.656000-05:00,,,,
PSAUKPR,1014912,2,2,0,0,15,11.639,11.646,0.8666666666666667,1.0,82756,2021-03-10 12:08:05.250000-05:00,21,25,0,86.6666666666667,81.3186813186813,0.0,0.0,2763,29.244,23.766,0.6682727946627132,1.4697792254795512,1002071,2021-03-10 08:45:51.656000-05:00,,,,
PSAUKPR,1005728,19,5,0,0,186,19.4175,29.578,0.2956989247311828,2.0913978494623655,82756,2021-03-10 12:08:05.250000-05:00,21,25,0,86.6666666666667,81.3186813186813,0.0,0.0,2763,29.244,23.766,0.6682727946627132,1.4697792254795512,1002071,2021-03-10 08:45:51.656000-05:00,,,,
PSAUKPR,1006065,22,19,0,0,141,15.709,18.216,0.6595744680851063,1.3617021276595744,82756,2021-03-10 12:08:05.250000-05:00,21,25,0,86.6666666666667,81.3186813186813,0.0,0.0,2763,29.244,23.766,0.6682727946627132,1.4697792254795512,1002071,2021-03-10 08:45:51.656000-05:00,,,,
PSAUKPR,1006505,21,21,0,0,146,16.371,17.499,0.7518248175182481,1.3356164383561644,82756,2021-03-10 12:08:05.250000-05:00,21,25,0,86.6666666666667,81.3186813186813,0.0,0.0,2763,29.244,23.766,0.6682727946627132,1.4697792254795512,1002071,2021-03-10 08:45:51.656000-05:00,,,,
PSAUKPR,1005050,23,14,0,0,156,18.304,23.586,0.5986842105263158,1.4423076923076923,82756,2021-03-10 12:08:05.250000-05:00,21,25,0,86.6666666666667,81.3186813186813,0.0,0.0,2763,29.244,23.766,0.6682727946627132,1.4697792254795512,1002071,2021-03-10 08:45:51.656000-05:00,,,,
PSAUKPR,1005053,24,17,0,0,195,19.745,27.807,0.5263157894736842,1.6461538461538463,82756,2021-03-10 12:08:05.250000-05:00,21,25,0,86.6666666666667,81.3186813186813,0.0,0.0,2763,29.244,23.766,0.6682727946627132,1.4697792254795512,1002071,2021-03-10 08:45:51.656000-05:00,,,,
PSAUKPR,1005093,24,24,0,0,112,38.602,44.27,0.8198198198198198,1.25,82756,2021-03-10 12:08:05.250000-05:00,21,25,0,86.6666666666667,81.3186813186813,0.0,0.0,2763,29.244,23.766,0.6682727946627132,1.4697792254795512,1002071,2021-03-10 08:45:51.656000-05:00,,,,
PSAUKPR,1005094,23,16,0,0,91,57.469,71.086,0.7,1.4395604395604396,82756,2021-03-10 12:08:05.250000-05:00,21,25,0,86.6666666666667,81.3186813186813,0.0,0.0,2763,29.244,23.766,0.6682727946627132,1.4697792254795512,1002071,2021-03-10 08:45:51.656000-05:00,,,,
PSAUKPR,1005100,23,21,0,0,159,43.682,51.547,0.7666666666666667,1.3584905660377358,82756,2021-03-10 12:08:05.250000-05:00,21,25,0,86.6666666666667,81.3186813186813,0.0,0.0,2763,29.244,23.766,0.6682727946627132,1.4697792254795512,1002071,2021-03-10 08:45:51.656000-05:00,,,,
