experiment_id,student_id,student_prior_started_skill_builder_count,student_prior_completed_skill_builder_count,student_prior_started_problem_set_count,student_prior_completed_problem_set_count,student_prior_completed_problem_count,student_prior_median_first_response_time,student_prior_median_time_on_task,student_prior_average_correctness,student_prior_average_attempt_count,class_id,class_creation_date,class_student_count,class_prior_skill_builder_count,class_prior_problem_set_count,class_prior_skill_builder_percent_started,class_prior_skill_builder_percent_completed,class_prior_problem_set_percent_started,class_prior_problem_set_percent_completed,class_prior_completed_problem_count,class_prior_median_time_on_task,class_prior_median_first_response_time,class_prior_average_correctness,class_prior_average_attempt_count,teacher_id,teacher_account_creation_date,district_id,location,opportunity_zone,locale_description
PSAKUSU,9102,1,1,3,0,15,67.289,69.669,0.4666666666666667,1.7333333333333334,750,2019-05-13 10:09:40.030000-04:00,2,1,4,0.0,0.0,37.5,0.0,12,92.7885,72.8825,0.3333333333333333,1.9166666666666667,9070,2019-05-13 10:09:26.657000-04:00,644.0,North Carolina,Contiguous,None
PSAKUSU,9147,1,1,3,2,29,51.513,62.014,0.76,1.2413793103448276,750,2019-05-13 10:09:40.030000-04:00,2,1,4,0.0,0.0,37.5,0.0,12,92.7885,72.8825,0.3333333333333333,1.9166666666666667,9070,2019-05-13 10:09:26.657000-04:00,644.0,North Carolina,Contiguous,None
PSAKUSU,9093,0,0,0,0,0,,,,,751,2019-05-13 10:09:40.040000-04:00,12,1,4,0.0,0.0,33.3333333333333,12.5,49,50.592,38.466,0.7906976744186046,1.2857142857142858,9070,2019-05-13 10:09:26.657000-04:00,644.0,North Carolina,Contiguous,None
PSAKUSU,9096,0,0,2,0,1,51.122,51.136,1.0,1.0,751,2019-05-13 10:09:40.040000-04:00,12,1,4,0.0,0.0,33.3333333333333,12.5,49,50.592,38.466,0.7906976744186046,1.2857142857142858,9070,2019-05-13 10:09:26.657000-04:00,644.0,North Carolina,Contiguous,None
PSAKUSU,9099,0,0,0,0,0,,,,,751,2019-05-13 10:09:40.040000-04:00,12,1,4,0.0,0.0,33.3333333333333,12.5,49,50.592,38.466,0.7906976744186046,1.2857142857142858,9070,2019-05-13 10:09:26.657000-04:00,644.0,North Carolina,Contiguous,None
PSAKUSU,9098,0,0,1,0,1,111.165,111.178,1.0,1.0,751,2019-05-13 10:09:40.040000-04:00,12,1,4,0.0,0.0,33.3333333333333,12.5,49,50.592,38.466,0.7906976744186046,1.2857142857142858,9070,2019-05-13 10:09:26.657000-04:00,644.0,North Carolina,Contiguous,None
PSAKUSU,9097,1,1,1,0,5,60.201,60.214,1.0,1.0,751,2019-05-13 10:09:40.040000-04:00,12,1,4,0.0,0.0,33.3333333333333,12.5,49,50.592,38.466,0.7906976744186046,1.2857142857142858,9070,2019-05-13 10:09:26.657000-04:00,644.0,North Carolina,Contiguous,None
PSAKUSU,9089,0,0,2,0,4,36.6245,36.6355,1.0,1.0,751,2019-05-13 10:09:40.040000-04:00,12,1,4,0.0,0.0,33.3333333333333,12.5,49,50.592,38.466,0.7906976744186046,1.2857142857142858,9070,2019-05-13 10:09:26.657000-04:00,644.0,North Carolina,Contiguous,None
PSAKUSU,9090,0,0,2,1,8,13.553,16.142,0.8571428571428571,1.125,751,2019-05-13 10:09:40.040000-04:00,12,1,4,0.0,0.0,33.3333333333333,12.5,49,50.592,38.466,0.7906976744186046,1.2857142857142858,9070,2019-05-13 10:09:26.657000-04:00,644.0,North Carolina,Contiguous,None
PSAKUSU,9091,0,0,2,0,6,23.4985,46.678,0.8,1.6666666666666667,751,2019-05-13 10:09:40.040000-04:00,12,1,4,0.0,0.0,33.3333333333333,12.5,49,50.592,38.466,0.7906976744186046,1.2857142857142858,9070,2019-05-13 10:09:26.657000-04:00,644.0,North Carolina,Contiguous,None
PSAKUSU,9092,0,0,1,0,2,212.678,212.69,1.0,1.0,751,2019-05-13 10:09:40.040000-04:00,12,1,4,0.0,0.0,33.3333333333333,12.5,49,50.592,38.466,0.7906976744186046,1.2857142857142858,9070,2019-05-13 10:09:26.657000-04:00,644.0,North Carolina,Contiguous,None
PSAKUSU,9094,0,0,1,0,4,20.2335,22.4865,0.6666666666666666,1.25,751,2019-05-13 10:09:40.040000-04:00,12,1,4,0.0,0.0,33.3333333333333,12.5,49,50.592,38.466,0.7906976744186046,1.2857142857142858,9070,2019-05-13 10:09:26.657000-04:00,644.0,North Carolina,Contiguous,None
PSAKUSU,9155,0,0,1,1,15,72.003,92.563,0.6,1.5333333333333332,751,2019-05-13 10:09:40.040000-04:00,12,1,4,0.0,0.0,33.3333333333333,12.5,49,50.592,38.466,0.7906976744186046,1.2857142857142858,9070,2019-05-13 10:09:26.657000-04:00,644.0,North Carolina,Contiguous,None
PSAKUSU,9100,0,0,1,0,3,21.443,21.455,1.0,1.0,751,2019-05-13 10:09:40.040000-04:00,12,1,4,0.0,0.0,33.3333333333333,12.5,49,50.592,38.466,0.7906976744186046,1.2857142857142858,9070,2019-05-13 10:09:26.657000-04:00,644.0,North Carolina,Contiguous,None
PSAKUSU,9240,1,1,0,0,3,65.261,65.279,1.0,1.0,752,2019-05-13 10:09:40.044000-04:00,8,1,4,0.0,0.0,9.375,0.0,0,,,,,9070,2019-05-13 10:09:26.657000-04:00,644.0,North Carolina,Contiguous,None
PSAKUSU,9241,0,0,0,0,0,,,,,752,2019-05-13 10:09:40.044000-04:00,8,1,4,0.0,0.0,9.375,0.0,0,,,,,9070,2019-05-13 10:09:26.657000-04:00,644.0,North Carolina,Contiguous,None
PSAKUSU,9146,0,0,0,0,0,,,,,752,2019-05-13 10:09:40.044000-04:00,8,1,4,0.0,0.0,9.375,0.0,0,,,,,9070,2019-05-13 10:09:26.657000-04:00,644.0,North Carolina,Contiguous,None
PSAKUSU,9082,0,0,2,0,1,278.43,288.206,0.0,2.0,753,2019-05-13 10:09:40.048000-04:00,17,1,4,0.0,0.0,45.5882352941176,19.3548387096774,62,28.645,28.6385,0.75,1.096774193548387,9070,2019-05-13 10:09:26.657000-04:00,644.0,North Carolina,Contiguous,None
PSAKUSU,9217,0,0,0,0,0,,,,,753,2019-05-13 10:09:40.048000-04:00,17,1,4,0.0,0.0,45.5882352941176,19.3548387096774,62,28.645,28.6385,0.75,1.096774193548387,9070,2019-05-13 10:09:26.657000-04:00,644.0,North Carolina,Contiguous,None
PSAKUSU,9074,0,0,2,0,2,67.3725,72.0345,0.5,1.0,753,2019-05-13 10:09:40.048000-04:00,17,1,4,0.0,0.0,45.5882352941176,19.3548387096774,62,28.645,28.6385,0.75,1.096774193548387,9070,2019-05-13 10:09:26.657000-04:00,644.0,North Carolina,Contiguous,None
PSAKUSU,9199,0,0,0,0,0,,,,,753,2019-05-13 10:09:40.048000-04:00,17,1,4,0.0,0.0,45.5882352941176,19.3548387096774,62,28.645,28.6385,0.75,1.096774193548387,9070,2019-05-13 10:09:26.657000-04:00,644.0,North Carolina,Contiguous,None
PSAKUSU,9076,0,0,2,1,6,9.0335,16.245,0.0,1.0,753,2019-05-13 10:09:40.048000-04:00,17,1,4,0.0,0.0,45.5882352941176,19.3548387096774,62,28.645,28.6385,0.75,1.096774193548387,9070,2019-05-13 10:09:26.657000-04:00,644.0,North Carolina,Contiguous,None
PSAKUSU,16211,8,8,0,0,26,51.22,53.6035,0.8461538461538461,1.4615384615384615,1614,2019-08-15 14:51:45.387000-04:00,34,9,0,47.3856209150327,84.8275862068966,0.0,0.0,679,80.274,63.777,0.6848306332842415,1.7776141384388806,9658,2019-06-02 20:42:04.958000-04:00,2083.0,California,Yes,None
PSAKUSU,19203,6,6,0,0,31,42.785,61.779,0.7419354838709677,1.6774193548387097,1614,2019-08-15 14:51:45.387000-04:00,34,9,0,47.3856209150327,84.8275862068966,0.0,0.0,679,80.274,63.777,0.6848306332842415,1.7776141384388806,9658,2019-06-02 20:42:04.958000-04:00,2083.0,California,Yes,None
PSAKUSU,16192,4,4,0,0,23,43.552,50.74,0.782608695652174,1.3043478260869565,1614,2019-08-15 14:51:45.387000-04:00,34,9,0,47.3856209150327,84.8275862068966,0.0,0.0,679,80.274,63.777,0.6848306332842415,1.7776141384388806,9658,2019-06-02 20:42:04.958000-04:00,2083.0,California,Yes,None
PSAKUSU,16193,8,7,0,0,27,35.848,43.839,0.8888888888888888,1.1851851851851851,1614,2019-08-15 14:51:45.387000-04:00,34,9,0,47.3856209150327,84.8275862068966,0.0,0.0,679,80.274,63.777,0.6848306332842415,1.7776141384388806,9658,2019-06-02 20:42:04.958000-04:00,2083.0,California,Yes,None
PSAKUSU,16194,6,6,0,0,32,80.789,85.311,0.78125,1.25,1614,2019-08-15 14:51:45.387000-04:00,34,9,0,47.3856209150327,84.8275862068966,0.0,0.0,679,80.274,63.777,0.6848306332842415,1.7776141384388806,9658,2019-06-02 20:42:04.958000-04:00,2083.0,California,Yes,None
PSAKUSU,16195,5,5,0,0,15,75.509,77.971,0.8666666666666667,1.3333333333333333,1614,2019-08-15 14:51:45.387000-04:00,34,9,0,47.3856209150327,84.8275862068966,0.0,0.0,679,80.274,63.777,0.6848306332842415,1.7776141384388806,9658,2019-06-02 20:42:04.958000-04:00,2083.0,California,Yes,None
PSAKUSU,16196,5,5,0,0,20,59.7745,69.508,0.7,1.5,1614,2019-08-15 14:51:45.387000-04:00,34,9,0,47.3856209150327,84.8275862068966,0.0,0.0,679,80.274,63.777,0.6848306332842415,1.7776141384388806,9658,2019-06-02 20:42:04.958000-04:00,2083.0,California,Yes,None
PSAKUSU,16197,4,4,0,0,12,61.881,61.89,1.0,1.0,1614,2019-08-15 14:51:45.387000-04:00,34,9,0,47.3856209150327,84.8275862068966,0.0,0.0,679,80.274,63.777,0.6848306332842415,1.7776141384388806,9658,2019-06-02 20:42:04.958000-04:00,2083.0,California,Yes,None
PSAKUSU,16198,5,5,0,0,17,39.643,39.651,0.9411764705882353,1.1176470588235294,1614,2019-08-15 14:51:45.387000-04:00,34,9,0,47.3856209150327,84.8275862068966,0.0,0.0,679,80.274,63.777,0.6848306332842415,1.7776141384388806,9658,2019-06-02 20:42:04.958000-04:00,2083.0,California,Yes,None
PSAKUSU,16200,8,8,0,0,34,32.7455,54.026,0.7352941176470589,1.9117647058823528,1614,2019-08-15 14:51:45.387000-04:00,34,9,0,47.3856209150327,84.8275862068966,0.0,0.0,679,80.274,63.777,0.6848306332842415,1.7776141384388806,9658,2019-06-02 20:42:04.958000-04:00,2083.0,California,Yes,None
PSAKUSU,16201,4,2,0,0,15,74.037,154.524,0.4,3.2,1614,2019-08-15 14:51:45.387000-04:00,34,9,0,47.3856209150327,84.8275862068966,0.0,0.0,679,80.274,63.777,0.6848306332842415,1.7776141384388806,9658,2019-06-02 20:42:04.958000-04:00,2083.0,California,Yes,None
PSAKUSU,16202,6,2,0,0,17,89.195,125.121,0.47058823529411764,2.7058823529411766,1614,2019-08-15 14:51:45.387000-04:00,34,9,0,47.3856209150327,84.8275862068966,0.0,0.0,679,80.274,63.777,0.6848306332842415,1.7776141384388806,9658,2019-06-02 20:42:04.958000-04:00,2083.0,California,Yes,None
PSAKUSU,16203,7,7,0,0,37,53.706,75.588,0.7297297297297297,1.7837837837837838,1614,2019-08-15 14:51:45.387000-04:00,34,9,0,47.3856209150327,84.8275862068966,0.0,0.0,679,80.274,63.777,0.6848306332842415,1.7776141384388806,9658,2019-06-02 20:42:04.958000-04:00,2083.0,California,Yes,None
PSAKUSU,16204,4,1,0,0,45,53.917,100.721,0.26666666666666666,2.2888888888888888,1614,2019-08-15 14:51:45.387000-04:00,34,9,0,47.3856209150327,84.8275862068966,0.0,0.0,679,80.274,63.777,0.6848306332842415,1.7776141384388806,9658,2019-06-02 20:42:04.958000-04:00,2083.0,California,Yes,None
PSAKUSU,16205,5,5,0,0,25,64.439,99.806,0.76,1.4,1614,2019-08-15 14:51:45.387000-04:00,34,9,0,47.3856209150327,84.8275862068966,0.0,0.0,679,80.274,63.777,0.6848306332842415,1.7776141384388806,9658,2019-06-02 20:42:04.958000-04:00,2083.0,California,Yes,None
PSAKUSU,16206,7,6,0,0,32,40.1975,48.2215,0.65625,1.84375,1614,2019-08-15 14:51:45.387000-04:00,34,9,0,47.3856209150327,84.8275862068966,0.0,0.0,679,80.274,63.777,0.6848306332842415,1.7776141384388806,9658,2019-06-02 20:42:04.958000-04:00,2083.0,California,Yes,None
PSAKUSU,16208,5,4,0,0,51,57.691,77.906,0.6078431372549019,2.7450980392156863,1614,2019-08-15 14:51:45.387000-04:00,34,9,0,47.3856209150327,84.8275862068966,0.0,0.0,679,80.274,63.777,0.6848306332842415,1.7776141384388806,9658,2019-06-02 20:42:04.958000-04:00,2083.0,California,Yes,None
PSAKUSU,16209,7,7,0,0,39,47.409,58.502,0.717948717948718,1.7435897435897436,1614,2019-08-15 14:51:45.387000-04:00,34,9,0,47.3856209150327,84.8275862068966,0.0,0.0,679,80.274,63.777,0.6848306332842415,1.7776141384388806,9658,2019-06-02 20:42:04.958000-04:00,2083.0,California,Yes,None
PSAKUSU,16212,8,8,0,0,47,52.299,62.97,0.6808510638297872,1.9574468085106382,1614,2019-08-15 14:51:45.387000-04:00,34,9,0,47.3856209150327,84.8275862068966,0.0,0.0,679,80.274,63.777,0.6848306332842415,1.7776141384388806,9658,2019-06-02 20:42:04.958000-04:00,2083.0,California,Yes,None
PSAKUSU,16213,5,5,0,0,20,112.602,119.4445,0.85,1.55,1614,2019-08-15 14:51:45.387000-04:00,34,9,0,47.3856209150327,84.8275862068966,0.0,0.0,679,80.274,63.777,0.6848306332842415,1.7776141384388806,9658,2019-06-02 20:42:04.958000-04:00,2083.0,California,Yes,None
PSAKUSU,16214,9,8,1,1,43,51.44,78.767,0.6511627906976745,2.1627906976744184,1614,2019-08-15 14:51:45.387000-04:00,34,9,0,47.3856209150327,84.8275862068966,0.0,0.0,679,80.274,63.777,0.6848306332842415,1.7776141384388806,9658,2019-06-02 20:42:04.958000-04:00,2083.0,California,Yes,None
PSAKUSU,16216,8,8,0,0,33,59.388,111.476,0.6363636363636364,1.878787878787879,1614,2019-08-15 14:51:45.387000-04:00,34,9,0,47.3856209150327,84.8275862068966,0.0,0.0,679,80.274,63.777,0.6848306332842415,1.7776141384388806,9658,2019-06-02 20:42:04.958000-04:00,2083.0,California,Yes,None
PSAKUSU,16217,3,2,0,0,9,49.487,392.033,0.4444444444444444,2.7777777777777777,1614,2019-08-15 14:51:45.387000-04:00,34,9,0,47.3856209150327,84.8275862068966,0.0,0.0,679,80.274,63.777,0.6848306332842415,1.7776141384388806,9658,2019-06-02 20:42:04.958000-04:00,2083.0,California,Yes,None
PSAKUSU,16218,4,3,0,0,33,78.187,103.833,0.6666666666666666,1.8484848484848484,1614,2019-08-15 14:51:45.387000-04:00,34,9,0,47.3856209150327,84.8275862068966,0.0,0.0,679,80.274,63.777,0.6848306332842415,1.7776141384388806,9658,2019-06-02 20:42:04.958000-04:00,2083.0,California,Yes,None
PSAKUSU,16219,7,6,0,0,39,34.875,45.988,0.4358974358974359,2.641025641025641,1614,2019-08-15 14:51:45.387000-04:00,34,9,0,47.3856209150327,84.8275862068966,0.0,0.0,679,80.274,63.777,0.6848306332842415,1.7776141384388806,9658,2019-06-02 20:42:04.958000-04:00,2083.0,California,Yes,None
PSAKUSU,16220,5,5,0,0,38,71.434,96.4555,0.6052631578947368,1.8157894736842104,1614,2019-08-15 14:51:45.387000-04:00,34,9,0,47.3856209150327,84.8275862068966,0.0,0.0,679,80.274,63.777,0.6848306332842415,1.7776141384388806,9658,2019-06-02 20:42:04.958000-04:00,2083.0,California,Yes,None
PSAKUSU,16221,8,7,0,0,29,44.835,48.811,0.8275862068965517,1.3793103448275863,1614,2019-08-15 14:51:45.387000-04:00,34,9,0,47.3856209150327,84.8275862068966,0.0,0.0,679,80.274,63.777,0.6848306332842415,1.7776141384388806,9658,2019-06-02 20:42:04.958000-04:00,2083.0,California,Yes,None
PSAKUSU,16222,5,4,0,0,18,72.1125,74.5315,0.7777777777777778,1.4444444444444444,1614,2019-08-15 14:51:45.387000-04:00,34,9,0,47.3856209150327,84.8275862068966,0.0,0.0,679,80.274,63.777,0.6848306332842415,1.7776141384388806,9658,2019-06-02 20:42:04.958000-04:00,2083.0,California,Yes,None
PSAKUSU,16224,8,7,0,0,24,73.797,90.2635,0.875,1.4166666666666667,1614,2019-08-15 14:51:45.387000-04:00,34,9,0,47.3856209150327,84.8275862068966,0.0,0.0,679,80.274,63.777,0.6848306332842415,1.7776141384388806,9658,2019-06-02 20:42:04.958000-04:00,2083.0,California,Yes,None
PSAKUSU,17621,2,2,0,0,9,33.819,43.882,0.6666666666666666,2.0,1615,2019-08-15 17:25:42.472000-04:00,14,2,0,96.4285714285714,92.5925925925926,0.0,0.0,128,28.9355,24.976,0.75,1.5546875,11723,2019-08-08 14:06:44.544000-04:00,539.0,Georgia,No,None
PSAKUSU,17651,2,1,0,0,9,24.024,39.972,0.6666666666666666,1.8888888888888888,1615,2019-08-15 17:25:42.472000-04:00,14,2,0,96.4285714285714,92.5925925925926,0.0,0.0,128,28.9355,24.976,0.75,1.5546875,11723,2019-08-08 14:06:44.544000-04:00,539.0,Georgia,No,None
PSAKUSU,17715,2,2,0,0,6,17.94,17.947,1.0,1.0,1615,2019-08-15 17:25:42.472000-04:00,14,2,0,96.4285714285714,92.5925925925926,0.0,0.0,128,28.9355,24.976,0.75,1.5546875,11723,2019-08-08 14:06:44.544000-04:00,539.0,Georgia,No,None
PSAKUSU,17669,2,2,0,0,6,33.1175,33.124,1.0,1.0,1615,2019-08-15 17:25:42.472000-04:00,14,2,0,96.4285714285714,92.5925925925926,0.0,0.0,128,28.9355,24.976,0.75,1.5546875,11723,2019-08-08 14:06:44.544000-04:00,539.0,Georgia,No,None
PSAKUSU,17676,2,2,0,0,10,24.2655,30.069,0.8,1.3,1615,2019-08-15 17:25:42.472000-04:00,14,2,0,96.4285714285714,92.5925925925926,0.0,0.0,128,28.9355,24.976,0.75,1.5546875,11723,2019-08-08 14:06:44.544000-04:00,539.0,Georgia,No,None
PSAKUSU,17552,2,2,0,0,6,40.401,40.4055,1.0,1.0,1615,2019-08-15 17:25:42.472000-04:00,14,2,0,96.4285714285714,92.5925925925926,0.0,0.0,128,28.9355,24.976,0.75,1.5546875,11723,2019-08-08 14:06:44.544000-04:00,539.0,Georgia,No,None
PSAKUSU,29679,1,1,0,0,5,13.26,13.264,0.8,3.4,1615,2019-08-15 17:25:42.472000-04:00,14,2,0,96.4285714285714,92.5925925925926,0.0,0.0,128,28.9355,24.976,0.75,1.5546875,11723,2019-08-08 14:06:44.544000-04:00,539.0,Georgia,No,None
PSAKUSU,17810,2,2,0,0,6,16.1165,16.1195,1.0,1.0,1615,2019-08-15 17:25:42.472000-04:00,14,2,0,96.4285714285714,92.5925925925926,0.0,0.0,128,28.9355,24.976,0.75,1.5546875,11723,2019-08-08 14:06:44.544000-04:00,539.0,Georgia,No,None
PSAKUSU,17743,2,2,0,0,12,23.42,27.705,0.6666666666666666,1.5833333333333333,1615,2019-08-15 17:25:42.472000-04:00,14,2,0,96.4285714285714,92.5925925925926,0.0,0.0,128,28.9355,24.976,0.75,1.5546875,11723,2019-08-08 14:06:44.544000-04:00,539.0,Georgia,No,None
PSAKUSU,17594,2,2,0,0,10,37.099,37.1025,0.8,1.6,1615,2019-08-15 17:25:42.472000-04:00,14,2,0,96.4285714285714,92.5925925925926,0.0,0.0,128,28.9355,24.976,0.75,1.5546875,11723,2019-08-08 14:06:44.544000-04:00,539.0,Georgia,No,None
PSAKUSU,17612,2,2,0,0,8,18.71,18.7175,0.875,1.125,1615,2019-08-15 17:25:42.472000-04:00,14,2,0,96.4285714285714,92.5925925925926,0.0,0.0,128,28.9355,24.976,0.75,1.5546875,11723,2019-08-08 14:06:44.544000-04:00,539.0,Georgia,No,None
PSAKUSU,17615,2,2,0,0,9,28.875,41.003,0.6666666666666666,1.777777777777778,1615,2019-08-15 17:25:42.472000-04:00,14,2,0,96.4285714285714,92.5925925925926,0.0,0.0,128,28.9355,24.976,0.75,1.5546875,11723,2019-08-08 14:06:44.544000-04:00,539.0,Georgia,No,None
PSAKUSU,17634,2,2,0,0,9,15.106,22.216,0.7777777777777778,1.3333333333333333,1615,2019-08-15 17:25:42.472000-04:00,14,2,0,96.4285714285714,92.5925925925926,0.0,0.0,128,28.9355,24.976,0.75,1.5546875,11723,2019-08-08 14:06:44.544000-04:00,539.0,Georgia,No,None
PSAKUSU,24736,4,4,79,70,474,12.292,19.8935,0.4827586206896552,1.2341772151898733,1703,2019-08-18 15:51:46.509000-04:00,24,9,114,70.3703703703704,67.7631578947368,76.0964912280702,78.1940441882805,10602,36.277,28.2045,0.621364814281601,1.3204112431616677,16569,2019-08-18 15:51:07.475000-04:00,889.0,Louisiana,No,None
PSAKUSU,21340,8,5,93,76,540,16.131,24.9545,0.4065934065934066,1.4055555555555557,1703,2019-08-18 15:51:46.509000-04:00,24,9,114,70.3703703703704,67.7631578947368,76.0964912280702,78.1940441882805,10602,36.277,28.2045,0.621364814281601,1.3204112431616677,16569,2019-08-18 15:51:07.475000-04:00,889.0,Louisiana,No,None
PSAKUSU,20364,6,4,95,80,462,32.4785,37.2795,0.707936507936508,1.2878787878787878,1703,2019-08-18 15:51:46.509000-04:00,24,9,114,70.3703703703704,67.7631578947368,76.0964912280702,78.1940441882805,10602,36.277,28.2045,0.621364814281601,1.3204112431616677,16569,2019-08-18 15:51:07.475000-04:00,889.0,Louisiana,No,None
PSAKUSU,21342,8,5,107,105,781,21.313,25.104,0.8389121338912134,1.1549295774647887,1703,2019-08-18 15:51:46.509000-04:00,24,9,114,70.3703703703704,67.7631578947368,76.0964912280702,78.1940441882805,10602,36.277,28.2045,0.621364814281601,1.3204112431616677,16569,2019-08-18 15:51:07.475000-04:00,889.0,Louisiana,No,None
PSAKUSU,21341,6,5,82,52,300,40.3355,49.129,0.6854460093896714,1.38,1703,2019-08-18 15:51:46.509000-04:00,24,9,114,70.3703703703704,67.7631578947368,76.0964912280702,78.1940441882805,10602,36.277,28.2045,0.621364814281601,1.3204112431616677,16569,2019-08-18 15:51:07.475000-04:00,889.0,Louisiana,No,None
PSAKUSU,36133,6,1,68,35,221,24.695,36.31,0.3581081081081081,1.6018099547511313,1703,2019-08-18 15:51:46.509000-04:00,24,9,114,70.3703703703704,67.7631578947368,76.0964912280702,78.1940441882805,10602,36.277,28.2045,0.621364814281601,1.3204112431616677,16569,2019-08-18 15:51:07.475000-04:00,889.0,Louisiana,No,None
PSAKUSU,21353,7,5,74,56,341,27.089,32.666,0.6844444444444444,1.3343108504398826,1703,2019-08-18 15:51:46.509000-04:00,24,9,114,70.3703703703704,67.7631578947368,76.0964912280702,78.1940441882805,10602,36.277,28.2045,0.621364814281601,1.3204112431616677,16569,2019-08-18 15:51:07.475000-04:00,889.0,Louisiana,No,None
PSAKUSU,21352,7,3,75,39,243,26.061,38.381,0.5754189944134078,1.440329218106996,1703,2019-08-18 15:51:46.509000-04:00,24,9,114,70.3703703703704,67.7631578947368,76.0964912280702,78.1940441882805,10602,36.277,28.2045,0.621364814281601,1.3204112431616677,16569,2019-08-18 15:51:07.475000-04:00,889.0,Louisiana,No,None
PSAKUSU,21351,8,5,96,83,564,40.6815,46.5715,0.6864406779661016,1.2588652482269505,1703,2019-08-18 15:51:46.509000-04:00,24,9,114,70.3703703703704,67.7631578947368,76.0964912280702,78.1940441882805,10602,36.277,28.2045,0.621364814281601,1.3204112431616677,16569,2019-08-18 15:51:07.475000-04:00,889.0,Louisiana,No,None
PSAKUSU,21350,8,8,100,98,684,37.601,44.601,0.8060747663551402,1.1769005847953216,1703,2019-08-18 15:51:46.509000-04:00,24,9,114,70.3703703703704,67.7631578947368,76.0964912280702,78.1940441882805,10602,36.277,28.2045,0.621364814281601,1.3204112431616677,16569,2019-08-18 15:51:07.475000-04:00,889.0,Louisiana,No,None
PSAKUSU,21349,8,6,99,83,551,16.925,26.307,0.38524590163934425,1.4355716878402904,1703,2019-08-18 15:51:46.509000-04:00,24,9,114,70.3703703703704,67.7631578947368,76.0964912280702,78.1940441882805,10602,36.277,28.2045,0.621364814281601,1.3204112431616677,16569,2019-08-18 15:51:07.475000-04:00,889.0,Louisiana,No,None
PSAKUSU,21348,5,4,94,77,515,23.438,31.423,0.6568627450980392,1.2660194174757282,1703,2019-08-18 15:51:46.509000-04:00,24,9,114,70.3703703703704,67.7631578947368,76.0964912280702,78.1940441882805,10602,36.277,28.2045,0.621364814281601,1.3204112431616677,16569,2019-08-18 15:51:07.475000-04:00,889.0,Louisiana,No,None
PSAKUSU,21347,7,5,85,60,348,35.1465,44.6555,0.7,1.2471264367816093,1703,2019-08-18 15:51:46.509000-04:00,24,9,114,70.3703703703704,67.7631578947368,76.0964912280702,78.1940441882805,10602,36.277,28.2045,0.621364814281601,1.3204112431616677,16569,2019-08-18 15:51:07.475000-04:00,889.0,Louisiana,No,None
PSAKUSU,21355,7,4,68,42,271,32.258,46.918,0.5177664974619289,1.3874538745387455,1703,2019-08-18 15:51:46.509000-04:00,24,9,114,70.3703703703704,67.7631578947368,76.0964912280702,78.1940441882805,10602,36.277,28.2045,0.621364814281601,1.3204112431616677,16569,2019-08-18 15:51:07.475000-04:00,889.0,Louisiana,No,None
PSAKUSU,21346,8,7,105,104,770,37.198,45.147,0.8148936170212766,1.3506493506493507,1703,2019-08-18 15:51:46.509000-04:00,24,9,114,70.3703703703704,67.7631578947368,76.0964912280702,78.1940441882805,10602,36.277,28.2045,0.621364814281601,1.3204112431616677,16569,2019-08-18 15:51:07.475000-04:00,889.0,Louisiana,No,None
PSAKUSU,21356,8,5,103,85,552,37.9775,47.286,0.5745257452574526,1.3514492753623188,1703,2019-08-18 15:51:46.509000-04:00,24,9,114,70.3703703703704,67.7631578947368,76.0964912280702,78.1940441882805,10602,36.277,28.2045,0.621364814281601,1.3204112431616677,16569,2019-08-18 15:51:07.475000-04:00,889.0,Louisiana,No,None
PSAKUSU,58321,1,1,53,42,228,39.8545,51.2985,0.5632911392405063,1.4342105263157896,1703,2019-08-18 15:51:46.509000-04:00,24,9,114,70.3703703703704,67.7631578947368,76.0964912280702,78.1940441882805,10602,36.277,28.2045,0.621364814281601,1.3204112431616677,16569,2019-08-18 15:51:07.475000-04:00,889.0,Louisiana,No,None
PSAKUSU,21358,7,5,68,44,274,35.9745,43.9425,0.585635359116022,1.3759124087591241,1703,2019-08-18 15:51:46.509000-04:00,24,9,114,70.3703703703704,67.7631578947368,76.0964912280702,78.1940441882805,10602,36.277,28.2045,0.621364814281601,1.3204112431616677,16569,2019-08-18 15:51:07.475000-04:00,889.0,Louisiana,No,None
PSAKUSU,21359,8,6,108,90,631,21.757,29.06,0.5667447306791569,1.434231378763867,1703,2019-08-18 15:51:46.509000-04:00,24,9,114,70.3703703703704,67.7631578947368,76.0964912280702,78.1940441882805,10602,36.277,28.2045,0.621364814281601,1.3204112431616677,16569,2019-08-18 15:51:07.475000-04:00,889.0,Louisiana,No,None
PSAKUSU,21365,8,6,96,66,385,33.568,40.445,0.5905797101449275,1.4207792207792207,1703,2019-08-18 15:51:46.509000-04:00,24,9,114,70.3703703703704,67.7631578947368,76.0964912280702,78.1940441882805,10602,36.277,28.2045,0.621364814281601,1.3204112431616677,16569,2019-08-18 15:51:07.475000-04:00,889.0,Louisiana,No,None
PSAKUSU,41687,27,23,0,0,95,48.555,55.875,0.7894736842105263,1.2947368421052632,3115,2019-09-11 09:50:05.161000-04:00,10,27,2,87.7777777777778,84.3881856540084,65.0,69.2307692307692,1079,39.808,29.989,0.6830398517145505,1.5792400370713624,37642,2019-09-10 13:29:28.643000-04:00,929.0,Massachusetts,No,None
PSAKUSU,8325,27,27,5,3,221,27.47,34.534,0.6844660194174758,1.330316742081448,3115,2019-09-11 09:50:05.161000-04:00,10,27,2,87.7777777777778,84.3881856540084,65.0,69.2307692307692,1079,39.808,29.989,0.6830398517145505,1.5792400370713624,37642,2019-09-10 13:29:28.643000-04:00,929.0,Massachusetts,No,None
PSAKUSU,8332,28,22,2,0,104,39.0275,63.4715,0.8181818181818182,1.3942307692307692,3115,2019-09-11 09:50:05.161000-04:00,10,27,2,87.7777777777778,84.3881856540084,65.0,69.2307692307692,1079,39.808,29.989,0.6830398517145505,1.5792400370713624,37642,2019-09-10 13:29:28.643000-04:00,929.0,Massachusetts,No,None
PSAKUSU,8433,22,16,6,4,114,66.1955,74.8325,0.7363636363636363,1.4649122807017545,3115,2019-09-11 09:50:05.161000-04:00,10,27,2,87.7777777777778,84.3881856540084,65.0,69.2307692307692,1079,39.808,29.989,0.6830398517145505,1.5792400370713624,37642,2019-09-10 13:29:28.643000-04:00,929.0,Massachusetts,No,None
PSAKUSU,8514,25,17,6,1,85,30.102,32.351,0.8705882352941177,1.188235294117647,3115,2019-09-11 09:50:05.161000-04:00,10,27,2,87.7777777777778,84.3881856540084,65.0,69.2307692307692,1079,39.808,29.989,0.6830398517145505,1.5792400370713624,37642,2019-09-10 13:29:28.643000-04:00,929.0,Massachusetts,No,None
PSAKUSU,9638,27,27,2,2,150,40.39,53.918,0.6666666666666666,1.8,3115,2019-09-11 09:50:05.161000-04:00,10,27,2,87.7777777777778,84.3881856540084,65.0,69.2307692307692,1079,39.808,29.989,0.6830398517145505,1.5792400370713624,37642,2019-09-10 13:29:28.643000-04:00,929.0,Massachusetts,No,None
PSAKUSU,41685,27,24,2,2,145,20.167,34.865,0.593103448275862,1.8275862068965516,3115,2019-09-11 09:50:05.161000-04:00,10,27,2,87.7777777777778,84.3881856540084,65.0,69.2307692307692,1079,39.808,29.989,0.6830398517145505,1.5792400370713624,37642,2019-09-10 13:29:28.643000-04:00,929.0,Massachusetts,No,None
PSAKUSU,41686,28,26,2,2,215,26.903,40.584,0.5441860465116279,1.7069767441860464,3115,2019-09-11 09:50:05.161000-04:00,10,27,2,87.7777777777778,84.3881856540084,65.0,69.2307692307692,1079,39.808,29.989,0.6830398517145505,1.5792400370713624,37642,2019-09-10 13:29:28.643000-04:00,929.0,Massachusetts,No,None
PSAKUSU,8322,27,20,4,0,103,34.847,37.473,0.8118811881188119,1.5533980582524272,3115,2019-09-11 09:50:05.161000-04:00,10,27,2,87.7777777777778,84.3881856540084,65.0,69.2307692307692,1079,39.808,29.989,0.6830398517145505,1.5792400370713624,37642,2019-09-10 13:29:28.643000-04:00,929.0,Massachusetts,No,None
PSAKUSU,8339,25,22,3,0,151,37.451,61.926,0.6486486486486487,1.3576158940397351,3116,2019-09-11 09:50:05.165000-04:00,11,27,2,88.5521885521886,93.5361216730038,59.0909090909091,92.3076923076923,1415,54.803,39.786,0.6798586572438162,1.573851590106007,37642,2019-09-10 13:29:28.643000-04:00,929.0,Massachusetts,No,None
PSAKUSU,8432,23,18,4,2,134,52.801,64.019,0.7,1.7835820895522387,3116,2019-09-11 09:50:05.165000-04:00,11,27,2,88.5521885521886,93.5361216730038,59.0909090909091,92.3076923076923,1415,54.803,39.786,0.6798586572438162,1.573851590106007,37642,2019-09-10 13:29:28.643000-04:00,929.0,Massachusetts,No,None
PSAKUSU,8424,27,27,6,5,218,37.3425,48.6445,0.6542056074766355,1.591743119266055,3116,2019-09-11 09:50:05.165000-04:00,11,27,2,88.5521885521886,93.5361216730038,59.0909090909091,92.3076923076923,1415,54.803,39.786,0.6798586572438162,1.573851590106007,37642,2019-09-10 13:29:28.643000-04:00,929.0,Massachusetts,No,None
PSAKUSU,8419,27,27,6,6,189,38.451,51.346,0.7087912087912088,1.5396825396825398,3116,2019-09-11 09:50:05.165000-04:00,11,27,2,88.5521885521886,93.5361216730038,59.0909090909091,92.3076923076923,1415,54.803,39.786,0.6798586572438162,1.573851590106007,37642,2019-09-10 13:29:28.643000-04:00,929.0,Massachusetts,No,None
PSAKUSU,8330,27,27,5,4,226,34.208,43.5375,0.6442307692307693,1.3805309734513274,3116,2019-09-11 09:50:05.165000-04:00,11,27,2,88.5521885521886,93.5361216730038,59.0909090909091,92.3076923076923,1415,54.803,39.786,0.6798586572438162,1.573851590106007,37642,2019-09-10 13:29:28.643000-04:00,929.0,Massachusetts,No,None
PSAKUSU,8320,25,23,3,0,133,71.537,87.589,0.7153846153846154,1.8345864661654134,3116,2019-09-11 09:50:05.165000-04:00,11,27,2,88.5521885521886,93.5361216730038,59.0909090909091,92.3076923076923,1415,54.803,39.786,0.6798586572438162,1.573851590106007,37642,2019-09-10 13:29:28.643000-04:00,929.0,Massachusetts,No,None
PSAKUSU,4697,27,27,6,3,184,41.178,48.425,0.7861271676300579,1.358695652173913,3116,2019-09-11 09:50:05.165000-04:00,11,27,2,88.5521885521886,93.5361216730038,59.0909090909091,92.3076923076923,1415,54.803,39.786,0.6798586572438162,1.573851590106007,37642,2019-09-10 13:29:28.643000-04:00,929.0,Massachusetts,No,None
PSAKUSU,8571,28,28,4,2,161,46.767,57.238,0.6918238993710691,1.546583850931677,3116,2019-09-11 09:50:05.165000-04:00,11,27,2,88.5521885521886,93.5361216730038,59.0909090909091,92.3076923076923,1415,54.803,39.786,0.6798586572438162,1.573851590106007,37642,2019-09-10 13:29:28.643000-04:00,929.0,Massachusetts,No,None
PSAKUSU,8509,27,24,5,2,191,36.774,60.603,0.5684210526315789,1.8848167539267016,3116,2019-09-11 09:50:05.165000-04:00,11,27,2,88.5521885521886,93.5361216730038,59.0909090909091,92.3076923076923,1415,54.803,39.786,0.6798586572438162,1.573851590106007,37642,2019-09-10 13:29:28.643000-04:00,929.0,Massachusetts,No,None
PSAKUSU,62999,0,0,0,0,0,,,,,4115,2019-09-29 19:20:33.833000-04:00,15,5,0,4.0,100.0,0.0,0.0,15,38.285,36.591,0.7333333333333333,1.3333333333333333,54763,2019-09-29 19:18:42.955000-04:00,1992.0,Rhode Island,No,None
PSAKUSU,61696,0,0,0,0,0,,,,,4115,2019-09-29 19:20:33.833000-04:00,15,5,0,4.0,100.0,0.0,0.0,15,38.285,36.591,0.7333333333333333,1.3333333333333333,54763,2019-09-29 19:18:42.955000-04:00,1992.0,Rhode Island,No,None
PSAKUSU,60812,0,0,0,0,0,,,,,4115,2019-09-29 19:20:33.833000-04:00,15,5,0,4.0,100.0,0.0,0.0,15,38.285,36.591,0.7333333333333333,1.3333333333333333,54763,2019-09-29 19:18:42.955000-04:00,1992.0,Rhode Island,No,None
PSAKUSU,60795,0,0,0,0,0,,,,,4115,2019-09-29 19:20:33.833000-04:00,15,5,0,4.0,100.0,0.0,0.0,15,38.285,36.591,0.7333333333333333,1.3333333333333333,54763,2019-09-29 19:18:42.955000-04:00,1992.0,Rhode Island,No,None
PSAKUSU,55734,3,3,0,0,13,43.34,61.899,0.6923076923076923,1.3076923076923077,4129,2019-09-30 08:04:45.752000-04:00,19,5,0,47.3684210526316,93.3333333333333,0.0,0.0,166,43.698,40.3735,0.8554216867469879,1.150602409638554,54763,2019-09-29 19:18:42.955000-04:00,1992.0,Rhode Island,No,None
PSAKUSU,78121,12,2,0,0,22,74.712,161.909,0.6363636363636364,2.0,4129,2019-09-30 08:04:45.752000-04:00,19,5,0,47.3684210526316,93.3333333333333,0.0,0.0,166,43.698,40.3735,0.8554216867469879,1.150602409638554,54763,2019-09-29 19:18:42.955000-04:00,1992.0,Rhode Island,No,None
PSAKUSU,55687,3,3,0,0,12,40.225,40.2285,0.9166666666666666,1.0833333333333333,4129,2019-09-30 08:04:45.752000-04:00,19,5,0,47.3684210526316,93.3333333333333,0.0,0.0,166,43.698,40.3735,0.8554216867469879,1.150602409638554,54763,2019-09-29 19:18:42.955000-04:00,1992.0,Rhode Island,No,None
PSAKUSU,55688,3,2,0,0,10,21.995,29.486,0.9,1.2,4129,2019-09-30 08:04:45.752000-04:00,19,5,0,47.3684210526316,93.3333333333333,0.0,0.0,166,43.698,40.3735,0.8554216867469879,1.150602409638554,54763,2019-09-29 19:18:42.955000-04:00,1992.0,Rhode Island,No,None
PSAKUSU,55689,4,4,0,0,9,31.826,31.829,1.0,1.0,4129,2019-09-30 08:04:45.752000-04:00,19,5,0,47.3684210526316,93.3333333333333,0.0,0.0,166,43.698,40.3735,0.8554216867469879,1.150602409638554,54763,2019-09-29 19:18:42.955000-04:00,1992.0,Rhode Island,No,None
PSAKUSU,55690,5,5,0,0,24,46.7005,74.327,0.7083333333333334,1.625,4129,2019-09-30 08:04:45.752000-04:00,19,5,0,47.3684210526316,93.3333333333333,0.0,0.0,166,43.698,40.3735,0.8554216867469879,1.150602409638554,54763,2019-09-29 19:18:42.955000-04:00,1992.0,Rhode Island,No,None
PSAKUSU,55692,3,3,0,0,9,42.204,42.21,1.0,1.0,4129,2019-09-30 08:04:45.752000-04:00,19,5,0,47.3684210526316,93.3333333333333,0.0,0.0,166,43.698,40.3735,0.8554216867469879,1.150602409638554,54763,2019-09-29 19:18:42.955000-04:00,1992.0,Rhode Island,No,None
PSAKUSU,55693,5,4,0,0,25,27.163,27.166,0.68,1.52,4129,2019-09-30 08:04:45.752000-04:00,19,5,0,47.3684210526316,93.3333333333333,0.0,0.0,166,43.698,40.3735,0.8554216867469879,1.150602409638554,54763,2019-09-29 19:18:42.955000-04:00,1992.0,Rhode Island,No,None
PSAKUSU,55726,5,3,0,0,10,111.647,111.653,0.9,1.2,4129,2019-09-30 08:04:45.752000-04:00,19,5,0,47.3684210526316,93.3333333333333,0.0,0.0,166,43.698,40.3735,0.8554216867469879,1.150602409638554,54763,2019-09-29 19:18:42.955000-04:00,1992.0,Rhode Island,No,None
PSAKUSU,55727,3,3,0,0,10,50.4965,50.499,0.9,1.1,4129,2019-09-30 08:04:45.752000-04:00,19,5,0,47.3684210526316,93.3333333333333,0.0,0.0,166,43.698,40.3735,0.8554216867469879,1.150602409638554,54763,2019-09-29 19:18:42.955000-04:00,1992.0,Rhode Island,No,None
PSAKUSU,55728,6,5,0,0,36,53.8635,86.879,0.6388888888888888,1.6111111111111112,4129,2019-09-30 08:04:45.752000-04:00,19,5,0,47.3684210526316,93.3333333333333,0.0,0.0,166,43.698,40.3735,0.8554216867469879,1.150602409638554,54763,2019-09-29 19:18:42.955000-04:00,1992.0,Rhode Island,No,None
PSAKUSU,55729,3,3,0,0,16,21.4805,21.7195,0.8125,1.1875,4129,2019-09-30 08:04:45.752000-04:00,19,5,0,47.3684210526316,93.3333333333333,0.0,0.0,166,43.698,40.3735,0.8554216867469879,1.150602409638554,54763,2019-09-29 19:18:42.955000-04:00,1992.0,Rhode Island,No,None
PSAKUSU,55730,3,3,0,0,10,15.272,18.1245,0.9,1.2,4129,2019-09-30 08:04:45.752000-04:00,19,5,0,47.3684210526316,93.3333333333333,0.0,0.0,166,43.698,40.3735,0.8554216867469879,1.150602409638554,54763,2019-09-29 19:18:42.955000-04:00,1992.0,Rhode Island,No,None
PSAKUSU,55731,3,3,0,0,16,70.0775,88.958,0.75,1.25,4129,2019-09-30 08:04:45.752000-04:00,19,5,0,47.3684210526316,93.3333333333333,0.0,0.0,166,43.698,40.3735,0.8554216867469879,1.150602409638554,54763,2019-09-29 19:18:42.955000-04:00,1992.0,Rhode Island,No,None
PSAKUSU,55732,3,3,0,0,12,33.5925,46.791,0.9166666666666666,1.0833333333333333,4129,2019-09-30 08:04:45.752000-04:00,19,5,0,47.3684210526316,93.3333333333333,0.0,0.0,166,43.698,40.3735,0.8554216867469879,1.150602409638554,54763,2019-09-29 19:18:42.955000-04:00,1992.0,Rhode Island,No,None
PSAKUSU,55733,5,5,0,0,10,39.6675,48.3025,0.9,1.1,4129,2019-09-30 08:04:45.752000-04:00,19,5,0,47.3684210526316,93.3333333333333,0.0,0.0,166,43.698,40.3735,0.8554216867469879,1.150602409638554,54763,2019-09-29 19:18:42.955000-04:00,1992.0,Rhode Island,No,None
PSAKUSU,54840,3,3,0,0,26,68.749,74.6395,0.6153846153846154,1.6153846153846154,4130,2019-09-30 08:04:45.756000-04:00,11,5,0,49.0909090909091,100.0,0.0,0.0,140,40.868,30.5475,0.7142857142857143,1.4642857142857142,54763,2019-09-29 19:18:42.955000-04:00,1992.0,Rhode Island,No,None
PSAKUSU,54839,3,3,0,0,3,86.486,86.491,1.0,1.0,4130,2019-09-30 08:04:45.756000-04:00,11,5,0,49.0909090909091,100.0,0.0,0.0,140,40.868,30.5475,0.7142857142857143,1.4642857142857142,54763,2019-09-29 19:18:42.955000-04:00,1992.0,Rhode Island,No,None
PSAKUSU,54788,4,4,0,0,21,34.25,65.285,0.6666666666666666,1.8095238095238095,4130,2019-09-30 08:04:45.756000-04:00,11,5,0,49.0909090909091,100.0,0.0,0.0,140,40.868,30.5475,0.7142857142857143,1.4642857142857142,54763,2019-09-29 19:18:42.955000-04:00,1992.0,Rhode Island,No,None
PSAKUSU,54789,4,4,0,0,20,34.5055,38.586,0.8,1.2,4130,2019-09-30 08:04:45.756000-04:00,11,5,0,49.0909090909091,100.0,0.0,0.0,140,40.868,30.5475,0.7142857142857143,1.4642857142857142,54763,2019-09-29 19:18:42.955000-04:00,1992.0,Rhode Island,No,None
PSAKUSU,54790,3,3,0,0,17,29.58,37.239,0.7647058823529411,1.2352941176470589,4130,2019-09-30 08:04:45.756000-04:00,11,5,0,49.0909090909091,100.0,0.0,0.0,140,40.868,30.5475,0.7142857142857143,1.4642857142857142,54763,2019-09-29 19:18:42.955000-04:00,1992.0,Rhode Island,No,None
PSAKUSU,54837,3,3,0,0,17,16.048,25.426,0.6470588235294118,1.647058823529412,4130,2019-09-30 08:04:45.756000-04:00,11,5,0,49.0909090909091,100.0,0.0,0.0,140,40.868,30.5475,0.7142857142857143,1.4642857142857142,54763,2019-09-29 19:18:42.955000-04:00,1992.0,Rhode Island,No,None
PSAKUSU,54838,3,3,0,0,14,47.1535,54.094,0.7857142857142857,1.4285714285714286,4130,2019-09-30 08:04:45.756000-04:00,11,5,0,49.0909090909091,100.0,0.0,0.0,140,40.868,30.5475,0.7142857142857143,1.4642857142857142,54763,2019-09-29 19:18:42.955000-04:00,1992.0,Rhode Island,No,None
PSAKUSU,54842,3,3,0,0,17,19.731,21.827,0.7647058823529411,1.4705882352941175,4130,2019-09-30 08:04:45.756000-04:00,11,5,0,49.0909090909091,100.0,0.0,0.0,140,40.868,30.5475,0.7142857142857143,1.4642857142857142,54763,2019-09-29 19:18:42.955000-04:00,1992.0,Rhode Island,No,None
PSAKUSU,59294,2,1,0,0,1,403.468,408.69,0.0,2.0,4130,2019-09-30 08:04:45.756000-04:00,11,5,0,49.0909090909091,100.0,0.0,0.0,140,40.868,30.5475,0.7142857142857143,1.4642857142857142,54763,2019-09-29 19:18:42.955000-04:00,1992.0,Rhode Island,No,None
PSAKUSU,54841,3,3,0,0,18,30.5475,43.2665,0.6111111111111112,1.3888888888888888,4130,2019-09-30 08:04:45.756000-04:00,11,5,0,49.0909090909091,100.0,0.0,0.0,140,40.868,30.5475,0.7142857142857143,1.4642857142857142,54763,2019-09-29 19:18:42.955000-04:00,1992.0,Rhode Island,No,None
PSAKUSU,69152,4,0,6,2,38,59.319,78.031,0.5172413793103449,1.5,4930,2019-10-18 08:52:02.824000-04:00,28,4,6,76.7857142857143,55.8139534883721,38.0952380952381,45.3125,1061,64.018,45.449,0.5740318906605922,1.6644674835061264,66493,2019-10-18 08:51:36.446000-04:00,1308.0,North Carolina,Yes,None
PSAKUSU,72008,4,3,4,2,68,58.096,70.5115,0.7169811320754716,1.4852941176470589,4930,2019-10-18 08:52:02.824000-04:00,28,4,6,76.7857142857143,55.8139534883721,38.0952380952381,45.3125,1061,64.018,45.449,0.5740318906605922,1.6644674835061264,66493,2019-10-18 08:51:36.446000-04:00,1308.0,North Carolina,Yes,None
PSAKUSU,72014,3,0,2,0,21,95.356,205.794,0.16666666666666666,1.7142857142857142,4930,2019-10-18 08:52:02.824000-04:00,28,4,6,76.7857142857143,55.8139534883721,38.0952380952381,45.3125,1061,64.018,45.449,0.5740318906605922,1.6644674835061264,66493,2019-10-18 08:51:36.446000-04:00,1308.0,North Carolina,Yes,None
PSAKUSU,72055,2,0,2,0,26,50.026,85.4325,0.5238095238095238,1.8846153846153846,4930,2019-10-18 08:52:02.824000-04:00,28,4,6,76.7857142857143,55.8139534883721,38.0952380952381,45.3125,1061,64.018,45.449,0.5740318906605922,1.6644674835061264,66493,2019-10-18 08:51:36.446000-04:00,1308.0,North Carolina,Yes,None
PSAKUSU,72004,4,1,2,2,65,12.737,39.466,0.5,1.7692307692307692,4930,2019-10-18 08:52:02.824000-04:00,28,4,6,76.7857142857143,55.8139534883721,38.0952380952381,45.3125,1061,64.018,45.449,0.5740318906605922,1.6644674835061264,66493,2019-10-18 08:51:36.446000-04:00,1308.0,North Carolina,Yes,None
PSAKUSU,72006,4,0,2,0,15,28.13,55.934,0.23076923076923078,1.4,4930,2019-10-18 08:52:02.824000-04:00,28,4,6,76.7857142857143,55.8139534883721,38.0952380952381,45.3125,1061,64.018,45.449,0.5740318906605922,1.6644674835061264,66493,2019-10-18 08:51:36.446000-04:00,1308.0,North Carolina,Yes,None
PSAKUSU,72063,3,3,2,1,35,84.7,102.401,0.4666666666666667,3.657142857142857,4930,2019-10-18 08:52:02.824000-04:00,28,4,6,76.7857142857143,55.8139534883721,38.0952380952381,45.3125,1061,64.018,45.449,0.5740318906605922,1.6644674835061264,66493,2019-10-18 08:51:36.446000-04:00,1308.0,North Carolina,Yes,None
PSAKUSU,71812,4,3,2,0,16,57.7665,61.9635,0.5,1.5,4932,2019-10-18 08:52:02.833000-04:00,23,4,6,43.4782608695652,40.0,30.4347826086957,7.14285714285714,288,78.479,49.581,0.40562248995983935,1.7326388888888888,66493,2019-10-18 08:51:36.446000-04:00,1308.0,North Carolina,Yes,None
PSAKUSU,71821,3,1,2,0,4,132.583,137.9525,0.75,1.75,4932,2019-10-18 08:52:02.833000-04:00,23,4,6,43.4782608695652,40.0,30.4347826086957,7.14285714285714,288,78.479,49.581,0.40562248995983935,1.7326388888888888,66493,2019-10-18 08:51:36.446000-04:00,1308.0,North Carolina,Yes,None
PSAKUSU,71825,1,0,2,0,8,94.576,146.833,0.0,2.25,4932,2019-10-18 08:52:02.833000-04:00,23,4,6,43.4782608695652,40.0,30.4347826086957,7.14285714285714,288,78.479,49.581,0.40562248995983935,1.7326388888888888,66493,2019-10-18 08:51:36.446000-04:00,1308.0,North Carolina,Yes,None
PSAKUSU,71778,1,0,2,1,23,20.615,49.895,0.16666666666666666,2.6521739130434785,4932,2019-10-18 08:52:02.833000-04:00,23,4,6,43.4782608695652,40.0,30.4347826086957,7.14285714285714,288,78.479,49.581,0.40562248995983935,1.7326388888888888,66493,2019-10-18 08:51:36.446000-04:00,1308.0,North Carolina,Yes,None
PSAKUSU,71758,0,0,4,3,19,31.361,31.374,0.6111111111111112,1.368421052631579,5318,2019-10-28 10:14:31.635000-04:00,29,0,5,0.0,0.0,79.3103448275862,93.9130434782609,554,34.613,27.4185,0.7409523809523809,1.3249097472924187,71640,2019-10-28 09:23:31.758000-04:00,2095.0,Massachusetts,Yes,None
PSAKUSU,71732,0,0,4,4,20,48.7095,64.3845,0.6842105263157895,1.55,5318,2019-10-28 10:14:31.635000-04:00,29,0,5,0.0,0.0,79.3103448275862,93.9130434782609,554,34.613,27.4185,0.7409523809523809,1.3249097472924187,71640,2019-10-28 09:23:31.758000-04:00,2095.0,Massachusetts,Yes,None
PSAKUSU,71733,0,0,3,2,10,21.1535,21.1625,0.8888888888888888,1.1,5318,2019-10-28 10:14:31.635000-04:00,29,0,5,0.0,0.0,79.3103448275862,93.9130434782609,554,34.613,27.4185,0.7409523809523809,1.3249097472924187,71640,2019-10-28 09:23:31.758000-04:00,2095.0,Massachusetts,Yes,None
PSAKUSU,71734,0,0,4,4,20,9.74,11.753,0.7894736842105263,1.15,5318,2019-10-28 10:14:31.635000-04:00,29,0,5,0.0,0.0,79.3103448275862,93.9130434782609,554,34.613,27.4185,0.7409523809523809,1.3249097472924187,71640,2019-10-28 09:23:31.758000-04:00,2095.0,Massachusetts,Yes,None
PSAKUSU,71735,0,0,4,4,20,17.3525,17.362,0.8947368421052632,1.2,5318,2019-10-28 10:14:31.635000-04:00,29,0,5,0.0,0.0,79.3103448275862,93.9130434782609,554,34.613,27.4185,0.7409523809523809,1.3249097472924187,71640,2019-10-28 09:23:31.758000-04:00,2095.0,Massachusetts,Yes,None
PSAKUSU,71736,0,0,4,4,20,19.1545,24.9245,0.7368421052631579,1.3,5318,2019-10-28 10:14:31.635000-04:00,29,0,5,0.0,0.0,79.3103448275862,93.9130434782609,554,34.613,27.4185,0.7409523809523809,1.3249097472924187,71640,2019-10-28 09:23:31.758000-04:00,2095.0,Massachusetts,Yes,None
PSAKUSU,71737,0,0,4,4,20,16.3705,28.145,0.5789473684210527,1.9,5318,2019-10-28 10:14:31.635000-04:00,29,0,5,0.0,0.0,79.3103448275862,93.9130434782609,554,34.613,27.4185,0.7409523809523809,1.3249097472924187,71640,2019-10-28 09:23:31.758000-04:00,2095.0,Massachusetts,Yes,None
PSAKUSU,71738,0,0,4,4,20,31.552,32.6365,0.8421052631578947,1.1,5318,2019-10-28 10:14:31.635000-04:00,29,0,5,0.0,0.0,79.3103448275862,93.9130434782609,554,34.613,27.4185,0.7409523809523809,1.3249097472924187,71640,2019-10-28 09:23:31.758000-04:00,2095.0,Massachusetts,Yes,None
PSAKUSU,71739,0,0,4,3,19,33.206,40.431,0.7777777777777778,1.2105263157894737,5318,2019-10-28 10:14:31.635000-04:00,29,0,5,0.0,0.0,79.3103448275862,93.9130434782609,554,34.613,27.4185,0.7409523809523809,1.3249097472924187,71640,2019-10-28 09:23:31.758000-04:00,2095.0,Massachusetts,Yes,None
PSAKUSU,71740,0,0,5,5,25,27.264,31.897,0.6666666666666666,1.48,5318,2019-10-28 10:14:31.635000-04:00,29,0,5,0.0,0.0,79.3103448275862,93.9130434782609,554,34.613,27.4185,0.7409523809523809,1.3249097472924187,71640,2019-10-28 09:23:31.758000-04:00,2095.0,Massachusetts,Yes,None
PSAKUSU,71741,0,0,3,3,15,55.594,71.102,0.7857142857142857,1.1333333333333333,5318,2019-10-28 10:14:31.635000-04:00,29,0,5,0.0,0.0,79.3103448275862,93.9130434782609,554,34.613,27.4185,0.7409523809523809,1.3249097472924187,71640,2019-10-28 09:23:31.758000-04:00,2095.0,Massachusetts,Yes,None
PSAKUSU,71742,0,0,4,4,20,29.022,45.7425,0.6842105263157895,1.6,5318,2019-10-28 10:14:31.635000-04:00,29,0,5,0.0,0.0,79.3103448275862,93.9130434782609,554,34.613,27.4185,0.7409523809523809,1.3249097472924187,71640,2019-10-28 09:23:31.758000-04:00,2095.0,Massachusetts,Yes,None
PSAKUSU,71743,0,0,4,4,20,56.8885,63.5565,0.6842105263157895,1.2,5318,2019-10-28 10:14:31.635000-04:00,29,0,5,0.0,0.0,79.3103448275862,93.9130434782609,554,34.613,27.4185,0.7409523809523809,1.3249097472924187,71640,2019-10-28 09:23:31.758000-04:00,2095.0,Massachusetts,Yes,None
PSAKUSU,71744,0,0,4,4,20,17.0315,24.632,0.6842105263157895,1.45,5318,2019-10-28 10:14:31.635000-04:00,29,0,5,0.0,0.0,79.3103448275862,93.9130434782609,554,34.613,27.4185,0.7409523809523809,1.3249097472924187,71640,2019-10-28 09:23:31.758000-04:00,2095.0,Massachusetts,Yes,None
PSAKUSU,71745,0,0,4,4,20,35.67,43.2735,0.631578947368421,1.25,5318,2019-10-28 10:14:31.635000-04:00,29,0,5,0.0,0.0,79.3103448275862,93.9130434782609,554,34.613,27.4185,0.7409523809523809,1.3249097472924187,71640,2019-10-28 09:23:31.758000-04:00,2095.0,Massachusetts,Yes,None
PSAKUSU,71746,0,0,4,4,20,29.668,33.89,0.8421052631578947,1.1,5318,2019-10-28 10:14:31.635000-04:00,29,0,5,0.0,0.0,79.3103448275862,93.9130434782609,554,34.613,27.4185,0.7409523809523809,1.3249097472924187,71640,2019-10-28 09:23:31.758000-04:00,2095.0,Massachusetts,Yes,None
PSAKUSU,71747,0,0,4,2,15,33.014,37.914,0.7142857142857143,1.4,5318,2019-10-28 10:14:31.635000-04:00,29,0,5,0.0,0.0,79.3103448275862,93.9130434782609,554,34.613,27.4185,0.7409523809523809,1.3249097472924187,71640,2019-10-28 09:23:31.758000-04:00,2095.0,Massachusetts,Yes,None
PSAKUSU,71748,0,0,4,4,20,26.0335,33.059,0.7894736842105263,1.2,5318,2019-10-28 10:14:31.635000-04:00,29,0,5,0.0,0.0,79.3103448275862,93.9130434782609,554,34.613,27.4185,0.7409523809523809,1.3249097472924187,71640,2019-10-28 09:23:31.758000-04:00,2095.0,Massachusetts,Yes,None
PSAKUSU,71749,0,0,4,4,20,33.2735,33.284,0.8947368421052632,1.3,5318,2019-10-28 10:14:31.635000-04:00,29,0,5,0.0,0.0,79.3103448275862,93.9130434782609,554,34.613,27.4185,0.7409523809523809,1.3249097472924187,71640,2019-10-28 09:23:31.758000-04:00,2095.0,Massachusetts,Yes,None
PSAKUSU,71750,0,0,4,4,20,33.846,33.857,0.8947368421052632,1.1,5318,2019-10-28 10:14:31.635000-04:00,29,0,5,0.0,0.0,79.3103448275862,93.9130434782609,554,34.613,27.4185,0.7409523809523809,1.3249097472924187,71640,2019-10-28 09:23:31.758000-04:00,2095.0,Massachusetts,Yes,None
PSAKUSU,71751,0,0,5,4,21,47.689,51.584,0.5,1.7619047619047619,5318,2019-10-28 10:14:31.635000-04:00,29,0,5,0.0,0.0,79.3103448275862,93.9130434782609,554,34.613,27.4185,0.7409523809523809,1.3249097472924187,71640,2019-10-28 09:23:31.758000-04:00,2095.0,Massachusetts,Yes,None
PSAKUSU,71752,0,0,4,4,20,29.536,47.4945,0.7368421052631579,1.35,5318,2019-10-28 10:14:31.635000-04:00,29,0,5,0.0,0.0,79.3103448275862,93.9130434782609,554,34.613,27.4185,0.7409523809523809,1.3249097472924187,71640,2019-10-28 09:23:31.758000-04:00,2095.0,Massachusetts,Yes,None
PSAKUSU,71753,0,0,4,4,20,17.62,26.0815,0.7368421052631579,1.35,5318,2019-10-28 10:14:31.635000-04:00,29,0,5,0.0,0.0,79.3103448275862,93.9130434782609,554,34.613,27.4185,0.7409523809523809,1.3249097472924187,71640,2019-10-28 09:23:31.758000-04:00,2095.0,Massachusetts,Yes,None
PSAKUSU,71754,0,0,4,3,15,21.408,22.577,0.7857142857142857,1.2,5318,2019-10-28 10:14:31.635000-04:00,29,0,5,0.0,0.0,79.3103448275862,93.9130434782609,554,34.613,27.4185,0.7409523809523809,1.3249097472924187,71640,2019-10-28 09:23:31.758000-04:00,2095.0,Massachusetts,Yes,None
PSAKUSU,71755,0,0,4,4,20,21.9465,32.6835,0.7368421052631579,1.3,5318,2019-10-28 10:14:31.635000-04:00,29,0,5,0.0,0.0,79.3103448275862,93.9130434782609,554,34.613,27.4185,0.7409523809523809,1.3249097472924187,71640,2019-10-28 09:23:31.758000-04:00,2095.0,Massachusetts,Yes,None
PSAKUSU,71756,0,0,4,4,20,38.701,45.3855,0.6842105263157895,1.25,5318,2019-10-28 10:14:31.635000-04:00,29,0,5,0.0,0.0,79.3103448275862,93.9130434782609,554,34.613,27.4185,0.7409523809523809,1.3249097472924187,71640,2019-10-28 09:23:31.758000-04:00,2095.0,Massachusetts,Yes,None
PSAKUSU,71757,0,0,4,4,20,25.3045,25.6595,0.6842105263157895,1.35,5318,2019-10-28 10:14:31.635000-04:00,29,0,5,0.0,0.0,79.3103448275862,93.9130434782609,554,34.613,27.4185,0.7409523809523809,1.3249097472924187,71640,2019-10-28 09:23:31.758000-04:00,2095.0,Massachusetts,Yes,None
PSAKUSU,71761,0,0,4,4,20,37.2855,37.2925,0.8947368421052632,1.15,5318,2019-10-28 10:14:31.635000-04:00,29,0,5,0.0,0.0,79.3103448275862,93.9130434782609,554,34.613,27.4185,0.7409523809523809,1.3249097472924187,71640,2019-10-28 09:23:31.758000-04:00,2095.0,Massachusetts,Yes,None
PSAKUSU,71763,0,0,3,3,15,33.211,33.637,0.7857142857142857,1.4,5318,2019-10-28 10:14:31.635000-04:00,29,0,5,0.0,0.0,79.3103448275862,93.9130434782609,554,34.613,27.4185,0.7409523809523809,1.3249097472924187,71640,2019-10-28 09:23:31.758000-04:00,2095.0,Massachusetts,Yes,None
PSAKUSU,71893,0,0,5,4,20,15.7365,30.651,0.5789473684210527,1.65,5319,2019-10-28 10:14:31.638000-04:00,26,0,6,0.0,0.0,79.4871794871795,75.0,478,38.2385,30.961,0.6931567328918322,1.3765690376569037,71640,2019-10-28 09:23:31.758000-04:00,2095.0,Massachusetts,Yes,None
PSAKUSU,71869,0,0,5,4,20,26.3045,26.3245,0.7894736842105263,1.1,5319,2019-10-28 10:14:31.638000-04:00,26,0,6,0.0,0.0,79.4871794871795,75.0,478,38.2385,30.961,0.6931567328918322,1.3765690376569037,71640,2019-10-28 09:23:31.758000-04:00,2095.0,Massachusetts,Yes,None
PSAKUSU,71870,0,0,5,4,20,23.87,26.8,0.631578947368421,1.35,5319,2019-10-28 10:14:31.638000-04:00,26,0,6,0.0,0.0,79.4871794871795,75.0,478,38.2385,30.961,0.6931567328918322,1.3765690376569037,71640,2019-10-28 09:23:31.758000-04:00,2095.0,Massachusetts,Yes,None
PSAKUSU,71871,0,0,5,4,20,36.241,42.302,0.7894736842105263,1.3,5319,2019-10-28 10:14:31.638000-04:00,26,0,6,0.0,0.0,79.4871794871795,75.0,478,38.2385,30.961,0.6931567328918322,1.3765690376569037,71640,2019-10-28 09:23:31.758000-04:00,2095.0,Massachusetts,Yes,None
PSAKUSU,71872,0,0,5,3,15,47.129,47.138,0.7142857142857143,1.4,5319,2019-10-28 10:14:31.638000-04:00,26,0,6,0.0,0.0,79.4871794871795,75.0,478,38.2385,30.961,0.6931567328918322,1.3765690376569037,71640,2019-10-28 09:23:31.758000-04:00,2095.0,Massachusetts,Yes,None
PSAKUSU,71873,0,0,3,2,13,28.116,37.641,0.5,1.7692307692307692,5319,2019-10-28 10:14:31.638000-04:00,26,0,6,0.0,0.0,79.4871794871795,75.0,478,38.2385,30.961,0.6931567328918322,1.3765690376569037,71640,2019-10-28 09:23:31.758000-04:00,2095.0,Massachusetts,Yes,None
PSAKUSU,71874,0,0,5,4,20,28.7235,32.1295,0.6842105263157895,1.4,5319,2019-10-28 10:14:31.638000-04:00,26,0,6,0.0,0.0,79.4871794871795,75.0,478,38.2385,30.961,0.6931567328918322,1.3765690376569037,71640,2019-10-28 09:23:31.758000-04:00,2095.0,Massachusetts,Yes,None
PSAKUSU,71875,0,0,5,3,11,67.898,68.002,0.8181818181818182,1.2727272727272727,5319,2019-10-28 10:14:31.638000-04:00,26,0,6,0.0,0.0,79.4871794871795,75.0,478,38.2385,30.961,0.6931567328918322,1.3765690376569037,71640,2019-10-28 09:23:31.758000-04:00,2095.0,Massachusetts,Yes,None
PSAKUSU,71876,0,0,5,4,20,25.593,32.9215,0.631578947368421,1.75,5319,2019-10-28 10:14:31.638000-04:00,26,0,6,0.0,0.0,79.4871794871795,75.0,478,38.2385,30.961,0.6931567328918322,1.3765690376569037,71640,2019-10-28 09:23:31.758000-04:00,2095.0,Massachusetts,Yes,None
PSAKUSU,71877,0,0,5,4,20,26.8215,27.543,0.6842105263157895,1.4,5319,2019-10-28 10:14:31.638000-04:00,26,0,6,0.0,0.0,79.4871794871795,75.0,478,38.2385,30.961,0.6931567328918322,1.3765690376569037,71640,2019-10-28 09:23:31.758000-04:00,2095.0,Massachusetts,Yes,None
PSAKUSU,71878,0,0,5,3,18,24.5155,27.0045,0.7058823529411765,1.3888888888888888,5319,2019-10-28 10:14:31.638000-04:00,26,0,6,0.0,0.0,79.4871794871795,75.0,478,38.2385,30.961,0.6931567328918322,1.3765690376569037,71640,2019-10-28 09:23:31.758000-04:00,2095.0,Massachusetts,Yes,None
PSAKUSU,71879,0,0,5,3,17,24.721,42.794,0.6875,1.352941176470588,5319,2019-10-28 10:14:31.638000-04:00,26,0,6,0.0,0.0,79.4871794871795,75.0,478,38.2385,30.961,0.6931567328918322,1.3765690376569037,71640,2019-10-28 09:23:31.758000-04:00,2095.0,Massachusetts,Yes,None
PSAKUSU,71880,0,0,5,3,17,30.403,36.472,0.8125,1.1176470588235294,5319,2019-10-28 10:14:31.638000-04:00,26,0,6,0.0,0.0,79.4871794871795,75.0,478,38.2385,30.961,0.6931567328918322,1.3765690376569037,71640,2019-10-28 09:23:31.758000-04:00,2095.0,Massachusetts,Yes,None
PSAKUSU,71881,0,0,5,3,18,21.3625,29.524,0.7058823529411765,1.277777777777778,5319,2019-10-28 10:14:31.638000-04:00,26,0,6,0.0,0.0,79.4871794871795,75.0,478,38.2385,30.961,0.6931567328918322,1.3765690376569037,71640,2019-10-28 09:23:31.758000-04:00,2095.0,Massachusetts,Yes,None
PSAKUSU,71882,0,0,4,4,20,32.7,52.736,0.7368421052631579,1.35,5319,2019-10-28 10:14:31.638000-04:00,26,0,6,0.0,0.0,79.4871794871795,75.0,478,38.2385,30.961,0.6931567328918322,1.3765690376569037,71640,2019-10-28 09:23:31.758000-04:00,2095.0,Massachusetts,Yes,None
PSAKUSU,71883,0,0,5,4,20,30.396,38.8565,0.7368421052631579,1.5,5319,2019-10-28 10:14:31.638000-04:00,26,0,6,0.0,0.0,79.4871794871795,75.0,478,38.2385,30.961,0.6931567328918322,1.3765690376569037,71640,2019-10-28 09:23:31.758000-04:00,2095.0,Massachusetts,Yes,None
PSAKUSU,71884,0,0,5,4,20,20.948,29.964,0.631578947368421,1.4,5319,2019-10-28 10:14:31.638000-04:00,26,0,6,0.0,0.0,79.4871794871795,75.0,478,38.2385,30.961,0.6931567328918322,1.3765690376569037,71640,2019-10-28 09:23:31.758000-04:00,2095.0,Massachusetts,Yes,None
PSAKUSU,71885,0,0,5,4,20,89.2335,96.281,0.6842105263157895,1.35,5319,2019-10-28 10:14:31.638000-04:00,26,0,6,0.0,0.0,79.4871794871795,75.0,478,38.2385,30.961,0.6931567328918322,1.3765690376569037,71640,2019-10-28 09:23:31.758000-04:00,2095.0,Massachusetts,Yes,None
PSAKUSU,71886,0,0,5,4,20,43.9865,49.1735,0.631578947368421,1.35,5319,2019-10-28 10:14:31.638000-04:00,26,0,6,0.0,0.0,79.4871794871795,75.0,478,38.2385,30.961,0.6931567328918322,1.3765690376569037,71640,2019-10-28 09:23:31.758000-04:00,2095.0,Massachusetts,Yes,None
PSAKUSU,71887,0,0,5,4,20,47.963,58.76,0.5789473684210527,1.3,5319,2019-10-28 10:14:31.638000-04:00,26,0,6,0.0,0.0,79.4871794871795,75.0,478,38.2385,30.961,0.6931567328918322,1.3765690376569037,71640,2019-10-28 09:23:31.758000-04:00,2095.0,Massachusetts,Yes,None
PSAKUSU,71888,0,0,5,4,20,36.274,47.676,0.7368421052631579,1.35,5319,2019-10-28 10:14:31.638000-04:00,26,0,6,0.0,0.0,79.4871794871795,75.0,478,38.2385,30.961,0.6931567328918322,1.3765690376569037,71640,2019-10-28 09:23:31.758000-04:00,2095.0,Massachusetts,Yes,None
PSAKUSU,71889,0,0,5,4,20,42.302,48.488,0.631578947368421,1.55,5319,2019-10-28 10:14:31.638000-04:00,26,0,6,0.0,0.0,79.4871794871795,75.0,478,38.2385,30.961,0.6931567328918322,1.3765690376569037,71640,2019-10-28 09:23:31.758000-04:00,2095.0,Massachusetts,Yes,None
PSAKUSU,71890,0,0,5,4,20,25.075,28.4215,0.7368421052631579,1.2,5319,2019-10-28 10:14:31.638000-04:00,26,0,6,0.0,0.0,79.4871794871795,75.0,478,38.2385,30.961,0.6931567328918322,1.3765690376569037,71640,2019-10-28 09:23:31.758000-04:00,2095.0,Massachusetts,Yes,None
PSAKUSU,71891,0,0,5,4,20,22.7555,31.866,0.7368421052631579,1.3,5319,2019-10-28 10:14:31.638000-04:00,26,0,6,0.0,0.0,79.4871794871795,75.0,478,38.2385,30.961,0.6931567328918322,1.3765690376569037,71640,2019-10-28 09:23:31.758000-04:00,2095.0,Massachusetts,Yes,None
PSAKUSU,73306,0,0,3,2,14,22.982,30.5205,0.6923076923076923,1.2857142857142858,5319,2019-10-28 10:14:31.638000-04:00,26,0,6,0.0,0.0,79.4871794871795,75.0,478,38.2385,30.961,0.6931567328918322,1.3765690376569037,71640,2019-10-28 09:23:31.758000-04:00,2095.0,Massachusetts,Yes,None
PSAKUSU,109916,3,0,0,0,27,18.055,33.978,0.2962962962962963,1.9259259259259258,7970,2020-03-06 10:57:37.234000-05:00,44,3,0,62.8787878787879,69.8795180722892,0.0,0.0,429,33.281,23.562,0.6130536130536131,1.5967365967365967,10105,2019-06-20 07:11:08.282000-04:00,955.0,Massachusetts,Yes,None
PSAKUSU,109920,2,2,0,0,15,19.79,30.888,0.7333333333333333,1.4,7970,2020-03-06 10:57:37.234000-05:00,44,3,0,62.8787878787879,69.8795180722892,0.0,0.0,429,33.281,23.562,0.6130536130536131,1.5967365967365967,10105,2019-06-20 07:11:08.282000-04:00,955.0,Massachusetts,Yes,None
PSAKUSU,109925,3,3,0,0,12,40.691,51.1045,0.75,1.9166666666666667,7970,2020-03-06 10:57:37.234000-05:00,44,3,0,62.8787878787879,69.8795180722892,0.0,0.0,429,33.281,23.562,0.6130536130536131,1.5967365967365967,10105,2019-06-20 07:11:08.282000-04:00,955.0,Massachusetts,Yes,None
PSAKUSU,109931,3,3,0,0,12,20.7685,20.7735,0.9166666666666666,1.0833333333333333,7970,2020-03-06 10:57:37.234000-05:00,44,3,0,62.8787878787879,69.8795180722892,0.0,0.0,429,33.281,23.562,0.6130536130536131,1.5967365967365967,10105,2019-06-20 07:11:08.282000-04:00,955.0,Massachusetts,Yes,None
PSAKUSU,109927,2,0,0,0,10,37.4895,44.868,0.4,1.9,7970,2020-03-06 10:57:37.234000-05:00,44,3,0,62.8787878787879,69.8795180722892,0.0,0.0,429,33.281,23.562,0.6130536130536131,1.5967365967365967,10105,2019-06-20 07:11:08.282000-04:00,955.0,Massachusetts,Yes,None
PSAKUSU,109930,2,2,0,0,14,21.4065,21.555,0.5,1.6428571428571428,7970,2020-03-06 10:57:37.234000-05:00,44,3,0,62.8787878787879,69.8795180722892,0.0,0.0,429,33.281,23.562,0.6130536130536131,1.5967365967365967,10105,2019-06-20 07:11:08.282000-04:00,955.0,Massachusetts,Yes,None
PSAKUSU,109856,1,0,0,0,3,21.333,51.535,0.0,2.3333333333333335,7970,2020-03-06 10:57:37.234000-05:00,44,3,0,62.8787878787879,69.8795180722892,0.0,0.0,429,33.281,23.562,0.6130536130536131,1.5967365967365967,10105,2019-06-20 07:11:08.282000-04:00,955.0,Massachusetts,Yes,None
PSAKUSU,109915,3,3,1,0,11,33.37,33.379,0.8181818181818182,1.3636363636363635,7970,2020-03-06 10:57:37.234000-05:00,44,3,0,62.8787878787879,69.8795180722892,0.0,0.0,429,33.281,23.562,0.6130536130536131,1.5967365967365967,10105,2019-06-20 07:11:08.282000-04:00,955.0,Massachusetts,Yes,None
PSAKUSU,109922,2,2,0,0,15,19.637,23.344,0.7333333333333333,1.6666666666666667,7970,2020-03-06 10:57:37.234000-05:00,44,3,0,62.8787878787879,69.8795180722892,0.0,0.0,429,33.281,23.562,0.6130536130536131,1.5967365967365967,10105,2019-06-20 07:11:08.282000-04:00,955.0,Massachusetts,Yes,None
PSAKUSU,109868,1,1,0,0,4,43.7555,47.1555,0.75,1.25,7970,2020-03-06 10:57:37.234000-05:00,44,3,0,62.8787878787879,69.8795180722892,0.0,0.0,429,33.281,23.562,0.6130536130536131,1.5967365967365967,10105,2019-06-20 07:11:08.282000-04:00,955.0,Massachusetts,Yes,None
PSAKUSU,109858,2,2,0,0,12,16.889,18.2005,0.6666666666666666,1.5,7970,2020-03-06 10:57:37.234000-05:00,44,3,0,62.8787878787879,69.8795180722892,0.0,0.0,429,33.281,23.562,0.6130536130536131,1.5967365967365967,10105,2019-06-20 07:11:08.282000-04:00,955.0,Massachusetts,Yes,None
PSAKUSU,109860,3,1,0,0,27,14.905,22.41,0.48148148148148145,1.777777777777778,7970,2020-03-06 10:57:37.234000-05:00,44,3,0,62.8787878787879,69.8795180722892,0.0,0.0,429,33.281,23.562,0.6130536130536131,1.5967365967365967,10105,2019-06-20 07:11:08.282000-04:00,955.0,Massachusetts,Yes,None
PSAKUSU,109923,3,2,0,0,7,9.63,9.636,0.8571428571428571,1.1428571428571428,7970,2020-03-06 10:57:37.234000-05:00,44,3,0,62.8787878787879,69.8795180722892,0.0,0.0,429,33.281,23.562,0.6130536130536131,1.5967365967365967,10105,2019-06-20 07:11:08.282000-04:00,955.0,Massachusetts,Yes,None
PSAKUSU,109853,1,0,0,0,1,19.687,19.698,1.0,1.0,7970,2020-03-06 10:57:37.234000-05:00,44,3,0,62.8787878787879,69.8795180722892,0.0,0.0,429,33.281,23.562,0.6130536130536131,1.5967365967365967,10105,2019-06-20 07:11:08.282000-04:00,955.0,Massachusetts,Yes,None
PSAKUSU,139689,0,0,0,0,0,,,,,7970,2020-03-06 10:57:37.234000-05:00,44,3,0,62.8787878787879,69.8795180722892,0.0,0.0,429,33.281,23.562,0.6130536130536131,1.5967365967365967,10105,2019-06-20 07:11:08.282000-04:00,955.0,Massachusetts,Yes,None
PSAKUSU,110819,2,0,0,0,3,55.391,59.271,0.0,2.3333333333333335,7970,2020-03-06 10:57:37.234000-05:00,44,3,0,62.8787878787879,69.8795180722892,0.0,0.0,429,33.281,23.562,0.6130536130536131,1.5967365967365967,10105,2019-06-20 07:11:08.282000-04:00,955.0,Massachusetts,Yes,None
PSAKUSU,109866,2,0,0,0,4,115.638,153.3515,0.25,2.0,7970,2020-03-06 10:57:37.234000-05:00,44,3,0,62.8787878787879,69.8795180722892,0.0,0.0,429,33.281,23.562,0.6130536130536131,1.5967365967365967,10105,2019-06-20 07:11:08.282000-04:00,955.0,Massachusetts,Yes,None
PSAKUSU,110816,2,1,0,0,14,20.8905,25.438,0.6428571428571429,1.5,7970,2020-03-06 10:57:37.234000-05:00,44,3,0,62.8787878787879,69.8795180722892,0.0,0.0,429,33.281,23.562,0.6130536130536131,1.5967365967365967,10105,2019-06-20 07:11:08.282000-04:00,955.0,Massachusetts,Yes,None
PSAKUSU,109865,1,1,0,0,3,105.051,105.057,1.0,1.0,7970,2020-03-06 10:57:37.234000-05:00,44,3,0,62.8787878787879,69.8795180722892,0.0,0.0,429,33.281,23.562,0.6130536130536131,1.5967365967365967,10105,2019-06-20 07:11:08.282000-04:00,955.0,Massachusetts,Yes,None
PSAKUSU,109859,1,1,0,0,3,13.355,13.36,1.0,1.0,7970,2020-03-06 10:57:37.234000-05:00,44,3,0,62.8787878787879,69.8795180722892,0.0,0.0,429,33.281,23.562,0.6130536130536131,1.5967365967365967,10105,2019-06-20 07:11:08.282000-04:00,955.0,Massachusetts,Yes,None
PSAKUSU,109933,3,3,0,0,16,16.58,27.671,0.5625,1.6875,7970,2020-03-06 10:57:37.234000-05:00,44,3,0,62.8787878787879,69.8795180722892,0.0,0.0,429,33.281,23.562,0.6130536130536131,1.5967365967365967,10105,2019-06-20 07:11:08.282000-04:00,955.0,Massachusetts,Yes,None
PSAKUSU,109932,2,0,0,0,18,31.9575,62.688,0.3888888888888889,1.722222222222222,7970,2020-03-06 10:57:37.234000-05:00,44,3,0,62.8787878787879,69.8795180722892,0.0,0.0,429,33.281,23.562,0.6130536130536131,1.5967365967365967,10105,2019-06-20 07:11:08.282000-04:00,955.0,Massachusetts,Yes,None
PSAKUSU,109864,3,3,0,0,12,36.1315,36.137,0.8333333333333334,1.3333333333333333,7970,2020-03-06 10:57:37.234000-05:00,44,3,0,62.8787878787879,69.8795180722892,0.0,0.0,429,33.281,23.562,0.6130536130536131,1.5967365967365967,10105,2019-06-20 07:11:08.282000-04:00,955.0,Massachusetts,Yes,None
PSAKUSU,109861,3,3,0,0,20,22.4925,30.06,0.75,1.25,7970,2020-03-06 10:57:37.234000-05:00,44,3,0,62.8787878787879,69.8795180722892,0.0,0.0,429,33.281,23.562,0.6130536130536131,1.5967365967365967,10105,2019-06-20 07:11:08.282000-04:00,955.0,Massachusetts,Yes,None
PSAKUSU,109919,3,3,0,0,10,21.2905,24.835,0.9,1.1,7970,2020-03-06 10:57:37.234000-05:00,44,3,0,62.8787878787879,69.8795180722892,0.0,0.0,429,33.281,23.562,0.6130536130536131,1.5967365967365967,10105,2019-06-20 07:11:08.282000-04:00,955.0,Massachusetts,Yes,None
PSAKUSU,109918,2,2,0,0,11,14.729,19.12,0.5454545454545454,1.9090909090909092,7970,2020-03-06 10:57:37.234000-05:00,44,3,0,62.8787878787879,69.8795180722892,0.0,0.0,429,33.281,23.562,0.6130536130536131,1.5967365967365967,10105,2019-06-20 07:11:08.282000-04:00,955.0,Massachusetts,Yes,None
PSAKUSU,245681,4,4,1,0,18,62.9895,63.008,0.8333333333333334,1.1666666666666667,17187,2020-04-02 11:49:34.735000-04:00,22,6,2,54.5454545454545,73.6111111111111,31.8181818181818,50.0,359,54.781,41.553,0.6726726726726727,1.4540389972144847,196041,2020-04-02 11:48:04.199000-04:00,1073.0,Maryland,Yes,None
PSAKUSU,373250,0,0,0,0,0,,,,,17187,2020-04-02 11:49:34.735000-04:00,22,6,2,54.5454545454545,73.6111111111111,31.8181818181818,50.0,359,54.781,41.553,0.6726726726726727,1.4540389972144847,196041,2020-04-02 11:48:04.199000-04:00,1073.0,Maryland,Yes,None
PSAKUSU,370325,0,0,0,0,0,,,,,17187,2020-04-02 11:49:34.735000-04:00,22,6,2,54.5454545454545,73.6111111111111,31.8181818181818,50.0,359,54.781,41.553,0.6726726726726727,1.4540389972144847,196041,2020-04-02 11:48:04.199000-04:00,1073.0,Maryland,Yes,None
PSAKUSU,356374,1,1,0,0,10,14.4495,22.867,0.5,2.2,17187,2020-04-02 11:49:34.735000-04:00,22,6,2,54.5454545454545,73.6111111111111,31.8181818181818,50.0,359,54.781,41.553,0.6726726726726727,1.4540389972144847,196041,2020-04-02 11:48:04.199000-04:00,1073.0,Maryland,Yes,None
PSAKUSU,196114,4,1,2,2,31,54.394,127.968,0.2,2.225806451612903,17187,2020-04-02 11:49:34.735000-04:00,22,6,2,54.5454545454545,73.6111111111111,31.8181818181818,50.0,359,54.781,41.553,0.6726726726726727,1.4540389972144847,196041,2020-04-02 11:48:04.199000-04:00,1073.0,Maryland,Yes,None
PSAKUSU,196157,5,3,2,1,49,10.824,22.422,0.5116279069767442,1.6938775510204083,17187,2020-04-02 11:49:34.735000-04:00,22,6,2,54.5454545454545,73.6111111111111,31.8181818181818,50.0,359,54.781,41.553,0.6726726726726727,1.4540389972144847,196041,2020-04-02 11:48:04.199000-04:00,1073.0,Maryland,Yes,None
PSAKUSU,282414,6,4,0,0,35,36.952,39.189,0.6857142857142857,1.457142857142857,17187,2020-04-02 11:49:34.735000-04:00,22,6,2,54.5454545454545,73.6111111111111,31.8181818181818,50.0,359,54.781,41.553,0.6726726726726727,1.4540389972144847,196041,2020-04-02 11:48:04.199000-04:00,1073.0,Maryland,Yes,None
PSAKUSU,270551,5,4,0,0,31,68.878,75.689,0.6129032258064516,1.6774193548387097,17187,2020-04-02 11:49:34.735000-04:00,22,6,2,54.5454545454545,73.6111111111111,31.8181818181818,50.0,359,54.781,41.553,0.6726726726726727,1.4540389972144847,196041,2020-04-02 11:48:04.199000-04:00,1073.0,Maryland,Yes,None
PSAKUSU,198775,5,5,2,2,45,76.709,109.53,0.6666666666666666,1.4,17187,2020-04-02 11:49:34.735000-04:00,22,6,2,54.5454545454545,73.6111111111111,31.8181818181818,50.0,359,54.781,41.553,0.6726726726726727,1.4540389972144847,196041,2020-04-02 11:48:04.199000-04:00,1073.0,Maryland,Yes,None
PSAKUSU,201787,5,5,2,1,29,38.877,45.787,0.75,1.103448275862069,17187,2020-04-02 11:49:34.735000-04:00,22,6,2,54.5454545454545,73.6111111111111,31.8181818181818,50.0,359,54.781,41.553,0.6726726726726727,1.4540389972144847,196041,2020-04-02 11:48:04.199000-04:00,1073.0,Maryland,Yes,None
PSAKUSU,207753,5,5,2,1,25,65.812,78.201,0.7727272727272727,1.28,17187,2020-04-02 11:49:34.735000-04:00,22,6,2,54.5454545454545,73.6111111111111,31.8181818181818,50.0,359,54.781,41.553,0.6726726726726727,1.4540389972144847,196041,2020-04-02 11:48:04.199000-04:00,1073.0,Maryland,Yes,None
PSAKUSU,219016,6,4,1,0,28,29.617,46.1265,0.6785714285714286,1.6785714285714286,17187,2020-04-02 11:49:34.735000-04:00,22,6,2,54.5454545454545,73.6111111111111,31.8181818181818,50.0,359,54.781,41.553,0.6726726726726727,1.4540389972144847,196041,2020-04-02 11:48:04.199000-04:00,1073.0,Maryland,Yes,None
PSAKUSU,252043,5,3,0,0,9,41.553,41.566,1.0,1.0,17187,2020-04-02 11:49:34.735000-04:00,22,6,2,54.5454545454545,73.6111111111111,31.8181818181818,50.0,359,54.781,41.553,0.6726726726726727,1.4540389972144847,196041,2020-04-02 11:48:04.199000-04:00,1073.0,Maryland,Yes,None
PSAKUSU,233839,6,6,0,0,29,22.726,24.395,0.7931034482758621,1.2758620689655171,17187,2020-04-02 11:49:34.735000-04:00,22,6,2,54.5454545454545,73.6111111111111,31.8181818181818,50.0,359,54.781,41.553,0.6726726726726727,1.4540389972144847,196041,2020-04-02 11:48:04.199000-04:00,1073.0,Maryland,Yes,None
PSAKUSU,239502,4,0,0,0,3,37.319,37.385,1.0,1.0,17187,2020-04-02 11:49:34.735000-04:00,22,6,2,54.5454545454545,73.6111111111111,31.8181818181818,50.0,359,54.781,41.553,0.6726726726726727,1.4540389972144847,196041,2020-04-02 11:48:04.199000-04:00,1073.0,Maryland,Yes,None
PSAKUSU,220006,5,3,2,2,41,39.436,63.029,0.7142857142857143,1.3170731707317074,17188,2020-04-02 11:49:34.736000-04:00,22,5,2,47.2727272727273,80.7692307692308,29.5454545454545,53.8461538461538,289,70.41,48.598,0.6617100371747212,1.6055363321799307,196041,2020-04-02 11:48:04.199000-04:00,1073.0,Maryland,Yes,None
PSAKUSU,304647,3,3,0,0,17,23.212,31.53,0.5294117647058824,1.1764705882352942,17188,2020-04-02 11:49:34.736000-04:00,22,5,2,47.2727272727273,80.7692307692308,29.5454545454545,53.8461538461538,289,70.41,48.598,0.6617100371747212,1.6055363321799307,196041,2020-04-02 11:48:04.199000-04:00,1073.0,Maryland,Yes,None
PSAKUSU,327450,1,1,0,0,6,66.1595,74.5675,0.8333333333333334,1.1666666666666667,17188,2020-04-02 11:49:34.736000-04:00,22,5,2,47.2727272727273,80.7692307692308,29.5454545454545,53.8461538461538,289,70.41,48.598,0.6617100371747212,1.6055363321799307,196041,2020-04-02 11:48:04.199000-04:00,1073.0,Maryland,Yes,None
PSAKUSU,241690,5,5,2,0,25,48.46,70.69,0.72,1.32,17188,2020-04-02 11:49:34.736000-04:00,22,5,2,47.2727272727273,80.7692307692308,29.5454545454545,53.8461538461538,289,70.41,48.598,0.6617100371747212,1.6055363321799307,196041,2020-04-02 11:48:04.199000-04:00,1073.0,Maryland,Yes,None
PSAKUSU,235429,4,4,0,0,13,31.421,31.429,0.9230769230769231,1.0769230769230769,17188,2020-04-02 11:49:34.736000-04:00,22,5,2,47.2727272727273,80.7692307692308,29.5454545454545,53.8461538461538,289,70.41,48.598,0.6617100371747212,1.6055363321799307,196041,2020-04-02 11:48:04.199000-04:00,1073.0,Maryland,Yes,None
PSAKUSU,327628,5,4,0,0,17,85.613,92.699,0.8823529411764706,1.1176470588235294,17188,2020-04-02 11:49:34.736000-04:00,22,5,2,47.2727272727273,80.7692307692308,29.5454545454545,53.8461538461538,289,70.41,48.598,0.6617100371747212,1.6055363321799307,196041,2020-04-02 11:48:04.199000-04:00,1073.0,Maryland,Yes,None
PSAKUSU,330937,2,1,0,0,3,45.761,45.765,1.0,1.0,17188,2020-04-02 11:49:34.736000-04:00,22,5,2,47.2727272727273,80.7692307692308,29.5454545454545,53.8461538461538,289,70.41,48.598,0.6617100371747212,1.6055363321799307,196041,2020-04-02 11:48:04.199000-04:00,1073.0,Maryland,Yes,None
PSAKUSU,367864,1,1,0,0,8,8.81,10.0435,0.75,1.625,17188,2020-04-02 11:49:34.736000-04:00,22,5,2,47.2727272727273,80.7692307692308,29.5454545454545,53.8461538461538,289,70.41,48.598,0.6617100371747212,1.6055363321799307,196041,2020-04-02 11:48:04.199000-04:00,1073.0,Maryland,Yes,None
PSAKUSU,368539,0,0,0,0,0,,,,,17188,2020-04-02 11:49:34.736000-04:00,22,5,2,47.2727272727273,80.7692307692308,29.5454545454545,53.8461538461538,289,70.41,48.598,0.6617100371747212,1.6055363321799307,196041,2020-04-02 11:48:04.199000-04:00,1073.0,Maryland,Yes,None
PSAKUSU,369481,3,2,0,0,10,57.8755,57.8935,0.8,1.1,17188,2020-04-02 11:49:34.736000-04:00,22,5,2,47.2727272727273,80.7692307692308,29.5454545454545,53.8461538461538,289,70.41,48.598,0.6617100371747212,1.6055363321799307,196041,2020-04-02 11:48:04.199000-04:00,1073.0,Maryland,Yes,None
PSAKUSU,242325,2,1,2,0,6,231.6895,266.1605,0.6666666666666666,1.1666666666666667,17188,2020-04-02 11:49:34.736000-04:00,22,5,2,47.2727272727273,80.7692307692308,29.5454545454545,53.8461538461538,289,70.41,48.598,0.6617100371747212,1.6055363321799307,196041,2020-04-02 11:48:04.199000-04:00,1073.0,Maryland,Yes,None
PSAKUSU,229422,5,4,0,0,17,43.199,64.467,0.7058823529411765,2.176470588235294,17188,2020-04-02 11:49:34.736000-04:00,22,5,2,47.2727272727273,80.7692307692308,29.5454545454545,53.8461538461538,289,70.41,48.598,0.6617100371747212,1.6055363321799307,196041,2020-04-02 11:48:04.199000-04:00,1073.0,Maryland,Yes,None
PSAKUSU,196353,5,5,2,2,55,82.036,127.609,0.4897959183673469,1.8363636363636364,17188,2020-04-02 11:49:34.736000-04:00,22,5,2,47.2727272727273,80.7692307692308,29.5454545454545,53.8461538461538,289,70.41,48.598,0.6617100371747212,1.6055363321799307,196041,2020-04-02 11:48:04.199000-04:00,1073.0,Maryland,Yes,None
PSAKUSU,223525,5,5,2,1,27,69.087,70.41,0.76,1.5185185185185186,17188,2020-04-02 11:49:34.736000-04:00,22,5,2,47.2727272727273,80.7692307692308,29.5454545454545,53.8461538461538,289,70.41,48.598,0.6617100371747212,1.6055363321799307,196041,2020-04-02 11:48:04.199000-04:00,1073.0,Maryland,Yes,None
PSAKUSU,387135,1,1,0,0,4,38.47,38.4755,0.75,1.5,17188,2020-04-02 11:49:34.736000-04:00,22,5,2,47.2727272727273,80.7692307692308,29.5454545454545,53.8461538461538,289,70.41,48.598,0.6617100371747212,1.6055363321799307,196041,2020-04-02 11:48:04.199000-04:00,1073.0,Maryland,Yes,None
PSAKUSU,245761,5,5,1,0,15,58.785,75.224,0.9333333333333333,1.0666666666666667,17189,2020-04-02 11:49:34.737000-04:00,14,5,2,48.5714285714286,73.5294117647059,21.4285714285714,0.0,160,48.8645,30.592,0.56875,1.8,196041,2020-04-02 11:48:04.199000-04:00,1073.0,Maryland,Yes,None
PSAKUSU,375836,0,0,0,0,0,,,,,17189,2020-04-02 11:49:34.737000-04:00,14,5,2,48.5714285714286,73.5294117647059,21.4285714285714,0.0,160,48.8645,30.592,0.56875,1.8,196041,2020-04-02 11:48:04.199000-04:00,1073.0,Maryland,Yes,None
PSAKUSU,294463,3,3,0,0,10,43.9585,43.971,0.9,1.1,17189,2020-04-02 11:49:34.737000-04:00,14,5,2,48.5714285714286,73.5294117647059,21.4285714285714,0.0,160,48.8645,30.592,0.56875,1.8,196041,2020-04-02 11:48:04.199000-04:00,1073.0,Maryland,Yes,None
PSAKUSU,304100,4,3,0,0,35,41.013,43.828,0.5142857142857142,1.7142857142857142,17189,2020-04-02 11:49:34.737000-04:00,14,5,2,48.5714285714286,73.5294117647059,21.4285714285714,0.0,160,48.8645,30.592,0.56875,1.8,196041,2020-04-02 11:48:04.199000-04:00,1073.0,Maryland,Yes,None
PSAKUSU,384161,5,2,0,0,24,12.0825,16.8435,0.5833333333333334,1.625,17189,2020-04-02 11:49:34.737000-04:00,14,5,2,48.5714285714286,73.5294117647059,21.4285714285714,0.0,160,48.8645,30.592,0.56875,1.8,196041,2020-04-02 11:48:04.199000-04:00,1073.0,Maryland,Yes,None
PSAKUSU,325905,3,3,0,0,18,35.2615,46.407,0.5555555555555556,1.9444444444444444,17189,2020-04-02 11:49:34.737000-04:00,14,5,2,48.5714285714286,73.5294117647059,21.4285714285714,0.0,160,48.8645,30.592,0.56875,1.8,196041,2020-04-02 11:48:04.199000-04:00,1073.0,Maryland,Yes,None
PSAKUSU,217265,5,5,2,0,18,38.9855,39.003,0.8333333333333334,1.722222222222222,17189,2020-04-02 11:49:34.737000-04:00,14,5,2,48.5714285714286,73.5294117647059,21.4285714285714,0.0,160,48.8645,30.592,0.56875,1.8,196041,2020-04-02 11:48:04.199000-04:00,1073.0,Maryland,Yes,None
PSAKUSU,247027,5,3,1,0,55,8.58,47.05,0.23636363636363636,2.4363636363636365,17189,2020-04-02 11:49:34.737000-04:00,14,5,2,48.5714285714286,73.5294117647059,21.4285714285714,0.0,160,48.8645,30.592,0.56875,1.8,196041,2020-04-02 11:48:04.199000-04:00,1073.0,Maryland,Yes,None
PSAKUSU,392718,4,3,0,0,10,44.5695,44.578,0.9,1.1,17189,2020-04-02 11:49:34.737000-04:00,14,5,2,48.5714285714286,73.5294117647059,21.4285714285714,0.0,160,48.8645,30.592,0.56875,1.8,196041,2020-04-02 11:48:04.199000-04:00,1073.0,Maryland,Yes,None
PSAKUSU,248915,4,3,2,0,23,43.285,50.269,0.6086956521739131,1.565217391304348,17189,2020-04-02 11:49:34.737000-04:00,14,5,2,48.5714285714286,73.5294117647059,21.4285714285714,0.0,160,48.8645,30.592,0.56875,1.8,196041,2020-04-02 11:48:04.199000-04:00,1073.0,Maryland,Yes,None
PSAKUSU,375745,0,0,0,0,0,,,,,17189,2020-04-02 11:49:34.737000-04:00,14,5,2,48.5714285714286,73.5294117647059,21.4285714285714,0.0,160,48.8645,30.592,0.56875,1.8,196041,2020-04-02 11:48:04.199000-04:00,1073.0,Maryland,Yes,None
PSAKUSU,257692,0,0,0,0,0,,,,,21210,2020-04-10 13:03:39.652000-04:00,5,0,0,0.0,0.0,0.0,0.0,0,,,,,248072,2020-04-10 10:51:23.516000-04:00,2072.0,Colorado,Yes,None
PSAKUSU,258900,0,0,0,0,0,,,,,21210,2020-04-10 13:03:39.652000-04:00,5,0,0,0.0,0.0,0.0,0.0,0,,,,,248072,2020-04-10 10:51:23.516000-04:00,2072.0,Colorado,Yes,None
PSAKUSU,255204,0,0,0,0,0,,,,,21210,2020-04-10 13:03:39.652000-04:00,5,0,0,0.0,0.0,0.0,0.0,0,,,,,248072,2020-04-10 10:51:23.516000-04:00,2072.0,Colorado,Yes,None
PSAKUSU,257656,0,0,0,0,0,,,,,21210,2020-04-10 13:03:39.652000-04:00,5,0,0,0.0,0.0,0.0,0.0,0,,,,,248072,2020-04-10 10:51:23.516000-04:00,2072.0,Colorado,Yes,None
PSAKUSU,258217,0,0,0,0,0,,,,,21210,2020-04-10 13:03:39.652000-04:00,5,0,0,0.0,0.0,0.0,0.0,0,,,,,248072,2020-04-10 10:51:23.516000-04:00,2072.0,Colorado,Yes,None
PSAKUSU,350184,14,10,0,0,71,19.523,23.833,0.8028169014084507,1.1971830985915493,24882,2020-04-22 13:13:01.487000-04:00,27,16,1,59.7222222222222,73.6434108527132,0.0,0.0,1466,29.8495,25.4475,0.7032742155525239,1.358799454297408,320053,2020-04-22 12:39:15.126000-04:00,2010.0,California,Yes,None
PSAKUSU,355846,14,8,0,0,99,20.824,24.331,0.5454545454545454,1.6666666666666667,24882,2020-04-22 13:13:01.487000-04:00,27,16,1,59.7222222222222,73.6434108527132,0.0,0.0,1466,29.8495,25.4475,0.7032742155525239,1.358799454297408,320053,2020-04-22 12:39:15.126000-04:00,2010.0,California,Yes,None
PSAKUSU,354480,12,11,0,0,53,17.825,19.065,0.8490566037735849,1.0943396226415094,24882,2020-04-22 13:13:01.487000-04:00,27,16,1,59.7222222222222,73.6434108527132,0.0,0.0,1466,29.8495,25.4475,0.7032742155525239,1.358799454297408,320053,2020-04-22 12:39:15.126000-04:00,2010.0,California,Yes,None
PSAKUSU,353502,17,13,0,0,97,17.461,17.901,0.7525773195876289,1.2474226804123711,24882,2020-04-22 13:13:01.487000-04:00,27,16,1,59.7222222222222,73.6434108527132,0.0,0.0,1466,29.8495,25.4475,0.7032742155525239,1.358799454297408,320053,2020-04-22 12:39:15.126000-04:00,2010.0,California,Yes,None
PSAKUSU,353199,18,15,0,0,91,17.452,19.656,0.7912087912087912,1.2747252747252746,24882,2020-04-22 13:13:01.487000-04:00,27,16,1,59.7222222222222,73.6434108527132,0.0,0.0,1466,29.8495,25.4475,0.7032742155525239,1.358799454297408,320053,2020-04-22 12:39:15.126000-04:00,2010.0,California,Yes,None
PSAKUSU,353072,2,1,0,0,3,33.905,33.911,1.0,1.0,24882,2020-04-22 13:13:01.487000-04:00,27,16,1,59.7222222222222,73.6434108527132,0.0,0.0,1466,29.8495,25.4475,0.7032742155525239,1.358799454297408,320053,2020-04-22 12:39:15.126000-04:00,2010.0,California,Yes,None
PSAKUSU,351352,12,11,0,0,65,21.893,26.907,0.7384615384615385,1.476923076923077,24882,2020-04-22 13:13:01.487000-04:00,27,16,1,59.7222222222222,73.6434108527132,0.0,0.0,1466,29.8495,25.4475,0.7032742155525239,1.358799454297408,320053,2020-04-22 12:39:15.126000-04:00,2010.0,California,Yes,None
PSAKUSU,367729,4,3,0,0,20,12.097,14.044,0.75,1.2,24882,2020-04-22 13:13:01.487000-04:00,27,16,1,59.7222222222222,73.6434108527132,0.0,0.0,1466,29.8495,25.4475,0.7032742155525239,1.358799454297408,320053,2020-04-22 12:39:15.126000-04:00,2010.0,California,Yes,None
PSAKUSU,350747,10,7,0,0,53,12.826,20.21,0.6226415094339622,1.5660377358490567,24882,2020-04-22 13:13:01.487000-04:00,27,16,1,59.7222222222222,73.6434108527132,0.0,0.0,1466,29.8495,25.4475,0.7032742155525239,1.358799454297408,320053,2020-04-22 12:39:15.126000-04:00,2010.0,California,Yes,None
PSAKUSU,350743,14,14,0,0,83,21.713,27.131,0.7590361445783133,1.1686746987951806,24882,2020-04-22 13:13:01.487000-04:00,27,16,1,59.7222222222222,73.6434108527132,0.0,0.0,1466,29.8495,25.4475,0.7032742155525239,1.358799454297408,320053,2020-04-22 12:39:15.126000-04:00,2010.0,California,Yes,None
PSAKUSU,350610,14,12,0,0,90,26.6385,30.2835,0.7888888888888889,1.3555555555555556,24882,2020-04-22 13:13:01.487000-04:00,27,16,1,59.7222222222222,73.6434108527132,0.0,0.0,1466,29.8495,25.4475,0.7032742155525239,1.358799454297408,320053,2020-04-22 12:39:15.126000-04:00,2010.0,California,Yes,None
PSAKUSU,350393,12,9,0,0,102,17.729,21.7555,0.5882352941176471,1.5392156862745099,24882,2020-04-22 13:13:01.487000-04:00,27,16,1,59.7222222222222,73.6434108527132,0.0,0.0,1466,29.8495,25.4475,0.7032742155525239,1.358799454297408,320053,2020-04-22 12:39:15.126000-04:00,2010.0,California,Yes,None
PSAKUSU,356178,17,12,0,0,72,21.637,22.323,0.8611111111111112,1.0694444444444444,24882,2020-04-22 13:13:01.487000-04:00,27,16,1,59.7222222222222,73.6434108527132,0.0,0.0,1466,29.8495,25.4475,0.7032742155525239,1.358799454297408,320053,2020-04-22 12:39:15.126000-04:00,2010.0,California,Yes,None
PSAKUSU,350062,14,12,0,0,74,57.9235,60.809,0.7702702702702703,1.6216216216216215,24882,2020-04-22 13:13:01.487000-04:00,27,16,1,59.7222222222222,73.6434108527132,0.0,0.0,1466,29.8495,25.4475,0.7032742155525239,1.358799454297408,320053,2020-04-22 12:39:15.126000-04:00,2010.0,California,Yes,None
PSAKUSU,350006,4,3,0,0,24,21.503,51.464,0.5833333333333334,3.5833333333333335,24882,2020-04-22 13:13:01.487000-04:00,27,16,1,59.7222222222222,73.6434108527132,0.0,0.0,1466,29.8495,25.4475,0.7032742155525239,1.358799454297408,320053,2020-04-22 12:39:15.126000-04:00,2010.0,California,Yes,None
PSAKUSU,350000,9,6,0,0,29,31.695,38.84,0.7586206896551724,1.3448275862068966,24882,2020-04-22 13:13:01.487000-04:00,27,16,1,59.7222222222222,73.6434108527132,0.0,0.0,1466,29.8495,25.4475,0.7032742155525239,1.358799454297408,320053,2020-04-22 12:39:15.126000-04:00,2010.0,California,Yes,None
PSAKUSU,349991,12,7,0,0,100,33.2875,53.7635,0.37,1.7,24882,2020-04-22 13:13:01.487000-04:00,27,16,1,59.7222222222222,73.6434108527132,0.0,0.0,1466,29.8495,25.4475,0.7032742155525239,1.358799454297408,320053,2020-04-22 12:39:15.126000-04:00,2010.0,California,Yes,None
PSAKUSU,349664,18,16,0,0,108,42.308,52.66,0.7962962962962963,1.1759259259259258,24882,2020-04-22 13:13:01.487000-04:00,27,16,1,59.7222222222222,73.6434108527132,0.0,0.0,1466,29.8495,25.4475,0.7032742155525239,1.358799454297408,320053,2020-04-22 12:39:15.126000-04:00,2010.0,California,Yes,None
PSAKUSU,360383,10,7,0,0,72,33.719,47.4195,0.6666666666666666,1.4305555555555556,24882,2020-04-22 13:13:01.487000-04:00,27,16,1,59.7222222222222,73.6434108527132,0.0,0.0,1466,29.8495,25.4475,0.7032742155525239,1.358799454297408,320053,2020-04-22 12:39:15.126000-04:00,2010.0,California,Yes,None
PSAKUSU,360062,15,13,0,0,60,48.293,54.8245,0.8,1.1833333333333333,24882,2020-04-22 13:13:01.487000-04:00,27,16,1,59.7222222222222,73.6434108527132,0.0,0.0,1466,29.8495,25.4475,0.7032742155525239,1.358799454297408,320053,2020-04-22 12:39:15.126000-04:00,2010.0,California,Yes,None
PSAKUSU,358070,10,7,0,0,43,44.379,50.118,0.7209302325581395,1.2790697674418605,24882,2020-04-22 13:13:01.487000-04:00,27,16,1,59.7222222222222,73.6434108527132,0.0,0.0,1466,29.8495,25.4475,0.7032742155525239,1.358799454297408,320053,2020-04-22 12:39:15.126000-04:00,2010.0,California,Yes,None
PSAKUSU,357906,16,14,0,0,69,35.6,36.824,0.8260869565217391,1.1304347826086958,24882,2020-04-22 13:13:01.487000-04:00,27,16,1,59.7222222222222,73.6434108527132,0.0,0.0,1466,29.8495,25.4475,0.7032742155525239,1.358799454297408,320053,2020-04-22 12:39:15.126000-04:00,2010.0,California,Yes,None
PSAKUSU,357841,16,13,0,0,74,20.2035,22.2975,0.8378378378378378,1.135135135135135,24882,2020-04-22 13:13:01.487000-04:00,27,16,1,59.7222222222222,73.6434108527132,0.0,0.0,1466,29.8495,25.4475,0.7032742155525239,1.358799454297408,320053,2020-04-22 12:39:15.126000-04:00,2010.0,California,Yes,None
PSAKUSU,356366,12,11,0,0,56,19.407,20.616,0.7321428571428571,1.2678571428571428,24882,2020-04-22 13:13:01.487000-04:00,27,16,1,59.7222222222222,73.6434108527132,0.0,0.0,1466,29.8495,25.4475,0.7032742155525239,1.358799454297408,320053,2020-04-22 12:39:15.126000-04:00,2010.0,California,Yes,None
PSAKUSU,349608,15,4,0,0,85,50.834,118.797,0.4117647058823529,2.0823529411764707,24883,2020-04-22 13:13:01.489000-04:00,25,13,2,63.0769230769231,65.3658536585366,16.0,87.5,1232,43.8085,31.0375,0.573051948051948,1.6079545454545454,320053,2020-04-22 12:39:15.126000-04:00,2010.0,California,Yes,None
PSAKUSU,349898,13,7,1,1,57,66.276,104.551,0.6140350877192983,1.5789473684210527,24883,2020-04-22 13:13:01.489000-04:00,25,13,2,63.0769230769231,65.3658536585366,16.0,87.5,1232,43.8085,31.0375,0.573051948051948,1.6079545454545454,320053,2020-04-22 12:39:15.126000-04:00,2010.0,California,Yes,None
PSAKUSU,372225,5,4,0,0,19,33.26,34.456,0.7894736842105263,1.368421052631579,24883,2020-04-22 13:13:01.489000-04:00,25,13,2,63.0769230769231,65.3658536585366,16.0,87.5,1232,43.8085,31.0375,0.573051948051948,1.6079545454545454,320053,2020-04-22 12:39:15.126000-04:00,2010.0,California,Yes,None
PSAKUSU,351130,12,12,1,1,113,21.644,39.066,0.4778761061946903,1.4778761061946903,24883,2020-04-22 13:13:01.489000-04:00,25,13,2,63.0769230769231,65.3658536585366,16.0,87.5,1232,43.8085,31.0375,0.573051948051948,1.6079545454545454,320053,2020-04-22 12:39:15.126000-04:00,2010.0,California,Yes,None
PSAKUSU,357002,16,15,1,1,107,13.522,17.869,0.6448598130841121,1.514018691588785,24883,2020-04-22 13:13:01.489000-04:00,25,13,2,63.0769230769231,65.3658536585366,16.0,87.5,1232,43.8085,31.0375,0.573051948051948,1.6079545454545454,320053,2020-04-22 12:39:15.126000-04:00,2010.0,California,Yes,None
PSAKUSU,371494,8,8,0,0,50,48.9465,65.511,0.7,1.42,24883,2020-04-22 13:13:01.489000-04:00,25,13,2,63.0769230769231,65.3658536585366,16.0,87.5,1232,43.8085,31.0375,0.573051948051948,1.6079545454545454,320053,2020-04-22 12:39:15.126000-04:00,2010.0,California,Yes,None
PSAKUSU,350378,12,6,1,1,89,22.253,32.251,0.5168539325842697,1.303370786516854,24883,2020-04-22 13:13:01.489000-04:00,25,13,2,63.0769230769231,65.3658536585366,16.0,87.5,1232,43.8085,31.0375,0.573051948051948,1.6079545454545454,320053,2020-04-22 12:39:15.126000-04:00,2010.0,California,Yes,None
PSAKUSU,350176,12,10,1,1,106,16.903,25.2565,0.5566037735849056,1.5188679245283019,24883,2020-04-22 13:13:01.489000-04:00,25,13,2,63.0769230769231,65.3658536585366,16.0,87.5,1232,43.8085,31.0375,0.573051948051948,1.6079545454545454,320053,2020-04-22 12:39:15.126000-04:00,2010.0,California,Yes,None
PSAKUSU,352911,10,8,1,1,107,49.318,80.447,0.45794392523364486,1.766355140186916,24883,2020-04-22 13:13:01.489000-04:00,25,13,2,63.0769230769231,65.3658536585366,16.0,87.5,1232,43.8085,31.0375,0.573051948051948,1.6079545454545454,320053,2020-04-22 12:39:15.126000-04:00,2010.0,California,Yes,None
PSAKUSU,354303,15,13,1,1,107,34.256,50.201,0.5700934579439252,1.7850467289719627,24883,2020-04-22 13:13:01.489000-04:00,25,13,2,63.0769230769231,65.3658536585366,16.0,87.5,1232,43.8085,31.0375,0.573051948051948,1.6079545454545454,320053,2020-04-22 12:39:15.126000-04:00,2010.0,California,Yes,None
PSAKUSU,354049,13,10,1,1,76,34.1605,42.272,0.6578947368421053,1.5921052631578947,24883,2020-04-22 13:13:01.489000-04:00,25,13,2,63.0769230769231,65.3658536585366,16.0,87.5,1232,43.8085,31.0375,0.573051948051948,1.6079545454545454,320053,2020-04-22 12:39:15.126000-04:00,2010.0,California,Yes,None
PSAKUSU,349801,14,13,0,0,79,19.961,23.559,0.6582278481012658,1.4936708860759493,24883,2020-04-22 13:13:01.489000-04:00,25,13,2,63.0769230769231,65.3658536585366,16.0,87.5,1232,43.8085,31.0375,0.573051948051948,1.6079545454545454,320053,2020-04-22 12:39:15.126000-04:00,2010.0,California,Yes,None
PSAKUSU,354112,8,1,0,0,15,25.689,25.702,0.6666666666666666,1.3333333333333333,24883,2020-04-22 13:13:01.489000-04:00,25,13,2,63.0769230769231,65.3658536585366,16.0,87.5,1232,43.8085,31.0375,0.573051948051948,1.6079545454545454,320053,2020-04-22 12:39:15.126000-04:00,2010.0,California,Yes,None
PSAKUSU,382742,5,3,0,0,22,29.276,44.594,0.6363636363636364,1.4545454545454546,24883,2020-04-22 13:13:01.489000-04:00,25,13,2,63.0769230769231,65.3658536585366,16.0,87.5,1232,43.8085,31.0375,0.573051948051948,1.6079545454545454,320053,2020-04-22 12:39:15.126000-04:00,2010.0,California,Yes,None
PSAKUSU,363641,12,4,1,1,43,33.505,41.369,0.7441860465116279,1.4418604651162792,24883,2020-04-22 13:13:01.489000-04:00,25,13,2,63.0769230769231,65.3658536585366,16.0,87.5,1232,43.8085,31.0375,0.573051948051948,1.6079545454545454,320053,2020-04-22 12:39:15.126000-04:00,2010.0,California,Yes,None
PSAKUSU,350122,16,6,1,0,42,22.7735,25.657,0.7857142857142857,1.2857142857142858,24883,2020-04-22 13:13:01.489000-04:00,25,13,2,63.0769230769231,65.3658536585366,16.0,87.5,1232,43.8085,31.0375,0.573051948051948,1.6079545454545454,320053,2020-04-22 12:39:15.126000-04:00,2010.0,California,Yes,None
PSAKUSU,349877,9,6,0,0,69,25.512,33.276,0.5942028985507246,1.6521739130434783,24883,2020-04-22 13:13:01.489000-04:00,25,13,2,63.0769230769231,65.3658536585366,16.0,87.5,1232,43.8085,31.0375,0.573051948051948,1.6079545454545454,320053,2020-04-22 12:39:15.126000-04:00,2010.0,California,Yes,None
PSAKUSU,366269,9,7,0,0,41,100.345,114.943,0.7560975609756098,1.4390243902439024,24883,2020-04-22 13:13:01.489000-04:00,25,13,2,63.0769230769231,65.3658536585366,16.0,87.5,1232,43.8085,31.0375,0.573051948051948,1.6079545454545454,320053,2020-04-22 12:39:15.126000-04:00,2010.0,California,Yes,None
PSAKUSU,369917,7,7,0,0,46,120.021,137.137,0.7608695652173914,1.2608695652173914,27178,2020-05-08 09:04:05.321000-04:00,66,12,0,41.1616161616162,59.2024539877301,0.0,0.0,1684,52.553,37.1175,0.5866983372921615,1.4293349168646081,153168,2020-03-26 14:06:03.341000-04:00,907.0,Massachusetts,No,None
PSAKUSU,257449,8,5,3,3,95,30.508,39.933,0.4888888888888889,1.5789473684210527,27178,2020-05-08 09:04:05.321000-04:00,66,12,0,41.1616161616162,59.2024539877301,0.0,0.0,1684,52.553,37.1175,0.5866983372921615,1.4293349168646081,153168,2020-03-26 14:06:03.341000-04:00,907.0,Massachusetts,No,None
PSAKUSU,257221,7,5,1,0,69,32.747,40.57,0.4492753623188406,1.2753623188405796,27178,2020-05-08 09:04:05.321000-04:00,66,12,0,41.1616161616162,59.2024539877301,0.0,0.0,1684,52.553,37.1175,0.5866983372921615,1.4293349168646081,153168,2020-03-26 14:06:03.341000-04:00,907.0,Massachusetts,No,None
PSAKUSU,256916,6,3,1,1,60,24.282,27.953,0.3728813559322034,1.6,27178,2020-05-08 09:04:05.321000-04:00,66,12,0,41.1616161616162,59.2024539877301,0.0,0.0,1684,52.553,37.1175,0.5866983372921615,1.4293349168646081,153168,2020-03-26 14:06:03.341000-04:00,907.0,Massachusetts,No,None
PSAKUSU,255384,11,4,2,2,49,70.321,94.683,0.6363636363636364,1.2448979591836735,27178,2020-05-08 09:04:05.321000-04:00,66,12,0,41.1616161616162,59.2024539877301,0.0,0.0,1684,52.553,37.1175,0.5866983372921615,1.4293349168646081,153168,2020-03-26 14:06:03.341000-04:00,907.0,Massachusetts,No,None
PSAKUSU,367077,8,5,0,0,40,27.9325,54.7005,0.375,1.3,27178,2020-05-08 09:04:05.321000-04:00,66,12,0,41.1616161616162,59.2024539877301,0.0,0.0,1684,52.553,37.1175,0.5866983372921615,1.4293349168646081,153168,2020-03-26 14:06:03.341000-04:00,907.0,Massachusetts,No,None
PSAKUSU,254985,4,0,1,1,16,29.2155,46.412,0.4,1.4375,27178,2020-05-08 09:04:05.321000-04:00,66,12,0,41.1616161616162,59.2024539877301,0.0,0.0,1684,52.553,37.1175,0.5866983372921615,1.4293349168646081,153168,2020-03-26 14:06:03.341000-04:00,907.0,Massachusetts,No,None
PSAKUSU,254622,0,0,2,1,9,80.277,136.663,0.2857142857142857,2.444444444444444,27178,2020-05-08 09:04:05.321000-04:00,66,12,0,41.1616161616162,59.2024539877301,0.0,0.0,1684,52.553,37.1175,0.5866983372921615,1.4293349168646081,153168,2020-03-26 14:06:03.341000-04:00,907.0,Massachusetts,No,None
PSAKUSU,253872,6,4,2,1,29,123.702,123.705,0.8148148148148148,1.1379310344827587,27178,2020-05-08 09:04:05.321000-04:00,66,12,0,41.1616161616162,59.2024539877301,0.0,0.0,1684,52.553,37.1175,0.5866983372921615,1.4293349168646081,153168,2020-03-26 14:06:03.341000-04:00,907.0,Massachusetts,No,None
PSAKUSU,253569,11,8,2,1,71,80.925,104.021,0.5211267605633803,1.5352112676056338,27178,2020-05-08 09:04:05.321000-04:00,66,12,0,41.1616161616162,59.2024539877301,0.0,0.0,1684,52.553,37.1175,0.5866983372921615,1.4293349168646081,153168,2020-03-26 14:06:03.341000-04:00,907.0,Massachusetts,No,None
PSAKUSU,253234,8,3,2,2,69,27.876,42.818,0.4375,1.5507246376811594,27178,2020-05-08 09:04:05.321000-04:00,66,12,0,41.1616161616162,59.2024539877301,0.0,0.0,1684,52.553,37.1175,0.5866983372921615,1.4293349168646081,153168,2020-03-26 14:06:03.341000-04:00,907.0,Massachusetts,No,None
PSAKUSU,252298,7,7,2,1,56,32.163,34.397,0.6363636363636364,1.5,27178,2020-05-08 09:04:05.321000-04:00,66,12,0,41.1616161616162,59.2024539877301,0.0,0.0,1684,52.553,37.1175,0.5866983372921615,1.4293349168646081,153168,2020-03-26 14:06:03.341000-04:00,907.0,Massachusetts,No,None
PSAKUSU,367034,10,6,0,0,31,56.929,93.377,0.8064516129032258,1.096774193548387,27178,2020-05-08 09:04:05.321000-04:00,66,12,0,41.1616161616162,59.2024539877301,0.0,0.0,1684,52.553,37.1175,0.5866983372921615,1.4293349168646081,153168,2020-03-26 14:06:03.341000-04:00,907.0,Massachusetts,No,None
PSAKUSU,366926,10,9,0,0,47,61.85,61.854,0.7659574468085106,1.021276595744681,27178,2020-05-08 09:04:05.321000-04:00,66,12,0,41.1616161616162,59.2024539877301,0.0,0.0,1684,52.553,37.1175,0.5866983372921615,1.4293349168646081,153168,2020-03-26 14:06:03.341000-04:00,907.0,Massachusetts,No,None
PSAKUSU,367483,8,3,0,0,94,29.608,47.557,0.32978723404255317,1.648936170212766,27178,2020-05-08 09:04:05.321000-04:00,66,12,0,41.1616161616162,59.2024539877301,0.0,0.0,1684,52.553,37.1175,0.5866983372921615,1.4293349168646081,153168,2020-03-26 14:06:03.341000-04:00,907.0,Massachusetts,No,None
PSAKUSU,330912,0,0,2,1,8,122.6685,205.9015,0.7142857142857143,2.375,27178,2020-05-08 09:04:05.321000-04:00,66,12,0,41.1616161616162,59.2024539877301,0.0,0.0,1684,52.553,37.1175,0.5866983372921615,1.4293349168646081,153168,2020-03-26 14:06:03.341000-04:00,907.0,Massachusetts,No,None
PSAKUSU,315352,1,0,1,0,10,33.461,33.4725,0.9,1.2,27178,2020-05-08 09:04:05.321000-04:00,66,12,0,41.1616161616162,59.2024539877301,0.0,0.0,1684,52.553,37.1175,0.5866983372921615,1.4293349168646081,153168,2020-03-26 14:06:03.341000-04:00,907.0,Massachusetts,No,None
PSAKUSU,298089,8,4,2,1,30,106.0555,115.1035,0.5862068965517241,1.7333333333333334,27178,2020-05-08 09:04:05.321000-04:00,66,12,0,41.1616161616162,59.2024539877301,0.0,0.0,1684,52.553,37.1175,0.5866983372921615,1.4293349168646081,153168,2020-03-26 14:06:03.341000-04:00,907.0,Massachusetts,No,None
PSAKUSU,291946,8,8,2,2,35,44.595,58.506,0.7,1.457142857142857,27178,2020-05-08 09:04:05.321000-04:00,66,12,0,41.1616161616162,59.2024539877301,0.0,0.0,1684,52.553,37.1175,0.5866983372921615,1.4293349168646081,153168,2020-03-26 14:06:03.341000-04:00,907.0,Massachusetts,No,None
PSAKUSU,286485,8,6,2,1,40,34.663,41.48,0.7435897435897436,1.45,27178,2020-05-08 09:04:05.321000-04:00,66,12,0,41.1616161616162,59.2024539877301,0.0,0.0,1684,52.553,37.1175,0.5866983372921615,1.4293349168646081,153168,2020-03-26 14:06:03.341000-04:00,907.0,Massachusetts,No,None
PSAKUSU,393245,0,0,0,0,0,,,,,27178,2020-05-08 09:04:05.321000-04:00,66,12,0,41.1616161616162,59.2024539877301,0.0,0.0,1684,52.553,37.1175,0.5866983372921615,1.4293349168646081,153168,2020-03-26 14:06:03.341000-04:00,907.0,Massachusetts,No,None
PSAKUSU,377385,9,7,0,0,50,37.9485,53.61,0.54,1.58,27178,2020-05-08 09:04:05.321000-04:00,66,12,0,41.1616161616162,59.2024539877301,0.0,0.0,1684,52.553,37.1175,0.5866983372921615,1.4293349168646081,153168,2020-03-26 14:06:03.341000-04:00,907.0,Massachusetts,No,None
PSAKUSU,376886,12,12,0,0,58,77.3935,109.865,0.8275862068965517,1.2241379310344829,27178,2020-05-08 09:04:05.321000-04:00,66,12,0,41.1616161616162,59.2024539877301,0.0,0.0,1684,52.553,37.1175,0.5866983372921615,1.4293349168646081,153168,2020-03-26 14:06:03.341000-04:00,907.0,Massachusetts,No,None
PSAKUSU,282264,9,8,2,2,94,24.547,34.723,0.5888888888888889,1.5638297872340425,27178,2020-05-08 09:04:05.321000-04:00,66,12,0,41.1616161616162,59.2024539877301,0.0,0.0,1684,52.553,37.1175,0.5866983372921615,1.4293349168646081,153168,2020-03-26 14:06:03.341000-04:00,907.0,Massachusetts,No,None
PSAKUSU,276844,6,5,2,2,54,51.4115,68.436,0.76,1.5185185185185186,27178,2020-05-08 09:04:05.321000-04:00,66,12,0,41.1616161616162,59.2024539877301,0.0,0.0,1684,52.553,37.1175,0.5866983372921615,1.4293349168646081,153168,2020-03-26 14:06:03.341000-04:00,907.0,Massachusetts,No,None
PSAKUSU,375688,6,3,0,0,20,48.9875,60.321,0.85,1.2,27178,2020-05-08 09:04:05.321000-04:00,66,12,0,41.1616161616162,59.2024539877301,0.0,0.0,1684,52.553,37.1175,0.5866983372921615,1.4293349168646081,153168,2020-03-26 14:06:03.341000-04:00,907.0,Massachusetts,No,None
PSAKUSU,270311,9,2,2,0,33,46.709,80.215,0.3333333333333333,2.0303030303030303,27178,2020-05-08 09:04:05.321000-04:00,66,12,0,41.1616161616162,59.2024539877301,0.0,0.0,1684,52.553,37.1175,0.5866983372921615,1.4293349168646081,153168,2020-03-26 14:06:03.341000-04:00,907.0,Massachusetts,No,None
PSAKUSU,267386,10,3,0,0,15,42.57,42.573,0.8666666666666667,1.1333333333333333,27178,2020-05-08 09:04:05.321000-04:00,66,12,0,41.1616161616162,59.2024539877301,0.0,0.0,1684,52.553,37.1175,0.5866983372921615,1.4293349168646081,153168,2020-03-26 14:06:03.341000-04:00,907.0,Massachusetts,No,None
PSAKUSU,262580,12,9,2,2,102,28.265,37.112,0.5979381443298969,1.5098039215686274,27178,2020-05-08 09:04:05.321000-04:00,66,12,0,41.1616161616162,59.2024539877301,0.0,0.0,1684,52.553,37.1175,0.5866983372921615,1.4293349168646081,153168,2020-03-26 14:06:03.341000-04:00,907.0,Massachusetts,No,None
PSAKUSU,262319,9,3,1,1,38,59.2785,77.641,0.4864864864864865,1.5263157894736843,27178,2020-05-08 09:04:05.321000-04:00,66,12,0,41.1616161616162,59.2024539877301,0.0,0.0,1684,52.553,37.1175,0.5866983372921615,1.4293349168646081,153168,2020-03-26 14:06:03.341000-04:00,907.0,Massachusetts,No,None
PSAKUSU,375586,11,11,0,0,48,70.1625,70.17,0.8333333333333334,1.1875,27178,2020-05-08 09:04:05.321000-04:00,66,12,0,41.1616161616162,59.2024539877301,0.0,0.0,1684,52.553,37.1175,0.5866983372921615,1.4293349168646081,153168,2020-03-26 14:06:03.341000-04:00,907.0,Massachusetts,No,None
PSAKUSU,257719,11,9,3,3,80,50.5565,59.2195,0.6933333333333334,1.6125,27178,2020-05-08 09:04:05.321000-04:00,66,12,0,41.1616161616162,59.2024539877301,0.0,0.0,1684,52.553,37.1175,0.5866983372921615,1.4293349168646081,153168,2020-03-26 14:06:03.341000-04:00,907.0,Massachusetts,No,None
PSAKUSU,424924,4,3,3,3,41,38.073,73.595,0.5128205128205128,2.073170731707317,33502,2020-08-08 10:59:26.303000-04:00,11,4,4,56.8181818181818,96.0,47.7272727272727,95.2380952380952,187,73.595,48.27,0.6514285714285715,1.6684491978609626,115219,2020-03-14 11:27:11.189000-04:00,891.0,Louisiana,Yes,None
PSAKUSU,426459,0,0,1,1,1,17.006,67.652,0.0,3.0,33502,2020-08-08 10:59:26.303000-04:00,11,4,4,56.8181818181818,96.0,47.7272727272727,95.2380952380952,187,73.595,48.27,0.6514285714285715,1.6684491978609626,115219,2020-03-14 11:27:11.189000-04:00,891.0,Louisiana,Yes,None
PSAKUSU,418192,4,4,1,1,15,22.845,22.846,0.8,1.8,33502,2020-08-08 10:59:26.303000-04:00,11,4,4,56.8181818181818,96.0,47.7272727272727,95.2380952380952,187,73.595,48.27,0.6514285714285715,1.6684491978609626,115219,2020-03-14 11:27:11.189000-04:00,891.0,Louisiana,Yes,None
PSAKUSU,418233,4,4,4,3,33,47.671,55.265,0.7741935483870968,1.4545454545454546,33502,2020-08-08 10:59:26.303000-04:00,11,4,4,56.8181818181818,96.0,47.7272727272727,95.2380952380952,187,73.595,48.27,0.6514285714285715,1.6684491978609626,115219,2020-03-14 11:27:11.189000-04:00,891.0,Louisiana,Yes,None
PSAKUSU,418236,3,3,3,3,15,135.469,135.476,0.8461538461538461,1.2666666666666666,33502,2020-08-08 10:59:26.303000-04:00,11,4,4,56.8181818181818,96.0,47.7272727272727,95.2380952380952,187,73.595,48.27,0.6514285714285715,1.6684491978609626,115219,2020-03-14 11:27:11.189000-04:00,891.0,Louisiana,Yes,None
PSAKUSU,419708,4,4,3,3,38,54.9755,73.064,0.5833333333333334,1.6842105263157896,33502,2020-08-08 10:59:26.303000-04:00,11,4,4,56.8181818181818,96.0,47.7272727272727,95.2380952380952,187,73.595,48.27,0.6514285714285715,1.6684491978609626,115219,2020-03-14 11:27:11.189000-04:00,891.0,Louisiana,Yes,None
PSAKUSU,419890,4,4,3,3,31,45.605,50.358,0.6551724137931034,1.5483870967741935,33502,2020-08-08 10:59:26.303000-04:00,11,4,4,56.8181818181818,96.0,47.7272727272727,95.2380952380952,187,73.595,48.27,0.6514285714285715,1.6684491978609626,115219,2020-03-14 11:27:11.189000-04:00,891.0,Louisiana,Yes,None
PSAKUSU,452724,0,0,0,0,0,,,,,38201,2020-08-17 14:22:42.110000-04:00,31,0,7,0.0,0.0,70.9677419354839,90.9090909090909,1189,59.163,47.844,0.58147512864494,1.4600504625735913,390157,2020-06-05 14:05:37.208000-04:00,1509.0,California,No,None
PSAKUSU,331409,0,0,6,6,50,5.0145,14.9905,0.20408163265306123,1.28,38201,2020-08-17 14:22:42.110000-04:00,31,0,7,0.0,0.0,70.9677419354839,90.9090909090909,1189,59.163,47.844,0.58147512864494,1.4600504625735913,390157,2020-06-05 14:05:37.208000-04:00,1509.0,California,No,None
PSAKUSU,434230,0,0,7,7,61,45.87,59.487,0.8333333333333334,1.180327868852459,38201,2020-08-17 14:22:42.110000-04:00,31,0,7,0.0,0.0,70.9677419354839,90.9090909090909,1189,59.163,47.844,0.58147512864494,1.4600504625735913,390157,2020-06-05 14:05:37.208000-04:00,1509.0,California,No,None
PSAKUSU,434235,0,0,6,6,50,45.1775,50.505,0.4897959183673469,1.22,38201,2020-08-17 14:22:42.110000-04:00,31,0,7,0.0,0.0,70.9677419354839,90.9090909090909,1189,59.163,47.844,0.58147512864494,1.4600504625735913,390157,2020-06-05 14:05:37.208000-04:00,1509.0,California,No,None
PSAKUSU,434240,0,0,7,7,61,17.498,17.501,0.8666666666666667,1.180327868852459,38201,2020-08-17 14:22:42.110000-04:00,31,0,7,0.0,0.0,70.9677419354839,90.9090909090909,1189,59.163,47.844,0.58147512864494,1.4600504625735913,390157,2020-06-05 14:05:37.208000-04:00,1509.0,California,No,None
PSAKUSU,434243,0,0,7,7,61,48.579,58.245,0.7333333333333333,1.3770491803278688,38201,2020-08-17 14:22:42.110000-04:00,31,0,7,0.0,0.0,70.9677419354839,90.9090909090909,1189,59.163,47.844,0.58147512864494,1.4600504625735913,390157,2020-06-05 14:05:37.208000-04:00,1509.0,California,No,None
PSAKUSU,434341,0,0,6,6,50,92.3325,101.087,0.8775510204081632,1.26,38201,2020-08-17 14:22:42.110000-04:00,31,0,7,0.0,0.0,70.9677419354839,90.9090909090909,1189,59.163,47.844,0.58147512864494,1.4600504625735913,390157,2020-06-05 14:05:37.208000-04:00,1509.0,California,No,None
PSAKUSU,434523,0,0,6,6,50,91.732,156.6095,0.5510204081632653,2.02,38201,2020-08-17 14:22:42.110000-04:00,31,0,7,0.0,0.0,70.9677419354839,90.9090909090909,1189,59.163,47.844,0.58147512864494,1.4600504625735913,390157,2020-06-05 14:05:37.208000-04:00,1509.0,California,No,None
PSAKUSU,434638,0,0,6,6,50,44.6285,49.6235,0.7142857142857143,1.3,38201,2020-08-17 14:22:42.110000-04:00,31,0,7,0.0,0.0,70.9677419354839,90.9090909090909,1189,59.163,47.844,0.58147512864494,1.4600504625735913,390157,2020-06-05 14:05:37.208000-04:00,1509.0,California,No,None
PSAKUSU,434688,0,0,6,6,50,187.533,187.5365,0.7142857142857143,1.5,38201,2020-08-17 14:22:42.110000-04:00,31,0,7,0.0,0.0,70.9677419354839,90.9090909090909,1189,59.163,47.844,0.58147512864494,1.4600504625735913,390157,2020-06-05 14:05:37.208000-04:00,1509.0,California,No,None
PSAKUSU,434768,0,0,6,6,50,20.0705,28.9065,0.6122448979591837,1.5,38201,2020-08-17 14:22:42.110000-04:00,31,0,7,0.0,0.0,70.9677419354839,90.9090909090909,1189,59.163,47.844,0.58147512864494,1.4600504625735913,390157,2020-06-05 14:05:37.208000-04:00,1509.0,California,No,None
PSAKUSU,434805,0,0,6,5,49,136.897,180.086,0.4166666666666667,1.5918367346938775,38201,2020-08-17 14:22:42.110000-04:00,31,0,7,0.0,0.0,70.9677419354839,90.9090909090909,1189,59.163,47.844,0.58147512864494,1.4600504625735913,390157,2020-06-05 14:05:37.208000-04:00,1509.0,California,No,None
PSAKUSU,434993,0,0,7,7,61,33.071,34.369,0.9166666666666666,1.0983606557377048,38201,2020-08-17 14:22:42.110000-04:00,31,0,7,0.0,0.0,70.9677419354839,90.9090909090909,1189,59.163,47.844,0.58147512864494,1.4600504625735913,390157,2020-06-05 14:05:37.208000-04:00,1509.0,California,No,None
PSAKUSU,435155,0,0,6,6,50,54.5935,55.1245,0.46938775510204084,1.34,38201,2020-08-17 14:22:42.110000-04:00,31,0,7,0.0,0.0,70.9677419354839,90.9090909090909,1189,59.163,47.844,0.58147512864494,1.4600504625735913,390157,2020-06-05 14:05:37.208000-04:00,1509.0,California,No,None
PSAKUSU,435925,0,0,6,5,45,44.633,58.39,0.5,1.8444444444444443,38201,2020-08-17 14:22:42.110000-04:00,31,0,7,0.0,0.0,70.9677419354839,90.9090909090909,1189,59.163,47.844,0.58147512864494,1.4600504625735913,390157,2020-06-05 14:05:37.208000-04:00,1509.0,California,No,None
PSAKUSU,435984,0,0,6,6,50,23.808,31.0925,0.2653061224489796,1.36,38201,2020-08-17 14:22:42.110000-04:00,31,0,7,0.0,0.0,70.9677419354839,90.9090909090909,1189,59.163,47.844,0.58147512864494,1.4600504625735913,390157,2020-06-05 14:05:37.208000-04:00,1509.0,California,No,None
PSAKUSU,436283,0,0,6,5,51,143.976,210.095,0.44,2.0980392156862746,38201,2020-08-17 14:22:42.110000-04:00,31,0,7,0.0,0.0,70.9677419354839,90.9090909090909,1189,59.163,47.844,0.58147512864494,1.4600504625735913,390157,2020-06-05 14:05:37.208000-04:00,1509.0,California,No,None
PSAKUSU,436581,0,0,5,5,40,96.7665,131.387,0.20512820512820512,2.1,38201,2020-08-17 14:22:42.110000-04:00,31,0,7,0.0,0.0,70.9677419354839,90.9090909090909,1189,59.163,47.844,0.58147512864494,1.4600504625735913,390157,2020-06-05 14:05:37.208000-04:00,1509.0,California,No,None
PSAKUSU,437707,0,0,6,6,50,50.52,76.5235,0.4897959183673469,1.74,38201,2020-08-17 14:22:42.110000-04:00,31,0,7,0.0,0.0,70.9677419354839,90.9090909090909,1189,59.163,47.844,0.58147512864494,1.4600504625735913,390157,2020-06-05 14:05:37.208000-04:00,1509.0,California,No,None
PSAKUSU,437758,0,0,6,6,50,50.9155,53.1285,0.6122448979591837,1.4,38201,2020-08-17 14:22:42.110000-04:00,31,0,7,0.0,0.0,70.9677419354839,90.9090909090909,1189,59.163,47.844,0.58147512864494,1.4600504625735913,390157,2020-06-05 14:05:37.208000-04:00,1509.0,California,No,None
PSAKUSU,437798,0,0,4,1,12,78.1915,165.646,0.4166666666666667,2.0,38201,2020-08-17 14:22:42.110000-04:00,31,0,7,0.0,0.0,70.9677419354839,90.9090909090909,1189,59.163,47.844,0.58147512864494,1.4600504625735913,390157,2020-06-05 14:05:37.208000-04:00,1509.0,California,No,None
PSAKUSU,438808,0,0,6,4,35,65.539,65.545,0.9705882352941176,1.0285714285714287,38201,2020-08-17 14:22:42.110000-04:00,31,0,7,0.0,0.0,70.9677419354839,90.9090909090909,1189,59.163,47.844,0.58147512864494,1.4600504625735913,390157,2020-06-05 14:05:37.208000-04:00,1509.0,California,No,None
PSAKUSU,439116,0,0,6,6,50,4.391,15.251,0.08163265306122448,1.52,38201,2020-08-17 14:22:42.110000-04:00,31,0,7,0.0,0.0,70.9677419354839,90.9090909090909,1189,59.163,47.844,0.58147512864494,1.4600504625735913,390157,2020-06-05 14:05:37.208000-04:00,1509.0,California,No,None
PSAKUSU,439134,0,0,5,5,21,51.878,85.391,0.42857142857142855,1.5714285714285714,38201,2020-08-17 14:22:42.110000-04:00,31,0,7,0.0,0.0,70.9677419354839,90.9090909090909,1189,59.163,47.844,0.58147512864494,1.4600504625735913,390157,2020-06-05 14:05:37.208000-04:00,1509.0,California,No,None
PSAKUSU,439430,0,0,3,1,13,24.222,38.076,0.6153846153846154,1.3076923076923077,38201,2020-08-17 14:22:42.110000-04:00,31,0,7,0.0,0.0,70.9677419354839,90.9090909090909,1189,59.163,47.844,0.58147512864494,1.4600504625735913,390157,2020-06-05 14:05:37.208000-04:00,1509.0,California,No,None
PSAKUSU,439767,0,0,6,6,50,156.706,170.9645,0.6530612244897959,1.46,38201,2020-08-17 14:22:42.110000-04:00,31,0,7,0.0,0.0,70.9677419354839,90.9090909090909,1189,59.163,47.844,0.58147512864494,1.4600504625735913,390157,2020-06-05 14:05:37.208000-04:00,1509.0,California,No,None
PSAKUSU,548389,0,0,1,1,10,31.683,32.604,0.9,1.0,38201,2020-08-17 14:22:42.110000-04:00,31,0,7,0.0,0.0,70.9677419354839,90.9090909090909,1189,59.163,47.844,0.58147512864494,1.4600504625735913,390157,2020-06-05 14:05:37.208000-04:00,1509.0,California,No,None
PSAKUSU,553153,0,0,1,1,10,63.496,78.821,0.6,1.2,38201,2020-08-17 14:22:42.110000-04:00,31,0,7,0.0,0.0,70.9677419354839,90.9090909090909,1189,59.163,47.844,0.58147512864494,1.4600504625735913,390157,2020-06-05 14:05:37.208000-04:00,1509.0,California,No,None
PSAKUSU,553748,0,0,1,1,10,65.634,109.8235,0.8,1.4,38201,2020-08-17 14:22:42.110000-04:00,31,0,7,0.0,0.0,70.9677419354839,90.9090909090909,1189,59.163,47.844,0.58147512864494,1.4600504625735913,390157,2020-06-05 14:05:37.208000-04:00,1509.0,California,No,None
PSAKUSU,67078,1,0,5,0,5,125.296,173.163,0.4,1.4,46926,2020-08-27 20:32:17.044000-04:00,19,0,0,0.0,0.0,0.0,0.0,0,,,,,10744,2019-07-31 16:30:47.738000-04:00,1308.0,North Carolina,Yes,None
PSAKUSU,10860,0,0,16,5,78,55.5945,77.6265,0.40476190476190477,1.5384615384615385,46926,2020-08-27 20:32:17.044000-04:00,19,0,0,0.0,0.0,0.0,0.0,0,,,,,10744,2019-07-31 16:30:47.738000-04:00,1308.0,North Carolina,Yes,None
PSAKUSU,10848,0,0,13,10,186,37.476,43.5615,0.6312056737588653,1.553763440860215,46926,2020-08-27 20:32:17.044000-04:00,19,0,0,0.0,0.0,0.0,0.0,0,,,,,10744,2019-07-31 16:30:47.738000-04:00,1308.0,North Carolina,Yes,None
PSAKUSU,72025,5,5,19,14,254,39.2215,41.54,0.8502673796791443,1.1338582677165354,46926,2020-08-27 20:32:17.044000-04:00,19,0,0,0.0,0.0,0.0,0.0,0,,,,,10744,2019-07-31 16:30:47.738000-04:00,1308.0,North Carolina,Yes,None
PSAKUSU,78964,5,0,10,4,70,94.863,110.2175,0.7647058823529411,1.1428571428571428,46927,2020-08-27 20:32:17.046000-04:00,20,0,0,0.0,0.0,0.0,0.0,0,,,,,10744,2019-07-31 16:30:47.738000-04:00,1308.0,North Carolina,Yes,None
PSAKUSU,80119,0,0,30,12,237,48.624,62.438,0.3959731543624161,1.3755274261603376,46927,2020-08-27 20:32:17.046000-04:00,20,0,0,0.0,0.0,0.0,0.0,0,,,,,10744,2019-07-31 16:30:47.738000-04:00,1308.0,North Carolina,Yes,None
PSAKUSU,71819,5,4,23,19,281,68.448,80.804,0.8423645320197044,1.1565836298932384,46927,2020-08-27 20:32:17.046000-04:00,20,0,0,0.0,0.0,0.0,0.0,0,,,,,10744,2019-07-31 16:30:47.738000-04:00,1308.0,North Carolina,Yes,None
PSAKUSU,10840,0,0,8,5,80,85.659,92.347,0.6666666666666666,1.3875,46927,2020-08-27 20:32:17.046000-04:00,20,0,0,0.0,0.0,0.0,0.0,0,,,,,10744,2019-07-31 16:30:47.738000-04:00,1308.0,North Carolina,Yes,None
PSAKUSU,72022,4,4,22,20,291,32.636,36.997,0.7272727272727273,1.2714776632302405,46927,2020-08-27 20:32:17.046000-04:00,20,0,0,0.0,0.0,0.0,0.0,0,,,,,10744,2019-07-31 16:30:47.738000-04:00,1308.0,North Carolina,Yes,None
PSAKUSU,83570,0,0,4,0,18,52.5055,61.233,0.6363636363636364,1.4444444444444444,46928,2020-08-27 20:32:17.048000-04:00,27,0,0,0.0,0.0,0.0,0.0,0,,,,,10744,2019-07-31 16:30:47.738000-04:00,1308.0,North Carolina,Yes,None
PSAKUSU,10839,0,0,15,11,212,23.255,27.5815,0.6824324324324325,1.320754716981132,46928,2020-08-27 20:32:17.048000-04:00,27,0,0,0.0,0.0,0.0,0.0,0,,,,,10744,2019-07-31 16:30:47.738000-04:00,1308.0,North Carolina,Yes,None
PSAKUSU,10781,0,0,24,8,139,56.159,75.57,0.2413793103448276,1.7553956834532374,46928,2020-08-27 20:32:17.048000-04:00,27,0,0,0.0,0.0,0.0,0.0,0,,,,,10744,2019-07-31 16:30:47.738000-04:00,1308.0,North Carolina,Yes,None
PSAKUSU,533325,0,0,0,0,0,,,,,46928,2020-08-27 20:32:17.048000-04:00,27,0,0,0.0,0.0,0.0,0.0,0,,,,,10744,2019-07-31 16:30:47.738000-04:00,1308.0,North Carolina,Yes,None
PSAKUSU,72000,5,5,21,17,270,32.3085,33.697,0.855,1.1777777777777778,46928,2020-08-27 20:32:17.048000-04:00,27,0,0,0.0,0.0,0.0,0.0,0,,,,,10744,2019-07-31 16:30:47.738000-04:00,1308.0,North Carolina,Yes,None
PSAKUSU,74831,2,0,4,0,8,22.903,68.898,0.5,2.25,46928,2020-08-27 20:32:17.048000-04:00,27,0,0,0.0,0.0,0.0,0.0,0,,,,,10744,2019-07-31 16:30:47.738000-04:00,1308.0,North Carolina,Yes,None
PSAKUSU,71782,1,0,4,0,15,11.291,19.323,0.5714285714285714,1.9333333333333333,46928,2020-08-27 20:32:17.048000-04:00,27,0,0,0.0,0.0,0.0,0.0,0,,,,,10744,2019-07-31 16:30:47.738000-04:00,1308.0,North Carolina,Yes,None
PSAKUSU,65956,0,0,18,12,214,21.0635,26.98,0.52,1.5514018691588785,46928,2020-08-27 20:32:17.048000-04:00,27,0,0,0.0,0.0,0.0,0.0,0,,,,,10744,2019-07-31 16:30:47.738000-04:00,1308.0,North Carolina,Yes,None
PSAKUSU,10870,0,0,5,3,48,84.813,99.785,0.6666666666666666,1.4791666666666667,46928,2020-08-27 20:32:17.048000-04:00,27,0,0,0.0,0.0,0.0,0.0,0,,,,,10744,2019-07-31 16:30:47.738000-04:00,1308.0,North Carolina,Yes,None
PSAKUSU,10851,0,0,8,3,55,54.22,61.213,0.5806451612903226,1.509090909090909,46928,2020-08-27 20:32:17.048000-04:00,27,0,0,0.0,0.0,0.0,0.0,0,,,,,10744,2019-07-31 16:30:47.738000-04:00,1308.0,North Carolina,Yes,None
PSAKUSU,67056,2,0,15,9,112,69.246,84.753,0.47435897435897434,1.3571428571428572,46929,2020-08-27 20:32:17.050000-04:00,25,0,0,0.0,0.0,0.0,0.0,0,,,,,10744,2019-07-31 16:30:47.738000-04:00,1308.0,North Carolina,Yes,None
PSAKUSU,72009,2,0,20,16,199,51.379,53.278,0.5104895104895105,1.3768844221105527,46929,2020-08-27 20:32:17.050000-04:00,25,0,0,0.0,0.0,0.0,0.0,0,,,,,10744,2019-07-31 16:30:47.738000-04:00,1308.0,North Carolina,Yes,None
PSAKUSU,10856,0,0,10,6,105,61.789,69.4,0.5205479452054794,1.342857142857143,46929,2020-08-27 20:32:17.050000-04:00,25,0,0,0.0,0.0,0.0,0.0,0,,,,,10744,2019-07-31 16:30:47.738000-04:00,1308.0,North Carolina,Yes,None
PSAKUSU,72064,2,0,6,3,74,25.012,30.744,0.5535714285714286,1.5945945945945945,46929,2020-08-27 20:32:17.050000-04:00,25,0,0,0.0,0.0,0.0,0.0,0,,,,,10744,2019-07-31 16:30:47.738000-04:00,1308.0,North Carolina,Yes,None
PSAKUSU,10847,0,0,8,6,86,25.6555,29.593,0.38,1.3604651162790697,46929,2020-08-27 20:32:17.050000-04:00,25,0,0,0.0,0.0,0.0,0.0,0,,,,,10744,2019-07-31 16:30:47.738000-04:00,1308.0,North Carolina,Yes,None
PSAKUSU,64939,0,0,14,7,122,52.8365,63.005,0.4536082474226804,1.9180327868852458,46929,2020-08-27 20:32:17.050000-04:00,25,0,0,0.0,0.0,0.0,0.0,0,,,,,10744,2019-07-31 16:30:47.738000-04:00,1308.0,North Carolina,Yes,None
PSAKUSU,10842,0,0,11,8,121,23.825,33.524,0.5072463768115942,1.5041322314049588,46929,2020-08-27 20:32:17.050000-04:00,25,0,0,0.0,0.0,0.0,0.0,0,,,,,10744,2019-07-31 16:30:47.738000-04:00,1308.0,North Carolina,Yes,None
PSAKUSU,200897,19,4,72,68,337,17.154,24.488,0.3305439330543933,1.4421364985163205,52164,2020-09-02 19:11:02.734000-04:00,21,30,112,56.6666666666667,50.7002801120448,61.734693877551,91.5289256198347,6956,30.1835,24.495,0.4651072124756335,1.32159286946521,442587,2020-08-18 14:45:23.384000-04:00,1461.0,New Jersey,Yes,None
PSAKUSU,198654,20,11,83,78,418,67.3125,81.426,0.8316498316498316,1.186602870813397,52164,2020-09-02 19:11:02.734000-04:00,21,30,112,56.6666666666667,50.7002801120448,61.734693877551,91.5289256198347,6956,30.1835,24.495,0.4651072124756335,1.32159286946521,442587,2020-08-18 14:45:23.384000-04:00,1461.0,New Jersey,Yes,None
PSAKUSU,200271,23,11,73,64,359,19.533,25.411,0.44814814814814813,1.2896935933147633,52164,2020-09-02 19:11:02.734000-04:00,21,30,112,56.6666666666667,50.7002801120448,61.734693877551,91.5289256198347,6956,30.1835,24.495,0.4651072124756335,1.32159286946521,442587,2020-08-18 14:45:23.384000-04:00,1461.0,New Jersey,Yes,None
PSAKUSU,196499,11,1,53,43,227,11.898,19.694,0.15606936416184972,1.1894273127753303,52164,2020-09-02 19:11:02.734000-04:00,21,30,112,56.6666666666667,50.7002801120448,61.734693877551,91.5289256198347,6956,30.1835,24.495,0.4651072124756335,1.32159286946521,442587,2020-08-18 14:45:23.384000-04:00,1461.0,New Jersey,Yes,None
PSAKUSU,195502,18,11,80,74,388,10.6705,14.4255,0.30685920577617326,1.2036082474226804,52164,2020-09-02 19:11:02.734000-04:00,21,30,112,56.6666666666667,50.7002801120448,61.734693877551,91.5289256198347,6956,30.1835,24.495,0.4651072124756335,1.32159286946521,442587,2020-08-18 14:45:23.384000-04:00,1461.0,New Jersey,Yes,None
PSAKUSU,195104,19,9,78,77,462,18.1545,25.81,0.3220338983050847,1.5043290043290043,52164,2020-09-02 19:11:02.734000-04:00,21,30,112,56.6666666666667,50.7002801120448,61.734693877551,91.5289256198347,6956,30.1835,24.495,0.4651072124756335,1.32159286946521,442587,2020-08-18 14:45:23.384000-04:00,1461.0,New Jersey,Yes,None
PSAKUSU,194468,23,12,80,76,459,30.139,35.519,0.4540229885057471,1.3703703703703705,52164,2020-09-02 19:11:02.734000-04:00,21,30,112,56.6666666666667,50.7002801120448,61.734693877551,91.5289256198347,6956,30.1835,24.495,0.4651072124756335,1.32159286946521,442587,2020-08-18 14:45:23.384000-04:00,1461.0,New Jersey,Yes,None
PSAKUSU,669360,4,0,13,7,32,118.5185,139.7455,0.7692307692307693,1.125,52164,2020-09-02 19:11:02.734000-04:00,21,30,112,56.6666666666667,50.7002801120448,61.734693877551,91.5289256198347,6956,30.1835,24.495,0.4651072124756335,1.32159286946521,442587,2020-08-18 14:45:23.384000-04:00,1461.0,New Jersey,Yes,None
PSAKUSU,203746,22,12,74,66,423,22.284,25.948,0.47878787878787876,1.2269503546099292,52164,2020-09-02 19:11:02.734000-04:00,21,30,112,56.6666666666667,50.7002801120448,61.734693877551,91.5289256198347,6956,30.1835,24.495,0.4651072124756335,1.32159286946521,442587,2020-08-18 14:45:23.384000-04:00,1461.0,New Jersey,Yes,None
PSAKUSU,217534,23,17,83,75,401,36.982,45.687,0.5918367346938775,1.401496259351621,52164,2020-09-02 19:11:02.734000-04:00,21,30,112,56.6666666666667,50.7002801120448,61.734693877551,91.5289256198347,6956,30.1835,24.495,0.4651072124756335,1.32159286946521,442587,2020-08-18 14:45:23.384000-04:00,1461.0,New Jersey,Yes,None
PSAKUSU,197998,21,10,79,72,447,41.799,47.74,0.5568513119533528,1.5682326621923937,52164,2020-09-02 19:11:02.734000-04:00,21,30,112,56.6666666666667,50.7002801120448,61.734693877551,91.5289256198347,6956,30.1835,24.495,0.4651072124756335,1.32159286946521,442587,2020-08-18 14:45:23.384000-04:00,1461.0,New Jersey,Yes,None
PSAKUSU,612913,24,15,77,75,450,21.4455,26.7335,0.543026706231454,1.32,52164,2020-09-02 19:11:02.734000-04:00,21,30,112,56.6666666666667,50.7002801120448,61.734693877551,91.5289256198347,6956,30.1835,24.495,0.4651072124756335,1.32159286946521,442587,2020-08-18 14:45:23.384000-04:00,1461.0,New Jersey,Yes,None
PSAKUSU,593241,24,19,84,74,412,27.4355,32.438,0.7484076433121019,1.3058252427184467,52164,2020-09-02 19:11:02.734000-04:00,21,30,112,56.6666666666667,50.7002801120448,61.734693877551,91.5289256198347,6956,30.1835,24.495,0.4651072124756335,1.32159286946521,442587,2020-08-18 14:45:23.384000-04:00,1461.0,New Jersey,Yes,None
PSAKUSU,582698,21,14,73,64,336,34.428,41.765,0.6181102362204725,1.3273809523809523,52164,2020-09-02 19:11:02.734000-04:00,21,30,112,56.6666666666667,50.7002801120448,61.734693877551,91.5289256198347,6956,30.1835,24.495,0.4651072124756335,1.32159286946521,442587,2020-08-18 14:45:23.384000-04:00,1461.0,New Jersey,Yes,None
PSAKUSU,194563,21,12,84,82,469,16.777,20.744,0.6411764705882353,1.4029850746268657,52165,2020-09-02 19:11:02.735000-04:00,22,29,112,72.884012539185,49.0322580645161,71.1850649350649,90.0798175598632,8949,30.173,25.028,0.5033132530120482,1.2852832718739524,442587,2020-08-18 14:45:23.384000-04:00,1461.0,New Jersey,Yes,None
PSAKUSU,589110,22,9,83,83,535,11.33,19.351,0.22549019607843138,1.1738317757009347,52165,2020-09-02 19:11:02.735000-04:00,22,29,112,72.884012539185,49.0322580645161,71.1850649350649,90.0798175598632,8949,30.173,25.028,0.5033132530120482,1.2852832718739524,442587,2020-08-18 14:45:23.384000-04:00,1461.0,New Jersey,Yes,None
PSAKUSU,588719,13,2,44,22,140,162.0435,179.106,0.5377358490566038,1.55,52165,2020-09-02 19:11:02.735000-04:00,22,29,112,72.884012539185,49.0322580645161,71.1850649350649,90.0798175598632,8949,30.173,25.028,0.5033132530120482,1.2852832718739524,442587,2020-08-18 14:45:23.384000-04:00,1461.0,New Jersey,Yes,None
PSAKUSU,195417,20,9,80,72,375,17.544,19.82,0.7720588235294118,1.1493333333333333,52165,2020-09-02 19:11:02.735000-04:00,22,29,112,72.884012539185,49.0322580645161,71.1850649350649,90.0798175598632,8949,30.173,25.028,0.5033132530120482,1.2852832718739524,442587,2020-08-18 14:45:23.384000-04:00,1461.0,New Jersey,Yes,None
PSAKUSU,614832,16,3,91,78,460,20.0595,31.3205,0.2507042253521127,1.1978260869565216,52165,2020-09-02 19:11:02.735000-04:00,22,29,112,72.884012539185,49.0322580645161,71.1850649350649,90.0798175598632,8949,30.173,25.028,0.5033132530120482,1.2852832718739524,442587,2020-08-18 14:45:23.384000-04:00,1461.0,New Jersey,Yes,None
PSAKUSU,220940,18,8,85,79,438,21.12,26.1655,0.3630573248407643,1.452054794520548,52165,2020-09-02 19:11:02.735000-04:00,22,29,112,72.884012539185,49.0322580645161,71.1850649350649,90.0798175598632,8949,30.173,25.028,0.5033132530120482,1.2852832718739524,442587,2020-08-18 14:45:23.384000-04:00,1461.0,New Jersey,Yes,None
PSAKUSU,195761,25,8,90,81,479,41.855,47.423,0.4857142857142857,1.2630480167014615,52165,2020-09-02 19:11:02.735000-04:00,22,29,112,72.884012539185,49.0322580645161,71.1850649350649,90.0798175598632,8949,30.173,25.028,0.5033132530120482,1.2852832718739524,442587,2020-08-18 14:45:23.384000-04:00,1461.0,New Jersey,Yes,None
PSAKUSU,196069,25,17,84,78,520,13.9425,16.9885,0.43703703703703706,1.2038461538461538,52165,2020-09-02 19:11:02.735000-04:00,22,29,112,72.884012539185,49.0322580645161,71.1850649350649,90.0798175598632,8949,30.173,25.028,0.5033132530120482,1.2852832718739524,442587,2020-08-18 14:45:23.384000-04:00,1461.0,New Jersey,Yes,None
PSAKUSU,590201,22,9,82,73,366,37.9705,44.7775,0.5601503759398496,1.349726775956284,52165,2020-09-02 19:11:02.735000-04:00,22,29,112,72.884012539185,49.0322580645161,71.1850649350649,90.0798175598632,8949,30.173,25.028,0.5033132530120482,1.2852832718739524,442587,2020-08-18 14:45:23.384000-04:00,1461.0,New Jersey,Yes,None
PSAKUSU,196213,25,14,86,81,529,26.577,33.037,0.5839598997493735,1.3043478260869565,52165,2020-09-02 19:11:02.735000-04:00,22,29,112,72.884012539185,49.0322580645161,71.1850649350649,90.0798175598632,8949,30.173,25.028,0.5033132530120482,1.2852832718739524,442587,2020-08-18 14:45:23.384000-04:00,1461.0,New Jersey,Yes,None
PSAKUSU,201186,16,7,80,64,369,28.698,33.377,0.5767790262172284,1.3008130081300813,52165,2020-09-02 19:11:02.735000-04:00,22,29,112,72.884012539185,49.0322580645161,71.1850649350649,90.0798175598632,8949,30.173,25.028,0.5033132530120482,1.2852832718739524,442587,2020-08-18 14:45:23.384000-04:00,1461.0,New Jersey,Yes,None
PSAKUSU,589240,25,4,95,93,473,6.807,11.299,0.2469879518072289,1.3276955602536997,52165,2020-09-02 19:11:02.735000-04:00,22,29,112,72.884012539185,49.0322580645161,71.1850649350649,90.0798175598632,8949,30.173,25.028,0.5033132530120482,1.2852832718739524,442587,2020-08-18 14:45:23.384000-04:00,1461.0,New Jersey,Yes,None
PSAKUSU,200804,25,20,85,83,542,37.977,42.0845,0.748780487804878,1.2472324723247232,52165,2020-09-02 19:11:02.735000-04:00,22,29,112,72.884012539185,49.0322580645161,71.1850649350649,90.0798175598632,8949,30.173,25.028,0.5033132530120482,1.2852832718739524,442587,2020-08-18 14:45:23.384000-04:00,1461.0,New Jersey,Yes,None
PSAKUSU,589158,25,9,91,80,424,35.7875,43.2625,0.5756578947368421,1.3183962264150944,52165,2020-09-02 19:11:02.735000-04:00,22,29,112,72.884012539185,49.0322580645161,71.1850649350649,90.0798175598632,8949,30.173,25.028,0.5033132530120482,1.2852832718739524,442587,2020-08-18 14:45:23.384000-04:00,1461.0,New Jersey,Yes,None
PSAKUSU,204085,23,10,75,67,349,17.921,21.39,0.4392156862745098,1.2034383954154728,52165,2020-09-02 19:11:02.735000-04:00,22,29,112,72.884012539185,49.0322580645161,71.1850649350649,90.0798175598632,8949,30.173,25.028,0.5033132530120482,1.2852832718739524,442587,2020-08-18 14:45:23.384000-04:00,1461.0,New Jersey,Yes,None
PSAKUSU,207681,22,14,84,79,431,46.067,52.473,0.6719745222929936,1.3271461716937356,52165,2020-09-02 19:11:02.735000-04:00,22,29,112,72.884012539185,49.0322580645161,71.1850649350649,90.0798175598632,8949,30.173,25.028,0.5033132530120482,1.2852832718739524,442587,2020-08-18 14:45:23.384000-04:00,1461.0,New Jersey,Yes,None
PSAKUSU,208915,25,16,92,83,514,43.1485,48.2155,0.45219638242894056,1.321011673151751,52165,2020-09-02 19:11:02.735000-04:00,22,29,112,72.884012539185,49.0322580645161,71.1850649350649,90.0798175598632,8949,30.173,25.028,0.5033132530120482,1.2852832718739524,442587,2020-08-18 14:45:23.384000-04:00,1461.0,New Jersey,Yes,None
PSAKUSU,589138,19,7,48,41,234,31.6885,36.0675,0.7016574585635359,1.3333333333333333,52165,2020-09-02 19:11:02.735000-04:00,22,29,112,72.884012539185,49.0322580645161,71.1850649350649,90.0798175598632,8949,30.173,25.028,0.5033132530120482,1.2852832718739524,442587,2020-08-18 14:45:23.384000-04:00,1461.0,New Jersey,Yes,None
PSAKUSU,219277,18,11,81,66,361,28.167,31.477,0.6934306569343066,1.3130193905817176,52165,2020-09-02 19:11:02.735000-04:00,22,29,112,72.884012539185,49.0322580645161,71.1850649350649,90.0798175598632,8949,30.173,25.028,0.5033132530120482,1.2852832718739524,442587,2020-08-18 14:45:23.384000-04:00,1461.0,New Jersey,Yes,None
PSAKUSU,196887,20,4,78,74,424,21.499,25.147,0.46534653465346537,1.2806603773584906,52166,2020-09-02 19:11:02.736000-04:00,22,27,116,76.4309764309764,68.2819383259912,67.358934169279,94.2990110529378,9016,37.9165,32.9345,0.706279034916829,1.2796140195208519,442587,2020-08-18 14:45:23.384000-04:00,1461.0,New Jersey,Yes,None
PSAKUSU,196906,17,15,75,64,377,15.405,17.114,0.5578231292517006,1.3554376657824934,52166,2020-09-02 19:11:02.736000-04:00,22,27,116,76.4309764309764,68.2819383259912,67.358934169279,94.2990110529378,9016,37.9165,32.9345,0.706279034916829,1.2796140195208519,442587,2020-08-18 14:45:23.384000-04:00,1461.0,New Jersey,Yes,None
PSAKUSU,194330,17,12,89,83,443,23.063,24.475,0.8152866242038217,1.1602708803611739,52166,2020-09-02 19:11:02.736000-04:00,22,27,116,76.4309764309764,68.2819383259912,67.358934169279,94.2990110529378,9016,37.9165,32.9345,0.706279034916829,1.2796140195208519,442587,2020-08-18 14:45:23.384000-04:00,1461.0,New Jersey,Yes,None
PSAKUSU,236708,23,11,84,82,493,28.417,32.476,0.5311653116531165,1.3793103448275863,52166,2020-09-02 19:11:02.736000-04:00,22,27,116,76.4309764309764,68.2819383259912,67.358934169279,94.2990110529378,9016,37.9165,32.9345,0.706279034916829,1.2796140195208519,442587,2020-08-18 14:45:23.384000-04:00,1461.0,New Jersey,Yes,None
PSAKUSU,197327,23,16,85,84,519,24.447,25.811,0.8273195876288659,1.1541425818882467,52166,2020-09-02 19:11:02.736000-04:00,22,27,116,76.4309764309764,68.2819383259912,67.358934169279,94.2990110529378,9016,37.9165,32.9345,0.706279034916829,1.2796140195208519,442587,2020-08-18 14:45:23.384000-04:00,1461.0,New Jersey,Yes,None
PSAKUSU,603587,24,13,88,78,407,114.771,125.58,0.5661016949152542,1.6535626535626535,52166,2020-09-02 19:11:02.736000-04:00,22,27,116,76.4309764309764,68.2819383259912,67.358934169279,94.2990110529378,9016,37.9165,32.9345,0.706279034916829,1.2796140195208519,442587,2020-08-18 14:45:23.384000-04:00,1461.0,New Jersey,Yes,None
PSAKUSU,197947,23,17,88,84,518,19.9775,22.321,0.8449612403100775,1.1312741312741312,52166,2020-09-02 19:11:02.736000-04:00,22,27,116,76.4309764309764,68.2819383259912,67.358934169279,94.2990110529378,9016,37.9165,32.9345,0.706279034916829,1.2796140195208519,442587,2020-08-18 14:45:23.384000-04:00,1461.0,New Jersey,Yes,None
PSAKUSU,583275,18,9,79,73,380,27.545,29.848,0.587360594795539,1.2157894736842105,52166,2020-09-02 19:11:02.736000-04:00,22,27,116,76.4309764309764,68.2819383259912,67.358934169279,94.2990110529378,9016,37.9165,32.9345,0.706279034916829,1.2796140195208519,442587,2020-08-18 14:45:23.384000-04:00,1461.0,New Jersey,Yes,None
PSAKUSU,198495,24,17,94,90,561,47.591,59.06,0.7139423076923077,1.3315508021390374,52166,2020-09-02 19:11:02.736000-04:00,22,27,116,76.4309764309764,68.2819383259912,67.358934169279,94.2990110529378,9016,37.9165,32.9345,0.706279034916829,1.2796140195208519,442587,2020-08-18 14:45:23.384000-04:00,1461.0,New Jersey,Yes,None
PSAKUSU,203148,23,18,81,78,482,27.7215,29.6835,0.871866295264624,1.1244813278008299,52166,2020-09-02 19:11:02.736000-04:00,22,27,116,76.4309764309764,68.2819383259912,67.358934169279,94.2990110529378,9016,37.9165,32.9345,0.706279034916829,1.2796140195208519,442587,2020-08-18 14:45:23.384000-04:00,1461.0,New Jersey,Yes,None
PSAKUSU,200824,21,12,83,80,453,35.677,44.759,0.5896656534954408,1.479028697571744,52166,2020-09-02 19:11:02.736000-04:00,22,27,116,76.4309764309764,68.2819383259912,67.358934169279,94.2990110529378,9016,37.9165,32.9345,0.706279034916829,1.2796140195208519,442587,2020-08-18 14:45:23.384000-04:00,1461.0,New Jersey,Yes,None
PSAKUSU,194291,21,14,88,82,494,32.8745,36.104,0.8010899182561307,1.208502024291498,52166,2020-09-02 19:11:02.736000-04:00,22,27,116,76.4309764309764,68.2819383259912,67.358934169279,94.2990110529378,9016,37.9165,32.9345,0.706279034916829,1.2796140195208519,442587,2020-08-18 14:45:23.384000-04:00,1461.0,New Jersey,Yes,None
PSAKUSU,199107,24,16,89,82,513,49.283,64.434,0.718421052631579,1.3528265107212476,52166,2020-09-02 19:11:02.736000-04:00,22,27,116,76.4309764309764,68.2819383259912,67.358934169279,94.2990110529378,9016,37.9165,32.9345,0.706279034916829,1.2796140195208519,442587,2020-08-18 14:45:23.384000-04:00,1461.0,New Jersey,Yes,None
PSAKUSU,194982,22,16,87,82,476,29.8255,33.8725,0.5255681818181818,1.2647058823529411,52166,2020-09-02 19:11:02.736000-04:00,22,27,116,76.4309764309764,68.2819383259912,67.358934169279,94.2990110529378,9016,37.9165,32.9345,0.706279034916829,1.2796140195208519,442587,2020-08-18 14:45:23.384000-04:00,1461.0,New Jersey,Yes,None
PSAKUSU,817187,23,21,49,46,339,35.229,38.738,0.7750865051903114,1.2920353982300885,52166,2020-09-02 19:11:02.736000-04:00,22,27,116,76.4309764309764,68.2819383259912,67.358934169279,94.2990110529378,9016,37.9165,32.9345,0.706279034916829,1.2796140195208519,442587,2020-08-18 14:45:23.384000-04:00,1461.0,New Jersey,Yes,None
PSAKUSU,195643,23,19,88,87,537,28.888,34.533,0.6957605985037406,1.3333333333333333,52166,2020-09-02 19:11:02.736000-04:00,22,27,116,76.4309764309764,68.2819383259912,67.358934169279,94.2990110529378,9016,37.9165,32.9345,0.706279034916829,1.2796140195208519,442587,2020-08-18 14:45:23.384000-04:00,1461.0,New Jersey,Yes,None
PSAKUSU,195728,23,17,86,84,517,48.607,54.361,0.762402088772846,1.2727272727272727,52166,2020-09-02 19:11:02.736000-04:00,22,27,116,76.4309764309764,68.2819383259912,67.358934169279,94.2990110529378,9016,37.9165,32.9345,0.706279034916829,1.2796140195208519,442587,2020-08-18 14:45:23.384000-04:00,1461.0,New Jersey,Yes,None
PSAKUSU,200795,24,20,90,81,546,26.5975,30.6205,0.6939252336448598,1.3443223443223442,52166,2020-09-02 19:11:02.736000-04:00,22,27,116,76.4309764309764,68.2819383259912,67.358934169279,94.2990110529378,9016,37.9165,32.9345,0.706279034916829,1.2796140195208519,442587,2020-08-18 14:45:23.384000-04:00,1461.0,New Jersey,Yes,None
PSAKUSU,196522,22,19,85,81,488,27.586,31.5925,0.8016528925619835,1.1577868852459017,52166,2020-09-02 19:11:02.736000-04:00,22,27,116,76.4309764309764,68.2819383259912,67.358934169279,94.2990110529378,9016,37.9165,32.9345,0.706279034916829,1.2796140195208519,442587,2020-08-18 14:45:23.384000-04:00,1461.0,New Jersey,Yes,None
PSAKUSU,199494,16,8,80,69,367,26.54,29.205,0.7566539923954373,1.231607629427793,52166,2020-09-02 19:11:02.736000-04:00,22,27,116,76.4309764309764,68.2819383259912,67.358934169279,94.2990110529378,9016,37.9165,32.9345,0.706279034916829,1.2796140195208519,442587,2020-08-18 14:45:23.384000-04:00,1461.0,New Jersey,Yes,None
PSAKUSU,196595,24,17,88,85,555,41.785,47.677,0.7822966507177034,1.181981981981982,52166,2020-09-02 19:11:02.736000-04:00,22,27,116,76.4309764309764,68.2819383259912,67.358934169279,94.2990110529378,9016,37.9165,32.9345,0.706279034916829,1.2796140195208519,442587,2020-08-18 14:45:23.384000-04:00,1461.0,New Jersey,Yes,None
PSAKUSU,654837,10,7,15,13,111,27.915,33.87,0.5784313725490197,1.6486486486486487,53933,2020-09-05 19:52:05.062000-04:00,24,12,19,53.8194444444444,88.3870967741936,62.5,89.4736842105263,2269,37.466,30.824,0.717974180734856,1.369766416923755,320053,2020-04-22 12:39:15.126000-04:00,2010.0,California,Yes,None
PSAKUSU,798326,9,6,12,10,122,9.74,16.8525,0.47368421052631576,1.540983606557377,53933,2020-09-05 19:52:05.062000-04:00,24,12,19,53.8194444444444,88.3870967741936,62.5,89.4736842105263,2269,37.466,30.824,0.717974180734856,1.369766416923755,320053,2020-04-22 12:39:15.126000-04:00,2010.0,California,Yes,None
PSAKUSU,643040,5,5,10,10,74,23.6585,26.338,0.7246376811594203,1.472972972972973,53933,2020-09-05 19:52:05.062000-04:00,24,12,19,53.8194444444444,88.3870967741936,62.5,89.4736842105263,2269,37.466,30.824,0.717974180734856,1.369766416923755,320053,2020-04-22 12:39:15.126000-04:00,2010.0,California,Yes,None
PSAKUSU,650843,10,10,16,15,163,19.293,27.691,0.7054794520547946,1.3865030674846626,53933,2020-09-05 19:52:05.062000-04:00,24,12,19,53.8194444444444,88.3870967741936,62.5,89.4736842105263,2269,37.466,30.824,0.717974180734856,1.369766416923755,320053,2020-04-22 12:39:15.126000-04:00,2010.0,California,Yes,None
PSAKUSU,636690,13,13,14,14,139,21.757,25.475,0.7364341085271318,1.3597122302158273,53933,2020-09-05 19:52:05.062000-04:00,24,12,19,53.8194444444444,88.3870967741936,62.5,89.4736842105263,2269,37.466,30.824,0.717974180734856,1.369766416923755,320053,2020-04-22 12:39:15.126000-04:00,2010.0,California,Yes,None
PSAKUSU,636738,10,10,16,16,137,66.005,68.455,0.875,1.167883211678832,53933,2020-09-05 19:52:05.062000-04:00,24,12,19,53.8194444444444,88.3870967741936,62.5,89.4736842105263,2269,37.466,30.824,0.717974180734856,1.369766416923755,320053,2020-04-22 12:39:15.126000-04:00,2010.0,California,Yes,None
PSAKUSU,667823,9,9,16,14,129,24.557,27.106,0.7657657657657657,1.310077519379845,53933,2020-09-05 19:52:05.062000-04:00,24,12,19,53.8194444444444,88.3870967741936,62.5,89.4736842105263,2269,37.466,30.824,0.717974180734856,1.369766416923755,320053,2020-04-22 12:39:15.126000-04:00,2010.0,California,Yes,None
PSAKUSU,666767,7,6,13,10,92,39.582,48.6535,0.6352941176470588,1.5108695652173914,53933,2020-09-05 19:52:05.062000-04:00,24,12,19,53.8194444444444,88.3870967741936,62.5,89.4736842105263,2269,37.466,30.824,0.717974180734856,1.369766416923755,320053,2020-04-22 12:39:15.126000-04:00,2010.0,California,Yes,None
PSAKUSU,661371,12,10,14,14,139,24.293,26.886,0.6953125,1.4892086330935252,53933,2020-09-05 19:52:05.062000-04:00,24,12,19,53.8194444444444,88.3870967741936,62.5,89.4736842105263,2269,37.466,30.824,0.717974180734856,1.369766416923755,320053,2020-04-22 12:39:15.126000-04:00,2010.0,California,Yes,None
PSAKUSU,666812,1,1,2,1,15,50.817,63.759,0.6,1.0,55157,2020-09-08 11:47:34.470000-04:00,18,1,4,16.6666666666667,100.0,48.6111111111111,68.5714285714286,172,69.433,55.387,0.7218543046357616,1.3023255813953487,609281,2020-09-08 11:43:20.348000-04:00,,,,
PSAKUSU,801260,0,0,2,1,8,102.3655,122.871,0.5714285714285714,1.5,55157,2020-09-08 11:47:34.470000-04:00,18,1,4,16.6666666666667,100.0,48.6111111111111,68.5714285714286,172,69.433,55.387,0.7218543046357616,1.3023255813953487,609281,2020-09-08 11:43:20.348000-04:00,,,,
PSAKUSU,801261,0,0,2,1,8,62.1315,72.753,0.7142857142857143,1.75,55157,2020-09-08 11:47:34.470000-04:00,18,1,4,16.6666666666667,100.0,48.6111111111111,68.5714285714286,172,69.433,55.387,0.7218543046357616,1.3023255813953487,609281,2020-09-08 11:43:20.348000-04:00,,,,
PSAKUSU,801286,0,0,2,2,9,119.301,119.307,1.0,1.0,55157,2020-09-08 11:47:34.470000-04:00,18,1,4,16.6666666666667,100.0,48.6111111111111,68.5714285714286,172,69.433,55.387,0.7218543046357616,1.3023255813953487,609281,2020-09-08 11:43:20.348000-04:00,,,,
PSAKUSU,801272,0,0,2,1,8,39.4955,63.809,0.5714285714285714,1.75,55157,2020-09-08 11:47:34.470000-04:00,18,1,4,16.6666666666667,100.0,48.6111111111111,68.5714285714286,172,69.433,55.387,0.7218543046357616,1.3023255813953487,609281,2020-09-08 11:43:20.348000-04:00,,,,
PSAKUSU,801270,0,0,2,2,9,50.238,50.243,1.0,1.0,55157,2020-09-08 11:47:34.470000-04:00,18,1,4,16.6666666666667,100.0,48.6111111111111,68.5714285714286,172,69.433,55.387,0.7218543046357616,1.3023255813953487,609281,2020-09-08 11:43:20.348000-04:00,,,,
PSAKUSU,801265,0,0,2,1,8,55.673,70.272,0.8571428571428571,1.0,55157,2020-09-08 11:47:34.470000-04:00,18,1,4,16.6666666666667,100.0,48.6111111111111,68.5714285714286,172,69.433,55.387,0.7218543046357616,1.3023255813953487,609281,2020-09-08 11:43:20.348000-04:00,,,,
PSAKUSU,801262,0,0,2,1,8,45.9965,59.288,0.7142857142857143,1.25,55157,2020-09-08 11:47:34.470000-04:00,18,1,4,16.6666666666667,100.0,48.6111111111111,68.5714285714286,172,69.433,55.387,0.7218543046357616,1.3023255813953487,609281,2020-09-08 11:43:20.348000-04:00,,,,
PSAKUSU,752951,1,1,0,0,8,51.2875,51.303,0.875,1.0,55158,2020-09-08 11:47:34.472000-04:00,14,1,5,7.14285714285714,100.0,17.1428571428571,75.0,57,116.986,85.379,0.5087719298245614,1.5087719298245614,609281,2020-09-08 11:43:20.348000-04:00,,,,
PSAKUSU,810092,0,0,1,1,4,110.482,144.6105,0.75,2.75,55158,2020-09-08 11:47:34.472000-04:00,14,1,5,7.14285714285714,100.0,17.1428571428571,75.0,57,116.986,85.379,0.5087719298245614,1.5087719298245614,609281,2020-09-08 11:43:20.348000-04:00,,,,
PSAKUSU,802995,0,0,3,2,10,37.0995,42.428,0.8888888888888888,1.3,55159,2020-09-08 11:47:34.473000-04:00,24,1,5,25.0,66.6666666666667,50.0,58.3333333333333,204,49.058,44.1165,0.7258883248730964,1.3382352941176472,609281,2020-09-08 11:43:20.348000-04:00,,,,
PSAKUSU,802991,0,0,3,3,11,27.267,27.278,1.0,1.0,55159,2020-09-08 11:47:34.473000-04:00,24,1,5,25.0,66.6666666666667,50.0,58.3333333333333,204,49.058,44.1165,0.7258883248730964,1.3382352941176472,609281,2020-09-08 11:43:20.348000-04:00,,,,
PSAKUSU,810987,0,0,1,0,1,7933.534,7948.751,0.0,3.0,55159,2020-09-08 11:47:34.473000-04:00,24,1,5,25.0,66.6666666666667,50.0,58.3333333333333,204,49.058,44.1165,0.7258883248730964,1.3382352941176472,609281,2020-09-08 11:43:20.348000-04:00,,,,
PSAKUSU,723066,1,1,4,2,20,31.0025,44.5755,0.65,1.25,55159,2020-09-08 11:47:34.473000-04:00,24,1,5,25.0,66.6666666666667,50.0,58.3333333333333,204,49.058,44.1165,0.7258883248730964,1.3382352941176472,609281,2020-09-08 11:43:20.348000-04:00,,,,
PSAKUSU,746970,1,1,3,2,18,28.275,36.8105,0.6666666666666666,1.4444444444444444,55159,2020-09-08 11:47:34.473000-04:00,24,1,5,25.0,66.6666666666667,50.0,58.3333333333333,204,49.058,44.1165,0.7258883248730964,1.3382352941176472,609281,2020-09-08 11:43:20.348000-04:00,,,,
PSAKUSU,699732,1,0,3,2,16,31.055,38.523,0.625,1.3125,55159,2020-09-08 11:47:34.473000-04:00,24,1,5,25.0,66.6666666666667,50.0,58.3333333333333,204,49.058,44.1165,0.7258883248730964,1.3382352941176472,609281,2020-09-08 11:43:20.348000-04:00,,,,
PSAKUSU,793203,1,0,3,2,10,43.569,43.5795,0.6666666666666666,1.9,55159,2020-09-08 11:47:34.473000-04:00,24,1,5,25.0,66.6666666666667,50.0,58.3333333333333,204,49.058,44.1165,0.7258883248730964,1.3382352941176472,609281,2020-09-08 11:43:20.348000-04:00,,,,
PSAKUSU,653526,2,2,3,2,24,34.2215,34.2275,0.9565217391304348,1.125,55159,2020-09-08 11:47:34.473000-04:00,24,1,5,25.0,66.6666666666667,50.0,58.3333333333333,204,49.058,44.1165,0.7258883248730964,1.3382352941176472,609281,2020-09-08 11:43:20.348000-04:00,,,,
PSAKUSU,803135,0,0,3,2,10,33.9455,33.951,0.7777777777777778,1.2,55159,2020-09-08 11:47:34.473000-04:00,24,1,5,25.0,66.6666666666667,50.0,58.3333333333333,204,49.058,44.1165,0.7258883248730964,1.3382352941176472,609281,2020-09-08 11:43:20.348000-04:00,,,,
PSAKUSU,803008,0,0,3,2,9,47.455,48.706,0.7777777777777778,1.4444444444444444,55159,2020-09-08 11:47:34.473000-04:00,24,1,5,25.0,66.6666666666667,50.0,58.3333333333333,204,49.058,44.1165,0.7258883248730964,1.3382352941176472,609281,2020-09-08 11:43:20.348000-04:00,,,,
PSAKUSU,803000,0,0,4,1,7,33.346,39.931,0.7142857142857143,1.1428571428571428,55159,2020-09-08 11:47:34.473000-04:00,24,1,5,25.0,66.6666666666667,50.0,58.3333333333333,204,49.058,44.1165,0.7258883248730964,1.3382352941176472,609281,2020-09-08 11:43:20.348000-04:00,,,,
PSAKUSU,802999,0,0,4,2,9,54.204,54.216,0.7777777777777778,1.0,55159,2020-09-08 11:47:34.473000-04:00,24,1,5,25.0,66.6666666666667,50.0,58.3333333333333,204,49.058,44.1165,0.7258883248730964,1.3382352941176472,609281,2020-09-08 11:43:20.348000-04:00,,,,
PSAKUSU,802997,0,0,3,2,9,39.74,39.752,0.6666666666666666,1.8888888888888888,55159,2020-09-08 11:47:34.473000-04:00,24,1,5,25.0,66.6666666666667,50.0,58.3333333333333,204,49.058,44.1165,0.7258883248730964,1.3382352941176472,609281,2020-09-08 11:43:20.348000-04:00,,,,
PSAKUSU,806125,0,0,3,2,4,71.2595,98.917,0.75,1.25,55160,2020-09-08 11:47:34.474000-04:00,17,1,5,17.6470588235294,33.3333333333333,15.2941176470588,53.8461538461538,53,74.637,62.191,0.7924528301886793,1.150943396226415,609281,2020-09-08 11:43:20.348000-04:00,,,,
PSAKUSU,806050,0,0,2,0,1,208.421,208.429,1.0,1.0,55160,2020-09-08 11:47:34.474000-04:00,17,1,5,17.6470588235294,33.3333333333333,15.2941176470588,53.8461538461538,53,74.637,62.191,0.7924528301886793,1.150943396226415,609281,2020-09-08 11:43:20.348000-04:00,,,,
PSAKUSU,806018,0,0,1,1,4,65.2145,65.2195,0.75,1.25,55160,2020-09-08 11:47:34.474000-04:00,17,1,5,17.6470588235294,33.3333333333333,15.2941176470588,53.8461538461538,53,74.637,62.191,0.7924528301886793,1.150943396226415,609281,2020-09-08 11:43:20.348000-04:00,,,,
PSAKUSU,806017,0,0,1,0,3,51.469,96.118,0.6666666666666666,1.3333333333333333,55160,2020-09-08 11:47:34.474000-04:00,17,1,5,17.6470588235294,33.3333333333333,15.2941176470588,53.8461538461538,53,74.637,62.191,0.7924528301886793,1.150943396226415,609281,2020-09-08 11:43:20.348000-04:00,,,,
PSAKUSU,805997,0,0,1,1,4,68.1795,68.1835,1.0,1.0,55160,2020-09-08 11:47:34.474000-04:00,17,1,5,17.6470588235294,33.3333333333333,15.2941176470588,53.8461538461538,53,74.637,62.191,0.7924528301886793,1.150943396226415,609281,2020-09-08 11:43:20.348000-04:00,,,,
PSAKUSU,669369,2,2,0,0,13,52.682,94.544,0.6923076923076923,1.2307692307692308,55160,2020-09-08 11:47:34.474000-04:00,17,1,5,17.6470588235294,33.3333333333333,15.2941176470588,53.8461538461538,53,74.637,62.191,0.7924528301886793,1.150943396226415,609281,2020-09-08 11:43:20.348000-04:00,,,,
PSAKUSU,855290,0,0,0,0,0,,,,,55160,2020-09-08 11:47:34.474000-04:00,17,1,5,17.6470588235294,33.3333333333333,15.2941176470588,53.8461538461538,53,74.637,62.191,0.7924528301886793,1.150943396226415,609281,2020-09-08 11:43:20.348000-04:00,,,,
PSAKUSU,669734,1,0,1,1,6,60.0625,60.07,1.0,1.0,55160,2020-09-08 11:47:34.474000-04:00,17,1,5,17.6470588235294,33.3333333333333,15.2941176470588,53.8461538461538,53,74.637,62.191,0.7924528301886793,1.150943396226415,609281,2020-09-08 11:43:20.348000-04:00,,,,
PSAKUSU,855337,0,0,0,0,0,,,,,55160,2020-09-08 11:47:34.474000-04:00,17,1,5,17.6470588235294,33.3333333333333,15.2941176470588,53.8461538461538,53,74.637,62.191,0.7924528301886793,1.150943396226415,609281,2020-09-08 11:43:20.348000-04:00,,,,
PSAKUSU,805980,0,0,0,0,0,,,,,55160,2020-09-08 11:47:34.474000-04:00,17,1,5,17.6470588235294,33.3333333333333,15.2941176470588,53.8461538461538,53,74.637,62.191,0.7924528301886793,1.150943396226415,609281,2020-09-08 11:43:20.348000-04:00,,,,
PSAKUSU,852751,0,0,0,0,0,,,,,55160,2020-09-08 11:47:34.474000-04:00,17,1,5,17.6470588235294,33.3333333333333,15.2941176470588,53.8461538461538,53,74.637,62.191,0.7924528301886793,1.150943396226415,609281,2020-09-08 11:43:20.348000-04:00,,,,
PSAKUSU,855261,0,0,0,0,0,,,,,55160,2020-09-08 11:47:34.474000-04:00,17,1,5,17.6470588235294,33.3333333333333,15.2941176470588,53.8461538461538,53,74.637,62.191,0.7924528301886793,1.150943396226415,609281,2020-09-08 11:43:20.348000-04:00,,,,
PSAKUSU,647144,3,3,0,0,15,60.482,60.485,0.8,1.2,55162,2020-09-08 11:51:21.226000-04:00,26,8,0,26.9230769230769,78.5714285714286,0.0,0.0,210,62.9985,56.7795,0.7095238095238096,1.4142857142857144,569387,2020-09-02 07:09:01.471000-04:00,,,,
PSAKUSU,854357,0,0,0,0,0,,,,,55162,2020-09-08 11:51:21.226000-04:00,26,8,0,26.9230769230769,78.5714285714286,0.0,0.0,210,62.9985,56.7795,0.7095238095238096,1.4142857142857144,569387,2020-09-02 07:09:01.471000-04:00,,,,
PSAKUSU,845224,2,1,0,0,8,68.6055,152.168,0.5,1.5,55162,2020-09-08 11:51:21.226000-04:00,26,8,0,26.9230769230769,78.5714285714286,0.0,0.0,210,62.9985,56.7795,0.7095238095238096,1.4142857142857144,569387,2020-09-02 07:09:01.471000-04:00,,,,
PSAKUSU,647032,3,3,0,0,14,101.779,118.635,0.8571428571428571,1.2857142857142858,55162,2020-09-08 11:51:21.226000-04:00,26,8,0,26.9230769230769,78.5714285714286,0.0,0.0,210,62.9985,56.7795,0.7095238095238096,1.4142857142857144,569387,2020-09-02 07:09:01.471000-04:00,,,,
PSAKUSU,647043,2,2,0,0,12,30.3165,64.478,0.4166666666666667,2.3333333333333335,55162,2020-09-08 11:51:21.226000-04:00,26,8,0,26.9230769230769,78.5714285714286,0.0,0.0,210,62.9985,56.7795,0.7095238095238096,1.4142857142857144,569387,2020-09-02 07:09:01.471000-04:00,,,,
PSAKUSU,647046,1,0,0,0,10,32.907,47.7775,0.0,1.5,55162,2020-09-08 11:51:21.226000-04:00,26,8,0,26.9230769230769,78.5714285714286,0.0,0.0,210,62.9985,56.7795,0.7095238095238096,1.4142857142857144,569387,2020-09-02 07:09:01.471000-04:00,,,,
PSAKUSU,647055,3,3,0,0,9,18.569,18.574,1.0,1.0,55162,2020-09-08 11:51:21.226000-04:00,26,8,0,26.9230769230769,78.5714285714286,0.0,0.0,210,62.9985,56.7795,0.7095238095238096,1.4142857142857144,569387,2020-09-02 07:09:01.471000-04:00,,,,
PSAKUSU,647060,3,3,0,0,12,29.912,41.297,0.9166666666666666,1.0833333333333333,55162,2020-09-08 11:51:21.226000-04:00,26,8,0,26.9230769230769,78.5714285714286,0.0,0.0,210,62.9985,56.7795,0.7095238095238096,1.4142857142857144,569387,2020-09-02 07:09:01.471000-04:00,,,,
PSAKUSU,647062,3,3,0,0,10,68.823,80.22,0.9,1.2,55162,2020-09-08 11:51:21.226000-04:00,26,8,0,26.9230769230769,78.5714285714286,0.0,0.0,210,62.9985,56.7795,0.7095238095238096,1.4142857142857144,569387,2020-09-02 07:09:01.471000-04:00,,,,
PSAKUSU,647075,3,0,0,0,2,212.351,279.347,0.5,2.0,55162,2020-09-08 11:51:21.226000-04:00,26,8,0,26.9230769230769,78.5714285714286,0.0,0.0,210,62.9985,56.7795,0.7095238095238096,1.4142857142857144,569387,2020-09-02 07:09:01.471000-04:00,,,,
PSAKUSU,647076,3,3,0,0,11,61.049,62.924,0.9090909090909091,1.1818181818181819,55162,2020-09-08 11:51:21.226000-04:00,26,8,0,26.9230769230769,78.5714285714286,0.0,0.0,210,62.9985,56.7795,0.7095238095238096,1.4142857142857144,569387,2020-09-02 07:09:01.471000-04:00,,,,
PSAKUSU,647077,3,3,0,0,13,136.193,182.477,0.8461538461538461,1.1538461538461537,55162,2020-09-08 11:51:21.226000-04:00,26,8,0,26.9230769230769,78.5714285714286,0.0,0.0,210,62.9985,56.7795,0.7095238095238096,1.4142857142857144,569387,2020-09-02 07:09:01.471000-04:00,,,,
PSAKUSU,647081,3,3,0,0,9,64.703,64.709,1.0,1.0,55162,2020-09-08 11:51:21.226000-04:00,26,8,0,26.9230769230769,78.5714285714286,0.0,0.0,210,62.9985,56.7795,0.7095238095238096,1.4142857142857144,569387,2020-09-02 07:09:01.471000-04:00,,,,
PSAKUSU,647109,2,1,0,0,6,61.2015,103.958,0.5,1.6666666666666667,55162,2020-09-08 11:51:21.226000-04:00,26,8,0,26.9230769230769,78.5714285714286,0.0,0.0,210,62.9985,56.7795,0.7095238095238096,1.4142857142857144,569387,2020-09-02 07:09:01.471000-04:00,,,,
PSAKUSU,647142,2,1,0,0,12,52.8025,96.146,0.3333333333333333,2.0,55162,2020-09-08 11:51:21.226000-04:00,26,8,0,26.9230769230769,78.5714285714286,0.0,0.0,210,62.9985,56.7795,0.7095238095238096,1.4142857142857144,569387,2020-09-02 07:09:01.471000-04:00,,,,
PSAKUSU,854373,0,0,0,0,0,,,,,55162,2020-09-08 11:51:21.226000-04:00,26,8,0,26.9230769230769,78.5714285714286,0.0,0.0,210,62.9985,56.7795,0.7095238095238096,1.4142857142857144,569387,2020-09-02 07:09:01.471000-04:00,,,,
PSAKUSU,647156,3,3,0,0,12,58.098,70.9875,0.8333333333333334,1.1666666666666667,55162,2020-09-08 11:51:21.226000-04:00,26,8,0,26.9230769230769,78.5714285714286,0.0,0.0,210,62.9985,56.7795,0.7095238095238096,1.4142857142857144,569387,2020-09-02 07:09:01.471000-04:00,,,,
PSAKUSU,647281,2,1,0,0,3,32.963,32.966,1.0,1.0,55162,2020-09-08 11:51:21.226000-04:00,26,8,0,26.9230769230769,78.5714285714286,0.0,0.0,210,62.9985,56.7795,0.7095238095238096,1.4142857142857144,569387,2020-09-02 07:09:01.471000-04:00,,,,
PSAKUSU,647326,2,1,0,0,3,89.935,89.944,1.0,1.0,55162,2020-09-08 11:51:21.226000-04:00,26,8,0,26.9230769230769,78.5714285714286,0.0,0.0,210,62.9985,56.7795,0.7095238095238096,1.4142857142857144,569387,2020-09-02 07:09:01.471000-04:00,,,,
PSAKUSU,647362,2,2,0,0,10,81.5305,96.175,0.7,1.9,55162,2020-09-08 11:51:21.226000-04:00,26,8,0,26.9230769230769,78.5714285714286,0.0,0.0,210,62.9985,56.7795,0.7095238095238096,1.4142857142857144,569387,2020-09-02 07:09:01.471000-04:00,,,,
PSAKUSU,647428,3,2,0,0,14,74.2365,86.766,0.42857142857142855,1.7857142857142858,55162,2020-09-08 11:51:21.226000-04:00,26,8,0,26.9230769230769,78.5714285714286,0.0,0.0,210,62.9985,56.7795,0.7095238095238096,1.4142857142857144,569387,2020-09-02 07:09:01.471000-04:00,,,,
PSAKUSU,624781,4,3,0,0,16,29.7185,32.474,0.6875,1.5,55162,2020-09-08 11:51:21.226000-04:00,26,8,0,26.9230769230769,78.5714285714286,0.0,0.0,210,62.9985,56.7795,0.7095238095238096,1.4142857142857144,569387,2020-09-02 07:09:01.471000-04:00,,,,
PSAKUSU,854405,0,0,0,0,0,,,,,55162,2020-09-08 11:51:21.226000-04:00,26,8,0,26.9230769230769,78.5714285714286,0.0,0.0,210,62.9985,56.7795,0.7095238095238096,1.4142857142857144,569387,2020-09-02 07:09:01.471000-04:00,,,,
PSAKUSU,854381,0,0,0,0,0,,,,,55162,2020-09-08 11:51:21.226000-04:00,26,8,0,26.9230769230769,78.5714285714286,0.0,0.0,210,62.9985,56.7795,0.7095238095238096,1.4142857142857144,569387,2020-09-02 07:09:01.471000-04:00,,,,
PSAKUSU,651078,3,3,0,0,42,13.0795,75.2435,0.2619047619047619,2.261904761904762,55163,2020-09-08 11:51:21.228000-04:00,29,6,0,32.183908045977,91.0714285714286,0.0,0.0,298,60.5445,40.9875,0.6308724832214765,1.6543624161073827,569387,2020-09-02 07:09:01.471000-04:00,,,,
PSAKUSU,651076,3,3,0,0,16,42.9695,50.574,0.75,1.25,55163,2020-09-08 11:51:21.228000-04:00,29,6,0,32.183908045977,91.0714285714286,0.0,0.0,298,60.5445,40.9875,0.6308724832214765,1.6543624161073827,569387,2020-09-02 07:09:01.471000-04:00,,,,
PSAKUSU,651084,0,0,0,0,0,,,,,55163,2020-09-08 11:51:21.228000-04:00,29,6,0,32.183908045977,91.0714285714286,0.0,0.0,298,60.5445,40.9875,0.6308724832214765,1.6543624161073827,569387,2020-09-02 07:09:01.471000-04:00,,,,
PSAKUSU,651075,3,3,0,0,9,74.391,74.398,1.0,1.0,55163,2020-09-08 11:51:21.228000-04:00,29,6,0,32.183908045977,91.0714285714286,0.0,0.0,298,60.5445,40.9875,0.6308724832214765,1.6543624161073827,569387,2020-09-02 07:09:01.471000-04:00,,,,
PSAKUSU,651068,3,3,0,0,9,60.015,60.018,1.0,1.0,55163,2020-09-08 11:51:21.228000-04:00,29,6,0,32.183908045977,91.0714285714286,0.0,0.0,298,60.5445,40.9875,0.6308724832214765,1.6543624161073827,569387,2020-09-02 07:09:01.471000-04:00,,,,
PSAKUSU,651061,3,3,0,0,11,33.93,33.933,0.8181818181818182,1.2727272727272727,55163,2020-09-08 11:51:21.228000-04:00,29,6,0,32.183908045977,91.0714285714286,0.0,0.0,298,60.5445,40.9875,0.6308724832214765,1.6543624161073827,569387,2020-09-02 07:09:01.471000-04:00,,,,
PSAKUSU,651142,3,3,0,0,12,141.8795,155.392,0.8333333333333334,1.8333333333333333,55163,2020-09-08 11:51:21.228000-04:00,29,6,0,32.183908045977,91.0714285714286,0.0,0.0,298,60.5445,40.9875,0.6308724832214765,1.6543624161073827,569387,2020-09-02 07:09:01.471000-04:00,,,,
PSAKUSU,651083,3,3,0,0,35,47.331,132.402,0.4857142857142857,1.7428571428571429,55163,2020-09-08 11:51:21.228000-04:00,29,6,0,32.183908045977,91.0714285714286,0.0,0.0,298,60.5445,40.9875,0.6308724832214765,1.6543624161073827,569387,2020-09-02 07:09:01.471000-04:00,,,,
PSAKUSU,651086,3,3,0,0,9,60.385,60.387,1.0,1.0,55163,2020-09-08 11:51:21.228000-04:00,29,6,0,32.183908045977,91.0714285714286,0.0,0.0,298,60.5445,40.9875,0.6308724832214765,1.6543624161073827,569387,2020-09-02 07:09:01.471000-04:00,,,,
PSAKUSU,651137,3,3,0,0,14,44.825,45.948,0.8571428571428571,1.2857142857142858,55163,2020-09-08 11:51:21.228000-04:00,29,6,0,32.183908045977,91.0714285714286,0.0,0.0,298,60.5445,40.9875,0.6308724832214765,1.6543624161073827,569387,2020-09-02 07:09:01.471000-04:00,,,,
PSAKUSU,651103,3,3,0,0,9,29.507,29.524,1.0,1.0,55163,2020-09-08 11:51:21.228000-04:00,29,6,0,32.183908045977,91.0714285714286,0.0,0.0,298,60.5445,40.9875,0.6308724832214765,1.6543624161073827,569387,2020-09-02 07:09:01.471000-04:00,,,,
PSAKUSU,651168,1,0,0,0,3,130.458,2083.914,0.3333333333333333,3.0,55163,2020-09-08 11:51:21.228000-04:00,29,6,0,32.183908045977,91.0714285714286,0.0,0.0,298,60.5445,40.9875,0.6308724832214765,1.6543624161073827,569387,2020-09-02 07:09:01.471000-04:00,,,,
PSAKUSU,721343,3,3,0,0,22,80.501,122.132,0.5909090909090909,1.7272727272727273,55163,2020-09-08 11:51:21.228000-04:00,29,6,0,32.183908045977,91.0714285714286,0.0,0.0,298,60.5445,40.9875,0.6308724832214765,1.6543624161073827,569387,2020-09-02 07:09:01.471000-04:00,,,,
PSAKUSU,651096,3,3,0,0,13,38.727,38.731,0.7692307692307693,1.8461538461538463,55163,2020-09-08 11:51:21.228000-04:00,29,6,0,32.183908045977,91.0714285714286,0.0,0.0,298,60.5445,40.9875,0.6308724832214765,1.6543624161073827,569387,2020-09-02 07:09:01.471000-04:00,,,,
PSAKUSU,651104,0,0,0,0,0,,,,,55163,2020-09-08 11:51:21.228000-04:00,29,6,0,32.183908045977,91.0714285714286,0.0,0.0,298,60.5445,40.9875,0.6308724832214765,1.6543624161073827,569387,2020-09-02 07:09:01.471000-04:00,,,,
PSAKUSU,855482,0,0,0,0,0,,,,,55163,2020-09-08 11:51:21.228000-04:00,29,6,0,32.183908045977,91.0714285714286,0.0,0.0,298,60.5445,40.9875,0.6308724832214765,1.6543624161073827,569387,2020-09-02 07:09:01.471000-04:00,,,,
PSAKUSU,651111,3,3,0,0,21,30.461,41.461,0.5714285714285714,1.5238095238095237,55163,2020-09-08 11:51:21.228000-04:00,29,6,0,32.183908045977,91.0714285714286,0.0,0.0,298,60.5445,40.9875,0.6308724832214765,1.6543624161073827,569387,2020-09-02 07:09:01.471000-04:00,,,,
PSAKUSU,651113,3,3,0,0,24,37.058,77.268,0.625,2.0,55163,2020-09-08 11:51:21.228000-04:00,29,6,0,32.183908045977,91.0714285714286,0.0,0.0,298,60.5445,40.9875,0.6308724832214765,1.6543624161073827,569387,2020-09-02 07:09:01.471000-04:00,,,,
PSAKUSU,651085,3,3,0,0,20,83.855,95.9515,0.6,1.95,55163,2020-09-08 11:51:21.228000-04:00,29,6,0,32.183908045977,91.0714285714286,0.0,0.0,298,60.5445,40.9875,0.6308724832214765,1.6543624161073827,569387,2020-09-02 07:09:01.471000-04:00,,,,
PSAKUSU,651117,3,3,0,0,9,13.665,13.667,1.0,1.0,55163,2020-09-08 11:51:21.228000-04:00,29,6,0,32.183908045977,91.0714285714286,0.0,0.0,298,60.5445,40.9875,0.6308724832214765,1.6543624161073827,569387,2020-09-02 07:09:01.471000-04:00,,,,
PSAKUSU,651127,0,0,0,0,0,,,,,55163,2020-09-08 11:51:21.228000-04:00,29,6,0,32.183908045977,91.0714285714286,0.0,0.0,298,60.5445,40.9875,0.6308724832214765,1.6543624161073827,569387,2020-09-02 07:09:01.471000-04:00,,,,
PSAKUSU,855481,0,0,0,0,0,,,,,55163,2020-09-08 11:51:21.228000-04:00,29,6,0,32.183908045977,91.0714285714286,0.0,0.0,298,60.5445,40.9875,0.6308724832214765,1.6543624161073827,569387,2020-09-02 07:09:01.471000-04:00,,,,
PSAKUSU,855396,0,0,0,0,0,,,,,55163,2020-09-08 11:51:21.228000-04:00,29,6,0,32.183908045977,91.0714285714286,0.0,0.0,298,60.5445,40.9875,0.6308724832214765,1.6543624161073827,569387,2020-09-02 07:09:01.471000-04:00,,,,
PSAKUSU,855491,0,0,0,0,0,,,,,55163,2020-09-08 11:51:21.228000-04:00,29,6,0,32.183908045977,91.0714285714286,0.0,0.0,298,60.5445,40.9875,0.6308724832214765,1.6543624161073827,569387,2020-09-02 07:09:01.471000-04:00,,,,
PSAKUSU,651097,3,3,0,0,10,18.406,18.414,0.9,1.1,55163,2020-09-08 11:51:21.228000-04:00,29,6,0,32.183908045977,91.0714285714286,0.0,0.0,298,60.5445,40.9875,0.6308724832214765,1.6543624161073827,569387,2020-09-02 07:09:01.471000-04:00,,,,
PSAKUSU,640670,0,0,0,0,0,,,,,55164,2020-09-08 11:51:21.229000-04:00,27,6,0,38.8888888888889,93.6507936507936,0.0,0.0,242,44.9735,40.652,0.8264462809917356,1.28099173553719,569387,2020-09-02 07:09:01.471000-04:00,,,,
PSAKUSU,640592,3,3,0,0,13,57.008,66.91,0.8461538461538461,1.2307692307692308,55164,2020-09-08 11:51:21.229000-04:00,27,6,0,38.8888888888889,93.6507936507936,0.0,0.0,242,44.9735,40.652,0.8264462809917356,1.28099173553719,569387,2020-09-02 07:09:01.471000-04:00,,,,
PSAKUSU,640595,2,1,0,0,4,402.2345,402.2395,0.75,1.75,55164,2020-09-08 11:51:21.229000-04:00,27,6,0,38.8888888888889,93.6507936507936,0.0,0.0,242,44.9735,40.652,0.8264462809917356,1.28099173553719,569387,2020-09-02 07:09:01.471000-04:00,,,,
PSAKUSU,640599,3,3,0,0,9,57.829,57.833,1.0,1.0,55164,2020-09-08 11:51:21.229000-04:00,27,6,0,38.8888888888889,93.6507936507936,0.0,0.0,242,44.9735,40.652,0.8264462809917356,1.28099173553719,569387,2020-09-02 07:09:01.471000-04:00,,,,
PSAKUSU,640601,3,3,0,0,10,34.887,34.892,0.9,1.1,55164,2020-09-08 11:51:21.229000-04:00,27,6,0,38.8888888888889,93.6507936507936,0.0,0.0,242,44.9735,40.652,0.8264462809917356,1.28099173553719,569387,2020-09-02 07:09:01.471000-04:00,,,,
PSAKUSU,640606,3,3,0,0,11,40.562,40.565,0.9090909090909091,1.0909090909090908,55164,2020-09-08 11:51:21.229000-04:00,27,6,0,38.8888888888889,93.6507936507936,0.0,0.0,242,44.9735,40.652,0.8264462809917356,1.28099173553719,569387,2020-09-02 07:09:01.471000-04:00,,,,
PSAKUSU,640610,3,3,0,0,9,48.58,48.586,1.0,1.0,55164,2020-09-08 11:51:21.229000-04:00,27,6,0,38.8888888888889,93.6507936507936,0.0,0.0,242,44.9735,40.652,0.8264462809917356,1.28099173553719,569387,2020-09-02 07:09:01.471000-04:00,,,,
PSAKUSU,640624,3,3,0,0,11,71.251,71.254,0.8181818181818182,1.5454545454545454,55164,2020-09-08 11:51:21.229000-04:00,27,6,0,38.8888888888889,93.6507936507936,0.0,0.0,242,44.9735,40.652,0.8264462809917356,1.28099173553719,569387,2020-09-02 07:09:01.471000-04:00,,,,
PSAKUSU,640625,3,3,0,0,9,37.917,37.923,1.0,1.0,55164,2020-09-08 11:51:21.229000-04:00,27,6,0,38.8888888888889,93.6507936507936,0.0,0.0,242,44.9735,40.652,0.8264462809917356,1.28099173553719,569387,2020-09-02 07:09:01.471000-04:00,,,,
PSAKUSU,640626,3,3,0,0,13,27.63,31.346,0.8461538461538461,1.1538461538461537,55164,2020-09-08 11:51:21.229000-04:00,27,6,0,38.8888888888889,93.6507936507936,0.0,0.0,242,44.9735,40.652,0.8264462809917356,1.28099173553719,569387,2020-09-02 07:09:01.471000-04:00,,,,
PSAKUSU,640627,3,3,0,0,9,67.174,67.177,1.0,1.0,55164,2020-09-08 11:51:21.229000-04:00,27,6,0,38.8888888888889,93.6507936507936,0.0,0.0,242,44.9735,40.652,0.8264462809917356,1.28099173553719,569387,2020-09-02 07:09:01.471000-04:00,,,,
PSAKUSU,640628,1,1,0,0,7,69.358,69.362,0.7142857142857143,1.4285714285714286,55164,2020-09-08 11:51:21.229000-04:00,27,6,0,38.8888888888889,93.6507936507936,0.0,0.0,242,44.9735,40.652,0.8264462809917356,1.28099173553719,569387,2020-09-02 07:09:01.471000-04:00,,,,
PSAKUSU,640633,3,3,0,0,9,22.561,22.564,1.0,1.0,55164,2020-09-08 11:51:21.229000-04:00,27,6,0,38.8888888888889,93.6507936507936,0.0,0.0,242,44.9735,40.652,0.8264462809917356,1.28099173553719,569387,2020-09-02 07:09:01.471000-04:00,,,,
PSAKUSU,640639,3,3,0,0,11,56.114,56.119,0.9090909090909091,1.0909090909090908,55164,2020-09-08 11:51:21.229000-04:00,27,6,0,38.8888888888889,93.6507936507936,0.0,0.0,242,44.9735,40.652,0.8264462809917356,1.28099173553719,569387,2020-09-02 07:09:01.471000-04:00,,,,
PSAKUSU,640647,3,3,0,0,10,34.594,40.5825,0.9,1.1,55164,2020-09-08 11:51:21.229000-04:00,27,6,0,38.8888888888889,93.6507936507936,0.0,0.0,242,44.9735,40.652,0.8264462809917356,1.28099173553719,569387,2020-09-02 07:09:01.471000-04:00,,,,
PSAKUSU,640665,3,3,0,0,24,23.327,32.1775,0.6666666666666666,1.5,55164,2020-09-08 11:51:21.229000-04:00,27,6,0,38.8888888888889,93.6507936507936,0.0,0.0,242,44.9735,40.652,0.8264462809917356,1.28099173553719,569387,2020-09-02 07:09:01.471000-04:00,,,,
PSAKUSU,640666,1,0,0,0,5,56.386,543.501,0.0,2.4,55164,2020-09-08 11:51:21.229000-04:00,27,6,0,38.8888888888889,93.6507936507936,0.0,0.0,242,44.9735,40.652,0.8264462809917356,1.28099173553719,569387,2020-09-02 07:09:01.471000-04:00,,,,
PSAKUSU,640669,3,3,0,0,9,27.141,27.144,1.0,1.0,55164,2020-09-08 11:51:21.229000-04:00,27,6,0,38.8888888888889,93.6507936507936,0.0,0.0,242,44.9735,40.652,0.8264462809917356,1.28099173553719,569387,2020-09-02 07:09:01.471000-04:00,,,,
PSAKUSU,640700,3,3,0,0,9,7.131,7.134,1.0,1.0,55164,2020-09-08 11:51:21.229000-04:00,27,6,0,38.8888888888889,93.6507936507936,0.0,0.0,242,44.9735,40.652,0.8264462809917356,1.28099173553719,569387,2020-09-02 07:09:01.471000-04:00,,,,
PSAKUSU,640702,3,3,0,0,11,32.317,32.322,0.9090909090909091,1.0909090909090908,55164,2020-09-08 11:51:21.229000-04:00,27,6,0,38.8888888888889,93.6507936507936,0.0,0.0,242,44.9735,40.652,0.8264462809917356,1.28099173553719,569387,2020-09-02 07:09:01.471000-04:00,,,,
PSAKUSU,640721,3,3,0,0,10,27.158,32.424,0.9,1.1,55164,2020-09-08 11:51:21.229000-04:00,27,6,0,38.8888888888889,93.6507936507936,0.0,0.0,242,44.9735,40.652,0.8264462809917356,1.28099173553719,569387,2020-09-02 07:09:01.471000-04:00,,,,
PSAKUSU,640724,3,3,0,0,23,80.909,135.612,0.6521739130434783,1.565217391304348,55164,2020-09-08 11:51:21.229000-04:00,27,6,0,38.8888888888889,93.6507936507936,0.0,0.0,242,44.9735,40.652,0.8264462809917356,1.28099173553719,569387,2020-09-02 07:09:01.471000-04:00,,,,
PSAKUSU,647177,0,0,0,0,0,,,,,55164,2020-09-08 11:51:21.229000-04:00,27,6,0,38.8888888888889,93.6507936507936,0.0,0.0,242,44.9735,40.652,0.8264462809917356,1.28099173553719,569387,2020-09-02 07:09:01.471000-04:00,,,,
PSAKUSU,853319,0,0,0,0,0,,,,,55164,2020-09-08 11:51:21.229000-04:00,27,6,0,38.8888888888889,93.6507936507936,0.0,0.0,242,44.9735,40.652,0.8264462809917356,1.28099173553719,569387,2020-09-02 07:09:01.471000-04:00,,,,
PSAKUSU,640796,3,3,0,0,16,43.8375,99.086,0.625,1.8125,55164,2020-09-08 11:51:21.229000-04:00,27,6,0,38.8888888888889,93.6507936507936,0.0,0.0,242,44.9735,40.652,0.8264462809917356,1.28099173553719,569387,2020-09-02 07:09:01.471000-04:00,,,,
PSAKUSU,667064,0,0,0,0,0,,,,,58110,2020-09-11 10:44:13.330000-04:00,3,0,0,0.0,0.0,0.0,0.0,0,,,,,399184,2020-07-22 22:01:50.090000-04:00,120.0,Arizona,Yes,Rural: Fringe
PSAKUSU,184620,0,0,15,14,332,7.816,17.2365,0.07224334600760456,1.177710843373494,58110,2020-09-11 10:44:13.330000-04:00,3,0,0,0.0,0.0,0.0,0.0,0,,,,,399184,2020-07-22 22:01:50.090000-04:00,120.0,Arizona,Yes,Rural: Fringe
PSAKUSU,184596,0,0,15,14,238,5.533,11.717,0.12105263157894737,1.1680672268907564,58110,2020-09-11 10:44:13.330000-04:00,3,0,0,0.0,0.0,0.0,0.0,0,,,,,399184,2020-07-22 22:01:50.090000-04:00,120.0,Arizona,Yes,Rural: Fringe
PSAKUSU,694498,4,2,4,4,37,20.279,26.419,0.7027027027027027,1.7027027027027026,60075,2020-09-14 09:38:51.643000-04:00,8,3,4,70.8333333333333,70.5882352941177,18.75,100.0,104,48.642,37.914,0.6923076923076923,1.5384615384615385,628790,2020-09-09 12:27:48.471000-04:00,409.0,Connecticut,No,None
PSAKUSU,651611,14,5,3,3,72,40.8615,51.5845,0.5,1.722222222222222,60075,2020-09-14 09:38:51.643000-04:00,8,3,4,70.8333333333333,70.5882352941177,18.75,100.0,104,48.642,37.914,0.6923076923076923,1.5384615384615385,628790,2020-09-09 12:27:48.471000-04:00,409.0,Connecticut,No,None
PSAKUSU,694073,2,1,0,0,11,57.01,144.956,0.6363636363636364,1.1818181818181819,60075,2020-09-14 09:38:51.643000-04:00,8,3,4,70.8333333333333,70.5882352941177,18.75,100.0,104,48.642,37.914,0.6923076923076923,1.5384615384615385,628790,2020-09-09 12:27:48.471000-04:00,409.0,Connecticut,No,None
PSAKUSU,694515,4,3,4,4,34,23.1625,24.3145,0.6470588235294118,1.3235294117647058,60075,2020-09-14 09:38:51.643000-04:00,8,3,4,70.8333333333333,70.5882352941177,18.75,100.0,104,48.642,37.914,0.6923076923076923,1.5384615384615385,628790,2020-09-09 12:27:48.471000-04:00,409.0,Connecticut,No,None
PSAKUSU,678604,3,2,4,4,34,44.512,90.9405,0.5882352941176471,1.9411764705882353,60076,2020-09-14 09:38:51.645000-04:00,10,3,4,70.0,52.3809523809524,32.5,84.6153846153846,141,75.677,37.748,0.5035460992907801,1.9432624113475176,628790,2020-09-09 12:27:48.471000-04:00,409.0,Connecticut,No,None
PSAKUSU,638494,19,4,14,11,194,10.416,22.924,0.20103092783505155,2.0412371134020617,60076,2020-09-14 09:38:51.645000-04:00,10,3,4,70.0,52.3809523809524,32.5,84.6153846153846,141,75.677,37.748,0.5035460992907801,1.9432624113475176,628790,2020-09-09 12:27:48.471000-04:00,409.0,Connecticut,No,None
PSAKUSU,639942,3,2,5,5,50,27.4325,38.8515,0.68,1.68,60076,2020-09-14 09:38:51.645000-04:00,10,3,4,70.0,52.3809523809524,32.5,84.6153846153846,141,75.677,37.748,0.5035460992907801,1.9432624113475176,628790,2020-09-09 12:27:48.471000-04:00,409.0,Connecticut,No,None
PSAKUSU,705796,4,3,2,0,21,46.653,75.343,0.6190476190476191,1.2380952380952381,60076,2020-09-14 09:38:51.645000-04:00,10,3,4,70.0,52.3809523809524,32.5,84.6153846153846,141,75.677,37.748,0.5035460992907801,1.9432624113475176,628790,2020-09-09 12:27:48.471000-04:00,409.0,Connecticut,No,None
PSAKUSU,756196,4,2,4,4,50,114.4465,131.022,0.32,2.1,60076,2020-09-14 09:38:51.645000-04:00,10,3,4,70.0,52.3809523809524,32.5,84.6153846153846,141,75.677,37.748,0.5035460992907801,1.9432624113475176,628790,2020-09-09 12:27:48.471000-04:00,409.0,Connecticut,No,None
PSAKUSU,801496,0,0,1,1,5,194.445,278.383,0.8,1.2,60076,2020-09-14 09:38:51.645000-04:00,10,3,4,70.0,52.3809523809524,32.5,84.6153846153846,141,75.677,37.748,0.5035460992907801,1.9432624113475176,628790,2020-09-09 12:27:48.471000-04:00,409.0,Connecticut,No,None
PSAKUSU,784967,2,0,6,4,43,53.444,76.798,0.23255813953488372,2.3255813953488373,60076,2020-09-14 09:38:51.645000-04:00,10,3,4,70.0,52.3809523809524,32.5,84.6153846153846,141,75.677,37.748,0.5035460992907801,1.9432624113475176,628790,2020-09-09 12:27:48.471000-04:00,409.0,Connecticut,No,None
PSAKUSU,638167,8,7,5,5,78,47.1255,71.684,0.6025641025641025,1.5,60076,2020-09-14 09:38:51.645000-04:00,10,3,4,70.0,52.3809523809524,32.5,84.6153846153846,141,75.677,37.748,0.5035460992907801,1.9432624113475176,628790,2020-09-09 12:27:48.471000-04:00,409.0,Connecticut,No,None
PSAKUSU,754512,0,0,0,0,0,,,,,61428,2020-09-15 16:13:00.013000-04:00,10,0,0,0.0,0.0,0.0,0.0,0,,,,,392471,2020-06-12 10:52:30.042000-04:00,,,,
PSAKUSU,754508,0,0,0,0,0,,,,,61428,2020-09-15 16:13:00.013000-04:00,10,0,0,0.0,0.0,0.0,0.0,0,,,,,392471,2020-06-12 10:52:30.042000-04:00,,,,
PSAKUSU,754504,0,0,0,0,0,,,,,61428,2020-09-15 16:13:00.013000-04:00,10,0,0,0.0,0.0,0.0,0.0,0,,,,,392471,2020-06-12 10:52:30.042000-04:00,,,,
PSAKUSU,754501,0,0,0,0,0,,,,,61428,2020-09-15 16:13:00.013000-04:00,10,0,0,0.0,0.0,0.0,0.0,0,,,,,392471,2020-06-12 10:52:30.042000-04:00,,,,
PSAKUSU,754524,0,0,0,0,0,,,,,61428,2020-09-15 16:13:00.013000-04:00,10,0,0,0.0,0.0,0.0,0.0,0,,,,,392471,2020-06-12 10:52:30.042000-04:00,,,,
PSAKUSU,754518,0,0,0,0,0,,,,,61428,2020-09-15 16:13:00.013000-04:00,10,0,0,0.0,0.0,0.0,0.0,0,,,,,392471,2020-06-12 10:52:30.042000-04:00,,,,
PSAKUSU,754516,0,0,0,0,0,,,,,61428,2020-09-15 16:13:00.013000-04:00,10,0,0,0.0,0.0,0.0,0.0,0,,,,,392471,2020-06-12 10:52:30.042000-04:00,,,,
PSAKUSU,775407,0,0,0,0,0,,,,,61903,2020-09-16 11:45:59.523000-04:00,9,1,0,,0.0,0.0,0.0,0,,,,,95061,2020-01-15 07:48:00.063000-05:00,1030.0,Massachusetts,No,None
PSAKUSU,775430,1,1,0,0,10,55.141,109.874,0.6,1.7,61903,2020-09-16 11:45:59.523000-04:00,9,1,0,,0.0,0.0,0.0,0,,,,,95061,2020-01-15 07:48:00.063000-05:00,1030.0,Massachusetts,No,None
PSAKUSU,775405,0,0,0,0,0,,,,,61903,2020-09-16 11:45:59.523000-04:00,9,1,0,,0.0,0.0,0.0,0,,,,,95061,2020-01-15 07:48:00.063000-05:00,1030.0,Massachusetts,No,None
PSAKUSU,775437,0,0,0,0,0,,,,,61903,2020-09-16 11:45:59.523000-04:00,9,1,0,,0.0,0.0,0.0,0,,,,,95061,2020-01-15 07:48:00.063000-05:00,1030.0,Massachusetts,No,None
PSAKUSU,775423,0,0,0,0,0,,,,,61903,2020-09-16 11:45:59.523000-04:00,9,1,0,,0.0,0.0,0.0,0,,,,,95061,2020-01-15 07:48:00.063000-05:00,1030.0,Massachusetts,No,None
PSAKUSU,775571,0,0,0,0,0,,,,,61903,2020-09-16 11:45:59.523000-04:00,9,1,0,,0.0,0.0,0.0,0,,,,,95061,2020-01-15 07:48:00.063000-05:00,1030.0,Massachusetts,No,None
PSAKUSU,775414,3,3,0,0,8,15.0075,44.722,0.625,1.625,61903,2020-09-16 11:45:59.523000-04:00,9,1,0,,0.0,0.0,0.0,0,,,,,95061,2020-01-15 07:48:00.063000-05:00,1030.0,Massachusetts,No,None
PSAKUSU,775412,4,1,0,0,28,56.849,90.3485,0.5,1.4642857142857142,61903,2020-09-16 11:45:59.523000-04:00,9,1,0,,0.0,0.0,0.0,0,,,,,95061,2020-01-15 07:48:00.063000-05:00,1030.0,Massachusetts,No,None
PSAKUSU,775403,0,0,0,0,0,,,,,61904,2020-09-16 11:45:59.525000-04:00,8,1,0,12.5,0.0,0.0,0.0,10,38.927,9.108,0.4,2.1,95061,2020-01-15 07:48:00.063000-05:00,1030.0,Massachusetts,No,None
PSAKUSU,775982,2,1,0,0,20,29.637,45.284,0.5,1.45,61904,2020-09-16 11:45:59.525000-04:00,8,1,0,12.5,0.0,0.0,0.0,10,38.927,9.108,0.4,2.1,95061,2020-01-15 07:48:00.063000-05:00,1030.0,Massachusetts,No,None
PSAKUSU,775382,0,0,0,0,0,,,,,61904,2020-09-16 11:45:59.525000-04:00,8,1,0,12.5,0.0,0.0,0.0,10,38.927,9.108,0.4,2.1,95061,2020-01-15 07:48:00.063000-05:00,1030.0,Massachusetts,No,None
PSAKUSU,775425,0,0,0,0,0,,,,,61904,2020-09-16 11:45:59.525000-04:00,8,1,0,12.5,0.0,0.0,0.0,10,38.927,9.108,0.4,2.1,95061,2020-01-15 07:48:00.063000-05:00,1030.0,Massachusetts,No,None
PSAKUSU,775393,0,0,0,0,0,,,,,61904,2020-09-16 11:45:59.525000-04:00,8,1,0,12.5,0.0,0.0,0.0,10,38.927,9.108,0.4,2.1,95061,2020-01-15 07:48:00.063000-05:00,1030.0,Massachusetts,No,None
PSAKUSU,775436,0,0,0,0,0,,,,,61904,2020-09-16 11:45:59.525000-04:00,8,1,0,12.5,0.0,0.0,0.0,10,38.927,9.108,0.4,2.1,95061,2020-01-15 07:48:00.063000-05:00,1030.0,Massachusetts,No,None
PSAKUSU,775475,0,0,0,0,0,,,,,61904,2020-09-16 11:45:59.525000-04:00,8,1,0,12.5,0.0,0.0,0.0,10,38.927,9.108,0.4,2.1,95061,2020-01-15 07:48:00.063000-05:00,1030.0,Massachusetts,No,None
PSAKUSU,715733,2,0,0,0,15,11.905,64.563,0.4,2.0,61904,2020-09-16 11:45:59.525000-04:00,8,1,0,12.5,0.0,0.0,0.0,10,38.927,9.108,0.4,2.1,95061,2020-01-15 07:48:00.063000-05:00,1030.0,Massachusetts,No,None
PSAKUSU,775418,0,0,0,0,0,,,,,61905,2020-09-16 11:45:59.526000-04:00,10,1,0,,0.0,0.0,0.0,0,,,,,95061,2020-01-15 07:48:00.063000-05:00,1030.0,Massachusetts,No,None
PSAKUSU,775415,0,0,0,0,0,,,,,61905,2020-09-16 11:45:59.526000-04:00,10,1,0,,0.0,0.0,0.0,0,,,,,95061,2020-01-15 07:48:00.063000-05:00,1030.0,Massachusetts,No,None
PSAKUSU,775401,0,0,0,0,0,,,,,61905,2020-09-16 11:45:59.526000-04:00,10,1,0,,0.0,0.0,0.0,0,,,,,95061,2020-01-15 07:48:00.063000-05:00,1030.0,Massachusetts,No,None
PSAKUSU,775396,0,0,0,0,0,,,,,61905,2020-09-16 11:45:59.526000-04:00,10,1,0,,0.0,0.0,0.0,0,,,,,95061,2020-01-15 07:48:00.063000-05:00,1030.0,Massachusetts,No,None
PSAKUSU,775458,3,2,0,0,12,114.602,147.235,0.75,1.1666666666666667,61905,2020-09-16 11:45:59.526000-04:00,10,1,0,,0.0,0.0,0.0,0,,,,,95061,2020-01-15 07:48:00.063000-05:00,1030.0,Massachusetts,No,None
PSAKUSU,775435,0,0,0,0,0,,,,,61905,2020-09-16 11:45:59.526000-04:00,10,1,0,,0.0,0.0,0.0,0,,,,,95061,2020-01-15 07:48:00.063000-05:00,1030.0,Massachusetts,No,None
PSAKUSU,775445,0,0,0,0,0,,,,,61905,2020-09-16 11:45:59.526000-04:00,10,1,0,,0.0,0.0,0.0,0,,,,,95061,2020-01-15 07:48:00.063000-05:00,1030.0,Massachusetts,No,None
PSAKUSU,775440,0,0,0,0,0,,,,,61905,2020-09-16 11:45:59.526000-04:00,10,1,0,,0.0,0.0,0.0,0,,,,,95061,2020-01-15 07:48:00.063000-05:00,1030.0,Massachusetts,No,None
PSAKUSU,775559,4,3,0,0,20,52.9845,52.9875,0.85,1.2,61905,2020-09-16 11:45:59.526000-04:00,10,1,0,,0.0,0.0,0.0,0,,,,,95061,2020-01-15 07:48:00.063000-05:00,1030.0,Massachusetts,No,None
PSAKUSU,775511,0,0,0,0,0,,,,,61906,2020-09-16 11:45:59.527000-04:00,8,1,0,,0.0,0.0,0.0,0,,,,,95061,2020-01-15 07:48:00.063000-05:00,1030.0,Massachusetts,No,None
PSAKUSU,775438,1,1,0,0,21,59.895,60.067,0.47619047619047616,1.619047619047619,61906,2020-09-16 11:45:59.527000-04:00,8,1,0,,0.0,0.0,0.0,0,,,,,95061,2020-01-15 07:48:00.063000-05:00,1030.0,Massachusetts,No,None
PSAKUSU,775444,0,0,0,0,0,,,,,61906,2020-09-16 11:45:59.527000-04:00,8,1,0,,0.0,0.0,0.0,0,,,,,95061,2020-01-15 07:48:00.063000-05:00,1030.0,Massachusetts,No,None
PSAKUSU,775449,5,5,0,0,22,26.1305,32.618,0.7727272727272727,1.0909090909090908,61906,2020-09-16 11:45:59.527000-04:00,8,1,0,,0.0,0.0,0.0,0,,,,,95061,2020-01-15 07:48:00.063000-05:00,1030.0,Massachusetts,No,None
PSAKUSU,775329,0,0,0,0,0,,,,,61906,2020-09-16 11:45:59.527000-04:00,8,1,0,,0.0,0.0,0.0,0,,,,,95061,2020-01-15 07:48:00.063000-05:00,1030.0,Massachusetts,No,None
PSAKUSU,775409,0,0,0,0,0,,,,,61906,2020-09-16 11:45:59.527000-04:00,8,1,0,,0.0,0.0,0.0,0,,,,,95061,2020-01-15 07:48:00.063000-05:00,1030.0,Massachusetts,No,None
PSAKUSU,775421,0,0,0,0,0,,,,,61906,2020-09-16 11:45:59.527000-04:00,8,1,0,,0.0,0.0,0.0,0,,,,,95061,2020-01-15 07:48:00.063000-05:00,1030.0,Massachusetts,No,None
PSAKUSU,776233,2,2,0,0,12,159.3465,159.3515,0.9166666666666666,1.0833333333333333,61907,2020-09-16 11:45:59.528000-04:00,9,1,0,,0.0,0.0,0.0,0,,,,,95061,2020-01-15 07:48:00.063000-05:00,1030.0,Massachusetts,No,None
PSAKUSU,776722,0,0,0,0,0,,,,,61907,2020-09-16 11:45:59.528000-04:00,9,1,0,,0.0,0.0,0.0,0,,,,,95061,2020-01-15 07:48:00.063000-05:00,1030.0,Massachusetts,No,None
PSAKUSU,776737,4,3,0,0,34,16.0925,22.505,0.7058823529411765,1.147058823529412,61907,2020-09-16 11:45:59.528000-04:00,9,1,0,,0.0,0.0,0.0,0,,,,,95061,2020-01-15 07:48:00.063000-05:00,1030.0,Massachusetts,No,None
PSAKUSU,776758,0,0,0,0,0,,,,,61907,2020-09-16 11:45:59.528000-04:00,9,1,0,,0.0,0.0,0.0,0,,,,,95061,2020-01-15 07:48:00.063000-05:00,1030.0,Massachusetts,No,None
PSAKUSU,776814,0,0,0,0,0,,,,,61907,2020-09-16 11:45:59.528000-04:00,9,1,0,,0.0,0.0,0.0,0,,,,,95061,2020-01-15 07:48:00.063000-05:00,1030.0,Massachusetts,No,None
PSAKUSU,776817,0,0,0,0,0,,,,,61907,2020-09-16 11:45:59.528000-04:00,9,1,0,,0.0,0.0,0.0,0,,,,,95061,2020-01-15 07:48:00.063000-05:00,1030.0,Massachusetts,No,None
PSAKUSU,799866,0,0,0,0,0,,,,,61907,2020-09-16 11:45:59.528000-04:00,9,1,0,,0.0,0.0,0.0,0,,,,,95061,2020-01-15 07:48:00.063000-05:00,1030.0,Massachusetts,No,None
PSAKUSU,776706,2,2,0,0,10,58.672,58.678,1.0,1.0,61907,2020-09-16 11:45:59.528000-04:00,9,1,0,,0.0,0.0,0.0,0,,,,,95061,2020-01-15 07:48:00.063000-05:00,1030.0,Massachusetts,No,None
PSAKUSU,777099,0,0,0,0,0,,,,,61908,2020-09-16 11:45:59.529000-04:00,9,1,0,,0.0,0.0,0.0,0,,,,,95061,2020-01-15 07:48:00.063000-05:00,1030.0,Massachusetts,No,None
PSAKUSU,777006,0,0,0,0,0,,,,,61908,2020-09-16 11:45:59.529000-04:00,9,1,0,,0.0,0.0,0.0,0,,,,,95061,2020-01-15 07:48:00.063000-05:00,1030.0,Massachusetts,No,None
PSAKUSU,776526,2,1,0,0,12,35.087,57.116,0.5833333333333334,1.75,61908,2020-09-16 11:45:59.529000-04:00,9,1,0,,0.0,0.0,0.0,0,,,,,95061,2020-01-15 07:48:00.063000-05:00,1030.0,Massachusetts,No,None
PSAKUSU,776692,0,0,0,0,0,,,,,61908,2020-09-16 11:45:59.529000-04:00,9,1,0,,0.0,0.0,0.0,0,,,,,95061,2020-01-15 07:48:00.063000-05:00,1030.0,Massachusetts,No,None
PSAKUSU,776759,0,0,0,0,0,,,,,61908,2020-09-16 11:45:59.529000-04:00,9,1,0,,0.0,0.0,0.0,0,,,,,95061,2020-01-15 07:48:00.063000-05:00,1030.0,Massachusetts,No,None
PSAKUSU,776772,0,0,0,0,0,,,,,61908,2020-09-16 11:45:59.529000-04:00,9,1,0,,0.0,0.0,0.0,0,,,,,95061,2020-01-15 07:48:00.063000-05:00,1030.0,Massachusetts,No,None
PSAKUSU,776774,0,0,0,0,0,,,,,61908,2020-09-16 11:45:59.529000-04:00,9,1,0,,0.0,0.0,0.0,0,,,,,95061,2020-01-15 07:48:00.063000-05:00,1030.0,Massachusetts,No,None
PSAKUSU,776784,0,0,0,0,0,,,,,61908,2020-09-16 11:45:59.529000-04:00,9,1,0,,0.0,0.0,0.0,0,,,,,95061,2020-01-15 07:48:00.063000-05:00,1030.0,Massachusetts,No,None
PSAKUSU,776922,0,0,0,0,0,,,,,61908,2020-09-16 11:45:59.529000-04:00,9,1,0,,0.0,0.0,0.0,0,,,,,95061,2020-01-15 07:48:00.063000-05:00,1030.0,Massachusetts,No,None
PSAKUSU,775324,1,0,0,0,7,37.489,79.106,0.42857142857142855,1.5714285714285714,61909,2020-09-16 11:45:59.530000-04:00,9,1,0,,0.0,0.0,0.0,0,,,,,95061,2020-01-15 07:48:00.063000-05:00,1030.0,Massachusetts,No,None
PSAKUSU,776731,4,4,0,0,26,54.807,62.7875,0.46153846153846156,1.8076923076923077,61909,2020-09-16 11:45:59.530000-04:00,9,1,0,,0.0,0.0,0.0,0,,,,,95061,2020-01-15 07:48:00.063000-05:00,1030.0,Massachusetts,No,None
PSAKUSU,777058,0,0,0,0,0,,,,,61909,2020-09-16 11:45:59.530000-04:00,9,1,0,,0.0,0.0,0.0,0,,,,,95061,2020-01-15 07:48:00.063000-05:00,1030.0,Massachusetts,No,None
PSAKUSU,776866,0,0,0,0,0,,,,,61909,2020-09-16 11:45:59.530000-04:00,9,1,0,,0.0,0.0,0.0,0,,,,,95061,2020-01-15 07:48:00.063000-05:00,1030.0,Massachusetts,No,None
PSAKUSU,776707,0,0,0,0,0,,,,,61909,2020-09-16 11:45:59.530000-04:00,9,1,0,,0.0,0.0,0.0,0,,,,,95061,2020-01-15 07:48:00.063000-05:00,1030.0,Massachusetts,No,None
PSAKUSU,776652,1,1,0,0,1,14.775,14.78,1.0,1.0,61909,2020-09-16 11:45:59.530000-04:00,9,1,0,,0.0,0.0,0.0,0,,,,,95061,2020-01-15 07:48:00.063000-05:00,1030.0,Massachusetts,No,None
PSAKUSU,775548,4,2,0,0,17,13.764,20.276,0.5294117647058824,1.1764705882352942,61909,2020-09-16 11:45:59.530000-04:00,9,1,0,,0.0,0.0,0.0,0,,,,,95061,2020-01-15 07:48:00.063000-05:00,1030.0,Massachusetts,No,None
PSAKUSU,776418,0,0,0,0,0,,,,,61910,2020-09-16 11:45:59.531000-04:00,8,1,0,,0.0,0.0,0.0,0,,,,,95061,2020-01-15 07:48:00.063000-05:00,1030.0,Massachusetts,No,None
PSAKUSU,776438,0,0,0,0,0,,,,,61910,2020-09-16 11:45:59.531000-04:00,8,1,0,,0.0,0.0,0.0,0,,,,,95061,2020-01-15 07:48:00.063000-05:00,1030.0,Massachusetts,No,None
PSAKUSU,776734,0,0,0,0,0,,,,,61910,2020-09-16 11:45:59.531000-04:00,8,1,0,,0.0,0.0,0.0,0,,,,,95061,2020-01-15 07:48:00.063000-05:00,1030.0,Massachusetts,No,None
PSAKUSU,776023,0,0,0,0,0,,,,,61910,2020-09-16 11:45:59.531000-04:00,8,1,0,,0.0,0.0,0.0,0,,,,,95061,2020-01-15 07:48:00.063000-05:00,1030.0,Massachusetts,No,None
PSAKUSU,776744,1,1,0,0,1,18.929,18.935,1.0,1.0,61910,2020-09-16 11:45:59.531000-04:00,8,1,0,,0.0,0.0,0.0,0,,,,,95061,2020-01-15 07:48:00.063000-05:00,1030.0,Massachusetts,No,None
PSAKUSU,776748,0,0,0,0,0,,,,,61910,2020-09-16 11:45:59.531000-04:00,8,1,0,,0.0,0.0,0.0,0,,,,,95061,2020-01-15 07:48:00.063000-05:00,1030.0,Massachusetts,No,None
PSAKUSU,776827,0,0,0,0,0,,,,,61910,2020-09-16 11:45:59.531000-04:00,8,1,0,,0.0,0.0,0.0,0,,,,,95061,2020-01-15 07:48:00.063000-05:00,1030.0,Massachusetts,No,None
PSAKUSU,776711,0,0,0,0,0,,,,,61910,2020-09-16 11:45:59.531000-04:00,8,1,0,,0.0,0.0,0.0,0,,,,,95061,2020-01-15 07:48:00.063000-05:00,1030.0,Massachusetts,No,None
PSAKUSU,740812,2,0,5,2,7,51.866,85.566,0.2857142857142857,2.5714285714285716,63207,2020-09-18 09:07:33.143000-04:00,17,3,5,62.7450980392157,56.25,70.5882352941177,75.0,410,97.277,85.2205,0.5439024390243903,1.7,17157,2019-08-19 11:55:11.352000-04:00,655.0,Illinois,No,None
PSAKUSU,740819,3,2,5,4,47,35.006,57.096,0.40425531914893614,2.127659574468085,63207,2020-09-18 09:07:33.143000-04:00,17,3,5,62.7450980392157,56.25,70.5882352941177,75.0,410,97.277,85.2205,0.5439024390243903,1.7,17157,2019-08-19 11:55:11.352000-04:00,655.0,Illinois,No,None
PSAKUSU,740898,4,0,2,0,18,52.956,68.5395,0.4444444444444444,1.9444444444444444,63207,2020-09-18 09:07:33.143000-04:00,17,3,5,62.7450980392157,56.25,70.5882352941177,75.0,410,97.277,85.2205,0.5439024390243903,1.7,17157,2019-08-19 11:55:11.352000-04:00,655.0,Illinois,No,None
PSAKUSU,740784,1,0,2,1,11,54.07,108.241,0.18181818181818182,2.1818181818181817,63207,2020-09-18 09:07:33.143000-04:00,17,3,5,62.7450980392157,56.25,70.5882352941177,75.0,410,97.277,85.2205,0.5439024390243903,1.7,17157,2019-08-19 11:55:11.352000-04:00,655.0,Illinois,No,None
PSAKUSU,740905,5,4,5,5,56,207.453,251.083,0.6071428571428571,1.6785714285714286,63207,2020-09-18 09:07:33.143000-04:00,17,3,5,62.7450980392157,56.25,70.5882352941177,75.0,410,97.277,85.2205,0.5439024390243903,1.7,17157,2019-08-19 11:55:11.352000-04:00,655.0,Illinois,No,None
PSAKUSU,741006,3,2,4,3,32,184.8935,208.7715,0.6875,1.4375,63207,2020-09-18 09:07:33.143000-04:00,17,3,5,62.7450980392157,56.25,70.5882352941177,75.0,410,97.277,85.2205,0.5439024390243903,1.7,17157,2019-08-19 11:55:11.352000-04:00,655.0,Illinois,No,None
PSAKUSU,740761,4,1,5,4,33,112.865,194.191,0.5151515151515151,1.9090909090909092,63207,2020-09-18 09:07:33.143000-04:00,17,3,5,62.7450980392157,56.25,70.5882352941177,75.0,410,97.277,85.2205,0.5439024390243903,1.7,17157,2019-08-19 11:55:11.352000-04:00,655.0,Illinois,No,None
PSAKUSU,740737,3,0,5,4,36,47.324,86.296,0.2222222222222222,2.138888888888889,63207,2020-09-18 09:07:33.143000-04:00,17,3,5,62.7450980392157,56.25,70.5882352941177,75.0,410,97.277,85.2205,0.5439024390243903,1.7,17157,2019-08-19 11:55:11.352000-04:00,655.0,Illinois,No,None
PSAKUSU,737520,5,5,5,5,48,79.6505,83.937,0.8125,1.125,63207,2020-09-18 09:07:33.143000-04:00,17,3,5,62.7450980392157,56.25,70.5882352941177,75.0,410,97.277,85.2205,0.5439024390243903,1.7,17157,2019-08-19 11:55:11.352000-04:00,655.0,Illinois,No,None
PSAKUSU,841654,3,2,0,0,21,71.336,71.348,0.6190476190476191,1.3333333333333333,63207,2020-09-18 09:07:33.143000-04:00,17,3,5,62.7450980392157,56.25,70.5882352941177,75.0,410,97.277,85.2205,0.5439024390243903,1.7,17157,2019-08-19 11:55:11.352000-04:00,655.0,Illinois,No,None
PSAKUSU,841048,3,3,0,0,22,133.031,162.613,0.9090909090909091,1.0,63207,2020-09-18 09:07:33.143000-04:00,17,3,5,62.7450980392157,56.25,70.5882352941177,75.0,410,97.277,85.2205,0.5439024390243903,1.7,17157,2019-08-19 11:55:11.352000-04:00,655.0,Illinois,No,None
PSAKUSU,740798,5,4,5,5,42,152.1565,179.956,0.5714285714285714,1.6666666666666667,63207,2020-09-18 09:07:33.143000-04:00,17,3,5,62.7450980392157,56.25,70.5882352941177,75.0,410,97.277,85.2205,0.5439024390243903,1.7,17157,2019-08-19 11:55:11.352000-04:00,655.0,Illinois,No,None
PSAKUSU,740809,5,3,5,4,63,46.816,60.318,0.42857142857142855,1.9365079365079365,63207,2020-09-18 09:07:33.143000-04:00,17,3,5,62.7450980392157,56.25,70.5882352941177,75.0,410,97.277,85.2205,0.5439024390243903,1.7,17157,2019-08-19 11:55:11.352000-04:00,655.0,Illinois,No,None
PSAKUSU,740787,3,2,5,4,43,93.641,93.644,0.7674418604651163,1.255813953488372,63207,2020-09-18 09:07:33.143000-04:00,17,3,5,62.7450980392157,56.25,70.5882352941177,75.0,410,97.277,85.2205,0.5439024390243903,1.7,17157,2019-08-19 11:55:11.352000-04:00,655.0,Illinois,No,None
PSAKUSU,743104,3,2,5,5,42,136.34,167.398,0.5714285714285714,1.7142857142857142,63208,2020-09-18 09:07:33.144000-04:00,33,3,5,39.3939393939394,66.6666666666667,41.8181818181818,86.9565217391304,529,128.775,89.963,0.6049149338374291,1.6748582230623819,17157,2019-08-19 11:55:11.352000-04:00,655.0,Illinois,No,None
PSAKUSU,743842,3,1,5,5,38,85.881,144.118,0.39473684210526316,1.9473684210526316,63208,2020-09-18 09:07:33.144000-04:00,33,3,5,39.3939393939394,66.6666666666667,41.8181818181818,86.9565217391304,529,128.775,89.963,0.6049149338374291,1.6748582230623819,17157,2019-08-19 11:55:11.352000-04:00,655.0,Illinois,No,None
PSAKUSU,743084,5,5,5,5,45,56.513,58.631,0.8222222222222222,1.2,63208,2020-09-18 09:07:33.144000-04:00,33,3,5,39.3939393939394,66.6666666666667,41.8181818181818,86.9565217391304,529,128.775,89.963,0.6049149338374291,1.6748582230623819,17157,2019-08-19 11:55:11.352000-04:00,655.0,Illinois,No,None
PSAKUSU,743101,4,1,5,5,53,122.338,172.413,0.4339622641509434,1.8113207547169812,63208,2020-09-18 09:07:33.144000-04:00,33,3,5,39.3939393939394,66.6666666666667,41.8181818181818,86.9565217391304,529,128.775,89.963,0.6049149338374291,1.6748582230623819,17157,2019-08-19 11:55:11.352000-04:00,655.0,Illinois,No,None
PSAKUSU,743131,0,0,5,4,20,311.5035,400.7585,0.55,1.55,63208,2020-09-18 09:07:33.144000-04:00,33,3,5,39.3939393939394,66.6666666666667,41.8181818181818,86.9565217391304,529,128.775,89.963,0.6049149338374291,1.6748582230623819,17157,2019-08-19 11:55:11.352000-04:00,655.0,Illinois,No,None
PSAKUSU,743116,5,4,4,4,53,105.189,130.652,0.6226415094339622,1.679245283018868,63208,2020-09-18 09:07:33.144000-04:00,33,3,5,39.3939393939394,66.6666666666667,41.8181818181818,86.9565217391304,529,128.775,89.963,0.6049149338374291,1.6748582230623819,17157,2019-08-19 11:55:11.352000-04:00,655.0,Illinois,No,None
PSAKUSU,743102,3,3,4,4,38,60.446,72.9745,0.7368421052631579,1.236842105263158,63208,2020-09-18 09:07:33.144000-04:00,33,3,5,39.3939393939394,66.6666666666667,41.8181818181818,86.9565217391304,529,128.775,89.963,0.6049149338374291,1.6748582230623819,17157,2019-08-19 11:55:11.352000-04:00,655.0,Illinois,No,None
PSAKUSU,743414,0,0,0,0,0,,,,,63208,2020-09-18 09:07:33.144000-04:00,33,3,5,39.3939393939394,66.6666666666667,41.8181818181818,86.9565217391304,529,128.775,89.963,0.6049149338374291,1.6748582230623819,17157,2019-08-19 11:55:11.352000-04:00,655.0,Illinois,No,None
PSAKUSU,743109,4,1,5,2,13,19.844,22.573,0.8461538461538461,1.1538461538461537,63208,2020-09-18 09:07:33.144000-04:00,33,3,5,39.3939393939394,66.6666666666667,41.8181818181818,86.9565217391304,529,128.775,89.963,0.6049149338374291,1.6748582230623819,17157,2019-08-19 11:55:11.352000-04:00,655.0,Illinois,No,None
PSAKUSU,743073,3,2,5,5,43,135.555,237.611,0.5348837209302325,1.6976744186046513,63208,2020-09-18 09:07:33.144000-04:00,33,3,5,39.3939393939394,66.6666666666667,41.8181818181818,86.9565217391304,529,128.775,89.963,0.6049149338374291,1.6748582230623819,17157,2019-08-19 11:55:11.352000-04:00,655.0,Illinois,No,None
PSAKUSU,743434,3,1,5,4,45,28.296,46.225,0.35555555555555557,2.311111111111111,63208,2020-09-18 09:07:33.144000-04:00,33,3,5,39.3939393939394,66.6666666666667,41.8181818181818,86.9565217391304,529,128.775,89.963,0.6049149338374291,1.6748582230623819,17157,2019-08-19 11:55:11.352000-04:00,655.0,Illinois,No,None
PSAKUSU,743103,3,3,5,5,42,121.736,126.1665,0.8095238095238095,1.6666666666666667,63208,2020-09-18 09:07:33.144000-04:00,33,3,5,39.3939393939394,66.6666666666667,41.8181818181818,86.9565217391304,529,128.775,89.963,0.6049149338374291,1.6748582230623819,17157,2019-08-19 11:55:11.352000-04:00,655.0,Illinois,No,None
PSAKUSU,743156,5,2,5,5,51,44.538,69.344,0.37254901960784315,2.0588235294117645,63208,2020-09-18 09:07:33.144000-04:00,33,3,5,39.3939393939394,66.6666666666667,41.8181818181818,86.9565217391304,529,128.775,89.963,0.6049149338374291,1.6748582230623819,17157,2019-08-19 11:55:11.352000-04:00,655.0,Illinois,No,None
PSAKUSU,772470,4,4,3,2,34,54.1515,57.335,0.7647058823529411,1.2941176470588236,63208,2020-09-18 09:07:33.144000-04:00,33,3,5,39.3939393939394,66.6666666666667,41.8181818181818,86.9565217391304,529,128.775,89.963,0.6049149338374291,1.6748582230623819,17157,2019-08-19 11:55:11.352000-04:00,655.0,Illinois,No,None
PSAKUSU,743106,5,5,5,5,45,72.971,72.982,0.8,1.2666666666666666,63208,2020-09-18 09:07:33.144000-04:00,33,3,5,39.3939393939394,66.6666666666667,41.8181818181818,86.9565217391304,529,128.775,89.963,0.6049149338374291,1.6748582230623819,17157,2019-08-19 11:55:11.352000-04:00,655.0,Illinois,No,None
PSAKUSU,766332,0,0,0,0,0,,,,,63230,2020-09-18 09:44:02.919000-04:00,28,0,0,0.0,0.0,0.0,0.0,0,,,,,114713,2020-03-13 14:16:00.571000-04:00,1415.0,New Hampshire,No,None
PSAKUSU,178977,7,2,0,0,48,33.9435,121.743,0.2916666666666667,1.9791666666666667,63230,2020-09-18 09:44:02.919000-04:00,28,0,0,0.0,0.0,0.0,0.0,0,,,,,114713,2020-03-13 14:16:00.571000-04:00,1415.0,New Hampshire,No,None
PSAKUSU,764497,0,0,0,0,0,,,,,63230,2020-09-18 09:44:02.919000-04:00,28,0,0,0.0,0.0,0.0,0.0,0,,,,,114713,2020-03-13 14:16:00.571000-04:00,1415.0,New Hampshire,No,None
PSAKUSU,765635,0,0,0,0,0,,,,,63230,2020-09-18 09:44:02.919000-04:00,28,0,0,0.0,0.0,0.0,0.0,0,,,,,114713,2020-03-13 14:16:00.571000-04:00,1415.0,New Hampshire,No,None
PSAKUSU,765744,0,0,0,0,0,,,,,63230,2020-09-18 09:44:02.919000-04:00,28,0,0,0.0,0.0,0.0,0.0,0,,,,,114713,2020-03-13 14:16:00.571000-04:00,1415.0,New Hampshire,No,None
PSAKUSU,766252,0,0,0,0,0,,,,,63230,2020-09-18 09:44:02.919000-04:00,28,0,0,0.0,0.0,0.0,0.0,0,,,,,114713,2020-03-13 14:16:00.571000-04:00,1415.0,New Hampshire,No,None
PSAKUSU,766255,0,0,0,0,0,,,,,63230,2020-09-18 09:44:02.919000-04:00,28,0,0,0.0,0.0,0.0,0.0,0,,,,,114713,2020-03-13 14:16:00.571000-04:00,1415.0,New Hampshire,No,None
PSAKUSU,766258,0,0,0,0,0,,,,,63230,2020-09-18 09:44:02.919000-04:00,28,0,0,0.0,0.0,0.0,0.0,0,,,,,114713,2020-03-13 14:16:00.571000-04:00,1415.0,New Hampshire,No,None
PSAKUSU,766263,0,0,0,0,0,,,,,63230,2020-09-18 09:44:02.919000-04:00,28,0,0,0.0,0.0,0.0,0.0,0,,,,,114713,2020-03-13 14:16:00.571000-04:00,1415.0,New Hampshire,No,None
PSAKUSU,766293,0,0,0,0,0,,,,,63230,2020-09-18 09:44:02.919000-04:00,28,0,0,0.0,0.0,0.0,0.0,0,,,,,114713,2020-03-13 14:16:00.571000-04:00,1415.0,New Hampshire,No,None
PSAKUSU,766377,0,0,0,0,0,,,,,63230,2020-09-18 09:44:02.919000-04:00,28,0,0,0.0,0.0,0.0,0.0,0,,,,,114713,2020-03-13 14:16:00.571000-04:00,1415.0,New Hampshire,No,None
PSAKUSU,766379,0,0,0,0,0,,,,,63230,2020-09-18 09:44:02.919000-04:00,28,0,0,0.0,0.0,0.0,0.0,0,,,,,114713,2020-03-13 14:16:00.571000-04:00,1415.0,New Hampshire,No,None
PSAKUSU,766380,0,0,0,0,0,,,,,63230,2020-09-18 09:44:02.919000-04:00,28,0,0,0.0,0.0,0.0,0.0,0,,,,,114713,2020-03-13 14:16:00.571000-04:00,1415.0,New Hampshire,No,None
PSAKUSU,766381,0,0,0,0,0,,,,,63230,2020-09-18 09:44:02.919000-04:00,28,0,0,0.0,0.0,0.0,0.0,0,,,,,114713,2020-03-13 14:16:00.571000-04:00,1415.0,New Hampshire,No,None
PSAKUSU,766382,0,0,0,0,0,,,,,63230,2020-09-18 09:44:02.919000-04:00,28,0,0,0.0,0.0,0.0,0.0,0,,,,,114713,2020-03-13 14:16:00.571000-04:00,1415.0,New Hampshire,No,None
PSAKUSU,766383,0,0,0,0,0,,,,,63230,2020-09-18 09:44:02.919000-04:00,28,0,0,0.0,0.0,0.0,0.0,0,,,,,114713,2020-03-13 14:16:00.571000-04:00,1415.0,New Hampshire,No,None
PSAKUSU,766853,0,0,0,0,0,,,,,63230,2020-09-18 09:44:02.919000-04:00,28,0,0,0.0,0.0,0.0,0.0,0,,,,,114713,2020-03-13 14:16:00.571000-04:00,1415.0,New Hampshire,No,None
PSAKUSU,767560,0,0,0,0,0,,,,,63230,2020-09-18 09:44:02.919000-04:00,28,0,0,0.0,0.0,0.0,0.0,0,,,,,114713,2020-03-13 14:16:00.571000-04:00,1415.0,New Hampshire,No,None
PSAKUSU,767778,0,0,0,0,0,,,,,63230,2020-09-18 09:44:02.919000-04:00,28,0,0,0.0,0.0,0.0,0.0,0,,,,,114713,2020-03-13 14:16:00.571000-04:00,1415.0,New Hampshire,No,None
PSAKUSU,767834,0,0,0,0,0,,,,,63230,2020-09-18 09:44:02.919000-04:00,28,0,0,0.0,0.0,0.0,0.0,0,,,,,114713,2020-03-13 14:16:00.571000-04:00,1415.0,New Hampshire,No,None
PSAKUSU,767960,0,0,0,0,0,,,,,63230,2020-09-18 09:44:02.919000-04:00,28,0,0,0.0,0.0,0.0,0.0,0,,,,,114713,2020-03-13 14:16:00.571000-04:00,1415.0,New Hampshire,No,None
PSAKUSU,767964,0,0,0,0,0,,,,,63230,2020-09-18 09:44:02.919000-04:00,28,0,0,0.0,0.0,0.0,0.0,0,,,,,114713,2020-03-13 14:16:00.571000-04:00,1415.0,New Hampshire,No,None
PSAKUSU,768002,0,0,0,0,0,,,,,63230,2020-09-18 09:44:02.919000-04:00,28,0,0,0.0,0.0,0.0,0.0,0,,,,,114713,2020-03-13 14:16:00.571000-04:00,1415.0,New Hampshire,No,None
PSAKUSU,768003,0,0,0,0,0,,,,,63230,2020-09-18 09:44:02.919000-04:00,28,0,0,0.0,0.0,0.0,0.0,0,,,,,114713,2020-03-13 14:16:00.571000-04:00,1415.0,New Hampshire,No,None
PSAKUSU,768004,0,0,0,0,0,,,,,63230,2020-09-18 09:44:02.919000-04:00,28,0,0,0.0,0.0,0.0,0.0,0,,,,,114713,2020-03-13 14:16:00.571000-04:00,1415.0,New Hampshire,No,None
PSAKUSU,768016,0,0,0,0,0,,,,,63230,2020-09-18 09:44:02.919000-04:00,28,0,0,0.0,0.0,0.0,0.0,0,,,,,114713,2020-03-13 14:16:00.571000-04:00,1415.0,New Hampshire,No,None
PSAKUSU,774059,0,0,0,0,0,,,,,63230,2020-09-18 09:44:02.919000-04:00,28,0,0,0.0,0.0,0.0,0.0,0,,,,,114713,2020-03-13 14:16:00.571000-04:00,1415.0,New Hampshire,No,None
PSAKUSU,109311,5,5,8,8,78,20.0315,28.659,0.704225352112676,1.3461538461538463,65080,2020-09-22 08:17:22.155000-04:00,36,0,5,0.0,0.0,95.5555555555556,96.5116279069768,1285,37.912,29.461,0.6789667896678967,1.3665369649805448,10088,2019-06-19 13:16:14.166000-04:00,955.0,Massachusetts,Yes,None
PSAKUSU,159325,2,2,8,8,91,46.008,53.749,0.6708860759493671,1.3956043956043955,65080,2020-09-22 08:17:22.155000-04:00,36,0,5,0.0,0.0,95.5555555555556,96.5116279069768,1285,37.912,29.461,0.6789667896678967,1.3665369649805448,10088,2019-06-19 13:16:14.166000-04:00,955.0,Massachusetts,Yes,None
PSAKUSU,252069,2,2,8,6,60,19.289,35.3435,0.5172413793103449,1.8,65080,2020-09-22 08:17:22.155000-04:00,36,0,5,0.0,0.0,95.5555555555556,96.5116279069768,1285,37.912,29.461,0.6789667896678967,1.3665369649805448,10088,2019-06-19 13:16:14.166000-04:00,955.0,Massachusetts,Yes,None
PSAKUSU,253689,1,1,8,7,58,29.261,34.7375,0.8653846153846154,1.2413793103448276,65080,2020-09-22 08:17:22.155000-04:00,36,0,5,0.0,0.0,95.5555555555556,96.5116279069768,1285,37.912,29.461,0.6789667896678967,1.3665369649805448,10088,2019-06-19 13:16:14.166000-04:00,955.0,Massachusetts,Yes,None
PSAKUSU,253801,3,3,8,8,73,31.217,37.861,0.7692307692307693,1.6164383561643836,65080,2020-09-22 08:17:22.155000-04:00,36,0,5,0.0,0.0,95.5555555555556,96.5116279069768,1285,37.912,29.461,0.6789667896678967,1.3665369649805448,10088,2019-06-19 13:16:14.166000-04:00,955.0,Massachusetts,Yes,None
PSAKUSU,254695,3,3,8,8,72,16.4295,18.851,0.71875,1.375,65080,2020-09-22 08:17:22.155000-04:00,36,0,5,0.0,0.0,95.5555555555556,96.5116279069768,1285,37.912,29.461,0.6789667896678967,1.3665369649805448,10088,2019-06-19 13:16:14.166000-04:00,955.0,Massachusetts,Yes,None
PSAKUSU,255089,2,2,8,8,71,38.787,46.424,0.671875,1.408450704225352,65080,2020-09-22 08:17:22.155000-04:00,36,0,5,0.0,0.0,95.5555555555556,96.5116279069768,1285,37.912,29.461,0.6789667896678967,1.3665369649805448,10088,2019-06-19 13:16:14.166000-04:00,955.0,Massachusetts,Yes,None
PSAKUSU,258614,2,2,8,8,66,29.641,38.008,0.7966101694915254,1.6515151515151516,65080,2020-09-22 08:17:22.155000-04:00,36,0,5,0.0,0.0,95.5555555555556,96.5116279069768,1285,37.912,29.461,0.6789667896678967,1.3665369649805448,10088,2019-06-19 13:16:14.166000-04:00,955.0,Massachusetts,Yes,None
PSAKUSU,258783,2,1,7,7,55,43.205,51.789,0.7142857142857143,1.3636363636363635,65080,2020-09-22 08:17:22.155000-04:00,36,0,5,0.0,0.0,95.5555555555556,96.5116279069768,1285,37.912,29.461,0.6789667896678967,1.3665369649805448,10088,2019-06-19 13:16:14.166000-04:00,955.0,Massachusetts,Yes,None
PSAKUSU,264043,2,1,8,6,51,24.758,27.951,0.4888888888888889,1.5294117647058825,65080,2020-09-22 08:17:22.155000-04:00,36,0,5,0.0,0.0,95.5555555555556,96.5116279069768,1285,37.912,29.461,0.6789667896678967,1.3665369649805448,10088,2019-06-19 13:16:14.166000-04:00,955.0,Massachusetts,Yes,None
PSAKUSU,777351,0,0,5,5,41,32.435,44.099,0.45714285714285713,1.7804878048780488,65080,2020-09-22 08:17:22.155000-04:00,36,0,5,0.0,0.0,95.5555555555556,96.5116279069768,1285,37.912,29.461,0.6789667896678967,1.3665369649805448,10088,2019-06-19 13:16:14.166000-04:00,955.0,Massachusetts,Yes,None
PSAKUSU,778274,0,0,4,3,25,19.715,24.923,0.42105263157894735,1.48,65080,2020-09-22 08:17:22.155000-04:00,36,0,5,0.0,0.0,95.5555555555556,96.5116279069768,1285,37.912,29.461,0.6789667896678967,1.3665369649805448,10088,2019-06-19 13:16:14.166000-04:00,955.0,Massachusetts,Yes,None
PSAKUSU,109315,5,5,8,8,77,24.93,33.864,0.7142857142857143,1.3896103896103895,65080,2020-09-22 08:17:22.155000-04:00,36,0,5,0.0,0.0,95.5555555555556,96.5116279069768,1285,37.912,29.461,0.6789667896678967,1.3665369649805448,10088,2019-06-19 13:16:14.166000-04:00,955.0,Massachusetts,Yes,None
PSAKUSU,153687,2,2,9,9,91,46.649,65.573,0.7721518987341772,1.2747252747252746,65080,2020-09-22 08:17:22.155000-04:00,36,0,5,0.0,0.0,95.5555555555556,96.5116279069768,1285,37.912,29.461,0.6789667896678967,1.3665369649805448,10088,2019-06-19 13:16:14.166000-04:00,955.0,Massachusetts,Yes,None
PSAKUSU,150205,5,5,12,10,110,41.786,53.316,0.6428571428571429,1.6090909090909091,65080,2020-09-22 08:17:22.155000-04:00,36,0,5,0.0,0.0,95.5555555555556,96.5116279069768,1285,37.912,29.461,0.6789667896678967,1.3665369649805448,10088,2019-06-19 13:16:14.166000-04:00,955.0,Massachusetts,Yes,None
PSAKUSU,145355,1,1,8,8,65,34.49,43.177,0.7192982456140351,1.2923076923076924,65080,2020-09-22 08:17:22.155000-04:00,36,0,5,0.0,0.0,95.5555555555556,96.5116279069768,1285,37.912,29.461,0.6789667896678967,1.3665369649805448,10088,2019-06-19 13:16:14.166000-04:00,955.0,Massachusetts,Yes,None
PSAKUSU,122084,2,1,7,7,69,43.042,63.291,0.5573770491803278,1.8115942028985508,65080,2020-09-22 08:17:22.155000-04:00,36,0,5,0.0,0.0,95.5555555555556,96.5116279069768,1285,37.912,29.461,0.6789667896678967,1.3665369649805448,10088,2019-06-19 13:16:14.166000-04:00,955.0,Massachusetts,Yes,None
PSAKUSU,114015,2,2,8,8,67,31.282,35.11,0.864406779661017,1.1940298507462688,65080,2020-09-22 08:17:22.155000-04:00,36,0,5,0.0,0.0,95.5555555555556,96.5116279069768,1285,37.912,29.461,0.6789667896678967,1.3665369649805448,10088,2019-06-19 13:16:14.166000-04:00,955.0,Massachusetts,Yes,None
PSAKUSU,113600,2,2,6,6,49,32.701,42.646,0.6976744186046512,1.2244897959183674,65080,2020-09-22 08:17:22.155000-04:00,36,0,5,0.0,0.0,95.5555555555556,96.5116279069768,1285,37.912,29.461,0.6789667896678967,1.3665369649805448,10088,2019-06-19 13:16:14.166000-04:00,955.0,Massachusetts,Yes,None
PSAKUSU,109555,5,3,14,13,120,67.035,79.0885,0.6476190476190476,1.3083333333333333,65080,2020-09-22 08:17:22.155000-04:00,36,0,5,0.0,0.0,95.5555555555556,96.5116279069768,1285,37.912,29.461,0.6789667896678967,1.3665369649805448,10088,2019-06-19 13:16:14.166000-04:00,955.0,Massachusetts,Yes,None
PSAKUSU,109550,8,3,8,7,89,30.504,44.56,0.475,1.9101123595505618,65080,2020-09-22 08:17:22.155000-04:00,36,0,5,0.0,0.0,95.5555555555556,96.5116279069768,1285,37.912,29.461,0.6789667896678967,1.3665369649805448,10088,2019-06-19 13:16:14.166000-04:00,955.0,Massachusetts,Yes,None
PSAKUSU,109489,4,4,8,7,78,21.0665,32.7365,0.5352112676056338,1.5512820512820513,65080,2020-09-22 08:17:22.155000-04:00,36,0,5,0.0,0.0,95.5555555555556,96.5116279069768,1285,37.912,29.461,0.6789667896678967,1.3665369649805448,10088,2019-06-19 13:16:14.166000-04:00,955.0,Massachusetts,Yes,None
PSAKUSU,109399,5,5,8,8,79,20.771,24.837,0.7222222222222222,1.4177215189873418,65080,2020-09-22 08:17:22.155000-04:00,36,0,5,0.0,0.0,95.5555555555556,96.5116279069768,1285,37.912,29.461,0.6789667896678967,1.3665369649805448,10088,2019-06-19 13:16:14.166000-04:00,955.0,Massachusetts,Yes,None
PSAKUSU,109397,5,5,7,6,65,21.949,22.676,0.7796610169491526,1.2307692307692308,65080,2020-09-22 08:17:22.155000-04:00,36,0,5,0.0,0.0,95.5555555555556,96.5116279069768,1285,37.912,29.461,0.6789667896678967,1.3665369649805448,10088,2019-06-19 13:16:14.166000-04:00,955.0,Massachusetts,Yes,None
PSAKUSU,109396,5,5,8,6,68,26.354,30.956,0.6612903225806451,1.7205882352941175,65080,2020-09-22 08:17:22.155000-04:00,36,0,5,0.0,0.0,95.5555555555556,96.5116279069768,1285,37.912,29.461,0.6789667896678967,1.3665369649805448,10088,2019-06-19 13:16:14.166000-04:00,955.0,Massachusetts,Yes,None
PSAKUSU,109391,5,5,8,8,76,16.947,19.5415,0.782608695652174,1.3026315789473684,65080,2020-09-22 08:17:22.155000-04:00,36,0,5,0.0,0.0,95.5555555555556,96.5116279069768,1285,37.912,29.461,0.6789667896678967,1.3665369649805448,10088,2019-06-19 13:16:14.166000-04:00,955.0,Massachusetts,Yes,None
PSAKUSU,349351,1,0,6,5,37,95.459,107.299,0.7741935483870968,1.2162162162162162,65080,2020-09-22 08:17:22.155000-04:00,36,0,5,0.0,0.0,95.5555555555556,96.5116279069768,1285,37.912,29.461,0.6789667896678967,1.3665369649805448,10088,2019-06-19 13:16:14.166000-04:00,955.0,Massachusetts,Yes,None
PSAKUSU,335506,3,3,7,7,62,29.2555,34.5755,0.6607142857142857,1.4193548387096775,65080,2020-09-22 08:17:22.155000-04:00,36,0,5,0.0,0.0,95.5555555555556,96.5116279069768,1285,37.912,29.461,0.6789667896678967,1.3665369649805448,10088,2019-06-19 13:16:14.166000-04:00,955.0,Massachusetts,Yes,None
PSAKUSU,285085,3,3,8,8,71,17.2,19.707,0.8253968253968254,1.23943661971831,65080,2020-09-22 08:17:22.155000-04:00,36,0,5,0.0,0.0,95.5555555555556,96.5116279069768,1285,37.912,29.461,0.6789667896678967,1.3665369649805448,10088,2019-06-19 13:16:14.166000-04:00,955.0,Massachusetts,Yes,None
PSAKUSU,383065,1,1,6,6,54,28.4415,29.8045,0.7608695652173914,1.2592592592592593,65080,2020-09-22 08:17:22.155000-04:00,36,0,5,0.0,0.0,95.5555555555556,96.5116279069768,1285,37.912,29.461,0.6789667896678967,1.3665369649805448,10088,2019-06-19 13:16:14.166000-04:00,955.0,Massachusetts,Yes,None
PSAKUSU,109232,8,6,8,8,108,21.4455,24.538,0.69,1.3888888888888888,65080,2020-09-22 08:17:22.155000-04:00,36,0,5,0.0,0.0,95.5555555555556,96.5116279069768,1285,37.912,29.461,0.6789667896678967,1.3665369649805448,10088,2019-06-19 13:16:14.166000-04:00,955.0,Massachusetts,Yes,None
PSAKUSU,109257,7,7,14,14,140,47.8815,54.032,0.7540983606557377,1.3071428571428572,65080,2020-09-22 08:17:22.155000-04:00,36,0,5,0.0,0.0,95.5555555555556,96.5116279069768,1285,37.912,29.461,0.6789667896678967,1.3665369649805448,10088,2019-06-19 13:16:14.166000-04:00,955.0,Massachusetts,Yes,None
PSAKUSU,109258,11,9,12,10,130,20.1255,29.268,0.6166666666666667,1.5307692307692309,65080,2020-09-22 08:17:22.155000-04:00,36,0,5,0.0,0.0,95.5555555555556,96.5116279069768,1285,37.912,29.461,0.6789667896678967,1.3665369649805448,10088,2019-06-19 13:16:14.166000-04:00,955.0,Massachusetts,Yes,None
PSAKUSU,109317,5,5,8,8,76,30.996,35.4305,0.8695652173913043,1.1842105263157896,65080,2020-09-22 08:17:22.155000-04:00,36,0,5,0.0,0.0,95.5555555555556,96.5116279069768,1285,37.912,29.461,0.6789667896678967,1.3665369649805448,10088,2019-06-19 13:16:14.166000-04:00,955.0,Massachusetts,Yes,None
PSAKUSU,794983,0,0,0,0,0,,,,,66280,2020-09-24 09:25:17.144000-04:00,15,0,0,0.0,0.0,0.0,0.0,0,,,,,401288,2020-07-29 11:47:03.098000-04:00,1408.0,New Hampshire,No,None
PSAKUSU,794984,0,0,0,0,0,,,,,66280,2020-09-24 09:25:17.144000-04:00,15,0,0,0.0,0.0,0.0,0.0,0,,,,,401288,2020-07-29 11:47:03.098000-04:00,1408.0,New Hampshire,No,None
PSAKUSU,794987,0,0,0,0,0,,,,,66280,2020-09-24 09:25:17.144000-04:00,15,0,0,0.0,0.0,0.0,0.0,0,,,,,401288,2020-07-29 11:47:03.098000-04:00,1408.0,New Hampshire,No,None
PSAKUSU,795000,0,0,0,0,0,,,,,66280,2020-09-24 09:25:17.144000-04:00,15,0,0,0.0,0.0,0.0,0.0,0,,,,,401288,2020-07-29 11:47:03.098000-04:00,1408.0,New Hampshire,No,None
PSAKUSU,845103,0,0,0,0,0,,,,,66280,2020-09-24 09:25:17.144000-04:00,15,0,0,0.0,0.0,0.0,0.0,0,,,,,401288,2020-07-29 11:47:03.098000-04:00,1408.0,New Hampshire,No,None
PSAKUSU,833494,1,1,0,0,5,54.654,54.662,0.8,1.2,66280,2020-09-24 09:25:17.144000-04:00,15,0,0,0.0,0.0,0.0,0.0,0,,,,,401288,2020-07-29 11:47:03.098000-04:00,1408.0,New Hampshire,No,None
PSAKUSU,795103,0,0,0,0,0,,,,,66280,2020-09-24 09:25:17.144000-04:00,15,0,0,0.0,0.0,0.0,0.0,0,,,,,401288,2020-07-29 11:47:03.098000-04:00,1408.0,New Hampshire,No,None
PSAKUSU,795014,0,0,0,0,0,,,,,66280,2020-09-24 09:25:17.144000-04:00,15,0,0,0.0,0.0,0.0,0.0,0,,,,,401288,2020-07-29 11:47:03.098000-04:00,1408.0,New Hampshire,No,None
PSAKUSU,795009,0,0,0,0,0,,,,,66280,2020-09-24 09:25:17.144000-04:00,15,0,0,0.0,0.0,0.0,0.0,0,,,,,401288,2020-07-29 11:47:03.098000-04:00,1408.0,New Hampshire,No,None
PSAKUSU,795004,0,0,0,0,0,,,,,66280,2020-09-24 09:25:17.144000-04:00,15,0,0,0.0,0.0,0.0,0.0,0,,,,,401288,2020-07-29 11:47:03.098000-04:00,1408.0,New Hampshire,No,None
PSAKUSU,800750,2,2,0,0,13,23.101,30.97,0.6153846153846154,2.0,66280,2020-09-24 09:25:17.144000-04:00,15,0,0,0.0,0.0,0.0,0.0,0,,,,,401288,2020-07-29 11:47:03.098000-04:00,1408.0,New Hampshire,No,None
PSAKUSU,794981,0,0,0,0,0,,,,,66280,2020-09-24 09:25:17.144000-04:00,15,0,0,0.0,0.0,0.0,0.0,0,,,,,401288,2020-07-29 11:47:03.098000-04:00,1408.0,New Hampshire,No,None
PSAKUSU,789014,0,0,0,0,0,,,,,66281,2020-09-24 09:25:17.145000-04:00,11,0,0,0.0,0.0,0.0,0.0,0,,,,,401288,2020-07-29 11:47:03.098000-04:00,1408.0,New Hampshire,No,None
PSAKUSU,789020,0,0,0,0,0,,,,,66281,2020-09-24 09:25:17.145000-04:00,11,0,0,0.0,0.0,0.0,0.0,0,,,,,401288,2020-07-29 11:47:03.098000-04:00,1408.0,New Hampshire,No,None
PSAKUSU,788979,0,0,0,0,0,,,,,66281,2020-09-24 09:25:17.145000-04:00,11,0,0,0.0,0.0,0.0,0.0,0,,,,,401288,2020-07-29 11:47:03.098000-04:00,1408.0,New Hampshire,No,None
PSAKUSU,789043,0,0,0,0,0,,,,,66281,2020-09-24 09:25:17.145000-04:00,11,0,0,0.0,0.0,0.0,0.0,0,,,,,401288,2020-07-29 11:47:03.098000-04:00,1408.0,New Hampshire,No,None
PSAKUSU,789005,0,0,0,0,0,,,,,66281,2020-09-24 09:25:17.145000-04:00,11,0,0,0.0,0.0,0.0,0.0,0,,,,,401288,2020-07-29 11:47:03.098000-04:00,1408.0,New Hampshire,No,None
PSAKUSU,803944,0,0,0,0,0,,,,,66281,2020-09-24 09:25:17.145000-04:00,11,0,0,0.0,0.0,0.0,0.0,0,,,,,401288,2020-07-29 11:47:03.098000-04:00,1408.0,New Hampshire,No,None
PSAKUSU,788981,0,0,0,0,0,,,,,66281,2020-09-24 09:25:17.145000-04:00,11,0,0,0.0,0.0,0.0,0.0,0,,,,,401288,2020-07-29 11:47:03.098000-04:00,1408.0,New Hampshire,No,None
PSAKUSU,788997,0,0,0,0,0,,,,,66281,2020-09-24 09:25:17.145000-04:00,11,0,0,0.0,0.0,0.0,0.0,0,,,,,401288,2020-07-29 11:47:03.098000-04:00,1408.0,New Hampshire,No,None
PSAKUSU,784872,0,0,0,0,0,,,,,66323,2020-09-24 10:38:55.718000-04:00,9,0,0,0.0,0.0,0.0,0.0,0,,,,,401824,2020-07-30 12:51:08.260000-04:00,1408.0,New Hampshire,No,None
PSAKUSU,784842,0,0,0,0,0,,,,,66323,2020-09-24 10:38:55.718000-04:00,9,0,0,0.0,0.0,0.0,0.0,0,,,,,401824,2020-07-30 12:51:08.260000-04:00,1408.0,New Hampshire,No,None
PSAKUSU,784875,0,0,0,0,0,,,,,66323,2020-09-24 10:38:55.718000-04:00,9,0,0,0.0,0.0,0.0,0.0,0,,,,,401824,2020-07-30 12:51:08.260000-04:00,1408.0,New Hampshire,No,None
PSAKUSU,784839,0,0,0,0,0,,,,,66323,2020-09-24 10:38:55.718000-04:00,9,0,0,0.0,0.0,0.0,0.0,0,,,,,401824,2020-07-30 12:51:08.260000-04:00,1408.0,New Hampshire,No,None
PSAKUSU,784861,0,0,0,0,0,,,,,66323,2020-09-24 10:38:55.718000-04:00,9,0,0,0.0,0.0,0.0,0.0,0,,,,,401824,2020-07-30 12:51:08.260000-04:00,1408.0,New Hampshire,No,None
PSAKUSU,800777,0,0,0,0,0,,,,,66323,2020-09-24 10:38:55.718000-04:00,9,0,0,0.0,0.0,0.0,0.0,0,,,,,401824,2020-07-30 12:51:08.260000-04:00,1408.0,New Hampshire,No,None
PSAKUSU,784862,0,0,0,0,0,,,,,66323,2020-09-24 10:38:55.718000-04:00,9,0,0,0.0,0.0,0.0,0.0,0,,,,,401824,2020-07-30 12:51:08.260000-04:00,1408.0,New Hampshire,No,None
PSAKUSU,789038,0,0,0,0,0,,,,,66324,2020-09-24 10:38:55.719000-04:00,14,0,0,0.0,0.0,0.0,0.0,0,,,,,401824,2020-07-30 12:51:08.260000-04:00,1408.0,New Hampshire,No,None
PSAKUSU,789023,0,0,0,0,0,,,,,66324,2020-09-24 10:38:55.719000-04:00,14,0,0,0.0,0.0,0.0,0.0,0,,,,,401824,2020-07-30 12:51:08.260000-04:00,1408.0,New Hampshire,No,None
PSAKUSU,788978,0,0,0,0,0,,,,,66324,2020-09-24 10:38:55.719000-04:00,14,0,0,0.0,0.0,0.0,0.0,0,,,,,401824,2020-07-30 12:51:08.260000-04:00,1408.0,New Hampshire,No,None
PSAKUSU,788977,0,0,0,0,0,,,,,66324,2020-09-24 10:38:55.719000-04:00,14,0,0,0.0,0.0,0.0,0.0,0,,,,,401824,2020-07-30 12:51:08.260000-04:00,1408.0,New Hampshire,No,None
PSAKUSU,789161,0,0,0,0,0,,,,,66324,2020-09-24 10:38:55.719000-04:00,14,0,0,0.0,0.0,0.0,0.0,0,,,,,401824,2020-07-30 12:51:08.260000-04:00,1408.0,New Hampshire,No,None
PSAKUSU,789095,0,0,0,0,0,,,,,66324,2020-09-24 10:38:55.719000-04:00,14,0,0,0.0,0.0,0.0,0.0,0,,,,,401824,2020-07-30 12:51:08.260000-04:00,1408.0,New Hampshire,No,None
PSAKUSU,789061,0,0,0,0,0,,,,,66324,2020-09-24 10:38:55.719000-04:00,14,0,0,0.0,0.0,0.0,0.0,0,,,,,401824,2020-07-30 12:51:08.260000-04:00,1408.0,New Hampshire,No,None
PSAKUSU,786958,0,0,0,0,0,,,,,66332,2020-09-24 10:44:46.959000-04:00,17,0,0,0.0,0.0,0.0,0.0,0,,,,,404839,2020-08-05 09:32:47.635000-04:00,1408.0,New Hampshire,No,None
PSAKUSU,786757,0,0,0,0,0,,,,,66332,2020-09-24 10:44:46.959000-04:00,17,0,0,0.0,0.0,0.0,0.0,0,,,,,404839,2020-08-05 09:32:47.635000-04:00,1408.0,New Hampshire,No,None
PSAKUSU,786754,0,0,0,0,0,,,,,66332,2020-09-24 10:44:46.959000-04:00,17,0,0,0.0,0.0,0.0,0.0,0,,,,,404839,2020-08-05 09:32:47.635000-04:00,1408.0,New Hampshire,No,None
PSAKUSU,786750,0,0,0,0,0,,,,,66332,2020-09-24 10:44:46.959000-04:00,17,0,0,0.0,0.0,0.0,0.0,0,,,,,404839,2020-08-05 09:32:47.635000-04:00,1408.0,New Hampshire,No,None
PSAKUSU,786786,0,0,0,0,0,,,,,66332,2020-09-24 10:44:46.959000-04:00,17,0,0,0.0,0.0,0.0,0.0,0,,,,,404839,2020-08-05 09:32:47.635000-04:00,1408.0,New Hampshire,No,None
PSAKUSU,786796,0,0,0,0,0,,,,,66332,2020-09-24 10:44:46.959000-04:00,17,0,0,0.0,0.0,0.0,0.0,0,,,,,404839,2020-08-05 09:32:47.635000-04:00,1408.0,New Hampshire,No,None
PSAKUSU,786749,0,0,0,0,0,,,,,66332,2020-09-24 10:44:46.959000-04:00,17,0,0,0.0,0.0,0.0,0.0,0,,,,,404839,2020-08-05 09:32:47.635000-04:00,1408.0,New Hampshire,No,None
PSAKUSU,786742,0,0,0,0,0,,,,,66332,2020-09-24 10:44:46.959000-04:00,17,0,0,0.0,0.0,0.0,0.0,0,,,,,404839,2020-08-05 09:32:47.635000-04:00,1408.0,New Hampshire,No,None
PSAKUSU,786707,0,0,0,0,0,,,,,66332,2020-09-24 10:44:46.959000-04:00,17,0,0,0.0,0.0,0.0,0.0,0,,,,,404839,2020-08-05 09:32:47.635000-04:00,1408.0,New Hampshire,No,None
PSAKUSU,802541,0,0,0,0,0,,,,,66332,2020-09-24 10:44:46.959000-04:00,17,0,0,0.0,0.0,0.0,0.0,0,,,,,404839,2020-08-05 09:32:47.635000-04:00,1408.0,New Hampshire,No,None
PSAKUSU,802586,2,2,0,0,16,27.708,29.182,0.625,1.4375,66332,2020-09-24 10:44:46.959000-04:00,17,0,0,0.0,0.0,0.0,0.0,0,,,,,404839,2020-08-05 09:32:47.635000-04:00,1408.0,New Hampshire,No,None
PSAKUSU,802599,0,0,0,0,0,,,,,66332,2020-09-24 10:44:46.959000-04:00,17,0,0,0.0,0.0,0.0,0.0,0,,,,,404839,2020-08-05 09:32:47.635000-04:00,1408.0,New Hampshire,No,None
PSAKUSU,873766,1,1,0,0,5,224.831,224.836,1.0,1.0,66332,2020-09-24 10:44:46.959000-04:00,17,0,0,0.0,0.0,0.0,0.0,0,,,,,404839,2020-08-05 09:32:47.635000-04:00,1408.0,New Hampshire,No,None
PSAKUSU,795543,0,0,0,0,0,,,,,66333,2020-09-24 10:44:46.961000-04:00,20,0,0,0.0,0.0,0.0,0.0,0,,,,,404839,2020-08-05 09:32:47.635000-04:00,1408.0,New Hampshire,No,None
PSAKUSU,809948,3,3,0,0,2,18.527,18.557,1.0,1.0,66333,2020-09-24 10:44:46.961000-04:00,20,0,0,0.0,0.0,0.0,0.0,0,,,,,404839,2020-08-05 09:32:47.635000-04:00,1408.0,New Hampshire,No,None
PSAKUSU,38426,0,0,0,0,0,,,,,66333,2020-09-24 10:44:46.961000-04:00,20,0,0,0.0,0.0,0.0,0.0,0,,,,,404839,2020-08-05 09:32:47.635000-04:00,1408.0,New Hampshire,No,None
PSAKUSU,809986,0,0,0,0,0,,,,,66333,2020-09-24 10:44:46.961000-04:00,20,0,0,0.0,0.0,0.0,0.0,0,,,,,404839,2020-08-05 09:32:47.635000-04:00,1408.0,New Hampshire,No,None
PSAKUSU,52817,0,0,0,0,0,,,,,66333,2020-09-24 10:44:46.961000-04:00,20,0,0,0.0,0.0,0.0,0.0,0,,,,,404839,2020-08-05 09:32:47.635000-04:00,1408.0,New Hampshire,No,None
PSAKUSU,810271,0,0,0,0,0,,,,,66333,2020-09-24 10:44:46.961000-04:00,20,0,0,0.0,0.0,0.0,0.0,0,,,,,404839,2020-08-05 09:32:47.635000-04:00,1408.0,New Hampshire,No,None
PSAKUSU,810314,1,1,0,0,1,18.696,18.711,1.0,1.0,66333,2020-09-24 10:44:46.961000-04:00,20,0,0,0.0,0.0,0.0,0.0,0,,,,,404839,2020-08-05 09:32:47.635000-04:00,1408.0,New Hampshire,No,None
PSAKUSU,810442,0,0,0,0,0,,,,,66333,2020-09-24 10:44:46.961000-04:00,20,0,0,0.0,0.0,0.0,0.0,0,,,,,404839,2020-08-05 09:32:47.635000-04:00,1408.0,New Hampshire,No,None
PSAKUSU,810444,0,0,0,0,0,,,,,66333,2020-09-24 10:44:46.961000-04:00,20,0,0,0.0,0.0,0.0,0.0,0,,,,,404839,2020-08-05 09:32:47.635000-04:00,1408.0,New Hampshire,No,None
PSAKUSU,266447,2,2,8,8,69,29.245,34.247,0.6,1.6956521739130435,67030,2020-09-26 12:48:10.561000-04:00,33,0,6,0.0,0.0,54.5454545454545,97.2222222222222,675,30.292,27.833,0.7746741154562383,1.2459259259259259,10089,2019-06-19 13:20:55.349000-04:00,955.0,Massachusetts,Yes,None
PSAKUSU,109313,5,5,8,8,74,26.849,29.539,0.8208955223880597,1.1756756756756757,67030,2020-09-26 12:48:10.561000-04:00,33,0,6,0.0,0.0,54.5454545454545,97.2222222222222,675,30.292,27.833,0.7746741154562383,1.2459259259259259,10089,2019-06-19 13:20:55.349000-04:00,955.0,Massachusetts,Yes,None
PSAKUSU,147768,3,2,9,9,87,41.327,51.785,0.6933333333333334,1.5402298850574714,67030,2020-09-26 12:48:10.561000-04:00,33,0,6,0.0,0.0,54.5454545454545,97.2222222222222,675,30.292,27.833,0.7746741154562383,1.2459259259259259,10089,2019-06-19 13:20:55.349000-04:00,955.0,Massachusetts,Yes,None
PSAKUSU,127587,2,1,9,7,52,19.772,23.1425,0.6739130434782609,1.3653846153846154,67030,2020-09-26 12:48:10.561000-04:00,33,0,6,0.0,0.0,54.5454545454545,97.2222222222222,675,30.292,27.833,0.7746741154562383,1.2459259259259259,10089,2019-06-19 13:20:55.349000-04:00,955.0,Massachusetts,Yes,None
PSAKUSU,275373,1,1,7,7,49,35.98,44.998,0.7142857142857143,1.4489795918367347,67030,2020-09-26 12:48:10.561000-04:00,33,0,6,0.0,0.0,54.5454545454545,97.2222222222222,675,30.292,27.833,0.7746741154562383,1.2459259259259259,10089,2019-06-19 13:20:55.349000-04:00,955.0,Massachusetts,Yes,None
PSAKUSU,113609,1,0,5,5,28,29.0,36.495,0.6521739130434783,1.3571428571428572,67030,2020-09-26 12:48:10.561000-04:00,33,0,6,0.0,0.0,54.5454545454545,97.2222222222222,675,30.292,27.833,0.7746741154562383,1.2459259259259259,10089,2019-06-19 13:20:55.349000-04:00,955.0,Massachusetts,Yes,None
PSAKUSU,109312,5,5,8,8,92,16.2075,21.2035,0.6235294117647059,1.5,67030,2020-09-26 12:48:10.561000-04:00,33,0,6,0.0,0.0,54.5454545454545,97.2222222222222,675,30.292,27.833,0.7746741154562383,1.2459259259259259,10089,2019-06-19 13:20:55.349000-04:00,955.0,Massachusetts,Yes,None
PSAKUSU,113453,2,2,6,5,36,22.958,24.6735,0.625,1.4444444444444444,67030,2020-09-26 12:48:10.561000-04:00,33,0,6,0.0,0.0,54.5454545454545,97.2222222222222,675,30.292,27.833,0.7746741154562383,1.2459259259259259,10089,2019-06-19 13:20:55.349000-04:00,955.0,Massachusetts,Yes,None
PSAKUSU,112269,2,2,8,7,51,17.923,17.993,0.8666666666666667,1.156862745098039,67030,2020-09-26 12:48:10.561000-04:00,33,0,6,0.0,0.0,54.5454545454545,97.2222222222222,675,30.292,27.833,0.7746741154562383,1.2459259259259259,10089,2019-06-19 13:20:55.349000-04:00,955.0,Massachusetts,Yes,None
PSAKUSU,109541,12,7,12,9,104,22.811,26.6745,0.6063829787234043,1.2115384615384615,67030,2020-09-26 12:48:10.561000-04:00,33,0,6,0.0,0.0,54.5454545454545,97.2222222222222,675,30.292,27.833,0.7746741154562383,1.2459259259259259,10089,2019-06-19 13:20:55.349000-04:00,955.0,Massachusetts,Yes,None
PSAKUSU,109408,5,5,9,9,83,23.599,26.138,0.8,1.2289156626506024,67030,2020-09-26 12:48:10.561000-04:00,33,0,6,0.0,0.0,54.5454545454545,97.2222222222222,675,30.292,27.833,0.7746741154562383,1.2459259259259259,10089,2019-06-19 13:20:55.349000-04:00,955.0,Massachusetts,Yes,None
PSAKUSU,109406,5,5,8,8,68,19.7875,22.085,0.8688524590163934,1.2058823529411764,67030,2020-09-26 12:48:10.561000-04:00,33,0,6,0.0,0.0,54.5454545454545,97.2222222222222,675,30.292,27.833,0.7746741154562383,1.2459259259259259,10089,2019-06-19 13:20:55.349000-04:00,955.0,Massachusetts,Yes,None
PSAKUSU,109405,5,5,9,9,79,17.636,20.127,0.7323943661971831,1.7721518987341771,67030,2020-09-26 12:48:10.561000-04:00,33,0,6,0.0,0.0,54.5454545454545,97.2222222222222,675,30.292,27.833,0.7746741154562383,1.2459259259259259,10089,2019-06-19 13:20:55.349000-04:00,955.0,Massachusetts,Yes,None
PSAKUSU,109404,5,5,8,8,69,19.44,21.833,0.7741935483870968,1.6231884057971013,67030,2020-09-26 12:48:10.561000-04:00,33,0,6,0.0,0.0,54.5454545454545,97.2222222222222,675,30.292,27.833,0.7746741154562383,1.2459259259259259,10089,2019-06-19 13:20:55.349000-04:00,955.0,Massachusetts,Yes,None
PSAKUSU,109255,10,8,14,13,142,35.913,45.526,0.632,1.4647887323943662,67030,2020-09-26 12:48:10.561000-04:00,33,0,6,0.0,0.0,54.5454545454545,97.2222222222222,675,30.292,27.833,0.7746741154562383,1.2459259259259259,10089,2019-06-19 13:20:55.349000-04:00,955.0,Massachusetts,Yes,None
PSAKUSU,109310,5,5,8,8,68,23.6305,24.182,0.8688524590163934,1.2794117647058825,67030,2020-09-26 12:48:10.561000-04:00,33,0,6,0.0,0.0,54.5454545454545,97.2222222222222,675,30.292,27.833,0.7746741154562383,1.2459259259259259,10089,2019-06-19 13:20:55.349000-04:00,955.0,Massachusetts,Yes,None
PSAKUSU,109320,5,5,8,8,72,25.7645,30.358,0.8153846153846154,1.2083333333333333,67030,2020-09-26 12:48:10.561000-04:00,33,0,6,0.0,0.0,54.5454545454545,97.2222222222222,675,30.292,27.833,0.7746741154562383,1.2459259259259259,10089,2019-06-19 13:20:55.349000-04:00,955.0,Massachusetts,Yes,None
PSAKUSU,109319,5,5,8,8,71,17.901,20.568,0.765625,1.619718309859155,67030,2020-09-26 12:48:10.561000-04:00,33,0,6,0.0,0.0,54.5454545454545,97.2222222222222,675,30.292,27.833,0.7746741154562383,1.2459259259259259,10089,2019-06-19 13:20:55.349000-04:00,955.0,Massachusetts,Yes,None
PSAKUSU,822520,0,0,5,5,31,17.576,25.238,0.48,1.7096774193548387,67030,2020-09-26 12:48:10.561000-04:00,33,0,6,0.0,0.0,54.5454545454545,97.2222222222222,675,30.292,27.833,0.7746741154562383,1.2459259259259259,10089,2019-06-19 13:20:55.349000-04:00,955.0,Massachusetts,Yes,None
PSAKUSU,822576,0,0,5,5,34,26.391,29.613,0.7142857142857143,1.2647058823529411,67030,2020-09-26 12:48:10.561000-04:00,33,0,6,0.0,0.0,54.5454545454545,97.2222222222222,675,30.292,27.833,0.7746741154562383,1.2459259259259259,10089,2019-06-19 13:20:55.349000-04:00,955.0,Massachusetts,Yes,None
PSAKUSU,349690,0,0,7,5,39,13.112,18.521,0.47058823529411764,1.564102564102564,67030,2020-09-26 12:48:10.561000-04:00,33,0,6,0.0,0.0,54.5454545454545,97.2222222222222,675,30.292,27.833,0.7746741154562383,1.2459259259259259,10089,2019-06-19 13:20:55.349000-04:00,955.0,Massachusetts,Yes,None
PSAKUSU,341566,1,1,8,8,65,23.43,27.514,0.6491228070175439,1.5692307692307692,67030,2020-09-26 12:48:10.561000-04:00,33,0,6,0.0,0.0,54.5454545454545,97.2222222222222,675,30.292,27.833,0.7746741154562383,1.2459259259259259,10089,2019-06-19 13:20:55.349000-04:00,955.0,Massachusetts,Yes,None
PSAKUSU,174782,2,2,10,9,84,52.969,66.431,0.7638888888888888,1.380952380952381,67030,2020-09-26 12:48:10.561000-04:00,33,0,6,0.0,0.0,54.5454545454545,97.2222222222222,675,30.292,27.833,0.7746741154562383,1.2459259259259259,10089,2019-06-19 13:20:55.349000-04:00,955.0,Massachusetts,Yes,None
PSAKUSU,186563,0,0,6,4,25,46.147,56.519,0.3,2.28,67030,2020-09-26 12:48:10.561000-04:00,33,0,6,0.0,0.0,54.5454545454545,97.2222222222222,675,30.292,27.833,0.7746741154562383,1.2459259259259259,10089,2019-06-19 13:20:55.349000-04:00,955.0,Massachusetts,Yes,None
PSAKUSU,109259,10,4,11,7,91,48.617,69.447,0.5569620253164557,1.6153846153846154,67030,2020-09-26 12:48:10.561000-04:00,33,0,6,0.0,0.0,54.5454545454545,97.2222222222222,675,30.292,27.833,0.7746741154562383,1.2459259259259259,10089,2019-06-19 13:20:55.349000-04:00,955.0,Massachusetts,Yes,None
PSAKUSU,252360,2,2,8,6,48,25.004,27.9705,0.7857142857142857,1.3958333333333333,67030,2020-09-26 12:48:10.561000-04:00,33,0,6,0.0,0.0,54.5454545454545,97.2222222222222,675,30.292,27.833,0.7746741154562383,1.2459259259259259,10089,2019-06-19 13:20:55.349000-04:00,955.0,Massachusetts,Yes,None
PSAKUSU,254900,3,3,7,6,56,20.367,22.388,0.7755102040816326,1.2857142857142858,67030,2020-09-26 12:48:10.561000-04:00,33,0,6,0.0,0.0,54.5454545454545,97.2222222222222,675,30.292,27.833,0.7746741154562383,1.2459259259259259,10089,2019-06-19 13:20:55.349000-04:00,955.0,Massachusetts,Yes,None
PSAKUSU,258234,3,3,8,7,54,19.5645,25.618,0.8541666666666666,1.1851851851851851,67030,2020-09-26 12:48:10.561000-04:00,33,0,6,0.0,0.0,54.5454545454545,97.2222222222222,675,30.292,27.833,0.7746741154562383,1.2459259259259259,10089,2019-06-19 13:20:55.349000-04:00,955.0,Massachusetts,Yes,None
PSAKUSU,258555,3,3,8,8,64,23.4975,31.345,0.7017543859649122,1.421875,67030,2020-09-26 12:48:10.561000-04:00,33,0,6,0.0,0.0,54.5454545454545,97.2222222222222,675,30.292,27.833,0.7746741154562383,1.2459259259259259,10089,2019-06-19 13:20:55.349000-04:00,955.0,Massachusetts,Yes,None
PSAKUSU,259667,2,2,8,8,63,26.228,33.057,0.6607142857142857,1.4444444444444444,67030,2020-09-26 12:48:10.561000-04:00,33,0,6,0.0,0.0,54.5454545454545,97.2222222222222,675,30.292,27.833,0.7746741154562383,1.2459259259259259,10089,2019-06-19 13:20:55.349000-04:00,955.0,Massachusetts,Yes,None
PSAKUSU,270619,2,1,9,6,56,36.5455,55.9915,0.68,1.4642857142857142,67030,2020-09-26 12:48:10.561000-04:00,33,0,6,0.0,0.0,54.5454545454545,97.2222222222222,675,30.292,27.833,0.7746741154562383,1.2459259259259259,10089,2019-06-19 13:20:55.349000-04:00,955.0,Massachusetts,Yes,None
PSAKUSU,109316,3,1,8,8,86,20.764,33.095,0.5,1.7209302325581395,67030,2020-09-26 12:48:10.561000-04:00,33,0,6,0.0,0.0,54.5454545454545,97.2222222222222,675,30.292,27.833,0.7746741154562383,1.2459259259259259,10089,2019-06-19 13:20:55.349000-04:00,955.0,Massachusetts,Yes,None
PSAKUSU,835925,1,1,1,1,11,10.021,10.024,0.9090909090909091,1.0909090909090908,67214,2020-09-27 16:54:48.302000-04:00,25,1,0,52.0,84.6153846153846,0.0,0.0,77,17.571,12.822,0.6753246753246753,1.6363636363636365,799994,2020-09-27 14:56:53.646000-04:00,2410.0,Massachusetts,No,None
PSAKUSU,805566,1,1,2,1,20,11.758,12.7315,0.85,1.1,67214,2020-09-27 16:54:48.302000-04:00,25,1,0,52.0,84.6153846153846,0.0,0.0,77,17.571,12.822,0.6753246753246753,1.6363636363636365,799994,2020-09-27 14:56:53.646000-04:00,2410.0,Massachusetts,No,None
PSAKUSU,822534,0,0,0,0,0,,,,,67214,2020-09-27 16:54:48.302000-04:00,25,1,0,52.0,84.6153846153846,0.0,0.0,77,17.571,12.822,0.6753246753246753,1.6363636363636365,799994,2020-09-27 14:56:53.646000-04:00,2410.0,Massachusetts,No,None
PSAKUSU,805584,1,0,0,0,11,5.357,12.182,0.5454545454545454,2.4545454545454546,67214,2020-09-27 16:54:48.302000-04:00,25,1,0,52.0,84.6153846153846,0.0,0.0,77,17.571,12.822,0.6753246753246753,1.6363636363636365,799994,2020-09-27 14:56:53.646000-04:00,2410.0,Massachusetts,No,None
PSAKUSU,805728,1,1,0,0,7,39.502,51.506,0.5714285714285714,1.0,67214,2020-09-27 16:54:48.302000-04:00,25,1,0,52.0,84.6153846153846,0.0,0.0,77,17.571,12.822,0.6753246753246753,1.6363636363636365,799994,2020-09-27 14:56:53.646000-04:00,2410.0,Massachusetts,No,None
PSAKUSU,810672,1,1,0,0,6,15.4505,17.4405,0.6666666666666666,1.3333333333333333,67214,2020-09-27 16:54:48.302000-04:00,25,1,0,52.0,84.6153846153846,0.0,0.0,77,17.571,12.822,0.6753246753246753,1.6363636363636365,799994,2020-09-27 14:56:53.646000-04:00,2410.0,Massachusetts,No,None
PSAKUSU,805540,1,1,0,0,4,19.836,19.8405,0.75,1.75,67214,2020-09-27 16:54:48.302000-04:00,25,1,0,52.0,84.6153846153846,0.0,0.0,77,17.571,12.822,0.6753246753246753,1.6363636363636365,799994,2020-09-27 14:56:53.646000-04:00,2410.0,Massachusetts,No,None
PSAKUSU,805627,1,1,0,0,9,6.7,16.168,0.4444444444444444,1.5555555555555556,67214,2020-09-27 16:54:48.302000-04:00,25,1,0,52.0,84.6153846153846,0.0,0.0,77,17.571,12.822,0.6753246753246753,1.6363636363636365,799994,2020-09-27 14:56:53.646000-04:00,2410.0,Massachusetts,No,None
PSAKUSU,822200,0,0,0,0,0,,,,,67214,2020-09-27 16:54:48.302000-04:00,25,1,0,52.0,84.6153846153846,0.0,0.0,77,17.571,12.822,0.6753246753246753,1.6363636363636365,799994,2020-09-27 14:56:53.646000-04:00,2410.0,Massachusetts,No,None
PSAKUSU,805510,1,1,2,2,26,12.91,16.427,0.8,1.1923076923076923,67214,2020-09-27 16:54:48.302000-04:00,25,1,0,52.0,84.6153846153846,0.0,0.0,77,17.571,12.822,0.6753246753246753,1.6363636363636365,799994,2020-09-27 14:56:53.646000-04:00,2410.0,Massachusetts,No,None
PSAKUSU,805362,1,1,0,0,3,5.877,5.879,1.0,1.0,67214,2020-09-27 16:54:48.302000-04:00,25,1,0,52.0,84.6153846153846,0.0,0.0,77,17.571,12.822,0.6753246753246753,1.6363636363636365,799994,2020-09-27 14:56:53.646000-04:00,2410.0,Massachusetts,No,None
PSAKUSU,805353,1,0,2,2,29,32.625,36.817,0.5357142857142857,1.7586206896551724,67214,2020-09-27 16:54:48.302000-04:00,25,1,0,52.0,84.6153846153846,0.0,0.0,77,17.571,12.822,0.6753246753246753,1.6363636363636365,799994,2020-09-27 14:56:53.646000-04:00,2410.0,Massachusetts,No,None
PSAKUSU,805178,1,1,1,1,12,6.2285,6.233,1.0,1.0,67214,2020-09-27 16:54:48.302000-04:00,25,1,0,52.0,84.6153846153846,0.0,0.0,77,17.571,12.822,0.6753246753246753,1.6363636363636365,799994,2020-09-27 14:56:53.646000-04:00,2410.0,Massachusetts,No,None
PSAKUSU,805906,3,0,1,0,2,458.3855,671.234,0.5,1.5,67608,2020-09-28 13:07:14.804000-04:00,5,6,1,30.0,66.6666666666667,100.0,20.0,55,64.609,55.62,0.7884615384615384,1.4,32690,2019-09-05 19:41:02.002000-04:00,1398.0,New Hampshire,No,None
PSAKUSU,805849,5,4,1,0,26,90.02,115.887,0.88,1.2692307692307692,67608,2020-09-28 13:07:14.804000-04:00,5,6,1,30.0,66.6666666666667,100.0,20.0,55,64.609,55.62,0.7884615384615384,1.4,32690,2019-09-05 19:41:02.002000-04:00,1398.0,New Hampshire,No,None
PSAKUSU,805732,3,3,1,1,28,23.6655,28.402,0.72,1.5,67608,2020-09-28 13:07:14.804000-04:00,5,6,1,30.0,66.6666666666667,100.0,20.0,55,64.609,55.62,0.7884615384615384,1.4,32690,2019-09-05 19:41:02.002000-04:00,1398.0,New Hampshire,No,None
PSAKUSU,825631,0,0,2,2,20,17.775,17.783,1.0,1.0,68354,2020-09-30 10:54:42.367000-04:00,37,0,0,0.0,0.0,0.0,0.0,0,,,,,799994,2020-09-27 14:56:53.646000-04:00,2410.0,Massachusetts,No,None
PSAKUSU,825660,0,0,2,2,20,15.7265,16.7125,0.75,1.1,68354,2020-09-30 10:54:42.367000-04:00,37,0,0,0.0,0.0,0.0,0.0,0,,,,,799994,2020-09-27 14:56:53.646000-04:00,2410.0,Massachusetts,No,None
PSAKUSU,825632,0,0,2,2,20,43.2275,44.2685,0.875,1.25,68354,2020-09-30 10:54:42.367000-04:00,37,0,0,0.0,0.0,0.0,0.0,0,,,,,799994,2020-09-27 14:56:53.646000-04:00,2410.0,Massachusetts,No,None
PSAKUSU,825658,0,0,2,2,20,30.5345,30.539,0.875,1.05,68354,2020-09-30 10:54:42.367000-04:00,37,0,0,0.0,0.0,0.0,0.0,0,,,,,799994,2020-09-27 14:56:53.646000-04:00,2410.0,Massachusetts,No,None
PSAKUSU,825657,0,0,2,2,20,13.883,13.8875,0.875,1.0,68354,2020-09-30 10:54:42.367000-04:00,37,0,0,0.0,0.0,0.0,0.0,0,,,,,799994,2020-09-27 14:56:53.646000-04:00,2410.0,Massachusetts,No,None
PSAKUSU,818767,0,0,0,0,0,,,,,68354,2020-09-30 10:54:42.367000-04:00,37,0,0,0.0,0.0,0.0,0.0,0,,,,,799994,2020-09-27 14:56:53.646000-04:00,2410.0,Massachusetts,No,None
PSAKUSU,818770,0,0,0,0,0,,,,,68354,2020-09-30 10:54:42.367000-04:00,37,0,0,0.0,0.0,0.0,0.0,0,,,,,799994,2020-09-27 14:56:53.646000-04:00,2410.0,Massachusetts,No,None
PSAKUSU,818830,0,0,0,0,0,,,,,68354,2020-09-30 10:54:42.367000-04:00,37,0,0,0.0,0.0,0.0,0.0,0,,,,,799994,2020-09-27 14:56:53.646000-04:00,2410.0,Massachusetts,No,None
PSAKUSU,819279,0,0,0,0,0,,,,,68354,2020-09-30 10:54:42.367000-04:00,37,0,0,0.0,0.0,0.0,0.0,0,,,,,799994,2020-09-27 14:56:53.646000-04:00,2410.0,Massachusetts,No,None
PSAKUSU,819296,0,0,0,0,0,,,,,68354,2020-09-30 10:54:42.367000-04:00,37,0,0,0.0,0.0,0.0,0.0,0,,,,,799994,2020-09-27 14:56:53.646000-04:00,2410.0,Massachusetts,No,None
PSAKUSU,819511,0,0,0,0,0,,,,,68354,2020-09-30 10:54:42.367000-04:00,37,0,0,0.0,0.0,0.0,0.0,0,,,,,799994,2020-09-27 14:56:53.646000-04:00,2410.0,Massachusetts,No,None
PSAKUSU,819660,0,0,0,0,0,,,,,68354,2020-09-30 10:54:42.367000-04:00,37,0,0,0.0,0.0,0.0,0.0,0,,,,,799994,2020-09-27 14:56:53.646000-04:00,2410.0,Massachusetts,No,None
PSAKUSU,819841,0,0,0,0,0,,,,,68354,2020-09-30 10:54:42.367000-04:00,37,0,0,0.0,0.0,0.0,0.0,0,,,,,799994,2020-09-27 14:56:53.646000-04:00,2410.0,Massachusetts,No,None
PSAKUSU,819709,0,0,0,0,0,,,,,68354,2020-09-30 10:54:42.367000-04:00,37,0,0,0.0,0.0,0.0,0.0,0,,,,,799994,2020-09-27 14:56:53.646000-04:00,2410.0,Massachusetts,No,None
PSAKUSU,821966,0,0,0,0,0,,,,,68354,2020-09-30 10:54:42.367000-04:00,37,0,0,0.0,0.0,0.0,0.0,0,,,,,799994,2020-09-27 14:56:53.646000-04:00,2410.0,Massachusetts,No,None
PSAKUSU,825640,0,0,2,2,20,25.8225,27.1325,0.75,1.05,68354,2020-09-30 10:54:42.367000-04:00,37,0,0,0.0,0.0,0.0,0.0,0,,,,,799994,2020-09-27 14:56:53.646000-04:00,2410.0,Massachusetts,No,None
PSAKUSU,825655,0,0,0,0,0,,,,,68354,2020-09-30 10:54:42.367000-04:00,37,0,0,0.0,0.0,0.0,0.0,0,,,,,799994,2020-09-27 14:56:53.646000-04:00,2410.0,Massachusetts,No,None
PSAKUSU,823782,0,0,0,0,0,,,,,68354,2020-09-30 10:54:42.367000-04:00,37,0,0,0.0,0.0,0.0,0.0,0,,,,,799994,2020-09-27 14:56:53.646000-04:00,2410.0,Massachusetts,No,None
PSAKUSU,824879,0,0,0,0,0,,,,,68354,2020-09-30 10:54:42.367000-04:00,37,0,0,0.0,0.0,0.0,0.0,0,,,,,799994,2020-09-27 14:56:53.646000-04:00,2410.0,Massachusetts,No,None
PSAKUSU,829397,0,0,2,1,15,16.926,16.928,0.9090909090909091,1.0666666666666667,68354,2020-09-30 10:54:42.367000-04:00,37,0,0,0.0,0.0,0.0,0.0,0,,,,,799994,2020-09-27 14:56:53.646000-04:00,2410.0,Massachusetts,No,None
PSAKUSU,825081,0,0,0,0,0,,,,,68354,2020-09-30 10:54:42.367000-04:00,37,0,0,0.0,0.0,0.0,0.0,0,,,,,799994,2020-09-27 14:56:53.646000-04:00,2410.0,Massachusetts,No,None
PSAKUSU,825313,0,0,2,2,20,24.621,24.627,0.6875,1.3,68354,2020-09-30 10:54:42.367000-04:00,37,0,0,0.0,0.0,0.0,0.0,0,,,,,799994,2020-09-27 14:56:53.646000-04:00,2410.0,Massachusetts,No,None
PSAKUSU,825604,0,0,1,1,7,7.873,7.887,1.0,1.0,68354,2020-09-30 10:54:42.367000-04:00,37,0,0,0.0,0.0,0.0,0.0,0,,,,,799994,2020-09-27 14:56:53.646000-04:00,2410.0,Massachusetts,No,None
PSAKUSU,825617,0,0,1,1,7,10.032,10.047,1.0,1.0,68354,2020-09-30 10:54:42.367000-04:00,37,0,0,0.0,0.0,0.0,0.0,0,,,,,799994,2020-09-27 14:56:53.646000-04:00,2410.0,Massachusetts,No,None
PSAKUSU,825656,0,0,2,2,20,28.1195,28.1255,0.6875,1.35,68354,2020-09-30 10:54:42.367000-04:00,37,0,0,0.0,0.0,0.0,0.0,0,,,,,799994,2020-09-27 14:56:53.646000-04:00,2410.0,Massachusetts,No,None
PSAKUSU,825618,0,0,2,2,20,13.1725,14.9295,0.8125,1.15,68354,2020-09-30 10:54:42.367000-04:00,37,0,0,0.0,0.0,0.0,0.0,0,,,,,799994,2020-09-27 14:56:53.646000-04:00,2410.0,Massachusetts,No,None
PSAKUSU,827397,0,0,2,2,20,18.334,21.833,0.75,1.15,68354,2020-09-30 10:54:42.367000-04:00,37,0,0,0.0,0.0,0.0,0.0,0,,,,,799994,2020-09-27 14:56:53.646000-04:00,2410.0,Massachusetts,No,None
PSAKUSU,825661,0,0,2,2,20,11.2805,13.248,0.6875,1.85,68354,2020-09-30 10:54:42.367000-04:00,37,0,0,0.0,0.0,0.0,0.0,0,,,,,799994,2020-09-27 14:56:53.646000-04:00,2410.0,Massachusetts,No,None
PSAKUSU,825630,0,0,1,1,7,8.074,13.955,0.5714285714285714,1.0,68354,2020-09-30 10:54:42.367000-04:00,37,0,0,0.0,0.0,0.0,0.0,0,,,,,799994,2020-09-27 14:56:53.646000-04:00,2410.0,Massachusetts,No,None
PSAKUSU,868228,5,2,4,4,66,170.7905,184.053,0.7857142857142857,1.1060606060606062,68674,2020-10-01 10:53:25.520000-04:00,31,7,7,52.5345622119816,28.0701754385965,73.2718894009217,75.4716981132076,2175,86.858,75.098,0.5605976757055894,1.3066666666666666,823788,2020-10-01 10:51:05.541000-04:00,,,,
PSAKUSU,824898,6,1,7,7,138,53.8585,68.585,0.3025210084033613,1.4927536231884058,68674,2020-10-01 10:53:25.520000-04:00,31,7,7,52.5345622119816,28.0701754385965,73.2718894009217,75.4716981132076,2175,86.858,75.098,0.5605976757055894,1.3066666666666666,823788,2020-10-01 10:51:05.541000-04:00,,,,
PSAKUSU,824914,6,3,6,5,111,43.339,45.995,0.6336633663366337,1.3243243243243243,68674,2020-10-01 10:53:25.520000-04:00,31,7,7,52.5345622119816,28.0701754385965,73.2718894009217,75.4716981132076,2175,86.858,75.098,0.5605976757055894,1.3066666666666666,823788,2020-10-01 10:51:05.541000-04:00,,,,
PSAKUSU,824940,5,2,7,7,102,41.908,45.203,0.6506024096385542,1.2745098039215685,68674,2020-10-01 10:53:25.520000-04:00,31,7,7,52.5345622119816,28.0701754385965,73.2718894009217,75.4716981132076,2175,86.858,75.098,0.5605976757055894,1.3066666666666666,823788,2020-10-01 10:51:05.541000-04:00,,,,
PSAKUSU,824953,5,2,4,2,53,68.383,82.975,0.5217391304347826,1.2075471698113207,68674,2020-10-01 10:53:25.520000-04:00,31,7,7,52.5345622119816,28.0701754385965,73.2718894009217,75.4716981132076,2175,86.858,75.098,0.5605976757055894,1.3066666666666666,823788,2020-10-01 10:51:05.541000-04:00,,,,
PSAKUSU,825211,3,1,7,6,87,49.28,52.012,0.6176470588235294,1.1494252873563218,68674,2020-10-01 10:53:25.520000-04:00,31,7,7,52.5345622119816,28.0701754385965,73.2718894009217,75.4716981132076,2175,86.858,75.098,0.5605976757055894,1.3066666666666666,823788,2020-10-01 10:51:05.541000-04:00,,,,
PSAKUSU,826302,7,2,7,7,118,54.664,56.539,0.696969696969697,1.2457627118644068,68674,2020-10-01 10:53:25.520000-04:00,31,7,7,52.5345622119816,28.0701754385965,73.2718894009217,75.4716981132076,2175,86.858,75.098,0.5605976757055894,1.3066666666666666,823788,2020-10-01 10:51:05.541000-04:00,,,,
PSAKUSU,868056,5,3,4,4,76,61.045,70.8885,0.7192982456140351,1.236842105263158,68674,2020-10-01 10:53:25.520000-04:00,31,7,7,52.5345622119816,28.0701754385965,73.2718894009217,75.4716981132076,2175,86.858,75.098,0.5605976757055894,1.3066666666666666,823788,2020-10-01 10:51:05.541000-04:00,,,,
PSAKUSU,868226,6,2,6,4,101,35.784,39.821,0.40229885057471265,1.2178217821782178,68674,2020-10-01 10:53:25.520000-04:00,31,7,7,52.5345622119816,28.0701754385965,73.2718894009217,75.4716981132076,2175,86.858,75.098,0.5605976757055894,1.3066666666666666,823788,2020-10-01 10:51:05.541000-04:00,,,,
PSAKUSU,868230,3,0,5,4,72,65.9765,68.575,0.15517241379310345,1.4861111111111112,68674,2020-10-01 10:53:25.520000-04:00,31,7,7,52.5345622119816,28.0701754385965,73.2718894009217,75.4716981132076,2175,86.858,75.098,0.5605976757055894,1.3066666666666666,823788,2020-10-01 10:51:05.541000-04:00,,,,
PSAKUSU,868235,3,1,4,4,63,104.808,110.858,0.7169811320754716,1.1904761904761905,68674,2020-10-01 10:53:25.520000-04:00,31,7,7,52.5345622119816,28.0701754385965,73.2718894009217,75.4716981132076,2175,86.858,75.098,0.5605976757055894,1.3066666666666666,823788,2020-10-01 10:51:05.541000-04:00,,,,
PSAKUSU,868249,3,1,5,3,65,56.791,61.387,0.37735849056603776,1.676923076923077,68674,2020-10-01 10:53:25.520000-04:00,31,7,7,52.5345622119816,28.0701754385965,73.2718894009217,75.4716981132076,2175,86.858,75.098,0.5605976757055894,1.3066666666666666,823788,2020-10-01 10:51:05.541000-04:00,,,,
PSAKUSU,868260,7,2,5,4,82,93.6375,112.6675,0.45454545454545453,1.4390243902439024,68674,2020-10-01 10:53:25.520000-04:00,31,7,7,52.5345622119816,28.0701754385965,73.2718894009217,75.4716981132076,2175,86.858,75.098,0.5605976757055894,1.3066666666666666,823788,2020-10-01 10:51:05.541000-04:00,,,,
PSAKUSU,868274,4,2,5,3,74,149.526,177.5805,0.7096774193548387,1.2837837837837838,68674,2020-10-01 10:53:25.520000-04:00,31,7,7,52.5345622119816,28.0701754385965,73.2718894009217,75.4716981132076,2175,86.858,75.098,0.5605976757055894,1.3066666666666666,823788,2020-10-01 10:51:05.541000-04:00,,,,
PSAKUSU,868279,13,11,8,7,125,55.85,59.301,0.7075471698113207,1.176,68674,2020-10-01 10:53:25.520000-04:00,31,7,7,52.5345622119816,28.0701754385965,73.2718894009217,75.4716981132076,2175,86.858,75.098,0.5605976757055894,1.3066666666666666,823788,2020-10-01 10:51:05.541000-04:00,,,,
PSAKUSU,868283,6,5,7,7,126,149.8425,162.873,0.6915887850467289,1.3253968253968254,68674,2020-10-01 10:53:25.520000-04:00,31,7,7,52.5345622119816,28.0701754385965,73.2718894009217,75.4716981132076,2175,86.858,75.098,0.5605976757055894,1.3066666666666666,823788,2020-10-01 10:51:05.541000-04:00,,,,
PSAKUSU,828719,5,4,0,0,21,27.573,30.579,0.8095238095238095,1.0952380952380951,68917,2020-10-02 05:56:43.008000-04:00,23,5,0,59.1304347826087,80.8823529411765,0.0,0.0,400,32.4425,28.154,0.6975,1.4125,808029,2020-09-28 19:53:38.571000-04:00,1000.0,Massachusetts,Yes,None
PSAKUSU,891726,2,2,0,0,6,32.5755,32.5795,1.0,1.0,68917,2020-10-02 05:56:43.008000-04:00,23,5,0,59.1304347826087,80.8823529411765,0.0,0.0,400,32.4425,28.154,0.6975,1.4125,808029,2020-09-28 19:53:38.571000-04:00,1000.0,Massachusetts,Yes,None
PSAKUSU,828640,6,5,0,0,33,16.517,19.352,0.6060606060606061,1.5757575757575757,68917,2020-10-02 05:56:43.008000-04:00,23,5,0,59.1304347826087,80.8823529411765,0.0,0.0,400,32.4425,28.154,0.6975,1.4125,808029,2020-09-28 19:53:38.571000-04:00,1000.0,Massachusetts,Yes,None
PSAKUSU,828756,6,4,0,0,35,17.805,24.815,0.5714285714285714,1.2571428571428571,68917,2020-10-02 05:56:43.008000-04:00,23,5,0,59.1304347826087,80.8823529411765,0.0,0.0,400,32.4425,28.154,0.6975,1.4125,808029,2020-09-28 19:53:38.571000-04:00,1000.0,Massachusetts,Yes,None
PSAKUSU,828794,5,5,0,0,30,40.855,40.862,0.7666666666666667,1.4333333333333333,68917,2020-10-02 05:56:43.008000-04:00,23,5,0,59.1304347826087,80.8823529411765,0.0,0.0,400,32.4425,28.154,0.6975,1.4125,808029,2020-09-28 19:53:38.571000-04:00,1000.0,Massachusetts,Yes,None
PSAKUSU,828829,5,4,0,0,41,41.041,52.091,0.6585365853658537,1.7804878048780488,68917,2020-10-02 05:56:43.008000-04:00,23,5,0,59.1304347826087,80.8823529411765,0.0,0.0,400,32.4425,28.154,0.6975,1.4125,808029,2020-09-28 19:53:38.571000-04:00,1000.0,Massachusetts,Yes,None
PSAKUSU,828876,4,3,0,0,26,15.8085,22.5875,0.6538461538461539,1.3076923076923077,68917,2020-10-02 05:56:43.008000-04:00,23,5,0,59.1304347826087,80.8823529411765,0.0,0.0,400,32.4425,28.154,0.6975,1.4125,808029,2020-09-28 19:53:38.571000-04:00,1000.0,Massachusetts,Yes,None
PSAKUSU,833363,4,4,0,0,23,189.329,190.012,0.6956521739130435,1.4782608695652173,68917,2020-10-02 05:56:43.008000-04:00,23,5,0,59.1304347826087,80.8823529411765,0.0,0.0,400,32.4425,28.154,0.6975,1.4125,808029,2020-09-28 19:53:38.571000-04:00,1000.0,Massachusetts,Yes,None
PSAKUSU,833417,5,4,0,0,19,38.195,38.201,1.0,1.0,68917,2020-10-02 05:56:43.008000-04:00,23,5,0,59.1304347826087,80.8823529411765,0.0,0.0,400,32.4425,28.154,0.6975,1.4125,808029,2020-09-28 19:53:38.571000-04:00,1000.0,Massachusetts,Yes,None
PSAKUSU,867825,2,1,0,0,18,55.63,53.9545,0.7222222222222222,1.222222222222222,68917,2020-10-02 05:56:43.008000-04:00,23,5,0,59.1304347826087,80.8823529411765,0.0,0.0,400,32.4425,28.154,0.6975,1.4125,808029,2020-09-28 19:53:38.571000-04:00,1000.0,Massachusetts,Yes,None
PSAKUSU,867592,4,4,0,0,28,21.344,38.7115,0.75,1.2142857142857142,68917,2020-10-02 05:56:43.008000-04:00,23,5,0,59.1304347826087,80.8823529411765,0.0,0.0,400,32.4425,28.154,0.6975,1.4125,808029,2020-09-28 19:53:38.571000-04:00,1000.0,Massachusetts,Yes,None
PSAKUSU,839808,4,3,0,0,13,30.334,49.845,0.8461538461538461,1.4615384615384615,68917,2020-10-02 05:56:43.008000-04:00,23,5,0,59.1304347826087,80.8823529411765,0.0,0.0,400,32.4425,28.154,0.6975,1.4125,808029,2020-09-28 19:53:38.571000-04:00,1000.0,Massachusetts,Yes,None
PSAKUSU,841771,3,3,0,0,21,10.184,14.459,0.6666666666666666,1.5238095238095237,68917,2020-10-02 05:56:43.008000-04:00,23,5,0,59.1304347826087,80.8823529411765,0.0,0.0,400,32.4425,28.154,0.6975,1.4125,808029,2020-09-28 19:53:38.571000-04:00,1000.0,Massachusetts,Yes,None
PSAKUSU,828515,5,5,0,0,29,68.058,71.679,0.7241379310344828,1.4827586206896552,68917,2020-10-02 05:56:43.008000-04:00,23,5,0,59.1304347826087,80.8823529411765,0.0,0.0,400,32.4425,28.154,0.6975,1.4125,808029,2020-09-28 19:53:38.571000-04:00,1000.0,Massachusetts,Yes,None
PSAKUSU,855927,1,1,0,0,4,92.695,95.7785,0.75,1.0,70189,2020-10-07 18:19:38.335000-04:00,32,0,0,0.0,0.0,0.0,0.0,0,,,,,847640,2020-10-07 15:26:39.293000-04:00,356.0,Colorado,Yes,None
PSAKUSU,855681,0,0,0,0,0,,,,,70189,2020-10-07 18:19:38.335000-04:00,32,0,0,0.0,0.0,0.0,0.0,0,,,,,847640,2020-10-07 15:26:39.293000-04:00,356.0,Colorado,Yes,None
PSAKUSU,849004,0,0,0,0,0,,,,,70189,2020-10-07 18:19:38.335000-04:00,32,0,0,0.0,0.0,0.0,0.0,0,,,,,847640,2020-10-07 15:26:39.293000-04:00,356.0,Colorado,Yes,None
PSAKUSU,855185,1,1,0,0,4,22.086,23.7955,0.75,1.0,70189,2020-10-07 18:19:38.335000-04:00,32,0,0,0.0,0.0,0.0,0.0,0,,,,,847640,2020-10-07 15:26:39.293000-04:00,356.0,Colorado,Yes,None
PSAKUSU,855178,0,0,0,0,0,,,,,70189,2020-10-07 18:19:38.335000-04:00,32,0,0,0.0,0.0,0.0,0.0,0,,,,,847640,2020-10-07 15:26:39.293000-04:00,356.0,Colorado,Yes,None
PSAKUSU,855027,1,1,0,0,4,18.3845,28.8905,0.75,1.25,70189,2020-10-07 18:19:38.335000-04:00,32,0,0,0.0,0.0,0.0,0.0,0,,,,,847640,2020-10-07 15:26:39.293000-04:00,356.0,Colorado,Yes,None
PSAKUSU,850509,0,0,0,0,0,,,,,70189,2020-10-07 18:19:38.335000-04:00,32,0,0,0.0,0.0,0.0,0.0,0,,,,,847640,2020-10-07 15:26:39.293000-04:00,356.0,Colorado,Yes,None
PSAKUSU,852671,0,0,0,0,0,,,,,70189,2020-10-07 18:19:38.335000-04:00,32,0,0,0.0,0.0,0.0,0.0,0,,,,,847640,2020-10-07 15:26:39.293000-04:00,356.0,Colorado,Yes,None
PSAKUSU,854709,1,1,0,0,5,14.71,15.697,0.8,1.2,70189,2020-10-07 18:19:38.335000-04:00,32,0,0,0.0,0.0,0.0,0.0,0,,,,,847640,2020-10-07 15:26:39.293000-04:00,356.0,Colorado,Yes,None
PSAKUSU,853810,1,1,0,0,3,16.913,16.919,1.0,1.0,70189,2020-10-07 18:19:38.335000-04:00,32,0,0,0.0,0.0,0.0,0.0,0,,,,,847640,2020-10-07 15:26:39.293000-04:00,356.0,Colorado,Yes,None
PSAKUSU,946187,2,2,0,0,7,27.681,27.687,1.0,1.0,70189,2020-10-07 18:19:38.335000-04:00,32,0,0,0.0,0.0,0.0,0.0,0,,,,,847640,2020-10-07 15:26:39.293000-04:00,356.0,Colorado,Yes,None
PSAKUSU,851983,0,0,0,0,0,,,,,70189,2020-10-07 18:19:38.335000-04:00,32,0,0,0.0,0.0,0.0,0.0,0,,,,,847640,2020-10-07 15:26:39.293000-04:00,356.0,Colorado,Yes,None
PSAKUSU,854277,1,1,0,0,3,36.886,36.896,1.0,1.0,70189,2020-10-07 18:19:38.335000-04:00,32,0,0,0.0,0.0,0.0,0.0,0,,,,,847640,2020-10-07 15:26:39.293000-04:00,356.0,Colorado,Yes,None
PSAKUSU,848181,0,0,0,0,0,,,,,70189,2020-10-07 18:19:38.335000-04:00,32,0,0,0.0,0.0,0.0,0.0,0,,,,,847640,2020-10-07 15:26:39.293000-04:00,356.0,Colorado,Yes,None
PSAKUSU,852826,1,1,0,0,6,26.121,32.609,0.6666666666666666,1.6666666666666667,70189,2020-10-07 18:19:38.335000-04:00,32,0,0,0.0,0.0,0.0,0.0,0,,,,,847640,2020-10-07 15:26:39.293000-04:00,356.0,Colorado,Yes,None
PSAKUSU,852936,0,0,0,0,0,,,,,70189,2020-10-07 18:19:38.335000-04:00,32,0,0,0.0,0.0,0.0,0.0,0,,,,,847640,2020-10-07 15:26:39.293000-04:00,356.0,Colorado,Yes,None
PSAKUSU,849171,0,0,0,0,0,,,,,70189,2020-10-07 18:19:38.335000-04:00,32,0,0,0.0,0.0,0.0,0.0,0,,,,,847640,2020-10-07 15:26:39.293000-04:00,356.0,Colorado,Yes,None
PSAKUSU,849833,0,0,0,0,0,,,,,70189,2020-10-07 18:19:38.335000-04:00,32,0,0,0.0,0.0,0.0,0.0,0,,,,,847640,2020-10-07 15:26:39.293000-04:00,356.0,Colorado,Yes,None
PSAKUSU,848308,0,0,0,0,0,,,,,70189,2020-10-07 18:19:38.335000-04:00,32,0,0,0.0,0.0,0.0,0.0,0,,,,,847640,2020-10-07 15:26:39.293000-04:00,356.0,Colorado,Yes,None
PSAKUSU,850096,0,0,0,0,0,,,,,70189,2020-10-07 18:19:38.335000-04:00,32,0,0,0.0,0.0,0.0,0.0,0,,,,,847640,2020-10-07 15:26:39.293000-04:00,356.0,Colorado,Yes,None
PSAKUSU,850893,0,0,0,0,0,,,,,70189,2020-10-07 18:19:38.335000-04:00,32,0,0,0.0,0.0,0.0,0.0,0,,,,,847640,2020-10-07 15:26:39.293000-04:00,356.0,Colorado,Yes,None
PSAKUSU,866358,0,0,0,0,0,,,,,70189,2020-10-07 18:19:38.335000-04:00,32,0,0,0.0,0.0,0.0,0.0,0,,,,,847640,2020-10-07 15:26:39.293000-04:00,356.0,Colorado,Yes,None
PSAKUSU,854959,1,1,0,0,6,36.9575,40.246,0.6666666666666666,1.3333333333333333,70190,2020-10-07 18:19:38.337000-04:00,24,1,0,,0.0,0.0,0.0,0,,,,,847640,2020-10-07 15:26:39.293000-04:00,356.0,Colorado,Yes,None
PSAKUSU,852808,1,1,0,0,3,46.103,46.112,1.0,1.0,70190,2020-10-07 18:19:38.337000-04:00,24,1,0,,0.0,0.0,0.0,0,,,,,847640,2020-10-07 15:26:39.293000-04:00,356.0,Colorado,Yes,None
PSAKUSU,853004,0,0,0,0,0,,,,,70190,2020-10-07 18:19:38.337000-04:00,24,1,0,,0.0,0.0,0.0,0,,,,,847640,2020-10-07 15:26:39.293000-04:00,356.0,Colorado,Yes,None
PSAKUSU,853005,1,1,0,0,3,12.895,12.9,1.0,1.0,70190,2020-10-07 18:19:38.337000-04:00,24,1,0,,0.0,0.0,0.0,0,,,,,847640,2020-10-07 15:26:39.293000-04:00,356.0,Colorado,Yes,None
PSAKUSU,853352,0,0,0,0,0,,,,,70190,2020-10-07 18:19:38.337000-04:00,24,1,0,,0.0,0.0,0.0,0,,,,,847640,2020-10-07 15:26:39.293000-04:00,356.0,Colorado,Yes,None
PSAKUSU,853712,0,0,0,0,0,,,,,70190,2020-10-07 18:19:38.337000-04:00,24,1,0,,0.0,0.0,0.0,0,,,,,847640,2020-10-07 15:26:39.293000-04:00,356.0,Colorado,Yes,None
PSAKUSU,854210,1,1,0,0,3,102.304,102.309,1.0,1.0,70190,2020-10-07 18:19:38.337000-04:00,24,1,0,,0.0,0.0,0.0,0,,,,,847640,2020-10-07 15:26:39.293000-04:00,356.0,Colorado,Yes,None
PSAKUSU,854236,1,1,0,0,3,20.383,20.388,1.0,1.0,70190,2020-10-07 18:19:38.337000-04:00,24,1,0,,0.0,0.0,0.0,0,,,,,847640,2020-10-07 15:26:39.293000-04:00,356.0,Colorado,Yes,None
PSAKUSU,854246,1,1,0,0,3,11.102,11.108,1.0,1.0,70190,2020-10-07 18:19:38.337000-04:00,24,1,0,,0.0,0.0,0.0,0,,,,,847640,2020-10-07 15:26:39.293000-04:00,356.0,Colorado,Yes,None
PSAKUSU,854550,1,1,0,0,3,19.21,19.217,1.0,1.0,70190,2020-10-07 18:19:38.337000-04:00,24,1,0,,0.0,0.0,0.0,0,,,,,847640,2020-10-07 15:26:39.293000-04:00,356.0,Colorado,Yes,None
PSAKUSU,854650,0,0,0,0,0,,,,,70190,2020-10-07 18:19:38.337000-04:00,24,1,0,,0.0,0.0,0.0,0,,,,,847640,2020-10-07 15:26:39.293000-04:00,356.0,Colorado,Yes,None
PSAKUSU,854741,1,1,0,0,4,49.721,88.16,0.75,1.5,70190,2020-10-07 18:19:38.337000-04:00,24,1,0,,0.0,0.0,0.0,0,,,,,847640,2020-10-07 15:26:39.293000-04:00,356.0,Colorado,Yes,None
PSAKUSU,854849,1,1,0,0,3,92.984,92.989,1.0,1.0,70190,2020-10-07 18:19:38.337000-04:00,24,1,0,,0.0,0.0,0.0,0,,,,,847640,2020-10-07 15:26:39.293000-04:00,356.0,Colorado,Yes,None
PSAKUSU,855656,0,0,0,0,0,,,,,70190,2020-10-07 18:19:38.337000-04:00,24,1,0,,0.0,0.0,0.0,0,,,,,847640,2020-10-07 15:26:39.293000-04:00,356.0,Colorado,Yes,None
PSAKUSU,856102,0,0,0,0,0,,,,,70190,2020-10-07 18:19:38.337000-04:00,24,1,0,,0.0,0.0,0.0,0,,,,,847640,2020-10-07 15:26:39.293000-04:00,356.0,Colorado,Yes,None
PSAKUSU,857118,1,1,0,0,4,34.0845,65.6845,0.75,1.5,70190,2020-10-07 18:19:38.337000-04:00,24,1,0,,0.0,0.0,0.0,0,,,,,847640,2020-10-07 15:26:39.293000-04:00,356.0,Colorado,Yes,None
PSAKUSU,851503,0,0,0,0,0,,,,,70191,2020-10-07 18:19:38.338000-04:00,34,0,0,0.0,0.0,0.0,0.0,0,,,,,847640,2020-10-07 15:26:39.293000-04:00,356.0,Colorado,Yes,None
PSAKUSU,849075,0,0,0,0,0,,,,,70191,2020-10-07 18:19:38.338000-04:00,34,0,0,0.0,0.0,0.0,0.0,0,,,,,847640,2020-10-07 15:26:39.293000-04:00,356.0,Colorado,Yes,None
PSAKUSU,848492,0,0,0,0,0,,,,,70191,2020-10-07 18:19:38.338000-04:00,34,0,0,0.0,0.0,0.0,0.0,0,,,,,847640,2020-10-07 15:26:39.293000-04:00,356.0,Colorado,Yes,None
PSAKUSU,853603,1,1,0,0,4,12.387,38.134,0.75,1.75,70191,2020-10-07 18:19:38.338000-04:00,34,0,0,0.0,0.0,0.0,0.0,0,,,,,847640,2020-10-07 15:26:39.293000-04:00,356.0,Colorado,Yes,None
PSAKUSU,849470,0,0,0,0,0,,,,,70191,2020-10-07 18:19:38.338000-04:00,34,0,0,0.0,0.0,0.0,0.0,0,,,,,847640,2020-10-07 15:26:39.293000-04:00,356.0,Colorado,Yes,None
PSAKUSU,851018,0,0,0,0,0,,,,,70191,2020-10-07 18:19:38.338000-04:00,34,0,0,0.0,0.0,0.0,0.0,0,,,,,847640,2020-10-07 15:26:39.293000-04:00,356.0,Colorado,Yes,None
PSAKUSU,852684,1,1,0,0,3,6.107,6.109,1.0,1.0,70191,2020-10-07 18:19:38.338000-04:00,34,0,0,0.0,0.0,0.0,0.0,0,,,,,847640,2020-10-07 15:26:39.293000-04:00,356.0,Colorado,Yes,None
PSAKUSU,848118,0,0,0,0,0,,,,,70191,2020-10-07 18:19:38.338000-04:00,34,0,0,0.0,0.0,0.0,0.0,0,,,,,847640,2020-10-07 15:26:39.293000-04:00,356.0,Colorado,Yes,None
PSAKUSU,853741,0,0,0,0,0,,,,,70191,2020-10-07 18:19:38.338000-04:00,34,0,0,0.0,0.0,0.0,0.0,0,,,,,847640,2020-10-07 15:26:39.293000-04:00,356.0,Colorado,Yes,None
PSAKUSU,853735,0,0,0,0,0,,,,,70191,2020-10-07 18:19:38.338000-04:00,34,0,0,0.0,0.0,0.0,0.0,0,,,,,847640,2020-10-07 15:26:39.293000-04:00,356.0,Colorado,Yes,None
PSAKUSU,852647,0,0,0,0,0,,,,,70191,2020-10-07 18:19:38.338000-04:00,34,0,0,0.0,0.0,0.0,0.0,0,,,,,847640,2020-10-07 15:26:39.293000-04:00,356.0,Colorado,Yes,None
PSAKUSU,853660,0,0,0,0,0,,,,,70191,2020-10-07 18:19:38.338000-04:00,34,0,0,0.0,0.0,0.0,0.0,0,,,,,847640,2020-10-07 15:26:39.293000-04:00,356.0,Colorado,Yes,None
PSAKUSU,853701,1,1,0,0,10,9.513,10.257,0.7,1.4,70191,2020-10-07 18:19:38.338000-04:00,34,0,0,0.0,0.0,0.0,0.0,0,,,,,847640,2020-10-07 15:26:39.293000-04:00,356.0,Colorado,Yes,None
PSAKUSU,853606,1,1,0,0,3,7.257,7.261,1.0,1.0,70191,2020-10-07 18:19:38.338000-04:00,34,0,0,0.0,0.0,0.0,0.0,0,,,,,847640,2020-10-07 15:26:39.293000-04:00,356.0,Colorado,Yes,None
PSAKUSU,853484,1,1,0,0,3,36.038,36.044,1.0,1.0,70192,2020-10-07 18:19:38.340000-04:00,25,0,0,0.0,0.0,0.0,0.0,0,,,,,847640,2020-10-07 15:26:39.293000-04:00,356.0,Colorado,Yes,None
PSAKUSU,853328,0,0,0,0,0,,,,,70192,2020-10-07 18:19:38.340000-04:00,25,0,0,0.0,0.0,0.0,0.0,0,,,,,847640,2020-10-07 15:26:39.293000-04:00,356.0,Colorado,Yes,None
PSAKUSU,853217,0,0,0,0,0,,,,,70192,2020-10-07 18:19:38.340000-04:00,25,0,0,0.0,0.0,0.0,0.0,0,,,,,847640,2020-10-07 15:26:39.293000-04:00,356.0,Colorado,Yes,None
PSAKUSU,849553,0,0,0,0,0,,,,,70192,2020-10-07 18:19:38.340000-04:00,25,0,0,0.0,0.0,0.0,0.0,0,,,,,847640,2020-10-07 15:26:39.293000-04:00,356.0,Colorado,Yes,None
PSAKUSU,849335,0,0,0,0,0,,,,,70192,2020-10-07 18:19:38.340000-04:00,25,0,0,0.0,0.0,0.0,0.0,0,,,,,847640,2020-10-07 15:26:39.293000-04:00,356.0,Colorado,Yes,None
PSAKUSU,971187,4,3,0,0,17,16.802,16.92,0.7058823529411765,1.647058823529412,70192,2020-10-07 18:19:38.340000-04:00,25,0,0,0.0,0.0,0.0,0.0,0,,,,,847640,2020-10-07 15:26:39.293000-04:00,356.0,Colorado,Yes,None
PSAKUSU,852616,0,0,0,0,0,,,,,70192,2020-10-07 18:19:38.340000-04:00,25,0,0,0.0,0.0,0.0,0.0,0,,,,,847640,2020-10-07 15:26:39.293000-04:00,356.0,Colorado,Yes,None
PSAKUSU,849083,0,0,0,0,0,,,,,70192,2020-10-07 18:19:38.340000-04:00,25,0,0,0.0,0.0,0.0,0.0,0,,,,,847640,2020-10-07 15:26:39.293000-04:00,356.0,Colorado,Yes,None
PSAKUSU,853699,1,1,0,0,3,33.356,33.363,1.0,1.0,70192,2020-10-07 18:19:38.340000-04:00,25,0,0,0.0,0.0,0.0,0.0,0,,,,,847640,2020-10-07 15:26:39.293000-04:00,356.0,Colorado,Yes,None
PSAKUSU,853594,1,1,0,0,4,10.619,16.3715,0.75,1.25,70192,2020-10-07 18:19:38.340000-04:00,25,0,0,0.0,0.0,0.0,0.0,0,,,,,847640,2020-10-07 15:26:39.293000-04:00,356.0,Colorado,Yes,None
PSAKUSU,853576,1,1,0,0,3,187.69,187.699,1.0,1.0,70192,2020-10-07 18:19:38.340000-04:00,25,0,0,0.0,0.0,0.0,0.0,0,,,,,847640,2020-10-07 15:26:39.293000-04:00,356.0,Colorado,Yes,None
PSAKUSU,853568,1,1,0,0,3,19.055,19.059,1.0,1.0,70192,2020-10-07 18:19:38.340000-04:00,25,0,0,0.0,0.0,0.0,0.0,0,,,,,847640,2020-10-07 15:26:39.293000-04:00,356.0,Colorado,Yes,None
PSAKUSU,853545,1,1,0,0,3,16.931,16.939,1.0,1.0,70192,2020-10-07 18:19:38.340000-04:00,25,0,0,0.0,0.0,0.0,0.0,0,,,,,847640,2020-10-07 15:26:39.293000-04:00,356.0,Colorado,Yes,None
PSAKUSU,853544,0,0,0,0,0,,,,,70192,2020-10-07 18:19:38.340000-04:00,25,0,0,0.0,0.0,0.0,0.0,0,,,,,847640,2020-10-07 15:26:39.293000-04:00,356.0,Colorado,Yes,None
PSAKUSU,853526,1,1,0,0,3,33.427,33.432,1.0,1.0,70192,2020-10-07 18:19:38.340000-04:00,25,0,0,0.0,0.0,0.0,0.0,0,,,,,847640,2020-10-07 15:26:39.293000-04:00,356.0,Colorado,Yes,None
PSAKUSU,853519,1,1,0,0,3,89.277,89.288,1.0,1.0,70192,2020-10-07 18:19:38.340000-04:00,25,0,0,0.0,0.0,0.0,0.0,0,,,,,847640,2020-10-07 15:26:39.293000-04:00,356.0,Colorado,Yes,None
PSAKUSU,853499,1,1,0,0,5,24.805,42.115,0.8,1.4,70192,2020-10-07 18:19:38.340000-04:00,25,0,0,0.0,0.0,0.0,0.0,0,,,,,847640,2020-10-07 15:26:39.293000-04:00,356.0,Colorado,Yes,None
PSAKUSU,856909,3,1,0,0,7,71.023,253.687,0.42857142857142855,2.142857142857143,70192,2020-10-07 18:19:38.340000-04:00,25,0,0,0.0,0.0,0.0,0.0,0,,,,,847640,2020-10-07 15:26:39.293000-04:00,356.0,Colorado,Yes,None
PSAKUSU,851077,0,0,0,0,0,,,,,70192,2020-10-07 18:19:38.340000-04:00,25,0,0,0.0,0.0,0.0,0.0,0,,,,,847640,2020-10-07 15:26:39.293000-04:00,356.0,Colorado,Yes,None
PSAKUSU,853496,1,1,0,0,6,18.5885,23.274,0.8333333333333334,1.5,70192,2020-10-07 18:19:38.340000-04:00,25,0,0,0.0,0.0,0.0,0.0,0,,,,,847640,2020-10-07 15:26:39.293000-04:00,356.0,Colorado,Yes,None
PSAKUSU,853487,1,0,0,0,9,9.198,81.925,0.1111111111111111,1.777777777777778,70192,2020-10-07 18:19:38.340000-04:00,25,0,0,0.0,0.0,0.0,0.0,0,,,,,847640,2020-10-07 15:26:39.293000-04:00,356.0,Colorado,Yes,None
PSAKUSU,886539,1,1,6,5,51,26.66,31.874,0.7837837837837838,1.1176470588235294,72657,2020-10-22 09:17:04.242000-04:00,27,0,6,0.0,0.0,81.4814814814815,96.2121212121212,1185,43.853,34.498,0.6545866364665912,1.3518987341772153,883277,2020-10-22 09:12:49.089000-04:00,2571.0,Non-US / Unknown,No,None
PSAKUSU,886529,1,1,6,5,56,21.1845,33.846,0.5952380952380952,1.3214285714285714,72657,2020-10-22 09:17:04.242000-04:00,27,0,6,0.0,0.0,81.4814814814815,96.2121212121212,1185,43.853,34.498,0.6545866364665912,1.3518987341772153,883277,2020-10-22 09:12:49.089000-04:00,2571.0,Non-US / Unknown,No,None
PSAKUSU,886532,1,1,6,6,62,36.6355,40.362,0.7441860465116279,1.2258064516129032,72657,2020-10-22 09:17:04.242000-04:00,27,0,6,0.0,0.0,81.4814814814815,96.2121212121212,1185,43.853,34.498,0.6545866364665912,1.3518987341772153,883277,2020-10-22 09:12:49.089000-04:00,2571.0,Non-US / Unknown,No,None
PSAKUSU,886534,1,1,6,5,55,34.401,35.162,0.8048780487804879,1.1454545454545455,72657,2020-10-22 09:17:04.242000-04:00,27,0,6,0.0,0.0,81.4814814814815,96.2121212121212,1185,43.853,34.498,0.6545866364665912,1.3518987341772153,883277,2020-10-22 09:12:49.089000-04:00,2571.0,Non-US / Unknown,No,None
PSAKUSU,886535,1,1,5,5,49,48.087,48.45,0.8918918918918919,1.1428571428571428,72657,2020-10-22 09:17:04.242000-04:00,27,0,6,0.0,0.0,81.4814814814815,96.2121212121212,1185,43.853,34.498,0.6545866364665912,1.3518987341772153,883277,2020-10-22 09:12:49.089000-04:00,2571.0,Non-US / Unknown,No,None
PSAKUSU,886536,1,1,6,5,58,43.198,56.795,0.6585365853658537,1.2413793103448276,72657,2020-10-22 09:17:04.242000-04:00,27,0,6,0.0,0.0,81.4814814814815,96.2121212121212,1185,43.853,34.498,0.6545866364665912,1.3518987341772153,883277,2020-10-22 09:12:49.089000-04:00,2571.0,Non-US / Unknown,No,None
PSAKUSU,886537,1,1,6,6,60,58.331,75.451,0.43902439024390244,1.4166666666666667,72657,2020-10-22 09:17:04.242000-04:00,27,0,6,0.0,0.0,81.4814814814815,96.2121212121212,1185,43.853,34.498,0.6545866364665912,1.3518987341772153,883277,2020-10-22 09:12:49.089000-04:00,2571.0,Non-US / Unknown,No,None
PSAKUSU,886538,1,1,6,6,63,57.551,60.035,0.6136363636363636,1.2857142857142858,72657,2020-10-22 09:17:04.242000-04:00,27,0,6,0.0,0.0,81.4814814814815,96.2121212121212,1185,43.853,34.498,0.6545866364665912,1.3518987341772153,883277,2020-10-22 09:12:49.089000-04:00,2571.0,Non-US / Unknown,No,None
PSAKUSU,886540,1,1,6,5,50,54.9445,65.1695,0.6756756756756757,1.32,72657,2020-10-22 09:17:04.242000-04:00,27,0,6,0.0,0.0,81.4814814814815,96.2121212121212,1185,43.853,34.498,0.6545866364665912,1.3518987341772153,883277,2020-10-22 09:12:49.089000-04:00,2571.0,Non-US / Unknown,No,None
PSAKUSU,886541,1,1,6,5,52,60.329,80.769,0.8157894736842105,1.3461538461538463,72657,2020-10-22 09:17:04.242000-04:00,27,0,6,0.0,0.0,81.4814814814815,96.2121212121212,1185,43.853,34.498,0.6545866364665912,1.3518987341772153,883277,2020-10-22 09:12:49.089000-04:00,2571.0,Non-US / Unknown,No,None
PSAKUSU,886542,1,0,6,5,59,12.519,18.753,0.29545454545454547,1.3559322033898304,72657,2020-10-22 09:17:04.242000-04:00,27,0,6,0.0,0.0,81.4814814814815,96.2121212121212,1185,43.853,34.498,0.6545866364665912,1.3518987341772153,883277,2020-10-22 09:12:49.089000-04:00,2571.0,Non-US / Unknown,No,None
PSAKUSU,886543,1,1,5,5,45,48.263,57.525,0.7428571428571429,1.1777777777777778,72657,2020-10-22 09:17:04.242000-04:00,27,0,6,0.0,0.0,81.4814814814815,96.2121212121212,1185,43.853,34.498,0.6545866364665912,1.3518987341772153,883277,2020-10-22 09:12:49.089000-04:00,2571.0,Non-US / Unknown,No,None
PSAKUSU,886544,1,1,6,6,64,52.0895,63.2985,0.7555555555555555,1.21875,72657,2020-10-22 09:17:04.242000-04:00,27,0,6,0.0,0.0,81.4814814814815,96.2121212121212,1185,43.853,34.498,0.6545866364665912,1.3518987341772153,883277,2020-10-22 09:12:49.089000-04:00,2571.0,Non-US / Unknown,No,None
PSAKUSU,886545,1,1,6,5,62,51.03,75.767,0.6818181818181818,1.2903225806451613,72657,2020-10-22 09:17:04.242000-04:00,27,0,6,0.0,0.0,81.4814814814815,96.2121212121212,1185,43.853,34.498,0.6545866364665912,1.3518987341772153,883277,2020-10-22 09:12:49.089000-04:00,2571.0,Non-US / Unknown,No,None
PSAKUSU,886546,1,1,5,5,52,32.0315,43.9485,0.775,1.2115384615384615,72657,2020-10-22 09:17:04.242000-04:00,27,0,6,0.0,0.0,81.4814814814815,96.2121212121212,1185,43.853,34.498,0.6545866364665912,1.3518987341772153,883277,2020-10-22 09:12:49.089000-04:00,2571.0,Non-US / Unknown,No,None
PSAKUSU,886547,1,1,6,6,60,61.746,61.752,0.9024390243902439,1.1,72657,2020-10-22 09:17:04.242000-04:00,27,0,6,0.0,0.0,81.4814814814815,96.2121212121212,1185,43.853,34.498,0.6545866364665912,1.3518987341772153,883277,2020-10-22 09:12:49.089000-04:00,2571.0,Non-US / Unknown,No,None
PSAKUSU,886549,0,0,6,5,52,29.5495,33.806,0.6666666666666666,1.3076923076923077,72657,2020-10-22 09:17:04.242000-04:00,27,0,6,0.0,0.0,81.4814814814815,96.2121212121212,1185,43.853,34.498,0.6545866364665912,1.3518987341772153,883277,2020-10-22 09:12:49.089000-04:00,2571.0,Non-US / Unknown,No,None
PSAKUSU,886550,1,1,6,6,61,68.247,91.834,0.5,1.5081967213114753,72657,2020-10-22 09:17:04.242000-04:00,27,0,6,0.0,0.0,81.4814814814815,96.2121212121212,1185,43.853,34.498,0.6545866364665912,1.3518987341772153,883277,2020-10-22 09:12:49.089000-04:00,2571.0,Non-US / Unknown,No,None
PSAKUSU,886551,1,0,5,3,48,41.944,71.34,0.32432432432432434,1.625,72657,2020-10-22 09:17:04.242000-04:00,27,0,6,0.0,0.0,81.4814814814815,96.2121212121212,1185,43.853,34.498,0.6545866364665912,1.3518987341772153,883277,2020-10-22 09:12:49.089000-04:00,2571.0,Non-US / Unknown,No,None
PSAKUSU,886553,1,1,6,6,61,56.266,77.706,0.5952380952380952,1.6065573770491803,72657,2020-10-22 09:17:04.242000-04:00,27,0,6,0.0,0.0,81.4814814814815,96.2121212121212,1185,43.853,34.498,0.6545866364665912,1.3518987341772153,883277,2020-10-22 09:12:49.089000-04:00,2571.0,Non-US / Unknown,No,None
PSAKUSU,886556,1,1,5,4,47,39.344,55.095,0.4722222222222222,2.0,72657,2020-10-22 09:17:04.242000-04:00,27,0,6,0.0,0.0,81.4814814814815,96.2121212121212,1185,43.853,34.498,0.6545866364665912,1.3518987341772153,883277,2020-10-22 09:12:49.089000-04:00,2571.0,Non-US / Unknown,No,None
PSAKUSU,886558,1,1,6,5,58,29.9585,38.336,0.55,1.5344827586206897,72657,2020-10-22 09:17:04.242000-04:00,27,0,6,0.0,0.0,81.4814814814815,96.2121212121212,1185,43.853,34.498,0.6545866364665912,1.3518987341772153,883277,2020-10-22 09:12:49.089000-04:00,2571.0,Non-US / Unknown,No,None
PSAKUSU,886560,1,1,6,6,61,31.62,39.115,0.5714285714285714,1.3934426229508197,72657,2020-10-22 09:17:04.242000-04:00,27,0,6,0.0,0.0,81.4814814814815,96.2121212121212,1185,43.853,34.498,0.6545866364665912,1.3518987341772153,883277,2020-10-22 09:12:49.089000-04:00,2571.0,Non-US / Unknown,No,None
PSAKUSU,887160,1,1,6,4,52,45.2045,54.121,0.5714285714285714,1.4230769230769231,72657,2020-10-22 09:17:04.242000-04:00,27,0,6,0.0,0.0,81.4814814814815,96.2121212121212,1185,43.853,34.498,0.6545866364665912,1.3518987341772153,883277,2020-10-22 09:12:49.089000-04:00,2571.0,Non-US / Unknown,No,None
PSAKUSU,887228,1,1,6,5,53,34.28,37.996,0.7948717948717948,1.2075471698113207,72657,2020-10-22 09:17:04.242000-04:00,27,0,6,0.0,0.0,81.4814814814815,96.2121212121212,1185,43.853,34.498,0.6545866364665912,1.3518987341772153,883277,2020-10-22 09:12:49.089000-04:00,2571.0,Non-US / Unknown,No,None
PSAKUSU,890042,1,1,4,4,51,48.669,59.519,0.7878787878787878,1.2156862745098038,72657,2020-10-22 09:17:04.242000-04:00,27,0,6,0.0,0.0,81.4814814814815,96.2121212121212,1185,43.853,34.498,0.6545866364665912,1.3518987341772153,883277,2020-10-22 09:12:49.089000-04:00,2571.0,Non-US / Unknown,No,None
PSAKUSU,908116,1,1,3,2,47,26.308,30.464,0.7333333333333333,1.3404255319148937,74317,2020-11-04 11:56:42.906000-05:00,25,2,8,88.0,93.1818181818182,71.5,93.006993006993,1768,19.005,16.774,0.8408812729498164,1.2081447963800904,320053,2020-04-22 12:39:15.126000-04:00,2010.0,California,Yes,None
PSAKUSU,909683,2,2,7,6,77,11.253,11.64,0.9154929577464789,1.103896103896104,74317,2020-11-04 11:56:42.906000-05:00,25,2,8,88.0,93.1818181818182,71.5,93.006993006993,1768,19.005,16.774,0.8408812729498164,1.2081447963800904,320053,2020-04-22 12:39:15.126000-04:00,2010.0,California,Yes,None
PSAKUSU,909686,2,2,6,6,74,15.024,15.529,0.9117647058823529,1.0540540540540542,74317,2020-11-04 11:56:42.906000-05:00,25,2,8,88.0,93.1818181818182,71.5,93.006993006993,1768,19.005,16.774,0.8408812729498164,1.2081447963800904,320053,2020-04-22 12:39:15.126000-04:00,2010.0,California,Yes,None
PSAKUSU,905406,2,2,6,6,76,12.7745,14.54,0.8571428571428571,1.1842105263157896,74317,2020-11-04 11:56:42.906000-05:00,25,2,8,88.0,93.1818181818182,71.5,93.006993006993,1768,19.005,16.774,0.8408812729498164,1.2081447963800904,320053,2020-04-22 12:39:15.126000-04:00,2010.0,California,Yes,None
PSAKUSU,912744,1,1,6,5,70,12.1955,13.7195,0.8769230769230769,1.1428571428571428,74317,2020-11-04 11:56:42.906000-05:00,25,2,8,88.0,93.1818181818182,71.5,93.006993006993,1768,19.005,16.774,0.8408812729498164,1.2081447963800904,320053,2020-04-22 12:39:15.126000-04:00,2010.0,California,Yes,None
PSAKUSU,909687,2,1,5,5,63,12.576,13.184,0.8421052631578947,1.1904761904761905,74317,2020-11-04 11:56:42.906000-05:00,25,2,8,88.0,93.1818181818182,71.5,93.006993006993,1768,19.005,16.774,0.8408812729498164,1.2081447963800904,320053,2020-04-22 12:39:15.126000-04:00,2010.0,California,Yes,None
PSAKUSU,909688,1,1,4,3,42,31.8325,34.253,0.868421052631579,1.1666666666666667,74317,2020-11-04 11:56:42.906000-05:00,25,2,8,88.0,93.1818181818182,71.5,93.006993006993,1768,19.005,16.774,0.8408812729498164,1.2081447963800904,320053,2020-04-22 12:39:15.126000-04:00,2010.0,California,Yes,None
PSAKUSU,910251,1,1,5,3,56,15.552,20.66,0.75,1.3392857142857142,74317,2020-11-04 11:56:42.906000-05:00,25,2,8,88.0,93.1818181818182,71.5,93.006993006993,1768,19.005,16.774,0.8408812729498164,1.2081447963800904,320053,2020-04-22 12:39:15.126000-04:00,2010.0,California,Yes,None
PSAKUSU,905440,2,2,7,7,83,18.617,20.923,0.8181818181818182,1.1927710843373494,74317,2020-11-04 11:56:42.906000-05:00,25,2,8,88.0,93.1818181818182,71.5,93.006993006993,1768,19.005,16.774,0.8408812729498164,1.2081447963800904,320053,2020-04-22 12:39:15.126000-04:00,2010.0,California,Yes,None
PSAKUSU,905709,2,2,6,6,75,14.049,14.163,0.8840579710144928,1.1733333333333333,74317,2020-11-04 11:56:42.906000-05:00,25,2,8,88.0,93.1818181818182,71.5,93.006993006993,1768,19.005,16.774,0.8408812729498164,1.2081447963800904,320053,2020-04-22 12:39:15.126000-04:00,2010.0,California,Yes,None
PSAKUSU,905464,2,2,7,7,84,33.627,37.319,0.8205128205128205,1.1666666666666667,74317,2020-11-04 11:56:42.906000-05:00,25,2,8,88.0,93.1818181818182,71.5,93.006993006993,1768,19.005,16.774,0.8408812729498164,1.2081447963800904,320053,2020-04-22 12:39:15.126000-04:00,2010.0,California,Yes,None
PSAKUSU,905398,2,2,6,6,74,22.202,29.6325,0.8529411764705882,1.1891891891891893,74317,2020-11-04 11:56:42.906000-05:00,25,2,8,88.0,93.1818181818182,71.5,93.006993006993,1768,19.005,16.774,0.8408812729498164,1.2081447963800904,320053,2020-04-22 12:39:15.126000-04:00,2010.0,California,Yes,None
PSAKUSU,905468,2,2,6,6,82,19.9055,22.2205,0.8289473684210527,1.1829268292682926,74317,2020-11-04 11:56:42.906000-05:00,25,2,8,88.0,93.1818181818182,71.5,93.006993006993,1768,19.005,16.774,0.8408812729498164,1.2081447963800904,320053,2020-04-22 12:39:15.126000-04:00,2010.0,California,Yes,None
PSAKUSU,905400,2,2,6,6,74,11.635,13.09,0.9411764705882353,1.0945945945945945,74317,2020-11-04 11:56:42.906000-05:00,25,2,8,88.0,93.1818181818182,71.5,93.006993006993,1768,19.005,16.774,0.8408812729498164,1.2081447963800904,320053,2020-04-22 12:39:15.126000-04:00,2010.0,California,Yes,None
PSAKUSU,909388,1,1,4,3,43,21.041,21.048,0.9230769230769231,1.0930232558139534,74317,2020-11-04 11:56:42.906000-05:00,25,2,8,88.0,93.1818181818182,71.5,93.006993006993,1768,19.005,16.774,0.8408812729498164,1.2081447963800904,320053,2020-04-22 12:39:15.126000-04:00,2010.0,California,Yes,None
PSAKUSU,906891,2,2,6,6,74,15.7035,17.1685,0.8676470588235294,1.1891891891891893,74317,2020-11-04 11:56:42.906000-05:00,25,2,8,88.0,93.1818181818182,71.5,93.006993006993,1768,19.005,16.774,0.8408812729498164,1.2081447963800904,320053,2020-04-22 12:39:15.126000-04:00,2010.0,California,Yes,None
PSAKUSU,906910,2,2,6,6,75,26.803,30.484,0.855072463768116,1.2666666666666666,74317,2020-11-04 11:56:42.906000-05:00,25,2,8,88.0,93.1818181818182,71.5,93.006993006993,1768,19.005,16.774,0.8408812729498164,1.2081447963800904,320053,2020-04-22 12:39:15.126000-04:00,2010.0,California,Yes,None
PSAKUSU,905694,2,2,6,6,76,12.273,13.0915,0.8571428571428571,1.1710526315789473,74317,2020-11-04 11:56:42.906000-05:00,25,2,8,88.0,93.1818181818182,71.5,93.006993006993,1768,19.005,16.774,0.8408812729498164,1.2081447963800904,320053,2020-04-22 12:39:15.126000-04:00,2010.0,California,Yes,None
PSAKUSU,907634,2,2,7,7,87,22.616,30.349,0.7901234567901234,1.2988505747126438,74317,2020-11-04 11:56:42.906000-05:00,25,2,8,88.0,93.1818181818182,71.5,93.006993006993,1768,19.005,16.774,0.8408812729498164,1.2081447963800904,320053,2020-04-22 12:39:15.126000-04:00,2010.0,California,Yes,None
PSAKUSU,907691,2,2,6,5,74,13.619,17.533,0.927536231884058,1.1216216216216215,74317,2020-11-04 11:56:42.906000-05:00,25,2,8,88.0,93.1818181818182,71.5,93.006993006993,1768,19.005,16.774,0.8408812729498164,1.2081447963800904,320053,2020-04-22 12:39:15.126000-04:00,2010.0,California,Yes,None
PSAKUSU,905697,2,1,6,6,71,21.779,23.218,0.8923076923076924,1.2816901408450705,74317,2020-11-04 11:56:42.906000-05:00,25,2,8,88.0,93.1818181818182,71.5,93.006993006993,1768,19.005,16.774,0.8408812729498164,1.2081447963800904,320053,2020-04-22 12:39:15.126000-04:00,2010.0,California,Yes,None
PSAKUSU,908029,2,2,5,4,76,14.0085,18.823,0.6197183098591549,1.513157894736842,74317,2020-11-04 11:56:42.906000-05:00,25,2,8,88.0,93.1818181818182,71.5,93.006993006993,1768,19.005,16.774,0.8408812729498164,1.2081447963800904,320053,2020-04-22 12:39:15.126000-04:00,2010.0,California,Yes,None
PSAKUSU,908047,1,0,6,5,67,22.725,23.069,0.75,1.3582089552238805,74317,2020-11-04 11:56:42.906000-05:00,25,2,8,88.0,93.1818181818182,71.5,93.006993006993,1768,19.005,16.774,0.8408812729498164,1.2081447963800904,320053,2020-04-22 12:39:15.126000-04:00,2010.0,California,Yes,None
PSAKUSU,909619,2,2,6,6,77,14.195,14.819,0.8309859154929577,1.2077922077922079,74317,2020-11-04 11:56:42.906000-05:00,25,2,8,88.0,93.1818181818182,71.5,93.006993006993,1768,19.005,16.774,0.8408812729498164,1.2081447963800904,320053,2020-04-22 12:39:15.126000-04:00,2010.0,California,Yes,None
PSAKUSU,908093,2,2,5,5,71,15.715,17.148,0.8153846153846154,1.1971830985915493,74317,2020-11-04 11:56:42.906000-05:00,25,2,8,88.0,93.1818181818182,71.5,93.006993006993,1768,19.005,16.774,0.8408812729498164,1.2081447963800904,320053,2020-04-22 12:39:15.126000-04:00,2010.0,California,Yes,None
PSAKUSU,909457,2,2,6,5,77,19.948,21.733,0.6901408450704225,1.3116883116883118,74318,2020-11-04 11:56:42.909000-05:00,21,2,7,78.5714285714286,78.7878787878788,64.6258503401361,85.2631578947368,1227,21.881,17.624,0.6771653543307087,1.4099429502852485,320053,2020-04-22 12:39:15.126000-04:00,2010.0,California,Yes,None
PSAKUSU,905700,2,1,5,5,73,4.365,9.852,0.23880597014925373,1.8356164383561644,74318,2020-11-04 11:56:42.909000-05:00,21,2,7,78.5714285714286,78.7878787878788,64.6258503401361,85.2631578947368,1227,21.881,17.624,0.6771653543307087,1.4099429502852485,320053,2020-04-22 12:39:15.126000-04:00,2010.0,California,Yes,None
PSAKUSU,905703,2,2,2,0,38,21.5985,24.2205,0.5263157894736842,1.6052631578947367,74318,2020-11-04 11:56:42.909000-05:00,21,2,7,78.5714285714286,78.7878787878788,64.6258503401361,85.2631578947368,1227,21.881,17.624,0.6771653543307087,1.4099429502852485,320053,2020-04-22 12:39:15.126000-04:00,2010.0,California,Yes,None
PSAKUSU,905728,2,2,4,2,44,48.9905,54.7695,0.775,1.1590909090909092,74318,2020-11-04 11:56:42.909000-05:00,21,2,7,78.5714285714286,78.7878787878788,64.6258503401361,85.2631578947368,1227,21.881,17.624,0.6771653543307087,1.4099429502852485,320053,2020-04-22 12:39:15.126000-04:00,2010.0,California,Yes,None
PSAKUSU,904656,2,1,6,6,81,21.092,31.446,0.5466666666666666,1.5555555555555556,74318,2020-11-04 11:56:42.909000-05:00,21,2,7,78.5714285714286,78.7878787878788,64.6258503401361,85.2631578947368,1227,21.881,17.624,0.6771653543307087,1.4099429502852485,320053,2020-04-22 12:39:15.126000-04:00,2010.0,California,Yes,None
PSAKUSU,907029,2,1,2,2,49,13.718,22.901,0.6530612244897959,1.469387755102041,74318,2020-11-04 11:56:42.909000-05:00,21,2,7,78.5714285714286,78.7878787878788,64.6258503401361,85.2631578947368,1227,21.881,17.624,0.6771653543307087,1.4099429502852485,320053,2020-04-22 12:39:15.126000-04:00,2010.0,California,Yes,None
PSAKUSU,908002,1,1,6,6,71,14.008,15.342,0.8153846153846154,1.2253521126760563,74318,2020-11-04 11:56:42.909000-05:00,21,2,7,78.5714285714286,78.7878787878788,64.6258503401361,85.2631578947368,1227,21.881,17.624,0.6771653543307087,1.4099429502852485,320053,2020-04-22 12:39:15.126000-04:00,2010.0,California,Yes,None
PSAKUSU,909469,1,1,4,1,36,15.4165,22.928,0.6388888888888888,1.3888888888888888,74318,2020-11-04 11:56:42.909000-05:00,21,2,7,78.5714285714286,78.7878787878788,64.6258503401361,85.2631578947368,1227,21.881,17.624,0.6771653543307087,1.4099429502852485,320053,2020-04-22 12:39:15.126000-04:00,2010.0,California,Yes,None
PSAKUSU,909516,1,1,3,3,47,12.963,18.659,0.7674418604651163,1.3404255319148937,74318,2020-11-04 11:56:42.909000-05:00,21,2,7,78.5714285714286,78.7878787878788,64.6258503401361,85.2631578947368,1227,21.881,17.624,0.6771653543307087,1.4099429502852485,320053,2020-04-22 12:39:15.126000-04:00,2010.0,California,Yes,None
PSAKUSU,909507,1,1,6,6,71,11.468,15.834,0.7076923076923077,1.3098591549295775,74318,2020-11-04 11:56:42.909000-05:00,21,2,7,78.5714285714286,78.7878787878788,64.6258503401361,85.2631578947368,1227,21.881,17.624,0.6771653543307087,1.4099429502852485,320053,2020-04-22 12:39:15.126000-04:00,2010.0,California,Yes,None
PSAKUSU,910381,1,1,4,3,32,35.4525,35.4585,0.8461538461538461,1.15625,74318,2020-11-04 11:56:42.909000-05:00,21,2,7,78.5714285714286,78.7878787878788,64.6258503401361,85.2631578947368,1227,21.881,17.624,0.6771653543307087,1.4099429502852485,320053,2020-04-22 12:39:15.126000-04:00,2010.0,California,Yes,None
PSAKUSU,910320,1,1,6,6,73,16.045,17.78,0.7611940298507462,1.3972602739726028,74318,2020-11-04 11:56:42.909000-05:00,21,2,7,78.5714285714286,78.7878787878788,64.6258503401361,85.2631578947368,1227,21.881,17.624,0.6771653543307087,1.4099429502852485,320053,2020-04-22 12:39:15.126000-04:00,2010.0,California,Yes,None
PSAKUSU,910267,2,1,3,3,49,22.133,27.192,0.5918367346938775,1.9183673469387754,74318,2020-11-04 11:56:42.909000-05:00,21,2,7,78.5714285714286,78.7878787878788,64.6258503401361,85.2631578947368,1227,21.881,17.624,0.6771653543307087,1.4099429502852485,320053,2020-04-22 12:39:15.126000-04:00,2010.0,California,Yes,None
PSAKUSU,910247,2,2,5,4,65,19.965,20.748,0.9,1.2,74318,2020-11-04 11:56:42.909000-05:00,21,2,7,78.5714285714286,78.7878787878788,64.6258503401361,85.2631578947368,1227,21.881,17.624,0.6771653543307087,1.4099429502852485,320053,2020-04-22 12:39:15.126000-04:00,2010.0,California,Yes,None
PSAKUSU,910044,2,0,6,5,73,28.032,44.393,0.6417910447761194,1.465753424657534,74318,2020-11-04 11:56:42.909000-05:00,21,2,7,78.5714285714286,78.7878787878788,64.6258503401361,85.2631578947368,1227,21.881,17.624,0.6771653543307087,1.4099429502852485,320053,2020-04-22 12:39:15.126000-04:00,2010.0,California,Yes,None
PSAKUSU,909504,2,2,6,6,75,19.83,22.662,0.782608695652174,1.3066666666666666,74318,2020-11-04 11:56:42.909000-05:00,21,2,7,78.5714285714286,78.7878787878788,64.6258503401361,85.2631578947368,1227,21.881,17.624,0.6771653543307087,1.4099429502852485,320053,2020-04-22 12:39:15.126000-04:00,2010.0,California,Yes,None
PSAKUSU,909474,2,2,5,5,78,19.042,19.4815,0.7671232876712328,1.3076923076923077,74318,2020-11-04 11:56:42.909000-05:00,21,2,7,78.5714285714286,78.7878787878788,64.6258503401361,85.2631578947368,1227,21.881,17.624,0.6771653543307087,1.4099429502852485,320053,2020-04-22 12:39:15.126000-04:00,2010.0,California,Yes,None
PSAKUSU,909562,1,1,6,5,62,19.8755,27.958,0.7678571428571429,1.3064516129032258,74318,2020-11-04 11:56:42.909000-05:00,21,2,7,78.5714285714286,78.7878787878788,64.6258503401361,85.2631578947368,1227,21.881,17.624,0.6771653543307087,1.4099429502852485,320053,2020-04-22 12:39:15.126000-04:00,2010.0,California,Yes,None
PSAKUSU,909455,2,1,6,5,77,15.82,26.902,0.5633802816901409,1.5064935064935066,74318,2020-11-04 11:56:42.909000-05:00,21,2,7,78.5714285714286,78.7878787878788,64.6258503401361,85.2631578947368,1227,21.881,17.624,0.6771653543307087,1.4099429502852485,320053,2020-04-22 12:39:15.126000-04:00,2010.0,California,Yes,None
PSAKUSU,911600,0,0,2,1,19,34.79,34.793,0.8947368421052632,1.0526315789473684,74537,2020-11-05 20:23:01.015000-05:00,18,0,1,0.0,0.0,61.1111111111111,90.9090909090909,110,52.346,38.757,0.5818181818181818,1.4090909090909092,901995,2020-11-03 09:06:39.728000-05:00,1756.0,New York,No,None
PSAKUSU,911130,0,0,1,1,11,5.704,15.493,0.0,1.1818181818181819,74537,2020-11-05 20:23:01.015000-05:00,18,0,1,0.0,0.0,61.1111111111111,90.9090909090909,110,52.346,38.757,0.5818181818181818,1.4090909090909092,901995,2020-11-03 09:06:39.728000-05:00,1756.0,New York,No,None
PSAKUSU,908226,0,0,2,2,22,59.523,62.9475,0.6363636363636364,1.2272727272727273,74537,2020-11-05 20:23:01.015000-05:00,18,0,1,0.0,0.0,61.1111111111111,90.9090909090909,110,52.346,38.757,0.5818181818181818,1.4090909090909092,901995,2020-11-03 09:06:39.728000-05:00,1756.0,New York,No,None
PSAKUSU,908280,0,0,1,1,11,45.863,64.687,0.6363636363636364,1.3636363636363635,74537,2020-11-05 20:23:01.015000-05:00,18,0,1,0.0,0.0,61.1111111111111,90.9090909090909,110,52.346,38.757,0.5818181818181818,1.4090909090909092,901995,2020-11-03 09:06:39.728000-05:00,1756.0,New York,No,None
PSAKUSU,908288,0,0,1,1,11,32.396,32.803,0.8181818181818182,1.2727272727272727,74537,2020-11-05 20:23:01.015000-05:00,18,0,1,0.0,0.0,61.1111111111111,90.9090909090909,110,52.346,38.757,0.5818181818181818,1.4090909090909092,901995,2020-11-03 09:06:39.728000-05:00,1756.0,New York,No,None
PSAKUSU,913636,0,0,0,0,0,,,,,74537,2020-11-05 20:23:01.015000-05:00,18,0,1,0.0,0.0,61.1111111111111,90.9090909090909,110,52.346,38.757,0.5818181818181818,1.4090909090909092,901995,2020-11-03 09:06:39.728000-05:00,1756.0,New York,No,None
PSAKUSU,910602,0,0,1,1,11,27.478,32.611,0.7272727272727273,1.2727272727272727,74537,2020-11-05 20:23:01.015000-05:00,18,0,1,0.0,0.0,61.1111111111111,90.9090909090909,110,52.346,38.757,0.5818181818181818,1.4090909090909092,901995,2020-11-03 09:06:39.728000-05:00,1756.0,New York,No,None
PSAKUSU,910565,0,0,1,1,11,60.72,196.882,0.6363636363636364,1.2727272727272727,74537,2020-11-05 20:23:01.015000-05:00,18,0,1,0.0,0.0,61.1111111111111,90.9090909090909,110,52.346,38.757,0.5818181818181818,1.4090909090909092,901995,2020-11-03 09:06:39.728000-05:00,1756.0,New York,No,None
PSAKUSU,910324,0,0,2,1,11,50.977,50.98,0.6363636363636364,1.2727272727272727,74537,2020-11-05 20:23:01.015000-05:00,18,0,1,0.0,0.0,61.1111111111111,90.9090909090909,110,52.346,38.757,0.5818181818181818,1.4090909090909092,901995,2020-11-03 09:06:39.728000-05:00,1756.0,New York,No,None
PSAKUSU,917921,0,0,0,0,0,,,,,74537,2020-11-05 20:23:01.015000-05:00,18,0,1,0.0,0.0,61.1111111111111,90.9090909090909,110,52.346,38.757,0.5818181818181818,1.4090909090909092,901995,2020-11-03 09:06:39.728000-05:00,1756.0,New York,No,None
PSAKUSU,910432,0,0,2,2,22,56.187,89.036,0.4090909090909091,1.9545454545454546,74537,2020-11-05 20:23:01.015000-05:00,18,0,1,0.0,0.0,61.1111111111111,90.9090909090909,110,52.346,38.757,0.5818181818181818,1.4090909090909092,901995,2020-11-03 09:06:39.728000-05:00,1756.0,New York,No,None
PSAKUSU,910756,0,0,1,1,11,90.931,150.209,0.36363636363636365,1.4545454545454546,74538,2020-11-05 20:23:01.018000-05:00,19,0,1,0.0,0.0,68.4210526315789,92.3076923076923,142,43.2045,38.5295,0.647887323943662,1.232394366197183,901995,2020-11-03 09:06:39.728000-05:00,1756.0,New York,No,None
PSAKUSU,910503,0,0,1,1,11,5.132,18.362,0.0,1.0,74538,2020-11-05 20:23:01.018000-05:00,19,0,1,0.0,0.0,68.4210526315789,92.3076923076923,142,43.2045,38.5295,0.647887323943662,1.232394366197183,901995,2020-11-03 09:06:39.728000-05:00,1756.0,New York,No,None
PSAKUSU,908309,0,0,1,1,11,63.767,64.684,0.8181818181818182,1.1818181818181819,74538,2020-11-05 20:23:01.018000-05:00,19,0,1,0.0,0.0,68.4210526315789,92.3076923076923,142,43.2045,38.5295,0.647887323943662,1.232394366197183,901995,2020-11-03 09:06:39.728000-05:00,1756.0,New York,No,None
PSAKUSU,909517,0,0,2,2,22,21.9085,28.7255,0.6363636363636364,1.3181818181818181,74538,2020-11-05 20:23:01.018000-05:00,19,0,1,0.0,0.0,68.4210526315789,92.3076923076923,142,43.2045,38.5295,0.647887323943662,1.232394366197183,901995,2020-11-03 09:06:39.728000-05:00,1756.0,New York,No,None
PSAKUSU,910423,0,0,2,0,10,41.1885,56.1605,0.8,1.2,74538,2020-11-05 20:23:01.018000-05:00,19,0,1,0.0,0.0,68.4210526315789,92.3076923076923,142,43.2045,38.5295,0.647887323943662,1.232394366197183,901995,2020-11-03 09:06:39.728000-05:00,1756.0,New York,No,None
PSAKUSU,910418,0,0,1,1,11,38.54,38.556,0.8181818181818182,1.0909090909090908,74538,2020-11-05 20:23:01.018000-05:00,19,0,1,0.0,0.0,68.4210526315789,92.3076923076923,142,43.2045,38.5295,0.647887323943662,1.232394366197183,901995,2020-11-03 09:06:39.728000-05:00,1756.0,New York,No,None
PSAKUSU,913383,0,0,0,0,0,,,,,74538,2020-11-05 20:23:01.018000-05:00,19,0,1,0.0,0.0,68.4210526315789,92.3076923076923,142,43.2045,38.5295,0.647887323943662,1.232394366197183,901995,2020-11-03 09:06:39.728000-05:00,1756.0,New York,No,None
PSAKUSU,908437,0,0,1,1,11,22.768,22.775,0.9090909090909091,1.0,74538,2020-11-05 20:23:01.018000-05:00,19,0,1,0.0,0.0,68.4210526315789,92.3076923076923,142,43.2045,38.5295,0.647887323943662,1.232394366197183,901995,2020-11-03 09:06:39.728000-05:00,1756.0,New York,No,None
PSAKUSU,908467,0,0,1,1,11,43.574,43.579,0.6363636363636364,1.3636363636363635,74538,2020-11-05 20:23:01.018000-05:00,19,0,1,0.0,0.0,68.4210526315789,92.3076923076923,142,43.2045,38.5295,0.647887323943662,1.232394366197183,901995,2020-11-03 09:06:39.728000-05:00,1756.0,New York,No,None
PSAKUSU,910276,0,0,1,1,11,33.892,40.606,0.7272727272727273,1.0,74538,2020-11-05 20:23:01.018000-05:00,19,0,1,0.0,0.0,68.4210526315789,92.3076923076923,142,43.2045,38.5295,0.647887323943662,1.232394366197183,901995,2020-11-03 09:06:39.728000-05:00,1756.0,New York,No,None
PSAKUSU,914237,0,0,0,0,0,,,,,74538,2020-11-05 20:23:01.018000-05:00,19,0,1,0.0,0.0,68.4210526315789,92.3076923076923,142,43.2045,38.5295,0.647887323943662,1.232394366197183,901995,2020-11-03 09:06:39.728000-05:00,1756.0,New York,No,None
PSAKUSU,910208,0,0,2,2,22,24.074,24.0825,0.8181818181818182,1.4545454545454546,74538,2020-11-05 20:23:01.018000-05:00,19,0,1,0.0,0.0,68.4210526315789,92.3076923076923,142,43.2045,38.5295,0.647887323943662,1.232394366197183,901995,2020-11-03 09:06:39.728000-05:00,1756.0,New York,No,None
PSAKUSU,913735,0,0,2,2,22,22.337,24.3895,0.8636363636363636,1.0909090909090908,74538,2020-11-05 20:23:01.018000-05:00,19,0,1,0.0,0.0,68.4210526315789,92.3076923076923,142,43.2045,38.5295,0.647887323943662,1.232394366197183,901995,2020-11-03 09:06:39.728000-05:00,1756.0,New York,No,None
PSAKUSU,908173,0,0,1,1,11,14.315,14.319,0.8181818181818182,1.0909090909090908,74538,2020-11-05 20:23:01.018000-05:00,19,0,1,0.0,0.0,68.4210526315789,92.3076923076923,142,43.2045,38.5295,0.647887323943662,1.232394366197183,901995,2020-11-03 09:06:39.728000-05:00,1756.0,New York,No,None
PSAKUSU,911158,0,0,1,0,8,80.5725,93.6495,0.875,1.125,74539,2020-11-05 20:23:01.041000-05:00,21,0,1,0.0,0.0,47.6190476190476,90.0,101,55.569,51.739,0.7128712871287128,1.2475247524752475,901995,2020-11-03 09:06:39.728000-05:00,1756.0,New York,No,None
PSAKUSU,908156,0,0,1,0,2,103.249,103.274,1.0,1.0,74539,2020-11-05 20:23:01.041000-05:00,21,0,1,0.0,0.0,47.6190476190476,90.0,101,55.569,51.739,0.7128712871287128,1.2475247524752475,901995,2020-11-03 09:06:39.728000-05:00,1756.0,New York,No,None
PSAKUSU,908160,0,0,1,1,11,44.774,52.402,0.8181818181818182,1.3636363636363635,74539,2020-11-05 20:23:01.041000-05:00,21,0,1,0.0,0.0,47.6190476190476,90.0,101,55.569,51.739,0.7128712871287128,1.2475247524752475,901995,2020-11-03 09:06:39.728000-05:00,1756.0,New York,No,None
PSAKUSU,908314,0,0,1,1,11,151.697,151.698,0.45454545454545453,1.5454545454545454,74539,2020-11-05 20:23:01.041000-05:00,21,0,1,0.0,0.0,47.6190476190476,90.0,101,55.569,51.739,0.7128712871287128,1.2475247524752475,901995,2020-11-03 09:06:39.728000-05:00,1756.0,New York,No,None
PSAKUSU,909093,0,0,1,1,11,38.423,39.534,0.7272727272727273,1.2727272727272727,74539,2020-11-05 20:23:01.041000-05:00,21,0,1,0.0,0.0,47.6190476190476,90.0,101,55.569,51.739,0.7128712871287128,1.2475247524752475,901995,2020-11-03 09:06:39.728000-05:00,1756.0,New York,No,None
PSAKUSU,909122,0,0,1,1,11,87.819,102.586,0.6363636363636364,1.0,74539,2020-11-05 20:23:01.041000-05:00,21,0,1,0.0,0.0,47.6190476190476,90.0,101,55.569,51.739,0.7128712871287128,1.2475247524752475,901995,2020-11-03 09:06:39.728000-05:00,1756.0,New York,No,None
PSAKUSU,910035,0,0,2,1,11,39.342,39.715,0.8181818181818182,1.0909090909090908,74539,2020-11-05 20:23:01.041000-05:00,21,0,1,0.0,0.0,47.6190476190476,90.0,101,55.569,51.739,0.7128712871287128,1.2475247524752475,901995,2020-11-03 09:06:39.728000-05:00,1756.0,New York,No,None
PSAKUSU,910106,0,0,1,1,11,45.337,53.133,0.8181818181818182,1.0,74539,2020-11-05 20:23:01.041000-05:00,21,0,1,0.0,0.0,47.6190476190476,90.0,101,55.569,51.739,0.7128712871287128,1.2475247524752475,901995,2020-11-03 09:06:39.728000-05:00,1756.0,New York,No,None
PSAKUSU,910433,0,0,2,1,11,50.684,54.76,0.6363636363636364,1.4545454545454546,74539,2020-11-05 20:23:01.041000-05:00,21,0,1,0.0,0.0,47.6190476190476,90.0,101,55.569,51.739,0.7128712871287128,1.2475247524752475,901995,2020-11-03 09:06:39.728000-05:00,1756.0,New York,No,None
PSAKUSU,910473,0,0,1,1,11,44.412,46.316,0.7272727272727273,1.1818181818181819,74539,2020-11-05 20:23:01.041000-05:00,21,0,1,0.0,0.0,47.6190476190476,90.0,101,55.569,51.739,0.7128712871287128,1.2475247524752475,901995,2020-11-03 09:06:39.728000-05:00,1756.0,New York,No,None
PSAKUSU,910479,0,0,0,0,0,,,,,74539,2020-11-05 20:23:01.041000-05:00,21,0,1,0.0,0.0,47.6190476190476,90.0,101,55.569,51.739,0.7128712871287128,1.2475247524752475,901995,2020-11-03 09:06:39.728000-05:00,1756.0,New York,No,None
PSAKUSU,913547,0,0,1,1,11,39.863,40.341,0.6363636363636364,1.2727272727272727,74539,2020-11-05 20:23:01.041000-05:00,21,0,1,0.0,0.0,47.6190476190476,90.0,101,55.569,51.739,0.7128712871287128,1.2475247524752475,901995,2020-11-03 09:06:39.728000-05:00,1756.0,New York,No,None
PSAKUSU,913907,0,0,0,0,0,,,,,74539,2020-11-05 20:23:01.041000-05:00,21,0,1,0.0,0.0,47.6190476190476,90.0,101,55.569,51.739,0.7128712871287128,1.2475247524752475,901995,2020-11-03 09:06:39.728000-05:00,1756.0,New York,No,None
PSAKUSU,914332,0,0,1,0,4,118.9425,157.903,0.0,2.25,74539,2020-11-05 20:23:01.041000-05:00,21,0,1,0.0,0.0,47.6190476190476,90.0,101,55.569,51.739,0.7128712871287128,1.2475247524752475,901995,2020-11-03 09:06:39.728000-05:00,1756.0,New York,No,None
PSAKUSU,917967,0,0,0,0,0,,,,,74539,2020-11-05 20:23:01.041000-05:00,21,0,1,0.0,0.0,47.6190476190476,90.0,101,55.569,51.739,0.7128712871287128,1.2475247524752475,901995,2020-11-03 09:06:39.728000-05:00,1756.0,New York,No,None
PSAKUSU,908216,0,0,2,2,22,38.2145,39.916,0.7727272727272727,1.7727272727272727,74540,2020-11-05 20:23:01.043000-05:00,21,0,1,0.0,0.0,61.9047619047619,100.0,139,61.13,43.727,0.5683453237410072,1.525179856115108,901995,2020-11-03 09:06:39.728000-05:00,1756.0,New York,No,None
PSAKUSU,908379,0,0,1,1,11,63.511,85.719,0.8181818181818182,1.1818181818181819,74540,2020-11-05 20:23:01.043000-05:00,21,0,1,0.0,0.0,61.9047619047619,100.0,139,61.13,43.727,0.5683453237410072,1.525179856115108,901995,2020-11-03 09:06:39.728000-05:00,1756.0,New York,No,None
PSAKUSU,908378,0,0,1,1,11,157.899,159.22,0.7272727272727273,1.4545454545454546,74540,2020-11-05 20:23:01.043000-05:00,21,0,1,0.0,0.0,61.9047619047619,100.0,139,61.13,43.727,0.5683453237410072,1.525179856115108,901995,2020-11-03 09:06:39.728000-05:00,1756.0,New York,No,None
PSAKUSU,909280,0,0,1,1,11,89.869,185.571,0.18181818181818182,2.4545454545454546,74540,2020-11-05 20:23:01.043000-05:00,21,0,1,0.0,0.0,61.9047619047619,100.0,139,61.13,43.727,0.5683453237410072,1.525179856115108,901995,2020-11-03 09:06:39.728000-05:00,1756.0,New York,No,None
PSAKUSU,908292,0,0,2,2,22,60.756,68.022,0.5,1.3636363636363635,74540,2020-11-05 20:23:01.043000-05:00,21,0,1,0.0,0.0,61.9047619047619,100.0,139,61.13,43.727,0.5683453237410072,1.525179856115108,901995,2020-11-03 09:06:39.728000-05:00,1756.0,New York,No,None
PSAKUSU,910358,0,0,2,2,21,35.635,36.326,0.7619047619047619,1.3333333333333333,74540,2020-11-05 20:23:01.043000-05:00,21,0,1,0.0,0.0,61.9047619047619,100.0,139,61.13,43.727,0.5683453237410072,1.525179856115108,901995,2020-11-03 09:06:39.728000-05:00,1756.0,New York,No,None
PSAKUSU,909664,0,0,2,1,14,38.9395,76.057,0.5,2.4285714285714284,74540,2020-11-05 20:23:01.043000-05:00,21,0,1,0.0,0.0,61.9047619047619,100.0,139,61.13,43.727,0.5683453237410072,1.525179856115108,901995,2020-11-03 09:06:39.728000-05:00,1756.0,New York,No,None
PSAKUSU,908490,0,0,2,2,22,50.2905,50.296,0.9090909090909091,1.4545454545454546,74540,2020-11-05 20:23:01.043000-05:00,21,0,1,0.0,0.0,61.9047619047619,100.0,139,61.13,43.727,0.5683453237410072,1.525179856115108,901995,2020-11-03 09:06:39.728000-05:00,1756.0,New York,No,None
PSAKUSU,1009891,0,0,5,5,30,77.062,86.6275,0.7142857142857143,1.4,74540,2020-11-05 20:23:01.043000-05:00,21,0,1,0.0,0.0,61.9047619047619,100.0,139,61.13,43.727,0.5683453237410072,1.525179856115108,901995,2020-11-03 09:06:39.728000-05:00,1756.0,New York,No,None
PSAKUSU,910187,0,0,2,1,11,87.879,87.887,0.5454545454545454,1.3636363636363635,74540,2020-11-05 20:23:01.043000-05:00,21,0,1,0.0,0.0,61.9047619047619,100.0,139,61.13,43.727,0.5683453237410072,1.525179856115108,901995,2020-11-03 09:06:39.728000-05:00,1756.0,New York,No,None
PSAKUSU,912752,0,0,1,1,11,32.603,63.596,0.5454545454545454,1.4545454545454546,74540,2020-11-05 20:23:01.043000-05:00,21,0,1,0.0,0.0,61.9047619047619,100.0,139,61.13,43.727,0.5683453237410072,1.525179856115108,901995,2020-11-03 09:06:39.728000-05:00,1756.0,New York,No,None
PSAKUSU,908382,0,0,1,1,11,118.002,130.688,0.8181818181818182,1.0909090909090908,74542,2020-11-05 20:23:01.046000-05:00,33,0,1,0.0,0.0,45.4545454545455,86.6666666666667,156,55.1125,48.113,0.6217948717948718,1.4230769230769231,901995,2020-11-03 09:06:39.728000-05:00,1756.0,New York,No,None
PSAKUSU,910407,0,0,1,1,11,107.332,107.333,0.8181818181818182,2.1818181818181817,74542,2020-11-05 20:23:01.046000-05:00,33,0,1,0.0,0.0,45.4545454545455,86.6666666666667,156,55.1125,48.113,0.6217948717948718,1.4230769230769231,901995,2020-11-03 09:06:39.728000-05:00,1756.0,New York,No,None
PSAKUSU,929174,0,0,3,2,27,71.794,182.337,0.5789473684210527,1.5185185185185186,74542,2020-11-05 20:23:01.046000-05:00,33,0,1,0.0,0.0,45.4545454545455,86.6666666666667,156,55.1125,48.113,0.6217948717948718,1.4230769230769231,901995,2020-11-03 09:06:39.728000-05:00,1756.0,New York,No,None
PSAKUSU,937883,0,0,3,2,10,362.7315,362.7555,0.6,1.7,74542,2020-11-05 20:23:01.046000-05:00,33,0,1,0.0,0.0,45.4545454545455,86.6666666666667,156,55.1125,48.113,0.6217948717948718,1.4230769230769231,901995,2020-11-03 09:06:39.728000-05:00,1756.0,New York,No,None
PSAKUSU,948868,0,0,5,3,11,171.009,300.51,0.42857142857142855,2.1818181818181817,74542,2020-11-05 20:23:01.046000-05:00,33,0,1,0.0,0.0,45.4545454545455,86.6666666666667,156,55.1125,48.113,0.6217948717948718,1.4230769230769231,901995,2020-11-03 09:06:39.728000-05:00,1756.0,New York,No,None
PSAKUSU,913543,0,0,1,0,10,36.6435,55.9485,0.6,1.3,74542,2020-11-05 20:23:01.046000-05:00,33,0,1,0.0,0.0,45.4545454545455,86.6666666666667,156,55.1125,48.113,0.6217948717948718,1.4230769230769231,901995,2020-11-03 09:06:39.728000-05:00,1756.0,New York,No,None
PSAKUSU,910460,0,0,1,1,11,35.357,36.673,0.45454545454545453,1.4545454545454546,74542,2020-11-05 20:23:01.046000-05:00,33,0,1,0.0,0.0,45.4545454545455,86.6666666666667,156,55.1125,48.113,0.6217948717948718,1.4230769230769231,901995,2020-11-03 09:06:39.728000-05:00,1756.0,New York,No,None
PSAKUSU,908985,0,0,2,1,15,14.056,26.071,0.06666666666666667,1.0666666666666667,74542,2020-11-05 20:23:01.046000-05:00,33,0,1,0.0,0.0,45.4545454545455,86.6666666666667,156,55.1125,48.113,0.6217948717948718,1.4230769230769231,901995,2020-11-03 09:06:39.728000-05:00,1756.0,New York,No,None
PSAKUSU,908213,0,0,1,1,11,36.274,53.858,0.2727272727272727,1.1818181818181819,74542,2020-11-05 20:23:01.046000-05:00,33,0,1,0.0,0.0,45.4545454545455,86.6666666666667,156,55.1125,48.113,0.6217948717948718,1.4230769230769231,901995,2020-11-03 09:06:39.728000-05:00,1756.0,New York,No,None
PSAKUSU,911281,0,0,1,1,11,64.284,64.286,0.7272727272727273,1.0909090909090908,74542,2020-11-05 20:23:01.046000-05:00,33,0,1,0.0,0.0,45.4545454545455,86.6666666666667,156,55.1125,48.113,0.6217948717948718,1.4230769230769231,901995,2020-11-03 09:06:39.728000-05:00,1756.0,New York,No,None
PSAKUSU,910675,0,0,1,1,11,32.493,32.925,0.7272727272727273,1.0909090909090908,74542,2020-11-05 20:23:01.046000-05:00,33,0,1,0.0,0.0,45.4545454545455,86.6666666666667,156,55.1125,48.113,0.6217948717948718,1.4230769230769231,901995,2020-11-03 09:06:39.728000-05:00,1756.0,New York,No,None
PSAKUSU,910007,0,0,2,2,22,35.0815,41.3115,0.6818181818181818,1.5,74542,2020-11-05 20:23:01.046000-05:00,33,0,1,0.0,0.0,45.4545454545455,86.6666666666667,156,55.1125,48.113,0.6217948717948718,1.4230769230769231,901995,2020-11-03 09:06:39.728000-05:00,1756.0,New York,No,None
PSAKUSU,908217,0,0,2,2,22,18.084,18.087,0.9090909090909091,1.1818181818181819,74542,2020-11-05 20:23:01.046000-05:00,33,0,1,0.0,0.0,45.4545454545455,86.6666666666667,156,55.1125,48.113,0.6217948717948718,1.4230769230769231,901995,2020-11-03 09:06:39.728000-05:00,1756.0,New York,No,None
PSAKUSU,909148,0,0,1,1,11,52.945,53.484,0.36363636363636365,1.5454545454545454,74542,2020-11-05 20:23:01.046000-05:00,33,0,1,0.0,0.0,45.4545454545455,86.6666666666667,156,55.1125,48.113,0.6217948717948718,1.4230769230769231,901995,2020-11-03 09:06:39.728000-05:00,1756.0,New York,No,None
PSAKUSU,909052,0,0,1,1,11,66.57,66.574,0.8181818181818182,1.2727272727272727,74542,2020-11-05 20:23:01.046000-05:00,33,0,1,0.0,0.0,45.4545454545455,86.6666666666667,156,55.1125,48.113,0.6217948717948718,1.4230769230769231,901995,2020-11-03 09:06:39.728000-05:00,1756.0,New York,No,None
PSAKUSU,908481,0,0,1,1,11,61.065,72.948,0.6363636363636364,1.4545454545454546,74542,2020-11-05 20:23:01.046000-05:00,33,0,1,0.0,0.0,45.4545454545455,86.6666666666667,156,55.1125,48.113,0.6217948717948718,1.4230769230769231,901995,2020-11-03 09:06:39.728000-05:00,1756.0,New York,No,None
PSAKUSU,908614,0,0,2,2,22,33.405,33.4135,0.9090909090909091,1.2272727272727273,74542,2020-11-05 20:23:01.046000-05:00,33,0,1,0.0,0.0,45.4545454545455,86.6666666666667,156,55.1125,48.113,0.6217948717948718,1.4230769230769231,901995,2020-11-03 09:06:39.728000-05:00,1756.0,New York,No,None
PSAKUSU,913696,0,0,1,0,5,168.863,168.868,0.8,1.0,74542,2020-11-05 20:23:01.046000-05:00,33,0,1,0.0,0.0,45.4545454545455,86.6666666666667,156,55.1125,48.113,0.6217948717948718,1.4230769230769231,901995,2020-11-03 09:06:39.728000-05:00,1756.0,New York,No,None
PSAKUSU,908581,0,0,2,2,22,34.7225,35.1635,0.7272727272727273,1.4090909090909092,74543,2020-11-05 20:23:01.047000-05:00,27,0,1,0.0,0.0,44.4444444444444,100.0,131,37.881,29.501,0.5954198473282443,1.2824427480916032,901995,2020-11-03 09:06:39.728000-05:00,1756.0,New York,No,None
PSAKUSU,910164,0,0,1,1,11,22.756,22.772,0.8181818181818182,1.3636363636363635,74543,2020-11-05 20:23:01.047000-05:00,27,0,1,0.0,0.0,44.4444444444444,100.0,131,37.881,29.501,0.5954198473282443,1.2824427480916032,901995,2020-11-03 09:06:39.728000-05:00,1756.0,New York,No,None
PSAKUSU,910230,0,0,1,1,11,38.998,42.529,0.45454545454545453,1.4545454545454546,74543,2020-11-05 20:23:01.047000-05:00,27,0,1,0.0,0.0,44.4444444444444,100.0,131,37.881,29.501,0.5954198473282443,1.2824427480916032,901995,2020-11-03 09:06:39.728000-05:00,1756.0,New York,No,None
PSAKUSU,908541,0,0,1,1,11,57.097,71.836,0.8181818181818182,1.2727272727272727,74543,2020-11-05 20:23:01.047000-05:00,27,0,1,0.0,0.0,44.4444444444444,100.0,131,37.881,29.501,0.5954198473282443,1.2824427480916032,901995,2020-11-03 09:06:39.728000-05:00,1756.0,New York,No,None
PSAKUSU,910424,0,0,1,1,11,23.603,26.203,0.8181818181818182,1.0,74543,2020-11-05 20:23:01.047000-05:00,27,0,1,0.0,0.0,44.4444444444444,100.0,131,37.881,29.501,0.5954198473282443,1.2824427480916032,901995,2020-11-03 09:06:39.728000-05:00,1756.0,New York,No,None
PSAKUSU,939068,0,0,8,7,59,85.733,139.535,0.43478260869565216,2.3728813559322033,74543,2020-11-05 20:23:01.047000-05:00,27,0,1,0.0,0.0,44.4444444444444,100.0,131,37.881,29.501,0.5954198473282443,1.2824427480916032,901995,2020-11-03 09:06:39.728000-05:00,1756.0,New York,No,None
PSAKUSU,908295,0,0,0,0,0,,,,,74543,2020-11-05 20:23:01.047000-05:00,27,0,1,0.0,0.0,44.4444444444444,100.0,131,37.881,29.501,0.5954198473282443,1.2824427480916032,901995,2020-11-03 09:06:39.728000-05:00,1756.0,New York,No,None
PSAKUSU,910930,0,0,1,1,11,29.501,42.091,0.2727272727272727,1.1818181818181819,74543,2020-11-05 20:23:01.047000-05:00,27,0,1,0.0,0.0,44.4444444444444,100.0,131,37.881,29.501,0.5954198473282443,1.2824427480916032,901995,2020-11-03 09:06:39.728000-05:00,1756.0,New York,No,None
PSAKUSU,911263,0,0,2,2,22,2.494,19.278,0.0,1.0,74543,2020-11-05 20:23:01.047000-05:00,27,0,1,0.0,0.0,44.4444444444444,100.0,131,37.881,29.501,0.5954198473282443,1.2824427480916032,901995,2020-11-03 09:06:39.728000-05:00,1756.0,New York,No,None
PSAKUSU,911384,0,0,1,1,11,30.196,30.2,0.7272727272727273,1.0909090909090908,74543,2020-11-05 20:23:01.047000-05:00,27,0,1,0.0,0.0,44.4444444444444,100.0,131,37.881,29.501,0.5954198473282443,1.2824427480916032,901995,2020-11-03 09:06:39.728000-05:00,1756.0,New York,No,None
PSAKUSU,912060,0,0,2,2,21,20.535,41.362,0.0,1.2857142857142858,74543,2020-11-05 20:23:01.047000-05:00,27,0,1,0.0,0.0,44.4444444444444,100.0,131,37.881,29.501,0.5954198473282443,1.2824427480916032,901995,2020-11-03 09:06:39.728000-05:00,1756.0,New York,No,None
PSAKUSU,908158,0,0,1,1,11,22.731,25.378,0.6363636363636364,1.5454545454545454,74543,2020-11-05 20:23:01.047000-05:00,27,0,1,0.0,0.0,44.4444444444444,100.0,131,37.881,29.501,0.5954198473282443,1.2824427480916032,901995,2020-11-03 09:06:39.728000-05:00,1756.0,New York,No,None
PSAKUSU,913367,0,0,2,1,11,29.22,29.223,0.8181818181818182,1.1818181818181819,74543,2020-11-05 20:23:01.047000-05:00,27,0,1,0.0,0.0,44.4444444444444,100.0,131,37.881,29.501,0.5954198473282443,1.2824427480916032,901995,2020-11-03 09:06:39.728000-05:00,1756.0,New York,No,None
PSAKUSU,908152,0,0,1,1,11,53.616,53.647,0.7272727272727273,1.5454545454545454,74543,2020-11-05 20:23:01.047000-05:00,27,0,1,0.0,0.0,44.4444444444444,100.0,131,37.881,29.501,0.5954198473282443,1.2824427480916032,901995,2020-11-03 09:06:39.728000-05:00,1756.0,New York,No,None
PSAKUSU,913445,0,0,0,0,0,,,,,74543,2020-11-05 20:23:01.047000-05:00,27,0,1,0.0,0.0,44.4444444444444,100.0,131,37.881,29.501,0.5954198473282443,1.2824427480916032,901995,2020-11-03 09:06:39.728000-05:00,1756.0,New York,No,None
PSAKUSU,908716,0,0,1,1,11,90.235,102.035,0.8181818181818182,1.3636363636363635,74543,2020-11-05 20:23:01.047000-05:00,27,0,1,0.0,0.0,44.4444444444444,100.0,131,37.881,29.501,0.5954198473282443,1.2824427480916032,901995,2020-11-03 09:06:39.728000-05:00,1756.0,New York,No,None
PSAKUSU,917852,0,0,0,0,0,,,,,74543,2020-11-05 20:23:01.047000-05:00,27,0,1,0.0,0.0,44.4444444444444,100.0,131,37.881,29.501,0.5954198473282443,1.2824427480916032,901995,2020-11-03 09:06:39.728000-05:00,1756.0,New York,No,None
PSAKUSU,909712,0,0,1,1,11,6.189,14.502,0.0,1.0909090909090908,74543,2020-11-05 20:23:01.047000-05:00,27,0,1,0.0,0.0,44.4444444444444,100.0,131,37.881,29.501,0.5954198473282443,1.2824427480916032,901995,2020-11-03 09:06:39.728000-05:00,1756.0,New York,No,None
PSAKUSU,908718,0,0,1,1,11,37.872,104.176,0.6363636363636364,1.4545454545454546,74543,2020-11-05 20:23:01.047000-05:00,27,0,1,0.0,0.0,44.4444444444444,100.0,131,37.881,29.501,0.5954198473282443,1.2824427480916032,901995,2020-11-03 09:06:39.728000-05:00,1756.0,New York,No,None
PSAKUSU,909952,0,0,1,0,6,59.8785,59.8935,0.8333333333333334,1.1666666666666667,74544,2020-11-05 20:23:01.060000-05:00,21,0,1,0.0,0.0,61.9047619047619,76.9230769230769,119,49.606,43.697,0.7310924369747899,1.3109243697478992,901995,2020-11-03 09:06:39.728000-05:00,1756.0,New York,No,None
PSAKUSU,906846,0,0,1,1,4,50.0515,50.0605,1.0,1.0,74544,2020-11-05 20:23:01.060000-05:00,21,0,1,0.0,0.0,61.9047619047619,76.9230769230769,119,49.606,43.697,0.7310924369747899,1.3109243697478992,901995,2020-11-03 09:06:39.728000-05:00,1756.0,New York,No,None
PSAKUSU,918920,0,0,0,0,0,,,,,74544,2020-11-05 20:23:01.060000-05:00,21,0,1,0.0,0.0,61.9047619047619,76.9230769230769,119,49.606,43.697,0.7310924369747899,1.3109243697478992,901995,2020-11-03 09:06:39.728000-05:00,1756.0,New York,No,None
PSAKUSU,920497,0,0,2,1,1,133856.429,133856.476,,1.0,74544,2020-11-05 20:23:01.060000-05:00,21,0,1,0.0,0.0,61.9047619047619,76.9230769230769,119,49.606,43.697,0.7310924369747899,1.3109243697478992,901995,2020-11-03 09:06:39.728000-05:00,1756.0,New York,No,None
PSAKUSU,908307,0,0,3,3,26,73.7235,98.6165,0.5416666666666666,1.6153846153846154,74544,2020-11-05 20:23:01.060000-05:00,21,0,1,0.0,0.0,61.9047619047619,76.9230769230769,119,49.606,43.697,0.7310924369747899,1.3109243697478992,901995,2020-11-03 09:06:39.728000-05:00,1756.0,New York,No,None
PSAKUSU,913039,0,0,1,1,11,60.75,60.754,0.8181818181818182,1.0,74544,2020-11-05 20:23:01.060000-05:00,21,0,1,0.0,0.0,61.9047619047619,76.9230769230769,119,49.606,43.697,0.7310924369747899,1.3109243697478992,901995,2020-11-03 09:06:39.728000-05:00,1756.0,New York,No,None
PSAKUSU,913301,0,0,0,0,0,,,,,74544,2020-11-05 20:23:01.060000-05:00,21,0,1,0.0,0.0,61.9047619047619,76.9230769230769,119,49.606,43.697,0.7310924369747899,1.3109243697478992,901995,2020-11-03 09:06:39.728000-05:00,1756.0,New York,No,None
PSAKUSU,908499,0,0,2,1,20,25.119,25.139,0.75,1.2,74544,2020-11-05 20:23:01.060000-05:00,21,0,1,0.0,0.0,61.9047619047619,76.9230769230769,119,49.606,43.697,0.7310924369747899,1.3109243697478992,901995,2020-11-03 09:06:39.728000-05:00,1756.0,New York,No,None
PSAKUSU,906294,0,0,2,1,4,118.732,161.317,0.0,9.25,74544,2020-11-05 20:23:01.060000-05:00,21,0,1,0.0,0.0,61.9047619047619,76.9230769230769,119,49.606,43.697,0.7310924369747899,1.3109243697478992,901995,2020-11-03 09:06:39.728000-05:00,1756.0,New York,No,None
PSAKUSU,908858,0,0,3,3,26,37.508,41.1835,0.625,1.3461538461538463,74544,2020-11-05 20:23:01.060000-05:00,21,0,1,0.0,0.0,61.9047619047619,76.9230769230769,119,49.606,43.697,0.7310924369747899,1.3109243697478992,901995,2020-11-03 09:06:39.728000-05:00,1756.0,New York,No,None
PSAKUSU,908484,0,0,2,1,13,93.368,93.37,0.6923076923076923,1.4615384615384615,74544,2020-11-05 20:23:01.060000-05:00,21,0,1,0.0,0.0,61.9047619047619,76.9230769230769,119,49.606,43.697,0.7310924369747899,1.3109243697478992,901995,2020-11-03 09:06:39.728000-05:00,1756.0,New York,No,None
PSAKUSU,908073,0,0,3,3,26,23.1595,23.162,0.7916666666666666,1.1923076923076923,74544,2020-11-05 20:23:01.060000-05:00,21,0,1,0.0,0.0,61.9047619047619,76.9230769230769,119,49.606,43.697,0.7310924369747899,1.3109243697478992,901995,2020-11-03 09:06:39.728000-05:00,1756.0,New York,No,None
PSAKUSU,906843,0,0,2,2,15,70.566,80.825,0.46153846153846156,1.3333333333333333,74544,2020-11-05 20:23:01.060000-05:00,21,0,1,0.0,0.0,61.9047619047619,76.9230769230769,119,49.606,43.697,0.7310924369747899,1.3109243697478992,901995,2020-11-03 09:06:39.728000-05:00,1756.0,New York,No,None
PSAKUSU,906478,0,0,2,2,15,51.063,51.065,0.8461538461538461,1.4666666666666668,74544,2020-11-05 20:23:01.060000-05:00,21,0,1,0.0,0.0,61.9047619047619,76.9230769230769,119,49.606,43.697,0.7310924369747899,1.3109243697478992,901995,2020-11-03 09:06:39.728000-05:00,1756.0,New York,No,None
PSAKUSU,913382,0,0,0,0,0,,,,,74545,2020-11-05 20:23:01.076000-05:00,12,0,1,0.0,0.0,50.0,83.3333333333333,54,45.3985,38.877,0.6296296296296297,1.2407407407407407,901995,2020-11-03 09:06:39.728000-05:00,1756.0,New York,No,None
PSAKUSU,910444,0,0,2,2,22,23.7935,23.799,0.8181818181818182,1.0909090909090908,74545,2020-11-05 20:23:01.076000-05:00,12,0,1,0.0,0.0,50.0,83.3333333333333,54,45.3985,38.877,0.6296296296296297,1.2407407407407407,901995,2020-11-03 09:06:39.728000-05:00,1756.0,New York,No,None
PSAKUSU,908339,0,0,2,2,22,51.5065,65.7985,0.6363636363636364,1.2272727272727273,74545,2020-11-05 20:23:01.076000-05:00,12,0,1,0.0,0.0,50.0,83.3333333333333,54,45.3985,38.877,0.6296296296296297,1.2407407407407407,901995,2020-11-03 09:06:39.728000-05:00,1756.0,New York,No,None
PSAKUSU,908151,0,0,1,1,5,17.206,17.21,0.8,1.2,74545,2020-11-05 20:23:01.076000-05:00,12,0,1,0.0,0.0,50.0,83.3333333333333,54,45.3985,38.877,0.6296296296296297,1.2407407407407407,901995,2020-11-03 09:06:39.728000-05:00,1756.0,New York,No,None
PSAKUSU,910372,0,0,1,0,5,9.413,31.709,0.2,1.6,74545,2020-11-05 20:23:01.076000-05:00,12,0,1,0.0,0.0,50.0,83.3333333333333,54,45.3985,38.877,0.6296296296296297,1.2407407407407407,901995,2020-11-03 09:06:39.728000-05:00,1756.0,New York,No,None
PSAKUSU,910347,0,0,2,2,22,51.637,51.648,0.8181818181818182,1.1363636363636365,74545,2020-11-05 20:23:01.076000-05:00,12,0,1,0.0,0.0,50.0,83.3333333333333,54,45.3985,38.877,0.6296296296296297,1.2407407407407407,901995,2020-11-03 09:06:39.728000-05:00,1756.0,New York,No,None
PSAKUSU,917888,0,0,0,0,0,,,,,74545,2020-11-05 20:23:01.076000-05:00,12,0,1,0.0,0.0,50.0,83.3333333333333,54,45.3985,38.877,0.6296296296296297,1.2407407407407407,901995,2020-11-03 09:06:39.728000-05:00,1756.0,New York,No,None
PSAKUSU,908294,0,0,0,0,0,,,,,74545,2020-11-05 20:23:01.076000-05:00,12,0,1,0.0,0.0,50.0,83.3333333333333,54,45.3985,38.877,0.6296296296296297,1.2407407407407407,901995,2020-11-03 09:06:39.728000-05:00,1756.0,New York,No,None
PSAKUSU,910569,0,0,1,1,11,26.728,35.782,0.6363636363636364,1.3636363636363635,74545,2020-11-05 20:23:01.076000-05:00,12,0,1,0.0,0.0,50.0,83.3333333333333,54,45.3985,38.877,0.6296296296296297,1.2407407407407407,901995,2020-11-03 09:06:39.728000-05:00,1756.0,New York,No,None
PSAKUSU,929043,0,0,0,0,0,,,,,75534,2020-11-13 17:15:37.520000-05:00,18,0,0,0.0,0.0,0.0,0.0,0,,,,,591189,2020-09-03 17:45:54.784000-04:00,,,,
PSAKUSU,931364,2,1,0,0,1,34.958,34.965,1.0,1.0,75534,2020-11-13 17:15:37.520000-05:00,18,0,0,0.0,0.0,0.0,0.0,0,,,,,591189,2020-09-03 17:45:54.784000-04:00,,,,
PSAKUSU,929587,1,1,0,0,3,29.785,29.794,1.0,1.0,75534,2020-11-13 17:15:37.520000-05:00,18,0,0,0.0,0.0,0.0,0.0,0,,,,,591189,2020-09-03 17:45:54.784000-04:00,,,,
PSAKUSU,929024,0,0,0,0,0,,,,,75534,2020-11-13 17:15:37.520000-05:00,18,0,0,0.0,0.0,0.0,0.0,0,,,,,591189,2020-09-03 17:45:54.784000-04:00,,,,
PSAKUSU,929026,4,4,0,0,30,16.873,31.861,0.5333333333333333,2.1666666666666665,75534,2020-11-13 17:15:37.520000-05:00,18,0,0,0.0,0.0,0.0,0.0,0,,,,,591189,2020-09-03 17:45:54.784000-04:00,,,,
PSAKUSU,929027,1,1,0,0,3,17.59,17.597,1.0,1.0,75534,2020-11-13 17:15:37.520000-05:00,18,0,0,0.0,0.0,0.0,0.0,0,,,,,591189,2020-09-03 17:45:54.784000-04:00,,,,
PSAKUSU,929030,1,1,0,0,3,29.723,29.731,1.0,1.0,75534,2020-11-13 17:15:37.520000-05:00,18,0,0,0.0,0.0,0.0,0.0,0,,,,,591189,2020-09-03 17:45:54.784000-04:00,,,,
PSAKUSU,929031,0,0,0,0,0,,,,,75534,2020-11-13 17:15:37.520000-05:00,18,0,0,0.0,0.0,0.0,0.0,0,,,,,591189,2020-09-03 17:45:54.784000-04:00,,,,
PSAKUSU,929032,1,1,0,0,4,12.222,12.805,0.75,1.5,75534,2020-11-13 17:15:37.520000-05:00,18,0,0,0.0,0.0,0.0,0.0,0,,,,,591189,2020-09-03 17:45:54.784000-04:00,,,,
PSAKUSU,929036,1,1,0,0,6,9.273,11.296,0.8333333333333334,1.1666666666666667,75534,2020-11-13 17:15:37.520000-05:00,18,0,0,0.0,0.0,0.0,0.0,0,,,,,591189,2020-09-03 17:45:54.784000-04:00,,,,
PSAKUSU,929038,2,2,0,0,31,21.281,47.536,0.5806451612903226,1.4193548387096775,75534,2020-11-13 17:15:37.520000-05:00,18,0,0,0.0,0.0,0.0,0.0,0,,,,,591189,2020-09-03 17:45:54.784000-04:00,,,,
PSAKUSU,929039,5,5,0,0,30,17.9375,25.9225,0.7333333333333333,1.4333333333333333,75534,2020-11-13 17:15:37.520000-05:00,18,0,0,0.0,0.0,0.0,0.0,0,,,,,591189,2020-09-03 17:45:54.784000-04:00,,,,
PSAKUSU,929041,0,0,0,0,0,,,,,75534,2020-11-13 17:15:37.520000-05:00,18,0,0,0.0,0.0,0.0,0.0,0,,,,,591189,2020-09-03 17:45:54.784000-04:00,,,,
PSAKUSU,929042,2,2,0,0,7,55.82,55.826,0.8571428571428571,1.2857142857142858,75534,2020-11-13 17:15:37.520000-05:00,18,0,0,0.0,0.0,0.0,0.0,0,,,,,591189,2020-09-03 17:45:54.784000-04:00,,,,
PSAKUSU,929044,0,0,0,0,0,,,,,75534,2020-11-13 17:15:37.520000-05:00,18,0,0,0.0,0.0,0.0,0.0,0,,,,,591189,2020-09-03 17:45:54.784000-04:00,,,,
PSAKUSU,929048,1,1,0,0,1,40.025,40.032,0.0,1.0,75534,2020-11-13 17:15:37.520000-05:00,18,0,0,0.0,0.0,0.0,0.0,0,,,,,591189,2020-09-03 17:45:54.784000-04:00,,,,
PSAKUSU,929051,0,0,0,0,0,,,,,75534,2020-11-13 17:15:37.520000-05:00,18,0,0,0.0,0.0,0.0,0.0,0,,,,,591189,2020-09-03 17:45:54.784000-04:00,,,,
PSAKUSU,929053,5,5,0,0,22,38.5835,38.5905,0.8181818181818182,1.1818181818181819,75534,2020-11-13 17:15:37.520000-05:00,18,0,0,0.0,0.0,0.0,0.0,0,,,,,591189,2020-09-03 17:45:54.784000-04:00,,,,
PSAKUSU,922864,12,12,0,0,63,23.775,25.108,0.7777777777777778,1.3650793650793651,75542,2020-11-14 12:53:07.673000-05:00,30,16,0,55.8333333333333,75.0,0.0,0.0,1446,80.9685,64.1675,0.673582295988935,1.4854771784232366,377746,2020-05-16 17:54:07.735000-04:00,,,,
PSAKUSU,922616,9,3,0,0,46,19.877,73.138,0.3695652173913043,1.8043478260869565,75542,2020-11-14 12:53:07.673000-05:00,30,16,0,55.8333333333333,75.0,0.0,0.0,1446,80.9685,64.1675,0.673582295988935,1.4854771784232366,377746,2020-05-16 17:54:07.735000-04:00,,,,
PSAKUSU,922615,15,14,0,0,121,79.5,109.378,0.6363636363636364,1.487603305785124,75542,2020-11-14 12:53:07.673000-05:00,30,16,0,55.8333333333333,75.0,0.0,0.0,1446,80.9685,64.1675,0.673582295988935,1.4854771784232366,377746,2020-05-16 17:54:07.735000-04:00,,,,
PSAKUSU,922473,13,10,0,0,80,47.9,61.52,0.675,1.4875,75542,2020-11-14 12:53:07.673000-05:00,30,16,0,55.8333333333333,75.0,0.0,0.0,1446,80.9685,64.1675,0.673582295988935,1.4854771784232366,377746,2020-05-16 17:54:07.735000-04:00,,,,
PSAKUSU,929368,5,3,0,0,28,46.282,46.286,0.8571428571428571,1.2142857142857142,75542,2020-11-14 12:53:07.673000-05:00,30,16,0,55.8333333333333,75.0,0.0,0.0,1446,80.9685,64.1675,0.673582295988935,1.4854771784232366,377746,2020-05-16 17:54:07.735000-04:00,,,,
PSAKUSU,922863,15,8,0,0,77,23.724,39.177,0.5454545454545454,1.3246753246753247,75542,2020-11-14 12:53:07.673000-05:00,30,16,0,55.8333333333333,75.0,0.0,0.0,1446,80.9685,64.1675,0.673582295988935,1.4854771784232366,377746,2020-05-16 17:54:07.735000-04:00,,,,
PSAKUSU,922644,12,12,0,0,52,128.3325,132.48,0.9038461538461539,1.2307692307692308,75542,2020-11-14 12:53:07.673000-05:00,30,16,0,55.8333333333333,75.0,0.0,0.0,1446,80.9685,64.1675,0.673582295988935,1.4854771784232366,377746,2020-05-16 17:54:07.735000-04:00,,,,
PSAKUSU,922627,14,7,0,0,80,134.2275,197.659,0.525,2.0625,75542,2020-11-14 12:53:07.673000-05:00,30,16,0,55.8333333333333,75.0,0.0,0.0,1446,80.9685,64.1675,0.673582295988935,1.4854771784232366,377746,2020-05-16 17:54:07.735000-04:00,,,,
PSAKUSU,922622,9,6,0,0,53,79.226,113.91,0.6226415094339622,1.5283018867924527,75542,2020-11-14 12:53:07.673000-05:00,30,16,0,55.8333333333333,75.0,0.0,0.0,1446,80.9685,64.1675,0.673582295988935,1.4854771784232366,377746,2020-05-16 17:54:07.735000-04:00,,,,
PSAKUSU,922618,16,15,0,0,76,73.9995,77.7705,0.8157894736842105,1.2763157894736843,75542,2020-11-14 12:53:07.673000-05:00,30,16,0,55.8333333333333,75.0,0.0,0.0,1446,80.9685,64.1675,0.673582295988935,1.4854771784232366,377746,2020-05-16 17:54:07.735000-04:00,,,,
PSAKUSU,922617,17,15,0,0,86,102.3775,119.97,0.6627906976744186,1.4534883720930234,75542,2020-11-14 12:53:07.673000-05:00,30,16,0,55.8333333333333,75.0,0.0,0.0,1446,80.9685,64.1675,0.673582295988935,1.4854771784232366,377746,2020-05-16 17:54:07.735000-04:00,,,,
PSAKUSU,922872,12,8,0,0,45,44.844,51.742,0.7777777777777778,1.2666666666666666,75542,2020-11-14 12:53:07.673000-05:00,30,16,0,55.8333333333333,75.0,0.0,0.0,1446,80.9685,64.1675,0.673582295988935,1.4854771784232366,377746,2020-05-16 17:54:07.735000-04:00,,,,
PSAKUSU,922894,15,13,0,0,99,42.198,71.344,0.6262626262626263,1.595959595959596,75542,2020-11-14 12:53:07.673000-05:00,30,16,0,55.8333333333333,75.0,0.0,0.0,1446,80.9685,64.1675,0.673582295988935,1.4854771784232366,377746,2020-05-16 17:54:07.735000-04:00,,,,
PSAKUSU,922901,9,5,0,0,32,64.0515,94.1625,0.59375,1.5,75542,2020-11-14 12:53:07.673000-05:00,30,16,0,55.8333333333333,75.0,0.0,0.0,1446,80.9685,64.1675,0.673582295988935,1.4854771784232366,377746,2020-05-16 17:54:07.735000-04:00,,,,
PSAKUSU,922904,13,6,0,0,69,37.585,54.684,0.5652173913043478,1.6376811594202898,75542,2020-11-14 12:53:07.673000-05:00,30,16,0,55.8333333333333,75.0,0.0,0.0,1446,80.9685,64.1675,0.673582295988935,1.4854771784232366,377746,2020-05-16 17:54:07.735000-04:00,,,,
PSAKUSU,922913,14,13,0,0,85,57.607,60.704,0.7294117647058823,1.352941176470588,75542,2020-11-14 12:53:07.673000-05:00,30,16,0,55.8333333333333,75.0,0.0,0.0,1446,80.9685,64.1675,0.673582295988935,1.4854771784232366,377746,2020-05-16 17:54:07.735000-04:00,,,,
PSAKUSU,923047,13,8,0,0,36,114.0605,148.695,0.6944444444444444,1.527777777777778,75542,2020-11-14 12:53:07.673000-05:00,30,16,0,55.8333333333333,75.0,0.0,0.0,1446,80.9685,64.1675,0.673582295988935,1.4854771784232366,377746,2020-05-16 17:54:07.735000-04:00,,,,
PSAKUSU,923142,10,8,5,4,85,117.059,145.668,0.5769230769230769,1.7176470588235293,75542,2020-11-14 12:53:07.673000-05:00,30,16,0,55.8333333333333,75.0,0.0,0.0,1446,80.9685,64.1675,0.673582295988935,1.4854771784232366,377746,2020-05-16 17:54:07.735000-04:00,,,,
PSAKUSU,923144,13,12,0,0,66,40.331,41.7155,0.6818181818181818,1.5606060606060606,75542,2020-11-14 12:53:07.673000-05:00,30,16,0,55.8333333333333,75.0,0.0,0.0,1446,80.9685,64.1675,0.673582295988935,1.4854771784232366,377746,2020-05-16 17:54:07.735000-04:00,,,,
PSAKUSU,923147,11,7,0,0,65,48.239,83.826,0.5692307692307692,1.3384615384615386,75542,2020-11-14 12:53:07.673000-05:00,30,16,0,55.8333333333333,75.0,0.0,0.0,1446,80.9685,64.1675,0.673582295988935,1.4854771784232366,377746,2020-05-16 17:54:07.735000-04:00,,,,
PSAKUSU,923148,15,15,0,0,77,73.834,101.705,0.7922077922077922,1.1688311688311688,75542,2020-11-14 12:53:07.673000-05:00,30,16,0,55.8333333333333,75.0,0.0,0.0,1446,80.9685,64.1675,0.673582295988935,1.4854771784232366,377746,2020-05-16 17:54:07.735000-04:00,,,,
PSAKUSU,923153,17,17,0,0,123,101.119,114.736,0.6991869918699187,1.6585365853658538,75542,2020-11-14 12:53:07.673000-05:00,30,16,0,55.8333333333333,75.0,0.0,0.0,1446,80.9685,64.1675,0.673582295988935,1.4854771784232366,377746,2020-05-16 17:54:07.735000-04:00,,,,
PSAKUSU,923159,12,12,0,0,55,84.101,93.107,0.8363636363636363,1.2727272727272727,75542,2020-11-14 12:53:07.673000-05:00,30,16,0,55.8333333333333,75.0,0.0,0.0,1446,80.9685,64.1675,0.673582295988935,1.4854771784232366,377746,2020-05-16 17:54:07.735000-04:00,,,,
PSAKUSU,924369,16,13,0,0,70,110.7355,110.739,0.8,1.2285714285714286,75542,2020-11-14 12:53:07.673000-05:00,30,16,0,55.8333333333333,75.0,0.0,0.0,1446,80.9685,64.1675,0.673582295988935,1.4854771784232366,377746,2020-05-16 17:54:07.735000-04:00,,,,
PSAKUSU,924594,14,11,2,2,89,57.761,78.977,0.7529411764705882,1.303370786516854,75542,2020-11-14 12:53:07.673000-05:00,30,16,0,55.8333333333333,75.0,0.0,0.0,1446,80.9685,64.1675,0.673582295988935,1.4854771784232366,377746,2020-05-16 17:54:07.735000-04:00,,,,
PSAKUSU,928974,9,8,0,0,69,159.91,191.262,0.5797101449275363,1.5797101449275361,75542,2020-11-14 12:53:07.673000-05:00,30,16,0,55.8333333333333,75.0,0.0,0.0,1446,80.9685,64.1675,0.673582295988935,1.4854771784232366,377746,2020-05-16 17:54:07.735000-04:00,,,,
