experiment_id,student_id,student_prior_started_skill_builder_count,student_prior_completed_skill_builder_count,student_prior_started_problem_set_count,student_prior_completed_problem_set_count,student_prior_completed_problem_count,student_prior_median_first_response_time,student_prior_median_time_on_task,student_prior_average_correctness,student_prior_average_attempt_count,class_id,class_creation_date,class_student_count,class_prior_skill_builder_count,class_prior_problem_set_count,class_prior_skill_builder_percent_started,class_prior_skill_builder_percent_completed,class_prior_problem_set_percent_started,class_prior_problem_set_percent_completed,class_prior_completed_problem_count,class_prior_median_time_on_task,class_prior_median_first_response_time,class_prior_average_correctness,class_prior_average_attempt_count,teacher_id,teacher_account_creation_date,district_id,location,opportunity_zone,locale_description
PSAR5JG,29329,0,0,50,49,702,19.497,23.286,0.6274900398406374,1.3547008547008548,1572,2019-08-14 14:37:39.736000-04:00,21,0,49,0.0,0.0,69.290573372206,64.9368863955119,7483,28.507,23.052,0.5097514340344168,1.4430041427235065,14800,2019-08-14 08:20:31.569000-04:00,1281.0,Montana,No,None
PSAR5JG,29330,0,0,48,47,670,7.1805,10.414,0.24536082474226803,1.2014925373134329,1572,2019-08-14 14:37:39.736000-04:00,21,0,49,0.0,0.0,69.290573372206,64.9368863955119,7483,28.507,23.052,0.5097514340344168,1.4430041427235065,14800,2019-08-14 08:20:31.569000-04:00,1281.0,Montana,No,None
PSAR5JG,29332,0,0,52,48,704,34.3125,40.7035,0.7306930693069307,1.2840909090909092,1572,2019-08-14 14:37:39.736000-04:00,21,0,49,0.0,0.0,69.290573372206,64.9368863955119,7483,28.507,23.052,0.5097514340344168,1.4430041427235065,14800,2019-08-14 08:20:31.569000-04:00,1281.0,Montana,No,None
PSAR5JG,29333,0,0,49,47,687,22.204,28.257,0.42190669371196754,1.497816593886463,1572,2019-08-14 14:37:39.736000-04:00,21,0,49,0.0,0.0,69.290573372206,64.9368863955119,7483,28.507,23.052,0.5097514340344168,1.4430041427235065,14800,2019-08-14 08:20:31.569000-04:00,1281.0,Montana,No,None
PSAR5JG,29335,1,0,47,41,603,8.563,12.645,0.3123543123543124,1.341625207296849,1572,2019-08-14 14:37:39.736000-04:00,21,0,49,0.0,0.0,69.290573372206,64.9368863955119,7483,28.507,23.052,0.5097514340344168,1.4430041427235065,14800,2019-08-14 08:20:31.569000-04:00,1281.0,Montana,No,None
PSAR5JG,28271,0,0,31,11,227,28.964,39.438,0.4573170731707317,1.5594713656387664,1572,2019-08-14 14:37:39.736000-04:00,21,0,49,0.0,0.0,69.290573372206,64.9368863955119,7483,28.507,23.052,0.5097514340344168,1.4430041427235065,14800,2019-08-14 08:20:31.569000-04:00,1281.0,Montana,No,None
PSAR5JG,30890,0,0,29,2,93,64.79,108.911,0.5076923076923077,2.129032258064516,1572,2019-08-14 14:37:39.736000-04:00,21,0,49,0.0,0.0,69.290573372206,64.9368863955119,7483,28.507,23.052,0.5097514340344168,1.4430041427235065,14800,2019-08-14 08:20:31.569000-04:00,1281.0,Montana,No,None
PSAR5JG,30891,0,0,44,28,484,41.8,54.7945,0.45375722543352603,1.5268595041322315,1572,2019-08-14 14:37:39.736000-04:00,21,0,49,0.0,0.0,69.290573372206,64.9368863955119,7483,28.507,23.052,0.5097514340344168,1.4430041427235065,14800,2019-08-14 08:20:31.569000-04:00,1281.0,Montana,No,None
PSAR5JG,30892,0,0,41,15,320,31.562,48.667,0.30985915492957744,1.98125,1572,2019-08-14 14:37:39.736000-04:00,21,0,49,0.0,0.0,69.290573372206,64.9368863955119,7483,28.507,23.052,0.5097514340344168,1.4430041427235065,14800,2019-08-14 08:20:31.569000-04:00,1281.0,Montana,No,None
PSAR5JG,31882,0,0,34,14,277,30.205,35.93,0.5625,1.4187725631768953,1572,2019-08-14 14:37:39.736000-04:00,21,0,49,0.0,0.0,69.290573372206,64.9368863955119,7483,28.507,23.052,0.5097514340344168,1.4430041427235065,14800,2019-08-14 08:20:31.569000-04:00,1281.0,Montana,No,None
PSAR5JG,31884,0,0,40,28,475,17.785,21.459,0.6081871345029239,1.2736842105263158,1572,2019-08-14 14:37:39.736000-04:00,21,0,49,0.0,0.0,69.290573372206,64.9368863955119,7483,28.507,23.052,0.5097514340344168,1.4430041427235065,14800,2019-08-14 08:20:31.569000-04:00,1281.0,Montana,No,None
PSAR5JG,28177,0,0,38,32,459,32.188,37.649,0.7272727272727273,1.3638344226579522,1572,2019-08-14 14:37:39.736000-04:00,21,0,49,0.0,0.0,69.290573372206,64.9368863955119,7483,28.507,23.052,0.5097514340344168,1.4430041427235065,14800,2019-08-14 08:20:31.569000-04:00,1281.0,Montana,No,None
PSAR5JG,29331,0,0,44,40,551,26.019,27.607,0.741514360313316,1.190562613430127,1572,2019-08-14 14:37:39.736000-04:00,21,0,49,0.0,0.0,69.290573372206,64.9368863955119,7483,28.507,23.052,0.5097514340344168,1.4430041427235065,14800,2019-08-14 08:20:31.569000-04:00,1281.0,Montana,No,None
PSAR5JG,16200,14,14,2,2,121,27.986,41.412,0.5391304347826087,1.71900826446281,1614,2019-08-15 14:51:45.387000-04:00,34,20,4,56.0294117647059,79.2650918635171,55.8823529411765,73.6842105263158,3126,62.461,44.988,0.5104026845637584,1.918426103646833,9658,2019-06-02 20:42:04.958000-04:00,2083.0,California,Yes,None
PSAR5JG,16198,16,16,6,6,156,29.9205,46.1945,0.5347222222222222,1.6666666666666667,1614,2019-08-15 14:51:45.387000-04:00,34,20,4,56.0294117647059,79.2650918635171,55.8823529411765,73.6842105263158,3126,62.461,44.988,0.5104026845637584,1.918426103646833,9658,2019-06-02 20:42:04.958000-04:00,2083.0,California,Yes,None
PSAR5JG,16197,14,13,3,2,90,48.342,54.155,0.6352941176470588,1.5333333333333332,1614,2019-08-15 14:51:45.387000-04:00,34,20,4,56.0294117647059,79.2650918635171,55.8823529411765,73.6842105263158,3126,62.461,44.988,0.5104026845637584,1.918426103646833,9658,2019-06-02 20:42:04.958000-04:00,2083.0,California,Yes,None
PSAR5JG,16211,15,13,4,3,149,38.062,52.535,0.46853146853146854,2.0939597315436242,1614,2019-08-15 14:51:45.387000-04:00,34,20,4,56.0294117647059,79.2650918635171,55.8823529411765,73.6842105263158,3126,62.461,44.988,0.5104026845637584,1.918426103646833,9658,2019-06-02 20:42:04.958000-04:00,2083.0,California,Yes,None
PSAR5JG,16194,16,15,5,5,153,47.844,52.833,0.5319148936170213,1.5555555555555556,1614,2019-08-15 14:51:45.387000-04:00,34,20,4,56.0294117647059,79.2650918635171,55.8823529411765,73.6842105263158,3126,62.461,44.988,0.5104026845637584,1.918426103646833,9658,2019-06-02 20:42:04.958000-04:00,2083.0,California,Yes,None
PSAR5JG,16196,15,14,5,3,125,37.657,48.234,0.5416666666666666,2.0,1614,2019-08-15 14:51:45.387000-04:00,34,20,4,56.0294117647059,79.2650918635171,55.8823529411765,73.6842105263158,3126,62.461,44.988,0.5104026845637584,1.918426103646833,9658,2019-06-02 20:42:04.958000-04:00,2083.0,California,Yes,None
PSAR5JG,16220,16,13,4,2,178,48.5625,71.688,0.4508670520231214,2.3258426966292136,1614,2019-08-15 14:51:45.387000-04:00,34,20,4,56.0294117647059,79.2650918635171,55.8823529411765,73.6842105263158,3126,62.461,44.988,0.5104026845637584,1.918426103646833,9658,2019-06-02 20:42:04.958000-04:00,2083.0,California,Yes,None
PSAR5JG,16219,15,11,5,4,149,36.209,69.597,0.4513888888888889,2.597315436241611,1614,2019-08-15 14:51:45.387000-04:00,34,20,4,56.0294117647059,79.2650918635171,55.8823529411765,73.6842105263158,3126,62.461,44.988,0.5104026845637584,1.918426103646833,9658,2019-06-02 20:42:04.958000-04:00,2083.0,California,Yes,None
PSAR5JG,16216,15,15,3,2,162,40.9995,70.2865,0.532051282051282,2.0308641975308643,1614,2019-08-15 14:51:45.387000-04:00,34,20,4,56.0294117647059,79.2650918635171,55.8823529411765,73.6842105263158,3126,62.461,44.988,0.5104026845637584,1.918426103646833,9658,2019-06-02 20:42:04.958000-04:00,2083.0,California,Yes,None
PSAR5JG,16215,7,3,4,0,42,118.9915,236.5505,0.5,1.5476190476190477,1614,2019-08-15 14:51:45.387000-04:00,34,20,4,56.0294117647059,79.2650918635171,55.8823529411765,73.6842105263158,3126,62.461,44.988,0.5104026845637584,1.918426103646833,9658,2019-06-02 20:42:04.958000-04:00,2083.0,California,Yes,None
PSAR5JG,16212,14,13,2,2,109,53.741,77.464,0.6442307692307693,1.8440366972477065,1614,2019-08-15 14:51:45.387000-04:00,34,20,4,56.0294117647059,79.2650918635171,55.8823529411765,73.6842105263158,3126,62.461,44.988,0.5104026845637584,1.918426103646833,9658,2019-06-02 20:42:04.958000-04:00,2083.0,California,Yes,None
PSAR5JG,16193,16,13,4,3,102,23.1965,28.9685,0.7083333333333334,1.2941176470588236,1614,2019-08-15 14:51:45.387000-04:00,34,20,4,56.0294117647059,79.2650918635171,55.8823529411765,73.6842105263158,3126,62.461,44.988,0.5104026845637584,1.918426103646833,9658,2019-06-02 20:42:04.958000-04:00,2083.0,California,Yes,None
PSAR5JG,16209,15,14,4,4,153,27.872,41.799,0.5238095238095238,1.6209150326797386,1614,2019-08-15 14:51:45.387000-04:00,34,20,4,56.0294117647059,79.2650918635171,55.8823529411765,73.6842105263158,3126,62.461,44.988,0.5104026845637584,1.918426103646833,9658,2019-06-02 20:42:04.958000-04:00,2083.0,California,Yes,None
PSAR5JG,16206,8,6,4,4,73,48.666,72.887,0.42028985507246375,2.232876712328767,1614,2019-08-15 14:51:45.387000-04:00,34,20,4,56.0294117647059,79.2650918635171,55.8823529411765,73.6842105263158,3126,62.461,44.988,0.5104026845637584,1.918426103646833,9658,2019-06-02 20:42:04.958000-04:00,2083.0,California,Yes,None
PSAR5JG,16205,11,7,2,1,87,57.304,76.565,0.38372093023255816,2.0344827586206895,1614,2019-08-15 14:51:45.387000-04:00,34,20,4,56.0294117647059,79.2650918635171,55.8823529411765,73.6842105263158,3126,62.461,44.988,0.5104026845637584,1.918426103646833,9658,2019-06-02 20:42:04.958000-04:00,2083.0,California,Yes,None
PSAR5JG,16203,14,14,2,2,107,37.073,47.404,0.6633663366336634,1.5420560747663552,1614,2019-08-15 14:51:45.387000-04:00,34,20,4,56.0294117647059,79.2650918635171,55.8823529411765,73.6842105263158,3126,62.461,44.988,0.5104026845637584,1.918426103646833,9658,2019-06-02 20:42:04.958000-04:00,2083.0,California,Yes,None
PSAR5JG,19203,15,15,5,5,160,32.7265,39.666,0.5374149659863946,1.56875,1614,2019-08-15 14:51:45.387000-04:00,34,20,4,56.0294117647059,79.2650918635171,55.8823529411765,73.6842105263158,3126,62.461,44.988,0.5104026845637584,1.918426103646833,9658,2019-06-02 20:42:04.958000-04:00,2083.0,California,Yes,None
PSAR5JG,16222,8,5,2,2,51,90.514,131.733,0.574468085106383,2.0,1614,2019-08-15 14:51:45.387000-04:00,34,20,4,56.0294117647059,79.2650918635171,55.8823529411765,73.6842105263158,3126,62.461,44.988,0.5104026845637584,1.918426103646833,9658,2019-06-02 20:42:04.958000-04:00,2083.0,California,Yes,None
PSAR5JG,16221,15,13,4,2,117,37.381,50.751,0.5495495495495496,1.5811965811965811,1614,2019-08-15 14:51:45.387000-04:00,34,20,4,56.0294117647059,79.2650918635171,55.8823529411765,73.6842105263158,3126,62.461,44.988,0.5104026845637584,1.918426103646833,9658,2019-06-02 20:42:04.958000-04:00,2083.0,California,Yes,None
PSAR5JG,16192,15,15,3,3,121,50.737,60.413,0.7017543859649122,1.322314049586777,1614,2019-08-15 14:51:45.387000-04:00,34,20,4,56.0294117647059,79.2650918635171,55.8823529411765,73.6842105263158,3126,62.461,44.988,0.5104026845637584,1.918426103646833,9658,2019-06-02 20:42:04.958000-04:00,2083.0,California,Yes,None
PSAR5JG,24596,0,0,36,34,287,23.076,24.275,0.8578947368421053,1.1254355400696865,2005,2019-08-22 16:45:24.221000-04:00,25,0,40,0.0,0.0,63.2,72.3101265822785,4166,48.0275,38.547,0.5593280914939243,1.4647143542966874,21392,2019-08-22 16:45:13.805000-04:00,1803.0,Ohio,No,None
PSAR5JG,29435,0,0,30,24,209,40.801,59.11,0.6119402985074627,1.4593301435406698,2005,2019-08-22 16:45:24.221000-04:00,25,0,40,0.0,0.0,63.2,72.3101265822785,4166,48.0275,38.547,0.5593280914939243,1.4647143542966874,21392,2019-08-22 16:45:13.805000-04:00,1803.0,Ohio,No,None
PSAR5JG,33226,0,0,28,22,201,43.763,56.819,0.5422535211267606,1.4776119402985075,2005,2019-08-22 16:45:24.221000-04:00,25,0,40,0.0,0.0,63.2,72.3101265822785,4166,48.0275,38.547,0.5593280914939243,1.4647143542966874,21392,2019-08-22 16:45:13.805000-04:00,1803.0,Ohio,No,None
PSAR5JG,25348,4,1,15,11,98,43.8985,57.2375,0.4507042253521127,1.6428571428571428,2291,2019-08-28 11:42:00.495000-04:00,6,3,1,94.4444444444444,41.1764705882353,16.6666666666667,0.0,52,58.1285,53.856,0.7307692307692307,1.4615384615384615,21626,2019-08-23 09:55:19.130000-04:00,431.0,Connecticut,No,None
PSAR5JG,25346,3,1,16,7,45,49.007,49.014,0.6486486486486487,1.3333333333333333,2291,2019-08-28 11:42:00.495000-04:00,6,3,1,94.4444444444444,41.1764705882353,16.6666666666667,0.0,52,58.1285,53.856,0.7307692307692307,1.4615384615384615,21626,2019-08-23 09:55:19.130000-04:00,431.0,Connecticut,No,None
PSAR5JG,25347,4,3,19,16,123,41.701,44.662,0.4725274725274725,1.4390243902439024,2291,2019-08-28 11:42:00.495000-04:00,6,3,1,94.4444444444444,41.1764705882353,16.6666666666667,0.0,52,58.1285,53.856,0.7307692307692307,1.4615384615384615,21626,2019-08-23 09:55:19.130000-04:00,431.0,Connecticut,No,None
PSAR5JG,25343,2,1,20,13,100,40.665,44.455,0.6,1.22,2291,2019-08-28 11:42:00.495000-04:00,6,3,1,94.4444444444444,41.1764705882353,16.6666666666667,0.0,52,58.1285,53.856,0.7307692307692307,1.4615384615384615,21626,2019-08-23 09:55:19.130000-04:00,431.0,Connecticut,No,None
PSAR5JG,25352,4,3,24,22,181,59.01,75.764,0.6439393939393939,1.3922651933701657,2291,2019-08-28 11:42:00.495000-04:00,6,3,1,94.4444444444444,41.1764705882353,16.6666666666667,0.0,52,58.1285,53.856,0.7307692307692307,1.4615384615384615,21626,2019-08-23 09:55:19.130000-04:00,431.0,Connecticut,No,None
PSAR5JG,38102,0,0,11,8,70,36.1265,41.3965,0.5737704918032787,1.6285714285714286,2953,2019-09-09 13:20:51.501000-04:00,70,3,13,37.6190476190476,82.2784810126582,63.7362637362637,56.551724137931,3102,41.5725,36.8115,0.6625137412971784,1.5509348807221148,35591,2019-09-09 13:20:08.544000-04:00,51.0,California,Yes,None
PSAR5JG,38130,0,0,14,10,60,37.066,44.8025,0.6730769230769231,1.4666666666666668,2953,2019-09-09 13:20:51.501000-04:00,70,3,13,37.6190476190476,82.2784810126582,63.7362637362637,56.551724137931,3102,41.5725,36.8115,0.6625137412971784,1.5509348807221148,35591,2019-09-09 13:20:08.544000-04:00,51.0,California,Yes,None
PSAR5JG,38131,0,0,12,8,48,29.994,30.9385,0.5609756097560976,1.5,2953,2019-09-09 13:20:51.501000-04:00,70,3,13,37.6190476190476,82.2784810126582,63.7362637362637,56.551724137931,3102,41.5725,36.8115,0.6625137412971784,1.5509348807221148,35591,2019-09-09 13:20:08.544000-04:00,51.0,California,Yes,None
PSAR5JG,38134,0,0,9,6,37,24.126,25.773,0.5294117647058824,1.7027027027027026,2953,2019-09-09 13:20:51.501000-04:00,70,3,13,37.6190476190476,82.2784810126582,63.7362637362637,56.551724137931,3102,41.5725,36.8115,0.6625137412971784,1.5509348807221148,35591,2019-09-09 13:20:08.544000-04:00,51.0,California,Yes,None
PSAR5JG,38135,0,0,6,1,15,52.627,71.476,0.3333333333333333,2.0,2953,2019-09-09 13:20:51.501000-04:00,70,3,13,37.6190476190476,82.2784810126582,63.7362637362637,56.551724137931,3102,41.5725,36.8115,0.6625137412971784,1.5509348807221148,35591,2019-09-09 13:20:08.544000-04:00,51.0,California,Yes,None
PSAR5JG,38136,0,0,10,5,29,46.295,50.385,0.6538461538461539,1.5862068965517242,2953,2019-09-09 13:20:51.501000-04:00,70,3,13,37.6190476190476,82.2784810126582,63.7362637362637,56.551724137931,3102,41.5725,36.8115,0.6625137412971784,1.5509348807221148,35591,2019-09-09 13:20:08.544000-04:00,51.0,California,Yes,None
PSAR5JG,38150,0,0,10,8,41,38.066,38.073,0.4878048780487805,1.7317073170731707,2953,2019-09-09 13:20:51.501000-04:00,70,3,13,37.6190476190476,82.2784810126582,63.7362637362637,56.551724137931,3102,41.5725,36.8115,0.6625137412971784,1.5509348807221148,35591,2019-09-09 13:20:08.544000-04:00,51.0,California,Yes,None
PSAR5JG,38151,0,0,8,5,30,28.899,29.213,0.6551724137931034,1.6,2953,2019-09-09 13:20:51.501000-04:00,70,3,13,37.6190476190476,82.2784810126582,63.7362637362637,56.551724137931,3102,41.5725,36.8115,0.6625137412971784,1.5509348807221148,35591,2019-09-09 13:20:08.544000-04:00,51.0,California,Yes,None
PSAR5JG,51715,0,0,3,1,10,229.523,246.0175,0.7,1.5,2953,2019-09-09 13:20:51.501000-04:00,70,3,13,37.6190476190476,82.2784810126582,63.7362637362637,56.551724137931,3102,41.5725,36.8115,0.6625137412971784,1.5509348807221148,35591,2019-09-09 13:20:08.544000-04:00,51.0,California,Yes,None
PSAR5JG,35831,0,0,11,1,17,32.925,32.932,0.4375,1.8235294117647058,2953,2019-09-09 13:20:51.501000-04:00,70,3,13,37.6190476190476,82.2784810126582,63.7362637362637,56.551724137931,3102,41.5725,36.8115,0.6625137412971784,1.5509348807221148,35591,2019-09-09 13:20:08.544000-04:00,51.0,California,Yes,None
PSAR5JG,35835,0,0,9,7,78,21.9525,25.901,0.5735294117647058,1.6794871794871795,2953,2019-09-09 13:20:51.501000-04:00,70,3,13,37.6190476190476,82.2784810126582,63.7362637362637,56.551724137931,3102,41.5725,36.8115,0.6625137412971784,1.5509348807221148,35591,2019-09-09 13:20:08.544000-04:00,51.0,California,Yes,None
PSAR5JG,35836,0,0,8,4,28,25.0645,27.2565,0.64,1.5,2953,2019-09-09 13:20:51.501000-04:00,70,3,13,37.6190476190476,82.2784810126582,63.7362637362637,56.551724137931,3102,41.5725,36.8115,0.6625137412971784,1.5509348807221148,35591,2019-09-09 13:20:08.544000-04:00,51.0,California,Yes,None
PSAR5JG,35837,0,0,12,11,65,22.438,22.874,0.782608695652174,1.2461538461538462,2953,2019-09-09 13:20:51.501000-04:00,70,3,13,37.6190476190476,82.2784810126582,63.7362637362637,56.551724137931,3102,41.5725,36.8115,0.6625137412971784,1.5509348807221148,35591,2019-09-09 13:20:08.544000-04:00,51.0,California,Yes,None
PSAR5JG,35841,0,0,12,10,91,28.309,28.534,0.7777777777777778,1.2637362637362637,2953,2019-09-09 13:20:51.501000-04:00,70,3,13,37.6190476190476,82.2784810126582,63.7362637362637,56.551724137931,3102,41.5725,36.8115,0.6625137412971784,1.5509348807221148,35591,2019-09-09 13:20:08.544000-04:00,51.0,California,Yes,None
PSAR5JG,35857,0,0,8,6,32,27.8315,29.872,0.78125,1.3125,2953,2019-09-09 13:20:51.501000-04:00,70,3,13,37.6190476190476,82.2784810126582,63.7362637362637,56.551724137931,3102,41.5725,36.8115,0.6625137412971784,1.5509348807221148,35591,2019-09-09 13:20:08.544000-04:00,51.0,California,Yes,None
PSAR5JG,35859,0,0,10,7,55,59.316,62.706,0.8372093023255814,1.1818181818181819,2953,2019-09-09 13:20:51.501000-04:00,70,3,13,37.6190476190476,82.2784810126582,63.7362637362637,56.551724137931,3102,41.5725,36.8115,0.6625137412971784,1.5509348807221148,35591,2019-09-09 13:20:08.544000-04:00,51.0,California,Yes,None
PSAR5JG,35860,0,0,10,5,37,54.194,67.236,0.8823529411764706,1.1891891891891893,2953,2019-09-09 13:20:51.501000-04:00,70,3,13,37.6190476190476,82.2784810126582,63.7362637362637,56.551724137931,3102,41.5725,36.8115,0.6625137412971784,1.5509348807221148,35591,2019-09-09 13:20:08.544000-04:00,51.0,California,Yes,None
PSAR5JG,35864,0,0,13,9,61,37.898,46.377,0.5636363636363636,1.6065573770491803,2953,2019-09-09 13:20:51.501000-04:00,70,3,13,37.6190476190476,82.2784810126582,63.7362637362637,56.551724137931,3102,41.5725,36.8115,0.6625137412971784,1.5509348807221148,35591,2019-09-09 13:20:08.544000-04:00,51.0,California,Yes,None
PSAR5JG,35865,1,0,10,6,48,31.034,32.584,0.5111111111111111,1.7916666666666667,2953,2019-09-09 13:20:51.501000-04:00,70,3,13,37.6190476190476,82.2784810126582,63.7362637362637,56.551724137931,3102,41.5725,36.8115,0.6625137412971784,1.5509348807221148,35591,2019-09-09 13:20:08.544000-04:00,51.0,California,Yes,None
PSAR5JG,35868,0,0,8,4,25,15.216,16.118,0.4,2.16,2953,2019-09-09 13:20:51.501000-04:00,70,3,13,37.6190476190476,82.2784810126582,63.7362637362637,56.551724137931,3102,41.5725,36.8115,0.6625137412971784,1.5509348807221148,35591,2019-09-09 13:20:08.544000-04:00,51.0,California,Yes,None
PSAR5JG,35872,0,0,14,8,48,42.4045,49.1315,0.75,1.3958333333333333,2953,2019-09-09 13:20:51.501000-04:00,70,3,13,37.6190476190476,82.2784810126582,63.7362637362637,56.551724137931,3102,41.5725,36.8115,0.6625137412971784,1.5509348807221148,35591,2019-09-09 13:20:08.544000-04:00,51.0,California,Yes,None
PSAR5JG,35874,0,0,10,8,69,47.398,51.73,0.6896551724137931,1.4927536231884058,2953,2019-09-09 13:20:51.501000-04:00,70,3,13,37.6190476190476,82.2784810126582,63.7362637362637,56.551724137931,3102,41.5725,36.8115,0.6625137412971784,1.5509348807221148,35591,2019-09-09 13:20:08.544000-04:00,51.0,California,Yes,None
PSAR5JG,36204,3,2,11,6,73,64.046,70.879,0.6307692307692307,1.821917808219178,2953,2019-09-09 13:20:51.501000-04:00,70,3,13,37.6190476190476,82.2784810126582,63.7362637362637,56.551724137931,3102,41.5725,36.8115,0.6625137412971784,1.5509348807221148,35591,2019-09-09 13:20:08.544000-04:00,51.0,California,Yes,None
PSAR5JG,36205,3,3,10,7,76,52.2925,52.3025,0.8032786885245902,1.25,2953,2019-09-09 13:20:51.501000-04:00,70,3,13,37.6190476190476,82.2784810126582,63.7362637362637,56.551724137931,3102,41.5725,36.8115,0.6625137412971784,1.5509348807221148,35591,2019-09-09 13:20:08.544000-04:00,51.0,California,Yes,None
PSAR5JG,36225,3,3,10,6,72,38.1525,42.0965,0.7258064516129032,1.3611111111111112,2953,2019-09-09 13:20:51.501000-04:00,70,3,13,37.6190476190476,82.2784810126582,63.7362637362637,56.551724137931,3102,41.5725,36.8115,0.6625137412971784,1.5509348807221148,35591,2019-09-09 13:20:08.544000-04:00,51.0,California,Yes,None
PSAR5JG,36227,3,3,14,10,84,46.5105,49.816,0.8356164383561644,1.1785714285714286,2953,2019-09-09 13:20:51.501000-04:00,70,3,13,37.6190476190476,82.2784810126582,63.7362637362637,56.551724137931,3102,41.5725,36.8115,0.6625137412971784,1.5509348807221148,35591,2019-09-09 13:20:08.544000-04:00,51.0,California,Yes,None
PSAR5JG,36228,0,0,11,7,41,34.697,37.083,0.6052631578947368,1.6585365853658538,2953,2019-09-09 13:20:51.501000-04:00,70,3,13,37.6190476190476,82.2784810126582,63.7362637362637,56.551724137931,3102,41.5725,36.8115,0.6625137412971784,1.5509348807221148,35591,2019-09-09 13:20:08.544000-04:00,51.0,California,Yes,None
PSAR5JG,37467,3,3,11,7,82,26.4385,28.843,0.6986301369863014,1.4634146341463414,2953,2019-09-09 13:20:51.501000-04:00,70,3,13,37.6190476190476,82.2784810126582,63.7362637362637,56.551724137931,3102,41.5725,36.8115,0.6625137412971784,1.5509348807221148,35591,2019-09-09 13:20:08.544000-04:00,51.0,California,Yes,None
PSAR5JG,37468,3,3,12,10,92,44.7055,49.1565,0.7702702702702703,1.423913043478261,2953,2019-09-09 13:20:51.501000-04:00,70,3,13,37.6190476190476,82.2784810126582,63.7362637362637,56.551724137931,3102,41.5725,36.8115,0.6625137412971784,1.5509348807221148,35591,2019-09-09 13:20:08.544000-04:00,51.0,California,Yes,None
PSAR5JG,37472,3,2,9,5,67,42.503,52.961,0.6491228070175439,1.507462686567164,2953,2019-09-09 13:20:51.501000-04:00,70,3,13,37.6190476190476,82.2784810126582,63.7362637362637,56.551724137931,3102,41.5725,36.8115,0.6625137412971784,1.5509348807221148,35591,2019-09-09 13:20:08.544000-04:00,51.0,California,Yes,None
PSAR5JG,37498,3,2,15,13,107,21.863,25.457,0.782608695652174,1.5327102803738317,2953,2019-09-09 13:20:51.501000-04:00,70,3,13,37.6190476190476,82.2784810126582,63.7362637362637,56.551724137931,3102,41.5725,36.8115,0.6625137412971784,1.5509348807221148,35591,2019-09-09 13:20:08.544000-04:00,51.0,California,Yes,None
PSAR5JG,37500,0,0,12,7,55,30.871,38.406,0.4716981132075472,2.0363636363636366,2953,2019-09-09 13:20:51.501000-04:00,70,3,13,37.6190476190476,82.2784810126582,63.7362637362637,56.551724137931,3102,41.5725,36.8115,0.6625137412971784,1.5509348807221148,35591,2019-09-09 13:20:08.544000-04:00,51.0,California,Yes,None
PSAR5JG,37501,3,3,12,10,87,52.346,62.229,0.7285714285714285,1.4597701149425286,2953,2019-09-09 13:20:51.501000-04:00,70,3,13,37.6190476190476,82.2784810126582,63.7362637362637,56.551724137931,3102,41.5725,36.8115,0.6625137412971784,1.5509348807221148,35591,2019-09-09 13:20:08.544000-04:00,51.0,California,Yes,None
PSAR5JG,37502,3,3,11,10,80,23.891,24.483,0.855072463768116,1.15,2953,2019-09-09 13:20:51.501000-04:00,70,3,13,37.6190476190476,82.2784810126582,63.7362637362637,56.551724137931,3102,41.5725,36.8115,0.6625137412971784,1.5509348807221148,35591,2019-09-09 13:20:08.544000-04:00,51.0,California,Yes,None
PSAR5JG,37503,3,3,12,7,65,50.711,66.1,0.5833333333333334,1.8615384615384616,2953,2019-09-09 13:20:51.501000-04:00,70,3,13,37.6190476190476,82.2784810126582,63.7362637362637,56.551724137931,3102,41.5725,36.8115,0.6625137412971784,1.5509348807221148,35591,2019-09-09 13:20:08.544000-04:00,51.0,California,Yes,None
PSAR5JG,37507,3,1,8,3,49,59.182,67.587,0.5,1.7959183673469388,2953,2019-09-09 13:20:51.501000-04:00,70,3,13,37.6190476190476,82.2784810126582,63.7362637362637,56.551724137931,3102,41.5725,36.8115,0.6625137412971784,1.5509348807221148,35591,2019-09-09 13:20:08.544000-04:00,51.0,California,Yes,None
PSAR5JG,37508,3,2,10,5,53,72.59,94.866,0.6956521739130435,1.4528301886792454,2953,2019-09-09 13:20:51.501000-04:00,70,3,13,37.6190476190476,82.2784810126582,63.7362637362637,56.551724137931,3102,41.5725,36.8115,0.6625137412971784,1.5509348807221148,35591,2019-09-09 13:20:08.544000-04:00,51.0,California,Yes,None
PSAR5JG,37509,1,1,9,4,62,27.241,34.191,0.4444444444444444,1.9193548387096775,2953,2019-09-09 13:20:51.501000-04:00,70,3,13,37.6190476190476,82.2784810126582,63.7362637362637,56.551724137931,3102,41.5725,36.8115,0.6625137412971784,1.5509348807221148,35591,2019-09-09 13:20:08.544000-04:00,51.0,California,Yes,None
PSAR5JG,37510,3,3,12,9,74,60.8415,64.24,0.8787878787878788,1.2297297297297296,2953,2019-09-09 13:20:51.501000-04:00,70,3,13,37.6190476190476,82.2784810126582,63.7362637362637,56.551724137931,3102,41.5725,36.8115,0.6625137412971784,1.5509348807221148,35591,2019-09-09 13:20:08.544000-04:00,51.0,California,Yes,None
PSAR5JG,37511,1,0,10,6,50,62.821,64.3765,0.6666666666666666,1.5,2953,2019-09-09 13:20:51.501000-04:00,70,3,13,37.6190476190476,82.2784810126582,63.7362637362637,56.551724137931,3102,41.5725,36.8115,0.6625137412971784,1.5509348807221148,35591,2019-09-09 13:20:08.544000-04:00,51.0,California,Yes,None
PSAR5JG,37512,3,3,9,4,42,53.705,57.4015,0.6585365853658537,1.5952380952380951,2953,2019-09-09 13:20:51.501000-04:00,70,3,13,37.6190476190476,82.2784810126582,63.7362637362637,56.551724137931,3102,41.5725,36.8115,0.6625137412971784,1.5509348807221148,35591,2019-09-09 13:20:08.544000-04:00,51.0,California,Yes,None
PSAR5JG,37681,3,3,10,7,73,37.98,40.819,0.8125,1.2465753424657533,2953,2019-09-09 13:20:51.501000-04:00,70,3,13,37.6190476190476,82.2784810126582,63.7362637362637,56.551724137931,3102,41.5725,36.8115,0.6625137412971784,1.5509348807221148,35591,2019-09-09 13:20:08.544000-04:00,51.0,California,Yes,None
PSAR5JG,37683,3,2,8,3,41,101.674,139.5,0.6486486486486487,1.5853658536585367,2953,2019-09-09 13:20:51.501000-04:00,70,3,13,37.6190476190476,82.2784810126582,63.7362637362637,56.551724137931,3102,41.5725,36.8115,0.6625137412971784,1.5509348807221148,35591,2019-09-09 13:20:08.544000-04:00,51.0,California,Yes,None
PSAR5JG,37684,3,3,7,1,40,67.785,77.7105,0.5,2.85,2953,2019-09-09 13:20:51.501000-04:00,70,3,13,37.6190476190476,82.2784810126582,63.7362637362637,56.551724137931,3102,41.5725,36.8115,0.6625137412971784,1.5509348807221148,35591,2019-09-09 13:20:08.544000-04:00,51.0,California,Yes,None
PSAR5JG,37688,3,2,9,7,82,24.3265,28.134,0.5774647887323944,1.621951219512195,2953,2019-09-09 13:20:51.501000-04:00,70,3,13,37.6190476190476,82.2784810126582,63.7362637362637,56.551724137931,3102,41.5725,36.8115,0.6625137412971784,1.5509348807221148,35591,2019-09-09 13:20:08.544000-04:00,51.0,California,Yes,None
PSAR5JG,37689,3,3,10,7,67,39.167,43.34,0.7868852459016393,1.4477611940298507,2953,2019-09-09 13:20:51.501000-04:00,70,3,13,37.6190476190476,82.2784810126582,63.7362637362637,56.551724137931,3102,41.5725,36.8115,0.6625137412971784,1.5509348807221148,35591,2019-09-09 13:20:08.544000-04:00,51.0,California,Yes,None
PSAR5JG,37710,3,3,10,7,65,34.114,40.2,0.7368421052631579,1.3846153846153846,2953,2019-09-09 13:20:51.501000-04:00,70,3,13,37.6190476190476,82.2784810126582,63.7362637362637,56.551724137931,3102,41.5725,36.8115,0.6625137412971784,1.5509348807221148,35591,2019-09-09 13:20:08.544000-04:00,51.0,California,Yes,None
PSAR5JG,37723,3,2,8,3,57,31.42,42.381,0.6140350877192983,1.8771929824561404,2953,2019-09-09 13:20:51.501000-04:00,70,3,13,37.6190476190476,82.2784810126582,63.7362637362637,56.551724137931,3102,41.5725,36.8115,0.6625137412971784,1.5509348807221148,35591,2019-09-09 13:20:08.544000-04:00,51.0,California,Yes,None
PSAR5JG,38101,0,0,8,4,23,15.713,15.721,0.8947368421052632,1.173913043478261,2953,2019-09-09 13:20:51.501000-04:00,70,3,13,37.6190476190476,82.2784810126582,63.7362637362637,56.551724137931,3102,41.5725,36.8115,0.6625137412971784,1.5509348807221148,35591,2019-09-09 13:20:08.544000-04:00,51.0,California,Yes,None
PSAR5JG,51614,0,0,5,2,12,89.939,101.4015,0.5454545454545454,1.75,2953,2019-09-09 13:20:51.501000-04:00,70,3,13,37.6190476190476,82.2784810126582,63.7362637362637,56.551724137931,3102,41.5725,36.8115,0.6625137412971784,1.5509348807221148,35591,2019-09-09 13:20:08.544000-04:00,51.0,California,Yes,None
PSAR5JG,51615,0,0,5,1,23,92.978,136.415,0.5,1.826086956521739,2953,2019-09-09 13:20:51.501000-04:00,70,3,13,37.6190476190476,82.2784810126582,63.7362637362637,56.551724137931,3102,41.5725,36.8115,0.6625137412971784,1.5509348807221148,35591,2019-09-09 13:20:08.544000-04:00,51.0,California,Yes,None
PSAR5JG,51616,0,0,9,3,20,123.3725,123.3835,0.65,1.6,2953,2019-09-09 13:20:51.501000-04:00,70,3,13,37.6190476190476,82.2784810126582,63.7362637362637,56.551724137931,3102,41.5725,36.8115,0.6625137412971784,1.5509348807221148,35591,2019-09-09 13:20:08.544000-04:00,51.0,California,Yes,None
PSAR5JG,51632,0,0,8,5,26,26.3425,35.5,0.5,1.6923076923076923,2953,2019-09-09 13:20:51.501000-04:00,70,3,13,37.6190476190476,82.2784810126582,63.7362637362637,56.551724137931,3102,41.5725,36.8115,0.6625137412971784,1.5509348807221148,35591,2019-09-09 13:20:08.544000-04:00,51.0,California,Yes,None
PSAR5JG,51634,0,0,10,5,35,66.538,66.568,0.625,1.5714285714285714,2953,2019-09-09 13:20:51.501000-04:00,70,3,13,37.6190476190476,82.2784810126582,63.7362637362637,56.551724137931,3102,41.5725,36.8115,0.6625137412971784,1.5509348807221148,35591,2019-09-09 13:20:08.544000-04:00,51.0,California,Yes,None
PSAR5JG,60831,0,0,8,7,45,33.395,38.014,0.5111111111111111,1.9333333333333333,2953,2019-09-09 13:20:51.501000-04:00,70,3,13,37.6190476190476,82.2784810126582,63.7362637362637,56.551724137931,3102,41.5725,36.8115,0.6625137412971784,1.5509348807221148,35591,2019-09-09 13:20:08.544000-04:00,51.0,California,Yes,None
PSAR5JG,41546,0,0,57,42,381,27.427,31.354,0.7451737451737451,1.230971128608924,3984,2019-09-25 18:20:38.466000-04:00,4,0,0,0.0,0.0,0.0,0.0,0,,,,,10417,2019-07-18 21:20:58.248000-04:00,1311.0,North Carolina,Yes,None
PSAR5JG,112500,0,0,0,0,0,,,,,3984,2019-09-25 18:20:38.466000-04:00,4,0,0,0.0,0.0,0.0,0.0,0,,,,,10417,2019-07-18 21:20:58.248000-04:00,1311.0,North Carolina,Yes,None
PSAR5JG,66581,1,0,34,31,110,36.7015,57.4515,0.5675675675675675,1.6181818181818182,3984,2019-09-25 18:20:38.466000-04:00,4,0,0,0.0,0.0,0.0,0.0,0,,,,,10417,2019-07-18 21:20:58.248000-04:00,1311.0,North Carolina,Yes,None
PSAR5JG,47542,2,1,13,10,148,25.185,34.24,0.5175438596491229,1.5202702702702704,3984,2019-09-25 18:20:38.466000-04:00,4,0,0,0.0,0.0,0.0,0.0,0,,,,,10417,2019-07-18 21:20:58.248000-04:00,1311.0,North Carolina,Yes,None
PSAR5JG,65766,5,2,11,7,57,30.443,37.795,0.47368421052631576,1.8947368421052633,4828,2019-10-16 11:12:22.240000-04:00,24,8,21,68.2291666666667,58.0152671755725,68.6507936507936,81.7919075144509,2031,48.109,41.686,0.6957383548067394,1.446085672082718,64904,2019-10-16 11:07:33.813000-04:00,902.0,Massachusetts,No,None
PSAR5JG,65771,8,8,20,19,139,49.13,54.562,0.7769784172661871,1.316546762589928,4828,2019-10-16 11:12:22.240000-04:00,24,8,21,68.2291666666667,58.0152671755725,68.6507936507936,81.7919075144509,2031,48.109,41.686,0.6957383548067394,1.446085672082718,64904,2019-10-16 11:07:33.813000-04:00,902.0,Massachusetts,No,None
PSAR5JG,65772,5,3,19,16,119,38.73,45.461,0.423728813559322,1.7815126050420167,4828,2019-10-16 11:12:22.240000-04:00,24,8,21,68.2291666666667,58.0152671755725,68.6507936507936,81.7919075144509,2031,48.109,41.686,0.6957383548067394,1.446085672082718,64904,2019-10-16 11:07:33.813000-04:00,902.0,Massachusetts,No,None
PSAR5JG,65774,8,5,17,16,102,36.7595,38.4655,0.8541666666666666,1.196078431372549,4828,2019-10-16 11:12:22.240000-04:00,24,8,21,68.2291666666667,58.0152671755725,68.6507936507936,81.7919075144509,2031,48.109,41.686,0.6957383548067394,1.446085672082718,64904,2019-10-16 11:07:33.813000-04:00,902.0,Massachusetts,No,None
PSAR5JG,65776,6,3,17,14,113,53.986,61.987,0.7433628318584071,1.2920353982300885,4828,2019-10-16 11:12:22.240000-04:00,24,8,21,68.2291666666667,58.0152671755725,68.6507936507936,81.7919075144509,2031,48.109,41.686,0.6957383548067394,1.446085672082718,64904,2019-10-16 11:07:33.813000-04:00,902.0,Massachusetts,No,None
PSAR5JG,65778,5,2,20,17,115,55.058,58.476,0.8157894736842105,1.208695652173913,4828,2019-10-16 11:12:22.240000-04:00,24,8,21,68.2291666666667,58.0152671755725,68.6507936507936,81.7919075144509,2031,48.109,41.686,0.6957383548067394,1.446085672082718,64904,2019-10-16 11:07:33.813000-04:00,902.0,Massachusetts,No,None
PSAR5JG,65779,6,3,17,14,92,68.1245,80.9735,0.6703296703296703,1.5326086956521738,4828,2019-10-16 11:12:22.240000-04:00,24,8,21,68.2291666666667,58.0152671755725,68.6507936507936,81.7919075144509,2031,48.109,41.686,0.6957383548067394,1.446085672082718,64904,2019-10-16 11:07:33.813000-04:00,902.0,Massachusetts,No,None
PSAR5JG,65946,7,5,19,19,132,21.4195,27.6775,0.5419847328244275,1.7196969696969697,4828,2019-10-16 11:12:22.240000-04:00,24,8,21,68.2291666666667,58.0152671755725,68.6507936507936,81.7919075144509,2031,48.109,41.686,0.6957383548067394,1.446085672082718,64904,2019-10-16 11:07:33.813000-04:00,902.0,Massachusetts,No,None
PSAR5JG,65949,5,2,14,11,89,27.982,34.967,0.4044943820224719,1.7865168539325842,4828,2019-10-16 11:12:22.240000-04:00,24,8,21,68.2291666666667,58.0152671755725,68.6507936507936,81.7919075144509,2031,48.109,41.686,0.6957383548067394,1.446085672082718,64904,2019-10-16 11:07:33.813000-04:00,902.0,Massachusetts,No,None
PSAR5JG,65950,5,1,9,3,39,37.683,74.206,0.5384615384615384,1.641025641025641,4828,2019-10-16 11:12:22.240000-04:00,24,8,21,68.2291666666667,58.0152671755725,68.6507936507936,81.7919075144509,2031,48.109,41.686,0.6957383548067394,1.446085672082718,64904,2019-10-16 11:07:33.813000-04:00,902.0,Massachusetts,No,None
PSAR5JG,65951,5,4,16,11,83,84.359,91.957,0.7108433734939759,1.5421686746987953,4828,2019-10-16 11:12:22.240000-04:00,24,8,21,68.2291666666667,58.0152671755725,68.6507936507936,81.7919075144509,2031,48.109,41.686,0.6957383548067394,1.446085672082718,64904,2019-10-16 11:07:33.813000-04:00,902.0,Massachusetts,No,None
PSAR5JG,66492,8,6,20,19,117,34.477,37.016,0.896551724137931,1.222222222222222,4828,2019-10-16 11:12:22.240000-04:00,24,8,21,68.2291666666667,58.0152671755725,68.6507936507936,81.7919075144509,2031,48.109,41.686,0.6957383548067394,1.446085672082718,64904,2019-10-16 11:07:33.813000-04:00,902.0,Massachusetts,No,None
PSAR5JG,65763,3,0,13,10,64,41.5025,62.187,0.3125,2.25,4828,2019-10-16 11:12:22.240000-04:00,24,8,21,68.2291666666667,58.0152671755725,68.6507936507936,81.7919075144509,2031,48.109,41.686,0.6957383548067394,1.446085672082718,64904,2019-10-16 11:07:33.813000-04:00,902.0,Massachusetts,No,None
PSAR5JG,65764,5,3,15,11,80,113.3365,135.7895,0.75,1.3625,4828,2019-10-16 11:12:22.240000-04:00,24,8,21,68.2291666666667,58.0152671755725,68.6507936507936,81.7919075144509,2031,48.109,41.686,0.6957383548067394,1.446085672082718,64904,2019-10-16 11:07:33.813000-04:00,902.0,Massachusetts,No,None
PSAR5JG,79786,6,6,9,9,130,63.946,80.1025,0.5354330708661418,1.8615384615384616,5792,2019-11-14 14:01:03.082000-05:00,45,8,10,69.7222222222222,81.6733067729084,84.8888888888889,91.8848167539267,4141,56.836,48.708,0.6772104607721046,1.6051678338565565,10088,2019-06-19 13:16:14.166000-04:00,955.0,Massachusetts,Yes,None
PSAR5JG,84689,0,0,41,34,160,33.802,38.732,0.423728813559322,1.8,6166,2019-12-02 21:05:12.714000-05:00,23,5,76,39.1304347826087,88.8888888888889,45.9382151029748,78.2067247820673,4164,47.7895,38.652,0.5686274509803921,1.3981748318924112,83898,2019-12-02 10:33:29.871000-05:00,890.0,Louisiana,No,None
PSAR5JG,84692,5,4,70,66,521,18.317,23.798,0.5521978021978022,1.291746641074856,6166,2019-12-02 21:05:12.714000-05:00,23,5,76,39.1304347826087,88.8888888888889,45.9382151029748,78.2067247820673,4164,47.7895,38.652,0.5686274509803921,1.3981748318924112,83898,2019-12-02 10:33:29.871000-05:00,890.0,Louisiana,No,None
PSAR5JG,84697,5,5,70,59,405,33.031,40.184,0.6313993174061433,1.325925925925926,6166,2019-12-02 21:05:12.714000-05:00,23,5,76,39.1304347826087,88.8888888888889,45.9382151029748,78.2067247820673,4164,47.7895,38.652,0.5686274509803921,1.3981748318924112,83898,2019-12-02 10:33:29.871000-05:00,890.0,Louisiana,No,None
PSAR5JG,84699,0,0,21,13,97,107.562,112.387,0.575,1.3195876288659794,6166,2019-12-02 21:05:12.714000-05:00,23,5,76,39.1304347826087,88.8888888888889,45.9382151029748,78.2067247820673,4164,47.7895,38.652,0.5686274509803921,1.3981748318924112,83898,2019-12-02 10:33:29.871000-05:00,890.0,Louisiana,No,None
PSAR5JG,84712,5,4,31,20,145,61.394,66.719,0.6956521739130435,1.386206896551724,6166,2019-12-02 21:05:12.714000-05:00,23,5,76,39.1304347826087,88.8888888888889,45.9382151029748,78.2067247820673,4164,47.7895,38.652,0.5686274509803921,1.3981748318924112,83898,2019-12-02 10:33:29.871000-05:00,890.0,Louisiana,No,None
PSAR5JG,84686,0,0,50,37,235,42.13,61.473,0.49079754601226994,1.3914893617021278,6166,2019-12-02 21:05:12.714000-05:00,23,5,76,39.1304347826087,88.8888888888889,45.9382151029748,78.2067247820673,4164,47.7895,38.652,0.5686274509803921,1.3981748318924112,83898,2019-12-02 10:33:29.871000-05:00,890.0,Louisiana,No,None
PSAR5JG,85251,0,0,0,0,0,,,,,6192,2019-12-03 19:29:17.369000-05:00,22,0,0,0.0,0.0,0.0,0.0,0,,,,,84905,2019-12-03 19:27:15.383000-05:00,955.0,Massachusetts,Yes,None
PSAR5JG,109905,0,0,0,0,0,,,,,6193,2019-12-03 19:29:17.371000-05:00,21,0,0,0.0,0.0,0.0,0.0,0,,,,,84905,2019-12-03 19:27:15.383000-05:00,955.0,Massachusetts,Yes,None
PSAR5JG,85252,0,0,0,0,0,,,,,6193,2019-12-03 19:29:17.371000-05:00,21,0,0,0.0,0.0,0.0,0.0,0,,,,,84905,2019-12-03 19:27:15.383000-05:00,955.0,Massachusetts,Yes,None
PSAR5JG,96156,0,0,4,2,44,36.2245,52.1765,0.3870967741935484,1.9090909090909092,6818,2020-01-10 14:34:10.151000-05:00,7,2,5,21.4285714285714,0.0,57.1428571428571,15.0,93,53.155,29.53,0.12307692307692308,2.053763440860215,93554,2020-01-10 14:31:41.515000-05:00,1321.0,North Carolina,Yes,None
PSAR5JG,96155,0,0,3,1,17,7.591,21.569,0.0,1.7058823529411764,6818,2020-01-10 14:34:10.151000-05:00,7,2,5,21.4285714285714,0.0,57.1428571428571,15.0,93,53.155,29.53,0.12307692307692308,2.053763440860215,93554,2020-01-10 14:31:41.515000-05:00,1321.0,North Carolina,Yes,None
PSAR5JG,96160,0,0,2,1,14,58.664,76.89,0.0,2.2142857142857144,6818,2020-01-10 14:34:10.151000-05:00,7,2,5,21.4285714285714,0.0,57.1428571428571,15.0,93,53.155,29.53,0.12307692307692308,2.053763440860215,93554,2020-01-10 14:31:41.515000-05:00,1321.0,North Carolina,Yes,None
PSAR5JG,96159,2,0,3,1,2,61.966,762.611,0.0,3.0,6818,2020-01-10 14:34:10.151000-05:00,7,2,5,21.4285714285714,0.0,57.1428571428571,15.0,93,53.155,29.53,0.12307692307692308,2.053763440860215,93554,2020-01-10 14:31:41.515000-05:00,1321.0,North Carolina,Yes,None
PSAR5JG,96158,0,0,2,0,19,40.677,76.462,0.0,2.0,6818,2020-01-10 14:34:10.151000-05:00,7,2,5,21.4285714285714,0.0,57.1428571428571,15.0,93,53.155,29.53,0.12307692307692308,2.053763440860215,93554,2020-01-10 14:31:41.515000-05:00,1321.0,North Carolina,Yes,None
PSAR5JG,95687,9,9,20,20,336,49.366,58.9215,0.7253218884120172,1.3363095238095237,6919,2020-01-15 11:21:24.543000-05:00,78,13,23,58.8757396449704,89.1122278056951,75.6967670011148,63.5493372606775,17193,58.942,51.462,0.691358024691358,1.345431280172163,9962,2019-06-13 11:37:20.018000-04:00,112.0,Arizona,Yes,Suburb: Large
PSAR5JG,95334,8,8,16,11,240,67.547,74.882,0.7439024390243902,1.2625,6919,2020-01-15 11:21:24.543000-05:00,78,13,23,58.8757396449704,89.1122278056951,75.6967670011148,63.5493372606775,17193,58.942,51.462,0.691358024691358,1.345431280172163,9962,2019-06-13 11:37:20.018000-04:00,112.0,Arizona,Yes,Suburb: Large
PSAR5JG,95335,10,8,21,18,323,36.21,40.613,0.6136363636363636,1.2538699690402477,6919,2020-01-15 11:21:24.543000-05:00,78,13,23,58.8757396449704,89.1122278056951,75.6967670011148,63.5493372606775,17193,58.942,51.462,0.691358024691358,1.345431280172163,9962,2019-06-13 11:37:20.018000-04:00,112.0,Arizona,Yes,Suburb: Large
PSAR5JG,95336,9,9,20,18,298,60.9625,71.5425,0.7707317073170732,1.3020134228187918,6919,2020-01-15 11:21:24.543000-05:00,78,13,23,58.8757396449704,89.1122278056951,75.6967670011148,63.5493372606775,17193,58.942,51.462,0.691358024691358,1.345431280172163,9962,2019-06-13 11:37:20.018000-04:00,112.0,Arizona,Yes,Suburb: Large
PSAR5JG,95337,5,4,16,5,154,56.7065,60.626,0.6822429906542056,1.4545454545454546,6919,2020-01-15 11:21:24.543000-05:00,78,13,23,58.8757396449704,89.1122278056951,75.6967670011148,63.5493372606775,17193,58.942,51.462,0.691358024691358,1.345431280172163,9962,2019-06-13 11:37:20.018000-04:00,112.0,Arizona,Yes,Suburb: Large
PSAR5JG,95339,9,8,20,11,211,75.588,81.323,0.7019867549668874,1.3459715639810428,6919,2020-01-15 11:21:24.543000-05:00,78,13,23,58.8757396449704,89.1122278056951,75.6967670011148,63.5493372606775,17193,58.942,51.462,0.691358024691358,1.345431280172163,9962,2019-06-13 11:37:20.018000-04:00,112.0,Arizona,Yes,Suburb: Large
PSAR5JG,95344,9,9,21,21,336,61.233,75.0085,0.7260869565217392,1.3482142857142858,6919,2020-01-15 11:21:24.543000-05:00,78,13,23,58.8757396449704,89.1122278056951,75.6967670011148,63.5493372606775,17193,58.942,51.462,0.691358024691358,1.345431280172163,9962,2019-06-13 11:37:20.018000-04:00,112.0,Arizona,Yes,Suburb: Large
PSAR5JG,95350,8,7,22,14,252,58.0715,65.835,0.7244897959183674,1.3174603174603174,6919,2020-01-15 11:21:24.543000-05:00,78,13,23,58.8757396449704,89.1122278056951,75.6967670011148,63.5493372606775,17193,58.942,51.462,0.691358024691358,1.345431280172163,9962,2019-06-13 11:37:20.018000-04:00,112.0,Arizona,Yes,Suburb: Large
PSAR5JG,95360,7,7,15,10,239,54.623,64.062,0.7298850574712644,1.3389121338912133,6919,2020-01-15 11:21:24.543000-05:00,78,13,23,58.8757396449704,89.1122278056951,75.6967670011148,63.5493372606775,17193,58.942,51.462,0.691358024691358,1.345431280172163,9962,2019-06-13 11:37:20.018000-04:00,112.0,Arizona,Yes,Suburb: Large
PSAR5JG,95364,8,6,22,14,277,27.964,34.308,0.6381909547738693,1.4729241877256318,6919,2020-01-15 11:21:24.543000-05:00,78,13,23,58.8757396449704,89.1122278056951,75.6967670011148,63.5493372606775,17193,58.942,51.462,0.691358024691358,1.345431280172163,9962,2019-06-13 11:37:20.018000-04:00,112.0,Arizona,Yes,Suburb: Large
PSAR5JG,95365,9,7,21,14,259,44.492,50.784,0.7945945945945946,1.2162162162162162,6919,2020-01-15 11:21:24.543000-05:00,78,13,23,58.8757396449704,89.1122278056951,75.6967670011148,63.5493372606775,17193,58.942,51.462,0.691358024691358,1.345431280172163,9962,2019-06-13 11:37:20.018000-04:00,112.0,Arizona,Yes,Suburb: Large
PSAR5JG,95367,9,6,16,8,231,52.328,64.654,0.695906432748538,1.3246753246753247,6919,2020-01-15 11:21:24.543000-05:00,78,13,23,58.8757396449704,89.1122278056951,75.6967670011148,63.5493372606775,17193,58.942,51.462,0.691358024691358,1.345431280172163,9962,2019-06-13 11:37:20.018000-04:00,112.0,Arizona,Yes,Suburb: Large
PSAR5JG,95369,11,8,24,19,331,63.092,73.445,0.6345381526104418,1.4924471299093656,6919,2020-01-15 11:21:24.543000-05:00,78,13,23,58.8757396449704,89.1122278056951,75.6967670011148,63.5493372606775,17193,58.942,51.462,0.691358024691358,1.345431280172163,9962,2019-06-13 11:37:20.018000-04:00,112.0,Arizona,Yes,Suburb: Large
PSAR5JG,95378,9,9,21,19,349,36.162,43.836,0.6058091286307054,1.5816618911174785,6919,2020-01-15 11:21:24.543000-05:00,78,13,23,58.8757396449704,89.1122278056951,75.6967670011148,63.5493372606775,17193,58.942,51.462,0.691358024691358,1.345431280172163,9962,2019-06-13 11:37:20.018000-04:00,112.0,Arizona,Yes,Suburb: Large
PSAR5JG,95379,9,9,21,21,337,68.426,75.382,0.7662337662337663,1.2700296735905046,6919,2020-01-15 11:21:24.543000-05:00,78,13,23,58.8757396449704,89.1122278056951,75.6967670011148,63.5493372606775,17193,58.942,51.462,0.691358024691358,1.345431280172163,9962,2019-06-13 11:37:20.018000-04:00,112.0,Arizona,Yes,Suburb: Large
PSAR5JG,95380,9,8,16,9,217,52.278,55.592,0.7777777777777778,1.1797235023041475,6919,2020-01-15 11:21:24.543000-05:00,78,13,23,58.8757396449704,89.1122278056951,75.6967670011148,63.5493372606775,17193,58.942,51.462,0.691358024691358,1.345431280172163,9962,2019-06-13 11:37:20.018000-04:00,112.0,Arizona,Yes,Suburb: Large
PSAR5JG,95391,9,9,18,14,267,61.161,63.124,0.7967914438502673,1.2958801498127341,6919,2020-01-15 11:21:24.543000-05:00,78,13,23,58.8757396449704,89.1122278056951,75.6967670011148,63.5493372606775,17193,58.942,51.462,0.691358024691358,1.345431280172163,9962,2019-06-13 11:37:20.018000-04:00,112.0,Arizona,Yes,Suburb: Large
PSAR5JG,95392,9,7,21,15,296,56.6245,63.71,0.75,1.2804054054054055,6919,2020-01-15 11:21:24.543000-05:00,78,13,23,58.8757396449704,89.1122278056951,75.6967670011148,63.5493372606775,17193,58.942,51.462,0.691358024691358,1.345431280172163,9962,2019-06-13 11:37:20.018000-04:00,112.0,Arizona,Yes,Suburb: Large
PSAR5JG,95393,9,8,20,12,250,85.003,90.227,0.6885245901639344,1.444,6919,2020-01-15 11:21:24.543000-05:00,78,13,23,58.8757396449704,89.1122278056951,75.6967670011148,63.5493372606775,17193,58.942,51.462,0.691358024691358,1.345431280172163,9962,2019-06-13 11:37:20.018000-04:00,112.0,Arizona,Yes,Suburb: Large
PSAR5JG,95605,9,9,21,13,275,41.366,47.672,0.645,1.3818181818181818,6919,2020-01-15 11:21:24.543000-05:00,78,13,23,58.8757396449704,89.1122278056951,75.6967670011148,63.5493372606775,17193,58.942,51.462,0.691358024691358,1.345431280172163,9962,2019-06-13 11:37:20.018000-04:00,112.0,Arizona,Yes,Suburb: Large
PSAR5JG,95606,9,9,20,19,295,57.072,61.148,0.845,1.2033898305084747,6919,2020-01-15 11:21:24.543000-05:00,78,13,23,58.8757396449704,89.1122278056951,75.6967670011148,63.5493372606775,17193,58.942,51.462,0.691358024691358,1.345431280172163,9962,2019-06-13 11:37:20.018000-04:00,112.0,Arizona,Yes,Suburb: Large
PSAR5JG,95607,7,7,21,21,325,48.727,57.521,0.7117903930131004,1.2984615384615386,6919,2020-01-15 11:21:24.543000-05:00,78,13,23,58.8757396449704,89.1122278056951,75.6967670011148,63.5493372606775,17193,58.942,51.462,0.691358024691358,1.345431280172163,9962,2019-06-13 11:37:20.018000-04:00,112.0,Arizona,Yes,Suburb: Large
PSAR5JG,95609,8,7,18,5,180,81.1895,99.6445,0.6590909090909091,1.4444444444444444,6919,2020-01-15 11:21:24.543000-05:00,78,13,23,58.8757396449704,89.1122278056951,75.6967670011148,63.5493372606775,17193,58.942,51.462,0.691358024691358,1.345431280172163,9962,2019-06-13 11:37:20.018000-04:00,112.0,Arizona,Yes,Suburb: Large
PSAR5JG,95611,8,8,14,6,105,47.488,57.964,0.6666666666666666,1.361904761904762,6919,2020-01-15 11:21:24.543000-05:00,78,13,23,58.8757396449704,89.1122278056951,75.6967670011148,63.5493372606775,17193,58.942,51.462,0.691358024691358,1.345431280172163,9962,2019-06-13 11:37:20.018000-04:00,112.0,Arizona,Yes,Suburb: Large
PSAR5JG,95612,9,9,22,22,323,76.327,81.139,0.73568281938326,1.2879256965944272,6919,2020-01-15 11:21:24.543000-05:00,78,13,23,58.8757396449704,89.1122278056951,75.6967670011148,63.5493372606775,17193,58.942,51.462,0.691358024691358,1.345431280172163,9962,2019-06-13 11:37:20.018000-04:00,112.0,Arizona,Yes,Suburb: Large
PSAR5JG,95613,9,8,19,18,331,53.136,59.715,0.793859649122807,1.2386706948640482,6919,2020-01-15 11:21:24.543000-05:00,78,13,23,58.8757396449704,89.1122278056951,75.6967670011148,63.5493372606775,17193,58.942,51.462,0.691358024691358,1.345431280172163,9962,2019-06-13 11:37:20.018000-04:00,112.0,Arizona,Yes,Suburb: Large
PSAR5JG,95614,9,9,22,21,314,56.7185,60.2135,0.8264840182648402,1.1847133757961783,6919,2020-01-15 11:21:24.543000-05:00,78,13,23,58.8757396449704,89.1122278056951,75.6967670011148,63.5493372606775,17193,58.942,51.462,0.691358024691358,1.345431280172163,9962,2019-06-13 11:37:20.018000-04:00,112.0,Arizona,Yes,Suburb: Large
PSAR5JG,95616,6,4,16,1,91,82.473,95.782,0.6111111111111112,1.4285714285714286,6919,2020-01-15 11:21:24.543000-05:00,78,13,23,58.8757396449704,89.1122278056951,75.6967670011148,63.5493372606775,17193,58.942,51.462,0.691358024691358,1.345431280172163,9962,2019-06-13 11:37:20.018000-04:00,112.0,Arizona,Yes,Suburb: Large
PSAR5JG,95619,5,2,19,5,108,42.2715,53.8085,0.3375,1.3796296296296295,6919,2020-01-15 11:21:24.543000-05:00,78,13,23,58.8757396449704,89.1122278056951,75.6967670011148,63.5493372606775,17193,58.942,51.462,0.691358024691358,1.345431280172163,9962,2019-06-13 11:37:20.018000-04:00,112.0,Arizona,Yes,Suburb: Large
PSAR5JG,95622,9,8,18,14,266,52.049,58.5455,0.7978142076502732,1.3909774436090225,6919,2020-01-15 11:21:24.543000-05:00,78,13,23,58.8757396449704,89.1122278056951,75.6967670011148,63.5493372606775,17193,58.942,51.462,0.691358024691358,1.345431280172163,9962,2019-06-13 11:37:20.018000-04:00,112.0,Arizona,Yes,Suburb: Large
PSAR5JG,95625,9,9,22,22,359,47.75,53.857,0.688212927756654,1.3147632311977715,6919,2020-01-15 11:21:24.543000-05:00,78,13,23,58.8757396449704,89.1122278056951,75.6967670011148,63.5493372606775,17193,58.942,51.462,0.691358024691358,1.345431280172163,9962,2019-06-13 11:37:20.018000-04:00,112.0,Arizona,Yes,Suburb: Large
PSAR5JG,95626,9,9,19,18,304,36.6705,41.8025,0.7619047619047619,1.3453947368421053,6919,2020-01-15 11:21:24.543000-05:00,78,13,23,58.8757396449704,89.1122278056951,75.6967670011148,63.5493372606775,17193,58.942,51.462,0.691358024691358,1.345431280172163,9962,2019-06-13 11:37:20.018000-04:00,112.0,Arizona,Yes,Suburb: Large
PSAR5JG,95628,8,8,22,19,338,72.927,91.86,0.7307692307692307,1.4585798816568047,6919,2020-01-15 11:21:24.543000-05:00,78,13,23,58.8757396449704,89.1122278056951,75.6967670011148,63.5493372606775,17193,58.942,51.462,0.691358024691358,1.345431280172163,9962,2019-06-13 11:37:20.018000-04:00,112.0,Arizona,Yes,Suburb: Large
PSAR5JG,95629,6,4,18,6,152,97.973,123.059,0.4909090909090909,1.736842105263158,6919,2020-01-15 11:21:24.543000-05:00,78,13,23,58.8757396449704,89.1122278056951,75.6967670011148,63.5493372606775,17193,58.942,51.462,0.691358024691358,1.345431280172163,9962,2019-06-13 11:37:20.018000-04:00,112.0,Arizona,Yes,Suburb: Large
PSAR5JG,95632,9,7,20,9,188,53.6615,66.8455,0.62,1.430851063829787,6919,2020-01-15 11:21:24.543000-05:00,78,13,23,58.8757396449704,89.1122278056951,75.6967670011148,63.5493372606775,17193,58.942,51.462,0.691358024691358,1.345431280172163,9962,2019-06-13 11:37:20.018000-04:00,112.0,Arizona,Yes,Suburb: Large
PSAR5JG,95633,8,3,19,9,206,127.3535,146.321,0.4965986394557823,1.4174757281553398,6919,2020-01-15 11:21:24.543000-05:00,78,13,23,58.8757396449704,89.1122278056951,75.6967670011148,63.5493372606775,17193,58.942,51.462,0.691358024691358,1.345431280172163,9962,2019-06-13 11:37:20.018000-04:00,112.0,Arizona,Yes,Suburb: Large
PSAR5JG,95682,8,8,20,19,312,44.1615,49.389,0.5753424657534246,1.3525641025641026,6919,2020-01-15 11:21:24.543000-05:00,78,13,23,58.8757396449704,89.1122278056951,75.6967670011148,63.5493372606775,17193,58.942,51.462,0.691358024691358,1.345431280172163,9962,2019-06-13 11:37:20.018000-04:00,112.0,Arizona,Yes,Suburb: Large
PSAR5JG,95683,9,9,19,18,341,32.403,37.234,0.6708860759493671,1.3519061583577714,6919,2020-01-15 11:21:24.543000-05:00,78,13,23,58.8757396449704,89.1122278056951,75.6967670011148,63.5493372606775,17193,58.942,51.462,0.691358024691358,1.345431280172163,9962,2019-06-13 11:37:20.018000-04:00,112.0,Arizona,Yes,Suburb: Large
PSAR5JG,95684,9,9,18,9,209,42.241,47.161,0.7581699346405228,1.2679425837320575,6919,2020-01-15 11:21:24.543000-05:00,78,13,23,58.8757396449704,89.1122278056951,75.6967670011148,63.5493372606775,17193,58.942,51.462,0.691358024691358,1.345431280172163,9962,2019-06-13 11:37:20.018000-04:00,112.0,Arizona,Yes,Suburb: Large
PSAR5JG,95685,9,9,18,17,280,36.8255,38.3475,0.9319371727748691,1.075,6919,2020-01-15 11:21:24.543000-05:00,78,13,23,58.8757396449704,89.1122278056951,75.6967670011148,63.5493372606775,17193,58.942,51.462,0.691358024691358,1.345431280172163,9962,2019-06-13 11:37:20.018000-04:00,112.0,Arizona,Yes,Suburb: Large
PSAR5JG,95686,8,6,18,16,346,17.8955,23.7455,0.4574898785425101,1.407514450867052,6919,2020-01-15 11:21:24.543000-05:00,78,13,23,58.8757396449704,89.1122278056951,75.6967670011148,63.5493372606775,17193,58.942,51.462,0.691358024691358,1.345431280172163,9962,2019-06-13 11:37:20.018000-04:00,112.0,Arizona,Yes,Suburb: Large
PSAR5JG,95688,9,9,17,13,281,47.651,52.267,0.736318407960199,1.2846975088967971,6919,2020-01-15 11:21:24.543000-05:00,78,13,23,58.8757396449704,89.1122278056951,75.6967670011148,63.5493372606775,17193,58.942,51.462,0.691358024691358,1.345431280172163,9962,2019-06-13 11:37:20.018000-04:00,112.0,Arizona,Yes,Suburb: Large
PSAR5JG,95691,7,7,20,12,232,60.0675,68.806,0.6686746987951807,1.4051724137931034,6919,2020-01-15 11:21:24.543000-05:00,78,13,23,58.8757396449704,89.1122278056951,75.6967670011148,63.5493372606775,17193,58.942,51.462,0.691358024691358,1.345431280172163,9962,2019-06-13 11:37:20.018000-04:00,112.0,Arizona,Yes,Suburb: Large
PSAR5JG,95695,6,5,18,18,281,16.842,19.813,0.5578947368421052,1.209964412811388,6919,2020-01-15 11:21:24.543000-05:00,78,13,23,58.8757396449704,89.1122278056951,75.6967670011148,63.5493372606775,17193,58.942,51.462,0.691358024691358,1.345431280172163,9962,2019-06-13 11:37:20.018000-04:00,112.0,Arizona,Yes,Suburb: Large
PSAR5JG,95696,7,7,18,10,196,63.8465,70.732,0.6482758620689655,1.4540816326530612,6919,2020-01-15 11:21:24.543000-05:00,78,13,23,58.8757396449704,89.1122278056951,75.6967670011148,63.5493372606775,17193,58.942,51.462,0.691358024691358,1.345431280172163,9962,2019-06-13 11:37:20.018000-04:00,112.0,Arizona,Yes,Suburb: Large
PSAR5JG,95697,9,9,18,9,210,50.6,55.185,0.631578947368421,1.3095238095238095,6919,2020-01-15 11:21:24.543000-05:00,78,13,23,58.8757396449704,89.1122278056951,75.6967670011148,63.5493372606775,17193,58.942,51.462,0.691358024691358,1.345431280172163,9962,2019-06-13 11:37:20.018000-04:00,112.0,Arizona,Yes,Suburb: Large
PSAR5JG,95698,9,9,17,14,252,32.2955,34.195,0.8092485549132948,1.2301587301587302,6919,2020-01-15 11:21:24.543000-05:00,78,13,23,58.8757396449704,89.1122278056951,75.6967670011148,63.5493372606775,17193,58.942,51.462,0.691358024691358,1.345431280172163,9962,2019-06-13 11:37:20.018000-04:00,112.0,Arizona,Yes,Suburb: Large
PSAR5JG,95700,9,8,20,15,311,67.519,90.05,0.5829596412556054,1.572347266881029,6919,2020-01-15 11:21:24.543000-05:00,78,13,23,58.8757396449704,89.1122278056951,75.6967670011148,63.5493372606775,17193,58.942,51.462,0.691358024691358,1.345431280172163,9962,2019-06-13 11:37:20.018000-04:00,112.0,Arizona,Yes,Suburb: Large
PSAR5JG,95701,4,4,12,4,86,30.263,37.7895,0.7083333333333334,1.2674418604651163,6919,2020-01-15 11:21:24.543000-05:00,78,13,23,58.8757396449704,89.1122278056951,75.6967670011148,63.5493372606775,17193,58.942,51.462,0.691358024691358,1.345431280172163,9962,2019-06-13 11:37:20.018000-04:00,112.0,Arizona,Yes,Suburb: Large
PSAR5JG,95872,10,8,23,11,260,48.5005,50.827,0.7244897959183674,1.2961538461538462,6919,2020-01-15 11:21:24.543000-05:00,78,13,23,58.8757396449704,89.1122278056951,75.6967670011148,63.5493372606775,17193,58.942,51.462,0.691358024691358,1.345431280172163,9962,2019-06-13 11:37:20.018000-04:00,112.0,Arizona,Yes,Suburb: Large
PSAR5JG,95997,8,7,19,11,191,44.438,55.29,0.7872340425531915,1.2303664921465969,6919,2020-01-15 11:21:24.543000-05:00,78,13,23,58.8757396449704,89.1122278056951,75.6967670011148,63.5493372606775,17193,58.942,51.462,0.691358024691358,1.345431280172163,9962,2019-06-13 11:37:20.018000-04:00,112.0,Arizona,Yes,Suburb: Large
PSAR5JG,96003,8,8,15,10,219,51.504,55.984,0.7391304347826086,1.2602739726027397,6919,2020-01-15 11:21:24.543000-05:00,78,13,23,58.8757396449704,89.1122278056951,75.6967670011148,63.5493372606775,17193,58.942,51.462,0.691358024691358,1.345431280172163,9962,2019-06-13 11:37:20.018000-04:00,112.0,Arizona,Yes,Suburb: Large
PSAR5JG,96915,8,6,16,6,107,78.844,90.628,0.6395348837209303,1.4485981308411215,6919,2020-01-15 11:21:24.543000-05:00,78,13,23,58.8757396449704,89.1122278056951,75.6967670011148,63.5493372606775,17193,58.942,51.462,0.691358024691358,1.345431280172163,9962,2019-06-13 11:37:20.018000-04:00,112.0,Arizona,Yes,Suburb: Large
PSAR5JG,98350,0,0,3,2,15,64.102,64.104,1.0,1.0,7133,2020-01-26 15:33:42.490000-05:00,1,0,1,0.0,0.0,100.0,0.0,8,58.307,58.3045,1.0,1.0,60167,2019-10-07 15:02:16.286000-04:00,1315.0,North Carolina,No,None
PSAR5JG,106289,1,1,0,0,3,221.02,221.025,1.0,1.0,7318,2020-02-01 17:49:08.207000-05:00,21,5,7,52.3809523809524,89.0909090909091,10.8843537414966,68.75,318,51.3655,40.035,0.710691823899371,1.4591194968553458,87266,2019-12-10 13:24:38.973000-05:00,439.0,Connecticut,No,None
PSAR5JG,90840,8,7,15,9,181,28.626,31.956,0.8269230769230769,1.1988950276243093,7318,2020-02-01 17:49:08.207000-05:00,21,5,7,52.3809523809524,89.0909090909091,10.8843537414966,68.75,318,51.3655,40.035,0.710691823899371,1.4591194968553458,87266,2019-12-10 13:24:38.973000-05:00,439.0,Connecticut,No,None
PSAR5JG,90603,10,8,19,13,200,15.431,18.245,0.38764044943820225,1.4,7318,2020-02-01 17:49:08.207000-05:00,21,5,7,52.3809523809524,89.0909090909091,10.8843537414966,68.75,318,51.3655,40.035,0.710691823899371,1.4591194968553458,87266,2019-12-10 13:24:38.973000-05:00,439.0,Connecticut,No,None
PSAR5JG,90619,8,5,16,5,108,43.233,58.522,0.7111111111111111,1.4814814814814814,7318,2020-02-01 17:49:08.207000-05:00,21,5,7,52.3809523809524,89.0909090909091,10.8843537414966,68.75,318,51.3655,40.035,0.710691823899371,1.4591194968553458,87266,2019-12-10 13:24:38.973000-05:00,439.0,Connecticut,No,None
PSAR5JG,90838,13,6,18,6,139,30.196,37.497,0.6134453781512605,1.539568345323741,7318,2020-02-01 17:49:08.207000-05:00,21,5,7,52.3809523809524,89.0909090909091,10.8843537414966,68.75,318,51.3655,40.035,0.710691823899371,1.4591194968553458,87266,2019-12-10 13:24:38.973000-05:00,439.0,Connecticut,No,None
PSAR5JG,104929,0,0,7,7,35,54.806,64.827,0.7714285714285715,1.3142857142857143,7541,2020-02-11 14:11:33.172000-05:00,85,0,11,0.0,0.0,56.4705882352941,97.3484848484848,2310,50.2735,37.6835,0.5783549783549784,1.706926406926407,103872,2020-02-11 14:09:54.184000-05:00,1296.0,North Carolina,Yes,None
PSAR5JG,105026,0,0,8,8,31,24.409,28.843,0.7419354838709677,1.4516129032258065,7541,2020-02-11 14:11:33.172000-05:00,85,0,11,0.0,0.0,56.4705882352941,97.3484848484848,2310,50.2735,37.6835,0.5783549783549784,1.706926406926407,103872,2020-02-11 14:09:54.184000-05:00,1296.0,North Carolina,Yes,None
PSAR5JG,105030,0,0,7,7,30,104.666,104.6735,0.9666666666666667,1.0666666666666667,7541,2020-02-11 14:11:33.172000-05:00,85,0,11,0.0,0.0,56.4705882352941,97.3484848484848,2310,50.2735,37.6835,0.5783549783549784,1.706926406926407,103872,2020-02-11 14:09:54.184000-05:00,1296.0,North Carolina,Yes,None
PSAR5JG,107138,0,0,7,7,37,29.441,32.272,0.7567567567567568,1.3783783783783785,7541,2020-02-11 14:11:33.172000-05:00,85,0,11,0.0,0.0,56.4705882352941,97.3484848484848,2310,50.2735,37.6835,0.5783549783549784,1.706926406926407,103872,2020-02-11 14:09:54.184000-05:00,1296.0,North Carolina,Yes,None
PSAR5JG,105287,0,0,8,5,28,29.7875,38.595,0.5714285714285714,1.75,10425,2020-03-19 10:31:06.391000-04:00,8,0,2,0.0,0.0,,0.0,0,,,,,103872,2020-02-11 14:09:54.184000-05:00,1296.0,North Carolina,Yes,None
PSAR5JG,105269,0,0,7,7,30,32.0095,37.6015,0.7,1.5333333333333332,10425,2020-03-19 10:31:06.391000-04:00,8,0,2,0.0,0.0,,0.0,0,,,,,103872,2020-02-11 14:09:54.184000-05:00,1296.0,North Carolina,Yes,None
PSAR5JG,105166,0,0,7,7,30,31.408,45.9505,0.43333333333333335,1.8,10426,2020-03-19 10:31:06.392000-04:00,10,0,2,0.0,0.0,15.0,100.0,25,32.535,28.622,0.68,1.4,103872,2020-02-11 14:09:54.184000-05:00,1296.0,North Carolina,Yes,None
PSAR5JG,105194,0,0,9,8,52,35.7005,45.9745,0.5384615384615384,1.9423076923076923,10426,2020-03-19 10:31:06.392000-04:00,10,0,2,0.0,0.0,15.0,100.0,25,32.535,28.622,0.68,1.4,103872,2020-02-11 14:09:54.184000-05:00,1296.0,North Carolina,Yes,None
PSAR5JG,105017,0,0,8,8,40,31.0435,32.11,0.8,1.2,10427,2020-03-19 10:31:06.393000-04:00,14,0,2,0.0,0.0,21.4285714285714,100.0,40,26.6885,22.7265,0.7,1.375,103872,2020-02-11 14:09:54.184000-05:00,1296.0,North Carolina,Yes,None
PSAR5JG,105018,0,0,7,6,32,69.6005,69.6095,0.8125,1.25,10427,2020-03-19 10:31:06.393000-04:00,14,0,2,0.0,0.0,21.4285714285714,100.0,40,26.6885,22.7265,0.7,1.375,103872,2020-02-11 14:09:54.184000-05:00,1296.0,North Carolina,Yes,None
PSAR5JG,105027,0,0,8,7,39,51.277,61.924,0.5384615384615384,1.8461538461538463,10427,2020-03-19 10:31:06.393000-04:00,14,0,2,0.0,0.0,21.4285714285714,100.0,40,26.6885,22.7265,0.7,1.375,103872,2020-02-11 14:09:54.184000-05:00,1296.0,North Carolina,Yes,None
PSAR5JG,105023,0,0,11,10,56,39.0985,47.6635,0.7857142857142857,1.3035714285714286,10427,2020-03-19 10:31:06.393000-04:00,14,0,2,0.0,0.0,21.4285714285714,100.0,40,26.6885,22.7265,0.7,1.375,103872,2020-02-11 14:09:54.184000-05:00,1296.0,North Carolina,Yes,None
PSAR5JG,104912,0,0,7,7,30,48.8255,79.384,0.6,1.5666666666666667,10428,2020-03-19 10:31:06.394000-04:00,10,0,2,0.0,0.0,5.0,0.0,3,45.53,45.519,1.0,1.0,103872,2020-02-11 14:09:54.184000-05:00,1296.0,North Carolina,Yes,None
PSAR5JG,149408,0,0,2,2,14,34.0245,37.018,0.7142857142857143,1.2142857142857142,11595,2020-03-22 15:36:31.790000-04:00,9,0,4,0.0,0.0,27.7777777777778,60.0,41,40.419,30.854,0.5365853658536586,1.6829268292682926,135091,2020-03-22 12:35:36.119000-04:00,1233.0,Missouri,No,None
PSAR5JG,147743,0,0,4,4,28,44.382,52.21,0.6428571428571429,1.6785714285714286,11596,2020-03-22 15:36:31.792000-04:00,3,0,0,0.0,0.0,0.0,0.0,0,,,,,135091,2020-03-22 12:35:36.119000-04:00,1233.0,Missouri,No,None
PSAR5JG,195238,0,0,1,1,8,12.2245,16.56,0.0,2.875,11596,2020-03-22 15:36:31.792000-04:00,3,0,0,0.0,0.0,0.0,0.0,0,,,,,135091,2020-03-22 12:35:36.119000-04:00,1233.0,Missouri,No,None
PSAR5JG,203527,0,0,0,0,0,,,,,11596,2020-03-22 15:36:31.792000-04:00,3,0,0,0.0,0.0,0.0,0.0,0,,,,,135091,2020-03-22 12:35:36.119000-04:00,1233.0,Missouri,No,None
PSAR5JG,140521,0,0,0,0,0,,,,,11598,2020-03-22 15:36:31.794000-04:00,12,0,3,0.0,0.0,30.5555555555556,54.5454545454545,40,53.886,42.924,0.775,1.275,135091,2020-03-22 12:35:36.119000-04:00,1233.0,Missouri,No,None
PSAR5JG,144971,0,0,1,1,6,4.706,13.546,0.8333333333333334,1.0,11598,2020-03-22 15:36:31.794000-04:00,12,0,3,0.0,0.0,30.5555555555556,54.5454545454545,40,53.886,42.924,0.775,1.275,135091,2020-03-22 12:35:36.119000-04:00,1233.0,Missouri,No,None
PSAR5JG,217031,0,0,2,2,9,30.901,30.922,0.75,1.0,18444,2020-04-04 14:26:15.024000-04:00,13,0,2,0.0,0.0,,0.0,0,,,,,159348,2020-03-29 11:37:29.930000-04:00,1848.0,Ohio,No,None
PSAR5JG,208744,0,0,2,1,10,24.096,61.501,0.5555555555555556,1.4,18444,2020-04-04 14:26:15.024000-04:00,13,0,2,0.0,0.0,,0.0,0,,,,,159348,2020-03-29 11:37:29.930000-04:00,1848.0,Ohio,No,None
PSAR5JG,206841,0,0,2,1,34,12.762,12.7695,0.9117647058823529,1.147058823529412,18444,2020-04-04 14:26:15.024000-04:00,13,0,2,0.0,0.0,,0.0,0,,,,,159348,2020-03-29 11:37:29.930000-04:00,1848.0,Ohio,No,None
PSAR5JG,206675,0,0,2,2,9,22.014,22.024,0.625,1.4444444444444444,18444,2020-04-04 14:26:15.024000-04:00,13,0,2,0.0,0.0,,0.0,0,,,,,159348,2020-03-29 11:37:29.930000-04:00,1848.0,Ohio,No,None
PSAR5JG,219728,0,0,3,1,10,9.6665,12.516,0.4,2.2,18444,2020-04-04 14:26:15.024000-04:00,13,0,2,0.0,0.0,,0.0,0,,,,,159348,2020-03-29 11:37:29.930000-04:00,1848.0,Ohio,No,None
PSAR5JG,254754,0,0,0,0,0,,,,,18444,2020-04-04 14:26:15.024000-04:00,13,0,2,0.0,0.0,,0.0,0,,,,,159348,2020-03-29 11:37:29.930000-04:00,1848.0,Ohio,No,None
PSAR5JG,264933,0,0,0,0,0,,,,,18444,2020-04-04 14:26:15.024000-04:00,13,0,2,0.0,0.0,,0.0,0,,,,,159348,2020-03-29 11:37:29.930000-04:00,1848.0,Ohio,No,None
PSAR5JG,205181,0,0,0,0,0,,,,,18444,2020-04-04 14:26:15.024000-04:00,13,0,2,0.0,0.0,,0.0,0,,,,,159348,2020-03-29 11:37:29.930000-04:00,1848.0,Ohio,No,None
PSAR5JG,205180,0,0,3,3,50,11.792,13.421,0.8571428571428571,1.2,18444,2020-04-04 14:26:15.024000-04:00,13,0,2,0.0,0.0,,0.0,0,,,,,159348,2020-03-29 11:37:29.930000-04:00,1848.0,Ohio,No,None
PSAR5JG,205070,0,0,1,0,1,76.259,76.271,1.0,1.0,18444,2020-04-04 14:26:15.024000-04:00,13,0,2,0.0,0.0,,0.0,0,,,,,159348,2020-03-29 11:37:29.930000-04:00,1848.0,Ohio,No,None
PSAR5JG,267469,1,1,0,0,6,12.5025,12.5215,0.8333333333333334,1.1666666666666667,22503,2020-04-14 09:56:01.332000-04:00,12,1,1,58.3333333333333,85.7142857142857,0.0,0.0,31,14.201,10.779,0.6774193548387096,1.5161290322580645,205401,2020-04-04 19:53:19.204000-04:00,967.0,Massachusetts,Yes,None
PSAR5JG,268003,1,1,1,1,8,9.6545,12.4555,0.75,1.75,22503,2020-04-14 09:56:01.332000-04:00,12,1,1,58.3333333333333,85.7142857142857,0.0,0.0,31,14.201,10.779,0.6774193548387096,1.5161290322580645,205401,2020-04-04 19:53:19.204000-04:00,967.0,Massachusetts,Yes,None
PSAR5JG,330340,1,1,1,1,8,12.769,16.9795,0.875,1.125,22503,2020-04-14 09:56:01.332000-04:00,12,1,1,58.3333333333333,85.7142857142857,0.0,0.0,31,14.201,10.779,0.6774193548387096,1.5161290322580645,205401,2020-04-04 19:53:19.204000-04:00,967.0,Massachusetts,Yes,None
PSAR5JG,297229,1,1,1,0,4,12.2555,12.265,1.0,1.0,22503,2020-04-14 09:56:01.332000-04:00,12,1,1,58.3333333333333,85.7142857142857,0.0,0.0,31,14.201,10.779,0.6774193548387096,1.5161290322580645,205401,2020-04-04 19:53:19.204000-04:00,967.0,Massachusetts,Yes,None
PSAR5JG,296982,0,0,0,0,0,,,,,22503,2020-04-14 09:56:01.332000-04:00,12,1,1,58.3333333333333,85.7142857142857,0.0,0.0,31,14.201,10.779,0.6774193548387096,1.5161290322580645,205401,2020-04-04 19:53:19.204000-04:00,967.0,Massachusetts,Yes,None
PSAR5JG,295822,0,0,1,0,1,1212.287,1225.524,0.0,1.0,22503,2020-04-14 09:56:01.332000-04:00,12,1,1,58.3333333333333,85.7142857142857,0.0,0.0,31,14.201,10.779,0.6774193548387096,1.5161290322580645,205401,2020-04-04 19:53:19.204000-04:00,967.0,Massachusetts,Yes,None
PSAR5JG,278543,1,1,1,1,8,57.096,57.1015,0.875,1.125,22503,2020-04-14 09:56:01.332000-04:00,12,1,1,58.3333333333333,85.7142857142857,0.0,0.0,31,14.201,10.779,0.6774193548387096,1.5161290322580645,205401,2020-04-04 19:53:19.204000-04:00,967.0,Massachusetts,Yes,None
PSAR5JG,278282,1,1,2,2,13,72.355,72.365,0.7692307692307693,1.3076923076923077,22503,2020-04-14 09:56:01.332000-04:00,12,1,1,58.3333333333333,85.7142857142857,0.0,0.0,31,14.201,10.779,0.6774193548387096,1.5161290322580645,205401,2020-04-04 19:53:19.204000-04:00,967.0,Massachusetts,Yes,None
PSAR5JG,269796,1,1,2,2,13,62.149,62.749,0.7692307692307693,1.3076923076923077,22503,2020-04-14 09:56:01.332000-04:00,12,1,1,58.3333333333333,85.7142857142857,0.0,0.0,31,14.201,10.779,0.6774193548387096,1.5161290322580645,205401,2020-04-04 19:53:19.204000-04:00,967.0,Massachusetts,Yes,None
PSAR5JG,285397,1,1,1,1,3,7.94,7.944,1.0,1.0,22504,2020-04-14 09:56:01.333000-04:00,15,1,1,53.3333333333333,100.0,0.0,0.0,41,13.297,10.008,0.7317073170731707,1.6097560975609757,205401,2020-04-04 19:53:19.204000-04:00,967.0,Massachusetts,Yes,None
PSAR5JG,287995,1,1,2,2,16,25.5735,30.353,0.375,2.0625,22504,2020-04-14 09:56:01.333000-04:00,15,1,1,53.3333333333333,100.0,0.0,0.0,41,13.297,10.008,0.7317073170731707,1.6097560975609757,205401,2020-04-04 19:53:19.204000-04:00,967.0,Massachusetts,Yes,None
PSAR5JG,322452,0,0,0,0,0,,,,,22504,2020-04-14 09:56:01.333000-04:00,15,1,1,53.3333333333333,100.0,0.0,0.0,41,13.297,10.008,0.7317073170731707,1.6097560975609757,205401,2020-04-04 19:53:19.204000-04:00,967.0,Massachusetts,Yes,None
PSAR5JG,275178,1,1,0,0,4,6.493,6.496,0.75,1.25,22504,2020-04-14 09:56:01.333000-04:00,15,1,1,53.3333333333333,100.0,0.0,0.0,41,13.297,10.008,0.7317073170731707,1.6097560975609757,205401,2020-04-04 19:53:19.204000-04:00,967.0,Massachusetts,Yes,None
PSAR5JG,274935,1,1,2,2,18,29.332,37.8645,0.3888888888888889,2.1666666666666665,22504,2020-04-14 09:56:01.333000-04:00,15,1,1,53.3333333333333,100.0,0.0,0.0,41,13.297,10.008,0.7317073170731707,1.6097560975609757,205401,2020-04-04 19:53:19.204000-04:00,967.0,Massachusetts,Yes,None
PSAR5JG,270359,1,1,1,0,3,5.847,5.853,1.0,1.0,22504,2020-04-14 09:56:01.333000-04:00,15,1,1,53.3333333333333,100.0,0.0,0.0,41,13.297,10.008,0.7317073170731707,1.6097560975609757,205401,2020-04-04 19:53:19.204000-04:00,967.0,Massachusetts,Yes,None
PSAR5JG,325505,0,0,0,0,0,,,,,22504,2020-04-14 09:56:01.333000-04:00,15,1,1,53.3333333333333,100.0,0.0,0.0,41,13.297,10.008,0.7317073170731707,1.6097560975609757,205401,2020-04-04 19:53:19.204000-04:00,967.0,Massachusetts,Yes,None
PSAR5JG,269095,1,1,1,1,16,9.388,22.9295,0.5625,2.1875,22504,2020-04-14 09:56:01.333000-04:00,15,1,1,53.3333333333333,100.0,0.0,0.0,41,13.297,10.008,0.7317073170731707,1.6097560975609757,205401,2020-04-04 19:53:19.204000-04:00,967.0,Massachusetts,Yes,None
PSAR5JG,320434,0,0,1,1,5,38.163,57.217,0.8,1.2,22505,2020-04-14 09:56:01.334000-04:00,17,1,1,41.1764705882353,100.0,0.0,0.0,23,12.768,12.764,0.9565217391304348,1.0,205401,2020-04-04 19:53:19.204000-04:00,967.0,Massachusetts,Yes,None
PSAR5JG,366474,0,0,0,0,0,,,,,22505,2020-04-14 09:56:01.334000-04:00,17,1,1,41.1764705882353,100.0,0.0,0.0,23,12.768,12.764,0.9565217391304348,1.0,205401,2020-04-04 19:53:19.204000-04:00,967.0,Massachusetts,Yes,None
PSAR5JG,378021,1,1,1,1,8,52.151,74.023,0.75,1.25,22505,2020-04-14 09:56:01.334000-04:00,17,1,1,41.1764705882353,100.0,0.0,0.0,23,12.768,12.764,0.9565217391304348,1.0,205401,2020-04-04 19:53:19.204000-04:00,967.0,Massachusetts,Yes,None
PSAR5JG,269096,1,1,1,1,8,22.0545,22.0605,0.875,1.25,22505,2020-04-14 09:56:01.334000-04:00,17,1,1,41.1764705882353,100.0,0.0,0.0,23,12.768,12.764,0.9565217391304348,1.0,205401,2020-04-04 19:53:19.204000-04:00,967.0,Massachusetts,Yes,None
PSAR5JG,270405,0,0,2,1,6,230.9965,262.0405,0.5,1.6666666666666667,22505,2020-04-14 09:56:01.334000-04:00,17,1,1,41.1764705882353,100.0,0.0,0.0,23,12.768,12.764,0.9565217391304348,1.0,205401,2020-04-04 19:53:19.204000-04:00,967.0,Massachusetts,Yes,None
PSAR5JG,287858,0,0,2,2,10,16.2925,22.7545,0.7,1.4,22505,2020-04-14 09:56:01.334000-04:00,17,1,1,41.1764705882353,100.0,0.0,0.0,23,12.768,12.764,0.9565217391304348,1.0,205401,2020-04-04 19:53:19.204000-04:00,967.0,Massachusetts,Yes,None
PSAR5JG,270201,1,1,1,1,8,40.709,54.2905,0.75,1.375,22505,2020-04-14 09:56:01.334000-04:00,17,1,1,41.1764705882353,100.0,0.0,0.0,23,12.768,12.764,0.9565217391304348,1.0,205401,2020-04-04 19:53:19.204000-04:00,967.0,Massachusetts,Yes,None
PSAR5JG,293453,1,1,1,1,8,53.0315,62.294,0.875,1.125,22505,2020-04-14 09:56:01.334000-04:00,17,1,1,41.1764705882353,100.0,0.0,0.0,23,12.768,12.764,0.9565217391304348,1.0,205401,2020-04-04 19:53:19.204000-04:00,967.0,Massachusetts,Yes,None
PSAR5JG,293484,1,1,1,1,5,24.148,24.157,0.8,1.0,22505,2020-04-14 09:56:01.334000-04:00,17,1,1,41.1764705882353,100.0,0.0,0.0,23,12.768,12.764,0.9565217391304348,1.0,205401,2020-04-04 19:53:19.204000-04:00,967.0,Massachusetts,Yes,None
PSAR5JG,307596,0,0,0,0,0,,,,,22505,2020-04-14 09:56:01.334000-04:00,17,1,1,41.1764705882353,100.0,0.0,0.0,23,12.768,12.764,0.9565217391304348,1.0,205401,2020-04-04 19:53:19.204000-04:00,967.0,Massachusetts,Yes,None
PSAR5JG,308464,0,0,0,0,0,,,,,22505,2020-04-14 09:56:01.334000-04:00,17,1,1,41.1764705882353,100.0,0.0,0.0,23,12.768,12.764,0.9565217391304348,1.0,205401,2020-04-04 19:53:19.204000-04:00,967.0,Massachusetts,Yes,None
PSAR5JG,310498,1,1,2,2,13,42.399,51.792,0.6153846153846154,1.7692307692307692,22505,2020-04-14 09:56:01.334000-04:00,17,1,1,41.1764705882353,100.0,0.0,0.0,23,12.768,12.764,0.9565217391304348,1.0,205401,2020-04-04 19:53:19.204000-04:00,967.0,Massachusetts,Yes,None
PSAR5JG,313663,0,0,1,1,5,8.413,15.149,0.8,1.2,22505,2020-04-14 09:56:01.334000-04:00,17,1,1,41.1764705882353,100.0,0.0,0.0,23,12.768,12.764,0.9565217391304348,1.0,205401,2020-04-04 19:53:19.204000-04:00,967.0,Massachusetts,Yes,None
PSAR5JG,277651,1,1,1,1,8,36.5605,42.658,0.75,1.25,22506,2020-04-14 09:56:01.335000-04:00,12,1,1,33.3333333333333,100.0,0.0,0.0,12,13.2,13.1955,1.0,1.0,205401,2020-04-04 19:53:19.204000-04:00,967.0,Massachusetts,Yes,None
PSAR5JG,267745,1,1,1,1,8,22.0995,22.1005,0.875,1.125,22506,2020-04-14 09:56:01.335000-04:00,12,1,1,33.3333333333333,100.0,0.0,0.0,12,13.2,13.1955,1.0,1.0,205401,2020-04-04 19:53:19.204000-04:00,967.0,Massachusetts,Yes,None
PSAR5JG,292440,1,1,1,0,4,15.251,15.258,1.0,1.0,22506,2020-04-14 09:56:01.335000-04:00,12,1,1,33.3333333333333,100.0,0.0,0.0,12,13.2,13.1955,1.0,1.0,205401,2020-04-04 19:53:19.204000-04:00,967.0,Massachusetts,Yes,None
PSAR5JG,323674,0,0,0,0,0,,,,,22506,2020-04-14 09:56:01.335000-04:00,12,1,1,33.3333333333333,100.0,0.0,0.0,12,13.2,13.1955,1.0,1.0,205401,2020-04-04 19:53:19.204000-04:00,967.0,Massachusetts,Yes,None
PSAR5JG,354317,0,0,1,1,5,5.357,17.224,0.6,1.6,22506,2020-04-14 09:56:01.335000-04:00,12,1,1,33.3333333333333,100.0,0.0,0.0,12,13.2,13.1955,1.0,1.0,205401,2020-04-04 19:53:19.204000-04:00,967.0,Massachusetts,Yes,None
PSAR5JG,363057,0,0,1,1,1,30.173,239.056,0.0,3.0,22506,2020-04-14 09:56:01.335000-04:00,12,1,1,33.3333333333333,100.0,0.0,0.0,12,13.2,13.1955,1.0,1.0,205401,2020-04-04 19:53:19.204000-04:00,967.0,Massachusetts,Yes,None
PSAR5JG,364840,0,0,0,0,0,,,,,22506,2020-04-14 09:56:01.335000-04:00,12,1,1,33.3333333333333,100.0,0.0,0.0,12,13.2,13.1955,1.0,1.0,205401,2020-04-04 19:53:19.204000-04:00,967.0,Massachusetts,Yes,None
PSAR5JG,383607,0,0,1,1,5,205.719,234.529,0.6,1.4,22506,2020-04-14 09:56:01.335000-04:00,12,1,1,33.3333333333333,100.0,0.0,0.0,12,13.2,13.1955,1.0,1.0,205401,2020-04-04 19:53:19.204000-04:00,967.0,Massachusetts,Yes,None
PSAR5JG,397861,0,0,0,0,0,,,,,29718,2020-07-15 22:00:27.738000-04:00,1,0,0,0.0,0.0,0.0,0.0,0,,,,,397859,2020-07-15 21:54:06.458000-04:00,,,,
PSAR5JG,679350,1,1,2,2,19,45.646,45.654,0.6153846153846154,1.263157894736842,39331,2020-08-18 18:42:28.390000-04:00,46,2,9,45.6521739130435,57.1428571428571,34.2995169082126,66.9014084507042,1038,48.183,36.8355,0.48135964912280704,1.6483622350674374,444389,2020-08-18 18:13:34.820000-04:00,335.0,California,No,None
PSAR5JG,472135,1,1,4,1,23,31.267,54.111,0.5652173913043478,1.6956521739130435,39331,2020-08-18 18:42:28.390000-04:00,46,2,9,45.6521739130435,57.1428571428571,34.2995169082126,66.9014084507042,1038,48.183,36.8355,0.48135964912280704,1.6483622350674374,444389,2020-08-18 18:13:34.820000-04:00,335.0,California,No,None
PSAR5JG,516938,1,0,3,3,28,26.432,33.109,0.6428571428571429,1.3928571428571428,39331,2020-08-18 18:42:28.390000-04:00,46,2,9,45.6521739130435,57.1428571428571,34.2995169082126,66.9014084507042,1038,48.183,36.8355,0.48135964912280704,1.6483622350674374,444389,2020-08-18 18:13:34.820000-04:00,335.0,California,No,None
PSAR5JG,452795,2,2,6,6,63,108.061,143.022,0.5471698113207547,1.4761904761904763,39331,2020-08-18 18:42:28.390000-04:00,46,2,9,45.6521739130435,57.1428571428571,34.2995169082126,66.9014084507042,1038,48.183,36.8355,0.48135964912280704,1.6483622350674374,444389,2020-08-18 18:13:34.820000-04:00,335.0,California,No,None
PSAR5JG,452790,2,2,7,7,68,25.3845,32.1285,0.4827586206896552,1.5882352941176472,39331,2020-08-18 18:42:28.390000-04:00,46,2,9,45.6521739130435,57.1428571428571,34.2995169082126,66.9014084507042,1038,48.183,36.8355,0.48135964912280704,1.6483622350674374,444389,2020-08-18 18:13:34.820000-04:00,335.0,California,No,None
PSAR5JG,451826,2,2,7,7,83,19.726,28.657,0.4794520547945205,1.7590361445783134,39331,2020-08-18 18:42:28.390000-04:00,46,2,9,45.6521739130435,57.1428571428571,34.2995169082126,66.9014084507042,1038,48.183,36.8355,0.48135964912280704,1.6483622350674374,444389,2020-08-18 18:13:34.820000-04:00,335.0,California,No,None
PSAR5JG,451732,2,1,8,6,66,51.916,75.1415,0.46551724137931033,1.696969696969697,39331,2020-08-18 18:42:28.390000-04:00,46,2,9,45.6521739130435,57.1428571428571,34.2995169082126,66.9014084507042,1038,48.183,36.8355,0.48135964912280704,1.6483622350674374,444389,2020-08-18 18:13:34.820000-04:00,335.0,California,No,None
PSAR5JG,528475,1,0,5,5,14,83.17,89.9435,0.9285714285714286,1.0,39331,2020-08-18 18:42:28.390000-04:00,46,2,9,45.6521739130435,57.1428571428571,34.2995169082126,66.9014084507042,1038,48.183,36.8355,0.48135964912280704,1.6483622350674374,444389,2020-08-18 18:13:34.820000-04:00,335.0,California,No,None
PSAR5JG,471666,1,1,6,4,42,28.3145,38.9905,0.6451612903225806,1.3571428571428572,39331,2020-08-18 18:42:28.390000-04:00,46,2,9,45.6521739130435,57.1428571428571,34.2995169082126,66.9014084507042,1038,48.183,36.8355,0.48135964912280704,1.6483622350674374,444389,2020-08-18 18:13:34.820000-04:00,335.0,California,No,None
PSAR5JG,788417,0,0,0,0,0,,,,,39331,2020-08-18 18:42:28.390000-04:00,46,2,9,45.6521739130435,57.1428571428571,34.2995169082126,66.9014084507042,1038,48.183,36.8355,0.48135964912280704,1.6483622350674374,444389,2020-08-18 18:13:34.820000-04:00,335.0,California,No,None
PSAR5JG,795791,0,0,0,0,0,,,,,39331,2020-08-18 18:42:28.390000-04:00,46,2,9,45.6521739130435,57.1428571428571,34.2995169082126,66.9014084507042,1038,48.183,36.8355,0.48135964912280704,1.6483622350674374,444389,2020-08-18 18:13:34.820000-04:00,335.0,California,No,None
PSAR5JG,467635,2,2,8,7,56,55.3035,68.0795,0.5686274509803921,1.6964285714285714,39331,2020-08-18 18:42:28.390000-04:00,46,2,9,45.6521739130435,57.1428571428571,34.2995169082126,66.9014084507042,1038,48.183,36.8355,0.48135964912280704,1.6483622350674374,444389,2020-08-18 18:13:34.820000-04:00,335.0,California,No,None
PSAR5JG,556575,1,0,4,1,9,45.679,63.48,0.5,1.5555555555555556,39331,2020-08-18 18:42:28.390000-04:00,46,2,9,45.6521739130435,57.1428571428571,34.2995169082126,66.9014084507042,1038,48.183,36.8355,0.48135964912280704,1.6483622350674374,444389,2020-08-18 18:13:34.820000-04:00,335.0,California,No,None
PSAR5JG,458388,2,2,8,7,68,48.789,82.594,0.41935483870967744,2.235294117647059,39331,2020-08-18 18:42:28.390000-04:00,46,2,9,45.6521739130435,57.1428571428571,34.2995169082126,66.9014084507042,1038,48.183,36.8355,0.48135964912280704,1.6483622350674374,444389,2020-08-18 18:13:34.820000-04:00,335.0,California,No,None
PSAR5JG,490528,2,0,6,1,20,30.8165,44.054,0.4,1.85,39331,2020-08-18 18:42:28.390000-04:00,46,2,9,45.6521739130435,57.1428571428571,34.2995169082126,66.9014084507042,1038,48.183,36.8355,0.48135964912280704,1.6483622350674374,444389,2020-08-18 18:13:34.820000-04:00,335.0,California,No,None
PSAR5JG,493764,2,1,6,6,81,8.808,26.871,0.18666666666666668,1.4691358024691359,39331,2020-08-18 18:42:28.390000-04:00,46,2,9,45.6521739130435,57.1428571428571,34.2995169082126,66.9014084507042,1038,48.183,36.8355,0.48135964912280704,1.6483622350674374,444389,2020-08-18 18:13:34.820000-04:00,335.0,California,No,None
PSAR5JG,497045,0,0,3,3,21,161.245,196.347,0.8,1.0952380952380951,39331,2020-08-18 18:42:28.390000-04:00,46,2,9,45.6521739130435,57.1428571428571,34.2995169082126,66.9014084507042,1038,48.183,36.8355,0.48135964912280704,1.6483622350674374,444389,2020-08-18 18:13:34.820000-04:00,335.0,California,No,None
PSAR5JG,454684,2,2,8,7,75,37.665,41.288,0.4696969696969697,1.6933333333333334,39331,2020-08-18 18:42:28.390000-04:00,46,2,9,45.6521739130435,57.1428571428571,34.2995169082126,66.9014084507042,1038,48.183,36.8355,0.48135964912280704,1.6483622350674374,444389,2020-08-18 18:13:34.820000-04:00,335.0,California,No,None
PSAR5JG,502029,2,2,7,6,67,21.311,38.684,0.39285714285714285,1.626865671641791,39331,2020-08-18 18:42:28.390000-04:00,46,2,9,45.6521739130435,57.1428571428571,34.2995169082126,66.9014084507042,1038,48.183,36.8355,0.48135964912280704,1.6483622350674374,444389,2020-08-18 18:13:34.820000-04:00,335.0,California,No,None
PSAR5JG,502990,1,0,2,0,1,77.105,87.344,0.0,2.0,39331,2020-08-18 18:42:28.390000-04:00,46,2,9,45.6521739130435,57.1428571428571,34.2995169082126,66.9014084507042,1038,48.183,36.8355,0.48135964912280704,1.6483622350674374,444389,2020-08-18 18:13:34.820000-04:00,335.0,California,No,None
PSAR5JG,503387,2,1,5,4,57,16.345,31.441,0.45614035087719296,1.7719298245614035,39331,2020-08-18 18:42:28.390000-04:00,46,2,9,45.6521739130435,57.1428571428571,34.2995169082126,66.9014084507042,1038,48.183,36.8355,0.48135964912280704,1.6483622350674374,444389,2020-08-18 18:13:34.820000-04:00,335.0,California,No,None
PSAR5JG,503753,0,0,0,0,0,,,,,39331,2020-08-18 18:42:28.390000-04:00,46,2,9,45.6521739130435,57.1428571428571,34.2995169082126,66.9014084507042,1038,48.183,36.8355,0.48135964912280704,1.6483622350674374,444389,2020-08-18 18:13:34.820000-04:00,335.0,California,No,None
PSAR5JG,510221,2,1,6,0,16,32.326,36.2285,0.625,1.5625,39331,2020-08-18 18:42:28.390000-04:00,46,2,9,45.6521739130435,57.1428571428571,34.2995169082126,66.9014084507042,1038,48.183,36.8355,0.48135964912280704,1.6483622350674374,444389,2020-08-18 18:13:34.820000-04:00,335.0,California,No,None
PSAR5JG,454680,2,0,4,2,24,29.598,31.599,0.5,1.6666666666666667,39331,2020-08-18 18:42:28.390000-04:00,46,2,9,45.6521739130435,57.1428571428571,34.2995169082126,66.9014084507042,1038,48.183,36.8355,0.48135964912280704,1.6483622350674374,444389,2020-08-18 18:13:34.820000-04:00,335.0,California,No,None
PSAR5JG,458605,2,2,8,7,82,33.1115,47.955,0.4657534246575342,1.878048780487805,39331,2020-08-18 18:42:28.390000-04:00,46,2,9,45.6521739130435,57.1428571428571,34.2995169082126,66.9014084507042,1038,48.183,36.8355,0.48135964912280704,1.6483622350674374,444389,2020-08-18 18:13:34.820000-04:00,335.0,California,No,None
PSAR5JG,964825,0,0,136,99,1251,51.998,57.847,0.8443908323281062,1.1678657074340528,47967,2020-08-28 22:06:54.009000-04:00,12,0,219,0.0,0.0,56.3165905631659,86.7567567567568,16493,38.802,35.182,0.7465848898801226,1.219487055114291,523922,2020-08-27 22:44:13.597000-04:00,,,,
PSAR5JG,536339,0,0,205,187,2373,82.519,93.343,0.7341370558375635,1.2642225031605563,47967,2020-08-28 22:06:54.009000-04:00,12,0,219,0.0,0.0,56.3165905631659,86.7567567567568,16493,38.802,35.182,0.7465848898801226,1.219487055114291,523922,2020-08-27 22:44:13.597000-04:00,,,,
PSAR5JG,964827,5,4,129,99,1284,41.92,46.741,0.7691441441441441,1.1947040498442367,47967,2020-08-28 22:06:54.009000-04:00,12,0,219,0.0,0.0,56.3165905631659,86.7567567567568,16493,38.802,35.182,0.7465848898801226,1.219487055114291,523922,2020-08-27 22:44:13.597000-04:00,,,,
PSAR5JG,596264,5,4,208,193,2243,17.92,19.205,0.6958250497017893,1.1555951850200623,47967,2020-08-28 22:06:54.009000-04:00,12,0,219,0.0,0.0,56.3165905631659,86.7567567567568,16493,38.802,35.182,0.7465848898801226,1.219487055114291,523922,2020-08-27 22:44:13.597000-04:00,,,,
PSAR5JG,536160,0,0,200,164,2075,27.071,31.667,0.7002881844380403,1.299277108433735,47967,2020-08-28 22:06:54.009000-04:00,12,0,219,0.0,0.0,56.3165905631659,86.7567567567568,16493,38.802,35.182,0.7465848898801226,1.219487055114291,523922,2020-08-27 22:44:13.597000-04:00,,,,
PSAR5JG,536348,5,3,158,119,1518,40.704,43.37,0.8407707910750507,1.1324110671936758,47967,2020-08-28 22:06:54.009000-04:00,12,0,219,0.0,0.0,56.3165905631659,86.7567567567568,16493,38.802,35.182,0.7465848898801226,1.219487055114291,523922,2020-08-27 22:44:13.597000-04:00,,,,
PSAR5JG,620747,0,0,199,187,2416,37.3075,40.0315,0.8252007411982706,1.1713576158940397,47967,2020-08-28 22:06:54.009000-04:00,12,0,219,0.0,0.0,56.3165905631659,86.7567567567568,16493,38.802,35.182,0.7465848898801226,1.219487055114291,523922,2020-08-27 22:44:13.597000-04:00,,,,
PSAR5JG,537234,0,0,70,67,1041,58.239,75.486,0.3687315634218289,1.6051873198847262,48072,2020-08-29 13:31:29.542000-04:00,28,0,76,0.0,0.0,80.7800751879699,82.5479930191972,22418,46.6645,40.055,0.5936265831404058,1.3272370416629493,401422,2020-07-29 14:19:38.553000-04:00,822.0,Kentucky,No,None
PSAR5JG,244762,0,0,70,51,841,83.284,89.296,0.5685557586837294,1.2271105826397146,48072,2020-08-29 13:31:29.542000-04:00,28,0,76,0.0,0.0,80.7800751879699,82.5479930191972,22418,46.6645,40.055,0.5936265831404058,1.3272370416629493,401422,2020-07-29 14:19:38.553000-04:00,822.0,Kentucky,No,None
PSAR5JG,536905,0,0,70,59,1004,61.0315,74.392,0.7484756097560976,1.2440239043824701,48072,2020-08-29 13:31:29.542000-04:00,28,0,76,0.0,0.0,80.7800751879699,82.5479930191972,22418,46.6645,40.055,0.5936265831404058,1.3272370416629493,401422,2020-07-29 14:19:38.553000-04:00,822.0,Kentucky,No,None
PSAR5JG,536901,0,0,70,70,1057,57.604,64.838,0.736231884057971,1.261116367076632,48072,2020-08-29 13:31:29.542000-04:00,28,0,76,0.0,0.0,80.7800751879699,82.5479930191972,22418,46.6645,40.055,0.5936265831404058,1.3272370416629493,401422,2020-07-29 14:19:38.553000-04:00,822.0,Kentucky,No,None
PSAR5JG,536870,0,0,68,52,847,20.389,25.08,0.4223826714801444,1.4545454545454546,48072,2020-08-29 13:31:29.542000-04:00,28,0,76,0.0,0.0,80.7800751879699,82.5479930191972,22418,46.6645,40.055,0.5936265831404058,1.3272370416629493,401422,2020-07-29 14:19:38.553000-04:00,822.0,Kentucky,No,None
PSAR5JG,535419,0,0,67,57,900,15.922,19.65,0.35108153078202997,1.2766666666666666,48072,2020-08-29 13:31:29.542000-04:00,28,0,76,0.0,0.0,80.7800751879699,82.5479930191972,22418,46.6645,40.055,0.5936265831404058,1.3272370416629493,401422,2020-07-29 14:19:38.553000-04:00,822.0,Kentucky,No,None
PSAR5JG,622810,0,0,53,18,394,44.6365,56.9985,0.6942446043165468,1.33248730964467,48072,2020-08-29 13:31:29.542000-04:00,28,0,76,0.0,0.0,80.7800751879699,82.5479930191972,22418,46.6645,40.055,0.5936265831404058,1.3272370416629493,401422,2020-07-29 14:19:38.553000-04:00,822.0,Kentucky,No,None
PSAR5JG,570341,0,0,61,51,745,15.327,20.371,0.3987730061349693,1.276510067114094,48072,2020-08-29 13:31:29.542000-04:00,28,0,76,0.0,0.0,80.7800751879699,82.5479930191972,22418,46.6645,40.055,0.5936265831404058,1.3272370416629493,401422,2020-07-29 14:19:38.553000-04:00,822.0,Kentucky,No,None
PSAR5JG,570068,0,0,61,42,732,23.5805,31.013,0.47925311203319504,1.424863387978142,48072,2020-08-29 13:31:29.542000-04:00,28,0,76,0.0,0.0,80.7800751879699,82.5479930191972,22418,46.6645,40.055,0.5936265831404058,1.3272370416629493,401422,2020-07-29 14:19:38.553000-04:00,822.0,Kentucky,No,None
PSAR5JG,544227,0,0,67,61,913,46.116,52.226,0.7725694444444444,1.2070098576122672,48072,2020-08-29 13:31:29.542000-04:00,28,0,76,0.0,0.0,80.7800751879699,82.5479930191972,22418,46.6645,40.055,0.5936265831404058,1.3272370416629493,401422,2020-07-29 14:19:38.553000-04:00,822.0,Kentucky,No,None
PSAR5JG,538102,0,0,54,27,504,28.7025,32.622,0.7026239067055393,1.251984126984127,48072,2020-08-29 13:31:29.542000-04:00,28,0,76,0.0,0.0,80.7800751879699,82.5479930191972,22418,46.6645,40.055,0.5936265831404058,1.3272370416629493,401422,2020-07-29 14:19:38.553000-04:00,822.0,Kentucky,No,None
PSAR5JG,538093,0,0,70,70,1057,47.847,52.439,0.7753623188405797,1.2242194891201514,48072,2020-08-29 13:31:29.542000-04:00,28,0,76,0.0,0.0,80.7800751879699,82.5479930191972,22418,46.6645,40.055,0.5936265831404058,1.3272370416629493,401422,2020-07-29 14:19:38.553000-04:00,822.0,Kentucky,No,None
PSAR5JG,755388,0,0,60,59,906,52.819,65.153,0.6523887973640856,1.4028697571743929,48073,2020-08-29 13:31:29.544000-04:00,36,0,75,0.0,0.0,56.3703703703704,77.7266754270697,18635,34.966,29.309,0.4707722707064054,1.391521330829085,401422,2020-07-29 14:19:38.553000-04:00,822.0,Kentucky,No,None
PSAR5JG,537960,0,0,70,68,1034,56.909,60.5455,0.826865671641791,1.1682785299806575,48073,2020-08-29 13:31:29.544000-04:00,36,0,75,0.0,0.0,56.3703703703704,77.7266754270697,18635,34.966,29.309,0.4707722707064054,1.391521330829085,401422,2020-07-29 14:19:38.553000-04:00,822.0,Kentucky,No,None
PSAR5JG,537901,0,0,70,70,1064,21.728,24.901,0.37700145560407566,1.4041353383458648,48073,2020-08-29 13:31:29.544000-04:00,36,0,75,0.0,0.0,56.3703703703704,77.7266754270697,18635,34.966,29.309,0.4707722707064054,1.391521330829085,401422,2020-07-29 14:19:38.553000-04:00,822.0,Kentucky,No,None
PSAR5JG,537994,0,0,68,68,1043,22.866,26.794,0.36764705882352944,1.4496644295302012,48073,2020-08-29 13:31:29.544000-04:00,36,0,75,0.0,0.0,56.3703703703704,77.7266754270697,18635,34.966,29.309,0.4707722707064054,1.391521330829085,401422,2020-07-29 14:19:38.553000-04:00,822.0,Kentucky,No,None
PSAR5JG,538456,0,0,69,69,1049,41.786,50.434,0.4780058651026393,1.5052430886558628,48073,2020-08-29 13:31:29.544000-04:00,36,0,75,0.0,0.0,56.3703703703704,77.7266754270697,18635,34.966,29.309,0.4707722707064054,1.391521330829085,401422,2020-07-29 14:19:38.553000-04:00,822.0,Kentucky,No,None
PSAR5JG,535964,0,0,70,67,1012,21.979,27.85,0.3623853211009174,1.3270750988142292,48073,2020-08-29 13:31:29.544000-04:00,36,0,75,0.0,0.0,56.3703703703704,77.7266754270697,18635,34.966,29.309,0.4707722707064054,1.391521330829085,401422,2020-07-29 14:19:38.553000-04:00,822.0,Kentucky,No,None
PSAR5JG,538192,0,0,68,68,1045,15.28,21.305,0.19440353460972018,1.5904306220095694,48073,2020-08-29 13:31:29.544000-04:00,36,0,75,0.0,0.0,56.3703703703704,77.7266754270697,18635,34.966,29.309,0.4707722707064054,1.391521330829085,401422,2020-07-29 14:19:38.553000-04:00,822.0,Kentucky,No,None
PSAR5JG,555474,0,0,41,17,289,8.455,14.372,0.26424870466321243,1.328719723183391,48073,2020-08-29 13:31:29.544000-04:00,36,0,75,0.0,0.0,56.3703703703704,77.7266754270697,18635,34.966,29.309,0.4707722707064054,1.391521330829085,401422,2020-07-29 14:19:38.553000-04:00,822.0,Kentucky,No,None
PSAR5JG,537986,0,0,61,48,792,24.0725,27.3205,0.7359223300970874,1.2525252525252526,48073,2020-08-29 13:31:29.544000-04:00,36,0,75,0.0,0.0,56.3703703703704,77.7266754270697,18635,34.966,29.309,0.4707722707064054,1.391521330829085,401422,2020-07-29 14:19:38.553000-04:00,822.0,Kentucky,No,None
PSAR5JG,852929,0,0,30,21,310,20.265,25.182,0.49743589743589745,1.3612903225806452,48073,2020-08-29 13:31:29.544000-04:00,36,0,75,0.0,0.0,56.3703703703704,77.7266754270697,18635,34.966,29.309,0.4707722707064054,1.391521330829085,401422,2020-07-29 14:19:38.553000-04:00,822.0,Kentucky,No,None
PSAR5JG,927503,0,0,38,35,610,87.617,90.327,0.7372262773722628,1.1885245901639343,48073,2020-08-29 13:31:29.544000-04:00,36,0,75,0.0,0.0,56.3703703703704,77.7266754270697,18635,34.966,29.309,0.4707722707064054,1.391521330829085,401422,2020-07-29 14:19:38.553000-04:00,822.0,Kentucky,No,None
PSAR5JG,757607,0,0,60,59,908,30.4145,36.0395,0.6173044925124792,1.2698237885462555,48073,2020-08-29 13:31:29.544000-04:00,36,0,75,0.0,0.0,56.3703703703704,77.7266754270697,18635,34.966,29.309,0.4707722707064054,1.391521330829085,401422,2020-07-29 14:19:38.553000-04:00,822.0,Kentucky,No,None
PSAR5JG,542701,0,0,69,69,1049,57.883,64.09,0.7921511627906976,1.2373689227836033,48074,2020-08-29 13:31:29.545000-04:00,24,0,75,0.0,0.0,85.2222222222222,92.0469361147327,21461,40.916,35.394,0.6412322612850317,1.3068822515260239,401422,2020-07-29 14:19:38.553000-04:00,822.0,Kentucky,No,None
PSAR5JG,542721,0,0,69,64,1020,30.0575,36.9285,0.6364985163204748,1.3411764705882352,48074,2020-08-29 13:31:29.545000-04:00,24,0,75,0.0,0.0,85.2222222222222,92.0469361147327,21461,40.916,35.394,0.6412322612850317,1.3068822515260239,401422,2020-07-29 14:19:38.553000-04:00,822.0,Kentucky,No,None
PSAR5JG,536363,0,0,55,39,655,25.76,29.897,0.49521531100478466,1.3572519083969465,48074,2020-08-29 13:31:29.545000-04:00,24,0,75,0.0,0.0,85.2222222222222,92.0469361147327,21461,40.916,35.394,0.6412322612850317,1.3068822515260239,401422,2020-07-29 14:19:38.553000-04:00,822.0,Kentucky,No,None
PSAR5JG,542690,0,0,60,59,866,98.147,111.177,0.7433628318584071,1.2759815242494226,48074,2020-08-29 13:31:29.545000-04:00,24,0,75,0.0,0.0,85.2222222222222,92.0469361147327,21461,40.916,35.394,0.6412322612850317,1.3068822515260239,401422,2020-07-29 14:19:38.553000-04:00,822.0,Kentucky,No,None
PSAR5JG,542696,0,0,68,61,887,24.45,32.701,0.6354166666666666,1.4081172491544531,48074,2020-08-29 13:31:29.545000-04:00,24,0,75,0.0,0.0,85.2222222222222,92.0469361147327,21461,40.916,35.394,0.6412322612850317,1.3068822515260239,401422,2020-07-29 14:19:38.553000-04:00,822.0,Kentucky,No,None
PSAR5JG,540511,0,0,69,67,1040,26.3225,29.191,0.6359649122807017,1.301923076923077,48074,2020-08-29 13:31:29.545000-04:00,24,0,75,0.0,0.0,85.2222222222222,92.0469361147327,21461,40.916,35.394,0.6412322612850317,1.3068822515260239,401422,2020-07-29 14:19:38.553000-04:00,822.0,Kentucky,No,None
PSAR5JG,542734,0,0,61,60,880,57.572,68.287,0.7491289198606271,1.2568181818181818,48074,2020-08-29 13:31:29.545000-04:00,24,0,75,0.0,0.0,85.2222222222222,92.0469361147327,21461,40.916,35.394,0.6412322612850317,1.3068822515260239,401422,2020-07-29 14:19:38.553000-04:00,822.0,Kentucky,No,None
PSAR5JG,542727,0,0,69,63,994,40.0985,49.6025,0.5610859728506787,1.3722334004024146,48074,2020-08-29 13:31:29.545000-04:00,24,0,75,0.0,0.0,85.2222222222222,92.0469361147327,21461,40.916,35.394,0.6412322612850317,1.3068822515260239,401422,2020-07-29 14:19:38.553000-04:00,822.0,Kentucky,No,None
PSAR5JG,222362,0,0,66,64,953,25.764,31.51,0.604133545310016,1.3651626442812173,48074,2020-08-29 13:31:29.545000-04:00,24,0,75,0.0,0.0,85.2222222222222,92.0469361147327,21461,40.916,35.394,0.6412322612850317,1.3068822515260239,401422,2020-07-29 14:19:38.553000-04:00,822.0,Kentucky,No,None
PSAR5JG,542786,0,0,64,60,885,72.574,82.56,0.8896551724137931,1.0937853107344633,48074,2020-08-29 13:31:29.545000-04:00,24,0,75,0.0,0.0,85.2222222222222,92.0469361147327,21461,40.916,35.394,0.6412322612850317,1.3068822515260239,401422,2020-07-29 14:19:38.553000-04:00,822.0,Kentucky,No,None
PSAR5JG,542755,0,0,65,61,954,22.8245,25.4035,0.5435816164817749,1.3018867924528301,48074,2020-08-29 13:31:29.545000-04:00,24,0,75,0.0,0.0,85.2222222222222,92.0469361147327,21461,40.916,35.394,0.6412322612850317,1.3068822515260239,401422,2020-07-29 14:19:38.553000-04:00,822.0,Kentucky,No,None
PSAR5JG,541121,0,0,61,58,862,25.563,29.35,0.7130281690140845,1.3051044083526682,48074,2020-08-29 13:31:29.545000-04:00,24,0,75,0.0,0.0,85.2222222222222,92.0469361147327,21461,40.916,35.394,0.6412322612850317,1.3068822515260239,401422,2020-07-29 14:19:38.553000-04:00,822.0,Kentucky,No,None
PSAR5JG,542677,0,0,69,69,1049,26.389,30.729,0.5494186046511628,1.306005719733079,48074,2020-08-29 13:31:29.545000-04:00,24,0,75,0.0,0.0,85.2222222222222,92.0469361147327,21461,40.916,35.394,0.6412322612850317,1.3068822515260239,401422,2020-07-29 14:19:38.553000-04:00,822.0,Kentucky,No,None
PSAR5JG,542748,0,0,68,66,1018,38.593,42.9925,0.7365269461077845,1.2220039292730844,48074,2020-08-29 13:31:29.545000-04:00,24,0,75,0.0,0.0,85.2222222222222,92.0469361147327,21461,40.916,35.394,0.6412322612850317,1.3068822515260239,401422,2020-07-29 14:19:38.553000-04:00,822.0,Kentucky,No,None
PSAR5JG,542741,0,0,68,62,1017,49.45,53.68,0.7110778443113772,1.2271386430678466,48074,2020-08-29 13:31:29.545000-04:00,24,0,75,0.0,0.0,85.2222222222222,92.0469361147327,21461,40.916,35.394,0.6412322612850317,1.3068822515260239,401422,2020-07-29 14:19:38.553000-04:00,822.0,Kentucky,No,None
PSAR5JG,980353,0,0,15,9,157,53.964,81.979,0.48,1.694267515923567,48075,2020-08-29 13:31:29.546000-04:00,19,0,75,0.0,0.0,46.5964912280702,60.5421686746988,6267,39.874,30.652,0.35227552275522755,1.482367959151109,401422,2020-07-29 14:19:38.553000-04:00,822.0,Kentucky,No,None
PSAR5JG,757417,0,0,59,45,705,38.43,47.071,0.673773987206823,1.2382978723404254,48075,2020-08-29 13:31:29.546000-04:00,19,0,75,0.0,0.0,46.5964912280702,60.5421686746988,6267,39.874,30.652,0.35227552275522755,1.482367959151109,401422,2020-07-29 14:19:38.553000-04:00,822.0,Kentucky,No,None
PSAR5JG,545168,0,0,46,28,419,10.915,14.773,0.17307692307692307,1.2291169451073987,48075,2020-08-29 13:31:29.546000-04:00,19,0,75,0.0,0.0,46.5964912280702,60.5421686746988,6267,39.874,30.652,0.35227552275522755,1.482367959151109,401422,2020-07-29 14:19:38.553000-04:00,822.0,Kentucky,No,None
PSAR5JG,758398,0,0,61,50,774,88.7655,115.8355,0.6257425742574257,1.475452196382429,48075,2020-08-29 13:31:29.546000-04:00,19,0,75,0.0,0.0,46.5964912280702,60.5421686746988,6267,39.874,30.652,0.35227552275522755,1.482367959151109,401422,2020-07-29 14:19:38.553000-04:00,822.0,Kentucky,No,None
PSAR5JG,638494,12,1,12,9,128,11.387,27.531,0.171875,2.28125,60076,2020-09-14 09:38:51.645000-04:00,10,35,8,38.0,47.3684210526316,58.75,70.2127659574468,880,48.601,32.2525,0.5125858123569794,1.7034090909090909,628790,2020-09-09 12:27:48.471000-04:00,409.0,Connecticut,No,None
PSAR5JG,145355,2,2,14,14,101,37.743,46.354,0.7391304347826086,1.2178217821782178,65080,2020-09-22 08:17:22.155000-04:00,36,1,11,94.4444444444444,91.1764705882353,94.4444444444444,93.8502673796791,2571,42.658,36.07,0.6258561643835616,1.3586153247763515,10088,2019-06-19 13:16:14.166000-04:00,955.0,Massachusetts,Yes,None
PSAR5JG,109232,9,7,14,13,144,22.4285,25.4365,0.6814814814814815,1.375,65080,2020-09-22 08:17:22.155000-04:00,36,1,11,94.4444444444444,91.1764705882353,94.4444444444444,93.8502673796791,2571,42.658,36.07,0.6258561643835616,1.3586153247763515,10088,2019-06-19 13:16:14.166000-04:00,955.0,Massachusetts,Yes,None
PSAR5JG,109257,8,8,20,20,173,50.117,60.935,0.7532467532467533,1.2716763005780347,65080,2020-09-22 08:17:22.155000-04:00,36,1,11,94.4444444444444,91.1764705882353,94.4444444444444,93.8502673796791,2571,42.658,36.07,0.6258561643835616,1.3586153247763515,10088,2019-06-19 13:16:14.166000-04:00,955.0,Massachusetts,Yes,None
PSAR5JG,109258,12,10,18,16,172,23.332,34.184,0.5652173913043478,1.494186046511628,65080,2020-09-22 08:17:22.155000-04:00,36,1,11,94.4444444444444,91.1764705882353,94.4444444444444,93.8502673796791,2571,42.658,36.07,0.6258561643835616,1.3586153247763515,10088,2019-06-19 13:16:14.166000-04:00,955.0,Massachusetts,Yes,None
PSAR5JG,109311,6,6,14,14,138,31.161,36.0,0.5615384615384615,1.2826086956521738,65080,2020-09-22 08:17:22.155000-04:00,36,1,11,94.4444444444444,91.1764705882353,94.4444444444444,93.8502673796791,2571,42.658,36.07,0.6258561643835616,1.3586153247763515,10088,2019-06-19 13:16:14.166000-04:00,955.0,Massachusetts,Yes,None
PSAR5JG,109315,6,6,14,14,115,31.052,34.508,0.719626168224299,1.3304347826086957,65080,2020-09-22 08:17:22.155000-04:00,36,1,11,94.4444444444444,91.1764705882353,94.4444444444444,93.8502673796791,2571,42.658,36.07,0.6258561643835616,1.3586153247763515,10088,2019-06-19 13:16:14.166000-04:00,955.0,Massachusetts,Yes,None
PSAR5JG,109317,6,6,14,14,109,35.964,41.331,0.8217821782178217,1.201834862385321,65080,2020-09-22 08:17:22.155000-04:00,36,1,11,94.4444444444444,91.1764705882353,94.4444444444444,93.8502673796791,2571,42.658,36.07,0.6258561643835616,1.3586153247763515,10088,2019-06-19 13:16:14.166000-04:00,955.0,Massachusetts,Yes,None
PSAR5JG,109391,6,6,14,14,113,21.38,23.677,0.8,1.2123893805309736,65080,2020-09-22 08:17:22.155000-04:00,36,1,11,94.4444444444444,91.1764705882353,94.4444444444444,93.8502673796791,2571,42.658,36.07,0.6258561643835616,1.3586153247763515,10088,2019-06-19 13:16:14.166000-04:00,955.0,Massachusetts,Yes,None
PSAR5JG,109396,6,6,14,11,109,28.695,38.454,0.6274509803921569,1.614678899082569,65080,2020-09-22 08:17:22.155000-04:00,36,1,11,94.4444444444444,91.1764705882353,94.4444444444444,93.8502673796791,2571,42.658,36.07,0.6258561643835616,1.3586153247763515,10088,2019-06-19 13:16:14.166000-04:00,955.0,Massachusetts,Yes,None
PSAR5JG,109397,6,6,13,12,100,22.632,27.865,0.7419354838709677,1.28,65080,2020-09-22 08:17:22.155000-04:00,36,1,11,94.4444444444444,91.1764705882353,94.4444444444444,93.8502673796791,2571,42.658,36.07,0.6258561643835616,1.3586153247763515,10088,2019-06-19 13:16:14.166000-04:00,955.0,Massachusetts,Yes,None
PSAR5JG,109399,6,6,14,14,120,26.895,29.891,0.6696428571428571,1.4,65080,2020-09-22 08:17:22.155000-04:00,36,1,11,94.4444444444444,91.1764705882353,94.4444444444444,93.8502673796791,2571,42.658,36.07,0.6258561643835616,1.3586153247763515,10088,2019-06-19 13:16:14.166000-04:00,955.0,Massachusetts,Yes,None
PSAR5JG,109489,5,5,14,12,122,27.303,38.019,0.4473684210526316,1.6065573770491803,65080,2020-09-22 08:17:22.155000-04:00,36,1,11,94.4444444444444,91.1764705882353,94.4444444444444,93.8502673796791,2571,42.658,36.07,0.6258561643835616,1.3586153247763515,10088,2019-06-19 13:16:14.166000-04:00,955.0,Massachusetts,Yes,None
PSAR5JG,109550,9,4,13,12,135,34.335,46.189,0.44,1.8296296296296295,65080,2020-09-22 08:17:22.155000-04:00,36,1,11,94.4444444444444,91.1764705882353,94.4444444444444,93.8502673796791,2571,42.658,36.07,0.6258561643835616,1.3586153247763515,10088,2019-06-19 13:16:14.166000-04:00,955.0,Massachusetts,Yes,None
PSAR5JG,109555,6,4,19,16,140,66.3865,78.215,0.6532258064516129,1.2857142857142858,65080,2020-09-22 08:17:22.155000-04:00,36,1,11,94.4444444444444,91.1764705882353,94.4444444444444,93.8502673796791,2571,42.658,36.07,0.6258561643835616,1.3586153247763515,10088,2019-06-19 13:16:14.166000-04:00,955.0,Massachusetts,Yes,None
PSAR5JG,113600,3,3,12,12,97,37.724,45.407,0.5333333333333333,1.463917525773196,65080,2020-09-22 08:17:22.155000-04:00,36,1,11,94.4444444444444,91.1764705882353,94.4444444444444,93.8502673796791,2571,42.658,36.07,0.6258561643835616,1.3586153247763515,10088,2019-06-19 13:16:14.166000-04:00,955.0,Massachusetts,Yes,None
PSAR5JG,114015,3,3,14,14,100,32.6325,35.087,0.8461538461538461,1.15,65080,2020-09-22 08:17:22.155000-04:00,36,1,11,94.4444444444444,91.1764705882353,94.4444444444444,93.8502673796791,2571,42.658,36.07,0.6258561643835616,1.3586153247763515,10088,2019-06-19 13:16:14.166000-04:00,955.0,Massachusetts,Yes,None
PSAR5JG,122084,3,2,13,13,104,41.936,53.1215,0.5473684210526316,1.75,65080,2020-09-22 08:17:22.155000-04:00,36,1,11,94.4444444444444,91.1764705882353,94.4444444444444,93.8502673796791,2571,42.658,36.07,0.6258561643835616,1.3586153247763515,10088,2019-06-19 13:16:14.166000-04:00,955.0,Massachusetts,Yes,None
PSAR5JG,150205,6,6,18,16,149,48.389,54.772,0.6544117647058824,1.4966442953020134,65080,2020-09-22 08:17:22.155000-04:00,36,1,11,94.4444444444444,91.1764705882353,94.4444444444444,93.8502673796791,2571,42.658,36.07,0.6258561643835616,1.3586153247763515,10088,2019-06-19 13:16:14.166000-04:00,955.0,Massachusetts,Yes,None
PSAR5JG,153687,3,3,15,15,132,53.931,69.3345,0.7563025210084033,1.2424242424242424,65080,2020-09-22 08:17:22.155000-04:00,36,1,11,94.4444444444444,91.1764705882353,94.4444444444444,93.8502673796791,2571,42.658,36.07,0.6258561643835616,1.3586153247763515,10088,2019-06-19 13:16:14.166000-04:00,955.0,Massachusetts,Yes,None
PSAR5JG,159325,3,3,14,14,134,41.403,47.541,0.6198347107438017,1.417910447761194,65080,2020-09-22 08:17:22.155000-04:00,36,1,11,94.4444444444444,91.1764705882353,94.4444444444444,93.8502673796791,2571,42.658,36.07,0.6258561643835616,1.3586153247763515,10088,2019-06-19 13:16:14.166000-04:00,955.0,Massachusetts,Yes,None
PSAR5JG,252069,3,3,14,9,82,25.019,36.4695,0.5063291139240507,1.7317073170731707,65080,2020-09-22 08:17:22.155000-04:00,36,1,11,94.4444444444444,91.1764705882353,94.4444444444444,93.8502673796791,2571,42.658,36.07,0.6258561643835616,1.3586153247763515,10088,2019-06-19 13:16:14.166000-04:00,955.0,Massachusetts,Yes,None
PSAR5JG,253689,2,2,14,13,91,38.683,45.533,0.8333333333333334,1.1868131868131868,65080,2020-09-22 08:17:22.155000-04:00,36,1,11,94.4444444444444,91.1764705882353,94.4444444444444,93.8502673796791,2571,42.658,36.07,0.6258561643835616,1.3586153247763515,10088,2019-06-19 13:16:14.166000-04:00,955.0,Massachusetts,Yes,None
PSAR5JG,253801,4,4,14,14,108,31.069,37.107,0.7171717171717171,1.5833333333333333,65080,2020-09-22 08:17:22.155000-04:00,36,1,11,94.4444444444444,91.1764705882353,94.4444444444444,93.8502673796791,2571,42.658,36.07,0.6258561643835616,1.3586153247763515,10088,2019-06-19 13:16:14.166000-04:00,955.0,Massachusetts,Yes,None
PSAR5JG,254695,4,4,14,14,112,22.0215,27.033,0.6990291262135923,1.3214285714285714,65080,2020-09-22 08:17:22.155000-04:00,36,1,11,94.4444444444444,91.1764705882353,94.4444444444444,93.8502673796791,2571,42.658,36.07,0.6258561643835616,1.3586153247763515,10088,2019-06-19 13:16:14.166000-04:00,955.0,Massachusetts,Yes,None
PSAR5JG,255089,3,3,14,13,108,41.57,46.5345,0.62,1.4259259259259258,65080,2020-09-22 08:17:22.155000-04:00,36,1,11,94.4444444444444,91.1764705882353,94.4444444444444,93.8502673796791,2571,42.658,36.07,0.6258561643835616,1.3586153247763515,10088,2019-06-19 13:16:14.166000-04:00,955.0,Massachusetts,Yes,None
PSAR5JG,258614,3,3,14,14,105,33.141,38.794,0.7216494845360825,1.5142857142857142,65080,2020-09-22 08:17:22.155000-04:00,36,1,11,94.4444444444444,91.1764705882353,94.4444444444444,93.8502673796791,2571,42.658,36.07,0.6258561643835616,1.3586153247763515,10088,2019-06-19 13:16:14.166000-04:00,955.0,Massachusetts,Yes,None
PSAR5JG,258783,3,1,12,12,92,34.6645,37.956,0.5764705882352941,1.4673913043478262,65080,2020-09-22 08:17:22.155000-04:00,36,1,11,94.4444444444444,91.1764705882353,94.4444444444444,93.8502673796791,2571,42.658,36.07,0.6258561643835616,1.3586153247763515,10088,2019-06-19 13:16:14.166000-04:00,955.0,Massachusetts,Yes,None
PSAR5JG,285085,4,4,14,14,108,21.6795,25.299,0.8383838383838383,1.1574074074074074,65080,2020-09-22 08:17:22.155000-04:00,36,1,11,94.4444444444444,91.1764705882353,94.4444444444444,93.8502673796791,2571,42.658,36.07,0.6258561643835616,1.3586153247763515,10088,2019-06-19 13:16:14.166000-04:00,955.0,Massachusetts,Yes,None
PSAR5JG,335506,4,4,13,13,107,28.374,36.97,0.54,1.5233644859813085,65080,2020-09-22 08:17:22.155000-04:00,36,1,11,94.4444444444444,91.1764705882353,94.4444444444444,93.8502673796791,2571,42.658,36.07,0.6258561643835616,1.3586153247763515,10088,2019-06-19 13:16:14.166000-04:00,955.0,Massachusetts,Yes,None
PSAR5JG,349351,2,1,12,11,78,86.982,105.3595,0.647887323943662,1.358974358974359,65080,2020-09-22 08:17:22.155000-04:00,36,1,11,94.4444444444444,91.1764705882353,94.4444444444444,93.8502673796791,2571,42.658,36.07,0.6258561643835616,1.3586153247763515,10088,2019-06-19 13:16:14.166000-04:00,955.0,Massachusetts,Yes,None
PSAR5JG,383065,2,2,12,12,93,33.765,35.879,0.7857142857142857,1.1612903225806452,65080,2020-09-22 08:17:22.155000-04:00,36,1,11,94.4444444444444,91.1764705882353,94.4444444444444,93.8502673796791,2571,42.658,36.07,0.6258561643835616,1.3586153247763515,10088,2019-06-19 13:16:14.166000-04:00,955.0,Massachusetts,Yes,None
PSAR5JG,777351,1,0,11,9,74,36.7235,59.046,0.373134328358209,1.7297297297297296,65080,2020-09-22 08:17:22.155000-04:00,36,1,11,94.4444444444444,91.1764705882353,94.4444444444444,93.8502673796791,2571,42.658,36.07,0.6258561643835616,1.3586153247763515,10088,2019-06-19 13:16:14.166000-04:00,955.0,Massachusetts,Yes,None
PSAR5JG,439514,0,0,64,64,890,79.622,88.7545,0.7365591397849462,1.252808988764045,67566,2020-09-28 12:06:19.379000-04:00,32,0,52,0.0,0.0,72.7163461538462,89.3388429752066,16485,49.478,43.12,0.7273509997130011,1.2882013952077647,418485,2020-08-12 12:43:02.042000-04:00,615.0,Idaho,No,None
PSAR5JG,646650,0,0,64,62,721,174.685,180.239,0.9330453563714903,1.0707350901525658,67566,2020-09-28 12:06:19.379000-04:00,32,0,52,0.0,0.0,72.7163461538462,89.3388429752066,16485,49.478,43.12,0.7273509997130011,1.2882013952077647,418485,2020-08-12 12:43:02.042000-04:00,615.0,Idaho,No,None
PSAR5JG,644847,0,0,61,59,778,40.2115,46.4,0.6701244813278008,1.3251928020565553,67566,2020-09-28 12:06:19.379000-04:00,32,0,52,0.0,0.0,72.7163461538462,89.3388429752066,16485,49.478,43.12,0.7273509997130011,1.2882013952077647,418485,2020-08-12 12:43:02.042000-04:00,615.0,Idaho,No,None
PSAR5JG,644373,0,0,62,61,806,54.3655,59.4255,0.8283433133732535,1.1575682382133996,67566,2020-09-28 12:06:19.379000-04:00,32,0,52,0.0,0.0,72.7163461538462,89.3388429752066,16485,49.478,43.12,0.7273509997130011,1.2882013952077647,418485,2020-08-12 12:43:02.042000-04:00,615.0,Idaho,No,None
PSAR5JG,643739,0,0,71,50,690,104.4345,124.1445,0.6450116009280742,1.3333333333333333,67566,2020-09-28 12:06:19.379000-04:00,32,0,52,0.0,0.0,72.7163461538462,89.3388429752066,16485,49.478,43.12,0.7273509997130011,1.2882013952077647,418485,2020-08-12 12:43:02.042000-04:00,615.0,Idaho,No,None
PSAR5JG,439578,0,0,55,54,793,28.135,28.708,0.9292730844793713,1.0744010088272382,67566,2020-09-28 12:06:19.379000-04:00,32,0,52,0.0,0.0,72.7163461538462,89.3388429752066,16485,49.478,43.12,0.7273509997130011,1.2882013952077647,418485,2020-08-12 12:43:02.042000-04:00,615.0,Idaho,No,None
PSAR5JG,627377,0,0,59,45,698,67.578,71.416,0.7892376681614349,1.173352435530086,67566,2020-09-28 12:06:19.379000-04:00,32,0,52,0.0,0.0,72.7163461538462,89.3388429752066,16485,49.478,43.12,0.7273509997130011,1.2882013952077647,418485,2020-08-12 12:43:02.042000-04:00,615.0,Idaho,No,None
PSAR5JG,626934,0,0,39,25,319,35.123,39.137,0.547486033519553,1.1755485893416928,67566,2020-09-28 12:06:19.379000-04:00,32,0,52,0.0,0.0,72.7163461538462,89.3388429752066,16485,49.478,43.12,0.7273509997130011,1.2882013952077647,418485,2020-08-12 12:43:02.042000-04:00,615.0,Idaho,No,None
PSAR5JG,451185,0,0,57,54,787,26.965,30.503,0.7237903225806451,1.2731893265565437,67566,2020-09-28 12:06:19.379000-04:00,32,0,52,0.0,0.0,72.7163461538462,89.3388429752066,16485,49.478,43.12,0.7273509997130011,1.2882013952077647,418485,2020-08-12 12:43:02.042000-04:00,615.0,Idaho,No,None
PSAR5JG,444859,0,0,50,47,665,54.054,60.006,0.6943127962085308,1.2917293233082707,67566,2020-09-28 12:06:19.379000-04:00,32,0,52,0.0,0.0,72.7163461538462,89.3388429752066,16485,49.478,43.12,0.7273509997130011,1.2882013952077647,418485,2020-08-12 12:43:02.042000-04:00,615.0,Idaho,No,None
PSAR5JG,612592,0,0,59,57,769,64.584,70.806,0.7354166666666667,1.2834850455136542,67566,2020-09-28 12:06:19.379000-04:00,32,0,52,0.0,0.0,72.7163461538462,89.3388429752066,16485,49.478,43.12,0.7273509997130011,1.2882013952077647,418485,2020-08-12 12:43:02.042000-04:00,615.0,Idaho,No,None
PSAR5JG,607604,0,0,58,58,849,27.371,32.992,0.6571428571428571,1.558303886925795,67566,2020-09-28 12:06:19.379000-04:00,32,0,52,0.0,0.0,72.7163461538462,89.3388429752066,16485,49.478,43.12,0.7273509997130011,1.2882013952077647,418485,2020-08-12 12:43:02.042000-04:00,615.0,Idaho,No,None
PSAR5JG,608383,0,0,65,64,861,40.893,47.833,0.7773654916512059,1.3066202090592334,67566,2020-09-28 12:06:19.379000-04:00,32,0,52,0.0,0.0,72.7163461538462,89.3388429752066,16485,49.478,43.12,0.7273509997130011,1.2882013952077647,418485,2020-08-12 12:43:02.042000-04:00,615.0,Idaho,No,None
PSAR5JG,608938,0,0,38,13,218,55.104,61.2105,0.7089552238805971,1.2568807339449541,67566,2020-09-28 12:06:19.379000-04:00,32,0,52,0.0,0.0,72.7163461538462,89.3388429752066,16485,49.478,43.12,0.7273509997130011,1.2882013952077647,418485,2020-08-12 12:43:02.042000-04:00,615.0,Idaho,No,None
PSAR5JG,609174,0,0,70,70,939,43.559,50.87,0.7562277580071174,1.2438764643237488,67566,2020-09-28 12:06:19.379000-04:00,32,0,52,0.0,0.0,72.7163461538462,89.3388429752066,16485,49.478,43.12,0.7273509997130011,1.2882013952077647,418485,2020-08-12 12:43:02.042000-04:00,615.0,Idaho,No,None
PSAR5JG,609211,0,0,58,57,851,29.269,33.516,0.6641221374045801,1.27144535840188,67566,2020-09-28 12:06:19.379000-04:00,32,0,52,0.0,0.0,72.7163461538462,89.3388429752066,16485,49.478,43.12,0.7273509997130011,1.2882013952077647,418485,2020-08-12 12:43:02.042000-04:00,615.0,Idaho,No,None
PSAR5JG,610168,0,0,59,58,755,42.928,46.452,0.7521008403361344,1.2,67566,2020-09-28 12:06:19.379000-04:00,32,0,52,0.0,0.0,72.7163461538462,89.3388429752066,16485,49.478,43.12,0.7273509997130011,1.2882013952077647,418485,2020-08-12 12:43:02.042000-04:00,615.0,Idaho,No,None
PSAR5JG,610208,0,0,61,61,811,29.194,32.463,0.7848605577689243,1.18865598027127,67566,2020-09-28 12:06:19.379000-04:00,32,0,52,0.0,0.0,72.7163461538462,89.3388429752066,16485,49.478,43.12,0.7273509997130011,1.2882013952077647,418485,2020-08-12 12:43:02.042000-04:00,615.0,Idaho,No,None
PSAR5JG,610305,0,0,60,59,790,36.9255,45.6535,0.6776180698151951,1.4860759493670885,67566,2020-09-28 12:06:19.379000-04:00,32,0,52,0.0,0.0,72.7163461538462,89.3388429752066,16485,49.478,43.12,0.7273509997130011,1.2882013952077647,418485,2020-08-12 12:43:02.042000-04:00,615.0,Idaho,No,None
PSAR5JG,611257,0,0,56,45,602,42.473,48.5815,0.7461139896373057,1.4401993355481728,67566,2020-09-28 12:06:19.379000-04:00,32,0,52,0.0,0.0,72.7163461538462,89.3388429752066,16485,49.478,43.12,0.7273509997130011,1.2882013952077647,418485,2020-08-12 12:43:02.042000-04:00,615.0,Idaho,No,None
PSAR5JG,501804,0,0,65,53,746,47.342,51.771,0.7136842105263158,1.2225201072386058,67566,2020-09-28 12:06:19.379000-04:00,32,0,52,0.0,0.0,72.7163461538462,89.3388429752066,16485,49.478,43.12,0.7273509997130011,1.2882013952077647,418485,2020-08-12 12:43:02.042000-04:00,615.0,Idaho,No,None
PSAR5JG,891979,0,0,25,18,335,54.974,60.445,0.5865384615384616,1.4388059701492537,67566,2020-09-28 12:06:19.379000-04:00,32,0,52,0.0,0.0,72.7163461538462,89.3388429752066,16485,49.478,43.12,0.7273509997130011,1.2882013952077647,418485,2020-08-12 12:43:02.042000-04:00,615.0,Idaho,No,None
PSAR5JG,477422,0,0,45,36,443,29.08,36.195,0.6241610738255033,1.492099322799097,67566,2020-09-28 12:06:19.379000-04:00,32,0,52,0.0,0.0,72.7163461538462,89.3388429752066,16485,49.478,43.12,0.7273509997130011,1.2882013952077647,418485,2020-08-12 12:43:02.042000-04:00,615.0,Idaho,No,None
PSAR5JG,612007,0,0,70,68,915,66.633,78.102,0.4936247723132969,1.5049180327868852,67566,2020-09-28 12:06:19.379000-04:00,32,0,52,0.0,0.0,72.7163461538462,89.3388429752066,16485,49.478,43.12,0.7273509997130011,1.2882013952077647,418485,2020-08-12 12:43:02.042000-04:00,615.0,Idaho,No,None
PSAR5JG,439022,0,0,84,38,480,146.6055,151.954,0.9233333333333333,1.0583333333333333,67566,2020-09-28 12:06:19.379000-04:00,32,0,52,0.0,0.0,72.7163461538462,89.3388429752066,16485,49.478,43.12,0.7273509997130011,1.2882013952077647,418485,2020-08-12 12:43:02.042000-04:00,615.0,Idaho,No,None
PSAR5JG,439498,0,0,76,73,933,41.586,46.897,0.7855887521968365,1.2036441586280815,67566,2020-09-28 12:06:19.379000-04:00,32,0,52,0.0,0.0,72.7163461538462,89.3388429752066,16485,49.478,43.12,0.7273509997130011,1.2882013952077647,418485,2020-08-12 12:43:02.042000-04:00,615.0,Idaho,No,None
PSAR5JG,824547,8,5,31,29,384,66.2185,75.1375,0.7386759581881533,1.4947916666666667,68680,2020-10-01 10:56:33.707000-04:00,32,18,45,31.5972222222222,47.2527472527472,56.6666666666667,88.1127450980392,9823,46.197,38.928,0.723508580768183,1.3009263972309886,461382,2020-08-21 10:45:53.188000-04:00,,,,
PSAR5JG,829108,3,1,34,32,401,42.179,50.499,0.6758620689655173,1.254364089775561,68680,2020-10-01 10:56:33.707000-04:00,32,18,45,31.5972222222222,47.2527472527472,56.6666666666667,88.1127450980392,9823,46.197,38.928,0.723508580768183,1.3009263972309886,461382,2020-08-21 10:45:53.188000-04:00,,,,
PSAR5JG,824919,10,8,37,32,469,35.062,41.146,0.6657458563535912,1.4477611940298507,68680,2020-10-01 10:56:33.707000-04:00,32,18,45,31.5972222222222,47.2527472527472,56.6666666666667,88.1127450980392,9823,46.197,38.928,0.723508580768183,1.3009263972309886,461382,2020-08-21 10:45:53.188000-04:00,,,,
PSAR5JG,824864,3,0,34,33,465,19.064,23.09,0.5965417867435159,1.2860215053763442,68680,2020-10-01 10:56:33.707000-04:00,32,18,45,31.5972222222222,47.2527472527472,56.6666666666667,88.1127450980392,9823,46.197,38.928,0.723508580768183,1.3009263972309886,461382,2020-08-21 10:45:53.188000-04:00,,,,
PSAR5JG,824857,13,8,35,33,475,39.706,48.019,0.6820652173913043,1.4863157894736843,68680,2020-10-01 10:56:33.707000-04:00,32,18,45,31.5972222222222,47.2527472527472,56.6666666666667,88.1127450980392,9823,46.197,38.928,0.723508580768183,1.3009263972309886,461382,2020-08-21 10:45:53.188000-04:00,,,,
PSAR5JG,824827,4,2,30,27,365,53.023,66.723,0.8277153558052435,1.2356164383561643,68680,2020-10-01 10:56:33.707000-04:00,32,18,45,31.5972222222222,47.2527472527472,56.6666666666667,88.1127450980392,9823,46.197,38.928,0.723508580768183,1.3009263972309886,461382,2020-08-21 10:45:53.188000-04:00,,,,
PSAR5JG,824821,8,3,32,26,349,41.258,56.597,0.6307692307692307,1.4126074498567336,68680,2020-10-01 10:56:33.707000-04:00,32,18,45,31.5972222222222,47.2527472527472,56.6666666666667,88.1127450980392,9823,46.197,38.928,0.723508580768183,1.3009263972309886,461382,2020-08-21 10:45:53.188000-04:00,,,,
PSAR5JG,824815,8,5,31,31,463,30.817,41.952,0.6726726726726727,1.451403887688985,68680,2020-10-01 10:56:33.707000-04:00,32,18,45,31.5972222222222,47.2527472527472,56.6666666666667,88.1127450980392,9823,46.197,38.928,0.723508580768183,1.3009263972309886,461382,2020-08-21 10:45:53.188000-04:00,,,,
PSAR5JG,824810,3,1,48,42,501,39.113,45.41,0.7801608579088471,1.2734530938123751,68680,2020-10-01 10:56:33.707000-04:00,32,18,45,31.5972222222222,47.2527472527472,56.6666666666667,88.1127450980392,9823,46.197,38.928,0.723508580768183,1.3009263972309886,461382,2020-08-21 10:45:53.188000-04:00,,,,
PSAR5JG,824809,5,2,35,32,416,54.454,58.1825,0.7623762376237624,1.2259615384615385,68680,2020-10-01 10:56:33.707000-04:00,32,18,45,31.5972222222222,47.2527472527472,56.6666666666667,88.1127450980392,9823,46.197,38.928,0.723508580768183,1.3009263972309886,461382,2020-08-21 10:45:53.188000-04:00,,,,
PSAR5JG,824803,2,0,30,20,277,49.61,55.408,0.8058252427184466,1.1696750902527075,68680,2020-10-01 10:56:33.707000-04:00,32,18,45,31.5972222222222,47.2527472527472,56.6666666666667,88.1127450980392,9823,46.197,38.928,0.723508580768183,1.3009263972309886,461382,2020-08-21 10:45:53.188000-04:00,,,,
PSAR5JG,824802,13,5,36,34,484,30.568,32.9845,0.8123249299719888,1.1921487603305785,68680,2020-10-01 10:56:33.707000-04:00,32,18,45,31.5972222222222,47.2527472527472,56.6666666666667,88.1127450980392,9823,46.197,38.928,0.723508580768183,1.3009263972309886,461382,2020-08-21 10:45:53.188000-04:00,,,,
PSAR5JG,824798,11,7,32,30,445,34.475,38.688,0.8184615384615385,1.1865168539325843,68680,2020-10-01 10:56:33.707000-04:00,32,18,45,31.5972222222222,47.2527472527472,56.6666666666667,88.1127450980392,9823,46.197,38.928,0.723508580768183,1.3009263972309886,461382,2020-08-21 10:45:53.188000-04:00,,,,
PSAR5JG,824790,9,7,35,30,425,46.767,47.858,0.9387096774193548,1.0447058823529412,68680,2020-10-01 10:56:33.707000-04:00,32,18,45,31.5972222222222,47.2527472527472,56.6666666666667,88.1127450980392,9823,46.197,38.928,0.723508580768183,1.3009263972309886,461382,2020-08-21 10:45:53.188000-04:00,,,,
PSAR5JG,824789,9,6,32,28,418,27.7775,35.198,0.6764705882352942,1.3157894736842104,68680,2020-10-01 10:56:33.707000-04:00,32,18,45,31.5972222222222,47.2527472527472,56.6666666666667,88.1127450980392,9823,46.197,38.928,0.723508580768183,1.3009263972309886,461382,2020-08-21 10:45:53.188000-04:00,,,,
PSAR5JG,824788,12,4,35,28,394,40.298,46.109,0.7386759581881533,1.3426395939086293,68680,2020-10-01 10:56:33.707000-04:00,32,18,45,31.5972222222222,47.2527472527472,56.6666666666667,88.1127450980392,9823,46.197,38.928,0.723508580768183,1.3009263972309886,461382,2020-08-21 10:45:53.188000-04:00,,,,
PSAR5JG,824787,11,6,36,35,470,29.937,34.578,0.7126099706744868,1.274468085106383,68680,2020-10-01 10:56:33.707000-04:00,32,18,45,31.5972222222222,47.2527472527472,56.6666666666667,88.1127450980392,9823,46.197,38.928,0.723508580768183,1.3009263972309886,461382,2020-08-21 10:45:53.188000-04:00,,,,
PSAR5JG,824785,4,0,29,20,279,39.79,49.812,0.6650485436893204,1.3225806451612903,68680,2020-10-01 10:56:33.707000-04:00,32,18,45,31.5972222222222,47.2527472527472,56.6666666666667,88.1127450980392,9823,46.197,38.928,0.723508580768183,1.3009263972309886,461382,2020-08-21 10:45:53.188000-04:00,,,,
PSAR5JG,824774,5,2,34,34,437,41.061,60.223,0.6558441558441559,1.5423340961098397,68680,2020-10-01 10:56:33.707000-04:00,32,18,45,31.5972222222222,47.2527472527472,56.6666666666667,88.1127450980392,9823,46.197,38.928,0.723508580768183,1.3009263972309886,461382,2020-08-21 10:45:53.188000-04:00,,,,
PSAR5JG,824771,3,2,36,36,437,20.747,24.617,0.7745098039215687,1.1807780320366132,68680,2020-10-01 10:56:33.707000-04:00,32,18,45,31.5972222222222,47.2527472527472,56.6666666666667,88.1127450980392,9823,46.197,38.928,0.723508580768183,1.3009263972309886,461382,2020-08-21 10:45:53.188000-04:00,,,,
PSAR5JG,829400,2,1,30,29,373,33.79,35.552,0.7662835249042146,1.2386058981233243,68888,2020-10-01 19:02:06.730000-04:00,33,14,38,34.4155844155844,46.5408805031447,67.7033492822967,89.8704358068316,10046,55.0545,47.1525,0.6551724137931034,1.3019112084411706,412608,2020-08-10 17:55:29.556000-04:00,,,,
PSAR5JG,824739,20,14,33,32,453,57.938,67.741,0.811965811965812,1.1677704194260485,68888,2020-10-01 19:02:06.730000-04:00,33,14,38,34.4155844155844,46.5408805031447,67.7033492822967,89.8704358068316,10046,55.0545,47.1525,0.6551724137931034,1.3019112084411706,412608,2020-08-10 17:55:29.556000-04:00,,,,
PSAR5JG,829246,9,8,29,28,435,40.189,47.015,0.6563467492260062,1.3241379310344827,68888,2020-10-01 19:02:06.730000-04:00,33,14,38,34.4155844155844,46.5408805031447,67.7033492822967,89.8704358068316,10046,55.0545,47.1525,0.6551724137931034,1.3019112084411706,412608,2020-08-10 17:55:29.556000-04:00,,,,
PSAR5JG,829313,10,4,28,27,346,19.9575,22.336,0.6585365853658537,1.3294797687861273,68888,2020-10-01 19:02:06.730000-04:00,33,14,38,34.4155844155844,46.5408805031447,67.7033492822967,89.8704358068316,10046,55.0545,47.1525,0.6551724137931034,1.3019112084411706,412608,2020-08-10 17:55:29.556000-04:00,,,,
PSAR5JG,829317,10,4,30,28,350,32.962,40.9915,0.5285171102661597,1.4285714285714286,68888,2020-10-01 19:02:06.730000-04:00,33,14,38,34.4155844155844,46.5408805031447,67.7033492822967,89.8704358068316,10046,55.0545,47.1525,0.6551724137931034,1.3019112084411706,412608,2020-08-10 17:55:29.556000-04:00,,,,
PSAR5JG,829351,10,2,26,22,334,41.7945,52.399,0.5568627450980392,1.4131736526946108,68888,2020-10-01 19:02:06.730000-04:00,33,14,38,34.4155844155844,46.5408805031447,67.7033492822967,89.8704358068316,10046,55.0545,47.1525,0.6551724137931034,1.3019112084411706,412608,2020-08-10 17:55:29.556000-04:00,,,,
PSAR5JG,829386,9,3,28,28,338,53.8025,56.9065,0.6842105263157895,1.2988165680473374,68888,2020-10-01 19:02:06.730000-04:00,33,14,38,34.4155844155844,46.5408805031447,67.7033492822967,89.8704358068316,10046,55.0545,47.1525,0.6551724137931034,1.3019112084411706,412608,2020-08-10 17:55:29.556000-04:00,,,,
PSAR5JG,829388,4,0,28,21,242,58.157,64.252,0.5895953757225434,1.256198347107438,68888,2020-10-01 19:02:06.730000-04:00,33,14,38,34.4155844155844,46.5408805031447,67.7033492822967,89.8704358068316,10046,55.0545,47.1525,0.6551724137931034,1.3019112084411706,412608,2020-08-10 17:55:29.556000-04:00,,,,
PSAR5JG,829499,3,2,26,25,314,44.139,52.711,0.7521739130434782,1.267515923566879,68888,2020-10-01 19:02:06.730000-04:00,33,14,38,34.4155844155844,46.5408805031447,67.7033492822967,89.8704358068316,10046,55.0545,47.1525,0.6551724137931034,1.3019112084411706,412608,2020-08-10 17:55:29.556000-04:00,,,,
PSAR5JG,829517,7,0,26,24,293,27.876,35.952,0.4883720930232558,1.453924914675768,68888,2020-10-01 19:02:06.730000-04:00,33,14,38,34.4155844155844,46.5408805031447,67.7033492822967,89.8704358068316,10046,55.0545,47.1525,0.6551724137931034,1.3019112084411706,412608,2020-08-10 17:55:29.556000-04:00,,,,
PSAR5JG,829529,2,0,25,15,180,68.2845,77.236,0.7112676056338029,1.288888888888889,68888,2020-10-01 19:02:06.730000-04:00,33,14,38,34.4155844155844,46.5408805031447,67.7033492822967,89.8704358068316,10046,55.0545,47.1525,0.6551724137931034,1.3019112084411706,412608,2020-08-10 17:55:29.556000-04:00,,,,
PSAR5JG,829535,4,0,29,26,292,42.466,50.6125,0.6454545454545455,1.3527397260273972,68888,2020-10-01 19:02:06.730000-04:00,33,14,38,34.4155844155844,46.5408805031447,67.7033492822967,89.8704358068316,10046,55.0545,47.1525,0.6551724137931034,1.3019112084411706,412608,2020-08-10 17:55:29.556000-04:00,,,,
PSAR5JG,829539,3,0,29,29,374,39.616,50.333,0.5833333333333334,1.4545454545454546,68888,2020-10-01 19:02:06.730000-04:00,33,14,38,34.4155844155844,46.5408805031447,67.7033492822967,89.8704358068316,10046,55.0545,47.1525,0.6551724137931034,1.3019112084411706,412608,2020-08-10 17:55:29.556000-04:00,,,,
PSAR5JG,829545,6,3,30,29,342,55.156,58.3275,0.7569721115537849,1.1900584795321636,68888,2020-10-01 19:02:06.730000-04:00,33,14,38,34.4155844155844,46.5408805031447,67.7033492822967,89.8704358068316,10046,55.0545,47.1525,0.6551724137931034,1.3019112084411706,412608,2020-08-10 17:55:29.556000-04:00,,,,
PSAR5JG,829547,10,9,29,27,402,79.9525,90.4135,0.7814569536423841,1.1666666666666667,68888,2020-10-01 19:02:06.730000-04:00,33,14,38,34.4155844155844,46.5408805031447,67.7033492822967,89.8704358068316,10046,55.0545,47.1525,0.6551724137931034,1.3019112084411706,412608,2020-08-10 17:55:29.556000-04:00,,,,
PSAR5JG,829604,3,0,28,25,329,52.716,63.229,0.6887966804979253,1.2857142857142858,68888,2020-10-01 19:02:06.730000-04:00,33,14,38,34.4155844155844,46.5408805031447,67.7033492822967,89.8704358068316,10046,55.0545,47.1525,0.6551724137931034,1.3019112084411706,412608,2020-08-10 17:55:29.556000-04:00,,,,
PSAR5JG,829619,3,1,29,27,311,44.41,54.735,0.5555555555555556,1.459807073954984,68888,2020-10-01 19:02:06.730000-04:00,33,14,38,34.4155844155844,46.5408805031447,67.7033492822967,89.8704358068316,10046,55.0545,47.1525,0.6551724137931034,1.3019112084411706,412608,2020-08-10 17:55:29.556000-04:00,,,,
PSAR5JG,829712,3,0,25,24,320,45.072,58.675,0.559322033898305,1.44375,68888,2020-10-01 19:02:06.730000-04:00,33,14,38,34.4155844155844,46.5408805031447,67.7033492822967,89.8704358068316,10046,55.0545,47.1525,0.6551724137931034,1.3019112084411706,412608,2020-08-10 17:55:29.556000-04:00,,,,
PSAR5JG,829725,5,2,28,28,356,44.364,48.5385,0.823076923076923,1.1601123595505618,68888,2020-10-01 19:02:06.730000-04:00,33,14,38,34.4155844155844,46.5408805031447,67.7033492822967,89.8704358068316,10046,55.0545,47.1525,0.6551724137931034,1.3019112084411706,412608,2020-08-10 17:55:29.556000-04:00,,,,
PSAR5JG,831076,13,11,33,33,570,155.816,158.43,0.5746102449888641,1.231578947368421,68888,2020-10-01 19:02:06.730000-04:00,33,14,38,34.4155844155844,46.5408805031447,67.7033492822967,89.8704358068316,10046,55.0545,47.1525,0.6551724137931034,1.3019112084411706,412608,2020-08-10 17:55:29.556000-04:00,,,,
PSAR5JG,861341,1,0,24,24,305,25.589,30.949,0.3302325581395349,1.4065573770491804,68888,2020-10-01 19:02:06.730000-04:00,33,14,38,34.4155844155844,46.5408805031447,67.7033492822967,89.8704358068316,10046,55.0545,47.1525,0.6551724137931034,1.3019112084411706,412608,2020-08-10 17:55:29.556000-04:00,,,,
PSAR5JG,861359,1,0,29,27,307,53.929,62.077,0.5919282511210763,1.4527687296416938,68888,2020-10-01 19:02:06.730000-04:00,33,14,38,34.4155844155844,46.5408805031447,67.7033492822967,89.8704358068316,10046,55.0545,47.1525,0.6551724137931034,1.3019112084411706,412608,2020-08-10 17:55:29.556000-04:00,,,,
PSAR5JG,861372,0,0,18,14,201,65.185,78.71,0.6573426573426573,1.2835820895522387,68888,2020-10-01 19:02:06.730000-04:00,33,14,38,34.4155844155844,46.5408805031447,67.7033492822967,89.8704358068316,10046,55.0545,47.1525,0.6551724137931034,1.3019112084411706,412608,2020-08-10 17:55:29.556000-04:00,,,,
PSAR5JG,861388,1,0,23,15,187,65.88,71.467,0.6793893129770993,1.2352941176470589,68888,2020-10-01 19:02:06.730000-04:00,33,14,38,34.4155844155844,46.5408805031447,67.7033492822967,89.8704358068316,10046,55.0545,47.1525,0.6551724137931034,1.3019112084411706,412608,2020-08-10 17:55:29.556000-04:00,,,,
PSAR5JG,861389,2,1,32,29,336,42.2075,45.5425,0.753968253968254,1.2886904761904763,68888,2020-10-01 19:02:06.730000-04:00,33,14,38,34.4155844155844,46.5408805031447,67.7033492822967,89.8704358068316,10046,55.0545,47.1525,0.6551724137931034,1.3019112084411706,412608,2020-08-10 17:55:29.556000-04:00,,,,
PSAR5JG,861390,0,0,28,28,321,23.056,26.507,0.6260869565217392,1.2305295950155763,68888,2020-10-01 19:02:06.730000-04:00,33,14,38,34.4155844155844,46.5408805031447,67.7033492822967,89.8704358068316,10046,55.0545,47.1525,0.6551724137931034,1.3019112084411706,412608,2020-08-10 17:55:29.556000-04:00,,,,
PSAR5JG,861394,1,0,28,27,317,73.441,89.301,0.7256637168141593,1.2807570977917981,68888,2020-10-01 19:02:06.730000-04:00,33,14,38,34.4155844155844,46.5408805031447,67.7033492822967,89.8704358068316,10046,55.0545,47.1525,0.6551724137931034,1.3019112084411706,412608,2020-08-10 17:55:29.556000-04:00,,,,
PSAR5JG,861398,4,1,24,13,161,73.599,80.786,0.6976744186046512,1.2111801242236024,68888,2020-10-01 19:02:06.730000-04:00,33,14,38,34.4155844155844,46.5408805031447,67.7033492822967,89.8704358068316,10046,55.0545,47.1525,0.6551724137931034,1.3019112084411706,412608,2020-08-10 17:55:29.556000-04:00,,,,
PSAR5JG,861411,2,1,27,24,273,50.13,59.399,0.7384615384615385,1.2014652014652014,68888,2020-10-01 19:02:06.730000-04:00,33,14,38,34.4155844155844,46.5408805031447,67.7033492822967,89.8704358068316,10046,55.0545,47.1525,0.6551724137931034,1.3019112084411706,412608,2020-08-10 17:55:29.556000-04:00,,,,
PSAR5JG,861443,2,0,25,17,189,104.078,109.61,0.7430555555555556,1.1693121693121693,68888,2020-10-01 19:02:06.730000-04:00,33,14,38,34.4155844155844,46.5408805031447,67.7033492822967,89.8704358068316,10046,55.0545,47.1525,0.6551724137931034,1.3019112084411706,412608,2020-08-10 17:55:29.556000-04:00,,,,
PSAR5JG,862020,2,1,20,16,235,54.361,63.733,0.7393939393939394,1.2297872340425533,68888,2020-10-01 19:02:06.730000-04:00,33,14,38,34.4155844155844,46.5408805031447,67.7033492822967,89.8704358068316,10046,55.0545,47.1525,0.6551724137931034,1.3019112084411706,412608,2020-08-10 17:55:29.556000-04:00,,,,
PSAR5JG,869401,12,8,33,33,448,45.3425,50.42,0.5963302752293578,1.3191964285714286,68888,2020-10-01 19:02:06.730000-04:00,33,14,38,34.4155844155844,46.5408805031447,67.7033492822967,89.8704358068316,10046,55.0545,47.1525,0.6551724137931034,1.3019112084411706,412608,2020-08-10 17:55:29.556000-04:00,,,,
PSAR5JG,903238,6,6,20,18,115,39.922,44.693,0.7766990291262136,1.4,74033,2020-11-03 08:14:18.939000-05:00,34,7,21,55.8823529411765,71.4285714285714,38.655462184874,70.2898550724638,2111,28.753,20.942,0.5898477157360406,1.594504973945997,769875,2020-09-22 12:40:45.714000-04:00,,,,
PSAR5JG,908778,6,6,10,9,96,17.5765,22.8975,0.6421052631578947,1.5833333333333333,74033,2020-11-03 08:14:18.939000-05:00,34,7,21,55.8823529411765,71.4285714285714,38.655462184874,70.2898550724638,2111,28.753,20.942,0.5898477157360406,1.594504973945997,769875,2020-09-22 12:40:45.714000-04:00,,,,
PSAR5JG,903484,7,6,13,11,102,32.069,37.5415,0.7319587628865979,1.4313725490196079,74033,2020-11-03 08:14:18.939000-05:00,34,7,21,55.8823529411765,71.4285714285714,38.655462184874,70.2898550724638,2111,28.753,20.942,0.5898477157360406,1.594504973945997,769875,2020-09-22 12:40:45.714000-04:00,,,,
PSAR5JG,909604,6,3,15,14,139,15.521,20.001,0.5307692307692308,1.6762589928057554,74033,2020-11-03 08:14:18.939000-05:00,34,7,21,55.8823529411765,71.4285714285714,38.655462184874,70.2898550724638,2111,28.753,20.942,0.5898477157360406,1.594504973945997,769875,2020-09-22 12:40:45.714000-04:00,,,,
PSAR5JG,902303,7,7,21,20,157,22.274,24.824,0.696551724137931,1.305732484076433,74033,2020-11-03 08:14:18.939000-05:00,34,7,21,55.8823529411765,71.4285714285714,38.655462184874,70.2898550724638,2111,28.753,20.942,0.5898477157360406,1.594504973945997,769875,2020-09-22 12:40:45.714000-04:00,,,,
PSAR5JG,902262,1,0,5,2,18,144.631,162.7185,0.6666666666666666,1.3333333333333333,74033,2020-11-03 08:14:18.939000-05:00,34,7,21,55.8823529411765,71.4285714285714,38.655462184874,70.2898550724638,2111,28.753,20.942,0.5898477157360406,1.594504973945997,769875,2020-09-22 12:40:45.714000-04:00,,,,
PSAR5JG,902256,7,4,21,19,175,13.581,26.482,0.34355828220858897,2.12,74033,2020-11-03 08:14:18.939000-05:00,34,7,21,55.8823529411765,71.4285714285714,38.655462184874,70.2898550724638,2111,28.753,20.942,0.5898477157360406,1.594504973945997,769875,2020-09-22 12:40:45.714000-04:00,,,,
PSAR5JG,902205,4,4,16,15,111,27.789,35.007,0.696969696969697,1.5225225225225225,74033,2020-11-03 08:14:18.939000-05:00,34,7,21,55.8823529411765,71.4285714285714,38.655462184874,70.2898550724638,2111,28.753,20.942,0.5898477157360406,1.594504973945997,769875,2020-09-22 12:40:45.714000-04:00,,,,
PSAR5JG,902051,7,6,20,19,164,29.206,36.906,0.5657894736842105,1.5853658536585367,74033,2020-11-03 08:14:18.939000-05:00,34,7,21,55.8823529411765,71.4285714285714,38.655462184874,70.2898550724638,2111,28.753,20.942,0.5898477157360406,1.594504973945997,769875,2020-09-22 12:40:45.714000-04:00,,,,
PSAR5JG,952622,0,0,0,0,0,,,,,77748,2020-12-15 08:35:01.559000-05:00,9,0,0,0.0,0.0,0.0,0.0,0,,,,,747376,2020-09-20 20:44:57.135000-04:00,,,,
PSAR5JG,952660,0,0,0,0,0,,,,,77748,2020-12-15 08:35:01.559000-05:00,9,0,0,0.0,0.0,0.0,0.0,0,,,,,747376,2020-09-20 20:44:57.135000-04:00,,,,
PSAR5JG,953328,0,0,0,0,0,,,,,77748,2020-12-15 08:35:01.559000-05:00,9,0,0,0.0,0.0,0.0,0.0,0,,,,,747376,2020-09-20 20:44:57.135000-04:00,,,,
PSAR5JG,960975,5,5,8,7,60,26.1045,38.7675,0.75,1.4666666666666668,78480,2021-01-05 10:24:36.819000-05:00,21,5,10,59.0476190476191,88.7096774193548,58.0952380952381,91.8032786885246,743,38.823,30.282,0.7492581602373887,1.3553162853297442,958812,2021-01-05 09:10:20.432000-05:00,1300.0,North Carolina,Contiguous,None
PSAR5JG,484835,4,4,65,54,616,40.884,47.217,0.6373333333333333,1.280844155844156,78982,2021-01-10 18:19:00.400000-05:00,35,0,36,0.0,0.0,58.8095238095238,78.5425101214575,7687,53.617,45.574,0.5948350694444444,1.3388838298425914,5033,2019-03-22 10:58:22.196000-04:00,572.0,North Carolina,Yes,None
PSAR5JG,494571,5,4,82,72,846,28.954,36.424,0.429097605893186,1.544917257683215,78982,2021-01-10 18:19:00.400000-05:00,35,0,36,0.0,0.0,58.8095238095238,78.5425101214575,7687,53.617,45.574,0.5948350694444444,1.3388838298425914,5033,2019-03-22 10:58:22.196000-04:00,572.0,North Carolina,Yes,None
PSAR5JG,470294,4,2,60,50,660,41.191,47.7205,0.4056603773584906,1.4878787878787878,78982,2021-01-10 18:19:00.400000-05:00,35,0,36,0.0,0.0,58.8095238095238,78.5425101214575,7687,53.617,45.574,0.5948350694444444,1.3388838298425914,5033,2019-03-22 10:58:22.196000-04:00,572.0,North Carolina,Yes,None
PSAR5JG,469889,4,4,57,50,599,55.278,60.643,0.7014084507042253,1.2036727879799667,78982,2021-01-10 18:19:00.400000-05:00,35,0,36,0.0,0.0,58.8095238095238,78.5425101214575,7687,53.617,45.574,0.5948350694444444,1.3388838298425914,5033,2019-03-22 10:58:22.196000-04:00,572.0,North Carolina,Yes,None
PSAR5JG,470239,0,0,63,58,652,55.695,62.595,0.38522427440633245,1.4217791411042946,78982,2021-01-10 18:19:00.400000-05:00,35,0,36,0.0,0.0,58.8095238095238,78.5425101214575,7687,53.617,45.574,0.5948350694444444,1.3388838298425914,5033,2019-03-22 10:58:22.196000-04:00,572.0,North Carolina,Yes,None
PSAR5JG,443650,4,4,79,70,797,47.938,56.97,0.629399585921325,1.3174404015056462,78982,2021-01-10 18:19:00.400000-05:00,35,0,36,0.0,0.0,58.8095238095238,78.5425101214575,7687,53.617,45.574,0.5948350694444444,1.3388838298425914,5033,2019-03-22 10:58:22.196000-04:00,572.0,North Carolina,Yes,None
PSAR5JG,470049,1,0,59,50,557,79.119,84.58,0.7084639498432602,1.1669658886894074,78982,2021-01-10 18:19:00.400000-05:00,35,0,36,0.0,0.0,58.8095238095238,78.5425101214575,7687,53.617,45.574,0.5948350694444444,1.3388838298425914,5033,2019-03-22 10:58:22.196000-04:00,572.0,North Carolina,Yes,None
PSAR5JG,470295,4,3,68,64,753,36.219,42.851,0.5692963752665245,1.3585657370517927,78982,2021-01-10 18:19:00.400000-05:00,35,0,36,0.0,0.0,58.8095238095238,78.5425101214575,7687,53.617,45.574,0.5948350694444444,1.3388838298425914,5033,2019-03-22 10:58:22.196000-04:00,572.0,North Carolina,Yes,None
PSAR5JG,470301,4,4,65,58,686,30.5685,34.4735,0.6563981042654028,1.4854227405247813,78982,2021-01-10 18:19:00.400000-05:00,35,0,36,0.0,0.0,58.8095238095238,78.5425101214575,7687,53.617,45.574,0.5948350694444444,1.3388838298425914,5033,2019-03-22 10:58:22.196000-04:00,572.0,North Carolina,Yes,None
PSAR5JG,470544,4,4,73,73,870,41.5965,48.477,0.610586011342155,1.293103448275862,78982,2021-01-10 18:19:00.400000-05:00,35,0,36,0.0,0.0,58.8095238095238,78.5425101214575,7687,53.617,45.574,0.5948350694444444,1.3388838298425914,5033,2019-03-22 10:58:22.196000-04:00,572.0,North Carolina,Yes,None
PSAR5JG,470578,4,4,68,56,676,52.265,58.5985,0.7688564476885644,1.2189349112426036,78982,2021-01-10 18:19:00.400000-05:00,35,0,36,0.0,0.0,58.8095238095238,78.5425101214575,7687,53.617,45.574,0.5948350694444444,1.3388838298425914,5033,2019-03-22 10:58:22.196000-04:00,572.0,North Carolina,Yes,None
PSAR5JG,470669,4,3,75,73,882,43.971,51.1275,0.5789473684210527,1.3741496598639455,78982,2021-01-10 18:19:00.400000-05:00,35,0,36,0.0,0.0,58.8095238095238,78.5425101214575,7687,53.617,45.574,0.5948350694444444,1.3388838298425914,5033,2019-03-22 10:58:22.196000-04:00,572.0,North Carolina,Yes,None
PSAR5JG,470670,4,4,77,73,867,28.445,36.256,0.6178707224334601,1.3725490196078431,78982,2021-01-10 18:19:00.400000-05:00,35,0,36,0.0,0.0,58.8095238095238,78.5425101214575,7687,53.617,45.574,0.5948350694444444,1.3388838298425914,5033,2019-03-22 10:58:22.196000-04:00,572.0,North Carolina,Yes,None
PSAR5JG,475986,5,1,66,32,459,49.593,65.14,0.41025641025641024,1.5882352941176472,78982,2021-01-10 18:19:00.400000-05:00,35,0,36,0.0,0.0,58.8095238095238,78.5425101214575,7687,53.617,45.574,0.5948350694444444,1.3388838298425914,5033,2019-03-22 10:58:22.196000-04:00,572.0,North Carolina,Yes,None
PSAR5JG,478349,4,2,73,60,679,51.679,64.532,0.5558194774346793,1.3843888070692194,78982,2021-01-10 18:19:00.400000-05:00,35,0,36,0.0,0.0,58.8095238095238,78.5425101214575,7687,53.617,45.574,0.5948350694444444,1.3388838298425914,5033,2019-03-22 10:58:22.196000-04:00,572.0,North Carolina,Yes,None
PSAR5JG,484486,5,3,77,64,752,66.1655,96.1,0.4444444444444444,1.7300531914893618,78982,2021-01-10 18:19:00.400000-05:00,35,0,36,0.0,0.0,58.8095238095238,78.5425101214575,7687,53.617,45.574,0.5948350694444444,1.3388838298425914,5033,2019-03-22 10:58:22.196000-04:00,572.0,North Carolina,Yes,None
PSAR5JG,484798,1,0,45,30,426,42.405,61.523,0.5895522388059702,1.57981220657277,78982,2021-01-10 18:19:00.400000-05:00,35,0,36,0.0,0.0,58.8095238095238,78.5425101214575,7687,53.617,45.574,0.5948350694444444,1.3388838298425914,5033,2019-03-22 10:58:22.196000-04:00,572.0,North Carolina,Yes,None
PSAR5JG,484818,4,1,38,0,24,108.5595,134.7055,0.6111111111111112,1.3333333333333333,78982,2021-01-10 18:19:00.400000-05:00,35,0,36,0.0,0.0,58.8095238095238,78.5425101214575,7687,53.617,45.574,0.5948350694444444,1.3388838298425914,5033,2019-03-22 10:58:22.196000-04:00,572.0,North Carolina,Yes,None
PSAR5JG,484824,4,2,77,77,974,40.1875,52.661,0.511437908496732,1.6180698151950719,78982,2021-01-10 18:19:00.400000-05:00,35,0,36,0.0,0.0,58.8095238095238,78.5425101214575,7687,53.617,45.574,0.5948350694444444,1.3388838298425914,5033,2019-03-22 10:58:22.196000-04:00,572.0,North Carolina,Yes,None
PSAR5JG,484842,4,4,73,73,921,94.728,114.624,0.4904679376083189,1.5635179153094463,78982,2021-01-10 18:19:00.400000-05:00,35,0,36,0.0,0.0,58.8095238095238,78.5425101214575,7687,53.617,45.574,0.5948350694444444,1.3388838298425914,5033,2019-03-22 10:58:22.196000-04:00,572.0,North Carolina,Yes,None
PSAR5JG,484887,4,4,69,64,739,77.915,86.116,0.6940133037694013,1.3085250338294994,78982,2021-01-10 18:19:00.400000-05:00,35,0,36,0.0,0.0,58.8095238095238,78.5425101214575,7687,53.617,45.574,0.5948350694444444,1.3388838298425914,5033,2019-03-22 10:58:22.196000-04:00,572.0,North Carolina,Yes,None
PSAR5JG,484898,4,4,71,70,805,57.472,68.71,0.5934291581108829,1.4198757763975156,78982,2021-01-10 18:19:00.400000-05:00,35,0,36,0.0,0.0,58.8095238095238,78.5425101214575,7687,53.617,45.574,0.5948350694444444,1.3388838298425914,5033,2019-03-22 10:58:22.196000-04:00,572.0,North Carolina,Yes,None
PSAR5JG,485653,4,3,63,44,517,24.827,29.632,0.5110410094637224,1.4796905222437138,78982,2021-01-10 18:19:00.400000-05:00,35,0,36,0.0,0.0,58.8095238095238,78.5425101214575,7687,53.617,45.574,0.5948350694444444,1.3388838298425914,5033,2019-03-22 10:58:22.196000-04:00,572.0,North Carolina,Yes,None
PSAR5JG,487632,5,5,79,78,918,63.315,65.3105,0.9254545454545454,1.0599128540305012,78982,2021-01-10 18:19:00.400000-05:00,35,0,36,0.0,0.0,58.8095238095238,78.5425101214575,7687,53.617,45.574,0.5948350694444444,1.3388838298425914,5033,2019-03-22 10:58:22.196000-04:00,572.0,North Carolina,Yes,None
PSAR5JG,487674,5,4,81,79,1029,51.639,61.906,0.5897832817337462,1.3867832847424684,78982,2021-01-10 18:19:00.400000-05:00,35,0,36,0.0,0.0,58.8095238095238,78.5425101214575,7687,53.617,45.574,0.5948350694444444,1.3388838298425914,5033,2019-03-22 10:58:22.196000-04:00,572.0,North Carolina,Yes,None
PSAR5JG,475860,5,4,67,46,470,86.8175,111.2825,0.6028880866425993,1.4425531914893617,78983,2021-01-10 18:19:00.425000-05:00,12,0,36,0.0,0.0,40.2777777777778,68.3908045977011,1656,70.082,63.2585,0.7037037037037037,1.2457729468599035,5033,2019-03-22 10:58:22.196000-04:00,572.0,North Carolina,Yes,None
PSAR5JG,483428,2,1,28,13,150,46.2695,55.8165,0.5057471264367817,1.4733333333333334,78983,2021-01-10 18:19:00.425000-05:00,12,0,36,0.0,0.0,40.2777777777778,68.3908045977011,1656,70.082,63.2585,0.7037037037037037,1.2457729468599035,5033,2019-03-22 10:58:22.196000-04:00,572.0,North Carolina,Yes,None
PSAR5JG,444808,5,5,83,77,869,72.963,78.534,0.8171428571428572,1.1484464902186422,78983,2021-01-10 18:19:00.425000-05:00,12,0,36,0.0,0.0,40.2777777777778,68.3908045977011,1656,70.082,63.2585,0.7037037037037037,1.2457729468599035,5033,2019-03-22 10:58:22.196000-04:00,572.0,North Carolina,Yes,None
PSAR5JG,487890,1,0,29,12,181,38.625,41.515,0.8,1.160220994475138,78983,2021-01-10 18:19:00.425000-05:00,12,0,36,0.0,0.0,40.2777777777778,68.3908045977011,1656,70.082,63.2585,0.7037037037037037,1.2457729468599035,5033,2019-03-22 10:58:22.196000-04:00,572.0,North Carolina,Yes,None
PSAR5JG,470211,2,1,59,42,395,50.048,56.662,0.43231441048034935,1.3974683544303796,78983,2021-01-10 18:19:00.425000-05:00,12,0,36,0.0,0.0,40.2777777777778,68.3908045977011,1656,70.082,63.2585,0.7037037037037037,1.2457729468599035,5033,2019-03-22 10:58:22.196000-04:00,572.0,North Carolina,Yes,None
PSAR5JG,458538,4,4,48,24,331,92.01,103.675,0.711340206185567,1.244712990936556,78983,2021-01-10 18:19:00.425000-05:00,12,0,36,0.0,0.0,40.2777777777778,68.3908045977011,1656,70.082,63.2585,0.7037037037037037,1.2457729468599035,5033,2019-03-22 10:58:22.196000-04:00,572.0,North Carolina,Yes,None
PSAR5JG,467483,5,4,61,35,445,58.666,62.212,0.6654135338345865,1.4157303370786516,78983,2021-01-10 18:19:00.425000-05:00,12,0,36,0.0,0.0,40.2777777777778,68.3908045977011,1656,70.082,63.2585,0.7037037037037037,1.2457729468599035,5033,2019-03-22 10:58:22.196000-04:00,572.0,North Carolina,Yes,None
PSAR5JG,469848,5,4,63,38,488,89.0135,100.968,0.7416107382550335,1.415983606557377,78983,2021-01-10 18:19:00.425000-05:00,12,0,36,0.0,0.0,40.2777777777778,68.3908045977011,1656,70.082,63.2585,0.7037037037037037,1.2457729468599035,5033,2019-03-22 10:58:22.196000-04:00,572.0,North Carolina,Yes,None
PSAR5JG,512468,4,1,53,29,224,41.3105,46.8185,0.5416666666666666,1.3883928571428572,78983,2021-01-10 18:19:00.425000-05:00,12,0,36,0.0,0.0,40.2777777777778,68.3908045977011,1656,70.082,63.2585,0.7037037037037037,1.2457729468599035,5033,2019-03-22 10:58:22.196000-04:00,572.0,North Carolina,Yes,None
PSAR5JG,892871,1,0,5,0,24,55.301,83.3925,0.13333333333333333,1.5833333333333333,78983,2021-01-10 18:19:00.425000-05:00,12,0,36,0.0,0.0,40.2777777777778,68.3908045977011,1656,70.082,63.2585,0.7037037037037037,1.2457729468599035,5033,2019-03-22 10:58:22.196000-04:00,572.0,North Carolina,Yes,None
PSAR5JG,470763,1,0,40,24,285,53.451,60.27,0.43103448275862066,1.5403508771929826,78983,2021-01-10 18:19:00.425000-05:00,12,0,36,0.0,0.0,40.2777777777778,68.3908045977011,1656,70.082,63.2585,0.7037037037037037,1.2457729468599035,5033,2019-03-22 10:58:22.196000-04:00,572.0,North Carolina,Yes,None
PSAR5JG,442227,4,4,76,74,855,51.272,57.221,0.651252408477842,1.32046783625731,78983,2021-01-10 18:19:00.425000-05:00,12,0,36,0.0,0.0,40.2777777777778,68.3908045977011,1656,70.082,63.2585,0.7037037037037037,1.2457729468599035,5033,2019-03-22 10:58:22.196000-04:00,572.0,North Carolina,Yes,None
PSAR5JG,960886,5,4,8,7,44,36.899,41.644,0.7272727272727273,1.2272727272727273,79937,2021-01-21 08:39:33.354000-05:00,22,5,8,90.0,87.8787878787879,48.2954545454545,98.8235294117647,762,33.2465,27.144,0.7073490813648294,1.4461942257217848,958812,2021-01-05 09:10:20.432000-05:00,1300.0,North Carolina,Contiguous,None
PSAR5JG,960734,5,4,9,8,68,33.608,37.168,0.7230769230769231,1.3823529411764706,79937,2021-01-21 08:39:33.354000-05:00,22,5,8,90.0,87.8787878787879,48.2954545454545,98.8235294117647,762,33.2465,27.144,0.7073490813648294,1.4461942257217848,958812,2021-01-05 09:10:20.432000-05:00,1300.0,North Carolina,Contiguous,None
PSAR5JG,960775,5,3,4,3,33,28.831,44.534,0.6666666666666666,1.5151515151515151,79937,2021-01-21 08:39:33.354000-05:00,22,5,8,90.0,87.8787878787879,48.2954545454545,98.8235294117647,762,33.2465,27.144,0.7073490813648294,1.4461942257217848,958812,2021-01-05 09:10:20.432000-05:00,1300.0,North Carolina,Contiguous,None
PSAR5JG,960767,5,5,7,6,50,34.023,50.0115,0.7021276595744681,1.46,79937,2021-01-21 08:39:33.354000-05:00,22,5,8,90.0,87.8787878787879,48.2954545454545,98.8235294117647,762,33.2465,27.144,0.7073490813648294,1.4461942257217848,958812,2021-01-05 09:10:20.432000-05:00,1300.0,North Carolina,Contiguous,None
PSAR5JG,960731,5,5,9,9,66,30.2205,42.5935,0.746031746031746,1.4393939393939394,79937,2021-01-21 08:39:33.354000-05:00,22,5,8,90.0,87.8787878787879,48.2954545454545,98.8235294117647,762,33.2465,27.144,0.7073490813648294,1.4461942257217848,958812,2021-01-05 09:10:20.432000-05:00,1300.0,North Carolina,Contiguous,None
PSAR5JG,960730,4,3,8,8,47,30.343,34.001,0.8181818181818182,1.297872340425532,79937,2021-01-21 08:39:33.354000-05:00,22,5,8,90.0,87.8787878787879,48.2954545454545,98.8235294117647,762,33.2465,27.144,0.7073490813648294,1.4461942257217848,958812,2021-01-05 09:10:20.432000-05:00,1300.0,North Carolina,Contiguous,None
PSAR5JG,960768,5,4,9,7,47,35.852,41.464,0.6808510638297872,1.3617021276595744,79937,2021-01-21 08:39:33.354000-05:00,22,5,8,90.0,87.8787878787879,48.2954545454545,98.8235294117647,762,33.2465,27.144,0.7073490813648294,1.4461942257217848,958812,2021-01-05 09:10:20.432000-05:00,1300.0,North Carolina,Contiguous,None
PSAR5JG,960757,4,3,8,6,53,43.889,66.17,0.6037735849056604,1.6415094339622642,79937,2021-01-21 08:39:33.354000-05:00,22,5,8,90.0,87.8787878787879,48.2954545454545,98.8235294117647,762,33.2465,27.144,0.7073490813648294,1.4461942257217848,958812,2021-01-05 09:10:20.432000-05:00,1300.0,North Carolina,Contiguous,None
PSAR5JG,960748,5,5,8,8,50,55.717,63.4855,0.6170212765957447,1.56,79937,2021-01-21 08:39:33.354000-05:00,22,5,8,90.0,87.8787878787879,48.2954545454545,98.8235294117647,762,33.2465,27.144,0.7073490813648294,1.4461942257217848,958812,2021-01-05 09:10:20.432000-05:00,1300.0,North Carolina,Contiguous,None
PSAR5JG,960725,5,4,9,9,58,24.461,27.4955,0.7090909090909091,1.5862068965517242,79937,2021-01-21 08:39:33.354000-05:00,22,5,8,90.0,87.8787878787879,48.2954545454545,98.8235294117647,762,33.2465,27.144,0.7073490813648294,1.4461942257217848,958812,2021-01-05 09:10:20.432000-05:00,1300.0,North Carolina,Contiguous,None
PSAR5JG,701826,1,1,58,58,847,28.778,34.621,0.5714285714285714,1.4757969303423848,81357,2021-02-07 20:55:54.277000-05:00,13,1,20,100.0,100.0,57.3076923076923,93.2885906040269,1979,54.352,50.515,0.6845093268450932,1.2076806467913086,601463,2020-09-07 13:20:36.719000-04:00,,,,
PSAR5JG,689397,1,1,52,42,607,36.303,44.46,0.6564885496183206,1.359143327841845,81357,2021-02-07 20:55:54.277000-05:00,13,1,20,100.0,100.0,57.3076923076923,93.2885906040269,1979,54.352,50.515,0.6845093268450932,1.2076806467913086,601463,2020-09-07 13:20:36.719000-04:00,,,,
PSAR5JG,689406,1,1,59,57,837,37.084,43.497,0.5909090909090909,1.4241338112305855,81357,2021-02-07 20:55:54.277000-05:00,13,1,20,100.0,100.0,57.3076923076923,93.2885906040269,1979,54.352,50.515,0.6845093268450932,1.2076806467913086,601463,2020-09-07 13:20:36.719000-04:00,,,,
PSAR5JG,689423,1,1,59,56,826,42.1335,44.5165,0.8110091743119267,1.1743341404358354,81357,2021-02-07 20:55:54.277000-05:00,13,1,20,100.0,100.0,57.3076923076923,93.2885906040269,1979,54.352,50.515,0.6845093268450932,1.2076806467913086,601463,2020-09-07 13:20:36.719000-04:00,,,,
PSAR5JG,689650,1,1,59,59,861,53.219,56.88,0.8315602836879432,1.1672473867595818,81357,2021-02-07 20:55:54.277000-05:00,13,1,20,100.0,100.0,57.3076923076923,93.2885906040269,1979,54.352,50.515,0.6845093268450932,1.2076806467913086,601463,2020-09-07 13:20:36.719000-04:00,,,,
PSAR5JG,689675,1,1,59,59,860,55.213,58.533,0.872113676731794,1.1186046511627907,81357,2021-02-07 20:55:54.277000-05:00,13,1,20,100.0,100.0,57.3076923076923,93.2885906040269,1979,54.352,50.515,0.6845093268450932,1.2076806467913086,601463,2020-09-07 13:20:36.719000-04:00,,,,
PSAR5JG,689785,1,1,59,56,840,51.4565,57.0415,0.7163636363636363,1.2321428571428572,81357,2021-02-07 20:55:54.277000-05:00,13,1,20,100.0,100.0,57.3076923076923,93.2885906040269,1979,54.352,50.515,0.6845093268450932,1.2076806467913086,601463,2020-09-07 13:20:36.719000-04:00,,,,
PSAR5JG,690000,1,1,59,59,861,50.409,56.97,0.8581560283687943,1.1265969802555167,81357,2021-02-07 20:55:54.277000-05:00,13,1,20,100.0,100.0,57.3076923076923,93.2885906040269,1979,54.352,50.515,0.6845093268450932,1.2076806467913086,601463,2020-09-07 13:20:36.719000-04:00,,,,
PSAR5JG,690008,1,1,58,56,675,59.904,66.646,0.5682326621923938,1.2607407407407407,81357,2021-02-07 20:55:54.277000-05:00,13,1,20,100.0,100.0,57.3076923076923,93.2885906040269,1979,54.352,50.515,0.6845093268450932,1.2076806467913086,601463,2020-09-07 13:20:36.719000-04:00,,,,
PSAR5JG,700088,1,1,59,58,850,40.8325,50.3005,0.6511627906976745,1.3823529411764706,81357,2021-02-07 20:55:54.277000-05:00,13,1,20,100.0,100.0,57.3076923076923,93.2885906040269,1979,54.352,50.515,0.6845093268450932,1.2076806467913086,601463,2020-09-07 13:20:36.719000-04:00,,,,
PSAR5JG,718771,1,1,25,17,235,39.998,46.741,0.5668789808917197,1.5021276595744681,81357,2021-02-07 20:55:54.277000-05:00,13,1,20,100.0,100.0,57.3076923076923,93.2885906040269,1979,54.352,50.515,0.6845093268450932,1.2076806467913086,601463,2020-09-07 13:20:36.719000-04:00,,,,
PSAR5JG,987897,1,1,11,11,154,69.7955,69.8045,0.8404255319148937,1.051948051948052,81357,2021-02-07 20:55:54.277000-05:00,13,1,20,100.0,100.0,57.3076923076923,93.2885906040269,1979,54.352,50.515,0.6845093268450932,1.2076806467913086,601463,2020-09-07 13:20:36.719000-04:00,,,,
PSAR5JG,689099,5,5,36,33,478,46.092,51.6635,0.5401929260450161,1.3179916317991631,81357,2021-02-07 20:55:54.277000-05:00,13,1,20,100.0,100.0,57.3076923076923,93.2885906040269,1979,54.352,50.515,0.6845093268450932,1.2076806467913086,601463,2020-09-07 13:20:36.719000-04:00,,,,
PSAR5JG,689005,0,0,58,57,842,33.7225,38.883,0.5877034358047016,1.3954869358669835,81358,2021-02-07 20:55:54.303000-05:00,15,1,23,66.6666666666667,100.0,38.2608695652174,87.8787878787879,1690,44.8415,41.113,0.5923444976076555,1.227810650887574,601463,2020-09-07 13:20:36.719000-04:00,,,,
PSAR5JG,689130,1,1,57,56,833,36.349,48.387,0.3894927536231884,1.8139255702280912,81358,2021-02-07 20:55:54.303000-05:00,15,1,23,66.6666666666667,100.0,38.2608695652174,87.8787878787879,1690,44.8415,41.113,0.5923444976076555,1.227810650887574,601463,2020-09-07 13:20:36.719000-04:00,,,,
PSAR5JG,677729,1,1,53,45,577,43.898,46.64,0.7340425531914894,1.1854419410745234,81358,2021-02-07 20:55:54.303000-05:00,15,1,23,66.6666666666667,100.0,38.2608695652174,87.8787878787879,1690,44.8415,41.113,0.5923444976076555,1.227810650887574,601463,2020-09-07 13:20:36.719000-04:00,,,,
PSAR5JG,676881,1,1,59,59,866,19.0595,21.9905,0.579225352112676,1.3475750577367207,81358,2021-02-07 20:55:54.303000-05:00,15,1,23,66.6666666666667,100.0,38.2608695652174,87.8787878787879,1690,44.8415,41.113,0.5923444976076555,1.227810650887574,601463,2020-09-07 13:20:36.719000-04:00,,,,
PSAR5JG,689661,1,1,58,58,853,26.874,28.199,0.803921568627451,1.164126611957796,81358,2021-02-07 20:55:54.303000-05:00,15,1,23,66.6666666666667,100.0,38.2608695652174,87.8787878787879,1690,44.8415,41.113,0.5923444976076555,1.227810650887574,601463,2020-09-07 13:20:36.719000-04:00,,,,
PSAR5JG,689980,1,1,58,58,854,55.7275,63.269,0.7953736654804271,1.1674473067915692,81358,2021-02-07 20:55:54.303000-05:00,15,1,23,66.6666666666667,100.0,38.2608695652174,87.8787878787879,1690,44.8415,41.113,0.5923444976076555,1.227810650887574,601463,2020-09-07 13:20:36.719000-04:00,,,,
PSAR5JG,701419,1,1,58,57,843,112.454,113.717,0.5099099099099099,1.2609727164887308,81358,2021-02-07 20:55:54.303000-05:00,15,1,23,66.6666666666667,100.0,38.2608695652174,87.8787878787879,1690,44.8415,41.113,0.5923444976076555,1.227810650887574,601463,2020-09-07 13:20:36.719000-04:00,,,,
PSAR5JG,689388,1,1,58,58,878,29.919,36.1485,0.596551724137931,1.3416856492027336,81358,2021-02-07 20:55:54.303000-05:00,15,1,23,66.6666666666667,100.0,38.2608695652174,87.8787878787879,1690,44.8415,41.113,0.5923444976076555,1.227810650887574,601463,2020-09-07 13:20:36.719000-04:00,,,,
PSAR5JG,705559,0,0,41,12,181,88.694,98.159,0.5666666666666667,1.4364640883977902,81358,2021-02-07 20:55:54.303000-05:00,15,1,23,66.6666666666667,100.0,38.2608695652174,87.8787878787879,1690,44.8415,41.113,0.5923444976076555,1.227810650887574,601463,2020-09-07 13:20:36.719000-04:00,,,,
PSAR5JG,706831,1,1,55,53,795,15.316,18.573,0.45265151515151514,1.2893081761006289,81358,2021-02-07 20:55:54.303000-05:00,15,1,23,66.6666666666667,100.0,38.2608695652174,87.8787878787879,1690,44.8415,41.113,0.5923444976076555,1.227810650887574,601463,2020-09-07 13:20:36.719000-04:00,,,,
PSAR5JG,689450,0,0,58,50,770,19.679,22.0845,0.7285714285714285,1.2402597402597404,81358,2021-02-07 20:55:54.303000-05:00,15,1,23,66.6666666666667,100.0,38.2608695652174,87.8787878787879,1690,44.8415,41.113,0.5923444976076555,1.227810650887574,601463,2020-09-07 13:20:36.719000-04:00,,,,
PSAR5JG,687672,1,1,59,56,736,31.333,34.408,0.4146341463414634,1.3369565217391304,81359,2021-02-07 20:55:54.326000-05:00,11,1,23,81.8181818181818,100.0,38.3399209486166,89.6907216494845,1269,49.839,47.232,0.6789340101522843,1.1757289204097714,601463,2020-09-07 13:20:36.719000-04:00,,,,
PSAR5JG,679892,1,1,56,56,826,40.0935,44.4215,0.7826887661141805,1.1803874092009685,81359,2021-02-07 20:55:54.326000-05:00,11,1,23,81.8181818181818,100.0,38.3399209486166,89.6907216494845,1269,49.839,47.232,0.6789340101522843,1.1757289204097714,601463,2020-09-07 13:20:36.719000-04:00,,,,
PSAR5JG,687161,1,1,58,51,817,36.16,41.254,0.5037735849056604,1.3378212974296206,81359,2021-02-07 20:55:54.326000-05:00,11,1,23,81.8181818181818,100.0,38.3399209486166,89.6907216494845,1269,49.839,47.232,0.6789340101522843,1.1757289204097714,601463,2020-09-07 13:20:36.719000-04:00,,,,
PSAR5JG,684497,1,1,58,58,858,30.2195,34.0095,0.8056537102473498,1.1631701631701632,81359,2021-02-07 20:55:54.326000-05:00,11,1,23,81.8181818181818,100.0,38.3399209486166,89.6907216494845,1269,49.839,47.232,0.6789340101522843,1.1757289204097714,601463,2020-09-07 13:20:36.719000-04:00,,,,
PSAR5JG,680455,1,1,53,44,595,120.656,130.09,0.8090452261306532,1.2352941176470589,81359,2021-02-07 20:55:54.326000-05:00,11,1,23,81.8181818181818,100.0,38.3399209486166,89.6907216494845,1269,49.839,47.232,0.6789340101522843,1.1757289204097714,601463,2020-09-07 13:20:36.719000-04:00,,,,
PSAR5JG,957892,1,1,21,21,351,28.174,34.53,0.5168067226890757,1.3703703703703705,81359,2021-02-07 20:55:54.326000-05:00,11,1,23,81.8181818181818,100.0,38.3399209486166,89.6907216494845,1269,49.839,47.232,0.6789340101522843,1.1757289204097714,601463,2020-09-07 13:20:36.719000-04:00,,,,
PSAR5JG,680254,1,1,57,30,468,112.7035,120.0125,0.6611295681063123,1.232905982905983,81359,2021-02-07 20:55:54.326000-05:00,11,1,23,81.8181818181818,100.0,38.3399209486166,89.6907216494845,1269,49.839,47.232,0.6789340101522843,1.1757289204097714,601463,2020-09-07 13:20:36.719000-04:00,,,,
PSAR5JG,705669,1,1,57,57,845,62.989,68.72,0.669051878354204,1.2532544378698225,81359,2021-02-07 20:55:54.326000-05:00,11,1,23,81.8181818181818,100.0,38.3399209486166,89.6907216494845,1269,49.839,47.232,0.6789340101522843,1.1757289204097714,601463,2020-09-07 13:20:36.719000-04:00,,,,
PSAR5JG,690842,0,0,49,39,506,16.006,18.4415,0.47112462006079026,1.3023715415019763,81359,2021-02-07 20:55:54.326000-05:00,11,1,23,81.8181818181818,100.0,38.3399209486166,89.6907216494845,1269,49.839,47.232,0.6789340101522843,1.1757289204097714,601463,2020-09-07 13:20:36.719000-04:00,,,,
PSAR5JG,690836,2,0,46,30,427,21.658,24.961,0.5289855072463768,1.2552693208430914,81359,2021-02-07 20:55:54.326000-05:00,11,1,23,81.8181818181818,100.0,38.3399209486166,89.6907216494845,1269,49.839,47.232,0.6789340101522843,1.1757289204097714,601463,2020-09-07 13:20:36.719000-04:00,,,,
PSAR5JG,685498,1,1,58,58,854,35.6965,40.037,0.8256227758007118,1.1569086651053864,81360,2021-02-07 20:55:54.350000-05:00,15,1,22,73.3333333333333,100.0,36.969696969697,89.344262295082,1590,50.2335,47.277,0.6706114398422091,1.1867924528301887,601463,2020-09-07 13:20:36.719000-04:00,,,,
PSAR5JG,684753,1,1,58,58,854,30.1755,34.7235,0.7651245551601423,1.2377049180327868,81360,2021-02-07 20:55:54.350000-05:00,15,1,22,73.3333333333333,100.0,36.969696969697,89.344262295082,1590,50.2335,47.277,0.6706114398422091,1.1867924528301887,601463,2020-09-07 13:20:36.719000-04:00,,,,
PSAR5JG,684490,1,1,56,50,753,25.042,27.806,0.7613412228796844,1.205843293492696,81360,2021-02-07 20:55:54.350000-05:00,15,1,22,73.3333333333333,100.0,36.969696969697,89.344262295082,1590,50.2335,47.277,0.6706114398422091,1.1867924528301887,601463,2020-09-07 13:20:36.719000-04:00,,,,
PSAR5JG,684321,1,1,58,58,853,48.463,51.786,0.8413547237076648,1.1406799531066822,81360,2021-02-07 20:55:54.350000-05:00,15,1,22,73.3333333333333,100.0,36.969696969697,89.344262295082,1590,50.2335,47.277,0.6706114398422091,1.1867924528301887,601463,2020-09-07 13:20:36.719000-04:00,,,,
PSAR5JG,684291,1,1,58,55,652,71.004,76.5405,0.7634660421545667,1.1809815950920246,81360,2021-02-07 20:55:54.350000-05:00,15,1,22,73.3333333333333,100.0,36.969696969697,89.344262295082,1590,50.2335,47.277,0.6706114398422091,1.1867924528301887,601463,2020-09-07 13:20:36.719000-04:00,,,,
PSAR5JG,684269,1,1,57,49,786,80.4995,90.739,0.632495164410058,1.3384223918575064,81360,2021-02-07 20:55:54.350000-05:00,15,1,22,73.3333333333333,100.0,36.969696969697,89.344262295082,1590,50.2335,47.277,0.6706114398422091,1.1867924528301887,601463,2020-09-07 13:20:36.719000-04:00,,,,
PSAR5JG,680550,1,1,59,58,854,39.7215,44.1075,0.7214285714285714,1.2704918032786885,81360,2021-02-07 20:55:54.350000-05:00,15,1,22,73.3333333333333,100.0,36.969696969697,89.344262295082,1590,50.2335,47.277,0.6706114398422091,1.1867924528301887,601463,2020-09-07 13:20:36.719000-04:00,,,,
PSAR5JG,680452,1,1,56,55,807,30.397,35.09,0.5590994371482176,1.4423791821561338,81360,2021-02-07 20:55:54.350000-05:00,15,1,22,73.3333333333333,100.0,36.969696969697,89.344262295082,1590,50.2335,47.277,0.6706114398422091,1.1867924528301887,601463,2020-09-07 13:20:36.719000-04:00,,,,
PSAR5JG,689665,1,1,57,54,787,71.755,76.96,0.7404580152671756,1.1969504447268107,81360,2021-02-07 20:55:54.350000-05:00,15,1,22,73.3333333333333,100.0,36.969696969697,89.344262295082,1590,50.2335,47.277,0.6706114398422091,1.1867924528301887,601463,2020-09-07 13:20:36.719000-04:00,,,,
PSAR5JG,708279,1,1,58,55,821,11.923,14.241,0.46382189239332094,1.3105968331303288,81360,2021-02-07 20:55:54.350000-05:00,15,1,22,73.3333333333333,100.0,36.969696969697,89.344262295082,1590,50.2335,47.277,0.6706114398422091,1.1867924528301887,601463,2020-09-07 13:20:36.719000-04:00,,,,
PSAR5JG,701941,1,1,53,48,605,66.112,70.433,0.6090225563909775,1.3190082644628098,81360,2021-02-07 20:55:54.350000-05:00,15,1,22,73.3333333333333,100.0,36.969696969697,89.344262295082,1590,50.2335,47.277,0.6706114398422091,1.1867924528301887,601463,2020-09-07 13:20:36.719000-04:00,,,,
PSAR5JG,1001077,1,0,7,3,45,42.203,53.51,0.6571428571428571,1.3333333333333333,81360,2021-02-07 20:55:54.350000-05:00,15,1,22,73.3333333333333,100.0,36.969696969697,89.344262295082,1590,50.2335,47.277,0.6706114398422091,1.1867924528301887,601463,2020-09-07 13:20:36.719000-04:00,,,,
PSAR5JG,991236,2,2,1,1,27,54.319,112.089,0.48148148148148145,1.5555555555555556,81734,2021-02-15 23:11:08.969000-05:00,9,2,1,55.5555555555556,40.0,66.6666666666667,50.0,59,105.703,52.821,0.3898305084745763,1.728813559322034,192647,2020-04-01 17:16:14.816000-04:00,655.0,Illinois,No,None
PSAR5JG,996437,1,0,1,1,5,41.569,44.794,0.2,1.4,81734,2021-02-15 23:11:08.969000-05:00,9,2,1,55.5555555555556,40.0,66.6666666666667,50.0,59,105.703,52.821,0.3898305084745763,1.728813559322034,192647,2020-04-01 17:16:14.816000-04:00,655.0,Illinois,No,None
PSAR5JG,990962,2,1,1,1,10,48.95,77.362,0.6,1.6,81735,2021-02-15 23:12:20.567000-05:00,7,2,1,35.7142857142857,20.0,57.1428571428571,75.0,59,161.904,66.223,0.3728813559322034,2.152542372881356,192647,2020-04-01 17:16:14.816000-04:00,655.0,Illinois,No,None
PSAR5JG,1014047,0,0,0,0,0,,,,,81735,2021-02-15 23:12:20.567000-05:00,7,2,1,35.7142857142857,20.0,57.1428571428571,75.0,59,161.904,66.223,0.3728813559322034,2.152542372881356,192647,2020-04-01 17:16:14.816000-04:00,655.0,Illinois,No,None
PSAR5JG,1009957,0,0,0,0,0,,,,,81735,2021-02-15 23:12:20.567000-05:00,7,2,1,35.7142857142857,20.0,57.1428571428571,75.0,59,161.904,66.223,0.3728813559322034,2.152542372881356,192647,2020-04-01 17:16:14.816000-04:00,655.0,Illinois,No,None
PSAR5JG,1002755,0,0,1,0,1,57.613,57.629,1.0,1.0,81735,2021-02-15 23:12:20.567000-05:00,7,2,1,35.7142857142857,20.0,57.1428571428571,75.0,59,161.904,66.223,0.3728813559322034,2.152542372881356,192647,2020-04-01 17:16:14.816000-04:00,655.0,Illinois,No,None
PSAR5JG,1002205,0,0,0,0,0,,,,,81735,2021-02-15 23:12:20.567000-05:00,7,2,1,35.7142857142857,20.0,57.1428571428571,75.0,59,161.904,66.223,0.3728813559322034,2.152542372881356,192647,2020-04-01 17:16:14.816000-04:00,655.0,Illinois,No,None
PSAR5JG,1002986,0,0,0,0,0,,,,,82127,2021-02-25 15:51:54.882000-05:00,3,0,1,0.0,0.0,,0.0,0,,,,,996478,2021-02-25 13:34:59.433000-05:00,1872.0,Oregon,Yes,None
PSAR5JG,1003074,0,0,0,0,0,,,,,82127,2021-02-25 15:51:54.882000-05:00,3,0,1,0.0,0.0,,0.0,0,,,,,996478,2021-02-25 13:34:59.433000-05:00,1872.0,Oregon,Yes,None
PSAR5JG,1003512,0,0,1,1,5,139.187,139.194,0.8,1.4,82129,2021-02-25 15:51:54.935000-05:00,6,0,0,0.0,0.0,0.0,0.0,0,,,,,996478,2021-02-25 13:34:59.433000-05:00,1872.0,Oregon,Yes,None
PSAR5JG,1003457,0,0,0,0,0,,,,,82129,2021-02-25 15:51:54.935000-05:00,6,0,0,0.0,0.0,0.0,0.0,0,,,,,996478,2021-02-25 13:34:59.433000-05:00,1872.0,Oregon,Yes,None
PSAR5JG,1021941,0,0,6,6,45,36.988,37.294,0.7241379310344828,1.1555555555555557,84361,2021-05-07 08:56:18.559000-04:00,285,0,12,0.0,0.0,2.92397660818713,94.0,607,58.887,55.616,0.6812339331619537,1.2817133443163098,106514,2020-02-21 11:18:19.462000-05:00,2098.0,Connecticut,No,None
PSAR5JG,1023963,0,0,4,4,14,45.247,57.3405,0.7777777777777778,1.2142857142857142,84929,2021-07-16 19:35:48.511000-04:00,26,0,29,0.0,0.0,8.75331564986737,100.0,245,119.353,77.806,0.6423841059602649,1.363265306122449,145446,2020-03-24 16:15:20.627000-04:00,120.0,Arizona,Yes,Rural: Fringe
PSAR5JG,400848,1,1,258,235,2197,24.226,28.764,0.7053108808290155,1.3363677742375968,84929,2021-07-16 19:35:48.511000-04:00,26,0,29,0.0,0.0,8.75331564986737,100.0,245,119.353,77.806,0.6423841059602649,1.363265306122449,145446,2020-03-24 16:15:20.627000-04:00,120.0,Arizona,Yes,Rural: Fringe
PSAR5JG,401010,1,1,224,200,1784,47.6815,61.371,0.6729411764705883,1.4276905829596414,84929,2021-07-16 19:35:48.511000-04:00,26,0,29,0.0,0.0,8.75331564986737,100.0,245,119.353,77.806,0.6423841059602649,1.363265306122449,145446,2020-03-24 16:15:20.627000-04:00,120.0,Arizona,Yes,Rural: Fringe
PSAR5JG,401115,1,1,146,103,1196,34.3645,42.16,0.6046228710462287,1.8444816053511706,84929,2021-07-16 19:35:48.511000-04:00,26,0,29,0.0,0.0,8.75331564986737,100.0,245,119.353,77.806,0.6423841059602649,1.363265306122449,145446,2020-03-24 16:15:20.627000-04:00,120.0,Arizona,Yes,Rural: Fringe
PSAR5JG,1025167,0,0,2,2,10,23.0415,27.3855,0.5,1.9,84930,2021-07-16 19:35:48.514000-04:00,26,0,29,0.0,0.0,19.6286472148541,97.972972972973,555,65.416,53.953,0.7191011235955056,1.3135135135135134,145446,2020-03-24 16:15:20.627000-04:00,120.0,Arizona,Yes,Rural: Fringe
PSAR5JG,401314,1,1,200,167,1695,24.545,33.28,0.6677966101694915,1.3699115044247787,84930,2021-07-16 19:35:48.514000-04:00,26,0,29,0.0,0.0,19.6286472148541,97.972972972973,555,65.416,53.953,0.7191011235955056,1.3135135135135134,145446,2020-03-24 16:15:20.627000-04:00,120.0,Arizona,Yes,Rural: Fringe
PSAR5JG,405127,1,1,182,132,1273,26.511,38.406,0.4578034682080925,1.786331500392773,84931,2021-07-16 19:35:48.517000-04:00,24,0,29,0.0,0.0,10.2011494252874,97.1830985915493,267,52.43,39.672,0.36,1.5880149812734081,145446,2020-03-24 16:15:20.627000-04:00,120.0,Arizona,Yes,Rural: Fringe
PSAR5JG,400844,1,1,127,127,1140,19.6475,25.3985,0.39457459926017263,1.4464912280701754,84931,2021-07-16 19:35:48.517000-04:00,24,0,29,0.0,0.0,10.2011494252874,97.1830985915493,267,52.43,39.672,0.36,1.5880149812734081,145446,2020-03-24 16:15:20.627000-04:00,120.0,Arizona,Yes,Rural: Fringe
PSAR5JG,400821,1,1,207,191,1837,39.643,52.195,0.6131274131274131,1.6668481219379423,84931,2021-07-16 19:35:48.517000-04:00,24,0,29,0.0,0.0,10.2011494252874,97.1830985915493,267,52.43,39.672,0.36,1.5880149812734081,145446,2020-03-24 16:15:20.627000-04:00,120.0,Arizona,Yes,Rural: Fringe
PSAR5JG,400808,1,1,216,190,1852,39.222,48.2065,0.6572519083969466,1.4897408207343412,84931,2021-07-16 19:35:48.517000-04:00,24,0,29,0.0,0.0,10.2011494252874,97.1830985915493,267,52.43,39.672,0.36,1.5880149812734081,145446,2020-03-24 16:15:20.627000-04:00,120.0,Arizona,Yes,Rural: Fringe
PSAR5JG,406491,1,0,145,138,1199,47.155,59.956,0.7199017199017199,1.3469557964970809,84931,2021-07-16 19:35:48.517000-04:00,24,0,29,0.0,0.0,10.2011494252874,97.1830985915493,267,52.43,39.672,0.36,1.5880149812734081,145446,2020-03-24 16:15:20.627000-04:00,120.0,Arizona,Yes,Rural: Fringe
PSAR5JG,939232,0,0,15,14,127,48.151,61.259,0.4864864864864865,1.3228346456692912,84969,2021-07-27 15:34:23.212000-04:00,25,0,20,0.0,0.0,22.6,77.8761061946903,812,73.611,64.627,0.335243553008596,1.2672413793103448,669115,2020-09-13 17:47:55.389000-04:00,,,,
PSAR5JG,939225,0,0,13,11,102,22.8515,32.4785,0.1864406779661017,1.5490196078431373,84969,2021-07-27 15:34:23.212000-04:00,25,0,20,0.0,0.0,22.6,77.8761061946903,812,73.611,64.627,0.335243553008596,1.2672413793103448,669115,2020-09-13 17:47:55.389000-04:00,,,,
PSAR5JG,938501,0,0,16,8,98,24.792,32.918,0.15789473684210525,1.4387755102040816,84969,2021-07-27 15:34:23.212000-04:00,25,0,20,0.0,0.0,22.6,77.8761061946903,812,73.611,64.627,0.335243553008596,1.2672413793103448,669115,2020-09-13 17:47:55.389000-04:00,,,,
PSAR5JG,938437,0,0,14,14,113,22.964,37.54,0.3333333333333333,1.415929203539823,84969,2021-07-27 15:34:23.212000-04:00,25,0,20,0.0,0.0,22.6,77.8761061946903,812,73.611,64.627,0.335243553008596,1.2672413793103448,669115,2020-09-13 17:47:55.389000-04:00,,,,
PSAR5JG,963621,0,0,8,7,82,35.049,47.133,0.2857142857142857,1.3902439024390243,84969,2021-07-27 15:34:23.212000-04:00,25,0,20,0.0,0.0,22.6,77.8761061946903,812,73.611,64.627,0.335243553008596,1.2672413793103448,669115,2020-09-13 17:47:55.389000-04:00,,,,
PSAR5JG,964148,0,0,6,5,71,18.918,29.222,0.027777777777777776,1.056338028169014,84969,2021-07-27 15:34:23.212000-04:00,25,0,20,0.0,0.0,22.6,77.8761061946903,812,73.611,64.627,0.335243553008596,1.2672413793103448,669115,2020-09-13 17:47:55.389000-04:00,,,,
PSAR5JG,680142,0,0,46,34,253,76.942,108.156,0.49707602339181284,1.4229249011857708,84969,2021-07-27 15:34:23.212000-04:00,25,0,20,0.0,0.0,22.6,77.8761061946903,812,73.611,64.627,0.335243553008596,1.2672413793103448,669115,2020-09-13 17:47:55.389000-04:00,,,,
PSAR5JG,1025306,0,0,1,0,11,203.105,203.11,0.0,1.0,84969,2021-07-27 15:34:23.212000-04:00,25,0,20,0.0,0.0,22.6,77.8761061946903,812,73.611,64.627,0.335243553008596,1.2672413793103448,669115,2020-09-13 17:47:55.389000-04:00,,,,
PSAR5JG,1038443,0,0,0,0,0,,,,,84969,2021-07-27 15:34:23.212000-04:00,25,0,20,0.0,0.0,22.6,77.8761061946903,812,73.611,64.627,0.335243553008596,1.2672413793103448,669115,2020-09-13 17:47:55.389000-04:00,,,,
PSAR5JG,940774,0,0,11,7,42,54.7065,80.3295,0.25,1.6666666666666667,84969,2021-07-27 15:34:23.212000-04:00,25,0,20,0.0,0.0,22.6,77.8761061946903,812,73.611,64.627,0.335243553008596,1.2672413793103448,669115,2020-09-13 17:47:55.389000-04:00,,,,
PSAR5JG,939243,0,0,16,14,69,90.537,98.334,0.5405405405405406,1.2463768115942029,84969,2021-07-27 15:34:23.212000-04:00,25,0,20,0.0,0.0,22.6,77.8761061946903,812,73.611,64.627,0.335243553008596,1.2672413793103448,669115,2020-09-13 17:47:55.389000-04:00,,,,
PSAR5JG,939238,0,0,24,20,152,18.6655,33.531,0.37623762376237624,1.4802631578947367,84969,2021-07-27 15:34:23.212000-04:00,25,0,20,0.0,0.0,22.6,77.8761061946903,812,73.611,64.627,0.335243553008596,1.2672413793103448,669115,2020-09-13 17:47:55.389000-04:00,,,,
