experiment_id,student_id,release_date,due_date,start_time,end_time,assignment_session_count,pretest_problem_count,pretest_correct,pretest_time_on_task,pretest_average_first_response_time,pretest_session_count,assigned_condition,condition_time_on_task,condition_average_first_response_or_request_time,condition_problem_count,condition_total_correct,condition_total_correct_after_wrong_response,condition_total_correct_after_tutoring,condition_total_answers_before_tutoring,condition_total_attempt_count,condition_total_hints_available,condition_total_hints_given,condition_total_scaffold_problems_available,condition_total_scaffold_problems_given,condition_total_explanations_available,condition_total_explanations_given,condition_total_answers_given,condition_session_count,posttest_problem_count,posttest_correct,posttest_time_on_task,posttest_average_first_response_time,posttest_session_count,assistments_reference_assignment_log_id
PSAM4NK,7323,2019-04-25 10:31:25.965000-04:00,2019-04-29 10:33:00-04:00,2019-04-25 10:37:18.657000-04:00,2019-04-29 09:58:17.251000-04:00,5,,,,,,Control,326184.11,65163.3636,5.0,2.0,2.0,2.0,5.0,9.0,5.0,2.0,0.0,0.0,0.0,0.0,1.0,3.0,,,,,,59821
PSAM4NK,7327,2019-04-25 10:31:25.965000-04:00,2019-04-29 10:33:00-04:00,2019-04-25 10:37:16.401000-04:00,2019-04-25 10:39:06.725000-04:00,1,,,,,,Treatment,79.247,26.4113333333333,3.0,3.0,,,3.0,3.0,0.0,0.0,6.0,0.0,0.0,0.0,0.0,1.0,,,,,,59820
PSAM4NK,7328,2019-04-25 10:31:25.965000-04:00,2019-04-29 10:33:00-04:00,2019-04-25 15:50:48.878000-04:00,2019-04-25 15:53:51.661000-04:00,1,,,,,,Treatment,152.936,50.9746666666667,3.0,3.0,,,3.0,3.0,0.0,0.0,6.0,0.0,0.0,0.0,0.0,1.0,,,,,,60365
PSAM4NK,7329,2019-04-25 10:31:25.965000-04:00,2019-04-29 10:33:00-04:00,2019-04-25 15:42:54.993000-04:00,2019-04-26 17:25:19.640000-04:00,5,,,,,,Treatment,91196.243,55.1113333333333,5.0,0.0,0.0,0.0,3.0,7.0,0.0,0.0,10.0,8.0,0.0,0.0,0.0,5.0,,,,,,60350
PSAM4NK,7330,2019-04-25 10:31:25.965000-04:00,2019-04-29 10:33:00-04:00,2019-04-25 15:27:45.369000-04:00,2019-04-25 17:05:04.572000-04:00,3,,,,,,Control,5617.02,46.67725,4.0,3.0,1.0,1.0,3.0,4.0,4.0,1.0,0.0,0.0,0.0,0.0,0.0,2.0,,,,,,60323
PSAM4NK,7331,2019-04-25 10:31:25.965000-04:00,2019-04-29 10:33:00-04:00,2019-04-26 09:38:39.541000-04:00,,1,,,,,,Treatment,104.078,,2.0,0.0,,,0.0,0.0,0.0,0.0,4.0,2.0,0.0,0.0,0.0,1.0,,,,,,60515
PSAM4NK,7332,2019-04-25 10:31:25.965000-04:00,2019-04-29 10:33:00-04:00,2019-04-25 16:56:17.307000-04:00,,1,,,,,,Not Assigned,,,,,,,,,,,,,,,,,,,,,,60390
PSAM4NK,7333,2019-04-25 10:31:25.965000-04:00,2019-04-29 10:33:00-04:00,2019-04-25 10:32:29.696000-04:00,,1,,,,,,Treatment,,,1.0,,,,,0.0,0.0,0.0,2.0,0.0,0.0,0.0,0.0,1.0,,,,,,59805
PSAM4NK,7345,2019-04-25 10:31:25.965000-04:00,2019-04-29 10:33:00-04:00,2019-04-26 10:13:39.791000-04:00,2019-04-26 10:16:13.269000-04:00,1,,,,,,Treatment,124.095,41.3603333333333,3.0,3.0,,,3.0,3.0,0.0,0.0,6.0,0.0,0.0,0.0,0.0,1.0,,,,,,60554
PSAM4NK,7349,2019-04-25 10:31:25.965000-04:00,2019-04-29 10:33:00-04:00,2019-04-25 10:32:14.400000-04:00,2019-04-25 10:35:23.966000-04:00,1,,,,,,Control,142.857,47.6153333333333,3.0,3.0,,,3.0,3.0,3.0,0.0,0.0,0.0,0.0,0.0,0.0,1.0,,,,,,59804
PSAM4NK,7435,2019-04-25 11:20:08.602000-04:00,2019-04-29 11:22:00-04:00,2019-04-25 11:36:39.726000-04:00,2019-04-25 12:41:18.245000-04:00,2,,,,,,Control,244.287,26.8645,4.0,3.0,1.0,,4.0,5.0,4.0,0.0,0.0,0.0,0.0,0.0,0.0,2.0,,,,,,59932
PSAM4NK,7446,2019-04-25 11:20:08.602000-04:00,2019-04-29 11:22:00-04:00,2019-04-25 11:23:25.050000-04:00,,1,,,,,,Control,,,1.0,,,,,0.0,1.0,0.0,0.0,0.0,0.0,0.0,0.0,1.0,,,,,,59896
PSAM4NK,7447,2019-04-25 11:20:08.602000-04:00,2019-04-29 11:22:00-04:00,2019-04-25 11:21:28.410000-04:00,2019-04-25 11:27:30.369000-04:00,1,,,,,,Control,302.876,43.47775,4.0,3.0,1.0,,4.0,6.0,4.0,0.0,0.0,0.0,0.0,0.0,0.0,1.0,,,,,,59889
PSAM4NK,7448,2019-04-25 11:20:08.602000-04:00,2019-04-29 11:22:00-04:00,2019-04-25 11:22:11.784000-04:00,2019-04-25 11:30:22.890000-04:00,1,,,,,,Treatment,415.74,55.3675,4.0,3.0,1.0,1.0,4.0,4.0,0.0,0.0,8.0,2.0,0.0,0.0,0.0,1.0,,,,,,59891
PSAM4NK,7449,2019-04-25 11:20:08.602000-04:00,2019-04-29 11:22:00-04:00,2019-04-25 12:44:21.177000-04:00,2019-04-25 12:45:50.013000-04:00,1,,,,,,Treatment,64.716,21.5683333333333,3.0,3.0,,,3.0,3.0,0.0,0.0,6.0,0.0,0.0,0.0,0.0,1.0,,,,,,60038
PSAM4NK,7450,2019-04-25 11:20:08.602000-04:00,2019-04-29 11:22:00-04:00,2019-04-25 11:21:02.890000-04:00,2019-04-25 11:23:38.999000-04:00,1,,,,,,Treatment,58.334,19.4406666666667,3.0,3.0,,,3.0,3.0,0.0,0.0,6.0,0.0,0.0,0.0,0.0,1.0,,,,,,59888
PSAM4NK,7472,2019-04-25 11:20:08.602000-04:00,2019-04-29 11:22:00-04:00,2019-04-26 12:40:49.073000-04:00,,1,,,,,,Control,482.691,482.691,1.0,0.0,,,0.0,0.0,1.0,0.0,0.0,0.0,0.0,0.0,0.0,1.0,,,,,,60688
PSAM4NK,7473,2019-04-25 11:20:08.602000-04:00,2019-04-29 11:22:00-04:00,2019-04-25 12:43:47.256000-04:00,2019-04-29 09:38:14.785000-04:00,4,,,,,,Control,334362.325,111454.103666667,3.0,3.0,,,3.0,3.0,3.0,0.0,0.0,0.0,0.0,0.0,0.0,2.0,,,,,,60035
PSAM4NK,7474,2019-04-25 11:20:08.602000-04:00,2019-04-29 11:22:00-04:00,2019-04-25 12:45:48.625000-04:00,2019-04-25 12:48:51.288000-04:00,1,,,,,,Control,109.458,36.4813333333333,3.0,3.0,,,3.0,3.0,3.0,0.0,0.0,0.0,0.0,0.0,0.0,1.0,,,,,,60039
PSAM4NK,7478,2019-04-25 11:20:08.602000-04:00,2019-04-29 11:22:00-04:00,2019-04-26 12:15:37.332000-04:00,,1,,,,,,Control,356.104,55.417,1.0,0.0,,,1.0,3.0,1.0,1.0,0.0,0.0,0.0,0.0,0.0,1.0,,,,,,60671
PSAM4NK,7479,2019-04-25 11:20:08.602000-04:00,2019-04-29 11:22:00-04:00,2019-04-25 11:21:54.690000-04:00,,1,,,,,,Control,,,1.0,,,,,0.0,1.0,0.0,0.0,0.0,0.0,0.0,0.0,1.0,,,,,,59890
PSAM4NK,7503,2019-04-25 14:35:04.933000-04:00,2019-04-29 14:36:00-04:00,2019-04-26 14:29:10.529000-04:00,2019-04-26 14:35:10.549000-04:00,1,,,,,,Treatment,284.115,71.02525,4.0,4.0,,,4.0,4.0,0.0,0.0,8.0,0.0,0.0,0.0,0.0,1.0,,,,,,60911
PSAM4NK,7504,2019-04-25 14:35:04.933000-04:00,2019-04-29 14:36:00-04:00,2019-04-25 14:36:20.202000-04:00,2019-04-25 14:42:09.566000-04:00,1,,,,,,Control,220.774,73.588,3.0,3.0,,,3.0,3.0,3.0,0.0,0.0,0.0,0.0,0.0,0.0,1.0,,,,,,60281
PSAM4NK,7505,2019-04-25 14:35:04.933000-04:00,2019-04-29 14:36:00-04:00,2019-04-25 14:42:55.559000-04:00,2019-04-25 14:47:40.432000-04:00,1,,,,,,Treatment,178.8,59.5953333333333,3.0,3.0,,,3.0,3.0,0.0,0.0,6.0,0.0,0.0,0.0,0.0,1.0,,,,,,60289
PSAM4NK,7506,2019-04-25 14:35:04.933000-04:00,2019-04-29 14:36:00-04:00,2019-04-26 14:11:40.451000-04:00,2019-04-26 14:14:39.755000-04:00,1,,,,,,Control,90.814,21.6685,4.0,3.0,1.0,,4.0,5.0,4.0,0.0,0.0,0.0,0.0,0.0,0.0,1.0,,,,,,60855
PSAM4NK,7507,2019-04-25 14:35:04.933000-04:00,2019-04-29 14:36:00-04:00,2019-04-26 14:04:46.044000-04:00,2019-04-26 14:07:58.713000-04:00,1,,,,,,Control,137.633,45.8743333333333,3.0,3.0,,,3.0,3.0,3.0,0.0,0.0,0.0,0.0,0.0,0.0,1.0,,,,,,60846
PSAM4NK,7508,2019-04-25 14:35:04.933000-04:00,2019-04-29 14:36:00-04:00,2019-04-25 14:45:33.840000-04:00,,1,,,,,,Treatment,349.026,184.215,2.0,0.0,0.0,0.0,1.0,1.0,0.0,0.0,4.0,3.0,0.0,0.0,0.0,1.0,,,,,,60295
PSAM4NK,7509,2019-04-25 14:35:04.933000-04:00,2019-04-29 14:36:00-04:00,2019-04-26 14:00:58.492000-04:00,2019-04-26 14:08:20.313000-04:00,1,,,,,,Control,367.67,122.552666666667,3.0,3.0,,,3.0,3.0,3.0,0.0,0.0,0.0,0.0,0.0,0.0,1.0,,,,,,60836
PSAM4NK,7510,2019-04-25 14:35:04.933000-04:00,2019-04-29 14:36:00-04:00,2019-04-25 14:39:56.526000-04:00,2019-04-25 14:45:38.754000-04:00,1,,,,,,Treatment,249.73,83.239,3.0,3.0,,,3.0,3.0,0.0,0.0,6.0,0.0,0.0,0.0,0.0,1.0,,,,,,60288
PSAM4NK,7511,2019-04-25 14:35:04.933000-04:00,2019-04-29 14:36:00-04:00,2019-04-26 14:51:04.713000-04:00,,1,,,,,,Not Assigned,,,,,,,,,,,,,,,,,,,,,,60925
PSAM4NK,7512,2019-04-25 14:35:04.933000-04:00,2019-04-29 14:36:00-04:00,2019-04-26 14:25:29.984000-04:00,,1,,,,,,Treatment,511.521,147.8065,2.0,0.0,0.0,0.0,2.0,2.0,0.0,0.0,4.0,4.0,0.0,0.0,0.0,1.0,,,,,,60905
PSAM4NK,7521,2019-04-25 14:35:04.933000-04:00,2019-04-29 14:36:00-04:00,2019-04-26 13:48:55.002000-04:00,,1,,,,,,Not Assigned,,,,,,,,,,,,,,,,,,,,,,60806
PSAM4NK,7547,2019-04-25 10:31:25.965000-04:00,2019-04-29 10:33:00-04:00,2019-04-26 09:42:10.146000-04:00,2019-04-26 09:43:42.791000-04:00,1,,,,,,Treatment,68.83,22.939,3.0,3.0,,,3.0,3.0,0.0,0.0,6.0,0.0,0.0,0.0,0.0,1.0,,,,,,60521
PSAM4NK,7584,2019-04-25 10:31:25.965000-04:00,2019-04-29 10:33:00-04:00,2019-04-28 11:47:09.647000-04:00,2019-04-28 12:02:56.132000-04:00,1,,,,,,Treatment,857.247,199.52925,4.0,3.0,1.0,1.0,4.0,4.0,0.0,0.0,8.0,2.0,0.0,0.0,0.0,1.0,,,,,,61041
PSAM4NK,7853,2019-04-25 10:31:25.965000-04:00,2019-04-29 10:33:00-04:00,2019-04-25 13:57:58.244000-04:00,2019-04-26 13:53:35.953000-04:00,3,,,,,,Treatment,79458.795,26459.557,4.0,3.0,1.0,1.0,3.0,3.0,0.0,0.0,8.0,2.0,0.0,0.0,0.0,2.0,,,,,,60178
PSAM4NK,7976,2019-04-25 10:31:25.965000-04:00,2019-04-29 10:33:00-04:00,2019-04-28 17:03:38.960000-04:00,2019-04-28 17:13:35.257000-04:00,1,,,,,,Treatment,510.09,82.9306666666667,4.0,3.0,1.0,1.0,3.0,3.0,0.0,0.0,8.0,2.0,0.0,0.0,0.0,1.0,,,,,,61067
PSAM4NK,9897,2019-06-13 12:16:05.279000-04:00,2019-06-13 15:00:00-04:00,2019-06-13 14:13:15.679000-04:00,2019-06-13 14:36:32.326000-04:00,3,,,,,,Control,115.302,38.425,3.0,3.0,,,3.0,3.0,3.0,0.0,0.0,0.0,0.0,0.0,0.0,1.0,,,,,,78976
PSAM4NK,9899,2019-06-13 12:16:05.279000-04:00,2019-06-13 15:00:00-04:00,2019-06-13 14:26:10.087000-04:00,2019-06-13 14:38:24.375000-04:00,1,,,,,,Control,678.245,226.073666666667,3.0,3.0,,,3.0,3.0,3.0,0.0,0.0,0.0,0.0,0.0,0.0,1.0,,,,,,78987
PSAM4NK,9900,2019-06-13 12:16:05.279000-04:00,2019-06-13 15:00:00-04:00,2019-06-13 13:49:09.291000-04:00,2019-06-13 14:20:07.676000-04:00,4,,,,,,Control,1691.752,563.907666666667,3.0,3.0,,,3.0,3.0,3.0,0.0,0.0,0.0,0.0,0.0,0.0,3.0,,,,,,78959
PSAM4NK,9902,2019-06-13 12:16:05.279000-04:00,2019-06-13 15:00:00-04:00,2019-06-13 14:18:29.678000-04:00,2019-06-13 14:26:17.151000-04:00,1,,,,,,Control,379.988,126.655,3.0,3.0,,,3.0,3.0,3.0,0.0,0.0,0.0,0.0,0.0,0.0,1.0,,,,,,78979
PSAM4NK,9906,2019-06-13 12:16:05.279000-04:00,2019-06-13 15:00:00-04:00,2019-06-13 13:31:34.529000-04:00,2019-06-13 13:43:16.758000-04:00,1,,,,,,Treatment,607.582,93.8135,4.0,3.0,1.0,1.0,4.0,4.0,0.0,0.0,8.0,2.0,0.0,0.0,0.0,1.0,,,,,,78939
PSAM4NK,9910,2019-06-13 12:16:05.279000-04:00,2019-06-13 15:00:00-04:00,2019-06-13 13:35:52.108000-04:00,,1,,,,,,Treatment,803.846,248.073,4.0,2.0,,,3.0,3.0,0.0,0.0,8.0,2.0,0.0,0.0,0.0,1.0,,,,,,78947
PSAM4NK,10408,2021-03-25 13:34:18.715000-04:00,,2021-03-26 12:16:20.277000-04:00,,1,,,,,,Control,510.629,65.742,4.0,2.0,1.0,,3.0,4.0,4.0,1.0,0.0,0.0,0.0,0.0,1.0,1.0,,,,,,15077563
PSAM4NK,17369,2020-02-24 13:02:30.140000-05:00,2020-02-28 14:02:00-05:00,2020-02-25 15:06:27.820000-05:00,,1,,,,,,Treatment,6.223,,1.0,,,,0.0,0.0,0.0,0.0,2.0,1.0,0.0,0.0,0.0,1.0,,,,,,1034469
PSAM4NK,17382,2020-02-24 13:02:30.140000-05:00,2020-02-28 14:02:00-05:00,2020-02-25 15:10:58.978000-05:00,,3,,,,,,Control,453.724,25.75925,5.0,0.0,0.0,0.0,3.0,8.0,5.0,4.0,0.0,0.0,0.0,0.0,4.0,2.0,,,,,,1034528
PSAM4NK,17384,2020-02-24 13:02:30.140000-05:00,2020-02-28 14:02:00-05:00,2020-02-25 15:17:25.580000-05:00,2020-02-25 15:29:09.936000-05:00,2,,,,,,Treatment,357.152,36.6323333333333,4.0,3.0,1.0,1.0,3.0,3.0,0.0,0.0,8.0,2.0,0.0,0.0,0.0,1.0,,,,,,1034588
PSAM4NK,18607,2020-02-24 13:02:30.139000-05:00,2020-02-28 14:02:00-05:00,2020-02-25 15:08:41.563000-05:00,,1,,,,,,Control,,,1.0,,,,,0.0,1.0,0.0,0.0,0.0,0.0,0.0,0.0,1.0,,,,,,1034506
PSAM4NK,18611,2020-05-11 11:41:45.993000-04:00,2020-06-30 11:43:00-04:00,2020-05-21 13:22:05.369000-04:00,,1,,,,,,Treatment,,,1.0,,,,,0.0,0.0,0.0,2.0,0.0,0.0,0.0,0.0,1.0,,,,,,3527563
PSAM4NK,18613,2020-02-24 13:02:30.139000-05:00,2020-02-28 14:02:00-05:00,2020-02-25 15:09:07.487000-05:00,,3,,,,,,Treatment,211.785,31.986,3.0,0.0,0.0,0.0,1.0,1.0,0.0,0.0,6.0,4.0,0.0,0.0,0.0,3.0,,,,,,1034511
PSAM4NK,18695,2020-02-24 13:02:30.139000-05:00,2020-02-28 14:02:00-05:00,2020-02-25 15:16:07.597000-05:00,,1,,,,,,Not Assigned,,,,,,,,,,,,,,,,,,,,,,1034577
PSAM4NK,18699,2020-02-24 13:02:30.139000-05:00,2020-02-28 14:02:00-05:00,2020-02-25 15:08:26.567000-05:00,,3,,,,,,Control,,,1.0,,,,,0.0,1.0,0.0,0.0,0.0,0.0,0.0,0.0,1.0,,,,,,1034503
PSAM4NK,21340,2020-02-24 13:02:30.137000-05:00,2020-02-28 14:02:00-05:00,2020-02-25 15:08:08.968000-05:00,,1,,,,,,Treatment,107.756,14.247,2.0,0.0,,,1.0,1.0,0.0,0.0,4.0,4.0,0.0,0.0,0.0,1.0,,,,,,1034497
PSAM4NK,21344,2020-05-11 11:41:45.992000-04:00,2020-06-30 11:43:00-04:00,2020-05-25 17:27:21.227000-04:00,2020-05-25 17:37:05.991000-04:00,1,,,,,,Control,435.171,67.8066,5.0,3.0,2.0,2.0,4.0,6.0,5.0,2.0,0.0,0.0,0.0,0.0,2.0,1.0,,,,,,3582160
PSAM4NK,21346,2020-05-11 11:41:45.992000-04:00,2020-06-30 11:43:00-04:00,2020-05-12 22:59:51.015000-04:00,2020-05-12 23:06:57.340000-04:00,1,,,,,,Treatment,347.391,115.789666666667,3.0,3.0,,,3.0,3.0,0.0,0.0,6.0,0.0,0.0,0.0,0.0,1.0,,,,,,3197749
PSAM4NK,21349,2020-02-24 13:02:30.137000-05:00,2020-02-28 14:02:00-05:00,2020-02-25 15:08:58.882000-05:00,2020-02-25 15:17:55.951000-05:00,1,,,,,,Control,279.096,30.9892,5.0,0.0,0.0,0.0,2.0,8.0,5.0,5.0,0.0,0.0,0.0,0.0,5.0,1.0,,,,,,1034508
PSAM4NK,21350,2020-05-11 11:41:45.992000-04:00,2020-06-30 11:43:00-04:00,2020-06-24 21:45:45.882000-04:00,2020-06-24 21:52:11.830000-04:00,4,,,,,,Treatment,228.638,76.205,3.0,3.0,,,3.0,3.0,0.0,0.0,6.0,0.0,0.0,0.0,0.0,2.0,,,,,,3944333
PSAM4NK,21351,2020-02-24 13:02:30.137000-05:00,2020-02-28 14:02:00-05:00,2020-02-25 15:17:36.034000-05:00,,3,,,,,,Treatment,261.103,202.191,1.0,0.0,,,0.0,3.0,0.0,0.0,2.0,1.0,0.0,0.0,0.0,1.0,,,,,,1034589
PSAM4NK,21353,2020-05-11 11:41:45.992000-04:00,2020-06-30 11:43:00-04:00,2020-05-13 20:19:44.842000-04:00,2020-05-13 20:38:31.985000-04:00,1,,,,,,Control,1013.099,241.0195,4.0,3.0,1.0,1.0,3.0,4.0,4.0,1.0,0.0,0.0,0.0,0.0,0.0,1.0,,,,,,3251936
PSAM4NK,22957,2020-02-24 13:02:30.139000-05:00,2020-02-28 14:02:00-05:00,2020-02-25 15:12:27.681000-05:00,,1,,,,,,Not Assigned,,,,,,,,,,,,,,,,,,,,,,1034548
PSAM4NK,38426,2021-03-24 09:25:17.475000-04:00,,2021-04-06 11:03:16.245000-04:00,,1,,,,,,Treatment,,,1.0,,,,,0.0,0.0,0.0,2.0,0.0,0.0,0.0,0.0,1.0,,,,,,15279584
PSAM4NK,52817,2021-03-01 14:21:38.642000-05:00,,2021-03-10 10:26:59.871000-05:00,2021-03-10 10:58:17.114000-05:00,1,,,,,,Treatment,1793.474,289.2246,5.0,3.0,1.0,1.0,5.0,5.0,0.0,0.0,10.0,4.0,0.0,0.0,0.0,1.0,,,,,,14472352
PSAM4NK,54788,2019-11-18 08:15:38.054000-05:00,2019-12-13 08:17:00-05:00,2019-11-22 07:48:23.354000-05:00,2019-11-22 07:59:28.268000-05:00,2,,,,,,Treatment,596.384,65.194,4.0,3.0,1.0,1.0,3.0,3.0,0.0,0.0,8.0,2.0,0.0,0.0,0.0,2.0,,,,,,603739
PSAM4NK,54789,2019-11-18 08:15:38.054000-05:00,2019-12-13 08:17:00-05:00,2019-12-04 07:55:33.076000-05:00,2019-12-09 08:01:43.449000-05:00,4,,,,,,Treatment,259220.745,51798.6788,5.0,2.0,1.0,1.0,5.0,10.0,0.0,0.0,10.0,3.0,0.0,0.0,0.0,2.0,,,,,,640938
PSAM4NK,54790,2019-11-18 08:15:38.054000-05:00,2019-12-13 08:17:00-05:00,2019-12-13 08:10:07.606000-05:00,2020-01-03 08:28:48.674000-05:00,2,,,,,,Treatment,2184.634,191.31325,5.0,3.0,2.0,2.0,4.0,5.0,0.0,0.0,10.0,3.0,0.0,0.0,0.0,1.0,,,,,,700992
PSAM4NK,54837,2019-11-18 08:15:38.054000-05:00,2019-12-13 08:17:00-05:00,2019-12-02 08:52:25.077000-05:00,2020-01-13 09:03:30.218000-05:00,4,,,,,,Control,259837.449,86612.4783333333,3.0,3.0,,,3.0,3.0,3.0,0.0,0.0,0.0,0.0,0.0,0.0,2.0,,,,,,624859
PSAM4NK,54838,2019-11-18 08:15:38.054000-05:00,2019-12-13 08:17:00-05:00,2019-12-11 22:03:27.819000-05:00,2020-01-13 08:57:58.032000-05:00,4,,,,,,Control,2803727.833,25163.3474,5.0,1.0,1.0,,4.0,10.0,5.0,0.0,0.0,0.0,0.0,0.0,0.0,3.0,,,,,,692617
PSAM4NK,54839,2019-11-18 08:15:38.054000-05:00,2019-12-13 08:17:00-05:00,2019-12-02 08:43:09.550000-05:00,2019-12-13 08:48:52.310000-05:00,5,,,,,,Control,950490.926,98.72375,4.0,3.0,1.0,,3.0,4.0,4.0,0.0,0.0,0.0,0.0,0.0,0.0,3.0,,,,,,624758
PSAM4NK,54840,2019-11-18 08:15:38.054000-05:00,2019-12-13 08:17:00-05:00,2019-12-06 08:43:12.706000-05:00,2020-01-03 09:05:13.544000-05:00,9,,,,,,Treatment,2161577.302,86658.4135,4.0,3.0,1.0,1.0,4.0,4.0,0.0,0.0,8.0,2.0,0.0,0.0,0.0,3.0,,,,,,659544
PSAM4NK,54841,2019-11-18 08:15:38.054000-05:00,2019-12-13 08:17:00-05:00,2019-12-06 08:50:59.385000-05:00,2019-12-06 08:54:55.727000-05:00,1,,,,,,Treatment,182.934,60.9736666666667,3.0,3.0,,,3.0,3.0,0.0,0.0,6.0,0.0,0.0,0.0,0.0,1.0,,,,,,659654
PSAM4NK,54842,2019-11-18 08:15:38.054000-05:00,2019-12-13 08:17:00-05:00,2019-12-02 08:52:14.056000-05:00,2019-12-13 08:47:33.262000-05:00,5,,,,,,Control,173065.186,43236.37525,4.0,3.0,1.0,1.0,4.0,6.0,4.0,1.0,0.0,0.0,0.0,0.0,1.0,2.0,,,,,,624855
PSAM4NK,55687,2019-11-19 08:54:07.067000-05:00,2019-12-13 08:56:00-05:00,2019-12-03 09:59:24.767000-05:00,2019-12-12 07:53:25.589000-05:00,4,,,,,,Control,769977.685,256659.223666667,3.0,3.0,,,3.0,3.0,3.0,0.0,0.0,0.0,0.0,0.0,0.0,2.0,,,,,,633735
PSAM4NK,55688,2019-11-19 08:54:07.067000-05:00,2019-12-13 08:56:00-05:00,2019-12-12 08:08:43.270000-05:00,,1,,,,,,Treatment,,,1.0,,,,,0.0,0.0,0.0,2.0,0.0,0.0,0.0,0.0,1.0,,,,,,692916
PSAM4NK,55689,2019-11-19 08:54:07.067000-05:00,2019-12-13 08:56:00-05:00,2019-12-12 07:49:05.103000-05:00,2019-12-12 07:53:49.094000-05:00,1,,,,,,Control,194.303,64.7636666666667,3.0,3.0,,,3.0,3.0,3.0,0.0,0.0,0.0,0.0,0.0,0.0,1.0,,,,,,692827
PSAM4NK,55690,2019-11-19 08:54:07.067000-05:00,2019-12-13 08:56:00-05:00,2019-12-05 07:47:32.162000-05:00,2019-12-12 07:58:36.597000-05:00,2,,,,,,Control,604.198,107.30075,4.0,3.0,1.0,,4.0,8.0,4.0,0.0,0.0,0.0,0.0,0.0,0.0,1.0,,,,,,649751
PSAM4NK,55692,2019-11-19 08:54:07.067000-05:00,2019-12-13 08:56:00-05:00,2019-12-12 07:46:22.696000-05:00,2019-12-12 07:54:56.683000-05:00,1,,,,,,Treatment,458.743,152.909666666667,3.0,3.0,,,3.0,3.0,0.0,0.0,6.0,0.0,0.0,0.0,0.0,1.0,,,,,,692808
PSAM4NK,55693,2019-11-19 08:54:07.067000-05:00,2019-12-13 08:56:00-05:00,2019-12-05 07:49:44.708000-05:00,2019-12-12 08:07:13.179000-05:00,2,,,,,,Treatment,605791.27,151433.4385,4.0,3.0,1.0,1.0,4.0,4.0,0.0,0.0,8.0,2.0,0.0,0.0,0.0,2.0,,,,,,649763
PSAM4NK,55726,2019-11-19 08:54:07.067000-05:00,2019-12-13 08:56:00-05:00,2019-12-05 08:45:19.519000-05:00,2019-12-12 08:53:14.500000-05:00,2,,,,,,Control,605161.532,151282.70325,4.0,3.0,1.0,,4.0,5.0,4.0,0.0,0.0,0.0,0.0,0.0,0.0,2.0,,,,,,650249
PSAM4NK,55727,2019-11-19 08:54:07.067000-05:00,2019-12-13 08:56:00-05:00,2019-12-12 08:39:05.973000-05:00,2019-12-12 09:00:13.344000-05:00,1,,,,,,Control,700.688,84.2964,5.0,1.0,0.0,,5.0,11.0,5.0,0.0,0.0,0.0,0.0,0.0,0.0,1.0,,,,,,693154
PSAM4NK,55728,2019-11-19 08:54:07.067000-05:00,2019-12-13 08:56:00-05:00,2019-12-05 08:54:13.390000-05:00,,3,,,,,,Control,,,1.0,,,,,0.0,1.0,0.0,0.0,0.0,0.0,0.0,0.0,1.0,,,,,,650436
PSAM4NK,55729,2019-11-19 08:54:07.067000-05:00,2019-12-13 08:56:00-05:00,2019-12-12 08:47:50.993000-05:00,,1,,,,,,Treatment,,,1.0,,,,,0.0,0.0,0.0,2.0,0.0,0.0,0.0,0.0,1.0,,,,,,693221
PSAM4NK,55730,2019-11-19 08:54:07.067000-05:00,2019-12-13 08:56:00-05:00,2019-11-19 08:56:09.577000-05:00,,4,,,,,,Treatment,,,1.0,,,,,0.0,0.0,0.0,2.0,0.0,0.0,0.0,0.0,1.0,,,,,,578028
PSAM4NK,55732,2019-11-19 08:54:07.067000-05:00,2019-12-13 08:56:00-05:00,2019-12-05 08:48:26.709000-05:00,,2,,,,,,Treatment,604073.467,,1.0,,,,0.0,0.0,0.0,0.0,2.0,2.0,0.0,0.0,0.0,3.0,,,,,,650280
PSAM4NK,55733,2019-11-19 08:54:07.067000-05:00,2019-12-13 08:56:00-05:00,2019-11-28 08:53:21.310000-05:00,2019-12-12 08:53:27.307000-05:00,4,,,,,,Treatment,1209545.383,302386.28225,4.0,3.0,1.0,1.0,3.0,4.0,0.0,0.0,8.0,1.0,0.0,0.0,0.0,2.0,,,,,,623391
PSAM4NK,55734,2019-11-19 08:54:07.067000-05:00,2019-12-13 08:56:00-05:00,2019-12-05 08:46:03.803000-05:00,,6,,,,,,Treatment,2419706.909,,1.0,,,,0.0,0.0,0.0,0.0,2.0,2.0,0.0,0.0,0.0,3.0,,,,,,650256
PSAM4NK,59294,2019-11-18 08:15:38.054000-05:00,2019-12-13 08:17:00-05:00,2019-12-02 07:55:16.054000-05:00,,4,,,,,,Treatment,60.327,60.149,1.0,0.0,,,1.0,1.0,0.0,0.0,2.0,1.0,0.0,0.0,0.0,1.0,,,,,,624493
PSAM4NK,62424,2020-03-10 09:38:00-04:00,2020-03-15 09:40:00-04:00,2020-03-10 11:17:08.366000-04:00,2020-03-10 11:26:22.797000-04:00,1,,,,,,Control,457.421,88.182,5.0,4.0,1.0,,5.0,6.0,5.0,0.0,0.0,0.0,0.0,0.0,0.0,1.0,,,,,,1117236
PSAM4NK,64046,2020-03-10 09:38:00-04:00,2020-03-15 09:40:00-04:00,2020-03-11 10:20:17.014000-04:00,2020-03-13 14:28:48.876000-04:00,6,,,,,,Control,598.537,148.27725,4.0,3.0,1.0,,4.0,5.0,4.0,0.0,0.0,0.0,0.0,0.0,0.0,2.0,,,,,,1125364
PSAM4NK,78121,2019-11-19 08:54:07.067000-05:00,2019-12-13 08:56:00-05:00,2019-12-10 08:00:33.326000-05:00,,2,,,,,,Not Assigned,,,,,,,,,,,,,,,,,,,,,,675563
PSAM4NK,79465,2020-03-10 09:38:00-04:00,2020-03-15 09:40:00-04:00,2020-03-10 10:35:31.420000-04:00,2020-03-10 10:38:48.464000-04:00,1,,,,,,Control,126.005,41.9936666666667,3.0,3.0,,,3.0,3.0,3.0,0.0,0.0,0.0,0.0,0.0,0.0,1.0,,,,,,1116506
PSAM4NK,79699,2020-03-10 09:38:00-04:00,2020-03-15 09:40:00-04:00,2020-03-11 11:24:12.582000-04:00,2020-03-11 11:44:35.941000-04:00,1,,,,,,Treatment,1076.468,126.792333333333,4.0,3.0,1.0,1.0,3.0,3.0,0.0,0.0,8.0,2.0,0.0,0.0,0.0,1.0,,,,,,1126496
PSAM4NK,79700,2020-03-10 09:38:00-04:00,2020-03-15 09:40:00-04:00,2020-03-10 10:26:48.565000-04:00,,4,,,,,,Treatment,172040.913,172040.904,2.0,1.0,,,1.0,1.0,0.0,0.0,4.0,0.0,0.0,0.0,0.0,2.0,,,,,,1116270
PSAM4NK,79701,2020-03-10 09:38:00-04:00,2020-03-15 09:40:00-04:00,2020-03-10 10:27:26.769000-04:00,2020-03-10 10:33:36.134000-04:00,2,,,,,,Control,92.141,30.702,3.0,3.0,,,3.0,3.0,3.0,0.0,0.0,0.0,0.0,0.0,0.0,1.0,,,,,,1116291
PSAM4NK,79702,2020-03-10 09:38:00-04:00,2020-03-15 09:40:00-04:00,2020-03-10 10:48:15.656000-04:00,2020-03-10 10:51:39.576000-04:00,1,,,,,,Treatment,180.95,60.3096666666667,3.0,3.0,,,3.0,3.0,0.0,0.0,6.0,0.0,0.0,0.0,0.0,1.0,,,,,,1116715
PSAM4NK,79703,2020-03-10 09:38:00-04:00,2020-03-15 09:40:00-04:00,2020-03-11 10:22:15.362000-04:00,2020-03-11 10:43:05.794000-04:00,2,,,,,,Treatment,574.649,191.540333333333,3.0,3.0,,,3.0,3.0,0.0,0.0,6.0,0.0,0.0,0.0,0.0,1.0,,,,,,1125402
PSAM4NK,79704,2020-03-10 09:38:00-04:00,2020-03-15 09:40:00-04:00,2020-03-10 10:37:16.201000-04:00,2020-03-10 10:40:04.422000-04:00,1,,,,,,Treatment,122.448,40.8096666666667,3.0,3.0,,,3.0,3.0,0.0,0.0,6.0,0.0,0.0,0.0,0.0,1.0,,,,,,1116542
PSAM4NK,79705,2020-03-10 09:38:00-04:00,2020-03-15 09:40:00-04:00,2020-03-10 10:31:43.289000-04:00,2020-03-10 10:37:39.432000-04:00,1,,,,,,Control,321.458,107.146333333333,3.0,3.0,,,3.0,3.0,3.0,0.0,0.0,0.0,0.0,0.0,0.0,1.0,,,,,,1116390
PSAM4NK,79706,2020-03-10 09:38:00-04:00,2020-03-15 09:40:00-04:00,2020-03-11 10:30:52.714000-04:00,,5,,,,,,Treatment,183689.94,,1.0,,,,0.0,0.0,0.0,0.0,2.0,1.0,0.0,0.0,0.0,2.0,,,,,,1125608
PSAM4NK,79707,2020-03-10 09:38:00-04:00,2020-03-15 09:40:00-04:00,2020-03-10 10:28:47.652000-04:00,2020-03-10 10:30:26.062000-04:00,1,,,,,,Control,59.549,19.8436666666667,3.0,3.0,,,3.0,3.0,3.0,0.0,0.0,0.0,0.0,0.0,0.0,1.0,,,,,,1116335
PSAM4NK,79708,2020-03-10 09:38:00-04:00,2020-03-15 09:40:00-04:00,2020-03-11 12:06:00.450000-04:00,2020-03-11 16:13:07.397000-04:00,2,,,,,,Treatment,62.925,20.9696666666667,3.0,3.0,,,3.0,3.0,0.0,0.0,6.0,0.0,0.0,0.0,0.0,1.0,,,,,,1127289
PSAM4NK,79709,2020-03-10 09:38:00-04:00,2020-03-15 09:40:00-04:00,2020-03-11 10:48:01.262000-04:00,,1,,,,,,Treatment,,,1.0,,,,,0.0,0.0,0.0,2.0,0.0,0.0,0.0,0.0,1.0,,,,,,1125912
PSAM4NK,79710,2020-03-10 09:38:00-04:00,2020-03-15 09:40:00-04:00,2020-03-13 13:33:26.912000-04:00,2020-03-13 13:35:45.907000-04:00,1,,,,,,Treatment,101.526,33.8356666666667,3.0,3.0,,,3.0,3.0,0.0,0.0,6.0,0.0,0.0,0.0,0.0,1.0,,,,,,1147041
PSAM4NK,79711,2020-03-10 09:38:00-04:00,2020-03-15 09:40:00-04:00,2020-03-10 10:26:12.050000-04:00,2020-03-10 10:29:58.992000-04:00,1,,,,,,Control,160.201,53.3933333333333,3.0,3.0,,,3.0,3.0,3.0,0.0,0.0,0.0,0.0,0.0,0.0,1.0,,,,,,1116251
PSAM4NK,79712,2020-03-10 09:38:00-04:00,2020-03-15 09:40:00-04:00,2020-03-11 10:45:19.820000-04:00,2020-03-11 10:48:07.963000-04:00,1,,,,,,Treatment,117.354,39.112,3.0,3.0,,,3.0,3.0,0.0,0.0,6.0,0.0,0.0,0.0,0.0,1.0,,,,,,1125871
PSAM4NK,79713,2020-03-10 09:38:00-04:00,2020-03-15 09:40:00-04:00,2020-03-10 10:31:04.057000-04:00,2020-03-10 10:38:00.854000-04:00,1,,,,,,Control,246.059,40.03,4.0,3.0,1.0,1.0,3.0,4.0,4.0,1.0,0.0,0.0,0.0,0.0,0.0,1.0,,,,,,1116373
PSAM4NK,79714,2020-03-10 09:38:00-04:00,2020-03-15 09:40:00-04:00,2020-03-10 10:47:55.702000-04:00,2020-03-11 10:50:01.143000-04:00,2,,,,,,Treatment,86494.51,28831.4923333333,3.0,3.0,,,3.0,3.0,0.0,0.0,6.0,0.0,0.0,0.0,0.0,2.0,,,,,,1116709
PSAM4NK,79715,2020-03-10 09:38:00-04:00,2020-03-15 09:40:00-04:00,2020-03-10 10:35:22.885000-04:00,2020-03-10 10:38:49.354000-04:00,1,,,,,,Treatment,122.832,40.9326666666667,3.0,3.0,,,3.0,3.0,0.0,0.0,6.0,0.0,0.0,0.0,0.0,1.0,,,,,,1116499
PSAM4NK,79717,2020-03-10 09:38:00-04:00,2020-03-15 09:40:00-04:00,2020-03-10 10:35:49.027000-04:00,2020-03-10 10:40:25.298000-04:00,1,,,,,,Treatment,241.486,80.4886666666667,3.0,3.0,,,3.0,3.0,0.0,0.0,6.0,0.0,0.0,0.0,0.0,1.0,,,,,,1116515
PSAM4NK,79771,2020-03-10 09:38:00-04:00,2020-03-15 09:40:00-04:00,2020-03-10 11:21:56.534000-04:00,2020-03-10 11:25:54.626000-04:00,1,,,,,,Control,147.266,49.0813333333333,3.0,3.0,,,3.0,3.0,3.0,0.0,0.0,0.0,0.0,0.0,0.0,1.0,,,,,,1117321
PSAM4NK,79772,2020-03-10 09:38:00-04:00,2020-03-15 09:40:00-04:00,2020-03-10 11:38:45.845000-04:00,2020-03-10 11:43:07.018000-04:00,1,,,,,,Control,236.347,45.157,4.0,3.0,1.0,,4.0,5.0,4.0,0.0,0.0,0.0,0.0,0.0,0.0,1.0,,,,,,1117601
PSAM4NK,79773,2020-03-10 09:38:00-04:00,2020-03-15 09:40:00-04:00,2020-03-10 11:28:14.387000-04:00,2020-03-10 11:35:41.450000-04:00,1,,,,,,Control,292.026,69.8515,4.0,3.0,1.0,,4.0,5.0,4.0,0.0,0.0,0.0,0.0,0.0,0.0,1.0,,,,,,1117423
PSAM4NK,79774,2020-03-10 09:38:00-04:00,2020-03-15 09:40:00-04:00,2020-03-10 11:16:40.791000-04:00,2020-03-10 11:20:51.806000-04:00,1,,,,,,Treatment,210.674,34.74125,4.0,3.0,1.0,1.0,4.0,4.0,0.0,0.0,8.0,2.0,0.0,0.0,0.0,1.0,,,,,,1117228
PSAM4NK,79775,2020-03-10 09:38:00-04:00,2020-03-15 09:40:00-04:00,2020-03-10 11:15:18.720000-04:00,2020-03-11 06:52:27.735000-04:00,3,,,,,,Control,70538.57,14072.2528,5.0,2.0,1.0,1.0,4.0,11.0,5.0,3.0,0.0,0.0,0.0,0.0,3.0,2.0,,,,,,1117198
PSAM4NK,79776,2020-03-10 09:38:00-04:00,2020-03-15 09:40:00-04:00,2020-03-10 11:16:14.125000-04:00,2020-03-10 11:34:49.523000-04:00,1,,,,,,Treatment,1040.726,67.444,4.0,3.0,1.0,1.0,4.0,4.0,0.0,0.0,8.0,2.0,0.0,0.0,0.0,1.0,,,,,,1117216
PSAM4NK,79777,2020-03-10 09:38:00-04:00,2020-03-15 09:40:00-04:00,2020-03-10 11:17:27.923000-04:00,2020-03-10 11:22:35.784000-04:00,1,,,,,,Treatment,205.734,68.5713333333333,3.0,3.0,,,3.0,3.0,0.0,0.0,6.0,0.0,0.0,0.0,0.0,1.0,,,,,,1117242
PSAM4NK,79778,2020-03-10 09:38:00-04:00,2020-03-15 09:40:00-04:00,2020-03-12 06:53:01.374000-04:00,2020-03-12 10:28:06.820000-04:00,4,,,,,,Treatment,12706.211,154.2986,5.0,3.0,2.0,2.0,4.0,9.0,0.0,0.0,10.0,2.0,0.0,0.0,0.0,2.0,,,,,,1132830
PSAM4NK,79779,2020-03-10 09:38:00-04:00,2020-03-15 09:40:00-04:00,2020-03-10 11:17:19.176000-04:00,2020-03-10 11:24:33.502000-04:00,1,,,,,,Treatment,359.008,119.654666666667,3.0,3.0,,,3.0,3.0,0.0,0.0,6.0,0.0,0.0,0.0,0.0,1.0,,,,,,1117238
PSAM4NK,79780,2020-03-10 09:38:00-04:00,2020-03-15 09:40:00-04:00,2020-03-10 11:17:51.139000-04:00,2020-03-10 11:23:01.077000-04:00,1,,,,,,Treatment,232.822,77.6003333333333,3.0,3.0,,,3.0,3.0,0.0,0.0,6.0,0.0,0.0,0.0,0.0,1.0,,,,,,1117251
PSAM4NK,79781,2020-03-10 09:38:00-04:00,2020-03-15 09:40:00-04:00,2020-03-10 11:47:29.639000-04:00,2020-03-10 12:42:55.464000-04:00,1,,,,,,Control,3268.85,1089.595,3.0,3.0,,,3.0,3.0,3.0,0.0,0.0,0.0,0.0,0.0,0.0,1.0,,,,,,1117759
PSAM4NK,79782,2020-03-10 09:38:00-04:00,2020-03-15 09:40:00-04:00,2020-03-10 11:23:26.064000-04:00,2020-03-10 11:33:01.122000-04:00,1,,,,,,Treatment,507.193,78.28725,4.0,3.0,1.0,1.0,4.0,4.0,0.0,0.0,8.0,2.0,0.0,0.0,0.0,1.0,,,,,,1117349
PSAM4NK,79783,2020-03-10 09:38:00-04:00,2020-03-15 09:40:00-04:00,2020-03-10 11:16:29.056000-04:00,2020-03-10 11:21:13.037000-04:00,1,,,,,,Treatment,222.82,74.2673333333333,3.0,3.0,,,3.0,3.0,0.0,0.0,6.0,0.0,0.0,0.0,0.0,1.0,,,,,,1117223
PSAM4NK,79784,2020-03-10 09:38:00-04:00,2020-03-15 09:40:00-04:00,2020-03-10 11:16:39.734000-04:00,2020-03-10 11:19:45.877000-04:00,1,,,,,,Treatment,131.076,43.6826666666667,3.0,3.0,,,3.0,3.0,0.0,0.0,6.0,0.0,0.0,0.0,0.0,1.0,,,,,,1117227
PSAM4NK,79785,2020-03-10 09:38:00-04:00,2020-03-15 09:40:00-04:00,2020-03-10 11:39:12.913000-04:00,2020-03-11 11:34:28.567000-04:00,3,,,,,,Control,237.398,79.121,3.0,3.0,,,3.0,3.0,3.0,0.0,0.0,0.0,0.0,0.0,0.0,1.0,,,,,,1117605
PSAM4NK,79786,2020-03-10 09:38:00-04:00,2020-03-15 09:40:00-04:00,2020-03-10 11:21:32.009000-04:00,2020-03-10 11:30:29.756000-04:00,1,,,,,,Control,465.548,104.0585,4.0,3.0,1.0,,4.0,5.0,4.0,0.0,0.0,0.0,0.0,0.0,0.0,1.0,,,,,,1117314
PSAM4NK,79788,2020-03-10 09:38:00-04:00,2020-03-15 09:40:00-04:00,2020-03-10 11:21:56.365000-04:00,2020-03-10 11:25:02.465000-04:00,1,,,,,,Control,136.222,45.4006666666667,3.0,3.0,,,3.0,3.0,3.0,0.0,0.0,0.0,0.0,0.0,0.0,1.0,,,,,,1117320
PSAM4NK,79789,2020-03-10 09:38:00-04:00,2020-03-15 09:40:00-04:00,2020-03-10 11:47:37.475000-04:00,2020-03-11 11:29:31.162000-04:00,2,,,,,,Control,85149.732,21265.49475,4.0,3.0,1.0,1.0,3.0,4.0,4.0,1.0,0.0,0.0,0.0,0.0,0.0,2.0,,,,,,1117763
PSAM4NK,79790,2020-03-10 09:38:00-04:00,2020-03-15 09:40:00-04:00,2020-03-10 11:35:21.163000-04:00,2020-03-10 11:49:19.817000-04:00,1,,,,,,Control,590.708,90.476,5.0,4.0,1.0,1.0,4.0,7.0,5.0,1.0,0.0,0.0,0.0,0.0,0.0,1.0,,,,,,1117557
PSAM4NK,80322,2020-03-10 09:38:00-04:00,2020-03-15 09:40:00-04:00,2020-03-10 10:27:28.997000-04:00,2020-03-10 10:39:15.955000-04:00,2,,,,,,Control,656.304,218.760333333333,3.0,3.0,,,3.0,3.0,3.0,0.0,0.0,0.0,0.0,0.0,0.0,2.0,,,,,,1116287
PSAM4NK,85494,2019-11-19 08:54:07.067000-05:00,2019-12-13 08:56:00-05:00,2019-12-05 08:59:39.421000-05:00,,4,,,,,,Control,,,1.0,,,,,0.0,1.0,0.0,0.0,0.0,0.0,0.0,0.0,1.0,,,,,,650535
PSAM4NK,102683,2020-03-10 09:38:00-04:00,2020-03-15 09:40:00-04:00,2020-03-10 11:42:52.936000-04:00,2020-03-11 11:42:56.875000-04:00,2,,,,,,Control,665.628,74.084,5.0,0.0,0.0,0.0,1.0,11.0,5.0,5.0,0.0,0.0,0.0,0.0,4.0,1.0,,,,,,1117659
PSAM4NK,109240,2020-03-09 10:43:31.689000-04:00,,2020-03-15 16:27:51.383000-04:00,,1,,,,,,Not Assigned,,,,,,,,,,,,,,,,,,,,,,1150489
PSAM4NK,109249,2020-03-09 10:43:31.689000-04:00,,2020-03-09 20:20:53.947000-04:00,,1,,,,,,Control,135.875,135.875,1.0,0.0,,,0.0,0.0,1.0,0.0,0.0,0.0,0.0,0.0,0.0,1.0,,,,,,1113245
PSAM4NK,114856,2020-10-26 12:28:28.053000-04:00,2020-10-30 12:30:00-04:00,2020-10-28 19:00:28.173000-04:00,2020-10-28 19:14:48.327000-04:00,1,,,,,,Treatment,814.596,271.524333333333,3.0,3.0,,,3.0,3.0,0.0,0.0,6.0,0.0,0.0,0.0,0.0,1.0,,,,,,8780154
PSAM4NK,114858,2020-10-26 12:28:28.053000-04:00,2020-10-30 12:30:00-04:00,2020-10-27 09:30:00.160000-04:00,2020-10-27 09:43:04.824000-04:00,1,,,,,,Control,366.065,46.3668,5.0,3.0,2.0,2.0,4.0,7.0,5.0,2.0,0.0,0.0,0.0,0.0,2.0,1.0,,,,,,8603311
PSAM4NK,114863,2020-10-26 12:28:28.053000-04:00,2020-10-30 12:30:00-04:00,2020-10-27 14:47:02.379000-04:00,,1,,,,,,Treatment,,,1.0,,,,,0.0,0.0,0.0,2.0,0.0,0.0,0.0,0.0,1.0,,,,,,8666144
PSAM4NK,114877,2020-10-26 12:28:28.055000-04:00,2020-10-30 12:30:00-04:00,2020-10-26 12:47:19.073000-04:00,2020-10-26 13:00:03.654000-04:00,1,,,,,,Treatment,737.496,36.585,4.0,3.0,1.0,1.0,3.0,3.0,0.0,0.0,8.0,2.0,0.0,0.0,0.0,1.0,,,,,,8541534
PSAM4NK,114881,2020-10-26 12:28:28.055000-04:00,2020-10-30 12:30:00-04:00,2020-10-26 19:36:15.209000-04:00,2020-10-26 22:23:11.946000-04:00,4,,,,,,Treatment,9915.729,106.81325,5.0,3.0,1.0,1.0,4.0,4.0,0.0,0.0,10.0,4.0,0.0,0.0,0.0,3.0,,,,,,8586308
PSAM4NK,144751,2021-04-27 11:49:37.444000-04:00,2021-05-02 00:00:00-04:00,2021-04-29 10:34:31.489000-04:00,2021-04-29 11:11:45.989000-04:00,1,,,,,,Treatment,716.843,101.732,5.0,3.0,2.0,2.0,5.0,8.0,0.0,0.0,10.0,2.0,0.0,0.0,0.0,1.0,,,,,,15998766
PSAM4NK,146354,2020-04-03 09:28:00-04:00,,2020-04-03 09:38:06.128000-04:00,2020-04-03 09:40:53.852000-04:00,1,,,,,,Treatment,128.52,42.833,3.0,3.0,,,3.0,3.0,0.0,0.0,6.0,0.0,0.0,0.0,0.0,1.0,,,,,,1512678
PSAM4NK,146363,2020-04-03 09:28:00-04:00,,2020-04-03 10:02:44.166000-04:00,2020-04-03 10:29:04.010000-04:00,1,,,,,,Treatment,1419.168,146.9712,5.0,0.0,0.0,0.0,5.0,11.0,0.0,0.0,10.0,7.0,0.0,0.0,0.0,1.0,,,,,,1514096
PSAM4NK,146371,2020-04-03 09:28:00-04:00,,2020-04-03 09:53:37.534000-04:00,,1,,,,,,Control,,,1.0,,,,,0.0,1.0,0.0,0.0,0.0,0.0,0.0,0.0,1.0,,,,,,1513551
PSAM4NK,146400,2020-04-03 09:28:00-04:00,,2020-04-03 10:14:39.447000-04:00,2020-04-03 10:30:22.454000-04:00,1,,,,,,Treatment,879.054,180.33525,4.0,3.0,1.0,1.0,4.0,4.0,0.0,0.0,8.0,2.0,0.0,0.0,0.0,1.0,,,,,,1514934
PSAM4NK,146401,2020-04-03 09:28:00-04:00,,2020-04-03 12:23:46.434000-04:00,2020-04-03 12:26:52.706000-04:00,1,,,,,,Treatment,136.955,45.6446666666667,3.0,3.0,,,3.0,3.0,0.0,0.0,6.0,0.0,0.0,0.0,0.0,1.0,,,,,,1523011
PSAM4NK,146570,2020-04-03 09:28:00-04:00,,2020-04-03 09:53:40.973000-04:00,,1,,,,,,Not Assigned,,,,,,,,,,,,,,,,,,,,,,1513553
PSAM4NK,146587,2020-04-03 09:28:00-04:00,,2020-04-03 10:09:49.279000-04:00,,1,,,,,,Treatment,545.363,,1.0,,,,0.0,0.0,0.0,0.0,2.0,2.0,0.0,0.0,0.0,1.0,,,,,,1514604
PSAM4NK,146605,2020-04-03 09:28:00-04:00,,2020-04-03 09:57:33.083000-04:00,2020-04-03 11:36:07.412000-04:00,2,,,,,,Treatment,498.883,66.6265,4.0,3.0,1.0,1.0,4.0,5.0,0.0,0.0,8.0,1.0,0.0,0.0,0.0,1.0,,,,,,1513787
PSAM4NK,146715,2020-04-03 09:28:00-04:00,,2020-04-03 09:51:51.542000-04:00,2020-04-03 09:59:55.107000-04:00,1,,,,,,Control,440.471,146.816333333333,3.0,3.0,,,3.0,3.0,3.0,0.0,0.0,0.0,0.0,0.0,0.0,1.0,,,,,,1513440
PSAM4NK,146722,2020-04-03 09:28:00-04:00,,2020-04-03 09:42:51.360000-04:00,2020-04-03 09:48:59.163000-04:00,1,,,,,,Control,245.092,47.49075,4.0,3.0,1.0,,3.0,5.0,4.0,0.0,0.0,0.0,0.0,0.0,0.0,1.0,,,,,,1512983
PSAM4NK,146742,2020-04-03 09:28:00-04:00,,2020-04-03 10:37:44.155000-04:00,2020-04-03 10:49:14.479000-04:00,1,,,,,,Treatment,600.75,200.248333333333,3.0,3.0,,,3.0,3.0,0.0,0.0,6.0,0.0,0.0,0.0,0.0,1.0,,,,,,1516555
PSAM4NK,146839,2020-04-03 09:28:00-04:00,,2020-04-03 14:30:19.561000-04:00,2020-04-03 14:34:36.328000-04:00,1,,,,,,Treatment,217.528,72.5073333333333,3.0,3.0,,,3.0,3.0,0.0,0.0,6.0,0.0,0.0,0.0,0.0,1.0,,,,,,1528608
PSAM4NK,146859,2020-04-03 09:28:00-04:00,,2020-04-13 11:10:00.132000-04:00,,2,,,,,,Control,393.361,288.505,1.0,0.0,,,0.0,1.0,1.0,1.0,0.0,0.0,0.0,0.0,0.0,1.0,,,,,,1791404
PSAM4NK,146860,2020-04-03 09:28:00-04:00,,2020-04-03 13:32:24.051000-04:00,2020-04-03 13:38:30.616000-04:00,1,,,,,,Control,307.784,102.592,3.0,3.0,,,3.0,3.0,3.0,0.0,0.0,0.0,0.0,0.0,0.0,1.0,,,,,,1526330
PSAM4NK,146948,2020-04-03 09:28:00-04:00,,2020-04-03 11:46:10.026000-04:00,2020-04-03 14:36:57.653000-04:00,1,,,,,,Treatment,10178.37,2375.92825,4.0,3.0,1.0,1.0,4.0,5.0,0.0,0.0,8.0,2.0,0.0,0.0,0.0,1.0,,,,,,1520824
PSAM4NK,147033,2020-04-03 09:00:00-04:00,,2020-04-03 09:13:47.187000-04:00,2020-04-03 09:17:53.905000-04:00,1,,,,,,Treatment,175.975,58.657,3.0,3.0,,,3.0,3.0,0.0,0.0,6.0,0.0,0.0,0.0,0.0,1.0,,,,,,1511405
PSAM4NK,147054,2020-04-03 09:00:00-04:00,,2020-04-03 13:43:34.427000-04:00,,1,,,,,,Treatment,47.98,46.79,1.0,0.0,,,1.0,1.0,0.0,0.0,2.0,1.0,0.0,0.0,0.0,1.0,,,,,,1526829
PSAM4NK,147060,2020-04-03 09:00:00-04:00,,2020-04-03 22:08:12.690000-04:00,,1,,,,,,Treatment,,,1.0,,,,,0.0,0.0,0.0,2.0,0.0,0.0,0.0,0.0,1.0,,,,,,1536528
PSAM4NK,147170,2020-04-03 09:28:00-04:00,,2020-04-03 13:33:30.103000-04:00,,1,,,,,,Treatment,74.176,73.853,1.0,0.0,,,1.0,1.0,0.0,0.0,2.0,1.0,0.0,0.0,0.0,1.0,,,,,,1526389
PSAM4NK,147425,2020-04-03 09:00:00-04:00,,2020-04-03 09:16:57.693000-04:00,2020-04-03 09:45:28.349000-04:00,2,,,,,,Treatment,472.198,157.396,3.0,3.0,,,3.0,3.0,0.0,0.0,6.0,0.0,0.0,0.0,0.0,1.0,,,,,,1511561
PSAM4NK,147473,2020-04-03 09:00:00-04:00,,2020-04-03 09:16:25.934000-04:00,2020-04-03 09:41:08.074000-04:00,1,,,,,,Control,640.463,112.6734,5.0,3.0,1.0,1.0,5.0,7.0,5.0,2.0,0.0,0.0,0.0,0.0,2.0,1.0,,,,,,1511527
PSAM4NK,147524,2020-04-03 09:00:00-04:00,,2020-04-03 12:11:07.658000-04:00,2020-04-03 12:14:41.234000-04:00,1,,,,,,Control,171.734,57.237,3.0,3.0,,,3.0,3.0,3.0,0.0,0.0,0.0,0.0,0.0,0.0,1.0,,,,,,1522283
PSAM4NK,147547,2020-04-03 09:28:00-04:00,,2020-04-03 09:51:50.854000-04:00,2020-04-03 09:55:34.321000-04:00,1,,,,,,Control,174.188,58.06,3.0,3.0,,,3.0,3.0,3.0,0.0,0.0,0.0,0.0,0.0,0.0,1.0,,,,,,1513436
PSAM4NK,147654,2020-04-03 09:00:00-04:00,,2020-04-09 09:27:18.819000-04:00,,2,,,,,,Control,64203.192,64156.745,1.0,0.0,,,0.0,0.0,1.0,1.0,0.0,0.0,0.0,0.0,1.0,2.0,,,,,,1711877
PSAM4NK,147673,2020-04-03 09:28:00-04:00,,2020-04-13 13:55:33.447000-04:00,2020-04-13 14:20:05.407000-04:00,1,,,,,,Treatment,1289.276,167.6262,5.0,2.0,1.0,1.0,5.0,5.0,0.0,0.0,10.0,6.0,0.0,0.0,0.0,1.0,,,,,,1808816
PSAM4NK,147678,2020-04-03 09:00:00-04:00,,2020-04-03 11:15:08.836000-04:00,,1,,,,,,Control,,,1.0,,,,,0.0,1.0,0.0,0.0,0.0,0.0,0.0,0.0,1.0,,,,,,1518976
PSAM4NK,147727,2020-04-03 09:28:00-04:00,,2020-04-03 11:07:33.327000-04:00,2020-04-03 11:36:19.397000-04:00,1,,,,,,Control,1584.489,72.6538,5.0,3.0,2.0,1.0,4.0,10.0,5.0,1.0,0.0,0.0,0.0,0.0,1.0,1.0,,,,,,1518507
PSAM4NK,147835,2020-04-03 09:00:00-04:00,,2020-04-03 10:56:51.520000-04:00,,1,,,,,,Control,,,1.0,,,,,0.0,1.0,0.0,0.0,0.0,0.0,0.0,0.0,1.0,,,,,,1517802
PSAM4NK,147858,2020-04-03 09:28:00-04:00,,2020-04-03 12:20:55.453000-04:00,2020-04-03 12:31:47.425000-04:00,1,,,,,,Treatment,602.431,200.781333333333,3.0,3.0,,,3.0,3.0,0.0,0.0,6.0,0.0,0.0,0.0,0.0,1.0,,,,,,1522858
PSAM4NK,148010,2020-04-03 09:28:00-04:00,,2020-04-03 10:02:33.958000-04:00,2020-04-03 10:39:14.252000-04:00,1,,,,,,Treatment,2105.682,701.889333333333,3.0,3.0,,,3.0,3.0,0.0,0.0,6.0,0.0,0.0,0.0,0.0,1.0,,,,,,1514084
PSAM4NK,148276,2020-04-03 09:00:00-04:00,,2020-04-03 11:02:52.332000-04:00,2020-04-03 11:12:33.895000-04:00,1,,,,,,Control,456.838,75.8606,5.0,3.0,2.0,2.0,4.0,6.0,5.0,2.0,0.0,0.0,0.0,0.0,2.0,1.0,,,,,,1518205
PSAM4NK,148337,2020-04-03 09:00:00-04:00,,2020-04-03 12:10:30.404000-04:00,2020-04-03 12:13:21.222000-04:00,1,,,,,,Control,124.626,41.54,3.0,3.0,,,3.0,3.0,3.0,0.0,0.0,0.0,0.0,0.0,0.0,1.0,,,,,,1522242
PSAM4NK,148358,2020-04-03 09:00:00-04:00,,2020-04-03 09:38:45.577000-04:00,2020-04-03 14:22:21.875000-04:00,6,,,,,,Treatment,12490.666,2355.4302,5.0,2.0,2.0,2.0,5.0,5.0,0.0,0.0,10.0,6.0,0.0,0.0,0.0,2.0,,,,,,1512717
PSAM4NK,148490,2020-04-03 09:28:00-04:00,,2020-04-03 15:00:02.560000-04:00,2020-04-03 15:12:16.927000-04:00,1,,,,,,Control,680.248,60.152,5.0,3.0,1.0,1.0,4.0,7.0,5.0,2.0,0.0,0.0,0.0,0.0,1.0,1.0,,,,,,1529661
PSAM4NK,148495,2020-04-03 09:28:00-04:00,,2020-04-03 13:37:23.529000-04:00,2020-04-03 13:46:32.215000-04:00,1,,,,,,Control,376.236,65.7034,5.0,3.0,1.0,1.0,5.0,9.0,5.0,2.0,0.0,0.0,0.0,0.0,2.0,1.0,,,,,,1526563
PSAM4NK,148565,2020-04-03 09:28:00-04:00,,2020-04-03 11:43:07.598000-04:00,,1,,,,,,Control,,,1.0,,,,,0.0,1.0,0.0,0.0,0.0,0.0,0.0,0.0,1.0,,,,,,1520666
PSAM4NK,148743,2020-04-03 09:00:00-04:00,,2020-04-13 11:05:59.636000-04:00,,1,,,,,,Treatment,,,1.0,,,,,0.0,0.0,0.0,2.0,0.0,0.0,0.0,0.0,1.0,,,,,,1790966
PSAM4NK,148808,2020-04-03 09:00:00-04:00,,2020-04-03 11:15:09.159000-04:00,2020-04-03 11:20:00.171000-04:00,1,,,,,,Control,214.644,71.5406666666667,3.0,3.0,,,3.0,3.0,3.0,0.0,0.0,0.0,0.0,0.0,0.0,1.0,,,,,,1518978
PSAM4NK,148839,2020-04-03 09:00:00-04:00,,2020-04-03 10:36:22.954000-04:00,2020-04-03 10:38:26.885000-04:00,1,,,,,,Treatment,77.986,25.9913333333333,3.0,3.0,,,3.0,3.0,0.0,0.0,6.0,0.0,0.0,0.0,0.0,1.0,,,,,,1516450
PSAM4NK,148840,2020-04-03 09:00:00-04:00,,2020-04-03 12:04:47.113000-04:00,2020-04-03 12:29:09.973000-04:00,1,,,,,,Control,558.683,95.2786,5.0,2.0,2.0,2.0,4.0,7.0,5.0,3.0,0.0,0.0,0.0,0.0,3.0,1.0,,,,,,1521909
PSAM4NK,148918,2020-04-03 09:28:00-04:00,,2020-04-04 15:35:56.703000-04:00,2020-04-05 17:20:57.427000-04:00,3,,,,,,Control,92664.189,16993.5802,5.0,3.0,1.0,1.0,5.0,8.0,5.0,2.0,0.0,0.0,0.0,0.0,2.0,2.0,,,,,,1539024
PSAM4NK,148961,2020-04-03 09:00:00-04:00,,2020-04-03 13:47:36.386000-04:00,2020-04-03 13:54:43.568000-04:00,1,,,,,,Control,383.754,48.729,4.0,3.0,1.0,1.0,4.0,8.0,4.0,1.0,0.0,0.0,0.0,0.0,0.0,1.0,,,,,,1526996
PSAM4NK,149219,2020-04-03 09:28:00-04:00,,2020-04-03 12:16:32.786000-04:00,2020-04-03 12:34:51.118000-04:00,2,,,,,,Treatment,413.78,72.5425,4.0,3.0,1.0,1.0,4.0,4.0,0.0,0.0,8.0,2.0,0.0,0.0,0.0,2.0,,,,,,1522595
PSAM4NK,149488,2020-04-03 09:00:00-04:00,,2020-04-03 09:45:58.488000-04:00,,1,,,,,,Control,420.251,145.06,1.0,0.0,,,1.0,3.0,1.0,1.0,0.0,0.0,0.0,0.0,1.0,1.0,,,,,,1513141
PSAM4NK,149564,2020-04-03 09:00:00-04:00,,2020-04-03 14:05:42.760000-04:00,2020-04-28 15:14:26.271000-04:00,5,,,,,,Control,2164090.173,721363.389666667,3.0,3.0,,,3.0,3.0,3.0,0.0,0.0,0.0,0.0,0.0,0.0,2.0,,,,,,1527736
PSAM4NK,149635,2020-04-03 09:28:00-04:00,,2020-04-03 18:12:16.574000-04:00,2020-04-03 18:24:24.908000-04:00,1,,,,,,Control,629.93,108.31675,4.0,3.0,1.0,1.0,4.0,8.0,4.0,1.0,0.0,0.0,0.0,0.0,1.0,1.0,,,,,,1534124
PSAM4NK,149664,2020-04-03 09:28:00-04:00,,2020-04-03 17:25:16.980000-04:00,,1,,,,,,Treatment,242.147,47.9263333333333,4.0,0.0,0.0,0.0,3.0,10.0,0.0,0.0,8.0,3.0,0.0,0.0,0.0,1.0,,,,,,1533318
PSAM4NK,149814,2020-04-03 09:00:00-04:00,,2020-04-03 10:06:37.824000-04:00,2020-04-03 10:32:06.062000-04:00,5,,,,,,Treatment,1197.527,69.51125,5.0,1.0,1.0,1.0,4.0,4.0,0.0,0.0,10.0,8.0,0.0,0.0,0.0,5.0,,,,,,1514380
PSAM4NK,149858,2020-04-03 09:28:00-04:00,,2020-04-03 17:32:04.701000-04:00,2020-04-03 17:42:15.944000-04:00,1,,,,,,Treatment,499.895,166.628,3.0,3.0,,,3.0,3.0,0.0,0.0,6.0,0.0,0.0,0.0,0.0,1.0,,,,,,1533432
PSAM4NK,149947,2020-04-03 09:28:00-04:00,,2020-04-04 00:11:00.850000-04:00,,1,,,,,,Treatment,37.104,,1.0,,,,0.0,0.0,0.0,0.0,2.0,1.0,0.0,0.0,0.0,1.0,,,,,,1537086
PSAM4NK,150082,2020-04-03 09:00:00-04:00,,2020-04-27 15:42:44.519000-04:00,2020-04-27 15:51:57.466000-04:00,1,,,,,,Treatment,473.284,67.126,4.0,3.0,1.0,1.0,4.0,4.0,0.0,0.0,8.0,2.0,0.0,0.0,0.0,1.0,,,,,,2475834
PSAM4NK,150466,2020-04-03 09:28:00-04:00,,2020-04-16 13:13:17.639000-04:00,,1,,,,,,Treatment,,,1.0,,,,,0.0,0.0,0.0,2.0,0.0,0.0,0.0,0.0,1.0,,,,,,1984717
PSAM4NK,150804,2020-04-03 09:28:00-04:00,,2020-04-03 14:03:31.266000-04:00,2020-04-03 14:18:00.752000-04:00,1,,,,,,Control,823.15,137.1912,5.0,3.0,1.0,1.0,4.0,6.0,5.0,2.0,0.0,0.0,0.0,0.0,2.0,1.0,,,,,,1527656
PSAM4NK,150857,2020-04-03 09:00:00-04:00,,2020-04-03 09:19:06.827000-04:00,2020-04-03 09:33:51.830000-04:00,2,,,,,,Treatment,443.454,28.2584,5.0,3.0,2.0,2.0,5.0,5.0,0.0,0.0,10.0,4.0,0.0,0.0,0.0,2.0,,,,,,1511668
PSAM4NK,151031,2020-04-03 09:28:00-04:00,,2020-04-03 13:38:28.728000-04:00,,2,,,,,,Treatment,,,1.0,,,,,0.0,0.0,0.0,2.0,0.0,0.0,0.0,0.0,1.0,,,,,,1526612
PSAM4NK,151139,2020-04-03 09:00:00-04:00,,2020-04-03 09:38:28.999000-04:00,2020-04-03 09:41:38.953000-04:00,1,,,,,,Control,114.176,38.0566666666667,3.0,3.0,,,3.0,3.0,3.0,0.0,0.0,0.0,0.0,0.0,0.0,1.0,,,,,,1512704
PSAM4NK,151259,2020-04-03 09:28:00-04:00,,2020-04-06 11:17:52.723000-04:00,2020-04-06 11:46:31.650000-04:00,3,,,,,,Treatment,1401.297,213.584666666667,4.0,3.0,1.0,1.0,3.0,3.0,0.0,0.0,8.0,2.0,0.0,0.0,0.0,2.0,,,,,,1562787
PSAM4NK,151619,2020-04-03 09:28:00-04:00,,2020-04-03 10:45:31.864000-04:00,,2,,,,,,Not Assigned,,,,,,,,,,,,,,,,,,,,,,1517070
PSAM4NK,151808,2020-04-03 09:00:00-04:00,,2020-04-03 09:37:13.438000-04:00,2020-04-03 10:22:53.852000-04:00,1,,,,,,Treatment,2109.419,287.6006,5.0,2.0,2.0,2.0,5.0,5.0,0.0,0.0,10.0,6.0,0.0,0.0,0.0,1.0,,,,,,1512643
PSAM4NK,152394,2020-04-03 09:00:00-04:00,,2020-04-03 11:33:19.813000-04:00,2020-04-03 11:57:23.562000-04:00,1,,,,,,Control,1333.907,237.332,5.0,3.0,2.0,1.0,4.0,6.0,5.0,1.0,0.0,0.0,0.0,0.0,0.0,1.0,,,,,,1520082
PSAM4NK,153342,2020-04-03 09:28:00-04:00,,2020-04-03 12:30:28.538000-04:00,2020-04-03 12:37:49.931000-04:00,2,,,,,,Control,393.3,67.16625,4.0,3.0,1.0,1.0,3.0,8.0,4.0,1.0,0.0,0.0,0.0,0.0,0.0,2.0,,,,,,1523339
PSAM4NK,153968,2020-04-03 09:28:00-04:00,,2020-04-03 19:12:38.600000-04:00,2020-04-03 20:02:27.888000-04:00,1,,,,,,Treatment,1810.461,210.25075,5.0,2.0,1.0,1.0,4.0,5.0,0.0,0.0,10.0,5.0,0.0,0.0,0.0,1.0,,,,,,1534963
PSAM4NK,154060,2020-04-03 09:28:00-04:00,,2020-04-03 15:01:45.239000-04:00,,1,,,,,,Control,220.915,36.575,1.0,0.0,,,0.0,2.0,1.0,0.0,0.0,0.0,0.0,0.0,0.0,1.0,,,,,,1529715
PSAM4NK,154254,2020-04-03 09:28:00-04:00,,2020-04-03 10:43:14.172000-04:00,,3,,,,,,Control,260486.806,51980.3008,5.0,0.0,0.0,0.0,2.0,9.0,5.0,5.0,0.0,0.0,0.0,0.0,5.0,2.0,,,,,,1516902
PSAM4NK,154354,2020-04-03 09:28:00-04:00,,2020-04-03 09:39:01.113000-04:00,2020-04-03 09:48:38.732000-04:00,1,,,,,,Treatment,519.364,173.119,3.0,3.0,,,3.0,3.0,0.0,0.0,6.0,0.0,0.0,0.0,0.0,1.0,,,,,,1512737
PSAM4NK,154452,2020-04-03 09:28:00-04:00,,2020-04-03 18:42:43.097000-04:00,2020-04-03 19:04:24.007000-04:00,1,,,,,,Treatment,1182.235,129.335,4.0,3.0,1.0,1.0,4.0,4.0,0.0,0.0,8.0,2.0,0.0,0.0,0.0,1.0,,,,,,1534530
PSAM4NK,154786,2020-04-03 09:28:00-04:00,,2020-04-03 09:46:28.231000-04:00,,1,,,,,,Not Assigned,,,,,,,,,,,,,,,,,,,,,,1513162
PSAM4NK,155589,2020-04-03 09:28:00-04:00,,2020-04-03 13:24:26.213000-04:00,,3,,,,,,Treatment,241504.497,184.273,1.0,0.0,,,0.0,2.0,0.0,0.0,2.0,2.0,0.0,0.0,0.0,3.0,,,,,,1525960
PSAM4NK,156352,2020-04-03 09:00:00-04:00,,2020-05-08 12:01:57.069000-04:00,2020-05-08 12:16:29.049000-04:00,1,,,,,,Treatment,739.55,78.8053333333333,5.0,3.0,2.0,2.0,3.0,3.0,0.0,0.0,10.0,4.0,0.0,0.0,0.0,1.0,,,,,,3035189
PSAM4NK,156648,2020-04-03 09:00:00-04:00,,2020-04-03 12:17:29.926000-04:00,2020-04-03 12:23:30.694000-04:00,1,,,,,,Control,281.197,33.5966,5.0,3.0,1.0,1.0,5.0,8.0,5.0,2.0,0.0,0.0,0.0,0.0,0.0,1.0,,,,,,1522658
PSAM4NK,156922,2020-04-03 09:28:00-04:00,,2020-05-05 08:31:05.538000-04:00,,2,,,,,,Treatment,18.219,,1.0,,,,0.0,0.0,0.0,0.0,2.0,1.0,0.0,0.0,0.0,1.0,,,,,,2830018
PSAM4NK,157672,2020-04-03 09:28:00-04:00,,2020-04-30 12:05:13.503000-04:00,,1,,,,,,Not Assigned,,,,,,,,,,,,,,,,,,,,,,2665052
PSAM4NK,157754,2020-04-03 09:28:00-04:00,,2020-04-03 14:21:49.554000-04:00,,2,,,,,,Control,126.579,86.976,1.0,0.0,,,1.0,2.0,1.0,0.0,0.0,0.0,0.0,0.0,0.0,1.0,,,,,,1528317
PSAM4NK,157854,2020-04-03 09:00:00-04:00,,2020-04-03 10:27:03.511000-04:00,2020-04-03 10:59:12.082000-04:00,1,,,,,,Treatment,1428.109,115.388333333333,5.0,1.0,1.0,1.0,3.0,3.0,0.0,0.0,10.0,8.0,0.0,0.0,0.0,1.0,,,,,,1515812
PSAM4NK,157880,2020-04-03 09:00:00-04:00,,2020-04-03 17:10:46.992000-04:00,2020-04-03 17:14:42.375000-04:00,1,,,,,,Control,181.664,60.552,3.0,3.0,,,3.0,3.0,3.0,0.0,0.0,0.0,0.0,0.0,0.0,1.0,,,,,,1533068
PSAM4NK,157895,2020-04-03 09:00:00-04:00,,2020-04-03 12:40:33.748000-04:00,2020-04-03 12:48:06.954000-04:00,1,,,,,,Treatment,407.076,135.676333333333,3.0,3.0,,,3.0,3.0,0.0,0.0,6.0,0.0,0.0,0.0,0.0,1.0,,,,,,1523863
PSAM4NK,157912,2020-04-03 09:00:00-04:00,,2020-04-03 12:59:17.553000-04:00,,1,,,,,,Treatment,,,1.0,,,,,0.0,0.0,0.0,2.0,0.0,0.0,0.0,0.0,1.0,,,,,,1524761
PSAM4NK,158173,2020-04-03 09:28:00-04:00,,2020-04-03 19:45:44.437000-04:00,,1,,,,,,Treatment,30.441,,1.0,,,,0.0,0.0,0.0,0.0,2.0,1.0,0.0,0.0,0.0,1.0,,,,,,1535317
PSAM4NK,158294,2020-04-20 10:00:00-04:00,2020-04-25 01:00:00-04:00,2020-04-20 11:57:41.807000-04:00,,1,,,,,,Treatment,77.113,76.301,1.0,0.0,,,1.0,1.0,0.0,0.0,2.0,1.0,0.0,0.0,0.0,1.0,,,,,,2090693
PSAM4NK,158311,2020-04-20 10:00:00-04:00,2020-04-25 01:00:00-04:00,2020-04-24 13:22:47.047000-04:00,2020-04-29 17:43:52.665000-04:00,5,,,,,,Treatment,1720.921,89.463,5.0,0.0,0.0,0.0,1.0,1.0,0.0,0.0,10.0,10.0,0.0,0.0,0.0,4.0,,,,,,2383725
PSAM4NK,158328,2020-06-15 10:00:00-04:00,2020-06-20 01:00:00-04:00,2020-06-15 14:49:20.668000-04:00,2020-06-15 15:10:07.912000-04:00,1,,,,,,Treatment,1050.244,350.059666666667,3.0,3.0,,,3.0,3.0,0.0,0.0,6.0,0.0,0.0,0.0,0.0,1.0,,,,,,3919296
PSAM4NK,158431,2020-06-15 10:00:00-04:00,2020-06-20 01:00:00-04:00,2020-06-15 20:21:46.263000-04:00,2020-06-15 21:11:29.336000-04:00,1,,,,,,Control,277.339,92.4373333333333,3.0,3.0,,,3.0,3.0,3.0,0.0,0.0,0.0,0.0,0.0,0.0,1.0,,,,,,3920947
PSAM4NK,158852,2020-04-03 09:00:00-04:00,,2020-04-07 14:48:27.540000-04:00,,1,,,,,,Control,179.343,168.722,1.0,0.0,,,1.0,1.0,1.0,0.0,0.0,0.0,0.0,0.0,0.0,1.0,,,,,,1639536
PSAM4NK,158862,2020-06-15 10:00:00-04:00,2020-06-20 01:00:00-04:00,2020-06-15 11:51:40.946000-04:00,2020-06-15 12:29:20.135000-04:00,1,,,,,,Control,2125.455,366.2454,5.0,4.0,1.0,,5.0,8.0,5.0,0.0,0.0,0.0,0.0,0.0,0.0,1.0,,,,,,3917482
PSAM4NK,158872,2020-04-03 09:00:00-04:00,,2020-04-06 11:23:19.475000-04:00,2020-04-06 11:28:17.368000-04:00,1,,,,,,Treatment,248.721,82.899,3.0,3.0,,,3.0,3.0,0.0,0.0,6.0,0.0,0.0,0.0,0.0,1.0,,,,,,1563414
PSAM4NK,158888,2020-06-15 10:00:00-04:00,2020-06-20 01:00:00-04:00,2020-06-15 12:32:20.154000-04:00,2020-06-15 12:49:08.193000-04:00,1,,,,,,Treatment,906.78,302.242666666667,3.0,3.0,,,3.0,3.0,0.0,0.0,6.0,0.0,0.0,0.0,0.0,1.0,,,,,,3918010
PSAM4NK,159426,2021-04-27 11:49:37.446000-04:00,2021-05-02 00:00:00-04:00,2021-04-30 13:57:16.121000-04:00,2021-04-30 14:01:35.184000-04:00,1,,,,,,Control,208.41,33.878,5.0,3.0,2.0,1.0,4.0,6.0,5.0,1.0,0.0,0.0,0.0,0.0,1.0,1.0,,,,,,16053599
PSAM4NK,159494,2020-04-03 09:28:00-04:00,,2020-04-08 15:59:14.493000-04:00,,1,,,,,,Control,48.548,48.548,1.0,0.0,,,0.0,0.0,1.0,0.0,0.0,0.0,0.0,0.0,0.0,1.0,,,,,,1696832
PSAM4NK,159610,2020-04-03 09:00:00-04:00,,2020-04-03 15:48:28.768000-04:00,2020-04-03 15:52:47.916000-04:00,1,,,,,,Treatment,199.425,66.4713333333333,3.0,3.0,,,3.0,3.0,0.0,0.0,6.0,0.0,0.0,0.0,0.0,1.0,,,,,,1531141
PSAM4NK,161382,2021-04-27 11:49:37.446000-04:00,2021-05-02 00:00:00-04:00,2021-04-28 16:29:58.589000-04:00,2021-04-30 16:34:40.339000-04:00,2,,,,,,Control,5286.504,39.6256,5.0,4.0,1.0,,5.0,6.0,5.0,0.0,0.0,0.0,0.0,0.0,0.0,1.0,,,,,,15983269
PSAM4NK,161435,2020-04-03 09:00:00-04:00,,2020-04-03 09:38:22.041000-04:00,2020-04-03 10:24:34.447000-04:00,1,,,,,,Treatment,2169.963,269.8952,5.0,2.0,2.0,2.0,5.0,6.0,0.0,0.0,10.0,5.0,0.0,0.0,0.0,1.0,,,,,,1512706
PSAM4NK,161597,2021-04-27 11:49:37.444000-04:00,2021-05-02 00:00:00-04:00,2021-05-17 12:23:23.741000-04:00,,6,,,,,,Treatment,607714.773,84.86,1.0,,,,0.0,0.0,0.0,0.0,2.0,2.0,0.0,0.0,0.0,3.0,,,,,,16439348
PSAM4NK,161749,2021-04-27 11:49:37.444000-04:00,2021-05-02 00:00:00-04:00,2021-04-30 16:02:22.994000-04:00,2021-04-30 16:27:19.785000-04:00,2,,,,,,Treatment,1363.941,66.6035,5.0,2.0,1.0,1.0,4.0,4.0,0.0,0.0,10.0,6.0,0.0,0.0,0.0,1.0,,,,,,16058644
PSAM4NK,162189,2021-04-27 11:49:37.446000-04:00,2021-05-02 00:00:00-04:00,2021-04-30 09:59:42.621000-04:00,2021-04-30 10:02:24.329000-04:00,1,,,,,,Treatment,110.833,25.094,4.0,3.0,1.0,1.0,4.0,5.0,0.0,0.0,8.0,1.0,0.0,0.0,0.0,1.0,,,,,,16038044
PSAM4NK,162289,2021-04-27 11:49:37.446000-04:00,2021-05-02 00:00:00-04:00,2021-05-17 14:50:53.758000-04:00,2021-05-18 09:56:40.520000-04:00,2,,,,,,Treatment,68636.162,127.399,5.0,4.0,1.0,1.0,5.0,6.0,0.0,0.0,10.0,2.0,0.0,0.0,0.0,3.0,,,,,,16449021
PSAM4NK,162672,2021-04-27 11:49:37.444000-04:00,2021-05-02 00:00:00-04:00,2021-05-02 19:15:24.430000-04:00,,1,,,,,,Control,907.191,228.302,4.0,0.0,0.0,0.0,2.0,8.0,4.0,2.0,0.0,0.0,0.0,0.0,2.0,1.0,,,,,,16065692
PSAM4NK,162689,2021-04-27 11:49:37.444000-04:00,2021-05-02 00:00:00-04:00,2021-04-27 16:19:25.004000-04:00,2021-04-27 16:23:34.627000-04:00,1,,,,,,Control,190.725,63.5713333333333,3.0,3.0,,,3.0,3.0,3.0,0.0,0.0,0.0,0.0,0.0,0.0,1.0,,,,,,15941368
PSAM4NK,162826,2021-04-27 11:49:37.446000-04:00,2021-05-02 00:00:00-04:00,2021-04-27 15:42:27.249000-04:00,2021-04-30 10:11:04.212000-04:00,2,,,,,,Treatment,239213.727,79737.89,3.0,3.0,,,3.0,3.0,0.0,0.0,6.0,0.0,0.0,0.0,0.0,2.0,,,,,,15939580
PSAM4NK,162896,2021-04-27 11:49:37.446000-04:00,2021-05-02 00:00:00-04:00,2021-04-28 09:01:21.153000-04:00,2021-04-30 10:01:44.147000-04:00,2,,,,,,Control,265.095,51.397,4.0,3.0,1.0,,3.0,4.0,4.0,0.0,0.0,0.0,0.0,0.0,0.0,1.0,,,,,,15951331
PSAM4NK,163130,2021-04-27 11:49:37.446000-04:00,2021-05-02 00:00:00-04:00,2021-05-10 15:28:58.969000-04:00,2021-05-10 15:39:18.167000-04:00,1,,,,,,Treatment,585.205,111.369,4.0,3.0,1.0,1.0,4.0,5.0,0.0,0.0,8.0,2.0,0.0,0.0,0.0,1.0,,,,,,16284133
PSAM4NK,163242,2020-04-03 09:28:00-04:00,,2020-04-03 10:56:30.592000-04:00,2020-04-03 11:26:02.533000-04:00,2,,,,,,Treatment,1596.977,124.3395,5.0,2.0,1.0,1.0,4.0,4.0,0.0,0.0,10.0,6.0,0.0,0.0,0.0,3.0,,,,,,1517777
PSAM4NK,163405,2021-04-27 11:49:37.446000-04:00,2021-05-02 00:00:00-04:00,2021-05-10 17:35:03.205000-04:00,2021-05-10 18:11:39.986000-04:00,1,,,,,,Control,1514.033,239.6768,5.0,3.0,2.0,,5.0,9.0,5.0,0.0,0.0,0.0,0.0,0.0,0.0,1.0,,,,,,16288260
PSAM4NK,164064,2021-04-27 11:49:37.444000-04:00,2021-05-02 00:00:00-04:00,2021-05-26 11:42:47.498000-04:00,2021-05-27 12:37:22.400000-04:00,3,,,,,,Control,89641.378,22370.515,4.0,3.0,1.0,1.0,3.0,7.0,4.0,1.0,0.0,0.0,0.0,0.0,1.0,2.0,,,,,,16618377
PSAM4NK,164218,2021-04-27 11:49:37.444000-04:00,2021-05-02 00:00:00-04:00,2021-05-01 19:58:25.144000-04:00,2021-05-01 20:04:53.171000-04:00,1,,,,,,Control,314.42,58.083,4.0,3.0,1.0,1.0,3.0,6.0,4.0,1.0,0.0,0.0,0.0,0.0,1.0,1.0,,,,,,16063771
PSAM4NK,164518,2020-04-03 09:00:00-04:00,,2020-04-07 12:44:12.623000-04:00,2020-04-07 13:00:54.991000-04:00,1,,,,,,Treatment,882.615,88.9234,5.0,3.0,2.0,2.0,5.0,5.0,0.0,0.0,10.0,4.0,0.0,0.0,0.0,1.0,,,,,,1628042
PSAM4NK,164585,2021-04-27 11:49:37.444000-04:00,2021-05-02 00:00:00-04:00,2021-05-18 18:14:03.094000-04:00,,2,,,,,,Control,44.747,21.331,2.0,0.0,,,1.0,2.0,2.0,1.0,0.0,0.0,0.0,0.0,1.0,1.0,,,,,,16488314
PSAM4NK,164646,2021-04-27 11:49:37.444000-04:00,2021-05-02 00:00:00-04:00,2021-05-20 12:12:12.748000-04:00,,2,,,,,,Treatment,609.293,119.620333333333,3.0,1.0,0.0,0.0,3.0,4.0,0.0,0.0,6.0,3.0,0.0,0.0,0.0,1.0,,,,,,16530024
PSAM4NK,165419,2020-04-03 09:00:00-04:00,,2020-04-18 22:10:49.349000-04:00,2020-04-30 23:43:02.925000-04:00,3,,,,,,Control,171199.196,42770.71625,4.0,3.0,1.0,,3.0,5.0,4.0,0.0,0.0,0.0,0.0,0.0,0.0,2.0,,,,,,2056257
PSAM4NK,166145,2020-04-20 10:00:00-04:00,2020-04-25 01:00:00-04:00,2020-05-10 21:31:17.335000-04:00,2020-06-03 13:32:12.991000-04:00,3,,,,,,Treatment,2044802.292,186444.43625,4.0,3.0,1.0,1.0,4.0,5.0,0.0,0.0,8.0,2.0,0.0,0.0,0.0,3.0,,,,,,3068322
PSAM4NK,166535,2021-04-27 11:49:37.444000-04:00,2021-05-02 00:00:00-04:00,2021-04-28 15:07:59.771000-04:00,2021-04-28 15:30:34.718000-04:00,1,,,,,,Treatment,1304.91,268.8675,4.0,3.0,1.0,1.0,4.0,4.0,0.0,0.0,8.0,2.0,0.0,0.0,0.0,1.0,,,,,,15979981
PSAM4NK,166599,2020-04-03 09:28:00-04:00,,2020-04-03 10:43:29.448000-04:00,,1,,,,,,Control,123.326,62.606,1.0,0.0,,,1.0,8.0,1.0,0.0,0.0,0.0,0.0,0.0,0.0,1.0,,,,,,1516914
PSAM4NK,167118,2020-04-03 09:00:00-04:00,,2020-04-08 11:36:24.068000-04:00,2020-04-08 12:00:51.368000-04:00,1,,,,,,Control,1269.418,80.6044,5.0,2.0,2.0,,5.0,12.0,5.0,0.0,0.0,0.0,0.0,0.0,0.0,1.0,,,,,,1674553
PSAM4NK,167721,2020-04-03 09:28:00-04:00,,2020-05-14 21:20:06.113000-04:00,2020-05-14 21:23:26.106000-04:00,1,,,,,,Control,134.94,26.089,4.0,3.0,1.0,1.0,3.0,4.0,4.0,1.0,0.0,0.0,0.0,0.0,1.0,1.0,,,,,,3310034
PSAM4NK,168562,2021-04-27 11:49:37.446000-04:00,2021-05-02 00:00:00-04:00,2021-05-03 15:25:59.076000-04:00,2021-05-03 15:28:14.543000-04:00,1,,,,,,Control,96.48,32.152,3.0,3.0,,,3.0,3.0,3.0,0.0,0.0,0.0,0.0,0.0,0.0,1.0,,,,,,16098851
PSAM4NK,168835,2020-04-03 09:00:00-04:00,,2020-04-03 16:18:18.370000-04:00,2020-04-03 16:37:27.326000-04:00,1,,,,,,Treatment,830.792,100.1932,5.0,2.0,2.0,2.0,5.0,10.0,0.0,0.0,10.0,3.0,0.0,0.0,0.0,1.0,,,,,,1531883
PSAM4NK,170206,2020-04-20 10:00:00-04:00,2020-04-25 02:59:00-04:00,2020-04-23 16:14:39.294000-04:00,,1,,,,,,Not Assigned,,,,,,,,,,,,,,,,,,,,,,2341937
PSAM4NK,170226,2020-04-20 10:00:00-04:00,2020-04-25 01:00:00-04:00,2020-04-21 21:50:08.549000-04:00,,2,,,,,,Control,831198.542,99.184,1.0,0.0,,,1.0,1.0,1.0,1.0,0.0,0.0,0.0,0.0,0.0,2.0,,,,,,2214315
PSAM4NK,170556,2020-06-15 11:30:00-04:00,2020-06-19 18:30:00-04:00,2020-06-15 13:18:22.149000-04:00,2020-06-15 13:25:49.804000-04:00,1,,,,,,Treatment,240.459,80.1483333333333,3.0,3.0,,,3.0,3.0,0.0,0.0,6.0,0.0,0.0,0.0,0.0,1.0,,,,,,3918508
PSAM4NK,171188,2020-06-15 11:30:00-04:00,2020-06-19 18:30:00-04:00,2020-06-15 12:55:40.354000-04:00,2020-06-15 12:56:57-04:00,1,,,,,,Control,43.756,14.579,3.0,3.0,,,3.0,3.0,3.0,0.0,0.0,0.0,0.0,0.0,0.0,1.0,,,,,,3918261
PSAM4NK,171278,2020-06-15 11:30:00-04:00,2020-06-19 18:30:00-04:00,2020-06-15 11:48:13.926000-04:00,2020-06-15 13:29:47.198000-04:00,1,,,,,,Control,1896.63,632.201666666667,3.0,3.0,,,3.0,3.0,3.0,0.0,0.0,0.0,0.0,0.0,0.0,1.0,,,,,,3917437
PSAM4NK,171867,2021-04-27 11:49:37.444000-04:00,2021-05-02 00:00:00-04:00,2021-05-03 18:33:49.656000-04:00,2021-05-03 18:38:58.215000-04:00,1,,,,,,Treatment,253.481,84.488,3.0,3.0,,,3.0,3.0,0.0,0.0,6.0,0.0,0.0,0.0,0.0,1.0,,,,,,16104408
PSAM4NK,172372,2020-04-03 09:28:00-04:00,,2020-04-03 19:50:22.346000-04:00,,1,,,,,,Control,,,1.0,,,,,0.0,1.0,0.0,0.0,0.0,0.0,0.0,0.0,1.0,,,,,,1535371
PSAM4NK,172603,2020-04-03 09:00:00-04:00,,2020-04-03 13:59:45.137000-04:00,2020-04-11 15:20:50.224000-04:00,2,,,,,,Control,696016.01,2089.09925,4.0,3.0,1.0,1.0,3.0,6.0,4.0,1.0,0.0,0.0,0.0,0.0,0.0,2.0,,,,,,1527509
PSAM4NK,173193,2021-04-27 11:49:37.444000-04:00,2021-05-02 00:00:00-04:00,2021-05-17 12:26:32.184000-04:00,2021-05-18 12:02:58.195000-04:00,2,,,,,,Control,84748.314,21175.9055,4.0,3.0,1.0,1.0,4.0,5.0,4.0,1.0,0.0,0.0,0.0,0.0,1.0,2.0,,,,,,16439571
PSAM4NK,173524,2021-04-27 11:49:37.444000-04:00,2021-05-02 00:00:00-04:00,2021-05-04 08:05:32.280000-04:00,2021-05-20 12:53:08.693000-04:00,2,,,,,,Control,1399532.025,279806.3438,5.0,2.0,1.0,1.0,3.0,12.0,5.0,3.0,0.0,0.0,0.0,0.0,3.0,2.0,,,,,,16108543
PSAM4NK,177221,2021-04-27 11:49:37.446000-04:00,2021-05-02 00:00:00-04:00,2021-05-21 09:52:25.346000-04:00,2021-05-21 09:55:53.711000-04:00,1,,,,,,Treatment,139.758,46.576,3.0,3.0,,,3.0,3.0,0.0,0.0,6.0,0.0,0.0,0.0,0.0,1.0,,,,,,16550153
PSAM4NK,179275,2021-04-27 11:49:37.446000-04:00,2021-05-02 00:00:00-04:00,2021-04-28 15:54:22.409000-04:00,2021-04-28 16:18:37.454000-04:00,1,,,,,,Treatment,1202.564,151.4195,5.0,2.0,1.0,1.0,4.0,4.0,0.0,0.0,10.0,6.0,0.0,0.0,0.0,1.0,,,,,,15982092
PSAM4NK,180987,2020-06-15 10:00:00-04:00,2020-06-20 01:00:00-04:00,2020-06-15 12:37:37.301000-04:00,2020-06-15 12:40:33.507000-04:00,1,,,,,,Treatment,141.841,47.2773333333333,3.0,3.0,,,3.0,3.0,0.0,0.0,6.0,0.0,0.0,0.0,0.0,1.0,,,,,,3918066
PSAM4NK,181258,2021-04-27 11:49:37.444000-04:00,2021-05-02 00:00:00-04:00,2021-05-04 08:16:56.633000-04:00,2021-05-04 08:19:05.536000-04:00,1,,,,,,Control,88.162,29.3806666666667,3.0,3.0,,,3.0,3.0,3.0,0.0,0.0,0.0,0.0,0.0,0.0,1.0,,,,,,16108751
PSAM4NK,182288,2020-04-03 09:00:00-04:00,,2020-04-07 11:49:37.918000-04:00,,2,,,,,,Treatment,272250.861,,1.0,,,,0.0,0.0,0.0,0.0,2.0,1.0,0.0,0.0,0.0,2.0,,,,,,1621771
PSAM4NK,182306,2020-04-03 09:00:00-04:00,,2020-04-04 13:38:41.094000-04:00,,1,,,,,,Control,,,1.0,,,,,0.0,1.0,0.0,0.0,0.0,0.0,0.0,0.0,1.0,,,,,,1538409
PSAM4NK,182803,2020-06-15 10:00:00-04:00,2020-06-20 01:00:00-04:00,2020-06-16 13:08:56.630000-04:00,2020-06-17 15:42:56.706000-04:00,2,,,,,,Control,95561.611,31853.862,3.0,3.0,,,3.0,3.0,3.0,0.0,0.0,0.0,0.0,0.0,0.0,2.0,,,,,,3924922
PSAM4NK,184545,2020-04-20 10:00:00-04:00,2020-04-25 02:59:00-04:00,2020-04-22 19:44:40.129000-04:00,2020-04-22 19:50:30.970000-04:00,1,,,,,,Treatment,319.595,57.3823333333333,4.0,3.0,1.0,1.0,3.0,3.0,0.0,0.0,8.0,2.0,0.0,0.0,0.0,1.0,,,,,,2280193
PSAM4NK,185863,2020-04-20 10:00:00-04:00,2020-04-25 01:00:00-04:00,2020-04-23 12:56:38.457000-04:00,2020-04-23 13:11:44.634000-04:00,1,,,,,,Treatment,849.741,34.6833333333333,4.0,3.0,1.0,1.0,3.0,3.0,0.0,0.0,8.0,2.0,0.0,0.0,0.0,1.0,,,,,,2321259
PSAM4NK,186710,2020-04-03 09:00:00-04:00,,2020-04-03 13:05:59.111000-04:00,,1,,,,,,Treatment,,,1.0,,,,,0.0,0.0,0.0,2.0,0.0,0.0,0.0,0.0,1.0,,,,,,1525095
PSAM4NK,188837,2020-04-03 09:00:00-04:00,,2020-04-03 11:09:46.914000-04:00,2020-04-03 11:21:45.168000-04:00,2,,,,,,Control,539.986,73.388,5.0,1.0,1.0,1.0,3.0,9.0,5.0,4.0,0.0,0.0,0.0,0.0,3.0,2.0,,,,,,1518657
PSAM4NK,189333,2020-04-20 10:00:00-04:00,2020-04-25 02:59:00-04:00,2020-04-23 12:22:48.535000-04:00,2020-04-23 12:41:46.328000-04:00,2,,,,,,Treatment,929.058,113.926,4.0,3.0,1.0,1.0,4.0,4.0,0.0,0.0,8.0,2.0,0.0,0.0,0.0,2.0,,,,,,2316331
PSAM4NK,189566,2020-04-03 09:28:00-04:00,,2020-04-28 13:18:30.480000-04:00,,1,,,,,,Treatment,574.339,,1.0,,,,0.0,0.0,0.0,0.0,2.0,2.0,0.0,0.0,0.0,1.0,,,,,,2537227
PSAM4NK,189598,2020-04-03 09:28:00-04:00,,2020-04-03 10:52:23.877000-04:00,2020-04-03 11:06:39.524000-04:00,1,,,,,,Control,711.194,98.808,5.0,1.0,1.0,1.0,3.0,9.0,5.0,3.0,0.0,0.0,0.0,0.0,1.0,1.0,,,,,,1517494
PSAM4NK,190280,2020-11-09 08:10:00-05:00,2020-11-20 20:00:00-05:00,2020-11-13 08:26:15.744000-05:00,2020-12-09 08:43:42.655000-05:00,5,,,,,,Treatment,1728407.214,164.449333333333,4.0,3.0,1.0,1.0,3.0,3.0,0.0,0.0,8.0,2.0,0.0,0.0,0.0,3.0,,,,,,9687191
PSAM4NK,190927,2020-04-20 10:00:00-04:00,2020-04-25 02:59:00-04:00,2020-04-20 16:47:51.530000-04:00,2020-04-20 16:52:54.723000-04:00,1,,,,,,Treatment,191.731,29.6032,5.0,4.0,1.0,1.0,5.0,6.0,0.0,0.0,10.0,1.0,0.0,0.0,0.0,1.0,,,,,,2124371
PSAM4NK,191304,2020-11-09 08:10:00-05:00,2020-11-20 20:00:00-05:00,2020-11-19 10:49:13.581000-05:00,,3,,,,,,Control,4837373.052,79.6248,5.0,3.0,2.0,2.0,4.0,9.0,5.0,2.0,0.0,0.0,0.0,0.0,2.0,2.0,,,,,,10062382
PSAM4NK,193374,2020-04-20 10:00:00-04:00,2020-04-25 02:59:00-04:00,2020-04-22 16:32:35.420000-04:00,,1,,,,,,Treatment,,,1.0,,,,,0.0,0.0,0.0,2.0,0.0,0.0,0.0,0.0,1.0,,,,,,2272192
PSAM4NK,193955,2020-04-20 10:00:00-04:00,2020-04-25 01:00:00-04:00,2020-04-21 14:31:11.735000-04:00,2020-04-21 14:36:34.803000-04:00,1,,,,,,Control,195.258,28.3765,4.0,3.0,1.0,1.0,4.0,6.0,4.0,1.0,0.0,0.0,0.0,0.0,0.0,1.0,,,,,,2192073
PSAM4NK,195138,2020-04-03 09:00:00-04:00,,2020-04-03 13:07:17.850000-04:00,2020-04-03 13:23:57.027000-04:00,1,,,,,,Control,937.463,92.9185,4.0,3.0,1.0,1.0,4.0,6.0,4.0,1.0,0.0,0.0,0.0,0.0,1.0,1.0,,,,,,1525159
PSAM4NK,197223,2020-04-03 09:00:00-04:00,,2020-04-10 16:26:25.106000-04:00,,2,,,,,,Control,627.703,11.4426,5.0,0.0,0.0,0.0,0.0,5.0,5.0,5.0,0.0,0.0,0.0,0.0,1.0,1.0,,,,,,1766616
PSAM4NK,198162,2020-04-03 09:28:00-04:00,,2020-04-23 16:13:40.323000-04:00,2020-04-23 16:18:38.612000-04:00,1,,,,,,Control,250.451,83.482,3.0,3.0,,,3.0,3.0,3.0,0.0,0.0,0.0,0.0,0.0,0.0,1.0,,,,,,2341872
PSAM4NK,198447,2020-04-03 09:28:00-04:00,,2020-04-14 08:24:17.224000-04:00,,1,,,,,,Control,24.889,24.889,1.0,0.0,,,0.0,0.0,1.0,0.0,0.0,0.0,0.0,0.0,0.0,1.0,,,,,,1833468
PSAM4NK,198839,2020-04-03 09:00:00-04:00,,2020-04-03 13:08:36.618000-04:00,,1,,,,,,Control,14.238,12.911,1.0,0.0,,,0.0,0.0,1.0,1.0,0.0,0.0,0.0,0.0,0.0,1.0,,,,,,1525222
PSAM4NK,199833,2020-11-09 08:10:00-05:00,2020-11-20 20:00:00-05:00,2020-11-16 17:39:53.567000-05:00,2020-11-16 18:29:12.743000-05:00,1,,,,,,Treatment,2170.819,131.699,5.0,0.0,0.0,0.0,2.0,2.0,0.0,0.0,10.0,10.0,0.0,0.0,0.0,1.0,,,,,,9846840
PSAM4NK,200281,2020-04-03 09:00:00-04:00,,2020-04-03 09:04:45.719000-04:00,2020-05-04 15:43:42.321000-04:00,3,,,,,,Control,2500275.651,499973.9626,5.0,3.0,2.0,,4.0,6.0,5.0,0.0,0.0,0.0,0.0,0.0,0.0,2.0,,,,,,1510994
PSAM4NK,200448,2020-04-03 09:00:00-04:00,,2020-04-03 09:34:23.451000-04:00,2020-04-03 10:01:18.682000-04:00,1,,,,,,Control,1496.757,296.6994,5.0,4.0,1.0,,5.0,6.0,5.0,0.0,0.0,0.0,0.0,0.0,0.0,1.0,,,,,,1512487
PSAM4NK,201623,2021-02-08 11:30:00-05:00,2021-02-08 17:00:00-05:00,2021-02-08 11:39:21.948000-05:00,2021-02-08 11:45:38.082000-05:00,1,,,,,,Treatment,275.241,91.7383333333333,3.0,3.0,,,3.0,3.0,0.0,0.0,6.0,0.0,0.0,0.0,0.0,1.0,,,,,,13204703
PSAM4NK,201668,2021-04-27 11:49:37.446000-04:00,2021-05-02 00:00:00-04:00,2021-05-03 15:02:56.271000-04:00,2021-05-17 11:47:12.283000-04:00,2,,,,,,Treatment,1197817.566,399272.505666667,3.0,3.0,,,3.0,3.0,0.0,0.0,6.0,0.0,0.0,0.0,0.0,2.0,,,,,,16097724
PSAM4NK,201973,2021-02-08 13:35:00-05:00,2021-02-08 17:00:00-05:00,2021-02-08 13:53:25.316000-05:00,,2,,,,,,Treatment,329.175,81.157,2.0,0.0,,,1.0,1.0,0.0,0.0,4.0,2.0,0.0,0.0,0.0,2.0,,,,,,13223319
PSAM4NK,204425,2021-02-08 15:05:00-05:00,2021-02-08 17:00:00-05:00,2021-02-08 15:10:02.578000-05:00,,1,,,,,,Treatment,949.935,54.7068,5.0,1.0,1.0,1.0,5.0,7.0,0.0,0.0,10.0,6.0,0.0,0.0,0.0,1.0,,,,,,13233296
PSAM4NK,206355,2020-11-09 08:10:00-05:00,2020-11-20 20:00:00-05:00,2021-01-14 12:29:26.559000-05:00,,1,,,,,,Not Assigned,,,,,,,,,,,,,,,,,,,,,,12118947
PSAM4NK,212128,2021-01-04 10:39:07.939000-05:00,,2021-01-06 14:17:16.589000-05:00,,1,,,,,,Not Assigned,,,,,,,,,,,,,,,,,,,,,,11686957
PSAM4NK,213367,2020-11-09 08:10:00-05:00,2020-11-20 20:00:00-05:00,2020-11-19 10:52:06.027000-05:00,,2,,,,,,Treatment,23.007,22.314,1.0,0.0,,,1.0,1.0,0.0,0.0,2.0,1.0,0.0,0.0,0.0,1.0,,,,,,10062855
PSAM4NK,214378,2021-02-08 11:30:00-05:00,2021-02-08 17:00:00-05:00,2021-02-08 12:06:01.235000-05:00,2021-02-08 12:16:48.138000-05:00,1,,,,,,Control,582.396,96.741,5.0,3.0,2.0,2.0,4.0,11.0,5.0,2.0,0.0,0.0,0.0,0.0,2.0,1.0,,,,,,13208339
PSAM4NK,215537,2021-05-20 09:42:31.767000-04:00,2021-05-20 23:59:00-04:00,2021-05-20 10:36:56.576000-04:00,2021-05-20 10:53:01.013000-04:00,2,,,,,,Control,895.938,298.635,3.0,3.0,,,3.0,3.0,3.0,0.0,0.0,0.0,0.0,0.0,0.0,1.0,,,,,,16524416
PSAM4NK,217319,2021-03-25 13:34:18.718000-04:00,,2021-03-26 11:00:35.768000-04:00,2021-03-26 11:03:09.783000-04:00,1,,,,,,Control,113.543,37.8416666666667,3.0,3.0,,,3.0,3.0,3.0,0.0,0.0,0.0,0.0,0.0,0.0,1.0,,,,,,15072028
PSAM4NK,217985,2021-05-20 09:42:31.767000-04:00,2021-05-20 23:59:00-04:00,2021-05-20 09:56:50.095000-04:00,2021-05-20 10:31:26.147000-04:00,4,,,,,,Treatment,558.219,88.4404,5.0,3.0,1.0,1.0,5.0,7.0,0.0,0.0,10.0,3.0,0.0,0.0,0.0,2.0,,,,,,16522166
PSAM4NK,218904,2021-02-08 11:30:00-05:00,2021-02-08 17:00:00-05:00,2021-02-08 11:35:49.352000-05:00,,1,,,,,,Control,2082.743,397.0492,5.0,0.0,0.0,0.0,1.0,7.0,5.0,5.0,0.0,0.0,0.0,0.0,5.0,1.0,,,,,,13204170
PSAM4NK,219081,2020-11-09 08:10:00-05:00,2020-11-20 20:00:00-05:00,2020-11-12 15:05:27.600000-05:00,2020-11-12 15:36:06.969000-05:00,1,,,,,,Treatment,1678.579,277.68075,5.0,3.0,1.0,1.0,3.0,4.0,0.0,0.0,10.0,3.0,0.0,0.0,0.0,1.0,,,,,,9661777
PSAM4NK,220238,2021-02-08 11:30:00-05:00,2021-02-08 17:00:00-05:00,2021-02-08 12:19:56.055000-05:00,2021-02-08 12:38:17.485000-05:00,1,,,,,,Control,1056.788,236.2225,4.0,3.0,1.0,1.0,4.0,5.0,4.0,1.0,0.0,0.0,0.0,0.0,1.0,1.0,,,,,,13210171
PSAM4NK,228081,2020-11-09 08:10:00-05:00,2020-11-20 20:00:00-05:00,2020-11-19 09:04:12.756000-05:00,2021-01-14 08:48:28.432000-05:00,4,,,,,,Control,4837410.203,48.5366,5.0,3.0,1.0,0.0,3.0,6.0,5.0,1.0,0.0,0.0,0.0,0.0,1.0,2.0,,,,,,10045457
PSAM4NK,229061,2020-04-03 09:28:00-04:00,,2020-04-07 14:01:25.855000-04:00,2020-04-23 14:07:52.533000-04:00,7,,,,,,Control,2664.205,106.178444444444,10.0,0.0,0.0,0.0,4.0,9.0,5.0,5.0,10.0,10.0,0.0,0.0,0.0,1.0,,,,,,1635938
PSAM4NK,229061,2020-04-03 09:28:00-04:00,,2020-04-07 14:01:25.855000-04:00,2020-04-23 14:07:52.533000-04:00,7,,,,,,Treatment,2664.205,106.178444444444,10.0,0.0,0.0,0.0,4.0,9.0,5.0,5.0,10.0,10.0,0.0,0.0,0.0,1.0,,,,,,1635938
PSAM4NK,230091,2021-02-08 11:30:00-05:00,2021-02-08 17:00:00-05:00,2021-02-08 11:35:43.306000-05:00,2021-02-08 11:47:31.089000-05:00,1,,,,,,Control,654.495,151.67375,4.0,3.0,1.0,1.0,4.0,6.0,4.0,1.0,0.0,0.0,0.0,0.0,1.0,1.0,,,,,,13204159
PSAM4NK,231461,2021-02-08 15:05:00-05:00,2021-02-08 17:00:00-05:00,2021-02-08 15:11:58.960000-05:00,,1,,,,,,Control,560.647,117.565,4.0,1.0,1.0,1.0,4.0,8.0,4.0,2.0,0.0,0.0,0.0,0.0,2.0,1.0,,,,,,13233476
PSAM4NK,231748,2021-02-10 13:35:00-05:00,2021-02-10 17:00:00-05:00,2021-02-10 13:42:54.102000-05:00,2021-02-10 13:57:27.416000-05:00,1,,,,,,Treatment,660.987,77.5842,5.0,2.0,2.0,2.0,5.0,5.0,0.0,0.0,10.0,6.0,0.0,0.0,0.0,1.0,,,,,,13363688
PSAM4NK,237465,2021-02-08 15:05:00-05:00,2021-02-08 17:00:00-05:00,2021-02-08 15:16:01.570000-05:00,,1,,,,,,Treatment,162.603,,1.0,,,,0.0,0.0,0.0,0.0,2.0,1.0,0.0,0.0,0.0,1.0,,,,,,13233917
PSAM4NK,238462,2021-02-08 13:35:00-05:00,2021-02-08 17:00:00-05:00,2021-02-08 13:52:47.151000-05:00,2021-02-08 14:05:08.243000-05:00,1,,,,,,Control,709.145,99.11575,4.0,3.0,1.0,1.0,4.0,6.0,4.0,1.0,0.0,0.0,0.0,0.0,1.0,1.0,,,,,,13223218
PSAM4NK,240663,2021-02-08 15:05:00-05:00,2021-02-08 17:00:00-05:00,2021-02-08 15:25:00.293000-05:00,2021-02-08 22:32:35.005000-05:00,2,,,,,,Control,24092.584,2241.5852,5.0,0.0,0.0,0.0,4.0,25.0,5.0,5.0,0.0,0.0,0.0,0.0,3.0,2.0,,,,,,13234708
PSAM4NK,240883,2020-11-09 08:10:00-05:00,2020-11-20 20:00:00-05:00,2020-12-16 11:45:31.737000-05:00,,3,,,,,,Control,172999.062,43186.88075,4.0,0.0,0.0,0.0,2.0,9.0,4.0,4.0,0.0,0.0,0.0,0.0,3.0,2.0,,,,,,11347439
PSAM4NK,241140,2021-02-08 13:35:00-05:00,2021-02-08 17:00:00-05:00,2021-02-09 09:16:56.161000-05:00,,5,,,,,,Treatment,99800.235,49.6995,2.0,0.0,0.0,0.0,2.0,3.0,0.0,0.0,4.0,3.0,0.0,0.0,0.0,4.0,,,,,,13256367
PSAM4NK,245981,2020-06-15 11:30:00-04:00,2020-06-19 18:30:00-04:00,2020-06-16 12:45:54.764000-04:00,2020-06-16 12:49:23.019000-04:00,1,,,,,,Control,126.391,16.205,5.0,3.0,1.0,0.0,4.0,6.0,5.0,1.0,0.0,0.0,0.0,0.0,1.0,1.0,,,,,,3924684
PSAM4NK,249355,2020-04-03 09:28:00-04:00,,2020-04-10 15:58:06.732000-04:00,2020-04-13 08:56:41.341000-04:00,2,,,,,,Control,233826.436,77942.127,3.0,3.0,,,3.0,3.0,3.0,0.0,0.0,0.0,0.0,0.0,0.0,2.0,,,,,,1766107
PSAM4NK,255504,2020-06-15 10:00:00-04:00,2020-06-20 01:00:00-04:00,2020-06-15 12:54:44.821000-04:00,2020-06-15 13:03:02.375000-04:00,1,,,,,,Control,390.041,130.012666666667,3.0,3.0,,,3.0,3.0,3.0,0.0,0.0,0.0,0.0,0.0,0.0,1.0,,,,,,3918256
PSAM4NK,255763,2020-06-15 11:30:00-04:00,2020-06-19 18:30:00-04:00,2020-06-15 13:10:50.298000-04:00,2020-06-15 13:37:00.984000-04:00,6,,,,,,Control,953.934,171.0834,5.0,2.0,1.0,,5.0,8.0,5.0,0.0,0.0,0.0,0.0,0.0,0.0,1.0,,,,,,3918426
PSAM4NK,255845,2020-06-15 10:00:00-04:00,2020-06-20 01:00:00-04:00,2020-06-15 12:21:17.536000-04:00,2020-06-15 12:36:12.976000-04:00,1,,,,,,Treatment,827.898,275.948333333333,3.0,3.0,,,3.0,3.0,0.0,0.0,6.0,0.0,0.0,0.0,0.0,1.0,,,,,,3917864
PSAM4NK,256403,2020-06-15 11:30:00-04:00,2020-06-19 18:30:00-04:00,2020-06-15 12:33:43.391000-04:00,2020-06-15 12:40:31.444000-04:00,1,,,,,,Control,323.543,107.839,3.0,3.0,,,3.0,3.0,3.0,0.0,0.0,0.0,0.0,0.0,0.0,1.0,,,,,,3918023
PSAM4NK,256677,2020-04-20 10:00:00-04:00,2020-04-25 02:59:00-04:00,2020-04-24 14:12:27.577000-04:00,2020-04-24 14:26:21.250000-04:00,4,,,,,,Treatment,690.513,67.744,5.0,2.0,1.0,1.0,4.0,6.0,0.0,0.0,10.0,5.0,0.0,0.0,0.0,3.0,,,,,,2387785
PSAM4NK,257517,2020-06-15 10:00:00-04:00,2020-06-20 01:00:00-04:00,2020-06-15 14:37:37.241000-04:00,2020-06-15 14:40:37.761000-04:00,1,,,,,,Treatment,148.593,49.529,3.0,3.0,,,3.0,3.0,0.0,0.0,6.0,0.0,0.0,0.0,0.0,1.0,,,,,,3919205
PSAM4NK,257721,2020-06-15 10:00:00-04:00,2020-06-20 01:00:00-04:00,2020-06-15 13:29:56.376000-04:00,2020-06-15 13:44:40.915000-04:00,1,,,,,,Control,827.791,275.925,3.0,3.0,,,3.0,3.0,3.0,0.0,0.0,0.0,0.0,0.0,0.0,1.0,,,,,,3918632
PSAM4NK,257764,2020-06-15 11:30:00-04:00,2020-06-19 18:30:00-04:00,2020-06-17 12:11:43.017000-04:00,2020-06-17 12:43:48.517000-04:00,1,,,,,,Treatment,1871.098,354.6585,4.0,3.0,1.0,1.0,4.0,4.0,0.0,0.0,8.0,2.0,0.0,0.0,0.0,1.0,,,,,,3929680
PSAM4NK,257793,2020-06-15 11:30:00-04:00,2020-06-19 18:30:00-04:00,2020-06-15 13:37:16.731000-04:00,2020-06-15 13:40:03.987000-04:00,1,,,,,,Control,122.281,40.7566666666667,3.0,3.0,,,3.0,3.0,3.0,0.0,0.0,0.0,0.0,0.0,0.0,1.0,,,,,,3918693
PSAM4NK,258379,2020-06-15 11:30:00-04:00,2020-06-19 18:30:00-04:00,2020-06-15 13:04:03.272000-04:00,2020-06-15 13:06:58.755000-04:00,1,,,,,,Treatment,134.652,44.8823333333333,3.0,3.0,,,3.0,3.0,0.0,0.0,6.0,0.0,0.0,0.0,0.0,1.0,,,,,,3918356
PSAM4NK,258806,2020-06-15 10:00:00-04:00,2020-06-20 01:00:00-04:00,2020-06-15 12:12:36.355000-04:00,2020-06-15 12:26:43.778000-04:00,1,,,,,,Treatment,684.67,228.218666666667,3.0,3.0,,,3.0,3.0,0.0,0.0,6.0,0.0,0.0,0.0,0.0,1.0,,,,,,3917760
PSAM4NK,259792,2020-04-20 10:00:00-04:00,2020-04-25 01:00:00-04:00,2020-04-20 20:07:05.556000-04:00,,1,,,,,,Not Assigned,,,,,,,,,,,,,,,,,,,,,,2132833
PSAM4NK,260219,2020-06-15 11:30:00-04:00,2020-06-19 18:30:00-04:00,2020-06-15 14:41:54.613000-04:00,2020-06-15 15:21:00.331000-04:00,1,,,,,,Treatment,2292.757,556.45625,4.0,3.0,1.0,1.0,4.0,5.0,0.0,0.0,8.0,1.0,0.0,0.0,0.0,1.0,,,,,,3919235
PSAM4NK,260271,2020-06-15 11:30:00-04:00,2020-06-19 18:30:00-04:00,2020-06-15 12:23:47.394000-04:00,2020-06-15 12:27:27.008000-04:00,1,,,,,,Control,179.185,59.726,3.0,3.0,,,3.0,3.0,3.0,0.0,0.0,0.0,0.0,0.0,0.0,1.0,,,,,,3917903
PSAM4NK,262433,2020-04-20 10:00:00-04:00,2020-04-25 02:59:00-04:00,2020-05-29 15:00:09.092000-04:00,,1,,,,,,Control,,,1.0,,,,,0.0,1.0,0.0,0.0,0.0,0.0,0.0,0.0,1.0,,,,,,3704756
PSAM4NK,262660,2020-06-15 11:30:00-04:00,2020-06-19 18:30:00-04:00,2020-06-15 11:36:37.882000-04:00,2020-06-15 12:16:23.292000-04:00,1,,,,,,Treatment,2191.833,291.457,4.0,3.0,1.0,1.0,4.0,4.0,0.0,0.0,8.0,2.0,0.0,0.0,0.0,1.0,,,,,,3917268
PSAM4NK,263215,2020-04-20 10:00:00-04:00,2020-04-25 02:59:00-04:00,2020-04-21 17:46:39.693000-04:00,2020-04-21 18:01:32.502000-04:00,1,,,,,,Control,708.492,114.9302,5.0,1.0,1.0,,5.0,9.0,5.0,0.0,0.0,0.0,0.0,0.0,0.0,1.0,,,,,,2206702
PSAM4NK,263887,2020-06-15 10:00:00-04:00,2020-06-20 01:00:00-04:00,2020-06-15 16:03:11.574000-04:00,2020-06-15 16:05:16.441000-04:00,1,,,,,,Treatment,94.507,31.4986666666667,3.0,3.0,,,3.0,3.0,0.0,0.0,6.0,0.0,0.0,0.0,0.0,1.0,,,,,,3919779
PSAM4NK,263922,2020-06-15 11:30:00-04:00,2020-06-19 18:30:00-04:00,2020-06-17 19:34:13.823000-04:00,2020-06-17 19:37:55.635000-04:00,1,,,,,,Treatment,191.263,63.7423333333333,3.0,3.0,,,3.0,3.0,0.0,0.0,6.0,0.0,0.0,0.0,0.0,1.0,,,,,,3931473
PSAM4NK,264597,2020-04-20 10:00:00-04:00,2020-04-25 02:59:00-04:00,2020-05-15 16:46:10.254000-04:00,,1,,,,,,Treatment,232.597,232.153,1.0,0.0,,,1.0,1.0,0.0,0.0,2.0,1.0,0.0,0.0,0.0,1.0,,,,,,3337965
PSAM4NK,264954,2020-04-20 10:00:00-04:00,2020-04-25 01:00:00-04:00,2020-04-21 14:31:47.348000-04:00,,1,,,,,,Treatment,81.054,,1.0,0.0,,,0.0,0.0,0.0,0.0,2.0,2.0,0.0,0.0,0.0,1.0,,,,,,2192139
PSAM4NK,265326,2020-06-15 11:30:00-04:00,2020-06-19 18:30:00-04:00,2020-06-15 12:56:52.802000-04:00,2020-06-15 13:01:00.164000-04:00,1,,,,,,Treatment,145.549,48.5146666666667,3.0,3.0,,,3.0,3.0,0.0,0.0,6.0,0.0,0.0,0.0,0.0,1.0,,,,,,3918277
PSAM4NK,267247,2020-04-03 09:00:00-04:00,,2020-04-23 16:45:01.790000-04:00,,1,,,,,,Not Assigned,,,,,,,,,,,,,,,,,,,,,,2343809
PSAM4NK,272453,2020-06-15 11:30:00-04:00,2020-06-19 18:30:00-04:00,2020-06-15 22:38:59.333000-04:00,2020-06-15 22:40:21.618000-04:00,1,,,,,,Treatment,40.261,13.413,3.0,3.0,,,3.0,3.0,0.0,0.0,6.0,0.0,0.0,0.0,0.0,1.0,,,,,,3921305
PSAM4NK,276764,2020-06-15 10:00:00-04:00,2020-06-20 01:00:00-04:00,2020-06-15 11:51:52.369000-04:00,2020-06-15 11:57:46.941000-04:00,1,,,,,,Treatment,303.285,101.088333333333,3.0,3.0,,,3.0,3.0,0.0,0.0,6.0,0.0,0.0,0.0,0.0,1.0,,,,,,3917489
PSAM4NK,281358,2020-06-15 10:00:00-04:00,2020-06-20 01:00:00-04:00,2020-06-15 12:09:24.564000-04:00,2020-06-15 17:19:47.427000-04:00,1,,,,,,Treatment,18581.655,6193.87133333333,3.0,3.0,,,3.0,3.0,0.0,0.0,6.0,0.0,0.0,0.0,0.0,1.0,,,,,,3917727
PSAM4NK,281562,2020-06-15 10:00:00-04:00,2020-06-20 01:00:00-04:00,2020-06-15 12:11:30.591000-04:00,2020-06-15 13:05:17.246000-04:00,2,,,,,,Treatment,265.567,88.52,3.0,3.0,,,3.0,3.0,0.0,0.0,6.0,0.0,0.0,0.0,0.0,1.0,,,,,,3917750
PSAM4NK,283391,2020-04-20 10:00:00-04:00,2020-04-25 02:59:00-04:00,2020-05-15 14:20:59.559000-04:00,,1,,,,,,Control,,,1.0,,,,,0.0,1.0,0.0,0.0,0.0,0.0,0.0,0.0,1.0,,,,,,3332891
PSAM4NK,283559,2020-11-09 08:10:00-05:00,2020-11-20 20:00:00-05:00,2020-11-19 09:06:02.887000-05:00,,6,,,,,,Control,4837811.285,1449223.95266667,3.0,0.0,0.0,0.0,3.0,11.0,3.0,2.0,0.0,0.0,0.0,0.0,2.0,3.0,,,,,,10045783
PSAM4NK,283777,2020-06-15 11:30:00-04:00,2020-06-19 18:30:00-04:00,2020-06-15 15:09:18.995000-04:00,2020-06-15 15:20:01.420000-04:00,1,,,,,,Treatment,602.943,200.954666666667,3.0,3.0,,,3.0,3.0,0.0,0.0,6.0,0.0,0.0,0.0,0.0,1.0,,,,,,3919445
PSAM4NK,294063,2020-11-09 08:10:00-05:00,2020-11-20 20:00:00-05:00,2020-11-19 11:00:06.926000-05:00,,1,,,,,,Treatment,171.189,171.18,2.0,1.0,,,1.0,1.0,0.0,0.0,4.0,0.0,0.0,0.0,0.0,1.0,,,,,,10064386
PSAM4NK,294656,2020-06-15 11:30:00-04:00,2020-06-19 18:30:00-04:00,2020-06-16 14:02:36.513000-04:00,2020-06-16 14:06:09.951000-04:00,1,,,,,,Control,147.131,49.04,3.0,3.0,,,3.0,3.0,3.0,0.0,0.0,0.0,0.0,0.0,0.0,1.0,,,,,,3925347
PSAM4NK,297142,2021-01-04 10:39:07.937000-05:00,,2021-01-22 12:23:53.383000-05:00,,1,,,,,,Control,133.639,38.406,4.0,2.0,1.0,,3.0,4.0,4.0,0.0,0.0,0.0,0.0,0.0,0.0,1.0,,,,,,12467525
PSAM4NK,305324,2021-01-04 10:39:07.936000-05:00,,2021-01-06 15:08:07.374000-05:00,,1,,,,,,Control,,,1.0,,,,,0.0,1.0,0.0,0.0,0.0,0.0,0.0,0.0,1.0,,,,,,11692792
PSAM4NK,308036,2021-02-08 13:35:00-05:00,2021-02-08 17:00:00-05:00,2021-02-08 13:38:27.412000-05:00,2021-02-08 14:00:47.091000-05:00,1,,,,,,Treatment,1120.451,192.6165,4.0,3.0,1.0,1.0,4.0,4.0,0.0,0.0,8.0,2.0,0.0,0.0,0.0,1.0,,,,,,13221220
PSAM4NK,308573,2020-11-09 08:10:00-05:00,2020-11-20 20:00:00-05:00,2020-11-19 09:12:18.222000-05:00,,1,,,,,,Treatment,,,1.0,,,,,0.0,0.0,0.0,2.0,0.0,0.0,0.0,0.0,1.0,,,,,,10046608
PSAM4NK,319108,2021-02-08 13:35:00-05:00,2021-02-08 17:00:00-05:00,2021-02-08 13:53:27.979000-05:00,,1,,,,,,Treatment,162.082,161.448,1.0,0.0,,,1.0,1.0,0.0,0.0,2.0,1.0,0.0,0.0,0.0,1.0,,,,,,13223325
PSAM4NK,323139,2021-05-20 09:42:31.767000-04:00,2021-05-20 23:59:00-04:00,2021-05-20 11:28:36.067000-04:00,,2,,,,,,Treatment,96.139,23.5925,2.0,1.0,,,2.0,2.0,0.0,0.0,4.0,2.0,0.0,0.0,0.0,1.0,,,,,,16527448
PSAM4NK,323506,2021-05-20 09:42:31.767000-04:00,2021-05-20 23:59:00-04:00,2021-05-20 10:32:44.854000-04:00,2021-05-20 10:35:40.524000-04:00,1,,,,,,Control,126.997,42.3253333333333,3.0,3.0,,,3.0,3.0,3.0,0.0,0.0,0.0,0.0,0.0,0.0,1.0,,,,,,16524127
PSAM4NK,325593,2021-05-20 09:42:31.767000-04:00,2021-05-20 23:59:00-04:00,2021-05-20 10:27:20.218000-04:00,,1,,,,,,Treatment,308.701,20.255,1.0,,,,0.0,0.0,0.0,0.0,2.0,2.0,0.0,0.0,0.0,1.0,,,,,,16523775
PSAM4NK,332941,2020-04-03 09:00:00-04:00,,2020-05-11 11:15:08.569000-04:00,2020-05-11 11:32:03.085000-04:00,2,,,,,,Control,930.362,87.529,5.0,2.0,1.0,0.0,5.0,9.0,5.0,1.0,0.0,0.0,0.0,0.0,1.0,2.0,,,,,,3087831
PSAM4NK,334749,2021-05-20 09:42:31.767000-04:00,2021-05-20 23:59:00-04:00,2021-05-20 10:58:13.133000-04:00,,1,,,,,,Treatment,89.076,11.819,1.0,,,,0.0,0.0,0.0,0.0,2.0,2.0,0.0,0.0,0.0,1.0,,,,,,16525692
PSAM4NK,336084,2020-11-09 08:10:00-05:00,2020-11-20 20:00:00-05:00,2020-11-12 16:25:37.599000-05:00,,6,,,,,,Treatment,4347.591,14.833,5.0,0.0,0.0,0.0,1.0,1.0,0.0,0.0,10.0,10.0,0.0,0.0,0.0,4.0,,,,,,9670135
PSAM4NK,337274,2020-11-09 08:10:00-05:00,2020-11-20 20:00:00-05:00,2020-11-20 17:45:12.607000-05:00,,4,,,,,,Control,,,1.0,,,,,0.0,1.0,0.0,0.0,0.0,0.0,0.0,0.0,2.0,,,,,,10186407
PSAM4NK,338691,2020-11-09 08:10:00-05:00,2020-11-20 20:00:00-05:00,2020-11-12 08:45:09.263000-05:00,2020-12-17 08:59:00.309000-05:00,4,,,,,,Treatment,3024798.398,89.025,4.0,3.0,1.0,1.0,3.0,3.0,0.0,0.0,8.0,2.0,0.0,0.0,0.0,2.0,,,,,,9596055
PSAM4NK,340162,2021-05-20 09:42:31.767000-04:00,2021-05-20 23:59:00-04:00,2021-05-20 10:57:04.788000-04:00,,1,,,,,,Control,1421.936,130.439,5.0,0.0,0.0,0.0,1.0,20.0,5.0,5.0,0.0,0.0,0.0,0.0,5.0,1.0,,,,,,16525622
PSAM4NK,340318,2020-04-03 09:00:00-04:00,,2020-05-05 21:06:54.250000-04:00,,1,,,,,,Not Assigned,,,,,,,,,,,,,,,,,,,,,,2892634
PSAM4NK,340838,2020-11-09 08:10:00-05:00,2020-11-20 20:00:00-05:00,2020-11-19 15:27:05.776000-05:00,2020-12-04 12:22:16.223000-05:00,6,,,,,,Treatment,1284772.212,222349.4702,5.0,3.0,2.0,2.0,5.0,5.0,0.0,0.0,10.0,4.0,0.0,0.0,0.0,4.0,,,,,,10110403
PSAM4NK,340908,2021-05-20 09:42:31.767000-04:00,2021-05-20 23:59:00-04:00,2021-05-20 11:14:39.743000-04:00,,6,,,,,,Treatment,82603.128,197.555,1.0,0.0,,,1.0,1.0,0.0,0.0,2.0,2.0,0.0,0.0,0.0,3.0,,,,,,16526691
PSAM4NK,343434,2020-11-09 08:10:00-05:00,2020-11-20 20:00:00-05:00,2020-11-10 17:26:26.004000-05:00,,1,,,,,,Not Assigned,,,,,,,,,,,,,,,,,,,,,,9526078
PSAM4NK,343975,2021-05-20 09:42:31.767000-04:00,2021-05-20 23:59:00-04:00,2021-05-20 11:38:53.362000-04:00,,1,,,,,,Not Assigned,,,,,,,,,,,,,,,,,,,,,,16528077
PSAM4NK,345351,2021-05-20 09:42:31.767000-04:00,2021-05-20 23:59:00-04:00,2021-05-20 10:39:07.439000-04:00,,1,,,,,,Not Assigned,,,,,,,,,,,,,,,,,,,,,,16524539
PSAM4NK,346687,2021-05-20 09:42:31.767000-04:00,2021-05-20 23:59:00-04:00,2021-05-20 10:31:58.516000-04:00,2021-05-20 10:35:03.059000-04:00,1,,,,,,Control,118.159,39.3833333333333,3.0,3.0,,,3.0,3.0,3.0,0.0,0.0,0.0,0.0,0.0,0.0,1.0,,,,,,16524053
PSAM4NK,348028,2020-11-09 08:10:00-05:00,2020-11-20 20:00:00-05:00,2021-01-13 18:19:11.935000-05:00,2021-01-13 18:33:53.891000-05:00,1,,,,,,Control,763.165,74.6366,5.0,2.0,1.0,1.0,4.0,9.0,5.0,2.0,0.0,0.0,0.0,0.0,0.0,1.0,,,,,,12078129
PSAM4NK,349608,2020-05-10 11:00:00-04:00,2020-05-18 02:59:00-04:00,2020-05-11 12:35:54.534000-04:00,,8,,,,,,Control,341955.518,89204.7375,3.0,0.0,0.0,0.0,0.0,9.0,3.0,2.0,0.0,0.0,0.0,0.0,2.0,3.0,,,,,,3098537
PSAM4NK,349664,2020-05-10 11:00:00-04:00,2020-05-18 02:59:00-04:00,2020-05-11 12:04:36.993000-04:00,2020-05-11 12:43:50.845000-04:00,2,,,,,,Control,1326.237,247.2458,5.0,3.0,1.0,,5.0,7.0,5.0,0.0,0.0,0.0,0.0,0.0,0.0,2.0,,,,,,3094277
PSAM4NK,349801,2020-05-10 11:00:00-04:00,2020-05-18 02:59:00-04:00,2020-05-13 15:05:54.288000-04:00,2020-05-13 15:34:51.692000-04:00,3,,,,,,Control,1694.779,293.0218,5.0,3.0,1.0,1.0,4.0,6.0,5.0,2.0,0.0,0.0,0.0,0.0,2.0,3.0,,,,,,3239484
PSAM4NK,349877,2020-05-10 11:00:00-04:00,2020-05-18 02:59:00-04:00,2020-05-15 12:41:38.847000-04:00,,1,,,,,,Treatment,350.393,47.905,1.0,0.0,,,1.0,1.0,0.0,0.0,2.0,2.0,0.0,0.0,0.0,1.0,,,,,,3327385
PSAM4NK,349991,2020-05-10 11:00:00-04:00,2020-05-18 02:59:00-04:00,2020-05-14 15:05:45.348000-04:00,,1,,,,,,Treatment,207.41,,1.0,0.0,,,0.0,0.0,0.0,0.0,2.0,2.0,0.0,0.0,0.0,1.0,,,,,,3296816
PSAM4NK,350000,2020-05-10 11:00:00-04:00,2020-05-18 02:59:00-04:00,2020-05-11 12:27:42.906000-04:00,2020-05-13 12:16:14.477000-04:00,5,,,,,,Control,167146.638,33299.306,5.0,3.0,2.0,1.0,5.0,12.0,5.0,1.0,0.0,0.0,0.0,0.0,0.0,3.0,,,,,,3097406
PSAM4NK,350062,2020-05-10 11:00:00-04:00,2020-05-18 02:59:00-04:00,2020-05-11 18:24:25.945000-04:00,,2,,,,,,Treatment,506423.267,99.978,1.0,0.0,,,1.0,1.0,0.0,0.0,2.0,2.0,0.0,0.0,0.0,3.0,,,,,,3126883
PSAM4NK,350122,2020-05-10 11:00:00-04:00,2020-05-18 02:59:00-04:00,2020-05-19 00:55:53.967000-04:00,,1,,,,,,Treatment,85.496,84.749,1.0,0.0,,,1.0,1.0,0.0,0.0,2.0,1.0,0.0,0.0,0.0,1.0,,,,,,3409931
PSAM4NK,350151,2020-05-10 11:00:00-04:00,2020-05-18 02:59:00-04:00,2020-05-13 13:17:07.606000-04:00,2020-05-13 14:18:41.971000-04:00,1,,,,,,Control,1007.19,72.6325,4.0,3.0,1.0,1.0,3.0,9.0,4.0,1.0,0.0,0.0,0.0,0.0,1.0,1.0,,,,,,3229815
PSAM4NK,350176,2020-05-10 11:00:00-04:00,2020-05-18 02:59:00-04:00,2020-05-15 14:54:19.650000-04:00,,1,,,,,,Not Assigned,,,,,,,,,,,,,,,,,,,,,,3334377
PSAM4NK,350184,2020-05-10 11:00:00-04:00,2020-05-18 02:59:00-04:00,2020-05-11 23:18:11.185000-04:00,,1,,,,,,Treatment,,,1.0,,,,,0.0,0.0,0.0,2.0,0.0,0.0,0.0,0.0,1.0,,,,,,3133833
PSAM4NK,350378,2020-05-10 11:00:00-04:00,2020-05-18 02:59:00-04:00,2020-05-11 13:51:44.887000-04:00,,3,,,,,,Treatment,346064.387,,5.0,0.0,0.0,0.0,0.0,0.0,0.0,0.0,10.0,10.0,0.0,0.0,0.0,3.0,,,,,,3108083
PSAM4NK,350393,2020-05-10 11:00:00-04:00,2020-05-18 02:59:00-04:00,2020-05-13 14:25:49.126000-04:00,,3,,,,,,Treatment,700.027,136.7405,3.0,0.0,0.0,0.0,1.0,2.0,0.0,0.0,6.0,4.0,0.0,0.0,0.0,4.0,,,,,,3236506
PSAM4NK,350405,2020-05-10 11:00:00-04:00,2020-05-18 02:59:00-04:00,2020-05-13 13:17:10.292000-04:00,,2,,,,,,Treatment,800.705,100.9365,3.0,1.0,1.0,1.0,2.0,2.0,0.0,0.0,6.0,2.0,0.0,0.0,0.0,1.0,,,,,,3229809
PSAM4NK,350610,2020-05-10 11:00:00-04:00,2020-05-18 02:59:00-04:00,2020-05-13 13:34:46.543000-04:00,2020-05-15 15:20:58.370000-04:00,3,,,,,,Control,179114.678,44756.58,4.0,3.0,1.0,1.0,4.0,6.0,4.0,1.0,0.0,0.0,0.0,0.0,0.0,2.0,,,,,,3231637
PSAM4NK,350743,2020-05-10 11:00:00-04:00,2020-05-18 02:59:00-04:00,2020-05-13 12:26:10.009000-04:00,2020-05-13 12:47:37.991000-04:00,1,,,,,,Treatment,1014.312,86.7732,5.0,2.0,2.0,2.0,5.0,5.0,0.0,0.0,10.0,6.0,0.0,0.0,0.0,1.0,,,,,,3224097
PSAM4NK,350933,2020-05-10 11:00:00-04:00,2020-05-18 02:59:00-04:00,2020-05-13 13:57:26.665000-04:00,,1,,,,,,Not Assigned,,,,,,,,,,,,,,,,,,,,,,3233861
PSAM4NK,351113,2020-11-09 08:10:00-05:00,2020-11-20 20:00:00-05:00,2020-11-19 11:01:55.720000-05:00,,1,,,,,,Control,,,1.0,,,,,0.0,1.0,0.0,0.0,0.0,0.0,0.0,0.0,1.0,,,,,,10064707
PSAM4NK,351130,2020-05-10 11:00:00-04:00,2020-05-18 02:59:00-04:00,2020-05-17 23:35:23.617000-04:00,2020-05-17 23:55:26.008000-04:00,1,,,,,,Treatment,606.405,45.297,5.0,1.0,1.0,1.0,3.0,3.0,0.0,0.0,10.0,8.0,0.0,0.0,0.0,1.0,,,,,,3354230
PSAM4NK,351352,2020-05-10 11:00:00-04:00,2020-05-18 02:59:00-04:00,2020-05-15 15:10:35.902000-04:00,2020-05-15 15:13:06.083000-04:00,1,,,,,,Control,87.3,29.0936666666667,3.0,3.0,,,3.0,3.0,3.0,0.0,0.0,0.0,0.0,0.0,0.0,1.0,,,,,,3335012
PSAM4NK,352911,2020-05-10 11:00:00-04:00,2020-05-18 02:59:00-04:00,2020-05-21 23:13:56.322000-04:00,2020-05-22 11:40:22.353000-04:00,2,,,,,,Control,1502.348,99.417,5.0,0.0,0.0,0.0,0.0,13.0,5.0,5.0,0.0,0.0,0.0,0.0,4.0,1.0,,,,,,3544855
PSAM4NK,353199,2020-05-10 11:00:00-04:00,2020-05-18 02:59:00-04:00,2020-05-11 12:40:29.406000-04:00,2020-05-11 12:44:10.529000-04:00,1,,,,,,Control,173.236,28.94975,4.0,3.0,1.0,1.0,3.0,7.0,4.0,1.0,0.0,0.0,0.0,0.0,1.0,1.0,,,,,,3099149
PSAM4NK,353502,2020-05-10 11:00:00-04:00,2020-05-18 02:59:00-04:00,2020-05-13 15:34:13.194000-04:00,,1,,,,,,Treatment,90.363,,1.0,,,,0.0,0.0,0.0,0.0,2.0,1.0,0.0,0.0,0.0,1.0,,,,,,3241251
PSAM4NK,354049,2020-05-10 11:00:00-04:00,2020-05-18 02:59:00-04:00,2020-05-12 13:07:40.410000-04:00,2020-05-12 13:21:31.102000-04:00,2,,,,,,Control,652.976,217.649,3.0,3.0,,,3.0,3.0,3.0,0.0,0.0,0.0,0.0,0.0,0.0,1.0,,,,,,3169175
PSAM4NK,354090,2020-05-10 11:00:00-04:00,2020-05-18 02:59:00-04:00,2020-05-12 15:01:09.644000-04:00,2020-05-19 14:48:05.690000-04:00,2,,,,,,Control,288.679,96.221,3.0,3.0,,,3.0,3.0,3.0,0.0,0.0,0.0,0.0,0.0,0.0,1.0,,,,,,3180915
PSAM4NK,354112,2020-05-10 11:00:00-04:00,2020-05-18 02:59:00-04:00,2020-05-17 21:53:02.127000-04:00,,1,,,,,,Control,,,1.0,,,,,0.0,1.0,0.0,0.0,0.0,0.0,0.0,0.0,1.0,,,,,,3353557
PSAM4NK,354303,2020-05-10 11:00:00-04:00,2020-05-18 02:59:00-04:00,2020-05-15 17:20:40.312000-04:00,2020-05-15 17:32:37.452000-04:00,1,,,,,,Control,364.262,121.419,3.0,3.0,,,3.0,3.0,3.0,0.0,0.0,0.0,0.0,0.0,0.0,1.0,,,,,,3338856
PSAM4NK,354480,2020-05-10 11:00:00-04:00,2020-05-18 02:59:00-04:00,2020-05-17 16:04:43.722000-04:00,2020-05-17 16:07:00.162000-04:00,1,,,,,,Treatment,80.468,26.8196666666667,3.0,3.0,,,3.0,3.0,0.0,0.0,6.0,0.0,0.0,0.0,0.0,1.0,,,,,,3351082
PSAM4NK,355846,2020-05-10 11:00:00-04:00,2020-05-18 02:59:00-04:00,2020-05-11 11:11:49.667000-04:00,,1,,,,,,Treatment,96.778,58.376,1.0,0.0,,,1.0,1.0,0.0,0.0,2.0,2.0,0.0,0.0,0.0,1.0,,,,,,3087437
PSAM4NK,356178,2020-05-10 11:00:00-04:00,2020-05-18 02:59:00-04:00,2020-05-14 21:17:58.818000-04:00,2020-05-14 21:23:11.895000-04:00,1,,,,,,Treatment,262.569,44.4166666666667,4.0,3.0,1.0,1.0,3.0,3.0,0.0,0.0,8.0,2.0,0.0,0.0,0.0,1.0,,,,,,3310004
PSAM4NK,356366,2020-05-10 11:00:00-04:00,2020-05-18 02:59:00-04:00,2020-05-17 13:59:16.703000-04:00,2020-05-17 14:14:56.514000-04:00,1,,,,,,Control,786.852,69.8308,5.0,2.0,2.0,,5.0,9.0,5.0,0.0,0.0,0.0,0.0,0.0,0.0,1.0,,,,,,3350332
PSAM4NK,357002,2020-05-10 11:00:00-04:00,2020-05-18 02:59:00-04:00,2020-05-14 13:15:25.195000-04:00,2020-05-14 13:59:12.225000-04:00,2,,,,,,Control,195.737,22.0148,5.0,3.0,2.0,1.0,4.0,8.0,5.0,1.0,0.0,0.0,0.0,0.0,1.0,1.0,,,,,,3287117
PSAM4NK,357841,2020-05-10 11:00:00-04:00,2020-05-18 02:59:00-04:00,2020-05-14 17:28:46.963000-04:00,2020-05-14 17:37:57.902000-04:00,4,,,,,,Control,499.261,88.28225,4.0,3.0,1.0,,4.0,5.0,4.0,0.0,0.0,0.0,0.0,0.0,0.0,3.0,,,,,,3303750
PSAM4NK,357906,2020-05-10 11:00:00-04:00,2020-05-18 02:59:00-04:00,2020-05-11 15:07:27.737000-04:00,2020-05-11 15:24:02.633000-04:00,1,,,,,,Treatment,913.347,304.447333333333,3.0,3.0,,,3.0,3.0,0.0,0.0,6.0,0.0,0.0,0.0,0.0,1.0,,,,,,3115743
PSAM4NK,358070,2020-05-10 11:00:00-04:00,2020-05-18 02:59:00-04:00,2020-05-15 20:45:13.997000-04:00,,1,,,,,,Treatment,315.653,179.683,1.0,0.0,,,1.0,1.0,0.0,0.0,2.0,2.0,0.0,0.0,0.0,1.0,,,,,,3342214
PSAM4NK,358558,2020-05-10 11:00:00-04:00,2020-05-18 02:59:00-04:00,2020-05-14 12:30:10.281000-04:00,,1,,,,,,Control,393.059,152.739,1.0,0.0,,,1.0,2.0,1.0,0.0,0.0,0.0,0.0,0.0,0.0,1.0,,,,,,3282109
PSAM4NK,360062,2020-05-10 11:00:00-04:00,2020-05-18 02:59:00-04:00,2020-05-14 11:38:14.594000-04:00,,2,,,,,,Not Assigned,,,,,,,,,,,,,,,,,,,,,,3276351
PSAM4NK,360271,2021-05-20 09:42:31.767000-04:00,2021-05-20 23:59:00-04:00,2021-05-20 11:12:20.876000-04:00,2021-05-20 11:41:21.320000-04:00,2,,,,,,Control,1446.695,169.5772,5.0,0.0,0.0,0.0,1.0,8.0,5.0,5.0,0.0,0.0,0.0,0.0,1.0,1.0,,,,,,16526553
PSAM4NK,361533,2020-11-09 08:10:00-05:00,2020-11-20 20:00:00-05:00,2020-11-13 11:17:18.105000-05:00,2020-11-15 19:00:26.146000-05:00,3,,,,,,Treatment,1326.274,442.083666666667,3.0,3.0,,,3.0,3.0,0.0,0.0,6.0,0.0,0.0,0.0,0.0,2.0,,,,,,9708506
PSAM4NK,363641,2020-05-10 11:00:00-04:00,2020-05-18 02:59:00-04:00,2020-05-18 20:33:47.487000-04:00,,1,,,,,,Treatment,71.514,70.683,1.0,0.0,,,1.0,1.0,0.0,0.0,2.0,1.0,0.0,0.0,0.0,1.0,,,,,,3406443
PSAM4NK,364141,2020-11-09 08:10:00-05:00,2020-11-20 20:00:00-05:00,2020-12-14 17:47:56.031000-05:00,,5,,,,,,Control,2697.108,16.0475,10.0,0.0,0.0,0.0,2.0,7.0,5.0,4.0,10.0,10.0,0.0,0.0,4.0,3.0,,,,,,11239577
PSAM4NK,364141,2020-11-09 08:10:00-05:00,2020-11-20 20:00:00-05:00,2020-12-14 17:47:56.031000-05:00,,5,,,,,,Treatment,2697.108,16.0475,10.0,0.0,0.0,0.0,2.0,7.0,5.0,4.0,10.0,10.0,0.0,0.0,4.0,3.0,,,,,,11239577
PSAM4NK,365206,2021-05-20 09:42:31.767000-04:00,2021-05-20 23:59:00-04:00,2021-05-20 11:28:04.539000-04:00,,1,,,,,,Control,123.849,8.91966666666667,3.0,0.0,0.0,0.0,1.0,5.0,3.0,3.0,0.0,0.0,0.0,0.0,3.0,1.0,,,,,,16527422
PSAM4NK,366269,2020-05-10 11:00:00-04:00,2020-05-18 02:59:00-04:00,2020-05-14 15:25:05.968000-04:00,2020-05-14 15:44:05.617000-04:00,1,,,,,,Control,794.593,128.281,5.0,2.0,1.0,,5.0,8.0,5.0,0.0,0.0,0.0,0.0,0.0,0.0,1.0,,,,,,3297981
PSAM4NK,366529,2020-05-10 11:00:00-04:00,2020-05-18 02:59:00-04:00,2020-05-17 14:06:31.864000-04:00,2020-05-17 14:24:35.108000-04:00,1,,,,,,Treatment,1025.96,140.1845,5.0,3.0,1.0,1.0,4.0,5.0,0.0,0.0,10.0,3.0,0.0,0.0,0.0,1.0,,,,,,3350381
PSAM4NK,370969,2020-04-03 09:00:00-04:00,,2020-05-11 18:02:15.362000-04:00,,1,,,,,,Treatment,,,1.0,,,,,0.0,0.0,0.0,2.0,0.0,0.0,0.0,0.0,1.0,,,,,,3126044
PSAM4NK,371494,2020-05-10 11:00:00-04:00,2020-05-18 02:59:00-04:00,2020-05-12 15:29:22.960000-04:00,2020-05-12 18:12:58.688000-04:00,2,,,,,,Control,9685.645,2371.23375,4.0,3.0,1.0,1.0,3.0,5.0,4.0,1.0,0.0,0.0,0.0,0.0,1.0,2.0,,,,,,3182927
PSAM4NK,375891,2020-11-09 08:10:00-05:00,2020-11-20 20:00:00-05:00,2020-11-11 18:57:16.526000-05:00,,1,,,,,,Control,,,1.0,,,,,0.0,1.0,0.0,0.0,0.0,0.0,0.0,0.0,1.0,,,,,,9586229
PSAM4NK,376005,2020-11-09 08:10:00-05:00,2020-11-20 20:00:00-05:00,2020-12-14 12:12:01.715000-05:00,,2,,,,,,Control,355149.742,355114.185,1.0,0.0,,,0.0,1.0,1.0,1.0,0.0,0.0,0.0,0.0,1.0,2.0,,,,,,11203090
PSAM4NK,376238,2020-05-10 11:00:00-04:00,2020-05-18 02:59:00-04:00,2020-05-15 23:08:39.725000-04:00,2020-05-16 01:01:00.649000-04:00,1,,,,,,Control,1018.802,112.7552,5.0,0.0,0.0,0.0,5.0,24.0,5.0,4.0,0.0,0.0,0.0,0.0,4.0,1.0,,,,,,3343532
PSAM4NK,381978,2021-02-10 11:30:00-05:00,2021-02-10 17:00:00-05:00,2021-02-10 11:49:04.695000-05:00,,1,,,,,,Treatment,1135.631,501.981,2.0,0.0,,,1.0,2.0,0.0,0.0,4.0,2.0,0.0,0.0,0.0,1.0,,,,,,13349414
PSAM4NK,402317,2021-04-09 12:33:19.356000-04:00,2021-05-21 12:35:00-04:00,2021-05-17 15:44:30.829000-04:00,,1,,,,,,Control,8.572,7.228,1.0,0.0,,,0.0,0.0,1.0,1.0,0.0,0.0,0.0,0.0,1.0,1.0,,,,,,16451219
PSAM4NK,403748,2021-04-09 12:33:19.354000-04:00,2021-05-21 12:35:00-04:00,2021-04-16 12:11:57.507000-04:00,,3,,,,,,Treatment,,,1.0,,,,,0.0,0.0,0.0,2.0,0.0,0.0,0.0,0.0,1.0,,,,,,15625701
PSAM4NK,403782,2021-04-09 12:33:19.349000-04:00,2021-05-21 12:35:00-04:00,2021-04-20 11:46:33.619000-04:00,2021-04-20 11:51:30.777000-04:00,1,,,,,,Control,269.597,89.851,3.0,3.0,,,3.0,3.0,3.0,0.0,0.0,0.0,0.0,0.0,0.0,1.0,,,,,,15710689
PSAM4NK,403839,2021-02-19 10:38:14.050000-05:00,,2021-02-25 10:53:54.214000-05:00,2021-02-26 10:58:51.676000-05:00,2,,,,,,Treatment,86410.545,104.5586,5.0,2.0,1.0,1.0,5.0,8.0,0.0,0.0,10.0,6.0,0.0,0.0,0.0,3.0,,,,,,13915379
PSAM4NK,404568,2020-12-17 11:15:00-05:00,2020-12-18 02:59:00-05:00,2020-12-17 11:29:21.454000-05:00,2020-12-17 11:44:59.587000-05:00,1,,,,,,Control,894.793,143.3214,5.0,3.0,1.0,1.0,5.0,14.0,5.0,2.0,0.0,0.0,0.0,0.0,2.0,1.0,,,,,,11400508
PSAM4NK,404580,2020-12-17 11:15:00-05:00,2020-12-18 02:59:00-05:00,2020-12-17 12:27:12.725000-05:00,2020-12-17 13:08:23.830000-05:00,3,,,,,,Treatment,1197.752,229.6576,5.0,4.0,1.0,1.0,5.0,5.0,0.0,0.0,10.0,2.0,0.0,0.0,0.0,1.0,,,,,,11406651
PSAM4NK,404584,2020-12-17 11:15:00-05:00,2020-12-18 02:59:00-05:00,2020-12-17 18:45:32.739000-05:00,2020-12-17 18:50:34.507000-05:00,1,,,,,,Control,250.693,83.5606666666667,3.0,3.0,,,3.0,3.0,3.0,0.0,0.0,0.0,0.0,0.0,0.0,1.0,,,,,,11428327
PSAM4NK,404967,2021-04-09 12:33:19.349000-04:00,2021-05-21 12:35:00-04:00,2021-05-10 15:24:08.628000-04:00,,1,,,,,,Control,123.507,120.099,1.0,0.0,,,0.0,0.0,1.0,1.0,0.0,0.0,0.0,0.0,1.0,1.0,,,,,,16283897
PSAM4NK,404968,2021-04-09 12:33:19.349000-04:00,2021-05-21 12:35:00-04:00,2021-04-20 11:17:49.820000-04:00,2021-05-07 12:26:25.371000-04:00,5,,,,,,Treatment,1472844.679,1084.038,5.0,2.0,0.0,0.0,5.0,7.0,0.0,0.0,10.0,5.0,0.0,0.0,0.0,6.0,,,,,,15708006
PSAM4NK,404970,2021-04-09 12:33:19.349000-04:00,2021-05-21 12:35:00-04:00,2021-04-15 12:43:10.025000-04:00,2021-04-30 12:22:56.252000-04:00,5,,,,,,Treatment,1294744.826,36.157,4.0,3.0,1.0,1.0,4.0,4.0,0.0,0.0,8.0,2.0,0.0,0.0,0.0,4.0,,,,,,15587045
PSAM4NK,404972,2021-04-09 12:33:19.349000-04:00,2021-05-21 12:35:00-04:00,2021-04-15 11:19:36.830000-04:00,2021-04-20 11:53:46.630000-04:00,5,,,,,,Control,433122.864,86595.1678,5.0,3.0,1.0,1.0,5.0,9.0,5.0,2.0,0.0,0.0,0.0,0.0,2.0,3.0,,,,,,15578844
PSAM4NK,404973,2021-04-09 12:33:19.349000-04:00,2021-05-21 12:35:00-04:00,2021-05-05 14:25:48.082000-04:00,2021-05-05 14:27:31.180000-04:00,1,,,,,,Control,52.642,17.5346666666667,3.0,3.0,,,3.0,3.0,3.0,0.0,0.0,0.0,0.0,0.0,0.0,1.0,,,,,,16171894
PSAM4NK,404975,2021-04-09 12:33:19.349000-04:00,2021-05-21 12:35:00-04:00,2021-04-15 12:33:36.136000-04:00,,1,,,,,,Treatment,39.04,,1.0,,,,0.0,0.0,0.0,0.0,2.0,1.0,0.0,0.0,0.0,1.0,,,,,,15585962
PSAM4NK,404985,2021-04-09 12:33:19.349000-04:00,2021-05-21 12:35:00-04:00,2021-04-30 11:44:48.801000-04:00,2021-04-30 11:51:26.323000-04:00,1,,,,,,Treatment,347.487,61.7272,5.0,4.0,1.0,1.0,5.0,6.0,0.0,0.0,10.0,1.0,0.0,0.0,0.0,1.0,,,,,,16044427
PSAM4NK,404992,2021-04-09 12:33:19.349000-04:00,2021-05-21 12:35:00-04:00,2021-04-15 11:06:51.517000-04:00,,3,,,,,,Control,2768795.625,692164.73125,4.0,1.0,1.0,1.0,3.0,7.0,4.0,2.0,0.0,0.0,0.0,0.0,2.0,3.0,,,,,,15577688
PSAM4NK,405050,2021-04-09 12:33:19.354000-04:00,2021-05-21 12:35:00-04:00,2021-04-20 13:34:01.096000-04:00,2021-04-30 13:55:17.952000-04:00,2,,,,,,Control,865229.301,173028.882,5.0,3.0,1.0,1.0,3.0,5.0,5.0,2.0,0.0,0.0,0.0,0.0,2.0,2.0,,,,,,15720998
PSAM4NK,405072,2021-04-09 12:33:19.349000-04:00,2021-05-21 12:35:00-04:00,2021-04-15 11:59:58.268000-04:00,,2,,,,,,Treatment,,,1.0,,,,,0.0,0.0,0.0,2.0,0.0,0.0,0.0,0.0,1.0,,,,,,15582789
PSAM4NK,405079,2021-04-09 12:33:19.354000-04:00,2021-05-21 12:35:00-04:00,2021-05-04 13:58:40.438000-04:00,2021-05-04 14:10:45.393000-04:00,1,,,,,,Control,694.522,231.489666666667,3.0,3.0,,,3.0,3.0,3.0,0.0,0.0,0.0,0.0,0.0,0.0,1.0,,,,,,16133145
PSAM4NK,405081,2021-04-09 12:33:19.354000-04:00,2021-05-21 12:35:00-04:00,2021-04-29 13:23:45.488000-04:00,,1,,,,,,Not Assigned,,,,,,,,,,,,,,,,,,,,,,16013089
PSAM4NK,405084,2021-04-09 12:33:19.354000-04:00,2021-05-21 12:35:00-04:00,2021-05-05 12:21:50.763000-04:00,,1,,,,,,Control,,,1.0,,,,,0.0,1.0,0.0,0.0,0.0,0.0,0.0,0.0,1.0,,,,,,16163524
PSAM4NK,405103,2021-04-09 12:33:19.354000-04:00,2021-05-21 12:35:00-04:00,2021-04-22 19:41:30.081000-04:00,,2,,,,,,Treatment,157.304,55.157,2.0,0.0,,,1.0,1.0,0.0,0.0,4.0,4.0,0.0,0.0,0.0,1.0,,,,,,15819850
PSAM4NK,405104,2021-04-09 12:33:19.354000-04:00,2021-05-21 12:35:00-04:00,2021-05-05 12:05:58.556000-04:00,,1,,,,,,Treatment,,,1.0,,,,,0.0,0.0,0.0,2.0,0.0,0.0,0.0,0.0,1.0,,,,,,16162250
PSAM4NK,405113,2021-04-09 12:33:19.354000-04:00,2021-05-21 12:35:00-04:00,2021-05-14 13:43:33.744000-04:00,2021-05-14 14:00:31.762000-04:00,1,,,,,,Control,668.365,87.739,5.0,2.0,2.0,2.0,5.0,9.0,5.0,3.0,0.0,0.0,0.0,0.0,3.0,1.0,,,,,,16412974
PSAM4NK,405169,2021-04-09 12:33:19.356000-04:00,2021-05-21 12:35:00-04:00,2021-05-04 12:00:39.526000-04:00,,2,,,,,,Treatment,88442.69,34.682,2.0,0.0,,,1.0,2.0,0.0,0.0,4.0,2.0,0.0,0.0,0.0,3.0,,,,,,16123108
PSAM4NK,405186,2021-04-09 12:33:19.356000-04:00,2021-05-21 12:35:00-04:00,2021-04-30 16:38:11.464000-04:00,,3,,,,,,Treatment,1465097.051,85.551,2.0,0.0,,,1.0,2.0,0.0,0.0,4.0,2.0,0.0,0.0,0.0,4.0,,,,,,16059589
PSAM4NK,405204,2021-04-09 12:33:19.356000-04:00,2021-05-21 12:35:00-04:00,2021-05-03 16:39:45.745000-04:00,2021-05-12 14:20:13.055000-04:00,3,,,,,,Control,687689.259,137528.9134,5.0,3.0,1.0,1.0,3.0,6.0,5.0,2.0,0.0,0.0,0.0,0.0,2.0,3.0,,,,,,16101782
PSAM4NK,405206,2021-04-09 12:33:19.356000-04:00,2021-05-21 12:35:00-04:00,2021-05-14 15:21:24.723000-04:00,,1,,,,,,Control,,,1.0,,,,,0.0,1.0,0.0,0.0,0.0,0.0,0.0,0.0,1.0,,,,,,16416635
PSAM4NK,405209,2021-04-09 12:33:19.356000-04:00,2021-05-21 12:35:00-04:00,2021-05-13 16:31:50.442000-04:00,,1,,,,,,Treatment,,,1.0,,,,,0.0,0.0,0.0,2.0,0.0,0.0,0.0,0.0,1.0,,,,,,16391259
PSAM4NK,405211,2021-04-09 12:33:19.356000-04:00,2021-05-21 12:35:00-04:00,2021-04-30 16:34:31.334000-04:00,,1,,,,,,Not Assigned,,,,,,,,,,,,,,,,,,,,,,16059506
PSAM4NK,405217,2021-04-09 12:33:19.356000-04:00,2021-05-21 12:35:00-04:00,2021-05-05 12:39:52.311000-04:00,2021-05-05 12:45:56.946000-04:00,3,,,,,,Treatment,303.294,40.6744,5.0,4.0,1.0,1.0,5.0,6.0,0.0,0.0,10.0,2.0,0.0,0.0,0.0,2.0,,,,,,16164945
PSAM4NK,405223,2021-04-09 12:33:19.356000-04:00,2021-05-21 12:35:00-04:00,2021-05-11 15:38:16.493000-04:00,2021-05-11 15:48:28.232000-04:00,1,,,,,,Control,574.456,132.905,4.0,3.0,1.0,1.0,3.0,4.0,4.0,1.0,0.0,0.0,0.0,0.0,1.0,1.0,,,,,,16322945
PSAM4NK,405233,2021-04-09 12:33:19.356000-04:00,2021-05-21 12:35:00-04:00,2021-05-11 15:26:30.860000-04:00,,1,,,,,,Treatment,19.939,19.568,1.0,0.0,,,1.0,1.0,0.0,0.0,2.0,1.0,0.0,0.0,0.0,1.0,,,,,,16322408
PSAM4NK,405235,2021-04-09 12:33:19.356000-04:00,2021-05-21 12:35:00-04:00,2021-05-11 15:33:43.277000-04:00,2021-05-11 15:49:41.970000-04:00,1,,,,,,Control,806.574,196.608,4.0,3.0,1.0,1.0,3.0,4.0,4.0,1.0,0.0,0.0,0.0,0.0,1.0,1.0,,,,,,16322771
PSAM4NK,405239,2021-04-09 12:33:19.356000-04:00,2021-05-21 12:35:00-04:00,2021-04-20 15:36:46.387000-04:00,2021-05-07 11:54:39.928000-04:00,6,,,,,,Control,1454985.262,117889.7296,5.0,0.0,0.0,0.0,2.0,10.0,5.0,5.0,0.0,0.0,0.0,0.0,5.0,4.0,,,,,,15731216
PSAM4NK,405254,2021-04-09 12:33:19.356000-04:00,2021-05-21 12:35:00-04:00,2021-04-20 16:43:55.441000-04:00,,1,,,,,,Not Assigned,,,,,,,,,,,,,,,,,,,,,,15734233
PSAM4NK,405277,2021-04-09 12:33:19.356000-04:00,2021-05-21 12:35:00-04:00,2021-04-20 15:25:13.218000-04:00,,10,,,,,,Treatment,2075084.673,728759.787,3.0,0.0,0.0,0.0,2.0,5.0,0.0,0.0,6.0,4.0,0.0,0.0,0.0,5.0,,,,,,15730570
PSAM4NK,405336,2021-04-19 10:00:00-04:00,2021-04-19 16:00:00-04:00,2021-04-19 10:25:33.815000-04:00,,1,,,,,,Not Assigned,,,,,,,,,,,,,,,,,,,,,,15657511
PSAM4NK,405343,2021-04-09 12:33:19.354000-04:00,2021-05-21 12:35:00-04:00,2021-04-20 13:31:16.576000-04:00,,2,,,,,,Control,40.574,40.574,1.0,0.0,,,1.0,1.0,1.0,0.0,0.0,0.0,0.0,0.0,0.0,1.0,,,,,,15720747
PSAM4NK,405397,2021-04-09 12:33:19.356000-04:00,2021-05-21 12:35:00-04:00,2021-05-03 16:53:04.215000-04:00,2021-05-11 15:48:16.206000-04:00,3,,,,,,Control,687237.437,155.9075,4.0,3.0,1.0,,4.0,5.0,4.0,0.0,0.0,0.0,0.0,0.0,0.0,2.0,,,,,,16102236
PSAM4NK,405414,2021-04-19 10:00:00-04:00,2021-04-19 16:00:00-04:00,2021-04-19 11:42:22.068000-04:00,2021-04-19 12:55:18.157000-04:00,1,,,,,,Control,4234.048,304.7144,5.0,4.0,1.0,1.0,5.0,7.0,5.0,1.0,0.0,0.0,0.0,0.0,1.0,1.0,,,,,,15663933
PSAM4NK,405571,2021-04-09 12:33:19.356000-04:00,2021-05-21 12:35:00-04:00,2021-04-20 15:35:06.088000-04:00,2021-05-06 11:30:32.591000-04:00,2,,,,,,Control,221.599,27.7042,5.0,3.0,1.0,1.0,5.0,9.0,5.0,2.0,0.0,0.0,0.0,0.0,2.0,1.0,,,,,,15731101
PSAM4NK,405581,2021-04-19 10:00:00-04:00,2021-04-19 16:00:00-04:00,2021-04-19 10:58:55.146000-04:00,2021-04-19 11:40:02.971000-04:00,2,,,,,,Treatment,1161.426,169.2156,5.0,2.0,0.0,0.0,5.0,5.0,0.0,0.0,10.0,6.0,0.0,0.0,0.0,1.0,,,,,,15660140
PSAM4NK,405673,2021-04-09 12:33:19.349000-04:00,2021-05-21 12:35:00-04:00,2021-04-15 12:52:11.815000-04:00,2021-04-15 12:56:30.585000-04:00,1,,,,,,Control,178.454,37.8305,4.0,3.0,1.0,1.0,3.0,5.0,4.0,1.0,0.0,0.0,0.0,0.0,1.0,1.0,,,,,,15587875
PSAM4NK,405704,2021-04-09 12:33:19.356000-04:00,2021-05-21 12:35:00-04:00,2021-05-07 12:08:45.702000-04:00,,6,,,,,,Treatment,876912.918,51.7543333333333,4.0,0.0,0.0,0.0,2.0,8.0,0.0,0.0,8.0,6.0,0.0,0.0,0.0,2.0,,,,,,16234838
PSAM4NK,405818,2021-04-19 10:00:00-04:00,2021-04-19 16:00:00-04:00,2021-04-19 10:44:59.315000-04:00,,1,,,,,,Not Assigned,,,,,,,,,,,,,,,,,,,,,,15658923
PSAM4NK,405880,2021-04-19 10:00:00-04:00,2021-04-19 16:00:00-04:00,2021-04-19 11:18:08.984000-04:00,,4,,,,,,Control,323.749,17.8225,2.0,0.0,0.0,0.0,1.0,4.0,2.0,1.0,0.0,0.0,0.0,0.0,1.0,2.0,,,,,,15661839
PSAM4NK,406662,2021-04-09 12:33:19.356000-04:00,2021-05-21 12:35:00-04:00,2021-05-05 11:58:54.859000-04:00,2021-05-05 12:05:48.511000-04:00,3,,,,,,Treatment,370.483,54.911,4.0,3.0,1.0,1.0,4.0,5.0,0.0,0.0,8.0,2.0,0.0,0.0,0.0,2.0,,,,,,16161602
PSAM4NK,407338,2021-04-09 12:33:19.349000-04:00,2021-05-21 12:35:00-04:00,2021-05-10 15:33:07.756000-04:00,,1,,,,,,Not Assigned,,,,,,,,,,,,,,,,,,,,,,16284319
PSAM4NK,407615,2021-04-09 12:33:19.354000-04:00,2021-05-21 12:35:00-04:00,2021-05-06 14:14:38.352000-04:00,,5,,,,,,Control,,,1.0,,,,,0.0,1.0,0.0,0.0,0.0,0.0,0.0,0.0,1.0,,,,,,16208432
PSAM4NK,407765,2021-04-09 12:33:19.356000-04:00,2021-05-21 12:35:00-04:00,2021-05-05 11:30:32.342000-04:00,,2,,,,,,Control,,,1.0,,,,,0.0,1.0,0.0,0.0,0.0,0.0,0.0,0.0,1.0,,,,,,16159349
PSAM4NK,412396,2021-04-09 12:33:19.356000-04:00,2021-05-21 12:35:00-04:00,2021-05-06 14:46:21.760000-04:00,,2,,,,,,Control,695304.63,231739.184333333,4.0,1.0,1.0,0.0,2.0,5.0,4.0,1.0,0.0,0.0,0.0,0.0,1.0,2.0,,,,,,16210860
PSAM4NK,414336,2021-04-09 12:33:19.349000-04:00,2021-05-21 12:35:00-04:00,2021-04-20 11:51:15.332000-04:00,,1,,,,,,Not Assigned,,,,,,,,,,,,,,,,,,,,,,15711038
PSAM4NK,414389,2021-04-09 12:33:19.349000-04:00,2021-05-21 12:35:00-04:00,2021-04-20 11:47:05.555000-04:00,,3,,,,,,Control,263.161,263.131,2.0,1.0,,,1.0,1.0,2.0,0.0,0.0,0.0,0.0,0.0,0.0,1.0,,,,,,15710736
PSAM4NK,414402,2021-04-09 12:33:19.349000-04:00,2021-05-21 12:35:00-04:00,2021-04-20 16:48:53.037000-04:00,2021-04-20 16:50:18.338000-04:00,1,,,,,,Control,48.724,16.236,3.0,3.0,,,3.0,3.0,3.0,0.0,0.0,0.0,0.0,0.0,0.0,1.0,,,,,,15734412
PSAM4NK,414432,2021-04-09 12:33:19.349000-04:00,2021-05-21 12:35:00-04:00,2021-04-30 11:52:01.608000-04:00,2021-04-30 12:11:53.670000-04:00,2,,,,,,Control,1137.557,244.70825,4.0,3.0,1.0,,4.0,6.0,4.0,0.0,0.0,0.0,0.0,0.0,0.0,2.0,,,,,,16045028
PSAM4NK,415329,2021-04-09 12:33:19.354000-04:00,2021-05-21 12:35:00-04:00,2021-04-30 13:09:01.409000-04:00,,1,,,,,,Treatment,,,1.0,,,,,0.0,0.0,0.0,2.0,0.0,0.0,0.0,0.0,1.0,,,,,,16050417
PSAM4NK,437072,2020-12-18 11:15:00-05:00,2020-12-19 02:59:00-05:00,2020-12-18 13:09:11.348000-05:00,2020-12-18 13:20:05.029000-05:00,1,,,,,,Treatment,504.877,40.43525,5.0,3.0,2.0,2.0,4.0,4.0,0.0,0.0,10.0,4.0,0.0,0.0,0.0,1.0,,,,,,11452705
PSAM4NK,437459,2020-12-17 11:15:00-05:00,2020-12-18 02:59:00-05:00,2020-12-17 14:32:42.722000-05:00,2020-12-17 15:37:03.581000-05:00,1,,,,,,Treatment,3830.396,1276.79033333333,3.0,3.0,,,3.0,3.0,0.0,0.0,6.0,0.0,0.0,0.0,0.0,1.0,,,,,,11418668
PSAM4NK,437932,2020-12-17 11:15:00-05:00,2020-12-18 02:59:00-05:00,2020-12-17 23:42:39.618000-05:00,2020-12-17 23:50:56.311000-05:00,1,,,,,,Control,363.722,54.994,5.0,2.0,1.0,1.0,4.0,7.0,5.0,3.0,0.0,0.0,0.0,0.0,3.0,1.0,,,,,,11432320
PSAM4NK,437980,2021-04-19 10:00:00-04:00,2021-04-19 16:00:00-04:00,2021-04-19 10:57:23.739000-04:00,,2,,,,,,Control,436.776,436.776,1.0,0.0,,,0.0,0.0,1.0,0.0,0.0,0.0,0.0,0.0,0.0,1.0,,,,,,15659991
PSAM4NK,438037,2021-04-19 10:00:00-04:00,2021-04-19 16:00:00-04:00,2021-04-20 11:07:38.128000-04:00,,1,,,,,,Control,,,1.0,,,,,0.0,1.0,0.0,0.0,0.0,0.0,0.0,0.0,1.0,,,,,,15707104
PSAM4NK,438616,2021-04-19 10:00:00-04:00,2021-04-19 16:00:00-04:00,2021-04-19 10:34:06.995000-04:00,,1,,,,,,Not Assigned,,,,,,,,,,,,,,,,,,,,,,15658058
PSAM4NK,439420,2021-04-19 10:00:00-04:00,2021-04-19 16:00:00-04:00,2021-04-19 10:54:28.499000-04:00,,1,,,,,,Treatment,,,1.0,,,,,0.0,0.0,0.0,2.0,0.0,0.0,0.0,0.0,1.0,,,,,,15659752
PSAM4NK,439892,2021-04-09 12:33:19.354000-04:00,2021-05-21 12:35:00-04:00,2021-05-14 13:11:49.956000-04:00,,1,,,,,,Treatment,26.667,26.394,1.0,,,,0.0,0.0,0.0,0.0,2.0,1.0,0.0,0.0,0.0,1.0,,,,,,16411207
PSAM4NK,449696,2020-12-18 11:15:00-05:00,2020-12-19 02:59:00-05:00,2021-01-11 15:44:01.435000-05:00,2021-01-13 23:22:23.657000-05:00,4,,,,,,Treatment,200140.717,59.19,5.0,3.0,1.0,1.0,4.0,4.0,0.0,0.0,10.0,4.0,0.0,0.0,0.0,5.0,,,,,,11918485
PSAM4NK,451463,2020-12-18 11:15:00-05:00,2020-12-19 02:59:00-05:00,2020-12-19 02:10:25.832000-05:00,,9,,,,,,Treatment,738.275,48.4185,4.0,0.0,0.0,0.0,4.0,5.0,0.0,0.0,8.0,8.0,0.0,0.0,0.0,7.0,,,,,,11463151
PSAM4NK,451826,2021-03-04 14:48:34.232000-05:00,2021-03-12 14:50:00-05:00,2021-03-12 01:57:42.083000-05:00,,1,,,,,,Control,236.379,67.7145,3.0,0.0,0.0,0.0,2.0,6.0,3.0,2.0,0.0,0.0,0.0,0.0,2.0,1.0,,,,,,14577998
PSAM4NK,452374,2020-12-18 11:15:00-05:00,2020-12-19 02:59:00-05:00,2020-12-18 18:17:01.210000-05:00,2020-12-18 18:46:36.489000-05:00,1,,,,,,Control,496.241,165.403666666667,3.0,3.0,,,3.0,3.0,3.0,0.0,0.0,0.0,0.0,0.0,0.0,1.0,,,,,,11461279
PSAM4NK,452684,2020-12-17 11:15:00-05:00,2020-12-18 02:59:00-05:00,2020-12-17 23:05:06.695000-05:00,2020-12-17 23:40:18.588000-05:00,2,,,,,,Control,695.455,105.7094,5.0,1.0,1.0,1.0,3.0,8.0,5.0,3.0,0.0,0.0,0.0,0.0,3.0,1.0,,,,,,11431959
PSAM4NK,452790,2021-03-04 14:48:34.232000-05:00,2021-03-12 14:50:00-05:00,2021-03-12 10:55:29.684000-05:00,,1,,,,,,Treatment,99.975,99.255,1.0,0.0,,,1.0,1.0,0.0,0.0,2.0,1.0,0.0,0.0,0.0,1.0,,,,,,14590492
PSAM4NK,454680,2021-03-04 14:48:34.232000-05:00,2021-03-12 14:50:00-05:00,2021-03-06 00:55:59.001000-05:00,,1,,,,,,Treatment,70.958,,2.0,0.0,,,0.0,0.0,0.0,0.0,4.0,2.0,0.0,0.0,0.0,1.0,,,,,,14322192
PSAM4NK,454932,2020-12-17 11:15:00-05:00,2020-12-18 02:59:00-05:00,2020-12-17 14:05:35.835000-05:00,2020-12-17 14:18:15.140000-05:00,1,,,,,,Control,729.678,164.8605,4.0,3.0,1.0,1.0,4.0,7.0,4.0,1.0,0.0,0.0,0.0,0.0,1.0,1.0,,,,,,11416589
PSAM4NK,454952,2020-12-18 11:15:00-05:00,2020-12-19 02:59:00-05:00,2020-12-18 14:02:13.190000-05:00,2020-12-18 14:18:40.268000-05:00,1,,,,,,Control,728.677,115.4836,5.0,1.0,1.0,1.0,5.0,11.0,5.0,3.0,0.0,0.0,0.0,0.0,1.0,1.0,,,,,,11455840
PSAM4NK,454969,2020-12-18 11:15:00-05:00,2020-12-19 02:59:00-05:00,2020-12-18 15:25:26.340000-05:00,2020-12-18 15:31:27.976000-05:00,1,,,,,,Control,329.092,74.489,4.0,3.0,1.0,1.0,3.0,5.0,4.0,1.0,0.0,0.0,0.0,0.0,1.0,1.0,,,,,,11458888
PSAM4NK,454982,2020-12-18 11:15:00-05:00,2020-12-19 02:59:00-05:00,2020-12-18 11:45:08.070000-05:00,2020-12-18 11:51:14.967000-05:00,1,,,,,,Control,319.87,66.59875,4.0,3.0,1.0,1.0,4.0,5.0,4.0,1.0,0.0,0.0,0.0,0.0,1.0,1.0,,,,,,11447393
PSAM4NK,454983,2020-12-17 11:15:00-05:00,2020-12-18 02:59:00-05:00,2020-12-17 23:59:22.114000-05:00,,1,,,,,,Treatment,956.311,107.075,5.0,1.0,1.0,1.0,4.0,4.0,0.0,0.0,10.0,8.0,0.0,0.0,0.0,1.0,,,,,,11432423
PSAM4NK,454987,2020-12-18 11:15:00-05:00,2020-12-19 02:59:00-05:00,2020-12-18 21:11:32.753000-05:00,2020-12-18 21:26:39.797000-05:00,2,,,,,,Treatment,851.63,166.938,4.0,3.0,1.0,1.0,3.0,3.0,0.0,0.0,8.0,2.0,0.0,0.0,0.0,2.0,,,,,,11462340
PSAM4NK,454989,2020-12-18 11:15:00-05:00,2020-12-19 02:59:00-05:00,2020-12-18 14:25:16.788000-05:00,2020-12-18 14:37:50.497000-05:00,1,,,,,,Treatment,630.997,81.142,4.0,3.0,1.0,1.0,4.0,4.0,0.0,0.0,8.0,2.0,0.0,0.0,0.0,1.0,,,,,,11457045
PSAM4NK,454990,2020-12-17 11:15:00-05:00,2020-12-18 02:59:00-05:00,2020-12-17 15:27:34.619000-05:00,2020-12-17 16:31:28.545000-05:00,1,,,,,,Control,3771.937,1257.296,3.0,3.0,,,3.0,3.0,3.0,0.0,0.0,0.0,0.0,0.0,0.0,1.0,,,,,,11422103
PSAM4NK,454996,2020-12-17 11:15:00-05:00,2020-12-18 02:59:00-05:00,2020-12-17 14:23:07.183000-05:00,,2,,,,,,Control,506.718,93.7395,5.0,0.0,0.0,0.0,2.0,8.0,5.0,4.0,0.0,0.0,0.0,0.0,4.0,2.0,,,,,,11417975
PSAM4NK,455002,2020-12-17 11:15:00-05:00,2020-12-18 02:59:00-05:00,2020-12-17 14:07:23.809000-05:00,2020-12-17 14:32:05.151000-05:00,1,,,,,,Treatment,1434.793,230.64,4.0,3.0,1.0,1.0,4.0,4.0,0.0,0.0,8.0,2.0,0.0,0.0,0.0,1.0,,,,,,11416758
PSAM4NK,455023,2020-12-17 11:15:00-05:00,2020-12-18 02:59:00-05:00,2020-12-17 15:05:13.462000-05:00,2020-12-17 15:20:14.670000-05:00,1,,,,,,Control,862.994,287.650333333333,3.0,3.0,,,3.0,3.0,3.0,0.0,0.0,0.0,0.0,0.0,0.0,1.0,,,,,,11420915
PSAM4NK,455029,2020-12-17 11:15:00-05:00,2020-12-18 02:59:00-05:00,2020-12-17 12:20:58.243000-05:00,2020-12-17 12:53:45.750000-05:00,1,,,,,,Control,1061.339,125.0584,5.0,1.0,1.0,1.0,4.0,9.0,5.0,4.0,0.0,0.0,0.0,0.0,4.0,1.0,,,,,,11405938
PSAM4NK,455031,2020-12-17 11:15:00-05:00,2020-12-18 02:59:00-05:00,2021-02-09 17:10:22.731000-05:00,2021-02-09 17:13:58.029000-05:00,1,,,,,,Control,175.976,58.6516666666667,3.0,3.0,,,3.0,3.0,3.0,0.0,0.0,0.0,0.0,0.0,0.0,1.0,,,,,,13315075
PSAM4NK,455035,2020-12-18 11:15:00-05:00,2020-12-19 02:59:00-05:00,2020-12-18 11:42:39.129000-05:00,2020-12-18 11:47:20.192000-05:00,1,,,,,,Control,223.236,44.367,4.0,3.0,1.0,1.0,4.0,6.0,4.0,1.0,0.0,0.0,0.0,0.0,1.0,1.0,,,,,,11447247
PSAM4NK,455250,2020-12-18 11:15:00-05:00,2020-12-19 02:59:00-05:00,2020-12-18 17:01:46.165000-05:00,2020-12-18 17:24:13.955000-05:00,1,,,,,,Control,1301.68,76.6415,4.0,3.0,1.0,,4.0,5.0,4.0,0.0,0.0,0.0,0.0,0.0,0.0,1.0,,,,,,11460556
PSAM4NK,455380,2020-12-18 11:15:00-05:00,2020-12-19 02:59:00-05:00,2021-01-11 16:33:39.089000-05:00,2021-01-21 23:57:02.687000-05:00,4,,,,,,Control,890481.701,178092.4614,5.0,4.0,1.0,1.0,5.0,6.0,5.0,1.0,0.0,0.0,0.0,0.0,1.0,2.0,,,,,,11922090
PSAM4NK,456202,2020-12-18 11:15:00-05:00,2020-12-19 02:59:00-05:00,2020-12-18 12:17:28.247000-05:00,2020-12-18 12:31:08.040000-05:00,1,,,,,,Control,698.815,53.577,4.0,3.0,1.0,1.0,3.0,6.0,4.0,1.0,0.0,0.0,0.0,0.0,1.0,1.0,,,,,,11449731
PSAM4NK,456208,2020-12-17 11:15:00-05:00,2020-12-18 02:59:00-05:00,2021-01-24 14:43:07.293000-05:00,2021-01-24 15:18:10.318000-05:00,1,,,,,,Treatment,1999.448,244.0386,5.0,2.0,1.0,1.0,5.0,5.0,0.0,0.0,10.0,6.0,0.0,0.0,0.0,1.0,,,,,,12499457
PSAM4NK,456210,2020-12-17 11:15:00-05:00,2020-12-18 02:59:00-05:00,2020-12-17 22:44:02.076000-05:00,,5,,,,,,Treatment,669.949,62.42725,5.0,0.0,0.0,0.0,4.0,4.0,0.0,0.0,10.0,10.0,0.0,0.0,0.0,4.0,,,,,,11431767
PSAM4NK,456223,2020-12-17 11:15:00-05:00,2020-12-18 02:59:00-05:00,2020-12-17 23:07:41.789000-05:00,2020-12-17 23:24:35.502000-05:00,1,,,,,,Treatment,697.353,92.7488,5.0,3.0,2.0,2.0,5.0,8.0,0.0,0.0,10.0,2.0,0.0,0.0,0.0,1.0,,,,,,11431979
PSAM4NK,456282,2020-12-17 11:15:00-05:00,2020-12-18 02:59:00-05:00,2020-12-17 12:40:04.662000-05:00,,1,,,,,,Control,,,1.0,,,,,0.0,1.0,0.0,0.0,0.0,0.0,0.0,0.0,1.0,,,,,,11407977
PSAM4NK,456286,2020-12-17 11:15:00-05:00,2020-12-18 02:59:00-05:00,2020-12-17 12:01:37.308000-05:00,2020-12-17 12:37:04.758000-05:00,1,,,,,,Treatment,1351.103,253.5025,5.0,2.0,1.0,1.0,4.0,4.0,0.0,0.0,10.0,6.0,0.0,0.0,0.0,1.0,,,,,,11403916
PSAM4NK,456289,2020-12-17 11:15:00-05:00,2020-12-18 02:59:00-05:00,2020-12-17 18:43:06.726000-05:00,2020-12-17 18:58:15.601000-05:00,2,,,,,,Control,862.028,287.317333333333,3.0,3.0,,,3.0,3.0,3.0,0.0,0.0,0.0,0.0,0.0,0.0,2.0,,,,,,11428287
PSAM4NK,456306,2020-12-17 11:15:00-05:00,2020-12-18 02:59:00-05:00,2020-12-17 19:43:26.978000-05:00,2020-12-17 19:55:44.351000-05:00,1,,,,,,Treatment,694.132,82.3183333333333,4.0,3.0,1.0,1.0,3.0,3.0,0.0,0.0,8.0,2.0,0.0,0.0,0.0,1.0,,,,,,11429316
PSAM4NK,456470,2020-12-18 11:15:00-05:00,2020-12-19 02:59:00-05:00,2020-12-18 11:28:20.549000-05:00,2020-12-18 12:49:25.901000-05:00,1,,,,,,Control,4748.852,889.08,4.0,3.0,1.0,1.0,3.0,5.0,4.0,1.0,0.0,0.0,0.0,0.0,1.0,1.0,,,,,,11446348
PSAM4NK,456727,2020-12-17 11:15:00-05:00,2020-12-18 02:59:00-05:00,2020-12-17 12:32:15.336000-05:00,2020-12-17 13:08:21.768000-05:00,1,,,,,,Treatment,1655.582,142.09,5.0,2.0,1.0,1.0,5.0,6.0,0.0,0.0,10.0,6.0,0.0,0.0,0.0,1.0,,,,,,11407165
PSAM4NK,456743,2020-12-18 11:15:00-05:00,2020-12-19 02:59:00-05:00,2021-01-12 01:14:12.088000-05:00,,1,,,,,,Control,,,1.0,,,,,0.0,1.0,0.0,0.0,0.0,0.0,0.0,0.0,1.0,,,,,,11933810
PSAM4NK,458605,2021-03-04 14:48:34.232000-05:00,2021-03-12 14:50:00-05:00,2021-03-05 11:50:01.432000-05:00,,1,,,,,,Treatment,63.348,16.955,1.0,0.0,,,1.0,1.0,0.0,0.0,2.0,1.0,0.0,0.0,0.0,1.0,,,,,,14296325
PSAM4NK,459309,2020-12-18 11:15:00-05:00,2020-12-19 02:59:00-05:00,2020-12-18 23:16:50.480000-05:00,2020-12-18 23:29:35.287000-05:00,1,,,,,,Control,496.204,43.1912,5.0,1.0,1.0,1.0,4.0,9.0,5.0,3.0,0.0,0.0,0.0,0.0,2.0,1.0,,,,,,11462856
PSAM4NK,459691,2020-12-17 11:15:00-05:00,2020-12-18 02:59:00-05:00,2020-12-17 22:01:21.388000-05:00,,1,,,,,,Control,423.557,85.1733333333333,4.0,0.0,0.0,0.0,2.0,8.0,4.0,3.0,0.0,0.0,0.0,0.0,3.0,1.0,,,,,,11431298
PSAM4NK,462298,2020-12-17 11:15:00-05:00,2020-12-18 02:59:00-05:00,2021-01-08 15:53:26.389000-05:00,2021-01-08 16:04:27.644000-05:00,1,,,,,,Treatment,614.296,75.3085,4.0,3.0,1.0,1.0,4.0,5.0,0.0,0.0,8.0,1.0,0.0,0.0,0.0,1.0,,,,,,11839964
PSAM4NK,462455,2020-12-17 11:15:00-05:00,2020-12-18 02:59:00-05:00,2020-12-18 11:59:59.900000-05:00,,5,,,,,,Control,2199873.077,549792.74225,5.0,0.0,0.0,0.0,2.0,10.0,5.0,4.0,0.0,0.0,0.0,0.0,4.0,3.0,,,,,,11448507
PSAM4NK,463934,2020-12-18 11:15:00-05:00,2020-12-19 02:59:00-05:00,2020-12-18 15:03:56.045000-05:00,,2,,,,,,Treatment,14098.762,,1.0,,,,0.0,0.0,0.0,0.0,2.0,1.0,0.0,0.0,0.0,2.0,,,,,,11458379
PSAM4NK,471273,2020-12-18 11:15:00-05:00,2020-12-19 02:59:00-05:00,2020-12-18 11:53:00.486000-05:00,2020-12-18 12:09:00.787000-05:00,1,,,,,,Control,887.532,180.26825,4.0,3.0,1.0,1.0,4.0,9.0,4.0,1.0,0.0,0.0,0.0,0.0,0.0,1.0,,,,,,11447986
PSAM4NK,471666,2021-03-04 14:48:34.232000-05:00,2021-03-12 14:50:00-05:00,2021-03-14 00:06:16.912000-05:00,2021-03-14 00:15:02.799000-05:00,1,,,,,,Control,449.241,80.94875,4.0,3.0,1.0,1.0,3.0,6.0,4.0,1.0,0.0,0.0,0.0,0.0,1.0,1.0,,,,,,14619319
PSAM4NK,490528,2021-03-04 14:48:34.232000-05:00,2021-03-12 14:50:00-05:00,2021-03-11 16:09:21.759000-05:00,,1,,,,,,Control,158.548,58.633,2.0,0.0,,,1.0,4.0,2.0,1.0,0.0,0.0,0.0,0.0,1.0,1.0,,,,,,14567631
PSAM4NK,503387,2021-03-04 14:48:34.232000-05:00,2021-03-12 14:50:00-05:00,2021-03-10 12:58:09.439000-05:00,,2,,,,,,Control,,,1.0,,,,,0.0,1.0,0.0,0.0,0.0,0.0,0.0,0.0,1.0,,,,,,14490030
PSAM4NK,515598,2021-04-19 10:00:00-04:00,2021-04-19 16:00:00-04:00,2021-04-19 11:19:12.353000-04:00,,1,,,,,,Treatment,271.702,95.998,1.0,0.0,,,1.0,1.0,0.0,0.0,2.0,2.0,0.0,0.0,0.0,1.0,,,,,,15661915
PSAM4NK,582173,2020-11-09 08:10:00-05:00,2020-11-20 20:00:00-05:00,2020-11-10 08:39:39.136000-05:00,2020-11-12 08:35:33.623000-05:00,3,,,,,,Treatment,86415.962,224.721333333333,4.0,3.0,1.0,1.0,3.0,3.0,0.0,0.0,8.0,2.0,0.0,0.0,0.0,3.0,,,,,,9443133
PSAM4NK,584499,2020-11-09 08:10:00-05:00,2020-11-20 20:00:00-05:00,2020-11-19 10:53:13.639000-05:00,2020-11-19 11:06:56.391000-05:00,2,,,,,,Treatment,691.286,71.4364,5.0,2.0,1.0,1.0,5.0,5.0,0.0,0.0,10.0,6.0,0.0,0.0,0.0,2.0,,,,,,10063043
PSAM4NK,591187,2020-11-09 08:10:00-05:00,2020-11-20 20:00:00-05:00,2021-01-03 14:47:58.656000-05:00,,4,,,,,,Treatment,1696.611,186.89275,5.0,2.0,1.0,1.0,4.0,6.0,0.0,0.0,10.0,6.0,0.0,0.0,0.0,2.0,,,,,,11509847
PSAM4NK,594391,2020-10-26 12:28:28.053000-04:00,2020-10-30 12:30:00-04:00,2020-10-29 14:52:13.051000-04:00,,1,,,,,,Treatment,,,1.0,,,,,0.0,0.0,0.0,2.0,0.0,0.0,0.0,0.0,1.0,,,,,,8852018
PSAM4NK,595186,2020-10-05 10:00:00-04:00,2020-10-09 21:48:00-04:00,2020-10-05 11:33:59.929000-04:00,,1,,,,,,Control,423.799,380.973,2.0,0.0,,,1.0,5.0,2.0,1.0,0.0,0.0,0.0,0.0,1.0,1.0,,,,,,7097252
PSAM4NK,607878,2020-11-09 08:10:00-05:00,2020-11-20 20:00:00-05:00,2020-12-05 23:23:15.977000-05:00,2020-12-06 18:33:30.554000-05:00,5,,,,,,Control,4205.232,62.23,5.0,2.0,1.0,0.0,5.0,13.0,5.0,1.0,0.0,0.0,0.0,0.0,0.0,2.0,,,,,,10754757
PSAM4NK,609012,2020-11-09 08:10:00-05:00,2020-11-20 20:00:00-05:00,2020-11-19 10:49:43.237000-05:00,,1,,,,,,Control,,,1.0,,,,,0.0,1.0,0.0,0.0,0.0,0.0,0.0,0.0,1.0,,,,,,10062473
PSAM4NK,609205,2020-10-05 10:00:00-04:00,2020-10-09 21:48:00-04:00,2020-10-05 11:15:55.326000-04:00,,9,,,,,,Treatment,293583.952,25678.2876,5.0,0.0,0.0,0.0,5.0,5.0,0.0,0.0,10.0,10.0,0.0,0.0,0.0,6.0,,,,,,7093125
PSAM4NK,609991,2020-10-05 10:00:00-04:00,2020-10-09 21:48:00-04:00,2020-10-05 11:19:35.020000-04:00,2020-10-05 14:04:12.221000-04:00,1,,,,,,Control,9790.127,275.3025,4.0,3.0,1.0,1.0,4.0,6.0,4.0,1.0,0.0,0.0,0.0,0.0,0.0,1.0,,,,,,7094037
PSAM4NK,611945,2020-11-30 14:37:35.560000-05:00,2020-12-01 14:39:00-05:00,2020-11-30 14:41:26.394000-05:00,2020-12-01 15:46:56.716000-05:00,2,,,,,,Control,90283.552,18026.6654,5.0,3.0,1.0,1.0,3.0,8.0,5.0,2.0,0.0,0.0,0.0,0.0,2.0,2.0,,,,,,10376938
PSAM4NK,612049,2020-10-05 10:00:00-04:00,2020-10-09 21:48:00-04:00,2020-10-05 13:07:46.672000-04:00,,6,,,,,,Treatment,521724.531,,3.0,0.0,0.0,0.0,0.0,0.0,0.0,0.0,6.0,6.0,0.0,0.0,0.0,3.0,,,,,,7117409
PSAM4NK,612290,2020-10-05 10:00:00-04:00,2020-10-09 21:48:00-04:00,2020-10-05 13:06:13.427000-04:00,2020-10-09 13:10:27.570000-04:00,4,,,,,,Treatment,265951.987,28.7755,5.0,0.0,0.0,0.0,3.0,4.0,0.0,0.0,10.0,10.0,0.0,0.0,0.0,4.0,,,,,,7117079
PSAM4NK,612490,2020-10-05 10:00:00-04:00,2020-10-09 21:48:00-04:00,2020-10-05 10:25:38.620000-04:00,,12,,,,,,Control,33036.686,1059.6594,5.0,0.0,0.0,0.0,2.0,9.0,5.0,5.0,0.0,0.0,0.0,0.0,4.0,3.0,,,,,,7082930
PSAM4NK,615284,2020-10-05 10:00:00-04:00,2020-10-09 21:48:00-04:00,2020-10-05 14:27:41.268000-04:00,2020-10-07 14:25:00.233000-04:00,3,,,,,,Control,172545.385,17319.9098,5.0,2.0,2.0,2.0,4.0,7.0,5.0,3.0,0.0,0.0,0.0,0.0,3.0,3.0,,,,,,7135488
PSAM4NK,615292,2020-10-05 10:00:00-04:00,2020-10-09 21:48:00-04:00,2020-10-05 14:27:16.233000-04:00,,4,,,,,,Control,593.565,72.2992,5.0,0.0,0.0,0.0,4.0,9.0,5.0,5.0,0.0,0.0,0.0,0.0,5.0,1.0,,,,,,7135404
PSAM4NK,615349,2020-10-05 10:00:00-04:00,2020-10-09 21:48:00-04:00,2020-10-05 14:25:07.175000-04:00,,3,,,,,,Control,261777.003,87227.5006666667,4.0,1.0,1.0,1.0,3.0,5.0,4.0,2.0,0.0,0.0,0.0,0.0,2.0,2.0,,,,,,7134883
PSAM4NK,615432,2020-10-05 10:00:00-04:00,2020-10-09 21:48:00-04:00,2020-10-05 14:11:24.169000-04:00,,4,,,,,,Treatment,526195.651,260930.129,2.0,0.0,0.0,0.0,2.0,2.0,0.0,0.0,4.0,4.0,0.0,0.0,0.0,2.0,,,,,,7131913
PSAM4NK,615472,2020-11-30 14:37:35.560000-05:00,2020-12-01 14:39:00-05:00,2020-11-30 14:46:24.448000-05:00,2020-11-30 15:01:46.709000-05:00,1,,,,,,Treatment,856.032,62.3866666666667,5.0,3.0,1.0,1.0,3.0,3.0,0.0,0.0,10.0,4.0,0.0,0.0,0.0,1.0,,,,,,10377665
PSAM4NK,615476,2020-11-30 14:37:35.560000-05:00,2020-12-01 14:39:00-05:00,2020-11-30 14:38:27.875000-05:00,2020-11-30 14:41:33.978000-05:00,1,,,,,,Treatment,91.696,30.556,3.0,3.0,,,3.0,3.0,0.0,0.0,6.0,0.0,0.0,0.0,0.0,1.0,,,,,,10376457
PSAM4NK,615669,2020-11-30 14:37:35.560000-05:00,2020-12-01 14:39:00-05:00,2020-12-01 12:53:34.637000-05:00,,1,,,,,,Treatment,,,1.0,,,,,0.0,0.0,0.0,2.0,0.0,0.0,0.0,0.0,1.0,,,,,,10453754
PSAM4NK,616081,2020-11-30 14:37:35.560000-05:00,2020-12-01 14:39:00-05:00,2020-11-30 14:40:40.857000-05:00,2020-11-30 15:20:13.900000-05:00,2,,,,,,Control,2280.207,22.938,5.0,2.0,2.0,1.0,5.0,11.0,5.0,1.0,0.0,0.0,0.0,0.0,1.0,2.0,,,,,,10376802
PSAM4NK,616152,2020-11-30 14:37:35.560000-05:00,2020-12-01 14:39:00-05:00,2020-11-30 14:39:10.413000-05:00,2020-11-30 14:41:38.137000-05:00,1,,,,,,Treatment,99.987,33.3153333333333,3.0,3.0,,,3.0,3.0,0.0,0.0,6.0,0.0,0.0,0.0,0.0,1.0,,,,,,10376561
PSAM4NK,616379,2020-12-13 22:00:00-05:00,,2020-12-14 13:03:50.691000-05:00,2020-12-14 13:06:43.428000-05:00,1,,,,,,Control,121.449,40.481,3.0,3.0,,,3.0,3.0,3.0,0.0,0.0,0.0,0.0,0.0,0.0,1.0,,,,,,11210862
PSAM4NK,616415,2020-11-09 08:10:00-05:00,2020-11-20 20:00:00-05:00,2020-12-16 15:26:49.573000-05:00,,1,,,,,,Control,,,1.0,,,,,0.0,1.0,0.0,0.0,0.0,0.0,0.0,0.0,1.0,,,,,,11370454
PSAM4NK,616424,2020-11-09 08:10:00-05:00,2020-11-20 20:00:00-05:00,2020-12-17 20:15:09.914000-05:00,,3,,,,,,Treatment,221.632,29.23,2.0,0.0,,,1.0,1.0,0.0,0.0,4.0,3.0,0.0,0.0,0.0,4.0,,,,,,11429808
PSAM4NK,616448,2020-11-09 08:10:00-05:00,2020-11-20 20:00:00-05:00,2020-11-12 15:43:15.773000-05:00,2020-11-17 14:09:40.250000-05:00,2,,,,,,Control,426230.468,85239.8014,5.0,3.0,1.0,1.0,5.0,7.0,5.0,1.0,0.0,0.0,0.0,0.0,1.0,2.0,,,,,,9666273
PSAM4NK,616470,2020-11-30 14:37:35.560000-05:00,2020-12-01 14:39:00-05:00,2020-12-04 14:19:36.948000-05:00,,1,,,,,,Treatment,12.688,,1.0,,,,0.0,0.0,0.0,0.0,2.0,1.0,0.0,0.0,0.0,1.0,,,,,,10733932
PSAM4NK,616531,2020-12-14 12:37:00-05:00,2020-12-14 17:39:00-05:00,2020-12-14 13:59:13.866000-05:00,2021-01-05 11:08:38.684000-05:00,5,,,,,,Treatment,1890431.164,460181.4675,4.0,3.0,1.0,1.0,4.0,4.0,0.0,0.0,8.0,2.0,0.0,0.0,0.0,4.0,,,,,,11219417
PSAM4NK,616729,2020-11-30 14:37:35.560000-05:00,2020-12-01 14:39:00-05:00,2020-11-30 14:52:29.151000-05:00,2020-11-30 15:04:57.603000-05:00,1,,,,,,Control,500.406,76.6326,5.0,1.0,1.0,1.0,4.0,9.0,5.0,3.0,0.0,0.0,0.0,0.0,3.0,1.0,,,,,,10378591
PSAM4NK,617888,2020-12-13 22:00:00-05:00,,2020-12-14 00:12:28.720000-05:00,,1,,,,,,Treatment,,,1.0,,,,,0.0,0.0,0.0,2.0,0.0,0.0,0.0,0.0,1.0,,,,,,11170791
PSAM4NK,618219,2020-11-30 14:37:35.560000-05:00,2020-12-01 14:39:00-05:00,2020-11-30 15:43:53.148000-05:00,2020-11-30 16:26:20.952000-05:00,1,,,,,,Control,669.697,82.1678,5.0,0.0,0.0,0.0,2.0,8.0,5.0,5.0,0.0,0.0,0.0,0.0,2.0,1.0,,,,,,10385342
PSAM4NK,618269,2020-10-05 10:00:00-04:00,2020-10-09 21:48:00-04:00,2020-10-06 07:34:01.408000-04:00,,2,,,,,,Control,928.975,141.044,4.0,0.0,0.0,0.0,1.0,9.0,4.0,3.0,0.0,0.0,0.0,0.0,3.0,1.0,,,,,,7173824
PSAM4NK,618586,2020-10-05 10:00:00-04:00,2020-10-09 21:48:00-04:00,2020-10-05 10:14:49.250000-04:00,2020-10-05 13:00:10.928000-04:00,3,,,,,,Control,9619.975,1835.429,5.0,3.0,2.0,2.0,5.0,12.0,5.0,2.0,0.0,0.0,0.0,0.0,0.0,3.0,,,,,,7080832
PSAM4NK,620476,2020-10-05 10:00:00-04:00,2020-10-09 21:48:00-04:00,2020-10-06 13:01:55.576000-04:00,2020-10-11 23:34:13.255000-04:00,10,,,,,,Treatment,469874.129,64703.35625,5.0,3.0,1.0,1.0,4.0,4.0,0.0,0.0,10.0,4.0,0.0,0.0,0.0,4.0,,,,,,7230103
PSAM4NK,620743,2020-11-09 08:10:00-05:00,2020-11-20 20:00:00-05:00,2021-01-05 10:28:34.286000-05:00,,5,,,,,,Treatment,649412.609,84.483,3.0,0.0,0.0,0.0,2.0,2.0,0.0,0.0,6.0,6.0,0.0,0.0,0.0,5.0,,,,,,11578600
PSAM4NK,621196,2020-10-05 10:00:00-04:00,2020-10-09 21:48:00-04:00,2020-10-05 10:24:56.156000-04:00,2020-10-05 11:10:03.052000-04:00,1,,,,,,Treatment,2479.099,397.7606,5.0,3.0,1.0,1.0,5.0,5.0,0.0,0.0,10.0,4.0,0.0,0.0,0.0,1.0,,,,,,7082795
PSAM4NK,621428,2020-10-05 10:00:00-04:00,2020-10-09 21:48:00-04:00,2020-10-06 16:28:50.946000-04:00,2020-11-11 00:39:25.937000-05:00,7,,,,,,Control,2936075.215,189.53,5.0,1.0,1.0,1.0,3.0,23.0,5.0,4.0,0.0,0.0,0.0,0.0,4.0,3.0,,,,,,7268715
PSAM4NK,624470,2020-10-05 10:00:00-04:00,2020-10-09 21:48:00-04:00,2020-10-05 10:24:31.593000-04:00,,3,,,,,,Control,86423.605,43201.369,3.0,1.0,,,1.0,2.0,3.0,1.0,0.0,0.0,0.0,0.0,1.0,2.0,,,,,,7082719
PSAM4NK,625007,2020-10-05 10:00:00-04:00,2020-10-09 21:48:00-04:00,2020-10-06 10:20:04.038000-04:00,,1,,,,,,Treatment,339.7,50.324,3.0,2.0,,,3.0,3.0,0.0,0.0,6.0,2.0,0.0,0.0,0.0,1.0,,,,,,7194421
PSAM4NK,625331,2020-10-05 10:00:00-04:00,2020-10-09 21:48:00-04:00,2020-10-05 12:14:21.846000-04:00,,5,,,,,,Treatment,356411.265,,2.0,0.0,,,0.0,0.0,0.0,0.0,4.0,2.0,0.0,0.0,0.0,3.0,,,,,,7105968
PSAM4NK,625715,2020-10-05 10:00:00-04:00,2020-10-09 21:48:00-04:00,2020-10-09 02:40:01.755000-04:00,2020-10-14 14:46:17.471000-04:00,2,,,,,,Treatment,475349.701,191.694333333333,4.0,3.0,1.0,1.0,3.0,3.0,0.0,0.0,8.0,2.0,0.0,0.0,0.0,3.0,,,,,,7493169
PSAM4NK,626494,2020-10-05 10:00:00-04:00,2020-10-09 21:48:00-04:00,2020-10-05 11:19:08.766000-04:00,,3,,,,,,Control,,,1.0,,,,,0.0,1.0,0.0,0.0,0.0,0.0,0.0,0.0,1.0,,,,,,7093911
PSAM4NK,626688,2020-10-05 10:00:00-04:00,2020-10-09 21:48:00-04:00,2020-10-06 11:25:00.759000-04:00,,1,,,,,,Not Assigned,,,,,,,,,,,,,,,,,,,,,,7208562
PSAM4NK,626690,2020-10-05 10:00:00-04:00,2020-10-09 21:48:00-04:00,2020-10-05 11:21:00.365000-04:00,,2,,,,,,Treatment,5087.078,1063.38,3.0,0.0,0.0,0.0,2.0,2.0,0.0,0.0,6.0,6.0,0.0,0.0,0.0,3.0,,,,,,7094378
PSAM4NK,626764,2020-10-05 10:00:00-04:00,2020-10-09 21:48:00-04:00,2020-10-06 11:50:47.031000-04:00,,3,,,,,,Not Assigned,,,,,,,,,,,,,,,,,,,,,,7214336
PSAM4NK,627223,2020-11-09 08:10:00-05:00,2020-11-20 20:00:00-05:00,2020-11-12 15:55:55.686000-05:00,,1,,,,,,Treatment,18.974,,1.0,,,,0.0,0.0,0.0,0.0,2.0,1.0,0.0,0.0,0.0,1.0,,,,,,9667577
PSAM4NK,627268,2020-10-05 10:00:00-04:00,2020-10-09 21:48:00-04:00,2020-10-05 10:25:38.429000-04:00,,2,,,,,,Control,86365.682,24.1685,3.0,0.0,0.0,0.0,1.0,5.0,3.0,2.0,0.0,0.0,0.0,0.0,2.0,2.0,,,,,,7082928
PSAM4NK,627356,2020-11-30 14:37:35.560000-05:00,2020-12-01 14:39:00-05:00,2020-12-01 11:32:31.352000-05:00,,2,,,,,,Treatment,2604.089,,1.0,,,,0.0,0.0,0.0,0.0,2.0,2.0,0.0,0.0,0.0,3.0,,,,,,10437422
PSAM4NK,627797,2020-11-09 08:10:00-05:00,2020-11-20 20:00:00-05:00,2020-11-19 10:53:43.724000-05:00,,6,,,,,,Control,2438097.593,474097.8462,5.0,0.0,0.0,0.0,1.0,8.0,5.0,5.0,0.0,0.0,0.0,0.0,2.0,2.0,,,,,,10063149
PSAM4NK,627898,2020-11-30 14:37:35.560000-05:00,2020-12-01 14:39:00-05:00,2020-11-30 19:37:35.476000-05:00,,2,,,,,,Treatment,4095.579,320.988333333333,4.0,0.0,0.0,0.0,3.0,3.0,0.0,0.0,8.0,8.0,0.0,0.0,0.0,1.0,,,,,,10398095
PSAM4NK,628335,2020-10-05 10:00:00-04:00,2020-10-09 21:48:00-04:00,2020-10-05 12:07:42.889000-04:00,2020-10-05 12:17:14.149000-04:00,1,,,,,,Control,394.946,55.4018,5.0,1.0,1.0,1.0,5.0,10.0,5.0,3.0,0.0,0.0,0.0,0.0,3.0,1.0,,,,,,7104600
PSAM4NK,628344,2020-10-05 10:00:00-04:00,2020-10-09 21:48:00-04:00,2020-10-05 11:59:55.140000-04:00,,2,,,,,,Treatment,904.593,74.858,1.0,0.0,,,1.0,1.0,0.0,0.0,2.0,2.0,0.0,0.0,0.0,3.0,,,,,,7103011
PSAM4NK,628556,2020-10-05 10:00:00-04:00,2020-10-09 21:48:00-04:00,2020-10-05 12:11:34.326000-04:00,2020-10-06 09:46:17.105000-04:00,2,,,,,,Control,226.443,14.330875,8.0,3.0,1.0,1.0,3.0,8.0,5.0,5.0,6.0,0.0,0.0,0.0,5.0,1.0,,,,,,7105408
PSAM4NK,628556,2020-10-05 10:00:00-04:00,2020-10-09 21:48:00-04:00,2020-10-05 12:11:34.326000-04:00,2020-10-06 09:46:17.105000-04:00,2,,,,,,Treatment,226.443,14.330875,8.0,3.0,1.0,1.0,3.0,8.0,5.0,5.0,6.0,0.0,0.0,0.0,5.0,1.0,,,,,,7105408
PSAM4NK,628871,2020-10-05 10:00:00-04:00,2020-10-09 21:48:00-04:00,2020-10-05 13:03:29.790000-04:00,,2,,,,,,Control,345420.79,26.49,2.0,0.0,,,1.0,3.0,2.0,1.0,0.0,0.0,0.0,0.0,1.0,2.0,,,,,,7116445
PSAM4NK,628894,2020-10-05 10:00:00-04:00,2020-10-09 21:48:00-04:00,2020-10-06 14:32:02.472000-04:00,,1,,,,,,Treatment,603.791,,1.0,,,,0.0,0.0,0.0,0.0,2.0,2.0,0.0,0.0,0.0,1.0,,,,,,7251154
PSAM4NK,629660,2020-10-05 10:00:00-04:00,2020-10-09 21:48:00-04:00,2020-10-05 13:05:07.582000-04:00,,5,,,,,,Treatment,345730.399,137.392,1.0,0.0,,,1.0,1.0,0.0,0.0,2.0,2.0,0.0,0.0,0.0,3.0,,,,,,7116816
PSAM4NK,630255,2020-10-05 10:00:00-04:00,2020-10-09 21:48:00-04:00,2020-10-05 13:05:59.681000-04:00,2020-10-08 13:09:27.111000-04:00,3,,,,,,Control,259363.066,43382.61725,4.0,3.0,1.0,1.0,4.0,7.0,4.0,1.0,0.0,0.0,0.0,0.0,1.0,3.0,,,,,,7117006
PSAM4NK,634960,2020-11-09 08:10:00-05:00,2020-11-20 20:00:00-05:00,2020-12-17 08:43:44.732000-05:00,,2,,,,,,Control,25.716,7.943,1.0,0.0,,,0.0,4.0,1.0,1.0,0.0,0.0,0.0,0.0,0.0,2.0,,,,,,11385509
PSAM4NK,634985,2020-10-05 10:00:00-04:00,2020-10-09 21:48:00-04:00,2020-10-06 16:15:35.797000-04:00,2020-10-06 16:28:34.790000-04:00,1,,,,,,Control,615.332,84.6656,5.0,3.0,1.0,1.0,4.0,8.0,5.0,2.0,0.0,0.0,0.0,0.0,2.0,1.0,,,,,,7267412
PSAM4NK,635813,2020-10-05 10:00:00-04:00,2020-10-09 21:48:00-04:00,2020-10-05 11:16:43.813000-04:00,,1,,,,,,Control,1033.836,234.021,1.0,0.0,,,0.0,3.0,1.0,0.0,0.0,0.0,0.0,0.0,0.0,1.0,,,,,,7093323
PSAM4NK,637841,2020-10-05 10:00:00-04:00,2020-10-09 21:48:00-04:00,2020-10-05 14:32:55.458000-04:00,,4,,,,,,Control,259372.582,43135.77675,5.0,0.0,0.0,0.0,1.0,7.0,5.0,4.0,0.0,0.0,0.0,0.0,4.0,2.0,,,,,,7136612
PSAM4NK,639372,2020-10-05 10:00:00-04:00,2020-10-09 21:48:00-04:00,2020-10-05 11:59:04.673000-04:00,,1,,,,,,Control,315.446,111.98,3.0,0.0,0.0,0.0,1.0,4.0,3.0,2.0,0.0,0.0,0.0,0.0,2.0,1.0,,,,,,7102808
PSAM4NK,640616,2020-10-05 10:00:00-04:00,2020-10-09 21:48:00-04:00,2020-10-05 10:28:54.413000-04:00,,1,,,,,,Treatment,1607.766,251.22,1.0,0.0,,,1.0,2.0,0.0,0.0,2.0,2.0,0.0,0.0,0.0,1.0,,,,,,7083531
PSAM4NK,641147,2020-10-05 10:00:00-04:00,2020-10-09 21:48:00-04:00,2020-10-05 16:15:29.727000-04:00,,5,,,,,,Treatment,345571.441,77.1026666666667,4.0,1.0,0.0,0.0,3.0,3.0,0.0,0.0,8.0,6.0,0.0,0.0,0.0,5.0,,,,,,7151571
PSAM4NK,641329,2020-10-05 10:00:00-04:00,2020-10-09 21:48:00-04:00,2020-10-05 11:16:10.929000-04:00,,2,,,,,,Control,173019.214,3.539,3.0,0.0,0.0,0.0,1.0,6.0,3.0,3.0,0.0,0.0,0.0,0.0,3.0,2.0,,,,,,7093185
PSAM4NK,641635,2020-10-05 10:00:00-04:00,2020-10-09 21:48:00-04:00,2020-10-08 10:28:08.054000-04:00,,1,,,,,,Treatment,293.937,,2.0,0.0,,,0.0,0.0,0.0,0.0,4.0,2.0,0.0,0.0,0.0,1.0,,,,,,7411358
PSAM4NK,642026,2020-10-05 10:00:00-04:00,2020-10-09 21:48:00-04:00,2020-10-05 10:24:37.223000-04:00,2020-10-08 10:28:03.577000-04:00,4,,,,,,Control,172911.947,34492.729,5.0,0.0,0.0,0.0,2.0,12.0,5.0,5.0,0.0,0.0,0.0,0.0,4.0,3.0,,,,,,7082749
PSAM4NK,642578,2020-10-05 10:00:00-04:00,2020-10-09 21:48:00-04:00,2020-10-06 10:26:16.599000-04:00,,5,,,,,,Treatment,524978.084,86206.917,2.0,0.0,0.0,0.0,2.0,2.0,0.0,0.0,4.0,3.0,0.0,0.0,0.0,5.0,,,,,,7195752
PSAM4NK,644148,2020-10-05 10:00:00-04:00,2020-10-09 21:48:00-04:00,2020-10-06 07:59:37.922000-04:00,2020-10-06 08:03:26.644000-04:00,1,,,,,,Control,145.652,48.5373333333333,3.0,3.0,,,3.0,3.0,3.0,0.0,0.0,0.0,0.0,0.0,0.0,1.0,,,,,,7174574
PSAM4NK,645685,2020-10-05 10:00:00-04:00,2020-10-09 21:48:00-04:00,2020-10-05 12:23:00.205000-04:00,,1,,,,,,Control,,,1.0,,,,,0.0,1.0,0.0,0.0,0.0,0.0,0.0,0.0,1.0,,,,,,7107835
PSAM4NK,645693,2020-10-05 10:00:00-04:00,2020-10-09 21:48:00-04:00,2020-10-05 12:15:50.165000-04:00,,2,,,,,,Control,326.022,8.363,4.0,0.0,0.0,0.0,1.0,12.0,4.0,3.0,0.0,0.0,0.0,0.0,3.0,1.0,,,,,,7106290
PSAM4NK,647221,2020-10-05 10:00:00-04:00,2020-10-09 21:48:00-04:00,2020-10-05 13:04:58.328000-04:00,2020-10-08 13:25:11.503000-04:00,4,,,,,,Treatment,259903.598,62.979,5.0,3.0,1.0,1.0,3.0,3.0,0.0,0.0,10.0,4.0,0.0,0.0,0.0,3.0,,,,,,7116785
PSAM4NK,647245,2020-10-05 10:00:00-04:00,2020-10-09 21:48:00-04:00,2020-10-05 13:03:10.183000-04:00,2020-10-08 13:47:19.152000-04:00,6,,,,,,Treatment,261498.371,189.18825,5.0,3.0,1.0,1.0,4.0,7.0,0.0,0.0,10.0,4.0,0.0,0.0,0.0,3.0,,,,,,7116372
PSAM4NK,649777,2020-10-05 10:00:00-04:00,2020-10-09 21:48:00-04:00,2020-10-05 14:47:52.537000-04:00,,1,,,,,,Not Assigned,,,,,,,,,,,,,,,,,,,,,,7139483
PSAM4NK,650209,2020-10-05 10:00:00-04:00,2020-10-09 21:48:00-04:00,2020-10-05 14:30:39.053000-04:00,,1,,,,,,Treatment,180.718,,1.0,0.0,,,0.0,0.0,0.0,0.0,2.0,2.0,0.0,0.0,0.0,1.0,,,,,,7136179
PSAM4NK,654660,2020-10-05 10:00:00-04:00,2020-10-09 21:48:00-04:00,2020-10-05 14:29:52.890000-04:00,,1,,,,,,Treatment,2720.911,,1.0,,,,0.0,0.0,0.0,0.0,2.0,2.0,0.0,0.0,0.0,1.0,,,,,,7136020
PSAM4NK,655086,2020-10-05 10:00:00-04:00,2020-10-09 21:48:00-04:00,2020-10-05 14:42:34.746000-04:00,,2,,,,,,Treatment,,,1.0,,,,,0.0,0.0,0.0,2.0,0.0,0.0,0.0,0.0,1.0,,,,,,7138503
PSAM4NK,657574,2020-11-09 08:10:00-05:00,2020-11-20 20:00:00-05:00,2020-12-04 09:56:33.713000-05:00,,1,,,,,,Control,135.584,81.46,2.0,0.0,,,0.0,2.0,2.0,1.0,0.0,0.0,0.0,0.0,1.0,1.0,,,,,,10696001
PSAM4NK,658916,2020-10-05 10:00:00-04:00,2020-10-09 21:48:00-04:00,2020-10-05 11:04:32.733000-04:00,,5,,,,,,Treatment,1329.555,145.143666666667,5.0,0.0,0.0,0.0,3.0,3.0,0.0,0.0,10.0,10.0,0.0,0.0,0.0,1.0,,,,,,7090660
PSAM4NK,659189,2020-12-06 20:30:00-05:00,2020-12-11 20:30:00-05:00,2020-12-11 10:37:38.460000-05:00,2020-12-11 10:49:57.434000-05:00,1,,,,,,Control,623.626,122.57175,4.0,3.0,1.0,1.0,4.0,6.0,4.0,1.0,0.0,0.0,0.0,0.0,1.0,1.0,,,,,,11115850
PSAM4NK,659191,2020-12-06 20:30:00-05:00,2020-12-11 20:30:00-05:00,2020-12-09 11:37:43.760000-05:00,2020-12-09 11:41:59.570000-05:00,1,,,,,,Treatment,209.961,69.9776666666667,3.0,3.0,,,3.0,3.0,0.0,0.0,6.0,0.0,0.0,0.0,0.0,1.0,,,,,,10967613
PSAM4NK,659223,2020-12-06 20:30:00-05:00,2020-12-11 20:30:00-05:00,2020-12-11 10:38:49.681000-05:00,,1,,,,,,Treatment,487.375,91.5173333333333,4.0,0.0,0.0,0.0,1.0,3.0,0.0,0.0,8.0,8.0,0.0,0.0,0.0,1.0,,,,,,11115979
PSAM4NK,659885,2020-10-05 10:00:00-04:00,2020-10-09 21:48:00-04:00,2020-10-05 11:08:57.241000-04:00,2020-10-08 10:51:22.726000-04:00,6,,,,,,Treatment,171703.336,242.489333333333,5.0,2.0,1.0,1.0,3.0,3.0,0.0,0.0,10.0,6.0,0.0,0.0,0.0,5.0,,,,,,7091597
PSAM4NK,660201,2020-10-05 10:00:00-04:00,2020-10-09 21:48:00-04:00,2020-10-05 11:18:05.173000-04:00,2020-10-08 22:13:46.618000-04:00,7,,,,,,Treatment,297110.702,68.501,5.0,0.0,0.0,0.0,3.0,3.0,0.0,0.0,10.0,10.0,0.0,0.0,0.0,6.0,,,,,,7093659
PSAM4NK,660663,2020-10-05 10:00:00-04:00,2020-10-09 21:48:00-04:00,2020-10-15 15:52:07.866000-04:00,,1,,,,,,Treatment,244.89,58.052,1.0,0.0,,,1.0,1.0,0.0,0.0,2.0,2.0,0.0,0.0,0.0,1.0,,,,,,7913269
PSAM4NK,661179,2020-10-05 10:00:00-04:00,2020-10-09 21:48:00-04:00,2020-10-05 12:08:32.904000-04:00,2020-10-05 12:15:20.851000-04:00,1,,,,,,Treatment,358.459,119.467333333333,3.0,3.0,,,3.0,3.0,0.0,0.0,6.0,0.0,0.0,0.0,0.0,1.0,,,,,,7104772
PSAM4NK,661690,2020-10-05 10:00:00-04:00,2020-10-09 21:48:00-04:00,2020-10-06 19:25:40.478000-04:00,2020-10-06 19:39:48.263000-04:00,1,,,,,,Treatment,349.126,28.4525,5.0,3.0,2.0,2.0,4.0,4.0,0.0,0.0,10.0,4.0,0.0,0.0,0.0,1.0,,,,,,7279388
PSAM4NK,661783,2020-10-05 10:00:00-04:00,2020-10-09 21:48:00-04:00,2020-10-06 10:23:51.244000-04:00,2020-10-07 18:50:01.096000-04:00,3,,,,,,Treatment,30060.895,89.5195,4.0,3.0,1.0,1.0,4.0,4.0,0.0,0.0,8.0,2.0,0.0,0.0,0.0,3.0,,,,,,7195229
PSAM4NK,662089,2020-10-05 10:00:00-04:00,2020-10-09 21:48:00-04:00,2020-10-06 12:09:32.745000-04:00,2020-10-07 12:23:42.698000-04:00,2,,,,,,Control,86828.175,17320.7238,5.0,2.0,2.0,2.0,4.0,13.0,5.0,3.0,0.0,0.0,0.0,0.0,3.0,2.0,,,,,,7218600
PSAM4NK,662788,2020-10-05 10:00:00-04:00,2020-10-09 21:48:00-04:00,2020-10-05 13:00:43.234000-04:00,,3,,,,,,Control,172893.448,34552.3792,5.0,0.0,0.0,0.0,4.0,10.0,5.0,5.0,0.0,0.0,0.0,0.0,5.0,2.0,,,,,,7115879
PSAM4NK,664005,2020-10-05 10:00:00-04:00,2020-10-09 21:48:00-04:00,2020-10-09 15:10:37.547000-04:00,,2,,,,,,Control,950513.661,18.64,1.0,0.0,,,1.0,6.0,1.0,0.0,0.0,0.0,0.0,0.0,0.0,2.0,,,,,,7548349
PSAM4NK,664604,2020-12-14 12:37:00-05:00,2020-12-14 17:39:00-05:00,2020-12-15 11:25:46.302000-05:00,2020-12-15 11:29:42.995000-05:00,1,,,,,,Control,156.962,52.313,3.0,3.0,,,3.0,3.0,3.0,0.0,0.0,0.0,0.0,0.0,0.0,1.0,,,,,,11273316
PSAM4NK,665098,2020-11-30 14:37:35.560000-05:00,2020-12-01 14:39:00-05:00,2020-11-30 14:55:54.527000-05:00,,1,,,,,,Treatment,55.746,,1.0,,,,0.0,0.0,0.0,0.0,2.0,1.0,0.0,0.0,0.0,1.0,,,,,,10379093
PSAM4NK,670992,2021-04-28 09:22:56.738000-04:00,,2021-04-28 10:35:36.320000-04:00,2021-04-28 10:52:49.649000-04:00,1,,,,,,Control,502.461,56.5426,5.0,1.0,1.0,1.0,5.0,12.0,5.0,3.0,0.0,0.0,0.0,0.0,3.0,1.0,,,,,,15958132
PSAM4NK,671339,2021-04-28 09:22:56.735000-04:00,,2021-04-28 09:50:46.804000-04:00,2021-04-28 09:59:35.329000-04:00,1,,,,,,Control,500.501,118.34525,4.0,3.0,1.0,1.0,3.0,4.0,4.0,1.0,0.0,0.0,0.0,0.0,1.0,1.0,,,,,,15954590
PSAM4NK,671401,2021-04-28 09:22:56.735000-04:00,,2021-05-05 09:57:43.661000-04:00,2021-05-19 17:11:15.263000-04:00,3,,,,,,Control,1235512.193,185.77575,4.0,3.0,1.0,1.0,4.0,7.0,4.0,1.0,0.0,0.0,0.0,0.0,1.0,2.0,,,,,,16153153
PSAM4NK,671413,2021-04-28 09:22:56.735000-04:00,,2021-04-28 09:52:20.366000-04:00,,2,,,,,,Treatment,196.186,17.221,2.0,0.0,0.0,0.0,1.0,1.0,0.0,0.0,4.0,4.0,0.0,0.0,0.0,3.0,,,,,,15954693
PSAM4NK,671416,2021-04-28 09:22:56.735000-04:00,,2021-05-05 10:14:27.843000-04:00,,2,,,,,,Control,1298522.813,56.6183333333333,3.0,0.0,0.0,0.0,3.0,8.0,3.0,3.0,0.0,0.0,0.0,0.0,3.0,2.0,,,,,,16154099
PSAM4NK,671418,2021-04-28 09:22:56.735000-04:00,,2021-05-05 10:11:35.638000-04:00,,5,,,,,,Treatment,632364.239,44.596,1.0,0.0,,,1.0,1.0,0.0,0.0,2.0,2.0,0.0,0.0,0.0,3.0,,,,,,16153958
PSAM4NK,671424,2021-04-28 09:22:56.735000-04:00,,2021-04-28 09:56:07.683000-04:00,2021-04-28 10:05:24.145000-04:00,1,,,,,,Treatment,518.775,172.918666666667,3.0,3.0,,,3.0,3.0,0.0,0.0,6.0,0.0,0.0,0.0,0.0,1.0,,,,,,15954947
PSAM4NK,671427,2021-04-28 09:22:56.735000-04:00,,2021-04-28 09:53:15.390000-04:00,2021-04-28 10:01:43.999000-04:00,1,,,,,,Control,457.842,152.603666666667,3.0,3.0,,,3.0,3.0,3.0,0.0,0.0,0.0,0.0,0.0,0.0,1.0,,,,,,15954753
PSAM4NK,671432,2021-04-28 09:22:56.735000-04:00,,2021-06-07 10:07:57.878000-04:00,,1,,,,,,Not Assigned,,,,,,,,,,,,,,,,,,,,,,16717852
PSAM4NK,671437,2021-04-28 09:22:56.735000-04:00,,2021-04-28 09:55:32.279000-04:00,,1,,,,,,Control,,,1.0,,,,,0.0,1.0,0.0,0.0,0.0,0.0,0.0,0.0,1.0,,,,,,15954916
PSAM4NK,671445,2021-04-28 09:22:56.735000-04:00,,2021-04-28 12:04:13.114000-04:00,2021-04-28 12:16:25.081000-04:00,1,,,,,,Control,596.972,91.187,5.0,3.0,1.0,1.0,5.0,7.0,5.0,2.0,0.0,0.0,0.0,0.0,1.0,1.0,,,,,,15965478
PSAM4NK,671447,2021-04-28 09:22:56.735000-04:00,,2021-04-28 10:02:34.619000-04:00,,2,,,,,,Treatment,3588374.57,3586657.692,1.0,,,,0.0,0.0,0.0,0.0,2.0,2.0,0.0,0.0,0.0,2.0,,,,,,15955412
PSAM4NK,671449,2021-04-28 09:22:56.735000-04:00,,2021-04-28 16:36:51.466000-04:00,,1,,,,,,Treatment,,,1.0,,,,,0.0,0.0,0.0,2.0,0.0,0.0,0.0,0.0,1.0,,,,,,15983469
PSAM4NK,671453,2021-04-28 09:22:56.735000-04:00,,2021-05-05 10:07:14.177000-04:00,,1,,,,,,Not Assigned,,,,,,,,,,,,,,,,,,,,,,16153724
PSAM4NK,671456,2021-04-28 09:22:56.735000-04:00,,2021-04-28 09:53:09.554000-04:00,2021-04-28 10:22:31.413000-04:00,1,,,,,,Treatment,1637.941,242.3195,4.0,3.0,1.0,1.0,4.0,4.0,0.0,0.0,8.0,2.0,0.0,0.0,0.0,1.0,,,,,,15954746
PSAM4NK,671459,2021-04-28 09:22:56.735000-04:00,,2021-04-28 09:57:00.036000-04:00,,2,,,,,,Control,3023805.744,3023784.213,2.0,0.0,,,1.0,2.0,2.0,1.0,0.0,0.0,0.0,0.0,1.0,2.0,,,,,,15955005
PSAM4NK,671461,2021-04-28 09:22:56.735000-04:00,,2021-04-28 09:54:27.692000-04:00,2021-04-28 10:04:06.348000-04:00,2,,,,,,Control,403.69,68.4156,5.0,3.0,2.0,1.0,5.0,8.0,5.0,1.0,0.0,0.0,0.0,0.0,1.0,1.0,,,,,,15954843
PSAM4NK,671464,2021-04-28 09:22:56.735000-04:00,,2021-04-29 10:02:04.923000-04:00,,2,,,,,,Treatment,,,1.0,,,,,0.0,0.0,0.0,2.0,0.0,0.0,0.0,0.0,1.0,,,,,,15996147
PSAM4NK,671478,2021-04-28 09:22:56.735000-04:00,,2021-04-28 09:51:18.099000-04:00,2021-04-28 10:09:01.463000-04:00,1,,,,,,Control,928.949,138.056,5.0,2.0,1.0,0.0,5.0,12.0,5.0,1.0,0.0,0.0,0.0,0.0,1.0,1.0,,,,,,15954624
PSAM4NK,671498,2021-04-28 09:22:56.735000-04:00,,2021-04-28 10:00:53.365000-04:00,2021-04-28 12:57:48.752000-04:00,1,,,,,,Treatment,10546.285,137.361,4.0,3.0,1.0,1.0,3.0,3.0,0.0,0.0,8.0,2.0,0.0,0.0,0.0,1.0,,,,,,15955251
PSAM4NK,671504,2021-04-28 09:22:56.735000-04:00,,2021-04-28 09:53:31.120000-04:00,2021-04-28 09:55:30.756000-04:00,1,,,,,,Treatment,83.188,27.7266666666667,3.0,3.0,,,3.0,3.0,0.0,0.0,6.0,0.0,0.0,0.0,0.0,1.0,,,,,,15954774
PSAM4NK,671540,2021-04-28 09:22:56.735000-04:00,,2021-04-28 09:50:38.216000-04:00,2021-04-28 09:58:36.558000-04:00,1,,,,,,Control,435.952,87.014,4.0,3.0,1.0,1.0,4.0,7.0,4.0,1.0,0.0,0.0,0.0,0.0,0.0,1.0,,,,,,15954576
PSAM4NK,671639,2021-04-28 09:22:56.735000-04:00,,2021-05-05 10:00:22.989000-04:00,,3,,,,,,Control,,,1.0,,,,,0.0,1.0,0.0,0.0,0.0,0.0,0.0,0.0,1.0,,,,,,16153338
PSAM4NK,671642,2021-04-28 09:22:56.735000-04:00,,2021-04-28 09:57:39.129000-04:00,2021-04-28 10:04:25.474000-04:00,1,,,,,,Control,375.591,125.193333333333,3.0,3.0,,,3.0,3.0,3.0,0.0,0.0,0.0,0.0,0.0,0.0,1.0,,,,,,15955043
PSAM4NK,672598,2021-04-26 08:43:00-04:00,,2021-04-27 12:03:31.706000-04:00,,2,,,,,,Control,,,1.0,,,,,0.0,1.0,0.0,0.0,0.0,0.0,0.0,0.0,1.0,,,,,,15920881
PSAM4NK,674974,2020-10-05 10:00:00-04:00,2020-10-09 21:48:00-04:00,2020-10-05 10:17:27.478000-04:00,,4,,,,,,Control,86377.29,86347.047,1.0,0.0,,,1.0,3.0,1.0,0.0,0.0,0.0,0.0,0.0,0.0,2.0,,,,,,7081442
PSAM4NK,675046,2021-04-26 08:43:00-04:00,,2021-04-26 10:09:21.054000-04:00,,1,,,,,,Control,,,1.0,,,,,0.0,1.0,0.0,0.0,0.0,0.0,0.0,0.0,1.0,,,,,,15866066
PSAM4NK,675086,2020-10-05 10:00:00-04:00,2020-10-09 21:48:00-04:00,2020-10-05 10:25:50.427000-04:00,,2,,,,,,Control,345731.707,172838.399,2.0,1.0,,,2.0,3.0,2.0,1.0,0.0,0.0,0.0,0.0,1.0,2.0,,,,,,7082965
PSAM4NK,675135,2020-10-05 10:00:00-04:00,2020-10-09 21:48:00-04:00,2020-10-05 10:26:11.288000-04:00,,4,,,,,,Control,133.794,133.794,1.0,0.0,,,1.0,1.0,1.0,0.0,0.0,0.0,0.0,0.0,0.0,1.0,,,,,,7083026
PSAM4NK,675222,2021-04-26 08:43:00-04:00,,2021-04-26 10:02:15.953000-04:00,,1,,,,,,Treatment,60.603,59.891,1.0,0.0,,,1.0,1.0,0.0,0.0,2.0,1.0,0.0,0.0,0.0,1.0,,,,,,15865410
PSAM4NK,675257,2020-10-05 10:00:00-04:00,2020-10-09 21:48:00-04:00,2020-10-05 10:24:58.642000-04:00,2020-10-19 10:36:21.750000-04:00,4,,,,,,Treatment,609031.201,148.3054,5.0,2.0,1.0,1.0,4.0,5.0,0.0,0.0,10.0,6.0,0.0,0.0,0.0,6.0,,,,,,7082808
PSAM4NK,675307,2020-10-05 10:00:00-04:00,2020-10-09 21:48:00-04:00,2020-10-05 10:25:36.476000-04:00,2020-10-19 10:38:40.169000-04:00,7,,,,,,Control,86503.265,34.098,8.0,3.0,1.0,1.0,4.0,4.0,3.0,0.0,10.0,10.0,0.0,0.0,0.0,3.0,,,,,,7082923
PSAM4NK,675307,2020-10-05 10:00:00-04:00,2020-10-09 21:48:00-04:00,2020-10-05 10:25:36.476000-04:00,2020-10-19 10:38:40.169000-04:00,7,,,,,,Treatment,86503.265,34.098,8.0,3.0,1.0,1.0,4.0,4.0,3.0,0.0,10.0,10.0,0.0,0.0,0.0,3.0,,,,,,7082923
PSAM4NK,676329,2021-04-28 09:22:56.738000-04:00,,2021-04-28 10:22:41.176000-04:00,2021-04-28 10:33:15.438000-04:00,1,,,,,,Control,483.328,63.6748,5.0,3.0,1.0,,5.0,8.0,5.0,0.0,0.0,0.0,0.0,0.0,0.0,1.0,,,,,,15956985
PSAM4NK,676341,2021-04-28 09:22:56.738000-04:00,,2021-04-28 10:19:48.901000-04:00,2021-04-28 10:33:32.266000-04:00,1,,,,,,Control,593.652,75.4722,5.0,2.0,2.0,,5.0,10.0,5.0,1.0,0.0,0.0,0.0,0.0,0.0,1.0,,,,,,15956698
PSAM4NK,676342,2021-04-28 09:22:56.738000-04:00,,2021-04-28 10:23:53.838000-04:00,2021-04-28 10:28:01.766000-04:00,1,,,,,,Treatment,208.843,37.88425,4.0,3.0,1.0,1.0,4.0,5.0,0.0,0.0,8.0,2.0,0.0,0.0,0.0,1.0,,,,,,15957080
PSAM4NK,676344,2021-04-28 09:22:56.738000-04:00,,2021-05-05 10:24:45.604000-04:00,,2,,,,,,Treatment,444.844,75.131,1.0,0.0,,,1.0,1.0,0.0,0.0,2.0,2.0,0.0,0.0,0.0,1.0,,,,,,16154827
PSAM4NK,676348,2021-04-28 09:22:56.738000-04:00,,2021-04-28 21:32:34.505000-04:00,,3,,,,,,Control,,,1.0,,,,,0.0,1.0,0.0,0.0,0.0,0.0,0.0,0.0,1.0,,,,,,15987678
PSAM4NK,676350,2021-04-28 09:22:56.738000-04:00,,2021-04-28 10:25:00.087000-04:00,2021-04-28 10:26:56.966000-04:00,1,,,,,,Control,85.742,28.573,3.0,3.0,,,3.0,3.0,3.0,0.0,0.0,0.0,0.0,0.0,0.0,1.0,,,,,,15957194
PSAM4NK,676351,2021-04-28 09:22:56.738000-04:00,,2021-05-05 10:25:08.861000-04:00,2021-05-05 10:28:53.895000-04:00,1,,,,,,Control,187.224,62.4006666666667,3.0,3.0,,,3.0,3.0,3.0,0.0,0.0,0.0,0.0,0.0,0.0,1.0,,,,,,16154855
PSAM4NK,676361,2021-04-28 09:22:56.738000-04:00,,2021-04-28 10:21:51.147000-04:00,,2,,,,,,Treatment,654.543,129.257,1.0,0.0,,,1.0,1.0,0.0,0.0,2.0,2.0,0.0,0.0,0.0,3.0,,,,,,15956927
PSAM4NK,676363,2021-04-28 09:22:56.738000-04:00,,2021-04-28 10:22:08.898000-04:00,,2,,,,,,Treatment,713.314,,1.0,0.0,,,0.0,0.0,0.0,0.0,2.0,2.0,0.0,0.0,0.0,2.0,,,,,,15956955
PSAM4NK,676391,2021-04-28 09:22:56.738000-04:00,,2021-04-28 10:19:31.538000-04:00,2021-04-28 10:28:50.560000-04:00,1,,,,,,Control,273.44,91.141,3.0,3.0,,,3.0,3.0,3.0,0.0,0.0,0.0,0.0,0.0,0.0,1.0,,,,,,15956676
PSAM4NK,676395,2021-04-28 09:22:56.738000-04:00,,2021-04-28 10:27:23.617000-04:00,2021-04-28 10:34:51.032000-04:00,1,,,,,,Treatment,414.505,138.165,3.0,3.0,,,3.0,3.0,0.0,0.0,6.0,0.0,0.0,0.0,0.0,1.0,,,,,,15957454
PSAM4NK,676432,2021-04-28 09:22:56.738000-04:00,,2021-04-28 10:20:45.405000-04:00,,1,,,,,,Treatment,274.524,,1.0,,,,0.0,0.0,0.0,0.0,2.0,2.0,0.0,0.0,0.0,1.0,,,,,,15956805
PSAM4NK,676447,2021-04-28 09:22:56.738000-04:00,,2021-04-28 10:21:15.081000-04:00,2021-04-28 10:23:20.312000-04:00,1,,,,,,Control,76.532,25.5086666666667,3.0,3.0,,,3.0,3.0,3.0,0.0,0.0,0.0,0.0,0.0,0.0,1.0,,,,,,15956862
PSAM4NK,676452,2021-04-28 09:22:56.738000-04:00,,2021-05-05 10:23:43.613000-04:00,,2,,,,,,Treatment,67.773,67.079,1.0,0.0,,,1.0,1.0,0.0,0.0,2.0,1.0,0.0,0.0,0.0,1.0,,,,,,16154736
PSAM4NK,676485,2021-04-28 09:22:56.738000-04:00,,2021-04-28 10:20:24.326000-04:00,,1,,,,,,Control,,,1.0,,,,,0.0,1.0,0.0,0.0,0.0,0.0,0.0,0.0,1.0,,,,,,15956743
PSAM4NK,676507,2021-04-28 09:22:56.738000-04:00,,2021-04-28 10:33:00.816000-04:00,,1,,,,,,Treatment,,,1.0,,,,,0.0,0.0,0.0,2.0,0.0,0.0,0.0,0.0,1.0,,,,,,15957895
PSAM4NK,676533,2021-04-28 09:22:56.738000-04:00,,2021-05-05 10:43:09.661000-04:00,,1,,,,,,Not Assigned,,,,,,,,,,,,,,,,,,,,,,16156081
PSAM4NK,676544,2021-04-28 09:22:56.738000-04:00,,2021-04-28 09:31:02.969000-04:00,2021-04-28 10:24:49.300000-04:00,2,,,,,,Control,282.167,94.0456666666667,3.0,3.0,,,3.0,3.0,3.0,0.0,0.0,0.0,0.0,0.0,0.0,1.0,,,,,,15953411
PSAM4NK,676558,2021-04-28 09:22:56.738000-04:00,,2021-05-05 10:41:20.191000-04:00,,1,,,,,,Control,,,1.0,,,,,0.0,1.0,0.0,0.0,0.0,0.0,0.0,0.0,1.0,,,,,,16155919
PSAM4NK,676579,2021-04-28 09:22:56.738000-04:00,,2021-04-28 10:19:33.232000-04:00,2021-04-28 10:24:08.231000-04:00,1,,,,,,Control,231.104,77.026,3.0,3.0,,,3.0,3.0,3.0,0.0,0.0,0.0,0.0,0.0,0.0,1.0,,,,,,15956673
PSAM4NK,676606,2021-04-28 09:22:56.738000-04:00,,2021-04-28 10:21:20.350000-04:00,2021-04-28 10:32:27.132000-04:00,3,,,,,,Control,355.197,72.6965,4.0,3.0,1.0,1.0,4.0,6.0,4.0,1.0,0.0,0.0,0.0,0.0,1.0,1.0,,,,,,15956876
PSAM4NK,676687,2021-04-28 09:22:56.738000-04:00,,2021-04-28 10:27:18.246000-04:00,,2,,,,,,Treatment,358.46,,2.0,0.0,,,0.0,0.0,0.0,0.0,4.0,2.0,0.0,0.0,0.0,2.0,,,,,,15957448
PSAM4NK,677776,2020-10-05 10:00:00-04:00,2020-10-09 21:48:00-04:00,2020-10-05 11:17:08.011000-04:00,,4,,,,,,Treatment,172820.011,172612.004,2.0,0.0,0.0,0.0,1.0,1.0,0.0,0.0,4.0,3.0,0.0,0.0,0.0,2.0,,,,,,7093424
PSAM4NK,678112,2021-04-28 09:22:56.738000-04:00,,2021-05-05 10:41:50.747000-04:00,,1,,,,,,Not Assigned,,,,,,,,,,,,,,,,,,,,,,16155959
PSAM4NK,679350,2021-03-04 14:48:34.232000-05:00,2021-03-12 14:50:00-05:00,2021-03-08 19:26:57.176000-05:00,,1,,,,,,Control,802.122,159.32575,5.0,0.0,0.0,0.0,4.0,8.0,5.0,4.0,0.0,0.0,0.0,0.0,4.0,1.0,,,,,,14389588
PSAM4NK,680643,2021-04-26 08:43:00-04:00,,2021-04-27 09:18:53.203000-04:00,,1,,,,,,Treatment,,,1.0,,,,,0.0,0.0,0.0,2.0,0.0,0.0,0.0,0.0,1.0,,,,,,15907376
PSAM4NK,682350,2020-10-05 10:00:00-04:00,2020-10-09 21:48:00-04:00,2020-10-05 13:11:46.953000-04:00,,2,,,,,,Treatment,349.127,309.375,2.0,0.0,,,1.0,1.0,0.0,0.0,4.0,3.0,0.0,0.0,0.0,1.0,,,,,,7118200
PSAM4NK,682417,2020-11-30 14:37:35.560000-05:00,2020-12-01 14:39:00-05:00,2020-12-01 13:19:52.937000-05:00,,1,,,,,,Not Assigned,,,,,,,,,,,,,,,,,,,,,,10459085
PSAM4NK,682520,2020-10-05 10:00:00-04:00,2020-10-09 21:48:00-04:00,2020-10-05 13:07:55.249000-04:00,,1,,,,,,Treatment,,,1.0,,,,,0.0,0.0,0.0,2.0,0.0,0.0,0.0,0.0,1.0,,,,,,7117434
PSAM4NK,685892,2020-12-17 12:41:56.032000-05:00,2020-12-17 17:43:00-05:00,2020-12-17 16:16:37.963000-05:00,2020-12-17 16:25:02.952000-05:00,4,,,,,,Control,136.138,45.369,3.0,3.0,,,3.0,3.0,3.0,0.0,0.0,0.0,0.0,0.0,0.0,1.0,,,,,,11424340
PSAM4NK,686242,2020-10-05 10:00:00-04:00,2020-10-09 21:48:00-04:00,2020-10-05 14:30:53.123000-04:00,,3,,,,,,Control,,,1.0,,,,,0.0,1.0,0.0,0.0,0.0,0.0,0.0,0.0,1.0,,,,,,7136241
PSAM4NK,689412,2020-10-05 10:00:00-04:00,2020-10-09 21:48:00-04:00,2020-10-05 16:18:10.643000-04:00,,3,,,,,,Treatment,88696.968,154.438,3.0,0.0,0.0,0.0,2.0,2.0,0.0,0.0,6.0,4.0,0.0,0.0,0.0,4.0,,,,,,7151848
PSAM4NK,696780,2021-04-26 08:43:00-04:00,,2021-04-26 10:21:12.951000-04:00,,1,,,,,,Control,,,1.0,,,,,0.0,1.0,0.0,0.0,0.0,0.0,0.0,0.0,1.0,,,,,,15867062
PSAM4NK,698707,2020-10-05 10:00:00-04:00,2020-10-09 21:48:00-04:00,2020-10-05 11:15:50.598000-04:00,,3,,,,,,Treatment,173087.269,141.475,5.0,0.0,0.0,0.0,1.0,1.0,0.0,0.0,10.0,10.0,0.0,0.0,0.0,3.0,,,,,,7093099
PSAM4NK,700206,2020-12-14 12:37:00-05:00,2020-12-14 17:39:00-05:00,2021-01-11 21:32:22.306000-05:00,,2,,,,,,Treatment,682932.372,,4.0,0.0,0.0,0.0,0.0,0.0,0.0,0.0,8.0,6.0,0.0,0.0,0.0,2.0,,,,,,11931633
PSAM4NK,700518,2020-10-05 10:00:00-04:00,2020-10-09 21:48:00-04:00,2020-10-06 12:14:40.828000-04:00,,2,,,,,,Treatment,259050.024,259023.34,2.0,0.0,,,0.0,3.0,0.0,0.0,4.0,1.0,0.0,0.0,0.0,2.0,,,,,,7219832
PSAM4NK,701471,2021-05-20 09:42:31.767000-04:00,2021-05-20 23:59:00-04:00,2021-05-20 10:29:37.088000-04:00,2021-05-20 10:37:04.677000-04:00,1,,,,,,Control,406.808,64.32,4.0,3.0,1.0,1.0,4.0,9.0,4.0,1.0,0.0,0.0,0.0,0.0,1.0,1.0,,,,,,16523891
PSAM4NK,705534,2020-10-05 10:00:00-04:00,2020-10-09 21:48:00-04:00,2020-10-05 14:36:50.527000-04:00,,2,,,,,,Control,173373.04,19.87,2.0,0.0,,,0.0,2.0,2.0,1.0,0.0,0.0,0.0,0.0,1.0,2.0,,,,,,7137390
PSAM4NK,707615,2021-05-20 09:42:31.767000-04:00,2021-05-20 23:59:00-04:00,2021-05-20 10:36:36.047000-04:00,,5,,,,,,Treatment,6707.859,122.084,1.0,0.0,,,1.0,1.0,0.0,0.0,2.0,2.0,0.0,0.0,0.0,1.0,,,,,,16524388
PSAM4NK,711026,2021-05-20 09:42:31.767000-04:00,2021-05-20 23:59:00-04:00,2021-05-20 10:27:02.678000-04:00,,1,,,,,,Control,319.802,15.045,2.0,0.0,0.0,0.0,0.0,6.0,2.0,2.0,0.0,0.0,0.0,0.0,2.0,1.0,,,,,,16523758
PSAM4NK,716998,2020-12-06 20:30:00-05:00,2020-12-11 20:30:00-05:00,2020-12-07 10:05:31.193000-05:00,2020-12-07 10:43:15.175000-05:00,1,,,,,,Control,2118.866,518.26825,4.0,3.0,1.0,,4.0,5.0,4.0,0.0,0.0,0.0,0.0,0.0,0.0,1.0,,,,,,10776412
PSAM4NK,720659,2020-11-09 08:10:00-05:00,2020-11-20 20:00:00-05:00,2021-01-07 15:02:17.424000-05:00,,1,,,,,,Not Assigned,,,,,,,,,,,,,,,,,,,,,,11770332
PSAM4NK,722501,2020-11-09 08:10:00-05:00,2020-11-20 20:00:00-05:00,2020-11-11 18:49:09.945000-05:00,2021-04-28 18:03:48.625000-04:00,5,,,,,,Treatment,514908.841,513424.176,5.0,0.0,0.0,0.0,1.0,1.0,0.0,0.0,10.0,10.0,0.0,0.0,0.0,2.0,,,,,,9586056
PSAM4NK,729770,2020-11-30 14:37:35.560000-05:00,2020-12-01 14:39:00-05:00,2020-11-30 15:28:41.656000-05:00,2020-11-30 21:44:41.028000-05:00,2,,,,,,Treatment,1708.222,328.0748,5.0,4.0,1.0,1.0,5.0,5.0,0.0,0.0,10.0,2.0,0.0,0.0,0.0,1.0,,,,,,10383561
PSAM4NK,730509,2020-10-05 10:00:00-04:00,2020-10-09 21:48:00-04:00,2020-10-05 13:02:51.088000-04:00,,5,,,,,,Control,1153741.776,1153741.776,1.0,0.0,,,1.0,1.0,1.0,0.0,0.0,0.0,0.0,0.0,0.0,2.0,,,,,,7116299
PSAM4NK,740812,2021-03-12 13:58:29.656000-05:00,,2021-04-12 13:51:14.302000-04:00,,1,,,,,,Treatment,167.247,74.69,2.0,0.0,,,0.0,2.0,0.0,0.0,4.0,2.0,0.0,0.0,0.0,1.0,,,,,,15450122
PSAM4NK,740896,2021-03-12 13:58:29.656000-05:00,,2021-04-06 12:28:41.091000-04:00,,1,,,,,,Control,,,1.0,,,,,0.0,1.0,0.0,0.0,0.0,0.0,0.0,0.0,1.0,,,,,,15286347
PSAM4NK,740898,2021-03-12 13:58:29.656000-05:00,,2021-04-12 10:11:10.077000-04:00,,2,,,,,,Treatment,673.847,79.745,2.0,0.0,,,1.0,1.0,0.0,0.0,4.0,3.0,0.0,0.0,0.0,1.0,,,,,,15428832
PSAM4NK,743073,2021-03-12 13:58:29.656000-05:00,,2021-03-12 13:58:44.696000-05:00,2021-03-12 14:08:33.338000-05:00,1,,,,,,Control,571.312,190.431666666667,3.0,3.0,,,3.0,3.0,3.0,0.0,0.0,0.0,0.0,0.0,0.0,1.0,,,,,,14606415
PSAM4NK,743084,2021-03-12 13:58:29.656000-05:00,,2021-03-12 13:58:50.841000-05:00,2021-03-12 14:02:40.913000-05:00,1,,,,,,Treatment,178.957,59.6466666666667,3.0,3.0,,,3.0,3.0,0.0,0.0,6.0,0.0,0.0,0.0,0.0,1.0,,,,,,14606422
PSAM4NK,743102,2021-03-12 13:58:29.656000-05:00,,2021-03-12 13:58:57.447000-05:00,2021-03-12 14:02:12.080000-05:00,1,,,,,,Treatment,95.229,31.738,3.0,3.0,,,3.0,3.0,0.0,0.0,6.0,0.0,0.0,0.0,0.0,1.0,,,,,,14606431
PSAM4NK,743103,2021-03-12 13:58:29.656000-05:00,,2021-03-12 13:58:42.042000-05:00,2021-03-12 14:03:18.930000-05:00,1,,,,,,Treatment,208.912,69.632,3.0,3.0,,,3.0,3.0,0.0,0.0,6.0,0.0,0.0,0.0,0.0,1.0,,,,,,14606407
PSAM4NK,743104,2021-03-12 13:58:29.656000-05:00,,2021-03-12 13:58:52.228000-05:00,2021-03-12 14:05:35.880000-05:00,1,,,,,,Control,312.214,104.065666666667,3.0,3.0,,,3.0,3.0,3.0,0.0,0.0,0.0,0.0,0.0,0.0,1.0,,,,,,14606423
PSAM4NK,743106,2021-03-12 13:58:29.656000-05:00,,2021-04-13 21:19:18.369000-04:00,,1,,,,,,Treatment,,,1.0,,,,,0.0,0.0,0.0,2.0,0.0,0.0,0.0,0.0,1.0,,,,,,15518115
PSAM4NK,743116,2021-03-12 13:58:29.656000-05:00,,2021-03-12 13:59:33.623000-05:00,2021-03-12 14:07:08.632000-05:00,1,,,,,,Treatment,419.539,86.0195,4.0,3.0,1.0,1.0,4.0,4.0,0.0,0.0,8.0,2.0,0.0,0.0,0.0,1.0,,,,,,14606466
PSAM4NK,743131,2021-03-12 13:58:29.656000-05:00,,2021-03-15 13:39:52.396000-04:00,,3,,,,,,Treatment,,,1.0,,,,,0.0,0.0,0.0,2.0,0.0,0.0,0.0,0.0,1.0,,,,,,14653886
PSAM4NK,743137,2021-03-12 13:58:29.656000-05:00,,2021-03-15 11:52:05.673000-04:00,,2,,,,,,Not Assigned,,,,,,,,,,,,,,,,,,,,,,14642072
PSAM4NK,743434,2021-03-12 13:58:29.656000-05:00,,2021-03-12 13:59:13.911000-05:00,2021-03-12 14:07:53.012000-05:00,1,,,,,,Control,488.491,162.798,3.0,3.0,,,3.0,3.0,3.0,0.0,0.0,0.0,0.0,0.0,0.0,1.0,,,,,,14606450
PSAM4NK,743842,2021-03-12 13:58:29.656000-05:00,,2021-03-22 07:13:10.616000-04:00,,1,,,,,,Not Assigned,,,,,,,,,,,,,,,,,,,,,,14868771
PSAM4NK,749115,2021-05-23 21:36:53.713000-04:00,2021-05-24 21:38:00-04:00,2021-05-25 15:29:41.654000-04:00,,2,,,,,,Not Assigned,,,,,,,,,,,,,,,,,,,,,,16607866
PSAM4NK,751828,2020-10-05 10:00:00-04:00,2020-10-09 21:48:00-04:00,2020-10-06 10:26:28.207000-04:00,,1,,,,,,Not Assigned,,,,,,,,,,,,,,,,,,,,,,7195794
PSAM4NK,752427,2021-05-05 11:50:00-04:00,,2021-05-05 22:08:15.301000-04:00,,1,,,,,,Control,272.206,29.3318,5.0,0.0,0.0,0.0,5.0,13.0,5.0,3.0,0.0,0.0,0.0,0.0,3.0,1.0,,,,,,16181005
PSAM4NK,752433,2021-05-05 11:50:00-04:00,,2021-05-05 14:59:00.024000-04:00,2021-05-05 15:00:22.547000-04:00,1,,,,,,Treatment,51.089,17.0273333333333,3.0,3.0,,,3.0,3.0,0.0,0.0,6.0,0.0,0.0,0.0,0.0,1.0,,,,,,16173727
PSAM4NK,752442,2021-05-05 11:50:00-04:00,,2021-05-05 15:04:01.308000-04:00,2021-05-05 15:16:38.143000-04:00,1,,,,,,Treatment,717.18,126.67975,4.0,3.0,1.0,1.0,4.0,5.0,0.0,0.0,8.0,2.0,0.0,0.0,0.0,1.0,,,,,,16173968
PSAM4NK,752449,2021-05-05 11:50:00-04:00,,2021-05-05 19:15:40.980000-04:00,2021-05-05 19:23:17.641000-04:00,1,,,,,,Control,280.91,30.729,5.0,1.0,1.0,1.0,5.0,14.0,5.0,2.0,0.0,0.0,0.0,0.0,2.0,1.0,,,,,,16179396
PSAM4NK,752450,2021-05-05 11:50:00-04:00,,2021-05-05 12:04:30.362000-04:00,2021-05-05 12:08:56.185000-04:00,1,,,,,,Treatment,222.843,34.21375,5.0,3.0,1.0,1.0,4.0,5.0,0.0,0.0,10.0,2.0,0.0,0.0,0.0,1.0,,,,,,16162125
PSAM4NK,752453,2021-05-05 11:50:00-04:00,,2021-05-05 12:43:57.088000-04:00,2021-05-05 12:57:57.071000-04:00,1,,,,,,Control,629.937,88.436,5.0,3.0,1.0,1.0,5.0,8.0,5.0,2.0,0.0,0.0,0.0,0.0,2.0,1.0,,,,,,16165197
PSAM4NK,752455,2021-05-05 11:50:00-04:00,,2021-05-05 17:46:23.697000-04:00,2021-05-05 17:49:09.255000-04:00,1,,,,,,Treatment,124.675,41.5536666666667,3.0,3.0,,,3.0,3.0,0.0,0.0,6.0,0.0,0.0,0.0,0.0,1.0,,,,,,16178321
PSAM4NK,752456,2021-05-05 11:50:00-04:00,,2021-05-05 16:50:31.656000-04:00,2021-05-05 17:15:28.341000-04:00,1,,,,,,Treatment,1377.248,307.2925,4.0,3.0,1.0,1.0,4.0,5.0,0.0,0.0,8.0,2.0,0.0,0.0,0.0,1.0,,,,,,16177386
PSAM4NK,752457,2021-05-05 11:50:00-04:00,,2021-05-05 16:41:01.379000-04:00,2021-05-05 16:44:58.827000-04:00,1,,,,,,Control,180.539,60.1723333333333,3.0,3.0,,,3.0,3.0,3.0,0.0,0.0,0.0,0.0,0.0,0.0,1.0,,,,,,16177164
PSAM4NK,752527,2021-05-05 11:50:00-04:00,,2021-05-05 13:29:55.854000-04:00,,1,,,,,,Treatment,223.397,86.395,1.0,0.0,,,1.0,1.0,0.0,0.0,2.0,2.0,0.0,0.0,0.0,1.0,,,,,,16168258
PSAM4NK,755009,2020-10-05 10:00:00-04:00,2020-10-09 21:48:00-04:00,2020-10-05 12:08:30.575000-04:00,,1,,,,,,Control,,,1.0,,,,,0.0,1.0,0.0,0.0,0.0,0.0,0.0,0.0,1.0,,,,,,7104764
PSAM4NK,756056,2021-03-22 14:27:25.385000-04:00,,2021-03-24 08:43:40.280000-04:00,2021-03-24 09:00:32.621000-04:00,1,,,,,,Control,947.347,158.6175,4.0,3.0,1.0,1.0,3.0,6.0,4.0,1.0,0.0,0.0,0.0,0.0,0.0,1.0,,,,,,14971554
PSAM4NK,757337,2020-12-06 20:30:00-05:00,2020-12-11 20:30:00-05:00,2020-12-10 13:46:52.626000-05:00,2020-12-11 18:24:02.312000-05:00,2,,,,,,Control,1116.308,175.0668,5.0,1.0,1.0,1.0,4.0,12.0,5.0,4.0,0.0,0.0,0.0,0.0,3.0,1.0,,,,,,11067740
PSAM4NK,759793,2020-10-05 10:00:00-04:00,2020-10-09 21:48:00-04:00,2020-10-05 14:33:56.178000-04:00,,1,,,,,,Treatment,,,1.0,,,,,0.0,0.0,0.0,2.0,0.0,0.0,0.0,0.0,1.0,,,,,,7136818
PSAM4NK,763062,2020-12-06 20:30:00-05:00,2020-12-11 20:30:00-05:00,2020-12-10 14:27:17.497000-05:00,,1,,,,,,Treatment,,,1.0,,,,,0.0,0.0,0.0,2.0,0.0,0.0,0.0,0.0,1.0,,,,,,11074428
PSAM4NK,767259,2020-12-06 20:30:00-05:00,2020-12-11 20:30:00-05:00,2020-12-11 09:12:27.674000-05:00,,4,,,,,,Treatment,2318.59,983.708,3.0,0.0,0.0,0.0,1.0,3.0,0.0,0.0,6.0,5.0,0.0,0.0,0.0,2.0,,,,,,11105731
PSAM4NK,774245,2021-05-20 09:42:31.767000-04:00,2021-05-20 23:59:00-04:00,2021-05-20 10:33:29.454000-04:00,,2,,,,,,Treatment,347.156,140.737,1.0,0.0,,,1.0,1.0,0.0,0.0,2.0,2.0,0.0,0.0,0.0,1.0,,,,,,16524200
PSAM4NK,775322,2021-05-05 11:50:00-04:00,,2021-05-05 12:26:17.199000-04:00,2021-05-05 12:33:29.687000-04:00,1,,,,,,Treatment,329.369,30.3158,5.0,3.0,1.0,1.0,5.0,7.0,0.0,0.0,10.0,4.0,0.0,0.0,0.0,1.0,,,,,,16163906
PSAM4NK,775531,2021-05-05 11:50:00-04:00,,2021-05-05 20:48:36.203000-04:00,2021-05-05 20:55:11.418000-04:00,1,,,,,,Treatment,347.203,32.09425,4.0,3.0,1.0,1.0,4.0,5.0,0.0,0.0,8.0,2.0,0.0,0.0,0.0,1.0,,,,,,16180347
PSAM4NK,775661,2021-05-05 11:50:00-04:00,,2021-05-05 12:01:50.693000-04:00,2021-05-05 12:04:42.112000-04:00,1,,,,,,Treatment,109.491,36.4933333333333,3.0,3.0,,,3.0,3.0,0.0,0.0,6.0,0.0,0.0,0.0,0.0,1.0,,,,,,16161844
PSAM4NK,776096,2021-05-05 11:50:00-04:00,,2021-05-05 19:25:04.097000-04:00,,1,,,,,,Control,,,1.0,,,,,0.0,1.0,0.0,0.0,0.0,0.0,0.0,0.0,1.0,,,,,,16179495
PSAM4NK,777397,2021-04-02 10:00:00-04:00,2021-04-05 10:00:00-04:00,2021-04-02 11:30:16.994000-04:00,2021-04-02 11:32:17.681000-04:00,1,,,,,,Control,66.844,22.2743333333333,3.0,3.0,,,3.0,3.0,3.0,0.0,0.0,0.0,0.0,0.0,0.0,1.0,,,,,,15236136
PSAM4NK,778169,2021-04-02 10:00:00-04:00,2021-04-05 10:00:00-04:00,2021-04-05 16:26:08.281000-04:00,2021-04-05 16:44:23.061000-04:00,1,,,,,,Control,975.687,119.4488,5.0,3.0,2.0,2.0,5.0,7.0,5.0,2.0,0.0,0.0,0.0,0.0,2.0,1.0,,,,,,15264665
PSAM4NK,778273,2021-05-05 11:50:00-04:00,,2021-05-05 20:48:10.232000-04:00,2021-05-05 20:50:58.435000-04:00,1,,,,,,Treatment,101.729,13.44,4.0,3.0,1.0,1.0,4.0,5.0,0.0,0.0,8.0,2.0,0.0,0.0,0.0,1.0,,,,,,16180340
PSAM4NK,778302,2021-04-02 10:00:00-04:00,2021-04-05 10:00:00-04:00,2021-04-06 18:16:32.002000-04:00,2021-04-06 20:32:47.246000-04:00,2,,,,,,Control,395.888,79.654,4.0,3.0,1.0,1.0,3.0,5.0,4.0,1.0,0.0,0.0,0.0,0.0,1.0,1.0,,,,,,15304319
PSAM4NK,778331,2021-04-02 10:00:00-04:00,2021-04-05 10:00:00-04:00,2021-04-02 11:23:21.359000-04:00,2021-04-02 11:31:38.094000-04:00,1,,,,,,Control,460.273,79.5268,5.0,3.0,1.0,1.0,4.0,8.0,5.0,2.0,0.0,0.0,0.0,0.0,2.0,1.0,,,,,,15236031
PSAM4NK,778338,2021-04-02 10:00:00-04:00,2021-04-05 10:00:00-04:00,2021-04-02 10:47:32.608000-04:00,2021-04-02 10:53:16.059000-04:00,1,,,,,,Treatment,295.828,98.6076666666667,3.0,3.0,,,3.0,3.0,0.0,0.0,6.0,0.0,0.0,0.0,0.0,1.0,,,,,,15235485
PSAM4NK,778340,2021-04-02 10:00:00-04:00,2021-04-05 10:00:00-04:00,2021-05-17 17:22:33.750000-04:00,,1,,,,,,Treatment,148.792,118.538,1.0,0.0,,,1.0,1.0,0.0,0.0,2.0,2.0,0.0,0.0,0.0,1.0,,,,,,16453677
PSAM4NK,778350,2021-04-02 10:00:00-04:00,2021-04-05 10:00:00-04:00,2021-04-02 13:14:58.001000-04:00,2021-04-02 13:23:51.454000-04:00,1,,,,,,Treatment,464.991,75.668,5.0,3.0,1.0,1.0,4.0,7.0,0.0,0.0,10.0,3.0,0.0,0.0,0.0,1.0,,,,,,15238133
PSAM4NK,778351,2021-04-02 10:00:00-04:00,2021-04-05 10:00:00-04:00,2021-04-02 10:57:32.596000-04:00,2021-04-02 11:07:26.382000-04:00,1,,,,,,Control,431.1,55.635,4.0,3.0,1.0,1.0,4.0,5.0,4.0,1.0,0.0,0.0,0.0,0.0,1.0,1.0,,,,,,15235628
PSAM4NK,778354,2021-04-02 10:00:00-04:00,2021-04-05 10:00:00-04:00,2021-04-02 13:17:15.146000-04:00,2021-04-02 13:23:22.909000-04:00,1,,,,,,Control,306.386,37.231,5.0,3.0,2.0,2.0,5.0,10.0,5.0,2.0,0.0,0.0,0.0,0.0,2.0,1.0,,,,,,15238171
PSAM4NK,778400,2021-04-02 10:00:00-04:00,2021-04-05 10:00:00-04:00,2021-05-21 11:20:52.597000-04:00,,4,,,,,,Treatment,14775.781,5308.157,2.0,0.0,0.0,0.0,2.0,10.0,0.0,0.0,4.0,4.0,0.0,0.0,0.0,4.0,,,,,,16553364
PSAM4NK,778406,2021-04-02 10:00:00-04:00,2021-04-05 10:00:00-04:00,2021-04-02 13:32:06.180000-04:00,2021-04-02 13:34:21.900000-04:00,1,,,,,,Control,102.703,34.2253333333333,3.0,3.0,,,3.0,3.0,3.0,0.0,0.0,0.0,0.0,0.0,0.0,1.0,,,,,,15238413
PSAM4NK,778429,2021-04-02 10:00:00-04:00,2021-04-05 10:00:00-04:00,2021-04-02 10:37:54.542000-04:00,2021-04-04 23:25:37.186000-04:00,2,,,,,,Treatment,576.815,69.4778,5.0,3.0,1.0,1.0,5.0,5.0,0.0,0.0,10.0,4.0,0.0,0.0,0.0,1.0,,,,,,15235314
PSAM4NK,778431,2021-04-02 10:00:00-04:00,2021-04-05 10:00:00-04:00,2021-04-02 13:53:09.320000-04:00,2021-04-02 17:46:20.334000-04:00,1,,,,,,Control,201.514,67.1636666666667,3.0,3.0,,,3.0,3.0,3.0,0.0,0.0,0.0,0.0,0.0,0.0,1.0,,,,,,15238869
PSAM4NK,778484,2021-04-02 10:00:00-04:00,2021-04-05 10:00:00-04:00,2021-04-04 21:18:02.655000-04:00,2021-04-04 21:58:22.968000-04:00,1,,,,,,Control,2286.262,447.1934,5.0,2.0,1.0,0.0,5.0,8.0,5.0,1.0,0.0,0.0,0.0,0.0,1.0,1.0,,,,,,15244213
PSAM4NK,778494,2021-04-02 10:00:00-04:00,2021-04-05 10:00:00-04:00,2021-04-02 18:07:44.502000-04:00,2021-04-02 18:11:26.989000-04:00,1,,,,,,Treatment,130.63,23.89775,4.0,3.0,1.0,1.0,4.0,5.0,0.0,0.0,8.0,1.0,0.0,0.0,0.0,1.0,,,,,,15241173
PSAM4NK,778498,2021-04-02 10:00:00-04:00,2021-04-05 10:00:00-04:00,2021-04-02 10:22:02.086000-04:00,2021-04-02 10:33:34.317000-04:00,1,,,,,,Treatment,546.489,90.85,5.0,2.0,1.0,1.0,4.0,10.0,0.0,0.0,10.0,3.0,0.0,0.0,0.0,1.0,,,,,,15235063
PSAM4NK,778799,2021-04-02 10:00:00-04:00,2021-04-05 10:00:00-04:00,2021-04-05 14:10:45.892000-04:00,2021-05-06 13:28:33.775000-04:00,8,,,,,,Control,2675805.752,668932.8815,4.0,3.0,1.0,1.0,4.0,8.0,4.0,1.0,0.0,0.0,0.0,0.0,1.0,2.0,,,,,,15260230
PSAM4NK,779739,2021-04-02 10:00:00-04:00,2021-04-05 10:00:00-04:00,2021-04-02 10:43:39.275000-04:00,2021-04-02 10:49:24.928000-04:00,1,,,,,,Control,306.488,64.28125,4.0,3.0,1.0,1.0,3.0,4.0,4.0,1.0,0.0,0.0,0.0,0.0,0.0,1.0,,,,,,15235420
PSAM4NK,780221,2021-04-02 10:00:00-04:00,2021-04-05 10:00:00-04:00,2021-04-05 10:20:00.871000-04:00,2021-04-05 12:41:40.990000-04:00,2,,,,,,Treatment,5573.424,373.0542,5.0,0.0,0.0,0.0,5.0,11.0,0.0,0.0,10.0,7.0,0.0,0.0,0.0,3.0,,,,,,15249223
PSAM4NK,780242,2021-04-02 10:00:00-04:00,2021-04-05 10:00:00-04:00,2021-04-02 10:23:53.384000-04:00,2021-04-02 10:34:11.304000-04:00,1,,,,,,Treatment,585.415,195.131,3.0,3.0,,,3.0,3.0,0.0,0.0,6.0,0.0,0.0,0.0,0.0,1.0,,,,,,15235091
PSAM4NK,780267,2021-04-02 10:00:00-04:00,2021-04-05 10:00:00-04:00,2021-04-04 22:40:34.406000-04:00,2021-04-04 22:58:27.734000-04:00,1,,,,,,Treatment,983.132,183.0378,5.0,4.0,1.0,1.0,5.0,5.0,0.0,0.0,10.0,2.0,0.0,0.0,0.0,1.0,,,,,,15244461
PSAM4NK,780274,2021-04-02 10:00:00-04:00,2021-04-05 10:00:00-04:00,2021-04-02 11:12:45.197000-04:00,2021-04-04 15:57:23.923000-04:00,2,,,,,,Treatment,189831.723,47457.89775,4.0,3.0,1.0,1.0,3.0,4.0,0.0,0.0,8.0,2.0,0.0,0.0,0.0,2.0,,,,,,15235855
PSAM4NK,780304,2021-04-02 10:00:00-04:00,2021-04-05 10:00:00-04:00,2021-04-07 13:24:41.803000-04:00,2021-04-07 14:27:36.265000-04:00,1,,,,,,Treatment,3511.702,690.4922,5.0,3.0,2.0,2.0,5.0,10.0,0.0,0.0,10.0,3.0,0.0,0.0,0.0,1.0,,,,,,15328909
PSAM4NK,780305,2021-04-02 10:00:00-04:00,2021-04-05 10:00:00-04:00,2021-04-02 11:03:24.614000-04:00,2021-04-02 11:18:23.466000-04:00,1,,,,,,Control,762.914,114.5304,5.0,3.0,2.0,1.0,4.0,6.0,5.0,1.0,0.0,0.0,0.0,0.0,0.0,1.0,,,,,,15235686
PSAM4NK,780309,2021-04-02 10:00:00-04:00,2021-04-05 10:00:00-04:00,2021-04-06 19:34:17.419000-04:00,2021-04-06 19:51:25.045000-04:00,1,,,,,,Treatment,802.405,159.1452,5.0,3.0,2.0,2.0,4.0,6.0,0.0,0.0,10.0,3.0,0.0,0.0,0.0,1.0,,,,,,15305200
PSAM4NK,780314,2021-04-02 10:00:00-04:00,2021-04-05 10:00:00-04:00,2021-04-02 11:26:50.153000-04:00,2021-04-02 11:31:53.990000-04:00,1,,,,,,Control,264.784,42.3416,5.0,3.0,1.0,0.0,5.0,8.0,5.0,1.0,0.0,0.0,0.0,0.0,1.0,1.0,,,,,,15236079
PSAM4NK,780458,2021-04-02 10:00:00-04:00,2021-04-05 10:00:00-04:00,2021-04-02 10:46:51.204000-04:00,2021-04-02 10:50:21.849000-04:00,1,,,,,,Control,181.261,38.4595,4.0,3.0,1.0,,4.0,6.0,4.0,0.0,0.0,0.0,0.0,0.0,0.0,1.0,,,,,,15235475
PSAM4NK,780465,2021-04-02 10:00:00-04:00,2021-04-05 10:00:00-04:00,2021-04-06 18:15:09.349000-04:00,2021-04-06 18:28:03.757000-04:00,2,,,,,,Control,727.175,242.389333333333,3.0,3.0,,,3.0,3.0,3.0,0.0,0.0,0.0,0.0,0.0,0.0,2.0,,,,,,15304298
PSAM4NK,780466,2021-04-02 10:00:00-04:00,2021-04-05 10:00:00-04:00,2021-04-02 12:46:51.633000-04:00,2021-04-03 19:48:01.631000-04:00,3,,,,,,Control,111400.075,21595.61,5.0,2.0,1.0,1.0,5.0,15.0,5.0,3.0,0.0,0.0,0.0,0.0,2.0,3.0,,,,,,15237653
PSAM4NK,780520,2021-04-02 10:00:00-04:00,2021-04-05 10:00:00-04:00,2021-04-02 12:58:22.122000-04:00,2021-04-02 14:32:12.581000-04:00,2,,,,,,Control,5574.813,1214.0245,4.0,3.0,1.0,,4.0,5.0,4.0,0.0,0.0,0.0,0.0,0.0,0.0,2.0,,,,,,15237850
PSAM4NK,780714,2021-04-02 10:00:00-04:00,2021-04-05 10:00:00-04:00,2021-04-04 22:43:03.443000-04:00,2021-04-09 09:51:01.544000-04:00,3,,,,,,Treatment,385588.715,77057.4254,5.0,2.0,1.0,1.0,5.0,5.0,0.0,0.0,10.0,6.0,0.0,0.0,0.0,3.0,,,,,,15244463
PSAM4NK,781138,2021-04-02 10:00:00-04:00,2021-04-05 10:00:00-04:00,2021-04-02 10:59:50.572000-04:00,2021-04-02 11:08:22.409000-04:00,1,,,,,,Control,423.952,79.239,4.0,3.0,1.0,,4.0,6.0,4.0,0.0,0.0,0.0,0.0,0.0,0.0,1.0,,,,,,15235655
PSAM4NK,781312,2021-04-02 10:00:00-04:00,2021-04-05 10:00:00-04:00,2021-04-02 10:38:22.619000-04:00,2021-04-02 10:52:42.618000-04:00,1,,,,,,Treatment,819.321,184.1035,4.0,3.0,1.0,1.0,4.0,4.0,0.0,0.0,8.0,2.0,0.0,0.0,0.0,1.0,,,,,,15235322
PSAM4NK,781493,2021-04-02 10:00:00-04:00,2021-04-05 10:00:00-04:00,2021-04-02 13:20:43.459000-04:00,2021-04-02 13:26:38.753000-04:00,1,,,,,,Control,322.832,51.1635,4.0,3.0,1.0,1.0,3.0,6.0,4.0,1.0,0.0,0.0,0.0,0.0,0.0,1.0,,,,,,15238219
PSAM4NK,781536,2021-04-02 10:00:00-04:00,2021-04-05 10:00:00-04:00,2021-04-09 17:48:10.438000-04:00,2021-04-15 12:41:06.333000-04:00,3,,,,,,Treatment,499920.495,123798.207,5.0,3.0,1.0,1.0,4.0,4.0,0.0,0.0,10.0,4.0,0.0,0.0,0.0,3.0,,,,,,15413900
PSAM4NK,781894,2021-04-02 10:00:00-04:00,2021-04-05 10:00:00-04:00,2021-04-02 13:45:24.330000-04:00,2021-04-02 14:35:21.881000-04:00,3,,,,,,Control,2082.844,325.896,5.0,0.0,0.0,0.0,5.0,13.0,5.0,4.0,0.0,0.0,0.0,0.0,4.0,2.0,,,,,,15238690
PSAM4NK,781917,2021-04-02 10:00:00-04:00,2021-04-05 10:00:00-04:00,2021-04-05 18:08:28.853000-04:00,2021-04-05 18:11:27.659000-04:00,1,,,,,,Control,140.898,17.2542,5.0,3.0,1.0,1.0,5.0,8.0,5.0,2.0,0.0,0.0,0.0,0.0,2.0,1.0,,,,,,15266163
PSAM4NK,782166,2020-10-05 10:00:00-04:00,2020-10-09 21:48:00-04:00,2020-10-06 14:41:27.324000-04:00,2020-10-12 11:38:54.686000-04:00,3,,,,,,Control,507201.272,101398.3008,5.0,0.0,0.0,0.0,4.0,13.0,5.0,5.0,0.0,0.0,0.0,0.0,5.0,3.0,,,,,,7252962
PSAM4NK,782227,2021-05-05 11:50:00-04:00,,2021-05-05 12:04:45.126000-04:00,2021-05-05 12:11:12.847000-04:00,1,,,,,,Control,340.803,79.537,4.0,3.0,1.0,1.0,4.0,5.0,4.0,1.0,0.0,0.0,0.0,0.0,1.0,1.0,,,,,,16162151
PSAM4NK,782272,2021-04-02 10:00:00-04:00,2021-04-05 10:00:00-04:00,2021-04-02 18:37:57.294000-04:00,2021-04-02 18:48:22.392000-04:00,1,,,,,,Treatment,489.403,86.262,5.0,2.0,1.0,1.0,4.0,7.0,0.0,0.0,10.0,4.0,0.0,0.0,0.0,1.0,,,,,,15241300
PSAM4NK,782312,2021-04-02 10:00:00-04:00,2021-04-05 10:00:00-04:00,2021-04-03 15:10:14.901000-04:00,2021-04-03 16:11:43.715000-04:00,1,,,,,,Control,1598.521,280.1484,5.0,0.0,0.0,0.0,4.0,15.0,5.0,5.0,0.0,0.0,0.0,0.0,5.0,1.0,,,,,,15242642
PSAM4NK,782313,2021-04-02 10:00:00-04:00,2021-04-05 10:00:00-04:00,2021-04-02 13:32:21.742000-04:00,2021-04-02 13:38:16.666000-04:00,1,,,,,,Treatment,325.775,62.949,4.0,3.0,1.0,1.0,4.0,4.0,0.0,0.0,8.0,2.0,0.0,0.0,0.0,1.0,,,,,,15238417
PSAM4NK,782314,2021-04-02 10:00:00-04:00,2021-04-05 10:00:00-04:00,2021-04-02 15:48:18.033000-04:00,2021-04-02 15:57:27.440000-04:00,1,,,,,,Treatment,486.92,70.01525,4.0,3.0,1.0,1.0,4.0,4.0,0.0,0.0,8.0,2.0,0.0,0.0,0.0,1.0,,,,,,15240137
PSAM4NK,782318,2021-04-02 10:00:00-04:00,2021-04-05 10:00:00-04:00,2021-04-04 12:11:35.721000-04:00,2021-04-04 13:16:39.835000-04:00,2,,,,,,Treatment,3694.151,76.24975,5.0,2.0,1.0,1.0,4.0,6.0,0.0,0.0,10.0,4.0,0.0,0.0,0.0,2.0,,,,,,15243372
PSAM4NK,782320,2021-04-02 10:00:00-04:00,2021-04-05 10:00:00-04:00,2021-04-02 10:23:59.424000-04:00,2021-04-02 10:33:27.090000-04:00,1,,,,,,Control,426.507,69.3344,5.0,3.0,2.0,1.0,4.0,6.0,5.0,1.0,0.0,0.0,0.0,0.0,1.0,1.0,,,,,,15235094
PSAM4NK,782351,2021-04-02 10:00:00-04:00,2021-04-05 10:00:00-04:00,2021-04-06 20:30:55.384000-04:00,2021-04-06 20:57:57.835000-04:00,1,,,,,,Control,1130.837,204.618,5.0,0.0,0.0,0.0,1.0,8.0,5.0,5.0,0.0,0.0,0.0,0.0,5.0,1.0,,,,,,15305817
PSAM4NK,782388,2021-04-02 10:00:00-04:00,2021-04-05 10:00:00-04:00,2021-04-04 18:00:55.226000-04:00,2021-04-04 18:18:08.414000-04:00,1,,,,,,Control,781.248,108.7716,5.0,1.0,1.0,1.0,4.0,11.0,5.0,4.0,0.0,0.0,0.0,0.0,4.0,1.0,,,,,,15243819
PSAM4NK,782417,2021-04-02 10:00:00-04:00,2021-04-05 10:00:00-04:00,2021-04-02 13:09:53.844000-04:00,2021-04-02 13:18:26.832000-04:00,1,,,,,,Control,435.439,62.2684,5.0,3.0,2.0,2.0,4.0,9.0,5.0,2.0,0.0,0.0,0.0,0.0,2.0,1.0,,,,,,15238067
PSAM4NK,782503,2021-04-02 10:00:00-04:00,2021-04-05 10:00:00-04:00,2021-04-02 14:40:24.885000-04:00,2021-04-02 14:49:30.203000-04:00,1,,,,,,Treatment,410.165,34.407,5.0,3.0,2.0,2.0,4.0,4.0,0.0,0.0,10.0,4.0,0.0,0.0,0.0,1.0,,,,,,15239586
PSAM4NK,782509,2021-04-02 10:00:00-04:00,2021-04-05 10:00:00-04:00,2021-04-04 20:21:17.994000-04:00,2021-04-04 20:30:24.337000-04:00,1,,,,,,Control,491.981,116.17825,4.0,3.0,1.0,1.0,4.0,5.0,4.0,1.0,0.0,0.0,0.0,0.0,1.0,1.0,,,,,,15244069
PSAM4NK,782660,2021-04-02 10:00:00-04:00,2021-04-05 10:00:00-04:00,2021-04-04 20:07:52.072000-04:00,2021-04-04 20:14:08.834000-04:00,1,,,,,,Treatment,336.007,42.5653333333333,4.0,3.0,1.0,1.0,3.0,3.0,0.0,0.0,8.0,2.0,0.0,0.0,0.0,1.0,,,,,,15244045
PSAM4NK,782802,2021-05-05 11:50:00-04:00,,2021-05-06 07:02:18.498000-04:00,,1,,,,,,Control,75.063,27.843,2.0,0.0,,,1.0,4.0,2.0,1.0,0.0,0.0,0.0,0.0,1.0,1.0,,,,,,16182445
PSAM4NK,782849,2021-04-02 10:00:00-04:00,2021-04-05 10:00:00-04:00,2021-04-03 13:52:20.693000-04:00,2021-04-04 01:56:56.837000-04:00,3,,,,,,Treatment,42526.511,71.941,4.0,3.0,1.0,1.0,4.0,4.0,0.0,0.0,8.0,2.0,0.0,0.0,0.0,3.0,,,,,,15242547
PSAM4NK,782869,2021-04-02 10:00:00-04:00,2021-04-05 10:00:00-04:00,2021-04-05 12:51:47.152000-04:00,,1,,,,,,Control,,,1.0,,,,,0.0,1.0,0.0,0.0,0.0,0.0,0.0,0.0,1.0,,,,,,15256271
PSAM4NK,782950,2021-04-02 10:00:00-04:00,2021-04-05 10:00:00-04:00,2021-04-08 12:15:06.381000-04:00,2021-04-09 11:29:22.819000-04:00,3,,,,,,Control,77323.359,19324.69175,4.0,3.0,1.0,1.0,3.0,4.0,4.0,1.0,0.0,0.0,0.0,0.0,1.0,2.0,,,,,,15361532
PSAM4NK,782953,2021-04-02 10:00:00-04:00,2021-04-05 10:00:00-04:00,2021-04-06 15:36:56.355000-04:00,2021-04-06 15:49:36.486000-04:00,1,,,,,,Control,439.745,58.7768,5.0,1.0,1.0,0.0,5.0,10.0,5.0,3.0,0.0,0.0,0.0,0.0,3.0,1.0,,,,,,15299974
PSAM4NK,783225,2021-04-02 10:00:00-04:00,2021-04-05 10:00:00-04:00,2021-04-02 11:07:48.876000-04:00,2021-04-02 11:34:19.205000-04:00,2,,,,,,Treatment,1371.742,225.7002,5.0,0.0,0.0,0.0,5.0,5.0,0.0,0.0,10.0,10.0,0.0,0.0,0.0,2.0,,,,,,15235746
PSAM4NK,783240,2021-04-02 10:00:00-04:00,2021-04-05 10:00:00-04:00,2021-04-02 19:47:36.653000-04:00,2021-04-09 16:17:54.834000-04:00,2,,,,,,Control,592081.656,118308.7404,5.0,3.0,2.0,1.0,4.0,6.0,5.0,1.0,0.0,0.0,0.0,0.0,1.0,2.0,,,,,,15241498
PSAM4NK,783436,2021-04-02 10:00:00-04:00,2021-04-05 10:00:00-04:00,2021-04-06 22:11:21.690000-04:00,2021-04-09 14:03:03.042000-04:00,3,,,,,,Control,229608.782,109.3736,5.0,1.0,1.0,1.0,4.0,12.0,5.0,2.0,0.0,0.0,0.0,0.0,2.0,2.0,,,,,,15306679
PSAM4NK,783932,2021-04-02 10:00:00-04:00,2021-04-05 10:00:00-04:00,2021-04-04 21:24:31.886000-04:00,2021-04-04 21:38:29.467000-04:00,1,,,,,,Treatment,795.567,184.68575,4.0,3.0,1.0,1.0,4.0,5.0,0.0,0.0,8.0,2.0,0.0,0.0,0.0,1.0,,,,,,15244226
PSAM4NK,784001,2021-04-02 10:00:00-04:00,2021-04-05 10:00:00-04:00,2021-04-04 14:17:02.609000-04:00,2021-04-04 23:01:38.138000-04:00,4,,,,,,Treatment,22218.288,38.746,5.0,3.0,2.0,2.0,4.0,5.0,0.0,0.0,10.0,3.0,0.0,0.0,0.0,2.0,,,,,,15243523
PSAM4NK,784374,2021-05-05 11:50:00-04:00,,2021-05-05 14:01:42.039000-04:00,2021-05-05 14:06:44.927000-04:00,3,,,,,,Treatment,192.787,27.03625,4.0,3.0,1.0,1.0,4.0,5.0,0.0,0.0,8.0,2.0,0.0,0.0,0.0,2.0,,,,,,16170283
PSAM4NK,784815,2021-05-05 11:50:00-04:00,,2021-05-05 13:29:39.310000-04:00,2021-05-05 15:17:11.794000-04:00,1,,,,,,Control,3476.962,688.7386,5.0,2.0,1.0,1.0,5.0,9.0,5.0,2.0,0.0,0.0,0.0,0.0,2.0,1.0,,,,,,16168252
PSAM4NK,784839,2021-03-25 06:58:38.123000-04:00,,2021-03-25 08:15:38.201000-04:00,2021-03-30 08:14:14.239000-04:00,3,,,,,,Control,431815.374,143938.442333333,3.0,3.0,,,3.0,3.0,3.0,0.0,0.0,0.0,0.0,0.0,0.0,3.0,,,,,,15014877
PSAM4NK,784842,2021-03-25 06:58:38.123000-04:00,,2021-03-25 08:10:07.734000-04:00,2021-03-25 08:12:49.664000-04:00,1,,,,,,Treatment,121.751,40.5783333333333,3.0,3.0,,,3.0,3.0,0.0,0.0,6.0,0.0,0.0,0.0,0.0,1.0,,,,,,15014712
PSAM4NK,784861,2021-03-25 06:58:38.123000-04:00,,2021-03-25 08:10:59.897000-04:00,2021-04-14 15:11:12.044000-04:00,3,,,,,,Control,1753147.565,584382.487333333,3.0,3.0,,,3.0,3.0,3.0,0.0,0.0,0.0,0.0,0.0,0.0,2.0,,,,,,15014736
PSAM4NK,784862,2021-03-25 06:58:38.123000-04:00,,2021-03-25 08:10:40.305000-04:00,2021-03-25 08:18:36.177000-04:00,1,,,,,,Treatment,323.321,107.766666666667,3.0,3.0,,,3.0,3.0,0.0,0.0,6.0,0.0,0.0,0.0,0.0,1.0,,,,,,15014727
PSAM4NK,784872,2021-03-25 06:58:38.123000-04:00,,2021-03-26 08:14:33.043000-04:00,2021-03-26 08:18:32.703000-04:00,1,,,,,,Control,206.864,43.356,4.0,3.0,1.0,,4.0,5.0,4.0,0.0,0.0,0.0,0.0,0.0,0.0,1.0,,,,,,15062029
PSAM4NK,784875,2021-03-25 06:58:38.123000-04:00,,2021-03-25 08:11:01.080000-04:00,2021-03-26 08:02:55.594000-04:00,3,,,,,,Treatment,85851.102,28617.0156666667,3.0,3.0,,,3.0,3.0,0.0,0.0,6.0,0.0,0.0,0.0,0.0,2.0,,,,,,15014739
PSAM4NK,785759,2020-11-09 08:10:00-05:00,2020-11-20 20:00:00-05:00,2020-12-03 10:43:11.392000-05:00,,3,,,,,,Control,332920.55,157.4266,5.0,1.0,1.0,1.0,5.0,14.0,5.0,4.0,0.0,0.0,0.0,0.0,4.0,2.0,,,,,,10612393
PSAM4NK,785992,2021-04-02 10:00:00-04:00,2021-04-05 10:00:00-04:00,2021-04-02 11:53:48.839000-04:00,2021-04-02 14:54:12.674000-04:00,2,,,,,,Control,10784.067,2563.378,4.0,3.0,1.0,1.0,4.0,7.0,4.0,1.0,0.0,0.0,0.0,0.0,1.0,2.0,,,,,,15236579
PSAM4NK,786252,2021-04-02 10:00:00-04:00,2021-04-05 10:00:00-04:00,2021-04-05 16:24:13.050000-04:00,2021-04-09 11:40:38.263000-04:00,2,,,,,,Treatment,328501.376,82116.01425,4.0,3.0,1.0,1.0,3.0,6.0,0.0,0.0,8.0,2.0,0.0,0.0,0.0,2.0,,,,,,15264620
PSAM4NK,786430,2021-04-02 10:00:00-04:00,2021-04-05 10:00:00-04:00,2021-04-05 10:04:23.533000-04:00,2021-04-26 10:40:49.743000-04:00,3,,,,,,Control,1816557.209,605519.065333333,3.0,3.0,,,3.0,3.0,3.0,0.0,0.0,0.0,0.0,0.0,0.0,2.0,,,,,,15248512
PSAM4NK,786707,2021-03-24 09:25:17.471000-04:00,,2021-03-26 09:44:14.846000-04:00,,2,,,,,,Control,466.888,168.7265,3.0,0.0,0.0,0.0,1.0,12.0,3.0,2.0,0.0,0.0,0.0,0.0,2.0,2.0,,,,,,15066795
PSAM4NK,786742,2021-03-24 09:25:17.471000-04:00,,2021-03-25 09:27:11.560000-04:00,2021-03-25 10:02:12.301000-04:00,1,,,,,,Treatment,2007.395,669.097666666667,3.0,3.0,,,3.0,3.0,0.0,0.0,6.0,0.0,0.0,0.0,0.0,1.0,,,,,,15018861
PSAM4NK,786749,2021-03-24 09:25:17.471000-04:00,,2021-03-31 09:31:16.814000-04:00,2021-03-31 09:41:06.151000-04:00,1,,,,,,Treatment,560.855,35.1456666666667,4.0,3.0,1.0,1.0,3.0,3.0,0.0,0.0,8.0,2.0,0.0,0.0,0.0,1.0,,,,,,15178332
PSAM4NK,786750,2021-03-24 09:25:17.471000-04:00,,2021-03-25 09:25:53.327000-04:00,2021-03-25 09:38:12.271000-04:00,1,,,,,,Control,634.085,118.6772,5.0,4.0,1.0,1.0,5.0,8.0,5.0,1.0,0.0,0.0,0.0,0.0,1.0,1.0,,,,,,15018752
PSAM4NK,786754,2021-03-24 09:25:17.471000-04:00,,2021-03-29 10:01:35.141000-04:00,2021-03-29 10:45:17.697000-04:00,2,,,,,,Control,2459.694,125.1504,5.0,3.0,2.0,,4.0,7.0,5.0,0.0,0.0,0.0,0.0,0.0,0.0,2.0,,,,,,15102583
PSAM4NK,786786,2021-03-24 09:25:17.471000-04:00,,2021-03-31 09:51:21.289000-04:00,,1,,,,,,Treatment,590.142,,1.0,,,,0.0,0.0,0.0,0.0,2.0,2.0,0.0,0.0,0.0,1.0,,,,,,15179538
PSAM4NK,786958,2021-03-25 06:58:38.123000-04:00,,2021-03-29 08:03:27.559000-04:00,2021-03-29 08:09:07.813000-04:00,1,,,,,,Treatment,301.169,100.383333333333,3.0,3.0,,,3.0,3.0,0.0,0.0,6.0,0.0,0.0,0.0,0.0,1.0,,,,,,15097670
PSAM4NK,787390,2021-04-02 10:00:00-04:00,2021-04-05 10:00:00-04:00,2021-04-09 17:42:54.936000-04:00,2021-04-09 20:24:53.576000-04:00,2,,,,,,Control,9580.897,1892.3394,5.0,2.0,1.0,1.0,4.0,7.0,5.0,1.0,0.0,0.0,0.0,0.0,0.0,2.0,,,,,,15413849
PSAM4NK,787910,2021-04-02 10:00:00-04:00,2021-04-05 10:00:00-04:00,2021-04-20 19:41:47.989000-04:00,2021-04-20 19:57:45.201000-04:00,1,,,,,,Control,903.607,172.2426,5.0,4.0,1.0,,5.0,6.0,5.0,0.0,0.0,0.0,0.0,0.0,0.0,1.0,,,,,,15737923
PSAM4NK,788900,2021-04-02 10:00:00-04:00,2021-04-05 10:00:00-04:00,2021-04-12 21:02:17.904000-04:00,2021-04-12 21:09:22.163000-04:00,1,,,,,,Treatment,388.838,129.61,3.0,3.0,,,3.0,3.0,0.0,0.0,6.0,0.0,0.0,0.0,0.0,1.0,,,,,,15466985
PSAM4NK,788977,2021-03-25 06:58:38.126000-04:00,,2021-04-05 11:22:07.925000-04:00,2021-04-05 11:46:16.569000-04:00,1,,,,,,Treatment,1195.794,109.3482,5.0,2.0,1.0,1.0,5.0,6.0,0.0,0.0,10.0,5.0,0.0,0.0,0.0,1.0,,,,,,15251870
PSAM4NK,788978,2021-03-01 14:21:38.645000-05:00,,2021-03-10 11:26:51.537000-05:00,2021-03-10 11:32:21.634000-05:00,1,,,,,,Treatment,289.01,96.331,3.0,3.0,,,3.0,3.0,0.0,0.0,6.0,0.0,0.0,0.0,0.0,1.0,,,,,,14479304
PSAM4NK,788997,2021-03-01 14:21:38.645000-05:00,,2021-03-10 11:15:04.982000-05:00,2021-03-10 11:22:34.432000-05:00,1,,,,,,Control,396.902,89.664,4.0,3.0,1.0,1.0,4.0,5.0,4.0,1.0,0.0,0.0,0.0,0.0,1.0,1.0,,,,,,14477939
PSAM4NK,789005,2021-03-25 06:58:38.126000-04:00,,2021-04-12 11:50:47.212000-04:00,2021-04-12 12:05:31.163000-04:00,1,,,,,,Control,772.363,134.9692,5.0,3.0,1.0,1.0,5.0,7.0,5.0,1.0,0.0,0.0,0.0,0.0,1.0,1.0,,,,,,15437665
PSAM4NK,789020,2021-03-25 06:58:38.126000-04:00,,2021-04-05 11:25:39.331000-04:00,2021-04-05 11:31:33.014000-04:00,1,,,,,,Control,273.55,47.6196,5.0,3.0,1.0,,5.0,7.0,5.0,0.0,0.0,0.0,0.0,0.0,0.0,1.0,,,,,,15252003
PSAM4NK,789023,2021-03-01 14:21:38.645000-05:00,,2021-03-10 11:26:24.802000-05:00,2021-03-10 11:32:25.131000-05:00,1,,,,,,Control,312.201,104.064333333333,3.0,3.0,,,3.0,3.0,3.0,0.0,0.0,0.0,0.0,0.0,0.0,1.0,,,,,,14479243
PSAM4NK,789038,2021-03-01 14:21:38.645000-05:00,,2021-03-10 11:26:44.468000-05:00,2021-03-10 11:45:20.531000-05:00,1,,,,,,Treatment,1085.249,361.732666666667,3.0,3.0,,,3.0,3.0,0.0,0.0,6.0,0.0,0.0,0.0,0.0,1.0,,,,,,14479284
PSAM4NK,789043,2021-03-25 06:58:38.126000-04:00,,2021-04-12 11:45:00.478000-04:00,2021-04-12 11:49:04.986000-04:00,1,,,,,,Control,228.667,76.2183333333333,3.0,3.0,,,3.0,3.0,3.0,0.0,0.0,0.0,0.0,0.0,0.0,1.0,,,,,,15437033
PSAM4NK,789061,2021-03-25 06:58:38.126000-04:00,,2021-04-05 11:22:48.113000-04:00,2021-04-05 11:40:33.291000-04:00,1,,,,,,Treatment,968.666,228.865,4.0,3.0,1.0,1.0,4.0,5.0,0.0,0.0,8.0,1.0,0.0,0.0,0.0,1.0,,,,,,15251897
PSAM4NK,789161,2021-03-25 06:58:38.126000-04:00,,2021-04-13 11:49:53.288000-04:00,2021-04-13 12:00:08.713000-04:00,1,,,,,,Control,579.954,114.1582,5.0,4.0,1.0,,5.0,6.0,5.0,0.0,0.0,0.0,0.0,0.0,0.0,1.0,,,,,,15488065
PSAM4NK,790387,2021-05-23 21:36:53.713000-04:00,2021-05-24 21:38:00-04:00,2021-05-25 22:34:43.082000-04:00,,2,,,,,,Treatment,,,1.0,,,,,0.0,0.0,0.0,2.0,0.0,0.0,0.0,0.0,1.0,,,,,,16611887
PSAM4NK,794981,2021-03-24 09:25:17.475000-04:00,,2021-04-02 10:43:23.149000-04:00,,1,,,,,,Treatment,103.529,,1.0,,,,0.0,0.0,0.0,0.0,2.0,1.0,0.0,0.0,0.0,1.0,,,,,,15235415
PSAM4NK,794983,2021-03-24 09:25:17.475000-04:00,,2021-04-07 10:32:15.738000-04:00,2021-04-07 10:47:32.923000-04:00,1,,,,,,Treatment,841.55,153.3124,5.0,4.0,1.0,1.0,5.0,5.0,0.0,0.0,10.0,2.0,0.0,0.0,0.0,1.0,,,,,,15315871
PSAM4NK,794984,2021-03-24 09:25:17.475000-04:00,,2021-03-26 10:28:14.126000-04:00,2021-03-26 10:45:34.405000-04:00,1,,,,,,Treatment,855.532,188.8825,4.0,3.0,1.0,1.0,4.0,4.0,0.0,0.0,8.0,2.0,0.0,0.0,0.0,1.0,,,,,,15069754
PSAM4NK,794987,2021-03-24 09:25:17.471000-04:00,,2021-04-09 09:50:31.988000-04:00,,3,,,,,,Treatment,,,1.0,,,,,0.0,0.0,0.0,2.0,0.0,0.0,0.0,0.0,1.0,,,,,,15390292
PSAM4NK,795000,2021-03-01 14:21:38.642000-05:00,,2021-03-10 10:28:18.576000-05:00,2021-03-10 10:45:12.657000-05:00,1,,,,,,Treatment,952.622,317.532,3.0,3.0,,,3.0,3.0,0.0,0.0,6.0,0.0,0.0,0.0,0.0,1.0,,,,,,14472529
PSAM4NK,795004,2021-03-01 14:21:38.642000-05:00,,2021-03-10 10:27:51.068000-05:00,2021-03-10 10:42:38.544000-05:00,1,,,,,,Treatment,775.282,258.418,3.0,3.0,,,3.0,3.0,0.0,0.0,6.0,0.0,0.0,0.0,0.0,1.0,,,,,,14472482
PSAM4NK,795009,2021-03-01 14:21:38.642000-05:00,,2021-03-10 10:28:09.313000-05:00,2021-03-10 10:35:58.236000-05:00,1,,,,,,Treatment,413.011,67.596,4.0,3.0,1.0,1.0,3.0,3.0,0.0,0.0,8.0,2.0,0.0,0.0,0.0,1.0,,,,,,14472513
PSAM4NK,795014,2021-03-24 09:25:17.475000-04:00,,2021-03-25 11:00:44.958000-04:00,2021-03-25 11:04:11.006000-04:00,1,,,,,,Treatment,175.017,58.335,3.0,3.0,,,3.0,3.0,0.0,0.0,6.0,0.0,0.0,0.0,0.0,1.0,,,,,,15027069
PSAM4NK,795103,2021-03-01 14:21:38.642000-05:00,,2021-03-10 10:31:41.011000-05:00,2021-03-12 10:38:37.359000-05:00,3,,,,,,Treatment,173162.443,57720.805,3.0,3.0,,,3.0,3.0,0.0,0.0,6.0,0.0,0.0,0.0,0.0,2.0,,,,,,14472861
PSAM4NK,795543,2021-03-24 09:25:17.475000-04:00,,2021-03-29 10:41:20.442000-04:00,2021-03-30 11:38:45.053000-04:00,2,,,,,,Control,89819.155,29939.7156666667,3.0,3.0,,,3.0,3.0,3.0,0.0,0.0,0.0,0.0,0.0,0.0,2.0,,,,,,15105231
PSAM4NK,795791,2021-03-04 14:48:34.232000-05:00,2021-03-12 14:50:00-05:00,2021-03-09 14:44:53.160000-05:00,,6,,,,,,Control,246958.469,82279.275,4.0,0.0,0.0,0.0,2.0,5.0,4.0,3.0,0.0,0.0,0.0,0.0,3.0,2.0,,,,,,14442097
PSAM4NK,795991,2021-04-02 10:00:00-04:00,2021-04-05 10:00:00-04:00,2021-04-09 14:58:34.018000-04:00,,1,,,,,,Treatment,1500.129,349.192,2.0,0.0,,,0.0,1.0,0.0,0.0,4.0,2.0,0.0,0.0,0.0,1.0,,,,,,15410090
PSAM4NK,796582,2021-04-02 10:00:00-04:00,2021-04-05 10:00:00-04:00,2021-04-06 15:33:14.554000-04:00,2021-04-11 22:29:18.106000-04:00,7,,,,,,Treatment,456898.155,50392.48575,4.0,3.0,1.0,1.0,4.0,5.0,0.0,0.0,8.0,2.0,0.0,0.0,0.0,5.0,,,,,,15299801
PSAM4NK,799433,2020-10-05 10:00:00-04:00,2020-10-09 21:48:00-04:00,2020-10-05 19:50:47.168000-04:00,2020-10-05 20:14:34.596000-04:00,1,,,,,,Treatment,1287.015,148.1754,5.0,3.0,2.0,2.0,5.0,5.0,0.0,0.0,10.0,4.0,0.0,0.0,0.0,1.0,,,,,,7165137
PSAM4NK,800750,2021-03-25 06:58:38.126000-04:00,,2021-04-12 10:47:57.288000-04:00,2021-04-12 11:00:22.092000-04:00,1,,,,,,Control,680.486,123.7638,5.0,3.0,1.0,,5.0,8.0,5.0,0.0,0.0,0.0,0.0,0.0,0.0,1.0,,,,,,15431808
PSAM4NK,800777,2021-03-25 06:58:38.123000-04:00,,2021-03-26 07:42:51.899000-04:00,2021-03-26 07:58:35.151000-04:00,1,,,,,,Control,833.87,149.1712,5.0,3.0,1.0,0.0,4.0,10.0,5.0,1.0,0.0,0.0,0.0,0.0,1.0,1.0,,,,,,15061477
PSAM4NK,801642,2021-04-02 10:00:00-04:00,2021-04-05 10:00:00-04:00,2021-04-09 15:42:20.982000-04:00,2021-04-09 16:12:19.197000-04:00,1,,,,,,Treatment,1127.927,192.20725,5.0,1.0,1.0,1.0,4.0,5.0,0.0,0.0,10.0,8.0,0.0,0.0,0.0,1.0,,,,,,15411536
PSAM4NK,802463,2021-03-22 14:27:25.385000-04:00,,2021-03-24 11:26:06.624000-04:00,2021-03-24 11:31:40.083000-04:00,1,,,,,,Treatment,296.488,98.8223333333333,3.0,3.0,,,3.0,3.0,0.0,0.0,6.0,0.0,0.0,0.0,0.0,1.0,,,,,,14985094
PSAM4NK,802466,2021-03-22 14:27:25.385000-04:00,,2021-03-24 08:39:31.576000-04:00,2021-03-24 11:07:59.926000-04:00,2,,,,,,Control,151.308,50.429,3.0,3.0,,,3.0,3.0,3.0,0.0,0.0,0.0,0.0,0.0,0.0,1.0,,,,,,14971357
PSAM4NK,802468,2021-03-22 14:27:25.385000-04:00,,2021-03-24 08:42:32.619000-04:00,2021-03-24 08:54:46.736000-04:00,2,,,,,,Treatment,659.796,118.30975,4.0,3.0,1.0,1.0,4.0,4.0,0.0,0.0,8.0,2.0,0.0,0.0,0.0,2.0,,,,,,14971486
PSAM4NK,802474,2021-03-22 14:27:25.385000-04:00,,2021-03-23 15:54:12.470000-04:00,2021-03-23 15:59:28.388000-04:00,2,,,,,,Control,273.803,91.2613333333333,3.0,3.0,,,3.0,3.0,3.0,0.0,0.0,0.0,0.0,0.0,0.0,2.0,,,,,,14960439
PSAM4NK,802475,2021-03-22 14:27:25.385000-04:00,,2021-03-24 08:43:39.391000-04:00,2021-03-24 08:57:23.751000-04:00,1,,,,,,Control,637.26,212.412333333333,3.0,3.0,,,3.0,3.0,3.0,0.0,0.0,0.0,0.0,0.0,0.0,1.0,,,,,,14971552
PSAM4NK,802476,2021-03-22 14:27:25.385000-04:00,,2021-03-22 20:31:17.060000-04:00,2021-03-22 20:40:08.773000-04:00,1,,,,,,Control,448.87,103.96575,4.0,3.0,1.0,1.0,4.0,5.0,4.0,1.0,0.0,0.0,0.0,0.0,1.0,1.0,,,,,,14915218
PSAM4NK,802480,2021-03-22 14:27:25.385000-04:00,,2021-03-24 11:57:55.047000-04:00,2021-03-24 12:02:25.629000-04:00,1,,,,,,Control,211.487,70.4933333333333,3.0,3.0,,,3.0,3.0,3.0,0.0,0.0,0.0,0.0,0.0,0.0,1.0,,,,,,14988089
PSAM4NK,802486,2021-03-22 14:27:25.385000-04:00,,2021-03-25 06:06:36.555000-04:00,2021-03-25 06:08:24.931000-04:00,1,,,,,,Treatment,66.605,22.196,3.0,3.0,,,3.0,3.0,0.0,0.0,6.0,0.0,0.0,0.0,0.0,1.0,,,,,,15014010
PSAM4NK,802493,2021-03-22 14:27:25.385000-04:00,,2021-03-24 11:03:17.505000-04:00,2021-03-24 11:10:45.302000-04:00,1,,,,,,Treatment,339.545,113.174333333333,3.0,3.0,,,3.0,3.0,0.0,0.0,6.0,0.0,0.0,0.0,0.0,1.0,,,,,,14982883
PSAM4NK,802495,2021-03-22 14:27:25.385000-04:00,,2021-03-24 08:42:26.027000-04:00,2021-03-24 08:48:41.645000-04:00,2,,,,,,Control,248.115,82.6953333333333,3.0,3.0,,,3.0,3.0,3.0,0.0,0.0,0.0,0.0,0.0,0.0,1.0,,,,,,14971477
PSAM4NK,802524,2021-03-22 14:27:25.385000-04:00,,2021-03-23 15:45:33.335000-04:00,2021-03-23 15:53:48.041000-04:00,3,,,,,,Treatment,417.832,55.7014,5.0,3.0,1.0,1.0,5.0,5.0,0.0,0.0,10.0,4.0,0.0,0.0,0.0,3.0,,,,,,14960005
PSAM4NK,802541,2021-03-24 09:25:17.471000-04:00,,2021-03-31 09:53:29.532000-04:00,,2,,,,,,Treatment,86217.22,173.792,5.0,0.0,0.0,0.0,4.0,7.0,0.0,0.0,10.0,10.0,0.0,0.0,0.0,3.0,,,,,,15179673
PSAM4NK,802760,2021-03-22 14:27:25.385000-04:00,,2021-03-24 08:42:22.290000-04:00,2021-03-24 08:44:36.857000-04:00,1,,,,,,Control,98.159,32.7176666666667,3.0,3.0,,,3.0,3.0,3.0,0.0,0.0,0.0,0.0,0.0,0.0,1.0,,,,,,14971469
PSAM4NK,802764,2021-03-22 14:27:25.385000-04:00,,2021-03-24 11:29:02.316000-04:00,,1,,,,,,Treatment,,,1.0,,,,,0.0,0.0,0.0,2.0,0.0,0.0,0.0,0.0,1.0,,,,,,14985425
PSAM4NK,802781,2021-03-22 14:27:25.385000-04:00,,2021-03-24 09:16:33.611000-04:00,2021-03-24 09:33:20.988000-04:00,1,,,,,,Treatment,949.772,104.980666666667,4.0,3.0,1.0,1.0,3.0,3.0,0.0,0.0,8.0,2.0,0.0,0.0,0.0,1.0,,,,,,14973578
PSAM4NK,802799,2021-03-22 14:27:25.385000-04:00,,2021-03-24 08:32:03.356000-04:00,2021-03-24 08:40:21.939000-04:00,1,,,,,,Control,395.858,12.1592,5.0,1.0,1.0,1.0,2.0,9.0,5.0,4.0,0.0,0.0,0.0,0.0,1.0,1.0,,,,,,14970999
PSAM4NK,802843,2021-03-22 14:27:25.385000-04:00,,2021-03-24 08:48:06.123000-04:00,,1,,,,,,Treatment,492.506,69.0573333333333,3.0,2.0,,,3.0,4.0,0.0,0.0,6.0,1.0,0.0,0.0,0.0,1.0,,,,,,14971756
PSAM4NK,802845,2021-03-22 14:27:25.385000-04:00,,2021-03-24 10:10:34.440000-04:00,2021-03-24 11:38:42.763000-04:00,4,,,,,,Treatment,3968.109,157.6355,5.0,1.0,1.0,1.0,4.0,4.0,0.0,0.0,10.0,8.0,0.0,0.0,0.0,4.0,,,,,,14978041
PSAM4NK,802850,2021-03-22 14:27:25.385000-04:00,,2021-03-24 09:30:07.563000-04:00,,1,,,,,,Control,,,1.0,,,,,0.0,1.0,0.0,0.0,0.0,0.0,0.0,0.0,1.0,,,,,,14974583
PSAM4NK,802855,2021-03-22 14:27:25.385000-04:00,,2021-03-24 09:22:48.161000-04:00,2021-03-24 09:35:41.928000-04:00,1,,,,,,Control,698.81,232.926,3.0,3.0,,,3.0,3.0,3.0,0.0,0.0,0.0,0.0,0.0,0.0,1.0,,,,,,14974050
PSAM4NK,802954,2021-03-22 14:27:25.385000-04:00,,2021-03-24 13:49:35.010000-04:00,,1,,,,,,Not Assigned,,,,,,,,,,,,,,,,,,,,,,14997891
PSAM4NK,803944,2021-03-25 06:58:38.126000-04:00,,2021-04-12 11:14:19.695000-04:00,2021-04-12 11:25:52.606000-04:00,1,,,,,,Control,613.843,83.4262,5.0,2.0,1.0,,5.0,10.0,5.0,0.0,0.0,0.0,0.0,0.0,0.0,1.0,,,,,,15434228
PSAM4NK,808815,2020-11-09 08:10:00-05:00,2020-11-20 20:00:00-05:00,2020-11-09 08:45:56.855000-05:00,,2,,,,,,Treatment,1620.831,138.3322,5.0,0.0,0.0,0.0,5.0,5.0,0.0,0.0,10.0,9.0,0.0,0.0,0.0,1.0,,,,,,9349241
PSAM4NK,809948,2021-03-25 06:58:38.126000-04:00,,2021-04-05 11:22:19.996000-04:00,2021-04-05 11:40:01.611000-04:00,1,,,,,,Control,756.959,81.1242,5.0,1.0,1.0,1.0,4.0,11.0,5.0,4.0,0.0,0.0,0.0,0.0,4.0,1.0,,,,,,15251878
PSAM4NK,809986,2021-03-24 09:25:17.475000-04:00,,2021-03-30 13:01:42.488000-04:00,2021-03-30 13:08:23.158000-04:00,1,,,,,,Control,363.177,121.056,3.0,3.0,,,3.0,3.0,3.0,0.0,0.0,0.0,0.0,0.0,0.0,1.0,,,,,,15155545
PSAM4NK,810271,2021-03-24 09:25:17.475000-04:00,,2021-04-06 10:47:43.955000-04:00,,1,,,,,,Control,,,1.0,,,,,0.0,1.0,0.0,0.0,0.0,0.0,0.0,0.0,1.0,,,,,,15278503
PSAM4NK,810314,2021-03-24 09:25:17.475000-04:00,,2021-03-26 10:23:13.819000-04:00,2021-03-26 10:27:34.912000-04:00,1,,,,,,Treatment,236.758,78.916,3.0,3.0,,,3.0,3.0,0.0,0.0,6.0,0.0,0.0,0.0,0.0,1.0,,,,,,15069391
PSAM4NK,810442,2021-03-01 14:21:38.642000-05:00,,2021-03-10 10:27:04.308000-05:00,2021-03-10 10:42:19.890000-05:00,1,,,,,,Control,867.075,187.53125,4.0,3.0,1.0,,4.0,6.0,4.0,0.0,0.0,0.0,0.0,0.0,0.0,1.0,,,,,,14472367
PSAM4NK,810444,2021-03-24 09:25:17.475000-04:00,,2021-03-25 07:51:28.882000-04:00,2021-03-25 08:03:54.287000-04:00,1,,,,,,Control,662.162,159.25675,4.0,3.0,1.0,1.0,4.0,5.0,4.0,1.0,0.0,0.0,0.0,0.0,1.0,1.0,,,,,,15014306
PSAM4NK,812787,2020-10-05 10:00:00-04:00,2020-10-09 21:48:00-04:00,2020-10-09 13:06:56.820000-04:00,,1,,,,,,Treatment,,,1.0,,,,,0.0,0.0,0.0,2.0,0.0,0.0,0.0,0.0,1.0,,,,,,7532560
PSAM4NK,814913,2020-10-05 10:00:00-04:00,2020-10-09 21:48:00-04:00,2020-10-05 16:19:13.463000-04:00,,2,,,,,,Treatment,173893.207,76.477,4.0,0.0,0.0,0.0,1.0,1.0,0.0,0.0,8.0,6.0,0.0,0.0,0.0,3.0,,,,,,7151967
PSAM4NK,818168,2021-03-22 14:27:25.385000-04:00,,2021-03-24 08:32:47.503000-04:00,2021-03-24 08:47:32.186000-04:00,2,,,,,,Control,242.019,80.6553333333333,3.0,3.0,,,3.0,3.0,3.0,0.0,0.0,0.0,0.0,0.0,0.0,1.0,,,,,,14971048
PSAM4NK,829718,2020-10-05 10:00:00-04:00,2020-10-09 21:48:00-04:00,2020-10-05 12:07:21.291000-04:00,,3,,,,,,Treatment,87260.276,43583.5045,2.0,0.0,0.0,0.0,1.0,6.0,0.0,0.0,4.0,2.0,0.0,0.0,0.0,2.0,,,,,,7104516
PSAM4NK,833494,2021-03-24 09:25:17.475000-04:00,,2021-03-26 08:05:19.865000-04:00,2021-03-26 08:23:12.617000-04:00,1,,,,,,Treatment,1020.22,175.266,5.0,4.0,1.0,1.0,5.0,6.0,0.0,0.0,10.0,2.0,0.0,0.0,0.0,1.0,,,,,,15061815
PSAM4NK,836765,2020-10-05 10:00:00-04:00,2020-10-09 21:48:00-04:00,2020-10-05 14:56:31.503000-04:00,,4,,,,,,Treatment,339309.358,161.088,1.0,0.0,,,1.0,1.0,0.0,0.0,2.0,2.0,0.0,0.0,0.0,3.0,,,,,,7140936
PSAM4NK,839752,2020-10-05 10:00:00-04:00,2020-10-09 21:48:00-04:00,2020-10-06 10:28:35.082000-04:00,,1,,,,,,Not Assigned,,,,,,,,,,,,,,,,,,,,,,7196224
PSAM4NK,840292,2020-10-05 10:00:00-04:00,2020-10-09 21:48:00-04:00,2020-10-06 11:19:46.116000-04:00,,3,,,,,,Treatment,430.561,34.77,2.0,0.0,,,1.0,1.0,0.0,0.0,4.0,2.0,0.0,0.0,0.0,2.0,,,,,,7207281
PSAM4NK,848118,2020-10-26 12:28:28.055000-04:00,2020-10-30 12:30:00-04:00,2020-10-26 13:50:45.708000-04:00,2020-10-30 09:26:51.033000-04:00,3,,,,,,Treatment,259990.911,86663.6303333333,3.0,3.0,,,3.0,3.0,0.0,0.0,6.0,0.0,0.0,0.0,0.0,2.0,,,,,,8553709
PSAM4NK,848492,2020-10-26 12:28:28.055000-04:00,2020-10-30 12:30:00-04:00,2020-10-26 22:43:32.203000-04:00,2020-10-28 12:40:57.905000-04:00,10,,,,,,Control,856.443,210.00175,4.0,3.0,1.0,,4.0,5.0,4.0,0.0,0.0,0.0,0.0,0.0,0.0,2.0,,,,,,8591524
PSAM4NK,849075,2020-10-26 12:28:28.055000-04:00,2020-10-30 12:30:00-04:00,2020-10-26 12:30:24.698000-04:00,2020-10-26 12:53:03.029000-04:00,1,,,,,,Treatment,1266.392,238.9574,5.0,4.0,1.0,1.0,5.0,5.0,0.0,0.0,10.0,2.0,0.0,0.0,0.0,1.0,,,,,,8538197
PSAM4NK,849470,2020-10-26 12:28:28.055000-04:00,2020-10-30 12:30:00-04:00,2020-10-28 20:30:15.153000-04:00,2020-10-30 11:22:22.047000-04:00,3,,,,,,Control,139809.37,27924.8024,5.0,3.0,2.0,,5.0,13.0,5.0,0.0,0.0,0.0,0.0,0.0,0.0,2.0,,,,,,8783069
PSAM4NK,851018,2020-10-26 12:28:28.055000-04:00,2020-10-30 12:30:00-04:00,2020-10-26 14:46:02.790000-04:00,,3,,,,,,Treatment,165057.52,17.043,4.0,0.0,0.0,0.0,1.0,1.0,0.0,0.0,8.0,6.0,0.0,0.0,0.0,3.0,,,,,,8564021
PSAM4NK,851503,2020-10-26 12:28:28.055000-04:00,2020-10-30 12:30:00-04:00,2020-10-27 12:21:05.048000-04:00,2020-10-27 12:22:29.940000-04:00,1,,,,,,Treatment,52.325,17.4376666666667,3.0,3.0,,,3.0,3.0,0.0,0.0,6.0,0.0,0.0,0.0,0.0,1.0,,,,,,8635753
PSAM4NK,852647,2020-10-26 12:28:28.055000-04:00,2020-10-30 12:30:00-04:00,2020-10-27 09:16:40.470000-04:00,2020-10-29 17:20:36.490000-04:00,2,,,,,,Control,201708.464,40322.7782,5.0,4.0,1.0,,5.0,7.0,5.0,0.0,0.0,0.0,0.0,0.0,0.0,2.0,,,,,,8601323
PSAM4NK,852684,2020-10-26 12:28:28.055000-04:00,2020-10-30 12:30:00-04:00,2020-10-27 17:36:48.980000-04:00,2020-10-27 17:46:33.325000-04:00,1,,,,,,Control,560.184,58.0535,4.0,3.0,1.0,1.0,4.0,7.0,4.0,1.0,0.0,0.0,0.0,0.0,1.0,1.0,,,,,,8684104
PSAM4NK,853494,2020-10-26 12:28:28.055000-04:00,2020-10-30 12:30:00-04:00,2020-10-28 10:56:01.111000-04:00,2020-10-28 11:00:24.481000-04:00,1,,,,,,Treatment,151.418,50.4643333333333,3.0,3.0,,,3.0,3.0,0.0,0.0,6.0,0.0,0.0,0.0,0.0,1.0,,,,,,8720328
PSAM4NK,853603,2020-10-26 12:28:28.055000-04:00,2020-10-30 12:30:00-04:00,2020-10-30 09:34:17.382000-04:00,2020-10-30 09:35:56.783000-04:00,1,,,,,,Control,74.427,24.8073333333333,3.0,3.0,,,3.0,3.0,3.0,0.0,0.0,0.0,0.0,0.0,0.0,1.0,,,,,,8883605
PSAM4NK,853606,2020-10-26 12:28:28.055000-04:00,2020-10-30 12:30:00-04:00,2020-10-30 09:46:47.812000-04:00,2020-10-30 11:31:20.583000-04:00,1,,,,,,Control,3344.709,1114.89666666667,3.0,3.0,,,3.0,3.0,3.0,0.0,0.0,0.0,0.0,0.0,0.0,1.0,,,,,,8884784
PSAM4NK,853660,2020-10-26 12:28:28.055000-04:00,2020-10-30 12:30:00-04:00,2020-10-28 11:16:50.059000-04:00,2020-10-28 11:29:37.560000-04:00,1,,,,,,Control,534.515,82.7566,5.0,0.0,0.0,0.0,4.0,10.0,5.0,5.0,0.0,0.0,0.0,0.0,5.0,1.0,,,,,,8724187
PSAM4NK,853666,2020-10-26 12:28:28.055000-04:00,2020-10-30 12:30:00-04:00,2020-10-28 11:31:36.476000-04:00,,1,,,,,,Control,,,1.0,,,,,0.0,1.0,0.0,0.0,0.0,0.0,0.0,0.0,1.0,,,,,,8727203
PSAM4NK,853674,2020-10-26 12:28:28.055000-04:00,2020-10-30 12:30:00-04:00,2020-10-28 11:54:42.580000-04:00,2020-10-28 12:16:18.850000-04:00,1,,,,,,Treatment,1243.589,414.522666666667,3.0,3.0,,,3.0,3.0,0.0,0.0,6.0,0.0,0.0,0.0,0.0,1.0,,,,,,8731785
PSAM4NK,853701,2020-10-26 12:28:28.055000-04:00,2020-10-30 12:30:00-04:00,2020-10-27 10:27:40.056000-04:00,2020-10-27 10:30:40.643000-04:00,1,,,,,,Control,159.044,53.0096666666667,3.0,3.0,,,3.0,3.0,3.0,0.0,0.0,0.0,0.0,0.0,0.0,1.0,,,,,,8613464
PSAM4NK,853735,2020-10-26 12:28:28.055000-04:00,2020-10-30 12:30:00-04:00,2020-10-28 10:56:50.036000-04:00,2020-10-28 11:13:40.639000-04:00,1,,,,,,Control,939.95,168.9194,5.0,3.0,1.0,1.0,4.0,6.0,5.0,2.0,0.0,0.0,0.0,0.0,0.0,1.0,,,,,,8720466
PSAM4NK,853741,2020-10-26 12:28:28.055000-04:00,2020-10-30 12:30:00-04:00,2020-10-30 10:13:43.472000-04:00,2020-10-30 10:15:53.972000-04:00,1,,,,,,Control,94.12,31.37,3.0,3.0,,,3.0,3.0,3.0,0.0,0.0,0.0,0.0,0.0,0.0,1.0,,,,,,8887551
PSAM4NK,855243,2020-12-18 09:58:00.147000-05:00,2020-12-18 17:59:00-05:00,2021-01-08 15:48:04.349000-05:00,,1,,,,,,Control,,,1.0,,,,,0.0,1.0,0.0,0.0,0.0,0.0,0.0,0.0,1.0,,,,,,11839726
PSAM4NK,855313,2020-12-14 12:37:00-05:00,2020-12-14 17:39:00-05:00,2020-12-14 13:10:17.221000-05:00,2020-12-14 13:40:20.504000-05:00,1,,,,,,Treatment,1448.536,244.97375,5.0,2.0,1.0,1.0,4.0,4.0,0.0,0.0,10.0,6.0,0.0,0.0,0.0,1.0,,,,,,11211792
PSAM4NK,855398,2020-12-14 12:37:00-05:00,2020-12-14 17:39:00-05:00,2020-12-14 14:09:14.706000-05:00,,1,,,,,,Treatment,755.29,,1.0,,,,0.0,0.0,0.0,0.0,2.0,1.0,0.0,0.0,0.0,1.0,,,,,,11221169
PSAM4NK,855401,2020-11-30 14:37:35.560000-05:00,2020-12-01 14:39:00-05:00,2020-11-30 15:03:54.611000-05:00,2020-11-30 15:08:21.831000-05:00,1,,,,,,Control,192.371,39.8925,4.0,3.0,1.0,1.0,3.0,4.0,4.0,1.0,0.0,0.0,0.0,0.0,1.0,1.0,,,,,,10380392
PSAM4NK,855447,2020-12-17 12:41:56.032000-05:00,2020-12-17 17:43:00-05:00,2020-12-17 14:13:19.698000-05:00,2020-12-17 14:15:12.204000-05:00,1,,,,,,Control,72.836,24.267,3.0,3.0,,,3.0,3.0,3.0,0.0,0.0,0.0,0.0,0.0,0.0,1.0,,,,,,11417256
PSAM4NK,855490,2020-12-17 12:41:56.032000-05:00,2020-12-17 17:43:00-05:00,2020-12-17 13:26:22.498000-05:00,,1,,,,,,Treatment,,,1.0,,,,,0.0,0.0,0.0,2.0,0.0,0.0,0.0,0.0,1.0,,,,,,11412372
PSAM4NK,855492,2020-12-15 12:33:00-05:00,2020-12-15 17:35:00-05:00,2020-12-15 13:00:47.968000-05:00,,2,,,,,,Control,1570.569,252.861,5.0,0.0,0.0,0.0,3.0,9.0,5.0,5.0,0.0,0.0,0.0,0.0,5.0,1.0,,,,,,11287814
PSAM4NK,855511,2020-10-26 12:28:28.053000-04:00,2020-10-30 12:30:00-04:00,2020-10-27 09:17:45.108000-04:00,2020-10-27 09:19:55.474000-04:00,1,,,,,,Control,86.83,28.9383333333333,3.0,3.0,,,3.0,3.0,3.0,0.0,0.0,0.0,0.0,0.0,0.0,1.0,,,,,,8601496
PSAM4NK,855513,2020-10-26 12:28:28.053000-04:00,2020-10-30 12:30:00-04:00,2020-10-27 10:06:41.083000-04:00,2020-10-29 16:35:25.788000-04:00,2,,,,,,Control,196088.058,65362.675,3.0,3.0,,,3.0,3.0,3.0,0.0,0.0,0.0,0.0,0.0,0.0,2.0,,,,,,8609484
PSAM4NK,855528,2020-10-26 12:28:28.053000-04:00,2020-10-30 12:30:00-04:00,2020-10-27 14:41:41.980000-04:00,,1,,,,,,Not Assigned,,,,,,,,,,,,,,,,,,,,,,8665232
PSAM4NK,855536,2020-10-26 12:28:28.053000-04:00,2020-10-30 12:30:00-04:00,2020-11-06 13:58:52.647000-05:00,2020-11-06 15:35:41.398000-05:00,2,,,,,,Treatment,204.06,68.0126666666667,3.0,3.0,,,3.0,3.0,0.0,0.0,6.0,0.0,0.0,0.0,0.0,2.0,,,,,,9313565
PSAM4NK,855547,2020-10-26 12:28:28.053000-04:00,2020-10-30 12:30:00-04:00,2020-10-29 14:42:47.216000-04:00,2020-11-07 14:22:19.589000-05:00,2,,,,,,Treatment,78.397,26.1303333333333,3.0,3.0,,,3.0,3.0,0.0,0.0,6.0,0.0,0.0,0.0,0.0,1.0,,,,,,8850649
PSAM4NK,855549,2020-12-18 09:58:00.147000-05:00,2020-12-18 17:59:00-05:00,2021-01-01 19:58:36.193000-05:00,2021-01-01 20:04:41.788000-05:00,1,,,,,,Treatment,309.276,103.072666666667,3.0,3.0,,,3.0,3.0,0.0,0.0,6.0,0.0,0.0,0.0,0.0,1.0,,,,,,11508042
PSAM4NK,855553,2020-12-17 12:41:56.032000-05:00,2020-12-17 17:43:00-05:00,2020-12-17 17:26:41.794000-05:00,2020-12-17 17:29:37.688000-05:00,1,,,,,,Treatment,117.988,39.326,3.0,3.0,,,3.0,3.0,0.0,0.0,6.0,0.0,0.0,0.0,0.0,1.0,,,,,,11426515
PSAM4NK,855556,2020-12-14 12:37:00-05:00,2020-12-14 17:39:00-05:00,2020-12-14 13:14:36.317000-05:00,2020-12-14 13:41:35.545000-05:00,2,,,,,,Control,618.814,101.5032,5.0,2.0,1.0,1.0,4.0,8.0,5.0,1.0,0.0,0.0,0.0,0.0,1.0,1.0,,,,,,11212416
PSAM4NK,855559,2020-12-14 12:37:00-05:00,2020-12-14 17:39:00-05:00,2020-12-14 13:25:52.597000-05:00,2020-12-14 13:33:29.976000-05:00,1,,,,,,Control,419.163,81.7238,5.0,3.0,1.0,,5.0,7.0,5.0,0.0,0.0,0.0,0.0,0.0,0.0,1.0,,,,,,11214074
PSAM4NK,855563,2020-12-14 12:37:00-05:00,2020-12-14 17:39:00-05:00,2020-12-14 13:40:05.367000-05:00,2020-12-14 13:42:15.220000-05:00,1,,,,,,Control,97.343,32.4426666666667,3.0,3.0,,,3.0,3.0,3.0,0.0,0.0,0.0,0.0,0.0,0.0,1.0,,,,,,11216293
PSAM4NK,855564,2020-12-14 12:37:00-05:00,2020-12-14 17:39:00-05:00,2020-12-14 12:41:36.715000-05:00,,2,,,,,,Control,281.697,41.5552,5.0,0.0,0.0,0.0,2.0,8.0,5.0,5.0,0.0,0.0,0.0,0.0,5.0,1.0,,,,,,11207580
PSAM4NK,855578,2020-10-26 12:28:28.053000-04:00,2020-10-30 12:30:00-04:00,2020-10-30 14:13:57.304000-04:00,2020-10-30 14:25:17.644000-04:00,1,,,,,,Treatment,517.705,76.4184,5.0,3.0,2.0,2.0,5.0,5.0,0.0,0.0,10.0,4.0,0.0,0.0,0.0,1.0,,,,,,8914891
PSAM4NK,855581,2020-10-26 12:28:28.053000-04:00,2020-10-30 12:30:00-04:00,2020-10-29 21:04:09.163000-04:00,2020-10-29 21:40:54.639000-04:00,2,,,,,,Control,802.166,51.4298,5.0,0.0,0.0,0.0,1.0,11.0,5.0,5.0,0.0,0.0,0.0,0.0,4.0,2.0,,,,,,8872482
PSAM4NK,855611,2020-10-26 12:28:28.053000-04:00,2020-10-30 12:30:00-04:00,2020-10-29 15:58:48.889000-04:00,2020-10-29 16:17:17.321000-04:00,1,,,,,,Treatment,1051.196,191.756,4.0,3.0,1.0,1.0,4.0,4.0,0.0,0.0,8.0,2.0,0.0,0.0,0.0,1.0,,,,,,8859333
PSAM4NK,855644,2020-10-26 12:28:28.053000-04:00,2020-10-30 12:30:00-04:00,2020-10-29 14:58:26.727000-04:00,2020-10-29 16:07:39.271000-04:00,2,,,,,,Treatment,4083.288,965.25825,4.0,3.0,1.0,1.0,4.0,4.0,0.0,0.0,8.0,2.0,0.0,0.0,0.0,2.0,,,,,,8852856
PSAM4NK,855685,2020-12-17 12:41:56.032000-05:00,2020-12-17 17:43:00-05:00,2020-12-17 13:09:51.628000-05:00,2020-12-17 13:17:51.167000-05:00,1,,,,,,Control,346.24,115.406333333333,3.0,3.0,,,3.0,3.0,3.0,0.0,0.0,0.0,0.0,0.0,0.0,1.0,,,,,,11410858
PSAM4NK,855715,2020-10-26 12:28:28.053000-04:00,2020-10-30 12:30:00-04:00,2020-10-27 14:35:39.796000-04:00,2020-10-29 12:00:52.311000-04:00,2,,,,,,Control,163438.367,40850.57475,4.0,3.0,1.0,1.0,4.0,6.0,4.0,1.0,0.0,0.0,0.0,0.0,0.0,2.0,,,,,,8664187
PSAM4NK,855742,2020-11-30 14:37:35.560000-05:00,2020-12-01 14:39:00-05:00,2020-11-30 17:53:22.569000-05:00,2020-12-01 15:47:16.978000-05:00,5,,,,,,Control,78279.5,15466.482,5.0,2.0,2.0,2.0,4.0,7.0,5.0,3.0,0.0,0.0,0.0,0.0,3.0,2.0,,,,,,10394286
PSAM4NK,855748,2020-12-14 12:37:00-05:00,2020-12-14 17:39:00-05:00,2020-12-14 17:32:36.608000-05:00,2020-12-14 17:39:54.765000-05:00,1,,,,,,Treatment,393.892,131.283666666667,3.0,3.0,,,3.0,3.0,0.0,0.0,6.0,0.0,0.0,0.0,0.0,1.0,,,,,,11238878
PSAM4NK,855760,2020-12-17 12:41:56.032000-05:00,2020-12-17 17:43:00-05:00,2020-12-17 12:45:02.909000-05:00,2020-12-17 13:13:53.686000-05:00,2,,,,,,Control,1206.915,194.8032,5.0,0.0,0.0,0.0,5.0,10.0,5.0,5.0,0.0,0.0,0.0,0.0,5.0,1.0,,,,,,11408468
PSAM4NK,855853,2020-11-30 14:37:35.560000-05:00,2020-12-01 14:39:00-05:00,2020-11-30 14:43:44.674000-05:00,,1,,,,,,Treatment,150.948,,1.0,0.0,,,0.0,0.0,0.0,0.0,2.0,2.0,0.0,0.0,0.0,1.0,,,,,,10377279
PSAM4NK,855900,2020-10-26 12:28:28.053000-04:00,2020-10-30 12:30:00-04:00,2020-10-29 14:56:54.825000-04:00,,1,,,,,,Not Assigned,,,,,,,,,,,,,,,,,,,,,,8852648
PSAM4NK,855902,2020-10-26 12:28:28.053000-04:00,2020-10-30 12:30:00-04:00,2020-10-27 14:39:15.297000-04:00,,3,,,,,,Control,,,1.0,,,,,0.0,1.0,0.0,0.0,0.0,0.0,0.0,0.0,1.0,,,,,,8664862
PSAM4NK,855923,2020-10-26 12:28:28.053000-04:00,2020-10-30 12:30:00-04:00,2020-10-27 14:45:07.204000-04:00,,1,,,,,,Not Assigned,,,,,,,,,,,,,,,,,,,,,,8665819
PSAM4NK,855996,2020-12-14 12:37:00-05:00,2020-12-14 17:39:00-05:00,2020-12-14 16:42:11.586000-05:00,,1,,,,,,Not Assigned,,,,,,,,,,,,,,,,,,,,,,11236347
PSAM4NK,857147,2020-10-26 12:28:28.055000-04:00,2020-10-30 12:30:00-04:00,2020-10-28 11:24:10.390000-04:00,2020-10-30 10:11:57.810000-04:00,2,,,,,,Control,168027.447,474.2535,4.0,3.0,1.0,,4.0,5.0,4.0,0.0,0.0,0.0,0.0,0.0,0.0,2.0,,,,,,8725717
PSAM4NK,857157,2020-10-26 12:28:28.055000-04:00,2020-10-30 12:30:00-04:00,2020-10-28 11:08:04.710000-04:00,2020-10-28 11:20:08.827000-04:00,1,,,,,,Treatment,523.57,57.3046,5.0,3.0,1.0,1.0,5.0,6.0,0.0,0.0,10.0,3.0,0.0,0.0,0.0,1.0,,,,,,8722483
PSAM4NK,857159,2020-10-26 12:28:28.055000-04:00,2020-10-30 12:30:00-04:00,2020-10-28 11:20:56.082000-04:00,,1,,,,,,Treatment,384.127,95.153,1.0,0.0,,,1.0,1.0,0.0,0.0,2.0,2.0,0.0,0.0,0.0,1.0,,,,,,8725061
PSAM4NK,857187,2020-10-26 12:28:28.055000-04:00,2020-10-30 12:30:00-04:00,2020-10-30 11:50:26.826000-04:00,,1,,,,,,Not Assigned,,,,,,,,,,,,,,,,,,,,,,8898476
PSAM4NK,857283,2020-10-26 12:28:28.055000-04:00,2020-10-30 12:30:00-04:00,2020-10-29 11:51:06.616000-04:00,,5,,,,,,Not Assigned,,,,,,,,,,,,,,,,,,,,,,8819630
PSAM4NK,857303,2020-10-26 12:28:28.055000-04:00,2020-10-30 12:30:00-04:00,2020-10-28 11:24:35.243000-04:00,2020-10-28 12:07:49.429000-04:00,1,,,,,,Treatment,2480.309,826.759,3.0,3.0,,,3.0,3.0,0.0,0.0,6.0,0.0,0.0,0.0,0.0,1.0,,,,,,8725816
PSAM4NK,857314,2020-10-26 12:28:28.055000-04:00,2020-10-30 12:30:00-04:00,2020-10-30 11:20:18.513000-04:00,,1,,,,,,Not Assigned,,,,,,,,,,,,,,,,,,,,,,8894895
PSAM4NK,857321,2020-10-26 12:28:28.055000-04:00,2020-10-30 12:30:00-04:00,2020-11-09 12:42:12.765000-05:00,,1,,,,,,Not Assigned,,,,,,,,,,,,,,,,,,,,,,9388028
PSAM4NK,857322,2020-10-26 12:28:28.055000-04:00,2020-10-30 12:30:00-04:00,2020-10-28 11:07:41.265000-04:00,,1,,,,,,Not Assigned,,,,,,,,,,,,,,,,,,,,,,8722398
PSAM4NK,857325,2020-10-26 12:28:28.055000-04:00,2020-10-30 12:30:00-04:00,2020-10-28 12:33:53.175000-04:00,,1,,,,,,Not Assigned,,,,,,,,,,,,,,,,,,,,,,8739415
PSAM4NK,857327,2020-10-26 12:28:28.055000-04:00,2020-10-30 12:30:00-04:00,2020-10-28 14:01:48.696000-04:00,2020-10-29 15:28:24.734000-04:00,2,,,,,,Control,82092.176,16388.0328,5.0,1.0,1.0,1.0,5.0,13.0,5.0,4.0,0.0,0.0,0.0,0.0,4.0,2.0,,,,,,8755343
PSAM4NK,857339,2020-10-26 12:28:28.055000-04:00,2020-10-30 12:30:00-04:00,2020-10-28 11:07:15.690000-04:00,2020-10-29 17:07:30.151000-04:00,2,,,,,,Treatment,107896.782,35965.5876666667,3.0,3.0,,,3.0,3.0,0.0,0.0,6.0,0.0,0.0,0.0,0.0,2.0,,,,,,8722293
PSAM4NK,857450,2020-10-26 12:28:28.055000-04:00,2020-10-30 12:30:00-04:00,2020-10-27 11:04:37.374000-04:00,2020-10-29 20:11:11.884000-04:00,2,,,,,,Treatment,205557.701,68519.2306666667,3.0,3.0,,,3.0,3.0,0.0,0.0,6.0,0.0,0.0,0.0,0.0,2.0,,,,,,8620510
PSAM4NK,860030,2020-10-26 12:28:28.053000-04:00,2020-10-30 12:30:00-04:00,2020-10-27 16:34:07.824000-04:00,2020-10-29 16:10:38.075000-04:00,5,,,,,,Treatment,171332.928,57110.9736666667,3.0,3.0,,,3.0,3.0,0.0,0.0,6.0,0.0,0.0,0.0,0.0,2.0,,,,,,8679740
PSAM4NK,866186,2020-10-26 12:28:28.053000-04:00,2020-10-30 12:30:00-04:00,2020-10-27 14:36:26.006000-04:00,2020-10-29 14:57:18.841000-04:00,2,,,,,,Control,173743.337,53.668,5.0,0.0,0.0,0.0,1.0,10.0,5.0,5.0,0.0,0.0,0.0,0.0,1.0,2.0,,,,,,8664347
PSAM4NK,866664,2021-03-22 14:27:25.385000-04:00,,2021-03-24 10:14:28.561000-04:00,,2,,,,,,Treatment,11899.266,481.4105,5.0,1.0,1.0,1.0,4.0,4.0,0.0,0.0,10.0,8.0,0.0,0.0,0.0,2.0,,,,,,14978420
PSAM4NK,866968,2021-05-23 21:36:53.713000-04:00,2021-05-24 21:38:00-04:00,2021-05-24 14:52:05.970000-04:00,2021-05-24 14:57:37.383000-04:00,2,,,,,,Control,226.453,75.4803333333333,3.0,3.0,,,3.0,3.0,3.0,0.0,0.0,0.0,0.0,0.0,0.0,1.0,,,,,,16584932
PSAM4NK,867008,2021-05-23 21:36:53.713000-04:00,2021-05-24 21:38:00-04:00,2021-05-24 06:05:59.154000-04:00,2021-05-24 06:13:18.701000-04:00,1,,,,,,Treatment,332.385,64.0725,4.0,3.0,1.0,1.0,4.0,5.0,0.0,0.0,8.0,2.0,0.0,0.0,0.0,1.0,,,,,,16568195
PSAM4NK,867019,2021-05-23 21:36:53.713000-04:00,2021-05-24 21:38:00-04:00,2021-05-24 12:50:41.639000-04:00,2021-05-24 15:18:49.910000-04:00,2,,,,,,Control,2005.398,492.366,4.0,3.0,1.0,1.0,3.0,4.0,4.0,1.0,0.0,0.0,0.0,0.0,1.0,1.0,,,,,,16579595
PSAM4NK,867205,2021-05-23 21:36:53.716000-04:00,2021-05-24 21:38:00-04:00,2021-05-24 09:17:02.968000-04:00,,1,,,,,,Not Assigned,,,,,,,,,,,,,,,,,,,,,,16570007
PSAM4NK,867221,2021-05-23 21:36:53.713000-04:00,2021-05-24 21:38:00-04:00,2021-05-25 10:33:36.861000-04:00,,2,,,,,,Control,858488.15,429049.861,2.0,0.0,0.0,0.0,2.0,13.0,2.0,2.0,0.0,0.0,0.0,0.0,2.0,2.0,,,,,,16596014
PSAM4NK,867305,2021-05-23 21:36:53.716000-04:00,2021-05-24 21:38:00-04:00,2021-05-24 10:46:43.954000-04:00,2021-05-24 10:57:42.188000-04:00,1,,,,,,Treatment,603.194,201.056333333333,3.0,3.0,,,3.0,3.0,0.0,0.0,6.0,0.0,0.0,0.0,0.0,1.0,,,,,,16573722
PSAM4NK,867311,2021-05-23 21:36:53.716000-04:00,2021-05-24 21:38:00-04:00,2021-05-24 10:12:21.919000-04:00,2021-05-24 10:16:34.943000-04:00,1,,,,,,Treatment,225.225,75.0686666666667,3.0,3.0,,,3.0,3.0,0.0,0.0,6.0,0.0,0.0,0.0,0.0,1.0,,,,,,16572207
PSAM4NK,867313,2021-05-23 21:36:53.716000-04:00,2021-05-24 21:38:00-04:00,2021-06-08 14:42:35.172000-04:00,,2,,,,,,Treatment,14.731,14.466,1.0,,,,0.0,0.0,0.0,0.0,2.0,1.0,0.0,0.0,0.0,1.0,,,,,,16731429
PSAM4NK,867314,2021-05-23 21:36:53.716000-04:00,2021-05-24 21:38:00-04:00,2021-05-24 10:32:56.952000-04:00,2021-05-24 10:35:37.369000-04:00,1,,,,,,Treatment,113.723,37.9003333333333,3.0,3.0,,,3.0,3.0,0.0,0.0,6.0,0.0,0.0,0.0,0.0,1.0,,,,,,16573080
PSAM4NK,867322,2021-05-23 21:36:53.716000-04:00,2021-05-24 21:38:00-04:00,2021-06-01 12:42:28.604000-04:00,,1,,,,,,Control,,,1.0,,,,,0.0,1.0,0.0,0.0,0.0,0.0,0.0,0.0,1.0,,,,,,16670358
PSAM4NK,867323,2021-05-23 21:36:53.716000-04:00,2021-05-24 21:38:00-04:00,2021-05-24 10:22:11.661000-04:00,2021-05-24 10:33:31.330000-04:00,2,,,,,,Treatment,485.907,10.6986,5.0,0.0,0.0,0.0,0.0,6.0,0.0,0.0,10.0,10.0,0.0,0.0,0.0,2.0,,,,,,16572578
PSAM4NK,867329,2021-05-23 21:36:53.716000-04:00,2021-05-24 21:38:00-04:00,2021-06-02 09:33:53.794000-04:00,,1,,,,,,Treatment,35.007,34.781,1.0,,,,0.0,0.0,0.0,0.0,2.0,1.0,0.0,0.0,0.0,1.0,,,,,,16680468
PSAM4NK,867336,2021-05-23 21:36:53.716000-04:00,2021-05-24 21:38:00-04:00,2021-05-24 09:08:21.556000-04:00,2021-05-24 09:12:38.830000-04:00,1,,,,,,Treatment,199.635,66.543,3.0,3.0,,,3.0,3.0,0.0,0.0,6.0,0.0,0.0,0.0,0.0,1.0,,,,,,16569687
PSAM4NK,867346,2021-05-23 21:36:53.716000-04:00,2021-05-24 21:38:00-04:00,2021-05-24 09:13:00.194000-04:00,,3,,,,,,Treatment,301.407,107.556,1.0,0.0,,,1.0,1.0,0.0,0.0,2.0,2.0,0.0,0.0,0.0,1.0,,,,,,16569833
PSAM4NK,867355,2021-05-23 21:36:53.716000-04:00,2021-05-24 21:38:00-04:00,2021-05-25 10:04:35.898000-04:00,,1,,,,,,Not Assigned,,,,,,,,,,,,,,,,,,,,,,16594976
PSAM4NK,867419,2021-05-23 21:36:53.716000-04:00,2021-05-24 21:38:00-04:00,2021-05-24 10:26:48.247000-04:00,,3,,,,,,Control,11998.084,11932.017,2.0,0.0,,,0.0,2.0,2.0,1.0,0.0,0.0,0.0,0.0,1.0,2.0,,,,,,16572752
PSAM4NK,867551,2021-05-23 21:36:53.716000-04:00,2021-05-24 21:38:00-04:00,2021-05-25 10:43:09.291000-04:00,2021-05-25 11:39:12.258000-04:00,1,,,,,,Treatment,3289.827,128.32,4.0,3.0,1.0,1.0,4.0,6.0,0.0,0.0,8.0,2.0,0.0,0.0,0.0,1.0,,,,,,16596349
PSAM4NK,867718,2021-05-23 21:36:53.716000-04:00,2021-05-24 21:38:00-04:00,2021-05-24 09:31:29.963000-04:00,2021-05-24 09:41:01.666000-04:00,1,,,,,,Control,406.442,61.6478,5.0,3.0,2.0,2.0,5.0,8.0,5.0,2.0,0.0,0.0,0.0,0.0,2.0,1.0,,,,,,16570543
PSAM4NK,867723,2021-05-23 21:36:53.716000-04:00,2021-05-24 21:38:00-04:00,2021-06-01 12:35:36.230000-04:00,,3,,,,,,Control,1539.636,154.62075,5.0,0.0,0.0,0.0,3.0,16.0,5.0,4.0,0.0,0.0,0.0,0.0,1.0,3.0,,,,,,16670102
PSAM4NK,867920,2021-05-20 09:42:31.767000-04:00,2021-05-20 23:59:00-04:00,2021-05-20 11:29:40.830000-04:00,,2,,,,,,Control,2242.965,716.104,4.0,0.0,0.0,0.0,0.0,3.0,4.0,3.0,0.0,0.0,0.0,0.0,3.0,2.0,,,,,,16527508
PSAM4NK,868288,2021-05-23 21:36:53.713000-04:00,2021-05-24 21:38:00-04:00,2021-05-24 14:34:19.737000-04:00,2021-05-24 14:50:58.247000-04:00,1,,,,,,Treatment,798.295,47.78325,4.0,3.0,1.0,1.0,4.0,5.0,0.0,0.0,8.0,2.0,0.0,0.0,0.0,1.0,,,,,,16584248
PSAM4NK,868428,2021-05-02 22:22:49.051000-04:00,,2021-05-07 10:43:55.849000-04:00,,1,,,,,,Control,1453.289,265.4036,5.0,0.0,0.0,0.0,2.0,7.0,5.0,5.0,0.0,0.0,0.0,0.0,5.0,1.0,,,,,,16229514
PSAM4NK,868446,2021-05-02 22:22:49.051000-04:00,,2021-05-07 10:31:42.991000-04:00,2021-05-07 10:36:53.099000-04:00,1,,,,,,Control,243.479,81.155,3.0,3.0,,,3.0,3.0,3.0,0.0,0.0,0.0,0.0,0.0,0.0,1.0,,,,,,16228810
PSAM4NK,868458,2021-05-02 22:22:49.051000-04:00,,2021-05-07 10:33:25.381000-04:00,2021-05-07 10:36:36.581000-04:00,1,,,,,,Control,147.919,49.2996666666667,3.0,3.0,,,3.0,3.0,3.0,0.0,0.0,0.0,0.0,0.0,0.0,1.0,,,,,,16228913
PSAM4NK,868561,2021-05-23 21:36:53.713000-04:00,2021-05-24 21:38:00-04:00,2021-05-28 09:49:16.302000-04:00,,1,,,,,,Treatment,163.482,162.89,1.0,0.0,,,1.0,1.0,0.0,0.0,2.0,1.0,0.0,0.0,0.0,1.0,,,,,,16649564
PSAM4NK,868580,2021-05-23 21:36:53.713000-04:00,2021-05-24 21:38:00-04:00,2021-05-24 15:51:27.473000-04:00,2021-05-24 17:03:02.517000-04:00,3,,,,,,Treatment,4208.553,469.2982,5.0,3.0,1.0,1.0,4.0,6.0,0.0,0.0,10.0,3.0,0.0,0.0,0.0,4.0,,,,,,16586690
PSAM4NK,868628,2021-05-23 21:36:53.713000-04:00,2021-05-24 21:38:00-04:00,2021-06-11 12:57:30.327000-04:00,2021-06-11 14:06:44.794000-04:00,3,,,,,,Control,1065.41,355.124,3.0,3.0,,,3.0,3.0,3.0,0.0,0.0,0.0,0.0,0.0,0.0,1.0,,,,,,16749609
PSAM4NK,868632,2021-05-23 21:36:53.713000-04:00,2021-05-24 21:38:00-04:00,2021-05-24 09:44:15.060000-04:00,2021-05-24 10:47:46.052000-04:00,2,,,,,,Treatment,147.484,49.1553333333333,3.0,3.0,,,3.0,3.0,0.0,0.0,6.0,0.0,0.0,0.0,0.0,1.0,,,,,,16571137
PSAM4NK,868635,2021-05-23 21:36:53.713000-04:00,2021-05-24 21:38:00-04:00,2021-05-24 23:58:16.556000-04:00,,1,,,,,,Not Assigned,,,,,,,,,,,,,,,,,,,,,,16591159
PSAM4NK,868639,2021-05-23 21:36:53.713000-04:00,2021-05-24 21:38:00-04:00,2021-05-24 08:44:36.322000-04:00,,1,,,,,,Treatment,30.23,14.23,1.0,,,,0.0,0.0,0.0,0.0,2.0,2.0,0.0,0.0,0.0,1.0,,,,,,16568987
PSAM4NK,868641,2021-05-23 21:36:53.713000-04:00,2021-05-24 21:38:00-04:00,2021-05-25 13:39:41.872000-04:00,,1,,,,,,Control,505.775,72.023,2.0,0.0,0.0,0.0,0.0,6.0,2.0,1.0,0.0,0.0,0.0,0.0,1.0,1.0,,,,,,16603906
PSAM4NK,868643,2021-05-23 21:36:53.713000-04:00,2021-05-24 21:38:00-04:00,2021-05-24 08:48:16.649000-04:00,,4,,,,,,Treatment,194.968,31.3496666666667,3.0,2.0,,,3.0,3.0,0.0,0.0,6.0,2.0,0.0,0.0,0.0,1.0,,,,,,16569084
PSAM4NK,868645,2021-05-23 21:36:53.713000-04:00,2021-05-24 21:38:00-04:00,2021-05-24 08:49:13.173000-04:00,2021-05-24 15:17:19.593000-04:00,5,,,,,,Treatment,2782.794,417.9256,5.0,3.0,1.0,1.0,3.0,5.0,0.0,0.0,10.0,4.0,0.0,0.0,0.0,2.0,,,,,,16569120
PSAM4NK,868646,2021-05-23 21:36:53.713000-04:00,2021-05-24 21:38:00-04:00,2021-05-24 14:38:44.178000-04:00,2021-05-24 14:43:12.441000-04:00,1,,,,,,Treatment,191.271,63.75,3.0,3.0,,,3.0,3.0,0.0,0.0,6.0,0.0,0.0,0.0,0.0,1.0,,,,,,16584443
PSAM4NK,868648,2021-05-23 21:36:53.713000-04:00,2021-05-24 21:38:00-04:00,2021-06-10 08:59:17.282000-04:00,2021-06-10 09:08:19.164000-04:00,1,,,,,,Treatment,469.848,156.605666666667,3.0,3.0,,,3.0,3.0,0.0,0.0,6.0,0.0,0.0,0.0,0.0,1.0,,,,,,16740800
PSAM4NK,868661,2021-05-23 21:36:53.713000-04:00,2021-05-24 21:38:00-04:00,2021-05-24 13:48:56.342000-04:00,,4,,,,,,Treatment,1924450.832,957201.1225,2.0,0.0,0.0,0.0,2.0,5.0,0.0,0.0,4.0,3.0,0.0,0.0,0.0,3.0,,,,,,16582290
PSAM4NK,868689,2021-05-23 21:36:53.713000-04:00,2021-05-24 21:38:00-04:00,2021-05-24 08:04:52.324000-04:00,2021-05-24 19:27:39.549000-04:00,4,,,,,,Treatment,40906.432,13635.4686666667,3.0,3.0,,,3.0,3.0,0.0,0.0,6.0,0.0,0.0,0.0,0.0,2.0,,,,,,16568439
PSAM4NK,868769,2021-05-23 21:36:53.713000-04:00,2021-05-24 21:38:00-04:00,2021-05-25 09:19:29.545000-04:00,2021-06-15 23:13:41.498000-04:00,11,,,,,,Treatment,1499248.744,33271.1112,5.0,2.0,2.0,2.0,5.0,8.0,0.0,0.0,10.0,6.0,0.0,0.0,0.0,4.0,,,,,,16593211
PSAM4NK,869486,2021-05-23 21:36:53.713000-04:00,2021-05-24 21:38:00-04:00,2021-05-24 08:06:17.579000-04:00,2021-05-24 14:42:39.042000-04:00,2,,,,,,Treatment,181.66,60.5453333333333,3.0,3.0,,,3.0,3.0,0.0,0.0,6.0,0.0,0.0,0.0,0.0,1.0,,,,,,16568450
PSAM4NK,869841,2021-05-02 22:22:48.628000-04:00,,2021-05-07 08:34:38.241000-04:00,2021-05-07 08:44:55.068000-04:00,2,,,,,,Treatment,581.301,193.752,3.0,3.0,,,3.0,3.0,0.0,0.0,6.0,0.0,0.0,0.0,0.0,2.0,,,,,,16222774
PSAM4NK,870212,2021-05-02 22:22:48.628000-04:00,,2021-05-07 08:30:37.943000-04:00,2021-05-07 08:36:10.102000-04:00,1,,,,,,Control,286.539,95.5056666666667,3.0,3.0,,,3.0,3.0,3.0,0.0,0.0,0.0,0.0,0.0,0.0,1.0,,,,,,16222651
PSAM4NK,873223,2021-05-02 22:22:48.628000-04:00,,2021-05-07 08:31:03.327000-04:00,2021-05-07 08:36:17.625000-04:00,1,,,,,,Treatment,278.294,92.761,3.0,3.0,,,3.0,3.0,0.0,0.0,6.0,0.0,0.0,0.0,0.0,1.0,,,,,,16222664
PSAM4NK,873365,2021-05-02 22:22:48.628000-04:00,,2021-05-07 11:51:42.306000-04:00,,3,,,,,,Treatment,249.53,30.074,1.0,0.0,,,1.0,1.0,0.0,0.0,2.0,2.0,0.0,0.0,0.0,1.0,,,,,,16233744
PSAM4NK,873367,2021-05-02 22:22:48.628000-04:00,,2021-05-07 08:32:22.323000-04:00,2021-05-07 08:46:01.412000-04:00,1,,,,,,Control,521.899,80.4122,5.0,2.0,2.0,1.0,5.0,8.0,5.0,2.0,0.0,0.0,0.0,0.0,2.0,1.0,,,,,,16222707
PSAM4NK,873368,2021-05-02 22:22:48.628000-04:00,,2021-05-05 13:55:26.005000-04:00,2021-05-05 14:06:07.430000-04:00,1,,,,,,Control,561.409,42.0864,5.0,3.0,1.0,1.0,5.0,8.0,5.0,2.0,0.0,0.0,0.0,0.0,2.0,1.0,,,,,,16169929
PSAM4NK,873369,2021-05-02 22:22:48.628000-04:00,,2021-05-06 08:16:37.071000-04:00,2021-05-07 08:40:40.855000-04:00,2,,,,,,Control,489.204,99.16325,4.0,3.0,1.0,,4.0,5.0,4.0,0.0,0.0,0.0,0.0,0.0,0.0,1.0,,,,,,16183108
PSAM4NK,873370,2021-05-02 22:22:48.628000-04:00,,2021-05-07 08:31:12.638000-04:00,2021-05-07 08:40:09.065000-04:00,1,,,,,,Control,497.779,165.915666666667,3.0,3.0,,,3.0,3.0,3.0,0.0,0.0,0.0,0.0,0.0,0.0,1.0,,,,,,16222669
PSAM4NK,874930,2021-05-02 22:22:49.051000-04:00,,2021-05-05 13:36:43.055000-04:00,2021-05-05 13:39:52.589000-04:00,1,,,,,,Control,152.974,50.987,3.0,3.0,,,3.0,3.0,3.0,0.0,0.0,0.0,0.0,0.0,0.0,1.0,,,,,,16168681
PSAM4NK,874932,2021-05-02 22:22:49.051000-04:00,,2021-05-07 10:58:17.533000-04:00,,2,,,,,,Control,325.57,47.9708,5.0,0.0,0.0,0.0,3.0,10.0,5.0,5.0,0.0,0.0,0.0,0.0,5.0,2.0,,,,,,16230375
PSAM4NK,874933,2021-05-02 22:22:49.051000-04:00,,2021-05-07 10:30:27.062000-04:00,2021-05-07 10:34:20.502000-04:00,1,,,,,,Control,169.906,56.63,3.0,3.0,,,3.0,3.0,3.0,0.0,0.0,0.0,0.0,0.0,0.0,1.0,,,,,,16228707
PSAM4NK,874939,2021-05-02 22:22:49.051000-04:00,,2021-05-07 10:31:49.943000-04:00,2021-05-07 10:38:00.459000-04:00,1,,,,,,Control,331.022,60.324,5.0,3.0,1.0,1.0,4.0,6.0,5.0,2.0,0.0,0.0,0.0,0.0,2.0,1.0,,,,,,16228816
PSAM4NK,874951,2021-05-02 22:22:49.051000-04:00,,2021-05-07 10:32:41.247000-04:00,2021-05-07 10:51:59.332000-04:00,1,,,,,,Treatment,1118.021,163.35425,4.0,3.0,1.0,1.0,3.0,4.0,0.0,0.0,8.0,2.0,0.0,0.0,0.0,1.0,,,,,,16228872
PSAM4NK,876802,2021-05-02 22:22:48.628000-04:00,,2021-05-06 18:04:14.598000-04:00,2021-05-06 18:10:51.587000-04:00,1,,,,,,Control,173.667,57.8816666666667,3.0,3.0,,,3.0,3.0,3.0,0.0,0.0,0.0,0.0,0.0,0.0,1.0,,,,,,16217790
PSAM4NK,876803,2021-05-02 22:22:48.628000-04:00,,2021-05-07 08:35:05.369000-04:00,2021-05-07 08:54:21.876000-04:00,1,,,,,,Control,473.833,40.2706,5.0,1.0,1.0,0.0,5.0,11.0,5.0,2.0,0.0,0.0,0.0,0.0,2.0,1.0,,,,,,16222786
PSAM4NK,876849,2021-05-02 22:22:48.628000-04:00,,2021-05-07 08:32:48.438000-04:00,2021-05-07 08:40:30.002000-04:00,2,,,,,,Treatment,334.736,33.5826,5.0,2.0,0.0,0.0,5.0,8.0,0.0,0.0,10.0,6.0,0.0,0.0,0.0,1.0,,,,,,16222724
PSAM4NK,876850,2021-05-02 22:22:48.628000-04:00,,2021-05-07 08:49:22.390000-04:00,2021-05-07 08:59:04.411000-04:00,1,,,,,,Control,424.173,83.7844,5.0,4.0,1.0,,5.0,6.0,5.0,0.0,0.0,0.0,0.0,0.0,0.0,1.0,,,,,,16223187
PSAM4NK,876851,2021-05-02 22:22:48.628000-04:00,,2021-05-10 18:18:25.890000-04:00,,1,,,,,,Treatment,,,1.0,,,,,0.0,0.0,0.0,2.0,0.0,0.0,0.0,0.0,1.0,,,,,,16289054
PSAM4NK,876855,2021-05-02 22:22:48.628000-04:00,,2021-05-07 08:30:58.240000-04:00,2021-05-07 08:38:54.071000-04:00,1,,,,,,Treatment,435.319,145.095,3.0,3.0,,,3.0,3.0,0.0,0.0,6.0,0.0,0.0,0.0,0.0,1.0,,,,,,16222659
PSAM4NK,877232,2021-05-23 21:36:53.716000-04:00,2021-05-24 21:38:00-04:00,2021-06-01 09:31:22.204000-04:00,,1,,,,,,Treatment,577.104,101.1175,2.0,0.0,0.0,0.0,2.0,4.0,0.0,0.0,4.0,3.0,0.0,0.0,0.0,1.0,,,,,,16664044
PSAM4NK,878122,2021-05-02 22:22:49.051000-04:00,,2021-05-07 10:32:04.347000-04:00,2021-05-07 10:38:07.655000-04:00,1,,,,,,Control,305.526,101.833666666667,3.0,3.0,,,3.0,3.0,3.0,0.0,0.0,0.0,0.0,0.0,0.0,1.0,,,,,,16228836
PSAM4NK,878123,2021-05-02 22:22:49.051000-04:00,,2021-05-07 10:29:04.933000-04:00,2021-05-07 10:35:47.626000-04:00,1,,,,,,Control,240.348,59.1255,4.0,3.0,1.0,,4.0,5.0,4.0,0.0,0.0,0.0,0.0,0.0,0.0,1.0,,,,,,16228615
PSAM4NK,878162,2021-05-02 22:22:49.051000-04:00,,2021-05-07 10:31:53.138000-04:00,2021-05-07 10:49:36.556000-04:00,1,,,,,,Control,883.976,146.0478,5.0,1.0,1.0,1.0,5.0,10.0,5.0,2.0,0.0,0.0,0.0,0.0,2.0,1.0,,,,,,16228820
PSAM4NK,879431,2021-03-08 08:30:00-05:00,,2021-03-31 12:32:31.612000-04:00,,1,,,,,,Not Assigned,,,,,,,,,,,,,,,,,,,,,,15190304
PSAM4NK,879472,2020-10-26 12:28:28.053000-04:00,2020-10-30 12:30:00-04:00,2020-10-29 14:32:33.653000-04:00,2020-10-29 14:53:21.606000-04:00,2,,,,,,Control,72.045,24.0083333333333,3.0,3.0,,,3.0,3.0,3.0,0.0,0.0,0.0,0.0,0.0,0.0,2.0,,,,,,8849043
PSAM4NK,880488,2021-02-10 15:05:00-05:00,2021-02-10 17:00:00-05:00,2021-02-24 09:24:11.943000-05:00,,1,,,,,,Not Assigned,,,,,,,,,,,,,,,,,,,,,,13842906
PSAM4NK,885762,2021-05-23 21:36:53.716000-04:00,2021-05-24 21:38:00-04:00,2021-05-24 09:14:53.837000-04:00,,1,,,,,,Not Assigned,,,,,,,,,,,,,,,,,,,,,,16569917
PSAM4NK,890757,2021-03-04 13:18:32.261000-05:00,2021-03-05 11:00:00-05:00,2021-03-04 14:16:16.467000-05:00,2021-03-04 14:36:05.602000-05:00,1,,,,,,Control,1101.879,367.281,3.0,3.0,,,3.0,3.0,3.0,0.0,0.0,0.0,0.0,0.0,0.0,1.0,,,,,,14256930
PSAM4NK,890760,2021-03-04 13:18:32.263000-05:00,2021-03-05 11:00:00-05:00,2021-03-04 15:58:39.392000-05:00,2021-03-05 07:34:32.933000-05:00,4,,,,,,Treatment,471.023,156.997333333333,3.0,3.0,,,3.0,3.0,0.0,0.0,6.0,0.0,0.0,0.0,0.0,2.0,,,,,,14266360
PSAM4NK,890817,2021-03-04 13:18:32.263000-05:00,2021-03-05 11:00:00-05:00,2021-03-05 07:28:50.059000-05:00,,3,,,,,,Not Assigned,,,,,,,,,,,,,,,,,,,,,,14277646
PSAM4NK,890874,2021-03-04 13:18:32.261000-05:00,2021-03-05 11:00:00-05:00,2021-03-08 09:12:47.611000-05:00,,1,,,,,,Not Assigned,,,,,,,,,,,,,,,,,,,,,,14334578
PSAM4NK,890962,2021-03-04 13:18:32.263000-05:00,2021-03-05 11:00:00-05:00,2021-03-05 07:36:04.936000-05:00,,1,,,,,,Control,267.882,45.393,1.0,0.0,,,0.0,2.0,1.0,1.0,0.0,0.0,0.0,0.0,1.0,1.0,,,,,,14277705
PSAM4NK,891013,2021-03-04 13:18:32.263000-05:00,2021-03-05 11:00:00-05:00,2021-03-04 18:33:01.520000-05:00,,2,,,,,,Treatment,892.139,248.255,3.0,2.0,,,3.0,3.0,0.0,0.0,6.0,2.0,0.0,0.0,0.0,1.0,,,,,,14271779
PSAM4NK,891040,2021-03-04 13:18:32.263000-05:00,2021-03-05 11:00:00-05:00,2021-03-04 20:38:23.274000-05:00,2021-03-04 20:43:24.545000-05:00,1,,,,,,Treatment,242.803,80.929,3.0,3.0,,,3.0,3.0,0.0,0.0,6.0,0.0,0.0,0.0,0.0,1.0,,,,,,14274082
PSAM4NK,891271,2021-03-04 13:18:32.263000-05:00,2021-03-05 11:00:00-05:00,2021-03-04 16:42:01.392000-05:00,2021-03-05 07:38:08.952000-05:00,5,,,,,,Treatment,145.965,48.6476666666667,3.0,3.0,,,3.0,3.0,0.0,0.0,6.0,0.0,0.0,0.0,0.0,2.0,,,,,,14268534
PSAM4NK,891278,2021-03-04 13:18:32.263000-05:00,2021-03-05 11:00:00-05:00,2021-03-05 07:31:17.884000-05:00,,1,,,,,,Not Assigned,,,,,,,,,,,,,,,,,,,,,,14277671
PSAM4NK,891281,2021-03-04 13:18:32.261000-05:00,2021-03-05 11:00:00-05:00,2021-03-04 15:55:58.429000-05:00,2021-03-04 16:26:42.651000-05:00,2,,,,,,Control,1462.252,176.9902,5.0,1.0,1.0,1.0,2.0,9.0,5.0,4.0,0.0,0.0,0.0,0.0,2.0,1.0,,,,,,14266224
PSAM4NK,891346,2021-03-04 13:18:32.263000-05:00,2021-03-05 11:00:00-05:00,2021-03-04 16:00:14.205000-05:00,2021-03-04 21:44:14.573000-05:00,2,,,,,,Control,649.129,51.246,5.0,2.0,1.0,1.0,4.0,10.0,5.0,2.0,0.0,0.0,0.0,0.0,1.0,1.0,,,,,,14266417
PSAM4NK,891534,2021-03-04 13:18:32.261000-05:00,2021-03-05 11:00:00-05:00,2021-03-05 08:28:03.068000-05:00,,1,,,,,,Not Assigned,,,,,,,,,,,,,,,,,,,,,,14279025
PSAM4NK,891566,2021-05-02 22:22:48.628000-04:00,,2021-05-07 08:33:38.679000-04:00,,9,,,,,,Treatment,1018.931,515.015,1.0,0.0,,,1.0,1.0,0.0,0.0,2.0,2.0,0.0,0.0,0.0,1.0,,,,,,16222746
PSAM4NK,891694,2021-03-04 13:18:32.263000-05:00,2021-03-05 11:00:00-05:00,2021-03-04 15:18:33.579000-05:00,,1,,,,,,Control,,,1.0,,,,,0.0,1.0,0.0,0.0,0.0,0.0,0.0,0.0,1.0,,,,,,14263635
PSAM4NK,891700,2021-03-04 13:18:32.263000-05:00,2021-03-05 11:00:00-05:00,2021-03-04 13:41:18.511000-05:00,2021-03-04 13:54:38.317000-05:00,1,,,,,,Treatment,650.515,216.832333333333,3.0,3.0,,,3.0,3.0,0.0,0.0,6.0,0.0,0.0,0.0,0.0,1.0,,,,,,14252282
PSAM4NK,892772,2020-10-26 12:28:28.053000-04:00,2020-10-30 12:30:00-04:00,2020-10-27 13:54:09.210000-04:00,2020-10-29 16:10:57.465000-04:00,2,,,,,,Control,4721.258,1573.74233333333,3.0,3.0,,,3.0,3.0,3.0,0.0,0.0,0.0,0.0,0.0,0.0,2.0,,,,,,8655536
PSAM4NK,893202,2021-03-04 13:18:32.261000-05:00,2021-03-05 11:00:00-05:00,2021-03-04 17:11:00.987000-05:00,2021-03-04 17:14:31.302000-05:00,2,,,,,,Control,128.548,42.8453333333333,3.0,3.0,,,3.0,3.0,3.0,0.0,0.0,0.0,0.0,0.0,0.0,2.0,,,,,,14269721
PSAM4NK,893206,2021-03-04 13:18:32.261000-05:00,2021-03-05 11:00:00-05:00,2021-03-05 07:58:45.348000-05:00,,2,,,,,,Treatment,390.596,34.614,3.0,0.0,0.0,0.0,1.0,1.0,0.0,0.0,6.0,5.0,0.0,0.0,0.0,1.0,,,,,,14278021
PSAM4NK,893304,2021-03-04 13:18:32.261000-05:00,2021-03-05 11:00:00-05:00,2021-03-04 14:08:23.616000-05:00,2021-03-04 17:56:31.008000-05:00,5,,,,,,Treatment,3633.043,390.32975,5.0,2.0,1.0,1.0,4.0,4.0,0.0,0.0,10.0,6.0,0.0,0.0,0.0,4.0,,,,,,14255888
PSAM4NK,895502,2021-03-04 13:18:32.258000-05:00,2021-03-05 11:00:00-05:00,2021-03-04 14:16:09.136000-05:00,2021-03-05 07:29:35.306000-05:00,2,,,,,,Treatment,109.995,36.658,3.0,3.0,,,3.0,3.0,0.0,0.0,6.0,0.0,0.0,0.0,0.0,1.0,,,,,,14256915
PSAM4NK,895594,2021-03-04 13:18:32.261000-05:00,2021-03-05 11:00:00-05:00,2021-03-04 14:01:19.296000-05:00,2021-03-04 14:04:18.923000-05:00,1,,,,,,Control,146.973,24.1395,4.0,3.0,1.0,,3.0,4.0,4.0,0.0,0.0,0.0,0.0,0.0,0.0,1.0,,,,,,14254839
PSAM4NK,896470,2021-03-25 13:34:18.718000-04:00,,2021-03-26 11:27:28.822000-04:00,,1,,,,,,Control,113.363,21.5216666666667,4.0,1.0,1.0,1.0,1.0,3.0,4.0,2.0,0.0,0.0,0.0,0.0,2.0,1.0,,,,,,15074150
PSAM4NK,896474,2021-01-04 10:39:07.938000-05:00,,2021-01-22 11:30:55.115000-05:00,2021-01-22 11:32:49.676000-05:00,1,,,,,,Control,65.58,21.8533333333333,3.0,3.0,,,3.0,3.0,3.0,0.0,0.0,0.0,0.0,0.0,0.0,1.0,,,,,,12460901
PSAM4NK,896490,2021-01-04 10:39:07.938000-05:00,,2021-01-06 11:16:27.656000-05:00,,1,,,,,,Not Assigned,,,,,,,,,,,,,,,,,,,,,,11661507
PSAM4NK,896492,2021-03-25 13:34:18.718000-04:00,,2021-03-26 11:17:41.463000-04:00,,2,,,,,,Control,100.509,36.475,1.0,0.0,,,1.0,2.0,1.0,1.0,0.0,0.0,0.0,0.0,1.0,1.0,,,,,,15073443
PSAM4NK,896494,2021-03-25 13:34:18.718000-04:00,,2021-03-26 10:58:06.351000-04:00,2021-03-26 11:22:14.759000-04:00,2,,,,,,Treatment,1312.82,437.597,3.0,3.0,,,3.0,3.0,0.0,0.0,6.0,0.0,0.0,0.0,0.0,2.0,,,,,,15071839
PSAM4NK,896495,2021-01-04 10:39:07.938000-05:00,,2021-01-22 11:29:30.538000-05:00,,1,,,,,,Not Assigned,,,,,,,,,,,,,,,,,,,,,,12460746
PSAM4NK,896503,2021-03-25 13:34:18.718000-04:00,,2021-03-26 11:16:05.305000-04:00,2021-03-26 11:20:10.566000-04:00,1,,,,,,Treatment,183.117,61.0313333333333,3.0,3.0,,,3.0,3.0,0.0,0.0,6.0,0.0,0.0,0.0,0.0,1.0,,,,,,15073311
PSAM4NK,896508,2021-03-25 13:34:18.718000-04:00,,2021-03-26 11:00:26.860000-04:00,2021-03-26 11:10:39.571000-04:00,1,,,,,,Treatment,519.0,92.9705,4.0,3.0,1.0,1.0,4.0,4.0,0.0,0.0,8.0,2.0,0.0,0.0,0.0,1.0,,,,,,15072013
PSAM4NK,896509,2021-03-25 13:34:18.718000-04:00,,2021-03-26 11:14:20.312000-04:00,2021-03-26 11:17:14.192000-04:00,1,,,,,,Control,131.868,22.1615,4.0,3.0,1.0,1.0,4.0,7.0,4.0,1.0,0.0,0.0,0.0,0.0,1.0,1.0,,,,,,15073167
PSAM4NK,896513,2021-03-25 13:34:18.718000-04:00,,2021-03-26 11:01:13.682000-04:00,,1,,,,,,Treatment,879.184,92.591,3.0,0.0,0.0,0.0,3.0,3.0,0.0,0.0,6.0,6.0,0.0,0.0,0.0,1.0,,,,,,15072078
PSAM4NK,896975,2021-01-04 10:39:07.937000-05:00,,2021-01-07 12:37:51.474000-05:00,,2,,,,,,Treatment,,,1.0,,,,,0.0,0.0,0.0,2.0,0.0,0.0,0.0,0.0,1.0,,,,,,11747604
PSAM4NK,897011,2021-01-04 10:39:07.937000-05:00,,2021-01-22 12:25:07.052000-05:00,,1,,,,,,Not Assigned,,,,,,,,,,,,,,,,,,,,,,12467667
PSAM4NK,897133,2020-12-06 20:30:00-05:00,2020-12-11 20:30:00-05:00,2020-12-11 10:15:06.227000-05:00,,1,,,,,,Not Assigned,,,,,,,,,,,,,,,,,,,,,,11112853
PSAM4NK,897223,2021-03-25 13:34:18.721000-04:00,,2021-03-26 13:55:00.701000-04:00,2021-03-26 13:56:44.753000-04:00,1,,,,,,Control,66.221,22.0666666666667,3.0,3.0,,,3.0,3.0,3.0,0.0,0.0,0.0,0.0,0.0,0.0,1.0,,,,,,15083842
PSAM4NK,897225,2021-03-25 13:34:18.721000-04:00,,2021-03-26 14:08:16.457000-04:00,2021-03-26 14:12:10.940000-04:00,1,,,,,,Treatment,163.287,54.423,3.0,3.0,,,3.0,3.0,0.0,0.0,6.0,0.0,0.0,0.0,0.0,1.0,,,,,,15084668
PSAM4NK,897230,2021-03-25 13:34:18.721000-04:00,,2021-03-26 14:07:35.813000-04:00,,3,,,,,,Treatment,1295.459,70.439,4.0,1.0,1.0,1.0,3.0,3.0,0.0,0.0,8.0,5.0,0.0,0.0,0.0,3.0,,,,,,15084601
PSAM4NK,897240,2021-03-25 13:34:18.721000-04:00,,2021-03-26 14:07:21.426000-04:00,2021-03-26 14:09:32.401000-04:00,1,,,,,,Control,79.938,26.639,3.0,3.0,,,3.0,3.0,3.0,0.0,0.0,0.0,0.0,0.0,0.0,1.0,,,,,,15084583
PSAM4NK,897244,2021-03-25 13:34:18.721000-04:00,,2021-03-26 14:00:14.086000-04:00,2021-03-26 14:04:44.258000-04:00,1,,,,,,Control,207.252,69.0756666666667,3.0,3.0,,,3.0,3.0,3.0,0.0,0.0,0.0,0.0,0.0,0.0,1.0,,,,,,15084130
PSAM4NK,897247,2021-03-25 13:34:18.721000-04:00,,2021-03-26 14:10:15.843000-04:00,2021-03-26 14:13:45.100000-04:00,1,,,,,,Control,169.201,56.3933333333333,3.0,3.0,,,3.0,3.0,3.0,0.0,0.0,0.0,0.0,0.0,0.0,1.0,,,,,,15084833
PSAM4NK,897260,2021-03-25 13:34:18.721000-04:00,,2021-03-26 14:01:34.255000-04:00,2021-03-26 14:13:45.535000-04:00,2,,,,,,Treatment,597.845,56.1748,5.0,4.0,1.0,1.0,5.0,6.0,0.0,0.0,10.0,1.0,0.0,0.0,0.0,1.0,,,,,,15084204
PSAM4NK,897261,2021-03-25 13:34:18.721000-04:00,,2021-03-26 14:06:55.064000-04:00,,2,,,,,,Treatment,546.272,500.64,1.0,0.0,,,1.0,1.0,0.0,0.0,2.0,2.0,0.0,0.0,0.0,2.0,,,,,,15084554
PSAM4NK,897263,2021-01-04 10:39:07.939000-05:00,,2021-03-26 14:22:10.418000-04:00,,1,,,,,,Treatment,,,1.0,,,,,0.0,0.0,0.0,2.0,0.0,0.0,0.0,0.0,1.0,,,,,,15085498
PSAM4NK,897270,2021-03-25 13:34:18.721000-04:00,,2021-03-26 14:06:43.605000-04:00,2021-03-26 14:14:54.273000-04:00,1,,,,,,Control,382.428,42.2186,5.0,2.0,1.0,1.0,4.0,8.0,5.0,1.0,0.0,0.0,0.0,0.0,1.0,1.0,,,,,,15084547
PSAM4NK,897271,2021-03-25 13:34:18.721000-04:00,,2021-03-26 14:07:54.841000-04:00,,1,,,,,,Treatment,885.335,234.979,4.0,2.0,,,3.0,3.0,0.0,0.0,8.0,3.0,0.0,0.0,0.0,1.0,,,,,,15084636
PSAM4NK,897651,2021-01-04 10:39:07.936000-05:00,,2021-01-06 15:02:39.858000-05:00,,1,,,,,,Not Assigned,,,,,,,,,,,,,,,,,,,,,,11692203
PSAM4NK,897698,2021-01-04 10:39:07.936000-05:00,,2021-01-06 15:04:48.587000-05:00,,1,,,,,,Not Assigned,,,,,,,,,,,,,,,,,,,,,,11692451
PSAM4NK,899928,2021-01-04 10:39:07.934000-05:00,,2021-01-06 09:48:37.804000-05:00,,1,,,,,,Not Assigned,,,,,,,,,,,,,,,,,,,,,,11648213
PSAM4NK,899938,2021-01-04 10:39:07.934000-05:00,,2021-01-06 09:51:08.500000-05:00,,1,,,,,,Not Assigned,,,,,,,,,,,,,,,,,,,,,,11648595
PSAM4NK,899991,2021-01-04 10:39:07.934000-05:00,,2021-01-06 10:00:26.699000-05:00,,1,,,,,,Not Assigned,,,,,,,,,,,,,,,,,,,,,,11649994
PSAM4NK,900344,2021-03-25 13:34:18.718000-04:00,,2021-03-26 11:16:54.646000-04:00,2021-03-26 11:19:13.609000-04:00,1,,,,,,Control,86.627,28.868,3.0,3.0,,,3.0,3.0,3.0,0.0,0.0,0.0,0.0,0.0,0.0,1.0,,,,,,15073377
PSAM4NK,900350,2021-01-04 10:39:07.938000-05:00,,2021-01-22 11:16:46.109000-05:00,2021-01-22 11:19:40.215000-05:00,1,,,,,,Control,121.47,40.4816666666667,3.0,3.0,,,3.0,3.0,3.0,0.0,0.0,0.0,0.0,0.0,0.0,1.0,,,,,,12459313
PSAM4NK,900381,2021-03-25 13:34:18.718000-04:00,,2021-03-26 11:27:17.427000-04:00,,1,,,,,,Not Assigned,,,,,,,,,,,,,,,,,,,,,,15074132
PSAM4NK,900404,2021-01-04 10:39:07.938000-05:00,,2021-01-22 11:21:36.438000-05:00,2021-01-22 11:27:32.680000-05:00,1,,,,,,Control,172.55,57.5096666666667,3.0,3.0,,,3.0,3.0,3.0,0.0,0.0,0.0,0.0,0.0,0.0,1.0,,,,,,12459814
PSAM4NK,900518,2021-03-25 13:34:18.718000-04:00,,2021-03-26 11:33:58.678000-04:00,2021-03-26 11:38:29.192000-04:00,1,,,,,,Control,213.277,71.0833333333333,3.0,3.0,,,3.0,3.0,3.0,0.0,0.0,0.0,0.0,0.0,0.0,1.0,,,,,,15074620
PSAM4NK,900649,2021-03-25 13:34:18.715000-04:00,,2021-03-26 11:59:34.012000-04:00,2021-03-26 12:01:45.438000-04:00,1,,,,,,Treatment,112.644,37.5253333333333,3.0,3.0,,,3.0,3.0,0.0,0.0,6.0,0.0,0.0,0.0,0.0,1.0,,,,,,15076405
PSAM4NK,900669,2021-01-04 10:39:07.937000-05:00,,2021-01-22 12:32:46.296000-05:00,2021-01-22 12:37:37.509000-05:00,1,,,,,,Treatment,193.221,22.4636666666667,4.0,3.0,1.0,1.0,3.0,3.0,0.0,0.0,8.0,2.0,0.0,0.0,0.0,1.0,,,,,,12468571
PSAM4NK,900695,2021-03-25 13:34:18.715000-04:00,,2021-03-26 11:51:16.650000-04:00,2021-03-26 11:57:09.800000-04:00,1,,,,,,Control,304.925,101.632,3.0,3.0,,,3.0,3.0,3.0,0.0,0.0,0.0,0.0,0.0,0.0,1.0,,,,,,15075822
PSAM4NK,900718,2021-03-25 13:34:18.715000-04:00,,2021-03-26 11:52:56.447000-04:00,2021-03-26 12:04:50.724000-04:00,1,,,,,,Treatment,412.479,81.0324,5.0,4.0,1.0,1.0,5.0,6.0,0.0,0.0,10.0,1.0,0.0,0.0,0.0,1.0,,,,,,15075962
PSAM4NK,900776,2021-01-04 10:39:07.937000-05:00,,2021-01-22 12:32:18.974000-05:00,2021-01-22 12:34:16.731000-05:00,1,,,,,,Treatment,83.273,27.7503333333333,3.0,3.0,,,3.0,3.0,0.0,0.0,6.0,0.0,0.0,0.0,0.0,1.0,,,,,,12468521
PSAM4NK,901279,2021-03-25 13:34:18.721000-04:00,,2021-03-26 14:26:39.059000-04:00,,1,,,,,,Treatment,102.746,102.739,2.0,1.0,,,1.0,1.0,0.0,0.0,4.0,0.0,0.0,0.0,0.0,1.0,,,,,,15085789
PSAM4NK,901300,2021-03-25 13:34:18.721000-04:00,,2021-03-26 14:02:12.108000-04:00,2021-03-26 14:04:44.297000-04:00,1,,,,,,Treatment,122.858,40.9456666666667,3.0,3.0,,,3.0,3.0,0.0,0.0,6.0,0.0,0.0,0.0,0.0,1.0,,,,,,15084248
PSAM4NK,901362,2021-03-25 13:34:18.721000-04:00,,2021-03-26 14:01:06.555000-04:00,2021-03-26 14:15:08.281000-04:00,1,,,,,,Treatment,704.805,36.80825,5.0,2.0,0.0,0.0,4.0,4.0,0.0,0.0,10.0,6.0,0.0,0.0,0.0,1.0,,,,,,15084191
PSAM4NK,904951,2020-12-14 12:37:00-05:00,2020-12-14 17:39:00-05:00,2020-12-14 13:05:50.331000-05:00,,1,,,,,,Control,433.265,72.5573333333333,3.0,0.0,0.0,0.0,2.0,9.0,3.0,3.0,0.0,0.0,0.0,0.0,3.0,1.0,,,,,,11211130
PSAM4NK,904965,2020-12-17 12:41:56.032000-05:00,2020-12-17 17:43:00-05:00,2020-12-17 13:20:02.775000-05:00,2020-12-17 13:25:36.247000-05:00,1,,,,,,Control,270.091,39.26225,4.0,3.0,1.0,1.0,3.0,4.0,4.0,1.0,0.0,0.0,0.0,0.0,0.0,1.0,,,,,,11411819
PSAM4NK,904967,2020-12-14 12:37:00-05:00,2020-12-14 17:39:00-05:00,2020-12-14 13:01:06.207000-05:00,2020-12-14 13:15:24.511000-05:00,1,,,,,,Control,492.209,81.9696,5.0,0.0,0.0,0.0,2.0,7.0,5.0,5.0,0.0,0.0,0.0,0.0,5.0,1.0,,,,,,11210460
PSAM4NK,905004,2020-11-30 14:37:35.560000-05:00,2020-12-01 14:39:00-05:00,2020-11-30 14:45:42.324000-05:00,2020-11-30 15:02:52.229000-05:00,1,,,,,,Control,679.594,99.6388,5.0,3.0,2.0,2.0,5.0,10.0,5.0,2.0,0.0,0.0,0.0,0.0,0.0,1.0,,,,,,10377574
PSAM4NK,906836,2021-01-02 13:25:10.093000-05:00,2021-01-04 18:26:00-05:00,2021-01-04 10:34:59.359000-05:00,,1,,,,,,Treatment,,,1.0,,,,,0.0,0.0,0.0,2.0,0.0,0.0,0.0,0.0,1.0,,,,,,11522666
PSAM4NK,910411,2021-03-04 13:18:32.263000-05:00,2021-03-05 11:00:00-05:00,2021-03-04 14:07:00.149000-05:00,,6,,,,,,Control,,,1.0,,,,,0.0,1.0,0.0,0.0,0.0,0.0,0.0,0.0,1.0,,,,,,14255696
PSAM4NK,910412,2021-03-04 13:18:32.263000-05:00,2021-03-05 11:00:00-05:00,2021-03-04 14:24:13.861000-05:00,2021-03-04 14:29:47.709000-05:00,1,,,,,,Control,249.474,83.154,3.0,3.0,,,3.0,3.0,3.0,0.0,0.0,0.0,0.0,0.0,0.0,1.0,,,,,,14258049
PSAM4NK,910413,2021-03-04 13:18:32.263000-05:00,2021-03-05 11:00:00-05:00,2021-03-04 19:10:36.850000-05:00,2021-03-04 19:18:18.608000-05:00,1,,,,,,Treatment,375.335,125.109,3.0,3.0,,,3.0,3.0,0.0,0.0,6.0,0.0,0.0,0.0,0.0,1.0,,,,,,14272491
PSAM4NK,910414,2021-03-04 13:18:32.263000-05:00,2021-03-05 11:00:00-05:00,2021-03-04 15:12:09.722000-05:00,2021-03-04 19:03:13.998000-05:00,2,,,,,,Treatment,13709.684,3154.6305,5.0,3.0,2.0,2.0,4.0,4.0,0.0,0.0,10.0,4.0,0.0,0.0,0.0,2.0,,,,,,14263096
PSAM4NK,910416,2021-03-04 13:18:32.263000-05:00,2021-03-05 11:00:00-05:00,2021-03-05 02:42:10.348000-05:00,2021-03-05 03:00:41.984000-05:00,1,,,,,,Control,936.242,169.3552,5.0,3.0,2.0,,5.0,7.0,5.0,0.0,0.0,0.0,0.0,0.0,0.0,1.0,,,,,,14277192
PSAM4NK,910582,2021-03-04 13:18:32.261000-05:00,2021-03-05 11:00:00-05:00,2021-03-05 08:09:54.800000-05:00,2021-03-05 08:23:29.103000-05:00,3,,,,,,Control,726.032,48.9275,4.0,3.0,1.0,,3.0,4.0,4.0,0.0,0.0,0.0,0.0,0.0,0.0,2.0,,,,,,14278334
PSAM4NK,910583,2021-03-04 13:18:32.261000-05:00,2021-03-05 11:00:00-05:00,2021-03-05 08:50:01.133000-05:00,,1,,,,,,Not Assigned,,,,,,,,,,,,,,,,,,,,,,14280104
PSAM4NK,910616,2021-03-04 13:18:32.261000-05:00,2021-03-05 11:00:00-05:00,2021-03-04 14:56:03.262000-05:00,,1,,,,,,Treatment,481.777,32.082,3.0,0.0,0.0,0.0,1.0,1.0,0.0,0.0,6.0,6.0,0.0,0.0,0.0,1.0,,,,,,14261484
PSAM4NK,911845,2021-03-04 13:18:32.258000-05:00,2021-03-05 11:00:00-05:00,2021-03-04 20:57:20.122000-05:00,2021-03-04 21:18:11.037000-05:00,1,,,,,,Treatment,1183.168,85.7495,4.0,3.0,1.0,1.0,4.0,4.0,0.0,0.0,8.0,2.0,0.0,0.0,0.0,1.0,,,,,,14274395
PSAM4NK,911853,2021-03-04 13:18:32.258000-05:00,2021-03-05 11:00:00-05:00,2021-03-04 14:37:35.799000-05:00,,2,,,,,,Not Assigned,,,,,,,,,,,,,,,,,,,,,,14259602
PSAM4NK,912686,2021-03-25 13:34:18.721000-04:00,,2021-03-26 14:21:43.161000-04:00,,1,,,,,,Treatment,296.008,295.057,1.0,0.0,,,1.0,1.0,0.0,0.0,2.0,1.0,0.0,0.0,0.0,1.0,,,,,,15085479
PSAM4NK,913398,2021-03-04 13:18:32.263000-05:00,2021-03-05 11:00:00-05:00,2021-03-04 18:05:35.661000-05:00,2021-03-04 18:15:49.459000-05:00,1,,,,,,Control,432.65,69.468,5.0,3.0,2.0,,4.0,6.0,5.0,0.0,0.0,0.0,0.0,0.0,0.0,1.0,,,,,,14271220
PSAM4NK,913524,2021-03-04 13:18:32.261000-05:00,2021-03-05 11:00:00-05:00,2021-03-04 14:12:19.063000-05:00,2021-03-04 15:03:12.887000-05:00,6,,,,,,Control,1921.473,130.323,5.0,2.0,1.0,,4.0,18.0,5.0,0.0,0.0,0.0,0.0,0.0,0.0,2.0,,,,,,14256413
PSAM4NK,914617,2021-03-04 13:18:32.258000-05:00,2021-03-05 11:00:00-05:00,2021-03-04 13:27:36.322000-05:00,2021-03-04 16:52:09.418000-05:00,2,,,,,,Treatment,68.115,22.7,3.0,3.0,,,3.0,3.0,0.0,0.0,6.0,0.0,0.0,0.0,0.0,1.0,,,,,,14250516
PSAM4NK,914654,2021-03-04 13:18:32.258000-05:00,2021-03-05 11:00:00-05:00,2021-03-04 20:16:27.266000-05:00,2021-03-04 20:28:34.462000-05:00,1,,,,,,Treatment,500.517,166.834,3.0,3.0,,,3.0,3.0,0.0,0.0,6.0,0.0,0.0,0.0,0.0,1.0,,,,,,14273694
PSAM4NK,914658,2021-03-04 13:18:32.258000-05:00,2021-03-05 11:00:00-05:00,2021-03-04 14:06:09.562000-05:00,2021-03-04 14:37:52.754000-05:00,3,,,,,,Treatment,1331.399,332.781,4.0,3.0,1.0,1.0,3.0,4.0,0.0,0.0,8.0,2.0,0.0,0.0,0.0,3.0,,,,,,14255547
PSAM4NK,914680,2021-03-04 13:18:32.258000-05:00,2021-03-05 11:00:00-05:00,2021-03-04 13:29:00.986000-05:00,2021-03-04 22:26:44.118000-05:00,2,,,,,,Treatment,18720.285,244.87675,5.0,2.0,1.0,1.0,4.0,5.0,0.0,0.0,10.0,5.0,0.0,0.0,0.0,3.0,,,,,,14250718
PSAM4NK,915625,2021-01-07 12:16:00-05:00,2021-01-07 17:18:00-05:00,2021-01-07 12:36:25.178000-05:00,,1,,,,,,Not Assigned,,,,,,,,,,,,,,,,,,,,,,11747353
PSAM4NK,916054,2021-05-23 21:36:53.713000-04:00,2021-05-24 21:38:00-04:00,2021-05-28 09:36:40.838000-04:00,2021-05-28 09:51:27.516000-04:00,1,,,,,,Control,732.35,244.105666666667,3.0,3.0,,,3.0,3.0,3.0,0.0,0.0,0.0,0.0,0.0,0.0,1.0,,,,,,16649253
PSAM4NK,918011,2021-03-04 13:18:32.261000-05:00,2021-03-05 11:00:00-05:00,2021-03-05 06:45:05.023000-05:00,,3,,,,,,Treatment,1433820.957,44.59,1.0,0.0,,,1.0,1.0,0.0,0.0,2.0,2.0,0.0,0.0,0.0,3.0,,,,,,14277493
PSAM4NK,920179,2020-11-30 14:37:35.560000-05:00,2020-12-01 14:39:00-05:00,2020-11-30 15:27:19.168000-05:00,2020-11-30 18:25:54.407000-05:00,2,,,,,,Treatment,1413.085,87.68975,4.0,3.0,1.0,1.0,4.0,4.0,0.0,0.0,8.0,2.0,0.0,0.0,0.0,1.0,,,,,,10383406
PSAM4NK,920635,2021-03-25 13:34:18.718000-04:00,,2021-03-26 11:09:27.855000-04:00,,2,,,,,,Treatment,619.529,351.638,1.0,0.0,,,0.0,3.0,0.0,0.0,2.0,1.0,0.0,0.0,0.0,1.0,,,,,,15072744
PSAM4NK,921977,2021-03-04 13:18:32.258000-05:00,2021-03-05 11:00:00-05:00,2021-03-04 16:15:08.567000-05:00,,7,,,,,,Treatment,54508.81,54508.249,1.0,0.0,,,1.0,1.0,0.0,0.0,2.0,1.0,0.0,0.0,0.0,2.0,,,,,,14267248
PSAM4NK,922473,2021-05-04 08:40:00-04:00,2021-05-04 20:00:00-04:00,2021-05-04 10:11:42.428000-04:00,2021-05-04 10:19:31.505000-04:00,1,,,,,,Control,354.712,58.1592,5.0,4.0,1.0,1.0,5.0,6.0,5.0,1.0,0.0,0.0,0.0,0.0,1.0,1.0,,,,,,16114542
PSAM4NK,922615,2021-05-04 08:40:00-04:00,2021-05-04 20:00:00-04:00,2021-05-04 10:06:04.725000-04:00,2021-05-04 10:10:55.227000-04:00,1,,,,,,Control,222.663,74.217,3.0,3.0,,,3.0,3.0,3.0,0.0,0.0,0.0,0.0,0.0,0.0,1.0,,,,,,16114149
PSAM4NK,922616,2021-05-04 08:40:00-04:00,2021-05-04 20:00:00-04:00,2021-05-05 06:59:15.168000-04:00,2021-05-05 07:02:19.641000-04:00,1,,,,,,Control,121.02,40.3353333333333,3.0,3.0,,,3.0,3.0,3.0,0.0,0.0,0.0,0.0,0.0,0.0,1.0,,,,,,16148455
PSAM4NK,922617,2021-05-04 08:40:00-04:00,2021-05-04 20:00:00-04:00,2021-05-04 12:19:18.669000-04:00,2021-05-07 11:46:15.862000-04:00,4,,,,,,Control,2362.881,153.5124,5.0,0.0,0.0,0.0,5.0,29.0,5.0,5.0,0.0,0.0,0.0,0.0,2.0,1.0,,,,,,16124657
PSAM4NK,922618,2021-05-04 08:40:00-04:00,2021-05-04 20:00:00-04:00,2021-05-04 10:13:35.779000-04:00,2021-05-04 10:17:33.689000-04:00,1,,,,,,Control,191.597,63.8603333333333,3.0,3.0,,,3.0,3.0,3.0,0.0,0.0,0.0,0.0,0.0,0.0,1.0,,,,,,16114672
PSAM4NK,922622,2021-05-04 08:40:00-04:00,2021-05-04 20:00:00-04:00,2021-05-11 14:24:36.932000-04:00,2021-05-11 14:46:16.656000-04:00,2,,,,,,Control,525.087,90.7174,5.0,3.0,2.0,1.0,5.0,7.0,5.0,1.0,0.0,0.0,0.0,0.0,1.0,2.0,,,,,,16318540
PSAM4NK,922627,2021-05-04 08:40:00-04:00,2021-05-04 20:00:00-04:00,2021-05-06 08:52:26.688000-04:00,,1,,,,,,Treatment,627.371,143.947,1.0,0.0,,,1.0,1.0,0.0,0.0,2.0,2.0,0.0,0.0,0.0,1.0,,,,,,16184196
PSAM4NK,922644,2021-05-04 08:40:00-04:00,2021-05-04 20:00:00-04:00,2021-05-04 08:49:40.398000-04:00,2021-05-04 10:03:35.789000-04:00,2,,,,,,Control,354.211,40.687,5.0,3.0,2.0,1.0,4.0,9.0,5.0,1.0,0.0,0.0,0.0,0.0,1.0,1.0,,,,,,16109740
PSAM4NK,922863,2021-05-04 08:40:00-04:00,2021-05-04 20:00:00-04:00,2021-05-04 11:18:29.048000-04:00,2021-05-04 11:24:02.157000-04:00,1,,,,,,Control,209.834,31.487,5.0,3.0,2.0,1.0,5.0,10.0,5.0,1.0,0.0,0.0,0.0,0.0,1.0,1.0,,,,,,16119587
PSAM4NK,922872,2021-05-04 08:40:00-04:00,2021-05-04 20:00:00-04:00,2021-05-05 12:14:54.673000-04:00,,8,,,,,,Treatment,1134944.536,2319.725,2.0,0.0,0.0,0.0,2.0,3.0,0.0,0.0,4.0,3.0,0.0,0.0,0.0,4.0,,,,,,16162921
PSAM4NK,922894,2021-05-04 08:40:00-04:00,2021-05-04 20:00:00-04:00,2021-05-05 09:11:54.793000-04:00,,4,,,,,,Treatment,134.782,18.1,1.0,0.0,,,1.0,1.0,0.0,0.0,2.0,2.0,0.0,0.0,0.0,1.0,,,,,,16150812
PSAM4NK,922901,2021-05-04 08:40:00-04:00,2021-05-04 20:00:00-04:00,2021-05-04 11:00:21.451000-04:00,,1,,,,,,Treatment,916.411,,3.0,0.0,0.0,0.0,0.0,0.0,0.0,0.0,6.0,6.0,0.0,0.0,0.0,1.0,,,,,,16118227
PSAM4NK,922904,2021-05-04 08:40:00-04:00,2021-05-04 20:00:00-04:00,2021-05-04 12:27:15.325000-04:00,2021-05-04 12:32:23.314000-04:00,1,,,,,,Control,182.757,60.9136666666667,3.0,3.0,,,3.0,3.0,3.0,0.0,0.0,0.0,0.0,0.0,0.0,1.0,,,,,,16125365
PSAM4NK,922913,2021-05-04 08:40:00-04:00,2021-05-04 20:00:00-04:00,2021-05-04 19:53:14.913000-04:00,2021-05-04 19:55:11.861000-04:00,1,,,,,,Control,70.583,23.5226666666667,3.0,3.0,,,3.0,3.0,3.0,0.0,0.0,0.0,0.0,0.0,0.0,1.0,,,,,,16145731
PSAM4NK,923047,2021-05-04 08:40:00-04:00,2021-05-04 20:00:00-04:00,2021-05-05 06:16:21.892000-04:00,2021-05-07 10:50:32.798000-04:00,2,,,,,,Control,189230.758,85.7858,5.0,3.0,1.0,0.0,5.0,7.0,5.0,1.0,0.0,0.0,0.0,0.0,1.0,2.0,,,,,,16148400
PSAM4NK,923142,2021-05-04 08:40:00-04:00,2021-05-04 20:00:00-04:00,2021-05-07 11:48:13.733000-04:00,2021-05-07 11:52:20.161000-04:00,1,,,,,,Treatment,187.177,62.383,3.0,3.0,,,3.0,3.0,0.0,0.0,6.0,0.0,0.0,0.0,0.0,1.0,,,,,,16233534
PSAM4NK,923144,2021-05-04 08:40:00-04:00,2021-05-04 20:00:00-04:00,2021-05-04 11:33:49.517000-04:00,2021-05-04 11:37:02.860000-04:00,1,,,,,,Treatment,154.431,51.467,3.0,3.0,,,3.0,3.0,0.0,0.0,6.0,0.0,0.0,0.0,0.0,1.0,,,,,,16120892
PSAM4NK,923147,2021-05-04 08:40:00-04:00,2021-05-04 20:00:00-04:00,2021-05-04 11:38:42.978000-04:00,2021-05-04 12:00:35.442000-04:00,1,,,,,,Control,839.107,111.0008,5.0,1.0,1.0,1.0,4.0,13.0,5.0,4.0,0.0,0.0,0.0,0.0,3.0,1.0,,,,,,16121321
PSAM4NK,923148,2021-05-04 08:40:00-04:00,2021-05-04 20:00:00-04:00,2021-05-04 18:45:14.440000-04:00,2021-05-04 18:51:40.245000-04:00,1,,,,,,Treatment,247.39,82.4573333333333,3.0,3.0,,,3.0,3.0,0.0,0.0,6.0,0.0,0.0,0.0,0.0,1.0,,,,,,16144928
PSAM4NK,923153,2021-05-04 08:40:00-04:00,2021-05-04 20:00:00-04:00,2021-05-04 14:02:10.830000-04:00,2021-05-04 14:08:14.574000-04:00,1,,,,,,Control,256.557,85.514,3.0,3.0,,,3.0,3.0,3.0,0.0,0.0,0.0,0.0,0.0,0.0,1.0,,,,,,16133425
PSAM4NK,923156,2021-05-04 08:40:00-04:00,2021-05-04 20:00:00-04:00,2021-05-04 10:03:52.012000-04:00,,1,,,,,,Treatment,240.493,80.125,2.0,0.0,0.0,0.0,1.0,1.0,0.0,0.0,4.0,4.0,0.0,0.0,0.0,1.0,,,,,,16114006
PSAM4NK,923159,2021-05-04 08:40:00-04:00,2021-05-04 20:00:00-04:00,2021-05-04 11:51:30.173000-04:00,2021-05-04 11:56:22.017000-04:00,1,,,,,,Control,225.373,30.9672,5.0,3.0,2.0,,4.0,7.0,5.0,0.0,0.0,0.0,0.0,0.0,0.0,1.0,,,,,,16122412
PSAM4NK,924369,2021-05-04 08:40:00-04:00,2021-05-04 20:00:00-04:00,2021-05-04 09:38:31.815000-04:00,2021-05-04 12:43:45.777000-04:00,5,,,,,,Control,11071.275,2160.418,5.0,3.0,1.0,1.0,5.0,12.0,5.0,2.0,0.0,0.0,0.0,0.0,2.0,3.0,,,,,,16112260
PSAM4NK,928974,2021-05-04 08:40:00-04:00,2021-05-04 20:00:00-04:00,2021-05-04 18:55:53.468000-04:00,2021-05-04 19:05:31.097000-04:00,1,,,,,,Control,506.69,102.419,4.0,3.0,1.0,,4.0,6.0,4.0,0.0,0.0,0.0,0.0,0.0,0.0,1.0,,,,,,16145079
PSAM4NK,929368,2021-05-04 08:40:00-04:00,2021-05-04 20:00:00-04:00,2021-05-06 15:17:53.470000-04:00,2021-05-07 10:44:36.032000-04:00,4,,,,,,Treatment,69953.613,17428.09875,4.0,3.0,1.0,1.0,4.0,7.0,0.0,0.0,8.0,2.0,0.0,0.0,0.0,2.0,,,,,,16212629
PSAM4NK,929726,2021-03-25 13:34:18.715000-04:00,,2021-03-26 12:04:49.244000-04:00,2021-03-26 12:22:10.357000-04:00,1,,,,,,Control,866.993,161.8368,5.0,3.0,2.0,2.0,3.0,5.0,5.0,2.0,0.0,0.0,0.0,0.0,2.0,1.0,,,,,,15076739
PSAM4NK,929748,2021-03-25 13:34:18.715000-04:00,,2021-03-26 12:06:46.136000-04:00,,1,,,,,,Not Assigned,,,,,,,,,,,,,,,,,,,,,,15076888
PSAM4NK,931417,2021-03-04 13:18:32.261000-05:00,2021-03-05 11:00:00-05:00,2021-03-04 20:19:35.534000-05:00,2021-03-04 20:30:03.076000-05:00,1,,,,,,Treatment,525.018,174.990666666667,3.0,3.0,,,3.0,3.0,0.0,0.0,6.0,0.0,0.0,0.0,0.0,1.0,,,,,,14273748
PSAM4NK,931533,2021-01-04 10:39:07.938000-05:00,,2021-01-06 11:16:43.557000-05:00,,1,,,,,,Not Assigned,,,,,,,,,,,,,,,,,,,,,,11661556
PSAM4NK,931535,2021-03-25 13:34:18.718000-04:00,,2021-03-26 10:59:10.617000-04:00,,2,,,,,,Control,2304.811,722.7475,2.0,0.0,0.0,0.0,1.0,5.0,2.0,2.0,0.0,0.0,0.0,0.0,2.0,1.0,,,,,,15071914
PSAM4NK,931541,2021-03-25 13:34:18.718000-04:00,,2021-03-26 11:26:11.761000-04:00,,1,,,,,,Treatment,,,1.0,,,,,0.0,0.0,0.0,2.0,0.0,0.0,0.0,0.0,1.0,,,,,,15074043
PSAM4NK,931716,2021-03-25 13:34:18.715000-04:00,,2021-03-26 11:55:52.035000-04:00,2021-03-26 11:58:33.712000-04:00,1,,,,,,Control,76.552,25.511,3.0,3.0,,,3.0,3.0,3.0,0.0,0.0,0.0,0.0,0.0,0.0,1.0,,,,,,15076166
PSAM4NK,932136,2021-03-25 13:34:18.721000-04:00,,2021-03-26 14:43:40.347000-04:00,,1,,,,,,Control,56.419,27.355,1.0,0.0,,,0.0,1.0,1.0,1.0,0.0,0.0,0.0,0.0,1.0,1.0,,,,,,15086695
PSAM4NK,935641,2021-01-04 10:39:07.934000-05:00,,2021-01-06 09:49:19.070000-05:00,,1,,,,,,Not Assigned,,,,,,,,,,,,,,,,,,,,,,11648320
PSAM4NK,937228,2020-11-30 14:37:35.560000-05:00,2020-12-01 14:39:00-05:00,2020-11-30 14:46:43.225000-05:00,,2,,,,,,Treatment,91.172,,1.0,,,,0.0,0.0,0.0,0.0,2.0,1.0,0.0,0.0,0.0,2.0,,,,,,10377725
PSAM4NK,937231,2020-11-30 14:37:35.560000-05:00,2020-12-01 14:39:00-05:00,2020-11-30 16:19:01.962000-05:00,2020-11-30 16:28:41.975000-05:00,2,,,,,,Control,391.013,130.330333333333,3.0,3.0,,,3.0,3.0,3.0,0.0,0.0,0.0,0.0,0.0,0.0,1.0,,,,,,10388701
PSAM4NK,937264,2020-11-30 14:37:35.560000-05:00,2020-12-01 14:39:00-05:00,2020-11-30 14:43:15.714000-05:00,,3,,,,,,Control,1699.291,35.916,1.0,0.0,,,0.0,3.0,1.0,1.0,0.0,0.0,0.0,0.0,1.0,2.0,,,,,,10377210
PSAM4NK,937417,2021-01-04 10:39:07.936000-05:00,,2021-01-14 17:00:48.225000-05:00,,1,,,,,,Treatment,,,1.0,,,,,0.0,0.0,0.0,2.0,0.0,0.0,0.0,0.0,1.0,,,,,,12150391
PSAM4NK,941263,2020-11-30 14:37:35.560000-05:00,2020-12-01 14:39:00-05:00,2020-12-03 16:40:45.185000-05:00,,1,,,,,,Control,25.002,25.002,1.0,0.0,,,0.0,0.0,1.0,0.0,0.0,0.0,0.0,0.0,0.0,1.0,,,,,,10671209
PSAM4NK,949530,2021-01-07 12:16:00-05:00,2021-01-07 17:18:00-05:00,2021-01-07 15:25:28.180000-05:00,2021-01-08 14:51:51.402000-05:00,10,,,,,,Treatment,10463.013,172.2018,5.0,0.0,0.0,0.0,5.0,5.0,0.0,0.0,10.0,10.0,0.0,0.0,0.0,8.0,,,,,,11772881
PSAM4NK,955229,2020-12-17 12:41:56.032000-05:00,2020-12-17 17:43:00-05:00,2020-12-17 13:07:31.230000-05:00,,2,,,,,,Treatment,,,1.0,,,,,0.0,0.0,0.0,2.0,0.0,0.0,0.0,0.0,1.0,,,,,,11410635
PSAM4NK,960927,2021-05-02 22:22:48.628000-04:00,,2021-05-07 08:31:20.543000-04:00,2021-05-07 08:43:03.977000-04:00,2,,,,,,Treatment,562.882,33.052,5.0,3.0,1.0,1.0,5.0,7.0,0.0,0.0,10.0,3.0,0.0,0.0,0.0,2.0,,,,,,16222673
PSAM4NK,961660,2021-03-25 13:34:18.721000-04:00,,2021-03-26 14:07:02.590000-04:00,2021-03-26 14:14:48.237000-04:00,2,,,,,,Control,327.548,109.175333333333,3.0,3.0,,,3.0,3.0,3.0,0.0,0.0,0.0,0.0,0.0,0.0,1.0,,,,,,15084561
PSAM4NK,962839,2021-01-07 12:16:00-05:00,2021-01-07 17:18:00-05:00,2021-01-07 12:46:23.049000-05:00,,1,,,,,,Not Assigned,,,,,,,,,,,,,,,,,,,,,,11748955
PSAM4NK,964957,2021-02-19 10:38:14.050000-05:00,,2021-03-10 10:38:59.539000-05:00,,2,,,,,,Control,2244378.537,1121643.2925,3.0,1.0,1.0,1.0,2.0,3.0,3.0,1.0,0.0,0.0,0.0,0.0,0.0,2.0,,,,,,14473613
PSAM4NK,965041,2021-04-27 11:49:37.446000-04:00,2021-05-02 00:00:00-04:00,2021-04-27 18:49:56.075000-04:00,2021-04-27 19:31:45.437000-04:00,2,,,,,,Treatment,2437.229,70.062,5.0,3.0,1.0,1.0,4.0,5.0,0.0,0.0,10.0,4.0,0.0,0.0,0.0,2.0,,,,,,15945328
PSAM4NK,965219,2021-02-19 10:38:14.050000-05:00,,2021-03-30 10:52:19.901000-04:00,,1,,,,,,Control,,,1.0,,,,,0.0,1.0,0.0,0.0,0.0,0.0,0.0,0.0,1.0,,,,,,15144716
PSAM4NK,965226,2021-02-19 10:38:14.050000-05:00,,2021-02-19 10:41:06.676000-05:00,2021-02-25 10:50:39.831000-05:00,3,,,,,,Control,345814.083,69124.6024,5.0,2.0,0.0,0.0,3.0,8.0,5.0,3.0,0.0,0.0,0.0,0.0,2.0,2.0,,,,,,13660766
PSAM4NK,973391,2021-02-19 10:38:14.050000-05:00,,2021-02-19 10:41:33.108000-05:00,2021-02-23 10:49:53.839000-05:00,9,,,,,,Control,346042.193,69167.1276,5.0,3.0,1.0,0.0,4.0,8.0,5.0,1.0,0.0,0.0,0.0,0.0,1.0,3.0,,,,,,13660813
PSAM4NK,974857,2021-05-23 21:36:53.713000-04:00,2021-05-24 21:38:00-04:00,2021-05-25 08:41:02.935000-04:00,2021-05-25 09:41:48.452000-04:00,2,,,,,,Treatment,3220.404,86.9546,5.0,3.0,2.0,2.0,4.0,6.0,0.0,0.0,10.0,4.0,0.0,0.0,0.0,3.0,,,,,,16592231
PSAM4NK,975452,2021-05-04 08:40:00-04:00,2021-05-04 20:00:00-04:00,2021-05-04 11:38:44.945000-04:00,,2,,,,,,Treatment,1123063.529,437.432,1.0,0.0,,,1.0,1.0,0.0,0.0,2.0,2.0,0.0,0.0,0.0,3.0,,,,,,16121324
PSAM4NK,975603,2021-05-04 08:40:00-04:00,2021-05-04 20:00:00-04:00,2021-05-04 11:41:40.248000-04:00,2021-05-04 11:44:35.136000-04:00,1,,,,,,Treatment,136.849,45.61,3.0,3.0,,,3.0,3.0,0.0,0.0,6.0,0.0,0.0,0.0,0.0,1.0,,,,,,16121552
PSAM4NK,975631,2021-05-04 08:40:00-04:00,2021-05-04 20:00:00-04:00,2021-05-07 10:06:02.262000-04:00,,1,,,,,,Treatment,,,1.0,,,,,0.0,0.0,0.0,2.0,0.0,0.0,0.0,0.0,1.0,,,,,,16227228
PSAM4NK,976278,2021-03-24 09:25:17.471000-04:00,,2021-03-25 09:39:42.902000-04:00,,1,,,,,,Control,,,1.0,,,,,0.0,1.0,0.0,0.0,0.0,0.0,0.0,0.0,1.0,,,,,,15019772
PSAM4NK,977171,2021-05-02 22:22:48.628000-04:00,,2021-05-07 08:31:01.914000-04:00,2021-05-07 08:36:49.557000-04:00,1,,,,,,Treatment,309.342,103.102,3.0,3.0,,,3.0,3.0,0.0,0.0,6.0,0.0,0.0,0.0,0.0,1.0,,,,,,16222662
PSAM4NK,987615,2021-04-27 11:49:37.446000-04:00,2021-05-02 00:00:00-04:00,2021-05-02 18:51:07.106000-04:00,2021-05-02 19:08:27.598000-04:00,2,,,,,,Treatment,927.3,85.67325,5.0,3.0,1.0,1.0,4.0,4.0,0.0,0.0,10.0,4.0,0.0,0.0,0.0,2.0,,,,,,16065601
PSAM4NK,988696,2021-03-22 14:27:25.385000-04:00,,2021-03-24 08:45:03.282000-04:00,,1,,,,,,Treatment,725.049,110.764,5.0,1.0,1.0,1.0,3.0,4.0,0.0,0.0,10.0,7.0,0.0,0.0,0.0,1.0,,,,,,14971603
PSAM4NK,992929,2021-02-18 08:59:21.980000-05:00,,2021-02-18 15:12:34.176000-05:00,,1,,,,,,Treatment,142.945,93.686,1.0,0.0,,,1.0,1.0,0.0,0.0,2.0,2.0,0.0,0.0,0.0,1.0,,,,,,13637239
PSAM4NK,992930,2021-02-18 08:59:21.980000-05:00,,2021-02-18 15:12:40.355000-05:00,,1,,,,,,Treatment,,,1.0,,,,,0.0,0.0,0.0,2.0,0.0,0.0,0.0,0.0,1.0,,,,,,13637255
PSAM4NK,1001793,2021-05-23 21:36:53.713000-04:00,2021-05-24 21:38:00-04:00,2021-05-24 13:11:47.059000-04:00,,1,,,,,,Not Assigned,,,,,,,,,,,,,,,,,,,,,,16580500
PSAM4NK,1005411,2021-03-24 07:23:56.425000-04:00,2021-04-09 15:30:00-04:00,2021-03-24 09:28:01.197000-04:00,,1,,,,,,Control,,,1.0,,,,,0.0,1.0,0.0,0.0,0.0,0.0,0.0,0.0,1.0,,,,,,14974410
PSAM4NK,1005426,2021-03-24 07:23:56.429000-04:00,2021-04-09 15:30:00-04:00,2021-04-12 09:57:01.402000-04:00,2021-04-12 10:09:12.675000-04:00,1,,,,,,Control,624.219,108.7408,5.0,3.0,2.0,1.0,4.0,9.0,5.0,1.0,0.0,0.0,0.0,0.0,1.0,1.0,,,,,,15427434
PSAM4NK,1005432,2021-03-24 07:23:56.429000-04:00,2021-04-09 15:30:00-04:00,2021-03-25 10:07:39.744000-04:00,,2,,,,,,Treatment,1123622.996,,1.0,,,,0.0,0.0,0.0,0.0,2.0,2.0,0.0,0.0,0.0,2.0,,,,,,15022193
PSAM4NK,1005433,2021-03-24 07:23:56.429000-04:00,2021-04-09 15:30:00-04:00,2021-04-14 12:14:51.085000-04:00,,1,,,,,,Treatment,,,1.0,,,,,0.0,0.0,0.0,2.0,0.0,0.0,0.0,0.0,1.0,,,,,,15538507
PSAM4NK,1005434,2021-03-24 07:23:56.429000-04:00,2021-04-09 15:30:00-04:00,2021-03-25 09:59:31.670000-04:00,,1,,,,,,Treatment,,,1.0,,,,,0.0,0.0,0.0,2.0,0.0,0.0,0.0,0.0,1.0,,,,,,15021471
PSAM4NK,1005435,2021-03-24 07:23:56.429000-04:00,2021-04-09 15:30:00-04:00,2021-03-25 10:08:41.871000-04:00,,1,,,,,,Control,62.512,62.512,1.0,0.0,,,0.0,0.0,1.0,0.0,0.0,0.0,0.0,0.0,0.0,1.0,,,,,,15022290
PSAM4NK,1005436,2021-03-24 07:23:56.429000-04:00,2021-04-09 15:30:00-04:00,2021-04-09 08:30:45.855000-04:00,,2,,,,,,Control,117.726,35.586,2.0,0.0,,,1.0,4.0,2.0,1.0,0.0,0.0,0.0,0.0,1.0,1.0,,,,,,15386503
PSAM4NK,1005500,2021-03-24 07:23:56.427000-04:00,2021-04-09 15:30:00-04:00,2021-03-24 11:37:38.924000-04:00,2021-03-24 11:39:18.776000-04:00,1,,,,,,Control,54.335,18.108,3.0,3.0,,,3.0,3.0,3.0,0.0,0.0,0.0,0.0,0.0,0.0,1.0,,,,,,14986248
PSAM4NK,1005507,2021-03-24 07:23:56.420000-04:00,2021-04-09 15:30:00-04:00,2021-04-07 08:09:01.403000-04:00,2021-04-07 08:10:40.026000-04:00,1,,,,,,Control,59.454,19.815,3.0,3.0,,,3.0,3.0,3.0,0.0,0.0,0.0,0.0,0.0,0.0,1.0,,,,,,15308416
PSAM4NK,1005517,2021-03-24 07:23:56.425000-04:00,2021-04-09 15:30:00-04:00,2021-04-07 12:32:33.316000-04:00,2021-04-07 12:34:17.169000-04:00,1,,,,,,Treatment,60.121,20.036,3.0,3.0,,,3.0,3.0,0.0,0.0,6.0,0.0,0.0,0.0,0.0,1.0,,,,,,15325165
PSAM4NK,1005519,2021-03-24 07:23:56.425000-04:00,2021-04-09 15:30:00-04:00,2021-03-24 12:18:16.266000-04:00,2021-03-24 12:27:26.246000-04:00,1,,,,,,Control,498.746,166.241333333333,3.0,3.0,,,3.0,3.0,3.0,0.0,0.0,0.0,0.0,0.0,0.0,1.0,,,,,,14990049
PSAM4NK,1005521,2021-03-24 07:23:56.425000-04:00,2021-04-09 15:30:00-04:00,2021-03-24 12:11:12.875000-04:00,,1,,,,,,Not Assigned,,,,,,,,,,,,,,,,,,,,,,14989368
PSAM4NK,1005522,2021-03-24 07:23:56.425000-04:00,2021-04-09 15:30:00-04:00,2021-04-07 12:40:29.414000-04:00,,1,,,,,,Control,,,1.0,,,,,0.0,1.0,0.0,0.0,0.0,0.0,0.0,0.0,1.0,,,,,,15325841
PSAM4NK,1005523,2021-03-24 07:23:56.425000-04:00,2021-04-09 15:30:00-04:00,2021-03-24 12:22:52.853000-04:00,,3,,,,,,Control,678.114,33.216,1.0,0.0,,,1.0,4.0,1.0,0.0,0.0,0.0,0.0,0.0,0.0,1.0,,,,,,14990480
PSAM4NK,1005524,2021-03-24 07:23:56.425000-04:00,2021-04-09 15:30:00-04:00,2021-03-24 12:16:51.121000-04:00,2021-03-24 12:24:01.398000-04:00,1,,,,,,Treatment,350.25,116.747333333333,3.0,3.0,,,3.0,3.0,0.0,0.0,6.0,0.0,0.0,0.0,0.0,1.0,,,,,,14989917
PSAM4NK,1005526,2021-03-24 07:23:56.425000-04:00,2021-04-09 15:30:00-04:00,2021-03-24 12:11:08.267000-04:00,2021-03-24 12:13:56.279000-04:00,1,,,,,,Treatment,89.775,29.9213333333333,3.0,3.0,,,3.0,3.0,0.0,0.0,6.0,0.0,0.0,0.0,0.0,1.0,,,,,,14989358
PSAM4NK,1005527,2021-03-24 07:23:56.425000-04:00,2021-04-09 15:30:00-04:00,2021-03-24 12:33:20.313000-04:00,,1,,,,,,Treatment,,,1.0,,,,,0.0,0.0,0.0,2.0,0.0,0.0,0.0,0.0,1.0,,,,,,14991424
PSAM4NK,1005530,2021-03-24 07:23:56.425000-04:00,2021-04-09 15:30:00-04:00,2021-03-24 12:11:44.103000-04:00,,1,,,,,,Treatment,,,1.0,,,,,0.0,0.0,0.0,2.0,0.0,0.0,0.0,0.0,1.0,,,,,,14989409
PSAM4NK,1005543,2021-03-24 07:23:56.422000-04:00,2021-04-09 15:30:00-04:00,2021-04-12 13:19:37.736000-04:00,,1,,,,,,Treatment,,,1.0,,,,,0.0,0.0,0.0,2.0,0.0,0.0,0.0,0.0,1.0,,,,,,15446886
PSAM4NK,1005546,2021-03-24 07:23:56.425000-04:00,2021-04-09 15:30:00-04:00,2021-03-24 12:19:50.630000-04:00,2021-03-24 12:31:43.968000-04:00,1,,,,,,Treatment,563.877,72.62725,4.0,3.0,1.0,1.0,4.0,4.0,0.0,0.0,8.0,2.0,0.0,0.0,0.0,1.0,,,,,,14990179
PSAM4NK,1005550,2021-03-24 07:23:56.425000-04:00,2021-04-09 15:30:00-04:00,2021-03-24 12:38:16.212000-04:00,2021-03-24 12:42:32.029000-04:00,1,,,,,,Treatment,197.639,65.8753333333333,3.0,3.0,,,3.0,3.0,0.0,0.0,6.0,0.0,0.0,0.0,0.0,1.0,,,,,,14991814
PSAM4NK,1005739,2021-03-24 07:23:56.431000-04:00,2021-04-09 15:30:00-04:00,2021-03-24 09:10:00.145000-04:00,2021-03-24 09:12:12.209000-04:00,1,,,,,,Control,74.119,24.7033333333333,3.0,3.0,,,3.0,3.0,3.0,0.0,0.0,0.0,0.0,0.0,0.0,1.0,,,,,,14973120
PSAM4NK,1005759,2021-03-24 07:23:56.431000-04:00,2021-04-09 15:30:00-04:00,2021-03-24 09:11:15.097000-04:00,2021-03-24 09:13:23.491000-04:00,1,,,,,,Treatment,88.033,29.341,3.0,3.0,,,3.0,3.0,0.0,0.0,6.0,0.0,0.0,0.0,0.0,1.0,,,,,,14973207
PSAM4NK,1005858,2021-03-24 07:23:56.427000-04:00,2021-04-09 15:30:00-04:00,2021-03-24 11:29:26.998000-04:00,2021-03-24 11:31:01.071000-04:00,1,,,,,,Treatment,46.924,15.6383333333333,3.0,3.0,,,3.0,3.0,0.0,0.0,6.0,0.0,0.0,0.0,0.0,1.0,,,,,,14985463
PSAM4NK,1005860,2021-03-24 07:23:56.427000-04:00,2021-04-09 15:30:00-04:00,2021-03-24 11:18:06.883000-04:00,2021-03-24 11:24:41.411000-04:00,1,,,,,,Treatment,73.809,24.6,3.0,3.0,,,3.0,3.0,0.0,0.0,6.0,0.0,0.0,0.0,0.0,1.0,,,,,,14984311
PSAM4NK,1005861,2021-03-24 07:23:56.427000-04:00,2021-04-09 15:30:00-04:00,2021-03-24 11:29:29.256000-04:00,2021-03-24 11:31:18.315000-04:00,1,,,,,,Control,74.167,24.715,3.0,3.0,,,3.0,3.0,3.0,0.0,0.0,0.0,0.0,0.0,0.0,1.0,,,,,,14985470
PSAM4NK,1005863,2021-03-24 07:23:56.427000-04:00,2021-04-09 15:30:00-04:00,2021-03-24 11:47:02.003000-04:00,2021-03-24 11:49:04.539000-04:00,1,,,,,,Treatment,67.883,22.6243333333333,3.0,3.0,,,3.0,3.0,0.0,0.0,6.0,0.0,0.0,0.0,0.0,1.0,,,,,,14987043
PSAM4NK,1005866,2021-03-24 07:23:56.427000-04:00,2021-04-09 15:30:00-04:00,2021-03-24 11:19:14.866000-04:00,2021-03-24 11:31:16.153000-04:00,1,,,,,,Control,242.142,80.7063333333333,3.0,3.0,,,3.0,3.0,3.0,0.0,0.0,0.0,0.0,0.0,0.0,1.0,,,,,,14984438
PSAM4NK,1005867,2021-03-24 07:23:56.427000-04:00,2021-04-09 15:30:00-04:00,2021-03-25 11:41:16.768000-04:00,2021-03-25 11:44:16.075000-04:00,1,,,,,,Treatment,93.399,31.129,3.0,3.0,,,3.0,3.0,0.0,0.0,6.0,0.0,0.0,0.0,0.0,1.0,,,,,,15030803
PSAM4NK,1005873,2021-03-24 07:23:56.427000-04:00,2021-04-09 15:30:00-04:00,2021-03-24 11:28:59.812000-04:00,2021-03-24 11:30:21.673000-04:00,1,,,,,,Control,46.285,15.4256666666667,3.0,3.0,,,3.0,3.0,3.0,0.0,0.0,0.0,0.0,0.0,0.0,1.0,,,,,,14985419
PSAM4NK,1005885,2021-03-24 07:23:56.425000-04:00,2021-04-09 15:30:00-04:00,2021-03-24 12:13:49.778000-04:00,2021-03-24 12:17:29.917000-04:00,1,,,,,,Treatment,111.77,37.2543333333333,3.0,3.0,,,3.0,3.0,0.0,0.0,6.0,0.0,0.0,0.0,0.0,1.0,,,,,,14989582
PSAM4NK,1006756,2021-03-24 07:23:56.431000-04:00,2021-04-09 15:30:00-04:00,2021-03-24 09:31:32.086000-04:00,2021-03-25 09:05:54.859000-04:00,2,,,,,,Control,252.744,33.787,5.0,3.0,2.0,2.0,4.0,9.0,5.0,2.0,0.0,0.0,0.0,0.0,2.0,1.0,,,,,,14974689
PSAM4NK,1006757,2021-03-24 07:23:56.431000-04:00,2021-04-09 15:30:00-04:00,2021-03-25 09:01:46.223000-04:00,,1,,,,,,Treatment,,,1.0,,,,,0.0,0.0,0.0,2.0,0.0,0.0,0.0,0.0,1.0,,,,,,15016832
PSAM4NK,1006759,2021-03-24 07:23:56.431000-04:00,2021-04-09 15:30:00-04:00,2021-03-24 09:17:33.083000-04:00,2021-03-24 09:19:48.326000-04:00,1,,,,,,Control,99.787,33.2593333333333,3.0,3.0,,,3.0,3.0,3.0,0.0,0.0,0.0,0.0,0.0,0.0,1.0,,,,,,14973658
PSAM4NK,1006760,2021-03-24 07:23:56.431000-04:00,2021-04-09 15:30:00-04:00,2021-03-25 08:55:08.508000-04:00,2021-03-25 08:57:10.629000-04:00,1,,,,,,Treatment,72.638,24.21,3.0,3.0,,,3.0,3.0,0.0,0.0,6.0,0.0,0.0,0.0,0.0,1.0,,,,,,15016428
PSAM4NK,1006761,2021-03-24 07:23:56.431000-04:00,2021-04-09 15:30:00-04:00,2021-03-24 09:20:23.948000-04:00,2021-03-24 09:31:58.457000-04:00,1,,,,,,Treatment,354.42,118.131666666667,3.0,3.0,,,3.0,3.0,0.0,0.0,6.0,0.0,0.0,0.0,0.0,1.0,,,,,,14973864
PSAM4NK,1006763,2021-03-24 07:23:56.425000-04:00,2021-04-09 15:30:00-04:00,2021-03-24 09:31:55.158000-04:00,,1,,,,,,Not Assigned,,,,,,,,,,,,,,,,,,,,,,14974715
PSAM4NK,1006764,2021-03-24 07:23:56.431000-04:00,2021-04-09 15:30:00-04:00,2021-03-25 09:08:59.267000-04:00,,1,,,,,,Treatment,395.109,190.8335,2.0,0.0,0.0,0.0,2.0,3.0,0.0,0.0,4.0,2.0,0.0,0.0,0.0,1.0,,,,,,15017377
PSAM4NK,1006772,2021-03-24 07:23:56.431000-04:00,2021-04-09 15:30:00-04:00,2021-03-25 08:56:52.928000-04:00,,1,,,,,,Not Assigned,,,,,,,,,,,,,,,,,,,,,,15016552
PSAM4NK,1006794,2021-03-24 07:23:56.429000-04:00,2021-04-09 15:30:00-04:00,2021-03-25 10:08:25.125000-04:00,,1,,,,,,Control,797.43,66.592,4.0,1.0,1.0,1.0,2.0,9.0,4.0,2.0,0.0,0.0,0.0,0.0,1.0,1.0,,,,,,15022270
PSAM4NK,1006888,2021-03-24 07:23:56.427000-04:00,2021-04-09 15:30:00-04:00,2021-03-25 11:27:13.055000-04:00,2021-03-25 11:29:02.619000-04:00,1,,,,,,Treatment,80.498,26.829,3.0,3.0,,,3.0,3.0,0.0,0.0,6.0,0.0,0.0,0.0,0.0,1.0,,,,,,15029609
PSAM4NK,1006890,2021-03-24 07:23:56.427000-04:00,2021-04-09 15:30:00-04:00,2021-03-24 11:39:49.656000-04:00,2021-03-24 11:52:12.711000-04:00,2,,,,,,Treatment,465.568,45.89125,5.0,3.0,1.0,1.0,4.0,4.0,0.0,0.0,10.0,4.0,0.0,0.0,0.0,3.0,,,,,,14986440
PSAM4NK,1006897,2021-03-24 07:23:56.427000-04:00,2021-04-09 15:30:00-04:00,2021-04-12 11:34:03.769000-04:00,,1,,,,,,Treatment,,,1.0,,,,,0.0,0.0,0.0,2.0,0.0,0.0,0.0,0.0,1.0,,,,,,15436015
PSAM4NK,1006930,2021-03-24 07:23:56.425000-04:00,2021-04-09 15:30:00-04:00,2021-04-11 22:33:29.288000-04:00,2021-04-11 22:37:54.643000-04:00,1,,,,,,Control,209.213,69.734,3.0,3.0,,,3.0,3.0,3.0,0.0,0.0,0.0,0.0,0.0,0.0,1.0,,,,,,15419971
PSAM4NK,1006978,2021-03-24 07:23:56.431000-04:00,2021-04-09 15:30:00-04:00,2021-03-24 14:06:48.777000-04:00,2021-03-24 14:13:43.425000-04:00,1,,,,,,Control,360.964,120.318333333333,3.0,3.0,,,3.0,3.0,3.0,0.0,0.0,0.0,0.0,0.0,0.0,1.0,,,,,,14999222
PSAM4NK,1007325,2021-03-24 09:25:17.475000-04:00,,2021-03-31 07:59:18.494000-04:00,,1,,,,,,Not Assigned,,,,,,,,,,,,,,,,,,,,,,15174976
PSAM4NK,1007928,2021-05-02 22:22:49.051000-04:00,,2021-05-07 10:31:45.364000-04:00,2021-05-07 11:06:02.766000-04:00,5,,,,,,Treatment,1874.985,263.2494,5.0,2.0,1.0,1.0,4.0,7.0,0.0,0.0,10.0,4.0,0.0,0.0,0.0,4.0,,,,,,16228812
