experiment_id,student_id,student_prior_started_skill_builder_count,student_prior_completed_skill_builder_count,student_prior_started_problem_set_count,student_prior_completed_problem_set_count,student_prior_completed_problem_count,student_prior_median_first_response_time,student_prior_median_time_on_task,student_prior_average_correctness,student_prior_average_attempt_count,class_id,class_creation_date,class_student_count,class_prior_skill_builder_count,class_prior_problem_set_count,class_prior_skill_builder_percent_started,class_prior_skill_builder_percent_completed,class_prior_problem_set_percent_started,class_prior_problem_set_percent_completed,class_prior_completed_problem_count,class_prior_median_time_on_task,class_prior_median_first_response_time,class_prior_average_correctness,class_prior_average_attempt_count,teacher_id,teacher_account_creation_date,district_id,location,opportunity_zone,locale_description
PSAM4NK,9902,5,3,2,1,72,94.5335,86.9785,0.5555555555555556,1.5694444444444444,445,2019-03-29 11:29:49.547000-04:00,26,1,10,0.0,0.0,16.5384615384615,37.2093023255814,766,59.835,55.051,0.7037037037037037,1.3472584856396868,5500,2019-03-29 11:17:07.133000-04:00,1345.0,North Carolina,Yes,None
PSAM4NK,9900,4,2,3,2,93,29.916,42.054,0.5679012345679012,1.5806451612903225,445,2019-03-29 11:29:49.547000-04:00,26,1,10,0.0,0.0,16.5384615384615,37.2093023255814,766,59.835,55.051,0.7037037037037037,1.3472584856396868,5500,2019-03-29 11:17:07.133000-04:00,1345.0,North Carolina,Yes,None
PSAM4NK,9897,9,8,3,3,120,47.1075,51.7235,0.7920792079207921,1.225,445,2019-03-29 11:29:49.547000-04:00,26,1,10,0.0,0.0,16.5384615384615,37.2093023255814,766,59.835,55.051,0.7037037037037037,1.3472584856396868,5500,2019-03-29 11:17:07.133000-04:00,1345.0,North Carolina,Yes,None
PSAM4NK,9899,9,8,3,3,143,35.549,39.946,0.6129032258064516,1.3846153846153846,445,2019-03-29 11:29:49.547000-04:00,26,1,10,0.0,0.0,16.5384615384615,37.2093023255814,766,59.835,55.051,0.7037037037037037,1.3472584856396868,5500,2019-03-29 11:17:07.133000-04:00,1345.0,North Carolina,Yes,None
PSAM4NK,9910,4,4,0,0,18,18.7315,19.1355,0.8333333333333334,1.277777777777778,445,2019-03-29 11:29:49.547000-04:00,26,1,10,0.0,0.0,16.5384615384615,37.2093023255814,766,59.835,55.051,0.7037037037037037,1.3472584856396868,5500,2019-03-29 11:17:07.133000-04:00,1345.0,North Carolina,Yes,None
PSAM4NK,9906,1,1,3,0,33,21.906,30.112,0.6,1.5454545454545454,445,2019-03-29 11:29:49.547000-04:00,26,1,10,0.0,0.0,16.5384615384615,37.2093023255814,766,59.835,55.051,0.7037037037037037,1.3472584856396868,5500,2019-03-29 11:17:07.133000-04:00,1345.0,North Carolina,Yes,None
PSAM4NK,7510,5,5,0,0,15,13.879,13.882,1.0,1.0,581,2019-04-16 08:42:29.799000-04:00,19,5,0,54.7368421052632,92.3076923076923,0.0,0.0,182,21.2125,17.9565,0.8461538461538461,1.2087912087912087,6938,2019-04-16 08:38:52.767000-04:00,1001.0,Minnesota,No,None
PSAM4NK,7511,6,6,0,0,23,24.186,24.189,0.7391304347826086,1.4782608695652173,581,2019-04-16 08:42:29.799000-04:00,19,5,0,54.7368421052632,92.3076923076923,0.0,0.0,182,21.2125,17.9565,0.8461538461538461,1.2087912087912087,6938,2019-04-16 08:38:52.767000-04:00,1001.0,Minnesota,No,None
PSAM4NK,7512,4,4,0,0,22,16.4625,23.9005,0.7272727272727273,1.4090909090909092,581,2019-04-16 08:42:29.799000-04:00,19,5,0,54.7368421052632,92.3076923076923,0.0,0.0,182,21.2125,17.9565,0.8461538461538461,1.2087912087912087,6938,2019-04-16 08:38:52.767000-04:00,1001.0,Minnesota,No,None
PSAM4NK,7521,4,2,0,0,12,10.951,16.925,0.75,1.6666666666666667,581,2019-04-16 08:42:29.799000-04:00,19,5,0,54.7368421052632,92.3076923076923,0.0,0.0,182,21.2125,17.9565,0.8461538461538461,1.2087912087912087,6938,2019-04-16 08:38:52.767000-04:00,1001.0,Minnesota,No,None
PSAM4NK,7503,5,5,0,0,19,14.599,14.603,0.8947368421052632,1.1052631578947367,581,2019-04-16 08:42:29.799000-04:00,19,5,0,54.7368421052632,92.3076923076923,0.0,0.0,182,21.2125,17.9565,0.8461538461538461,1.2087912087912087,6938,2019-04-16 08:38:52.767000-04:00,1001.0,Minnesota,No,None
PSAM4NK,7504,5,5,0,0,15,10.248,10.25,1.0,1.0,581,2019-04-16 08:42:29.799000-04:00,19,5,0,54.7368421052632,92.3076923076923,0.0,0.0,182,21.2125,17.9565,0.8461538461538461,1.2087912087912087,6938,2019-04-16 08:38:52.767000-04:00,1001.0,Minnesota,No,None
PSAM4NK,7505,4,4,0,0,18,28.8345,31.308,0.7222222222222222,1.277777777777778,581,2019-04-16 08:42:29.799000-04:00,19,5,0,54.7368421052632,92.3076923076923,0.0,0.0,182,21.2125,17.9565,0.8461538461538461,1.2087912087912087,6938,2019-04-16 08:38:52.767000-04:00,1001.0,Minnesota,No,None
PSAM4NK,7506,5,5,0,0,16,26.592,26.596,0.9375,1.0625,581,2019-04-16 08:42:29.799000-04:00,19,5,0,54.7368421052632,92.3076923076923,0.0,0.0,182,21.2125,17.9565,0.8461538461538461,1.2087912087912087,6938,2019-04-16 08:38:52.767000-04:00,1001.0,Minnesota,No,None
PSAM4NK,7507,5,3,0,0,15,19.675,26.452,0.8666666666666667,1.1333333333333333,581,2019-04-16 08:42:29.799000-04:00,19,5,0,54.7368421052632,92.3076923076923,0.0,0.0,182,21.2125,17.9565,0.8461538461538461,1.2087912087912087,6938,2019-04-16 08:38:52.767000-04:00,1001.0,Minnesota,No,None
PSAM4NK,7508,2,2,0,0,11,27.321,40.128,0.5454545454545454,1.6363636363636365,581,2019-04-16 08:42:29.799000-04:00,19,5,0,54.7368421052632,92.3076923076923,0.0,0.0,182,21.2125,17.9565,0.8461538461538461,1.2087912087912087,6938,2019-04-16 08:38:52.767000-04:00,1001.0,Minnesota,No,None
PSAM4NK,7509,4,4,0,0,12,33.866,33.8705,1.0,1.0,581,2019-04-16 08:42:29.799000-04:00,19,5,0,54.7368421052632,92.3076923076923,0.0,0.0,182,21.2125,17.9565,0.8461538461538461,1.2087912087912087,6938,2019-04-16 08:38:52.767000-04:00,1001.0,Minnesota,No,None
PSAM4NK,7473,6,6,0,0,24,14.02,15.0675,0.875,1.1666666666666667,582,2019-04-16 08:42:29.803000-04:00,18,5,0,62.2222222222222,91.0714285714286,0.0,0.0,209,20.511,17.944,0.8277511961722488,1.2535885167464116,6938,2019-04-16 08:38:52.767000-04:00,1001.0,Minnesota,No,None
PSAM4NK,7474,5,5,0,0,17,18.323,18.328,0.8823529411764706,1.1176470588235294,582,2019-04-16 08:42:29.803000-04:00,18,5,0,62.2222222222222,91.0714285714286,0.0,0.0,209,20.511,17.944,0.8277511961722488,1.2535885167464116,6938,2019-04-16 08:38:52.767000-04:00,1001.0,Minnesota,No,None
PSAM4NK,7478,6,6,0,0,21,18.409,18.627,0.9523809523809523,1.0476190476190477,582,2019-04-16 08:42:29.803000-04:00,18,5,0,62.2222222222222,91.0714285714286,0.0,0.0,209,20.511,17.944,0.8277511961722488,1.2535885167464116,6938,2019-04-16 08:38:52.767000-04:00,1001.0,Minnesota,No,None
PSAM4NK,7479,2,2,0,0,7,30.176,30.18,0.8571428571428571,1.0,582,2019-04-16 08:42:29.803000-04:00,18,5,0,62.2222222222222,91.0714285714286,0.0,0.0,209,20.511,17.944,0.8277511961722488,1.2535885167464116,6938,2019-04-16 08:38:52.767000-04:00,1001.0,Minnesota,No,None
PSAM4NK,7447,5,5,0,0,16,23.477,26.4745,0.9375,1.25,582,2019-04-16 08:42:29.803000-04:00,18,5,0,62.2222222222222,91.0714285714286,0.0,0.0,209,20.511,17.944,0.8277511961722488,1.2535885167464116,6938,2019-04-16 08:38:52.767000-04:00,1001.0,Minnesota,No,None
PSAM4NK,7449,6,6,0,0,19,10.711,11.502,0.9473684210526315,1.0526315789473684,582,2019-04-16 08:42:29.803000-04:00,18,5,0,62.2222222222222,91.0714285714286,0.0,0.0,209,20.511,17.944,0.8277511961722488,1.2535885167464116,6938,2019-04-16 08:38:52.767000-04:00,1001.0,Minnesota,No,None
PSAM4NK,7448,4,4,0,0,21,16.092,16.096,0.7142857142857143,1.4285714285714286,582,2019-04-16 08:42:29.803000-04:00,18,5,0,62.2222222222222,91.0714285714286,0.0,0.0,209,20.511,17.944,0.8277511961722488,1.2535885167464116,6938,2019-04-16 08:38:52.767000-04:00,1001.0,Minnesota,No,None
PSAM4NK,7435,6,6,0,0,27,10.781,10.999,0.8148148148148148,1.2592592592592593,582,2019-04-16 08:42:29.803000-04:00,18,5,0,62.2222222222222,91.0714285714286,0.0,0.0,209,20.511,17.944,0.8277511961722488,1.2535885167464116,6938,2019-04-16 08:38:52.767000-04:00,1001.0,Minnesota,No,None
PSAM4NK,7446,5,3,0,0,13,29.124,31.013,0.8461538461538461,1.1538461538461537,582,2019-04-16 08:42:29.803000-04:00,18,5,0,62.2222222222222,91.0714285714286,0.0,0.0,209,20.511,17.944,0.8277511961722488,1.2535885167464116,6938,2019-04-16 08:38:52.767000-04:00,1001.0,Minnesota,No,None
PSAM4NK,7450,5,4,0,0,16,8.9945,9.9825,0.9375,1.0625,582,2019-04-16 08:42:29.803000-04:00,18,5,0,62.2222222222222,91.0714285714286,0.0,0.0,209,20.511,17.944,0.8277511961722488,1.2535885167464116,6938,2019-04-16 08:38:52.767000-04:00,1001.0,Minnesota,No,None
PSAM4NK,7472,4,4,0,0,15,17.265,17.271,0.9333333333333333,1.1333333333333333,582,2019-04-16 08:42:29.803000-04:00,18,5,0,62.2222222222222,91.0714285714286,0.0,0.0,209,20.511,17.944,0.8277511961722488,1.2535885167464116,6938,2019-04-16 08:38:52.767000-04:00,1001.0,Minnesota,No,None
PSAM4NK,7547,5,5,0,0,16,13.408,13.414,0.9375,1.125,583,2019-04-16 08:42:29.807000-04:00,19,4,0,51.3157894736842,92.3076923076923,0.0,0.0,146,16.484,15.5995,0.8356164383561644,1.273972602739726,6938,2019-04-16 08:38:52.767000-04:00,1001.0,Minnesota,No,None
PSAM4NK,7349,4,4,0,0,14,9.769,12.294,0.9285714285714286,1.0714285714285714,583,2019-04-16 08:42:29.807000-04:00,19,4,0,51.3157894736842,92.3076923076923,0.0,0.0,146,16.484,15.5995,0.8356164383561644,1.273972602739726,6938,2019-04-16 08:38:52.767000-04:00,1001.0,Minnesota,No,None
PSAM4NK,7345,3,2,0,0,21,14.096,15.765,0.6666666666666666,1.619047619047619,583,2019-04-16 08:42:29.807000-04:00,19,4,0,51.3157894736842,92.3076923076923,0.0,0.0,146,16.484,15.5995,0.8356164383561644,1.273972602739726,6938,2019-04-16 08:38:52.767000-04:00,1001.0,Minnesota,No,None
PSAM4NK,7333,4,3,0,0,17,18.994,19.867,0.7647058823529411,1.2352941176470589,583,2019-04-16 08:42:29.807000-04:00,19,4,0,51.3157894736842,92.3076923076923,0.0,0.0,146,16.484,15.5995,0.8356164383561644,1.273972602739726,6938,2019-04-16 08:38:52.767000-04:00,1001.0,Minnesota,No,None
PSAM4NK,7332,3,3,0,0,12,18.6135,18.618,0.8333333333333334,1.1666666666666667,583,2019-04-16 08:42:29.807000-04:00,19,4,0,51.3157894736842,92.3076923076923,0.0,0.0,146,16.484,15.5995,0.8356164383561644,1.273972602739726,6938,2019-04-16 08:38:52.767000-04:00,1001.0,Minnesota,No,None
PSAM4NK,7331,4,3,0,0,14,17.6205,17.836,0.7857142857142857,1.2142857142857142,583,2019-04-16 08:42:29.807000-04:00,19,4,0,51.3157894736842,92.3076923076923,0.0,0.0,146,16.484,15.5995,0.8356164383561644,1.273972602739726,6938,2019-04-16 08:38:52.767000-04:00,1001.0,Minnesota,No,None
PSAM4NK,7330,4,4,0,0,12,24.0385,24.042,1.0,1.0,583,2019-04-16 08:42:29.807000-04:00,19,4,0,51.3157894736842,92.3076923076923,0.0,0.0,146,16.484,15.5995,0.8356164383561644,1.273972602739726,6938,2019-04-16 08:38:52.767000-04:00,1001.0,Minnesota,No,None
PSAM4NK,7329,4,4,0,0,14,21.4135,30.299,0.8571428571428571,1.6428571428571428,583,2019-04-16 08:42:29.807000-04:00,19,4,0,51.3157894736842,92.3076923076923,0.0,0.0,146,16.484,15.5995,0.8356164383561644,1.273972602739726,6938,2019-04-16 08:38:52.767000-04:00,1001.0,Minnesota,No,None
PSAM4NK,7328,5,5,0,0,26,12.0375,14.361,0.6538461538461539,1.8461538461538463,583,2019-04-16 08:42:29.807000-04:00,19,4,0,51.3157894736842,92.3076923076923,0.0,0.0,146,16.484,15.5995,0.8356164383561644,1.273972602739726,6938,2019-04-16 08:38:52.767000-04:00,1001.0,Minnesota,No,None
PSAM4NK,7327,4,4,0,0,22,15.376,15.3805,0.8181818181818182,1.3636363636363635,583,2019-04-16 08:42:29.807000-04:00,19,4,0,51.3157894736842,92.3076923076923,0.0,0.0,146,16.484,15.5995,0.8356164383561644,1.273972602739726,6938,2019-04-16 08:38:52.767000-04:00,1001.0,Minnesota,No,None
PSAM4NK,7584,2,1,0,0,4,13.8995,13.9015,0.75,1.25,583,2019-04-16 08:42:29.807000-04:00,19,4,0,51.3157894736842,92.3076923076923,0.0,0.0,146,16.484,15.5995,0.8356164383561644,1.273972602739726,6938,2019-04-16 08:38:52.767000-04:00,1001.0,Minnesota,No,None
PSAM4NK,7853,5,5,0,0,19,10.361,11.414,0.6842105263157895,1.5263157894736843,583,2019-04-16 08:42:29.807000-04:00,19,4,0,51.3157894736842,92.3076923076923,0.0,0.0,146,16.484,15.5995,0.8356164383561644,1.273972602739726,6938,2019-04-16 08:38:52.767000-04:00,1001.0,Minnesota,No,None
PSAM4NK,7976,2,2,0,0,8,29.4375,36.226,0.75,1.25,583,2019-04-16 08:42:29.807000-04:00,19,4,0,51.3157894736842,92.3076923076923,0.0,0.0,146,16.484,15.5995,0.8356164383561644,1.273972602739726,6938,2019-04-16 08:38:52.767000-04:00,1001.0,Minnesota,No,None
PSAM4NK,7323,2,2,0,0,6,9.7865,9.789,1.0,1.0,583,2019-04-16 08:42:29.807000-04:00,19,4,0,51.3157894736842,92.3076923076923,0.0,0.0,146,16.484,15.5995,0.8356164383561644,1.273972602739726,6938,2019-04-16 08:38:52.767000-04:00,1001.0,Minnesota,No,None
PSAM4NK,21353,35,31,87,69,579,34.147,50.07,0.6620689655172414,1.4041450777202074,1703,2019-08-18 15:51:46.509000-04:00,24,20,127,54.375,54.4061302681992,74.1141732283465,79.5927401505091,11808,36.536,27.972,0.5943514121469633,1.3467140921409213,16569,2019-08-18 15:51:07.475000-04:00,889.0,Louisiana,No,None
PSAM4NK,21351,17,11,104,91,635,39.92,47.373,0.6666666666666666,1.2929133858267716,1703,2019-08-18 15:51:46.509000-04:00,24,20,127,54.375,54.4061302681992,74.1141732283465,79.5927401505091,11808,36.536,27.972,0.5943514121469633,1.3467140921409213,16569,2019-08-18 15:51:07.475000-04:00,889.0,Louisiana,No,None
PSAM4NK,21340,16,6,101,84,615,15.026,24.252,0.37122969837587005,1.4195121951219511,1703,2019-08-18 15:51:46.509000-04:00,24,20,127,54.375,54.4061302681992,74.1141732283465,79.5927401505091,11808,36.536,27.972,0.5943514121469633,1.3467140921409213,16569,2019-08-18 15:51:07.475000-04:00,889.0,Louisiana,No,None
PSAM4NK,21344,43,40,120,117,1078,36.1595,44.055,0.6900662251655629,1.2560296846011132,1703,2019-08-18 15:51:46.509000-04:00,24,20,127,54.375,54.4061302681992,74.1141732283465,79.5927401505091,11808,36.536,27.972,0.5943514121469633,1.3467140921409213,16569,2019-08-18 15:51:07.475000-04:00,889.0,Louisiana,No,None
PSAM4NK,21346,45,41,123,122,1055,40.535,47.574,0.7759103641456583,1.4303317535545024,1703,2019-08-18 15:51:46.509000-04:00,24,20,127,54.375,54.4061302681992,74.1141732283465,79.5927401505091,11808,36.536,27.972,0.5943514121469633,1.3467140921409213,16569,2019-08-18 15:51:07.475000-04:00,889.0,Louisiana,No,None
PSAM4NK,21349,14,10,107,91,603,17.045,27.081,0.3902439024390244,1.4328358208955223,1703,2019-08-18 15:51:46.509000-04:00,24,20,127,54.375,54.4061302681992,74.1141732283465,79.5927401505091,11808,36.536,27.972,0.5943514121469633,1.3467140921409213,16569,2019-08-18 15:51:07.475000-04:00,889.0,Louisiana,No,None
PSAM4NK,21350,52,49,118,116,1002,42.1675,50.8095,0.7602836879432624,1.249500998003992,1703,2019-08-18 15:51:46.509000-04:00,24,20,127,54.375,54.4061302681992,74.1141732283465,79.5927401505091,11808,36.536,27.972,0.5943514121469633,1.3467140921409213,16569,2019-08-18 15:51:07.475000-04:00,889.0,Louisiana,No,None
PSAM4NK,18699,9,6,86,60,320,23.9925,33.358,0.5968992248062015,1.28125,1704,2019-08-18 15:51:46.514000-04:00,20,16,127,44.0625,60.2836879432624,70.1181102362205,76.6984839977541,7743,33.34,24.9,0.5284568372803667,1.3492186491024152,16569,2019-08-18 15:51:07.475000-04:00,889.0,Louisiana,No,None
PSAM4NK,18607,9,3,83,58,353,16.02,27.618,0.21323529411764705,1.3994334277620397,1704,2019-08-18 15:51:46.514000-04:00,20,16,127,44.0625,60.2836879432624,70.1181102362205,76.6984839977541,7743,33.34,24.9,0.5284568372803667,1.3492186491024152,16569,2019-08-18 15:51:07.475000-04:00,889.0,Louisiana,No,None
PSAM4NK,18611,28,16,112,85,756,25.1955,34.7965,0.4523809523809524,1.3584656084656086,1704,2019-08-18 15:51:46.514000-04:00,20,16,127,44.0625,60.2836879432624,70.1181102362205,76.6984839977541,7743,33.34,24.9,0.5284568372803667,1.3492186491024152,16569,2019-08-18 15:51:07.475000-04:00,889.0,Louisiana,No,None
PSAM4NK,18613,14,10,112,107,757,15.133,19.093,0.5341365461847389,1.2694848084544255,1704,2019-08-18 15:51:46.514000-04:00,20,16,127,44.0625,60.2836879432624,70.1181102362205,76.6984839977541,7743,33.34,24.9,0.5284568372803667,1.3492186491024152,16569,2019-08-18 15:51:07.475000-04:00,889.0,Louisiana,No,None
PSAM4NK,18695,12,9,106,84,547,25.572,34.283,0.6781002638522428,1.2321755027422303,1704,2019-08-18 15:51:46.514000-04:00,20,16,127,44.0625,60.2836879432624,70.1181102362205,76.6984839977541,7743,33.34,24.9,0.5284568372803667,1.3492186491024152,16569,2019-08-18 15:51:07.475000-04:00,889.0,Louisiana,No,None
PSAM4NK,22957,9,4,87,60,280,30.395,51.785,0.4117647058823529,1.6535714285714287,1704,2019-08-18 15:51:46.514000-04:00,20,16,127,44.0625,60.2836879432624,70.1181102362205,76.6984839977541,7743,33.34,24.9,0.5284568372803667,1.3492186491024152,16569,2019-08-18 15:51:07.475000-04:00,889.0,Louisiana,No,None
PSAM4NK,17384,10,10,111,98,761,31.444,34.407,0.8191268191268192,1.1629434954007885,1705,2019-08-18 15:51:46.517000-04:00,23,17,127,50.6393861892583,62.6262626262626,82.3348168435467,81.995841995842,13134,34.294,26.3235,0.5671487603305785,1.365996649916248,16569,2019-08-18 15:51:07.475000-04:00,889.0,Louisiana,No,None
PSAM4NK,17382,13,6,100,95,694,18.116,26.721,0.43412526997840173,1.5720461095100866,1705,2019-08-18 15:51:46.517000-04:00,23,17,127,50.6393861892583,62.6262626262626,82.3348168435467,81.995841995842,13134,34.294,26.3235,0.5671487603305785,1.365996649916248,16569,2019-08-18 15:51:07.475000-04:00,889.0,Louisiana,No,None
PSAM4NK,17369,15,6,115,89,681,20.695,31.613,0.4319148936170213,1.566813509544787,1705,2019-08-18 15:51:46.517000-04:00,23,17,127,50.6393861892583,62.6262626262626,82.3348168435467,81.995841995842,13134,34.294,26.3235,0.5671487603305785,1.365996649916248,16569,2019-08-18 15:51:07.475000-04:00,889.0,Louisiana,No,None
PSAM4NK,55690,10,10,0,0,58,53.271,80.9315,0.631578947368421,1.5689655172413792,4129,2019-09-30 08:04:45.752000-04:00,19,19,0,42.1052631578947,69.7368421052632,0.0,0.0,737,80.446,62.582,0.6177285318559557,1.5563093622795114,54763,2019-09-29 19:18:42.955000-04:00,1992.0,Rhode Island,No,None
PSAM4NK,85494,2,2,0,0,9,30.212,45.876,0.7777777777777778,1.5555555555555556,4129,2019-09-30 08:04:45.752000-04:00,19,19,0,42.1052631578947,69.7368421052632,0.0,0.0,737,80.446,62.582,0.6177285318559557,1.5563093622795114,54763,2019-09-29 19:18:42.955000-04:00,1992.0,Rhode Island,No,None
PSAM4NK,78121,10,2,0,0,18,74.712,161.909,0.6666666666666666,1.777777777777778,4129,2019-09-30 08:04:45.752000-04:00,19,19,0,42.1052631578947,69.7368421052632,0.0,0.0,737,80.446,62.582,0.6177285318559557,1.5563093622795114,54763,2019-09-29 19:18:42.955000-04:00,1992.0,Rhode Island,No,None
PSAM4NK,55734,8,4,0,0,33,72.325,95.708,0.4375,1.6666666666666667,4129,2019-09-30 08:04:45.752000-04:00,19,19,0,42.1052631578947,69.7368421052632,0.0,0.0,737,80.446,62.582,0.6177285318559557,1.5563093622795114,54763,2019-09-29 19:18:42.955000-04:00,1992.0,Rhode Island,No,None
PSAM4NK,55692,9,8,0,0,51,63.977,80.446,0.66,1.4509803921568627,4129,2019-09-30 08:04:45.752000-04:00,19,19,0,42.1052631578947,69.7368421052632,0.0,0.0,737,80.446,62.582,0.6177285318559557,1.5563093622795114,54763,2019-09-29 19:18:42.955000-04:00,1992.0,Rhode Island,No,None
PSAM4NK,55693,14,12,0,0,71,34.705,70.158,0.5714285714285714,2.0422535211267605,4129,2019-09-30 08:04:45.752000-04:00,19,19,0,42.1052631578947,69.7368421052632,0.0,0.0,737,80.446,62.582,0.6177285318559557,1.5563093622795114,54763,2019-09-29 19:18:42.955000-04:00,1992.0,Rhode Island,No,None
PSAM4NK,55726,11,6,0,0,39,84.793,84.797,0.631578947368421,1.3333333333333333,4129,2019-09-30 08:04:45.752000-04:00,19,19,0,42.1052631578947,69.7368421052632,0.0,0.0,737,80.446,62.582,0.6177285318559557,1.5563093622795114,54763,2019-09-29 19:18:42.955000-04:00,1992.0,Rhode Island,No,None
PSAM4NK,55727,9,6,0,0,45,72.613,96.225,0.6363636363636364,1.3555555555555556,4129,2019-09-30 08:04:45.752000-04:00,19,19,0,42.1052631578947,69.7368421052632,0.0,0.0,737,80.446,62.582,0.6177285318559557,1.5563093622795114,54763,2019-09-29 19:18:42.955000-04:00,1992.0,Rhode Island,No,None
PSAM4NK,55728,12,8,0,0,74,50.305,76.9055,0.589041095890411,1.3918918918918919,4129,2019-09-30 08:04:45.752000-04:00,19,19,0,42.1052631578947,69.7368421052632,0.0,0.0,737,80.446,62.582,0.6177285318559557,1.5563093622795114,54763,2019-09-29 19:18:42.955000-04:00,1992.0,Rhode Island,No,None
PSAM4NK,55729,12,7,0,0,51,52.707,60.598,0.66,1.392156862745098,4129,2019-09-30 08:04:45.752000-04:00,19,19,0,42.1052631578947,69.7368421052632,0.0,0.0,737,80.446,62.582,0.6177285318559557,1.5563093622795114,54763,2019-09-29 19:18:42.955000-04:00,1992.0,Rhode Island,No,None
PSAM4NK,55730,13,10,0,0,46,61.9745,61.9775,0.6666666666666666,1.5869565217391304,4129,2019-09-30 08:04:45.752000-04:00,19,19,0,42.1052631578947,69.7368421052632,0.0,0.0,737,80.446,62.582,0.6177285318559557,1.5563093622795114,54763,2019-09-29 19:18:42.955000-04:00,1992.0,Rhode Island,No,None
PSAM4NK,55732,12,11,0,0,78,49.235,66.616,0.5844155844155844,1.8974358974358974,4129,2019-09-30 08:04:45.752000-04:00,19,19,0,42.1052631578947,69.7368421052632,0.0,0.0,737,80.446,62.582,0.6177285318559557,1.5563093622795114,54763,2019-09-29 19:18:42.955000-04:00,1992.0,Rhode Island,No,None
PSAM4NK,55733,16,15,0,0,72,62.064,69.1155,0.7464788732394366,1.2638888888888888,4129,2019-09-30 08:04:45.752000-04:00,19,19,0,42.1052631578947,69.7368421052632,0.0,0.0,737,80.446,62.582,0.6177285318559557,1.5563093622795114,54763,2019-09-29 19:18:42.955000-04:00,1992.0,Rhode Island,No,None
PSAM4NK,55687,9,7,0,0,44,46.1085,46.2405,0.6511627906976745,1.5,4129,2019-09-30 08:04:45.752000-04:00,19,19,0,42.1052631578947,69.7368421052632,0.0,0.0,737,80.446,62.582,0.6177285318559557,1.5563093622795114,54763,2019-09-29 19:18:42.955000-04:00,1992.0,Rhode Island,No,None
PSAM4NK,55688,17,7,0,0,64,74.607,83.6495,0.5714285714285714,1.5625,4129,2019-09-30 08:04:45.752000-04:00,19,19,0,42.1052631578947,69.7368421052632,0.0,0.0,737,80.446,62.582,0.6177285318559557,1.5563093622795114,54763,2019-09-29 19:18:42.955000-04:00,1992.0,Rhode Island,No,None
PSAM4NK,55689,17,9,0,0,66,54.5445,64.6955,0.6307692307692307,1.5,4129,2019-09-30 08:04:45.752000-04:00,19,19,0,42.1052631578947,69.7368421052632,0.0,0.0,737,80.446,62.582,0.6177285318559557,1.5563093622795114,54763,2019-09-29 19:18:42.955000-04:00,1992.0,Rhode Island,No,None
PSAM4NK,54788,8,8,0,0,76,46.5515,83.0765,0.48,2.013157894736842,4130,2019-09-30 08:04:45.756000-04:00,11,20,0,38.6363636363636,89.4117647058824,0.0,0.0,528,91.282,59.651,0.5714285714285714,1.7253787878787878,54763,2019-09-29 19:18:42.955000-04:00,1992.0,Rhode Island,No,None
PSAM4NK,54789,18,17,0,0,77,42.636,51.784,0.7631578947368421,1.2077922077922079,4130,2019-09-30 08:04:45.756000-04:00,11,20,0,38.6363636363636,89.4117647058824,0.0,0.0,528,91.282,59.651,0.5714285714285714,1.7253787878787878,54763,2019-09-29 19:18:42.955000-04:00,1992.0,Rhode Island,No,None
PSAM4NK,54790,16,16,0,0,111,72.108,89.149,0.6454545454545455,1.3423423423423424,4130,2019-09-30 08:04:45.756000-04:00,11,20,0,38.6363636363636,89.4117647058824,0.0,0.0,528,91.282,59.651,0.5714285714285714,1.7253787878787878,54763,2019-09-29 19:18:42.955000-04:00,1992.0,Rhode Island,No,None
PSAM4NK,54837,11,9,0,0,72,35.8975,41.595,0.5352112676056338,1.8888888888888888,4130,2019-09-30 08:04:45.756000-04:00,11,20,0,38.6363636363636,89.4117647058824,0.0,0.0,528,91.282,59.651,0.5714285714285714,1.7253787878787878,54763,2019-09-29 19:18:42.955000-04:00,1992.0,Rhode Island,No,None
PSAM4NK,54838,12,11,0,0,67,66.81,86.106,0.6212121212121212,1.8059701492537312,4130,2019-09-30 08:04:45.756000-04:00,11,20,0,38.6363636363636,89.4117647058824,0.0,0.0,528,91.282,59.651,0.5714285714285714,1.7253787878787878,54763,2019-09-29 19:18:42.955000-04:00,1992.0,Rhode Island,No,None
PSAM4NK,54839,9,8,0,0,72,77.934,109.0665,0.5633802816901409,1.7361111111111112,4130,2019-09-30 08:04:45.756000-04:00,11,20,0,38.6363636363636,89.4117647058824,0.0,0.0,528,91.282,59.651,0.5714285714285714,1.7253787878787878,54763,2019-09-29 19:18:42.955000-04:00,1992.0,Rhode Island,No,None
PSAM4NK,54840,13,13,0,0,73,102.033,152.825,0.6527777777777778,1.534246575342466,4130,2019-09-30 08:04:45.756000-04:00,11,20,0,38.6363636363636,89.4117647058824,0.0,0.0,528,91.282,59.651,0.5714285714285714,1.7253787878787878,54763,2019-09-29 19:18:42.955000-04:00,1992.0,Rhode Island,No,None
PSAM4NK,54841,14,12,0,0,78,58.209,77.2655,0.5454545454545454,1.9230769230769231,4130,2019-09-30 08:04:45.756000-04:00,11,20,0,38.6363636363636,89.4117647058824,0.0,0.0,528,91.282,59.651,0.5714285714285714,1.7253787878787878,54763,2019-09-29 19:18:42.955000-04:00,1992.0,Rhode Island,No,None
PSAM4NK,54842,12,12,0,0,78,69.853,94.436,0.5844155844155844,2.0,4130,2019-09-30 08:04:45.756000-04:00,11,20,0,38.6363636363636,89.4117647058824,0.0,0.0,528,91.282,59.651,0.5714285714285714,1.7253787878787878,54763,2019-09-29 19:18:42.955000-04:00,1992.0,Rhode Island,No,None
PSAM4NK,59294,9,4,0,0,23,138.601,148.833,0.5454545454545454,1.3478260869565217,4130,2019-09-30 08:04:45.756000-04:00,11,20,0,38.6363636363636,89.4117647058824,0.0,0.0,528,91.282,59.651,0.5714285714285714,1.7253787878787878,54763,2019-09-29 19:18:42.955000-04:00,1992.0,Rhode Island,No,None
PSAM4NK,79710,5,4,8,7,90,46.2465,50.6265,0.7241379310344828,1.5555555555555556,5792,2019-11-14 14:01:03.082000-05:00,45,7,8,53.6507936507937,77.5147928994083,84.7222222222222,90.8196721311475,3461,60.796,52.018,0.6695652173913044,1.6515457960127131,10088,2019-06-19 13:16:14.166000-04:00,955.0,Massachusetts,Yes,None
PSAM4NK,62424,4,4,7,7,89,53.925,68.739,0.6976744186046512,1.6741573033707866,5792,2019-11-14 14:01:03.082000-05:00,45,7,8,53.6507936507937,77.5147928994083,84.7222222222222,90.8196721311475,3461,60.796,52.018,0.6695652173913044,1.6515457960127131,10088,2019-06-19 13:16:14.166000-04:00,955.0,Massachusetts,Yes,None
PSAM4NK,64046,3,1,8,6,66,56.3525,69.2885,0.6031746031746031,1.9545454545454546,5792,2019-11-14 14:01:03.082000-05:00,45,7,8,53.6507936507937,77.5147928994083,84.7222222222222,90.8196721311475,3461,60.796,52.018,0.6695652173913044,1.6515457960127131,10088,2019-06-19 13:16:14.166000-04:00,955.0,Massachusetts,Yes,None
PSAM4NK,79702,5,5,8,8,99,56.731,57.358,0.7916666666666666,1.2121212121212122,5792,2019-11-14 14:01:03.082000-05:00,45,7,8,53.6507936507937,77.5147928994083,84.7222222222222,90.8196721311475,3461,60.796,52.018,0.6695652173913044,1.6515457960127131,10088,2019-06-19 13:16:14.166000-04:00,955.0,Massachusetts,Yes,None
PSAM4NK,79703,3,3,7,7,72,54.8255,60.0265,0.7681159420289855,1.2361111111111112,5792,2019-11-14 14:01:03.082000-05:00,45,7,8,53.6507936507937,77.5147928994083,84.7222222222222,90.8196721311475,3461,60.796,52.018,0.6695652173913044,1.6515457960127131,10088,2019-06-19 13:16:14.166000-04:00,955.0,Massachusetts,Yes,None
PSAM4NK,79704,5,5,8,8,104,57.6005,85.28,0.6435643564356436,1.75,5792,2019-11-14 14:01:03.082000-05:00,45,7,8,53.6507936507937,77.5147928994083,84.7222222222222,90.8196721311475,3461,60.796,52.018,0.6695652173913044,1.6515457960127131,10088,2019-06-19 13:16:14.166000-04:00,955.0,Massachusetts,Yes,None
PSAM4NK,79705,5,5,7,7,91,51.976,65.6,0.6818181818181818,1.5714285714285714,5792,2019-11-14 14:01:03.082000-05:00,45,7,8,53.6507936507937,77.5147928994083,84.7222222222222,90.8196721311475,3461,60.796,52.018,0.6695652173913044,1.6515457960127131,10088,2019-06-19 13:16:14.166000-04:00,955.0,Massachusetts,Yes,None
PSAM4NK,79706,4,3,7,5,69,79.828,89.076,0.5606060606060606,1.7971014492753623,5792,2019-11-14 14:01:03.082000-05:00,45,7,8,53.6507936507937,77.5147928994083,84.7222222222222,90.8196721311475,3461,60.796,52.018,0.6695652173913044,1.6515457960127131,10088,2019-06-19 13:16:14.166000-04:00,955.0,Massachusetts,Yes,None
PSAM4NK,79707,5,4,7,7,80,40.3705,42.458,0.8831168831168831,1.3,5792,2019-11-14 14:01:03.082000-05:00,45,7,8,53.6507936507937,77.5147928994083,84.7222222222222,90.8196721311475,3461,60.796,52.018,0.6695652173913044,1.6515457960127131,10088,2019-06-19 13:16:14.166000-04:00,955.0,Massachusetts,Yes,None
PSAM4NK,79708,5,5,7,7,80,25.196,28.906,0.8961038961038961,1.1875,5792,2019-11-14 14:01:03.082000-05:00,45,7,8,53.6507936507937,77.5147928994083,84.7222222222222,90.8196721311475,3461,60.796,52.018,0.6695652173913044,1.6515457960127131,10088,2019-06-19 13:16:14.166000-04:00,955.0,Massachusetts,Yes,None
PSAM4NK,79709,4,2,6,5,47,69.97,89.065,0.6444444444444445,1.5957446808510638,5792,2019-11-14 14:01:03.082000-05:00,45,7,8,53.6507936507937,77.5147928994083,84.7222222222222,90.8196721311475,3461,60.796,52.018,0.6695652173913044,1.6515457960127131,10088,2019-06-19 13:16:14.166000-04:00,955.0,Massachusetts,Yes,None
PSAM4NK,79711,3,2,7,6,74,37.2785,39.632,0.647887323943662,1.6486486486486487,5792,2019-11-14 14:01:03.082000-05:00,45,7,8,53.6507936507937,77.5147928994083,84.7222222222222,90.8196721311475,3461,60.796,52.018,0.6695652173913044,1.6515457960127131,10088,2019-06-19 13:16:14.166000-04:00,955.0,Massachusetts,Yes,None
PSAM4NK,79712,5,4,8,8,105,53.214,66.256,0.4117647058823529,1.8952380952380952,5792,2019-11-14 14:01:03.082000-05:00,45,7,8,53.6507936507937,77.5147928994083,84.7222222222222,90.8196721311475,3461,60.796,52.018,0.6695652173913044,1.6515457960127131,10088,2019-06-19 13:16:14.166000-04:00,955.0,Massachusetts,Yes,None
PSAM4NK,79713,4,2,8,7,84,53.2105,71.3775,0.6296296296296297,1.9523809523809523,5792,2019-11-14 14:01:03.082000-05:00,45,7,8,53.6507936507937,77.5147928994083,84.7222222222222,90.8196721311475,3461,60.796,52.018,0.6695652173913044,1.6515457960127131,10088,2019-06-19 13:16:14.166000-04:00,955.0,Massachusetts,Yes,None
PSAM4NK,79714,4,3,8,6,78,38.3855,48.4015,0.64,1.6666666666666667,5792,2019-11-14 14:01:03.082000-05:00,45,7,8,53.6507936507937,77.5147928994083,84.7222222222222,90.8196721311475,3461,60.796,52.018,0.6695652173913044,1.6515457960127131,10088,2019-06-19 13:16:14.166000-04:00,955.0,Massachusetts,Yes,None
PSAM4NK,79715,5,5,8,8,87,38.871,42.316,0.8333333333333334,1.264367816091954,5792,2019-11-14 14:01:03.082000-05:00,45,7,8,53.6507936507937,77.5147928994083,84.7222222222222,90.8196721311475,3461,60.796,52.018,0.6695652173913044,1.6515457960127131,10088,2019-06-19 13:16:14.166000-04:00,955.0,Massachusetts,Yes,None
PSAM4NK,79717,5,5,8,8,90,53.9505,61.3655,0.6896551724137931,1.6666666666666667,5792,2019-11-14 14:01:03.082000-05:00,45,7,8,53.6507936507937,77.5147928994083,84.7222222222222,90.8196721311475,3461,60.796,52.018,0.6695652173913044,1.6515457960127131,10088,2019-06-19 13:16:14.166000-04:00,955.0,Massachusetts,Yes,None
PSAM4NK,79771,4,4,8,8,112,45.185,52.9675,0.5963302752293578,2.1875,5792,2019-11-14 14:01:03.082000-05:00,45,7,8,53.6507936507937,77.5147928994083,84.7222222222222,90.8196721311475,3461,60.796,52.018,0.6695652173913044,1.6515457960127131,10088,2019-06-19 13:16:14.166000-04:00,955.0,Massachusetts,Yes,None
PSAM4NK,79772,5,2,8,8,101,39.878,64.386,0.5204081632653061,1.99009900990099,5792,2019-11-14 14:01:03.082000-05:00,45,7,8,53.6507936507937,77.5147928994083,84.7222222222222,90.8196721311475,3461,60.796,52.018,0.6695652173913044,1.6515457960127131,10088,2019-06-19 13:16:14.166000-04:00,955.0,Massachusetts,Yes,None
PSAM4NK,79773,5,5,8,8,93,61.413,68.082,0.7555555555555555,1.4301075268817205,5792,2019-11-14 14:01:03.082000-05:00,45,7,8,53.6507936507937,77.5147928994083,84.7222222222222,90.8196721311475,3461,60.796,52.018,0.6695652173913044,1.6515457960127131,10088,2019-06-19 13:16:14.166000-04:00,955.0,Massachusetts,Yes,None
PSAM4NK,79774,4,4,6,6,77,36.592,39.332,0.5844155844155844,1.7662337662337662,5792,2019-11-14 14:01:03.082000-05:00,45,7,8,53.6507936507937,77.5147928994083,84.7222222222222,90.8196721311475,3461,60.796,52.018,0.6695652173913044,1.6515457960127131,10088,2019-06-19 13:16:14.166000-04:00,955.0,Massachusetts,Yes,None
PSAM4NK,79775,2,1,7,6,60,26.549,33.17,0.5087719298245614,1.85,5792,2019-11-14 14:01:03.082000-05:00,45,7,8,53.6507936507937,77.5147928994083,84.7222222222222,90.8196721311475,3461,60.796,52.018,0.6695652173913044,1.6515457960127131,10088,2019-06-19 13:16:14.166000-04:00,955.0,Massachusetts,Yes,None
PSAM4NK,79776,3,3,7,7,82,88.561,106.7245,0.7468354430379747,1.7195121951219512,5792,2019-11-14 14:01:03.082000-05:00,45,7,8,53.6507936507937,77.5147928994083,84.7222222222222,90.8196721311475,3461,60.796,52.018,0.6695652173913044,1.6515457960127131,10088,2019-06-19 13:16:14.166000-04:00,955.0,Massachusetts,Yes,None
PSAM4NK,79777,5,5,7,7,84,51.1785,51.186,0.7777777777777778,1.3571428571428572,5792,2019-11-14 14:01:03.082000-05:00,45,7,8,53.6507936507937,77.5147928994083,84.7222222222222,90.8196721311475,3461,60.796,52.018,0.6695652173913044,1.6515457960127131,10088,2019-06-19 13:16:14.166000-04:00,955.0,Massachusetts,Yes,None
PSAM4NK,79778,5,5,8,6,89,60.048,62.167,0.7674418604651163,1.5280898876404494,5792,2019-11-14 14:01:03.082000-05:00,45,7,8,53.6507936507937,77.5147928994083,84.7222222222222,90.8196721311475,3461,60.796,52.018,0.6695652173913044,1.6515457960127131,10088,2019-06-19 13:16:14.166000-04:00,955.0,Massachusetts,Yes,None
PSAM4NK,79779,4,4,7,7,88,52.8785,56.1365,0.7529411764705882,1.25,5792,2019-11-14 14:01:03.082000-05:00,45,7,8,53.6507936507937,77.5147928994083,84.7222222222222,90.8196721311475,3461,60.796,52.018,0.6695652173913044,1.6515457960127131,10088,2019-06-19 13:16:14.166000-04:00,955.0,Massachusetts,Yes,None
PSAM4NK,79780,4,3,7,7,81,58.616,64.253,0.7564102564102564,1.4074074074074074,5792,2019-11-14 14:01:03.082000-05:00,45,7,8,53.6507936507937,77.5147928994083,84.7222222222222,90.8196721311475,3461,60.796,52.018,0.6695652173913044,1.6515457960127131,10088,2019-06-19 13:16:14.166000-04:00,955.0,Massachusetts,Yes,None
PSAM4NK,79781,5,3,8,7,79,62.077,70.06,0.7368421052631579,1.4050632911392404,5792,2019-11-14 14:01:03.082000-05:00,45,7,8,53.6507936507937,77.5147928994083,84.7222222222222,90.8196721311475,3461,60.796,52.018,0.6695652173913044,1.6515457960127131,10088,2019-06-19 13:16:14.166000-04:00,955.0,Massachusetts,Yes,None
PSAM4NK,79782,4,0,8,5,64,34.5205,42.021,0.6229508196721312,1.859375,5792,2019-11-14 14:01:03.082000-05:00,45,7,8,53.6507936507937,77.5147928994083,84.7222222222222,90.8196721311475,3461,60.796,52.018,0.6695652173913044,1.6515457960127131,10088,2019-06-19 13:16:14.166000-04:00,955.0,Massachusetts,Yes,None
PSAM4NK,79783,3,3,7,7,74,47.9,56.939,0.7183098591549296,1.9189189189189189,5792,2019-11-14 14:01:03.082000-05:00,45,7,8,53.6507936507937,77.5147928994083,84.7222222222222,90.8196721311475,3461,60.796,52.018,0.6695652173913044,1.6515457960127131,10088,2019-06-19 13:16:14.166000-04:00,955.0,Massachusetts,Yes,None
PSAM4NK,79784,4,4,7,7,79,61.881,63.45,0.8421052631578947,1.2278481012658229,5792,2019-11-14 14:01:03.082000-05:00,45,7,8,53.6507936507937,77.5147928994083,84.7222222222222,90.8196721311475,3461,60.796,52.018,0.6695652173913044,1.6515457960127131,10088,2019-06-19 13:16:14.166000-04:00,955.0,Massachusetts,Yes,None
PSAM4NK,79785,4,3,7,7,87,79.52,86.168,0.7142857142857143,1.5632183908045978,5792,2019-11-14 14:01:03.082000-05:00,45,7,8,53.6507936507937,77.5147928994083,84.7222222222222,90.8196721311475,3461,60.796,52.018,0.6695652173913044,1.6515457960127131,10088,2019-06-19 13:16:14.166000-04:00,955.0,Massachusetts,Yes,None
PSAM4NK,79786,4,4,8,8,117,59.45,79.872,0.543859649122807,1.8461538461538463,5792,2019-11-14 14:01:03.082000-05:00,45,7,8,53.6507936507937,77.5147928994083,84.7222222222222,90.8196721311475,3461,60.796,52.018,0.6695652173913044,1.6515457960127131,10088,2019-06-19 13:16:14.166000-04:00,955.0,Massachusetts,Yes,None
PSAM4NK,79788,4,4,8,8,79,51.125,52.451,0.8947368421052632,1.1518987341772151,5792,2019-11-14 14:01:03.082000-05:00,45,7,8,53.6507936507937,77.5147928994083,84.7222222222222,90.8196721311475,3461,60.796,52.018,0.6695652173913044,1.6515457960127131,10088,2019-06-19 13:16:14.166000-04:00,955.0,Massachusetts,Yes,None
PSAM4NK,79789,5,4,8,8,93,53.903,59.18,0.7333333333333333,1.3655913978494625,5792,2019-11-14 14:01:03.082000-05:00,45,7,8,53.6507936507937,77.5147928994083,84.7222222222222,90.8196721311475,3461,60.796,52.018,0.6695652173913044,1.6515457960127131,10088,2019-06-19 13:16:14.166000-04:00,955.0,Massachusetts,Yes,None
PSAM4NK,79790,4,2,6,6,87,80.002,133.863,0.40476190476190477,2.6436781609195403,5792,2019-11-14 14:01:03.082000-05:00,45,7,8,53.6507936507937,77.5147928994083,84.7222222222222,90.8196721311475,3461,60.796,52.018,0.6695652173913044,1.6515457960127131,10088,2019-06-19 13:16:14.166000-04:00,955.0,Massachusetts,Yes,None
PSAM4NK,80322,4,3,7,6,77,47.367,57.059,0.6756756756756757,1.5194805194805194,5792,2019-11-14 14:01:03.082000-05:00,45,7,8,53.6507936507937,77.5147928994083,84.7222222222222,90.8196721311475,3461,60.796,52.018,0.6695652173913044,1.6515457960127131,10088,2019-06-19 13:16:14.166000-04:00,955.0,Massachusetts,Yes,None
PSAM4NK,102683,2,1,2,2,40,27.6395,55.6025,0.325,2.575,5792,2019-11-14 14:01:03.082000-05:00,45,7,8,53.6507936507937,77.5147928994083,84.7222222222222,90.8196721311475,3461,60.796,52.018,0.6695652173913044,1.6515457960127131,10088,2019-06-19 13:16:14.166000-04:00,955.0,Massachusetts,Yes,None
PSAM4NK,79465,6,6,8,8,96,39.2765,40.819,0.7741935483870968,1.375,5792,2019-11-14 14:01:03.082000-05:00,45,7,8,53.6507936507937,77.5147928994083,84.7222222222222,90.8196721311475,3461,60.796,52.018,0.6695652173913044,1.6515457960127131,10088,2019-06-19 13:16:14.166000-04:00,955.0,Massachusetts,Yes,None
PSAM4NK,79699,5,5,8,7,88,49.551,50.4785,0.6941176470588235,1.7272727272727273,5792,2019-11-14 14:01:03.082000-05:00,45,7,8,53.6507936507937,77.5147928994083,84.7222222222222,90.8196721311475,3461,60.796,52.018,0.6695652173913044,1.6515457960127131,10088,2019-06-19 13:16:14.166000-04:00,955.0,Massachusetts,Yes,None
PSAM4NK,79700,3,2,7,6,62,63.659,69.002,0.864406779661017,1.3387096774193548,5792,2019-11-14 14:01:03.082000-05:00,45,7,8,53.6507936507937,77.5147928994083,84.7222222222222,90.8196721311475,3461,60.796,52.018,0.6695652173913044,1.6515457960127131,10088,2019-06-19 13:16:14.166000-04:00,955.0,Massachusetts,Yes,None
PSAM4NK,79701,4,4,7,7,82,58.038,64.3665,0.7721518987341772,1.524390243902439,5792,2019-11-14 14:01:03.082000-05:00,45,7,8,53.6507936507937,77.5147928994083,84.7222222222222,90.8196721311475,3461,60.796,52.018,0.6695652173913044,1.6515457960127131,10088,2019-06-19 13:16:14.166000-04:00,955.0,Massachusetts,Yes,None
PSAM4NK,109249,1,1,0,0,6,54.473,54.4795,0.8333333333333334,1.3333333333333333,7929,2020-03-03 14:08:14.943000-05:00,74,4,0,18.9189189189189,67.8571428571429,0.0,0.0,207,45.91,41.423,0.7342995169082126,1.4202898550724639,102073,2020-02-04 13:36:58.530000-05:00,955.0,Massachusetts,Yes,None
PSAM4NK,109240,1,1,0,0,3,52.673,52.684,1.0,1.0,7929,2020-03-03 14:08:14.943000-05:00,74,4,0,18.9189189189189,67.8571428571429,0.0,0.0,207,45.91,41.423,0.7342995169082126,1.4202898550724639,102073,2020-02-04 13:36:58.530000-05:00,955.0,Massachusetts,Yes,None
PSAM4NK,155589,4,3,0,0,18,22.99,27.5935,0.7222222222222222,1.6111111111111112,12458,2020-03-25 08:54:30.947000-04:00,52,22,0,42.9195804195804,83.2993890020367,0.0,0.0,2196,50.508,38.731,0.7012750455373407,1.4061930783242258,115397,2020-03-15 09:49:35.140000-04:00,1375.0,North Carolina,No,None
PSAM4NK,154786,9,4,0,0,33,17.648,23.345,0.6060606060606061,1.6060606060606062,12458,2020-03-25 08:54:30.947000-04:00,52,22,0,42.9195804195804,83.2993890020367,0.0,0.0,2196,50.508,38.731,0.7012750455373407,1.4061930783242258,115397,2020-03-15 09:49:35.140000-04:00,1375.0,North Carolina,No,None
PSAM4NK,154452,22,20,0,0,88,59.782,73.2135,0.7613636363636364,1.3863636363636365,12458,2020-03-25 08:54:30.947000-04:00,52,22,0,42.9195804195804,83.2993890020367,0.0,0.0,2196,50.508,38.731,0.7012750455373407,1.4061930783242258,115397,2020-03-15 09:49:35.140000-04:00,1375.0,North Carolina,No,None
PSAM4NK,147547,23,23,0,0,85,68.871,70.692,0.9058823529411765,1.0941176470588234,12458,2020-03-25 08:54:30.947000-04:00,52,22,0,42.9195804195804,83.2993890020367,0.0,0.0,2196,50.508,38.731,0.7012750455373407,1.4061930783242258,115397,2020-03-15 09:49:35.140000-04:00,1375.0,North Carolina,No,None
PSAM4NK,148918,7,7,0,0,44,28.8985,73.1135,0.6136363636363636,1.4090909090909092,12458,2020-03-25 08:54:30.947000-04:00,52,22,0,42.9195804195804,83.2993890020367,0.0,0.0,2196,50.508,38.731,0.7012750455373407,1.4061930783242258,115397,2020-03-15 09:49:35.140000-04:00,1375.0,North Carolina,No,None
PSAM4NK,154254,17,14,0,0,93,34.031,47.69,0.5376344086021505,1.6236559139784945,12458,2020-03-25 08:54:30.947000-04:00,52,22,0,42.9195804195804,83.2993890020367,0.0,0.0,2196,50.508,38.731,0.7012750455373407,1.4061930783242258,115397,2020-03-15 09:49:35.140000-04:00,1375.0,North Carolina,No,None
PSAM4NK,189598,6,6,0,0,29,34.153,48.614,0.6896551724137931,1.3448275862068966,12458,2020-03-25 08:54:30.947000-04:00,52,22,0,42.9195804195804,83.2993890020367,0.0,0.0,2196,50.508,38.731,0.7012750455373407,1.4061930783242258,115397,2020-03-15 09:49:35.140000-04:00,1375.0,North Carolina,No,None
PSAM4NK,189566,1,1,3,3,58,20.105,30.2485,0.34782608695652173,1.3620689655172413,12458,2020-03-25 08:54:30.947000-04:00,52,22,0,42.9195804195804,83.2993890020367,0.0,0.0,2196,50.508,38.731,0.7012750455373407,1.4061930783242258,115397,2020-03-15 09:49:35.140000-04:00,1375.0,North Carolina,No,None
PSAM4NK,172372,5,4,0,0,13,13.87,14.477,0.9230769230769231,1.0769230769230769,12458,2020-03-25 08:54:30.947000-04:00,52,22,0,42.9195804195804,83.2993890020367,0.0,0.0,2196,50.508,38.731,0.7012750455373407,1.4061930783242258,115397,2020-03-15 09:49:35.140000-04:00,1375.0,North Carolina,No,None
PSAM4NK,229061,0,0,0,0,0,,,,,12458,2020-03-25 08:54:30.947000-04:00,52,22,0,42.9195804195804,83.2993890020367,0.0,0.0,2196,50.508,38.731,0.7012750455373407,1.4061930783242258,115397,2020-03-15 09:49:35.140000-04:00,1375.0,North Carolina,No,None
PSAM4NK,167721,1,1,8,8,69,23.049,33.026,0.5,1.3768115942028987,12458,2020-03-25 08:54:30.947000-04:00,52,22,0,42.9195804195804,83.2993890020367,0.0,0.0,2196,50.508,38.731,0.7012750455373407,1.4061930783242258,115397,2020-03-15 09:49:35.140000-04:00,1375.0,North Carolina,No,None
PSAM4NK,166599,11,5,0,0,26,47.9185,48.5685,0.8846153846153846,1.1538461538461537,12458,2020-03-25 08:54:30.947000-04:00,52,22,0,42.9195804195804,83.2993890020367,0.0,0.0,2196,50.508,38.731,0.7012750455373407,1.4061930783242258,115397,2020-03-15 09:49:35.140000-04:00,1375.0,North Carolina,No,None
PSAM4NK,163242,14,12,0,0,56,53.609,60.3895,0.7857142857142857,1.3214285714285714,12458,2020-03-25 08:54:30.947000-04:00,52,22,0,42.9195804195804,83.2993890020367,0.0,0.0,2196,50.508,38.731,0.7012750455373407,1.4061930783242258,115397,2020-03-15 09:49:35.140000-04:00,1375.0,North Carolina,No,None
PSAM4NK,149635,6,3,0,0,20,63.364,68.067,0.7,1.45,12458,2020-03-25 08:54:30.947000-04:00,52,22,0,42.9195804195804,83.2993890020367,0.0,0.0,2196,50.508,38.731,0.7012750455373407,1.4061930783242258,115397,2020-03-15 09:49:35.140000-04:00,1375.0,North Carolina,No,None
PSAM4NK,146363,20,19,0,0,97,52.835,66.279,0.7010309278350515,1.6391752577319587,12458,2020-03-25 08:54:30.947000-04:00,52,22,0,42.9195804195804,83.2993890020367,0.0,0.0,2196,50.508,38.731,0.7012750455373407,1.4061930783242258,115397,2020-03-15 09:49:35.140000-04:00,1375.0,North Carolina,No,None
PSAM4NK,146371,22,19,0,0,98,30.2355,32.48,0.6530612244897959,1.2551020408163265,12458,2020-03-25 08:54:30.947000-04:00,52,22,0,42.9195804195804,83.2993890020367,0.0,0.0,2196,50.508,38.731,0.7012750455373407,1.4061930783242258,115397,2020-03-15 09:49:35.140000-04:00,1375.0,North Carolina,No,None
PSAM4NK,146400,23,23,0,0,127,34.337,45.367,0.7086614173228346,1.4330708661417324,12458,2020-03-25 08:54:30.947000-04:00,52,22,0,42.9195804195804,83.2993890020367,0.0,0.0,2196,50.508,38.731,0.7012750455373407,1.4061930783242258,115397,2020-03-15 09:49:35.140000-04:00,1375.0,North Carolina,No,None
PSAM4NK,149947,2,0,0,0,3,165.917,280.173,0.0,2.0,12458,2020-03-25 08:54:30.947000-04:00,52,22,0,42.9195804195804,83.2993890020367,0.0,0.0,2196,50.508,38.731,0.7012750455373407,1.4061930783242258,115397,2020-03-15 09:49:35.140000-04:00,1375.0,North Carolina,No,None
PSAM4NK,148490,22,22,0,0,116,24.756,29.522,0.75,1.1982758620689655,12458,2020-03-25 08:54:30.947000-04:00,52,22,0,42.9195804195804,83.2993890020367,0.0,0.0,2196,50.508,38.731,0.7012750455373407,1.4061930783242258,115397,2020-03-15 09:49:35.140000-04:00,1375.0,North Carolina,No,None
PSAM4NK,146587,14,12,0,0,67,40.054,65.42,0.7313432835820896,1.2985074626865671,12458,2020-03-25 08:54:30.947000-04:00,52,22,0,42.9195804195804,83.2993890020367,0.0,0.0,2196,50.508,38.731,0.7012750455373407,1.4061930783242258,115397,2020-03-15 09:49:35.140000-04:00,1375.0,North Carolina,No,None
PSAM4NK,150804,23,22,0,0,106,58.1225,77.3985,0.7264150943396226,1.4150943396226414,12458,2020-03-25 08:54:30.947000-04:00,52,22,0,42.9195804195804,83.2993890020367,0.0,0.0,2196,50.508,38.731,0.7012750455373407,1.4061930783242258,115397,2020-03-15 09:49:35.140000-04:00,1375.0,North Carolina,No,None
PSAM4NK,151031,21,19,0,0,81,32.839,39.049,0.7777777777777778,1.3703703703703705,12458,2020-03-25 08:54:30.947000-04:00,52,22,0,42.9195804195804,83.2993890020367,0.0,0.0,2196,50.508,38.731,0.7012750455373407,1.4061930783242258,115397,2020-03-15 09:49:35.140000-04:00,1375.0,North Carolina,No,None
PSAM4NK,151259,22,20,0,0,122,67.212,92.168,0.6639344262295082,1.4098360655737705,12458,2020-03-25 08:54:30.947000-04:00,52,22,0,42.9195804195804,83.2993890020367,0.0,0.0,2196,50.508,38.731,0.7012750455373407,1.4061930783242258,115397,2020-03-15 09:49:35.140000-04:00,1375.0,North Carolina,No,None
PSAM4NK,148010,22,21,0,0,101,41.035,59.345,0.7326732673267327,1.2871287128712872,12458,2020-03-25 08:54:30.947000-04:00,52,22,0,42.9195804195804,83.2993890020367,0.0,0.0,2196,50.508,38.731,0.7012750455373407,1.4061930783242258,115397,2020-03-15 09:49:35.140000-04:00,1375.0,North Carolina,No,None
PSAM4NK,146839,22,21,0,0,89,59.727,65.471,0.797752808988764,1.2247191011235956,12458,2020-03-25 08:54:30.947000-04:00,52,22,0,42.9195804195804,83.2993890020367,0.0,0.0,2196,50.508,38.731,0.7012750455373407,1.4061930783242258,115397,2020-03-15 09:49:35.140000-04:00,1375.0,North Carolina,No,None
PSAM4NK,146859,2,1,0,0,3,149.771,149.801,1.0,1.0,12458,2020-03-25 08:54:30.947000-04:00,52,22,0,42.9195804195804,83.2993890020367,0.0,0.0,2196,50.508,38.731,0.7012750455373407,1.4061930783242258,115397,2020-03-15 09:49:35.140000-04:00,1375.0,North Carolina,No,None
PSAM4NK,153968,19,15,0,0,93,36.586,44.794,0.5806451612903226,1.3440860215053763,12458,2020-03-25 08:54:30.947000-04:00,52,22,0,42.9195804195804,83.2993890020367,0.0,0.0,2196,50.508,38.731,0.7012750455373407,1.4061930783242258,115397,2020-03-15 09:49:35.140000-04:00,1375.0,North Carolina,No,None
PSAM4NK,147727,22,19,0,0,114,25.3575,35.2365,0.631578947368421,1.368421052631579,12458,2020-03-25 08:54:30.947000-04:00,52,22,0,42.9195804195804,83.2993890020367,0.0,0.0,2196,50.508,38.731,0.7012750455373407,1.4061930783242258,115397,2020-03-15 09:49:35.140000-04:00,1375.0,North Carolina,No,None
PSAM4NK,158173,16,10,0,0,70,30.1115,35.371,0.6857142857142857,2.0,12458,2020-03-25 08:54:30.947000-04:00,52,22,0,42.9195804195804,83.2993890020367,0.0,0.0,2196,50.508,38.731,0.7012750455373407,1.4061930783242258,115397,2020-03-15 09:49:35.140000-04:00,1375.0,North Carolina,No,None
PSAM4NK,157754,20,17,0,0,126,39.8445,47.819,0.626984126984127,1.5714285714285714,12458,2020-03-25 08:54:30.947000-04:00,52,22,0,42.9195804195804,83.2993890020367,0.0,0.0,2196,50.508,38.731,0.7012750455373407,1.4061930783242258,115397,2020-03-15 09:49:35.140000-04:00,1375.0,North Carolina,No,None
PSAM4NK,198162,1,1,3,3,58,31.2375,32.919,0.7608695652173914,1.2241379310344829,12458,2020-03-25 08:54:30.947000-04:00,52,22,0,42.9195804195804,83.2993890020367,0.0,0.0,2196,50.508,38.731,0.7012750455373407,1.4061930783242258,115397,2020-03-15 09:49:35.140000-04:00,1375.0,North Carolina,No,None
PSAM4NK,156922,10,2,3,1,48,20.1115,20.1145,0.8378378378378378,1.1875,12458,2020-03-25 08:54:30.947000-04:00,52,22,0,42.9195804195804,83.2993890020367,0.0,0.0,2196,50.508,38.731,0.7012750455373407,1.4061930783242258,115397,2020-03-15 09:49:35.140000-04:00,1375.0,North Carolina,No,None
PSAM4NK,154060,4,4,0,0,24,34.9445,55.758,0.7083333333333334,1.5,12458,2020-03-25 08:54:30.947000-04:00,52,22,0,42.9195804195804,83.2993890020367,0.0,0.0,2196,50.508,38.731,0.7012750455373407,1.4061930783242258,115397,2020-03-15 09:49:35.140000-04:00,1375.0,North Carolina,No,None
PSAM4NK,153342,4,2,0,0,6,22.106,22.1085,1.0,1.0,12459,2020-03-25 08:54:30.948000-04:00,37,22,0,62.1621621621622,85.7707509881423,0.0,0.0,2037,39.863,31.924,0.7638684339715267,1.3136966126656848,115397,2020-03-15 09:49:35.140000-04:00,1375.0,North Carolina,No,None
PSAM4NK,146354,22,19,0,0,91,39.278,39.343,0.8021978021978022,1.2197802197802199,12459,2020-03-25 08:54:30.948000-04:00,37,22,0,62.1621621621622,85.7707509881423,0.0,0.0,2037,39.863,31.924,0.7638684339715267,1.3136966126656848,115397,2020-03-15 09:49:35.140000-04:00,1375.0,North Carolina,No,None
PSAM4NK,146401,22,22,0,0,92,37.2285,44.9915,0.8369565217391305,1.184782608695652,12459,2020-03-25 08:54:30.948000-04:00,37,22,0,62.1621621621622,85.7707509881423,0.0,0.0,2037,39.863,31.924,0.7638684339715267,1.3136966126656848,115397,2020-03-15 09:49:35.140000-04:00,1375.0,North Carolina,No,None
PSAM4NK,146570,19,8,0,0,66,22.2715,45.289,0.45454545454545453,1.4696969696969697,12459,2020-03-25 08:54:30.948000-04:00,37,22,0,62.1621621621622,85.7707509881423,0.0,0.0,2037,39.863,31.924,0.7638684339715267,1.3136966126656848,115397,2020-03-15 09:49:35.140000-04:00,1375.0,North Carolina,No,None
PSAM4NK,146605,7,7,0,0,30,29.086,41.256,0.7666666666666667,1.2333333333333334,12459,2020-03-25 08:54:30.948000-04:00,37,22,0,62.1621621621622,85.7707509881423,0.0,0.0,2037,39.863,31.924,0.7638684339715267,1.3136966126656848,115397,2020-03-15 09:49:35.140000-04:00,1375.0,North Carolina,No,None
PSAM4NK,146715,21,19,0,0,97,48.512,57.197,0.7938144329896907,1.3711340206185567,12459,2020-03-25 08:54:30.948000-04:00,37,22,0,62.1621621621622,85.7707509881423,0.0,0.0,2037,39.863,31.924,0.7638684339715267,1.3136966126656848,115397,2020-03-15 09:49:35.140000-04:00,1375.0,North Carolina,No,None
PSAM4NK,146722,23,23,0,0,94,49.025,57.136,0.7978723404255319,1.319148936170213,12459,2020-03-25 08:54:30.948000-04:00,37,22,0,62.1621621621622,85.7707509881423,0.0,0.0,2037,39.863,31.924,0.7638684339715267,1.3136966126656848,115397,2020-03-15 09:49:35.140000-04:00,1375.0,North Carolina,No,None
PSAM4NK,146742,21,21,0,0,98,38.947,45.329,0.7448979591836735,1.2755102040816326,12459,2020-03-25 08:54:30.948000-04:00,37,22,0,62.1621621621622,85.7707509881423,0.0,0.0,2037,39.863,31.924,0.7638684339715267,1.3136966126656848,115397,2020-03-15 09:49:35.140000-04:00,1375.0,North Carolina,No,None
PSAM4NK,146860,21,21,0,0,87,59.808,77.17,0.8160919540229885,1.3908045977011494,12459,2020-03-25 08:54:30.948000-04:00,37,22,0,62.1621621621622,85.7707509881423,0.0,0.0,2037,39.863,31.924,0.7638684339715267,1.3136966126656848,115397,2020-03-15 09:49:35.140000-04:00,1375.0,North Carolina,No,None
PSAM4NK,146948,21,20,0,0,85,29.868,31.026,0.8352941176470589,1.2117647058823529,12459,2020-03-25 08:54:30.948000-04:00,37,22,0,62.1621621621622,85.7707509881423,0.0,0.0,2037,39.863,31.924,0.7638684339715267,1.3136966126656848,115397,2020-03-15 09:49:35.140000-04:00,1375.0,North Carolina,No,None
PSAM4NK,147170,22,18,0,0,88,39.3125,48.399,0.75,1.3977272727272727,12459,2020-03-25 08:54:30.948000-04:00,37,22,0,62.1621621621622,85.7707509881423,0.0,0.0,2037,39.863,31.924,0.7638684339715267,1.3136966126656848,115397,2020-03-15 09:49:35.140000-04:00,1375.0,North Carolina,No,None
PSAM4NK,147673,19,19,0,0,82,22.293,24.9,0.7804878048780488,1.4146341463414633,12459,2020-03-25 08:54:30.948000-04:00,37,22,0,62.1621621621622,85.7707509881423,0.0,0.0,2037,39.863,31.924,0.7638684339715267,1.3136966126656848,115397,2020-03-15 09:49:35.140000-04:00,1375.0,North Carolina,No,None
PSAM4NK,147858,23,20,0,0,115,32.414,38.886,0.6521739130434783,1.434782608695652,12459,2020-03-25 08:54:30.948000-04:00,37,22,0,62.1621621621622,85.7707509881423,0.0,0.0,2037,39.863,31.924,0.7638684339715267,1.3136966126656848,115397,2020-03-15 09:49:35.140000-04:00,1375.0,North Carolina,No,None
PSAM4NK,148495,20,19,0,0,100,24.17,30.5555,0.75,1.35,12459,2020-03-25 08:54:30.948000-04:00,37,22,0,62.1621621621622,85.7707509881423,0.0,0.0,2037,39.863,31.924,0.7638684339715267,1.3136966126656848,115397,2020-03-15 09:49:35.140000-04:00,1375.0,North Carolina,No,None
PSAM4NK,148565,21,19,0,0,75,21.432,22.873,0.88,1.24,12459,2020-03-25 08:54:30.948000-04:00,37,22,0,62.1621621621622,85.7707509881423,0.0,0.0,2037,39.863,31.924,0.7638684339715267,1.3136966126656848,115397,2020-03-15 09:49:35.140000-04:00,1375.0,North Carolina,No,None
PSAM4NK,149219,23,23,0,0,89,23.201,24.066,0.8426966292134831,1.3595505617977528,12459,2020-03-25 08:54:30.948000-04:00,37,22,0,62.1621621621622,85.7707509881423,0.0,0.0,2037,39.863,31.924,0.7638684339715267,1.3136966126656848,115397,2020-03-15 09:49:35.140000-04:00,1375.0,North Carolina,No,None
PSAM4NK,149664,14,12,0,0,61,35.657,50.388,0.7049180327868853,1.2622950819672132,12459,2020-03-25 08:54:30.948000-04:00,37,22,0,62.1621621621622,85.7707509881423,0.0,0.0,2037,39.863,31.924,0.7638684339715267,1.3136966126656848,115397,2020-03-15 09:49:35.140000-04:00,1375.0,North Carolina,No,None
PSAM4NK,149858,23,23,0,0,102,44.648,49.127,0.8137254901960784,1.2549019607843137,12459,2020-03-25 08:54:30.948000-04:00,37,22,0,62.1621621621622,85.7707509881423,0.0,0.0,2037,39.863,31.924,0.7638684339715267,1.3136966126656848,115397,2020-03-15 09:49:35.140000-04:00,1375.0,North Carolina,No,None
PSAM4NK,150466,18,14,1,1,68,38.535,43.7985,0.8484848484848485,1.1911764705882353,12459,2020-03-25 08:54:30.948000-04:00,37,22,0,62.1621621621622,85.7707509881423,0.0,0.0,2037,39.863,31.924,0.7638684339715267,1.3136966126656848,115397,2020-03-15 09:49:35.140000-04:00,1375.0,North Carolina,No,None
PSAM4NK,151619,8,8,0,0,34,70.4685,70.4795,0.8529411764705882,1.2352941176470589,12459,2020-03-25 08:54:30.948000-04:00,37,22,0,62.1621621621622,85.7707509881423,0.0,0.0,2037,39.863,31.924,0.7638684339715267,1.3136966126656848,115397,2020-03-15 09:49:35.140000-04:00,1375.0,North Carolina,No,None
PSAM4NK,154354,23,20,0,0,100,20.3615,23.508,0.71,1.45,12459,2020-03-25 08:54:30.948000-04:00,37,22,0,62.1621621621622,85.7707509881423,0.0,0.0,2037,39.863,31.924,0.7638684339715267,1.3136966126656848,115397,2020-03-15 09:49:35.140000-04:00,1375.0,North Carolina,No,None
PSAM4NK,157672,15,11,3,3,105,28.429,30.09,0.8387096774193549,1.180952380952381,12459,2020-03-25 08:54:30.948000-04:00,37,22,0,62.1621621621622,85.7707509881423,0.0,0.0,2037,39.863,31.924,0.7638684339715267,1.3136966126656848,115397,2020-03-15 09:49:35.140000-04:00,1375.0,North Carolina,No,None
PSAM4NK,159494,11,8,0,0,31,17.767,23.359,0.8709677419354839,1.2258064516129032,12459,2020-03-25 08:54:30.948000-04:00,37,22,0,62.1621621621622,85.7707509881423,0.0,0.0,2037,39.863,31.924,0.7638684339715267,1.3136966126656848,115397,2020-03-15 09:49:35.140000-04:00,1375.0,North Carolina,No,None
PSAM4NK,198447,0,0,0,0,0,,,,,12459,2020-03-25 08:54:30.948000-04:00,37,22,0,62.1621621621622,85.7707509881423,0.0,0.0,2037,39.863,31.924,0.7638684339715267,1.3136966126656848,115397,2020-03-15 09:49:35.140000-04:00,1375.0,North Carolina,No,None
PSAM4NK,249355,0,0,0,0,0,,,,,12459,2020-03-25 08:54:30.948000-04:00,37,22,0,62.1621621621622,85.7707509881423,0.0,0.0,2037,39.863,31.924,0.7638684339715267,1.3136966126656848,115397,2020-03-15 09:49:35.140000-04:00,1375.0,North Carolina,No,None
PSAM4NK,148961,7,6,0,0,24,41.2225,41.226,0.875,1.2916666666666667,12502,2020-03-25 09:42:59.488000-04:00,88,25,0,31.5454545454545,83.2853025936599,0.0,0.0,2850,49.9765,40.233,0.7221052631578947,1.4052631578947368,146593,2020-03-25 09:32:00.495000-04:00,1375.0,North Carolina,No,None
PSAM4NK,197223,1,0,0,0,11,47.124,111.115,0.09090909090909091,2.1818181818181817,12502,2020-03-25 09:42:59.488000-04:00,88,25,0,31.5454545454545,83.2853025936599,0.0,0.0,2850,49.9765,40.233,0.7221052631578947,1.4052631578947368,146593,2020-03-25 09:32:00.495000-04:00,1375.0,North Carolina,No,None
PSAM4NK,195138,22,20,0,0,137,30.025,44.235,0.5620437956204379,1.8394160583941606,12502,2020-03-25 09:42:59.488000-04:00,88,25,0,31.5454545454545,83.2853025936599,0.0,0.0,2850,49.9765,40.233,0.7221052631578947,1.4052631578947368,146593,2020-03-25 09:32:00.495000-04:00,1375.0,North Carolina,No,None
PSAM4NK,147060,8,2,0,0,22,22.028,35.254,0.45454545454545453,1.1818181818181819,12502,2020-03-25 09:42:59.488000-04:00,88,25,0,31.5454545454545,83.2853025936599,0.0,0.0,2850,49.9765,40.233,0.7221052631578947,1.4052631578947368,146593,2020-03-25 09:32:00.495000-04:00,1375.0,North Carolina,No,None
PSAM4NK,198839,20,17,0,0,79,21.018,24.333,0.7468354430379747,1.379746835443038,12502,2020-03-25 09:42:59.488000-04:00,88,25,0,31.5454545454545,83.2853025936599,0.0,0.0,2850,49.9765,40.233,0.7221052631578947,1.4052631578947368,146593,2020-03-25 09:32:00.495000-04:00,1375.0,North Carolina,No,None
PSAM4NK,147054,4,2,0,0,6,34.1955,34.217,1.0,1.0,12502,2020-03-25 09:42:59.488000-04:00,88,25,0,31.5454545454545,83.2853025936599,0.0,0.0,2850,49.9765,40.233,0.7221052631578947,1.4052631578947368,146593,2020-03-25 09:32:00.495000-04:00,1375.0,North Carolina,No,None
PSAM4NK,157854,18,18,0,0,77,47.119,47.268,0.8181818181818182,1.2337662337662338,12502,2020-03-25 09:42:59.488000-04:00,88,25,0,31.5454545454545,83.2853025936599,0.0,0.0,2850,49.9765,40.233,0.7221052631578947,1.4052631578947368,146593,2020-03-25 09:32:00.495000-04:00,1375.0,North Carolina,No,None
PSAM4NK,157880,9,9,0,0,31,17.727,17.731,0.9354838709677419,1.1612903225806452,12502,2020-03-25 09:42:59.488000-04:00,88,25,0,31.5454545454545,83.2853025936599,0.0,0.0,2850,49.9765,40.233,0.7221052631578947,1.4052631578947368,146593,2020-03-25 09:32:00.495000-04:00,1375.0,North Carolina,No,None
PSAM4NK,157895,18,16,0,0,84,89.754,128.597,0.7142857142857143,1.4761904761904763,12502,2020-03-25 09:42:59.488000-04:00,88,25,0,31.5454545454545,83.2853025936599,0.0,0.0,2850,49.9765,40.233,0.7221052631578947,1.4052631578947368,146593,2020-03-25 09:32:00.495000-04:00,1375.0,North Carolina,No,None
PSAM4NK,157912,10,9,0,0,42,28.022,34.8105,0.7380952380952381,1.619047619047619,12502,2020-03-25 09:42:59.488000-04:00,88,25,0,31.5454545454545,83.2853025936599,0.0,0.0,2850,49.9765,40.233,0.7221052631578947,1.4052631578947368,146593,2020-03-25 09:32:00.495000-04:00,1375.0,North Carolina,No,None
PSAM4NK,147033,23,23,0,0,79,39.556,39.802,0.9240506329113924,1.10126582278481,12502,2020-03-25 09:42:59.488000-04:00,88,25,0,31.5454545454545,83.2853025936599,0.0,0.0,2850,49.9765,40.233,0.7221052631578947,1.4052631578947368,146593,2020-03-25 09:32:00.495000-04:00,1375.0,North Carolina,No,None
PSAM4NK,150082,20,18,0,0,87,27.572,33.837,0.7586206896551724,1.367816091954023,12502,2020-03-25 09:42:59.488000-04:00,88,25,0,31.5454545454545,83.2853025936599,0.0,0.0,2850,49.9765,40.233,0.7221052631578947,1.4052631578947368,146593,2020-03-25 09:32:00.495000-04:00,1375.0,North Carolina,No,None
PSAM4NK,149814,13,9,0,0,63,35.383,66.195,0.5555555555555556,1.6349206349206349,12502,2020-03-25 09:42:59.488000-04:00,88,25,0,31.5454545454545,83.2853025936599,0.0,0.0,2850,49.9765,40.233,0.7221052631578947,1.4052631578947368,146593,2020-03-25 09:32:00.495000-04:00,1375.0,North Carolina,No,None
PSAM4NK,158852,0,0,0,0,0,,,,,12502,2020-03-25 09:42:59.488000-04:00,88,25,0,31.5454545454545,83.2853025936599,0.0,0.0,2850,49.9765,40.233,0.7221052631578947,1.4052631578947368,146593,2020-03-25 09:32:00.495000-04:00,1375.0,North Carolina,No,None
PSAM4NK,148358,21,20,0,0,123,52.861,60.808,0.5691056910569106,1.853658536585366,12502,2020-03-25 09:42:59.488000-04:00,88,25,0,31.5454545454545,83.2853025936599,0.0,0.0,2850,49.9765,40.233,0.7221052631578947,1.4052631578947368,146593,2020-03-25 09:32:00.495000-04:00,1375.0,North Carolina,No,None
PSAM4NK,158872,13,11,0,0,46,40.4645,43.073,0.7608695652173914,1.3695652173913042,12502,2020-03-25 09:42:59.488000-04:00,88,25,0,31.5454545454545,83.2853025936599,0.0,0.0,2850,49.9765,40.233,0.7221052631578947,1.4052631578947368,146593,2020-03-25 09:32:00.495000-04:00,1375.0,North Carolina,No,None
PSAM4NK,150857,17,17,0,0,73,28.37,41.936,0.7808219178082192,1.4794520547945205,12502,2020-03-25 09:42:59.488000-04:00,88,25,0,31.5454545454545,83.2853025936599,0.0,0.0,2850,49.9765,40.233,0.7221052631578947,1.4052631578947368,146593,2020-03-25 09:32:00.495000-04:00,1375.0,North Carolina,No,None
PSAM4NK,148839,23,23,0,0,92,32.2555,34.8225,0.8369565217391305,1.3043478260869565,12502,2020-03-25 09:42:59.488000-04:00,88,25,0,31.5454545454545,83.2853025936599,0.0,0.0,2850,49.9765,40.233,0.7221052631578947,1.4052631578947368,146593,2020-03-25 09:32:00.495000-04:00,1375.0,North Carolina,No,None
PSAM4NK,148840,23,23,0,0,124,43.39,52.17,0.7096774193548387,1.4112903225806452,12502,2020-03-25 09:42:59.488000-04:00,88,25,0,31.5454545454545,83.2853025936599,0.0,0.0,2850,49.9765,40.233,0.7221052631578947,1.4052631578947368,146593,2020-03-25 09:32:00.495000-04:00,1375.0,North Carolina,No,None
PSAM4NK,159610,23,23,0,0,82,67.09,84.9545,0.8780487804878049,1.353658536585366,12502,2020-03-25 09:42:59.488000-04:00,88,25,0,31.5454545454545,83.2853025936599,0.0,0.0,2850,49.9765,40.233,0.7221052631578947,1.4052631578947368,146593,2020-03-25 09:32:00.495000-04:00,1375.0,North Carolina,No,None
PSAM4NK,340318,5,1,0,0,4,10.3905,10.3985,0.75,1.0,12502,2020-03-25 09:42:59.488000-04:00,88,25,0,31.5454545454545,83.2853025936599,0.0,0.0,2850,49.9765,40.233,0.7221052631578947,1.4052631578947368,146593,2020-03-25 09:32:00.495000-04:00,1375.0,North Carolina,No,None
PSAM4NK,161435,10,7,0,0,29,45.732,47.609,0.8275862068965517,1.206896551724138,12502,2020-03-25 09:42:59.488000-04:00,88,25,0,31.5454545454545,83.2853025936599,0.0,0.0,2850,49.9765,40.233,0.7221052631578947,1.4052631578947368,146593,2020-03-25 09:32:00.495000-04:00,1375.0,North Carolina,No,None
PSAM4NK,332941,6,6,1,0,22,21.2145,23.1305,0.8636363636363636,1.3636363636363635,12502,2020-03-25 09:42:59.488000-04:00,88,25,0,31.5454545454545,83.2853025936599,0.0,0.0,2850,49.9765,40.233,0.7221052631578947,1.4052631578947368,146593,2020-03-25 09:32:00.495000-04:00,1375.0,North Carolina,No,None
PSAM4NK,370969,0,0,0,0,0,,,,,12502,2020-03-25 09:42:59.488000-04:00,88,25,0,31.5454545454545,83.2853025936599,0.0,0.0,2850,49.9765,40.233,0.7221052631578947,1.4052631578947368,146593,2020-03-25 09:32:00.495000-04:00,1375.0,North Carolina,No,None
PSAM4NK,267247,1,1,2,1,14,16.1545,16.1575,0.9090909090909091,1.0,12502,2020-03-25 09:42:59.488000-04:00,88,25,0,31.5454545454545,83.2853025936599,0.0,0.0,2850,49.9765,40.233,0.7221052631578947,1.4052631578947368,146593,2020-03-25 09:32:00.495000-04:00,1375.0,North Carolina,No,None
PSAM4NK,164518,23,22,0,0,112,65.28,81.0575,0.7142857142857143,1.3214285714285714,12502,2020-03-25 09:42:59.488000-04:00,88,25,0,31.5454545454545,83.2853025936599,0.0,0.0,2850,49.9765,40.233,0.7221052631578947,1.4052631578947368,146593,2020-03-25 09:32:00.495000-04:00,1375.0,North Carolina,No,None
PSAM4NK,165419,10,5,0,0,13,17.374,30.033,0.8461538461538461,1.2307692307692308,12502,2020-03-25 09:42:59.488000-04:00,88,25,0,31.5454545454545,83.2853025936599,0.0,0.0,2850,49.9765,40.233,0.7221052631578947,1.4052631578947368,146593,2020-03-25 09:32:00.495000-04:00,1375.0,North Carolina,No,None
PSAM4NK,167118,10,9,0,0,53,21.027,23.645,0.7358490566037735,1.320754716981132,12502,2020-03-25 09:42:59.488000-04:00,88,25,0,31.5454545454545,83.2853025936599,0.0,0.0,2850,49.9765,40.233,0.7221052631578947,1.4052631578947368,146593,2020-03-25 09:32:00.495000-04:00,1375.0,North Carolina,No,None
PSAM4NK,168835,11,9,0,0,66,39.009,43.8145,0.6363636363636364,1.4848484848484849,12502,2020-03-25 09:42:59.488000-04:00,88,25,0,31.5454545454545,83.2853025936599,0.0,0.0,2850,49.9765,40.233,0.7221052631578947,1.4052631578947368,146593,2020-03-25 09:32:00.495000-04:00,1375.0,North Carolina,No,None
PSAM4NK,172603,6,5,0,0,21,19.139,19.156,0.8095238095238095,1.2857142857142858,12502,2020-03-25 09:42:59.488000-04:00,88,25,0,31.5454545454545,83.2853025936599,0.0,0.0,2850,49.9765,40.233,0.7221052631578947,1.4052631578947368,146593,2020-03-25 09:32:00.495000-04:00,1375.0,North Carolina,No,None
PSAM4NK,200448,0,0,0,0,0,,,,,12502,2020-03-25 09:42:59.488000-04:00,88,25,0,31.5454545454545,83.2853025936599,0.0,0.0,2850,49.9765,40.233,0.7221052631578947,1.4052631578947368,146593,2020-03-25 09:32:00.495000-04:00,1375.0,North Carolina,No,None
PSAM4NK,148743,11,3,0,0,26,23.011,28.9,0.6538461538461539,1.1538461538461537,12502,2020-03-25 09:42:59.488000-04:00,88,25,0,31.5454545454545,83.2853025936599,0.0,0.0,2850,49.9765,40.233,0.7221052631578947,1.4052631578947368,146593,2020-03-25 09:32:00.495000-04:00,1375.0,North Carolina,No,None
PSAM4NK,200281,0,0,0,0,0,,,,,12502,2020-03-25 09:42:59.488000-04:00,88,25,0,31.5454545454545,83.2853025936599,0.0,0.0,2850,49.9765,40.233,0.7221052631578947,1.4052631578947368,146593,2020-03-25 09:32:00.495000-04:00,1375.0,North Carolina,No,None
PSAM4NK,182288,7,4,0,0,14,54.0145,59.023,0.8571428571428571,1.2142857142857142,12502,2020-03-25 09:42:59.488000-04:00,88,25,0,31.5454545454545,83.2853025936599,0.0,0.0,2850,49.9765,40.233,0.7221052631578947,1.4052631578947368,146593,2020-03-25 09:32:00.495000-04:00,1375.0,North Carolina,No,None
PSAM4NK,182306,1,1,0,0,3,33.864,33.868,1.0,1.0,12502,2020-03-25 09:42:59.488000-04:00,88,25,0,31.5454545454545,83.2853025936599,0.0,0.0,2850,49.9765,40.233,0.7221052631578947,1.4052631578947368,146593,2020-03-25 09:32:00.495000-04:00,1375.0,North Carolina,No,None
PSAM4NK,148337,23,23,0,0,86,53.3635,65.957,0.8604651162790697,1.1162790697674418,12502,2020-03-25 09:42:59.488000-04:00,88,25,0,31.5454545454545,83.2853025936599,0.0,0.0,2850,49.9765,40.233,0.7221052631578947,1.4052631578947368,146593,2020-03-25 09:32:00.495000-04:00,1375.0,North Carolina,No,None
PSAM4NK,186710,0,0,0,0,0,,,,,12502,2020-03-25 09:42:59.488000-04:00,88,25,0,31.5454545454545,83.2853025936599,0.0,0.0,2850,49.9765,40.233,0.7221052631578947,1.4052631578947368,146593,2020-03-25 09:32:00.495000-04:00,1375.0,North Carolina,No,None
PSAM4NK,188837,10,7,0,0,54,28.2635,51.8875,0.6851851851851852,1.3703703703703705,12502,2020-03-25 09:42:59.488000-04:00,88,25,0,31.5454545454545,83.2853025936599,0.0,0.0,2850,49.9765,40.233,0.7221052631578947,1.4052631578947368,146593,2020-03-25 09:32:00.495000-04:00,1375.0,North Carolina,No,None
PSAM4NK,151139,20,20,0,0,83,30.331,36.113,0.8192771084337349,1.2289156626506024,12502,2020-03-25 09:42:59.488000-04:00,88,25,0,31.5454545454545,83.2853025936599,0.0,0.0,2850,49.9765,40.233,0.7221052631578947,1.4052631578947368,146593,2020-03-25 09:32:00.495000-04:00,1375.0,North Carolina,No,None
PSAM4NK,148276,11,8,0,0,88,51.8105,64.2145,0.4659090909090909,1.3863636363636365,12502,2020-03-25 09:42:59.488000-04:00,88,25,0,31.5454545454545,83.2853025936599,0.0,0.0,2850,49.9765,40.233,0.7221052631578947,1.4052631578947368,146593,2020-03-25 09:32:00.495000-04:00,1375.0,North Carolina,No,None
PSAM4NK,148808,23,23,0,0,75,78.292,78.843,0.9466666666666667,1.12,12502,2020-03-25 09:42:59.488000-04:00,88,25,0,31.5454545454545,83.2853025936599,0.0,0.0,2850,49.9765,40.233,0.7221052631578947,1.4052631578947368,146593,2020-03-25 09:32:00.495000-04:00,1375.0,North Carolina,No,None
PSAM4NK,151808,23,23,0,0,100,31.4585,34.599,0.84,1.22,12502,2020-03-25 09:42:59.488000-04:00,88,25,0,31.5454545454545,83.2853025936599,0.0,0.0,2850,49.9765,40.233,0.7221052631578947,1.4052631578947368,146593,2020-03-25 09:32:00.495000-04:00,1375.0,North Carolina,No,None
PSAM4NK,152394,21,21,0,0,80,39.2645,39.2725,0.8375,1.2625,12502,2020-03-25 09:42:59.488000-04:00,88,25,0,31.5454545454545,83.2853025936599,0.0,0.0,2850,49.9765,40.233,0.7221052631578947,1.4052631578947368,146593,2020-03-25 09:32:00.495000-04:00,1375.0,North Carolina,No,None
PSAM4NK,149564,12,10,0,0,41,47.436,68.032,0.7560975609756098,1.6341463414634145,12502,2020-03-25 09:42:59.488000-04:00,88,25,0,31.5454545454545,83.2853025936599,0.0,0.0,2850,49.9765,40.233,0.7221052631578947,1.4052631578947368,146593,2020-03-25 09:32:00.495000-04:00,1375.0,North Carolina,No,None
PSAM4NK,147835,17,13,0,0,54,86.761,91.853,0.8148148148148148,1.222222222222222,12502,2020-03-25 09:42:59.488000-04:00,88,25,0,31.5454545454545,83.2853025936599,0.0,0.0,2850,49.9765,40.233,0.7221052631578947,1.4052631578947368,146593,2020-03-25 09:32:00.495000-04:00,1375.0,North Carolina,No,None
PSAM4NK,147678,23,16,0,0,72,51.0055,77.874,0.7361111111111112,1.5833333333333333,12502,2020-03-25 09:42:59.488000-04:00,88,25,0,31.5454545454545,83.2853025936599,0.0,0.0,2850,49.9765,40.233,0.7221052631578947,1.4052631578947368,146593,2020-03-25 09:32:00.495000-04:00,1375.0,North Carolina,No,None
PSAM4NK,147654,6,3,0,0,33,70.874,138.838,0.45454545454545453,1.6666666666666667,12502,2020-03-25 09:42:59.488000-04:00,88,25,0,31.5454545454545,83.2853025936599,0.0,0.0,2850,49.9765,40.233,0.7221052631578947,1.4052631578947368,146593,2020-03-25 09:32:00.495000-04:00,1375.0,North Carolina,No,None
PSAM4NK,149488,12,5,0,0,40,57.286,94.51,0.55,1.675,12502,2020-03-25 09:42:59.488000-04:00,88,25,0,31.5454545454545,83.2853025936599,0.0,0.0,2850,49.9765,40.233,0.7221052631578947,1.4052631578947368,146593,2020-03-25 09:32:00.495000-04:00,1375.0,North Carolina,No,None
PSAM4NK,147524,20,18,0,0,78,25.4765,27.878,0.8333333333333334,1.2179487179487178,12502,2020-03-25 09:42:59.488000-04:00,88,25,0,31.5454545454545,83.2853025936599,0.0,0.0,2850,49.9765,40.233,0.7221052631578947,1.4052631578947368,146593,2020-03-25 09:32:00.495000-04:00,1375.0,North Carolina,No,None
PSAM4NK,147473,23,18,0,0,82,82.31,95.034,0.8048780487804879,1.2317073170731707,12502,2020-03-25 09:42:59.488000-04:00,88,25,0,31.5454545454545,83.2853025936599,0.0,0.0,2850,49.9765,40.233,0.7221052631578947,1.4052631578947368,146593,2020-03-25 09:32:00.495000-04:00,1375.0,North Carolina,No,None
PSAM4NK,147425,22,15,0,0,76,94.146,113.1835,0.6973684210526315,1.513157894736842,12502,2020-03-25 09:42:59.488000-04:00,88,25,0,31.5454545454545,83.2853025936599,0.0,0.0,2850,49.9765,40.233,0.7221052631578947,1.4052631578947368,146593,2020-03-25 09:32:00.495000-04:00,1375.0,North Carolina,No,None
PSAM4NK,156352,12,10,1,1,63,21.751,46.909,0.5714285714285714,1.4285714285714286,12502,2020-03-25 09:42:59.488000-04:00,88,25,0,31.5454545454545,83.2853025936599,0.0,0.0,2850,49.9765,40.233,0.7221052631578947,1.4052631578947368,146593,2020-03-25 09:32:00.495000-04:00,1375.0,North Carolina,No,None
PSAM4NK,156648,18,17,0,0,81,29.761,38.86,0.7530864197530864,1.4197530864197532,12502,2020-03-25 09:42:59.488000-04:00,88,25,0,31.5454545454545,83.2853025936599,0.0,0.0,2850,49.9765,40.233,0.7221052631578947,1.4052631578947368,146593,2020-03-25 09:32:00.495000-04:00,1375.0,North Carolina,No,None
PSAM4NK,283391,7,7,13,11,155,30.43,32.149,0.7672413793103449,1.3935483870967742,13074,2020-03-26 12:43:36.849000-04:00,27,5,6,18.5185185185185,88.0,49.3827160493827,97.5,713,64.265,55.072,0.7137176938369781,1.3085553997194952,152489,2020-03-26 12:35:32.211000-04:00,2340.0,Washington,No,None
PSAM4NK,256677,6,6,5,5,72,46.1135,53.2365,0.7796610169491526,1.375,13074,2020-03-26 12:43:36.849000-04:00,27,5,6,18.5185185185185,88.0,49.3827160493827,97.5,713,64.265,55.072,0.7137176938369781,1.3085553997194952,152489,2020-03-26 12:35:32.211000-04:00,2340.0,Washington,No,None
PSAM4NK,190927,6,6,4,4,60,32.7655,49.4565,0.74,1.45,13075,2020-03-26 12:43:36.850000-04:00,25,7,8,10.8571428571429,68.4210526315789,37.0,95.9459459459459,673,83.526,60.413,0.6493775933609959,1.3580980683506687,152489,2020-03-26 12:35:32.211000-04:00,2340.0,Washington,No,None
PSAM4NK,263215,2,2,4,4,45,74.531,83.828,0.6551724137931034,1.4444444444444444,13075,2020-03-26 12:43:36.850000-04:00,25,7,8,10.8571428571429,68.4210526315789,37.0,95.9459459459459,673,83.526,60.413,0.6493775933609959,1.3580980683506687,152489,2020-03-26 12:35:32.211000-04:00,2340.0,Washington,No,None
PSAM4NK,264597,9,8,14,13,177,42.497,58.945,0.5,1.5819209039548023,13075,2020-03-26 12:43:36.850000-04:00,25,7,8,10.8571428571429,68.4210526315789,37.0,95.9459459459459,673,83.526,60.413,0.6493775933609959,1.3580980683506687,152489,2020-03-26 12:35:32.211000-04:00,2340.0,Washington,No,None
PSAM4NK,262433,13,12,16,14,187,20.527,23.923,0.8865248226950354,1.1443850267379678,13075,2020-03-26 12:43:36.850000-04:00,25,7,8,10.8571428571429,68.4210526315789,37.0,95.9459459459459,673,83.526,60.413,0.6493775933609959,1.3580980683506687,152489,2020-03-26 12:35:32.211000-04:00,2340.0,Washington,No,None
PSAM4NK,170206,8,8,6,6,83,68.305,76.502,0.7428571428571429,1.4457831325301205,13076,2020-03-26 12:43:36.851000-04:00,33,7,8,12.987012987013,76.6666666666667,38.2575757575758,98.019801980198,856,71.667,60.6515,0.7272727272727273,1.272196261682243,152489,2020-03-26 12:35:32.211000-04:00,2340.0,Washington,No,None
PSAM4NK,189333,7,7,8,8,84,65.8415,68.4895,0.8732394366197183,1.119047619047619,13076,2020-03-26 12:43:36.851000-04:00,33,7,8,12.987012987013,76.6666666666667,38.2575757575758,98.019801980198,856,71.667,60.6515,0.7272727272727273,1.272196261682243,152489,2020-03-26 12:35:32.211000-04:00,2340.0,Washington,No,None
PSAM4NK,193374,3,3,3,2,33,37.788,43.529,0.5172413793103449,1.8484848484848484,13076,2020-03-26 12:43:36.851000-04:00,33,7,8,12.987012987013,76.6666666666667,38.2575757575758,98.019801980198,856,71.667,60.6515,0.7272727272727273,1.272196261682243,152489,2020-03-26 12:35:32.211000-04:00,2340.0,Washington,No,None
PSAM4NK,184545,6,6,10,10,94,44.447,45.9765,0.8289473684210527,1.3085106382978724,13076,2020-03-26 12:43:36.851000-04:00,33,7,8,12.987012987013,76.6666666666667,38.2575757575758,98.019801980198,856,71.667,60.6515,0.7272727272727273,1.272196261682243,152489,2020-03-26 12:35:32.211000-04:00,2340.0,Washington,No,None
PSAM4NK,166145,8,8,14,14,208,25.0835,37.1385,0.5748502994011976,1.4278846153846154,13078,2020-03-26 12:43:48.367000-04:00,26,5,5,21.5384615384615,78.5714285714286,55.3846153846154,93.0555555555556,708,71.3995,56.508,0.6297029702970297,1.4350282485875705,152549,2020-03-26 12:43:21.150000-04:00,2340.0,Washington,No,None
PSAM4NK,170226,8,8,6,6,81,39.739,56.196,0.75,1.3950617283950617,13079,2020-03-26 12:43:48.368000-04:00,29,5,5,26.2068965517241,86.8421052631579,65.5172413793103,87.3684210526316,864,66.317,59.203,0.7464788732394366,1.3148148148148149,152549,2020-03-26 12:43:21.150000-04:00,2340.0,Washington,No,None
PSAM4NK,193955,8,7,6,6,80,18.374,19.385,0.8955223880597015,1.1375,13079,2020-03-26 12:43:48.368000-04:00,29,5,5,26.2068965517241,86.8421052631579,65.5172413793103,87.3684210526316,864,66.317,59.203,0.7464788732394366,1.3148148148148149,152549,2020-03-26 12:43:21.150000-04:00,2340.0,Washington,No,None
PSAM4NK,158311,8,7,9,8,86,46.926,51.2985,0.684931506849315,1.430232558139535,13079,2020-03-26 12:43:48.368000-04:00,29,5,5,26.2068965517241,86.8421052631579,65.5172413793103,87.3684210526316,864,66.317,59.203,0.7464788732394366,1.3148148148148149,152549,2020-03-26 12:43:21.150000-04:00,2340.0,Washington,No,None
PSAM4NK,259792,2,2,3,3,40,26.86,38.5085,0.7037037037037037,1.25,13080,2020-03-26 12:43:48.369000-04:00,29,5,5,24.8275862068966,80.5555555555556,64.8275862068965,94.6808510638298,878,57.642,51.833,0.7779578606158833,1.224373576309795,152549,2020-03-26 12:43:21.150000-04:00,2340.0,Washington,No,None
PSAM4NK,185863,6,6,7,7,80,45.1225,53.7595,0.7878787878787878,1.2,13080,2020-03-26 12:43:48.369000-04:00,29,5,5,24.8275862068966,80.5555555555556,64.8275862068965,94.6808510638298,878,57.642,51.833,0.7779578606158833,1.224373576309795,152549,2020-03-26 12:43:21.150000-04:00,2340.0,Washington,No,None
PSAM4NK,158294,3,3,5,4,51,34.507,35.832,0.8378378378378378,1.1372549019607843,13080,2020-03-26 12:43:48.369000-04:00,29,5,5,24.8275862068966,80.5555555555556,64.8275862068965,94.6808510638298,878,57.642,51.833,0.7779578606158833,1.224373576309795,152549,2020-03-26 12:43:21.150000-04:00,2340.0,Washington,No,None
PSAM4NK,264954,7,7,6,6,68,19.6325,21.444,0.8,1.4117647058823528,13080,2020-03-26 12:43:48.369000-04:00,29,5,5,24.8275862068966,80.5555555555556,64.8275862068965,94.6808510638298,878,57.642,51.833,0.7779578606158833,1.224373576309795,152549,2020-03-26 12:43:21.150000-04:00,2340.0,Washington,No,None
PSAM4NK,262660,2,2,29,29,341,55.006,58.795,0.8333333333333334,1.1642228739002933,13762,2020-03-27 13:31:21.347000-04:00,17,9,39,36.6013071895425,83.9285714285714,74.2081447963801,98.9837398373984,6135,46.998,43.513,0.7863603031043754,1.2107579462102689,150134,2020-03-25 17:42:53.391000-04:00,2340.0,Washington,No,None
PSAM4NK,255763,2,1,27,27,332,54.563,56.8255,0.7757847533632287,1.2349397590361446,13762,2020-03-27 13:31:21.347000-04:00,17,9,39,36.6013071895425,83.9285714285714,74.2081447963801,98.9837398373984,6135,46.998,43.513,0.7863603031043754,1.2107579462102689,150134,2020-03-25 17:42:53.391000-04:00,2340.0,Washington,No,None
PSAM4NK,294656,2,1,25,25,328,41.933,42.3685,0.8046511627906977,1.1646341463414633,13762,2020-03-27 13:31:21.347000-04:00,17,9,39,36.6013071895425,83.9285714285714,74.2081447963801,98.9837398373984,6135,46.998,43.513,0.7863603031043754,1.2107579462102689,150134,2020-03-25 17:42:53.391000-04:00,2340.0,Washington,No,None
PSAM4NK,260271,2,2,28,28,352,47.5585,49.6055,0.8755364806866953,1.1107954545454546,13762,2020-03-27 13:31:21.347000-04:00,17,9,39,36.6013071895425,83.9285714285714,74.2081447963801,98.9837398373984,6135,46.998,43.513,0.7863603031043754,1.2107579462102689,150134,2020-03-25 17:42:53.391000-04:00,2340.0,Washington,No,None
PSAM4NK,245981,2,2,29,28,354,25.8465,28.344,0.7872340425531915,1.1638418079096045,13762,2020-03-27 13:31:21.347000-04:00,17,9,39,36.6013071895425,83.9285714285714,74.2081447963801,98.9837398373984,6135,46.998,43.513,0.7863603031043754,1.2107579462102689,150134,2020-03-25 17:42:53.391000-04:00,2340.0,Washington,No,None
PSAM4NK,257764,3,2,29,28,364,51.5675,59.5315,0.6951219512195121,1.3241758241758241,13762,2020-03-27 13:31:21.347000-04:00,17,9,39,36.6013071895425,83.9285714285714,74.2081447963801,98.9837398373984,6135,46.998,43.513,0.7863603031043754,1.2107579462102689,150134,2020-03-25 17:42:53.391000-04:00,2340.0,Washington,No,None
PSAM4NK,260219,2,1,28,27,336,65.293,70.1875,0.815668202764977,1.1964285714285714,13762,2020-03-27 13:31:21.347000-04:00,17,9,39,36.6013071895425,83.9285714285714,74.2081447963801,98.9837398373984,6135,46.998,43.513,0.7863603031043754,1.2107579462102689,150134,2020-03-25 17:42:53.391000-04:00,2340.0,Washington,No,None
PSAM4NK,170556,9,9,35,34,429,33.832,38.712,0.7524752475247525,1.2261072261072261,13762,2020-03-27 13:31:21.347000-04:00,17,9,39,36.6013071895425,83.9285714285714,74.2081447963801,98.9837398373984,6135,46.998,43.513,0.7863603031043754,1.2107579462102689,150134,2020-03-25 17:42:53.391000-04:00,2340.0,Washington,No,None
PSAM4NK,171278,4,4,29,29,362,98.211,115.436,0.7768595041322314,1.408839779005525,13762,2020-03-27 13:31:21.347000-04:00,17,9,39,36.6013071895425,83.9285714285714,74.2081447963801,98.9837398373984,6135,46.998,43.513,0.7863603031043754,1.2107579462102689,150134,2020-03-25 17:42:53.391000-04:00,2340.0,Washington,No,None
PSAM4NK,258379,2,2,28,28,336,37.582,39.4205,0.8064516129032258,1.2053571428571428,13762,2020-03-27 13:31:21.347000-04:00,17,9,39,36.6013071895425,83.9285714285714,74.2081447963801,98.9837398373984,6135,46.998,43.513,0.7863603031043754,1.2107579462102689,150134,2020-03-25 17:42:53.391000-04:00,2340.0,Washington,No,None
PSAM4NK,257793,2,2,28,28,343,29.969,31.06,0.9241071428571429,1.0670553935860059,13762,2020-03-27 13:31:21.347000-04:00,17,9,39,36.6013071895425,83.9285714285714,74.2081447963801,98.9837398373984,6135,46.998,43.513,0.7863603031043754,1.2107579462102689,150134,2020-03-25 17:42:53.391000-04:00,2340.0,Washington,No,None
PSAM4NK,171188,5,3,29,29,359,50.077,54.267,0.7615062761506276,1.222841225626741,13762,2020-03-27 13:31:21.347000-04:00,17,9,39,36.6013071895425,83.9285714285714,74.2081447963801,98.9837398373984,6135,46.998,43.513,0.7863603031043754,1.2107579462102689,150134,2020-03-25 17:42:53.391000-04:00,2340.0,Washington,No,None
PSAM4NK,265326,2,2,29,29,390,20.033,23.4025,0.671875,1.2820512820512822,13762,2020-03-27 13:31:21.347000-04:00,17,9,39,36.6013071895425,83.9285714285714,74.2081447963801,98.9837398373984,6135,46.998,43.513,0.7863603031043754,1.2107579462102689,150134,2020-03-25 17:42:53.391000-04:00,2340.0,Washington,No,None
PSAM4NK,256403,2,2,28,28,358,58.064,59.9005,0.7196652719665272,1.26536312849162,13762,2020-03-27 13:31:21.347000-04:00,17,9,39,36.6013071895425,83.9285714285714,74.2081447963801,98.9837398373984,6135,46.998,43.513,0.7863603031043754,1.2107579462102689,150134,2020-03-25 17:42:53.391000-04:00,2340.0,Washington,No,None
PSAM4NK,272453,9,9,35,35,452,37.5165,38.48,0.8526645768025078,1.1482300884955752,13762,2020-03-27 13:31:21.347000-04:00,17,9,39,36.6013071895425,83.9285714285714,74.2081447963801,98.9837398373984,6135,46.998,43.513,0.7863603031043754,1.2107579462102689,150134,2020-03-25 17:42:53.391000-04:00,2340.0,Washington,No,None
PSAM4NK,263922,2,1,28,28,349,45.321,50.705,0.7565217391304347,1.1977077363896849,13762,2020-03-27 13:31:21.347000-04:00,17,9,39,36.6013071895425,83.9285714285714,74.2081447963801,98.9837398373984,6135,46.998,43.513,0.7863603031043754,1.2107579462102689,150134,2020-03-25 17:42:53.391000-04:00,2340.0,Washington,No,None
PSAM4NK,283777,2,2,28,28,350,90.392,104.2265,0.7748917748917749,1.1885714285714286,13762,2020-03-27 13:31:21.347000-04:00,17,9,39,36.6013071895425,83.9285714285714,74.2081447963801,98.9837398373984,6135,46.998,43.513,0.7863603031043754,1.2107579462102689,150134,2020-03-25 17:42:53.391000-04:00,2340.0,Washington,No,None
PSAM4NK,180987,5,5,33,31,369,24.977,26.206,0.9125,1.08130081300813,13763,2020-03-27 13:32:01.775000-04:00,16,15,53,30.8333333333333,87.8378378378378,60.2594339622642,96.8688845401174,6525,61.543,56.51,0.8284163323105971,1.1578544061302682,152549,2020-03-26 12:43:21.150000-04:00,2340.0,Washington,No,None
PSAM4NK,158328,3,3,30,29,363,56.84,62.61,0.8949579831932774,1.0964187327823691,13763,2020-03-27 13:32:01.775000-04:00,16,15,53,30.8333333333333,87.8378378378378,60.2594339622642,96.8688845401174,6525,61.543,56.51,0.8284163323105971,1.1578544061302682,152549,2020-03-26 12:43:21.150000-04:00,2340.0,Washington,No,None
PSAM4NK,158431,2,2,31,31,417,75.995,82.134,0.7970479704797048,1.1822541966426858,13763,2020-03-27 13:32:01.775000-04:00,16,15,53,30.8333333333333,87.8378378378378,60.2594339622642,96.8688845401174,6525,61.543,56.51,0.8284163323105971,1.1578544061302682,152549,2020-03-26 12:43:21.150000-04:00,2340.0,Washington,No,None
PSAM4NK,158862,13,11,35,35,422,90.9835,98.6325,0.8827586206896552,1.1374407582938388,13763,2020-03-27 13:32:01.775000-04:00,16,15,53,30.8333333333333,87.8378378378378,60.2594339622642,96.8688845401174,6525,61.543,56.51,0.8284163323105971,1.1578544061302682,152549,2020-03-26 12:43:21.150000-04:00,2340.0,Washington,No,None
PSAM4NK,158888,8,5,35,34,482,68.0995,75.7305,0.7408536585365854,1.1991701244813278,13763,2020-03-27 13:32:01.775000-04:00,16,15,53,30.8333333333333,87.8378378378378,60.2594339622642,96.8688845401174,6525,61.543,56.51,0.8284163323105971,1.1578544061302682,152549,2020-03-26 12:43:21.150000-04:00,2340.0,Washington,No,None
PSAM4NK,182803,4,4,33,32,381,47.516,50.362,0.8515625,1.1443569553805775,13763,2020-03-27 13:32:01.775000-04:00,16,15,53,30.8333333333333,87.8378378378378,60.2594339622642,96.8688845401174,6525,61.543,56.51,0.8284163323105971,1.1578544061302682,152549,2020-03-26 12:43:21.150000-04:00,2340.0,Washington,No,None
PSAM4NK,255504,2,2,28,25,333,80.581,93.867,0.8703703703703703,1.1531531531531531,13763,2020-03-27 13:32:01.775000-04:00,16,15,53,30.8333333333333,87.8378378378378,60.2594339622642,96.8688845401174,6525,61.543,56.51,0.8284163323105971,1.1578544061302682,152549,2020-03-26 12:43:21.150000-04:00,2340.0,Washington,No,None
PSAM4NK,255845,10,10,34,33,403,46.296,51.44,0.8880866425992779,1.1017369727047146,13763,2020-03-27 13:32:01.775000-04:00,16,15,53,30.8333333333333,87.8378378378378,60.2594339622642,96.8688845401174,6525,61.543,56.51,0.8284163323105971,1.1578544061302682,152549,2020-03-26 12:43:21.150000-04:00,2340.0,Washington,No,None
PSAM4NK,257517,3,3,34,32,542,40.9845,44.21,0.7630057803468208,1.2361623616236161,13763,2020-03-27 13:32:01.775000-04:00,16,15,53,30.8333333333333,87.8378378378378,60.2594339622642,96.8688845401174,6525,61.543,56.51,0.8284163323105971,1.1578544061302682,152549,2020-03-26 12:43:21.150000-04:00,2340.0,Washington,No,None
PSAM4NK,257721,2,2,30,29,355,92.571,104.991,0.8626609442060086,1.1183098591549296,13763,2020-03-27 13:32:01.775000-04:00,16,15,53,30.8333333333333,87.8378378378378,60.2594339622642,96.8688845401174,6525,61.543,56.51,0.8284163323105971,1.1578544061302682,152549,2020-03-26 12:43:21.150000-04:00,2340.0,Washington,No,None
PSAM4NK,258806,2,2,31,31,456,99.34,102.414,0.7903780068728522,1.1995614035087718,13763,2020-03-27 13:32:01.775000-04:00,16,15,53,30.8333333333333,87.8378378378378,60.2594339622642,96.8688845401174,6525,61.543,56.51,0.8284163323105971,1.1578544061302682,152549,2020-03-26 12:43:21.150000-04:00,2340.0,Washington,No,None
PSAM4NK,263887,10,8,33,31,493,33.855,37.343,0.749185667752443,1.2494929006085194,13763,2020-03-27 13:32:01.775000-04:00,16,15,53,30.8333333333333,87.8378378378378,60.2594339622642,96.8688845401174,6525,61.543,56.51,0.8284163323105971,1.1578544061302682,152549,2020-03-26 12:43:21.150000-04:00,2340.0,Washington,No,None
PSAM4NK,276764,2,2,31,31,348,63.963,70.322,0.8565022421524664,1.10632183908046,13763,2020-03-27 13:32:01.775000-04:00,16,15,53,30.8333333333333,87.8378378378378,60.2594339622642,96.8688845401174,6525,61.543,56.51,0.8284163323105971,1.1578544061302682,152549,2020-03-26 12:43:21.150000-04:00,2340.0,Washington,No,None
PSAM4NK,281358,2,2,31,31,357,84.825,97.748,0.8384279475982532,1.1680672268907564,13763,2020-03-27 13:32:01.775000-04:00,16,15,53,30.8333333333333,87.8378378378378,60.2594339622642,96.8688845401174,6525,61.543,56.51,0.8284163323105971,1.1578544061302682,152549,2020-03-26 12:43:21.150000-04:00,2340.0,Washington,No,None
PSAM4NK,281562,2,2,31,31,402,40.2165,43.9665,0.8031496062992126,1.1517412935323383,13763,2020-03-27 13:32:01.775000-04:00,16,15,53,30.8333333333333,87.8378378378378,60.2594339622642,96.8688845401174,6525,61.543,56.51,0.8284163323105971,1.1578544061302682,152549,2020-03-26 12:43:21.150000-04:00,2340.0,Washington,No,None
PSAM4NK,353199,7,4,0,0,40,13.779,15.4685,0.775,1.325,24882,2020-04-22 13:13:01.487000-04:00,27,8,1,46.7592592592593,63.3663366336634,0.0,0.0,599,21.768,19.415,0.8247078464106845,1.1101836393989983,320053,2020-04-22 12:39:15.126000-04:00,2010.0,California,Yes,None
PSAM4NK,353502,7,4,0,0,44,12.4805,14.304,0.8181818181818182,1.1136363636363635,24882,2020-04-22 13:13:01.487000-04:00,27,8,1,46.7592592592593,63.3663366336634,0.0,0.0,599,21.768,19.415,0.8247078464106845,1.1101836393989983,320053,2020-04-22 12:39:15.126000-04:00,2010.0,California,Yes,None
PSAM4NK,350610,7,5,0,0,40,27.423,30.854,0.9,1.15,24882,2020-04-22 13:13:01.487000-04:00,27,8,1,46.7592592592593,63.3663366336634,0.0,0.0,599,21.768,19.415,0.8247078464106845,1.1101836393989983,320053,2020-04-22 12:39:15.126000-04:00,2010.0,California,Yes,None
PSAM4NK,350393,5,4,0,0,26,24.61,24.617,0.7692307692307693,1.1538461538461537,24882,2020-04-22 13:13:01.487000-04:00,27,8,1,46.7592592592593,63.3663366336634,0.0,0.0,599,21.768,19.415,0.8247078464106845,1.1101836393989983,320053,2020-04-22 12:39:15.126000-04:00,2010.0,California,Yes,None
PSAM4NK,350184,5,2,0,0,29,17.467,23.113,0.896551724137931,1.103448275862069,24882,2020-04-22 13:13:01.487000-04:00,27,8,1,46.7592592592593,63.3663366336634,0.0,0.0,599,21.768,19.415,0.8247078464106845,1.1101836393989983,320053,2020-04-22 12:39:15.126000-04:00,2010.0,California,Yes,None
PSAM4NK,350062,5,4,0,0,19,20.829,20.831,0.9473684210526315,1.0,24882,2020-04-22 13:13:01.487000-04:00,27,8,1,46.7592592592593,63.3663366336634,0.0,0.0,599,21.768,19.415,0.8247078464106845,1.1101836393989983,320053,2020-04-22 12:39:15.126000-04:00,2010.0,California,Yes,None
PSAM4NK,350000,5,4,0,0,15,18.349,19.85,0.8,1.1333333333333333,24882,2020-04-22 13:13:01.487000-04:00,27,8,1,46.7592592592593,63.3663366336634,0.0,0.0,599,21.768,19.415,0.8247078464106845,1.1101836393989983,320053,2020-04-22 12:39:15.126000-04:00,2010.0,California,Yes,None
PSAM4NK,349991,5,3,0,0,51,30.363,51.735,0.37254901960784315,1.6862745098039216,24882,2020-04-22 13:13:01.487000-04:00,27,8,1,46.7592592592593,63.3663366336634,0.0,0.0,599,21.768,19.415,0.8247078464106845,1.1101836393989983,320053,2020-04-22 12:39:15.126000-04:00,2010.0,California,Yes,None
PSAM4NK,349664,7,5,0,0,49,36.579,48.91,0.7959183673469388,1.0816326530612246,24882,2020-04-22 13:13:01.487000-04:00,27,8,1,46.7592592592593,63.3663366336634,0.0,0.0,599,21.768,19.415,0.8247078464106845,1.1101836393989983,320053,2020-04-22 12:39:15.126000-04:00,2010.0,California,Yes,None
PSAM4NK,354480,6,5,0,0,28,11.8225,14.697,0.8928571428571429,1.0,24882,2020-04-22 13:13:01.487000-04:00,27,8,1,46.7592592592593,63.3663366336634,0.0,0.0,599,21.768,19.415,0.8247078464106845,1.1101836393989983,320053,2020-04-22 12:39:15.126000-04:00,2010.0,California,Yes,None
PSAM4NK,355846,7,2,0,0,54,10.984,15.2425,0.42592592592592593,1.962962962962963,24882,2020-04-22 13:13:01.487000-04:00,27,8,1,46.7592592592593,63.3663366336634,0.0,0.0,599,21.768,19.415,0.8247078464106845,1.1101836393989983,320053,2020-04-22 12:39:15.126000-04:00,2010.0,California,Yes,None
PSAM4NK,356178,8,4,0,0,39,18.449,18.456,0.8717948717948718,1.0256410256410255,24882,2020-04-22 13:13:01.487000-04:00,27,8,1,46.7592592592593,63.3663366336634,0.0,0.0,599,21.768,19.415,0.8247078464106845,1.1101836393989983,320053,2020-04-22 12:39:15.126000-04:00,2010.0,California,Yes,None
PSAM4NK,356366,5,4,0,0,24,16.749,17.7085,0.7916666666666666,1.2083333333333333,24882,2020-04-22 13:13:01.487000-04:00,27,8,1,46.7592592592593,63.3663366336634,0.0,0.0,599,21.768,19.415,0.8247078464106845,1.1101836393989983,320053,2020-04-22 12:39:15.126000-04:00,2010.0,California,Yes,None
PSAM4NK,357841,5,2,0,0,31,13.469,13.903,0.8064516129032258,1.129032258064516,24882,2020-04-22 13:13:01.487000-04:00,27,8,1,46.7592592592593,63.3663366336634,0.0,0.0,599,21.768,19.415,0.8247078464106845,1.1101836393989983,320053,2020-04-22 12:39:15.126000-04:00,2010.0,California,Yes,None
PSAM4NK,357906,7,5,0,0,37,26.998,28.852,0.8108108108108109,1.1081081081081081,24882,2020-04-22 13:13:01.487000-04:00,27,8,1,46.7592592592593,63.3663366336634,0.0,0.0,599,21.768,19.415,0.8247078464106845,1.1101836393989983,320053,2020-04-22 12:39:15.126000-04:00,2010.0,California,Yes,None
PSAM4NK,358070,5,3,0,0,22,36.958,46.2285,0.7727272727272727,1.3181818181818181,24882,2020-04-22 13:13:01.487000-04:00,27,8,1,46.7592592592593,63.3663366336634,0.0,0.0,599,21.768,19.415,0.8247078464106845,1.1101836393989983,320053,2020-04-22 12:39:15.126000-04:00,2010.0,California,Yes,None
PSAM4NK,358558,7,3,0,0,36,21.341,27.19,0.8333333333333334,1.1111111111111112,24882,2020-04-22 13:13:01.487000-04:00,27,8,1,46.7592592592593,63.3663366336634,0.0,0.0,599,21.768,19.415,0.8247078464106845,1.1101836393989983,320053,2020-04-22 12:39:15.126000-04:00,2010.0,California,Yes,None
PSAM4NK,360062,5,4,0,0,22,47.265,47.278,0.8181818181818182,1.0909090909090908,24882,2020-04-22 13:13:01.487000-04:00,27,8,1,46.7592592592593,63.3663366336634,0.0,0.0,599,21.768,19.415,0.8247078464106845,1.1101836393989983,320053,2020-04-22 12:39:15.126000-04:00,2010.0,California,Yes,None
PSAM4NK,366529,0,0,0,0,0,,,,,24882,2020-04-22 13:13:01.487000-04:00,27,8,1,46.7592592592593,63.3663366336634,0.0,0.0,599,21.768,19.415,0.8247078464106845,1.1101836393989983,320053,2020-04-22 12:39:15.126000-04:00,2010.0,California,Yes,None
PSAM4NK,350933,4,3,0,0,19,32.981,32.985,0.8947368421052632,1.0,24882,2020-04-22 13:13:01.487000-04:00,27,8,1,46.7592592592593,63.3663366336634,0.0,0.0,599,21.768,19.415,0.8247078464106845,1.1101836393989983,320053,2020-04-22 12:39:15.126000-04:00,2010.0,California,Yes,None
PSAM4NK,351352,5,4,0,0,28,24.825,28.787,0.8571428571428571,1.3571428571428572,24882,2020-04-22 13:13:01.487000-04:00,27,8,1,46.7592592592593,63.3663366336634,0.0,0.0,599,21.768,19.415,0.8247078464106845,1.1101836393989983,320053,2020-04-22 12:39:15.126000-04:00,2010.0,California,Yes,None
PSAM4NK,350743,4,4,0,0,26,19.2915,21.109,0.7692307692307693,1.0769230769230769,24882,2020-04-22 13:13:01.487000-04:00,27,8,1,46.7592592592593,63.3663366336634,0.0,0.0,599,21.768,19.415,0.8247078464106845,1.1101836393989983,320053,2020-04-22 12:39:15.126000-04:00,2010.0,California,Yes,None
PSAM4NK,350378,5,4,0,0,30,12.0495,15.414,0.6333333333333333,1.2666666666666666,24883,2020-04-22 13:13:01.489000-04:00,25,4,1,63.0,66.6666666666667,0.0,0.0,383,31.692,23.641,0.6422976501305483,1.5300261096605745,320053,2020-04-22 12:39:15.126000-04:00,2010.0,California,Yes,None
PSAM4NK,354090,4,3,0,0,22,27.699,28.32,0.6818181818181818,1.5909090909090908,24883,2020-04-22 13:13:01.489000-04:00,25,4,1,63.0,66.6666666666667,0.0,0.0,383,31.692,23.641,0.6422976501305483,1.5300261096605745,320053,2020-04-22 12:39:15.126000-04:00,2010.0,California,Yes,None
PSAM4NK,352911,4,3,0,0,32,47.068,63.7145,0.5625,1.8125,24883,2020-04-22 13:13:01.489000-04:00,25,4,1,63.0,66.6666666666667,0.0,0.0,383,31.692,23.641,0.6422976501305483,1.5300261096605745,320053,2020-04-22 12:39:15.126000-04:00,2010.0,California,Yes,None
PSAM4NK,354112,0,0,0,0,0,,,,,24883,2020-04-22 13:13:01.489000-04:00,25,4,1,63.0,66.6666666666667,0.0,0.0,383,31.692,23.641,0.6422976501305483,1.5300261096605745,320053,2020-04-22 12:39:15.126000-04:00,2010.0,California,Yes,None
PSAM4NK,351130,6,6,0,0,40,16.408,29.093,0.5,1.575,24883,2020-04-22 13:13:01.489000-04:00,25,4,1,63.0,66.6666666666667,0.0,0.0,383,31.692,23.641,0.6422976501305483,1.5300261096605745,320053,2020-04-22 12:39:15.126000-04:00,2010.0,California,Yes,None
PSAM4NK,354303,6,5,0,0,36,25.814,33.207,0.6944444444444444,1.8611111111111112,24883,2020-04-22 13:13:01.489000-04:00,25,4,1,63.0,66.6666666666667,0.0,0.0,383,31.692,23.641,0.6422976501305483,1.5300261096605745,320053,2020-04-22 12:39:15.126000-04:00,2010.0,California,Yes,None
PSAM4NK,376238,3,2,0,0,13,34.73,34.735,0.6153846153846154,1.4615384615384615,24883,2020-04-22 13:13:01.489000-04:00,25,4,1,63.0,66.6666666666667,0.0,0.0,383,31.692,23.641,0.6422976501305483,1.5300261096605745,320053,2020-04-22 12:39:15.126000-04:00,2010.0,California,Yes,None
PSAM4NK,371494,3,3,0,0,16,45.2365,47.546,0.75,1.5,24883,2020-04-22 13:13:01.489000-04:00,25,4,1,63.0,66.6666666666667,0.0,0.0,383,31.692,23.641,0.6422976501305483,1.5300261096605745,320053,2020-04-22 12:39:15.126000-04:00,2010.0,California,Yes,None
PSAM4NK,366269,3,2,0,0,19,101.855,188.887,0.7368421052631579,1.736842105263158,24883,2020-04-22 13:13:01.489000-04:00,25,4,1,63.0,66.6666666666667,0.0,0.0,383,31.692,23.641,0.6422976501305483,1.5300261096605745,320053,2020-04-22 12:39:15.126000-04:00,2010.0,California,Yes,None
PSAM4NK,363641,2,0,0,0,16,37.469,61.971,0.625,1.6875,24883,2020-04-22 13:13:01.489000-04:00,25,4,1,63.0,66.6666666666667,0.0,0.0,383,31.692,23.641,0.6422976501305483,1.5300261096605745,320053,2020-04-22 12:39:15.126000-04:00,2010.0,California,Yes,None
PSAM4NK,357002,6,5,0,0,29,10.364,16.357,0.6551724137931034,1.3793103448275863,24883,2020-04-22 13:13:01.489000-04:00,25,4,1,63.0,66.6666666666667,0.0,0.0,383,31.692,23.641,0.6422976501305483,1.5300261096605745,320053,2020-04-22 12:39:15.126000-04:00,2010.0,California,Yes,None
PSAM4NK,349608,4,3,0,0,30,50.5085,102.7595,0.5666666666666667,1.9,24883,2020-04-22 13:13:01.489000-04:00,25,4,1,63.0,66.6666666666667,0.0,0.0,383,31.692,23.641,0.6422976501305483,1.5300261096605745,320053,2020-04-22 12:39:15.126000-04:00,2010.0,California,Yes,None
PSAM4NK,349801,6,6,0,0,35,17.786,23.443,0.6,1.542857142857143,24883,2020-04-22 13:13:01.489000-04:00,25,4,1,63.0,66.6666666666667,0.0,0.0,383,31.692,23.641,0.6422976501305483,1.5300261096605745,320053,2020-04-22 12:39:15.126000-04:00,2010.0,California,Yes,None
PSAM4NK,349877,6,6,0,0,42,26.396,32.8395,0.6904761904761905,1.4285714285714286,24883,2020-04-22 13:13:01.489000-04:00,25,4,1,63.0,66.6666666666667,0.0,0.0,383,31.692,23.641,0.6422976501305483,1.5300261096605745,320053,2020-04-22 12:39:15.126000-04:00,2010.0,California,Yes,None
PSAM4NK,350122,6,2,0,0,19,24.638,26.669,0.7894736842105263,1.2105263157894737,24883,2020-04-22 13:13:01.489000-04:00,25,4,1,63.0,66.6666666666667,0.0,0.0,383,31.692,23.641,0.6422976501305483,1.5300261096605745,320053,2020-04-22 12:39:15.126000-04:00,2010.0,California,Yes,None
PSAM4NK,350151,4,2,0,0,16,21.488,30.162,0.625,1.5625,24883,2020-04-22 13:13:01.489000-04:00,25,4,1,63.0,66.6666666666667,0.0,0.0,383,31.692,23.641,0.6422976501305483,1.5300261096605745,320053,2020-04-22 12:39:15.126000-04:00,2010.0,California,Yes,None
PSAM4NK,350176,6,6,0,0,64,16.217,19.7675,0.609375,1.546875,24883,2020-04-22 13:13:01.489000-04:00,25,4,1,63.0,66.6666666666667,0.0,0.0,383,31.692,23.641,0.6422976501305483,1.5300261096605745,320053,2020-04-22 12:39:15.126000-04:00,2010.0,California,Yes,None
PSAM4NK,350405,5,3,0,0,23,29.793,47.991,0.6956521739130435,1.391304347826087,24883,2020-04-22 13:13:01.489000-04:00,25,4,1,63.0,66.6666666666667,0.0,0.0,383,31.692,23.641,0.6422976501305483,1.5300261096605745,320053,2020-04-22 12:39:15.126000-04:00,2010.0,California,Yes,None
PSAM4NK,354049,6,4,0,0,18,29.893,47.8895,0.7222222222222222,1.3888888888888888,24883,2020-04-22 13:13:01.489000-04:00,25,4,1,63.0,66.6666666666667,0.0,0.0,383,31.692,23.641,0.6422976501305483,1.5300261096605745,320053,2020-04-22 12:39:15.126000-04:00,2010.0,California,Yes,None
PSAM4NK,621428,3,3,3,3,20,32.4735,32.4815,1.0,1.0,28533,2020-06-09 12:39:20.766000-04:00,7,4,11,64.2857142857143,66.6666666666667,22.0779220779221,82.3529411764706,115,31.111,27.699,0.7142857142857143,1.2521739130434784,391520,2020-06-09 12:10:48.251000-04:00,70.0,Arkansas,Yes,Rural: Fringe
PSAM4NK,689412,3,1,0,0,12,43.1725,92.056,0.25,2.0,28533,2020-06-09 12:39:20.766000-04:00,7,4,11,64.2857142857143,66.6666666666667,22.0779220779221,82.3529411764706,115,31.111,27.699,0.7142857142857143,1.2521739130434784,391520,2020-06-09 12:10:48.251000-04:00,70.0,Arkansas,Yes,Rural: Fringe
PSAM4NK,634985,4,4,5,4,35,20.671,20.694,0.7619047619047619,1.2,28533,2020-06-09 12:39:20.766000-04:00,7,4,11,64.2857142857143,66.6666666666667,22.0779220779221,82.3529411764706,115,31.111,27.699,0.7142857142857143,1.2521739130434784,391520,2020-06-09 12:10:48.251000-04:00,70.0,Arkansas,Yes,Rural: Fringe
PSAM4NK,641147,4,3,8,7,35,28.648,30.904,0.8333333333333334,1.1714285714285715,28533,2020-06-09 12:39:20.766000-04:00,7,4,11,64.2857142857143,66.6666666666667,22.0779220779221,82.3529411764706,115,31.111,27.699,0.7142857142857143,1.2521739130434784,391520,2020-06-09 12:10:48.251000-04:00,70.0,Arkansas,Yes,Rural: Fringe
PSAM4NK,814913,0,0,0,0,0,,,,,28533,2020-06-09 12:39:20.766000-04:00,7,4,11,64.2857142857143,66.6666666666667,22.0779220779221,82.3529411764706,115,31.111,27.699,0.7142857142857143,1.2521739130434784,391520,2020-06-09 12:10:48.251000-04:00,70.0,Arkansas,Yes,Rural: Fringe
PSAM4NK,615284,4,4,7,7,39,34.131,34.898,0.8636363636363636,1.1025641025641026,28534,2020-06-09 12:39:20.769000-04:00,18,4,11,75.0,55.5555555555556,20.2020202020202,85.0,331,47.167,34.368,0.5201612903225806,1.4773413897280967,391520,2020-06-09 12:10:48.251000-04:00,70.0,Arkansas,Yes,Rural: Fringe
PSAM4NK,836765,0,0,1,1,2,315.21,494.171,0.0,1.5,28534,2020-06-09 12:39:20.769000-04:00,18,4,11,75.0,55.5555555555556,20.2020202020202,85.0,331,47.167,34.368,0.5201612903225806,1.4773413897280967,391520,2020-06-09 12:10:48.251000-04:00,70.0,Arkansas,Yes,Rural: Fringe
PSAM4NK,705534,2,1,0,0,15,31.411,51.864,0.6,1.2666666666666666,28534,2020-06-09 12:39:20.769000-04:00,18,4,11,75.0,55.5555555555556,20.2020202020202,85.0,331,47.167,34.368,0.5201612903225806,1.4773413897280967,391520,2020-06-09 12:10:48.251000-04:00,70.0,Arkansas,Yes,Rural: Fringe
PSAM4NK,655086,3,2,0,0,13,48.337,86.755,0.6153846153846154,1.2307692307692308,28534,2020-06-09 12:39:20.769000-04:00,18,4,11,75.0,55.5555555555556,20.2020202020202,85.0,331,47.167,34.368,0.5201612903225806,1.4773413897280967,391520,2020-06-09 12:10:48.251000-04:00,70.0,Arkansas,Yes,Rural: Fringe
PSAM4NK,782166,2,0,2,1,12,15.8885,24.7245,0.5,1.3333333333333333,28534,2020-06-09 12:39:20.769000-04:00,18,4,11,75.0,55.5555555555556,20.2020202020202,85.0,331,47.167,34.368,0.5201612903225806,1.4773413897280967,391520,2020-06-09 12:10:48.251000-04:00,70.0,Arkansas,Yes,Rural: Fringe
PSAM4NK,654660,3,2,3,2,20,26.891,37.881,0.5,1.4,28534,2020-06-09 12:39:20.769000-04:00,18,4,11,75.0,55.5555555555556,20.2020202020202,85.0,331,47.167,34.368,0.5201612903225806,1.4773413897280967,391520,2020-06-09 12:10:48.251000-04:00,70.0,Arkansas,Yes,Rural: Fringe
PSAM4NK,649777,4,2,3,2,16,21.9665,45.09,0.4666666666666667,1.8125,28534,2020-06-09 12:39:20.769000-04:00,18,4,11,75.0,55.5555555555556,20.2020202020202,85.0,331,47.167,34.368,0.5201612903225806,1.4773413897280967,391520,2020-06-09 12:10:48.251000-04:00,70.0,Arkansas,Yes,Rural: Fringe
PSAM4NK,650209,3,3,2,2,30,35.1275,55.005,0.5185185185185185,1.7333333333333334,28534,2020-06-09 12:39:20.769000-04:00,18,4,11,75.0,55.5555555555556,20.2020202020202,85.0,331,47.167,34.368,0.5201612903225806,1.4773413897280967,391520,2020-06-09 12:10:48.251000-04:00,70.0,Arkansas,Yes,Rural: Fringe
PSAM4NK,759793,3,1,0,0,12,19.0925,38.562,0.3333333333333333,1.6666666666666667,28534,2020-06-09 12:39:20.769000-04:00,18,4,11,75.0,55.5555555555556,20.2020202020202,85.0,331,47.167,34.368,0.5201612903225806,1.4773413897280967,391520,2020-06-09 12:10:48.251000-04:00,70.0,Arkansas,Yes,Rural: Fringe
PSAM4NK,637841,3,2,5,4,14,53.8105,53.819,0.8,1.0714285714285714,28534,2020-06-09 12:39:20.769000-04:00,18,4,11,75.0,55.5555555555556,20.2020202020202,85.0,331,47.167,34.368,0.5201612903225806,1.4773413897280967,391520,2020-06-09 12:10:48.251000-04:00,70.0,Arkansas,Yes,Rural: Fringe
PSAM4NK,664005,4,0,3,3,24,9.3,16.743,0.6190476190476191,2.8333333333333335,28534,2020-06-09 12:39:20.769000-04:00,18,4,11,75.0,55.5555555555556,20.2020202020202,85.0,331,47.167,34.368,0.5201612903225806,1.4773413897280967,391520,2020-06-09 12:10:48.251000-04:00,70.0,Arkansas,Yes,Rural: Fringe
PSAM4NK,615292,4,3,6,6,42,28.5965,34.0235,0.44,1.7380952380952381,28534,2020-06-09 12:39:20.769000-04:00,18,4,11,75.0,55.5555555555556,20.2020202020202,85.0,331,47.167,34.368,0.5201612903225806,1.4773413897280967,391520,2020-06-09 12:10:48.251000-04:00,70.0,Arkansas,Yes,Rural: Fringe
PSAM4NK,686242,4,1,0,0,15,11.778,22.93,0.2,1.0666666666666667,28534,2020-06-09 12:39:20.769000-04:00,18,4,11,75.0,55.5555555555556,20.2020202020202,85.0,331,47.167,34.368,0.5201612903225806,1.4773413897280967,391520,2020-06-09 12:10:48.251000-04:00,70.0,Arkansas,Yes,Rural: Fringe
PSAM4NK,628894,3,3,7,7,38,32.69,37.8825,0.65,1.1842105263157896,28534,2020-06-09 12:39:20.769000-04:00,18,4,11,75.0,55.5555555555556,20.2020202020202,85.0,331,47.167,34.368,0.5201612903225806,1.4773413897280967,391520,2020-06-09 12:10:48.251000-04:00,70.0,Arkansas,Yes,Rural: Fringe
PSAM4NK,615349,4,3,5,3,28,64.4325,84.118,0.55,1.3928571428571428,28534,2020-06-09 12:39:20.769000-04:00,18,4,11,75.0,55.5555555555556,20.2020202020202,85.0,331,47.167,34.368,0.5201612903225806,1.4773413897280967,391520,2020-06-09 12:10:48.251000-04:00,70.0,Arkansas,Yes,Rural: Fringe
PSAM4NK,615432,4,0,3,3,30,71.4245,141.6715,0.18181818181818182,2.3,28534,2020-06-09 12:39:20.769000-04:00,18,4,11,75.0,55.5555555555556,20.2020202020202,85.0,331,47.167,34.368,0.5201612903225806,1.4773413897280967,391520,2020-06-09 12:10:48.251000-04:00,70.0,Arkansas,Yes,Rural: Fringe
PSAM4NK,627268,4,1,6,6,36,31.693,51.5255,0.3157894736842105,1.527777777777778,28535,2020-06-09 12:39:20.771000-04:00,27,4,11,61.1111111111111,56.0606060606061,24.2424242424242,76.3888888888889,550,55.71,39.274,0.41247002398081534,1.538181818181818,391520,2020-06-09 12:10:48.251000-04:00,70.0,Arkansas,Yes,Rural: Fringe
PSAM4NK,640616,3,0,3,2,6,59.1835,65.4765,0.5,1.0,28535,2020-06-09 12:39:20.771000-04:00,27,4,11,61.1111111111111,56.0606060606061,24.2424242424242,76.3888888888889,550,55.71,39.274,0.41247002398081534,1.538181818181818,391520,2020-06-09 12:10:48.251000-04:00,70.0,Arkansas,Yes,Rural: Fringe
PSAM4NK,674974,3,3,0,0,13,35.438,49.95,0.8461538461538461,1.3076923076923077,28535,2020-06-09 12:39:20.771000-04:00,27,4,11,61.1111111111111,56.0606060606061,24.2424242424242,76.3888888888889,550,55.71,39.274,0.41247002398081534,1.538181818181818,391520,2020-06-09 12:10:48.251000-04:00,70.0,Arkansas,Yes,Rural: Fringe
PSAM4NK,621196,4,3,4,3,38,141.2775,155.2465,0.5,1.4210526315789473,28535,2020-06-09 12:39:20.771000-04:00,27,4,11,61.1111111111111,56.0606060606061,24.2424242424242,76.3888888888889,550,55.71,39.274,0.41247002398081534,1.538181818181818,391520,2020-06-09 12:10:48.251000-04:00,70.0,Arkansas,Yes,Rural: Fringe
PSAM4NK,675135,3,1,0,0,7,28.754,29.012,0.7142857142857143,1.5714285714285714,28535,2020-06-09 12:39:20.771000-04:00,27,4,11,61.1111111111111,56.0606060606061,24.2424242424242,76.3888888888889,550,55.71,39.274,0.41247002398081534,1.538181818181818,391520,2020-06-09 12:10:48.251000-04:00,70.0,Arkansas,Yes,Rural: Fringe
PSAM4NK,624470,4,1,6,3,41,33.75,55.949,0.2727272727272727,1.5609756097560976,28535,2020-06-09 12:39:20.771000-04:00,27,4,11,61.1111111111111,56.0606060606061,24.2424242424242,76.3888888888889,550,55.71,39.274,0.41247002398081534,1.538181818181818,391520,2020-06-09 12:10:48.251000-04:00,70.0,Arkansas,Yes,Rural: Fringe
PSAM4NK,641635,3,2,5,3,50,19.885,33.079,0.046511627906976744,1.3,28535,2020-06-09 12:39:20.771000-04:00,27,4,11,61.1111111111111,56.0606060606061,24.2424242424242,76.3888888888889,550,55.71,39.274,0.41247002398081534,1.538181818181818,391520,2020-06-09 12:10:48.251000-04:00,70.0,Arkansas,Yes,Rural: Fringe
PSAM4NK,675257,3,1,2,0,2,410.1755,419.467,0.5,1.5,28535,2020-06-09 12:39:20.771000-04:00,27,4,11,61.1111111111111,56.0606060606061,24.2424242424242,76.3888888888889,550,55.71,39.274,0.41247002398081534,1.538181818181818,391520,2020-06-09 12:10:48.251000-04:00,70.0,Arkansas,Yes,Rural: Fringe
PSAM4NK,642578,4,4,7,7,56,39.2105,48.077,0.5897435897435898,1.4464285714285714,28535,2020-06-09 12:39:20.771000-04:00,27,4,11,61.1111111111111,56.0606060606061,24.2424242424242,76.3888888888889,550,55.71,39.274,0.41247002398081534,1.538181818181818,391520,2020-06-09 12:10:48.251000-04:00,70.0,Arkansas,Yes,Rural: Fringe
PSAM4NK,642026,4,2,0,0,26,21.423,39.1905,0.2692307692307692,1.4230769230769231,28535,2020-06-09 12:39:20.771000-04:00,27,4,11,61.1111111111111,56.0606060606061,24.2424242424242,76.3888888888889,550,55.71,39.274,0.41247002398081534,1.538181818181818,391520,2020-06-09 12:10:48.251000-04:00,70.0,Arkansas,Yes,Rural: Fringe
PSAM4NK,675307,6,6,0,0,58,28.161,29.18,0.5862068965517241,1.5517241379310345,28535,2020-06-09 12:39:20.771000-04:00,27,4,11,61.1111111111111,56.0606060606061,24.2424242424242,76.3888888888889,550,55.71,39.274,0.41247002398081534,1.538181818181818,391520,2020-06-09 12:10:48.251000-04:00,70.0,Arkansas,Yes,Rural: Fringe
PSAM4NK,625007,4,4,9,7,44,41.575,52.922,0.68,1.4545454545454546,28535,2020-06-09 12:39:20.771000-04:00,27,4,11,61.1111111111111,56.0606060606061,24.2424242424242,76.3888888888889,550,55.71,39.274,0.41247002398081534,1.538181818181818,391520,2020-06-09 12:10:48.251000-04:00,70.0,Arkansas,Yes,Rural: Fringe
PSAM4NK,612490,4,1,7,6,56,23.089,48.677,0.1951219512195122,1.5535714285714286,28535,2020-06-09 12:39:20.771000-04:00,27,4,11,61.1111111111111,56.0606060606061,24.2424242424242,76.3888888888889,550,55.71,39.274,0.41247002398081534,1.538181818181818,391520,2020-06-09 12:10:48.251000-04:00,70.0,Arkansas,Yes,Rural: Fringe
PSAM4NK,751828,2,0,0,0,6,26.903,41.35,0.5,1.5,28535,2020-06-09 12:39:20.771000-04:00,27,4,11,61.1111111111111,56.0606060606061,24.2424242424242,76.3888888888889,550,55.71,39.274,0.41247002398081534,1.538181818181818,391520,2020-06-09 12:10:48.251000-04:00,70.0,Arkansas,Yes,Rural: Fringe
PSAM4NK,839752,0,0,1,1,1,16.69,20.638,0.0,2.0,28535,2020-06-09 12:39:20.771000-04:00,27,4,11,61.1111111111111,56.0606060606061,24.2424242424242,76.3888888888889,550,55.71,39.274,0.41247002398081534,1.538181818181818,391520,2020-06-09 12:10:48.251000-04:00,70.0,Arkansas,Yes,Rural: Fringe
PSAM4NK,659885,3,1,1,1,14,35.453,75.6815,0.07692307692307693,2.142857142857143,28535,2020-06-09 12:39:20.771000-04:00,27,4,11,61.1111111111111,56.0606060606061,24.2424242424242,76.3888888888889,550,55.71,39.274,0.41247002398081534,1.538181818181818,391520,2020-06-09 12:10:48.251000-04:00,70.0,Arkansas,Yes,Rural: Fringe
PSAM4NK,675086,3,2,2,1,23,24.137,39.704,0.43478260869565216,1.565217391304348,28535,2020-06-09 12:39:20.771000-04:00,27,4,11,61.1111111111111,56.0606060606061,24.2424242424242,76.3888888888889,550,55.71,39.274,0.41247002398081534,1.538181818181818,391520,2020-06-09 12:10:48.251000-04:00,70.0,Arkansas,Yes,Rural: Fringe
PSAM4NK,618586,4,4,9,6,49,53.3,63.395,0.59375,1.6122448979591837,28535,2020-06-09 12:39:20.771000-04:00,27,4,11,61.1111111111111,56.0606060606061,24.2424242424242,76.3888888888889,550,55.71,39.274,0.41247002398081534,1.538181818181818,391520,2020-06-09 12:10:48.251000-04:00,70.0,Arkansas,Yes,Rural: Fringe
PSAM4NK,661783,3,2,3,2,20,43.857,86.7615,0.4444444444444444,2.0,28535,2020-06-09 12:39:20.771000-04:00,27,4,11,61.1111111111111,56.0606060606061,24.2424242424242,76.3888888888889,550,55.71,39.274,0.41247002398081534,1.538181818181818,391520,2020-06-09 12:10:48.251000-04:00,70.0,Arkansas,Yes,Rural: Fringe
PSAM4NK,658916,4,3,5,5,51,30.379,54.119,0.4,1.4117647058823528,28536,2020-06-09 12:39:20.772000-04:00,26,4,11,69.2307692307692,62.5,29.3706293706294,76.1904761904762,622,62.7075,41.0175,0.45393258426966293,1.5144694533762058,391520,2020-06-09 12:10:48.251000-04:00,70.0,Arkansas,Yes,Rural: Fringe
PSAM4NK,660201,4,3,2,1,25,47.27,98.554,0.4444444444444444,1.64,28536,2020-06-09 12:39:20.772000-04:00,26,4,11,69.2307692307692,62.5,29.3706293706294,76.1904761904762,622,62.7075,41.0175,0.45393258426966293,1.5144694533762058,391520,2020-06-09 12:10:48.251000-04:00,70.0,Arkansas,Yes,Rural: Fringe
PSAM4NK,660663,5,3,5,1,26,44.3365,89.9505,0.5,1.6153846153846154,28536,2020-06-09 12:39:20.772000-04:00,26,4,11,69.2307692307692,62.5,29.3706293706294,76.1904761904762,622,62.7075,41.0175,0.45393258426966293,1.5144694533762058,391520,2020-06-09 12:10:48.251000-04:00,70.0,Arkansas,Yes,Rural: Fringe
PSAM4NK,626764,3,0,1,0,8,66.2455,184.1895,0.125,3.0,28536,2020-06-09 12:39:20.772000-04:00,26,4,11,69.2307692307692,62.5,29.3706293706294,76.1904761904762,622,62.7075,41.0175,0.45393258426966293,1.5144694533762058,391520,2020-06-09 12:10:48.251000-04:00,70.0,Arkansas,Yes,Rural: Fringe
PSAM4NK,635813,2,1,7,5,26,45.531,51.4965,0.6,1.1538461538461537,28536,2020-06-09 12:39:20.772000-04:00,26,4,11,69.2307692307692,62.5,29.3706293706294,76.1904761904762,622,62.7075,41.0175,0.45393258426966293,1.5144694533762058,391520,2020-06-09 12:10:48.251000-04:00,70.0,Arkansas,Yes,Rural: Fringe
PSAM4NK,840292,0,0,0,0,0,,,,,28536,2020-06-09 12:39:20.772000-04:00,26,4,11,69.2307692307692,62.5,29.3706293706294,76.1904761904762,622,62.7075,41.0175,0.45393258426966293,1.5144694533762058,391520,2020-06-09 12:10:48.251000-04:00,70.0,Arkansas,Yes,Rural: Fringe
PSAM4NK,641329,4,2,6,5,35,19.641,43.238,0.3181818181818182,1.4857142857142858,28536,2020-06-09 12:39:20.772000-04:00,26,4,11,69.2307692307692,62.5,29.3706293706294,76.1904761904762,622,62.7075,41.0175,0.45393258426966293,1.5144694533762058,391520,2020-06-09 12:10:48.251000-04:00,70.0,Arkansas,Yes,Rural: Fringe
PSAM4NK,677776,3,2,1,1,33,15.902,36.197,0.36363636363636365,1.7575757575757576,28536,2020-06-09 12:39:20.772000-04:00,26,4,11,69.2307692307692,62.5,29.3706293706294,76.1904761904762,622,62.7075,41.0175,0.45393258426966293,1.5144694533762058,391520,2020-06-09 12:10:48.251000-04:00,70.0,Arkansas,Yes,Rural: Fringe
PSAM4NK,618269,1,0,1,1,3,63.058,63.066,0.0,2.6666666666666665,28536,2020-06-09 12:39:20.772000-04:00,26,4,11,69.2307692307692,62.5,29.3706293706294,76.1904761904762,622,62.7075,41.0175,0.45393258426966293,1.5144694533762058,391520,2020-06-09 12:10:48.251000-04:00,70.0,Arkansas,Yes,Rural: Fringe
PSAM4NK,625715,2,2,9,8,51,36.991,41.89,0.696969696969697,1.2941176470588236,28536,2020-06-09 12:39:20.772000-04:00,26,4,11,69.2307692307692,62.5,29.3706293706294,76.1904761904762,622,62.7075,41.0175,0.45393258426966293,1.5144694533762058,391520,2020-06-09 12:10:48.251000-04:00,70.0,Arkansas,Yes,Rural: Fringe
PSAM4NK,626494,4,3,7,5,41,42.055,51.132,0.5151515151515151,1.4878048780487805,28536,2020-06-09 12:39:20.772000-04:00,26,4,11,69.2307692307692,62.5,29.3706293706294,76.1904761904762,622,62.7075,41.0175,0.45393258426966293,1.5144694533762058,391520,2020-06-09 12:10:48.251000-04:00,70.0,Arkansas,Yes,Rural: Fringe
PSAM4NK,626688,4,3,8,7,38,52.118,70.6595,0.6,1.5263157894736843,28536,2020-06-09 12:39:20.772000-04:00,26,4,11,69.2307692307692,62.5,29.3706293706294,76.1904761904762,622,62.7075,41.0175,0.45393258426966293,1.5144694533762058,391520,2020-06-09 12:10:48.251000-04:00,70.0,Arkansas,Yes,Rural: Fringe
PSAM4NK,626690,4,2,6,5,41,63.035,72.975,0.4,1.3658536585365855,28536,2020-06-09 12:39:20.772000-04:00,26,4,11,69.2307692307692,62.5,29.3706293706294,76.1904761904762,622,62.7075,41.0175,0.45393258426966293,1.5144694533762058,391520,2020-06-09 12:10:48.251000-04:00,70.0,Arkansas,Yes,Rural: Fringe
PSAM4NK,595186,4,1,7,5,33,30.913,41.727,0.21739130434782608,1.7272727272727273,28536,2020-06-09 12:39:20.772000-04:00,26,4,11,69.2307692307692,62.5,29.3706293706294,76.1904761904762,622,62.7075,41.0175,0.45393258426966293,1.5144694533762058,391520,2020-06-09 12:10:48.251000-04:00,70.0,Arkansas,Yes,Rural: Fringe
PSAM4NK,698707,3,1,0,0,32,18.888,36.8125,0.34375,1.1875,28536,2020-06-09 12:39:20.772000-04:00,26,4,11,69.2307692307692,62.5,29.3706293706294,76.1904761904762,622,62.7075,41.0175,0.45393258426966293,1.5144694533762058,391520,2020-06-09 12:10:48.251000-04:00,70.0,Arkansas,Yes,Rural: Fringe
PSAM4NK,609205,4,2,8,5,51,57.97,70.983,0.29411764705882354,1.9019607843137254,28536,2020-06-09 12:39:20.772000-04:00,26,4,11,69.2307692307692,62.5,29.3706293706294,76.1904761904762,622,62.7075,41.0175,0.45393258426966293,1.5144694533762058,391520,2020-06-09 12:10:48.251000-04:00,70.0,Arkansas,Yes,Rural: Fringe
PSAM4NK,644148,4,4,7,7,44,27.3815,41.5465,0.5925925925925926,1.2954545454545454,28536,2020-06-09 12:39:20.772000-04:00,26,4,11,69.2307692307692,62.5,29.3706293706294,76.1904761904762,622,62.7075,41.0175,0.45393258426966293,1.5144694533762058,391520,2020-06-09 12:10:48.251000-04:00,70.0,Arkansas,Yes,Rural: Fringe
PSAM4NK,609991,4,3,7,7,60,91.232,118.637,0.4883720930232558,1.55,28536,2020-06-09 12:39:20.772000-04:00,26,4,11,69.2307692307692,62.5,29.3706293706294,76.1904761904762,622,62.7075,41.0175,0.45393258426966293,1.5144694533762058,391520,2020-06-09 12:10:48.251000-04:00,70.0,Arkansas,Yes,Rural: Fringe
PSAM4NK,799433,4,4,2,1,16,30.485,30.4905,0.8,1.25,28536,2020-06-09 12:39:20.772000-04:00,26,4,11,69.2307692307692,62.5,29.3706293706294,76.1904761904762,622,62.7075,41.0175,0.45393258426966293,1.5144694533762058,391520,2020-06-09 12:10:48.251000-04:00,70.0,Arkansas,Yes,Rural: Fringe
PSAM4NK,405581,8,7,149,147,1523,30.583,38.508,0.6932203389830508,1.4340118187787263,32044,2020-08-05 13:04:27.645000-04:00,19,8,158,41.4473684210526,30.1587301587302,45.9027315123251,60.7402031930334,8100,34.3845,25.8945,0.5700203411046785,1.482469135802469,401956,2020-07-30 15:03:48.778000-04:00,1369.0,North Carolina,Yes,None
PSAM4NK,405818,1,0,113,82,604,27.8965,32.2065,0.64,1.2483443708609272,32044,2020-08-05 13:04:27.645000-04:00,19,8,158,41.4473684210526,30.1587301587302,45.9027315123251,60.7402031930334,8100,34.3845,25.8945,0.5700203411046785,1.482469135802469,401956,2020-07-30 15:03:48.778000-04:00,1369.0,North Carolina,Yes,None
PSAM4NK,405880,7,3,22,4,64,28.5585,48.7165,0.4745762711864407,1.609375,32044,2020-08-05 13:04:27.645000-04:00,19,8,158,41.4473684210526,30.1587301587302,45.9027315123251,60.7402031930334,8100,34.3845,25.8945,0.5700203411046785,1.482469135802469,401956,2020-07-30 15:03:48.778000-04:00,1369.0,North Carolina,Yes,None
PSAM4NK,438037,7,2,51,20,321,26.333,38.173,0.5032894736842105,1.5669781931464175,32044,2020-08-05 13:04:27.645000-04:00,19,8,158,41.4473684210526,30.1587301587302,45.9027315123251,60.7402031930334,8100,34.3845,25.8945,0.5700203411046785,1.482469135802469,401956,2020-07-30 15:03:48.778000-04:00,1369.0,North Carolina,Yes,None
PSAM4NK,438616,7,0,134,81,848,19.5275,29.0145,0.3613086770981508,1.5860849056603774,32044,2020-08-05 13:04:27.645000-04:00,19,8,158,41.4473684210526,30.1587301587302,45.9027315123251,60.7402031930334,8100,34.3845,25.8945,0.5700203411046785,1.482469135802469,401956,2020-07-30 15:03:48.778000-04:00,1369.0,North Carolina,Yes,None
PSAM4NK,405336,1,0,126,112,872,14.9045,18.0455,0.5495798319327732,1.2098623853211008,32045,2020-08-05 13:04:27.647000-04:00,19,8,154,36.1842105263158,49.0909090909091,42.447026657553,62.8019323671498,7224,28.2205,22.552,0.5848920863309353,1.334440753045404,401956,2020-07-30 15:03:48.778000-04:00,1369.0,North Carolina,Yes,None
PSAM4NK,405414,8,6,145,111,834,25.4945,30.0715,0.6424870466321243,1.2529976019184652,32045,2020-08-05 13:04:27.647000-04:00,19,8,154,36.1842105263158,49.0909090909091,42.447026657553,62.8019323671498,7224,28.2205,22.552,0.5848920863309353,1.334440753045404,401956,2020-07-30 15:03:48.778000-04:00,1369.0,North Carolina,Yes,None
PSAM4NK,437980,0,0,16,8,38,16.267,17.4005,0.8709677419354839,1.4210526315789473,32045,2020-08-05 13:04:27.647000-04:00,19,8,154,36.1842105263158,49.0909090909091,42.447026657553,62.8019323671498,7224,28.2205,22.552,0.5848920863309353,1.334440753045404,401956,2020-07-30 15:03:48.778000-04:00,1369.0,North Carolina,Yes,None
PSAM4NK,439420,6,5,70,40,462,44.309,63.68,0.6458333333333334,1.471861471861472,32045,2020-08-05 13:04:27.647000-04:00,19,8,154,36.1842105263158,49.0909090909091,42.447026657553,62.8019323671498,7224,28.2205,22.552,0.5848920863309353,1.334440753045404,401956,2020-07-30 15:03:48.778000-04:00,1369.0,North Carolina,Yes,None
PSAM4NK,515598,5,3,69,33,374,23.843,29.8585,0.5893536121673004,1.352941176470588,32045,2020-08-05 13:04:27.647000-04:00,19,8,154,36.1842105263158,49.0909090909091,42.447026657553,62.8019323671498,7224,28.2205,22.552,0.5848920863309353,1.334440753045404,401956,2020-07-30 15:03:48.778000-04:00,1369.0,North Carolina,Yes,None
PSAM4NK,617888,3,2,32,31,315,37.083,37.785,0.9387755102040817,1.0603174603174603,32841,2020-08-06 17:43:21.214000-04:00,24,2,45,43.75,38.0952380952381,64.7222222222222,90.5579399141631,7604,57.3235,53.1545,0.8932346723044398,1.1192793266701735,152549,2020-03-26 12:43:21.150000-04:00,2340.0,Washington,No,None
PSAM4NK,616379,2,1,33,29,372,55.0705,59.144,0.9342560553633218,1.0483870967741935,32841,2020-08-06 17:43:21.214000-04:00,24,2,45,43.75,38.0952380952381,64.7222222222222,90.5579399141631,7604,57.3235,53.1545,0.8932346723044398,1.1192793266701735,152549,2020-03-26 12:43:21.150000-04:00,2340.0,Washington,No,None
PSAM4NK,659191,4,3,54,47,313,45.423,50.99,0.6748768472906403,1.2044728434504792,38845,2020-08-18 11:40:40.200000-04:00,37,1,77,0.0,0.0,29.5542295542296,80.7600950118765,3938,63.4385,56.8125,0.5475799835931091,1.2384459116302693,436880,2020-08-17 18:25:30.769000-04:00,257.0,Louisiana,No,None
PSAM4NK,659223,4,3,50,29,211,76.785,84.621,0.48344370860927155,1.3080568720379147,38845,2020-08-18 11:40:40.200000-04:00,37,1,77,0.0,0.0,29.5542295542296,80.7600950118765,3938,63.4385,56.8125,0.5475799835931091,1.2384459116302693,436880,2020-08-17 18:25:30.769000-04:00,257.0,Louisiana,No,None
PSAM4NK,757337,3,3,69,68,414,37.751,46.0805,0.642023346303502,1.277777777777778,38845,2020-08-18 11:40:40.200000-04:00,37,1,77,0.0,0.0,29.5542295542296,80.7600950118765,3938,63.4385,56.8125,0.5475799835931091,1.2384459116302693,436880,2020-08-17 18:25:30.769000-04:00,257.0,Louisiana,No,None
PSAM4NK,763062,0,0,15,10,65,36.595,46.838,0.27906976744186046,1.4,38846,2020-08-18 11:40:40.201000-04:00,46,5,3,22.1739130434783,60.7843137254902,18.8405797101449,80.7692307692308,498,33.5005,23.6555,0.39669421487603307,1.4116465863453815,436880,2020-08-17 18:25:30.769000-04:00,257.0,Louisiana,No,None
PSAM4NK,897133,0,0,0,0,0,,,,,38847,2020-08-18 11:40:40.202000-04:00,47,1,76,0.0,0.0,16.4333706606943,60.9880749574106,2241,45.506,39.72,0.36016655100624567,1.28380187416332,436880,2020-08-17 18:25:30.769000-04:00,257.0,Louisiana,No,None
PSAM4NK,767259,2,0,37,27,132,61.4655,70.7815,0.3176470588235294,1.2575757575757576,38847,2020-08-18 11:40:40.202000-04:00,47,1,76,0.0,0.0,16.4333706606943,60.9880749574106,2241,45.506,39.72,0.36016655100624567,1.28380187416332,436880,2020-08-17 18:25:30.769000-04:00,257.0,Louisiana,No,None
PSAM4NK,716998,1,0,3,2,17,73.108,84.582,0.3076923076923077,1.0,38847,2020-08-18 11:40:40.202000-04:00,47,1,76,0.0,0.0,16.4333706606943,60.9880749574106,2241,45.506,39.72,0.36016655100624567,1.28380187416332,436880,2020-08-17 18:25:30.769000-04:00,257.0,Louisiana,No,None
PSAM4NK,659189,5,1,62,52,293,44.563,51.544,0.6222222222222222,1.1774744027303754,38847,2020-08-18 11:40:40.202000-04:00,47,1,76,0.0,0.0,16.4333706606943,60.9880749574106,2241,45.506,39.72,0.36016655100624567,1.28380187416332,436880,2020-08-17 18:25:30.769000-04:00,257.0,Louisiana,No,None
PSAM4NK,490528,12,4,21,11,111,17.766,22.302,0.47706422018348627,1.864864864864865,39331,2020-08-18 18:42:28.390000-04:00,46,13,26,26.2541806020067,56.0509554140127,36.4548494983278,74.7706422018349,3432,37.5245,28.459,0.43539932161578787,1.86509324009324,444389,2020-08-18 18:13:34.820000-04:00,335.0,California,No,None
PSAM4NK,452790,14,8,23,21,275,14.256,22.0,0.3193916349809886,1.8763636363636365,39331,2020-08-18 18:42:28.390000-04:00,46,13,26,26.2541806020067,56.0509554140127,36.4548494983278,74.7706422018349,3432,37.5245,28.459,0.43539932161578787,1.86509324009324,444389,2020-08-18 18:13:34.820000-04:00,335.0,California,No,None
PSAM4NK,795791,12,9,15,12,159,36.621,52.967,0.4968152866242038,1.660377358490566,39331,2020-08-18 18:42:28.390000-04:00,46,13,26,26.2541806020067,56.0509554140127,36.4548494983278,74.7706422018349,3432,37.5245,28.459,0.43539932161578787,1.86509324009324,444389,2020-08-18 18:13:34.820000-04:00,335.0,California,No,None
PSAM4NK,454680,12,1,17,13,152,6.1145,14.9515,0.3310810810810811,2.0526315789473686,39331,2020-08-18 18:42:28.390000-04:00,46,13,26,26.2541806020067,56.0509554140127,36.4548494983278,74.7706422018349,3432,37.5245,28.459,0.43539932161578787,1.86509324009324,444389,2020-08-18 18:13:34.820000-04:00,335.0,California,No,None
PSAM4NK,451826,14,7,23,20,285,13.977,23.025,0.3443223443223443,2.1403508771929824,39331,2020-08-18 18:42:28.390000-04:00,46,13,26,26.2541806020067,56.0509554140127,36.4548494983278,74.7706422018349,3432,37.5245,28.459,0.43539932161578787,1.86509324009324,444389,2020-08-18 18:13:34.820000-04:00,335.0,California,No,None
PSAM4NK,503387,10,6,9,7,125,25.161,38.66,0.4796747967479675,1.904,39331,2020-08-18 18:42:28.390000-04:00,46,13,26,26.2541806020067,56.0509554140127,36.4548494983278,74.7706422018349,3432,37.5245,28.459,0.43539932161578787,1.86509324009324,444389,2020-08-18 18:13:34.820000-04:00,335.0,California,No,None
PSAM4NK,471666,9,5,16,11,142,25.389,33.6065,0.4961832061068702,1.8450704225352113,39331,2020-08-18 18:42:28.390000-04:00,46,13,26,26.2541806020067,56.0509554140127,36.4548494983278,74.7706422018349,3432,37.5245,28.459,0.43539932161578787,1.86509324009324,444389,2020-08-18 18:13:34.820000-04:00,335.0,California,No,None
PSAM4NK,679350,7,6,9,8,138,34.395,44.113,0.4230769230769231,1.8188405797101448,39331,2020-08-18 18:42:28.390000-04:00,46,13,26,26.2541806020067,56.0509554140127,36.4548494983278,74.7706422018349,3432,37.5245,28.459,0.43539932161578787,1.86509324009324,444389,2020-08-18 18:13:34.820000-04:00,335.0,California,No,None
PSAM4NK,458605,11,3,24,20,237,22.335,34.73,0.4026548672566372,2.1139240506329116,39331,2020-08-18 18:42:28.390000-04:00,46,13,26,26.2541806020067,56.0509554140127,36.4548494983278,74.7706422018349,3432,37.5245,28.459,0.43539932161578787,1.86509324009324,444389,2020-08-18 18:13:34.820000-04:00,335.0,California,No,None
PSAM4NK,627223,3,2,61,53,381,63.522,78.808,0.30677290836653387,1.6325459317585302,47345,2020-08-28 11:15:06.365000-04:00,30,3,76,20.0,50.0,30.9210526315789,74.468085106383,3821,42.397,34.022,0.5205992509363296,1.309081392305679,336153,2020-04-27 12:38:29.916000-04:00,875.0,Louisiana,No,None
PSAM4NK,294063,3,3,73,57,341,32.787,40.693,0.6106194690265486,1.3372434017595307,47345,2020-08-28 11:15:06.365000-04:00,30,3,76,20.0,50.0,30.9210526315789,74.468085106383,3821,42.397,34.022,0.5205992509363296,1.309081392305679,336153,2020-04-27 12:38:29.916000-04:00,875.0,Louisiana,No,None
PSAM4NK,351113,3,1,33,30,126,37.517,39.947,0.5813953488372093,1.2301587301587302,47345,2020-08-28 11:15:06.365000-04:00,30,3,76,20.0,50.0,30.9210526315789,74.468085106383,3821,42.397,34.022,0.5205992509363296,1.309081392305679,336153,2020-04-27 12:38:29.916000-04:00,875.0,Louisiana,No,None
PSAM4NK,191304,3,3,77,68,424,47.253,58.998,0.6127819548872181,1.3018867924528301,47345,2020-08-28 11:15:06.365000-04:00,30,3,76,20.0,50.0,30.9210526315789,74.468085106383,3821,42.397,34.022,0.5205992509363296,1.309081392305679,336153,2020-04-27 12:38:29.916000-04:00,875.0,Louisiana,No,None
PSAM4NK,627797,4,0,29,26,198,7.2075,20.657,0.125,1.1313131313131313,47345,2020-08-28 11:15:06.365000-04:00,30,3,76,20.0,50.0,30.9210526315789,74.468085106383,3821,42.397,34.022,0.5205992509363296,1.309081392305679,336153,2020-04-27 12:38:29.916000-04:00,875.0,Louisiana,No,None
PSAM4NK,361533,3,2,40,20,171,66.003,75.325,0.808695652173913,1.1228070175438596,47345,2020-08-28 11:15:06.365000-04:00,30,3,76,20.0,50.0,30.9210526315789,74.468085106383,3821,42.397,34.022,0.5205992509363296,1.309081392305679,336153,2020-04-27 12:38:29.916000-04:00,875.0,Louisiana,No,None
PSAM4NK,584499,3,3,68,62,429,26.647,29.584,0.8127208480565371,1.1958041958041958,47345,2020-08-28 11:15:06.365000-04:00,30,3,76,20.0,50.0,30.9210526315789,74.468085106383,3821,42.397,34.022,0.5205992509363296,1.309081392305679,336153,2020-04-27 12:38:29.916000-04:00,875.0,Louisiana,No,None
PSAM4NK,364141,6,0,170,156,1124,31.9715,42.3415,0.3848314606741573,1.3469750889679715,47345,2020-08-28 11:15:06.365000-04:00,30,3,76,20.0,50.0,30.9210526315789,74.468085106383,3821,42.397,34.022,0.5205992509363296,1.309081392305679,336153,2020-04-27 12:38:29.916000-04:00,875.0,Louisiana,No,None
PSAM4NK,620743,7,4,81,61,438,40.2055,53.2685,0.5346534653465347,1.4406392694063928,47345,2020-08-28 11:15:06.365000-04:00,30,3,76,20.0,50.0,30.9210526315789,74.468085106383,3821,42.397,34.022,0.5205992509363296,1.309081392305679,336153,2020-04-27 12:38:29.916000-04:00,875.0,Louisiana,No,None
PSAM4NK,213367,3,2,53,42,322,20.837,25.1395,0.48917748917748916,1.2546583850931676,47345,2020-08-28 11:15:06.365000-04:00,30,3,76,20.0,50.0,30.9210526315789,74.468085106383,3821,42.397,34.022,0.5205992509363296,1.309081392305679,336153,2020-04-27 12:38:29.916000-04:00,875.0,Louisiana,No,None
PSAM4NK,609012,3,1,33,19,126,32.526,49.2435,0.26666666666666666,1.1666666666666667,47345,2020-08-28 11:15:06.365000-04:00,30,3,76,20.0,50.0,30.9210526315789,74.468085106383,3821,42.397,34.022,0.5205992509363296,1.309081392305679,336153,2020-04-27 12:38:29.916000-04:00,875.0,Louisiana,No,None
PSAM4NK,240883,2,2,94,79,445,20.88,27.287,0.4103448275862069,1.2808988764044944,47345,2020-08-28 11:15:06.365000-04:00,30,3,76,20.0,50.0,30.9210526315789,74.468085106383,3821,42.397,34.022,0.5205992509363296,1.309081392305679,336153,2020-04-27 12:38:29.916000-04:00,875.0,Louisiana,No,None
PSAM4NK,340838,3,3,70,58,389,34.06,41.403,0.5731225296442688,1.2904884318766068,47346,2020-08-28 11:15:06.366000-04:00,32,3,76,19.7916666666667,47.3684210526316,40.5427631578947,76.2677484787018,5586,44.15,36.132,0.5471167369901547,1.2878625134264232,336153,2020-04-27 12:38:29.916000-04:00,875.0,Louisiana,No,None
PSAM4NK,199833,2,1,60,58,386,27.868,40.3125,0.354978354978355,1.2176165803108807,47346,2020-08-28 11:15:06.366000-04:00,32,3,76,19.7916666666667,47.3684210526316,40.5427631578947,76.2677484787018,5586,44.15,36.132,0.5471167369901547,1.2878625134264232,336153,2020-04-27 12:38:29.916000-04:00,875.0,Louisiana,No,None
PSAM4NK,376005,4,3,85,76,488,18.739,21.3775,0.5660377358490566,1.2377049180327868,47346,2020-08-28 11:15:06.366000-04:00,32,3,76,19.7916666666667,47.3684210526316,40.5427631578947,76.2677484787018,5586,44.15,36.132,0.5471167369901547,1.2878625134264232,336153,2020-04-27 12:38:29.916000-04:00,875.0,Louisiana,No,None
PSAM4NK,720659,2,1,81,67,385,45.414,55.595,0.424812030075188,1.425974025974026,47346,2020-08-28 11:15:06.366000-04:00,32,3,76,19.7916666666667,47.3684210526316,40.5427631578947,76.2677484787018,5586,44.15,36.132,0.5471167369901547,1.2878625134264232,336153,2020-04-27 12:38:29.916000-04:00,875.0,Louisiana,No,None
PSAM4NK,722501,3,2,50,31,248,30.077,38.761,0.5823529411764706,1.310483870967742,47346,2020-08-28 11:15:06.366000-04:00,32,3,76,19.7916666666667,47.3684210526316,40.5427631578947,76.2677484787018,5586,44.15,36.132,0.5471167369901547,1.2878625134264232,336153,2020-04-27 12:38:29.916000-04:00,875.0,Louisiana,No,None
PSAM4NK,616415,5,4,89,74,443,31.742,38.471,0.6274509803921569,1.304740406320542,47346,2020-08-28 11:15:06.366000-04:00,32,3,76,19.7916666666667,47.3684210526316,40.5427631578947,76.2677484787018,5586,44.15,36.132,0.5471167369901547,1.2878625134264232,336153,2020-04-27 12:38:29.916000-04:00,875.0,Louisiana,No,None
PSAM4NK,343434,1,0,17,12,67,54.181,63.39,0.8181818181818182,1.119402985074627,47346,2020-08-28 11:15:06.366000-04:00,32,3,76,19.7916666666667,47.3684210526316,40.5427631578947,76.2677484787018,5586,44.15,36.132,0.5471167369901547,1.2878625134264232,336153,2020-04-27 12:38:29.916000-04:00,875.0,Louisiana,No,None
PSAM4NK,616424,2,0,50,28,200,38.8195,51.696,0.40441176470588236,1.485,47346,2020-08-28 11:15:06.366000-04:00,32,3,76,19.7916666666667,47.3684210526316,40.5427631578947,76.2677484787018,5586,44.15,36.132,0.5471167369901547,1.2878625134264232,336153,2020-04-27 12:38:29.916000-04:00,875.0,Louisiana,No,None
PSAM4NK,616448,3,3,55,48,352,49.415,57.4505,0.5973451327433629,1.2670454545454546,47346,2020-08-28 11:15:06.366000-04:00,32,3,76,19.7916666666667,47.3684210526316,40.5427631578947,76.2677484787018,5586,44.15,36.132,0.5471167369901547,1.2878625134264232,336153,2020-04-27 12:38:29.916000-04:00,875.0,Louisiana,No,None
PSAM4NK,219081,3,3,45,38,274,44.569,47.184,0.6494845360824743,1.2883211678832116,47346,2020-08-28 11:15:06.366000-04:00,32,3,76,19.7916666666667,47.3684210526316,40.5427631578947,76.2677484787018,5586,44.15,36.132,0.5471167369901547,1.2878625134264232,336153,2020-04-27 12:38:29.916000-04:00,875.0,Louisiana,No,None
PSAM4NK,206355,2,2,107,104,647,38.408,47.094,0.7146341463414634,1.267387944358578,47346,2020-08-28 11:15:06.366000-04:00,32,3,76,19.7916666666667,47.3684210526316,40.5427631578947,76.2677484787018,5586,44.15,36.132,0.5471167369901547,1.2878625134264232,336153,2020-04-27 12:38:29.916000-04:00,875.0,Louisiana,No,None
PSAM4NK,228081,2,2,56,52,298,29.528,35.4305,0.609375,1.3120805369127517,47347,2020-08-28 11:15:06.367000-04:00,33,3,79,25.2525252525253,60.0,43.2297660145761,68.7666370896185,5227,51.211,38.447,0.4898336414048059,1.4258656973407309,336153,2020-04-27 12:38:29.916000-04:00,875.0,Louisiana,No,None
PSAM4NK,348028,8,8,99,88,552,35.6495,48.026,0.6862745098039216,1.3985507246376812,47347,2020-08-28 11:15:06.367000-04:00,33,3,79,25.2525252525253,60.0,43.2297660145761,68.7666370896185,5227,51.211,38.447,0.4898336414048059,1.4258656973407309,336153,2020-04-27 12:38:29.916000-04:00,875.0,Louisiana,No,None
PSAM4NK,375891,3,3,30,22,86,39.3495,43.084,0.7049180327868853,1.313953488372093,47347,2020-08-28 11:15:06.367000-04:00,33,3,79,25.2525252525253,60.0,43.2297660145761,68.7666370896185,5227,51.211,38.447,0.4898336414048059,1.4258656973407309,336153,2020-04-27 12:38:29.916000-04:00,875.0,Louisiana,No,None
PSAM4NK,582173,3,3,56,47,352,45.569,55.4745,0.5405405405405406,1.3153409090909092,47347,2020-08-28 11:15:06.367000-04:00,33,3,79,25.2525252525253,60.0,43.2297660145761,68.7666370896185,5227,51.211,38.447,0.4898336414048059,1.4258656973407309,336153,2020-04-27 12:38:29.916000-04:00,875.0,Louisiana,No,None
PSAM4NK,591187,5,4,79,75,527,49.56,77.029,0.45588235294117646,1.8007590132827325,47347,2020-08-28 11:15:06.367000-04:00,33,3,79,25.2525252525253,60.0,43.2297660145761,68.7666370896185,5227,51.211,38.447,0.4898336414048059,1.4258656973407309,336153,2020-04-27 12:38:29.916000-04:00,875.0,Louisiana,No,None
PSAM4NK,336084,2,1,50,42,269,30.661,43.969,0.25925925925925924,1.479553903345725,47347,2020-08-28 11:15:06.367000-04:00,33,3,79,25.2525252525253,60.0,43.2297660145761,68.7666370896185,5227,51.211,38.447,0.4898336414048059,1.4258656973407309,336153,2020-04-27 12:38:29.916000-04:00,875.0,Louisiana,No,None
PSAM4NK,785759,2,2,52,45,310,20.2895,30.0285,0.3463414634146341,1.164516129032258,47347,2020-08-28 11:15:06.367000-04:00,33,3,79,25.2525252525253,60.0,43.2297660145761,68.7666370896185,5227,51.211,38.447,0.4898336414048059,1.4258656973407309,336153,2020-04-27 12:38:29.916000-04:00,875.0,Louisiana,No,None
PSAM4NK,607878,4,3,69,51,345,21.093,34.438,0.2062780269058296,1.4144927536231884,47347,2020-08-28 11:15:06.367000-04:00,33,3,79,25.2525252525253,60.0,43.2297660145761,68.7666370896185,5227,51.211,38.447,0.4898336414048059,1.4258656973407309,336153,2020-04-27 12:38:29.916000-04:00,875.0,Louisiana,No,None
PSAM4NK,634960,2,0,57,29,131,17.264,31.303,0.3235294117647059,1.450381679389313,47347,2020-08-28 11:15:06.367000-04:00,33,3,79,25.2525252525253,60.0,43.2297660145761,68.7666370896185,5227,51.211,38.447,0.4898336414048059,1.4258656973407309,336153,2020-04-27 12:38:29.916000-04:00,875.0,Louisiana,No,None
PSAM4NK,657574,5,3,26,16,93,70.037,82.056,0.5909090909090909,1.3118279569892473,47347,2020-08-28 11:15:06.367000-04:00,33,3,79,25.2525252525253,60.0,43.2297660145761,68.7666370896185,5227,51.211,38.447,0.4898336414048059,1.4258656973407309,336153,2020-04-27 12:38:29.916000-04:00,875.0,Louisiana,No,None
PSAM4NK,337274,3,3,35,18,74,79.7175,122.8415,0.6140350877192983,1.472972972972973,47347,2020-08-28 11:15:06.367000-04:00,33,3,79,25.2525252525253,60.0,43.2297660145761,68.7666370896185,5227,51.211,38.447,0.4898336414048059,1.4258656973407309,336153,2020-04-27 12:38:29.916000-04:00,875.0,Louisiana,No,None
PSAM4NK,283559,4,4,59,51,332,31.587,41.8285,0.5846153846153846,1.5301204819277108,47347,2020-08-28 11:15:06.367000-04:00,33,3,79,25.2525252525253,60.0,43.2297660145761,68.7666370896185,5227,51.211,38.447,0.4898336414048059,1.4258656973407309,336153,2020-04-27 12:38:29.916000-04:00,875.0,Louisiana,No,None
PSAM4NK,338691,3,3,26,10,64,41.999,51.3105,0.7209302325581395,1.15625,47347,2020-08-28 11:15:06.367000-04:00,33,3,79,25.2525252525253,60.0,43.2297660145761,68.7666370896185,5227,51.211,38.447,0.4898336414048059,1.4258656973407309,336153,2020-04-27 12:38:29.916000-04:00,875.0,Louisiana,No,None
PSAM4NK,190280,3,3,68,54,324,50.059,61.211,0.4930875576036866,1.4444444444444444,47347,2020-08-28 11:15:06.367000-04:00,33,3,79,25.2525252525253,60.0,43.2297660145761,68.7666370896185,5227,51.211,38.447,0.4898336414048059,1.4258656973407309,336153,2020-04-27 12:38:29.916000-04:00,875.0,Louisiana,No,None
PSAM4NK,308573,3,2,51,44,316,30.882,36.2055,0.5666666666666667,1.3291139240506329,47347,2020-08-28 11:15:06.367000-04:00,33,3,79,25.2525252525253,60.0,43.2297660145761,68.7666370896185,5227,51.211,38.447,0.4898336414048059,1.4258656973407309,336153,2020-04-27 12:38:29.916000-04:00,875.0,Louisiana,No,None
PSAM4NK,808815,0,0,34,22,155,43.486,54.079,0.5,1.2193548387096773,47347,2020-08-28 11:15:06.367000-04:00,33,3,79,25.2525252525253,60.0,43.2297660145761,68.7666370896185,5227,51.211,38.447,0.4898336414048059,1.4258656973407309,336153,2020-04-27 12:38:29.916000-04:00,875.0,Louisiana,No,None
PSAM4NK,612290,4,4,3,3,30,40.2155,41.6275,0.6521739130434783,1.6,54187,2020-09-06 23:35:58.146000-04:00,21,4,11,55.952380952381,63.8297872340426,20.3463203463203,89.3617021276596,385,60.171,42.18,0.5110294117647058,1.6207792207792209,391520,2020-06-09 12:10:48.251000-04:00,70.0,Arkansas,Yes,Rural: Fringe
PSAM4NK,662788,3,1,2,0,14,24.631,60.6725,0.42857142857142855,2.0,54187,2020-09-06 23:35:58.146000-04:00,21,4,11,55.952380952381,63.8297872340426,20.3463203463203,89.3617021276596,385,60.171,42.18,0.5110294117647058,1.6207792207792209,391520,2020-06-09 12:10:48.251000-04:00,70.0,Arkansas,Yes,Rural: Fringe
PSAM4NK,812787,1,1,2,1,27,33.89,40.367,0.52,1.6666666666666667,54187,2020-09-06 23:35:58.146000-04:00,21,4,11,55.952380952381,63.8297872340426,20.3463203463203,89.3617021276596,385,60.171,42.18,0.5110294117647058,1.6207792207792209,391520,2020-06-09 12:10:48.251000-04:00,70.0,Arkansas,Yes,Rural: Fringe
PSAM4NK,647245,4,3,3,3,34,28.689,46.4435,0.5,1.4411764705882353,54187,2020-09-06 23:35:58.146000-04:00,21,4,11,55.952380952381,63.8297872340426,20.3463203463203,89.3617021276596,385,60.171,42.18,0.5110294117647058,1.6207792207792209,391520,2020-06-09 12:10:48.251000-04:00,70.0,Arkansas,Yes,Rural: Fringe
PSAM4NK,647221,4,2,6,6,36,49.97,52.674,0.47368421052631576,1.4444444444444444,54187,2020-09-06 23:35:58.146000-04:00,21,4,11,55.952380952381,63.8297872340426,20.3463203463203,89.3617021276596,385,60.171,42.18,0.5110294117647058,1.6207792207792209,391520,2020-06-09 12:10:48.251000-04:00,70.0,Arkansas,Yes,Rural: Fringe
PSAM4NK,630255,4,4,6,6,37,50.64,75.128,0.7,1.2972972972972974,54187,2020-09-06 23:35:58.146000-04:00,21,4,11,55.952380952381,63.8297872340426,20.3463203463203,89.3617021276596,385,60.171,42.18,0.5110294117647058,1.6207792207792209,391520,2020-06-09 12:10:48.251000-04:00,70.0,Arkansas,Yes,Rural: Fringe
PSAM4NK,629660,4,2,7,6,47,51.009,74.821,0.3333333333333333,1.9574468085106382,54187,2020-09-06 23:35:58.146000-04:00,21,4,11,55.952380952381,63.8297872340426,20.3463203463203,89.3617021276596,385,60.171,42.18,0.5110294117647058,1.6207792207792209,391520,2020-06-09 12:10:48.251000-04:00,70.0,Arkansas,Yes,Rural: Fringe
PSAM4NK,628871,4,3,7,7,43,28.262,32.655,0.6153846153846154,1.3488372093023255,54187,2020-09-06 23:35:58.146000-04:00,21,4,11,55.952380952381,63.8297872340426,20.3463203463203,89.3617021276596,385,60.171,42.18,0.5110294117647058,1.6207792207792209,391520,2020-06-09 12:10:48.251000-04:00,70.0,Arkansas,Yes,Rural: Fringe
PSAM4NK,682350,3,2,1,0,18,30.99,30.995,0.6666666666666666,1.4444444444444444,54187,2020-09-06 23:35:58.146000-04:00,21,4,11,55.952380952381,63.8297872340426,20.3463203463203,89.3617021276596,385,60.171,42.18,0.5110294117647058,1.6207792207792209,391520,2020-06-09 12:10:48.251000-04:00,70.0,Arkansas,Yes,Rural: Fringe
PSAM4NK,620476,4,3,7,7,69,107.762,132.769,0.45098039215686275,1.7536231884057971,54187,2020-09-06 23:35:58.146000-04:00,21,4,11,55.952380952381,63.8297872340426,20.3463203463203,89.3617021276596,385,60.171,42.18,0.5110294117647058,1.6207792207792209,391520,2020-06-09 12:10:48.251000-04:00,70.0,Arkansas,Yes,Rural: Fringe
PSAM4NK,682520,2,1,0,0,6,51.956,57.0415,0.5,1.1666666666666667,54187,2020-09-06 23:35:58.146000-04:00,21,4,11,55.952380952381,63.8297872340426,20.3463203463203,89.3617021276596,385,60.171,42.18,0.5110294117647058,1.6207792207792209,391520,2020-06-09 12:10:48.251000-04:00,70.0,Arkansas,Yes,Rural: Fringe
PSAM4NK,730509,3,2,0,0,8,41.6,52.473,0.75,2.25,54187,2020-09-06 23:35:58.146000-04:00,21,4,11,55.952380952381,63.8297872340426,20.3463203463203,89.3617021276596,385,60.171,42.18,0.5110294117647058,1.6207792207792209,391520,2020-06-09 12:10:48.251000-04:00,70.0,Arkansas,Yes,Rural: Fringe
PSAM4NK,612049,4,1,0,0,13,36.637,68.531,0.38461538461538464,2.230769230769231,54187,2020-09-06 23:35:58.146000-04:00,21,4,11,55.952380952381,63.8297872340426,20.3463203463203,89.3617021276596,385,60.171,42.18,0.5110294117647058,1.6207792207792209,391520,2020-06-09 12:10:48.251000-04:00,70.0,Arkansas,Yes,Rural: Fringe
PSAM4NK,755009,2,0,0,0,3,2.903,9.471,0.0,1.0,54188,2020-09-06 23:35:58.148000-04:00,25,4,11,71.0,64.7887323943662,20.7272727272727,75.4385964912281,497,38.193,31.053,0.49870801033591733,1.4989939637826961,391520,2020-06-09 12:10:48.251000-04:00,70.0,Arkansas,Yes,Rural: Fringe
PSAM4NK,662089,4,3,4,4,49,26.777,35.772,0.39473684210526316,1.673469387755102,54188,2020-09-06 23:35:58.148000-04:00,25,4,11,71.0,64.7887323943662,20.7272727272727,75.4385964912281,497,38.193,31.053,0.49870801033591733,1.4989939637826961,391520,2020-06-09 12:10:48.251000-04:00,70.0,Arkansas,Yes,Rural: Fringe
PSAM4NK,628335,4,4,6,6,33,44.351,48.901,0.875,1.0303030303030303,54188,2020-09-06 23:35:58.148000-04:00,25,4,11,71.0,64.7887323943662,20.7272727272727,75.4385964912281,497,38.193,31.053,0.49870801033591733,1.4989939637826961,391520,2020-06-09 12:10:48.251000-04:00,70.0,Arkansas,Yes,Rural: Fringe
PSAM4NK,639372,4,3,3,3,36,27.3875,32.9315,0.41379310344827586,1.25,54188,2020-09-06 23:35:58.148000-04:00,25,4,11,71.0,64.7887323943662,20.7272727272727,75.4385964912281,497,38.193,31.053,0.49870801033591733,1.4989939637826961,391520,2020-06-09 12:10:48.251000-04:00,70.0,Arkansas,Yes,Rural: Fringe
PSAM4NK,829718,0,0,0,0,0,,,,,54188,2020-09-06 23:35:58.148000-04:00,25,4,11,71.0,64.7887323943662,20.7272727272727,75.4385964912281,497,38.193,31.053,0.49870801033591733,1.4989939637826961,391520,2020-06-09 12:10:48.251000-04:00,70.0,Arkansas,Yes,Rural: Fringe
PSAM4NK,645693,4,3,4,3,33,37.685,61.517,0.48,1.8181818181818181,54188,2020-09-06 23:35:58.148000-04:00,25,4,11,71.0,64.7887323943662,20.7272727272727,75.4385964912281,497,38.193,31.053,0.49870801033591733,1.4989939637826961,391520,2020-06-09 12:10:48.251000-04:00,70.0,Arkansas,Yes,Rural: Fringe
PSAM4NK,645685,4,2,5,1,18,63.1935,103.2575,0.47058823529411764,1.3333333333333333,54188,2020-09-06 23:35:58.148000-04:00,25,4,11,71.0,64.7887323943662,20.7272727272727,75.4385964912281,497,38.193,31.053,0.49870801033591733,1.4989939637826961,391520,2020-06-09 12:10:48.251000-04:00,70.0,Arkansas,Yes,Rural: Fringe
PSAM4NK,661179,3,3,1,0,19,33.292,51.413,0.5263157894736842,1.5789473684210527,54188,2020-09-06 23:35:58.148000-04:00,25,4,11,71.0,64.7887323943662,20.7272727272727,75.4385964912281,497,38.193,31.053,0.49870801033591733,1.4989939637826961,391520,2020-06-09 12:10:48.251000-04:00,70.0,Arkansas,Yes,Rural: Fringe
PSAM4NK,700518,3,3,0,0,16,14.0155,14.022,0.5625,1.125,54188,2020-09-06 23:35:58.148000-04:00,25,4,11,71.0,64.7887323943662,20.7272727272727,75.4385964912281,497,38.193,31.053,0.49870801033591733,1.4989939637826961,391520,2020-06-09 12:10:48.251000-04:00,70.0,Arkansas,Yes,Rural: Fringe
PSAM4NK,661690,2,1,3,3,12,327.0115,339.169,0.5454545454545454,1.0,54188,2020-09-06 23:35:58.148000-04:00,25,4,11,71.0,64.7887323943662,20.7272727272727,75.4385964912281,497,38.193,31.053,0.49870801033591733,1.4989939637826961,391520,2020-06-09 12:10:48.251000-04:00,70.0,Arkansas,Yes,Rural: Fringe
PSAM4NK,625331,4,3,9,8,50,42.84,63.2935,0.45454545454545453,1.54,54188,2020-09-06 23:35:58.148000-04:00,25,4,11,71.0,64.7887323943662,20.7272727272727,75.4385964912281,497,38.193,31.053,0.49870801033591733,1.4989939637826961,391520,2020-06-09 12:10:48.251000-04:00,70.0,Arkansas,Yes,Rural: Fringe
PSAM4NK,628556,8,4,14,12,114,23.541,36.128,0.27906976744186046,1.456140350877193,54188,2020-09-06 23:35:58.148000-04:00,25,4,11,71.0,64.7887323943662,20.7272727272727,75.4385964912281,497,38.193,31.053,0.49870801033591733,1.4989939637826961,391520,2020-06-09 12:10:48.251000-04:00,70.0,Arkansas,Yes,Rural: Fringe
PSAM4NK,628344,4,3,5,4,31,39.385,42.262,0.6111111111111112,1.7419354838709677,54188,2020-09-06 23:35:58.148000-04:00,25,4,11,71.0,64.7887323943662,20.7272727272727,75.4385964912281,497,38.193,31.053,0.49870801033591733,1.4989939637826961,391520,2020-06-09 12:10:48.251000-04:00,70.0,Arkansas,Yes,Rural: Fringe
PSAM4NK,941263,1,1,0,0,3,16.217,16.227,1.0,1.0,55215,2020-09-08 12:46:22.723000-04:00,47,5,81,31.063829787234,79.4520547945205,46.8085106382979,84.6801346801347,13205,36.965,31.814,0.6051373138406886,1.2876940552820901,611775,2020-09-08 12:44:36.385000-04:00,,,,
PSAM4NK,937264,0,0,0,0,0,,,,,55215,2020-09-08 12:46:22.723000-04:00,47,5,81,31.063829787234,79.4520547945205,46.8085106382979,84.6801346801347,13205,36.965,31.814,0.6051373138406886,1.2876940552820901,611775,2020-09-08 12:44:36.385000-04:00,,,,
PSAM4NK,682417,5,1,76,52,502,21.798,27.5465,0.47096774193548385,1.3047808764940239,55215,2020-09-08 12:46:22.723000-04:00,47,5,81,31.063829787234,79.4520547945205,46.8085106382979,84.6801346801347,13205,36.965,31.814,0.6051373138406886,1.2876940552820901,611775,2020-09-08 12:44:36.385000-04:00,,,,
PSAM4NK,618219,4,3,75,69,612,33.025,38.587,0.43243243243243246,1.5147058823529411,55215,2020-09-08 12:46:22.723000-04:00,47,5,81,31.063829787234,79.4520547945205,46.8085106382979,84.6801346801347,13205,36.965,31.814,0.6051373138406886,1.2876940552820901,611775,2020-09-08 12:44:36.385000-04:00,,,,
PSAM4NK,855401,6,5,17,14,106,42.8855,55.9785,0.6029411764705882,1.1886792452830188,55215,2020-09-08 12:46:22.723000-04:00,47,5,81,31.063829787234,79.4520547945205,46.8085106382979,84.6801346801347,13205,36.965,31.814,0.6051373138406886,1.2876940552820901,611775,2020-09-08 12:44:36.385000-04:00,,,,
PSAM4NK,616729,5,5,68,68,611,54.888,61.533,0.718475073313783,1.2831423895253682,55215,2020-09-08 12:46:22.723000-04:00,47,5,81,31.063829787234,79.4520547945205,46.8085106382979,84.6801346801347,13205,36.965,31.814,0.6051373138406886,1.2876940552820901,611775,2020-09-08 12:44:36.385000-04:00,,,,
PSAM4NK,616470,4,2,66,58,476,20.3625,24.722,0.5070422535211268,1.2415966386554622,55215,2020-09-08 12:46:22.723000-04:00,47,5,81,31.063829787234,79.4520547945205,46.8085106382979,84.6801346801347,13205,36.965,31.814,0.6051373138406886,1.2876940552820901,611775,2020-09-08 12:44:36.385000-04:00,,,,
PSAM4NK,855742,6,5,16,16,139,105.947,116.702,0.6666666666666666,1.20863309352518,55215,2020-09-08 12:46:22.723000-04:00,47,5,81,31.063829787234,79.4520547945205,46.8085106382979,84.6801346801347,13205,36.965,31.814,0.6051373138406886,1.2876940552820901,611775,2020-09-08 12:44:36.385000-04:00,,,,
PSAM4NK,855853,5,4,15,13,106,36.8735,46.403,0.6567164179104478,1.3113207547169812,55215,2020-09-08 12:46:22.723000-04:00,47,5,81,31.063829787234,79.4520547945205,46.8085106382979,84.6801346801347,13205,36.965,31.814,0.6051373138406886,1.2876940552820901,611775,2020-09-08 12:44:36.385000-04:00,,,,
PSAM4NK,920179,2,2,4,2,22,39.1915,39.206,0.75,1.0454545454545454,55215,2020-09-08 12:46:22.723000-04:00,47,5,81,31.063829787234,79.4520547945205,46.8085106382979,84.6801346801347,13205,36.965,31.814,0.6051373138406886,1.2876940552820901,611775,2020-09-08 12:44:36.385000-04:00,,,,
PSAM4NK,905004,2,2,13,11,73,29.472,30.021,0.65,1.095890410958904,55215,2020-09-08 12:46:22.723000-04:00,47,5,81,31.063829787234,79.4520547945205,46.8085106382979,84.6801346801347,13205,36.965,31.814,0.6051373138406886,1.2876940552820901,611775,2020-09-08 12:44:36.385000-04:00,,,,
PSAM4NK,616152,5,5,77,77,659,60.953,63.268,0.8876404494382022,1.0758725341426405,55215,2020-09-08 12:46:22.723000-04:00,47,5,81,31.063829787234,79.4520547945205,46.8085106382979,84.6801346801347,13205,36.965,31.814,0.6051373138406886,1.2876940552820901,611775,2020-09-08 12:44:36.385000-04:00,,,,
PSAM4NK,616081,5,5,75,71,620,33.5115,36.6565,0.6894586894586895,1.2274193548387098,55215,2020-09-08 12:46:22.723000-04:00,47,5,81,31.063829787234,79.4520547945205,46.8085106382979,84.6801346801347,13205,36.965,31.814,0.6051373138406886,1.2876940552820901,611775,2020-09-08 12:44:36.385000-04:00,,,,
PSAM4NK,615669,3,1,71,69,617,29.651,35.866,0.38461538461538464,1.3922204213938412,55215,2020-09-08 12:46:22.723000-04:00,47,5,81,31.063829787234,79.4520547945205,46.8085106382979,84.6801346801347,13205,36.965,31.814,0.6051373138406886,1.2876940552820901,611775,2020-09-08 12:44:36.385000-04:00,,,,
PSAM4NK,615476,5,5,77,77,668,34.1725,36.7105,0.8164383561643835,1.160179640718563,55215,2020-09-08 12:46:22.723000-04:00,47,5,81,31.063829787234,79.4520547945205,46.8085106382979,84.6801346801347,13205,36.965,31.814,0.6051373138406886,1.2876940552820901,611775,2020-09-08 12:44:36.385000-04:00,,,,
PSAM4NK,615472,5,5,78,76,664,44.1885,49.495,0.771978021978022,1.1701807228915664,55215,2020-09-08 12:46:22.723000-04:00,47,5,81,31.063829787234,79.4520547945205,46.8085106382979,84.6801346801347,13205,36.965,31.814,0.6051373138406886,1.2876940552820901,611775,2020-09-08 12:44:36.385000-04:00,,,,
PSAM4NK,937228,1,1,0,0,6,24.3065,29.336,0.6666666666666666,1.6666666666666667,55215,2020-09-08 12:46:22.723000-04:00,47,5,81,31.063829787234,79.4520547945205,46.8085106382979,84.6801346801347,13205,36.965,31.814,0.6051373138406886,1.2876940552820901,611775,2020-09-08 12:44:36.385000-04:00,,,,
PSAM4NK,937231,1,1,0,0,4,43.5915,50.5615,0.75,3.25,55215,2020-09-08 12:46:22.723000-04:00,47,5,81,31.063829787234,79.4520547945205,46.8085106382979,84.6801346801347,13205,36.965,31.814,0.6051373138406886,1.2876940552820901,611775,2020-09-08 12:44:36.385000-04:00,,,,
PSAM4NK,665098,5,3,71,71,637,21.679,27.037,0.4794520547945205,1.390894819466248,55215,2020-09-08 12:46:22.723000-04:00,47,5,81,31.063829787234,79.4520547945205,46.8085106382979,84.6801346801347,13205,36.965,31.814,0.6051373138406886,1.2876940552820901,611775,2020-09-08 12:44:36.385000-04:00,,,,
PSAM4NK,627356,3,2,76,59,531,39.089,45.386,0.7717041800643086,1.216572504708098,55215,2020-09-08 12:46:22.723000-04:00,47,5,81,31.063829787234,79.4520547945205,46.8085106382979,84.6801346801347,13205,36.965,31.814,0.6051373138406886,1.2876940552820901,611775,2020-09-08 12:44:36.385000-04:00,,,,
PSAM4NK,627898,4,4,77,77,662,52.978,59.5475,0.6044568245125348,1.324773413897281,55215,2020-09-08 12:46:22.723000-04:00,47,5,81,31.063829787234,79.4520547945205,46.8085106382979,84.6801346801347,13205,36.965,31.814,0.6051373138406886,1.2876940552820901,611775,2020-09-08 12:44:36.385000-04:00,,,,
PSAM4NK,729770,1,1,58,41,364,48.0135,52.3865,0.5510204081632653,1.1868131868131868,55215,2020-09-08 12:46:22.723000-04:00,47,5,81,31.063829787234,79.4520547945205,46.8085106382979,84.6801346801347,13205,36.965,31.814,0.6051373138406886,1.2876940552820901,611775,2020-09-08 12:44:36.385000-04:00,,,,
PSAM4NK,611945,5,4,71,61,556,29.8065,32.9505,0.6882716049382716,1.2661870503597121,55215,2020-09-08 12:46:22.723000-04:00,47,5,81,31.063829787234,79.4520547945205,46.8085106382979,84.6801346801347,13205,36.965,31.814,0.6051373138406886,1.2876940552820901,611775,2020-09-08 12:44:36.385000-04:00,,,,
PSAM4NK,164064,10,8,90,68,322,65.9655,77.3875,0.5142857142857142,1.5745341614906831,58556,2020-09-11 16:48:08.138000-04:00,16,23,126,76.3586956521739,85.0533807829182,65.4761904761905,92.2727272727273,6389,58.71,48.251,0.639239106392391,1.3349506965096258,201914,2020-04-03 12:35:01.340000-04:00,2154.0,Connecticut,No,None
PSAM4NK,144751,23,22,133,127,669,64.168,85.222,0.6105476673427992,1.3692077727952168,58556,2020-09-11 16:48:08.138000-04:00,16,23,126,76.3586956521739,85.0533807829182,65.4761904761905,92.2727272727273,6389,58.71,48.251,0.639239106392391,1.3349506965096258,201914,2020-04-03 12:35:01.340000-04:00,2154.0,Connecticut,No,None
PSAM4NK,171867,22,21,133,126,661,49.822,57.541,0.7745901639344263,1.3010590015128594,58556,2020-09-11 16:48:08.138000-04:00,16,23,126,76.3586956521739,85.0533807829182,65.4761904761905,92.2727272727273,6389,58.71,48.251,0.639239106392391,1.3349506965096258,201914,2020-04-03 12:35:01.340000-04:00,2154.0,Connecticut,No,None
PSAM4NK,166535,23,23,125,124,615,45.279,50.34,0.8371040723981901,1.1886178861788619,58556,2020-09-11 16:48:08.138000-04:00,16,23,126,76.3586956521739,85.0533807829182,65.4761904761905,92.2727272727273,6389,58.71,48.251,0.639239106392391,1.3349506965096258,201914,2020-04-03 12:35:01.340000-04:00,2154.0,Connecticut,No,None
PSAM4NK,161749,22,21,130,129,639,51.973,60.896,0.6799116997792495,1.3067292644757433,58556,2020-09-11 16:48:08.138000-04:00,16,23,126,76.3586956521739,85.0533807829182,65.4761904761905,92.2727272727273,6389,58.71,48.251,0.639239106392391,1.3349506965096258,201914,2020-04-03 12:35:01.340000-04:00,2154.0,Connecticut,No,None
PSAM4NK,164646,23,19,122,107,582,48.7735,60.3585,0.6089887640449438,1.324742268041237,58556,2020-09-11 16:48:08.138000-04:00,16,23,126,76.3586956521739,85.0533807829182,65.4761904761905,92.2727272727273,6389,58.71,48.251,0.639239106392391,1.3349506965096258,201914,2020-04-03 12:35:01.340000-04:00,2154.0,Connecticut,No,None
PSAM4NK,164585,19,13,140,129,619,52.407,63.354,0.5528089887640449,1.2697899838449112,58556,2020-09-11 16:48:08.138000-04:00,16,23,126,76.3586956521739,85.0533807829182,65.4761904761905,92.2727272727273,6389,58.71,48.251,0.639239106392391,1.3349506965096258,201914,2020-04-03 12:35:01.340000-04:00,2154.0,Connecticut,No,None
PSAM4NK,164218,23,23,142,132,717,69.768,89.427,0.6529850746268657,1.412831241283124,58556,2020-09-11 16:48:08.138000-04:00,16,23,126,76.3586956521739,85.0533807829182,65.4761904761905,92.2727272727273,6389,58.71,48.251,0.639239106392391,1.3349506965096258,201914,2020-04-03 12:35:01.340000-04:00,2154.0,Connecticut,No,None
PSAM4NK,161597,13,10,116,104,511,77.23,99.825,0.4891304347826087,1.5088062622309197,58556,2020-09-11 16:48:08.138000-04:00,16,23,126,76.3586956521739,85.0533807829182,65.4761904761905,92.2727272727273,6389,58.71,48.251,0.639239106392391,1.3349506965096258,201914,2020-04-03 12:35:01.340000-04:00,2154.0,Connecticut,No,None
PSAM4NK,162689,22,22,124,121,635,57.531,68.678,0.7956989247311828,1.2236220472440944,58556,2020-09-11 16:48:08.138000-04:00,16,23,126,76.3586956521739,85.0533807829182,65.4761904761905,92.2727272727273,6389,58.71,48.251,0.639239106392391,1.3349506965096258,201914,2020-04-03 12:35:01.340000-04:00,2154.0,Connecticut,No,None
PSAM4NK,162672,21,6,115,105,631,62.546,86.703,0.43248945147679324,1.8589540412044374,58556,2020-09-11 16:48:08.138000-04:00,16,23,126,76.3586956521739,85.0533807829182,65.4761904761905,92.2727272727273,6389,58.71,48.251,0.639239106392391,1.3349506965096258,201914,2020-04-03 12:35:01.340000-04:00,2154.0,Connecticut,No,None
PSAM4NK,181258,22,22,132,131,683,23.813,31.414,0.7113821138211383,1.2957540263543192,58556,2020-09-11 16:48:08.138000-04:00,16,23,126,76.3586956521739,85.0533807829182,65.4761904761905,92.2727272727273,6389,58.71,48.251,0.639239106392391,1.3349506965096258,201914,2020-04-03 12:35:01.340000-04:00,2154.0,Connecticut,No,None
PSAM4NK,173524,21,20,109,96,507,43.153,51.915,0.6541554959785523,1.406311637080868,58556,2020-09-11 16:48:08.138000-04:00,16,23,126,76.3586956521739,85.0533807829182,65.4761904761905,92.2727272727273,6389,58.71,48.251,0.639239106392391,1.3349506965096258,201914,2020-04-03 12:35:01.340000-04:00,2154.0,Connecticut,No,None
PSAM4NK,173193,12,6,119,115,476,22.709,29.1165,0.3086053412462908,1.3046218487394958,58556,2020-09-11 16:48:08.138000-04:00,16,23,126,76.3586956521739,85.0533807829182,65.4761904761905,92.2727272727273,6389,58.71,48.251,0.639239106392391,1.3349506965096258,201914,2020-04-03 12:35:01.340000-04:00,2154.0,Connecticut,No,None
PSAM4NK,163405,12,12,88,75,447,73.821,85.869,0.7286585365853658,1.2595078299776286,58557,2020-09-11 16:48:08.140000-04:00,19,35,123,45.5639097744361,85.4785478547855,48.9088575096277,93.0883639545057,6386,59.5935,47.2215,0.6134788998530338,1.3800501096147824,201914,2020-04-03 12:35:01.340000-04:00,2154.0,Connecticut,No,None
PSAM4NK,965041,11,10,50,47,324,34.344,44.6425,0.5,1.4783950617283952,58557,2020-09-11 16:48:08.140000-04:00,19,35,123,45.5639097744361,85.4785478547855,48.9088575096277,93.0883639545057,6386,59.5935,47.2215,0.6134788998530338,1.3800501096147824,201914,2020-04-03 12:35:01.340000-04:00,2154.0,Connecticut,No,None
PSAM4NK,987615,4,4,30,27,160,33.826,50.272,0.5428571428571428,1.45625,58557,2020-09-11 16:48:08.140000-04:00,19,35,123,45.5639097744361,85.4785478547855,48.9088575096277,93.0883639545057,6386,59.5935,47.2215,0.6134788998530338,1.3800501096147824,201914,2020-04-03 12:35:01.340000-04:00,2154.0,Connecticut,No,None
PSAM4NK,162896,23,22,139,137,698,76.6765,101.619,0.6190476190476191,1.3896848137535818,58557,2020-09-11 16:48:08.140000-04:00,19,35,123,45.5639097744361,85.4785478547855,48.9088575096277,93.0883639545057,6386,59.5935,47.2215,0.6134788998530338,1.3800501096147824,201914,2020-04-03 12:35:01.340000-04:00,2154.0,Connecticut,No,None
PSAM4NK,168562,22,21,131,128,779,51.468,59.674,0.6142384105960265,1.417201540436457,58557,2020-09-11 16:48:08.140000-04:00,19,35,123,45.5639097744361,85.4785478547855,48.9088575096277,93.0883639545057,6386,59.5935,47.2215,0.6134788998530338,1.3800501096147824,201914,2020-04-03 12:35:01.340000-04:00,2154.0,Connecticut,No,None
PSAM4NK,179275,23,23,128,122,668,80.309,103.5195,0.5901639344262295,1.5658682634730539,58557,2020-09-11 16:48:08.140000-04:00,19,35,123,45.5639097744361,85.4785478547855,48.9088575096277,93.0883639545057,6386,59.5935,47.2215,0.6134788998530338,1.3800501096147824,201914,2020-04-03 12:35:01.340000-04:00,2154.0,Connecticut,No,None
PSAM4NK,162189,22,22,131,128,655,38.492,45.485,0.7743271221532091,1.2748091603053435,58557,2020-09-11 16:48:08.140000-04:00,19,35,123,45.5639097744361,85.4785478547855,48.9088575096277,93.0883639545057,6386,59.5935,47.2215,0.6134788998530338,1.3800501096147824,201914,2020-04-03 12:35:01.340000-04:00,2154.0,Connecticut,No,None
PSAM4NK,163130,23,20,141,139,691,51.894,62.259,0.7051792828685259,1.3270622286541245,58557,2020-09-11 16:48:08.140000-04:00,19,35,123,45.5639097744361,85.4785478547855,48.9088575096277,93.0883639545057,6386,59.5935,47.2215,0.6134788998530338,1.3800501096147824,201914,2020-04-03 12:35:01.340000-04:00,2154.0,Connecticut,No,None
PSAM4NK,162289,24,23,122,106,558,51.278,73.9525,0.6014319809069213,1.4695340501792116,58557,2020-09-11 16:48:08.140000-04:00,19,35,123,45.5639097744361,85.4785478547855,48.9088575096277,93.0883639545057,6386,59.5935,47.2215,0.6134788998530338,1.3800501096147824,201914,2020-04-03 12:35:01.340000-04:00,2154.0,Connecticut,No,None
PSAM4NK,161382,4,2,58,57,268,72.037,96.514,0.7115384615384616,1.3022388059701493,58557,2020-09-11 16:48:08.140000-04:00,19,35,123,45.5639097744361,85.4785478547855,48.9088575096277,93.0883639545057,6386,59.5935,47.2215,0.6134788998530338,1.3800501096147824,201914,2020-04-03 12:35:01.340000-04:00,2154.0,Connecticut,No,None
PSAM4NK,162826,24,22,134,129,826,54.5235,72.173,0.446676970633694,1.5605326876513317,58557,2020-09-11 16:48:08.140000-04:00,19,35,123,45.5639097744361,85.4785478547855,48.9088575096277,93.0883639545057,6386,59.5935,47.2215,0.6134788998530338,1.3800501096147824,201914,2020-04-03 12:35:01.340000-04:00,2154.0,Connecticut,No,None
PSAM4NK,159426,24,19,129,124,703,34.266,47.732,0.5084745762711864,1.4907539118065434,58557,2020-09-11 16:48:08.140000-04:00,19,35,123,45.5639097744361,85.4785478547855,48.9088575096277,93.0883639545057,6386,59.5935,47.2215,0.6134788998530338,1.3800501096147824,201914,2020-04-03 12:35:01.340000-04:00,2154.0,Connecticut,No,None
PSAM4NK,201668,22,18,118,107,588,36.021,43.0295,0.6906976744186046,1.3061224489795917,58557,2020-09-11 16:48:08.140000-04:00,19,35,123,45.5639097744361,85.4785478547855,48.9088575096277,93.0883639545057,6386,59.5935,47.2215,0.6134788998530338,1.3800501096147824,201914,2020-04-03 12:35:01.340000-04:00,2154.0,Connecticut,No,None
PSAM4NK,177221,14,11,124,114,541,46.34,56.418,0.5796019900497512,1.390018484288355,58557,2020-09-11 16:48:08.140000-04:00,19,35,123,45.5639097744361,85.4785478547855,48.9088575096277,93.0883639545057,6386,59.5935,47.2215,0.6134788998530338,1.3800501096147824,201914,2020-04-03 12:35:01.340000-04:00,2154.0,Connecticut,No,None
PSAM4NK,696780,21,10,88,87,797,41.248,45.169,0.7906976744186046,1.4579673776662485,59091,2020-09-13 10:48:05.196000-04:00,27,24,119,13.2716049382716,56.9767441860465,63.3053221288515,93.9036381514258,17229,55.544,49.569,0.7197871801368128,1.3479017934877242,555050,2020-09-01 09:10:00.239000-04:00,655.0,Illinois,No,None
PSAM4NK,675046,13,9,87,77,788,53.249,59.855,0.7490974729241877,1.3794416243654821,59091,2020-09-13 10:48:05.196000-04:00,27,24,119,13.2716049382716,56.9767441860465,63.3053221288515,93.9036381514258,17229,55.544,49.569,0.7197871801368128,1.3479017934877242,555050,2020-09-01 09:10:00.239000-04:00,655.0,Illinois,No,None
PSAM4NK,675222,5,3,86,85,735,60.586,71.515,0.6534653465346535,1.5020408163265306,59091,2020-09-13 10:48:05.196000-04:00,27,24,119,13.2716049382716,56.9767441860465,63.3053221288515,93.9036381514258,17229,55.544,49.569,0.7197871801368128,1.3479017934877242,555050,2020-09-01 09:10:00.239000-04:00,655.0,Illinois,No,None
PSAM4NK,672598,12,5,88,84,789,52.136,55.348,0.8498168498168498,1.2674271229404308,59092,2020-09-13 10:48:05.197000-04:00,26,24,115,13.4615384615385,57.1428571428571,66.3545150501672,95.2116935483871,17076,49.2235,42.2805,0.7026309023909504,1.3284141485125323,555050,2020-09-01 09:10:00.239000-04:00,655.0,Illinois,No,None
PSAM4NK,680643,24,9,86,82,839,42.263,46.892,0.7671691792294807,1.4314660309892728,59093,2020-09-13 10:48:05.198000-04:00,21,24,115,16.468253968254,43.3734939759036,73.2919254658385,94.0112994350282,15335,61.83,54.875,0.7389157884743188,1.3008151287903489,555050,2020-09-01 09:10:00.239000-04:00,655.0,Illinois,No,None
PSAM4NK,671459,11,9,147,107,1145,35.739,39.802,0.6879194630872483,1.3161572052401747,59816,2020-09-13 23:14:54.886000-04:00,59,22,238,36.979969183359,87.2916666666667,34.2330152399943,79.2594133555232,42687,35.435,30.975,0.7044412298790435,1.3260945955443109,530630,2020-08-28 14:15:56.064000-04:00,655.0,Illinois,No,None
PSAM4NK,671339,21,21,174,130,1630,18.7445,21.376,0.682001614205004,1.316564417177914,59816,2020-09-13 23:14:54.886000-04:00,59,22,238,36.979969183359,87.2916666666667,34.2330152399943,79.2594133555232,42687,35.435,30.975,0.7044412298790435,1.3260945955443109,530630,2020-08-28 14:15:56.064000-04:00,655.0,Illinois,No,None
PSAM4NK,671401,16,15,226,201,2536,16.6145,22.881,0.4411600669269381,1.5059148264984228,59816,2020-09-13 23:14:54.886000-04:00,59,22,238,36.979969183359,87.2916666666667,34.2330152399943,79.2594133555232,42687,35.435,30.975,0.7044412298790435,1.3260945955443109,530630,2020-08-28 14:15:56.064000-04:00,655.0,Illinois,No,None
PSAM4NK,671413,15,10,170,130,1911,23.507,28.932,0.5580601092896175,1.5180533751962324,59816,2020-09-13 23:14:54.886000-04:00,59,22,238,36.979969183359,87.2916666666667,34.2330152399943,79.2594133555232,42687,35.435,30.975,0.7044412298790435,1.3260945955443109,530630,2020-08-28 14:15:56.064000-04:00,655.0,Illinois,No,None
PSAM4NK,671416,22,16,197,134,1811,19.905,25.3,0.5727871250914411,1.4461623412479292,59816,2020-09-13 23:14:54.886000-04:00,59,22,238,36.979969183359,87.2916666666667,34.2330152399943,79.2594133555232,42687,35.435,30.975,0.7044412298790435,1.3260945955443109,530630,2020-08-28 14:15:56.064000-04:00,655.0,Illinois,No,None
PSAM4NK,671418,22,19,222,191,2589,15.463,21.467,0.42548709847288047,1.3275395905755119,59816,2020-09-13 23:14:54.886000-04:00,59,22,238,36.979969183359,87.2916666666667,34.2330152399943,79.2594133555232,42687,35.435,30.975,0.7044412298790435,1.3260945955443109,530630,2020-08-28 14:15:56.064000-04:00,655.0,Illinois,No,None
PSAM4NK,671424,22,22,167,125,1742,26.8485,32.8415,0.674198250728863,1.3983926521239953,59816,2020-09-13 23:14:54.886000-04:00,59,22,238,36.979969183359,87.2916666666667,34.2330152399943,79.2594133555232,42687,35.435,30.975,0.7044412298790435,1.3260945955443109,530630,2020-08-28 14:15:56.064000-04:00,655.0,Illinois,No,None
PSAM4NK,671427,25,24,204,156,1861,75.084,83.486,0.7512839325018342,1.3433637829124128,59816,2020-09-13 23:14:54.886000-04:00,59,22,238,36.979969183359,87.2916666666667,34.2330152399943,79.2594133555232,42687,35.435,30.975,0.7044412298790435,1.3260945955443109,530630,2020-08-28 14:15:56.064000-04:00,655.0,Illinois,No,None
PSAM4NK,671432,17,8,174,131,1370,28.746,34.2065,0.6554787759131293,1.4642335766423358,59816,2020-09-13 23:14:54.886000-04:00,59,22,238,36.979969183359,87.2916666666667,34.2330152399943,79.2594133555232,42687,35.435,30.975,0.7044412298790435,1.3260945955443109,530630,2020-08-28 14:15:56.064000-04:00,655.0,Illinois,No,None
PSAM4NK,671437,16,12,163,151,1651,27.503,32.841,0.6786833855799373,1.4149000605693518,59816,2020-09-13 23:14:54.886000-04:00,59,22,238,36.979969183359,87.2916666666667,34.2330152399943,79.2594133555232,42687,35.435,30.975,0.7044412298790435,1.3260945955443109,530630,2020-08-28 14:15:56.064000-04:00,655.0,Illinois,No,None
PSAM4NK,671445,24,22,221,171,2241,30.184,35.572,0.6867692307692308,1.4475680499776884,59816,2020-09-13 23:14:54.886000-04:00,59,22,238,36.979969183359,87.2916666666667,34.2330152399943,79.2594133555232,42687,35.435,30.975,0.7044412298790435,1.3260945955443109,530630,2020-08-28 14:15:56.064000-04:00,655.0,Illinois,No,None
PSAM4NK,671447,17,14,196,162,1746,25.0955,28.706,0.6080557707203718,1.297823596792669,59816,2020-09-13 23:14:54.886000-04:00,59,22,238,36.979969183359,87.2916666666667,34.2330152399943,79.2594133555232,42687,35.435,30.975,0.7044412298790435,1.3260945955443109,530630,2020-08-28 14:15:56.064000-04:00,655.0,Illinois,No,None
PSAM4NK,671449,14,8,168,143,1579,37.582,46.378,0.5680327868852459,1.5104496516782775,59816,2020-09-13 23:14:54.886000-04:00,59,22,238,36.979969183359,87.2916666666667,34.2330152399943,79.2594133555232,42687,35.435,30.975,0.7044412298790435,1.3260945955443109,530630,2020-08-28 14:15:56.064000-04:00,655.0,Illinois,No,None
PSAM4NK,671453,14,12,184,147,1580,28.7315,31.9735,0.6022530329289428,1.2974683544303798,59816,2020-09-13 23:14:54.886000-04:00,59,22,238,36.979969183359,87.2916666666667,34.2330152399943,79.2594133555232,42687,35.435,30.975,0.7044412298790435,1.3260945955443109,530630,2020-08-28 14:15:56.064000-04:00,655.0,Illinois,No,None
PSAM4NK,671456,22,22,182,154,1515,65.462,73.099,0.7744165946413137,1.2448844884488448,59816,2020-09-13 23:14:54.886000-04:00,59,22,238,36.979969183359,87.2916666666667,34.2330152399943,79.2594133555232,42687,35.435,30.975,0.7044412298790435,1.3260945955443109,530630,2020-08-28 14:15:56.064000-04:00,655.0,Illinois,No,None
PSAM4NK,671461,22,22,164,117,1673,27.467,30.822,0.6710730948678072,1.3239689181111776,59816,2020-09-13 23:14:54.886000-04:00,59,22,238,36.979969183359,87.2916666666667,34.2330152399943,79.2594133555232,42687,35.435,30.975,0.7044412298790435,1.3260945955443109,530630,2020-08-28 14:15:56.064000-04:00,655.0,Illinois,No,None
PSAM4NK,671464,12,3,99,25,476,38.351,49.9335,0.46285714285714286,1.5609243697478992,59816,2020-09-13 23:14:54.886000-04:00,59,22,238,36.979969183359,87.2916666666667,34.2330152399943,79.2594133555232,42687,35.435,30.975,0.7044412298790435,1.3260945955443109,530630,2020-08-28 14:15:56.064000-04:00,655.0,Illinois,No,None
PSAM4NK,671478,18,16,153,141,1284,42.8715,47.4495,0.7949748743718593,1.2289719626168225,59816,2020-09-13 23:14:54.886000-04:00,59,22,238,36.979969183359,87.2916666666667,34.2330152399943,79.2594133555232,42687,35.435,30.975,0.7044412298790435,1.3260945955443109,530630,2020-08-28 14:15:56.064000-04:00,655.0,Illinois,No,None
PSAM4NK,671498,19,19,152,134,1247,36.646,37.658,0.8730650154798761,1.1299117882919005,59816,2020-09-13 23:14:54.886000-04:00,59,22,238,36.979969183359,87.2916666666667,34.2330152399943,79.2594133555232,42687,35.435,30.975,0.7044412298790435,1.3260945955443109,530630,2020-08-28 14:15:56.064000-04:00,655.0,Illinois,No,None
PSAM4NK,671504,19,19,180,151,1859,28.956,31.51,0.7709065354884048,1.2754168908015062,59816,2020-09-13 23:14:54.886000-04:00,59,22,238,36.979969183359,87.2916666666667,34.2330152399943,79.2594133555232,42687,35.435,30.975,0.7044412298790435,1.3260945955443109,530630,2020-08-28 14:15:56.064000-04:00,655.0,Illinois,No,None
PSAM4NK,671540,16,15,159,139,1556,26.7995,31.6505,0.6515028432168968,1.3766066838046271,59816,2020-09-13 23:14:54.886000-04:00,59,22,238,36.979969183359,87.2916666666667,34.2330152399943,79.2594133555232,42687,35.435,30.975,0.7044412298790435,1.3260945955443109,530630,2020-08-28 14:15:56.064000-04:00,655.0,Illinois,No,None
PSAM4NK,671639,10,8,180,124,1457,30.699,36.622,0.6260236578707916,1.5058339052848317,59816,2020-09-13 23:14:54.886000-04:00,59,22,238,36.979969183359,87.2916666666667,34.2330152399943,79.2594133555232,42687,35.435,30.975,0.7044412298790435,1.3260945955443109,530630,2020-08-28 14:15:56.064000-04:00,655.0,Illinois,No,None
PSAM4NK,671642,21,20,173,143,1500,41.9375,47.147,0.7628318584070797,1.2713333333333332,59816,2020-09-13 23:14:54.886000-04:00,59,22,238,36.979969183359,87.2916666666667,34.2330152399943,79.2594133555232,42687,35.435,30.975,0.7044412298790435,1.3260945955443109,530630,2020-08-28 14:15:56.064000-04:00,655.0,Illinois,No,None
PSAM4NK,670992,17,15,159,137,1527,23.444,27.822,0.6343096234309623,1.4112639161755074,59817,2020-09-13 23:14:54.887000-04:00,59,22,240,34.5916795069337,88.4187082405345,37.4223163841808,79.5244385733157,49410,33.228,27.939,0.6558899536987186,1.364622546043311,530630,2020-08-28 14:15:56.064000-04:00,655.0,Illinois,No,None
PSAM4NK,676606,23,21,165,142,1413,45.987,52.071,0.7889990982867449,1.2469922151450814,59817,2020-09-13 23:14:54.887000-04:00,59,22,240,34.5916795069337,88.4187082405345,37.4223163841808,79.5244385733157,49410,33.228,27.939,0.6558899536987186,1.364622546043311,530630,2020-08-28 14:15:56.064000-04:00,655.0,Illinois,No,None
PSAM4NK,676579,17,15,178,161,1597,39.004,41.459,0.8348856900931414,1.1966186599874764,59817,2020-09-13 23:14:54.887000-04:00,59,22,240,34.5916795069337,88.4187082405345,37.4223163841808,79.5244385733157,49410,33.228,27.939,0.6558899536987186,1.364622546043311,530630,2020-08-28 14:15:56.064000-04:00,655.0,Illinois,No,None
PSAM4NK,678112,10,6,175,138,1336,42.588,48.6805,0.6620959843290891,1.3779940119760479,59817,2020-09-13 23:14:54.887000-04:00,59,22,240,34.5916795069337,88.4187082405345,37.4223163841808,79.5244385733157,49410,33.228,27.939,0.6558899536987186,1.364622546043311,530630,2020-08-28 14:15:56.064000-04:00,655.0,Illinois,No,None
PSAM4NK,676687,12,8,150,106,1235,24.777,30.334,0.6929460580912863,1.3854251012145749,59817,2020-09-13 23:14:54.887000-04:00,59,22,240,34.5916795069337,88.4187082405345,37.4223163841808,79.5244385733157,49410,33.228,27.939,0.6558899536987186,1.364622546043311,530630,2020-08-28 14:15:56.064000-04:00,655.0,Illinois,No,None
PSAM4NK,676342,22,22,224,188,2305,32.695,36.935,0.7608562691131499,1.3609544468546637,59817,2020-09-13 23:14:54.887000-04:00,59,22,240,34.5916795069337,88.4187082405345,37.4223163841808,79.5244385733157,49410,33.228,27.939,0.6558899536987186,1.364622546043311,530630,2020-08-28 14:15:56.064000-04:00,655.0,Illinois,No,None
PSAM4NK,676344,13,10,224,174,2134,32.4985,38.008,0.6949375410913873,1.3116213683223994,59817,2020-09-13 23:14:54.887000-04:00,59,22,240,34.5916795069337,88.4187082405345,37.4223163841808,79.5244385733157,49410,33.228,27.939,0.6558899536987186,1.364622546043311,530630,2020-08-28 14:15:56.064000-04:00,655.0,Illinois,No,None
PSAM4NK,676348,14,13,166,143,1424,26.2385,28.8535,0.7769585253456222,1.2675561797752808,59817,2020-09-13 23:14:54.887000-04:00,59,22,240,34.5916795069337,88.4187082405345,37.4223163841808,79.5244385733157,49410,33.228,27.939,0.6558899536987186,1.364622546043311,530630,2020-08-28 14:15:56.064000-04:00,655.0,Illinois,No,None
PSAM4NK,676350,22,22,160,124,1507,28.546,32.776,0.727580372250423,1.325149303251493,59817,2020-09-13 23:14:54.887000-04:00,59,22,240,34.5916795069337,88.4187082405345,37.4223163841808,79.5244385733157,49410,33.228,27.939,0.6558899536987186,1.364622546043311,530630,2020-08-28 14:15:56.064000-04:00,655.0,Illinois,No,None
PSAM4NK,676351,17,16,166,144,1330,33.9775,36.356,0.8503937007874016,1.1578947368421053,59817,2020-09-13 23:14:54.887000-04:00,59,22,240,34.5916795069337,88.4187082405345,37.4223163841808,79.5244385733157,49410,33.228,27.939,0.6558899536987186,1.364622546043311,530630,2020-08-28 14:15:56.064000-04:00,655.0,Illinois,No,None
PSAM4NK,676361,21,21,161,146,1292,19.8995,23.4695,0.8301886792452831,1.188080495356037,59817,2020-09-13 23:14:54.887000-04:00,59,22,240,34.5916795069337,88.4187082405345,37.4223163841808,79.5244385733157,49410,33.228,27.939,0.6558899536987186,1.364622546043311,530630,2020-08-28 14:15:56.064000-04:00,655.0,Illinois,No,None
PSAM4NK,676363,22,20,168,109,1592,26.2255,30.5715,0.6256,1.3385678391959799,59817,2020-09-13 23:14:54.887000-04:00,59,22,240,34.5916795069337,88.4187082405345,37.4223163841808,79.5244385733157,49410,33.228,27.939,0.6558899536987186,1.364622546043311,530630,2020-08-28 14:15:56.064000-04:00,655.0,Illinois,No,None
PSAM4NK,676391,22,22,164,143,1421,39.2,45.637,0.7680221811460258,1.2892329345531317,59817,2020-09-13 23:14:54.887000-04:00,59,22,240,34.5916795069337,88.4187082405345,37.4223163841808,79.5244385733157,49410,33.228,27.939,0.6558899536987186,1.364622546043311,530630,2020-08-28 14:15:56.064000-04:00,655.0,Illinois,No,None
PSAM4NK,676558,8,4,134,89,1248,27.444,32.453,0.5592173017507724,1.5200320512820513,59817,2020-09-13 23:14:54.887000-04:00,59,22,240,34.5916795069337,88.4187082405345,37.4223163841808,79.5244385733157,49410,33.228,27.939,0.6558899536987186,1.364622546043311,530630,2020-08-28 14:15:56.064000-04:00,655.0,Illinois,No,None
PSAM4NK,676395,22,22,169,114,1346,47.477,51.5685,0.8111425873465533,1.2273402674591383,59817,2020-09-13 23:14:54.887000-04:00,59,22,240,34.5916795069337,88.4187082405345,37.4223163841808,79.5244385733157,49410,33.228,27.939,0.6558899536987186,1.364622546043311,530630,2020-08-28 14:15:56.064000-04:00,655.0,Illinois,No,None
PSAM4NK,676432,13,7,155,86,1119,38.821,43.394,0.6406779661016949,1.3074173369079536,59817,2020-09-13 23:14:54.887000-04:00,59,22,240,34.5916795069337,88.4187082405345,37.4223163841808,79.5244385733157,49410,33.228,27.939,0.6558899536987186,1.364622546043311,530630,2020-08-28 14:15:56.064000-04:00,655.0,Illinois,No,None
PSAM4NK,676447,22,20,163,145,1390,39.7395,41.8645,0.8798122065727699,1.1402877697841727,59817,2020-09-13 23:14:54.887000-04:00,59,22,240,34.5916795069337,88.4187082405345,37.4223163841808,79.5244385733157,49410,33.228,27.939,0.6558899536987186,1.364622546043311,530630,2020-08-28 14:15:56.064000-04:00,655.0,Illinois,No,None
PSAM4NK,676452,15,14,175,121,1422,25.9075,28.6265,0.8077276908923643,1.1940928270042195,59817,2020-09-13 23:14:54.887000-04:00,59,22,240,34.5916795069337,88.4187082405345,37.4223163841808,79.5244385733157,49410,33.228,27.939,0.6558899536987186,1.364622546043311,530630,2020-08-28 14:15:56.064000-04:00,655.0,Illinois,No,None
PSAM4NK,676485,19,15,147,118,1496,17.9665,24.5425,0.6389830508474577,1.3770053475935828,59817,2020-09-13 23:14:54.887000-04:00,59,22,240,34.5916795069337,88.4187082405345,37.4223163841808,79.5244385733157,49410,33.228,27.939,0.6558899536987186,1.364622546043311,530630,2020-08-28 14:15:56.064000-04:00,655.0,Illinois,No,None
PSAM4NK,676507,17,16,158,121,1338,41.929,48.3815,0.7317784256559767,1.2997010463378176,59817,2020-09-13 23:14:54.887000-04:00,59,22,240,34.5916795069337,88.4187082405345,37.4223163841808,79.5244385733157,49410,33.228,27.939,0.6558899536987186,1.364622546043311,530630,2020-08-28 14:15:56.064000-04:00,655.0,Illinois,No,None
PSAM4NK,676533,10,4,143,124,1290,31.5455,36.637,0.6507317073170732,1.4945736434108527,59817,2020-09-13 23:14:54.887000-04:00,59,22,240,34.5916795069337,88.4187082405345,37.4223163841808,79.5244385733157,49410,33.228,27.939,0.6558899536987186,1.364622546043311,530630,2020-08-28 14:15:56.064000-04:00,655.0,Illinois,No,None
PSAM4NK,676544,22,21,225,159,2265,57.529,62.791,0.7880671224362958,1.2503311258278147,59817,2020-09-13 23:14:54.887000-04:00,59,22,240,34.5916795069337,88.4187082405345,37.4223163841808,79.5244385733157,49410,33.228,27.939,0.6558899536987186,1.364622546043311,530630,2020-08-28 14:15:56.064000-04:00,655.0,Illinois,No,None
PSAM4NK,676329,22,22,152,131,1665,33.861,36.752,0.760575296108291,1.2564564564564564,59817,2020-09-13 23:14:54.887000-04:00,59,22,240,34.5916795069337,88.4187082405345,37.4223163841808,79.5244385733157,49410,33.228,27.939,0.6558899536987186,1.364622546043311,530630,2020-08-28 14:15:56.064000-04:00,655.0,Illinois,No,None
PSAM4NK,676341,21,21,155,103,1256,33.5045,38.5865,0.6907630522088354,1.3789808917197452,59817,2020-09-13 23:14:54.887000-04:00,59,22,240,34.5916795069337,88.4187082405345,37.4223163841808,79.5244385733157,49410,33.228,27.939,0.6558899536987186,1.364622546043311,530630,2020-08-28 14:15:56.064000-04:00,655.0,Illinois,No,None
PSAM4NK,701471,14,7,157,133,916,30.7035,36.008,0.5752066115702479,1.3231441048034933,61056,2020-09-15 09:46:06.539000-04:00,24,12,204,52.4305555555556,55.6291390728477,54.0441176470588,84.4293272864701,17089,44.479,36.971,0.5265859919325265,1.3552577681549536,170002,2020-03-30 13:42:57.006000-04:00,650.0,New York,No,None
PSAM4NK,340162,7,2,71,57,423,31.971,44.573,0.35081967213114756,1.524822695035461,61056,2020-09-15 09:46:06.539000-04:00,24,12,204,52.4305555555556,55.6291390728477,54.0441176470588,84.4293272864701,17089,44.479,36.971,0.5265859919325265,1.3552577681549536,170002,2020-03-30 13:42:57.006000-04:00,650.0,New York,No,None
PSAM4NK,340908,12,5,212,196,1541,28.348,32.975,0.6952965235173824,1.2401038286826735,61056,2020-09-15 09:46:06.539000-04:00,24,12,204,52.4305555555556,55.6291390728477,54.0441176470588,84.4293272864701,17089,44.479,36.971,0.5265859919325265,1.3552577681549536,170002,2020-03-30 13:42:57.006000-04:00,650.0,New York,No,None
PSAM4NK,323139,12,10,181,173,1271,29.629,34.579,0.6679151061173533,1.235247836349331,61056,2020-09-15 09:46:06.539000-04:00,24,12,204,52.4305555555556,55.6291390728477,54.0441176470588,84.4293272864701,17089,44.479,36.971,0.5265859919325265,1.3552577681549536,170002,2020-03-30 13:42:57.006000-04:00,650.0,New York,No,None
PSAM4NK,323506,8,7,157,136,1043,39.175,43.265,0.7559171597633136,1.2924256951102588,61056,2020-09-15 09:46:06.539000-04:00,24,12,204,52.4305555555556,55.6291390728477,54.0441176470588,84.4293272864701,17089,44.479,36.971,0.5265859919325265,1.3552577681549536,170002,2020-03-30 13:42:57.006000-04:00,650.0,New York,No,None
PSAM4NK,217985,12,10,198,182,1322,72.1285,76.0735,0.71760391198044,1.1981845688350983,61056,2020-09-15 09:46:06.539000-04:00,24,12,204,52.4305555555556,55.6291390728477,54.0441176470588,84.4293272864701,17089,44.479,36.971,0.5265859919325265,1.3552577681549536,170002,2020-03-30 13:42:57.006000-04:00,650.0,New York,No,None
PSAM4NK,774245,1,0,44,34,262,15.0335,24.568,0.13333333333333333,1.3091603053435115,61056,2020-09-15 09:46:06.539000-04:00,24,12,204,52.4305555555556,55.6291390728477,54.0441176470588,84.4293272864701,17089,44.479,36.971,0.5265859919325265,1.3552577681549536,170002,2020-03-30 13:42:57.006000-04:00,650.0,New York,No,None
PSAM4NK,343975,9,2,117,69,567,36.952,46.456,0.4889975550122249,1.4250440917107583,61056,2020-09-15 09:46:06.539000-04:00,24,12,204,52.4305555555556,55.6291390728477,54.0441176470588,84.4293272864701,17089,44.479,36.971,0.5265859919325265,1.3552577681549536,170002,2020-03-30 13:42:57.006000-04:00,650.0,New York,No,None
PSAM4NK,215537,7,7,142,123,943,60.075,71.686,0.7098976109215017,1.2757158006362672,61056,2020-09-15 09:46:06.539000-04:00,24,12,204,52.4305555555556,55.6291390728477,54.0441176470588,84.4293272864701,17089,44.479,36.971,0.5265859919325265,1.3552577681549536,170002,2020-03-30 13:42:57.006000-04:00,650.0,New York,No,None
PSAM4NK,711026,6,3,76,58,504,20.815,25.4595,0.2923076923076923,1.2797619047619049,61056,2020-09-15 09:46:06.539000-04:00,24,12,204,52.4305555555556,55.6291390728477,54.0441176470588,84.4293272864701,17089,44.479,36.971,0.5265859919325265,1.3552577681549536,170002,2020-03-30 13:42:57.006000-04:00,650.0,New York,No,None
PSAM4NK,707615,11,9,183,170,1308,69.8405,81.3765,0.6736711990111248,1.3073394495412844,61056,2020-09-15 09:46:06.539000-04:00,24,12,204,52.4305555555556,55.6291390728477,54.0441176470588,84.4293272864701,17089,44.479,36.971,0.5265859919325265,1.3552577681549536,170002,2020-03-30 13:42:57.006000-04:00,650.0,New York,No,None
PSAM4NK,360271,8,3,179,167,1488,60.0995,82.8235,0.3505050505050505,1.903225806451613,61056,2020-09-15 09:46:06.539000-04:00,24,12,204,52.4305555555556,55.6291390728477,54.0441176470588,84.4293272864701,17089,44.479,36.971,0.5265859919325265,1.3552577681549536,170002,2020-03-30 13:42:57.006000-04:00,650.0,New York,No,None
PSAM4NK,334749,7,4,148,140,1054,21.183,24.32,0.6777609682299546,1.2808349146110056,61056,2020-09-15 09:46:06.539000-04:00,24,12,204,52.4305555555556,55.6291390728477,54.0441176470588,84.4293272864701,17089,44.479,36.971,0.5265859919325265,1.3552577681549536,170002,2020-03-30 13:42:57.006000-04:00,650.0,New York,No,None
PSAM4NK,325593,4,3,92,74,619,26.964,31.542,0.43271767810026385,1.4394184168012925,61056,2020-09-15 09:46:06.539000-04:00,24,12,204,52.4305555555556,55.6291390728477,54.0441176470588,84.4293272864701,17089,44.479,36.971,0.5265859919325265,1.3552577681549536,170002,2020-03-30 13:42:57.006000-04:00,650.0,New York,No,None
PSAM4NK,867920,1,0,32,24,213,19.084,25.562,0.16560509554140126,1.596244131455399,61056,2020-09-15 09:46:06.539000-04:00,24,12,204,52.4305555555556,55.6291390728477,54.0441176470588,84.4293272864701,17089,44.479,36.971,0.5265859919325265,1.3552577681549536,170002,2020-03-30 13:42:57.006000-04:00,650.0,New York,No,None
PSAM4NK,346687,11,6,195,165,1192,37.991,42.919,0.5883838383838383,1.3674496644295302,61056,2020-09-15 09:46:06.539000-04:00,24,12,204,52.4305555555556,55.6291390728477,54.0441176470588,84.4293272864701,17089,44.479,36.971,0.5265859919325265,1.3552577681549536,170002,2020-03-30 13:42:57.006000-04:00,650.0,New York,No,None
PSAM4NK,345351,7,1,132,102,686,18.5485,29.251,0.1822125813449024,1.3615160349854227,61056,2020-09-15 09:46:06.539000-04:00,24,12,204,52.4305555555556,55.6291390728477,54.0441176470588,84.4293272864701,17089,44.479,36.971,0.5265859919325265,1.3552577681549536,170002,2020-03-30 13:42:57.006000-04:00,650.0,New York,No,None
PSAM4NK,365206,0,0,28,13,141,66.589,71.807,0.5,1.3617021276595744,61056,2020-09-15 09:46:06.539000-04:00,24,12,204,52.4305555555556,55.6291390728477,54.0441176470588,84.4293272864701,17089,44.479,36.971,0.5265859919325265,1.3552577681549536,170002,2020-03-30 13:42:57.006000-04:00,650.0,New York,No,None
PSAM4NK,783240,18,13,10,7,222,46.322,57.281,0.6384976525821596,1.3963963963963963,62066,2020-09-16 14:08:19.955000-04:00,21,18,13,85.4497354497355,86.3777089783282,69.96336996337,91.6230366492147,5251,55.312,44.402,0.6157625786163522,1.4736240716054085,148928,2020-03-25 13:29:42.287000-04:00,2143.0,Arkansas,No,None
PSAM4NK,783436,18,15,10,10,372,39.8215,56.5605,0.4628099173553719,1.5080645161290323,62066,2020-09-16 14:08:19.955000-04:00,21,18,13,85.4497354497355,86.3777089783282,69.96336996337,91.6230366492147,5251,55.312,44.402,0.6157625786163522,1.4736240716054085,148928,2020-03-25 13:29:42.287000-04:00,2143.0,Arkansas,No,None
PSAM4NK,795991,18,15,11,10,274,75.335,91.142,0.6104868913857678,1.572992700729927,62066,2020-09-16 14:08:19.955000-04:00,21,18,13,85.4497354497355,86.3777089783282,69.96336996337,91.6230366492147,5251,55.312,44.402,0.6157625786163522,1.4736240716054085,148928,2020-03-25 13:29:42.287000-04:00,2143.0,Arkansas,No,None
PSAM4NK,781894,19,10,10,4,249,78.354,107.185,0.4791666666666667,1.783132530120482,62066,2020-09-16 14:08:19.955000-04:00,21,18,13,85.4497354497355,86.3777089783282,69.96336996337,91.6230366492147,5251,55.312,44.402,0.6157625786163522,1.4736240716054085,148928,2020-03-25 13:29:42.287000-04:00,2143.0,Arkansas,No,None
PSAM4NK,782313,18,15,10,10,335,28.707,39.953,0.5797546012269938,1.7582089552238807,62066,2020-09-16 14:08:19.955000-04:00,21,18,13,85.4497354497355,86.3777089783282,69.96336996337,91.6230366492147,5251,55.312,44.402,0.6157625786163522,1.4736240716054085,148928,2020-03-25 13:29:42.287000-04:00,2143.0,Arkansas,No,None
PSAM4NK,781493,18,17,10,10,251,31.466,33.295,0.731404958677686,1.4143426294820718,62066,2020-09-16 14:08:19.955000-04:00,21,18,13,85.4497354497355,86.3777089783282,69.96336996337,91.6230366492147,5251,55.312,44.402,0.6157625786163522,1.4736240716054085,148928,2020-03-25 13:29:42.287000-04:00,2143.0,Arkansas,No,None
PSAM4NK,782318,19,17,10,9,298,42.536,54.7695,0.5605536332179931,1.4026845637583893,62066,2020-09-16 14:08:19.955000-04:00,21,18,13,85.4497354497355,86.3777089783282,69.96336996337,91.6230366492147,5251,55.312,44.402,0.6157625786163522,1.4736240716054085,148928,2020-03-25 13:29:42.287000-04:00,2143.0,Arkansas,No,None
PSAM4NK,782320,18,15,10,10,265,38.933,44.265,0.70703125,1.4792452830188678,62066,2020-09-16 14:08:19.955000-04:00,21,18,13,85.4497354497355,86.3777089783282,69.96336996337,91.6230366492147,5251,55.312,44.402,0.6157625786163522,1.4736240716054085,148928,2020-03-25 13:29:42.287000-04:00,2143.0,Arkansas,No,None
PSAM4NK,782351,17,17,10,10,274,42.0295,51.348,0.6641509433962264,1.3576642335766422,62066,2020-09-16 14:08:19.955000-04:00,21,18,13,85.4497354497355,86.3777089783282,69.96336996337,91.6230366492147,5251,55.312,44.402,0.6157625786163522,1.4736240716054085,148928,2020-03-25 13:29:42.287000-04:00,2143.0,Arkansas,No,None
PSAM4NK,782388,18,18,10,10,314,69.1985,84.224,0.5573770491803278,1.39171974522293,62066,2020-09-16 14:08:19.955000-04:00,21,18,13,85.4497354497355,86.3777089783282,69.96336996337,91.6230366492147,5251,55.312,44.402,0.6157625786163522,1.4736240716054085,148928,2020-03-25 13:29:42.287000-04:00,2143.0,Arkansas,No,None
PSAM4NK,782417,18,13,10,9,311,39.481,46.405,0.5364238410596026,1.54983922829582,62066,2020-09-16 14:08:19.955000-04:00,21,18,13,85.4497354497355,86.3777089783282,69.96336996337,91.6230366492147,5251,55.312,44.402,0.6157625786163522,1.4736240716054085,148928,2020-03-25 13:29:42.287000-04:00,2143.0,Arkansas,No,None
PSAM4NK,782314,18,17,10,10,314,38.5915,57.4575,0.521311475409836,1.605095541401274,62066,2020-09-16 14:08:19.955000-04:00,21,18,13,85.4497354497355,86.3777089783282,69.96336996337,91.6230366492147,5251,55.312,44.402,0.6157625786163522,1.4736240716054085,148928,2020-03-25 13:29:42.287000-04:00,2143.0,Arkansas,No,None
PSAM4NK,782509,19,19,10,10,268,36.847,42.6835,0.7451737451737451,1.2388059701492538,62066,2020-09-16 14:08:19.955000-04:00,21,18,13,85.4497354497355,86.3777089783282,69.96336996337,91.6230366492147,5251,55.312,44.402,0.6157625786163522,1.4736240716054085,148928,2020-03-25 13:29:42.287000-04:00,2143.0,Arkansas,No,None
PSAM4NK,778169,17,15,10,10,295,57.455,73.325,0.6188811188811189,1.511864406779661,62066,2020-09-16 14:08:19.955000-04:00,21,18,13,85.4497354497355,86.3777089783282,69.96336996337,91.6230366492147,5251,55.312,44.402,0.6157625786163522,1.4736240716054085,148928,2020-03-25 13:29:42.287000-04:00,2143.0,Arkansas,No,None
PSAM4NK,782312,19,19,10,10,299,54.496,66.606,0.5344827586206896,1.5016722408026757,62066,2020-09-16 14:08:19.955000-04:00,21,18,13,85.4497354497355,86.3777089783282,69.96336996337,91.6230366492147,5251,55.312,44.402,0.6157625786163522,1.4736240716054085,148928,2020-03-25 13:29:42.287000-04:00,2143.0,Arkansas,No,None
PSAM4NK,782869,5,2,3,2,62,24.0995,25.801,0.8225806451612904,1.2903225806451613,62066,2020-09-16 14:08:19.955000-04:00,21,18,13,85.4497354497355,86.3777089783282,69.96336996337,91.6230366492147,5251,55.312,44.402,0.6157625786163522,1.4736240716054085,148928,2020-03-25 13:29:42.287000-04:00,2143.0,Arkansas,No,None
PSAM4NK,782950,17,17,10,10,259,47.726,52.608,0.728,1.3474903474903475,62066,2020-09-16 14:08:19.955000-04:00,21,18,13,85.4497354497355,86.3777089783282,69.96336996337,91.6230366492147,5251,55.312,44.402,0.6157625786163522,1.4736240716054085,148928,2020-03-25 13:29:42.287000-04:00,2143.0,Arkansas,No,None
PSAM4NK,781536,18,18,11,10,287,39.929,43.131,0.6123188405797102,1.4773519163763067,62066,2020-09-16 14:08:19.955000-04:00,21,18,13,85.4497354497355,86.3777089783282,69.96336996337,91.6230366492147,5251,55.312,44.402,0.6157625786163522,1.4736240716054085,148928,2020-03-25 13:29:42.287000-04:00,2143.0,Arkansas,No,None
PSAM4NK,782272,19,18,10,10,242,39.6435,43.048,0.8068669527896996,1.2107438016528926,62066,2020-09-16 14:08:19.955000-04:00,21,18,13,85.4497354497355,86.3777089783282,69.96336996337,91.6230366492147,5251,55.312,44.402,0.6157625786163522,1.4736240716054085,148928,2020-03-25 13:29:42.287000-04:00,2143.0,Arkansas,No,None
PSAM4NK,778799,18,15,10,9,310,22.701,28.5665,0.6336633663366337,1.4709677419354839,62067,2020-09-16 14:08:19.956000-04:00,28,18,16,88.2936507936508,89.8876404494382,58.0357142857143,94.2307692307692,6848,47.9605,39.5415,0.6400966183574879,1.4478679906542056,148928,2020-03-25 13:29:42.287000-04:00,2143.0,Arkansas,No,None
PSAM4NK,780221,17,16,10,10,276,59.3865,72.338,0.5580524344569289,1.6014492753623188,62067,2020-09-16 14:08:19.956000-04:00,28,18,16,88.2936507936508,89.8876404494382,58.0357142857143,94.2307692307692,6848,47.9605,39.5415,0.6400966183574879,1.4478679906542056,148928,2020-03-25 13:29:42.287000-04:00,2143.0,Arkansas,No,None
PSAM4NK,780242,19,19,10,10,241,50.118,64.22,0.7586206896551724,1.3609958506224067,62067,2020-09-16 14:08:19.956000-04:00,28,18,16,88.2936507936508,89.8876404494382,58.0357142857143,94.2307692307692,6848,47.9605,39.5415,0.6400966183574879,1.4478679906542056,148928,2020-03-25 13:29:42.287000-04:00,2143.0,Arkansas,No,None
PSAM4NK,780267,17,17,10,10,247,53.067,65.454,0.7310924369747899,1.4129554655870444,62067,2020-09-16 14:08:19.956000-04:00,28,18,16,88.2936507936508,89.8876404494382,58.0357142857143,94.2307692307692,6848,47.9605,39.5415,0.6400966183574879,1.4478679906542056,148928,2020-03-25 13:29:42.287000-04:00,2143.0,Arkansas,No,None
PSAM4NK,780274,17,17,10,10,279,56.179,68.829,0.6481481481481481,1.4408602150537635,62067,2020-09-16 14:08:19.956000-04:00,28,18,16,88.2936507936508,89.8876404494382,58.0357142857143,94.2307692307692,6848,47.9605,39.5415,0.6400966183574879,1.4478679906542056,148928,2020-03-25 13:29:42.287000-04:00,2143.0,Arkansas,No,None
PSAM4NK,780304,18,17,10,10,267,49.042,56.444,0.6627906976744186,1.453183520599251,62067,2020-09-16 14:08:19.956000-04:00,28,18,16,88.2936507936508,89.8876404494382,58.0357142857143,94.2307692307692,6848,47.9605,39.5415,0.6400966183574879,1.4478679906542056,148928,2020-03-25 13:29:42.287000-04:00,2143.0,Arkansas,No,None
PSAM4NK,780305,18,18,10,10,307,47.688,61.781,0.5268456375838926,1.739413680781759,62067,2020-09-16 14:08:19.956000-04:00,28,18,16,88.2936507936508,89.8876404494382,58.0357142857143,94.2307692307692,6848,47.9605,39.5415,0.6400966183574879,1.4478679906542056,148928,2020-03-25 13:29:42.287000-04:00,2143.0,Arkansas,No,None
PSAM4NK,780309,15,12,10,9,238,30.9835,37.7485,0.6069868995633187,1.361344537815126,62067,2020-09-16 14:08:19.956000-04:00,28,18,16,88.2936507936508,89.8876404494382,58.0357142857143,94.2307692307692,6848,47.9605,39.5415,0.6400966183574879,1.4478679906542056,148928,2020-03-25 13:29:42.287000-04:00,2143.0,Arkansas,No,None
PSAM4NK,780314,17,13,10,10,269,43.953,53.957,0.6576923076923077,1.4349442379182156,62067,2020-09-16 14:08:19.956000-04:00,28,18,16,88.2936507936508,89.8876404494382,58.0357142857143,94.2307692307692,6848,47.9605,39.5415,0.6400966183574879,1.4478679906542056,148928,2020-03-25 13:29:42.287000-04:00,2143.0,Arkansas,No,None
PSAM4NK,780458,17,17,10,10,245,66.705,76.75,0.7966101694915254,1.2816326530612245,62067,2020-09-16 14:08:19.956000-04:00,28,18,16,88.2936507936508,89.8876404494382,58.0357142857143,94.2307692307692,6848,47.9605,39.5415,0.6400966183574879,1.4478679906542056,148928,2020-03-25 13:29:42.287000-04:00,2143.0,Arkansas,No,None
PSAM4NK,780465,17,16,10,10,232,42.89,49.4855,0.7892376681614349,1.2241379310344829,62067,2020-09-16 14:08:19.956000-04:00,28,18,16,88.2936507936508,89.8876404494382,58.0357142857143,94.2307692307692,6848,47.9605,39.5415,0.6400966183574879,1.4478679906542056,148928,2020-03-25 13:29:42.287000-04:00,2143.0,Arkansas,No,None
PSAM4NK,780466,17,14,10,10,271,35.641,40.391,0.5916030534351145,1.5239852398523985,62067,2020-09-16 14:08:19.956000-04:00,28,18,16,88.2936507936508,89.8876404494382,58.0357142857143,94.2307692307692,6848,47.9605,39.5415,0.6400966183574879,1.4478679906542056,148928,2020-03-25 13:29:42.287000-04:00,2143.0,Arkansas,No,None
PSAM4NK,780520,17,17,10,10,278,62.6145,82.217,0.654275092936803,1.5899280575539567,62067,2020-09-16 14:08:19.956000-04:00,28,18,16,88.2936507936508,89.8876404494382,58.0357142857143,94.2307692307692,6848,47.9605,39.5415,0.6400966183574879,1.4478679906542056,148928,2020-03-25 13:29:42.287000-04:00,2143.0,Arkansas,No,None
PSAM4NK,780714,19,17,10,10,277,27.989,35.185,0.6305970149253731,1.4981949458483754,62067,2020-09-16 14:08:19.956000-04:00,28,18,16,88.2936507936508,89.8876404494382,58.0357142857143,94.2307692307692,6848,47.9605,39.5415,0.6400966183574879,1.4478679906542056,148928,2020-03-25 13:29:42.287000-04:00,2143.0,Arkansas,No,None
PSAM4NK,781312,17,16,10,10,246,37.5305,40.511,0.7552742616033755,1.386178861788618,62067,2020-09-16 14:08:19.956000-04:00,28,18,16,88.2936507936508,89.8876404494382,58.0357142857143,94.2307692307692,6848,47.9605,39.5415,0.6400966183574879,1.4478679906542056,148928,2020-03-25 13:29:42.287000-04:00,2143.0,Arkansas,No,None
PSAM4NK,781917,17,15,10,10,253,49.821,54.341,0.7049180327868853,1.3675889328063242,62067,2020-09-16 14:08:19.956000-04:00,28,18,16,88.2936507936508,89.8876404494382,58.0357142857143,94.2307692307692,6848,47.9605,39.5415,0.6400966183574879,1.4478679906542056,148928,2020-03-25 13:29:42.287000-04:00,2143.0,Arkansas,No,None
PSAM4NK,782503,17,13,10,9,223,33.023,40.672,0.6915887850467289,1.4349775784753362,62067,2020-09-16 14:08:19.956000-04:00,28,18,16,88.2936507936508,89.8876404494382,58.0357142857143,94.2307692307692,6848,47.9605,39.5415,0.6400966183574879,1.4478679906542056,148928,2020-03-25 13:29:42.287000-04:00,2143.0,Arkansas,No,None
PSAM4NK,782660,17,16,10,10,311,22.289,25.599,0.5298013245033113,1.5209003215434085,62067,2020-09-16 14:08:19.956000-04:00,28,18,16,88.2936507936508,89.8876404494382,58.0357142857143,94.2307692307692,6848,47.9605,39.5415,0.6400966183574879,1.4478679906542056,148928,2020-03-25 13:29:42.287000-04:00,2143.0,Arkansas,No,None
PSAM4NK,783225,17,13,10,10,312,34.4475,43.4355,0.49174917491749176,1.564102564102564,62067,2020-09-16 14:08:19.956000-04:00,28,18,16,88.2936507936508,89.8876404494382,58.0357142857143,94.2307692307692,6848,47.9605,39.5415,0.6400966183574879,1.4478679906542056,148928,2020-03-25 13:29:42.287000-04:00,2143.0,Arkansas,No,None
PSAM4NK,786252,17,16,10,10,279,34.03,40.285,0.6888888888888889,1.3655913978494625,62067,2020-09-16 14:08:19.956000-04:00,28,18,16,88.2936507936508,89.8876404494382,58.0357142857143,94.2307692307692,6848,47.9605,39.5415,0.6400966183574879,1.4478679906542056,148928,2020-03-25 13:29:42.287000-04:00,2143.0,Arkansas,No,None
PSAM4NK,786430,15,10,7,3,160,45.233,61.9055,0.423841059602649,1.575,62067,2020-09-16 14:08:19.956000-04:00,28,18,16,88.2936507936508,89.8876404494382,58.0357142857143,94.2307692307692,6848,47.9605,39.5415,0.6400966183574879,1.4478679906542056,148928,2020-03-25 13:29:42.287000-04:00,2143.0,Arkansas,No,None
PSAM4NK,787910,6,4,4,0,45,30.157,37.973,0.6888888888888889,1.711111111111111,62067,2020-09-16 14:08:19.956000-04:00,28,18,16,88.2936507936508,89.8876404494382,58.0357142857143,94.2307692307692,6848,47.9605,39.5415,0.6400966183574879,1.4478679906542056,148928,2020-03-25 13:29:42.287000-04:00,2143.0,Arkansas,No,None
PSAM4NK,796582,17,17,10,10,257,35.309,47.414,0.6785714285714286,1.404669260700389,62067,2020-09-16 14:08:19.956000-04:00,28,18,16,88.2936507936508,89.8876404494382,58.0357142857143,94.2307692307692,6848,47.9605,39.5415,0.6400966183574879,1.4478679906542056,148928,2020-03-25 13:29:42.287000-04:00,2143.0,Arkansas,No,None
PSAM4NK,801642,17,16,11,10,270,41.856,53.3305,0.5900383141762452,1.5222222222222221,62067,2020-09-16 14:08:19.956000-04:00,28,18,16,88.2936507936508,89.8876404494382,58.0357142857143,94.2307692307692,6848,47.9605,39.5415,0.6400966183574879,1.4478679906542056,148928,2020-03-25 13:29:42.287000-04:00,2143.0,Arkansas,No,None
PSAM4NK,778302,16,13,8,5,242,54.679,72.613,0.6540084388185654,1.4380165289256197,62067,2020-09-16 14:08:19.956000-04:00,28,18,16,88.2936507936508,89.8876404494382,58.0357142857143,94.2307692307692,6848,47.9605,39.5415,0.6400966183574879,1.4478679906542056,148928,2020-03-25 13:29:42.287000-04:00,2143.0,Arkansas,No,None
PSAM4NK,778431,19,19,10,10,217,81.864,91.564,0.9182692307692307,1.0783410138248848,62067,2020-09-16 14:08:19.956000-04:00,28,18,16,88.2936507936508,89.8876404494382,58.0357142857143,94.2307692307692,6848,47.9605,39.5415,0.6400966183574879,1.4478679906542056,148928,2020-03-25 13:29:42.287000-04:00,2143.0,Arkansas,No,None
PSAM4NK,779739,18,17,10,10,324,20.166,23.9095,0.4253968253968254,1.3981481481481481,62067,2020-09-16 14:08:19.956000-04:00,28,18,16,88.2936507936508,89.8876404494382,58.0357142857143,94.2307692307692,6848,47.9605,39.5415,0.6400966183574879,1.4478679906542056,148928,2020-03-25 13:29:42.287000-04:00,2143.0,Arkansas,No,None
PSAM4NK,784001,19,19,10,10,263,38.425,43.415,0.7795275590551181,1.2433460076045626,62068,2020-09-16 14:08:19.957000-04:00,22,18,13,93.1818181818182,90.2439024390244,70.2797202797203,93.0348258706468,5515,50.148,41.685,0.6562851782363978,1.459655485040798,148928,2020-03-25 13:29:42.287000-04:00,2143.0,Arkansas,No,None
PSAM4NK,783932,18,18,10,10,305,20.632,25.195,0.6317567567567568,1.5081967213114753,62068,2020-09-16 14:08:19.957000-04:00,22,18,13,93.1818181818182,90.2439024390244,70.2797202797203,93.0348258706468,5515,50.148,41.685,0.6562851782363978,1.459655485040798,148928,2020-03-25 13:29:42.287000-04:00,2143.0,Arkansas,No,None
PSAM4NK,782953,19,16,10,10,302,43.9945,51.7075,0.5324232081911263,1.543046357615894,62068,2020-09-16 14:08:19.957000-04:00,22,18,13,93.1818181818182,90.2439024390244,70.2797202797203,93.0348258706468,5515,50.148,41.685,0.6562851782363978,1.459655485040798,148928,2020-03-25 13:29:42.287000-04:00,2143.0,Arkansas,No,None
PSAM4NK,782849,18,16,10,10,243,86.662,100.701,0.7435897435897436,1.3868312757201646,62068,2020-09-16 14:08:19.957000-04:00,22,18,13,93.1818181818182,90.2439024390244,70.2797202797203,93.0348258706468,5515,50.148,41.685,0.6562851782363978,1.459655485040798,148928,2020-03-25 13:29:42.287000-04:00,2143.0,Arkansas,No,None
PSAM4NK,777397,19,18,10,10,251,38.946,47.169,0.7396694214876033,1.4103585657370519,62068,2020-09-16 14:08:19.957000-04:00,22,18,13,93.1818181818182,90.2439024390244,70.2797202797203,93.0348258706468,5515,50.148,41.685,0.6562851782363978,1.459655485040798,148928,2020-03-25 13:29:42.287000-04:00,2143.0,Arkansas,No,None
PSAM4NK,781138,19,19,10,10,323,37.301,50.544,0.5509554140127388,1.718266253869969,62068,2020-09-16 14:08:19.957000-04:00,22,18,13,93.1818181818182,90.2439024390244,70.2797202797203,93.0348258706468,5515,50.148,41.685,0.6562851782363978,1.459655485040798,148928,2020-03-25 13:29:42.287000-04:00,2143.0,Arkansas,No,None
PSAM4NK,778494,18,16,10,10,250,67.2985,97.346,0.7468879668049793,1.428,62068,2020-09-16 14:08:19.957000-04:00,22,18,13,93.1818181818182,90.2439024390244,70.2797202797203,93.0348258706468,5515,50.148,41.685,0.6562851782363978,1.459655485040798,148928,2020-03-25 13:29:42.287000-04:00,2143.0,Arkansas,No,None
PSAM4NK,778331,19,19,10,10,259,20.334,27.787,0.736,1.444015444015444,62068,2020-09-16 14:08:19.957000-04:00,22,18,13,93.1818181818182,90.2439024390244,70.2797202797203,93.0348258706468,5515,50.148,41.685,0.6562851782363978,1.459655485040798,148928,2020-03-25 13:29:42.287000-04:00,2143.0,Arkansas,No,None
PSAM4NK,778338,18,16,8,6,212,31.7405,38.011,0.6847290640394089,1.4339622641509433,62068,2020-09-16 14:08:19.957000-04:00,22,18,13,93.1818181818182,90.2439024390244,70.2797202797203,93.0348258706468,5515,50.148,41.685,0.6562851782363978,1.459655485040798,148928,2020-03-25 13:29:42.287000-04:00,2143.0,Arkansas,No,None
PSAM4NK,778340,16,12,8,6,220,31.537,41.0365,0.6093023255813953,1.440909090909091,62068,2020-09-16 14:08:19.957000-04:00,22,18,13,93.1818181818182,90.2439024390244,70.2797202797203,93.0348258706468,5515,50.148,41.685,0.6562851782363978,1.459655485040798,148928,2020-03-25 13:29:42.287000-04:00,2143.0,Arkansas,No,None
PSAM4NK,778350,19,19,10,10,248,38.8895,40.039,0.8577405857740585,1.1330645161290323,62068,2020-09-16 14:08:19.957000-04:00,22,18,13,93.1818181818182,90.2439024390244,70.2797202797203,93.0348258706468,5515,50.148,41.685,0.6562851782363978,1.459655485040798,148928,2020-03-25 13:29:42.287000-04:00,2143.0,Arkansas,No,None
PSAM4NK,778351,18,16,7,6,297,43.153,56.945,0.6215277777777778,1.4814814814814814,62068,2020-09-16 14:08:19.957000-04:00,22,18,13,93.1818181818182,90.2439024390244,70.2797202797203,93.0348258706468,5515,50.148,41.685,0.6562851782363978,1.459655485040798,148928,2020-03-25 13:29:42.287000-04:00,2143.0,Arkansas,No,None
PSAM4NK,778354,18,17,10,10,292,29.666,33.887,0.657243816254417,1.4554794520547945,62068,2020-09-16 14:08:19.957000-04:00,22,18,13,93.1818181818182,90.2439024390244,70.2797202797203,93.0348258706468,5515,50.148,41.685,0.6562851782363978,1.459655485040798,148928,2020-03-25 13:29:42.287000-04:00,2143.0,Arkansas,No,None
PSAM4NK,778400,18,18,11,8,224,65.989,78.0185,0.6990740740740741,1.3526785714285714,62068,2020-09-16 14:08:19.957000-04:00,22,18,13,93.1818181818182,90.2439024390244,70.2797202797203,93.0348258706468,5515,50.148,41.685,0.6562851782363978,1.459655485040798,148928,2020-03-25 13:29:42.287000-04:00,2143.0,Arkansas,No,None
PSAM4NK,778406,18,14,10,10,339,39.661,47.877,0.5666666666666667,1.4129793510324484,62068,2020-09-16 14:08:19.957000-04:00,22,18,13,93.1818181818182,90.2439024390244,70.2797202797203,93.0348258706468,5515,50.148,41.685,0.6562851782363978,1.459655485040798,148928,2020-03-25 13:29:42.287000-04:00,2143.0,Arkansas,No,None
PSAM4NK,778429,18,17,10,9,255,71.872,93.1,0.6341463414634146,1.611764705882353,62068,2020-09-16 14:08:19.957000-04:00,22,18,13,93.1818181818182,90.2439024390244,70.2797202797203,93.0348258706468,5515,50.148,41.685,0.6562851782363978,1.459655485040798,148928,2020-03-25 13:29:42.287000-04:00,2143.0,Arkansas,No,None
PSAM4NK,778498,18,16,10,10,242,49.3265,50.952,0.7854077253218884,1.256198347107438,62068,2020-09-16 14:08:19.957000-04:00,22,18,13,93.1818181818182,90.2439024390244,70.2797202797203,93.0348258706468,5515,50.148,41.685,0.6562851782363978,1.459655485040798,148928,2020-03-25 13:29:42.287000-04:00,2143.0,Arkansas,No,None
PSAM4NK,778484,18,15,8,6,235,43.085,47.779,0.6173913043478261,1.3872340425531915,62068,2020-09-16 14:08:19.957000-04:00,22,18,13,93.1818181818182,90.2439024390244,70.2797202797203,93.0348258706468,5515,50.148,41.685,0.6562851782363978,1.459655485040798,148928,2020-03-25 13:29:42.287000-04:00,2143.0,Arkansas,No,None
PSAM4NK,788900,19,18,11,11,292,57.3135,79.3385,0.6192170818505338,1.4349315068493151,62068,2020-09-16 14:08:19.957000-04:00,22,18,13,93.1818181818182,90.2439024390244,70.2797202797203,93.0348258706468,5515,50.148,41.685,0.6562851782363978,1.459655485040798,148928,2020-03-25 13:29:42.287000-04:00,2143.0,Arkansas,No,None
PSAM4NK,787390,18,16,11,11,248,51.998,58.032,0.698744769874477,1.4596774193548387,62068,2020-09-16 14:08:19.957000-04:00,22,18,13,93.1818181818182,90.2439024390244,70.2797202797203,93.0348258706468,5515,50.148,41.685,0.6562851782363978,1.459655485040798,148928,2020-03-25 13:29:42.287000-04:00,2143.0,Arkansas,No,None
PSAM4NK,785992,18,16,10,9,310,35.299,44.649,0.5016611295681063,1.7548387096774194,62068,2020-09-16 14:08:19.957000-04:00,22,18,13,93.1818181818182,90.2439024390244,70.2797202797203,93.0348258706468,5515,50.148,41.685,0.6562851782363978,1.459655485040798,148928,2020-03-25 13:29:42.287000-04:00,2143.0,Arkansas,No,None
PSAM4NK,743104,24,22,30,30,291,53.407,62.16,0.7068965517241379,1.5051546391752577,63208,2020-09-18 09:07:33.144000-04:00,33,25,30,36.3636363636364,76.0,39.7979797979798,88.3248730964467,3397,59.934,49.267,0.6385364414281499,1.5684427435972916,17157,2019-08-19 11:55:11.352000-04:00,655.0,Illinois,No,None
PSAM4NK,740812,19,12,35,30,279,32.597,41.195,0.4064748201438849,1.8243727598566308,63208,2020-09-18 09:07:33.144000-04:00,33,25,30,36.3636363636364,76.0,39.7979797979798,88.3248730964467,3397,59.934,49.267,0.6385364414281499,1.5684427435972916,17157,2019-08-19 11:55:11.352000-04:00,655.0,Illinois,No,None
PSAM4NK,740896,6,0,17,9,87,43.667,60.065,0.3563218390804598,2.0344827586206895,63208,2020-09-18 09:07:33.144000-04:00,33,25,30,36.3636363636364,76.0,39.7979797979798,88.3248730964467,3397,59.934,49.267,0.6385364414281499,1.5684427435972916,17157,2019-08-19 11:55:11.352000-04:00,655.0,Illinois,No,None
PSAM4NK,740898,12,1,21,13,134,33.1765,43.5935,0.29850746268656714,2.1940298507462686,63208,2020-09-18 09:07:33.144000-04:00,33,25,30,36.3636363636364,76.0,39.7979797979798,88.3248730964467,3397,59.934,49.267,0.6385364414281499,1.5684427435972916,17157,2019-08-19 11:55:11.352000-04:00,655.0,Illinois,No,None
PSAM4NK,743073,21,20,30,28,292,56.3415,64.941,0.6219931271477663,1.5,63208,2020-09-18 09:07:33.144000-04:00,33,25,30,36.3636363636364,76.0,39.7979797979798,88.3248730964467,3397,59.934,49.267,0.6385364414281499,1.5684427435972916,17157,2019-08-19 11:55:11.352000-04:00,655.0,Illinois,No,None
PSAM4NK,743084,21,19,28,26,233,52.681,56.516,0.771551724137931,1.3133047210300428,63208,2020-09-18 09:07:33.144000-04:00,33,25,30,36.3636363636364,76.0,39.7979797979798,88.3248730964467,3397,59.934,49.267,0.6385364414281499,1.5684427435972916,17157,2019-08-19 11:55:11.352000-04:00,655.0,Illinois,No,None
PSAM4NK,743102,24,22,29,29,283,35.409,47.101,0.6643109540636042,1.5053003533568905,63208,2020-09-18 09:07:33.144000-04:00,33,25,30,36.3636363636364,76.0,39.7979797979798,88.3248730964467,3397,59.934,49.267,0.6385364414281499,1.5684427435972916,17157,2019-08-19 11:55:11.352000-04:00,655.0,Illinois,No,None
PSAM4NK,743103,24,22,30,30,271,49.393,58.678,0.7601476014760148,1.6199261992619927,63208,2020-09-18 09:07:33.144000-04:00,33,25,30,36.3636363636364,76.0,39.7979797979798,88.3248730964467,3397,59.934,49.267,0.6385364414281499,1.5684427435972916,17157,2019-08-19 11:55:11.352000-04:00,655.0,Illinois,No,None
PSAM4NK,743106,24,24,34,33,297,47.146,52.779,0.7871621621621622,1.3636363636363635,63208,2020-09-18 09:07:33.144000-04:00,33,25,30,36.3636363636364,76.0,39.7979797979798,88.3248730964467,3397,59.934,49.267,0.6385364414281499,1.5684427435972916,17157,2019-08-19 11:55:11.352000-04:00,655.0,Illinois,No,None
PSAM4NK,743116,24,22,28,25,261,64.101,77.043,0.6807692307692308,1.4674329501915708,63208,2020-09-18 09:07:33.144000-04:00,33,25,30,36.3636363636364,76.0,39.7979797979798,88.3248730964467,3397,59.934,49.267,0.6385364414281499,1.5684427435972916,17157,2019-08-19 11:55:11.352000-04:00,655.0,Illinois,No,None
PSAM4NK,743131,21,14,30,28,263,42.207,56.347,0.5551330798479087,1.7452471482889733,63208,2020-09-18 09:07:33.144000-04:00,33,25,30,36.3636363636364,76.0,39.7979797979798,88.3248730964467,3397,59.934,49.267,0.6385364414281499,1.5684427435972916,17157,2019-08-19 11:55:11.352000-04:00,655.0,Illinois,No,None
PSAM4NK,743137,11,3,13,4,60,147.143,179.018,0.43333333333333335,2.1666666666666665,63208,2020-09-18 09:07:33.144000-04:00,33,25,30,36.3636363636364,76.0,39.7979797979798,88.3248730964467,3397,59.934,49.267,0.6385364414281499,1.5684427435972916,17157,2019-08-19 11:55:11.352000-04:00,655.0,Illinois,No,None
PSAM4NK,743434,19,13,28,24,246,47.17,57.245,0.5650406504065041,1.7073170731707317,63208,2020-09-18 09:07:33.144000-04:00,33,25,30,36.3636363636364,76.0,39.7979797979798,88.3248730964467,3397,59.934,49.267,0.6385364414281499,1.5684427435972916,17157,2019-08-19 11:55:11.352000-04:00,655.0,Illinois,No,None
PSAM4NK,743842,18,11,26,22,193,33.026,41.681,0.6269430051813472,1.538860103626943,63208,2020-09-18 09:07:33.144000-04:00,33,25,30,36.3636363636364,76.0,39.7979797979798,88.3248730964467,3397,59.934,49.267,0.6385364414281499,1.5684427435972916,17157,2019-08-19 11:55:11.352000-04:00,655.0,Illinois,No,None
PSAM4NK,795004,29,24,0,0,137,67.479,74.879,0.7703703703703704,1.2481751824817517,66280,2020-09-24 09:25:17.144000-04:00,15,31,0,64.9462365591398,90.3973509933775,0.0,0.0,1925,38.457,31.797,0.7075621364357483,1.3085714285714285,401288,2020-07-29 11:47:03.098000-04:00,1408.0,New Hampshire,No,None
PSAM4NK,795009,30,30,0,0,212,30.708,44.8525,0.7238095238095238,1.2877358490566038,66280,2020-09-24 09:25:17.144000-04:00,15,31,0,64.9462365591398,90.3973509933775,0.0,0.0,1925,38.457,31.797,0.7075621364357483,1.3085714285714285,401288,2020-07-29 11:47:03.098000-04:00,1408.0,New Hampshire,No,None
PSAM4NK,795103,29,26,0,0,161,24.817,34.064,0.7044025157232704,1.4285714285714286,66280,2020-09-24 09:25:17.144000-04:00,15,31,0,64.9462365591398,90.3973509933775,0.0,0.0,1925,38.457,31.797,0.7075621364357483,1.3085714285714285,401288,2020-07-29 11:47:03.098000-04:00,1408.0,New Hampshire,No,None
PSAM4NK,52817,31,28,0,0,151,38.416,44.672,0.7583892617449665,1.2980132450331126,66280,2020-09-24 09:25:17.144000-04:00,15,31,0,64.9462365591398,90.3973509933775,0.0,0.0,1925,38.457,31.797,0.7075621364357483,1.3085714285714285,401288,2020-07-29 11:47:03.098000-04:00,1408.0,New Hampshire,No,None
PSAM4NK,810442,27,25,0,0,190,42.612,64.7275,0.6702127659574468,1.536842105263158,66280,2020-09-24 09:25:17.144000-04:00,15,31,0,64.9462365591398,90.3973509933775,0.0,0.0,1925,38.457,31.797,0.7075621364357483,1.3085714285714285,401288,2020-07-29 11:47:03.098000-04:00,1408.0,New Hampshire,No,None
PSAM4NK,795000,26,25,0,0,174,37.228,60.1805,0.7202380952380952,1.1551724137931034,66280,2020-09-24 09:25:17.144000-04:00,15,31,0,64.9462365591398,90.3973509933775,0.0,0.0,1925,38.457,31.797,0.7075621364357483,1.3085714285714285,401288,2020-07-29 11:47:03.098000-04:00,1408.0,New Hampshire,No,None
PSAM4NK,788978,31,29,0,0,245,45.211,56.309,0.6074380165289256,1.8081632653061224,66281,2020-09-24 09:25:17.145000-04:00,11,31,0,56.0117302052786,93.1937172774869,0.0,0.0,1008,34.782,30.171,0.7540160642570282,1.2748015873015872,401288,2020-07-29 11:47:03.098000-04:00,1408.0,New Hampshire,No,None
PSAM4NK,789023,29,27,0,0,132,33.182,35.522,0.823076923076923,1.1363636363636365,66281,2020-09-24 09:25:17.145000-04:00,11,31,0,56.0117302052786,93.1937172774869,0.0,0.0,1008,34.782,30.171,0.7540160642570282,1.2748015873015872,401288,2020-07-29 11:47:03.098000-04:00,1408.0,New Hampshire,No,None
PSAM4NK,789038,26,26,0,0,198,27.3155,34.67,0.7552083333333334,1.2474747474747474,66281,2020-09-24 09:25:17.145000-04:00,11,31,0,56.0117302052786,93.1937172774869,0.0,0.0,1008,34.782,30.171,0.7540160642570282,1.2748015873015872,401288,2020-07-29 11:47:03.098000-04:00,1408.0,New Hampshire,No,None
PSAM4NK,788997,30,30,0,0,139,23.991,27.274,0.781021897810219,1.1294964028776977,66281,2020-09-24 09:25:17.145000-04:00,11,31,0,56.0117302052786,93.1937172774869,0.0,0.0,1008,34.782,30.171,0.7540160642570282,1.2748015873015872,401288,2020-07-29 11:47:03.098000-04:00,1408.0,New Hampshire,No,None
PSAM4NK,784862,29,27,0,0,177,30.122,39.102,0.6971428571428572,1.3728813559322035,66323,2020-09-24 10:38:55.718000-04:00,9,34,0,69.281045751634,95.2830188679245,0.0,0.0,1162,33.373,27.91,0.7497805092186128,1.263339070567986,401824,2020-07-30 12:51:08.260000-04:00,1408.0,New Hampshire,No,None
PSAM4NK,784842,29,28,0,0,181,17.789,18.133,0.783625730994152,1.1546961325966851,66323,2020-09-24 10:38:55.718000-04:00,9,34,0,69.281045751634,95.2830188679245,0.0,0.0,1162,33.373,27.91,0.7497805092186128,1.263339070567986,401824,2020-07-30 12:51:08.260000-04:00,1408.0,New Hampshire,No,None
PSAM4NK,784839,29,28,0,0,156,24.678,33.0455,0.7207792207792207,1.3525641025641026,66323,2020-09-24 10:38:55.718000-04:00,9,34,0,69.281045751634,95.2830188679245,0.0,0.0,1162,33.373,27.91,0.7497805092186128,1.263339070567986,401824,2020-07-30 12:51:08.260000-04:00,1408.0,New Hampshire,No,None
PSAM4NK,786958,30,28,0,0,186,47.1915,56.2815,0.75,1.2473118279569892,66323,2020-09-24 10:38:55.718000-04:00,9,34,0,69.281045751634,95.2830188679245,0.0,0.0,1162,33.373,27.91,0.7497805092186128,1.263339070567986,401824,2020-07-30 12:51:08.260000-04:00,1408.0,New Hampshire,No,None
PSAM4NK,800777,29,29,0,0,164,29.8115,35.742,0.7530864197530864,1.2134146341463414,66323,2020-09-24 10:38:55.718000-04:00,9,34,0,69.281045751634,95.2830188679245,0.0,0.0,1162,33.373,27.91,0.7497805092186128,1.263339070567986,401824,2020-07-30 12:51:08.260000-04:00,1408.0,New Hampshire,No,None
PSAM4NK,784875,29,27,0,0,167,42.98,63.183,0.7333333333333333,1.2874251497005988,66323,2020-09-24 10:38:55.718000-04:00,9,34,0,69.281045751634,95.2830188679245,0.0,0.0,1162,33.373,27.91,0.7497805092186128,1.263339070567986,401824,2020-07-30 12:51:08.260000-04:00,1408.0,New Hampshire,No,None
PSAM4NK,784872,30,29,0,0,141,24.163,25.798,0.7841726618705036,1.2127659574468086,66323,2020-09-24 10:38:55.718000-04:00,9,34,0,69.281045751634,95.2830188679245,0.0,0.0,1162,33.373,27.91,0.7497805092186128,1.263339070567986,401824,2020-07-30 12:51:08.260000-04:00,1408.0,New Hampshire,No,None
PSAM4NK,784861,27,25,0,0,124,29.832,32.8675,0.7704918032786885,1.282258064516129,66323,2020-09-24 10:38:55.718000-04:00,9,34,0,69.281045751634,95.2830188679245,0.0,0.0,1162,33.373,27.91,0.7497805092186128,1.263339070567986,401824,2020-07-30 12:51:08.260000-04:00,1408.0,New Hampshire,No,None
PSAM4NK,789043,27,26,0,0,159,102.437,112.672,0.8627450980392157,1.0817610062893082,66324,2020-09-24 10:38:55.719000-04:00,14,32,0,42.4107142857143,94.7368421052632,0.0,0.0,1278,40.714,33.7875,0.7130153597413096,1.3482003129890454,401824,2020-07-30 12:51:08.260000-04:00,1408.0,New Hampshire,No,None
PSAM4NK,789020,32,31,0,0,176,19.106,22.4615,0.735632183908046,1.4147727272727273,66324,2020-09-24 10:38:55.719000-04:00,14,32,0,42.4107142857143,94.7368421052632,0.0,0.0,1278,40.714,33.7875,0.7130153597413096,1.3482003129890454,401824,2020-07-30 12:51:08.260000-04:00,1408.0,New Hampshire,No,None
PSAM4NK,789005,28,20,0,0,206,18.628,22.1185,0.6428571428571429,1.383495145631068,66324,2020-09-24 10:38:55.719000-04:00,14,32,0,42.4107142857143,94.7368421052632,0.0,0.0,1278,40.714,33.7875,0.7130153597413096,1.3482003129890454,401824,2020-07-30 12:51:08.260000-04:00,1408.0,New Hampshire,No,None
PSAM4NK,788977,27,26,0,0,208,48.0935,65.018,0.6515151515151515,1.2596153846153846,66324,2020-09-24 10:38:55.719000-04:00,14,32,0,42.4107142857143,94.7368421052632,0.0,0.0,1278,40.714,33.7875,0.7130153597413096,1.3482003129890454,401824,2020-07-30 12:51:08.260000-04:00,1408.0,New Hampshire,No,None
PSAM4NK,809948,26,25,0,0,153,25.414,30.945,0.7483443708609272,1.222222222222222,66324,2020-09-24 10:38:55.719000-04:00,14,32,0,42.4107142857143,94.7368421052632,0.0,0.0,1278,40.714,33.7875,0.7130153597413096,1.3482003129890454,401824,2020-07-30 12:51:08.260000-04:00,1408.0,New Hampshire,No,None
PSAM4NK,803944,30,30,0,0,167,28.549,31.812,0.7818181818181819,1.2035928143712575,66324,2020-09-24 10:38:55.719000-04:00,14,32,0,42.4107142857143,94.7368421052632,0.0,0.0,1278,40.714,33.7875,0.7130153597413096,1.3482003129890454,401824,2020-07-30 12:51:08.260000-04:00,1408.0,New Hampshire,No,None
PSAM4NK,800750,28,27,0,0,148,19.8225,23.645,0.8287671232876712,1.2027027027027026,66324,2020-09-24 10:38:55.719000-04:00,14,32,0,42.4107142857143,94.7368421052632,0.0,0.0,1278,40.714,33.7875,0.7130153597413096,1.3482003129890454,401824,2020-07-30 12:51:08.260000-04:00,1408.0,New Hampshire,No,None
PSAM4NK,789161,27,25,0,0,136,27.1485,35.641,0.7238805970149254,1.397058823529412,66324,2020-09-24 10:38:55.719000-04:00,14,32,0,42.4107142857143,94.7368421052632,0.0,0.0,1278,40.714,33.7875,0.7130153597413096,1.3482003129890454,401824,2020-07-30 12:51:08.260000-04:00,1408.0,New Hampshire,No,None
PSAM4NK,789061,30,29,0,0,180,49.7365,58.091,0.7247191011235955,1.3222222222222222,66324,2020-09-24 10:38:55.719000-04:00,14,32,0,42.4107142857143,94.7368421052632,0.0,0.0,1278,40.714,33.7875,0.7130153597413096,1.3482003129890454,401824,2020-07-30 12:51:08.260000-04:00,1408.0,New Hampshire,No,None
PSAM4NK,786754,28,26,0,0,138,22.139,24.711,0.7794117647058824,1.1594202898550725,66332,2020-09-24 10:44:46.959000-04:00,17,35,0,60.1680672268908,91.6201117318436,0.0,0.0,2197,30.009,25.541,0.7263060564031438,1.3054164770141101,404839,2020-08-05 09:32:47.635000-04:00,1408.0,New Hampshire,No,None
PSAM4NK,786786,26,23,0,0,148,29.682,39.814,0.7074829931972789,1.3445945945945945,66332,2020-09-24 10:44:46.959000-04:00,17,35,0,60.1680672268908,91.6201117318436,0.0,0.0,2197,30.009,25.541,0.7263060564031438,1.3054164770141101,404839,2020-08-05 09:32:47.635000-04:00,1408.0,New Hampshire,No,None
PSAM4NK,794987,28,25,0,0,207,61.451,80.91,0.697560975609756,1.3333333333333333,66332,2020-09-24 10:44:46.959000-04:00,17,35,0,60.1680672268908,91.6201117318436,0.0,0.0,2197,30.009,25.541,0.7263060564031438,1.3054164770141101,404839,2020-08-05 09:32:47.635000-04:00,1408.0,New Hampshire,No,None
PSAM4NK,976278,10,10,0,0,83,10.909,13.797,0.8243243243243243,1.1325301204819278,66332,2020-09-24 10:44:46.959000-04:00,17,35,0,60.1680672268908,91.6201117318436,0.0,0.0,2197,30.009,25.541,0.7263060564031438,1.3054164770141101,404839,2020-08-05 09:32:47.635000-04:00,1408.0,New Hampshire,No,None
PSAM4NK,786742,30,30,0,0,133,20.611,21.555,0.8549618320610687,1.1428571428571428,66332,2020-09-24 10:44:46.959000-04:00,17,35,0,60.1680672268908,91.6201117318436,0.0,0.0,2197,30.009,25.541,0.7263060564031438,1.3054164770141101,404839,2020-08-05 09:32:47.635000-04:00,1408.0,New Hampshire,No,None
PSAM4NK,786749,30,28,0,0,181,19.19,21.834,0.7094972067039106,1.298342541436464,66332,2020-09-24 10:44:46.959000-04:00,17,35,0,60.1680672268908,91.6201117318436,0.0,0.0,2197,30.009,25.541,0.7263060564031438,1.3054164770141101,404839,2020-08-05 09:32:47.635000-04:00,1408.0,New Hampshire,No,None
PSAM4NK,786707,30,27,0,0,230,24.32,34.926,0.6828193832599119,1.3565217391304347,66332,2020-09-24 10:44:46.959000-04:00,17,35,0,60.1680672268908,91.6201117318436,0.0,0.0,2197,30.009,25.541,0.7263060564031438,1.3054164770141101,404839,2020-08-05 09:32:47.635000-04:00,1408.0,New Hampshire,No,None
PSAM4NK,786750,30,29,0,0,214,20.421,25.236,0.7028301886792453,1.3738317757009346,66332,2020-09-24 10:44:46.959000-04:00,17,35,0,60.1680672268908,91.6201117318436,0.0,0.0,2197,30.009,25.541,0.7263060564031438,1.3054164770141101,404839,2020-08-05 09:32:47.635000-04:00,1408.0,New Hampshire,No,None
PSAM4NK,802541,30,28,0,0,271,19.346,28.644,0.5724907063197026,1.6715867158671587,66332,2020-09-24 10:44:46.959000-04:00,17,35,0,60.1680672268908,91.6201117318436,0.0,0.0,2197,30.009,25.541,0.7263060564031438,1.3054164770141101,404839,2020-08-05 09:32:47.635000-04:00,1408.0,New Hampshire,No,None
PSAM4NK,810271,30,27,0,0,199,24.592,25.552,0.7619047619047619,1.2663316582914572,66333,2020-09-24 10:44:46.961000-04:00,20,38,0,35.9210526315789,93.4065934065934,0.0,0.0,1777,33.119,28.761,0.7142857142857143,1.3106359032076533,404839,2020-08-05 09:32:47.635000-04:00,1408.0,New Hampshire,No,None
PSAM4NK,809986,31,31,0,0,139,37.614,41.155,0.8613138686131386,1.20863309352518,66333,2020-09-24 10:44:46.961000-04:00,20,38,0,35.9210526315789,93.4065934065934,0.0,0.0,1777,33.119,28.761,0.7142857142857143,1.3106359032076533,404839,2020-08-05 09:32:47.635000-04:00,1408.0,New Hampshire,No,None
PSAM4NK,794984,27,25,0,0,169,17.915,21.617,0.7852760736196319,1.195266272189349,66333,2020-09-24 10:44:46.961000-04:00,20,38,0,35.9210526315789,93.4065934065934,0.0,0.0,1777,33.119,28.761,0.7142857142857143,1.3106359032076533,404839,2020-08-05 09:32:47.635000-04:00,1408.0,New Hampshire,No,None
PSAM4NK,794983,35,29,0,0,366,27.841,38.1345,0.5577464788732395,1.3770491803278688,66333,2020-09-24 10:44:46.961000-04:00,20,38,0,35.9210526315789,93.4065934065934,0.0,0.0,1777,33.119,28.761,0.7142857142857143,1.3106359032076533,404839,2020-08-05 09:32:47.635000-04:00,1408.0,New Hampshire,No,None
PSAM4NK,38426,29,26,0,0,254,36.757,44.818,0.626984126984127,1.3503937007874016,66333,2020-09-24 10:44:46.961000-04:00,20,38,0,35.9210526315789,93.4065934065934,0.0,0.0,1777,33.119,28.761,0.7142857142857143,1.3106359032076533,404839,2020-08-05 09:32:47.635000-04:00,1408.0,New Hampshire,No,None
PSAM4NK,833494,30,28,0,0,202,34.9205,36.239,0.7760416666666666,1.2821782178217822,66333,2020-09-24 10:44:46.961000-04:00,20,38,0,35.9210526315789,93.4065934065934,0.0,0.0,1777,33.119,28.761,0.7142857142857143,1.3106359032076533,404839,2020-08-05 09:32:47.635000-04:00,1408.0,New Hampshire,No,None
PSAM4NK,794981,33,29,0,0,144,23.9255,25.9095,0.7183098591549296,1.3263888888888888,66333,2020-09-24 10:44:46.961000-04:00,20,38,0,35.9210526315789,93.4065934065934,0.0,0.0,1777,33.119,28.761,0.7142857142857143,1.3106359032076533,404839,2020-08-05 09:32:47.635000-04:00,1408.0,New Hampshire,No,None
PSAM4NK,1007325,4,4,0,0,13,20.919,20.922,0.9230769230769231,1.0769230769230769,66333,2020-09-24 10:44:46.961000-04:00,20,38,0,35.9210526315789,93.4065934065934,0.0,0.0,1777,33.119,28.761,0.7142857142857143,1.3106359032076533,404839,2020-08-05 09:32:47.635000-04:00,1408.0,New Hampshire,No,None
PSAM4NK,795543,30,28,0,0,172,26.348,28.9385,0.711764705882353,1.3430232558139534,66333,2020-09-24 10:44:46.961000-04:00,20,38,0,35.9210526315789,93.4065934065934,0.0,0.0,1777,33.119,28.761,0.7142857142857143,1.3106359032076533,404839,2020-08-05 09:32:47.635000-04:00,1408.0,New Hampshire,No,None
PSAM4NK,795014,37,37,0,0,192,24.0605,25.106,0.8253968253968254,1.2083333333333333,66333,2020-09-24 10:44:46.961000-04:00,20,38,0,35.9210526315789,93.4065934065934,0.0,0.0,1777,33.119,28.761,0.7142857142857143,1.3106359032076533,404839,2020-08-05 09:32:47.635000-04:00,1408.0,New Hampshire,No,None
PSAM4NK,810444,30,29,0,0,189,35.48,43.012,0.6951871657754011,1.380952380952381,66333,2020-09-24 10:44:46.961000-04:00,20,38,0,35.9210526315789,93.4065934065934,0.0,0.0,1777,33.119,28.761,0.7142857142857143,1.3106359032076533,404839,2020-08-05 09:32:47.635000-04:00,1408.0,New Hampshire,No,None
PSAM4NK,810314,28,27,0,0,220,30.0795,33.853,0.6100917431192661,1.5318181818181817,66333,2020-09-24 10:44:46.961000-04:00,20,38,0,35.9210526315789,93.4065934065934,0.0,0.0,1777,33.119,28.761,0.7142857142857143,1.3106359032076533,404839,2020-08-05 09:32:47.635000-04:00,1408.0,New Hampshire,No,None
PSAM4NK,860030,1,1,0,0,3,163.761,163.765,1.0,1.0,70188,2020-10-07 18:19:38.333000-04:00,23,1,0,91.304347826087,80.9523809523809,0.0,0.0,92,75.374,51.7165,0.7065217391304348,1.4130434782608696,847640,2020-10-07 15:26:39.293000-04:00,356.0,Colorado,Yes,None
PSAM4NK,114863,9,5,0,0,29,83.099,86.028,0.6551724137931034,1.7241379310344829,70188,2020-10-07 18:19:38.333000-04:00,23,1,0,91.304347826087,80.9523809523809,0.0,0.0,92,75.374,51.7165,0.7065217391304348,1.4130434782608696,847640,2020-10-07 15:26:39.293000-04:00,356.0,Colorado,Yes,None
PSAM4NK,855923,1,1,0,0,3,21.415,21.423,1.0,1.0,70188,2020-10-07 18:19:38.333000-04:00,23,1,0,91.304347826087,80.9523809523809,0.0,0.0,92,75.374,51.7165,0.7065217391304348,1.4130434782608696,847640,2020-10-07 15:26:39.293000-04:00,356.0,Colorado,Yes,None
PSAM4NK,855902,1,1,0,0,10,99.7685,126.009,0.5,1.9,70188,2020-10-07 18:19:38.333000-04:00,23,1,0,91.304347826087,80.9523809523809,0.0,0.0,92,75.374,51.7165,0.7065217391304348,1.4130434782608696,847640,2020-10-07 15:26:39.293000-04:00,356.0,Colorado,Yes,None
PSAM4NK,855900,0,0,0,0,0,,,,,70188,2020-10-07 18:19:38.333000-04:00,23,1,0,91.304347826087,80.9523809523809,0.0,0.0,92,75.374,51.7165,0.7065217391304348,1.4130434782608696,847640,2020-10-07 15:26:39.293000-04:00,356.0,Colorado,Yes,None
PSAM4NK,855715,1,1,0,0,6,19.559,19.5615,0.8333333333333334,1.1666666666666667,70188,2020-10-07 18:19:38.333000-04:00,23,1,0,91.304347826087,80.9523809523809,0.0,0.0,92,75.374,51.7165,0.7065217391304348,1.4130434782608696,847640,2020-10-07 15:26:39.293000-04:00,356.0,Colorado,Yes,None
PSAM4NK,855644,1,0,0,0,5,9.92,9.925,0.4,2.2,70188,2020-10-07 18:19:38.333000-04:00,23,1,0,91.304347826087,80.9523809523809,0.0,0.0,92,75.374,51.7165,0.7065217391304348,1.4130434782608696,847640,2020-10-07 15:26:39.293000-04:00,356.0,Colorado,Yes,None
PSAM4NK,855611,1,1,0,0,5,34.524,47.152,0.8,1.4,70188,2020-10-07 18:19:38.333000-04:00,23,1,0,91.304347826087,80.9523809523809,0.0,0.0,92,75.374,51.7165,0.7065217391304348,1.4130434782608696,847640,2020-10-07 15:26:39.293000-04:00,356.0,Colorado,Yes,None
PSAM4NK,855581,1,0,0,0,2,9.3355,12.8845,0.0,1.5,70188,2020-10-07 18:19:38.333000-04:00,23,1,0,91.304347826087,80.9523809523809,0.0,0.0,92,75.374,51.7165,0.7065217391304348,1.4130434782608696,847640,2020-10-07 15:26:39.293000-04:00,356.0,Colorado,Yes,None
PSAM4NK,855578,1,1,0,0,5,71.744,83.314,0.6,1.8,70188,2020-10-07 18:19:38.333000-04:00,23,1,0,91.304347826087,80.9523809523809,0.0,0.0,92,75.374,51.7165,0.7065217391304348,1.4130434782608696,847640,2020-10-07 15:26:39.293000-04:00,356.0,Colorado,Yes,None
PSAM4NK,855547,1,1,0,0,7,16.96,16.981,0.7142857142857143,1.2857142857142858,70188,2020-10-07 18:19:38.333000-04:00,23,1,0,91.304347826087,80.9523809523809,0.0,0.0,92,75.374,51.7165,0.7065217391304348,1.4130434782608696,847640,2020-10-07 15:26:39.293000-04:00,356.0,Colorado,Yes,None
PSAM4NK,855536,1,1,0,0,3,118.973,118.981,1.0,1.0,70188,2020-10-07 18:19:38.333000-04:00,23,1,0,91.304347826087,80.9523809523809,0.0,0.0,92,75.374,51.7165,0.7065217391304348,1.4130434782608696,847640,2020-10-07 15:26:39.293000-04:00,356.0,Colorado,Yes,None
PSAM4NK,855528,1,1,0,0,3,36.245,36.25,1.0,1.0,70188,2020-10-07 18:19:38.333000-04:00,23,1,0,91.304347826087,80.9523809523809,0.0,0.0,92,75.374,51.7165,0.7065217391304348,1.4130434782608696,847640,2020-10-07 15:26:39.293000-04:00,356.0,Colorado,Yes,None
PSAM4NK,855513,1,1,0,0,3,180.825,180.839,1.0,1.0,70188,2020-10-07 18:19:38.333000-04:00,23,1,0,91.304347826087,80.9523809523809,0.0,0.0,92,75.374,51.7165,0.7065217391304348,1.4130434782608696,847640,2020-10-07 15:26:39.293000-04:00,356.0,Colorado,Yes,None
PSAM4NK,855511,1,1,0,0,8,65.631,84.89,0.75,1.25,70188,2020-10-07 18:19:38.333000-04:00,23,1,0,91.304347826087,80.9523809523809,0.0,0.0,92,75.374,51.7165,0.7065217391304348,1.4130434782608696,847640,2020-10-07 15:26:39.293000-04:00,356.0,Colorado,Yes,None
PSAM4NK,114856,6,4,0,0,29,35.363,43.954,0.5862068965517241,1.7241379310344829,70188,2020-10-07 18:19:38.333000-04:00,23,1,0,91.304347826087,80.9523809523809,0.0,0.0,92,75.374,51.7165,0.7065217391304348,1.4130434782608696,847640,2020-10-07 15:26:39.293000-04:00,356.0,Colorado,Yes,None
PSAM4NK,866186,1,1,0,0,3,22.151,22.153,1.0,1.0,70188,2020-10-07 18:19:38.333000-04:00,23,1,0,91.304347826087,80.9523809523809,0.0,0.0,92,75.374,51.7165,0.7065217391304348,1.4130434782608696,847640,2020-10-07 15:26:39.293000-04:00,356.0,Colorado,Yes,None
PSAM4NK,879472,1,1,0,0,7,70.755,105.308,0.5714285714285714,1.4285714285714286,70188,2020-10-07 18:19:38.333000-04:00,23,1,0,91.304347826087,80.9523809523809,0.0,0.0,92,75.374,51.7165,0.7065217391304348,1.4130434782608696,847640,2020-10-07 15:26:39.293000-04:00,356.0,Colorado,Yes,None
PSAM4NK,892772,0,0,0,0,0,,,,,70188,2020-10-07 18:19:38.333000-04:00,23,1,0,91.304347826087,80.9523809523809,0.0,0.0,92,75.374,51.7165,0.7065217391304348,1.4130434782608696,847640,2020-10-07 15:26:39.293000-04:00,356.0,Colorado,Yes,None
PSAM4NK,114858,9,9,0,0,48,23.5185,25.1685,0.75,1.5416666666666667,70188,2020-10-07 18:19:38.333000-04:00,23,1,0,91.304347826087,80.9523809523809,0.0,0.0,92,75.374,51.7165,0.7065217391304348,1.4130434782608696,847640,2020-10-07 15:26:39.293000-04:00,356.0,Colorado,Yes,None
PSAM4NK,594391,4,3,0,0,11,16.878,16.879,1.0,1.0,70188,2020-10-07 18:19:38.333000-04:00,23,1,0,91.304347826087,80.9523809523809,0.0,0.0,92,75.374,51.7165,0.7065217391304348,1.4130434782608696,847640,2020-10-07 15:26:39.293000-04:00,356.0,Colorado,Yes,None
PSAM4NK,853660,3,3,0,0,18,27.5355,36.956,0.5882352941176471,1.277777777777778,70191,2020-10-07 18:19:38.338000-04:00,34,3,0,61.7647058823529,71.4285714285714,0.0,0.0,347,50.877,38.479,0.5625,1.397694524495677,847640,2020-10-07 15:26:39.293000-04:00,356.0,Colorado,Yes,None
PSAM4NK,114881,9,7,0,0,35,117.512,180.383,0.7428571428571429,1.3714285714285714,70191,2020-10-07 18:19:38.338000-04:00,34,3,0,61.7647058823529,71.4285714285714,0.0,0.0,347,50.877,38.479,0.5625,1.397694524495677,847640,2020-10-07 15:26:39.293000-04:00,356.0,Colorado,Yes,None
PSAM4NK,114877,10,7,0,0,48,25.2055,46.4145,0.6458333333333334,1.6458333333333333,70191,2020-10-07 18:19:38.338000-04:00,34,3,0,61.7647058823529,71.4285714285714,0.0,0.0,347,50.877,38.479,0.5625,1.397694524495677,847640,2020-10-07 15:26:39.293000-04:00,356.0,Colorado,Yes,None
PSAM4NK,848118,3,3,0,0,14,36.524,36.5305,0.6923076923076923,1.0,70191,2020-10-07 18:19:38.338000-04:00,34,3,0,61.7647058823529,71.4285714285714,0.0,0.0,347,50.877,38.479,0.5625,1.397694524495677,847640,2020-10-07 15:26:39.293000-04:00,356.0,Colorado,Yes,None
PSAM4NK,848492,3,1,0,0,5,80.045,80.049,0.6,1.8,70191,2020-10-07 18:19:38.338000-04:00,34,3,0,61.7647058823529,71.4285714285714,0.0,0.0,347,50.877,38.479,0.5625,1.397694524495677,847640,2020-10-07 15:26:39.293000-04:00,356.0,Colorado,Yes,None
PSAM4NK,849075,3,3,0,0,21,37.618,49.099,0.6,1.1428571428571428,70191,2020-10-07 18:19:38.338000-04:00,34,3,0,61.7647058823529,71.4285714285714,0.0,0.0,347,50.877,38.479,0.5625,1.397694524495677,847640,2020-10-07 15:26:39.293000-04:00,356.0,Colorado,Yes,None
PSAM4NK,849470,2,1,0,0,13,56.222,109.633,0.23076923076923078,1.6153846153846154,70191,2020-10-07 18:19:38.338000-04:00,34,3,0,61.7647058823529,71.4285714285714,0.0,0.0,347,50.877,38.479,0.5625,1.397694524495677,847640,2020-10-07 15:26:39.293000-04:00,356.0,Colorado,Yes,None
PSAM4NK,851018,2,1,0,0,9,45.129,45.16,0.375,1.0,70191,2020-10-07 18:19:38.338000-04:00,34,3,0,61.7647058823529,71.4285714285714,0.0,0.0,347,50.877,38.479,0.5625,1.397694524495677,847640,2020-10-07 15:26:39.293000-04:00,356.0,Colorado,Yes,None
PSAM4NK,851503,3,3,0,0,22,21.4465,22.7635,0.6190476190476191,1.1363636363636365,70191,2020-10-07 18:19:38.338000-04:00,34,3,0,61.7647058823529,71.4285714285714,0.0,0.0,347,50.877,38.479,0.5625,1.397694524495677,847640,2020-10-07 15:26:39.293000-04:00,356.0,Colorado,Yes,None
PSAM4NK,852647,3,3,0,0,29,44.398,49.474,0.5714285714285714,1.0689655172413792,70191,2020-10-07 18:19:38.338000-04:00,34,3,0,61.7647058823529,71.4285714285714,0.0,0.0,347,50.877,38.479,0.5625,1.397694524495677,847640,2020-10-07 15:26:39.293000-04:00,356.0,Colorado,Yes,None
PSAM4NK,852684,3,2,0,0,19,30.73,38.349,0.5,1.263157894736842,70191,2020-10-07 18:19:38.338000-04:00,34,3,0,61.7647058823529,71.4285714285714,0.0,0.0,347,50.877,38.479,0.5625,1.397694524495677,847640,2020-10-07 15:26:39.293000-04:00,356.0,Colorado,Yes,None
PSAM4NK,853494,1,1,0,0,3,74.553,74.56,1.0,1.0,70191,2020-10-07 18:19:38.338000-04:00,34,3,0,61.7647058823529,71.4285714285714,0.0,0.0,347,50.877,38.479,0.5625,1.397694524495677,847640,2020-10-07 15:26:39.293000-04:00,356.0,Colorado,Yes,None
PSAM4NK,853603,3,2,0,0,24,21.516,34.837,0.5217391304347826,1.25,70191,2020-10-07 18:19:38.338000-04:00,34,3,0,61.7647058823529,71.4285714285714,0.0,0.0,347,50.877,38.479,0.5625,1.397694524495677,847640,2020-10-07 15:26:39.293000-04:00,356.0,Colorado,Yes,None
PSAM4NK,853606,3,3,0,0,19,23.366,31.383,0.6111111111111112,1.1578947368421053,70191,2020-10-07 18:19:38.338000-04:00,34,3,0,61.7647058823529,71.4285714285714,0.0,0.0,347,50.877,38.479,0.5625,1.397694524495677,847640,2020-10-07 15:26:39.293000-04:00,356.0,Colorado,Yes,None
PSAM4NK,853666,2,0,0,0,3,17.939,68.244,0.3333333333333333,4.333333333333333,70191,2020-10-07 18:19:38.338000-04:00,34,3,0,61.7647058823529,71.4285714285714,0.0,0.0,347,50.877,38.479,0.5625,1.397694524495677,847640,2020-10-07 15:26:39.293000-04:00,356.0,Colorado,Yes,None
PSAM4NK,853674,2,2,0,0,8,34.152,91.839,0.75,1.625,70191,2020-10-07 18:19:38.338000-04:00,34,3,0,61.7647058823529,71.4285714285714,0.0,0.0,347,50.877,38.479,0.5625,1.397694524495677,847640,2020-10-07 15:26:39.293000-04:00,356.0,Colorado,Yes,None
PSAM4NK,853701,3,2,0,0,21,26.235,42.036,0.5,1.3333333333333333,70191,2020-10-07 18:19:38.338000-04:00,34,3,0,61.7647058823529,71.4285714285714,0.0,0.0,347,50.877,38.479,0.5625,1.397694524495677,847640,2020-10-07 15:26:39.293000-04:00,356.0,Colorado,Yes,None
PSAM4NK,853735,3,0,0,0,12,74.9185,111.329,0.4166666666666667,1.5,70191,2020-10-07 18:19:38.338000-04:00,34,3,0,61.7647058823529,71.4285714285714,0.0,0.0,347,50.877,38.479,0.5625,1.397694524495677,847640,2020-10-07 15:26:39.293000-04:00,356.0,Colorado,Yes,None
PSAM4NK,853741,3,2,0,0,11,14.991,14.993,0.6,1.0,70191,2020-10-07 18:19:38.338000-04:00,34,3,0,61.7647058823529,71.4285714285714,0.0,0.0,347,50.877,38.479,0.5625,1.397694524495677,847640,2020-10-07 15:26:39.293000-04:00,356.0,Colorado,Yes,None
PSAM4NK,857147,1,1,0,0,4,382.156,1215.248,0.75,1.0,70191,2020-10-07 18:19:38.338000-04:00,34,3,0,61.7647058823529,71.4285714285714,0.0,0.0,347,50.877,38.479,0.5625,1.397694524495677,847640,2020-10-07 15:26:39.293000-04:00,356.0,Colorado,Yes,None
PSAM4NK,857157,1,0,0,0,7,90.679,245.282,0.14285714285714285,2.142857142857143,70191,2020-10-07 18:19:38.338000-04:00,34,3,0,61.7647058823529,71.4285714285714,0.0,0.0,347,50.877,38.479,0.5625,1.397694524495677,847640,2020-10-07 15:26:39.293000-04:00,356.0,Colorado,Yes,None
PSAM4NK,857159,1,1,0,0,3,2133.961,2133.974,1.0,1.0,70191,2020-10-07 18:19:38.338000-04:00,34,3,0,61.7647058823529,71.4285714285714,0.0,0.0,347,50.877,38.479,0.5625,1.397694524495677,847640,2020-10-07 15:26:39.293000-04:00,356.0,Colorado,Yes,None
PSAM4NK,857187,1,0,0,0,3,955.336,988.411,0.0,1.3333333333333333,70191,2020-10-07 18:19:38.338000-04:00,34,3,0,61.7647058823529,71.4285714285714,0.0,0.0,347,50.877,38.479,0.5625,1.397694524495677,847640,2020-10-07 15:26:39.293000-04:00,356.0,Colorado,Yes,None
PSAM4NK,857283,1,1,0,0,3,77.89,77.896,1.0,1.0,70191,2020-10-07 18:19:38.338000-04:00,34,3,0,61.7647058823529,71.4285714285714,0.0,0.0,347,50.877,38.479,0.5625,1.397694524495677,847640,2020-10-07 15:26:39.293000-04:00,356.0,Colorado,Yes,None
PSAM4NK,857303,1,0,0,0,1,84.26,84.27,1.0,1.0,70191,2020-10-07 18:19:38.338000-04:00,34,3,0,61.7647058823529,71.4285714285714,0.0,0.0,347,50.877,38.479,0.5625,1.397694524495677,847640,2020-10-07 15:26:39.293000-04:00,356.0,Colorado,Yes,None
PSAM4NK,857314,1,1,0,0,9,43.482,78.789,0.6666666666666666,1.777777777777778,70191,2020-10-07 18:19:38.338000-04:00,34,3,0,61.7647058823529,71.4285714285714,0.0,0.0,347,50.877,38.479,0.5625,1.397694524495677,847640,2020-10-07 15:26:39.293000-04:00,356.0,Colorado,Yes,None
PSAM4NK,857321,1,1,0,0,7,100.428,100.586,0.7142857142857143,1.2857142857142858,70191,2020-10-07 18:19:38.338000-04:00,34,3,0,61.7647058823529,71.4285714285714,0.0,0.0,347,50.877,38.479,0.5625,1.397694524495677,847640,2020-10-07 15:26:39.293000-04:00,356.0,Colorado,Yes,None
PSAM4NK,857322,1,1,0,0,6,20.191,30.648,0.6666666666666666,1.5,70191,2020-10-07 18:19:38.338000-04:00,34,3,0,61.7647058823529,71.4285714285714,0.0,0.0,347,50.877,38.479,0.5625,1.397694524495677,847640,2020-10-07 15:26:39.293000-04:00,356.0,Colorado,Yes,None
PSAM4NK,857325,1,1,0,0,3,12.068,12.071,1.0,1.0,70191,2020-10-07 18:19:38.338000-04:00,34,3,0,61.7647058823529,71.4285714285714,0.0,0.0,347,50.877,38.479,0.5625,1.397694524495677,847640,2020-10-07 15:26:39.293000-04:00,356.0,Colorado,Yes,None
PSAM4NK,857327,1,0,0,0,10,103.0605,195.728,0.4,2.3,70191,2020-10-07 18:19:38.338000-04:00,34,3,0,61.7647058823529,71.4285714285714,0.0,0.0,347,50.877,38.479,0.5625,1.397694524495677,847640,2020-10-07 15:26:39.293000-04:00,356.0,Colorado,Yes,None
PSAM4NK,857339,1,0,0,0,7,13.071,96.006,0.0,4.0,70191,2020-10-07 18:19:38.338000-04:00,34,3,0,61.7647058823529,71.4285714285714,0.0,0.0,347,50.877,38.479,0.5625,1.397694524495677,847640,2020-10-07 15:26:39.293000-04:00,356.0,Colorado,Yes,None
PSAM4NK,857450,1,1,0,0,7,107.364,112.559,0.5714285714285714,1.8571428571428572,70191,2020-10-07 18:19:38.338000-04:00,34,3,0,61.7647058823529,71.4285714285714,0.0,0.0,347,50.877,38.479,0.5625,1.397694524495677,847640,2020-10-07 15:26:39.293000-04:00,356.0,Colorado,Yes,None
PSAM4NK,880488,13,10,10,7,96,39.5585,56.609,0.5747126436781609,1.65625,71416,2020-10-14 18:48:42.066000-04:00,9,46,37,40.3381642512077,77.8443113772455,35.1351351351351,63.2478632478632,1201,32.389,24.667,0.636283185840708,1.5445462114904247,864603,2020-10-14 10:46:59.646000-04:00,72.0,Arkansas,Yes,Rural: Fringe
PSAM4NK,240663,49,40,43,32,432,39.8365,58.2185,0.5914786967418546,1.6805555555555556,71416,2020-10-14 18:48:42.066000-04:00,9,46,37,40.3381642512077,77.8443113772455,35.1351351351351,63.2478632478632,1201,32.389,24.667,0.636283185840708,1.5445462114904247,864603,2020-10-14 10:46:59.646000-04:00,72.0,Arkansas,Yes,Rural: Fringe
PSAM4NK,231461,42,28,38,21,304,28.7925,35.207,0.6199261992619927,1.4539473684210527,71416,2020-10-14 18:48:42.066000-04:00,9,46,37,40.3381642512077,77.8443113772455,35.1351351351351,63.2478632478632,1201,32.389,24.667,0.636283185840708,1.5445462114904247,864603,2020-10-14 10:46:59.646000-04:00,72.0,Arkansas,Yes,Rural: Fringe
PSAM4NK,237465,59,34,51,41,456,38.9085,53.5,0.5603217158176944,1.4407894736842104,71416,2020-10-14 18:48:42.066000-04:00,9,46,37,40.3381642512077,77.8443113772455,35.1351351351351,63.2478632478632,1201,32.389,24.667,0.636283185840708,1.5445462114904247,864603,2020-10-14 10:46:59.646000-04:00,72.0,Arkansas,Yes,Rural: Fringe
PSAM4NK,204425,44,40,42,37,412,17.707,22.603,0.7002801120448179,1.3980582524271845,71416,2020-10-14 18:48:42.066000-04:00,9,46,37,40.3381642512077,77.8443113772455,35.1351351351351,63.2478632478632,1201,32.389,24.667,0.636283185840708,1.5445462114904247,864603,2020-10-14 10:46:59.646000-04:00,72.0,Arkansas,Yes,Rural: Fringe
PSAM4NK,308036,16,9,20,14,130,38.1045,56.578,0.6074766355140186,1.5769230769230769,71417,2020-10-14 18:48:42.068000-04:00,18,45,37,30.4938271604938,80.1619433198381,28.3783783783784,70.8994708994709,2052,26.7155,20.7085,0.5761658031088083,1.5443469785575048,864603,2020-10-14 10:46:59.646000-04:00,72.0,Arkansas,Yes,Rural: Fringe
PSAM4NK,241140,56,45,54,32,511,30.013,35.643,0.564935064935065,1.455968688845401,71417,2020-10-14 18:48:42.068000-04:00,18,45,37,30.4938271604938,80.1619433198381,28.3783783783784,70.8994708994709,2052,26.7155,20.7085,0.5761658031088083,1.5443469785575048,864603,2020-10-14 10:46:59.646000-04:00,72.0,Arkansas,Yes,Rural: Fringe
PSAM4NK,201973,50,38,55,38,502,17.738,24.377,0.6232876712328768,1.5059760956175299,71417,2020-10-14 18:48:42.068000-04:00,18,45,37,30.4938271604938,80.1619433198381,28.3783783783784,70.8994708994709,2052,26.7155,20.7085,0.5761658031088083,1.5443469785575048,864603,2020-10-14 10:46:59.646000-04:00,72.0,Arkansas,Yes,Rural: Fringe
PSAM4NK,319108,42,24,39,35,488,23.914,39.952,0.44208037825059104,1.819672131147541,71417,2020-10-14 18:48:42.068000-04:00,18,45,37,30.4938271604938,80.1619433198381,28.3783783783784,70.8994708994709,2052,26.7155,20.7085,0.5761658031088083,1.5443469785575048,864603,2020-10-14 10:46:59.646000-04:00,72.0,Arkansas,Yes,Rural: Fringe
PSAM4NK,238462,41,25,41,32,314,22.3985,27.1775,0.6442687747035574,1.3821656050955413,71417,2020-10-14 18:48:42.068000-04:00,18,45,37,30.4938271604938,80.1619433198381,28.3783783783784,70.8994708994709,2052,26.7155,20.7085,0.5761658031088083,1.5443469785575048,864603,2020-10-14 10:46:59.646000-04:00,72.0,Arkansas,Yes,Rural: Fringe
PSAM4NK,231748,32,24,40,22,316,24.336,33.1045,0.574468085106383,1.6044303797468353,71417,2020-10-14 18:48:42.068000-04:00,18,45,37,30.4938271604938,80.1619433198381,28.3783783783784,70.8994708994709,2052,26.7155,20.7085,0.5761658031088083,1.5443469785575048,864603,2020-10-14 10:46:59.646000-04:00,72.0,Arkansas,Yes,Rural: Fringe
PSAM4NK,230091,53,47,56,46,505,23.934,29.185,0.7465116279069768,1.304950495049505,71418,2020-10-14 18:48:42.069000-04:00,9,46,36,57.9710144927536,87.5,53.3950617283951,76.3005780346821,1928,22.0175,17.468,0.6582774049217002,1.4279045643153527,864603,2020-10-14 10:46:59.646000-04:00,72.0,Arkansas,Yes,Rural: Fringe
PSAM4NK,218904,55,42,64,59,665,17.9,25.449,0.5132743362831859,1.406015037593985,71418,2020-10-14 18:48:42.069000-04:00,9,46,36,57.9710144927536,87.5,53.3950617283951,76.3005780346821,1928,22.0175,17.468,0.6582774049217002,1.4279045643153527,864603,2020-10-14 10:46:59.646000-04:00,72.0,Arkansas,Yes,Rural: Fringe
PSAM4NK,214378,48,44,54,52,565,18.509,24.85,0.6189473684210526,1.431858407079646,71418,2020-10-14 18:48:42.069000-04:00,9,46,36,57.9710144927536,87.5,53.3950617283951,76.3005780346821,1928,22.0175,17.468,0.6582774049217002,1.4279045643153527,864603,2020-10-14 10:46:59.646000-04:00,72.0,Arkansas,Yes,Rural: Fringe
PSAM4NK,381978,23,18,12,2,129,39.494,44.337,0.7096774193548387,1.37984496124031,71418,2020-10-14 18:48:42.069000-04:00,9,46,36,57.9710144927536,87.5,53.3950617283951,76.3005780346821,1928,22.0175,17.468,0.6582774049217002,1.4279045643153527,864603,2020-10-14 10:46:59.646000-04:00,72.0,Arkansas,Yes,Rural: Fringe
PSAM4NK,220238,56,47,70,66,598,18.9895,22.7975,0.7142857142857143,1.265886287625418,71418,2020-10-14 18:48:42.069000-04:00,9,46,36,57.9710144927536,87.5,53.3950617283951,76.3005780346821,1928,22.0175,17.468,0.6582774049217002,1.4279045643153527,864603,2020-10-14 10:46:59.646000-04:00,72.0,Arkansas,Yes,Rural: Fringe
PSAM4NK,201623,54,44,54,43,549,15.292,21.554,0.5979166666666667,1.435336976320583,71418,2020-10-14 18:48:42.069000-04:00,9,46,36,57.9710144927536,87.5,53.3950617283951,76.3005780346821,1928,22.0175,17.468,0.6582774049217002,1.4279045643153527,864603,2020-10-14 10:46:59.646000-04:00,72.0,Arkansas,Yes,Rural: Fringe
PSAM4NK,868628,12,8,0,0,81,50.511,56.479,0.49382716049382713,1.7037037037037037,71464,2020-10-14 23:15:16.901000-04:00,45,36,0,58.9506172839506,77.0680628272251,0.0,0.0,5124,38.461,31.636,0.6707650273224044,1.4701405152224825,866932,2020-10-14 23:12:45.146000-04:00,,,,
PSAM4NK,867008,33,30,0,0,193,22.75,26.31,0.772020725388601,1.3367875647668395,71464,2020-10-14 23:15:16.901000-04:00,45,36,0,58.9506172839506,77.0680628272251,0.0,0.0,5124,38.461,31.636,0.6707650273224044,1.4701405152224825,866932,2020-10-14 23:12:45.146000-04:00,,,,
PSAM4NK,866968,32,30,0,0,180,31.7775,39.346,0.7,1.511111111111111,71464,2020-10-14 23:15:16.901000-04:00,45,36,0,58.9506172839506,77.0680628272251,0.0,0.0,5124,38.461,31.636,0.6707650273224044,1.4701405152224825,866932,2020-10-14 23:12:45.146000-04:00,,,,
PSAM4NK,868635,27,22,0,0,126,31.857,33.164,0.7698412698412699,1.3888888888888888,71464,2020-10-14 23:15:16.901000-04:00,45,36,0,58.9506172839506,77.0680628272251,0.0,0.0,5124,38.461,31.636,0.6707650273224044,1.4701405152224825,866932,2020-10-14 23:12:45.146000-04:00,,,,
PSAM4NK,867221,28,20,0,0,190,19.9395,30.9505,0.5157894736842106,1.6526315789473685,71464,2020-10-14 23:15:16.901000-04:00,45,36,0,58.9506172839506,77.0680628272251,0.0,0.0,5124,38.461,31.636,0.6707650273224044,1.4701405152224825,866932,2020-10-14 23:12:45.146000-04:00,,,,
PSAM4NK,790387,58,39,0,0,305,51.579,66.092,0.6262295081967213,1.6131147540983608,71464,2020-10-14 23:15:16.901000-04:00,45,36,0,58.9506172839506,77.0680628272251,0.0,0.0,5124,38.461,31.636,0.6707650273224044,1.4701405152224825,866932,2020-10-14 23:12:45.146000-04:00,,,,
PSAM4NK,749115,29,22,4,2,133,33.511,36.174,0.7669172932330827,1.406015037593985,71464,2020-10-14 23:15:16.901000-04:00,45,36,0,58.9506172839506,77.0680628272251,0.0,0.0,5124,38.461,31.636,0.6707650273224044,1.4701405152224825,866932,2020-10-14 23:12:45.146000-04:00,,,,
PSAM4NK,974857,16,13,0,0,88,52.7575,74.5515,0.5454545454545454,1.8068181818181819,71464,2020-10-14 23:15:16.901000-04:00,45,36,0,58.9506172839506,77.0680628272251,0.0,0.0,5124,38.461,31.636,0.6707650273224044,1.4701405152224825,866932,2020-10-14 23:12:45.146000-04:00,,,,
PSAM4NK,1001793,1,0,0,0,1,364.591,485.951,0.0,4.0,71464,2020-10-14 23:15:16.901000-04:00,45,36,0,58.9506172839506,77.0680628272251,0.0,0.0,5124,38.461,31.636,0.6707650273224044,1.4701405152224825,866932,2020-10-14 23:12:45.146000-04:00,,,,
PSAM4NK,916054,13,5,0,0,36,73.8005,81.026,0.5833333333333334,1.3611111111111112,71464,2020-10-14 23:15:16.901000-04:00,45,36,0,58.9506172839506,77.0680628272251,0.0,0.0,5124,38.461,31.636,0.6707650273224044,1.4701405152224825,866932,2020-10-14 23:12:45.146000-04:00,,,,
PSAM4NK,867019,32,28,0,0,215,31.059,43.775,0.6093023255813953,1.4,71464,2020-10-14 23:15:16.901000-04:00,45,36,0,58.9506172839506,77.0680628272251,0.0,0.0,5124,38.461,31.636,0.6707650273224044,1.4701405152224825,866932,2020-10-14 23:12:45.146000-04:00,,,,
PSAM4NK,868639,30,24,0,0,139,28.79,30.605,0.7553956834532374,1.1726618705035972,71464,2020-10-14 23:15:16.901000-04:00,45,36,0,58.9506172839506,77.0680628272251,0.0,0.0,5124,38.461,31.636,0.6707650273224044,1.4701405152224825,866932,2020-10-14 23:12:45.146000-04:00,,,,
PSAM4NK,868632,27,23,0,0,132,42.245,50.139,0.7196969696969697,1.4318181818181819,71464,2020-10-14 23:15:16.901000-04:00,45,36,0,58.9506172839506,77.0680628272251,0.0,0.0,5124,38.461,31.636,0.6707650273224044,1.4701405152224825,866932,2020-10-14 23:12:45.146000-04:00,,,,
PSAM4NK,868288,32,32,0,0,165,25.777,26.771,0.7757575757575758,1.2606060606060605,71464,2020-10-14 23:15:16.901000-04:00,45,36,0,58.9506172839506,77.0680628272251,0.0,0.0,5124,38.461,31.636,0.6707650273224044,1.4701405152224825,866932,2020-10-14 23:12:45.146000-04:00,,,,
PSAM4NK,868641,27,20,0,0,121,32.696,37.985,0.6528925619834711,1.4793388429752066,71464,2020-10-14 23:15:16.901000-04:00,45,36,0,58.9506172839506,77.0680628272251,0.0,0.0,5124,38.461,31.636,0.6707650273224044,1.4701405152224825,866932,2020-10-14 23:12:45.146000-04:00,,,,
PSAM4NK,868643,31,28,0,0,234,40.776,53.3525,0.6923076923076923,1.3461538461538463,71464,2020-10-14 23:15:16.901000-04:00,45,36,0,58.9506172839506,77.0680628272251,0.0,0.0,5124,38.461,31.636,0.6707650273224044,1.4701405152224825,866932,2020-10-14 23:12:45.146000-04:00,,,,
PSAM4NK,868645,32,26,0,0,214,53.798,66.1485,0.5934579439252337,1.5934579439252337,71464,2020-10-14 23:15:16.901000-04:00,45,36,0,58.9506172839506,77.0680628272251,0.0,0.0,5124,38.461,31.636,0.6707650273224044,1.4701405152224825,866932,2020-10-14 23:12:45.146000-04:00,,,,
PSAM4NK,868646,32,31,0,0,227,68.733,82.566,0.7224669603524229,1.4140969162995596,71464,2020-10-14 23:15:16.901000-04:00,45,36,0,58.9506172839506,77.0680628272251,0.0,0.0,5124,38.461,31.636,0.6707650273224044,1.4701405152224825,866932,2020-10-14 23:12:45.146000-04:00,,,,
PSAM4NK,868648,25,20,0,0,133,66.678,77.182,0.7518796992481203,1.330827067669173,71464,2020-10-14 23:15:16.901000-04:00,45,36,0,58.9506172839506,77.0680628272251,0.0,0.0,5124,38.461,31.636,0.6707650273224044,1.4701405152224825,866932,2020-10-14 23:12:45.146000-04:00,,,,
PSAM4NK,868561,25,11,0,0,76,40.6595,74.093,0.5263157894736842,1.75,71464,2020-10-14 23:15:16.901000-04:00,45,36,0,58.9506172839506,77.0680628272251,0.0,0.0,5124,38.461,31.636,0.6707650273224044,1.4701405152224825,866932,2020-10-14 23:12:45.146000-04:00,,,,
PSAM4NK,868580,32,26,0,0,203,28.897,34.214,0.6650246305418719,1.5024630541871922,71464,2020-10-14 23:15:16.901000-04:00,45,36,0,58.9506172839506,77.0680628272251,0.0,0.0,5124,38.461,31.636,0.6707650273224044,1.4701405152224825,866932,2020-10-14 23:12:45.146000-04:00,,,,
PSAM4NK,868661,31,24,0,0,117,19.858,20.351,0.8290598290598291,1.4615384615384615,71464,2020-10-14 23:15:16.901000-04:00,45,36,0,58.9506172839506,77.0680628272251,0.0,0.0,5124,38.461,31.636,0.6707650273224044,1.4701405152224825,866932,2020-10-14 23:12:45.146000-04:00,,,,
PSAM4NK,868689,32,30,0,0,183,82.465,102.242,0.7704918032786885,1.273224043715847,71464,2020-10-14 23:15:16.901000-04:00,45,36,0,58.9506172839506,77.0680628272251,0.0,0.0,5124,38.461,31.636,0.6707650273224044,1.4701405152224825,866932,2020-10-14 23:12:45.146000-04:00,,,,
PSAM4NK,868769,36,22,0,0,144,29.335,35.2105,0.6041666666666666,1.527777777777778,71464,2020-10-14 23:15:16.901000-04:00,45,36,0,58.9506172839506,77.0680628272251,0.0,0.0,5124,38.461,31.636,0.6707650273224044,1.4701405152224825,866932,2020-10-14 23:12:45.146000-04:00,,,,
PSAM4NK,869486,32,29,0,0,184,20.436,23.665,0.6847826086956522,1.5108695652173914,71464,2020-10-14 23:15:16.901000-04:00,45,36,0,58.9506172839506,77.0680628272251,0.0,0.0,5124,38.461,31.636,0.6707650273224044,1.4701405152224825,866932,2020-10-14 23:12:45.146000-04:00,,,,
PSAM4NK,885762,20,15,0,0,101,27.686,35.025,0.693069306930693,1.4851485148514851,71465,2020-10-14 23:15:16.903000-04:00,50,36,0,57.0555555555556,65.7254138266796,0.0,0.0,5198,37.3735,28.997,0.6160061562139284,1.5240477106579453,866932,2020-10-14 23:12:45.146000-04:00,,,,
PSAM4NK,877232,20,16,0,0,79,19.894,23.545,0.7341772151898734,1.3670886075949367,71465,2020-10-14 23:15:16.903000-04:00,50,36,0,57.0555555555556,65.7254138266796,0.0,0.0,5198,37.3735,28.997,0.6160061562139284,1.5240477106579453,866932,2020-10-14 23:12:45.146000-04:00,,,,
PSAM4NK,867305,33,25,0,0,211,30.393,42.303,0.5118483412322274,1.5402843601895735,71465,2020-10-14 23:15:16.903000-04:00,50,36,0,57.0555555555556,65.7254138266796,0.0,0.0,5198,37.3735,28.997,0.6160061562139284,1.5240477106579453,866932,2020-10-14 23:12:45.146000-04:00,,,,
PSAM4NK,867311,33,31,0,0,190,30.851,36.225,0.6894736842105263,1.263157894736842,71465,2020-10-14 23:15:16.903000-04:00,50,36,0,57.0555555555556,65.7254138266796,0.0,0.0,5198,37.3735,28.997,0.6160061562139284,1.5240477106579453,866932,2020-10-14 23:12:45.146000-04:00,,,,
PSAM4NK,867313,33,27,0,0,140,29.0615,31.4755,0.7571428571428571,1.3071428571428572,71465,2020-10-14 23:15:16.903000-04:00,50,36,0,57.0555555555556,65.7254138266796,0.0,0.0,5198,37.3735,28.997,0.6160061562139284,1.5240477106579453,866932,2020-10-14 23:12:45.146000-04:00,,,,
PSAM4NK,867314,32,29,0,0,148,25.571,27.4725,0.8716216216216216,1.1418918918918919,71465,2020-10-14 23:15:16.903000-04:00,50,36,0,57.0555555555556,65.7254138266796,0.0,0.0,5198,37.3735,28.997,0.6160061562139284,1.5240477106579453,866932,2020-10-14 23:12:45.146000-04:00,,,,
PSAM4NK,867322,27,13,0,0,119,26.812,34.005,0.6386554621848739,1.7058823529411764,71465,2020-10-14 23:15:16.903000-04:00,50,36,0,57.0555555555556,65.7254138266796,0.0,0.0,5198,37.3735,28.997,0.6160061562139284,1.5240477106579453,866932,2020-10-14 23:12:45.146000-04:00,,,,
PSAM4NK,867323,32,27,0,0,154,22.877,25.0105,0.7727272727272727,1.2792207792207793,71465,2020-10-14 23:15:16.903000-04:00,50,36,0,57.0555555555556,65.7254138266796,0.0,0.0,5198,37.3735,28.997,0.6160061562139284,1.5240477106579453,866932,2020-10-14 23:12:45.146000-04:00,,,,
PSAM4NK,867329,33,25,0,0,194,32.091,45.5845,0.6391752577319587,1.5309278350515465,71465,2020-10-14 23:15:16.903000-04:00,50,36,0,57.0555555555556,65.7254138266796,0.0,0.0,5198,37.3735,28.997,0.6160061562139284,1.5240477106579453,866932,2020-10-14 23:12:45.146000-04:00,,,,
PSAM4NK,867336,31,28,0,0,136,27.626,29.285,0.8897058823529411,1.1397058823529411,71465,2020-10-14 23:15:16.903000-04:00,50,36,0,57.0555555555556,65.7254138266796,0.0,0.0,5198,37.3735,28.997,0.6160061562139284,1.5240477106579453,866932,2020-10-14 23:12:45.146000-04:00,,,,
PSAM4NK,867346,27,15,0,0,128,66.374,96.241,0.5703125,1.6796875,71465,2020-10-14 23:15:16.903000-04:00,50,36,0,57.0555555555556,65.7254138266796,0.0,0.0,5198,37.3735,28.997,0.6160061562139284,1.5240477106579453,866932,2020-10-14 23:12:45.146000-04:00,,,,
PSAM4NK,867355,30,17,0,0,113,36.794,49.815,0.6548672566371682,1.5398230088495575,71465,2020-10-14 23:15:16.903000-04:00,50,36,0,57.0555555555556,65.7254138266796,0.0,0.0,5198,37.3735,28.997,0.6160061562139284,1.5240477106579453,866932,2020-10-14 23:12:45.146000-04:00,,,,
PSAM4NK,867419,30,20,0,0,235,16.136,21.349,0.4808510638297872,1.446808510638298,71465,2020-10-14 23:15:16.903000-04:00,50,36,0,57.0555555555556,65.7254138266796,0.0,0.0,5198,37.3735,28.997,0.6160061562139284,1.5240477106579453,866932,2020-10-14 23:12:45.146000-04:00,,,,
PSAM4NK,867718,32,23,0,0,174,30.729,41.116,0.6264367816091954,1.3218390804597702,71465,2020-10-14 23:15:16.903000-04:00,50,36,0,57.0555555555556,65.7254138266796,0.0,0.0,5198,37.3735,28.997,0.6160061562139284,1.5240477106579453,866932,2020-10-14 23:12:45.146000-04:00,,,,
PSAM4NK,867551,32,25,0,0,204,108.9695,166.2785,0.5784313725490197,1.4803921568627452,71465,2020-10-14 23:15:16.903000-04:00,50,36,0,57.0555555555556,65.7254138266796,0.0,0.0,5198,37.3735,28.997,0.6160061562139284,1.5240477106579453,866932,2020-10-14 23:12:45.146000-04:00,,,,
PSAM4NK,867723,26,22,0,0,140,31.4145,36.1835,0.7071428571428572,1.4857142857142858,71465,2020-10-14 23:15:16.903000-04:00,50,36,0,57.0555555555556,65.7254138266796,0.0,0.0,5198,37.3735,28.997,0.6160061562139284,1.5240477106579453,866932,2020-10-14 23:12:45.146000-04:00,,,,
PSAM4NK,867205,29,10,0,0,156,18.8905,25.4105,0.3333333333333333,1.6794871794871795,71465,2020-10-14 23:15:16.903000-04:00,50,36,0,57.0555555555556,65.7254138266796,0.0,0.0,5198,37.3735,28.997,0.6160061562139284,1.5240477106579453,866932,2020-10-14 23:12:45.146000-04:00,,,,
PSAM4NK,876855,12,9,61,51,624,37.3775,43.82,0.5661252900232019,1.4102564102564104,71517,2020-10-15 11:18:35.152000-04:00,20,14,84,37.1428571428571,64.4230769230769,66.5476190476191,88.9982110912344,11434,44.299,38.0855,0.6616837136113297,1.3472100752142733,344563,2020-04-28 19:53:15.932000-04:00,,,,
PSAM4NK,876851,11,10,66,62,700,33.111,36.8275,0.7995689655172413,1.237142857142857,71517,2020-10-15 11:18:35.152000-04:00,20,14,84,37.1428571428571,64.4230769230769,66.5476190476191,88.9982110912344,11434,44.299,38.0855,0.6616837136113297,1.3472100752142733,344563,2020-04-28 19:53:15.932000-04:00,,,,
PSAM4NK,876850,11,10,64,61,661,31.453,33.649,0.9230769230769231,1.0574886535552195,71517,2020-10-15 11:18:35.152000-04:00,20,14,84,37.1428571428571,64.4230769230769,66.5476190476191,88.9982110912344,11434,44.299,38.0855,0.6616837136113297,1.3472100752142733,344563,2020-04-28 19:53:15.932000-04:00,,,,
PSAM4NK,876849,12,8,60,48,673,23.066,32.874,0.4065040650406504,1.8588410104011888,71517,2020-10-15 11:18:35.152000-04:00,20,14,84,37.1428571428571,64.4230769230769,66.5476190476191,88.9982110912344,11434,44.299,38.0855,0.6616837136113297,1.3472100752142733,344563,2020-04-28 19:53:15.932000-04:00,,,,
PSAM4NK,876803,9,6,69,62,726,42.847,51.8675,0.6584362139917695,1.3140495867768596,71517,2020-10-15 11:18:35.152000-04:00,20,14,84,37.1428571428571,64.4230769230769,66.5476190476191,88.9982110912344,11434,44.299,38.0855,0.6616837136113297,1.3472100752142733,344563,2020-04-28 19:53:15.932000-04:00,,,,
PSAM4NK,876802,10,9,67,61,686,47.799,50.055,0.8481561822125814,1.1370262390670554,71517,2020-10-15 11:18:35.152000-04:00,20,14,84,37.1428571428571,64.4230769230769,66.5476190476191,88.9982110912344,11434,44.299,38.0855,0.6616837136113297,1.3472100752142733,344563,2020-04-28 19:53:15.932000-04:00,,,,
PSAM4NK,869841,10,10,70,61,718,34.5795,43.8475,0.5517241379310345,1.4637883008356547,71517,2020-10-15 11:18:35.152000-04:00,20,14,84,37.1428571428571,64.4230769230769,66.5476190476191,88.9982110912344,11434,44.299,38.0855,0.6616837136113297,1.3472100752142733,344563,2020-04-28 19:53:15.932000-04:00,,,,
PSAM4NK,873365,6,3,70,62,689,32.937,38.573,0.5956521739130435,1.316400580551524,71517,2020-10-15 11:18:35.152000-04:00,20,14,84,37.1428571428571,64.4230769230769,66.5476190476191,88.9982110912344,11434,44.299,38.0855,0.6616837136113297,1.3472100752142733,344563,2020-04-28 19:53:15.932000-04:00,,,,
PSAM4NK,870212,11,10,71,65,713,43.275,47.456,0.8583509513742071,1.082748948106592,71517,2020-10-15 11:18:35.152000-04:00,20,14,84,37.1428571428571,64.4230769230769,66.5476190476191,88.9982110912344,11434,44.299,38.0855,0.6616837136113297,1.3472100752142733,344563,2020-04-28 19:53:15.932000-04:00,,,,
PSAM4NK,960927,11,6,45,28,513,42.516,52.523,0.6333333333333333,1.4035087719298247,71517,2020-10-15 11:18:35.152000-04:00,20,14,84,37.1428571428571,64.4230769230769,66.5476190476191,88.9982110912344,11434,44.299,38.0855,0.6616837136113297,1.3472100752142733,344563,2020-04-28 19:53:15.932000-04:00,,,,
PSAM4NK,873369,11,9,67,55,690,38.966,49.1055,0.511578947368421,1.5579710144927537,71517,2020-10-15 11:18:35.152000-04:00,20,14,84,37.1428571428571,64.4230769230769,66.5476190476191,88.9982110912344,11434,44.299,38.0855,0.6616837136113297,1.3472100752142733,344563,2020-04-28 19:53:15.932000-04:00,,,,
PSAM4NK,873223,11,10,63,62,668,34.237,34.881,0.9076576576576577,1.0568862275449102,71517,2020-10-15 11:18:35.152000-04:00,20,14,84,37.1428571428571,64.4230769230769,66.5476190476191,88.9982110912344,11434,44.299,38.0855,0.6616837136113297,1.3472100752142733,344563,2020-04-28 19:53:15.932000-04:00,,,,
PSAM4NK,873370,13,10,73,69,801,31.515,38.654,0.6175373134328358,1.3196004993757804,71517,2020-10-15 11:18:35.152000-04:00,20,14,84,37.1428571428571,64.4230769230769,66.5476190476191,88.9982110912344,11434,44.299,38.0855,0.6616837136113297,1.3472100752142733,344563,2020-04-28 19:53:15.932000-04:00,,,,
PSAM4NK,977171,9,6,35,24,488,35.5665,44.433,0.6985507246376812,1.4651639344262295,71517,2020-10-15 11:18:35.152000-04:00,20,14,84,37.1428571428571,64.4230769230769,66.5476190476191,88.9982110912344,11434,44.299,38.0855,0.6616837136113297,1.3472100752142733,344563,2020-04-28 19:53:15.932000-04:00,,,,
PSAM4NK,873368,14,11,73,70,814,41.852,45.9375,0.6544789762340036,1.3476658476658476,71517,2020-10-15 11:18:35.152000-04:00,20,14,84,37.1428571428571,64.4230769230769,66.5476190476191,88.9982110912344,11434,44.299,38.0855,0.6616837136113297,1.3472100752142733,344563,2020-04-28 19:53:15.932000-04:00,,,,
PSAM4NK,873367,12,11,72,71,834,36.5405,42.7835,0.5851063829787234,1.3860911270983214,71517,2020-10-15 11:18:35.152000-04:00,20,14,84,37.1428571428571,64.4230769230769,66.5476190476191,88.9982110912344,11434,44.299,38.0855,0.6616837136113297,1.3472100752142733,344563,2020-04-28 19:53:15.932000-04:00,,,,
PSAM4NK,891566,12,8,70,62,779,53.405,64.237,0.5651340996168582,1.5327342747111683,71517,2020-10-15 11:18:35.152000-04:00,20,14,84,37.1428571428571,64.4230769230769,66.5476190476191,88.9982110912344,11434,44.299,38.0855,0.6616837136113297,1.3472100752142733,344563,2020-04-28 19:53:15.932000-04:00,,,,
PSAM4NK,874930,10,9,72,62,748,48.265,56.131,0.7762096774193549,1.1804812834224598,71518,2020-10-15 11:18:35.181000-04:00,18,14,82,36.1111111111111,65.9340659340659,68.6991869918699,85.0098619329389,10089,49.438,41.692,0.6363101368250699,1.3699078203984538,344563,2020-04-28 19:53:15.932000-04:00,,,,
PSAM4NK,1007928,8,5,16,14,261,32.334,51.292,0.375,1.5977011494252873,71518,2020-10-15 11:18:35.181000-04:00,18,14,82,36.1111111111111,65.9340659340659,68.6991869918699,85.0098619329389,10089,49.438,41.692,0.6363101368250699,1.3699078203984538,344563,2020-04-28 19:53:15.932000-04:00,,,,
PSAM4NK,868428,9,5,72,59,701,53.886,63.014,0.5488565488565489,1.5320970042796005,71518,2020-10-15 11:18:35.181000-04:00,18,14,82,36.1111111111111,65.9340659340659,68.6991869918699,85.0098619329389,10089,49.438,41.692,0.6363101368250699,1.3699078203984538,344563,2020-04-28 19:53:15.932000-04:00,,,,
PSAM4NK,868446,10,10,69,66,730,43.205,48.641,0.8,1.178082191780822,71518,2020-10-15 11:18:35.181000-04:00,18,14,82,36.1111111111111,65.9340659340659,68.6991869918699,85.0098619329389,10089,49.438,41.692,0.6363101368250699,1.3699078203984538,344563,2020-04-28 19:53:15.932000-04:00,,,,
PSAM4NK,878162,11,10,69,61,762,41.917,48.868,0.6933333333333334,1.4461942257217848,71518,2020-10-15 11:18:35.181000-04:00,18,14,82,36.1111111111111,65.9340659340659,68.6991869918699,85.0098619329389,10089,49.438,41.692,0.6363101368250699,1.3699078203984538,344563,2020-04-28 19:53:15.932000-04:00,,,,
PSAM4NK,878123,10,10,65,62,668,39.6745,43.1865,0.7918552036199095,1.2979041916167664,71518,2020-10-15 11:18:35.181000-04:00,18,14,82,36.1111111111111,65.9340659340659,68.6991869918699,85.0098619329389,10089,49.438,41.692,0.6363101368250699,1.3699078203984538,344563,2020-04-28 19:53:15.932000-04:00,,,,
PSAM4NK,878122,11,10,68,62,712,47.112,52.2025,0.8008213552361396,1.202247191011236,71518,2020-10-15 11:18:35.181000-04:00,18,14,82,36.1111111111111,65.9340659340659,68.6991869918699,85.0098619329389,10089,49.438,41.692,0.6363101368250699,1.3699078203984538,344563,2020-04-28 19:53:15.932000-04:00,,,,
PSAM4NK,868458,11,11,66,61,682,29.126,31.5785,0.8391304347826087,1.124633431085044,71518,2020-10-15 11:18:35.181000-04:00,18,14,82,36.1111111111111,65.9340659340659,68.6991869918699,85.0098619329389,10089,49.438,41.692,0.6363101368250699,1.3699078203984538,344563,2020-04-28 19:53:15.932000-04:00,,,,
PSAM4NK,874951,13,8,71,62,735,42.949,56.116,0.5099206349206349,1.5401360544217686,71518,2020-10-15 11:18:35.181000-04:00,18,14,82,36.1111111111111,65.9340659340659,68.6991869918699,85.0098619329389,10089,49.438,41.692,0.6363101368250699,1.3699078203984538,344563,2020-04-28 19:53:15.932000-04:00,,,,
PSAM4NK,874939,11,7,70,62,756,29.93,34.4995,0.5,1.4126984126984128,71518,2020-10-15 11:18:35.181000-04:00,18,14,82,36.1111111111111,65.9340659340659,68.6991869918699,85.0098619329389,10089,49.438,41.692,0.6363101368250699,1.3699078203984538,344563,2020-04-28 19:53:15.932000-04:00,,,,
PSAM4NK,874933,12,11,65,51,673,43.909,48.629,0.7424242424242424,1.3283803863298662,71518,2020-10-15 11:18:35.181000-04:00,18,14,82,36.1111111111111,65.9340659340659,68.6991869918699,85.0098619329389,10089,49.438,41.692,0.6363101368250699,1.3699078203984538,344563,2020-04-28 19:53:15.932000-04:00,,,,
PSAM4NK,874932,13,9,70,61,829,30.542,39.26,0.4764309764309764,1.5452352231604343,71518,2020-10-15 11:18:35.181000-04:00,18,14,82,36.1111111111111,65.9340659340659,68.6991869918699,85.0098619329389,10089,49.438,41.692,0.6363101368250699,1.3699078203984538,344563,2020-04-28 19:53:15.932000-04:00,,,,
PSAM4NK,879431,4,0,44,19,431,15.492,19.884,0.6443914081145584,1.174013921113689,71762,2020-10-16 22:54:04.503000-04:00,52,25,192,4.69230769230769,37.7049180327869,12.0592948717949,35.1328903654485,3849,29.289,22.014,0.6542086447838804,1.2870875552091452,870971,2020-10-16 10:14:31.860000-04:00,,,,
PSAM4NK,899938,14,9,0,0,66,37.686,37.978,0.7575757575757576,1.3484848484848484,73546,2020-10-28 23:09:49.239000-04:00,26,16,2,61.0576923076923,57.8740157480315,1.92307692307692,0.0,1232,37.6565,30.15,0.6810064935064936,1.4375,10404,2019-07-17 16:47:50.767000-04:00,17.0,Alabama,Yes,Town: Distant
PSAM4NK,899991,3,1,0,0,22,23.343,30.473,0.36363636363636365,1.0909090909090908,73546,2020-10-28 23:09:49.239000-04:00,26,16,2,61.0576923076923,57.8740157480315,1.92307692307692,0.0,1232,37.6565,30.15,0.6810064935064936,1.4375,10404,2019-07-17 16:47:50.767000-04:00,17.0,Alabama,Yes,Town: Distant
PSAM4NK,899928,8,6,0,0,53,54.936,54.942,0.6037735849056604,1.2830188679245282,73546,2020-10-28 23:09:49.239000-04:00,26,16,2,61.0576923076923,57.8740157480315,1.92307692307692,0.0,1232,37.6565,30.15,0.6810064935064936,1.4375,10404,2019-07-17 16:47:50.767000-04:00,17.0,Alabama,Yes,Town: Distant
PSAM4NK,935641,7,4,0,0,33,21.101,23.618,0.7272727272727273,1.5151515151515151,73546,2020-10-28 23:09:49.239000-04:00,26,16,2,61.0576923076923,57.8740157480315,1.92307692307692,0.0,1232,37.6565,30.15,0.6810064935064936,1.4375,10404,2019-07-17 16:47:50.767000-04:00,17.0,Alabama,Yes,Town: Distant
PSAM4NK,897698,11,10,0,0,72,66.164,70.4295,0.7916666666666666,1.2361111111111112,73547,2020-10-28 23:09:49.241000-04:00,25,16,2,53.5,66.3551401869159,42.0,47.6190476190476,1392,32.385,28.185,0.7459080280592362,1.219109195402299,10404,2019-07-17 16:47:50.767000-04:00,17.0,Alabama,Yes,Town: Distant
PSAM4NK,937417,11,7,1,1,77,25.287,31.223,0.6233766233766234,1.5714285714285714,73547,2020-10-28 23:09:49.241000-04:00,25,16,2,53.5,66.3551401869159,42.0,47.6190476190476,1392,32.385,28.185,0.7459080280592362,1.219109195402299,10404,2019-07-17 16:47:50.767000-04:00,17.0,Alabama,Yes,Town: Distant
PSAM4NK,897651,12,3,2,0,50,35.3505,45.712,0.8333333333333334,1.14,73547,2020-10-28 23:09:49.241000-04:00,25,16,2,53.5,66.3551401869159,42.0,47.6190476190476,1392,32.385,28.185,0.7459080280592362,1.219109195402299,10404,2019-07-17 16:47:50.767000-04:00,17.0,Alabama,Yes,Town: Distant
PSAM4NK,305324,11,7,9,9,170,22.254,24.186,0.7342657342657343,1.2411764705882353,73547,2020-10-28 23:09:49.241000-04:00,25,16,2,53.5,66.3551401869159,42.0,47.6190476190476,1392,32.385,28.185,0.7459080280592362,1.219109195402299,10404,2019-07-17 16:47:50.767000-04:00,17.0,Alabama,Yes,Town: Distant
PSAM4NK,900669,13,11,1,0,96,30.0605,37.9095,0.625,1.40625,73548,2020-10-28 23:09:49.243000-04:00,25,16,2,61.25,72.6530612244898,26.0,53.8461538461538,1408,37.7365,32.3885,0.7339117859725235,1.3678977272727273,10404,2019-07-17 16:47:50.767000-04:00,17.0,Alabama,Yes,Town: Distant
PSAM4NK,929748,28,17,2,1,113,36.632,44.149,0.8495575221238938,1.2035398230088497,73548,2020-10-28 23:09:49.243000-04:00,25,16,2,61.25,72.6530612244898,26.0,53.8461538461538,1408,37.7365,32.3885,0.7339117859725235,1.3678977272727273,10404,2019-07-17 16:47:50.767000-04:00,17.0,Alabama,Yes,Town: Distant
PSAM4NK,929726,17,12,2,0,97,57.56,66.835,0.7422680412371134,1.154639175257732,73548,2020-10-28 23:09:49.243000-04:00,25,16,2,61.25,72.6530612244898,26.0,53.8461538461538,1408,37.7365,32.3885,0.7339117859725235,1.3678977272727273,10404,2019-07-17 16:47:50.767000-04:00,17.0,Alabama,Yes,Town: Distant
PSAM4NK,10408,28,17,5,2,140,41.9825,50.9395,0.7279411764705882,1.2714285714285714,73548,2020-10-28 23:09:49.243000-04:00,25,16,2,61.25,72.6530612244898,26.0,53.8461538461538,1408,37.7365,32.3885,0.7339117859725235,1.3678977272727273,10404,2019-07-17 16:47:50.767000-04:00,17.0,Alabama,Yes,Town: Distant
PSAM4NK,900776,19,17,3,3,131,25.915,28.208,0.8692307692307693,1.1526717557251909,73548,2020-10-28 23:09:49.243000-04:00,25,16,2,61.25,72.6530612244898,26.0,53.8461538461538,1408,37.7365,32.3885,0.7339117859725235,1.3678977272727273,10404,2019-07-17 16:47:50.767000-04:00,17.0,Alabama,Yes,Town: Distant
PSAM4NK,900718,25,18,2,1,151,32.285,38.846,0.7218543046357616,1.4503311258278146,73548,2020-10-28 23:09:49.243000-04:00,25,16,2,61.25,72.6530612244898,26.0,53.8461538461538,1408,37.7365,32.3885,0.7339117859725235,1.3678977272727273,10404,2019-07-17 16:47:50.767000-04:00,17.0,Alabama,Yes,Town: Distant
PSAM4NK,900695,26,21,3,1,143,33.658,40.266,0.7972027972027972,1.1678321678321677,73548,2020-10-28 23:09:49.243000-04:00,25,16,2,61.25,72.6530612244898,26.0,53.8461538461538,1408,37.7365,32.3885,0.7339117859725235,1.3678977272727273,10404,2019-07-17 16:47:50.767000-04:00,17.0,Alabama,Yes,Town: Distant
PSAM4NK,900649,24,21,4,3,150,22.522,29.8895,0.8275862068965517,1.2133333333333334,73548,2020-10-28 23:09:49.243000-04:00,25,16,2,61.25,72.6530612244898,26.0,53.8461538461538,1408,37.7365,32.3885,0.7339117859725235,1.3678977272727273,10404,2019-07-17 16:47:50.767000-04:00,17.0,Alabama,Yes,Town: Distant
PSAM4NK,297142,18,16,9,8,230,20.6745,24.7375,0.7355769230769231,1.4043478260869564,73548,2020-10-28 23:09:49.243000-04:00,25,16,2,61.25,72.6530612244898,26.0,53.8461538461538,1408,37.7365,32.3885,0.7339117859725235,1.3678977272727273,10404,2019-07-17 16:47:50.767000-04:00,17.0,Alabama,Yes,Town: Distant
PSAM4NK,896975,17,16,2,2,141,20.955,24.588,0.7615384615384615,1.2340425531914894,73548,2020-10-28 23:09:49.243000-04:00,25,16,2,61.25,72.6530612244898,26.0,53.8461538461538,1408,37.7365,32.3885,0.7339117859725235,1.3678977272727273,10404,2019-07-17 16:47:50.767000-04:00,17.0,Alabama,Yes,Town: Distant
PSAM4NK,897011,19,16,2,1,95,31.497,34.125,0.8315789473684211,1.1684210526315788,73548,2020-10-28 23:09:49.243000-04:00,25,16,2,61.25,72.6530612244898,26.0,53.8461538461538,1408,37.7365,32.3885,0.7339117859725235,1.3678977272727273,10404,2019-07-17 16:47:50.767000-04:00,17.0,Alabama,Yes,Town: Distant
PSAM4NK,931716,19,16,2,2,115,43.962,55.269,0.8378378378378378,1.173913043478261,73548,2020-10-28 23:09:49.243000-04:00,25,16,2,61.25,72.6530612244898,26.0,53.8461538461538,1408,37.7365,32.3885,0.7339117859725235,1.3678977272727273,10404,2019-07-17 16:47:50.767000-04:00,17.0,Alabama,Yes,Town: Distant
PSAM4NK,896495,18,13,3,1,118,28.9435,36.09,0.6842105263157895,1.2627118644067796,73549,2020-10-28 23:09:49.244000-04:00,25,16,2,75.25,72.4252491694352,40.0,35.0,1971,35.418,30.112,0.6975635593220338,1.3515981735159817,10404,2019-07-17 16:47:50.767000-04:00,17.0,Alabama,Yes,Town: Distant
PSAM4NK,896503,25,17,3,1,127,36.121,36.904,0.7377049180327869,1.3070866141732282,73549,2020-10-28 23:09:49.244000-04:00,25,16,2,75.25,72.4252491694352,40.0,35.0,1971,35.418,30.112,0.6975635593220338,1.3515981735159817,10404,2019-07-17 16:47:50.767000-04:00,17.0,Alabama,Yes,Town: Distant
PSAM4NK,896470,31,21,5,5,296,15.372,22.458,0.498220640569395,1.5472972972972974,73549,2020-10-28 23:09:49.244000-04:00,25,16,2,75.25,72.4252491694352,40.0,35.0,1971,35.418,30.112,0.6975635593220338,1.3515981735159817,10404,2019-07-17 16:47:50.767000-04:00,17.0,Alabama,Yes,Town: Distant
PSAM4NK,931535,22,13,4,1,133,32.325,37.265,0.7109375,1.4360902255639099,73549,2020-10-28 23:09:49.244000-04:00,25,16,2,75.25,72.4252491694352,40.0,35.0,1971,35.418,30.112,0.6975635593220338,1.3515981735159817,10404,2019-07-17 16:47:50.767000-04:00,17.0,Alabama,Yes,Town: Distant
PSAM4NK,931533,10,3,1,0,86,16.323,34.2905,0.43209876543209874,1.8604651162790697,73549,2020-10-28 23:09:49.244000-04:00,25,16,2,75.25,72.4252491694352,40.0,35.0,1971,35.418,30.112,0.6975635593220338,1.3515981735159817,10404,2019-07-17 16:47:50.767000-04:00,17.0,Alabama,Yes,Town: Distant
PSAM4NK,900404,15,14,1,1,106,45.744,49.833,0.7735849056603774,1.2452830188679245,73549,2020-10-28 23:09:49.244000-04:00,25,16,2,75.25,72.4252491694352,40.0,35.0,1971,35.418,30.112,0.6975635593220338,1.3515981735159817,10404,2019-07-17 16:47:50.767000-04:00,17.0,Alabama,Yes,Town: Distant
PSAM4NK,217319,33,29,26,25,408,22.103,23.158,0.8584070796460177,1.1176470588235294,73549,2020-10-28 23:09:49.244000-04:00,25,16,2,75.25,72.4252491694352,40.0,35.0,1971,35.418,30.112,0.6975635593220338,1.3515981735159817,10404,2019-07-17 16:47:50.767000-04:00,17.0,Alabama,Yes,Town: Distant
PSAM4NK,896509,29,24,6,3,214,34.2195,40.837,0.7584541062801933,1.2523364485981308,73549,2020-10-28 23:09:49.244000-04:00,25,16,2,75.25,72.4252491694352,40.0,35.0,1971,35.418,30.112,0.6975635593220338,1.3515981735159817,10404,2019-07-17 16:47:50.767000-04:00,17.0,Alabama,Yes,Town: Distant
PSAM4NK,900381,23,14,3,1,131,39.218,43.666,0.7633587786259542,1.2748091603053435,73549,2020-10-28 23:09:49.244000-04:00,25,16,2,75.25,72.4252491694352,40.0,35.0,1971,35.418,30.112,0.6975635593220338,1.3515981735159817,10404,2019-07-17 16:47:50.767000-04:00,17.0,Alabama,Yes,Town: Distant
PSAM4NK,900518,21,12,2,0,92,41.683,45.624,0.8,1.2717391304347827,73549,2020-10-28 23:09:49.244000-04:00,25,16,2,75.25,72.4252491694352,40.0,35.0,1971,35.418,30.112,0.6975635593220338,1.3515981735159817,10404,2019-07-17 16:47:50.767000-04:00,17.0,Alabama,Yes,Town: Distant
PSAM4NK,896508,30,27,4,3,213,33.659,35.506,0.75,1.300469483568075,73549,2020-10-28 23:09:49.244000-04:00,25,16,2,75.25,72.4252491694352,40.0,35.0,1971,35.418,30.112,0.6975635593220338,1.3515981735159817,10404,2019-07-17 16:47:50.767000-04:00,17.0,Alabama,Yes,Town: Distant
PSAM4NK,896492,19,11,4,1,126,43.567,57.0135,0.628099173553719,1.507936507936508,73549,2020-10-28 23:09:49.244000-04:00,25,16,2,75.25,72.4252491694352,40.0,35.0,1971,35.418,30.112,0.6975635593220338,1.3515981735159817,10404,2019-07-17 16:47:50.767000-04:00,17.0,Alabama,Yes,Town: Distant
PSAM4NK,896513,24,19,3,1,147,40.661,48.76,0.6853146853146853,1.5238095238095237,73549,2020-10-28 23:09:49.244000-04:00,25,16,2,75.25,72.4252491694352,40.0,35.0,1971,35.418,30.112,0.6975635593220338,1.3515981735159817,10404,2019-07-17 16:47:50.767000-04:00,17.0,Alabama,Yes,Town: Distant
PSAM4NK,931541,29,23,3,3,165,34.445,40.26,0.7950310559006211,1.2,73549,2020-10-28 23:09:49.244000-04:00,25,16,2,75.25,72.4252491694352,40.0,35.0,1971,35.418,30.112,0.6975635593220338,1.3515981735159817,10404,2019-07-17 16:47:50.767000-04:00,17.0,Alabama,Yes,Town: Distant
PSAM4NK,896490,14,10,1,0,75,43.269,54.047,0.6901408450704225,1.28,73549,2020-10-28 23:09:49.244000-04:00,25,16,2,75.25,72.4252491694352,40.0,35.0,1971,35.418,30.112,0.6975635593220338,1.3515981735159817,10404,2019-07-17 16:47:50.767000-04:00,17.0,Alabama,Yes,Town: Distant
PSAM4NK,896494,23,18,3,2,157,28.669,31.9,0.7837837837837838,1.21656050955414,73549,2020-10-28 23:09:49.244000-04:00,25,16,2,75.25,72.4252491694352,40.0,35.0,1971,35.418,30.112,0.6975635593220338,1.3515981735159817,10404,2019-07-17 16:47:50.767000-04:00,17.0,Alabama,Yes,Town: Distant
PSAM4NK,896474,17,13,3,3,162,25.987,29.8265,0.631578947368421,1.3518518518518519,73549,2020-10-28 23:09:49.244000-04:00,25,16,2,75.25,72.4252491694352,40.0,35.0,1971,35.418,30.112,0.6975635593220338,1.3515981735159817,10404,2019-07-17 16:47:50.767000-04:00,17.0,Alabama,Yes,Town: Distant
PSAM4NK,900350,20,20,4,4,127,28.285,31.918,0.88,1.0866141732283465,73549,2020-10-28 23:09:49.244000-04:00,25,16,2,75.25,72.4252491694352,40.0,35.0,1971,35.418,30.112,0.6975635593220338,1.3515981735159817,10404,2019-07-17 16:47:50.767000-04:00,17.0,Alabama,Yes,Town: Distant
PSAM4NK,920635,28,20,5,3,158,19.6595,22.573,0.7973856209150327,1.2215189873417722,73549,2020-10-28 23:09:49.244000-04:00,25,16,2,75.25,72.4252491694352,40.0,35.0,1971,35.418,30.112,0.6975635593220338,1.3515981735159817,10404,2019-07-17 16:47:50.767000-04:00,17.0,Alabama,Yes,Town: Distant
PSAM4NK,900344,33,32,4,2,208,31.6985,38.1555,0.8260869565217391,1.2451923076923077,73549,2020-10-28 23:09:49.244000-04:00,25,16,2,75.25,72.4252491694352,40.0,35.0,1971,35.418,30.112,0.6975635593220338,1.3515981735159817,10404,2019-07-17 16:47:50.767000-04:00,17.0,Alabama,Yes,Town: Distant
PSAM4NK,932136,22,11,1,1,248,22.675,42.177,0.375,2.0120967741935485,73550,2020-10-28 23:09:49.245000-04:00,24,16,2,74.7395833333333,70.383275261324,43.75,33.3333333333333,1943,32.692,27.783,0.675704989154013,1.3757076685537828,10404,2019-07-17 16:47:50.767000-04:00,17.0,Alabama,Yes,Town: Distant
PSAM4NK,212128,15,11,18,16,249,24.755,31.504,0.6476683937823834,1.3895582329317269,73550,2020-10-28 23:09:49.245000-04:00,24,16,2,74.7395833333333,70.383275261324,43.75,33.3333333333333,1943,32.692,27.783,0.675704989154013,1.3757076685537828,10404,2019-07-17 16:47:50.767000-04:00,17.0,Alabama,Yes,Town: Distant
PSAM4NK,897223,29,28,6,6,220,20.2285,23.1745,0.8480392156862745,1.2136363636363636,73550,2020-10-28 23:09:49.245000-04:00,24,16,2,74.7395833333333,70.383275261324,43.75,33.3333333333333,1943,32.692,27.783,0.675704989154013,1.3757076685537828,10404,2019-07-17 16:47:50.767000-04:00,17.0,Alabama,Yes,Town: Distant
PSAM4NK,897225,30,24,6,6,230,24.16,29.8375,0.7616822429906542,1.2043478260869565,73550,2020-10-28 23:09:49.245000-04:00,24,16,2,74.7395833333333,70.383275261324,43.75,33.3333333333333,1943,32.692,27.783,0.675704989154013,1.3757076685537828,10404,2019-07-17 16:47:50.767000-04:00,17.0,Alabama,Yes,Town: Distant
PSAM4NK,897230,30,18,4,2,254,17.5925,29.318,0.5349794238683128,1.6574803149606299,73550,2020-10-28 23:09:49.245000-04:00,24,16,2,74.7395833333333,70.383275261324,43.75,33.3333333333333,1943,32.692,27.783,0.675704989154013,1.3757076685537828,10404,2019-07-17 16:47:50.767000-04:00,17.0,Alabama,Yes,Town: Distant
PSAM4NK,901300,30,27,3,2,158,35.3335,43.81,0.8481012658227848,1.1265822784810127,73550,2020-10-28 23:09:49.245000-04:00,24,16,2,74.7395833333333,70.383275261324,43.75,33.3333333333333,1943,32.692,27.783,0.675704989154013,1.3757076685537828,10404,2019-07-17 16:47:50.767000-04:00,17.0,Alabama,Yes,Town: Distant
PSAM4NK,897240,27,21,5,5,174,23.463,25.9295,0.8238993710691824,1.1954022988505748,73550,2020-10-28 23:09:49.245000-04:00,24,16,2,74.7395833333333,70.383275261324,43.75,33.3333333333333,1943,32.692,27.783,0.675704989154013,1.3757076685537828,10404,2019-07-17 16:47:50.767000-04:00,17.0,Alabama,Yes,Town: Distant
PSAM4NK,897244,24,23,6,2,200,35.2575,41.859,0.7967914438502673,1.2,73550,2020-10-28 23:09:49.245000-04:00,24,16,2,74.7395833333333,70.383275261324,43.75,33.3333333333333,1943,32.692,27.783,0.675704989154013,1.3757076685537828,10404,2019-07-17 16:47:50.767000-04:00,17.0,Alabama,Yes,Town: Distant
PSAM4NK,897247,30,28,5,5,215,20.8,24.659,0.825,1.1953488372093024,73550,2020-10-28 23:09:49.245000-04:00,24,16,2,74.7395833333333,70.383275261324,43.75,33.3333333333333,1943,32.692,27.783,0.675704989154013,1.3757076685537828,10404,2019-07-17 16:47:50.767000-04:00,17.0,Alabama,Yes,Town: Distant
PSAM4NK,897260,30,23,4,3,155,49.542,57.252,0.8231292517006803,1.1806451612903226,73550,2020-10-28 23:09:49.245000-04:00,24,16,2,74.7395833333333,70.383275261324,43.75,33.3333333333333,1943,32.692,27.783,0.675704989154013,1.3757076685537828,10404,2019-07-17 16:47:50.767000-04:00,17.0,Alabama,Yes,Town: Distant
PSAM4NK,897261,30,28,2,1,232,37.7755,44.2905,0.6607929515418502,1.3448275862068966,73550,2020-10-28 23:09:49.245000-04:00,24,16,2,74.7395833333333,70.383275261324,43.75,33.3333333333333,1943,32.692,27.783,0.675704989154013,1.3757076685537828,10404,2019-07-17 16:47:50.767000-04:00,17.0,Alabama,Yes,Town: Distant
PSAM4NK,897263,24,17,4,3,153,35.96,37.685,0.8,1.1372549019607843,73550,2020-10-28 23:09:49.245000-04:00,24,16,2,74.7395833333333,70.383275261324,43.75,33.3333333333333,1943,32.692,27.783,0.675704989154013,1.3757076685537828,10404,2019-07-17 16:47:50.767000-04:00,17.0,Alabama,Yes,Town: Distant
PSAM4NK,897270,25,18,4,3,181,30.773,41.227,0.6892655367231638,1.3922651933701657,73550,2020-10-28 23:09:49.245000-04:00,24,16,2,74.7395833333333,70.383275261324,43.75,33.3333333333333,1943,32.692,27.783,0.675704989154013,1.3757076685537828,10404,2019-07-17 16:47:50.767000-04:00,17.0,Alabama,Yes,Town: Distant
PSAM4NK,961660,14,10,2,2,83,37.143,48.433,0.6962025316455697,1.3012048192771084,73550,2020-10-28 23:09:49.245000-04:00,24,16,2,74.7395833333333,70.383275261324,43.75,33.3333333333333,1943,32.692,27.783,0.675704989154013,1.3757076685537828,10404,2019-07-17 16:47:50.767000-04:00,17.0,Alabama,Yes,Town: Distant
PSAM4NK,897271,29,26,3,1,184,27.9465,32.521,0.7821229050279329,1.266304347826087,73550,2020-10-28 23:09:49.245000-04:00,24,16,2,74.7395833333333,70.383275261324,43.75,33.3333333333333,1943,32.692,27.783,0.675704989154013,1.3757076685537828,10404,2019-07-17 16:47:50.767000-04:00,17.0,Alabama,Yes,Town: Distant
PSAM4NK,912686,28,16,4,3,182,20.0245,28.808,0.5657142857142857,1.7967032967032968,73550,2020-10-28 23:09:49.245000-04:00,24,16,2,74.7395833333333,70.383275261324,43.75,33.3333333333333,1943,32.692,27.783,0.675704989154013,1.3757076685537828,10404,2019-07-17 16:47:50.767000-04:00,17.0,Alabama,Yes,Town: Distant
PSAM4NK,901362,28,21,3,3,197,29.041,29.443,0.7409326424870466,1.116751269035533,73550,2020-10-28 23:09:49.245000-04:00,24,16,2,74.7395833333333,70.383275261324,43.75,33.3333333333333,1943,32.692,27.783,0.675704989154013,1.3757076685537828,10404,2019-07-17 16:47:50.767000-04:00,17.0,Alabama,Yes,Town: Distant
PSAM4NK,901279,21,13,2,2,116,77.5225,82.2965,0.7565217391304347,1.3189655172413792,73550,2020-10-28 23:09:49.245000-04:00,24,16,2,74.7395833333333,70.383275261324,43.75,33.3333333333333,1943,32.692,27.783,0.675704989154013,1.3757076685537828,10404,2019-07-17 16:47:50.767000-04:00,17.0,Alabama,Yes,Town: Distant
PSAM4NK,456470,17,15,66,58,571,74.679,88.742,0.5581395348837209,1.458844133099825,74662,2020-11-06 18:13:21.507000-05:00,15,5,32,65.3333333333333,83.6734693877551,57.0833333333333,77.7372262773723,1610,43.8165,36.625,0.6415279138099902,1.2937888198757763,402016,2020-07-30 15:56:37.186000-04:00,227.0,California,Yes,None
PSAM4NK,456743,18,17,95,86,772,44.754,50.1345,0.6912028725314183,1.2603626943005182,74662,2020-11-06 18:13:21.507000-05:00,15,5,32,65.3333333333333,83.6734693877551,57.0833333333333,77.7372262773723,1610,43.8165,36.625,0.6415279138099902,1.2937888198757763,402016,2020-07-30 15:56:37.186000-04:00,227.0,California,Yes,None
PSAM4NK,456202,18,18,72,64,665,22.865,28.78,0.6918367346938775,1.324812030075188,74662,2020-11-06 18:13:21.507000-05:00,15,5,32,65.3333333333333,83.6734693877551,57.0833333333333,77.7372262773723,1610,43.8165,36.625,0.6415279138099902,1.2937888198757763,402016,2020-07-30 15:56:37.186000-04:00,227.0,California,Yes,None
PSAM4NK,459309,18,17,77,69,662,27.597,34.2215,0.44285714285714284,1.246223564954683,74662,2020-11-06 18:13:21.507000-05:00,15,5,32,65.3333333333333,83.6734693877551,57.0833333333333,77.7372262773723,1610,43.8165,36.625,0.6415279138099902,1.2937888198757763,402016,2020-07-30 15:56:37.186000-04:00,227.0,California,Yes,None
PSAM4NK,452374,18,18,99,81,668,71.0925,81.5315,0.8162839248434238,1.1661676646706587,74662,2020-11-06 18:13:21.507000-05:00,15,5,32,65.3333333333333,83.6734693877551,57.0833333333333,77.7372262773723,1610,43.8165,36.625,0.6415279138099902,1.2937888198757763,402016,2020-07-30 15:56:37.186000-04:00,227.0,California,Yes,None
PSAM4NK,463934,19,12,97,78,658,19.758,28.8675,0.5076923076923077,1.3753799392097263,74662,2020-11-06 18:13:21.507000-05:00,15,5,32,65.3333333333333,83.6734693877551,57.0833333333333,77.7372262773723,1610,43.8165,36.625,0.6415279138099902,1.2937888198757763,402016,2020-07-30 15:56:37.186000-04:00,227.0,California,Yes,None
PSAM4NK,456210,18,16,69,63,610,46.655,52.908,0.711453744493392,1.2475409836065574,74663,2020-11-06 18:13:21.509000-05:00,17,5,32,95.2941176470588,91.358024691358,64.3382352941177,89.7142857142857,2364,45.221,39.052,0.6736156351791531,1.269881556683587,402016,2020-07-30 15:56:37.186000-04:00,227.0,California,Yes,None
PSAM4NK,437932,17,15,60,56,517,50.924,67.281,0.6234096692111959,1.435203094777563,74663,2020-11-06 18:13:21.509000-05:00,17,5,32,95.2941176470588,91.358024691358,64.3382352941177,89.7142857142857,2364,45.221,39.052,0.6736156351791531,1.269881556683587,402016,2020-07-30 15:56:37.186000-04:00,227.0,California,Yes,None
PSAM4NK,404580,19,17,72,66,635,70.911,76.926,0.7362637362637363,1.2330708661417322,74663,2020-11-06 18:13:21.509000-05:00,17,5,32,95.2941176470588,91.358024691358,64.3382352941177,89.7142857142857,2364,45.221,39.052,0.6736156351791531,1.269881556683587,402016,2020-07-30 15:56:37.186000-04:00,227.0,California,Yes,None
PSAM4NK,456289,19,19,69,64,695,59.003,72.323,0.7242718446601941,1.2661870503597121,74663,2020-11-06 18:13:21.509000-05:00,17,5,32,95.2941176470588,91.358024691358,64.3382352941177,89.7142857142857,2364,45.221,39.052,0.6736156351791531,1.269881556683587,402016,2020-07-30 15:56:37.186000-04:00,227.0,California,Yes,None
PSAM4NK,456306,15,15,69,68,591,50.75,56.897,0.7394366197183099,1.272419627749577,74663,2020-11-06 18:13:21.509000-05:00,17,5,32,95.2941176470588,91.358024691358,64.3382352941177,89.7142857142857,2364,45.221,39.052,0.6736156351791531,1.269881556683587,402016,2020-07-30 15:56:37.186000-04:00,227.0,California,Yes,None
PSAM4NK,456282,17,15,92,89,792,37.763,45.354,0.39372822299651566,1.176767676767677,74663,2020-11-06 18:13:21.509000-05:00,17,5,32,95.2941176470588,91.358024691358,64.3382352941177,89.7142857142857,2364,45.221,39.052,0.6736156351791531,1.269881556683587,402016,2020-07-30 15:56:37.186000-04:00,227.0,California,Yes,None
PSAM4NK,462298,13,13,56,52,480,17.8615,24.593,0.6825842696629213,1.40625,74663,2020-11-06 18:13:21.509000-05:00,17,5,32,95.2941176470588,91.358024691358,64.3382352941177,89.7142857142857,2364,45.221,39.052,0.6736156351791531,1.269881556683587,402016,2020-07-30 15:56:37.186000-04:00,227.0,California,Yes,None
PSAM4NK,456208,19,19,93,87,938,49.2495,59.6295,0.6534653465346535,1.4754797441364607,74663,2020-11-06 18:13:21.509000-05:00,17,5,32,95.2941176470588,91.358024691358,64.3382352941177,89.7142857142857,2364,45.221,39.052,0.6736156351791531,1.269881556683587,402016,2020-07-30 15:56:37.186000-04:00,227.0,California,Yes,None
PSAM4NK,459691,17,16,83,83,747,42.068,48.43,0.47794117647058826,1.465863453815261,74663,2020-11-06 18:13:21.509000-05:00,17,5,32,95.2941176470588,91.358024691358,64.3382352941177,89.7142857142857,2364,45.221,39.052,0.6736156351791531,1.269881556683587,402016,2020-07-30 15:56:37.186000-04:00,227.0,California,Yes,None
PSAM4NK,456727,18,12,69,66,684,32.631,43.0575,0.40540540540540543,1.5789473684210527,74663,2020-11-06 18:13:21.509000-05:00,17,5,32,95.2941176470588,91.358024691358,64.3382352941177,89.7142857142857,2364,45.221,39.052,0.6736156351791531,1.269881556683587,402016,2020-07-30 15:56:37.186000-04:00,227.0,California,Yes,None
PSAM4NK,456286,19,18,82,81,753,35.634,41.131,0.7017857142857142,1.2709163346613546,74663,2020-11-06 18:13:21.509000-05:00,17,5,32,95.2941176470588,91.358024691358,64.3382352941177,89.7142857142857,2364,45.221,39.052,0.6736156351791531,1.269881556683587,402016,2020-07-30 15:56:37.186000-04:00,227.0,California,Yes,None
PSAM4NK,404568,19,19,94,81,688,120.976,138.2875,0.7333333333333333,1.373546511627907,74663,2020-11-06 18:13:21.509000-05:00,17,5,32,95.2941176470588,91.358024691358,64.3382352941177,89.7142857142857,2364,45.221,39.052,0.6736156351791531,1.269881556683587,402016,2020-07-30 15:56:37.186000-04:00,227.0,California,Yes,None
PSAM4NK,462455,13,12,87,80,663,22.425,25.844,0.6761487964989059,1.2926093514328807,74663,2020-11-06 18:13:21.509000-05:00,17,5,32,95.2941176470588,91.358024691358,64.3382352941177,89.7142857142857,2364,45.221,39.052,0.6736156351791531,1.269881556683587,402016,2020-07-30 15:56:37.186000-04:00,227.0,California,Yes,None
PSAM4NK,456223,16,15,73,61,563,73.903,87.995,0.5995203836930456,1.3179396092362345,74663,2020-11-06 18:13:21.509000-05:00,17,5,32,95.2941176470588,91.358024691358,64.3382352941177,89.7142857142857,2364,45.221,39.052,0.6736156351791531,1.269881556683587,402016,2020-07-30 15:56:37.186000-04:00,227.0,California,Yes,None
PSAM4NK,455029,17,15,100,93,811,38.716,45.638,0.41206896551724137,1.3871763255240444,74664,2020-11-06 18:13:21.511000-05:00,17,5,32,71.7647058823529,96.7213114754098,60.6617647058823,92.1212121212121,2249,49.27,42.749,0.7414040114613181,1.2352156514006225,402016,2020-07-30 15:56:37.186000-04:00,227.0,California,Yes,None
PSAM4NK,454932,18,16,86,83,760,45.8605,54.2145,0.6624548736462094,1.3368421052631578,74664,2020-11-06 18:13:21.511000-05:00,17,5,32,71.7647058823529,96.7213114754098,60.6617647058823,92.1212121212121,2249,49.27,42.749,0.7414040114613181,1.2352156514006225,402016,2020-07-30 15:56:37.186000-04:00,227.0,California,Yes,None
PSAM4NK,452684,19,18,101,99,904,61.1185,75.349,0.5507020280811232,1.450221238938053,74664,2020-11-06 18:13:21.511000-05:00,17,5,32,71.7647058823529,96.7213114754098,60.6617647058823,92.1212121212121,2249,49.27,42.749,0.7414040114613181,1.2352156514006225,402016,2020-07-30 15:56:37.186000-04:00,227.0,California,Yes,None
PSAM4NK,455023,19,19,88,76,691,81.637,93.611,0.7248995983935743,1.2706222865412446,74664,2020-11-06 18:13:21.511000-05:00,17,5,32,71.7647058823529,96.7213114754098,60.6617647058823,92.1212121212121,2249,49.27,42.749,0.7414040114613181,1.2352156514006225,402016,2020-07-30 15:56:37.186000-04:00,227.0,California,Yes,None
PSAM4NK,437459,19,19,97,86,773,62.723,72.707,0.6759776536312849,1.2690815006468306,74664,2020-11-06 18:13:21.511000-05:00,17,5,32,71.7647058823529,96.7213114754098,60.6617647058823,92.1212121212121,2249,49.27,42.749,0.7414040114613181,1.2352156514006225,402016,2020-07-30 15:56:37.186000-04:00,227.0,California,Yes,None
PSAM4NK,455031,20,20,118,115,962,59.1115,72.6555,0.672992700729927,1.395010395010395,74664,2020-11-06 18:13:21.511000-05:00,17,5,32,71.7647058823529,96.7213114754098,60.6617647058823,92.1212121212121,2249,49.27,42.749,0.7414040114613181,1.2352156514006225,402016,2020-07-30 15:56:37.186000-04:00,227.0,California,Yes,None
PSAM4NK,455002,18,18,92,88,810,34.133,38.943,0.7835051546391752,1.2469135802469136,74664,2020-11-06 18:13:21.511000-05:00,17,5,32,71.7647058823529,96.7213114754098,60.6617647058823,92.1212121212121,2249,49.27,42.749,0.7414040114613181,1.2352156514006225,402016,2020-07-30 15:56:37.186000-04:00,227.0,California,Yes,None
PSAM4NK,454983,19,17,94,83,724,37.4815,42.743,0.6590909090909091,1.320441988950276,74664,2020-11-06 18:13:21.511000-05:00,17,5,32,71.7647058823529,96.7213114754098,60.6617647058823,92.1212121212121,2249,49.27,42.749,0.7414040114613181,1.2352156514006225,402016,2020-07-30 15:56:37.186000-04:00,227.0,California,Yes,None
PSAM4NK,454990,19,19,88,76,695,93.511,102.041,0.7216699801192843,1.2589928057553956,74664,2020-11-06 18:13:21.511000-05:00,17,5,32,71.7647058823529,96.7213114754098,60.6617647058823,92.1212121212121,2249,49.27,42.749,0.7414040114613181,1.2352156514006225,402016,2020-07-30 15:56:37.186000-04:00,227.0,California,Yes,None
PSAM4NK,454996,19,18,92,87,804,92.859,106.5815,0.5719237435008665,1.383084577114428,74664,2020-11-06 18:13:21.511000-05:00,17,5,32,71.7647058823529,96.7213114754098,60.6617647058823,92.1212121212121,2249,49.27,42.749,0.7414040114613181,1.2352156514006225,402016,2020-07-30 15:56:37.186000-04:00,227.0,California,Yes,None
PSAM4NK,404584,19,18,77,72,654,72.3055,82.133,0.7386609071274298,1.305810397553517,74664,2020-11-06 18:13:21.511000-05:00,17,5,32,71.7647058823529,96.7213114754098,60.6617647058823,92.1212121212121,2249,49.27,42.749,0.7414040114613181,1.2352156514006225,402016,2020-07-30 15:56:37.186000-04:00,227.0,California,Yes,None
PSAM4NK,454989,18,18,103,101,883,74.209,82.675,0.7828947368421053,1.2944507361268403,74665,2020-11-06 18:13:21.512000-05:00,18,5,32,81.1111111111111,91.7808219178082,75.0,87.2685185185185,2719,52.491,45.683,0.6650544135429263,1.2754689223979403,402016,2020-07-30 15:56:37.186000-04:00,227.0,California,Yes,None
PSAM4NK,471273,13,10,72,56,510,69.6805,77.9805,0.5112359550561798,1.3411764705882352,74665,2020-11-06 18:13:21.512000-05:00,18,5,32,81.1111111111111,91.7808219178082,75.0,87.2685185185185,2719,52.491,45.683,0.6650544135429263,1.2754689223979403,402016,2020-07-30 15:56:37.186000-04:00,227.0,California,Yes,None
PSAM4NK,455380,17,17,93,72,643,52.444,58.29,0.6068376068376068,1.3188180404354588,74665,2020-11-06 18:13:21.512000-05:00,18,5,32,81.1111111111111,91.7808219178082,75.0,87.2685185185185,2719,52.491,45.683,0.6650544135429263,1.2754689223979403,402016,2020-07-30 15:56:37.186000-04:00,227.0,California,Yes,None
PSAM4NK,455250,18,18,101,100,875,79.892,83.934,0.867330016583748,1.1177142857142857,74665,2020-11-06 18:13:21.512000-05:00,18,5,32,81.1111111111111,91.7808219178082,75.0,87.2685185185185,2719,52.491,45.683,0.6650544135429263,1.2754689223979403,402016,2020-07-30 15:56:37.186000-04:00,227.0,California,Yes,None
PSAM4NK,455035,18,18,99,87,732,66.152,71.269,0.7338551859099804,1.226775956284153,74665,2020-11-06 18:13:21.512000-05:00,18,5,32,81.1111111111111,91.7808219178082,75.0,87.2685185185185,2719,52.491,45.683,0.6650544135429263,1.2754689223979403,402016,2020-07-30 15:56:37.186000-04:00,227.0,California,Yes,None
PSAM4NK,454987,19,18,99,98,1009,47.209,55.389,0.6002747252747253,1.3528245787908821,74665,2020-11-06 18:13:21.512000-05:00,18,5,32,81.1111111111111,91.7808219178082,75.0,87.2685185185185,2719,52.491,45.683,0.6650544135429263,1.2754689223979403,402016,2020-07-30 15:56:37.186000-04:00,227.0,California,Yes,None
PSAM4NK,454982,15,12,73,62,578,23.9805,30.1995,0.4584323040380047,1.3373702422145328,74665,2020-11-06 18:13:21.512000-05:00,18,5,32,81.1111111111111,91.7808219178082,75.0,87.2685185185185,2719,52.491,45.683,0.6650544135429263,1.2754689223979403,402016,2020-07-30 15:56:37.186000-04:00,227.0,California,Yes,None
PSAM4NK,454969,18,18,76,71,677,38.037,46.371,0.7383367139959433,1.2422451994091581,74665,2020-11-06 18:13:21.512000-05:00,18,5,32,81.1111111111111,91.7808219178082,75.0,87.2685185185185,2719,52.491,45.683,0.6650544135429263,1.2754689223979403,402016,2020-07-30 15:56:37.186000-04:00,227.0,California,Yes,None
PSAM4NK,454952,18,18,102,100,897,18.644,23.961,0.6406995230524642,1.3244147157190636,74665,2020-11-06 18:13:21.512000-05:00,18,5,32,81.1111111111111,91.7808219178082,75.0,87.2685185185185,2719,52.491,45.683,0.6650544135429263,1.2754689223979403,402016,2020-07-30 15:56:37.186000-04:00,227.0,California,Yes,None
PSAM4NK,451463,18,18,101,100,881,61.548,66.51,0.5456026058631922,1.3269012485811578,74665,2020-11-06 18:13:21.512000-05:00,18,5,32,81.1111111111111,91.7808219178082,75.0,87.2685185185185,2719,52.491,45.683,0.6650544135429263,1.2754689223979403,402016,2020-07-30 15:56:37.186000-04:00,227.0,California,Yes,None
PSAM4NK,449696,18,18,100,98,847,38.09,46.321,0.6512820512820513,1.358913813459268,74665,2020-11-06 18:13:21.512000-05:00,18,5,32,81.1111111111111,91.7808219178082,75.0,87.2685185185185,2719,52.491,45.683,0.6650544135429263,1.2754689223979403,402016,2020-07-30 15:56:37.186000-04:00,227.0,California,Yes,None
PSAM4NK,437072,18,17,100,100,882,26.5685,32.443,0.5300813008130081,1.3061224489795917,74665,2020-11-06 18:13:21.512000-05:00,18,5,32,81.1111111111111,91.7808219178082,75.0,87.2685185185185,2719,52.491,45.683,0.6650544135429263,1.2754689223979403,402016,2020-07-30 15:56:37.186000-04:00,227.0,California,Yes,None
PSAM4NK,929368,11,7,75,75,542,25.1385,29.339,0.7994428969359332,1.1808118081180812,75542,2020-11-14 12:53:07.673000-05:00,30,35,102,58.5714285714286,79.8373983739837,72.516339869281,95.8539882830104,17620,35.21,30.103,0.7420109748224661,1.2261634506242907,377746,2020-05-16 17:54:07.735000-04:00,,,,
PSAM4NK,923153,25,24,79,79,675,47.73,52.543,0.8204592901878914,1.197037037037037,75542,2020-11-14 12:53:07.673000-05:00,30,35,102,58.5714285714286,79.8373983739837,72.516339869281,95.8539882830104,17620,35.21,30.103,0.7420109748224661,1.2261634506242907,377746,2020-05-16 17:54:07.735000-04:00,,,,
PSAM4NK,975452,4,3,66,64,418,18.8,20.971,0.7915057915057915,1.1818181818181819,75542,2020-11-14 12:53:07.673000-05:00,30,35,102,58.5714285714286,79.8373983739837,72.516339869281,95.8539882830104,17620,35.21,30.103,0.7420109748224661,1.2261634506242907,377746,2020-05-16 17:54:07.735000-04:00,,,,
PSAM4NK,922913,23,22,81,81,701,21.665,25.871,0.7924151696606786,1.1611982881597718,75542,2020-11-14 12:53:07.673000-05:00,30,35,102,58.5714285714286,79.8373983739837,72.516339869281,95.8539882830104,17620,35.21,30.103,0.7420109748224661,1.2261634506242907,377746,2020-05-16 17:54:07.735000-04:00,,,,
PSAM4NK,922904,20,12,79,78,611,28.831,34.709,0.7577197149643705,1.2340425531914894,75542,2020-11-14 12:53:07.673000-05:00,30,35,102,58.5714285714286,79.8373983739837,72.516339869281,95.8539882830104,17620,35.21,30.103,0.7420109748224661,1.2261634506242907,377746,2020-05-16 17:54:07.735000-04:00,,,,
PSAM4NK,922901,20,12,80,75,590,18.6845,25.018,0.4796954314720812,1.5610169491525423,75542,2020-11-14 12:53:07.673000-05:00,30,35,102,58.5714285714286,79.8373983739837,72.516339869281,95.8539882830104,17620,35.21,30.103,0.7420109748224661,1.2261634506242907,377746,2020-05-16 17:54:07.735000-04:00,,,,
PSAM4NK,922894,25,22,79,78,703,33.443,39.772,0.6403162055335968,1.352773826458037,75542,2020-11-14 12:53:07.673000-05:00,30,35,102,58.5714285714286,79.8373983739837,72.516339869281,95.8539882830104,17620,35.21,30.103,0.7420109748224661,1.2261634506242907,377746,2020-05-16 17:54:07.735000-04:00,,,,
PSAM4NK,975603,3,3,67,65,448,21.2585,22.3865,0.863481228668942,1.1116071428571428,75542,2020-11-14 12:53:07.673000-05:00,30,35,102,58.5714285714286,79.8373983739837,72.516339869281,95.8539882830104,17620,35.21,30.103,0.7420109748224661,1.2261634506242907,377746,2020-05-16 17:54:07.735000-04:00,,,,
PSAM4NK,923142,23,21,81,71,691,52.687,64.926,0.6810176125244618,1.3068017366136035,75542,2020-11-14 12:53:07.673000-05:00,30,35,102,58.5714285714286,79.8373983739837,72.516339869281,95.8539882830104,17620,35.21,30.103,0.7420109748224661,1.2261634506242907,377746,2020-05-16 17:54:07.735000-04:00,,,,
PSAM4NK,922872,20,14,77,76,592,29.951,37.7975,0.6600496277915633,1.2820945945945945,75542,2020-11-14 12:53:07.673000-05:00,30,35,102,58.5714285714286,79.8373983739837,72.516339869281,95.8539882830104,17620,35.21,30.103,0.7420109748224661,1.2261634506242907,377746,2020-05-16 17:54:07.735000-04:00,,,,
PSAM4NK,975631,1,0,43,29,246,15.9515,21.9955,0.7637362637362637,1.2926829268292683,75542,2020-11-14 12:53:07.673000-05:00,30,35,102,58.5714285714286,79.8373983739837,72.516339869281,95.8539882830104,17620,35.21,30.103,0.7420109748224661,1.2261634506242907,377746,2020-05-16 17:54:07.735000-04:00,,,,
PSAM4NK,923147,23,18,81,81,644,30.5395,36.111,0.7707865168539326,1.1288819875776397,75542,2020-11-14 12:53:07.673000-05:00,30,35,102,58.5714285714286,79.8373983739837,72.516339869281,95.8539882830104,17620,35.21,30.103,0.7420109748224661,1.2261634506242907,377746,2020-05-16 17:54:07.735000-04:00,,,,
PSAM4NK,923144,24,20,78,78,695,20.604,23.528,0.6882591093117408,1.2992805755395682,75542,2020-11-14 12:53:07.673000-05:00,30,35,102,58.5714285714286,79.8373983739837,72.516339869281,95.8539882830104,17620,35.21,30.103,0.7420109748224661,1.2261634506242907,377746,2020-05-16 17:54:07.735000-04:00,,,,
PSAM4NK,922627,23,16,84,79,644,39.441,46.6485,0.7207207207207207,1.3245341614906831,75542,2020-11-14 12:53:07.673000-05:00,30,35,102,58.5714285714286,79.8373983739837,72.516339869281,95.8539882830104,17620,35.21,30.103,0.7420109748224661,1.2261634506242907,377746,2020-05-16 17:54:07.735000-04:00,,,,
PSAM4NK,922618,24,22,80,79,637,33.435,34.146,0.9095022624434389,1.067503924646782,75542,2020-11-14 12:53:07.673000-05:00,30,35,102,58.5714285714286,79.8373983739837,72.516339869281,95.8539882830104,17620,35.21,30.103,0.7420109748224661,1.2261634506242907,377746,2020-05-16 17:54:07.735000-04:00,,,,
PSAM4NK,922617,25,22,74,62,603,49.21,54.773,0.6458333333333334,1.351575456053068,75542,2020-11-14 12:53:07.673000-05:00,30,35,102,58.5714285714286,79.8373983739837,72.516339869281,95.8539882830104,17620,35.21,30.103,0.7420109748224661,1.2261634506242907,377746,2020-05-16 17:54:07.735000-04:00,,,,
PSAM4NK,922616,17,9,77,77,617,20.663,27.982,0.7105882352941176,1.2625607779578607,75542,2020-11-14 12:53:07.673000-05:00,30,35,102,58.5714285714286,79.8373983739837,72.516339869281,95.8539882830104,17620,35.21,30.103,0.7420109748224661,1.2261634506242907,377746,2020-05-16 17:54:07.735000-04:00,,,,
PSAM4NK,922615,23,21,77,77,697,35.124,37.385,0.7238658777120316,1.1922525107604016,75542,2020-11-14 12:53:07.673000-05:00,30,35,102,58.5714285714286,79.8373983739837,72.516339869281,95.8539882830104,17620,35.21,30.103,0.7420109748224661,1.2261634506242907,377746,2020-05-16 17:54:07.735000-04:00,,,,
PSAM4NK,922473,25,19,81,80,696,27.634,38.1135,0.7005988023952096,1.2945402298850575,75542,2020-11-14 12:53:07.673000-05:00,30,35,102,58.5714285714286,79.8373983739837,72.516339869281,95.8539882830104,17620,35.21,30.103,0.7420109748224661,1.2261634506242907,377746,2020-05-16 17:54:07.735000-04:00,,,,
PSAM4NK,922644,25,23,85,83,647,37.675,45.098,0.8041002277904328,1.2009273570324575,75542,2020-11-14 12:53:07.673000-05:00,30,35,102,58.5714285714286,79.8373983739837,72.516339869281,95.8539882830104,17620,35.21,30.103,0.7420109748224661,1.2261634506242907,377746,2020-05-16 17:54:07.735000-04:00,,,,
PSAM4NK,923148,22,22,77,76,619,38.313,43.501,0.8120649651972158,1.121163166397415,75542,2020-11-14 12:53:07.673000-05:00,30,35,102,58.5714285714286,79.8373983739837,72.516339869281,95.8539882830104,17620,35.21,30.103,0.7420109748224661,1.2261634506242907,377746,2020-05-16 17:54:07.735000-04:00,,,,
PSAM4NK,922622,17,13,85,80,600,34.659,42.215,0.7703703703703704,1.2016666666666667,75542,2020-11-14 12:53:07.673000-05:00,30,35,102,58.5714285714286,79.8373983739837,72.516339869281,95.8539882830104,17620,35.21,30.103,0.7420109748224661,1.2261634506242907,377746,2020-05-16 17:54:07.735000-04:00,,,,
PSAM4NK,923156,12,7,55,50,408,14.1605,15.701,0.6584507042253521,1.2867647058823528,75542,2020-11-14 12:53:07.673000-05:00,30,35,102,58.5714285714286,79.8373983739837,72.516339869281,95.8539882830104,17620,35.21,30.103,0.7420109748224661,1.2261634506242907,377746,2020-05-16 17:54:07.735000-04:00,,,,
PSAM4NK,923159,25,25,79,79,630,36.3945,39.4095,0.8594470046082949,1.107936507936508,75542,2020-11-14 12:53:07.673000-05:00,30,35,102,58.5714285714286,79.8373983739837,72.516339869281,95.8539882830104,17620,35.21,30.103,0.7420109748224661,1.2261634506242907,377746,2020-05-16 17:54:07.735000-04:00,,,,
PSAM4NK,922863,24,14,79,79,674,16.5165,20.1745,0.7118997912317327,1.1572700296735905,75542,2020-11-14 12:53:07.673000-05:00,30,35,102,58.5714285714286,79.8373983739837,72.516339869281,95.8539882830104,17620,35.21,30.103,0.7420109748224661,1.2261634506242907,377746,2020-05-16 17:54:07.735000-04:00,,,,
PSAM4NK,924369,23,20,79,77,602,32.6765,35.174,0.8547215496368039,1.106312292358804,75542,2020-11-14 12:53:07.673000-05:00,30,35,102,58.5714285714286,79.8373983739837,72.516339869281,95.8539882830104,17620,35.21,30.103,0.7420109748224661,1.2261634506242907,377746,2020-05-16 17:54:07.735000-04:00,,,,
PSAM4NK,928974,23,19,76,68,572,35.507,40.9925,0.6782178217821783,1.263986013986014,75542,2020-11-14 12:53:07.673000-05:00,30,35,102,58.5714285714286,79.8373983739837,72.516339869281,95.8539882830104,17620,35.21,30.103,0.7420109748224661,1.2261634506242907,377746,2020-05-16 17:54:07.735000-04:00,,,,
PSAM4NK,923047,22,13,74,69,538,36.7755,40.084,0.6545454545454545,1.2063197026022305,75542,2020-11-14 12:53:07.673000-05:00,30,35,102,58.5714285714286,79.8373983739837,72.516339869281,95.8539882830104,17620,35.21,30.103,0.7420109748224661,1.2261634506242907,377746,2020-05-16 17:54:07.735000-04:00,,,,
PSAM4NK,404973,30,18,28,14,231,70.895,88.75,0.5939086294416244,1.3246753246753247,77425,2020-12-09 12:16:52.532000-05:00,24,35,0,37.8571428571429,66.3522012578616,0.0,0.0,1575,26.287,21.912,0.6926984126984127,1.4196825396825397,947900,2020-12-09 12:16:03.439000-05:00,358.0,Arizona,Yes,None
PSAM4NK,414432,20,5,27,10,121,31.749,42.103,0.5102040816326531,1.5619834710743803,77425,2020-12-09 12:16:52.532000-05:00,24,35,0,37.8571428571429,66.3522012578616,0.0,0.0,1575,26.287,21.912,0.6926984126984127,1.4196825396825397,947900,2020-12-09 12:16:03.439000-05:00,358.0,Arizona,Yes,None
PSAM4NK,404968,49,30,38,26,435,26.657,35.663,0.4772117962466488,1.439080459770115,77425,2020-12-09 12:16:52.532000-05:00,24,35,0,37.8571428571429,66.3522012578616,0.0,0.0,1575,26.287,21.912,0.6926984126984127,1.4196825396825397,947900,2020-12-09 12:16:03.439000-05:00,358.0,Arizona,Yes,None
PSAM4NK,404970,58,37,32,22,416,24.56,30.5815,0.6608695652173913,1.3966346153846154,77425,2020-12-09 12:16:52.532000-05:00,24,35,0,37.8571428571429,66.3522012578616,0.0,0.0,1575,26.287,21.912,0.6926984126984127,1.4196825396825397,947900,2020-12-09 12:16:03.439000-05:00,358.0,Arizona,Yes,None
PSAM4NK,405072,22,12,32,12,155,41.74,44.324,0.8688524590163934,1.0903225806451613,77425,2020-12-09 12:16:52.532000-05:00,24,35,0,37.8571428571429,66.3522012578616,0.0,0.0,1575,26.287,21.912,0.6926984126984127,1.4196825396825397,947900,2020-12-09 12:16:03.439000-05:00,358.0,Arizona,Yes,None
PSAM4NK,404975,29,18,16,5,212,25.204,30.628,0.7206703910614525,1.410377358490566,77425,2020-12-09 12:16:52.532000-05:00,24,35,0,37.8571428571429,66.3522012578616,0.0,0.0,1575,26.287,21.912,0.6926984126984127,1.4196825396825397,947900,2020-12-09 12:16:03.439000-05:00,358.0,Arizona,Yes,None
PSAM4NK,414402,34,19,40,24,315,34.277,47.304,0.4959349593495935,1.4317460317460318,77425,2020-12-09 12:16:52.532000-05:00,24,35,0,37.8571428571429,66.3522012578616,0.0,0.0,1575,26.287,21.912,0.6926984126984127,1.4196825396825397,947900,2020-12-09 12:16:03.439000-05:00,358.0,Arizona,Yes,None
PSAM4NK,404985,46,37,34,29,506,46.417,55.7115,0.6186046511627907,1.3577075098814229,77425,2020-12-09 12:16:52.532000-05:00,24,35,0,37.8571428571429,66.3522012578616,0.0,0.0,1575,26.287,21.912,0.6926984126984127,1.4196825396825397,947900,2020-12-09 12:16:03.439000-05:00,358.0,Arizona,Yes,None
PSAM4NK,414389,11,5,17,11,88,56.167,60.1205,0.7012987012987013,1.3068181818181819,77425,2020-12-09 12:16:52.532000-05:00,24,35,0,37.8571428571429,66.3522012578616,0.0,0.0,1575,26.287,21.912,0.6926984126984127,1.4196825396825397,947900,2020-12-09 12:16:03.439000-05:00,358.0,Arizona,Yes,None
PSAM4NK,414336,52,37,35,20,333,33.078,37.386,0.6576271186440678,1.4504504504504505,77425,2020-12-09 12:16:52.532000-05:00,24,35,0,37.8571428571429,66.3522012578616,0.0,0.0,1575,26.287,21.912,0.6926984126984127,1.4196825396825397,947900,2020-12-09 12:16:03.439000-05:00,358.0,Arizona,Yes,None
PSAM4NK,403782,49,40,20,16,439,17.35,22.017,0.6031331592689295,1.5330296127562641,77425,2020-12-09 12:16:52.532000-05:00,24,35,0,37.8571428571429,66.3522012578616,0.0,0.0,1575,26.287,21.912,0.6926984126984127,1.4196825396825397,947900,2020-12-09 12:16:03.439000-05:00,358.0,Arizona,Yes,None
PSAM4NK,407338,26,5,31,6,150,58.9125,83.246,0.5511811023622047,1.4666666666666668,77425,2020-12-09 12:16:52.532000-05:00,24,35,0,37.8571428571429,66.3522012578616,0.0,0.0,1575,26.287,21.912,0.6926984126984127,1.4196825396825397,947900,2020-12-09 12:16:03.439000-05:00,358.0,Arizona,Yes,None
PSAM4NK,404967,26,8,13,4,133,22.523,26.797,0.6050420168067226,1.5864661654135337,77425,2020-12-09 12:16:52.532000-05:00,24,35,0,37.8571428571429,66.3522012578616,0.0,0.0,1575,26.287,21.912,0.6926984126984127,1.4196825396825397,947900,2020-12-09 12:16:03.439000-05:00,358.0,Arizona,Yes,None
PSAM4NK,404992,31,27,46,40,462,28.3165,36.182,0.5360230547550432,1.4393939393939394,77425,2020-12-09 12:16:52.532000-05:00,24,35,0,37.8571428571429,66.3522012578616,0.0,0.0,1575,26.287,21.912,0.6926984126984127,1.4196825396825397,947900,2020-12-09 12:16:03.439000-05:00,358.0,Arizona,Yes,None
PSAM4NK,405673,20,15,13,4,129,26.616,29.022,0.6302521008403361,1.4418604651162792,77425,2020-12-09 12:16:52.532000-05:00,24,35,0,37.8571428571429,66.3522012578616,0.0,0.0,1575,26.287,21.912,0.6926984126984127,1.4196825396825397,947900,2020-12-09 12:16:03.439000-05:00,358.0,Arizona,Yes,None
PSAM4NK,404972,65,57,47,39,599,52.012,61.6,0.7536534446764092,1.3088480801335558,77425,2020-12-09 12:16:52.532000-05:00,24,35,0,37.8571428571429,66.3522012578616,0.0,0.0,1575,26.287,21.912,0.6926984126984127,1.4196825396825397,947900,2020-12-09 12:16:03.439000-05:00,358.0,Arizona,Yes,None
PSAM4NK,405081,33,22,25,12,182,31.9235,38.191,0.7848101265822784,1.2857142857142858,77426,2020-12-09 12:16:59.262000-05:00,22,35,0,34.2857142857143,68.1818181818182,0.0,0.0,1211,27.789,23.08,0.694467382328654,1.4004954582989264,947900,2020-12-09 12:16:03.439000-05:00,358.0,Arizona,Yes,None
PSAM4NK,405084,42,23,20,10,258,20.3735,26.1255,0.6140350877192983,1.4263565891472867,77426,2020-12-09 12:16:59.262000-05:00,22,35,0,34.2857142857143,68.1818181818182,0.0,0.0,1211,27.789,23.08,0.694467382328654,1.4004954582989264,947900,2020-12-09 12:16:03.439000-05:00,358.0,Arizona,Yes,None
PSAM4NK,405103,24,8,44,43,449,40.927,48.851,0.4591194968553459,1.4053452115812919,77426,2020-12-09 12:16:59.262000-05:00,22,35,0,34.2857142857143,68.1818181818182,0.0,0.0,1211,27.789,23.08,0.694467382328654,1.4004954582989264,947900,2020-12-09 12:16:03.439000-05:00,358.0,Arizona,Yes,None
PSAM4NK,405104,50,39,27,17,396,28.228,32.051,0.7129629629629629,1.3762626262626263,77426,2020-12-09 12:16:59.262000-05:00,22,35,0,34.2857142857143,68.1818181818182,0.0,0.0,1211,27.789,23.08,0.694467382328654,1.4004954582989264,947900,2020-12-09 12:16:03.439000-05:00,358.0,Arizona,Yes,None
PSAM4NK,405113,52,47,27,17,396,30.806,35.36,0.6842105263157895,1.3863636363636365,77426,2020-12-09 12:16:59.262000-05:00,22,35,0,34.2857142857143,68.1818181818182,0.0,0.0,1211,27.789,23.08,0.694467382328654,1.4004954582989264,947900,2020-12-09 12:16:03.439000-05:00,358.0,Arizona,Yes,None
PSAM4NK,405343,48,19,45,39,471,28.572,36.55,0.48179271708683474,1.5966029723991506,77426,2020-12-09 12:16:59.262000-05:00,22,35,0,34.2857142857143,68.1818181818182,0.0,0.0,1211,27.789,23.08,0.694467382328654,1.4004954582989264,947900,2020-12-09 12:16:03.439000-05:00,358.0,Arizona,Yes,None
PSAM4NK,415329,45,33,30,8,320,19.3805,24.422,0.6482758620689655,1.371875,77426,2020-12-09 12:16:59.262000-05:00,22,35,0,34.2857142857143,68.1818181818182,0.0,0.0,1211,27.789,23.08,0.694467382328654,1.4004954582989264,947900,2020-12-09 12:16:03.439000-05:00,358.0,Arizona,Yes,None
PSAM4NK,405079,39,26,34,20,336,31.6635,35.1785,0.6584507042253521,1.4464285714285714,77426,2020-12-09 12:16:59.262000-05:00,22,35,0,34.2857142857143,68.1818181818182,0.0,0.0,1211,27.789,23.08,0.694467382328654,1.4004954582989264,947900,2020-12-09 12:16:03.439000-05:00,358.0,Arizona,Yes,None
PSAM4NK,407615,22,10,8,1,67,31.341,31.718,0.7619047619047619,1.2238805970149254,77426,2020-12-09 12:16:59.262000-05:00,22,35,0,34.2857142857143,68.1818181818182,0.0,0.0,1211,27.789,23.08,0.694467382328654,1.4004954582989264,947900,2020-12-09 12:16:03.439000-05:00,358.0,Arizona,Yes,None
PSAM4NK,439892,13,6,11,1,93,49.973,60.982,0.5443037974683544,1.5806451612903225,77426,2020-12-09 12:16:59.262000-05:00,22,35,0,34.2857142857143,68.1818181818182,0.0,0.0,1211,27.789,23.08,0.694467382328654,1.4004954582989264,947900,2020-12-09 12:16:03.439000-05:00,358.0,Arizona,Yes,None
PSAM4NK,405050,65,57,46,31,504,42.535,44.988,0.7542997542997543,1.3134920634920635,77426,2020-12-09 12:16:59.262000-05:00,22,35,0,34.2857142857143,68.1818181818182,0.0,0.0,1211,27.789,23.08,0.694467382328654,1.4004954582989264,947900,2020-12-09 12:16:03.439000-05:00,358.0,Arizona,Yes,None
PSAM4NK,403748,35,27,17,11,306,32.024,41.11,0.5703971119133574,1.5816993464052287,77426,2020-12-09 12:16:59.262000-05:00,22,35,0,34.2857142857143,68.1818181818182,0.0,0.0,1211,27.789,23.08,0.694467382328654,1.4004954582989264,947900,2020-12-09 12:16:03.439000-05:00,358.0,Arizona,Yes,None
PSAM4NK,405233,71,48,46,32,640,52.912,72.693,0.5511669658886894,1.840625,77427,2020-12-09 12:16:59.264000-05:00,28,35,0,46.734693877551,65.0655021834061,0.0,0.0,2000,25.313,22.451,0.7015,1.3905,947900,2020-12-09 12:16:03.439000-05:00,358.0,Arizona,Yes,None
PSAM4NK,405223,32,27,26,8,226,32.0315,39.357,0.6567164179104478,1.4469026548672566,77427,2020-12-09 12:16:59.264000-05:00,28,35,0,46.734693877551,65.0655021834061,0.0,0.0,2000,25.313,22.451,0.7015,1.3905,947900,2020-12-09 12:16:03.439000-05:00,358.0,Arizona,Yes,None
PSAM4NK,405186,15,7,25,16,168,27.9755,33.767,0.5078125,1.3988095238095237,77427,2020-12-09 12:16:59.264000-05:00,28,35,0,46.734693877551,65.0655021834061,0.0,0.0,2000,25.313,22.451,0.7015,1.3905,947900,2020-12-09 12:16:03.439000-05:00,358.0,Arizona,Yes,None
PSAM4NK,405209,31,13,17,8,169,34.732,44.608,0.6834532374100719,1.4378698224852071,77427,2020-12-09 12:16:59.264000-05:00,28,35,0,46.734693877551,65.0655021834061,0.0,0.0,2000,25.313,22.451,0.7015,1.3905,947900,2020-12-09 12:16:03.439000-05:00,358.0,Arizona,Yes,None
PSAM4NK,405169,46,35,24,13,276,37.2585,45.566,0.6991869918699187,1.4528985507246377,77427,2020-12-09 12:16:59.264000-05:00,28,35,0,46.734693877551,65.0655021834061,0.0,0.0,2000,25.313,22.451,0.7015,1.3905,947900,2020-12-09 12:16:03.439000-05:00,358.0,Arizona,Yes,None
PSAM4NK,412396,54,37,38,20,367,33.823,35.894,0.7934426229508197,1.318801089918256,77427,2020-12-09 12:16:59.264000-05:00,28,35,0,46.734693877551,65.0655021834061,0.0,0.0,2000,25.313,22.451,0.7015,1.3905,947900,2020-12-09 12:16:03.439000-05:00,358.0,Arizona,Yes,None
PSAM4NK,407765,71,42,34,23,437,31.117,38.625,0.6830601092896175,1.391304347826087,77427,2020-12-09 12:16:59.264000-05:00,28,35,0,46.734693877551,65.0655021834061,0.0,0.0,2000,25.313,22.451,0.7015,1.3905,947900,2020-12-09 12:16:03.439000-05:00,358.0,Arizona,Yes,None
PSAM4NK,405571,32,15,24,15,264,45.3225,53.258,0.4841628959276018,1.6363636363636365,77427,2020-12-09 12:16:59.264000-05:00,28,35,0,46.734693877551,65.0655021834061,0.0,0.0,2000,25.313,22.451,0.7015,1.3905,947900,2020-12-09 12:16:03.439000-05:00,358.0,Arizona,Yes,None
PSAM4NK,405217,41,32,42,26,365,41.26,46.019,0.8409893992932862,1.2410958904109588,77427,2020-12-09 12:16:59.264000-05:00,28,35,0,46.734693877551,65.0655021834061,0.0,0.0,2000,25.313,22.451,0.7015,1.3905,947900,2020-12-09 12:16:03.439000-05:00,358.0,Arizona,Yes,None
PSAM4NK,402317,47,34,31,19,421,35.802,43.983,0.5227882037533512,1.4061757719714965,77427,2020-12-09 12:16:59.264000-05:00,28,35,0,46.734693877551,65.0655021834061,0.0,0.0,2000,25.313,22.451,0.7015,1.3905,947900,2020-12-09 12:16:03.439000-05:00,358.0,Arizona,Yes,None
PSAM4NK,405397,58,49,31,24,375,38.663,41.997,0.8115015974440895,1.208,77427,2020-12-09 12:16:59.264000-05:00,28,35,0,46.734693877551,65.0655021834061,0.0,0.0,2000,25.313,22.451,0.7015,1.3905,947900,2020-12-09 12:16:03.439000-05:00,358.0,Arizona,Yes,None
PSAM4NK,405277,43,32,39,35,375,28.349,31.516,0.7808219178082192,1.2053333333333334,77427,2020-12-09 12:16:59.264000-05:00,28,35,0,46.734693877551,65.0655021834061,0.0,0.0,2000,25.313,22.451,0.7015,1.3905,947900,2020-12-09 12:16:03.439000-05:00,358.0,Arizona,Yes,None
PSAM4NK,405204,42,34,38,34,566,20.158,25.687,0.5471698113207547,1.3798586572438163,77427,2020-12-09 12:16:59.264000-05:00,28,35,0,46.734693877551,65.0655021834061,0.0,0.0,2000,25.313,22.451,0.7015,1.3905,947900,2020-12-09 12:16:03.439000-05:00,358.0,Arizona,Yes,None
PSAM4NK,406662,38,32,31,17,319,40.949,48.122,0.7575757575757576,1.3573667711598747,77427,2020-12-09 12:16:59.264000-05:00,28,35,0,46.734693877551,65.0655021834061,0.0,0.0,2000,25.313,22.451,0.7015,1.3905,947900,2020-12-09 12:16:03.439000-05:00,358.0,Arizona,Yes,None
PSAM4NK,405704,62,47,39,29,542,38.2035,46.701,0.5850340136054422,1.514760147601476,77427,2020-12-09 12:16:59.264000-05:00,28,35,0,46.734693877551,65.0655021834061,0.0,0.0,2000,25.313,22.451,0.7015,1.3905,947900,2020-12-09 12:16:03.439000-05:00,358.0,Arizona,Yes,None
PSAM4NK,405211,41,17,33,18,274,23.2785,28.576,0.4759825327510917,1.3029197080291972,77427,2020-12-09 12:16:59.264000-05:00,28,35,0,46.734693877551,65.0655021834061,0.0,0.0,2000,25.313,22.451,0.7015,1.3905,947900,2020-12-09 12:16:03.439000-05:00,358.0,Arizona,Yes,None
PSAM4NK,405206,50,32,40,25,365,51.317,60.158,0.7298245614035088,1.3232876712328767,77427,2020-12-09 12:16:59.264000-05:00,28,35,0,46.734693877551,65.0655021834061,0.0,0.0,2000,25.313,22.451,0.7015,1.3905,947900,2020-12-09 12:16:03.439000-05:00,358.0,Arizona,Yes,None
PSAM4NK,405254,22,11,32,17,248,24.2785,29.7315,0.531578947368421,1.310483870967742,77427,2020-12-09 12:16:59.264000-05:00,28,35,0,46.734693877551,65.0655021834061,0.0,0.0,2000,25.313,22.451,0.7015,1.3905,947900,2020-12-09 12:16:03.439000-05:00,358.0,Arizona,Yes,None
PSAM4NK,405239,58,50,41,35,578,29.28,35.6895,0.6361702127659574,1.370242214532872,77427,2020-12-09 12:16:59.264000-05:00,28,35,0,46.734693877551,65.0655021834061,0.0,0.0,2000,25.313,22.451,0.7015,1.3905,947900,2020-12-09 12:16:03.439000-05:00,358.0,Arizona,Yes,None
PSAM4NK,405235,49,31,32,23,397,18.332,21.008,0.5301204819277109,1.5289672544080606,77427,2020-12-09 12:16:59.264000-05:00,28,35,0,46.734693877551,65.0655021834061,0.0,0.0,2000,25.313,22.451,0.7015,1.3905,947900,2020-12-09 12:16:03.439000-05:00,358.0,Arizona,Yes,None
PSAM4NK,700206,2,1,38,22,183,34.478,46.052,0.4715447154471545,1.5792349726775956,77679,2020-12-14 10:35:37.024000-05:00,17,1,0,,0.0,0.0,0.0,0,,,,,854874,2020-10-09 13:12:37.672000-04:00,,,,
PSAM4NK,906836,2,0,7,4,32,22.369,28.9865,0.5,1.34375,77679,2020-12-14 10:35:37.024000-05:00,17,1,0,,0.0,0.0,0.0,0,,,,,854874,2020-10-09 13:12:37.672000-04:00,,,,
PSAM4NK,855996,1,0,13,10,53,14.294,19.04,0.4666666666666667,1.2452830188679245,77679,2020-12-14 10:35:37.024000-05:00,17,1,0,,0.0,0.0,0.0,0,,,,,854874,2020-10-09 13:12:37.672000-04:00,,,,
PSAM4NK,855748,6,6,14,9,96,79.8385,81.0325,0.855072463768116,1.0729166666666667,77679,2020-12-14 10:35:37.024000-05:00,17,1,0,,0.0,0.0,0.0,0,,,,,854874,2020-10-09 13:12:37.672000-04:00,,,,
PSAM4NK,855564,5,3,19,17,152,16.087,18.8005,0.5494505494505495,1.1973684210526316,77679,2020-12-14 10:35:37.024000-05:00,17,1,0,,0.0,0.0,0.0,0,,,,,854874,2020-10-09 13:12:37.672000-04:00,,,,
PSAM4NK,855563,6,6,4,3,40,17.8325,18.8905,0.825,1.175,77679,2020-12-14 10:35:37.024000-05:00,17,1,0,,0.0,0.0,0.0,0,,,,,854874,2020-10-09 13:12:37.672000-04:00,,,,
PSAM4NK,855559,6,6,19,18,159,26.523,31.998,0.6632653061224489,1.2452830188679245,77679,2020-12-14 10:35:37.024000-05:00,17,1,0,,0.0,0.0,0.0,0,,,,,854874,2020-10-09 13:12:37.672000-04:00,,,,
PSAM4NK,855556,6,3,19,15,123,18.788,25.385,0.6666666666666666,1.170731707317073,77679,2020-12-14 10:35:37.024000-05:00,17,1,0,,0.0,0.0,0.0,0,,,,,854874,2020-10-09 13:12:37.672000-04:00,,,,
PSAM4NK,855492,5,5,16,10,113,46.906,49.218,0.7058823529411765,1.176991150442478,77679,2020-12-14 10:35:37.024000-05:00,17,1,0,,0.0,0.0,0.0,0,,,,,854874,2020-10-09 13:12:37.672000-04:00,,,,
PSAM4NK,904967,7,5,8,8,119,28.32,35.683,0.6236559139784946,1.2857142857142858,77679,2020-12-14 10:35:37.024000-05:00,17,1,0,,0.0,0.0,0.0,0,,,,,854874,2020-10-09 13:12:37.672000-04:00,,,,
PSAM4NK,616531,2,0,80,75,579,38.552,46.496,0.2834890965732087,1.4369602763385148,77679,2020-12-14 10:35:37.024000-05:00,17,1,0,,0.0,0.0,0.0,0,,,,,854874,2020-10-09 13:12:37.672000-04:00,,,,
PSAM4NK,664604,3,3,73,70,595,41.96,52.644,0.6516516516516516,1.3411764705882352,77679,2020-12-14 10:35:37.024000-05:00,17,1,0,,0.0,0.0,0.0,0,,,,,854874,2020-10-09 13:12:37.672000-04:00,,,,
PSAM4NK,855398,6,5,16,14,111,36.44,45.45,0.5211267605633803,1.2612612612612613,77679,2020-12-14 10:35:37.024000-05:00,17,1,0,,0.0,0.0,0.0,0,,,,,854874,2020-10-09 13:12:37.672000-04:00,,,,
PSAM4NK,855313,4,4,12,11,88,15.848,27.4085,0.6610169491525424,1.2727272727272727,77679,2020-12-14 10:35:37.024000-05:00,17,1,0,,0.0,0.0,0.0,0,,,,,854874,2020-10-09 13:12:37.672000-04:00,,,,
PSAM4NK,904951,3,2,11,7,44,65.931,78.2905,0.65625,1.1590909090909092,77679,2020-12-14 10:35:37.024000-05:00,17,1,0,,0.0,0.0,0.0,0,,,,,854874,2020-10-09 13:12:37.672000-04:00,,,,
PSAM4NK,949530,0,0,0,0,0,,,,,77680,2020-12-14 10:35:37.071000-05:00,15,1,0,,0.0,0.0,0.0,0,,,,,854874,2020-10-09 13:12:37.672000-04:00,,,,
PSAM4NK,855447,4,4,19,11,74,21.1925,21.999,0.9038461538461539,1.0405405405405406,77680,2020-12-14 10:35:37.071000-05:00,15,1,0,,0.0,0.0,0.0,0,,,,,854874,2020-10-09 13:12:37.672000-04:00,,,,
PSAM4NK,955229,0,0,0,0,0,,,,,77680,2020-12-14 10:35:37.071000-05:00,15,1,0,,0.0,0.0,0.0,0,,,,,854874,2020-10-09 13:12:37.672000-04:00,,,,
PSAM4NK,962839,0,0,0,0,0,,,,,77680,2020-12-14 10:35:37.071000-05:00,15,1,0,,0.0,0.0,0.0,0,,,,,854874,2020-10-09 13:12:37.672000-04:00,,,,
PSAM4NK,685892,5,4,75,71,559,48.23,50.223,0.7237762237762237,1.2772808586762074,77680,2020-12-14 10:35:37.071000-05:00,15,1,0,,0.0,0.0,0.0,0,,,,,854874,2020-10-09 13:12:37.672000-04:00,,,,
PSAM4NK,855490,3,3,15,14,86,22.3585,24.261,0.6792452830188679,1.3023255813953487,77680,2020-12-14 10:35:37.071000-05:00,15,1,0,,0.0,0.0,0.0,0,,,,,854874,2020-10-09 13:12:37.672000-04:00,,,,
PSAM4NK,855549,3,2,15,10,84,36.508,36.521,0.9130434782608695,1.0714285714285714,77680,2020-12-14 10:35:37.071000-05:00,15,1,0,,0.0,0.0,0.0,0,,,,,854874,2020-10-09 13:12:37.672000-04:00,,,,
PSAM4NK,855553,1,1,19,16,112,76.787,82.9375,0.7833333333333333,1.0982142857142858,77680,2020-12-14 10:35:37.071000-05:00,15,1,0,,0.0,0.0,0.0,0,,,,,854874,2020-10-09 13:12:37.672000-04:00,,,,
PSAM4NK,855685,5,5,18,17,127,32.674,36.595,0.8309859154929577,1.062992125984252,77680,2020-12-14 10:35:37.071000-05:00,15,1,0,,0.0,0.0,0.0,0,,,,,854874,2020-10-09 13:12:37.672000-04:00,,,,
PSAM4NK,855760,5,5,17,11,87,26.87,39.504,0.5833333333333334,1.3793103448275863,77680,2020-12-14 10:35:37.071000-05:00,15,1,0,,0.0,0.0,0.0,0,,,,,854874,2020-10-09 13:12:37.672000-04:00,,,,
PSAM4NK,915625,0,0,1,0,1,152.17,152.298,1.0,1.0,77680,2020-12-14 10:35:37.071000-05:00,15,1,0,,0.0,0.0,0.0,0,,,,,854874,2020-10-09 13:12:37.672000-04:00,,,,
PSAM4NK,904965,4,4,15,15,126,28.4485,30.851,0.7605633802816901,1.1746031746031746,77680,2020-12-14 10:35:37.071000-05:00,15,1,0,,0.0,0.0,0.0,0,,,,,854874,2020-10-09 13:12:37.672000-04:00,,,,
PSAM4NK,855243,1,0,5,0,1,101.674,101.685,,1.0,77680,2020-12-14 10:35:37.071000-05:00,15,1,0,,0.0,0.0,0.0,0,,,,,854874,2020-10-09 13:12:37.672000-04:00,,,,
PSAM4NK,802843,2,1,3,3,20,50.9045,83.604,0.47058823529411764,2.45,79322,2021-01-13 10:44:43.907000-05:00,29,4,0,64.6551724137931,73.3333333333333,0.0,0.0,355,62.497,41.968,0.676056338028169,1.5690140845070424,400668,2020-07-28 07:23:53.529000-04:00,2011.0,Massachusetts,No,None
PSAM4NK,866664,4,2,0,0,11,31.95,31.954,0.7272727272727273,2.5454545454545454,79322,2021-01-13 10:44:43.907000-05:00,29,4,0,64.6551724137931,73.3333333333333,0.0,0.0,355,62.497,41.968,0.676056338028169,1.5690140845070424,400668,2020-07-28 07:23:53.529000-04:00,2011.0,Massachusetts,No,None
PSAM4NK,818168,6,4,1,0,35,43.926,68.69,0.5142857142857142,1.4,79322,2021-01-13 10:44:43.907000-05:00,29,4,0,64.6551724137931,73.3333333333333,0.0,0.0,355,62.497,41.968,0.676056338028169,1.5690140845070424,400668,2020-07-28 07:23:53.529000-04:00,2011.0,Massachusetts,No,None
PSAM4NK,802954,3,0,1,0,12,37.0585,109.322,0.3333333333333333,1.8333333333333333,79322,2021-01-13 10:44:43.907000-05:00,29,4,0,64.6551724137931,73.3333333333333,0.0,0.0,355,62.497,41.968,0.676056338028169,1.5690140845070424,400668,2020-07-28 07:23:53.529000-04:00,2011.0,Massachusetts,No,None
PSAM4NK,802855,3,2,1,1,15,36.687,61.519,0.42857142857142855,1.7333333333333334,79322,2021-01-13 10:44:43.907000-05:00,29,4,0,64.6551724137931,73.3333333333333,0.0,0.0,355,62.497,41.968,0.676056338028169,1.5690140845070424,400668,2020-07-28 07:23:53.529000-04:00,2011.0,Massachusetts,No,None
PSAM4NK,802850,3,1,3,1,5,29.604,31.784,0.75,1.4,79322,2021-01-13 10:44:43.907000-05:00,29,4,0,64.6551724137931,73.3333333333333,0.0,0.0,355,62.497,41.968,0.676056338028169,1.5690140845070424,400668,2020-07-28 07:23:53.529000-04:00,2011.0,Massachusetts,No,None
PSAM4NK,802845,3,2,2,2,23,28.733,32.744,0.6666666666666666,1.608695652173913,79322,2021-01-13 10:44:43.907000-05:00,29,4,0,64.6551724137931,73.3333333333333,0.0,0.0,355,62.497,41.968,0.676056338028169,1.5690140845070424,400668,2020-07-28 07:23:53.529000-04:00,2011.0,Massachusetts,No,None
PSAM4NK,802799,3,3,1,0,13,25.516,40.385,0.6923076923076923,2.6153846153846154,79322,2021-01-13 10:44:43.907000-05:00,29,4,0,64.6551724137931,73.3333333333333,0.0,0.0,355,62.497,41.968,0.676056338028169,1.5690140845070424,400668,2020-07-28 07:23:53.529000-04:00,2011.0,Massachusetts,No,None
PSAM4NK,802781,4,4,1,1,17,33.971,44.209,0.75,1.4705882352941175,79322,2021-01-13 10:44:43.907000-05:00,29,4,0,64.6551724137931,73.3333333333333,0.0,0.0,355,62.497,41.968,0.676056338028169,1.5690140845070424,400668,2020-07-28 07:23:53.529000-04:00,2011.0,Massachusetts,No,None
PSAM4NK,802764,6,5,3,2,56,52.711,82.219,0.5740740740740741,1.5178571428571428,79322,2021-01-13 10:44:43.907000-05:00,29,4,0,64.6551724137931,73.3333333333333,0.0,0.0,355,62.497,41.968,0.676056338028169,1.5690140845070424,400668,2020-07-28 07:23:53.529000-04:00,2011.0,Massachusetts,No,None
PSAM4NK,802760,7,6,2,2,47,27.325,47.618,0.7333333333333333,1.4680851063829787,79322,2021-01-13 10:44:43.907000-05:00,29,4,0,64.6551724137931,73.3333333333333,0.0,0.0,355,62.497,41.968,0.676056338028169,1.5690140845070424,400668,2020-07-28 07:23:53.529000-04:00,2011.0,Massachusetts,No,None
PSAM4NK,802524,6,3,4,3,52,54.5085,81.3865,0.5714285714285714,1.7692307692307692,79322,2021-01-13 10:44:43.907000-05:00,29,4,0,64.6551724137931,73.3333333333333,0.0,0.0,355,62.497,41.968,0.676056338028169,1.5690140845070424,400668,2020-07-28 07:23:53.529000-04:00,2011.0,Massachusetts,No,None
PSAM4NK,802495,7,4,3,2,31,48.266,62.201,0.6896551724137931,1.1935483870967742,79322,2021-01-13 10:44:43.907000-05:00,29,4,0,64.6551724137931,73.3333333333333,0.0,0.0,355,62.497,41.968,0.676056338028169,1.5690140845070424,400668,2020-07-28 07:23:53.529000-04:00,2011.0,Massachusetts,No,None
PSAM4NK,802493,5,4,1,1,30,44.288,48.317,0.4482758620689655,1.5333333333333332,79322,2021-01-13 10:44:43.907000-05:00,29,4,0,64.6551724137931,73.3333333333333,0.0,0.0,355,62.497,41.968,0.676056338028169,1.5690140845070424,400668,2020-07-28 07:23:53.529000-04:00,2011.0,Massachusetts,No,None
PSAM4NK,802486,6,4,3,2,40,15.143,21.242,0.6578947368421053,1.525,79322,2021-01-13 10:44:43.907000-05:00,29,4,0,64.6551724137931,73.3333333333333,0.0,0.0,355,62.497,41.968,0.676056338028169,1.5690140845070424,400668,2020-07-28 07:23:53.529000-04:00,2011.0,Massachusetts,No,None
PSAM4NK,802480,7,7,4,4,52,131.689,131.6945,0.8444444444444444,1.1346153846153846,79322,2021-01-13 10:44:43.907000-05:00,29,4,0,64.6551724137931,73.3333333333333,0.0,0.0,355,62.497,41.968,0.676056338028169,1.5690140845070424,400668,2020-07-28 07:23:53.529000-04:00,2011.0,Massachusetts,No,None
PSAM4NK,802476,7,5,1,1,36,60.2535,140.503,0.5714285714285714,2.138888888888889,79322,2021-01-13 10:44:43.907000-05:00,29,4,0,64.6551724137931,73.3333333333333,0.0,0.0,355,62.497,41.968,0.676056338028169,1.5690140845070424,400668,2020-07-28 07:23:53.529000-04:00,2011.0,Massachusetts,No,None
PSAM4NK,802475,6,5,3,3,44,40.798,52.359,0.7105263157894737,1.6136363636363635,79322,2021-01-13 10:44:43.907000-05:00,29,4,0,64.6551724137931,73.3333333333333,0.0,0.0,355,62.497,41.968,0.676056338028169,1.5690140845070424,400668,2020-07-28 07:23:53.529000-04:00,2011.0,Massachusetts,No,None
PSAM4NK,802474,8,6,4,4,60,55.144,77.219,0.6226415094339622,1.4166666666666667,79322,2021-01-13 10:44:43.907000-05:00,29,4,0,64.6551724137931,73.3333333333333,0.0,0.0,355,62.497,41.968,0.676056338028169,1.5690140845070424,400668,2020-07-28 07:23:53.529000-04:00,2011.0,Massachusetts,No,None
PSAM4NK,802468,8,5,4,1,36,82.5035,102.3955,0.6857142857142857,1.277777777777778,79322,2021-01-13 10:44:43.907000-05:00,29,4,0,64.6551724137931,73.3333333333333,0.0,0.0,355,62.497,41.968,0.676056338028169,1.5690140845070424,400668,2020-07-28 07:23:53.529000-04:00,2011.0,Massachusetts,No,None
PSAM4NK,802466,6,5,1,1,31,43.955,53.21,0.7333333333333333,1.4193548387096775,79322,2021-01-13 10:44:43.907000-05:00,29,4,0,64.6551724137931,73.3333333333333,0.0,0.0,355,62.497,41.968,0.676056338028169,1.5690140845070424,400668,2020-07-28 07:23:53.529000-04:00,2011.0,Massachusetts,No,None
PSAM4NK,802463,7,7,2,2,40,21.633,33.154,0.7368421052631579,1.25,79322,2021-01-13 10:44:43.907000-05:00,29,4,0,64.6551724137931,73.3333333333333,0.0,0.0,355,62.497,41.968,0.676056338028169,1.5690140845070424,400668,2020-07-28 07:23:53.529000-04:00,2011.0,Massachusetts,No,None
PSAM4NK,756056,5,3,32,32,148,50.311,60.1745,0.6746987951807228,1.2297297297297296,79322,2021-01-13 10:44:43.907000-05:00,29,4,0,64.6551724137931,73.3333333333333,0.0,0.0,355,62.497,41.968,0.676056338028169,1.5690140845070424,400668,2020-07-28 07:23:53.529000-04:00,2011.0,Massachusetts,No,None
PSAM4NK,988696,3,3,0,0,14,36.827,51.6015,0.7857142857142857,1.4285714285714286,79322,2021-01-13 10:44:43.907000-05:00,29,4,0,64.6551724137931,73.3333333333333,0.0,0.0,355,62.497,41.968,0.676056338028169,1.5690140845070424,400668,2020-07-28 07:23:53.529000-04:00,2011.0,Massachusetts,No,None
PSAM4NK,973391,7,7,0,0,67,33.35,38.191,0.5373134328358209,1.537313432835821,79703,2021-01-19 10:55:07.067000-05:00,12,7,0,79.7619047619048,83.5820895522388,0.0,0.0,504,48.3025,32.372,0.5099206349206349,1.753968253968254,131325,2020-03-19 21:22:52.192000-04:00,,,,
PSAM4NK,965226,7,7,7,6,143,47.475,65.028,0.47058823529411764,1.6503496503496502,79703,2021-01-19 10:55:07.067000-05:00,12,7,0,79.7619047619048,83.5820895522388,0.0,0.0,504,48.3025,32.372,0.5099206349206349,1.753968253968254,131325,2020-03-19 21:22:52.192000-04:00,,,,
PSAM4NK,403839,7,7,0,0,94,32.2265,58.3725,0.46808510638297873,1.7127659574468086,79703,2021-01-19 10:55:07.067000-05:00,12,7,0,79.7619047619048,83.5820895522388,0.0,0.0,504,48.3025,32.372,0.5099206349206349,1.753968253968254,131325,2020-03-19 21:22:52.192000-04:00,,,,
PSAM4NK,965219,12,10,7,5,119,24.936,31.989,0.5894736842105263,1.352941176470588,79703,2021-01-19 10:55:07.067000-05:00,12,7,0,79.7619047619048,83.5820895522388,0.0,0.0,504,48.3025,32.372,0.5099206349206349,1.753968253968254,131325,2020-03-19 21:22:52.192000-04:00,,,,
PSAM4NK,964957,7,4,9,3,84,31.612,47.967,0.47297297297297297,1.6666666666666667,79703,2021-01-19 10:55:07.067000-05:00,12,7,0,79.7619047619048,83.5820895522388,0.0,0.0,504,48.3025,32.372,0.5099206349206349,1.753968253968254,131325,2020-03-19 21:22:52.192000-04:00,,,,
PSAM4NK,992930,0,0,0,0,0,,,,,81826,2021-02-18 08:53:35.212000-05:00,10,2,2,,0.0,,0.0,0,,,,,132849,2020-03-20 12:43:41.974000-04:00,1300.0,North Carolina,Contiguous,None
PSAM4NK,992929,0,0,0,0,0,,,,,81826,2021-02-18 08:53:35.212000-05:00,10,2,2,,0.0,,0.0,0,,,,,132849,2020-03-20 12:43:41.974000-04:00,1300.0,North Carolina,Contiguous,None
PSAM4NK,914617,5,5,0,0,24,10.352,13.1705,0.75,1.4583333333333333,82480,2021-03-04 13:17:27.650000-05:00,10,0,0,0.0,0.0,0.0,0.0,0,,,,,882448,2020-10-21 15:49:22.185000-04:00,,,,
PSAM4NK,914680,6,4,0,0,23,20.112,27.741,0.8695652173913043,1.1304347826086958,82480,2021-03-04 13:17:27.650000-05:00,10,0,0,0.0,0.0,0.0,0.0,0,,,,,882448,2020-10-21 15:49:22.185000-04:00,,,,
PSAM4NK,911853,6,6,0,0,29,23.56,29.503,0.7241379310344828,1.6896551724137931,82480,2021-03-04 13:17:27.650000-05:00,10,0,0,0.0,0.0,0.0,0.0,0,,,,,882448,2020-10-21 15:49:22.185000-04:00,,,,
PSAM4NK,911845,5,5,1,0,28,15.4765,30.595,0.7307692307692307,1.4642857142857142,82480,2021-03-04 13:17:27.650000-05:00,10,0,0,0.0,0.0,0.0,0.0,0,,,,,882448,2020-10-21 15:49:22.185000-04:00,,,,
PSAM4NK,914658,6,3,0,0,46,4.2585,12.076,0.2391304347826087,2.4130434782608696,82480,2021-03-04 13:17:27.650000-05:00,10,0,0,0.0,0.0,0.0,0.0,0,,,,,882448,2020-10-21 15:49:22.185000-04:00,,,,
PSAM4NK,914654,7,3,0,0,24,16.4105,28.3195,0.6666666666666666,1.625,82480,2021-03-04 13:17:27.650000-05:00,10,0,0,0.0,0.0,0.0,0.0,0,,,,,882448,2020-10-21 15:49:22.185000-04:00,,,,
PSAM4NK,921977,1,1,0,0,3,11.395,11.404,1.0,1.0,82480,2021-03-04 13:17:27.650000-05:00,10,0,0,0.0,0.0,0.0,0.0,0,,,,,882448,2020-10-21 15:49:22.185000-04:00,,,,
PSAM4NK,895502,6,5,0,0,22,10.829,11.5295,0.8181818181818182,1.2727272727272727,82480,2021-03-04 13:17:27.650000-05:00,10,0,0,0.0,0.0,0.0,0.0,0,,,,,882448,2020-10-21 15:49:22.185000-04:00,,,,
PSAM4NK,913524,4,2,0,0,24,26.382,38.4085,0.625,1.875,82481,2021-03-04 13:17:27.678000-05:00,16,0,0,0.0,0.0,0.0,0.0,0,,,,,882448,2020-10-21 15:49:22.185000-04:00,,,,
PSAM4NK,891281,8,8,1,1,43,15.829,25.725,0.7209302325581395,1.2790697674418605,82481,2021-03-04 13:17:27.678000-05:00,16,0,0,0.0,0.0,0.0,0.0,0,,,,,882448,2020-10-21 15:49:22.185000-04:00,,,,
PSAM4NK,918011,4,3,1,1,41,12.078,22.486,0.6285714285714286,1.7317073170731707,82481,2021-03-04 13:17:27.678000-05:00,16,0,0,0.0,0.0,0.0,0.0,0,,,,,882448,2020-10-21 15:49:22.185000-04:00,,,,
PSAM4NK,890874,4,3,1,0,23,14.288,15.438,0.6086956521739131,1.608695652173913,82481,2021-03-04 13:17:27.678000-05:00,16,0,0,0.0,0.0,0.0,0.0,0,,,,,882448,2020-10-21 15:49:22.185000-04:00,,,,
PSAM4NK,910583,3,3,0,0,13,13.789,13.793,0.7692307692307693,1.3076923076923077,82481,2021-03-04 13:17:27.678000-05:00,16,0,0,0.0,0.0,0.0,0.0,0,,,,,882448,2020-10-21 15:49:22.185000-04:00,,,,
PSAM4NK,910616,3,3,0,0,23,13.958,19.258,0.5217391304347826,2.0,82481,2021-03-04 13:17:27.678000-05:00,16,0,0,0.0,0.0,0.0,0.0,0,,,,,882448,2020-10-21 15:49:22.185000-04:00,,,,
PSAM4NK,890757,5,2,1,1,23,33.877,55.979,0.43478260869565216,2.3478260869565215,82481,2021-03-04 13:17:27.678000-05:00,16,0,0,0.0,0.0,0.0,0.0,0,,,,,882448,2020-10-21 15:49:22.185000-04:00,,,,
PSAM4NK,895594,5,4,2,1,41,30.309,35.887,0.6,1.5609756097560976,82481,2021-03-04 13:17:27.678000-05:00,16,0,0,0.0,0.0,0.0,0.0,0,,,,,882448,2020-10-21 15:49:22.185000-04:00,,,,
PSAM4NK,891534,3,3,1,1,18,15.2705,17.1785,0.7222222222222222,1.5,82481,2021-03-04 13:17:27.678000-05:00,16,0,0,0.0,0.0,0.0,0.0,0,,,,,882448,2020-10-21 15:49:22.185000-04:00,,,,
PSAM4NK,893304,5,4,2,2,45,26.498,30.493,0.6666666666666666,1.488888888888889,82481,2021-03-04 13:17:27.678000-05:00,16,0,0,0.0,0.0,0.0,0.0,0,,,,,882448,2020-10-21 15:49:22.185000-04:00,,,,
PSAM4NK,910582,1,1,0,0,8,81.773,96.7645,0.75,1.375,82481,2021-03-04 13:17:27.678000-05:00,16,0,0,0.0,0.0,0.0,0.0,0,,,,,882448,2020-10-21 15:49:22.185000-04:00,,,,
PSAM4NK,893206,6,6,1,1,30,11.1645,12.8175,0.7666666666666667,1.3,82481,2021-03-04 13:17:27.678000-05:00,16,0,0,0.0,0.0,0.0,0.0,0,,,,,882448,2020-10-21 15:49:22.185000-04:00,,,,
PSAM4NK,893202,4,4,2,1,35,31.197,38.419,0.6333333333333333,1.342857142857143,82481,2021-03-04 13:17:27.678000-05:00,16,0,0,0.0,0.0,0.0,0.0,0,,,,,882448,2020-10-21 15:49:22.185000-04:00,,,,
PSAM4NK,931417,5,5,0,0,24,45.036,45.043,0.75,1.3333333333333333,82481,2021-03-04 13:17:27.678000-05:00,16,0,0,0.0,0.0,0.0,0.0,0,,,,,882448,2020-10-21 15:49:22.185000-04:00,,,,
PSAM4NK,891694,5,5,1,1,28,20.5975,20.857,0.6428571428571429,1.5357142857142858,82482,2021-03-04 13:17:27.705000-05:00,17,0,0,0.0,0.0,0.0,0.0,0,,,,,882448,2020-10-21 15:49:22.185000-04:00,,,,
PSAM4NK,913398,5,5,0,0,23,12.131,31.319,0.6521739130434783,1.2173913043478262,82482,2021-03-04 13:17:27.705000-05:00,17,0,0,0.0,0.0,0.0,0.0,0,,,,,882448,2020-10-21 15:49:22.185000-04:00,,,,
PSAM4NK,910416,4,4,0,0,17,13.302,21.763,0.7058823529411765,1.5882352941176472,82482,2021-03-04 13:17:27.705000-05:00,17,0,0,0.0,0.0,0.0,0.0,0,,,,,882448,2020-10-21 15:49:22.185000-04:00,,,,
PSAM4NK,910414,5,5,0,0,27,33.316,46.757,0.6296296296296297,1.1851851851851851,82482,2021-03-04 13:17:27.705000-05:00,17,0,0,0.0,0.0,0.0,0.0,0,,,,,882448,2020-10-21 15:49:22.185000-04:00,,,,
PSAM4NK,910413,4,4,0,0,19,20.209,20.213,0.7368421052631579,1.1578947368421053,82482,2021-03-04 13:17:27.705000-05:00,17,0,0,0.0,0.0,0.0,0.0,0,,,,,882448,2020-10-21 15:49:22.185000-04:00,,,,
PSAM4NK,910412,5,5,0,0,23,44.985,47.542,0.782608695652174,1.2173913043478262,82482,2021-03-04 13:17:27.705000-05:00,17,0,0,0.0,0.0,0.0,0.0,0,,,,,882448,2020-10-21 15:49:22.185000-04:00,,,,
PSAM4NK,910411,5,5,0,0,22,286.267,301.394,0.7272727272727273,1.3636363636363635,82482,2021-03-04 13:17:27.705000-05:00,17,0,0,0.0,0.0,0.0,0.0,0,,,,,882448,2020-10-21 15:49:22.185000-04:00,,,,
PSAM4NK,891700,6,6,1,1,26,65.7895,74.4775,0.8076923076923077,1.1923076923076923,82482,2021-03-04 13:17:27.705000-05:00,17,0,0,0.0,0.0,0.0,0.0,0,,,,,882448,2020-10-21 15:49:22.185000-04:00,,,,
PSAM4NK,891346,5,4,1,0,25,12.171,29.043,0.68,1.72,82482,2021-03-04 13:17:27.705000-05:00,17,0,0,0.0,0.0,0.0,0.0,0,,,,,882448,2020-10-21 15:49:22.185000-04:00,,,,
PSAM4NK,891278,5,5,0,0,27,14.743,20.552,0.7407407407407407,1.3333333333333333,82482,2021-03-04 13:17:27.705000-05:00,17,0,0,0.0,0.0,0.0,0.0,0,,,,,882448,2020-10-21 15:49:22.185000-04:00,,,,
PSAM4NK,891271,3,3,1,1,16,38.568,40.012,0.625,2.0,82482,2021-03-04 13:17:27.705000-05:00,17,0,0,0.0,0.0,0.0,0.0,0,,,,,882448,2020-10-21 15:49:22.185000-04:00,,,,
PSAM4NK,891040,5,5,1,0,21,30.549,30.557,0.9047619047619048,1.1904761904761905,82482,2021-03-04 13:17:27.705000-05:00,17,0,0,0.0,0.0,0.0,0.0,0,,,,,882448,2020-10-21 15:49:22.185000-04:00,,,,
PSAM4NK,891013,5,3,2,2,46,25.1555,30.4355,0.625,1.608695652173913,82482,2021-03-04 13:17:27.705000-05:00,17,0,0,0.0,0.0,0.0,0.0,0,,,,,882448,2020-10-21 15:49:22.185000-04:00,,,,
PSAM4NK,890962,5,5,0,0,44,15.131,25.1615,0.5454545454545454,2.659090909090909,82482,2021-03-04 13:17:27.705000-05:00,17,0,0,0.0,0.0,0.0,0.0,0,,,,,882448,2020-10-21 15:49:22.185000-04:00,,,,
PSAM4NK,890817,6,6,1,1,36,9.3325,10.107,0.6944444444444444,1.6388888888888888,82482,2021-03-04 13:17:27.705000-05:00,17,0,0,0.0,0.0,0.0,0.0,0,,,,,882448,2020-10-21 15:49:22.185000-04:00,,,,
PSAM4NK,890760,5,5,1,1,22,39.159,42.338,0.8181818181818182,1.1818181818181819,82482,2021-03-04 13:17:27.705000-05:00,17,0,0,0.0,0.0,0.0,0.0,0,,,,,882448,2020-10-21 15:49:22.185000-04:00,,,,
PSAM4NK,1005507,17,17,0,0,107,28.668,34.646,0.7570093457943925,1.205607476635514,83075,2021-03-18 14:30:24.542000-04:00,4,15,0,36.6666666666667,90.9090909090909,0.0,0.0,98,28.65,26.6255,0.8163265306122449,1.2857142857142858,1005275,2021-03-18 14:19:11.134000-04:00,2151.0,Tennessee,No,None
PSAM4NK,1005543,9,4,0,0,18,70.954,70.96,0.8333333333333334,1.0555555555555556,83076,2021-03-18 14:30:24.561000-04:00,17,15,0,6.66666666666667,64.7058823529412,0.0,0.0,22,22.9755,17.467,0.8636363636363636,1.1363636363636365,1005275,2021-03-18 14:19:11.134000-04:00,2151.0,Tennessee,No,None
PSAM4NK,1005523,5,3,0,0,9,44.61,58.165,0.7777777777777778,1.5555555555555556,83077,2021-03-18 14:30:24.567000-04:00,24,15,0,16.6666666666667,80.0,0.0,0.0,183,24.488,21.07,0.8142076502732241,1.2568306010928962,1005275,2021-03-18 14:19:11.134000-04:00,2151.0,Tennessee,No,None
PSAM4NK,1005524,2,2,0,0,8,31.084,33.1855,0.75,1.25,83077,2021-03-18 14:30:24.567000-04:00,24,15,0,16.6666666666667,80.0,0.0,0.0,183,24.488,21.07,0.8142076502732241,1.2568306010928962,1005275,2021-03-18 14:19:11.134000-04:00,2151.0,Tennessee,No,None
PSAM4NK,1005526,2,2,0,0,7,14.193,14.201,0.8571428571428571,1.5714285714285714,83077,2021-03-18 14:30:24.567000-04:00,24,15,0,16.6666666666667,80.0,0.0,0.0,183,24.488,21.07,0.8142076502732241,1.2568306010928962,1005275,2021-03-18 14:19:11.134000-04:00,2151.0,Tennessee,No,None
PSAM4NK,1005527,8,7,0,0,26,38.5685,44.954,0.8076923076923077,1.1923076923076923,83077,2021-03-18 14:30:24.567000-04:00,24,15,0,16.6666666666667,80.0,0.0,0.0,183,24.488,21.07,0.8142076502732241,1.2568306010928962,1005275,2021-03-18 14:19:11.134000-04:00,2151.0,Tennessee,No,None
PSAM4NK,1005530,3,1,0,0,5,25.461,25.464,1.0,1.0,83077,2021-03-18 14:30:24.567000-04:00,24,15,0,16.6666666666667,80.0,0.0,0.0,183,24.488,21.07,0.8142076502732241,1.2568306010928962,1005275,2021-03-18 14:19:11.134000-04:00,2151.0,Tennessee,No,None
PSAM4NK,1006763,5,5,0,0,30,24.046,44.4155,0.6333333333333333,1.6,83077,2021-03-18 14:30:24.567000-04:00,24,15,0,16.6666666666667,80.0,0.0,0.0,183,24.488,21.07,0.8142076502732241,1.2568306010928962,1005275,2021-03-18 14:19:11.134000-04:00,2151.0,Tennessee,No,None
PSAM4NK,1005519,6,6,0,0,29,10.588,13.031,0.7241379310344828,1.3793103448275863,83077,2021-03-18 14:30:24.567000-04:00,24,15,0,16.6666666666667,80.0,0.0,0.0,183,24.488,21.07,0.8142076502732241,1.2568306010928962,1005275,2021-03-18 14:19:11.134000-04:00,2151.0,Tennessee,No,None
PSAM4NK,1005522,17,8,0,0,52,38.786,59.5395,0.6153846153846154,1.6153846153846154,83077,2021-03-18 14:30:24.567000-04:00,24,15,0,16.6666666666667,80.0,0.0,0.0,183,24.488,21.07,0.8142076502732241,1.2568306010928962,1005275,2021-03-18 14:19:11.134000-04:00,2151.0,Tennessee,No,None
PSAM4NK,1005550,7,5,0,0,26,11.2015,11.9295,0.8076923076923077,1.2692307692307692,83077,2021-03-18 14:30:24.567000-04:00,24,15,0,16.6666666666667,80.0,0.0,0.0,183,24.488,21.07,0.8142076502732241,1.2568306010928962,1005275,2021-03-18 14:19:11.134000-04:00,2151.0,Tennessee,No,None
PSAM4NK,1005546,5,3,0,0,11,8.221,8.416,0.8181818181818182,1.2727272727272727,83077,2021-03-18 14:30:24.567000-04:00,24,15,0,16.6666666666667,80.0,0.0,0.0,183,24.488,21.07,0.8142076502732241,1.2568306010928962,1005275,2021-03-18 14:19:11.134000-04:00,2151.0,Tennessee,No,None
PSAM4NK,1005411,15,11,0,0,35,33.52,33.524,0.9142857142857143,1.1714285714285715,83077,2021-03-18 14:30:24.567000-04:00,24,15,0,16.6666666666667,80.0,0.0,0.0,183,24.488,21.07,0.8142076502732241,1.2568306010928962,1005275,2021-03-18 14:19:11.134000-04:00,2151.0,Tennessee,No,None
PSAM4NK,1006930,15,15,0,0,68,34.367,35.969,0.7352941176470589,1.3823529411764706,83077,2021-03-18 14:30:24.567000-04:00,24,15,0,16.6666666666667,80.0,0.0,0.0,183,24.488,21.07,0.8142076502732241,1.2568306010928962,1005275,2021-03-18 14:19:11.134000-04:00,2151.0,Tennessee,No,None
PSAM4NK,1005885,12,10,0,0,36,20.634,26.5145,0.75,1.3055555555555556,83077,2021-03-18 14:30:24.567000-04:00,24,15,0,16.6666666666667,80.0,0.0,0.0,183,24.488,21.07,0.8142076502732241,1.2568306010928962,1005275,2021-03-18 14:19:11.134000-04:00,2151.0,Tennessee,No,None
PSAM4NK,1005517,25,25,0,0,114,17.3985,19.1275,0.7894736842105263,1.4385964912280702,83077,2021-03-18 14:30:24.567000-04:00,24,15,0,16.6666666666667,80.0,0.0,0.0,183,24.488,21.07,0.8142076502732241,1.2568306010928962,1005275,2021-03-18 14:19:11.134000-04:00,2151.0,Tennessee,No,None
PSAM4NK,1005521,3,3,0,0,10,16.1105,17.0805,0.9,1.4,83077,2021-03-18 14:30:24.567000-04:00,24,15,0,16.6666666666667,80.0,0.0,0.0,183,24.488,21.07,0.8142076502732241,1.2568306010928962,1005275,2021-03-18 14:19:11.134000-04:00,2151.0,Tennessee,No,None
PSAM4NK,1005873,9,9,0,0,31,17.459,17.463,0.9354838709677419,1.032258064516129,83078,2021-03-18 14:30:24.582000-04:00,20,15,0,25.3333333333333,97.3684210526316,0.0,0.0,325,18.512,16.864,0.8061538461538461,1.2338461538461538,1005275,2021-03-18 14:19:11.134000-04:00,2151.0,Tennessee,No,None
PSAM4NK,1006888,12,11,0,0,43,21.229,21.54,0.7441860465116279,1.186046511627907,83078,2021-03-18 14:30:24.582000-04:00,20,15,0,25.3333333333333,97.3684210526316,0.0,0.0,325,18.512,16.864,0.8061538461538461,1.2338461538461538,1005275,2021-03-18 14:19:11.134000-04:00,2151.0,Tennessee,No,None
PSAM4NK,1006890,5,5,0,0,17,24.804,24.807,0.8823529411764706,1.0588235294117647,83078,2021-03-18 14:30:24.582000-04:00,20,15,0,25.3333333333333,97.3684210526316,0.0,0.0,325,18.512,16.864,0.8061538461538461,1.2338461538461538,1005275,2021-03-18 14:19:11.134000-04:00,2151.0,Tennessee,No,None
PSAM4NK,1006897,15,13,0,0,79,20.323,25.045,0.6708860759493671,1.430379746835443,83078,2021-03-18 14:30:24.582000-04:00,20,15,0,25.3333333333333,97.3684210526316,0.0,0.0,325,18.512,16.864,0.8061538461538461,1.2338461538461538,1005275,2021-03-18 14:19:11.134000-04:00,2151.0,Tennessee,No,None
PSAM4NK,1005863,13,13,0,0,67,24.229,25.937,0.746268656716418,1.328358208955224,83078,2021-03-18 14:30:24.582000-04:00,20,15,0,25.3333333333333,97.3684210526316,0.0,0.0,325,18.512,16.864,0.8061538461538461,1.2338461538461538,1005275,2021-03-18 14:19:11.134000-04:00,2151.0,Tennessee,No,None
PSAM4NK,1005861,15,15,0,0,51,14.831,15.143,0.8823529411764706,1.1764705882352942,83078,2021-03-18 14:30:24.582000-04:00,20,15,0,25.3333333333333,97.3684210526316,0.0,0.0,325,18.512,16.864,0.8061538461538461,1.2338461538461538,1005275,2021-03-18 14:19:11.134000-04:00,2151.0,Tennessee,No,None
PSAM4NK,1005860,4,3,0,0,18,8.883,18.2945,0.5,1.1111111111111112,83078,2021-03-18 14:30:24.582000-04:00,20,15,0,25.3333333333333,97.3684210526316,0.0,0.0,325,18.512,16.864,0.8061538461538461,1.2338461538461538,1005275,2021-03-18 14:19:11.134000-04:00,2151.0,Tennessee,No,None
PSAM4NK,1005858,15,15,0,0,66,12.5505,13.2755,0.8939393939393939,1.0757575757575757,83078,2021-03-18 14:30:24.582000-04:00,20,15,0,25.3333333333333,97.3684210526316,0.0,0.0,325,18.512,16.864,0.8061538461538461,1.2338461538461538,1005275,2021-03-18 14:19:11.134000-04:00,2151.0,Tennessee,No,None
PSAM4NK,1005500,15,15,0,0,90,13.7725,16.9005,0.7888888888888889,1.1777777777777778,83078,2021-03-18 14:30:24.582000-04:00,20,15,0,25.3333333333333,97.3684210526316,0.0,0.0,325,18.512,16.864,0.8061538461538461,1.2338461538461538,1005275,2021-03-18 14:19:11.134000-04:00,2151.0,Tennessee,No,None
PSAM4NK,1005867,20,20,0,0,112,20.5125,25.747,0.7410714285714286,1.1785714285714286,83078,2021-03-18 14:30:24.582000-04:00,20,15,0,25.3333333333333,97.3684210526316,0.0,0.0,325,18.512,16.864,0.8061538461538461,1.2338461538461538,1005275,2021-03-18 14:19:11.134000-04:00,2151.0,Tennessee,No,None
PSAM4NK,1005866,13,13,0,0,34,21.789,21.793,0.9411764705882353,1.0294117647058825,83078,2021-03-18 14:30:24.582000-04:00,20,15,0,25.3333333333333,97.3684210526316,0.0,0.0,325,18.512,16.864,0.8061538461538461,1.2338461538461538,1005275,2021-03-18 14:19:11.134000-04:00,2151.0,Tennessee,No,None
PSAM4NK,1006794,10,5,0,0,39,36.817,45.682,0.5897435897435898,1.8205128205128205,83079,2021-03-18 14:30:24.587000-04:00,14,15,0,7.14285714285714,80.0,0.0,0.0,14,16.3585,16.3515,0.7142857142857143,1.2142857142857142,1005275,2021-03-18 14:19:11.134000-04:00,2151.0,Tennessee,No,None
PSAM4NK,1005426,15,12,0,0,90,28.0225,35.0715,0.6666666666666666,1.6222222222222222,83079,2021-03-18 14:30:24.587000-04:00,14,15,0,7.14285714285714,80.0,0.0,0.0,14,16.3585,16.3515,0.7142857142857143,1.2142857142857142,1005275,2021-03-18 14:19:11.134000-04:00,2151.0,Tennessee,No,None
PSAM4NK,1005432,6,2,0,0,23,42.683,52.847,0.5217391304347826,1.7391304347826086,83079,2021-03-18 14:30:24.587000-04:00,14,15,0,7.14285714285714,80.0,0.0,0.0,14,16.3585,16.3515,0.7142857142857143,1.2142857142857142,1005275,2021-03-18 14:19:11.134000-04:00,2151.0,Tennessee,No,None
PSAM4NK,1005433,15,11,0,0,102,26.402,40.176,0.5392156862745098,1.7549019607843137,83079,2021-03-18 14:30:24.587000-04:00,14,15,0,7.14285714285714,80.0,0.0,0.0,14,16.3585,16.3515,0.7142857142857143,1.2142857142857142,1005275,2021-03-18 14:19:11.134000-04:00,2151.0,Tennessee,No,None
PSAM4NK,1005434,5,4,0,0,28,55.6135,69.639,0.6071428571428571,1.6428571428571428,83079,2021-03-18 14:30:24.587000-04:00,14,15,0,7.14285714285714,80.0,0.0,0.0,14,16.3585,16.3515,0.7142857142857143,1.2142857142857142,1005275,2021-03-18 14:19:11.134000-04:00,2151.0,Tennessee,No,None
PSAM4NK,1005435,7,4,0,0,27,76.841,104.464,0.48148148148148145,1.8148148148148149,83079,2021-03-18 14:30:24.587000-04:00,14,15,0,7.14285714285714,80.0,0.0,0.0,14,16.3585,16.3515,0.7142857142857143,1.2142857142857142,1005275,2021-03-18 14:19:11.134000-04:00,2151.0,Tennessee,No,None
PSAM4NK,1005436,14,13,0,0,101,24.866,36.919,0.5841584158415841,1.9108910891089108,83079,2021-03-18 14:30:24.587000-04:00,14,15,0,7.14285714285714,80.0,0.0,0.0,14,16.3585,16.3515,0.7142857142857143,1.2142857142857142,1005275,2021-03-18 14:19:11.134000-04:00,2151.0,Tennessee,No,None
PSAM4NK,1006978,3,3,0,0,25,20.147,20.727,0.6,1.32,83080,2021-03-18 14:30:24.590000-04:00,18,15,0,2.59259259259259,57.1428571428571,0.0,0.0,28,21.1055,18.9745,0.5714285714285714,1.4642857142857142,1005275,2021-03-18 14:19:11.134000-04:00,2151.0,Tennessee,No,None
PSAM4NK,1005739,7,7,0,0,36,11.604,15.6315,0.7222222222222222,1.277777777777778,83080,2021-03-18 14:30:24.590000-04:00,18,15,0,2.59259259259259,57.1428571428571,0.0,0.0,28,21.1055,18.9745,0.5714285714285714,1.4642857142857142,1005275,2021-03-18 14:19:11.134000-04:00,2151.0,Tennessee,No,None
PSAM4NK,1005759,4,3,0,0,29,17.862,25.317,0.6896551724137931,1.2758620689655171,83080,2021-03-18 14:30:24.590000-04:00,18,15,0,2.59259259259259,57.1428571428571,0.0,0.0,28,21.1055,18.9745,0.5714285714285714,1.4642857142857142,1005275,2021-03-18 14:19:11.134000-04:00,2151.0,Tennessee,No,None
PSAM4NK,1006761,5,4,0,0,18,22.7425,22.753,0.8333333333333334,1.277777777777778,83080,2021-03-18 14:30:24.590000-04:00,18,15,0,2.59259259259259,57.1428571428571,0.0,0.0,28,21.1055,18.9745,0.5714285714285714,1.4642857142857142,1005275,2021-03-18 14:19:11.134000-04:00,2151.0,Tennessee,No,None
PSAM4NK,1006764,3,2,0,0,16,48.8885,48.893,0.75,0.8125,83080,2021-03-18 14:30:24.590000-04:00,18,15,0,2.59259259259259,57.1428571428571,0.0,0.0,28,21.1055,18.9745,0.5714285714285714,1.4642857142857142,1005275,2021-03-18 14:19:11.134000-04:00,2151.0,Tennessee,No,None
PSAM4NK,1006756,4,1,0,0,36,17.8605,25.186,0.5555555555555556,1.4166666666666667,83080,2021-03-18 14:30:24.590000-04:00,18,15,0,2.59259259259259,57.1428571428571,0.0,0.0,28,21.1055,18.9745,0.5714285714285714,1.4642857142857142,1005275,2021-03-18 14:19:11.134000-04:00,2151.0,Tennessee,No,None
PSAM4NK,1006757,3,3,0,0,60,13.1015,19.2085,0.5,1.7833333333333332,83080,2021-03-18 14:30:24.590000-04:00,18,15,0,2.59259259259259,57.1428571428571,0.0,0.0,28,21.1055,18.9745,0.5714285714285714,1.4642857142857142,1005275,2021-03-18 14:19:11.134000-04:00,2151.0,Tennessee,No,None
PSAM4NK,1006759,3,2,0,0,27,20.532,19.863,0.7037037037037037,1.0740740740740742,83080,2021-03-18 14:30:24.590000-04:00,18,15,0,2.59259259259259,57.1428571428571,0.0,0.0,28,21.1055,18.9745,0.5714285714285714,1.4642857142857142,1005275,2021-03-18 14:19:11.134000-04:00,2151.0,Tennessee,No,None
PSAM4NK,1006760,4,2,0,0,14,41.295,80.27,0.6428571428571429,1.5714285714285714,83080,2021-03-18 14:30:24.590000-04:00,18,15,0,2.59259259259259,57.1428571428571,0.0,0.0,28,21.1055,18.9745,0.5714285714285714,1.4642857142857142,1005275,2021-03-18 14:19:11.134000-04:00,2151.0,Tennessee,No,None
PSAM4NK,1006772,5,4,0,0,20,23.3505,23.3535,0.7,1.25,83080,2021-03-18 14:30:24.590000-04:00,18,15,0,2.59259259259259,57.1428571428571,0.0,0.0,28,21.1055,18.9745,0.5714285714285714,1.4642857142857142,1005275,2021-03-18 14:19:11.134000-04:00,2151.0,Tennessee,No,None
PSAM4NK,778273,19,19,12,12,157,30.211,34.253,0.8246753246753247,1.2356687898089171,83538,2021-04-05 13:05:05.274000-04:00,20,2,2,82.5,93.9393939393939,82.5,78.7878787878788,377,38.738,36.623,0.7055702917771883,1.4111405835543767,64904,2019-10-16 11:07:33.813000-04:00,902.0,Massachusetts,No,None
PSAM4NK,752433,22,22,14,14,190,22.9215,25.207,0.7807486631016043,1.3105263157894738,83538,2021-04-05 13:05:05.274000-04:00,20,2,2,82.5,93.9393939393939,82.5,78.7878787878788,377,38.738,36.623,0.7055702917771883,1.4111405835543767,64904,2019-10-16 11:07:33.813000-04:00,902.0,Massachusetts,No,None
PSAM4NK,776096,21,19,13,13,206,26.7305,32.298,0.6798029556650246,1.4757281553398058,83538,2021-04-05 13:05:05.274000-04:00,20,2,2,82.5,93.9393939393939,82.5,78.7878787878788,377,38.738,36.623,0.7055702917771883,1.4111405835543767,64904,2019-10-16 11:07:33.813000-04:00,902.0,Massachusetts,No,None
PSAM4NK,752450,21,18,14,14,214,24.3915,27.583,0.5734597156398105,1.602803738317757,83538,2021-04-05 13:05:05.274000-04:00,20,2,2,82.5,93.9393939393939,82.5,78.7878787878788,377,38.738,36.623,0.7055702917771883,1.4111405835543767,64904,2019-10-16 11:07:33.813000-04:00,902.0,Massachusetts,No,None
PSAM4NK,752457,22,19,14,13,191,46.685,49.213,0.6702127659574468,1.5340314136125655,83538,2021-04-05 13:05:05.274000-04:00,20,2,2,82.5,93.9393939393939,82.5,78.7878787878788,377,38.738,36.623,0.7055702917771883,1.4111405835543767,64904,2019-10-16 11:07:33.813000-04:00,902.0,Massachusetts,No,None
PSAM4NK,752527,19,14,14,11,152,26.687,31.7485,0.5100671140939598,1.638157894736842,83538,2021-04-05 13:05:05.274000-04:00,20,2,2,82.5,93.9393939393939,82.5,78.7878787878788,377,38.738,36.623,0.7055702917771883,1.4111405835543767,64904,2019-10-16 11:07:33.813000-04:00,902.0,Massachusetts,No,None
PSAM4NK,775661,22,22,13,13,194,36.293,43.0335,0.7277486910994765,1.3762886597938144,83538,2021-04-05 13:05:05.274000-04:00,20,2,2,82.5,93.9393939393939,82.5,78.7878787878788,377,38.738,36.623,0.7055702917771883,1.4111405835543767,64904,2019-10-16 11:07:33.813000-04:00,902.0,Massachusetts,No,None
PSAM4NK,775531,20,20,10,10,150,52.9015,57.397,0.7346938775510204,1.4333333333333333,83538,2021-04-05 13:05:05.274000-04:00,20,2,2,82.5,93.9393939393939,82.5,78.7878787878788,377,38.738,36.623,0.7055702917771883,1.4111405835543767,64904,2019-10-16 11:07:33.813000-04:00,902.0,Massachusetts,No,None
PSAM4NK,775322,22,21,14,13,202,23.3765,28.1035,0.7085427135678392,1.504950495049505,83538,2021-04-05 13:05:05.274000-04:00,20,2,2,82.5,93.9393939393939,82.5,78.7878787878788,377,38.738,36.623,0.7055702917771883,1.4111405835543767,64904,2019-10-16 11:07:33.813000-04:00,902.0,Massachusetts,No,None
PSAM4NK,752449,12,4,13,10,96,27.359,34.604,0.43010752688172044,1.9270833333333333,83538,2021-04-05 13:05:05.274000-04:00,20,2,2,82.5,93.9393939393939,82.5,78.7878787878788,377,38.738,36.623,0.7055702917771883,1.4111405835543767,64904,2019-10-16 11:07:33.813000-04:00,902.0,Massachusetts,No,None
PSAM4NK,782802,20,20,11,11,175,32.877,41.782,0.6569767441860465,1.502857142857143,83538,2021-04-05 13:05:05.274000-04:00,20,2,2,82.5,93.9393939393939,82.5,78.7878787878788,377,38.738,36.623,0.7055702917771883,1.4111405835543767,64904,2019-10-16 11:07:33.813000-04:00,902.0,Massachusetts,No,None
PSAM4NK,784374,20,18,13,12,161,35.633,39.135,0.8291139240506329,1.2546583850931676,83538,2021-04-05 13:05:05.274000-04:00,20,2,2,82.5,93.9393939393939,82.5,78.7878787878788,377,38.738,36.623,0.7055702917771883,1.4111405835543767,64904,2019-10-16 11:07:33.813000-04:00,902.0,Massachusetts,No,None
PSAM4NK,752442,22,22,14,14,175,35.511,41.797,0.8255813953488372,1.262857142857143,83538,2021-04-05 13:05:05.274000-04:00,20,2,2,82.5,93.9393939393939,82.5,78.7878787878788,377,38.738,36.623,0.7055702917771883,1.4111405835543767,64904,2019-10-16 11:07:33.813000-04:00,902.0,Massachusetts,No,None
PSAM4NK,752456,20,10,14,14,147,28.126,37.516,0.5902777777777778,1.653061224489796,83538,2021-04-05 13:05:05.274000-04:00,20,2,2,82.5,93.9393939393939,82.5,78.7878787878788,377,38.738,36.623,0.7055702917771883,1.4111405835543767,64904,2019-10-16 11:07:33.813000-04:00,902.0,Massachusetts,No,None
PSAM4NK,784815,21,15,14,13,251,27.578,37.234,0.4435483870967742,1.6374501992031874,83538,2021-04-05 13:05:05.274000-04:00,20,2,2,82.5,93.9393939393939,82.5,78.7878787878788,377,38.738,36.623,0.7055702917771883,1.4111405835543767,64904,2019-10-16 11:07:33.813000-04:00,902.0,Massachusetts,No,None
PSAM4NK,782227,22,21,14,14,184,28.575,31.6355,0.8176795580110497,1.3804347826086958,83538,2021-04-05 13:05:05.274000-04:00,20,2,2,82.5,93.9393939393939,82.5,78.7878787878788,377,38.738,36.623,0.7055702917771883,1.4111405835543767,64904,2019-10-16 11:07:33.813000-04:00,902.0,Massachusetts,No,None
PSAM4NK,752455,22,21,14,14,225,42.886,48.997,0.6216216216216216,1.48,83538,2021-04-05 13:05:05.274000-04:00,20,2,2,82.5,93.9393939393939,82.5,78.7878787878788,377,38.738,36.623,0.7055702917771883,1.4111405835543767,64904,2019-10-16 11:07:33.813000-04:00,902.0,Massachusetts,No,None
PSAM4NK,752427,20,19,12,12,191,22.276,26.1,0.6223404255319149,1.544502617801047,83538,2021-04-05 13:05:05.274000-04:00,20,2,2,82.5,93.9393939393939,82.5,78.7878787878788,377,38.738,36.623,0.7055702917771883,1.4111405835543767,64904,2019-10-16 11:07:33.813000-04:00,902.0,Massachusetts,No,None
PSAM4NK,752453,17,14,11,8,141,40.035,53.984,0.6690647482014388,1.4822695035460993,83538,2021-04-05 13:05:05.274000-04:00,20,2,2,82.5,93.9393939393939,82.5,78.7878787878788,377,38.738,36.623,0.7055702917771883,1.4111405835543767,64904,2019-10-16 11:07:33.813000-04:00,902.0,Massachusetts,No,None
