experiment_id,student_id,release_date,due_date,start_time,end_time,assignment_session_count,pretest_problem_count,pretest_correct,pretest_time_on_task,pretest_average_first_response_time,pretest_session_count,assigned_condition,condition_time_on_task,condition_average_first_response_or_request_time,condition_problem_count,condition_total_correct,condition_total_correct_after_wrong_response,condition_total_correct_after_tutoring,condition_total_answers_before_tutoring,condition_total_attempt_count,condition_total_hints_available,condition_total_hints_given,condition_total_scaffold_problems_available,condition_total_scaffold_problems_given,condition_total_explanations_available,condition_total_explanations_given,condition_total_answers_given,condition_session_count,posttest_problem_count,posttest_correct,posttest_time_on_task,posttest_average_first_response_time,posttest_session_count,assistments_reference_assignment_log_id
PSA2KNW,9310,2021-05-11 11:00:00-04:00,2021-05-12 11:00:00-04:00,2021-05-12 18:43:31.719000-04:00,2021-05-17 18:37:53.073000-04:00,6,,,,,,Not Assigned,,,,,,,,,,,,,,,,,2.0,0.0,21.572,2.8265,1.0,16360666
PSA2KNW,37827,2020-06-01 12:00:00-04:00,2020-06-01 23:59:00-04:00,2020-06-01 17:19:49.819000-04:00,2020-06-01 20:24:00.066000-04:00,2,,,,,,Treatment,384.48,38.261,7.0,5.0,1.0,1.0,7.0,13.0,6.0,2.0,0.0,0.0,0.0,0.0,1.0,1.0,2.0,2.0,76.396,38.193,1.0,3740441
PSA2KNW,37828,2020-06-01 12:00:00-04:00,2020-06-01 23:59:00-04:00,2020-06-01 16:40:16.311000-04:00,,4,,,,,,Not Assigned,,,,,,,,,,,,,,,,,,,,,,3739623
PSA2KNW,37829,2020-06-01 12:00:00-04:00,2020-06-01 23:59:00-04:00,2020-06-01 19:45:03.898000-04:00,,1,,,,,,Treatment,307.373,21.33,9.0,4.0,1.0,1.0,5.0,11.0,9.0,8.0,0.0,0.0,0.0,0.0,5.0,1.0,,,,,,3742637
PSA2KNW,37830,2020-06-01 12:00:00-04:00,2020-06-01 23:59:00-04:00,2020-06-01 17:49:29.679000-04:00,,2,,,,,,Not Assigned,,,,,,,,,,,,,,,,,,,,,,3740991
PSA2KNW,37831,2020-06-01 12:00:00-04:00,2020-06-01 23:59:00-04:00,2020-06-07 17:27:17.033000-04:00,2020-06-07 17:35:41.253000-04:00,1,,,,,,Not Assigned,,,,,,,,,,,,,,,,,2.0,2.0,69.946,34.9705,1.0,3836720
PSA2KNW,37832,2020-06-01 12:00:00-04:00,2020-06-01 23:59:00-04:00,2020-06-01 13:21:42.397000-04:00,2020-06-01 13:26:49.509000-04:00,1,,,,,,Not Assigned,,,,,,,,,,,,,,,,,2.0,2.0,81.936,40.9645,1.0,3733293
PSA2KNW,37838,2020-06-01 12:00:00-04:00,2020-06-01 23:59:00-04:00,2020-06-01 15:12:37.167000-04:00,2020-06-01 15:26:03.513000-04:00,1,,,,,,Control,265.999,35.1362857142857,7.0,5.0,1.0,,7.0,10.0,6.0,0.0,0.0,0.0,0.0,0.0,0.0,1.0,2.0,2.0,270.372,135.181,1.0,3737582
PSA2KNW,37839,2020-06-01 12:00:00-04:00,2020-06-01 23:59:00-04:00,2020-06-01 12:42:16.532000-04:00,2020-06-01 13:25:41.689000-04:00,1,,,,,,Not Assigned,,,,,,,,,,,,,,,,,2.0,2.0,132.948,66.471,1.0,3731301
PSA2KNW,37841,2020-06-01 12:00:00-04:00,2020-06-01 23:59:00-04:00,2020-06-12 12:23:56.611000-04:00,2020-06-12 12:36:27.195000-04:00,1,,,,,,Treatment,317.325,63.4598,5.0,5.0,,,5.0,5.0,4.0,0.0,0.0,0.0,0.0,0.0,0.0,1.0,2.0,2.0,111.043,55.5165,1.0,3908091
PSA2KNW,37904,2020-06-01 12:00:00-04:00,2020-06-01 23:59:00-04:00,2020-06-01 19:31:09.298000-04:00,2020-06-01 19:47:39.641000-04:00,1,,,,,,Not Assigned,,,,,,,,,,,,,,,,,2.0,2.0,167.307,83.6495,1.0,3742447
PSA2KNW,54831,2021-02-22 08:00:00-05:00,2021-03-12 15:00:00-05:00,2021-02-25 12:38:20.090000-05:00,,1,,,,,,Not Assigned,,,,,,,,,,,,,,,,,,,,,,13929278
PSA2KNW,81804,2021-05-06 09:48:13.106000-04:00,2021-05-07 00:00:00-04:00,2021-05-07 10:48:53.144000-04:00,2021-05-07 11:03:34.565000-04:00,1,,,,,,Control,112.997,28.244,4.0,4.0,,,4.0,4.0,3.0,0.0,0.0,0.0,0.0,0.0,0.0,1.0,2.0,1.0,208.99,89.6855,1.0,16229759
PSA2KNW,83538,2021-05-06 09:48:13.106000-04:00,2021-05-07 00:00:00-04:00,2021-05-07 17:31:19.123000-04:00,2021-05-07 17:47:51.874000-04:00,1,,,,,,Not Assigned,,,,,,,,,,,,,,,,,2.0,0.0,114.452,38.9685,1.0,16247784
PSA2KNW,83539,2021-05-06 09:48:13.106000-04:00,2021-05-07 00:00:00-04:00,2021-05-06 14:05:11.624000-04:00,2021-05-07 10:53:22.732000-04:00,3,,,,,,Not Assigned,,,,,,,,,,,,,,,,,2.0,2.0,135.881,67.939,1.0,16207701
PSA2KNW,83540,2021-05-06 09:48:13.106000-04:00,2021-05-07 00:00:00-04:00,2021-05-06 16:28:06.282000-04:00,2021-05-14 12:51:34.910000-04:00,2,,,,,,Not Assigned,,,,,,,,,,,,,,,,,2.0,2.0,46.968,23.4785,1.0,16215485
PSA2KNW,83541,2021-05-06 09:48:13.106000-04:00,2021-05-07 00:00:00-04:00,2021-05-11 11:12:39.742000-04:00,2021-05-11 11:43:13.628000-04:00,2,,,,,,Treatment,922.131,43.121375,8.0,5.0,1.0,1.0,8.0,14.0,7.0,2.0,0.0,0.0,0.0,0.0,2.0,1.0,2.0,0.0,267.548,103.081,1.0,16303553
PSA2KNW,83543,2021-05-06 09:48:13.106000-04:00,2021-05-07 00:00:00-04:00,2021-05-07 11:09:20.676000-04:00,2021-05-07 13:46:11.985000-04:00,2,,,,,,Not Assigned,,,,,,,,,,,,,,,,,2.0,2.0,47.515,23.753,1.0,16231186
PSA2KNW,83868,2021-05-06 09:48:13.106000-04:00,2021-05-07 00:00:00-04:00,2021-05-07 11:03:38.500000-04:00,2021-05-07 11:21:25.304000-04:00,1,,,,,,Treatment,150.398,30.0752,5.0,5.0,,,5.0,5.0,4.0,0.0,0.0,0.0,0.0,0.0,0.0,1.0,2.0,2.0,147.07,73.5315,1.0,16230745
PSA2KNW,83870,2021-05-06 09:48:13.106000-04:00,2021-05-07 00:00:00-04:00,2021-05-06 16:41:25.254000-04:00,,1,,,,,,Control,841.695,55.778,11.0,6.0,4.0,1.0,11.0,23.0,10.0,4.0,0.0,0.0,0.0,0.0,2.0,1.0,,,,,,16215931
PSA2KNW,83873,2021-05-06 09:48:13.106000-04:00,2021-05-07 00:00:00-04:00,2021-05-06 20:29:30.095000-04:00,2021-05-06 20:41:39.390000-04:00,1,,,,,,Control,204.961,26.4721428571429,7.0,5.0,2.0,,7.0,9.0,6.0,0.0,0.0,0.0,0.0,0.0,0.0,1.0,2.0,2.0,106.401,53.1985,1.0,16219354
PSA2KNW,83883,2021-05-06 09:48:13.106000-04:00,2021-05-07 00:00:00-04:00,2021-05-06 10:43:07.599000-04:00,,4,,,,,,Not Assigned,,,,,,,,,,,,,,,,,,,,,,16191291
PSA2KNW,85226,2021-05-06 09:48:13.106000-04:00,2021-05-07 00:00:00-04:00,2021-05-07 08:07:51.075000-04:00,2021-05-07 08:13:36.725000-04:00,1,,,,,,Not Assigned,,,,,,,,,,,,,,,,,2.0,2.0,49.721,24.857,1.0,16222137
PSA2KNW,85232,2021-05-06 09:48:13.106000-04:00,2021-05-07 00:00:00-04:00,2021-05-06 14:54:55.805000-04:00,2021-05-06 15:05:16.994000-04:00,1,,,,,,Not Assigned,,,,,,,,,,,,,,,,,2.0,2.0,212.554,106.276,1.0,16211425
PSA2KNW,85237,2021-05-06 09:48:13.106000-04:00,2021-05-07 00:00:00-04:00,2021-05-06 10:28:21.533000-04:00,2021-05-09 22:27:36.385000-04:00,4,,,,,,Not Assigned,,,,,,,,,,,,,,,,,2.0,1.0,140.033,64.1375,1.0,16190313
PSA2KNW,85241,2021-05-06 09:48:13.106000-04:00,2021-05-07 00:00:00-04:00,2021-05-12 11:34:21.559000-04:00,,1,,,,,,Not Assigned,,,,,,,,,,,,,,,,,,,,,,16342538
PSA2KNW,85268,2021-05-06 09:48:13.106000-04:00,2021-05-07 00:00:00-04:00,2021-06-15 10:59:37.880000-04:00,2021-06-15 11:49:44.015000-04:00,1,,,,,,Treatment,841.534,90.9366666666667,9.0,7.0,2.0,,9.0,11.0,8.0,0.0,0.0,0.0,0.0,0.0,0.0,1.0,2.0,0.0,345.208,145.803,1.0,16757602
PSA2KNW,85269,2021-05-06 09:48:13.106000-04:00,2021-05-07 00:00:00-04:00,2021-05-06 20:50:14.005000-04:00,2021-05-07 17:12:40.062000-04:00,8,,,,,,Not Assigned,,,,,,,,,,,,,,,,,2.0,1.0,394.487,165.0115,2.0,16219553
PSA2KNW,88478,2020-09-24 12:10:19.001000-04:00,,2020-09-24 18:18:30.233000-04:00,,3,,,,,,Not Assigned,,,,,,,,,,,,,,,,,,,,,,6372330
PSA2KNW,88826,2020-09-24 12:10:19.001000-04:00,,2020-09-25 21:35:49.538000-04:00,2020-09-25 22:06:35.463000-04:00,1,,,,,,Not Assigned,,,,,,,,,,,,,,,,,2.0,0.0,358.277,126.8945,1.0,6473467
PSA2KNW,88828,2020-09-24 12:10:19.001000-04:00,,2020-09-24 14:47:19.413000-04:00,2020-09-28 15:23:09.155000-04:00,13,,,,,,Control,286551.157,17837.7425,16.0,5.0,2.0,1.0,16.0,41.0,15.0,14.0,0.0,0.0,0.0,0.0,8.0,5.0,2.0,2.0,165.993,82.993,1.0,6348279
PSA2KNW,88830,2020-09-24 12:10:19.001000-04:00,,2020-09-24 18:08:37.090000-04:00,2020-09-24 18:42:37.176000-04:00,2,,,,,,Not Assigned,,,,,,,,,,,,,,,,,2.0,2.0,100.043,50.0185,1.0,6371792
PSA2KNW,88836,2020-09-24 12:10:19.001000-04:00,,2020-09-25 08:46:31.692000-04:00,,1,,,,,,Treatment,109.107,51.5365,2.0,1.0,,,2.0,2.0,2.0,2.0,0.0,0.0,0.0,0.0,1.0,1.0,,,,,,6390224
PSA2KNW,88842,2020-09-24 12:10:19.001000-04:00,,2020-09-24 23:00:59.661000-04:00,,6,,,,,,Not Assigned,,,,,,,,,,,,,,,,,,,,,,6383021
PSA2KNW,88843,2020-09-24 12:10:19.001000-04:00,,2020-09-24 13:58:01.281000-04:00,,4,,,,,,Treatment,2400.066,290.123857142857,8.0,4.0,1.0,1.0,7.0,24.0,8.0,5.0,0.0,0.0,0.0,0.0,2.0,2.0,,,,,,6336773
PSA2KNW,88845,2020-09-24 12:10:19.001000-04:00,,2020-09-24 13:32:38.017000-04:00,2020-09-24 15:10:30.533000-04:00,3,,,,,,Not Assigned,,,,,,,,,,,,,,,,,2.0,0.0,873.766,280.7465,1.0,6329690
PSA2KNW,88847,2020-09-24 12:10:19.001000-04:00,,2020-09-24 13:39:10.450000-04:00,,1,,,,,,Not Assigned,,,,,,,,,,,,,,,,,,,,,,6331603
PSA2KNW,96532,2021-08-11 10:54:44.177000-04:00,,2021-08-17 18:50:14.999000-04:00,2021-08-17 18:59:10.350000-04:00,1,,,,,,Not Assigned,,,,,,,,,,,,,,,,,2.0,1.0,286.404,130.397,1.0,16835378
PSA2KNW,97934,2021-02-22 08:00:00-05:00,2021-03-12 15:00:00-05:00,2021-03-12 12:15:00.016000-05:00,,2,,,,,,Not Assigned,,,,,,,,,,,,,,,,,,,,,,14597429
PSA2KNW,155126,2021-02-22 08:00:00-05:00,2021-03-12 15:00:00-05:00,2021-03-06 21:15:19.619000-05:00,,2,,,,,,Not Assigned,,,,,,,,,,,,,,,,,,,,,,14324560
PSA2KNW,181274,2021-02-22 08:00:00-05:00,2021-03-12 15:00:00-05:00,2021-02-23 14:01:53.400000-05:00,2021-02-23 14:14:52.209000-05:00,1,,,,,,Not Assigned,,,,,,,,,,,,,,,,,2.0,2.0,227.804,113.8985,1.0,13811611
PSA2KNW,187368,2021-02-22 08:00:00-05:00,2021-03-12 15:00:00-05:00,2021-02-22 12:40:36.123000-05:00,,4,,,,,,Not Assigned,,,,,,,,,,,,,,,,,,,,,,13729703
PSA2KNW,199248,2021-05-11 11:00:00-04:00,2021-05-12 11:00:00-04:00,2021-05-11 16:30:14.635000-04:00,2021-05-12 12:36:04.217000-04:00,4,,,,,,Not Assigned,,,,,,,,,,,,,,,,,2.0,1.0,445.477,206.3225,1.0,16325072
PSA2KNW,205297,2021-05-11 11:00:00-04:00,2021-05-12 11:00:00-04:00,2021-05-11 12:18:29.413000-04:00,,1,,,,,,Control,1303.664,87.8871818181818,11.0,3.0,2.0,2.0,11.0,32.0,10.0,14.0,0.0,0.0,0.0,0.0,7.0,1.0,,,,,,16308780
PSA2KNW,206916,2021-05-11 11:00:00-04:00,2021-05-12 11:00:00-04:00,2021-05-12 14:00:28.321000-04:00,,3,,,,,,Treatment,,,1.0,,,,,0.0,1.0,0.0,0.0,0.0,0.0,0.0,0.0,1.0,,,,,,16352194
PSA2KNW,211434,2021-05-11 11:00:00-04:00,2021-05-12 11:00:00-04:00,2021-05-11 15:27:17.353000-04:00,2021-05-11 16:32:47.757000-04:00,1,,,,,,Not Assigned,,,,,,,,,,,,,,,,,2.0,0.0,3368.487,1675.139,1.0,16322450
PSA2KNW,214473,2021-05-11 11:00:00-04:00,2021-05-12 11:00:00-04:00,2021-05-11 11:23:31.880000-04:00,,4,,,,,,Treatment,1550.859,42.277125,8.0,1.0,0.0,0.0,2.0,11.0,8.0,12.0,0.0,0.0,0.0,0.0,7.0,2.0,,,,,,16304433
PSA2KNW,214803,2021-05-11 11:00:00-04:00,2021-05-12 11:00:00-04:00,2021-05-11 11:26:15.895000-04:00,2021-05-11 20:33:30.546000-04:00,5,,,,,,Treatment,13127.013,80.3322857142857,7.0,5.0,1.0,1.0,7.0,12.0,6.0,4.0,0.0,0.0,0.0,0.0,2.0,2.0,2.0,2.0,323.121,161.556,1.0,16304725
PSA2KNW,217782,2021-05-11 11:00:00-04:00,2021-05-12 11:00:00-04:00,2021-05-11 19:46:35.866000-04:00,2021-05-11 19:58:33.261000-04:00,1,,,,,,Not Assigned,,,,,,,,,,,,,,,,,2.0,2.0,236.083,118.037,1.0,16328294
PSA2KNW,219594,2021-05-11 11:00:00-04:00,2021-05-12 11:00:00-04:00,2021-05-12 12:30:23.378000-04:00,2021-05-14 18:29:29.591000-04:00,3,,,,,,Treatment,210.918,42.1768,5.0,5.0,,,5.0,5.0,4.0,0.0,0.0,0.0,0.0,0.0,0.0,1.0,2.0,2.0,300.764,150.3765,1.0,16346552
PSA2KNW,227394,2021-05-11 11:00:00-04:00,2021-05-12 11:00:00-04:00,2021-05-11 13:37:56.783000-04:00,2021-05-11 13:47:33.201000-04:00,1,,,,,,Treatment,165.084,18.0333333333333,6.0,5.0,1.0,1.0,6.0,8.0,5.0,1.0,0.0,0.0,0.0,0.0,1.0,1.0,2.0,2.0,65.925,32.9585,1.0,16314705
PSA2KNW,231540,2021-05-11 11:00:00-04:00,2021-05-12 11:00:00-04:00,2021-05-12 17:04:40.244000-04:00,2021-05-12 18:10:23.940000-04:00,3,,,,,,Control,948.082,69.1381818181818,11.0,7.0,3.0,,11.0,16.0,10.0,0.0,0.0,0.0,0.0,0.0,0.0,1.0,2.0,2.0,558.892,279.43,1.0,16359330
PSA2KNW,237098,2021-05-11 11:00:00-04:00,2021-05-12 11:00:00-04:00,2021-05-12 00:08:12.966000-04:00,,1,,,,,,Treatment,512.942,43.8683333333333,9.0,5.0,2.0,1.0,9.0,17.0,9.0,6.0,0.0,0.0,0.0,0.0,3.0,1.0,,,,,,16330304
PSA2KNW,237345,2021-02-08 10:09:52.712000-05:00,2021-02-08 17:00:00-05:00,2021-02-08 14:15:45.467000-05:00,,1,,,,,,Not Assigned,,,,,,,,,,,,,,,,,,,,,,13226524
PSA2KNW,238433,2021-05-11 11:00:00-04:00,2021-05-12 11:00:00-04:00,2021-05-11 11:40:08.240000-04:00,,1,,,,,,Not Assigned,,,,,,,,,,,,,,,,,,,,,,16305935
PSA2KNW,238655,2021-05-11 11:00:00-04:00,2021-05-12 11:00:00-04:00,2021-05-11 16:54:03.737000-04:00,,1,,,,,,Not Assigned,,,,,,,,,,,,,,,,,,,,,,16325769
PSA2KNW,239275,2021-05-11 11:00:00-04:00,2021-05-12 11:00:00-04:00,2021-05-11 13:15:00.023000-04:00,,1,,,,,,Not Assigned,,,,,,,,,,,,,,,,,,,,,,16313017
PSA2KNW,239954,2021-02-08 10:09:52.712000-05:00,2021-02-08 17:00:00-05:00,2021-02-08 10:22:16.510000-05:00,,2,,,,,,Control,1223.828,76.1492727272727,11.0,5.0,2.0,2.0,11.0,25.0,10.0,3.0,0.0,0.0,0.0,0.0,2.0,2.0,,,,,,13194585
PSA2KNW,244096,2021-05-11 11:00:00-04:00,2021-05-12 11:00:00-04:00,2021-05-11 16:35:18.644000-04:00,,1,,,,,,Not Assigned,,,,,,,,,,,,,,,,,,,,,,16325247
PSA2KNW,244984,2021-05-11 11:00:00-04:00,2021-05-12 11:00:00-04:00,2021-05-11 19:52:21.859000-04:00,2021-05-11 20:16:05.807000-04:00,3,,,,,,Treatment,438.491,87.6926,5.0,5.0,,,5.0,5.0,4.0,0.0,0.0,0.0,0.0,0.0,0.0,1.0,2.0,2.0,82.974,41.482,1.0,16328364
PSA2KNW,245175,2021-05-11 11:00:00-04:00,2021-05-12 11:00:00-04:00,2021-05-11 15:16:40.136000-04:00,2021-05-11 16:39:38.214000-04:00,4,,,,,,Not Assigned,,,,,,,,,,,,,,,,,2.0,0.0,40.449,1.993,1.0,16321918
PSA2KNW,245644,2021-05-11 11:00:00-04:00,2021-05-12 11:00:00-04:00,2021-05-11 16:48:55.198000-04:00,,5,,,,,,Treatment,566.534,54.291,8.0,3.0,1.0,0.0,5.0,11.0,8.0,7.0,0.0,0.0,0.0,0.0,4.0,2.0,,,,,,16325611
PSA2KNW,246624,2021-02-08 10:09:52.712000-05:00,2021-02-08 17:00:00-05:00,2021-02-08 13:16:42.567000-05:00,2021-02-08 13:21:36.054000-05:00,1,,,,,,Control,67.306,16.82325,4.0,4.0,,,4.0,4.0,3.0,0.0,0.0,0.0,0.0,0.0,0.0,1.0,2.0,2.0,50.937,25.4655,1.0,13218217
PSA2KNW,247342,2021-02-08 10:09:52.712000-05:00,2021-02-08 17:00:00-05:00,2021-02-08 10:11:23.361000-05:00,2021-02-09 01:58:24.257000-05:00,8,,,,,,Not Assigned,,,,,,,,,,,,,,,,,2.0,2.0,303.679,151.8325,1.0,13193144
PSA2KNW,249506,2021-02-08 10:09:52.712000-05:00,2021-02-08 17:00:00-05:00,2021-02-17 12:59:28.097000-05:00,,1,,,,,,Not Assigned,,,,,,,,,,,,,,,,,,,,,,13574139
PSA2KNW,250888,2021-02-08 10:09:52.712000-05:00,2021-02-08 17:00:00-05:00,2021-02-09 08:31:15.484000-05:00,2021-02-09 08:39:09.637000-05:00,1,,,,,,Not Assigned,,,,,,,,,,,,,,,,,2.0,2.0,125.109,62.551,1.0,13252589
PSA2KNW,251450,2021-02-08 10:09:52.712000-05:00,2021-02-08 17:00:00-05:00,2021-02-08 11:46:37.101000-05:00,2021-02-08 12:24:44.414000-05:00,1,,,,,,Treatment,157.548,31.506,5.0,5.0,,,5.0,5.0,4.0,0.0,0.0,0.0,0.0,0.0,0.0,1.0,2.0,1.0,543.043,239.3645,1.0,13205613
PSA2KNW,254090,2021-02-08 10:09:52.712000-05:00,2021-02-08 17:00:00-05:00,2021-02-08 10:54:17.278000-05:00,,1,,,,,,Not Assigned,,,,,,,,,,,,,,,,,,,,,,13198386
PSA2KNW,255173,2021-02-08 10:09:52.712000-05:00,2021-02-08 17:00:00-05:00,2021-02-08 10:14:23.801000-05:00,2021-02-08 10:28:36.749000-05:00,1,,,,,,Not Assigned,,,,,,,,,,,,,,,,,2.0,1.0,463.293,187.157,1.0,13193540
PSA2KNW,256031,2020-05-12 09:45:00-04:00,,2020-05-12 12:02:16.167000-04:00,2020-05-12 12:20:58.364000-04:00,2,,,,,,Control,363.392,31.4748,10.0,8.0,2.0,1.0,10.0,12.0,9.0,1.0,0.0,0.0,0.0,0.0,1.0,1.0,2.0,2.0,110.05,55.0145,1.0,3160612
PSA2KNW,256271,2020-05-12 09:45:00-04:00,,2020-05-12 12:04:06.873000-04:00,,5,,,,,,Not Assigned,,,,,,,,,,,,,,,,,,,,,,3160870
PSA2KNW,256472,2021-04-20 09:00:00-04:00,2021-04-21 00:59:00-04:00,2021-04-21 10:25:54.316000-04:00,,2,,,,,,Not Assigned,,,,,,,,,,,,,,,,,,,,,,15748579
PSA2KNW,256804,2020-05-12 09:45:00-04:00,,2020-05-12 12:48:15.102000-04:00,2020-05-12 16:32:02.878000-04:00,3,,,,,,Control,318.672,79.65775,4.0,4.0,,,4.0,4.0,3.0,0.0,0.0,0.0,0.0,0.0,0.0,1.0,2.0,2.0,12597.479,6298.734,2.0,3166662
PSA2KNW,256974,2020-05-12 09:45:00-04:00,,2020-05-12 14:14:21.559000-04:00,2020-05-12 14:45:33.534000-04:00,2,,,,,,Not Assigned,,,,,,,,,,,,,,,,,2.0,2.0,461.998,230.993,1.0,3176760
PSA2KNW,257014,2020-05-12 09:45:00-04:00,,2020-05-12 15:56:18.604000-04:00,2020-05-12 16:54:32.489000-04:00,1,,,,,,Not Assigned,,,,,,,,,,,,,,,,,2.0,2.0,329.681,164.8355,1.0,3184622
PSA2KNW,257700,2021-04-20 09:00:00-04:00,2021-04-21 00:59:00-04:00,2021-04-21 10:26:44.627000-04:00,2021-04-21 11:15:07.593000-04:00,2,,,,,,Not Assigned,,,,,,,,,,,,,,,,,2.0,2.0,75.411,37.698,1.0,15748632
PSA2KNW,258013,2020-05-12 09:45:00-04:00,,2020-05-12 12:08:27.669000-04:00,2020-05-12 13:01:46.174000-04:00,1,,,,,,Not Assigned,,,,,,,,,,,,,,,,,2.0,2.0,771.39,385.671,1.0,3161419
PSA2KNW,258211,2020-06-01 18:00:00-04:00,2020-06-12 18:00:00-04:00,2020-06-03 12:34:14.874000-04:00,2020-06-03 13:06:34.669000-04:00,1,,,,,,Treatment,301.347,60.26,5.0,5.0,,,5.0,5.0,4.0,0.0,0.0,0.0,0.0,0.0,0.0,1.0,2.0,2.0,211.321,105.6535,1.0,3784812
PSA2KNW,258262,2020-05-12 09:45:00-04:00,,2020-05-12 11:39:25.505000-04:00,2020-05-12 12:00:26.825000-04:00,1,,,,,,Not Assigned,,,,,,,,,,,,,,,,,2.0,1.0,257.858,110.5415,1.0,3157705
PSA2KNW,258675,2020-05-12 09:45:00-04:00,,2020-05-12 12:10:20.679000-04:00,,1,,,,,,Treatment,278.7,69.858,3.0,1.0,,,2.0,5.0,3.0,1.0,0.0,0.0,0.0,0.0,1.0,1.0,,,,,,3161677
PSA2KNW,259326,2021-04-20 09:00:00-04:00,2021-04-21 00:59:00-04:00,2021-04-22 12:03:00.819000-04:00,,2,,,,,,Not Assigned,,,,,,,,,,,,,,,,,1.0,0.0,102.119,69.304,1.0,15795866
PSA2KNW,259450,2021-04-20 09:00:00-04:00,2021-04-21 00:59:00-04:00,2021-04-22 10:51:22.486000-04:00,,2,,,,,,Not Assigned,,,,,,,,,,,,,,,,,,,,,,15790052
PSA2KNW,260427,2020-05-12 09:45:00-04:00,,2020-05-13 14:18:19.038000-04:00,2020-05-14 17:47:45.948000-04:00,4,,,,,,Control,531.15,69.5878571428571,7.0,6.0,1.0,1.0,7.0,8.0,6.0,2.0,0.0,0.0,0.0,0.0,1.0,1.0,2.0,2.0,187.462,93.7205,1.0,3235866
PSA2KNW,261123,2021-04-20 09:00:00-04:00,2021-04-21 00:59:00-04:00,2021-04-21 10:27:26.907000-04:00,,3,,,,,,Treatment,661.136,55.77075,8.0,2.0,1.0,1.0,7.0,18.0,8.0,11.0,0.0,0.0,0.0,0.0,6.0,1.0,,,,,,15748686
PSA2KNW,261380,2020-05-12 09:45:00-04:00,,2020-05-12 17:02:14.915000-04:00,2020-05-12 17:33:16.651000-04:00,4,,,,,,Not Assigned,,,,,,,,,,,,,,,,,2.0,2.0,265.302,132.6465,1.0,3188028
PSA2KNW,261618,2020-06-01 18:00:00-04:00,2020-06-12 18:00:00-04:00,2020-06-10 14:15:13.409000-04:00,2020-06-11 09:51:35.252000-04:00,3,,,,,,Control,1111.65,59.8422857142857,14.0,7.0,4.0,3.0,13.0,20.0,13.0,10.0,0.0,0.0,0.0,0.0,3.0,2.0,2.0,0.0,196.811,78.6935,1.0,3885303
PSA2KNW,262362,2020-05-12 09:45:00-04:00,,2020-05-12 16:13:20.816000-04:00,2020-05-12 16:32:45.455000-04:00,1,,,,,,Treatment,355.288,53.3575,6.0,5.0,1.0,1.0,6.0,8.0,5.0,1.0,0.0,0.0,0.0,0.0,1.0,1.0,2.0,2.0,226.72,113.3495,1.0,3185554
PSA2KNW,262531,2021-02-08 10:09:52.712000-05:00,2021-02-08 17:00:00-05:00,2021-02-08 10:24:51.274000-05:00,2021-02-08 10:31:42.478000-05:00,1,,,,,,Not Assigned,,,,,,,,,,,,,,,,,2.0,2.0,73.006,36.501,1.0,13194910
PSA2KNW,262895,2020-06-01 18:00:00-04:00,2020-06-12 18:00:00-04:00,2020-06-10 10:38:34.903000-04:00,2020-06-10 10:51:09.051000-04:00,1,,,,,,Not Assigned,,,,,,,,,,,,,,,,,2.0,2.0,386.768,193.38,1.0,3879651
PSA2KNW,263394,2020-06-01 18:00:00-04:00,2020-06-12 18:00:00-04:00,2020-06-03 18:54:43.545000-04:00,,2,,,,,,Not Assigned,,,,,,,,,,,,,,,,,,,,,,3794094
PSA2KNW,263569,2020-05-12 09:45:00-04:00,,2020-05-12 16:32:00.118000-04:00,2020-05-12 17:17:19.536000-04:00,1,,,,,,Not Assigned,,,,,,,,,,,,,,,,,2.0,2.0,86.684,43.3365,1.0,3186509
PSA2KNW,263592,2020-06-01 18:00:00-04:00,2020-06-12 18:00:00-04:00,2020-06-12 20:36:28.883000-04:00,2020-06-12 20:40:34.075000-04:00,1,,,,,,Not Assigned,,,,,,,,,,,,,,,,,2.0,2.0,70.859,35.4245,1.0,3910202
PSA2KNW,263697,2021-04-20 09:00:00-04:00,2021-04-21 00:59:00-04:00,2021-04-21 09:03:56.793000-04:00,2021-04-28 10:55:18.743000-04:00,10,,,,,,Treatment,586836.472,13943.9625833333,12.0,6.0,2.0,2.0,10.0,19.0,11.0,9.0,0.0,0.0,0.0,0.0,5.0,5.0,2.0,1.0,148.514,55.62,1.0,15743381
PSA2KNW,264483,2020-05-12 09:45:00-04:00,,2020-05-13 00:28:49.062000-04:00,2020-05-13 02:54:04.956000-04:00,2,,,,,,Not Assigned,,,,,,,,,,,,,,,,,2.0,2.0,91.852,45.91,1.0,3198759
PSA2KNW,264504,2020-05-12 09:45:00-04:00,,2020-05-12 15:02:20.004000-04:00,2020-05-12 15:20:32.420000-04:00,1,,,,,,Treatment,376.272,50.9218571428571,7.0,5.0,1.0,,7.0,9.0,6.0,0.0,0.0,0.0,0.0,0.0,0.0,1.0,2.0,2.0,268.362,134.155,1.0,3181012
PSA2KNW,264990,2020-05-12 09:45:00-04:00,,2020-05-16 13:45:30.760000-04:00,,4,,,,,,Not Assigned,,,,,,,,,,,,,,,,,,,,,,3345857
PSA2KNW,265209,2020-05-12 09:45:00-04:00,,2020-05-13 04:16:11.338000-04:00,,1,,,,,,Not Assigned,,,,,,,,,,,,,,,,,,,,,,3199654
PSA2KNW,265248,2020-05-12 09:45:00-04:00,,2020-05-12 12:59:30.603000-04:00,2020-05-12 20:16:16.661000-04:00,8,,,,,,Not Assigned,,,,,,,,,,,,,,,,,2.0,2.0,66.503,33.2495,1.0,3168100
PSA2KNW,265666,2021-05-11 11:00:00-04:00,2021-05-12 11:00:00-04:00,2021-05-13 20:02:49.607000-04:00,,1,,,,,,Control,102.546,22.5045,3.0,1.0,,,2.0,5.0,2.0,2.0,0.0,0.0,0.0,0.0,1.0,1.0,,,,,,16394142
PSA2KNW,266037,2021-02-08 10:09:52.712000-05:00,2021-02-08 17:00:00-05:00,2021-02-08 11:34:06.899000-05:00,2021-02-08 12:02:22.310000-05:00,1,,,,,,Not Assigned,,,,,,,,,,,,,,,,,2.0,2.0,110.266,55.13,1.0,13203950
PSA2KNW,266457,2021-04-20 09:00:00-04:00,2021-04-21 00:59:00-04:00,2021-04-21 10:27:27.654000-04:00,2021-05-05 10:54:26.313000-04:00,5,,,,,,Control,1123617.301,4568.75710526316,19.0,10.0,5.0,5.0,18.0,30.0,18.0,14.0,0.0,0.0,0.0,0.0,4.0,4.0,2.0,1.0,176.148,72.5835,1.0,15748688
PSA2KNW,267782,2021-04-20 09:00:00-04:00,2021-04-21 00:59:00-04:00,2021-04-21 10:25:24.447000-04:00,2021-04-21 11:03:23.722000-04:00,1,,,,,,Not Assigned,,,,,,,,,,,,,,,,,2.0,2.0,169.091,84.54,1.0,15748550
PSA2KNW,268528,2020-05-12 09:45:00-04:00,,2020-05-12 20:52:27.791000-04:00,,2,,,,,,Not Assigned,,,,,,,,,,,,,,,,,,,,,,3195482
PSA2KNW,269130,2021-04-20 09:00:00-04:00,2021-04-21 00:59:00-04:00,2021-04-22 11:23:14.016000-04:00,2021-04-22 11:33:57.624000-04:00,1,,,,,,Not Assigned,,,,,,,,,,,,,,,,,2.0,2.0,80.92,40.4535,1.0,15792452
PSA2KNW,269850,2020-05-12 09:45:00-04:00,,2020-05-12 11:02:00.103000-04:00,2020-05-12 11:15:46.154000-04:00,1,,,,,,Control,296.092,34.559,8.0,6.0,2.0,,8.0,10.0,7.0,0.0,0.0,0.0,0.0,0.0,0.0,1.0,2.0,2.0,83.079,41.5345,1.0,3152820
PSA2KNW,272359,2020-06-01 18:00:00-04:00,2020-06-12 18:00:00-04:00,2020-06-12 20:44:01.835000-04:00,2020-06-13 22:18:37.663000-04:00,3,,,,,,Control,90316.388,5859.13973333333,15.0,8.0,3.0,3.0,14.0,22.0,14.0,13.0,0.0,0.0,0.0,0.0,6.0,2.0,2.0,0.0,251.32,110.473,1.0,3910225
PSA2KNW,272361,2020-06-01 18:00:00-04:00,2020-06-12 18:00:00-04:00,2020-06-09 19:30:23.726000-04:00,2020-06-09 19:38:36.061000-04:00,1,,,,,,Treatment,80.762,16.1462,5.0,5.0,,,5.0,5.0,4.0,0.0,0.0,0.0,0.0,0.0,0.0,1.0,2.0,2.0,71.072,35.5305,1.0,3873070
PSA2KNW,272495,2020-05-12 09:45:00-04:00,,2020-05-12 15:06:52.108000-04:00,2020-05-12 15:27:20.661000-04:00,1,,,,,,Treatment,243.8,36.2866666666667,6.0,5.0,1.0,,6.0,7.0,5.0,0.0,0.0,0.0,0.0,0.0,0.0,1.0,2.0,1.0,242.506,117.4205,1.0,3181370
PSA2KNW,272898,2021-04-20 09:00:00-04:00,2021-04-21 00:59:00-04:00,2021-04-21 10:27:32.641000-04:00,,4,,,,,,Not Assigned,,,,,,,,,,,,,,,,,,,,,,15748695
PSA2KNW,273876,2020-06-01 18:00:00-04:00,2020-06-12 18:00:00-04:00,2020-06-02 14:52:07.637000-04:00,,6,,,,,,Treatment,281456.579,77.4603333333333,6.0,2.0,1.0,1.0,5.0,12.0,6.0,4.0,0.0,0.0,0.0,0.0,2.0,2.0,,,,,,3764153
PSA2KNW,274089,2021-02-08 10:09:52.712000-05:00,2021-02-08 17:00:00-05:00,2021-02-08 10:19:50.477000-05:00,,3,,,,,,Not Assigned,,,,,,,,,,,,,,,,,,,,,,13194273
PSA2KNW,274186,2020-06-01 18:00:00-04:00,2020-06-12 18:00:00-04:00,2020-06-11 15:59:14.311000-04:00,,3,,,,,,Not Assigned,,,,,,,,,,,,,,,,,,,,,,3900668
PSA2KNW,275187,2020-06-01 18:00:00-04:00,2020-06-12 18:00:00-04:00,2020-06-03 12:02:50.003000-04:00,,1,,,,,,Not Assigned,,,,,,,,,,,,,,,,,,,,,,3783264
PSA2KNW,275268,2021-02-08 10:09:52.712000-05:00,2021-02-08 17:00:00-05:00,2021-02-08 15:20:56.979000-05:00,,2,,,,,,Not Assigned,,,,,,,,,,,,,,,,,,,,,,13234355
PSA2KNW,275940,2020-05-12 09:45:00-04:00,,2020-05-12 11:38:46.394000-04:00,2020-05-12 12:22:22.211000-04:00,1,,,,,,Not Assigned,,,,,,,,,,,,,,,,,2.0,2.0,282.509,141.2395,1.0,3157628
PSA2KNW,276006,2020-05-12 09:45:00-04:00,,2020-05-12 13:40:45.282000-04:00,,1,,,,,,Control,2319.323,197.142636363636,11.0,5.0,1.0,1.0,10.0,17.0,10.0,6.0,0.0,0.0,0.0,0.0,4.0,1.0,,,,,,3173146
PSA2KNW,277066,2020-06-01 18:00:00-04:00,2020-06-12 18:00:00-04:00,2020-06-11 19:19:44.600000-04:00,2020-06-11 19:57:55.224000-04:00,1,,,,,,Not Assigned,,,,,,,,,,,,,,,,,2.0,2.0,211.873,105.932,1.0,3902288
PSA2KNW,277101,2021-02-08 10:09:52.712000-05:00,2021-02-08 17:00:00-05:00,2021-02-08 10:30:49.307000-05:00,2021-02-08 12:11:26.085000-05:00,1,,,,,,Not Assigned,,,,,,,,,,,,,,,,,2.0,2.0,4558.737,2279.361,1.0,13195540
PSA2KNW,280191,2020-05-12 09:45:00-04:00,,2020-05-28 12:39:52.028000-04:00,2020-05-28 12:55:02.745000-04:00,1,,,,,,Not Assigned,,,,,,,,,,,,,,,,,2.0,1.0,178.734,72.343,1.0,3671476
PSA2KNW,280396,2021-04-20 09:00:00-04:00,2021-04-21 00:59:00-04:00,2021-04-21 11:29:37.993000-04:00,2021-04-22 12:01:36.808000-04:00,3,,,,,,Control,622.809,98.706,6.0,4.0,1.0,1.0,6.0,8.0,5.0,3.0,0.0,0.0,0.0,0.0,2.0,1.0,2.0,0.0,193.47,80.8985,1.0,15752882
PSA2KNW,280417,2021-02-08 10:09:52.712000-05:00,2021-02-08 17:00:00-05:00,2021-02-08 11:33:46.535000-05:00,,1,,,,,,Treatment,407.869,25.9645,8.0,4.0,2.0,1.0,8.0,15.0,8.0,2.0,0.0,0.0,0.0,0.0,1.0,1.0,,,,,,13203904
PSA2KNW,281316,2020-06-01 18:00:00-04:00,2020-06-12 18:00:00-04:00,2020-06-12 00:25:03.989000-04:00,,1,,,,,,Control,160.81,1.71218181818182,11.0,1.0,0.0,0.0,1.0,13.0,10.0,19.0,0.0,0.0,0.0,0.0,10.0,1.0,,,,,,3903916
PSA2KNW,281389,2021-02-08 10:09:52.712000-05:00,2021-02-08 17:00:00-05:00,2021-02-08 17:19:24.995000-05:00,,4,,,,,,Not Assigned,,,,,,,,,,,,,,,,,,,,,,13241583
PSA2KNW,281666,2020-06-01 18:00:00-04:00,2020-06-12 18:00:00-04:00,2020-06-14 05:13:33.472000-04:00,2020-06-14 05:20:33.660000-04:00,1,,,,,,Not Assigned,,,,,,,,,,,,,,,,,2.0,2.0,126.678,63.335,1.0,3912260
PSA2KNW,282019,2020-05-12 09:45:00-04:00,,2020-05-13 11:30:02.165000-04:00,,2,,,,,,Not Assigned,,,,,,,,,,,,,,,,,,,,,,3217812
PSA2KNW,282451,2020-06-01 18:00:00-04:00,2020-06-12 18:00:00-04:00,2020-06-13 12:36:07.971000-04:00,2020-06-13 12:43:32.754000-04:00,2,,,,,,Not Assigned,,,,,,,,,,,,,,,,,2.0,0.0,24.014,2.125,1.0,3911244
PSA2KNW,283382,2020-06-01 18:00:00-04:00,2020-06-12 18:00:00-04:00,2020-06-02 04:04:53.822000-04:00,,1,,,,,,Not Assigned,,,,,,,,,,,,,,,,,,,,,,3745418
PSA2KNW,283731,2020-06-01 18:00:00-04:00,2020-06-12 18:00:00-04:00,2020-06-03 20:38:02.235000-04:00,2020-06-05 14:33:34.775000-04:00,5,,,,,,Treatment,253.49,50.6956,5.0,5.0,,,5.0,5.0,4.0,0.0,0.0,0.0,0.0,0.0,0.0,1.0,2.0,2.0,263.195,131.5945,1.0,3795186
PSA2KNW,284094,2020-06-01 18:00:00-04:00,2020-06-12 18:00:00-04:00,2020-06-05 18:18:43.156000-04:00,,1,,,,,,Not Assigned,,,,,,,,,,,,,,,,,,,,,,3831258
PSA2KNW,284249,2020-05-12 09:45:00-04:00,,2020-05-12 14:01:08.658000-04:00,,3,,,,,,Not Assigned,,,,,,,,,,,,,,,,,,,,,,3175367
PSA2KNW,285445,2021-04-20 09:00:00-04:00,2021-04-21 00:59:00-04:00,2021-04-22 12:05:18.117000-04:00,,5,,,,,,Not Assigned,,,,,,,,,,,,,,,,,,,,,,15796053
PSA2KNW,285487,2021-04-20 09:00:00-04:00,2021-04-21 00:59:00-04:00,2021-04-21 09:07:36.520000-04:00,2021-04-22 12:14:27.016000-04:00,7,,,,,,Not Assigned,,,,,,,,,,,,,,,,,2.0,2.0,694.484,347.233,1.0,15743546
PSA2KNW,285500,2021-04-20 09:00:00-04:00,2021-04-21 00:59:00-04:00,2021-04-21 11:00:21.717000-04:00,2021-04-28 11:36:16.836000-04:00,6,,,,,,Control,606609.422,43312.4232857143,14.0,6.0,1.0,1.0,14.0,31.0,13.0,13.0,0.0,0.0,0.0,0.0,8.0,4.0,2.0,2.0,73.911,36.95,1.0,15750940
PSA2KNW,287507,2020-05-12 09:45:00-04:00,,2020-05-14 11:25:30.859000-04:00,,2,,,,,,Not Assigned,,,,,,,,,,,,,,,,,2.0,1.0,192.86,192.855,1.0,3274876
PSA2KNW,288471,2020-05-12 09:45:00-04:00,,2020-05-12 11:12:55.850000-04:00,2020-05-12 11:44:01.751000-04:00,1,,,,,,Treatment,402.213,80.4194,5.0,5.0,,,5.0,5.0,4.0,0.0,0.0,0.0,0.0,0.0,0.0,1.0,2.0,2.0,283.856,141.9215,1.0,3154268
PSA2KNW,289636,2020-06-01 18:00:00-04:00,2020-06-12 18:00:00-04:00,2020-06-13 23:15:13.168000-04:00,,1,,,,,,Not Assigned,,,,,,,,,,,,,,,,,,,,,,3912112
PSA2KNW,291172,2021-02-08 10:09:52.712000-05:00,2021-02-08 17:00:00-05:00,2021-02-08 10:29:04.926000-05:00,,2,,,,,,Not Assigned,,,,,,,,,,,,,,,,,,,,,,13195328
PSA2KNW,291431,2020-05-12 09:45:00-04:00,,2020-05-12 23:31:50.191000-04:00,2020-05-12 23:48:02.386000-04:00,1,,,,,,Not Assigned,,,,,,,,,,,,,,,,,2.0,1.0,223.103,101.1715,1.0,3198183
PSA2KNW,291624,2021-02-08 10:09:52.712000-05:00,2021-02-08 17:00:00-05:00,2021-02-08 13:24:51.149000-05:00,,2,,,,,,Control,1123.884,83.8975454545455,11.0,1.0,0.0,0.0,2.0,14.0,10.0,19.0,0.0,0.0,0.0,0.0,10.0,2.0,,,,,,13219346
PSA2KNW,291933,2020-05-12 09:45:00-04:00,,2020-05-12 19:16:07.937000-04:00,,1,,,,,,Not Assigned,,,,,,,,,,,,,,,,,,,,,,3192945
PSA2KNW,293920,2020-05-12 09:45:00-04:00,,2020-05-12 20:51:41.644000-04:00,,1,,,,,,Treatment,,,1.0,,,,,0.0,1.0,0.0,0.0,0.0,0.0,0.0,0.0,1.0,,,,,,3195463
PSA2KNW,293977,2021-02-08 10:09:52.712000-05:00,2021-02-08 17:00:00-05:00,2021-02-08 10:31:40.500000-05:00,,4,,,,,,Control,1113.208,146.6076,6.0,2.0,1.0,1.0,5.0,8.0,5.0,4.0,0.0,0.0,0.0,0.0,3.0,1.0,,,,,,13195670
PSA2KNW,294020,2020-05-12 09:45:00-04:00,,2020-05-12 13:00:35.835000-04:00,,4,,,,,,Treatment,24385.495,175.797166666667,6.0,2.0,1.0,0.0,6.0,11.0,6.0,4.0,0.0,0.0,0.0,0.0,2.0,2.0,,,,,,3168232
PSA2KNW,294044,2021-04-20 09:00:00-04:00,2021-04-21 00:59:00-04:00,2021-04-26 09:40:52.604000-04:00,2021-04-26 09:54:46.040000-04:00,1,,,,,,Control,501.376,91.7802,5.0,4.0,1.0,1.0,5.0,7.0,4.0,2.0,0.0,0.0,0.0,0.0,1.0,1.0,2.0,2.0,104.712,52.3505,1.0,15863806
PSA2KNW,295098,2020-05-12 09:45:00-04:00,,2020-05-12 22:04:36.611000-04:00,2020-05-12 22:39:48.353000-04:00,1,,,,,,Treatment,318.45,28.2907,10.0,8.0,2.0,1.0,10.0,12.0,9.0,1.0,0.0,0.0,0.0,0.0,0.0,1.0,2.0,1.0,799.213,374.768,1.0,3196927
PSA2KNW,296343,2021-04-20 09:00:00-04:00,2021-04-21 00:59:00-04:00,2021-04-21 11:00:30.741000-04:00,2021-04-22 11:53:56.889000-04:00,2,,,,,,Not Assigned,,,,,,,,,,,,,,,,,2.0,1.0,169.154,72.2825,1.0,15750947
PSA2KNW,296410,2021-02-08 10:09:52.712000-05:00,2021-02-08 17:00:00-05:00,2021-02-08 10:32:14.406000-05:00,,1,,,,,,Control,7339.669,582.699888888889,10.0,3.0,1.0,1.0,8.0,27.0,9.0,10.0,0.0,0.0,0.0,0.0,6.0,1.0,,,,,,13195728
PSA2KNW,296550,2021-02-08 10:09:52.712000-05:00,2021-02-08 17:00:00-05:00,2021-02-08 10:20:12.921000-05:00,2021-02-08 10:39:19.102000-05:00,1,,,,,,Not Assigned,,,,,,,,,,,,,,,,,2.0,2.0,168.792,84.3915,1.0,13194342
PSA2KNW,296553,2021-02-08 10:09:52.712000-05:00,2021-02-08 17:00:00-05:00,2021-02-08 11:33:39.594000-05:00,,1,,,,,,Not Assigned,,,,,,,,,,,,,,,,,,,,,,13203892
PSA2KNW,296866,2021-02-08 10:09:52.712000-05:00,2021-02-08 17:00:00-05:00,2021-02-08 13:13:42.678000-05:00,2021-02-08 13:55:32.429000-05:00,1,,,,,,Not Assigned,,,,,,,,,,,,,,,,,2.0,2.0,1514.2,757.0945,1.0,13217722
PSA2KNW,297279,2021-02-08 10:09:52.712000-05:00,2021-02-08 17:00:00-05:00,2021-02-08 12:21:55.106000-05:00,,1,,,,,,Not Assigned,,,,,,,,,,,,,,,,,,,,,,13210487
PSA2KNW,297473,2020-05-12 09:45:00-04:00,,2020-05-12 22:26:41.555000-04:00,2020-05-12 22:48:00.218000-04:00,1,,,,,,Control,418.604,32.7748,10.0,6.0,2.0,1.0,10.0,14.0,9.0,4.0,0.0,0.0,0.0,0.0,1.0,1.0,2.0,2.0,139.368,69.679,1.0,3197292
PSA2KNW,297537,2020-06-01 18:00:00-04:00,2020-06-12 18:00:00-04:00,2020-06-02 21:15:10.185000-04:00,,1,,,,,,Not Assigned,,,,,,,,,,,,,,,,,,,,,,3770248
PSA2KNW,297596,2021-02-08 10:09:52.712000-05:00,2021-02-08 17:00:00-05:00,2021-02-08 13:14:39.304000-05:00,2021-02-08 13:22:52.181000-05:00,1,,,,,,Not Assigned,,,,,,,,,,,,,,,,,2.0,2.0,62.764,31.3795,1.0,13217874
PSA2KNW,297691,2021-02-08 10:09:52.712000-05:00,2021-02-08 17:00:00-05:00,2021-02-08 13:22:21.060000-05:00,,3,,,,,,Not Assigned,,,,,,,,,,,,,,,,,,,,,,13219028
PSA2KNW,298205,2021-02-08 10:09:52.712000-05:00,2021-02-08 17:00:00-05:00,2021-02-08 10:31:57.482000-05:00,2021-02-08 11:32:58.161000-05:00,1,,,,,,Treatment,240.744,37.0098333333333,6.0,5.0,1.0,,6.0,7.0,5.0,0.0,0.0,0.0,0.0,0.0,0.0,1.0,2.0,2.0,98.838,49.416,1.0,13195697
PSA2KNW,298567,2021-04-20 09:00:00-04:00,2021-04-21 00:59:00-04:00,2021-04-21 12:44:31.186000-04:00,2021-04-22 11:29:03.245000-04:00,2,,,,,,Not Assigned,,,,,,,,,,,,,,,,,2.0,2.0,70.653,35.3145,1.0,15758960
PSA2KNW,298760,2021-02-08 10:09:52.712000-05:00,2021-02-08 17:00:00-05:00,2021-02-08 15:39:33.315000-05:00,2021-02-08 16:06:02.735000-05:00,1,,,,,,Control,383.881,43.655625,8.0,6.0,1.0,,8.0,10.0,7.0,0.0,0.0,0.0,0.0,0.0,0.0,1.0,2.0,2.0,116.572,58.2835,1.0,13235994
PSA2KNW,301286,2020-05-12 09:45:00-04:00,,2020-05-12 15:07:54.432000-04:00,2020-05-12 15:41:43.045000-04:00,2,,,,,,Control,1071.074,82.7933636363636,11.0,6.0,3.0,1.0,11.0,26.0,10.0,3.0,0.0,0.0,0.0,0.0,2.0,1.0,2.0,1.0,275.896,113.315,1.0,3181449
PSA2KNW,301675,2021-02-08 10:09:52.712000-05:00,2021-02-08 17:00:00-05:00,2021-02-09 09:02:42.736000-05:00,2021-02-09 14:38:51.708000-05:00,3,,,,,,Not Assigned,,,,,,,,,,,,,,,,,2.0,1.0,80.367,33.68,1.0,13254758
PSA2KNW,304867,2021-02-08 10:09:52.712000-05:00,2021-02-08 17:00:00-05:00,2021-02-08 13:38:36.340000-05:00,,1,,,,,,Not Assigned,,,,,,,,,,,,,,,,,,,,,,13221239
PSA2KNW,305875,2021-04-20 09:00:00-04:00,2021-04-21 00:59:00-04:00,2021-04-28 11:22:27.127000-04:00,,1,,,,,,Not Assigned,,,,,,,,,,,,,,,,,,,,,,15961609
PSA2KNW,307865,2020-05-12 09:45:00-04:00,,2020-05-12 20:56:25.821000-04:00,2020-05-12 21:39:58.835000-04:00,1,,,,,,Treatment,723.279,69.34075,8.0,5.0,1.0,1.0,5.0,10.0,7.0,4.0,0.0,0.0,0.0,0.0,3.0,1.0,2.0,2.0,1209.754,604.8625,1.0,3195582
PSA2KNW,309103,2021-02-08 10:09:52.712000-05:00,2021-02-08 17:00:00-05:00,2021-02-08 10:31:31.059000-05:00,,1,,,,,,Not Assigned,,,,,,,,,,,,,,,,,,,,,,13195650
PSA2KNW,309547,2021-04-20 09:00:00-04:00,2021-04-21 00:59:00-04:00,2021-04-22 10:53:53.119000-04:00,,2,,,,,,Not Assigned,,,,,,,,,,,,,,,,,,,,,,15790263
PSA2KNW,311830,2021-04-20 09:00:00-04:00,2021-04-21 00:59:00-04:00,2021-04-21 10:27:10.868000-04:00,,3,,,,,,Not Assigned,,,,,,,,,,,,,,,,,,,,,,15748667
PSA2KNW,313685,2021-02-08 10:09:52.712000-05:00,2021-02-08 17:00:00-05:00,2021-02-16 15:53:03.066000-05:00,,1,,,,,,Not Assigned,,,,,,,,,,,,,,,,,,,,,,13539130
PSA2KNW,314066,2021-02-08 10:09:52.712000-05:00,2021-02-08 17:00:00-05:00,2021-02-08 11:49:37.460000-05:00,2021-02-08 12:16:43.879000-05:00,1,,,,,,Not Assigned,,,,,,,,,,,,,,,,,2.0,0.0,378.203,156.8615,1.0,13206058
PSA2KNW,316272,2021-02-08 10:09:52.712000-05:00,2021-02-08 17:00:00-05:00,2021-02-08 12:53:16.288000-05:00,,2,,,,,,Treatment,330.993,59.888,5.0,1.0,0.0,0.0,4.0,10.0,5.0,3.0,0.0,0.0,0.0,0.0,3.0,1.0,,,,,,13214883
PSA2KNW,321060,2021-02-08 10:09:52.712000-05:00,2021-02-08 17:00:00-05:00,2021-02-09 09:26:37.638000-05:00,,1,,,,,,Not Assigned,,,,,,,,,,,,,,,,,,,,,,13257434
PSA2KNW,322057,2021-02-08 10:09:52.712000-05:00,2021-02-08 17:00:00-05:00,2021-02-08 15:09:38.327000-05:00,2021-02-08 15:22:58.362000-05:00,1,,,,,,Control,141.566,35.3875,4.0,4.0,,,4.0,4.0,3.0,0.0,0.0,0.0,0.0,0.0,0.0,1.0,2.0,0.0,190.767,58.3985,1.0,13233262
PSA2KNW,323060,2021-04-20 09:00:00-04:00,2021-04-21 00:59:00-04:00,2021-04-21 10:26:32.647000-04:00,,3,,,,,,Treatment,691.507,115.949333333333,4.0,1.0,0.0,0.0,3.0,11.0,4.0,4.0,0.0,0.0,0.0,0.0,2.0,1.0,,,,,,15748613
PSA2KNW,324573,2021-04-20 09:00:00-04:00,2021-04-21 00:59:00-04:00,2021-04-21 10:25:35.456000-04:00,,2,,,,,,Not Assigned,,,,,,,,,,,,,,,,,,,,,,15748563
PSA2KNW,325219,2021-02-08 10:09:52.712000-05:00,2021-02-08 17:00:00-05:00,2021-02-08 10:47:53.751000-05:00,,1,,,,,,Treatment,1109.682,163.8414,6.0,2.0,1.0,1.0,2.0,9.0,6.0,5.0,0.0,0.0,0.0,0.0,2.0,1.0,,,,,,13197513
PSA2KNW,326813,2020-05-12 09:45:00-04:00,,2020-05-12 11:12:06.448000-04:00,2020-05-12 11:30:13.131000-04:00,1,,,,,,Control,271.713,67.9215,4.0,4.0,,,4.0,4.0,3.0,0.0,0.0,0.0,0.0,0.0,0.0,1.0,2.0,2.0,340.399,170.194,1.0,3154162
PSA2KNW,326857,2020-05-12 09:45:00-04:00,,2020-05-15 12:31:14.851000-04:00,,2,,,,,,Not Assigned,,,,,,,,,,,,,,,,,,,,,,3326694
PSA2KNW,327597,2020-05-12 09:45:00-04:00,,2020-05-13 18:50:22.770000-04:00,,1,,,,,,Not Assigned,,,,,,,,,,,,,,,,,,,,,,3249561
PSA2KNW,328525,2021-02-08 10:09:52.712000-05:00,2021-02-08 17:00:00-05:00,2021-02-08 13:22:41.799000-05:00,2021-02-08 14:30:38.516000-05:00,1,,,,,,Treatment,657.132,61.9056,10.0,7.0,2.0,1.0,10.0,13.0,9.0,1.0,0.0,0.0,0.0,0.0,1.0,1.0,2.0,2.0,158.852,79.4235,1.0,13219076
PSA2KNW,329464,2021-08-11 10:54:44.177000-04:00,,2021-08-11 11:34:44.461000-04:00,2021-08-11 11:57:05.958000-04:00,1,,,,,,Not Assigned,,,,,,,,,,,,,,,,,2.0,2.0,65.837,32.916,1.0,16805440
PSA2KNW,330305,2020-05-12 09:45:00-04:00,,2020-05-13 12:32:13.679000-04:00,2020-06-11 16:35:32.849000-04:00,6,,,,,,Treatment,178580.5,13718.9818461538,13.0,8.0,2.0,2.0,13.0,24.0,12.0,5.0,0.0,0.0,0.0,0.0,4.0,2.0,2.0,2.0,310.631,155.31,1.0,3224756
PSA2KNW,330926,2021-08-11 10:54:44.177000-04:00,,2021-08-11 11:32:36.974000-04:00,2021-08-12 11:30:34.306000-04:00,3,,,,,,Not Assigned,,,,,,,,,,,,,,,,,2.0,2.0,51.694,25.844,1.0,16805419
PSA2KNW,334351,2021-04-30 16:39:15.702000-04:00,2021-05-06 17:00:00-04:00,2021-05-06 14:36:14.550000-04:00,,2,,,,,,Treatment,6014.723,716.001875,8.0,2.0,1.0,1.0,8.0,20.0,8.0,8.0,0.0,0.0,0.0,0.0,6.0,2.0,,,,,,16210138
PSA2KNW,334435,2021-04-30 16:39:15.696000-04:00,2021-05-06 17:00:00-04:00,2021-05-06 10:51:56.082000-04:00,,4,,,,,,Control,505.063,23.9734545454545,11.0,2.0,1.0,1.0,4.0,13.0,10.0,15.0,0.0,0.0,0.0,0.0,9.0,2.0,,,,,,16191977
PSA2KNW,334678,2021-04-30 16:39:15.702000-04:00,2021-05-06 17:00:00-04:00,2021-05-06 10:56:09.559000-04:00,2021-05-06 11:07:55.688000-04:00,1,,,,,,Not Assigned,,,,,,,,,,,,,,,,,2.0,1.0,238.535,117.365,1.0,16192320
PSA2KNW,335214,2021-04-30 16:39:15.702000-04:00,2021-05-06 17:00:00-04:00,2021-05-05 12:01:53.945000-04:00,2021-05-05 13:01:05.775000-04:00,1,,,,,,Not Assigned,,,,,,,,,,,,,,,,,2.0,2.0,1837.757,918.8755,1.0,16161850
PSA2KNW,335484,2021-04-30 16:39:15.698000-04:00,2021-05-06 17:00:00-04:00,2021-05-03 11:10:09.763000-04:00,,4,,,,,,Control,3006.949,600.18175,5.0,2.0,0.0,0.0,3.0,6.0,4.0,4.0,0.0,0.0,0.0,0.0,2.0,1.0,,,,,,16078684
PSA2KNW,335527,2021-04-30 16:39:15.702000-04:00,2021-05-06 17:00:00-04:00,2021-05-06 12:49:22.053000-04:00,2021-05-06 14:06:19.067000-04:00,2,,,,,,Not Assigned,,,,,,,,,,,,,,,,,2.0,2.0,544.626,272.31,1.0,16201348
PSA2KNW,335613,2020-06-01 18:00:00-04:00,2020-06-12 18:00:00-04:00,2020-06-13 15:50:31.776000-04:00,2020-06-13 16:34:42.688000-04:00,2,,,,,,Not Assigned,,,,,,,,,,,,,,,,,2.0,2.0,843.577,421.7825,1.0,3911578
PSA2KNW,335852,2021-04-30 16:39:15.696000-04:00,2021-05-06 17:00:00-04:00,2021-05-06 13:50:04.089000-04:00,,1,,,,,,Not Assigned,,,,,,,,,,,,,,,,,,,,,,16206491
PSA2KNW,336360,2021-04-30 16:39:15.702000-04:00,2021-05-06 17:00:00-04:00,2021-05-06 10:38:37.875000-04:00,2021-05-06 10:49:30.460000-04:00,1,,,,,,Control,157.82,39.44325,4.0,4.0,,,4.0,4.0,3.0,0.0,0.0,0.0,0.0,0.0,0.0,1.0,2.0,2.0,143.567,71.7755,1.0,16190951
PSA2KNW,336460,2021-04-30 16:39:15.702000-04:00,2021-05-06 17:00:00-04:00,2021-05-03 11:11:51.998000-04:00,,3,,,,,,Treatment,715.117,53.4575,8.0,4.0,2.0,2.0,8.0,26.0,8.0,5.0,0.0,0.0,0.0,0.0,0.0,1.0,,,,,,16078798
PSA2KNW,336922,2021-04-30 16:39:15.702000-04:00,2021-05-06 17:00:00-04:00,2021-05-06 10:32:25.609000-04:00,2021-05-06 18:21:14.989000-04:00,2,,,,,,Not Assigned,,,,,,,,,,,,,,,,,2.0,1.0,846.541,375.076,1.0,16190550
PSA2KNW,337687,2021-04-30 16:39:15.698000-04:00,2021-05-06 17:00:00-04:00,2021-05-05 23:12:20.853000-04:00,2021-05-06 11:53:20.096000-04:00,3,,,,,,Not Assigned,,,,,,,,,,,,,,,,,2.0,0.0,356.507,144.551,1.0,16181430
PSA2KNW,337825,2021-04-30 16:39:15.702000-04:00,2021-05-06 17:00:00-04:00,2021-05-01 17:14:21.542000-04:00,2021-05-01 17:18:12.328000-04:00,1,,,,,,Not Assigned,,,,,,,,,,,,,,,,,2.0,2.0,72.036,36.012,1.0,16063551
PSA2KNW,339451,2021-04-30 16:39:15.702000-04:00,2021-05-06 17:00:00-04:00,2021-05-06 12:15:34.977000-04:00,2021-05-10 15:47:39.551000-04:00,2,,,,,,Control,224.232,29.674,7.0,6.0,1.0,,7.0,8.0,6.0,0.0,0.0,0.0,0.0,0.0,0.0,1.0,2.0,1.0,132.95,37.86,1.0,16198419
PSA2KNW,339615,2021-04-30 16:39:15.702000-04:00,2021-05-06 17:00:00-04:00,2021-05-06 12:47:24.752000-04:00,2021-05-06 13:27:52.680000-04:00,1,,,,,,Not Assigned,,,,,,,,,,,,,,,,,2.0,2.0,1830.405,915.199,1.0,16201224
PSA2KNW,339688,2021-04-30 16:39:15.702000-04:00,2021-05-06 17:00:00-04:00,2021-05-04 13:45:30.238000-04:00,2021-05-04 14:00:12.157000-04:00,1,,,,,,Treatment,559.835,43.1128,10.0,6.0,2.0,1.0,10.0,17.0,9.0,6.0,0.0,0.0,0.0,0.0,3.0,1.0,2.0,0.0,81.421,22.35,1.0,16132049
PSA2KNW,339984,2021-04-30 16:39:15.694000-04:00,2021-05-06 17:00:00-04:00,2021-05-03 16:28:15.080000-04:00,2021-05-03 16:39:34.539000-04:00,1,,,,,,Treatment,207.982,41.5844,5.0,5.0,,,5.0,5.0,4.0,0.0,0.0,0.0,0.0,0.0,0.0,1.0,2.0,2.0,98.014,48.997,1.0,16101374
PSA2KNW,343042,2021-04-30 16:39:15.702000-04:00,2021-05-06 17:00:00-04:00,2021-05-06 13:25:10.463000-04:00,2021-05-06 15:17:31.556000-04:00,1,,,,,,Treatment,292.231,58.428,5.0,5.0,,,5.0,5.0,4.0,0.0,0.0,0.0,0.0,0.0,0.0,1.0,2.0,2.0,175.455,87.716,1.0,16204333
PSA2KNW,343729,2021-04-30 16:39:15.702000-04:00,2021-05-06 17:00:00-04:00,2021-05-05 00:21:08.152000-04:00,2021-05-05 00:32:08.153000-04:00,1,,,,,,Not Assigned,,,,,,,,,,,,,,,,,2.0,2.0,108.061,54.0245,1.0,16147923
PSA2KNW,344145,2021-04-20 09:00:00-04:00,2021-04-21 00:59:00-04:00,2021-04-22 11:40:59.602000-04:00,,3,,,,,,Not Assigned,,,,,,,,,,,,,,,,,,,,,,15793987
PSA2KNW,344447,2020-05-12 09:45:00-04:00,,2020-05-12 15:21:16.305000-04:00,,2,,,,,,Not Assigned,,,,,,,,,,,,,,,,,,,,,,3182402
PSA2KNW,344572,2021-08-11 10:54:44.177000-04:00,,2021-08-11 11:38:58.350000-04:00,2021-08-11 19:38:01.957000-04:00,2,,,,,,Not Assigned,,,,,,,,,,,,,,,,,2.0,0.0,55.813,21.047,1.0,16805468
PSA2KNW,344973,2021-04-30 16:39:15.702000-04:00,2021-05-06 17:00:00-04:00,2021-05-06 13:39:43.569000-04:00,2021-05-06 13:48:03.080000-04:00,1,,,,,,Not Assigned,,,,,,,,,,,,,,,,,2.0,2.0,105.705,52.847,1.0,16205592
PSA2KNW,348497,2021-04-30 16:39:15.702000-04:00,2021-05-06 17:00:00-04:00,2021-05-07 01:31:32.751000-04:00,2021-05-07 01:37:57.854000-04:00,1,,,,,,Not Assigned,,,,,,,,,,,,,,,,,2.0,2.0,62.4,31.199,1.0,16221320
PSA2KNW,348623,2021-04-30 16:39:15.702000-04:00,2021-05-06 17:00:00-04:00,2021-05-06 15:39:51.095000-04:00,2021-05-06 15:44:21.450000-04:00,1,,,,,,Not Assigned,,,,,,,,,,,,,,,,,2.0,1.0,52.624,19.5475,1.0,16213558
PSA2KNW,350027,2020-05-04 15:09:30.549000-04:00,2020-05-11 15:11:00-04:00,2020-05-08 11:40:57.325000-04:00,2020-05-11 13:11:55.417000-04:00,4,,,,,,Not Assigned,,,,,,,,,,,,,,,,,2.0,2.0,155.716,77.8545,1.0,3033610
PSA2KNW,350193,2020-05-04 15:09:30.551000-04:00,2020-05-11 15:11:00-04:00,2020-05-05 14:19:16.498000-04:00,2020-05-06 14:58:46.895000-04:00,5,,,,,,Control,448.945,112.2325,4.0,4.0,,,4.0,4.0,3.0,0.0,0.0,0.0,0.0,0.0,0.0,1.0,2.0,1.0,435.566,194.675,1.0,2872758
PSA2KNW,350243,2020-05-04 15:09:30.550000-04:00,2020-05-11 15:11:00-04:00,2020-05-04 16:12:35.423000-04:00,2020-05-04 16:40:16.120000-04:00,1,,,,,,Treatment,393.524,42.2218571428571,7.0,6.0,1.0,1.0,7.0,9.0,6.0,1.0,0.0,0.0,0.0,0.0,0.0,1.0,2.0,0.0,629.019,249.9515,1.0,2812271
PSA2KNW,350377,2020-05-12 09:45:00-04:00,,2020-05-12 10:21:17.094000-04:00,,4,,,,,,Not Assigned,,,,,,,,,,,,,,,,,,,,,,3147827
PSA2KNW,350518,2020-05-04 15:09:30.550000-04:00,2020-05-11 15:11:00-04:00,2020-05-04 15:25:27.297000-04:00,,1,,,,,,Not Assigned,,,,,,,,,,,,,,,,,,,,,,2809036
PSA2KNW,350538,2020-05-04 15:09:30.550000-04:00,2020-05-11 15:11:00-04:00,2020-05-05 14:00:20.278000-04:00,,2,,,,,,Not Assigned,,,,,,,,,,,,,,,,,,,,,,2870574
PSA2KNW,350604,2020-05-04 15:09:30.549000-04:00,2020-05-11 15:11:00-04:00,2020-05-04 16:22:18.143000-04:00,2020-05-05 21:50:08.054000-04:00,4,,,,,,Treatment,105018.336,91.0844,10.0,6.0,2.0,1.0,10.0,19.0,9.0,5.0,0.0,0.0,0.0,0.0,3.0,3.0,2.0,1.0,402.162,170.5265,1.0,2812899
PSA2KNW,351467,2020-05-04 15:09:30.550000-04:00,2020-05-11 15:11:00-04:00,2020-05-04 17:11:10.258000-04:00,2020-05-04 17:49:02.364000-04:00,2,,,,,,Treatment,117.098,23.411,5.0,5.0,,,5.0,5.0,4.0,0.0,0.0,0.0,0.0,0.0,0.0,1.0,2.0,0.0,150.222,48.0365,1.0,2815678
PSA2KNW,351593,2020-05-04 15:09:30.550000-04:00,2020-05-11 15:11:00-04:00,2020-05-06 14:45:27.348000-04:00,,6,,,,,,Control,142.672,61.2435,2.0,1.0,,,2.0,2.0,1.0,2.0,0.0,0.0,0.0,0.0,1.0,1.0,,,,,,2936848
PSA2KNW,351595,2020-05-04 15:09:30.551000-04:00,2020-05-11 15:11:00-04:00,2020-05-07 23:37:51.080000-04:00,2020-05-08 00:27:16.081000-04:00,2,,,,,,Treatment,1726.315,165.838777777778,9.0,7.0,1.0,1.0,9.0,13.0,8.0,3.0,0.0,0.0,0.0,0.0,1.0,1.0,2.0,1.0,434.143,201.2895,1.0,3018352
PSA2KNW,352464,2020-05-04 15:09:30.550000-04:00,2020-05-11 15:11:00-04:00,2020-05-11 13:17:07.940000-04:00,,1,,,,,,Not Assigned,,,,,,,,,,,,,,,,,,,,,,3103947
PSA2KNW,352636,2020-05-04 15:09:30.551000-04:00,2020-05-11 15:11:00-04:00,2020-05-05 14:51:53.405000-04:00,,1,,,,,,Not Assigned,,,,,,,,,,,,,,,,,,,,,,2875989
PSA2KNW,352748,2020-05-04 15:09:30.550000-04:00,2020-05-11 15:11:00-04:00,2020-05-04 15:46:59.812000-04:00,,1,,,,,,Not Assigned,,,,,,,,,,,,,,,,,,,,,,2810568
PSA2KNW,352777,2020-05-04 15:09:30.551000-04:00,2020-05-11 15:11:00-04:00,2020-05-11 11:33:44.418000-04:00,,1,,,,,,Treatment,769.213,65.259875,8.0,4.0,1.0,0.0,8.0,16.0,8.0,3.0,0.0,0.0,0.0,0.0,2.0,1.0,,,,,,3090193
PSA2KNW,352799,2020-05-04 15:09:30.550000-04:00,2020-05-11 15:11:00-04:00,2020-05-04 15:49:50.888000-04:00,,3,,,,,,Control,11.257,11.252,2.0,1.0,,,1.0,1.0,1.0,0.0,0.0,0.0,0.0,0.0,0.0,1.0,,,,,,2810762
PSA2KNW,352825,2020-05-04 15:09:30.550000-04:00,2020-05-11 15:11:00-04:00,2020-05-08 13:00:10.167000-04:00,,1,,,,,,Not Assigned,,,,,,,,,,,,,,,,,,,,,,3039709
PSA2KNW,353148,2020-05-04 15:09:30.551000-04:00,2020-05-11 15:11:00-04:00,2020-05-04 21:35:45.577000-04:00,,5,,,,,,Treatment,2769.449,174.803,11.0,4.0,3.0,3.0,8.0,18.0,11.0,8.0,0.0,0.0,0.0,0.0,4.0,3.0,,,,,,2824414
PSA2KNW,353165,2020-05-04 15:09:30.549000-04:00,2020-05-11 15:11:00-04:00,2020-05-06 15:33:57.984000-04:00,,1,,,,,,Not Assigned,,,,,,,,,,,,,,,,,,,,,,2940372
PSA2KNW,353207,2020-05-04 15:09:30.550000-04:00,2020-05-11 15:11:00-04:00,2020-05-06 13:26:48.495000-04:00,2020-05-06 14:06:01.713000-04:00,1,,,,,,Control,586.543,93.1968333333333,6.0,5.0,1.0,1.0,6.0,7.0,5.0,2.0,0.0,0.0,0.0,0.0,1.0,1.0,2.0,0.0,589.309,265.6945,1.0,2928963
PSA2KNW,353241,2020-05-04 15:09:30.550000-04:00,2020-05-11 15:11:00-04:00,2020-05-04 20:49:44.467000-04:00,2020-05-07 20:21:56.671000-04:00,4,,,,,,Not Assigned,,,,,,,,,,,,,,,,,2.0,2.0,405.745,202.87,1.0,2823395
PSA2KNW,353245,2020-05-04 15:09:30.551000-04:00,2020-05-11 15:11:00-04:00,2020-05-05 16:05:59.661000-04:00,,2,,,,,,Not Assigned,,,,,,,,,,,,,,,,,,,,,,2881327
PSA2KNW,353382,2020-05-04 15:09:30.551000-04:00,2020-05-11 15:11:00-04:00,2020-05-11 18:48:50.201000-04:00,,1,,,,,,Not Assigned,,,,,,,,,,,,,,,,,,,,,,3127747
PSA2KNW,353485,2020-05-04 15:09:30.550000-04:00,2020-05-11 15:11:00-04:00,2020-05-04 15:11:00.224000-04:00,,4,,,,,,Treatment,639.844,81.72075,5.0,1.0,0.0,0.0,4.0,14.0,5.0,5.0,0.0,0.0,0.0,0.0,2.0,1.0,,,,,,2807845
PSA2KNW,353489,2020-05-04 15:09:30.551000-04:00,2020-05-11 15:11:00-04:00,2020-05-04 18:04:02.282000-04:00,2020-05-04 18:46:45.923000-04:00,4,,,,,,Treatment,818.039,63.142125,8.0,5.0,1.0,1.0,8.0,16.0,7.0,2.0,0.0,0.0,0.0,0.0,1.0,2.0,2.0,2.0,223.744,111.837,1.0,2818078
PSA2KNW,353932,2020-05-04 15:09:30.550000-04:00,2020-05-11 15:11:00-04:00,2020-05-06 20:19:21.123000-04:00,2020-05-06 20:56:33.033000-04:00,1,,,,,,Control,966.176,106.756857142857,7.0,5.0,1.0,1.0,7.0,13.0,6.0,4.0,0.0,0.0,0.0,0.0,0.0,1.0,2.0,2.0,355.452,177.7195,1.0,2952094
PSA2KNW,354073,2020-05-04 15:09:30.550000-04:00,2020-05-11 15:11:00-04:00,2020-05-06 18:27:23.703000-04:00,,1,,,,,,Not Assigned,,,,,,,,,,,,,,,,,,,,,,2948793
PSA2KNW,354081,2020-05-04 15:09:30.549000-04:00,2020-05-11 15:11:00-04:00,2020-05-04 20:00:45.056000-04:00,,1,,,,,,Not Assigned,,,,,,,,,,,,,,,,,,,,,,2822086
PSA2KNW,354140,2020-05-04 15:09:30.550000-04:00,2020-05-11 15:11:00-04:00,2020-05-10 21:34:11.823000-04:00,2020-05-10 22:32:37.681000-04:00,1,,,,,,Not Assigned,,,,,,,,,,,,,,,,,2.0,2.0,126.875,63.432,1.0,3068342
PSA2KNW,354148,2020-05-04 15:09:30.549000-04:00,2020-05-11 15:11:00-04:00,2020-05-06 21:20:06.460000-04:00,2020-05-06 22:02:46.394000-04:00,2,,,,,,Not Assigned,,,,,,,,,,,,,,,,,2.0,2.0,628.502,314.242,1.0,2953485
PSA2KNW,354158,2020-05-04 15:09:30.550000-04:00,2020-05-11 15:11:00-04:00,2020-05-07 16:01:08.782000-04:00,,5,,,,,,Not Assigned,,,,,,,,,,,,,,,,,,,,,,3005093
PSA2KNW,354161,2020-05-04 15:09:30.550000-04:00,2020-05-11 15:11:00-04:00,2020-05-06 14:49:46.940000-04:00,,4,,,,,,Treatment,740.612,77.72725,8.0,5.0,2.0,,8.0,12.0,8.0,0.0,0.0,0.0,0.0,0.0,0.0,1.0,,,,,,2937211
PSA2KNW,354185,2020-05-04 15:09:30.549000-04:00,2020-05-11 15:11:00-04:00,2020-05-07 21:56:23.826000-04:00,,1,,,,,,Not Assigned,,,,,,,,,,,,,,,,,,,,,,3016747
PSA2KNW,354193,2020-05-04 15:09:30.550000-04:00,2020-05-11 15:11:00-04:00,2020-05-04 22:07:19.775000-04:00,2020-05-04 22:22:20.381000-04:00,1,,,,,,Not Assigned,,,,,,,,,,,,,,,,,2.0,2.0,213.112,106.5475,1.0,2825032
PSA2KNW,354267,2020-05-04 15:09:30.549000-04:00,2020-05-11 15:11:00-04:00,2020-05-10 02:04:39.852000-04:00,,2,,,,,,Control,55.041,15.9753333333333,3.0,1.0,0.0,,2.0,3.0,2.0,0.0,0.0,0.0,0.0,0.0,0.0,1.0,,,,,,3064555
PSA2KNW,354300,2020-05-04 15:09:30.550000-04:00,2020-05-11 15:11:00-04:00,2020-05-05 15:30:08.682000-04:00,,1,,,,,,Not Assigned,,,,,,,,,,,,,,,,,,,,,,2878945
PSA2KNW,354329,2020-05-04 15:09:30.549000-04:00,2020-05-11 15:11:00-04:00,2020-05-04 16:43:52.527000-04:00,,7,,,,,,Treatment,346895.131,6262.90527272727,11.0,3.0,2.0,2.0,10.0,22.0,11.0,9.0,0.0,0.0,0.0,0.0,6.0,4.0,,,,,,2814177
PSA2KNW,354344,2020-05-04 15:09:30.551000-04:00,2020-05-11 15:11:00-04:00,2020-05-11 12:55:32.917000-04:00,2020-05-11 13:33:21.046000-04:00,1,,,,,,Treatment,1045.352,100.924875,8.0,6.0,1.0,0.0,8.0,11.0,7.0,2.0,0.0,0.0,0.0,0.0,1.0,1.0,2.0,0.0,500.825,153.2615,1.0,3101140
PSA2KNW,354371,2020-05-04 15:09:30.551000-04:00,2020-05-11 15:11:00-04:00,2020-05-11 10:39:22.700000-04:00,,1,,,,,,Not Assigned,,,,,,,,,,,,,,,,,,,,,,3083377
PSA2KNW,354464,2020-05-04 15:09:30.550000-04:00,2020-05-11 15:11:00-04:00,2020-05-05 11:10:34.112000-04:00,2020-05-05 11:25:08.128000-04:00,1,,,,,,Treatment,484.784,71.4115,6.0,5.0,1.0,1.0,6.0,8.0,5.0,1.0,0.0,0.0,0.0,0.0,1.0,1.0,2.0,1.0,129.336,45.721,1.0,2847600
PSA2KNW,354526,2020-05-04 15:09:30.551000-04:00,2020-05-11 15:11:00-04:00,2020-05-05 14:39:37.051000-04:00,2020-05-10 14:49:51.666000-04:00,4,,,,,,Treatment,493.736,43.9214,10.0,8.0,2.0,1.0,10.0,12.0,9.0,1.0,0.0,0.0,0.0,0.0,1.0,1.0,2.0,2.0,90.243,45.116,1.0,2874809
PSA2KNW,354585,2020-05-04 15:09:30.549000-04:00,2020-05-11 15:11:00-04:00,2020-05-04 17:13:36.394000-04:00,,1,,,,,,Not Assigned,,,,,,,,,,,,,,,,,,,,,,2815794
PSA2KNW,354644,2020-05-04 15:09:30.549000-04:00,2020-05-11 15:11:00-04:00,2020-05-04 15:59:47.304000-04:00,2020-05-04 16:29:02.417000-04:00,1,,,,,,Not Assigned,,,,,,,,,,,,,,,,,2.0,0.0,643.25,197.4455,1.0,2811410
PSA2KNW,354703,2020-05-04 15:09:30.549000-04:00,2020-05-11 15:11:00-04:00,2020-05-05 14:52:15.838000-04:00,2020-05-05 15:02:17.060000-04:00,1,,,,,,Not Assigned,,,,,,,,,,,,,,,,,2.0,1.0,152.066,66.6005,1.0,2876029
PSA2KNW,354712,2020-05-04 15:09:30.549000-04:00,2020-05-11 15:11:00-04:00,2020-05-08 14:04:01.098000-04:00,2020-05-10 14:42:29.948000-04:00,2,,,,,,Control,1756.016,92.6028461538462,13.0,5.0,2.0,0.0,13.0,30.0,12.0,5.0,0.0,0.0,0.0,0.0,3.0,1.0,2.0,2.0,331.403,165.6815,1.0,3044137
PSA2KNW,354782,2020-05-04 15:09:30.551000-04:00,2020-05-11 15:11:00-04:00,2020-05-05 01:21:58.342000-04:00,,1,,,,,,Not Assigned,,,,,,,,,,,,,,,,,,,,,,2827333
PSA2KNW,354872,2020-05-04 15:09:30.549000-04:00,2020-05-11 15:11:00-04:00,2020-05-04 17:00:25.496000-04:00,,1,,,,,,Not Assigned,,,,,,,,,,,,,,,,,,,,,,2815054
PSA2KNW,354885,2020-05-04 15:09:30.550000-04:00,2020-05-11 15:11:00-04:00,2020-05-04 15:22:49.980000-04:00,2020-05-11 06:38:33.474000-04:00,5,,,,,,Treatment,140.022,28.0,5.0,5.0,,,5.0,5.0,4.0,0.0,0.0,0.0,0.0,0.0,0.0,1.0,2.0,1.0,109.477,49.2265,1.0,2808820
PSA2KNW,354926,2020-05-04 15:09:30.549000-04:00,2020-05-11 15:11:00-04:00,2020-05-11 10:16:28.401000-04:00,,2,,,,,,Not Assigned,,,,,,,,,,,,,,,,,,,,,,3080629
PSA2KNW,356068,2020-05-04 15:09:30.551000-04:00,2020-05-11 15:11:00-04:00,2020-05-07 15:03:19.240000-04:00,,1,,,,,,Not Assigned,,,,,,,,,,,,,,,,,,,,,,3001400
PSA2KNW,356587,2021-02-08 10:09:52.712000-05:00,2021-02-08 17:00:00-05:00,2021-02-08 15:12:54.982000-05:00,,1,,,,,,Not Assigned,,,,,,,,,,,,,,,,,,,,,,13233583
PSA2KNW,356789,2021-02-08 10:09:52.712000-05:00,2021-02-08 17:00:00-05:00,2021-02-08 12:15:55.560000-05:00,,1,,,,,,Not Assigned,,,,,,,,,,,,,,,,,,,,,,13209544
PSA2KNW,357340,2020-05-04 15:09:30.551000-04:00,2020-05-11 15:11:00-04:00,2020-05-05 12:25:52.875000-04:00,,1,,,,,,Not Assigned,,,,,,,,,,,,,,,,,,,,,,2858031
PSA2KNW,357479,2020-05-04 15:09:30.550000-04:00,2020-05-11 15:11:00-04:00,2020-05-10 17:59:47.090000-04:00,,6,,,,,,Control,1233.202,86.44125,12.0,7.0,3.0,,12.0,18.0,11.0,0.0,0.0,0.0,0.0,0.0,0.0,3.0,1.0,,,,1.0,3067021
PSA2KNW,358265,2020-05-04 15:09:30.550000-04:00,2020-05-11 15:11:00-04:00,2020-05-05 17:55:34.293000-04:00,2020-05-07 17:28:27.298000-04:00,2,,,,,,Not Assigned,,,,,,,,,,,,,,,,,2.0,0.0,509.415,211.683,1.0,2886894
PSA2KNW,358278,2020-05-04 15:09:30.550000-04:00,2020-05-11 15:11:00-04:00,2020-05-04 17:22:06.508000-04:00,,1,,,,,,Not Assigned,,,,,,,,,,,,,,,,,,,,,,2816210
PSA2KNW,358688,2020-05-04 15:09:30.549000-04:00,2020-05-11 15:11:00-04:00,2020-05-08 16:25:16.102000-04:00,,2,,,,,,Not Assigned,,,,,,,,,,,,,,,,,,,,,,3050820
PSA2KNW,358736,2020-05-04 15:09:30.549000-04:00,2020-05-11 15:11:00-04:00,2020-05-05 19:04:24.352000-04:00,2020-05-06 16:26:06.951000-04:00,4,,,,,,Control,553.693,97.7698,5.0,4.0,1.0,,5.0,7.0,4.0,0.0,0.0,0.0,0.0,0.0,0.0,1.0,2.0,2.0,71269.391,35634.683,2.0,2889282
PSA2KNW,358842,2020-05-04 15:09:30.550000-04:00,2020-05-11 15:11:00-04:00,2020-05-04 19:39:49.866000-04:00,,1,,,,,,Not Assigned,,,,,,,,,,,,,,,,,,,,,,2821424
PSA2KNW,360442,2020-05-12 09:45:00-04:00,,2020-06-05 14:05:18.718000-04:00,,1,,,,,,Not Assigned,,,,,,,,,,,,,,,,,,,,,,3828123
PSA2KNW,361143,2021-02-08 10:09:52.712000-05:00,2021-02-08 17:00:00-05:00,2021-02-08 10:33:27.162000-05:00,2021-02-08 10:54:31.509000-05:00,3,,,,,,Control,431.267,81.5874,5.0,4.0,1.0,,5.0,6.0,4.0,0.0,0.0,0.0,0.0,0.0,0.0,1.0,2.0,2.0,116.445,58.219,1.0,13195863
PSA2KNW,361353,2020-05-12 09:45:00-04:00,,2020-05-12 12:58:48.941000-04:00,,1,,,,,,Not Assigned,,,,,,,,,,,,,,,,,,,,,,3168002
PSA2KNW,361797,2020-05-04 15:09:30.551000-04:00,2020-05-11 15:11:00-04:00,2020-05-05 21:10:31.044000-04:00,,1,,,,,,Not Assigned,,,,,,,,,,,,,,,,,,,,,,2892702
PSA2KNW,362083,2021-02-08 10:09:52.712000-05:00,2021-02-08 17:00:00-05:00,2021-02-09 11:04:47.293000-05:00,,1,,,,,,Not Assigned,,,,,,,,,,,,,,,,,,,,,,13270160
PSA2KNW,363024,2021-02-08 10:09:52.712000-05:00,2021-02-08 17:00:00-05:00,2021-02-08 10:33:49.915000-05:00,,1,,,,,,Not Assigned,,,,,,,,,,,,,,,,,,,,,,13195905
PSA2KNW,363550,2020-05-04 15:09:30.550000-04:00,2020-05-11 15:11:00-04:00,2020-05-06 14:58:41.527000-04:00,,1,,,,,,Not Assigned,,,,,,,,,,,,,,,,,,,,,,2937898
PSA2KNW,366685,2020-05-04 15:09:30.551000-04:00,2020-05-11 15:11:00-04:00,2020-05-08 16:29:30.016000-04:00,2020-05-08 17:16:38.430000-04:00,1,,,,,,Treatment,759.83,93.2986666666667,6.0,5.0,1.0,1.0,6.0,8.0,5.0,2.0,0.0,0.0,0.0,0.0,0.0,1.0,2.0,0.0,294.514,116.181,1.0,3050973
PSA2KNW,367706,2020-05-04 15:09:30.549000-04:00,2020-05-11 15:11:00-04:00,2020-05-08 14:07:26.974000-04:00,,2,,,,,,Not Assigned,,,,,,,,,,,,,,,,,,,,,,3044389
PSA2KNW,368011,2020-05-04 15:09:30.551000-04:00,2020-05-11 15:11:00-04:00,2020-05-08 16:30:45.698000-04:00,2020-05-08 16:48:48.809000-04:00,1,,,,,,Not Assigned,,,,,,,,,,,,,,,,,2.0,2.0,85.947,42.9725,1.0,3051023
PSA2KNW,368787,2020-05-04 15:09:30.549000-04:00,2020-05-11 15:11:00-04:00,2020-05-10 12:17:27.029000-04:00,2020-05-10 12:32:43-04:00,1,,,,,,Not Assigned,,,,,,,,,,,,,,,,,2.0,2.0,109.13,54.5615,1.0,3065366
PSA2KNW,370645,2020-05-04 15:09:30.550000-04:00,2020-05-11 15:11:00-04:00,2020-05-11 14:43:49.905000-04:00,,1,,,,,,Not Assigned,,,,,,,,,,,,,,,,,,,,,,3113647
PSA2KNW,375192,2020-05-12 09:45:00-04:00,,2020-05-13 21:18:06.969000-04:00,,7,,,,,,Not Assigned,,,,,,,,,,,,,,,,,,,,,,3253176
PSA2KNW,388536,2021-02-08 10:09:52.712000-05:00,2021-02-08 17:00:00-05:00,2021-02-08 10:57:50.564000-05:00,,1,,,,,,Not Assigned,,,,,,,,,,,,,,,,,,,,,,13198892
PSA2KNW,390764,2021-02-08 10:09:52.712000-05:00,2021-02-08 17:00:00-05:00,2021-02-08 10:23:30.292000-05:00,2021-02-08 16:37:02.150000-05:00,4,,,,,,Treatment,664.384,132.8414,5.0,5.0,,,5.0,5.0,4.0,0.0,0.0,0.0,0.0,0.0,0.0,1.0,2.0,1.0,245.148,91.4365,1.0,13194745
PSA2KNW,399275,2021-05-13 15:26:39.930000-04:00,2021-05-17 09:22:00-04:00,2021-05-13 15:43:39.915000-04:00,2021-05-13 15:49:47.521000-04:00,1,,,,,,Not Assigned,,,,,,,,,,,,,,,,,2.0,2.0,141.421,70.7065,1.0,16389705
PSA2KNW,402497,2020-08-26 11:00:00-04:00,2020-08-29 01:00:00-04:00,2020-08-26 12:15:11.514000-04:00,2020-08-26 18:38:16.640000-04:00,3,,,,,,Treatment,12694.45,2538.8872,5.0,5.0,,,5.0,5.0,4.0,0.0,0.0,0.0,0.0,0.0,0.0,2.0,2.0,2.0,185.329,92.663,1.0,4307581
PSA2KNW,402526,2020-08-26 11:00:00-04:00,2020-08-29 01:00:00-04:00,2020-09-01 20:25:33.399000-04:00,,1,,,,,,Not Assigned,,,,,,,,,,,,,,,,,,,,,,4614114
PSA2KNW,402839,2020-08-26 11:00:00-04:00,2020-08-29 01:00:00-04:00,2020-09-01 23:06:29.355000-04:00,2020-09-12 16:16:46.490000-04:00,4,,,,,,Control,66404.623,6609.2442,10.0,6.0,2.0,1.0,10.0,18.0,9.0,4.0,0.0,0.0,0.0,0.0,2.0,2.0,2.0,2.0,476.977,238.4535,1.0,4617620
PSA2KNW,402998,2020-08-26 11:00:00-04:00,2020-08-29 01:00:00-04:00,2020-08-27 17:44:12.955000-04:00,2020-08-28 16:37:22.608000-04:00,2,,,,,,Not Assigned,,,,,,,,,,,,,,,,,2.0,1.0,346.838,149.275,1.0,4393963
PSA2KNW,403645,2020-08-26 11:00:00-04:00,2020-08-29 01:00:00-04:00,2020-08-27 17:42:11.911000-04:00,,1,,,,,,Not Assigned,,,,,,,,,,,,,,,,,,,,,,4393899
PSA2KNW,403713,2020-08-26 11:00:00-04:00,2020-08-29 01:00:00-04:00,2020-08-27 17:28:39.377000-04:00,,2,,,,,,Not Assigned,,,,,,,,,,,,,,,,,,,,,,4393411
PSA2KNW,403717,2020-08-26 11:00:00-04:00,2020-08-29 01:00:00-04:00,2020-08-27 16:45:01.561000-04:00,2020-08-28 16:46:36.174000-04:00,5,,,,,,Control,2597.985,101.379166666667,12.0,7.0,4.0,4.0,12.0,30.0,11.0,8.0,0.0,0.0,0.0,0.0,2.0,2.0,2.0,2.0,312.702,156.3395,1.0,4391310
PSA2KNW,403821,2020-08-26 11:00:00-04:00,2020-08-29 01:00:00-04:00,2020-08-27 15:56:40.104000-04:00,2020-08-27 16:05:22.161000-04:00,1,,,,,,Not Assigned,,,,,,,,,,,,,,,,,2.0,2.0,106.767,53.373,1.0,4388054
PSA2KNW,403825,2020-08-26 11:00:00-04:00,2020-08-29 01:00:00-04:00,2020-09-01 11:27:35.723000-04:00,,2,,,,,,Not Assigned,,,,,,,,,,,,,,,,,,,,,,4557890
PSA2KNW,403828,2020-08-26 11:00:00-04:00,2020-08-29 01:00:00-04:00,2020-09-02 14:37:12.011000-04:00,,4,,,,,,Treatment,1887818.29,943855.9305,2.0,1.0,,,2.0,3.0,2.0,1.0,0.0,0.0,0.0,0.0,0.0,2.0,,,,,,4672794
PSA2KNW,403856,2020-08-26 14:01:16.894000-04:00,2020-08-29 01:00:00-04:00,2020-08-27 13:47:38.200000-04:00,,3,,,,,,Not Assigned,,,,,,,,,,,,,,,,,,,,,,4374423
PSA2KNW,403914,2020-08-26 11:00:00-04:00,2020-08-29 01:00:00-04:00,2020-08-30 21:01:20.301000-04:00,2020-08-30 22:05:06.478000-04:00,4,,,,,,Not Assigned,,,,,,,,,,,,,,,,,2.0,2.0,216.475,108.16,2.0,4456816
PSA2KNW,404219,2020-08-26 11:00:00-04:00,2020-08-29 01:00:00-04:00,2020-08-28 16:38:20.205000-04:00,2020-08-30 03:11:09.056000-04:00,6,,,,,,Control,388.91,73.8696,5.0,4.0,1.0,,5.0,6.0,4.0,0.0,0.0,0.0,0.0,0.0,0.0,1.0,2.0,2.0,289.212,144.595,1.0,4445106
PSA2KNW,404255,2020-08-26 11:00:00-04:00,2020-08-29 01:00:00-04:00,2020-08-27 18:23:53.186000-04:00,,1,,,,,,Treatment,25.025,25.017,2.0,1.0,,,1.0,1.0,2.0,0.0,0.0,0.0,0.0,0.0,0.0,1.0,,,,,,4395198
PSA2KNW,404349,2020-08-26 14:01:16.894000-04:00,2020-08-29 01:00:00-04:00,2020-08-31 18:41:58.835000-04:00,,1,,,,,,Not Assigned,,,,,,,,,,,,,,,,,,,,,,4526430
PSA2KNW,404545,2020-08-26 11:00:00-04:00,2020-08-29 01:00:00-04:00,2020-08-28 15:36:59.534000-04:00,,2,,,,,,Not Assigned,,,,,,,,,,,,,,,,,,,,,,4441948
PSA2KNW,404585,2020-08-26 11:00:00-04:00,2020-08-29 01:00:00-04:00,2020-08-27 16:57:08.168000-04:00,2020-08-28 17:44:25.532000-04:00,3,,,,,,Treatment,86729.562,32.6599,10.0,5.0,1.0,1.0,10.0,18.0,9.0,8.0,0.0,0.0,0.0,0.0,5.0,2.0,2.0,1.0,2029.082,982.831,2.0,4392037
PSA2KNW,404597,2020-08-26 11:00:00-04:00,2020-08-29 01:00:00-04:00,2020-08-27 17:21:58.394000-04:00,,4,,,,,,Control,86507.778,66.5496923076923,14.0,1.0,0.0,0.0,9.0,38.0,13.0,19.0,0.0,0.0,0.0,0.0,7.0,3.0,,,,,,4393181
PSA2KNW,404623,2020-08-26 11:00:00-04:00,2020-08-29 01:00:00-04:00,2020-08-31 15:53:07.643000-04:00,,3,,,,,,Treatment,121.34,121.314,2.0,1.0,,,1.0,1.0,2.0,0.0,0.0,0.0,0.0,0.0,0.0,1.0,,,,,,4516131
PSA2KNW,404643,2020-08-26 11:00:00-04:00,2020-08-29 01:00:00-04:00,2020-08-27 18:10:57-04:00,2020-08-28 14:45:25.880000-04:00,6,,,,,,Control,9459.447,421.56115,20.0,11.0,6.0,2.0,20.0,31.0,19.0,3.0,0.0,0.0,0.0,0.0,0.0,4.0,2.0,1.0,384.451,168.8555,1.0,4394854
PSA2KNW,404646,2020-08-26 11:00:00-04:00,2020-08-29 01:00:00-04:00,2020-08-31 15:52:57.613000-04:00,,3,,,,,,Control,78833.506,15726.8068,6.0,2.0,1.0,1.0,5.0,11.0,5.0,6.0,0.0,0.0,0.0,0.0,3.0,2.0,,,,,,4516116
PSA2KNW,404647,2020-08-26 11:00:00-04:00,2020-08-29 01:00:00-04:00,2020-08-26 16:43:21.589000-04:00,2020-08-27 18:24:50.499000-04:00,3,,,,,,Control,346.842,40.728,5.0,4.0,1.0,1.0,5.0,9.0,4.0,2.0,0.0,0.0,0.0,0.0,0.0,1.0,2.0,1.0,172.577,67.3905,1.0,4333184
PSA2KNW,404689,2020-08-26 14:01:16.894000-04:00,2020-08-29 01:00:00-04:00,2020-09-30 13:42:59.534000-04:00,,1,,,,,,Not Assigned,,,,,,,,,,,,,,,,,,,,,,6797478
PSA2KNW,404732,2020-08-26 11:00:00-04:00,2020-08-29 01:00:00-04:00,2020-08-27 12:06:37.989000-04:00,,2,,,,,,Treatment,774.164,53.337,8.0,1.0,0.0,0.0,7.0,17.0,8.0,9.0,0.0,0.0,0.0,0.0,6.0,2.0,,,,,,4361210
PSA2KNW,404777,2020-08-26 11:00:00-04:00,2020-08-29 01:00:00-04:00,2020-09-01 15:34:31.068000-04:00,2020-09-01 16:31:31.662000-04:00,3,,,,,,Treatment,147.978,29.5916,5.0,5.0,,,5.0,5.0,4.0,0.0,0.0,0.0,0.0,0.0,0.0,1.0,2.0,2.0,203.585,101.789,1.0,4598303
PSA2KNW,404927,2020-08-26 14:01:16.894000-04:00,2020-08-29 01:00:00-04:00,2020-08-27 13:39:12.530000-04:00,,1,,,,,,Control,10.696,10.682,2.0,1.0,,,1.0,1.0,1.0,0.0,0.0,0.0,0.0,0.0,0.0,1.0,,,,,,4373250
PSA2KNW,405253,2020-08-26 11:00:00-04:00,2020-08-29 01:00:00-04:00,2020-08-31 00:54:36.231000-04:00,,1,,,,,,Not Assigned,,,,,,,,,,,,,,,,,,,,,,4458407
PSA2KNW,405584,2020-08-26 11:00:00-04:00,2020-08-29 01:00:00-04:00,2020-08-27 14:54:51.109000-04:00,2020-08-27 17:07:19.437000-04:00,4,,,,,,Not Assigned,,,,,,,,,,,,,,,,,2.0,1.0,156.707,61.597,1.0,4382903
PSA2KNW,405586,2020-08-26 11:00:00-04:00,2020-08-29 01:00:00-04:00,2020-08-26 18:18:27.942000-04:00,2020-08-27 14:24:01.783000-04:00,15,,,,,,Control,70887.841,6410.26709090909,11.0,5.0,2.0,2.0,11.0,20.0,10.0,10.0,0.0,0.0,0.0,0.0,6.0,5.0,2.0,2.0,142.705,71.3395,3.0,4336288
PSA2KNW,405591,2020-08-26 14:01:16.894000-04:00,2020-08-29 01:00:00-04:00,2020-08-27 13:27:21.138000-04:00,2020-08-27 13:32:05.670000-04:00,1,,,,,,Not Assigned,,,,,,,,,,,,,,,,,2.0,2.0,60.796,30.3895,1.0,4371658
PSA2KNW,405606,2020-08-26 11:00:00-04:00,2020-08-29 01:00:00-04:00,2020-08-27 23:24:20.011000-04:00,2020-08-27 23:34:27.155000-04:00,1,,,,,,Not Assigned,,,,,,,,,,,,,,,,,2.0,2.0,197.001,98.4975,1.0,4401197
PSA2KNW,405628,2020-08-26 11:00:00-04:00,2020-08-29 01:00:00-04:00,2020-08-27 18:49:21.355000-04:00,2020-08-28 00:35:51.504000-04:00,8,,,,,,Control,2400.713,600.15975,4.0,4.0,,,4.0,4.0,3.0,0.0,0.0,0.0,0.0,0.0,0.0,2.0,2.0,2.0,1194.106,597.0455,1.0,4395893
PSA2KNW,405717,2020-08-26 11:00:00-04:00,2020-08-29 01:00:00-04:00,2020-08-28 16:30:10.027000-04:00,,4,,,,,,Control,601.803,45.7678181818182,11.0,8.0,2.0,,11.0,15.0,10.0,0.0,0.0,0.0,0.0,0.0,0.0,1.0,1.0,,,,1.0,4444737
PSA2KNW,405719,2020-08-26 11:00:00-04:00,2020-08-29 01:00:00-04:00,2020-08-26 16:45:21.014000-04:00,,12,,,,,,Not Assigned,,,,,,,,,,,,,,,,,,,,,,4333277
PSA2KNW,406138,2020-08-26 14:01:16.894000-04:00,2020-08-29 01:00:00-04:00,2020-08-28 13:33:45.951000-04:00,,1,,,,,,Control,287.638,47.875,5.0,1.0,0.0,0.0,3.0,6.0,4.0,5.0,0.0,0.0,0.0,0.0,3.0,1.0,,,,,,4430252
PSA2KNW,406149,2020-08-26 14:01:16.894000-04:00,2020-08-29 01:00:00-04:00,2020-09-04 21:25:44.929000-04:00,2020-09-04 22:33:06.685000-04:00,3,,,,,,Not Assigned,,,,,,,,,,,,,,,,,2.0,1.0,339.577,152.37,1.0,4841672
PSA2KNW,406150,2020-08-26 11:00:00-04:00,2020-08-29 01:00:00-04:00,2020-08-26 13:36:44.879000-04:00,,2,,,,,,Not Assigned,,,,,,,,,,,,,,,,,,,,,,4316544
PSA2KNW,406159,2020-08-26 14:01:16.894000-04:00,2020-08-29 01:00:00-04:00,2020-08-27 13:47:08.342000-04:00,,2,,,,,,Not Assigned,,,,,,,,,,,,,,,,,,,,,,4374348
PSA2KNW,406161,2020-08-26 14:01:16.894000-04:00,2020-08-29 01:00:00-04:00,2020-09-15 13:29:33.736000-04:00,,1,,,,,,Not Assigned,,,,,,,,,,,,,,,,,,,,,,5452447
PSA2KNW,406165,2020-08-26 14:01:16.894000-04:00,2020-08-29 01:00:00-04:00,2020-08-27 13:35:09.970000-04:00,,3,,,,,,Not Assigned,,,,,,,,,,,,,,,,,,,,,,4372631
PSA2KNW,406168,2020-08-26 14:01:16.894000-04:00,2020-08-29 01:00:00-04:00,2020-08-28 14:07:35.462000-04:00,2020-08-31 14:56:39.789000-04:00,3,,,,,,Not Assigned,,,,,,,,,,,,,,,,,2.0,1.0,520.158,229.013,1.0,4434369
PSA2KNW,406173,2020-08-26 14:01:16.894000-04:00,2020-08-29 01:00:00-04:00,2020-09-14 13:57:02.338000-04:00,,1,,,,,,Not Assigned,,,,,,,,,,,,,,,,,,,,,,5332507
PSA2KNW,406176,2020-08-26 11:00:00-04:00,2020-08-29 01:00:00-04:00,2020-08-28 17:10:11.636000-04:00,2020-09-09 19:09:06.535000-04:00,4,,,,,,Control,443.284,38.0586,5.0,4.0,1.0,1.0,5.0,7.0,4.0,2.0,0.0,0.0,0.0,0.0,1.0,1.0,2.0,0.0,273.544,94.732,1.0,4446257
PSA2KNW,406177,2020-08-26 14:01:16.894000-04:00,2020-08-29 01:00:00-04:00,2020-08-27 13:47:33.203000-04:00,,1,,,,,,Not Assigned,,,,,,,,,,,,,,,,,,,,,,4374415
PSA2KNW,406183,2020-08-26 14:01:16.894000-04:00,2020-08-29 01:00:00-04:00,2020-08-26 14:10:12.093000-04:00,2020-08-26 19:03:25.394000-04:00,2,,,,,,Not Assigned,,,,,,,,,,,,,,,,,2.0,2.0,1346.926,673.457,1.0,4320914
PSA2KNW,406184,2020-08-26 14:01:16.894000-04:00,2020-08-29 01:00:00-04:00,2020-08-29 02:50:15.545000-04:00,,1,,,,,,Control,2762.445,243.4965,10.0,4.0,2.0,2.0,5.0,10.0,9.0,9.0,0.0,0.0,0.0,0.0,4.0,1.0,,,,,,4450729
PSA2KNW,406204,2020-08-26 14:01:16.894000-04:00,2020-08-29 01:00:00-04:00,2020-08-28 13:38:37.071000-04:00,2020-08-29 02:11:24.226000-04:00,2,,,,,,Not Assigned,,,,,,,,,,,,,,,,,2.0,0.0,393.247,50.1315,1.0,4430877
PSA2KNW,406388,2020-08-26 11:00:00-04:00,2020-08-29 01:00:00-04:00,2020-08-28 15:58:26.553000-04:00,,1,,,,,,Not Assigned,,,,,,,,,,,,,,,,,,,,,,4443166
PSA2KNW,406392,2020-08-26 11:00:00-04:00,2020-08-29 01:00:00-04:00,2020-08-26 18:25:34.669000-04:00,2020-08-26 18:50:34.278000-04:00,1,,,,,,Not Assigned,,,,,,,,,,,,,,,,,2.0,1.0,849.426,369.5475,1.0,4336466
PSA2KNW,406397,2020-08-26 11:00:00-04:00,2020-08-29 01:00:00-04:00,2020-08-27 16:09:28.271000-04:00,,6,,,,,,Not Assigned,,,,,,,,,,,,,,,,,,,,,,4388924
PSA2KNW,406403,2020-08-26 11:00:00-04:00,2020-08-29 01:00:00-04:00,2020-09-01 12:44:58.489000-04:00,,1,,,,,,Not Assigned,,,,,,,,,,,,,,,,,,,,,,4570566
PSA2KNW,406407,2020-08-26 11:00:00-04:00,2020-08-29 01:00:00-04:00,2020-08-27 15:48:28.782000-04:00,,4,,,,,,Not Assigned,,,,,,,,,,,,,,,,,,,,,,4387702
PSA2KNW,406471,2020-08-26 11:00:00-04:00,2020-08-29 01:00:00-04:00,2020-08-27 16:40:49.834000-04:00,,1,,,,,,Not Assigned,,,,,,,,,,,,,,,,,,,,,,4391066
PSA2KNW,406472,2020-08-26 11:00:00-04:00,2020-08-29 01:00:00-04:00,2020-09-29 20:10:28.468000-04:00,,1,,,,,,Not Assigned,,,,,,,,,,,,,,,,,,,,,,6720615
PSA2KNW,406481,2020-08-26 11:00:00-04:00,2020-08-29 01:00:00-04:00,2020-08-31 19:43:28.942000-04:00,,2,,,,,,Not Assigned,,,,,,,,,,,,,,,,,,,,,,4528534
PSA2KNW,406482,2020-08-26 11:00:00-04:00,2020-08-29 01:00:00-04:00,2020-08-28 18:22:44.025000-04:00,2020-08-30 16:37:43.812000-04:00,4,,,,,,Control,2602.231,104.94,13.0,9.0,3.0,,13.0,20.0,12.0,0.0,0.0,0.0,0.0,0.0,0.0,1.0,2.0,2.0,371.382,185.678,1.0,4447671
PSA2KNW,406485,2020-08-26 11:00:00-04:00,2020-08-29 01:00:00-04:00,2020-08-27 17:00:10.486000-04:00,2020-09-01 15:38:26.194000-04:00,2,,,,,,Not Assigned,,,,,,,,,,,,,,,,,2.0,2.0,115.664,57.823,1.0,4392193
PSA2KNW,406486,2020-08-26 11:00:00-04:00,2020-08-29 01:00:00-04:00,2020-08-27 16:41:30.146000-04:00,,1,,,,,,Not Assigned,,,,,,,,,,,,,,,,,,,,,,4391105
PSA2KNW,406537,2020-08-26 11:00:00-04:00,2020-08-29 01:00:00-04:00,2020-10-01 17:24:02.852000-04:00,,1,,,,,,Not Assigned,,,,,,,,,,,,,,,,,,,,,,6946252
PSA2KNW,406563,2020-08-26 11:00:00-04:00,2020-08-29 01:00:00-04:00,2020-08-27 18:10:58.620000-04:00,2020-08-27 18:59:42.745000-04:00,4,,,,,,Treatment,940.3,66.8351818181818,11.0,8.0,2.0,1.0,11.0,17.0,10.0,3.0,0.0,0.0,0.0,0.0,2.0,2.0,2.0,0.0,701.65,324.4555,3.0,4394855
PSA2KNW,406564,2020-08-26 11:00:00-04:00,2020-08-29 01:00:00-04:00,2020-09-02 18:20:50.426000-04:00,,2,,,,,,Not Assigned,,,,,,,,,,,,,,,,,,,,,,4689942
PSA2KNW,406580,2020-08-26 11:00:00-04:00,2020-08-29 01:00:00-04:00,2020-08-28 18:05:13.896000-04:00,,1,,,,,,Not Assigned,,,,,,,,,,,,,,,,,,,,,,4447399
PSA2KNW,406583,2020-08-26 11:00:00-04:00,2020-08-29 01:00:00-04:00,2020-08-27 22:13:56.665000-04:00,,5,,,,,,Not Assigned,,,,,,,,,,,,,,,,,,,,,,4400272
PSA2KNW,406586,2020-08-26 11:00:00-04:00,2020-08-29 01:00:00-04:00,2020-08-31 18:11:07.550000-04:00,,1,,,,,,Not Assigned,,,,,,,,,,,,,,,,,,,,,,4525208
PSA2KNW,406588,2020-08-26 11:00:00-04:00,2020-08-29 01:00:00-04:00,2020-08-27 18:24:36.034000-04:00,2020-08-27 18:36:21.427000-04:00,3,,,,,,Not Assigned,,,,,,,,,,,,,,,,,2.0,0.0,256.288,98.8525,1.0,4395206
PSA2KNW,406590,2020-08-26 11:00:00-04:00,2020-08-29 01:00:00-04:00,2020-09-14 12:04:50.157000-04:00,,1,,,,,,Not Assigned,,,,,,,,,,,,,,,,,,,,,,5305404
PSA2KNW,406592,2020-08-26 11:00:00-04:00,2020-08-29 01:00:00-04:00,2020-08-27 17:59:46.631000-04:00,2020-08-28 17:40:08.723000-04:00,3,,,,,,Not Assigned,,,,,,,,,,,,,,,,,2.0,0.0,191.81,56.4225,1.0,4394502
PSA2KNW,406595,2020-08-26 11:00:00-04:00,2020-08-29 01:00:00-04:00,2020-09-24 18:48:19.353000-04:00,,2,,,,,,Not Assigned,,,,,,,,,,,,,,,,,,,,,,6373864
PSA2KNW,406623,2020-08-26 14:01:16.894000-04:00,2020-08-29 01:00:00-04:00,2020-08-27 14:05:39.433000-04:00,,3,,,,,,Treatment,435499.675,121.550833333333,6.0,5.0,1.0,1.0,6.0,8.0,5.0,2.0,0.0,0.0,0.0,0.0,1.0,2.0,1.0,,,,1.0,4376901
PSA2KNW,406708,2020-08-26 14:01:16.894000-04:00,2020-08-29 01:00:00-04:00,2020-08-28 13:36:52.719000-04:00,2020-08-28 13:57:28.461000-04:00,1,,,,,,Not Assigned,,,,,,,,,,,,,,,,,2.0,1.0,159.609,72.3555,1.0,4430638
PSA2KNW,406716,2020-08-26 11:00:00-04:00,2020-08-29 01:00:00-04:00,2020-09-04 00:00:12.742000-04:00,,10,,,,,,Control,615.64,19.5779090909091,11.0,2.0,1.0,1.0,2.0,11.0,10.0,17.0,0.0,0.0,0.0,0.0,9.0,1.0,,,,,,4781952
PSA2KNW,406723,2020-08-26 11:00:00-04:00,2020-08-29 01:00:00-04:00,2020-08-31 21:23:26.610000-04:00,,1,,,,,,Not Assigned,,,,,,,,,,,,,,,,,,,,,,4531200
PSA2KNW,406755,2020-08-26 11:00:00-04:00,2020-08-29 01:00:00-04:00,2020-09-02 18:30:53.015000-04:00,,2,,,,,,Not Assigned,,,,,,,,,,,,,,,,,,,,,,4690284
PSA2KNW,406760,2020-08-26 11:00:00-04:00,2020-08-29 01:00:00-04:00,2020-09-10 08:38:38.818000-04:00,2020-09-10 08:54:45.783000-04:00,3,,,,,,Control,286.128,24.3637142857143,7.0,4.0,1.0,1.0,7.0,12.0,6.0,1.0,0.0,0.0,0.0,0.0,1.0,1.0,2.0,1.0,89.374,32.82,1.0,5053175
PSA2KNW,406765,2020-08-26 11:00:00-04:00,2020-08-29 01:00:00-04:00,2020-09-10 19:13:53.696000-04:00,,1,,,,,,Not Assigned,,,,,,,,,,,,,,,,,,,,,,5150073
PSA2KNW,407397,2020-08-26 14:01:16.894000-04:00,2020-08-29 01:00:00-04:00,2020-09-21 06:11:27.117000-04:00,2020-09-21 06:15:57.710000-04:00,1,,,,,,Not Assigned,,,,,,,,,,,,,,,,,2.0,2.0,64.034,32.013,1.0,5874421
PSA2KNW,407568,2020-08-26 11:00:00-04:00,2020-08-29 01:00:00-04:00,2020-08-27 14:31:26.105000-04:00,,2,,,,,,Not Assigned,,,,,,,,,,,,,,,,,,,,,,4380229
PSA2KNW,407631,2020-08-26 11:00:00-04:00,2020-08-29 01:00:00-04:00,2020-09-05 21:52:16.999000-04:00,,1,,,,,,Not Assigned,,,,,,,,,,,,,,,,,,,,,,4845835
PSA2KNW,407684,2020-08-26 11:00:00-04:00,2020-08-29 01:00:00-04:00,2020-08-31 15:50:36.084000-04:00,,2,,,,,,Not Assigned,,,,,,,,,,,,,,,,,,,,,,4515951
PSA2KNW,407823,2020-08-26 11:00:00-04:00,2020-08-29 01:00:00-04:00,2020-08-28 17:32:14.791000-04:00,,1,,,,,,Not Assigned,,,,,,,,,,,,,,,,,,,,,,4446743
PSA2KNW,407833,2020-08-26 11:00:00-04:00,2020-08-29 01:00:00-04:00,2020-08-27 14:21:35.784000-04:00,,7,,,,,,Not Assigned,,,,,,,,,,,,,,,,,,,,,,4379023
PSA2KNW,407845,2020-08-26 11:00:00-04:00,2020-08-29 01:00:00-04:00,2020-09-04 01:06:03.570000-04:00,,3,,,,,,Treatment,60377.166,8551.91985714286,7.0,3.0,1.0,0.0,7.0,14.0,7.0,2.0,0.0,0.0,0.0,0.0,1.0,2.0,,,,,,4782582
PSA2KNW,407900,2020-08-26 14:01:16.894000-04:00,2020-08-29 01:00:00-04:00,2020-08-30 18:19:13.958000-04:00,2020-09-02 00:32:07.478000-04:00,5,,,,,,Control,83127.406,46.74725,12.0,5.0,2.0,1.0,12.0,23.0,11.0,10.0,0.0,0.0,0.0,0.0,5.0,3.0,2.0,2.0,81.432,40.7075,1.0,4455555
PSA2KNW,407901,2020-08-26 14:01:16.894000-04:00,2020-08-29 01:00:00-04:00,2020-08-27 19:57:45.365000-04:00,,2,,,,,,Treatment,2792.764,184.291,8.0,2.0,1.0,1.0,8.0,24.0,8.0,9.0,0.0,0.0,0.0,0.0,5.0,1.0,,,,,,4397658
PSA2KNW,408496,2020-08-26 11:00:00-04:00,2020-08-29 01:00:00-04:00,2020-08-31 02:47:46.566000-04:00,2020-08-31 03:07:53.590000-04:00,1,,,,,,Not Assigned,,,,,,,,,,,,,,,,,2.0,2.0,216.627,108.2825,1.0,4458693
PSA2KNW,410164,2020-08-26 11:00:00-04:00,2020-08-29 01:00:00-04:00,2020-09-01 13:53:57.004000-04:00,,1,,,,,,Not Assigned,,,,,,,,,,,,,,,,,,,,,,4582290
PSA2KNW,410886,2020-08-26 14:01:16.894000-04:00,2020-08-29 01:00:00-04:00,2020-09-16 17:43:01.977000-04:00,2020-09-22 00:45:54.633000-04:00,9,,,,,,Treatment,452480.324,56544.503875,8.0,6.0,2.0,2.0,8.0,13.0,7.0,3.0,0.0,0.0,0.0,0.0,2.0,3.0,2.0,1.0,314.594,142.845,3.0,5616904
PSA2KNW,416017,2020-08-26 11:00:00-04:00,2020-08-29 01:00:00-04:00,2020-08-30 23:27:58.198000-04:00,2020-08-30 23:45:38.706000-04:00,1,,,,,,Not Assigned,,,,,,,,,,,,,,,,,2.0,2.0,108.266,54.1245,1.0,4457971
PSA2KNW,416310,2020-08-26 11:00:00-04:00,2020-08-29 01:00:00-04:00,2020-08-28 16:53:03.614000-04:00,2020-08-28 21:45:35.578000-04:00,2,,,,,,Not Assigned,,,,,,,,,,,,,,,,,2.0,2.0,261.879,130.9215,1.0,4445734
PSA2KNW,418915,2020-08-28 14:30:00-04:00,2020-08-31 14:30:00-04:00,2020-08-31 16:12:22.103000-04:00,,8,,,,,,Treatment,2431778.321,202565.191333333,12.0,3.0,1.0,1.0,12.0,31.0,12.0,15.0,0.0,0.0,0.0,0.0,8.0,4.0,,,,,,4517937
PSA2KNW,418919,2020-08-28 14:30:00-04:00,2020-08-31 14:30:00-04:00,2020-08-28 15:23:42.087000-04:00,2020-08-28 15:30:49.981000-04:00,1,,,,,,Not Assigned,,,,,,,,,,,,,,,,,2.0,1.0,137.137,51.866,1.0,4441079
PSA2KNW,418923,2020-08-28 14:30:00-04:00,2020-08-31 14:30:00-04:00,2020-08-28 15:16:28.754000-04:00,2020-08-28 15:22:50.357000-04:00,1,,,,,,Not Assigned,,,,,,,,,,,,,,,,,2.0,1.0,122.582,47.0405,1.0,4440572
PSA2KNW,418924,2020-08-28 14:30:00-04:00,2020-08-31 14:30:00-04:00,2020-08-28 15:25:32.922000-04:00,2020-08-28 15:43:23.980000-04:00,1,,,,,,Not Assigned,,,,,,,,,,,,,,,,,2.0,1.0,325.759,145.0615,1.0,4441195
PSA2KNW,418928,2020-08-28 14:30:00-04:00,2020-08-31 14:30:00-04:00,2020-08-28 15:53:39.925000-04:00,,5,,,,,,Treatment,2188.041,153.477857142857,7.0,1.0,0.0,0.0,7.0,18.0,7.0,7.0,0.0,0.0,0.0,0.0,5.0,3.0,,,,,,4442874
PSA2KNW,418932,2020-08-28 14:30:00-04:00,2020-08-31 14:30:00-04:00,2020-08-28 15:23:53.938000-04:00,2020-08-28 15:34:02.636000-04:00,1,,,,,,Not Assigned,,,,,,,,,,,,,,,,,2.0,0.0,168.165,50.6385,1.0,4441100
PSA2KNW,418935,2020-08-28 14:30:00-04:00,2020-08-31 14:30:00-04:00,2020-08-28 14:45:48.095000-04:00,2020-08-28 15:57:21.676000-04:00,2,,,,,,Control,2570.916,293.142,7.0,4.0,1.0,1.0,7.0,14.0,6.0,3.0,0.0,0.0,0.0,0.0,2.0,2.0,2.0,1.0,1175.185,304.799,1.0,4438087
PSA2KNW,418937,2020-08-28 14:30:00-04:00,2020-08-31 14:30:00-04:00,2020-09-21 13:48:43.331000-04:00,,1,,,,,,Control,618.868,50.9107777777778,10.0,4.0,1.0,0.0,8.0,14.0,9.0,7.0,0.0,0.0,0.0,0.0,4.0,1.0,,,,,,5947098
PSA2KNW,418941,2020-08-28 14:30:00-04:00,2020-08-31 14:30:00-04:00,2020-08-28 15:27:57.071000-04:00,2020-08-28 15:49:07.398000-04:00,1,,,,,,Control,397.723,33.277,8.0,5.0,2.0,1.0,8.0,11.0,7.0,2.0,0.0,0.0,0.0,0.0,1.0,1.0,2.0,1.0,98.695,42.982,1.0,4441363
PSA2KNW,418944,2020-08-28 14:30:00-04:00,2020-08-31 14:30:00-04:00,2020-08-28 15:23:23.640000-04:00,,1,,,,,,Not Assigned,,,,,,,,,,,,,,,,,,,,,,4441063
PSA2KNW,418946,2020-08-28 14:30:00-04:00,2020-08-31 14:30:00-04:00,2020-08-30 14:38:21.689000-04:00,2020-08-31 15:47:22.747000-04:00,3,,,,,,Treatment,270.357,54.0604,5.0,5.0,,,5.0,5.0,4.0,0.0,0.0,0.0,0.0,0.0,0.0,1.0,2.0,2.0,300.818,150.3785,1.0,4454356
PSA2KNW,418948,2020-08-28 14:30:00-04:00,2020-08-31 14:30:00-04:00,2020-08-31 15:15:36.495000-04:00,,1,,,,,,Not Assigned,,,,,,,,,,,,,,,,,,,,,,4512466
PSA2KNW,418958,2020-08-28 14:30:00-04:00,2020-08-31 14:30:00-04:00,2020-08-28 17:26:57.790000-04:00,,1,,,,,,Not Assigned,,,,,,,,,,,,,,,,,,,,,,4446618
PSA2KNW,418972,2020-08-28 14:30:00-04:00,2020-08-31 14:30:00-04:00,2020-09-01 14:30:11.966000-04:00,2020-09-01 22:14:27.952000-04:00,3,,,,,,Control,2233.559,141.645625,8.0,5.0,2.0,2.0,8.0,16.0,7.0,5.0,0.0,0.0,0.0,0.0,3.0,1.0,2.0,2.0,375.823,187.9065,1.0,4589165
PSA2KNW,418982,2020-08-28 14:30:00-04:00,2020-08-31 14:30:00-04:00,2020-08-28 15:49:56.881000-04:00,2020-09-01 12:09:36.949000-04:00,3,,,,,,Control,331479.04,19473.0365882353,17.0,9.0,4.0,3.0,17.0,31.0,16.0,9.0,0.0,0.0,0.0,0.0,6.0,2.0,2.0,2.0,330.538,165.1795,2.0,4442608
PSA2KNW,418992,2020-08-28 14:30:00-04:00,2020-08-31 14:30:00-04:00,2020-08-28 15:39:21.031000-04:00,2020-08-28 16:01:54.636000-04:00,1,,,,,,Not Assigned,,,,,,,,,,,,,,,,,2.0,2.0,629.712,314.825,1.0,4442055
PSA2KNW,419001,2020-08-28 14:30:00-04:00,2020-08-31 14:30:00-04:00,2020-08-28 15:14:02.809000-04:00,,1,,,,,,Not Assigned,,,,,,,,,,,,,,,,,,,,,,4440428
PSA2KNW,419008,2020-08-28 14:30:00-04:00,2020-08-31 14:30:00-04:00,2020-08-28 15:05:12.300000-04:00,2020-08-28 15:19:42.234000-04:00,1,,,,,,Control,412.72,28.5626,10.0,4.0,1.0,1.0,9.0,19.0,9.0,8.0,0.0,0.0,0.0,0.0,4.0,1.0,2.0,1.0,123.497,51.232,1.0,4439819
PSA2KNW,419012,2020-08-28 14:30:00-04:00,2020-08-31 14:30:00-04:00,2020-08-28 17:48:34.676000-04:00,,5,,,,,,Control,169842.999,421.164533333333,15.0,7.0,3.0,2.0,14.0,24.0,14.0,13.0,0.0,0.0,0.0,0.0,7.0,3.0,,,,,,4447090
PSA2KNW,419820,2020-08-28 14:30:00-04:00,2020-08-31 14:30:00-04:00,2020-08-31 12:57:30.615000-04:00,,1,,,,,,Not Assigned,,,,,,,,,,,,,,,,,,,,,,4667321
PSA2KNW,420374,2020-08-28 14:30:00-04:00,2020-08-31 14:30:00-04:00,2020-09-07 16:41:06.427000-04:00,,2,,,,,,Not Assigned,,,,,,,,,,,,,,,,,,,,,,4852561
PSA2KNW,427383,2020-08-28 14:30:00-04:00,2020-08-31 14:30:00-04:00,2020-08-28 19:12:04.205000-04:00,,2,,,,,,Not Assigned,,,,,,,,,,,,,,,,,,,,,,4448330
PSA2KNW,428559,2020-08-26 11:00:00-04:00,2020-08-29 01:00:00-04:00,2020-08-27 16:38:14.909000-04:00,2020-08-31 16:59:16.777000-04:00,3,,,,,,Treatment,346318.47,23072.1576666667,15.0,8.0,4.0,3.0,14.0,24.0,14.0,9.0,0.0,0.0,0.0,0.0,5.0,3.0,2.0,2.0,91.459,45.721,1.0,4390899
PSA2KNW,429949,2021-08-11 10:54:44.177000-04:00,,2021-08-11 19:54:27.394000-04:00,2021-08-11 22:31:04.141000-04:00,2,,,,,,Not Assigned,,,,,,,,,,,,,,,,,2.0,2.0,304.625,152.309,1.0,16808039
PSA2KNW,430233,2021-08-11 10:54:44.177000-04:00,,2021-08-11 11:38:01.388000-04:00,,1,,,,,,Not Assigned,,,,,,,,,,,,,,,,,,,,,,16805461
PSA2KNW,430345,2021-08-11 10:54:44.177000-04:00,,2021-08-12 09:17:46.602000-04:00,,5,,,,,,Not Assigned,,,,,,,,,,,,,,,,,,,,,,16808724
PSA2KNW,430414,2021-08-11 10:54:44.177000-04:00,,2021-08-11 11:35:44.314000-04:00,,1,,,,,,Not Assigned,,,,,,,,,,,,,,,,,,,,,,16805446
PSA2KNW,430585,2021-08-11 10:54:44.177000-04:00,,2021-08-11 20:20:34.737000-04:00,,2,,,,,,Not Assigned,,,,,,,,,,,,,,,,,,,,,,16808075
PSA2KNW,430763,2021-08-11 10:54:44.177000-04:00,,2021-08-11 11:32:55.688000-04:00,2021-08-12 11:39:11.437000-04:00,2,,,,,,Not Assigned,,,,,,,,,,,,,,,,,2.0,1.0,79.23,36.9955,1.0,16805421
PSA2KNW,430832,2021-08-11 10:54:44.177000-04:00,,2021-08-11 11:15:34.400000-04:00,2021-08-11 23:41:37.045000-04:00,2,,,,,,Not Assigned,,,,,,,,,,,,,,,,,2.0,1.0,241.305,117.4845,1.0,16805319
PSA2KNW,430850,2021-08-11 10:54:44.177000-04:00,,2021-08-11 11:31:12.648000-04:00,2021-08-12 11:12:46.654000-04:00,2,,,,,,Not Assigned,,,,,,,,,,,,,,,,,2.0,0.0,92.017,38.378,1.0,16805406
PSA2KNW,430869,2021-08-11 10:54:44.177000-04:00,,2021-08-11 11:35:43.897000-04:00,,1,,,,,,Not Assigned,,,,,,,,,,,,,,,,,,,,,,16805445
PSA2KNW,430888,2021-08-11 10:54:44.177000-04:00,,2021-08-11 11:26:21.384000-04:00,,1,,,,,,Not Assigned,,,,,,,,,,,,,,,,,,,,,,16805383
PSA2KNW,430926,2021-08-11 10:54:44.177000-04:00,,2021-08-11 22:48:27.178000-04:00,2021-08-11 23:07:27.427000-04:00,4,,,,,,Not Assigned,,,,,,,,,,,,,,,,,2.0,1.0,140.699,52.899,1.0,16808220
PSA2KNW,431570,2021-08-11 10:54:44.177000-04:00,,2021-08-11 11:37:41.311000-04:00,,2,,,,,,Not Assigned,,,,,,,,,,,,,,,,,,,,,,16805459
PSA2KNW,432541,2021-08-11 10:54:44.177000-04:00,,2021-08-12 11:13:43.465000-04:00,2021-08-12 11:28:31.926000-04:00,1,,,,,,Not Assigned,,,,,,,,,,,,,,,,,2.0,0.0,264.372,41.475,1.0,16809464
PSA2KNW,434949,2021-08-11 10:54:44.177000-04:00,,2021-08-11 22:58:44.324000-04:00,2021-08-11 23:36:10.649000-04:00,1,,,,,,Not Assigned,,,,,,,,,,,,,,,,,2.0,2.0,536.836,268.415,1.0,16808227
PSA2KNW,435357,2021-08-11 10:54:44.177000-04:00,,2021-08-11 21:03:21.827000-04:00,,1,,,,,,Not Assigned,,,,,,,,,,,,,,,,,,,,,,16808127
PSA2KNW,435624,2021-08-11 10:54:44.177000-04:00,,2021-08-12 09:13:25.553000-04:00,,1,,,,,,Not Assigned,,,,,,,,,,,,,,,,,,,,,,16808680
PSA2KNW,435657,2021-08-11 10:54:44.177000-04:00,,2021-08-11 21:52:06.906000-04:00,2021-08-11 22:49:44.890000-04:00,2,,,,,,Not Assigned,,,,,,,,,,,,,,,,,2.0,1.0,506.366,185.8855,1.0,16808176
PSA2KNW,435691,2021-08-11 10:54:44.177000-04:00,,2021-08-12 21:27:01.336000-04:00,2021-08-13 19:40:36.267000-04:00,6,,,,,,Not Assigned,,,,,,,,,,,,,,,,,2.0,1.0,374.399,131.7915,1.0,16812914
PSA2KNW,436193,2021-08-11 10:54:44.177000-04:00,,2021-08-12 09:04:16.419000-04:00,2021-08-12 09:33:36.769000-04:00,1,,,,,,Not Assigned,,,,,,,,,,,,,,,,,2.0,1.0,523.364,239.165,1.0,16808592
PSA2KNW,436215,2021-08-11 10:54:44.177000-04:00,,2021-08-11 11:11:52.482000-04:00,2021-08-12 11:33:23.415000-04:00,2,,,,,,Not Assigned,,,,,,,,,,,,,,,,,2.0,0.0,215.498,94.904,1.0,16805294
PSA2KNW,436974,2021-08-11 10:54:44.177000-04:00,,2021-08-11 11:35:48.054000-04:00,,1,,,,,,Not Assigned,,,,,,,,,,,,,,,,,,,,,,16805447
PSA2KNW,437680,2021-08-11 10:54:44.177000-04:00,,2021-08-11 16:13:09.812000-04:00,,2,,,,,,Not Assigned,,,,,,,,,,,,,,,,,,,,,,16807532
PSA2KNW,439835,2021-08-11 10:54:44.177000-04:00,,2021-08-11 20:27:49.198000-04:00,2021-08-11 20:34:11.795000-04:00,1,,,,,,Not Assigned,,,,,,,,,,,,,,,,,2.0,0.0,146.553,57.731,1.0,16808086
PSA2KNW,440061,2021-08-11 10:54:44.177000-04:00,,2021-08-12 11:32:19.889000-04:00,,1,,,,,,Not Assigned,,,,,,,,,,,,,,,,,,,,,,16809555
PSA2KNW,445056,2020-08-26 11:00:00-04:00,2020-08-29 01:00:00-04:00,2020-08-28 17:50:53.305000-04:00,,2,,,,,,Not Assigned,,,,,,,,,,,,,,,,,,,,,,4447133
PSA2KNW,452742,2020-08-28 14:30:00-04:00,2020-08-31 14:30:00-04:00,2020-09-28 16:37:34.358000-04:00,,1,,,,,,Not Assigned,,,,,,,,,,,,,,,,,,,,,,6583483
PSA2KNW,456728,2020-08-26 11:00:00-04:00,2020-08-29 01:00:00-04:00,2020-08-28 17:31:10.701000-04:00,2020-08-28 17:36:28.124000-04:00,1,,,,,,Not Assigned,,,,,,,,,,,,,,,,,2.0,2.0,159.42,79.709,1.0,4446718
PSA2KNW,470695,2021-09-01 08:30:00-04:00,2021-09-01 09:25:00-04:00,2021-09-01 11:51:51.144000-04:00,,1,,,,,,Not Assigned,,,,,,,,,,,,,,,,,,,,,,16999875
PSA2KNW,474125,2020-09-24 12:31:00-04:00,2020-09-24 13:35:00-04:00,2020-09-24 13:15:52.471000-04:00,2020-09-24 13:18:17.907000-04:00,1,,,,,,Not Assigned,,,,,,,,,,,,,,,,,2.0,1.0,59.433,19.0545,1.0,6325424
PSA2KNW,474126,2020-09-24 12:31:00-04:00,2020-09-24 13:35:00-04:00,2020-09-24 13:05:57.956000-04:00,2020-09-24 13:15:05.202000-04:00,1,,,,,,Treatment,134.345,26.866,5.0,5.0,,,5.0,5.0,4.0,0.0,0.0,0.0,0.0,0.0,0.0,1.0,2.0,2.0,119.64,59.819,1.0,6322961
PSA2KNW,474130,2020-09-24 12:31:00-04:00,2020-09-24 13:35:00-04:00,2020-09-24 12:50:15.424000-04:00,2020-09-24 12:52:12.188000-04:00,1,,,,,,Not Assigned,,,,,,,,,,,,,,,,,2.0,1.0,63.304,21.1815,1.0,6319059
PSA2KNW,474131,2020-09-24 12:31:00-04:00,2020-09-24 13:35:00-04:00,2020-09-24 12:43:33.057000-04:00,2020-09-24 12:54:38.299000-04:00,1,,,,,,Not Assigned,,,,,,,,,,,,,,,,,2.0,1.0,484.071,228.3375,1.0,6317321
PSA2KNW,474133,2020-09-24 12:31:00-04:00,2020-09-24 13:35:00-04:00,2020-09-24 12:50:02.806000-04:00,2020-09-24 13:10:29.670000-04:00,1,,,,,,Not Assigned,,,,,,,,,,,,,,,,,2.0,2.0,614.073,307.0355,1.0,6319001
PSA2KNW,474134,2020-09-24 12:31:00-04:00,2020-09-24 13:35:00-04:00,2020-09-24 12:58:48.185000-04:00,2020-09-24 13:08:41.267000-04:00,1,,,,,,Not Assigned,,,,,,,,,,,,,,,,,2.0,1.0,105.77,37.3225,1.0,6321023
PSA2KNW,474137,2020-09-24 12:31:00-04:00,2020-09-24 13:35:00-04:00,2020-09-24 12:52:31.038000-04:00,2020-09-24 13:08:44.771000-04:00,1,,,,,,Not Assigned,,,,,,,,,,,,,,,,,2.0,2.0,261.886,130.942,1.0,6319627
PSA2KNW,474138,2020-09-24 12:31:00-04:00,2020-09-24 13:35:00-04:00,2020-09-24 12:50:10.008000-04:00,2020-09-24 12:54:13.689000-04:00,1,,,,,,Not Assigned,,,,,,,,,,,,,,,,,2.0,2.0,75.503,37.7495,1.0,6319034
PSA2KNW,474139,2020-09-24 12:31:00-04:00,2020-09-24 13:35:00-04:00,2020-09-24 12:51:00.733000-04:00,2020-09-24 12:54:26.477000-04:00,1,,,,,,Not Assigned,,,,,,,,,,,,,,,,,2.0,2.0,52.625,26.308,1.0,6319246
PSA2KNW,474142,2020-09-24 12:31:00-04:00,2020-09-24 13:35:00-04:00,2020-09-24 12:49:02.594000-04:00,2020-09-24 12:59:28.248000-04:00,1,,,,,,Treatment,124.299,24.8572,5.0,5.0,,,5.0,5.0,4.0,0.0,0.0,0.0,0.0,0.0,0.0,1.0,2.0,1.0,115.881,44.1365,1.0,6318721
PSA2KNW,474174,2020-09-24 12:31:00-04:00,2020-09-24 13:35:00-04:00,2020-09-24 12:51:51.171000-04:00,2020-09-24 13:05:38.677000-04:00,1,,,,,,Not Assigned,,,,,,,,,,,,,,,,,2.0,0.0,202.684,79.01,1.0,6319479
PSA2KNW,477750,2020-08-28 14:30:00-04:00,2020-08-31 14:30:00-04:00,2020-08-28 16:08:18.596000-04:00,2020-08-28 16:14:49.143000-04:00,1,,,,,,Not Assigned,,,,,,,,,,,,,,,,,2.0,2.0,82.673,41.33,1.0,4443744
PSA2KNW,477801,2020-08-28 14:30:00-04:00,2020-08-31 14:30:00-04:00,2020-08-28 15:12:52.501000-04:00,,1,,,,,,Treatment,1222.748,124.796875,8.0,4.0,2.0,1.0,8.0,14.0,8.0,1.0,0.0,0.0,0.0,0.0,1.0,1.0,,,,,,4440351
PSA2KNW,477983,2020-08-28 14:30:00-04:00,2020-08-31 14:30:00-04:00,2020-08-28 15:31:44.079000-04:00,,2,,,,,,Not Assigned,,,,,,,,,,,,,,,,,,,,,,4441580
PSA2KNW,478015,2020-08-28 14:30:00-04:00,2020-08-31 14:30:00-04:00,2020-08-30 13:28:09.907000-04:00,,2,,,,,,Not Assigned,,,,,,,,,,,,,,,,,,,,,,4454006
PSA2KNW,478042,2020-08-28 14:30:00-04:00,2020-08-31 14:30:00-04:00,2020-08-31 15:43:16.260000-04:00,,1,,,,,,Not Assigned,,,,,,,,,,,,,,,,,,,,,,4515300
PSA2KNW,478079,2020-08-28 14:30:00-04:00,2020-08-31 14:30:00-04:00,2020-08-28 15:12:54.653000-04:00,2020-08-31 01:08:51.173000-04:00,9,,,,,,Control,249.698,62.392,4.0,4.0,,,4.0,4.0,3.0,0.0,0.0,0.0,0.0,0.0,0.0,1.0,2.0,0.0,209.537,62.47,1.0,4440355
PSA2KNW,478080,2020-08-28 14:30:00-04:00,2020-08-31 14:30:00-04:00,2020-08-28 15:58:17.561000-04:00,2020-08-28 17:08:13.608000-04:00,1,,,,,,Control,1679.437,179.964,6.0,4.0,1.0,0.0,6.0,13.0,5.0,2.0,0.0,0.0,0.0,0.0,1.0,1.0,2.0,2.0,310.058,155.02,1.0,4443158
PSA2KNW,478142,2020-08-28 14:30:00-04:00,2020-08-31 14:30:00-04:00,2020-09-10 16:13:13.791000-04:00,,1,,,,,,Not Assigned,,,,,,,,,,,,,,,,,,,,,,5138120
PSA2KNW,478166,2020-08-28 14:30:00-04:00,2020-08-31 14:30:00-04:00,2020-09-11 14:06:48.860000-04:00,,4,,,,,,Not Assigned,,,,,,,,,,,,,,,,,,,,,,5217656
PSA2KNW,478413,2020-08-28 14:30:00-04:00,2020-08-31 14:30:00-04:00,2020-08-28 15:07:54.124000-04:00,2020-08-28 15:49:07.685000-04:00,1,,,,,,Treatment,831.056,62.3168,10.0,7.0,1.0,1.0,10.0,15.0,9.0,6.0,0.0,0.0,0.0,0.0,3.0,1.0,2.0,2.0,168.968,84.4725,1.0,4440012
PSA2KNW,478441,2020-08-28 14:30:00-04:00,2020-08-31 14:30:00-04:00,2020-09-05 21:35:19.682000-04:00,,1,,,,,,Not Assigned,,,,,,,,,,,,,,,,,,,,,,4845796
PSA2KNW,478538,2020-08-28 14:30:00-04:00,2020-08-31 14:30:00-04:00,2020-08-28 15:17:00.057000-04:00,,2,,,,,,Control,531.802,33.6249166666667,12.0,6.0,2.0,2.0,12.0,21.0,11.0,6.0,0.0,0.0,0.0,0.0,4.0,1.0,,,,,,4440610
PSA2KNW,478569,2020-08-28 14:30:00-04:00,2020-08-31 14:30:00-04:00,2020-08-28 15:43:00.913000-04:00,,1,,,,,,Not Assigned,,,,,,,,,,,,,,,,,,,,,,4442264
PSA2KNW,478635,2020-08-28 14:30:00-04:00,2020-08-31 14:30:00-04:00,2020-09-17 14:37:22.320000-04:00,,1,,,,,,Not Assigned,,,,,,,,,,,,,,,,,,,,,,5720251
PSA2KNW,478753,2020-08-28 14:30:00-04:00,2020-08-31 14:30:00-04:00,2020-08-28 15:16:18.825000-04:00,,1,,,,,,Not Assigned,,,,,,,,,,,,,,,,,,,,,,4440563
PSA2KNW,478757,2020-08-28 14:30:00-04:00,2020-08-31 14:30:00-04:00,2020-08-28 15:48:54.194000-04:00,2020-08-28 16:16:02.962000-04:00,1,,,,,,Control,934.704,46.6771538461538,13.0,7.0,2.0,2.0,13.0,24.0,12.0,10.0,0.0,0.0,0.0,0.0,5.0,1.0,2.0,0.0,237.686,78.8055,1.0,4442538
PSA2KNW,478808,2020-08-28 14:30:00-04:00,2020-08-31 14:30:00-04:00,2020-08-28 15:38:54.702000-04:00,,1,,,,,,Not Assigned,,,,,,,,,,,,,,,,,,,,,,4442034
PSA2KNW,478829,2020-08-28 14:30:00-04:00,2020-08-31 14:30:00-04:00,2020-08-28 15:21:04.437000-04:00,,2,,,,,,Control,595.044,38.0099090909091,11.0,4.0,2.0,2.0,11.0,21.0,10.0,8.0,0.0,0.0,0.0,0.0,5.0,1.0,,,,,,4440899
PSA2KNW,478926,2020-08-28 14:30:00-04:00,2020-08-31 14:30:00-04:00,2020-08-28 20:09:47.053000-04:00,,2,,,,,,Not Assigned,,,,,,,,,,,,,,,,,,,,,,4448954
PSA2KNW,478934,2020-08-28 14:30:00-04:00,2020-08-31 14:30:00-04:00,2020-08-28 15:07:54.399000-04:00,,2,,,,,,Not Assigned,,,,,,,,,,,,,,,,,,,,,,4440011
PSA2KNW,478947,2020-08-28 14:30:00-04:00,2020-08-31 14:30:00-04:00,2020-08-28 15:12:41.378000-04:00,,1,,,,,,Control,267.328,39.7166666666667,4.0,2.0,1.0,1.0,3.0,6.0,3.0,2.0,0.0,0.0,0.0,0.0,1.0,1.0,,,,,,4440336
PSA2KNW,478998,2020-08-28 14:30:00-04:00,2020-08-31 14:30:00-04:00,2020-08-31 12:45:49.255000-04:00,,1,,,,,,Not Assigned,,,,,,,,,,,,,,,,,,,,,,4489404
PSA2KNW,479006,2020-08-28 14:30:00-04:00,2020-08-31 14:30:00-04:00,2020-08-31 20:08:10.194000-04:00,,1,,,,,,Not Assigned,,,,,,,,,,,,,,,,,,,,,,4529220
PSA2KNW,479017,2020-08-28 14:30:00-04:00,2020-08-31 14:30:00-04:00,2020-08-28 15:22:10.847000-04:00,,1,,,,,,Not Assigned,,,,,,,,,,,,,,,,,,,,,,4440980
PSA2KNW,479040,2020-08-28 14:30:00-04:00,2020-08-31 14:30:00-04:00,2020-08-28 15:24:14.436000-04:00,2020-08-28 15:47:52.887000-04:00,1,,,,,,Treatment,486.563,41.3563333333333,9.0,6.0,2.0,2.0,9.0,15.0,8.0,4.0,0.0,0.0,0.0,0.0,3.0,1.0,2.0,0.0,234.445,62.2405,1.0,4441121
PSA2KNW,479058,2020-08-28 14:30:00-04:00,2020-08-31 14:30:00-04:00,2020-08-28 15:51:21.551000-04:00,2020-09-28 13:36:40.623000-04:00,4,,,,,,Not Assigned,,,,,,,,,,,,,,,,,2.0,0.0,2668789.54,1334324.0435,2.0,4442708
PSA2KNW,479125,2020-08-28 14:30:00-04:00,2020-08-31 14:30:00-04:00,2020-08-28 15:36:17.653000-04:00,,1,,,,,,Not Assigned,,,,,,,,,,,,,,,,,,,,,,4441907
PSA2KNW,479133,2020-08-28 14:30:00-04:00,2020-08-31 14:30:00-04:00,2020-08-28 15:28:58.227000-04:00,,3,,,,,,Treatment,1276.372,73.33925,8.0,1.0,0.0,0.0,6.0,28.0,8.0,12.0,0.0,0.0,0.0,0.0,6.0,1.0,,,,,,4441424
PSA2KNW,479189,2020-08-28 14:30:00-04:00,2020-08-31 14:30:00-04:00,2020-09-08 23:37:03.719000-04:00,,2,,,,,,Control,216.2,28.26175,5.0,2.0,1.0,1.0,4.0,8.0,4.0,2.0,0.0,0.0,0.0,0.0,2.0,1.0,,,,,,4948598
PSA2KNW,479234,2020-08-28 14:30:00-04:00,2020-08-31 14:30:00-04:00,2020-08-28 15:36:19.890000-04:00,,2,,,,,,Not Assigned,,,,,,,,,,,,,,,,,,,,,,4441910
PSA2KNW,479236,2020-08-28 14:30:00-04:00,2020-08-31 14:30:00-04:00,2020-08-28 15:30:40.725000-04:00,,2,,,,,,Not Assigned,,,,,,,,,,,,,,,,,,,,,,4441511
PSA2KNW,479289,2020-08-28 14:30:00-04:00,2020-08-31 14:30:00-04:00,2020-08-28 15:37:42.431000-04:00,,1,,,,,,Control,122.876,30.708,4.0,4.0,,,4.0,4.0,3.0,0.0,0.0,0.0,0.0,0.0,0.0,1.0,1.0,,,,1.0,4441988
PSA2KNW,479531,2020-08-28 14:30:00-04:00,2020-08-31 14:30:00-04:00,2020-08-31 22:43:31.425000-04:00,,1,,,,,,Not Assigned,,,,,,,,,,,,,,,,,,,,,,4532849
PSA2KNW,479788,2020-08-28 14:30:00-04:00,2020-08-31 14:30:00-04:00,2020-08-28 18:35:54.159000-04:00,2020-08-28 19:10:36.802000-04:00,3,,,,,,Not Assigned,,,,,,,,,,,,,,,,,2.0,2.0,339.158,169.567,1.0,4447863
PSA2KNW,480256,2020-08-28 14:30:00-04:00,2020-08-31 14:30:00-04:00,2020-08-28 15:43:51.049000-04:00,,1,,,,,,Control,3.983,3.982,2.0,1.0,,,1.0,1.0,1.0,0.0,0.0,0.0,0.0,0.0,0.0,1.0,,,,,,4442273
PSA2KNW,482274,2020-08-26 11:00:00-04:00,2020-08-29 01:00:00-04:00,2020-08-27 16:03:42.526000-04:00,,4,,,,,,Control,85406.671,21245.644,4.0,1.0,0.0,0.0,4.0,11.0,3.0,1.0,0.0,0.0,0.0,0.0,1.0,2.0,,,,,,4388553
PSA2KNW,482723,2020-08-28 14:30:00-04:00,2020-08-31 14:30:00-04:00,2020-08-31 23:42:26.672000-04:00,,1,,,,,,Not Assigned,,,,,,,,,,,,,,,,,,,,,,4533739
PSA2KNW,482879,2020-08-28 14:30:00-04:00,2020-08-31 14:30:00-04:00,2020-08-28 15:22:21.798000-04:00,,3,,,,,,Not Assigned,,,,,,,,,,,,,,,,,,,,,,4440993
PSA2KNW,485810,2021-09-01 08:30:00-04:00,2021-09-01 09:25:00-04:00,2021-09-01 08:48:46.510000-04:00,,2,,,,,,Not Assigned,,,,,,,,,,,,,,,,,,,,,,16992439
PSA2KNW,490634,2020-08-28 14:30:00-04:00,2020-08-31 14:30:00-04:00,2020-08-28 16:06:21.608000-04:00,,2,,,,,,Not Assigned,,,,,,,,,,,,,,,,,,,,,,4443634
PSA2KNW,493847,2020-08-28 14:30:00-04:00,2020-08-31 14:30:00-04:00,2020-08-28 15:17:42.824000-04:00,,1,,,,,,Not Assigned,,,,,,,,,,,,,,,,,,,,,,4440663
PSA2KNW,494211,2020-08-28 14:30:00-04:00,2020-08-31 14:30:00-04:00,2020-09-01 18:17:33.554000-04:00,2020-09-01 18:35:15.804000-04:00,1,,,,,,Control,512.586,35.0963333333333,9.0,5.0,2.0,2.0,9.0,14.0,8.0,5.0,0.0,0.0,0.0,0.0,3.0,1.0,2.0,0.0,212.276,63.486,1.0,4609946
PSA2KNW,496307,2020-08-26 11:00:00-04:00,2020-08-29 01:00:00-04:00,2020-08-27 18:13:13.350000-04:00,,4,,,,,,Treatment,667.545,144.8835,2.0,1.0,,,2.0,7.0,2.0,1.0,0.0,0.0,0.0,0.0,0.0,2.0,,,,,,4394920
PSA2KNW,497297,2020-08-28 14:30:00-04:00,2020-08-31 14:30:00-04:00,2020-09-12 15:59:40.042000-04:00,,3,,,,,,Control,92.324,19.178,3.0,1.0,0.0,0.0,2.0,4.0,2.0,3.0,0.0,0.0,0.0,0.0,1.0,1.0,,,,,,5247168
PSA2KNW,497885,2020-08-28 14:30:00-04:00,2020-08-31 14:30:00-04:00,2020-09-02 02:01:23.364000-04:00,2020-09-02 02:13:11.901000-04:00,1,,,,,,Not Assigned,,,,,,,,,,,,,,,,,2.0,2.0,184.349,92.165,1.0,4619308
PSA2KNW,515919,2021-08-11 10:54:44.177000-04:00,,2021-08-11 15:15:21.432000-04:00,2021-08-11 15:44:53.938000-04:00,2,,,,,,Not Assigned,,,,,,,,,,,,,,,,,2.0,2.0,233.197,116.595,1.0,16807196
PSA2KNW,521722,2020-08-28 14:30:00-04:00,2020-08-31 14:30:00-04:00,2020-08-28 15:07:45.187000-04:00,,1,,,,,,Not Assigned,,,,,,,,,,,,,,,,,,,,,,4439989
PSA2KNW,523601,2020-08-28 14:30:00-04:00,2020-08-31 14:30:00-04:00,2020-08-28 15:15:40.163000-04:00,,1,,,,,,Control,223.425,9.5815,5.0,1.0,0.0,0.0,1.0,5.0,4.0,5.0,0.0,0.0,0.0,0.0,3.0,1.0,,,,,,4440538
PSA2KNW,529048,2020-09-24 12:31:00-04:00,2020-09-24 13:35:00-04:00,2020-09-24 13:05:57.767000-04:00,2020-09-24 13:33:15.219000-04:00,1,,,,,,Control,149.132,37.281,4.0,4.0,,,4.0,4.0,3.0,0.0,0.0,0.0,0.0,0.0,0.0,1.0,2.0,0.0,193.584,21.6205,1.0,6322958
PSA2KNW,531561,2020-08-28 14:30:00-04:00,2020-08-31 14:30:00-04:00,2020-08-28 15:18:18.113000-04:00,,4,,,,,,Not Assigned,,,,,,,,,,,,,,,,,,,,,,4440699
PSA2KNW,532552,2020-08-26 11:00:00-04:00,2020-08-29 01:00:00-04:00,2020-08-28 18:05:20.831000-04:00,,1,,,,,,Not Assigned,,,,,,,,,,,,,,,,,,,,,,4447401
PSA2KNW,544215,2020-09-24 12:31:00-04:00,2020-09-24 13:35:00-04:00,2020-09-24 12:50:39.621000-04:00,2020-09-24 12:54:48.448000-04:00,1,,,,,,Not Assigned,,,,,,,,,,,,,,,,,2.0,2.0,65.443,32.7205,1.0,6319160
PSA2KNW,554044,2020-08-28 14:30:00-04:00,2020-08-31 14:30:00-04:00,2020-09-04 04:01:13.208000-04:00,,3,,,,,,Treatment,,,1.0,,,,,0.0,1.0,0.0,0.0,0.0,0.0,0.0,0.0,1.0,,,,,,4783219
PSA2KNW,557146,2021-08-19 09:21:17.912000-04:00,,2021-08-19 09:53:58.303000-04:00,,3,,,,,,Not Assigned,,,,,,,,,,,,,,,,,,,,,,16847383
PSA2KNW,557176,2021-08-19 09:21:17.912000-04:00,,2021-08-19 09:54:25.231000-04:00,2021-08-19 10:04:28.704000-04:00,1,,,,,,Not Assigned,,,,,,,,,,,,,,,,,2.0,2.0,133.689,66.8405,1.0,16847389
PSA2KNW,557845,2021-09-01 08:30:00-04:00,2021-09-01 09:25:00-04:00,2021-09-01 09:06:51.592000-04:00,,2,,,,,,Not Assigned,,,,,,,,,,,,,,,,,,,,,,16992834
PSA2KNW,557960,2021-08-19 09:21:17.912000-04:00,,2021-08-19 09:52:17.589000-04:00,,1,,,,,,Not Assigned,,,,,,,,,,,,,,,,,,,,,,16847356
PSA2KNW,558519,2021-08-19 09:21:17.912000-04:00,,2021-08-19 09:55:28.472000-04:00,,1,,,,,,Not Assigned,,,,,,,,,,,,,,,,,,,,,,16847408
PSA2KNW,559046,2021-08-19 09:21:17.912000-04:00,,2021-08-19 10:01:09.327000-04:00,,1,,,,,,Not Assigned,,,,,,,,,,,,,,,,,,,,,,16847491
PSA2KNW,559089,2021-08-19 09:21:17.912000-04:00,,2021-08-19 09:39:08.336000-04:00,2021-08-19 10:06:24.468000-04:00,1,,,,,,Not Assigned,,,,,,,,,,,,,,,,,2.0,1.0,394.881,158.5705,1.0,16847234
PSA2KNW,559094,2021-08-19 09:21:17.912000-04:00,,2021-08-19 10:05:13.767000-04:00,,2,,,,,,Not Assigned,,,,,,,,,,,,,,,,,,,,,,16847557
PSA2KNW,559125,2021-08-19 09:21:17.912000-04:00,,2021-08-19 09:43:53.106000-04:00,,5,,,,,,Not Assigned,,,,,,,,,,,,,,,,,,,,,,16847282
PSA2KNW,559132,2021-08-19 09:21:17.912000-04:00,,2021-08-19 09:52:07.958000-04:00,,1,,,,,,Not Assigned,,,,,,,,,,,,,,,,,,,,,,16847355
PSA2KNW,560438,2021-08-19 09:21:17.912000-04:00,,2021-08-19 10:14:42.511000-04:00,,2,,,,,,Not Assigned,,,,,,,,,,,,,,,,,,,,,,16847747
PSA2KNW,562583,2021-08-19 09:21:17.912000-04:00,,2021-08-19 09:37:47.866000-04:00,2021-08-19 10:01:11.890000-04:00,1,,,,,,Not Assigned,,,,,,,,,,,,,,,,,2.0,0.0,173.359,43.3605,1.0,16847225
PSA2KNW,562608,2021-08-19 09:21:17.912000-04:00,,2021-08-19 09:49:18.375000-04:00,2021-08-19 09:55:12.846000-04:00,1,,,,,,Not Assigned,,,,,,,,,,,,,,,,,2.0,1.0,186.555,33.6615,1.0,16847328
PSA2KNW,562609,2021-08-19 09:21:17.912000-04:00,,2021-08-19 09:53:09.013000-04:00,2021-08-19 10:11:12.389000-04:00,1,,,,,,Not Assigned,,,,,,,,,,,,,,,,,2.0,2.0,512.692,256.3425,1.0,16847367
PSA2KNW,562614,2021-08-19 09:21:17.912000-04:00,,2021-08-19 09:52:39.130000-04:00,,1,,,,,,Not Assigned,,,,,,,,,,,,,,,,,,,,,,16847359
PSA2KNW,562616,2021-08-19 09:21:17.912000-04:00,,2021-08-19 09:55:26.223000-04:00,,1,,,,,,Not Assigned,,,,,,,,,,,,,,,,,2.0,0.0,158.646,63.181,1.0,16847407
PSA2KNW,562641,2021-08-19 09:21:17.912000-04:00,,2021-08-19 10:02:01.746000-04:00,,1,,,,,,Not Assigned,,,,,,,,,,,,,,,,,,,,,,16847510
PSA2KNW,562660,2021-08-19 09:21:17.912000-04:00,,2021-08-19 10:00:44.040000-04:00,2021-08-19 10:14:17.059000-04:00,1,,,,,,Not Assigned,,,,,,,,,,,,,,,,,2.0,0.0,101.397,31.858,1.0,16847486
PSA2KNW,564550,2020-09-24 12:10:19.001000-04:00,,2020-09-28 14:22:23.586000-04:00,,1,,,,,,Not Assigned,,,,,,,,,,,,,,,,,,,,,,6563553
PSA2KNW,564633,2021-08-11 10:54:44.177000-04:00,,2021-08-11 11:33:03.177000-04:00,2021-08-20 10:30:59.943000-04:00,6,,,,,,Not Assigned,,,,,,,,,,,,,,,,,2.0,2.0,126.734,63.364,1.0,16805423
PSA2KNW,566990,2021-08-19 09:21:17.912000-04:00,,2021-08-19 09:56:50.671000-04:00,,2,,,,,,Not Assigned,,,,,,,,,,,,,,,,,,,,,,16847433
PSA2KNW,575907,2020-10-27 13:21:00.208000-04:00,2020-11-20 13:22:00-05:00,2020-11-30 13:37:30.137000-05:00,,1,,,,,,Not Assigned,,,,,,,,,,,,,,,,,,,,,,10364820
PSA2KNW,575936,2020-10-27 13:21:00.208000-04:00,2020-11-20 13:22:00-05:00,2020-10-28 13:51:11.581000-04:00,,1,,,,,,Not Assigned,,,,,,,,,,,,,,,,,,,,,,8753533
PSA2KNW,575937,2020-10-27 13:21:00.208000-04:00,2020-11-20 13:22:00-05:00,2020-11-03 13:36:53.248000-05:00,,4,,,,,,Control,55.914,21.4025,3.0,1.0,,,2.0,3.0,2.0,2.0,0.0,0.0,0.0,0.0,1.0,1.0,,,,,,9057928
PSA2KNW,575938,2020-10-27 13:21:00.208000-04:00,2020-11-20 13:22:00-05:00,2020-10-28 13:48:37.936000-04:00,,8,,,,,,Not Assigned,,,,,,,,,,,,,,,,,,,,,,8753055
PSA2KNW,575940,2020-10-27 13:21:00.208000-04:00,2020-11-20 13:22:00-05:00,2020-10-28 13:44:07.701000-04:00,,10,,,,,,Control,6482794.383,388929.7098125,17.0,7.0,3.0,3.0,8.0,29.0,16.0,17.0,0.0,0.0,0.0,0.0,6.0,5.0,,,,,,8752256
PSA2KNW,575941,2020-10-27 13:21:00.208000-04:00,2020-11-20 13:22:00-05:00,2020-10-28 13:43:04.722000-04:00,,3,,,,,,Not Assigned,,,,,,,,,,,,,,,,,,,,,,8752088
PSA2KNW,575942,2020-10-27 13:21:00.208000-04:00,2020-11-20 13:22:00-05:00,2020-10-30 13:50:27.347000-04:00,,4,,,,,,Not Assigned,,,,,,,,,,,,,,,,,,,,,,8912699
PSA2KNW,583712,2021-02-22 08:00:00-05:00,2021-03-12 15:00:00-05:00,2021-03-04 12:39:22.377000-05:00,2021-03-04 12:47:00.779000-05:00,1,,,,,,Control,89.861,22.463,4.0,4.0,,,4.0,4.0,3.0,0.0,0.0,0.0,0.0,0.0,0.0,1.0,2.0,2.0,81.835,40.9155,1.0,14244282
PSA2KNW,588192,2021-02-22 08:00:00-05:00,2021-03-12 15:00:00-05:00,2021-02-22 12:30:30.328000-05:00,2021-02-22 12:40:08.066000-05:00,1,,,,,,Treatment,164.773,17.80175,8.0,5.0,1.0,,8.0,11.0,7.0,0.0,0.0,0.0,0.0,0.0,0.0,1.0,2.0,1.0,80.939,36.3835,1.0,13728227
PSA2KNW,593792,2021-02-22 08:00:00-05:00,2021-03-12 15:00:00-05:00,2021-02-22 10:27:15.348000-05:00,,2,,,,,,Not Assigned,,,,,,,,,,,,,,,,,1.0,,,,1.0,13712394
PSA2KNW,593794,2021-02-22 08:00:00-05:00,2021-03-12 15:00:00-05:00,2021-03-15 11:00:44.346000-04:00,,1,,,,,,Not Assigned,,,,,,,,,,,,,,,,,,,,,,14636737
PSA2KNW,593795,2021-02-22 08:00:00-05:00,2021-03-12 15:00:00-05:00,2021-02-22 10:27:23.113000-05:00,,2,,,,,,Treatment,1497958.818,149769.9623,10.0,5.0,2.0,1.0,10.0,20.0,10.0,5.0,0.0,0.0,0.0,0.0,3.0,2.0,,,,,,13712419
PSA2KNW,593796,2021-02-22 08:00:00-05:00,2021-03-12 15:00:00-05:00,2021-03-09 13:59:48.749000-05:00,2021-03-15 13:46:17.134000-04:00,11,,,,,,Not Assigned,,,,,,,,,,,,,,,,,2.0,0.0,61.353,11.4215,1.0,14436065
PSA2KNW,593797,2021-02-22 08:00:00-05:00,2021-03-12 15:00:00-05:00,2021-03-11 10:34:34.993000-05:00,2021-03-11 10:52:03.731000-05:00,1,,,,,,Control,429.177,48.0467142857143,7.0,5.0,2.0,1.0,7.0,10.0,6.0,2.0,0.0,0.0,0.0,0.0,1.0,1.0,2.0,2.0,278.254,139.1235,1.0,14530778
PSA2KNW,593798,2021-02-22 08:00:00-05:00,2021-03-12 15:00:00-05:00,2021-02-25 10:25:08.862000-05:00,2021-03-14 21:53:02.490000-04:00,3,,,,,,Control,208640.354,13857.3298666667,15.0,6.0,3.0,1.0,15.0,25.0,14.0,7.0,0.0,0.0,0.0,0.0,4.0,2.0,2.0,2.0,88.115,44.0555,1.0,13911542
PSA2KNW,603378,2021-02-22 08:00:00-05:00,2021-03-12 15:00:00-05:00,2021-02-22 10:42:34.249000-05:00,2021-03-04 10:52:20.472000-05:00,2,,,,,,Not Assigned,,,,,,,,,,,,,,,,,2.0,0.0,48.521,7.5665,1.0,13714230
PSA2KNW,603437,2021-02-22 08:00:00-05:00,2021-03-12 15:00:00-05:00,2021-02-25 10:47:02.507000-05:00,,8,,,,,,Treatment,602905.589,120581.1104,5.0,5.0,,,5.0,5.0,4.0,0.0,0.0,0.0,0.0,0.0,0.0,2.0,1.0,,,,1.0,13914459
PSA2KNW,605449,2021-02-22 08:00:00-05:00,2021-03-12 15:00:00-05:00,2021-02-22 10:27:04.763000-05:00,2021-03-10 12:38:12.374000-05:00,5,,,,,,Control,941.909,66.9246,10.0,5.0,2.0,2.0,10.0,15.0,9.0,9.0,0.0,0.0,0.0,0.0,5.0,1.0,2.0,0.0,78.361,14.662,1.0,13712376
PSA2KNW,605570,2021-02-22 08:00:00-05:00,2021-03-12 15:00:00-05:00,2021-02-22 10:42:56.930000-05:00,2021-02-24 20:57:14.047000-05:00,5,,,,,,Not Assigned,,,,,,,,,,,,,,,,,2.0,1.0,90.901,35.128,1.0,13714284
PSA2KNW,605571,2021-02-22 08:00:00-05:00,2021-03-12 15:00:00-05:00,2021-03-09 10:58:32.784000-05:00,2021-03-09 13:53:40.134000-05:00,1,,,,,,Not Assigned,,,,,,,,,,,,,,,,,2.0,0.0,39.625,3.4415,1.0,14411482
PSA2KNW,605576,2021-02-22 08:00:00-05:00,2021-03-12 15:00:00-05:00,2021-02-22 10:49:53.012000-05:00,2021-03-10 10:56:19.921000-05:00,2,,,,,,Not Assigned,,,,,,,,,,,,,,,,,2.0,0.0,120.764,42.6115,1.0,13715279
PSA2KNW,605586,2021-02-22 08:00:00-05:00,2021-03-12 15:00:00-05:00,2021-02-22 10:27:22.343000-05:00,,1,,,,,,Not Assigned,,,,,,,,,,,,,,,,,,,,,,13712418
PSA2KNW,608390,2021-05-13 11:24:41.402000-04:00,2021-05-17 09:22:00-04:00,2021-05-13 11:24:44.941000-04:00,2021-05-13 11:49:24.328000-04:00,1,,,,,,Not Assigned,,,,,,,,,,,,,,,,,2.0,2.0,64.293,32.143,1.0,16373687
PSA2KNW,608409,2021-05-13 11:24:41.402000-04:00,2021-05-17 09:22:00-04:00,2021-05-13 11:31:13.085000-04:00,2021-05-13 11:51:13.390000-04:00,1,,,,,,Not Assigned,,,,,,,,,,,,,,,,,2.0,2.0,51.426,25.71,1.0,16374217
PSA2KNW,608411,2021-05-13 11:24:41.402000-04:00,2021-05-17 09:22:00-04:00,2021-05-13 11:26:25.840000-04:00,2021-05-13 11:55:02.793000-04:00,2,,,,,,Not Assigned,,,,,,,,,,,,,,,,,2.0,2.0,94.41,47.2015,1.0,16373831
PSA2KNW,608415,2021-05-13 11:24:41.402000-04:00,2021-05-17 09:22:00-04:00,2021-05-13 11:25:50.127000-04:00,2021-05-13 11:39:29.349000-04:00,2,,,,,,Not Assigned,,,,,,,,,,,,,,,,,2.0,1.0,220.967,101.042,1.0,16373777
PSA2KNW,608441,2021-05-13 11:24:41.402000-04:00,2021-05-17 09:22:00-04:00,2021-05-13 11:26:42.625000-04:00,,1,,,,,,Not Assigned,,,,,,,,,,,,,,,,,,,,,,16373859
PSA2KNW,608466,2021-05-13 11:24:41.402000-04:00,2021-05-17 09:22:00-04:00,2021-05-13 11:26:57.374000-04:00,2021-05-13 11:41:41.396000-04:00,3,,,,,,Not Assigned,,,,,,,,,,,,,,,,,2.0,2.0,138.001,68.997,1.0,16373876
PSA2KNW,608514,2021-05-13 11:24:41.402000-04:00,2021-05-17 09:22:00-04:00,2021-05-13 11:40:54.495000-04:00,2021-05-13 12:05:01.528000-04:00,1,,,,,,Not Assigned,,,,,,,,,,,,,,,,,2.0,1.0,246.107,102.106,1.0,16374930
PSA2KNW,608546,2021-05-13 11:24:41.402000-04:00,2021-05-17 09:22:00-04:00,2021-05-13 11:26:05.789000-04:00,,2,,,,,,Not Assigned,,,,,,,,,,,,,,,,,,,,,,16373801
PSA2KNW,608641,2021-05-13 11:24:41.402000-04:00,2021-05-17 09:22:00-04:00,2021-05-13 11:31:09.489000-04:00,2021-05-13 11:44:58.996000-04:00,1,,,,,,Control,317.114,57.0534,5.0,4.0,1.0,,5.0,6.0,4.0,0.0,0.0,0.0,0.0,0.0,0.0,1.0,2.0,2.0,115.704,57.8495,1.0,16374215
PSA2KNW,608646,2021-05-13 11:24:41.402000-04:00,2021-05-17 09:22:00-04:00,2021-05-13 11:34:10.327000-04:00,2021-05-13 11:41:00.257000-04:00,1,,,,,,Not Assigned,,,,,,,,,,,,,,,,,2.0,1.0,188.13,43.6005,1.0,16374403
PSA2KNW,608680,2021-05-13 11:24:41.402000-04:00,2021-05-17 09:22:00-04:00,2021-05-13 11:30:38.321000-04:00,2021-05-13 11:47:50.994000-04:00,1,,,,,,Not Assigned,,,,,,,,,,,,,,,,,2.0,0.0,248.437,85.717,1.0,16374181
PSA2KNW,608720,2021-05-13 11:24:41.402000-04:00,2021-05-17 09:22:00-04:00,2021-05-13 11:34:44.768000-04:00,2021-05-13 11:55:27.900000-04:00,1,,,,,,Not Assigned,,,,,,,,,,,,,,,,,2.0,2.0,142.716,71.355,1.0,16374451
PSA2KNW,608722,2021-05-13 11:24:41.402000-04:00,2021-05-17 09:22:00-04:00,2021-06-02 11:39:12.852000-04:00,,2,,,,,,Control,169166.521,12998.2325384615,13.0,5.0,4.0,4.0,11.0,23.0,12.0,14.0,0.0,0.0,0.0,0.0,8.0,2.0,,,,,,16683974
PSA2KNW,608946,2021-05-13 11:24:41.402000-04:00,2021-05-17 09:22:00-04:00,2021-05-13 11:29:43.525000-04:00,,1,,,,,,Treatment,268.43,15.408,8.0,2.0,1.0,1.0,3.0,9.0,8.0,9.0,0.0,0.0,0.0,0.0,5.0,1.0,,,,,,16374108
PSA2KNW,608988,2021-05-13 11:24:41.402000-04:00,2021-05-17 09:22:00-04:00,2021-05-13 11:24:56.510000-04:00,2021-05-13 11:36:20.008000-04:00,1,,,,,,Not Assigned,,,,,,,,,,,,,,,,,2.0,0.0,170.049,40.2005,1.0,16373704
PSA2KNW,610195,2021-02-22 08:00:00-05:00,2021-03-12 15:00:00-05:00,2021-03-03 12:20:50.839000-05:00,2021-03-10 10:01:47.328000-05:00,6,,,,,,Control,519514.546,191.027958333333,24.0,7.0,3.0,2.0,13.0,42.0,23.0,26.0,0.0,0.0,0.0,0.0,14.0,5.0,2.0,2.0,362.945,181.47,1.0,14182594
PSA2KNW,610237,2021-02-22 08:00:00-05:00,2021-03-12 15:00:00-05:00,2021-02-22 12:48:01.203000-05:00,2021-03-11 12:15:01.219000-05:00,7,,,,,,Treatment,519596.834,84.3176,20.0,12.0,6.0,4.0,20.0,34.0,19.0,8.0,0.0,0.0,0.0,0.0,4.0,4.0,2.0,1.0,276.054,125.608,1.0,13730796
PSA2KNW,610238,2021-02-22 08:00:00-05:00,2021-03-12 15:00:00-05:00,2021-02-23 08:12:26.253000-05:00,,1,,,,,,Not Assigned,,,,,,,,,,,,,,,,,,,,,,13766530
PSA2KNW,610243,2021-02-22 08:00:00-05:00,2021-03-12 15:00:00-05:00,2021-03-15 16:37:42.984000-04:00,,3,,,,,,Control,76820.245,5476.48564285714,14.0,2.0,1.0,1.0,3.0,15.0,13.0,18.0,0.0,0.0,0.0,0.0,12.0,2.0,,,,,,14667619
PSA2KNW,610245,2021-02-22 08:00:00-05:00,2021-03-12 15:00:00-05:00,2021-03-02 13:33:51.821000-05:00,,2,,,,,,Not Assigned,,,,,,,,,,,,,,,,,,,,,,14126554
PSA2KNW,610247,2021-02-22 08:00:00-05:00,2021-03-12 15:00:00-05:00,2021-02-22 12:54:33.512000-05:00,,1,,,,,,Not Assigned,,,,,,,,,,,,,,,,,,,,,,13731715
PSA2KNW,610248,2021-02-22 08:00:00-05:00,2021-03-12 15:00:00-05:00,2021-02-22 12:52:46.202000-05:00,,1,,,,,,Not Assigned,,,,,,,,,,,,,,,,,,,,,,13731447
PSA2KNW,610418,2021-08-19 09:21:17.912000-04:00,,2021-08-19 09:52:54.168000-04:00,,2,,,,,,Not Assigned,,,,,,,,,,,,,,,,,,,,,,16847365
PSA2KNW,610515,2021-08-19 09:21:17.912000-04:00,,2021-08-19 09:53:22.256000-04:00,2021-08-19 10:20:47.785000-04:00,1,,,,,,Not Assigned,,,,,,,,,,,,,,,,,2.0,1.0,236.591,92.034,1.0,16847373
PSA2KNW,611678,2021-02-22 08:00:00-05:00,2021-03-12 15:00:00-05:00,2021-02-22 14:03:18.794000-05:00,,3,,,,,,Not Assigned,,,,,,,,,,,,,,,,,,,,,,13740750
PSA2KNW,611961,2021-05-13 12:56:11.016000-04:00,2021-05-18 12:58:00-04:00,2021-05-19 00:02:27.348000-04:00,,3,,,,,,Treatment,2937.415,103.783,23.0,8.0,6.0,6.0,23.0,38.0,23.0,25.0,0.0,0.0,0.0,0.0,15.0,3.0,,,,,,16491237
PSA2KNW,611966,2021-05-13 12:56:11.016000-04:00,2021-05-18 12:58:00-04:00,2021-05-13 13:02:24.814000-04:00,2021-05-13 13:24:07.280000-04:00,1,,,,,,Treatment,432.056,62.6441666666667,6.0,5.0,1.0,1.0,6.0,7.0,5.0,1.0,0.0,0.0,0.0,0.0,1.0,1.0,2.0,2.0,433.77,216.882,1.0,16380506
PSA2KNW,611987,2021-05-13 12:56:11.016000-04:00,2021-05-18 12:58:00-04:00,2021-05-13 13:00:58.805000-04:00,2021-05-13 13:27:44.979000-04:00,2,,,,,,Not Assigned,,,,,,,,,,,,,,,,,2.0,2.0,160.35,80.1725,1.0,16380409
PSA2KNW,611994,2021-05-13 12:56:11.016000-04:00,2021-05-18 12:58:00-04:00,2021-05-13 13:21:20.235000-04:00,2021-05-20 19:19:31.870000-04:00,2,,,,,,Not Assigned,,,,,,,,,,,,,,,,,2.0,2.0,71.07,35.5315,1.0,16381783
PSA2KNW,612022,2021-05-13 12:56:11.016000-04:00,2021-05-18 12:58:00-04:00,2021-05-13 13:04:02.220000-04:00,2021-06-01 22:53:14.077000-04:00,4,,,,,,Treatment,326.183,34.4606666666667,6.0,5.0,1.0,1.0,6.0,7.0,5.0,1.0,0.0,0.0,0.0,0.0,1.0,1.0,2.0,2.0,101.07,50.5325,1.0,16380634
PSA2KNW,612023,2021-05-13 12:56:11.016000-04:00,2021-05-18 12:58:00-04:00,2021-05-13 13:03:50.455000-04:00,2021-05-13 13:23:47.559000-04:00,1,,,,,,Not Assigned,,,,,,,,,,,,,,,,,2.0,0.0,377.017,61.1165,1.0,16380620
PSA2KNW,612031,2021-05-13 12:56:11.016000-04:00,2021-05-18 12:58:00-04:00,2021-05-13 12:57:51.672000-04:00,,2,,,,,,Control,3370.323,37.001,6.0,2.0,1.0,,6.0,22.0,5.0,0.0,0.0,0.0,0.0,0.0,0.0,1.0,,,,,,16380164
PSA2KNW,612076,2021-05-13 12:56:11.016000-04:00,2021-05-18 12:58:00-04:00,2021-05-13 12:58:51.960000-04:00,2021-05-13 13:24:20.785000-04:00,2,,,,,,Not Assigned,,,,,,,,,,,,,,,,,2.0,1.0,121.401,47.42,1.0,16380249
PSA2KNW,612077,2021-05-13 12:56:11.016000-04:00,2021-05-18 12:58:00-04:00,2021-05-13 13:04:46.016000-04:00,2021-05-13 13:13:34.396000-04:00,1,,,,,,Not Assigned,,,,,,,,,,,,,,,,,2.0,1.0,172.137,54.2795,1.0,16380682
PSA2KNW,612078,2021-05-13 12:56:11.016000-04:00,2021-05-18 12:58:00-04:00,2021-05-13 13:04:34.154000-04:00,,3,,,,,,Not Assigned,,,,,,,,,,,,,,,,,,,,,,16380673
PSA2KNW,612088,2021-05-13 12:56:11.016000-04:00,2021-05-18 12:58:00-04:00,2021-05-13 13:01:30.242000-04:00,2021-05-13 13:29:10.494000-04:00,1,,,,,,Treatment,171.292,21.4788333333333,6.0,5.0,1.0,,6.0,7.0,5.0,0.0,0.0,0.0,0.0,0.0,0.0,1.0,2.0,2.0,127.637,63.8165,1.0,16380446
PSA2KNW,612104,2021-05-13 12:56:11.016000-04:00,2021-05-18 12:58:00-04:00,2021-05-13 13:11:55.865000-04:00,,1,,,,,,Treatment,560.486,51.297125,8.0,2.0,0.0,0.0,3.0,12.0,8.0,9.0,0.0,0.0,0.0,0.0,6.0,1.0,,,,,,16381181
PSA2KNW,612168,2021-05-13 12:56:11.016000-04:00,2021-05-18 12:58:00-04:00,2021-05-14 11:36:14.674000-04:00,,1,,,,,,Not Assigned,,,,,,,,,,,,,,,,,,,,,,16405702
PSA2KNW,612177,2021-05-13 12:56:11.016000-04:00,2021-05-18 12:58:00-04:00,2021-05-13 13:08:58.491000-04:00,,1,,,,,,Control,,,1.0,,,,,0.0,0.0,0.0,0.0,0.0,0.0,0.0,0.0,1.0,,,,,,16380975
PSA2KNW,612203,2021-05-13 12:56:11.016000-04:00,2021-05-18 12:58:00-04:00,2021-05-13 12:59:59.701000-04:00,2021-05-13 13:22:12.678000-04:00,1,,,,,,Not Assigned,,,,,,,,,,,,,,,,,2.0,0.0,390.624,59.697,1.0,16380329
PSA2KNW,612217,2021-05-13 12:56:11.016000-04:00,2021-05-18 12:58:00-04:00,2021-05-13 13:05:20.187000-04:00,2021-05-13 13:26:14.934000-04:00,1,,,,,,Treatment,446.055,32.5531,10.0,6.0,2.0,1.0,10.0,15.0,9.0,3.0,0.0,0.0,0.0,0.0,2.0,1.0,2.0,0.0,173.719,58.498,1.0,16380716
PSA2KNW,613020,2021-05-13 12:56:11.016000-04:00,2021-05-18 12:58:00-04:00,2021-05-20 10:39:26.795000-04:00,,1,,,,,,Not Assigned,,,,,,,,,,,,,,,,,,,,,,16524552
PSA2KNW,613509,2020-10-27 13:21:00.208000-04:00,2020-11-20 13:22:00-05:00,2020-10-29 13:39:02.137000-04:00,,6,,,,,,Treatment,4923882.682,984709.804,5.0,1.0,0.0,0.0,4.0,14.0,5.0,4.0,0.0,0.0,0.0,0.0,2.0,2.0,,,,,,8839129
PSA2KNW,613826,2020-10-27 13:21:00.208000-04:00,2020-11-20 13:22:00-05:00,2020-10-28 13:41:47.525000-04:00,2020-10-29 13:54:27.165000-04:00,2,,,,,,Control,86490.66,42.12575,12.0,7.0,4.0,3.0,12.0,25.0,11.0,6.0,0.0,0.0,0.0,0.0,4.0,2.0,2.0,2.0,151.736,75.86,1.0,8751841
PSA2KNW,616769,2021-05-13 15:26:39.930000-04:00,2021-05-17 09:22:00-04:00,2021-05-13 15:46:03.157000-04:00,2021-05-19 17:01:24.306000-04:00,5,,,,,,Not Assigned,,,,,,,,,,,,,,,,,2.0,2.0,449.777,224.885,1.0,16389792
PSA2KNW,616775,2021-05-13 15:26:39.930000-04:00,2021-05-17 09:22:00-04:00,2021-05-25 23:25:48.850000-04:00,,1,,,,,,Not Assigned,,,,,,,,,,,,,,,,,,,,,,16612048
PSA2KNW,616779,2021-05-13 15:26:39.930000-04:00,2021-05-17 09:22:00-04:00,2021-05-13 15:43:57.299000-04:00,,10,,,,,,Not Assigned,,,,,,,,,,,,,,,,,,,,,,16389724
PSA2KNW,616780,2021-05-13 15:26:39.930000-04:00,2021-05-17 09:22:00-04:00,2021-05-13 15:37:22.250000-04:00,2021-05-13 15:52:57.059000-04:00,4,,,,,,Not Assigned,,,,,,,,,,,,,,,,,2.0,1.0,186.342,65.3645,1.0,16389421
PSA2KNW,616792,2021-05-13 15:26:39.930000-04:00,2021-05-17 09:22:00-04:00,2021-05-13 15:40:28.097000-04:00,,2,,,,,,Control,333.265,158.1515,3.0,1.0,,,2.0,3.0,2.0,2.0,0.0,0.0,0.0,0.0,1.0,1.0,,,,,,16389582
PSA2KNW,616798,2021-05-13 15:26:39.930000-04:00,2021-05-17 09:22:00-04:00,2021-05-13 15:50:56.557000-04:00,2021-05-13 16:04:11.506000-04:00,1,,,,,,Not Assigned,,,,,,,,,,,,,,,,,2.0,1.0,232.364,76.784,1.0,16389973
PSA2KNW,616810,2021-05-13 15:26:39.930000-04:00,2021-05-17 09:22:00-04:00,2021-05-24 19:10:00.120000-04:00,2021-05-25 20:10:02.124000-04:00,2,,,,,,Not Assigned,,,,,,,,,,,,,,,,,2.0,1.0,398.968,138.131,1.0,16589555
PSA2KNW,616828,2021-05-13 15:26:39.930000-04:00,2021-05-17 09:22:00-04:00,2021-05-13 15:42:16.090000-04:00,2021-05-13 16:01:31.175000-04:00,1,,,,,,Not Assigned,,,,,,,,,,,,,,,,,2.0,0.0,179.658,64.735,1.0,16389655
PSA2KNW,616859,2021-05-13 15:26:39.930000-04:00,2021-05-17 09:22:00-04:00,2021-05-13 15:37:19.709000-04:00,2021-05-13 15:49:53.071000-04:00,3,,,,,,Not Assigned,,,,,,,,,,,,,,,,,2.0,2.0,153.811,76.902,1.0,16389419
PSA2KNW,616868,2021-05-13 15:26:39.930000-04:00,2021-05-17 09:22:00-04:00,2021-05-13 15:45:41.911000-04:00,2021-06-02 16:06:23.969000-04:00,2,,,,,,Not Assigned,,,,,,,,,,,,,,,,,2.0,0.0,101.117,24.475,1.0,16389785
PSA2KNW,616892,2021-05-13 15:26:39.930000-04:00,2021-05-17 09:22:00-04:00,2021-05-13 15:46:18.249000-04:00,2021-05-13 16:06:24.657000-04:00,1,,,,,,Not Assigned,,,,,,,,,,,,,,,,,2.0,2.0,255.517,127.753,1.0,16389804
PSA2KNW,616907,2021-05-13 15:26:39.930000-04:00,2021-05-17 09:22:00-04:00,2021-05-13 15:47:08.662000-04:00,,1,,,,,,Not Assigned,,,,,,,,,,,,,,,,,,,,,,16389851
PSA2KNW,616928,2021-05-13 15:26:39.930000-04:00,2021-05-17 09:22:00-04:00,2021-05-13 15:32:09.185000-04:00,2021-05-13 16:09:47.682000-04:00,4,,,,,,Control,620.23,37.623,6.0,4.0,1.0,,6.0,17.0,5.0,0.0,0.0,0.0,0.0,0.0,0.0,1.0,2.0,2.0,155.47,77.7315,1.0,16389230
PSA2KNW,616952,2021-05-13 15:26:39.930000-04:00,2021-05-17 09:22:00-04:00,2021-05-13 15:26:42.586000-04:00,,3,,,,,,Not Assigned,,,,,,,,,,,,,,,,,,,,,,16389010
PSA2KNW,617018,2021-05-13 15:26:39.930000-04:00,2021-05-17 09:22:00-04:00,2021-05-13 15:27:20.775000-04:00,,2,,,,,,Not Assigned,,,,,,,,,,,,,,,,,,,,,,16389047
PSA2KNW,617032,2021-05-13 15:26:39.930000-04:00,2021-05-17 09:22:00-04:00,2021-05-13 15:47:50.629000-04:00,,5,,,,,,Treatment,45441.397,123.9815,8.0,1.0,0.0,0.0,8.0,20.0,8.0,10.0,0.0,0.0,0.0,0.0,6.0,2.0,,,,,,16389873
PSA2KNW,617204,2021-05-13 15:26:39.930000-04:00,2021-05-17 09:22:00-04:00,2021-05-13 16:04:16.039000-04:00,,1,,,,,,Not Assigned,,,,,,,,,,,,,,,,,,,,,,16390478
PSA2KNW,617298,2021-05-13 15:26:39.930000-04:00,2021-05-17 09:22:00-04:00,2021-05-13 15:48:44.161000-04:00,,2,,,,,,Not Assigned,,,,,,,,,,,,,,,,,,,,,,16389901
PSA2KNW,617419,2021-05-13 15:26:39.930000-04:00,2021-05-17 09:22:00-04:00,2021-05-13 15:40:37.345000-04:00,2021-06-04 11:15:01.701000-04:00,5,,,,,,Control,549.606,50.184,7.0,4.0,1.0,0.0,7.0,12.0,6.0,2.0,0.0,0.0,0.0,0.0,1.0,1.0,2.0,1.0,155900.823,88.53,2.0,16389590
PSA2KNW,618284,2021-02-22 08:00:00-05:00,2021-03-12 15:00:00-05:00,2021-02-25 12:42:29.556000-05:00,,3,,,,,,Not Assigned,,,,,,,,,,,,,,,,,,,,,,13929921
PSA2KNW,620664,2021-02-22 08:00:00-05:00,2021-03-12 15:00:00-05:00,2021-03-12 12:08:08.023000-05:00,,1,,,,,,Not Assigned,,,,,,,,,,,,,,,,,,,,,,14596869
PSA2KNW,637064,2021-05-13 11:24:41.402000-04:00,2021-05-17 09:22:00-04:00,2021-05-13 11:27:40.527000-04:00,,1,,,,,,Not Assigned,,,,,,,,,,,,,,,,,,,,,,16373939
PSA2KNW,638914,2020-11-06 09:00:00-05:00,2020-11-07 09:00:00-05:00,2020-11-06 10:25:24.460000-05:00,2020-11-10 13:22:03.549000-05:00,5,,,,,,Treatment,16516.055,1064.63213333333,15.0,8.0,2.0,1.0,14.0,35.0,14.0,11.0,0.0,0.0,0.0,0.0,6.0,2.0,2.0,1.0,80.694,27.8015,1.0,9282927
PSA2KNW,639117,2020-11-06 09:00:00-05:00,2020-11-07 09:00:00-05:00,2020-11-09 12:07:57.860000-05:00,2020-11-09 12:15:54.119000-05:00,1,,,,,,Control,163.127,30.2414,5.0,4.0,1.0,1.0,5.0,6.0,4.0,1.0,0.0,0.0,0.0,0.0,1.0,1.0,2.0,0.0,68.885,19.683,1.0,9381592
PSA2KNW,639124,2020-11-06 09:00:00-05:00,2020-11-07 09:00:00-05:00,2020-11-06 09:22:59.563000-05:00,2020-11-06 10:07:33.403000-05:00,3,,,,,,Not Assigned,,,,,,,,,,,,,,,,,2.0,1.0,134.113,47.778,1.0,9274788
PSA2KNW,639206,2020-11-06 09:00:00-05:00,2020-11-07 09:00:00-05:00,2020-11-06 11:40:10.686000-05:00,2020-11-06 15:59:51.872000-05:00,3,,,,,,Control,333.329,32.8053333333333,9.0,6.0,2.0,1.0,9.0,13.0,8.0,2.0,0.0,0.0,0.0,0.0,1.0,1.0,2.0,0.0,290.169,97.9015,1.0,9293527
PSA2KNW,639266,2020-11-06 09:00:00-05:00,2020-11-07 09:00:00-05:00,2020-11-06 09:29:33.737000-05:00,2020-11-06 09:41:49.287000-05:00,1,,,,,,Not Assigned,,,,,,,,,,,,,,,,,2.0,2.0,413.813,206.9045,1.0,9275524
PSA2KNW,639751,2020-11-06 09:00:00-05:00,2020-11-07 09:00:00-05:00,2020-11-06 09:08:11.635000-05:00,2020-11-06 09:22:34.959000-05:00,2,,,,,,Not Assigned,,,,,,,,,,,,,,,,,2.0,2.0,250.833,125.413,1.0,9273177
PSA2KNW,639753,2020-11-06 09:00:00-05:00,2020-11-07 09:00:00-05:00,2020-11-06 20:27:02.289000-05:00,2020-11-09 00:17:30.603000-05:00,3,,,,,,Not Assigned,,,,,,,,,,,,,,,,,2.0,0.0,307.479,134.1445,1.0,9331240
PSA2KNW,639756,2020-11-06 09:00:00-05:00,2020-11-07 09:00:00-05:00,2020-11-06 09:07:23.354000-05:00,2020-11-06 10:05:12.283000-05:00,4,,,,,,Treatment,275.279,55.0494,5.0,5.0,,,5.0,5.0,4.0,0.0,0.0,0.0,0.0,0.0,0.0,1.0,2.0,1.0,317.573,135.5005,1.0,9273056
PSA2KNW,639758,2020-11-06 09:00:00-05:00,2020-11-07 09:00:00-05:00,2020-11-06 09:24:14.560000-05:00,2020-11-06 09:56:46.765000-05:00,1,,,,,,Not Assigned,,,,,,,,,,,,,,,,,2.0,0.0,261.847,83.831,1.0,9274898
PSA2KNW,639764,2020-11-06 09:00:00-05:00,2020-11-07 09:00:00-05:00,2020-11-06 11:35:25.960000-05:00,2020-11-06 14:00:13.829000-05:00,3,,,,,,Not Assigned,,,,,,,,,,,,,,,,,2.0,1.0,142.112,56.1855,1.0,9292923
PSA2KNW,639774,2020-11-06 09:00:00-05:00,2020-11-07 09:00:00-05:00,2020-11-06 10:44:31.158000-05:00,2020-11-06 10:56:39.871000-05:00,1,,,,,,Treatment,194.554,38.908,5.0,5.0,,,5.0,5.0,4.0,0.0,0.0,0.0,0.0,0.0,0.0,1.0,2.0,1.0,223.554,85.715,1.0,9285384
PSA2KNW,639777,2020-11-06 09:00:00-05:00,2020-11-07 09:00:00-05:00,2020-11-06 09:17:09.074000-05:00,2020-11-06 09:43:03.257000-05:00,1,,,,,,Control,511.713,31.73,12.0,7.0,3.0,2.0,12.0,22.0,11.0,5.0,0.0,0.0,0.0,0.0,3.0,1.0,2.0,1.0,213.836,72.211,1.0,9274132
PSA2KNW,639778,2020-11-06 09:00:00-05:00,2020-11-07 09:00:00-05:00,2020-11-06 10:15:01.813000-05:00,2020-11-06 10:42:13.896000-05:00,1,,,,,,Treatment,421.737,35.825,10.0,6.0,2.0,1.0,10.0,16.0,9.0,2.0,0.0,0.0,0.0,0.0,1.0,1.0,2.0,0.0,217.154,73.5895,1.0,9281583
PSA2KNW,639779,2020-11-06 09:00:00-05:00,2020-11-07 09:00:00-05:00,2020-11-06 09:08:34.565000-05:00,2020-11-06 13:41:16.006000-05:00,1,,,,,,Not Assigned,,,,,,,,,,,,,,,,,2.0,2.0,341.493,170.745,1.0,9273197
PSA2KNW,639780,2020-11-06 09:00:00-05:00,2020-11-07 09:00:00-05:00,2020-11-06 14:26:25.337000-05:00,2020-11-06 14:38:33.764000-05:00,1,,,,,,Treatment,386.214,61.027,6.0,5.0,1.0,1.0,6.0,7.0,5.0,1.0,0.0,0.0,0.0,0.0,1.0,1.0,2.0,2.0,97.334,48.6635,1.0,9317275
PSA2KNW,639781,2020-11-06 09:00:00-05:00,2020-11-07 09:00:00-05:00,2020-11-06 09:08:28.129000-05:00,2020-11-06 09:33:37.310000-05:00,1,,,,,,Not Assigned,,,,,,,,,,,,,,,,,2.0,0.0,546.771,210.638,1.0,9273190
PSA2KNW,639782,2020-11-06 09:00:00-05:00,2020-11-07 09:00:00-05:00,2020-11-06 09:13:14.893000-05:00,2020-11-06 09:37:31.084000-05:00,1,,,,,,Control,646.199,37.2558181818182,11.0,8.0,3.0,2.0,11.0,19.0,10.0,4.0,0.0,0.0,0.0,0.0,1.0,1.0,2.0,1.0,254.661,102.7835,1.0,9273685
PSA2KNW,639784,2020-11-06 09:00:00-05:00,2020-11-07 09:00:00-05:00,2020-11-06 13:10:01.794000-05:00,2020-11-06 13:29:39.397000-05:00,1,,,,,,Control,489.593,68.2886666666667,6.0,5.0,1.0,1.0,6.0,8.0,5.0,2.0,0.0,0.0,0.0,0.0,0.0,1.0,2.0,1.0,328.668,140.0585,1.0,9306625
PSA2KNW,639785,2020-11-06 09:00:00-05:00,2020-11-07 09:00:00-05:00,2020-11-06 14:26:02.045000-05:00,2020-11-06 14:41:28.043000-05:00,1,,,,,,Not Assigned,,,,,,,,,,,,,,,,,2.0,1.0,252.034,83.1315,1.0,9317233
PSA2KNW,639786,2020-11-06 09:00:00-05:00,2020-11-07 09:00:00-05:00,2020-11-06 09:28:00.708000-05:00,2020-11-06 10:43:41.090000-05:00,1,,,,,,Control,3659.944,282.969666666667,12.0,7.0,3.0,1.0,11.0,21.0,11.0,5.0,0.0,0.0,0.0,0.0,3.0,1.0,2.0,0.0,110.89,34.874,1.0,9275346
PSA2KNW,639787,2020-11-06 09:00:00-05:00,2020-11-07 09:00:00-05:00,2020-11-06 09:37:57.992000-05:00,2020-11-08 15:46:21.732000-05:00,6,,,,,,Control,448.988,48.2634285714286,7.0,5.0,2.0,2.0,7.0,9.0,6.0,4.0,0.0,0.0,0.0,0.0,2.0,1.0,2.0,1.0,193769.329,96850.488,2.0,9276465
PSA2KNW,639789,2020-11-06 09:00:00-05:00,2020-11-07 09:00:00-05:00,2020-11-06 09:06:43.980000-05:00,2020-11-06 09:23:47.108000-05:00,1,,,,,,Not Assigned,,,,,,,,,,,,,,,,,2.0,1.0,234.963,108.6015,1.0,9272979
PSA2KNW,639791,2020-11-06 09:00:00-05:00,2020-11-07 09:00:00-05:00,2020-11-09 08:38:46.237000-05:00,2020-11-09 17:10:06.013000-05:00,4,,,,,,Control,403.921,19.4487142857143,7.0,5.0,2.0,2.0,6.0,12.0,6.0,3.0,0.0,0.0,0.0,0.0,2.0,1.0,2.0,0.0,154.11,54.615,1.0,9348580
PSA2KNW,639798,2020-11-06 09:00:00-05:00,2020-11-07 09:00:00-05:00,2020-11-06 09:07:52.665000-05:00,2020-11-06 09:23:03.665000-05:00,1,,,,,,Control,340.588,34.9221111111111,9.0,7.0,2.0,,9.0,11.0,8.0,0.0,0.0,0.0,0.0,0.0,0.0,1.0,2.0,2.0,174.083,87.0355,1.0,9273119
PSA2KNW,639804,2020-11-06 09:00:00-05:00,2020-11-07 09:00:00-05:00,2020-11-06 09:39:59.753000-05:00,2020-11-06 09:57:07.979000-05:00,1,,,,,,Treatment,439.186,38.47,9.0,6.0,2.0,1.0,9.0,18.0,8.0,4.0,0.0,0.0,0.0,0.0,2.0,1.0,2.0,1.0,186.704,91.973,1.0,9276742
PSA2KNW,639805,2020-11-06 09:00:00-05:00,2020-11-07 09:00:00-05:00,2020-11-06 14:06:46.763000-05:00,2020-11-19 15:48:52.621000-05:00,6,,,,,,Control,521.192,85.6502,5.0,4.0,1.0,1.0,5.0,7.0,4.0,2.0,0.0,0.0,0.0,0.0,1.0,1.0,2.0,0.0,450.718,193.7265,1.0,9314749
PSA2KNW,639830,2020-11-06 09:00:00-05:00,2020-11-07 09:00:00-05:00,2020-11-06 09:16:46.008000-05:00,2020-11-06 10:24:54.856000-05:00,2,,,,,,Control,1094.883,273.7125,4.0,4.0,,,4.0,4.0,3.0,0.0,0.0,0.0,0.0,0.0,0.0,1.0,2.0,1.0,398.317,197.048,1.0,9274077
PSA2KNW,639876,2020-11-06 09:00:00-05:00,2020-11-07 09:00:00-05:00,2020-11-06 09:48:05.740000-05:00,2020-11-22 19:58:11.809000-05:00,4,,,,,,Control,522.766,60.784875,8.0,6.0,2.0,,8.0,10.0,7.0,0.0,0.0,0.0,0.0,0.0,0.0,1.0,2.0,2.0,271.882,135.937,1.0,9277783
PSA2KNW,643914,2021-05-13 11:24:41.402000-04:00,2021-05-17 09:22:00-04:00,2021-05-13 11:27:13.045000-04:00,2021-05-13 11:42:23.835000-04:00,1,,,,,,Not Assigned,,,,,,,,,,,,,,,,,2.0,1.0,184.712,62.951,1.0,16373904
PSA2KNW,643954,2021-05-13 11:24:41.402000-04:00,2021-05-17 09:22:00-04:00,2021-05-13 11:28:45.974000-04:00,2021-05-13 11:56:03.395000-04:00,1,,,,,,Control,569.537,88.6685,6.0,5.0,1.0,1.0,6.0,9.0,5.0,2.0,0.0,0.0,0.0,0.0,1.0,1.0,2.0,0.0,237.143,70.1895,1.0,16374047
PSA2KNW,644233,2021-05-13 11:24:41.402000-04:00,2021-05-17 09:22:00-04:00,2021-05-13 11:26:18.331000-04:00,,1,,,,,,Treatment,938.94,76.636,8.0,4.0,2.0,2.0,8.0,15.0,8.0,3.0,0.0,0.0,0.0,0.0,2.0,1.0,,,,,,16373817
PSA2KNW,647652,2021-05-13 12:56:11.016000-04:00,2021-05-18 12:58:00-04:00,2021-05-13 13:04:58.054000-04:00,2021-05-13 13:25:15.669000-04:00,1,,,,,,Not Assigned,,,,,,,,,,,,,,,,,2.0,2.0,754.988,377.4895,1.0,16380692
PSA2KNW,647736,2021-05-13 12:56:11.016000-04:00,2021-05-18 12:58:00-04:00,2021-05-13 13:12:05.264000-04:00,,1,,,,,,Not Assigned,,,,,,,,,,,,,,,,,,,,,,16381189
PSA2KNW,648474,2021-05-11 11:00:00-04:00,2021-05-12 11:00:00-04:00,2021-05-11 11:26:35.776000-04:00,,3,,,,,,Not Assigned,,,,,,,,,,,,,,,,,,,,,,16304761
PSA2KNW,648493,2021-05-11 11:00:00-04:00,2021-05-12 11:00:00-04:00,2021-05-11 19:17:24.981000-04:00,,1,,,,,,Treatment,228.385,38.2234,6.0,3.0,0.0,,5.0,8.0,6.0,2.0,0.0,0.0,0.0,0.0,1.0,1.0,,,,,,16327989
PSA2KNW,648495,2021-05-11 11:00:00-04:00,2021-05-12 11:00:00-04:00,2021-05-14 12:05:46.104000-04:00,,5,,,,,,Not Assigned,,,,,,,,,,,,,,,,,,,,,,16407568
PSA2KNW,648651,2021-05-11 11:00:00-04:00,2021-05-12 11:00:00-04:00,2021-05-13 12:02:03.420000-04:00,,3,,,,,,Treatment,59.159,24.1395,2.0,1.0,,,2.0,3.0,2.0,0.0,0.0,0.0,0.0,0.0,0.0,2.0,,,,,,16376252
PSA2KNW,649290,2021-08-19 09:21:17.912000-04:00,,2021-08-19 10:58:27.435000-04:00,,1,,,,,,Not Assigned,,,,,,,,,,,,,,,,,,,,,,16848424
PSA2KNW,649596,2021-08-19 09:21:17.912000-04:00,,2021-08-19 09:59:35.021000-04:00,2021-08-19 10:12:53.907000-04:00,1,,,,,,Not Assigned,,,,,,,,,,,,,,,,,2.0,1.0,161.5,67.5475,1.0,16847473
PSA2KNW,649640,2021-08-19 09:21:17.912000-04:00,,2021-08-19 09:55:30.005000-04:00,2021-08-19 13:14:32.534000-04:00,2,,,,,,Not Assigned,,,,,,,,,,,,,,,,,2.0,1.0,501.627,150.9145,1.0,16847410
PSA2KNW,651847,2021-05-13 15:26:39.930000-04:00,2021-05-17 09:22:00-04:00,2021-05-13 15:47:10.624000-04:00,,3,,,,,,Control,559.113,75.3113333333333,4.0,1.0,0.0,,3.0,11.0,3.0,2.0,0.0,0.0,0.0,0.0,1.0,2.0,,,,,,16389852
PSA2KNW,658369,2021-02-22 08:00:00-05:00,2021-03-12 15:00:00-05:00,2021-02-22 12:32:34.493000-05:00,,2,,,,,,Not Assigned,,,,,,,,,,,,,,,,,,,,,,13728509
PSA2KNW,666268,2020-08-26 11:00:00-04:00,2020-08-29 01:00:00-04:00,2020-10-08 19:55:29.132000-04:00,,1,,,,,,Not Assigned,,,,,,,,,,,,,,,,,,,,,,7486467
PSA2KNW,667767,2020-11-06 09:00:00-05:00,2020-11-07 09:00:00-05:00,2020-11-08 21:11:15.866000-05:00,2020-11-08 21:41:44.896000-05:00,1,,,,,,Not Assigned,,,,,,,,,,,,,,,,,2.0,2.0,305.945,152.968,1.0,9343284
PSA2KNW,748286,2021-04-14 08:10:00-04:00,2021-04-14 23:59:00-04:00,2021-04-14 08:14:37.136000-04:00,2021-04-14 08:33:44.866000-04:00,1,,,,,,Treatment,238.708,47.73,5.0,5.0,,,5.0,5.0,4.0,0.0,0.0,0.0,0.0,0.0,0.0,1.0,2.0,0.0,445.291,149.2915,1.0,15521149
PSA2KNW,748831,2021-04-14 08:10:00-04:00,2021-04-14 23:59:00-04:00,2021-04-14 08:13:05.394000-04:00,2021-04-14 11:42:47.055000-04:00,1,,,,,,Treatment,11785.724,1659.19385714286,7.0,5.0,1.0,1.0,7.0,11.0,6.0,4.0,0.0,0.0,0.0,0.0,2.0,1.0,2.0,2.0,77.033,38.513,1.0,15521117
PSA2KNW,748840,2021-04-14 08:10:00-04:00,2021-04-14 23:59:00-04:00,2021-04-14 08:15:10.639000-04:00,2021-04-14 08:33:26.909000-04:00,1,,,,,,Control,150.63,37.64775,4.0,4.0,,,4.0,4.0,3.0,0.0,0.0,0.0,0.0,0.0,0.0,1.0,2.0,2.0,218.134,109.0615,1.0,15521160
PSA2KNW,748842,2021-04-14 08:10:00-04:00,2021-04-14 23:59:00-04:00,2021-04-14 08:18:10.673000-04:00,2021-04-14 08:31:19.729000-04:00,1,,,,,,Treatment,185.929,37.1774,5.0,5.0,,,5.0,5.0,4.0,0.0,0.0,0.0,0.0,0.0,0.0,1.0,2.0,2.0,76.675,38.331,1.0,15521243
PSA2KNW,748844,2021-04-14 08:10:00-04:00,2021-04-14 23:59:00-04:00,2021-04-14 08:13:36.470000-04:00,2021-04-14 08:43:10.771000-04:00,1,,,,,,Treatment,647.059,53.1175,10.0,8.0,2.0,2.0,10.0,14.0,9.0,3.0,0.0,0.0,0.0,0.0,2.0,1.0,2.0,0.0,258.356,116.251,1.0,15521128
PSA2KNW,748853,2021-04-14 08:10:00-04:00,2021-04-14 23:59:00-04:00,2021-04-14 08:20:13.529000-04:00,2021-04-15 07:54:31.240000-04:00,4,,,,,,Treatment,102.575,20.5008,5.0,5.0,,,5.0,5.0,4.0,0.0,0.0,0.0,0.0,0.0,0.0,1.0,2.0,2.0,57.015,28.4955,1.0,15521299
PSA2KNW,748856,2021-04-14 08:10:00-04:00,2021-04-14 23:59:00-04:00,2021-04-15 00:30:56.191000-04:00,,1,,,,,,Not Assigned,,,,,,,,,,,,,,,,,,,,,,15563654
PSA2KNW,748862,2021-04-14 08:10:00-04:00,2021-04-14 23:59:00-04:00,2021-04-14 08:13:29.785000-04:00,,2,,,,,,Not Assigned,,,,,,,,,,,,,,,,,,,,,,15521122
PSA2KNW,748863,2021-04-14 08:10:00-04:00,2021-04-14 23:59:00-04:00,2021-04-14 13:12:31.877000-04:00,2021-04-14 14:40:46.559000-04:00,1,,,,,,Not Assigned,,,,,,,,,,,,,,,,,2.0,2.0,2315.888,1157.915,1.0,15544083
PSA2KNW,748864,2021-04-14 08:10:00-04:00,2021-04-14 23:59:00-04:00,2021-04-14 08:18:59.438000-04:00,2021-04-14 10:57:29.053000-04:00,1,,,,,,Control,6399.559,1256.0494,5.0,4.0,1.0,1.0,5.0,8.0,4.0,1.0,0.0,0.0,0.0,0.0,1.0,1.0,2.0,0.0,1179.251,502.4475,1.0,15521260
PSA2KNW,748868,2021-04-14 08:10:00-04:00,2021-04-14 23:59:00-04:00,2021-04-14 08:19:15.163000-04:00,2021-04-14 20:28:25.038000-04:00,3,,,,,,Treatment,478.317,48.9831428571429,7.0,5.0,1.0,1.0,7.0,14.0,6.0,3.0,0.0,0.0,0.0,0.0,2.0,1.0,2.0,2.0,113.268,56.6325,1.0,15521267
PSA2KNW,748871,2021-04-14 08:10:00-04:00,2021-04-14 23:59:00-04:00,2021-04-14 08:14:43.910000-04:00,2021-04-14 13:44:39.912000-04:00,4,,,,,,Not Assigned,,,,,,,,,,,,,,,,,2.0,2.0,18444.269,9222.129,3.0,15521151
PSA2KNW,748874,2021-04-14 08:10:00-04:00,2021-04-14 23:59:00-04:00,2021-04-14 08:13:41.469000-04:00,2021-04-14 09:25:29.290000-04:00,1,,,,,,Control,437.082,84.4604,5.0,4.0,1.0,,5.0,6.0,4.0,0.0,0.0,0.0,0.0,0.0,0.0,1.0,2.0,0.0,2886.833,1421.954,1.0,15521129
PSA2KNW,748900,2021-04-14 08:10:00-04:00,2021-04-14 23:59:00-04:00,2021-04-15 21:49:04.468000-04:00,2021-04-15 22:00:59.302000-04:00,1,,,,,,Not Assigned,,,,,,,,,,,,,,,,,2.0,2.0,229.61,114.799,1.0,15609064
PSA2KNW,748984,2020-10-22 08:30:00-04:00,2020-10-23 08:30:00-04:00,2020-10-22 08:39:47.184000-04:00,2020-10-22 09:02:01.085000-04:00,1,,,,,,Not Assigned,,,,,,,,,,,,,,,,,2.0,1.0,180.085,58.649,1.0,8323886
PSA2KNW,748985,2020-10-22 08:30:00-04:00,2020-10-23 08:30:00-04:00,2020-10-22 08:44:43.967000-04:00,,3,,,,,,Not Assigned,,,,,,,,,,,,,,,,,,,,,,8324417
PSA2KNW,748987,2020-10-22 08:30:00-04:00,2020-10-23 08:30:00-04:00,2020-10-22 08:37:12.144000-04:00,2020-10-22 10:07:24.635000-04:00,1,,,,,,Control,2727.971,387.249714285714,7.0,6.0,1.0,,7.0,8.0,6.0,0.0,0.0,0.0,0.0,0.0,0.0,1.0,2.0,1.0,1029.453,477.16,1.0,8323642
PSA2KNW,748988,2020-10-22 08:30:00-04:00,2020-10-23 08:30:00-04:00,2020-10-22 08:54:56.706000-04:00,,4,,,,,,Control,341.248,27.08475,5.0,1.0,0.0,0.0,3.0,14.0,4.0,5.0,0.0,0.0,0.0,0.0,3.0,1.0,,,,,,8325473
PSA2KNW,748992,2020-10-22 08:30:00-04:00,2020-10-23 08:30:00-04:00,2020-10-22 08:35:08.921000-04:00,2020-10-22 08:44:59.896000-04:00,1,,,,,,Not Assigned,,,,,,,,,,,,,,,,,2.0,2.0,193.209,96.6025,1.0,8323462
PSA2KNW,748994,2020-10-22 08:30:00-04:00,2020-10-23 08:30:00-04:00,2020-10-22 08:49:50.683000-04:00,2020-10-22 09:06:32.257000-04:00,1,,,,,,Control,159.122,39.77025,4.0,4.0,,,4.0,4.0,3.0,0.0,0.0,0.0,0.0,0.0,0.0,1.0,2.0,2.0,422.866,211.397,1.0,8324955
PSA2KNW,748995,2020-10-22 08:30:00-04:00,2020-10-23 08:30:00-04:00,2020-10-22 08:43:57.373000-04:00,2020-10-22 09:13:05.437000-04:00,4,,,,,,Not Assigned,,,,,,,,,,,,,,,,,2.0,2.0,815.14,407.5595,1.0,8324347
PSA2KNW,748998,2020-10-22 08:30:00-04:00,2020-10-23 08:30:00-04:00,2020-10-28 14:04:20.819000-04:00,2020-10-28 16:52:03.022000-04:00,2,,,,,,Treatment,497.804,34.7012,10.0,7.0,2.0,1.0,10.0,17.0,9.0,4.0,0.0,0.0,0.0,0.0,2.0,1.0,2.0,1.0,197.45,80.876,1.0,8755755
PSA2KNW,749000,2020-10-22 08:30:00-04:00,2020-10-23 08:30:00-04:00,2020-10-22 08:51:02.735000-04:00,2020-10-22 09:05:35.717000-04:00,1,,,,,,Not Assigned,,,,,,,,,,,,,,,,,2.0,1.0,445.108,169.9095,1.0,8325078
PSA2KNW,749002,2020-10-22 08:30:00-04:00,2020-10-23 08:30:00-04:00,2020-10-22 08:45:25.433000-04:00,2020-10-22 08:56:51.055000-04:00,1,,,,,,Not Assigned,,,,,,,,,,,,,,,,,2.0,1.0,127.172,43.8725,1.0,8324472
PSA2KNW,749003,2020-10-22 08:30:00-04:00,2020-10-23 08:30:00-04:00,2020-10-22 08:55:38.868000-04:00,2020-10-22 22:57:58.587000-04:00,3,,,,,,Control,50108.703,4538.93836363636,11.0,7.0,3.0,3.0,11.0,18.0,10.0,7.0,0.0,0.0,0.0,0.0,3.0,2.0,2.0,1.0,103.566,38.039,1.0,8325562
PSA2KNW,749004,2020-10-22 08:30:00-04:00,2020-10-23 08:30:00-04:00,2020-10-22 08:47:38.005000-04:00,2020-10-22 09:10:26.514000-04:00,1,,,,,,Not Assigned,,,,,,,,,,,,,,,,,2.0,2.0,86.072,43.033,1.0,8324727
PSA2KNW,749005,2020-10-22 08:30:00-04:00,2020-10-23 08:30:00-04:00,2020-10-22 08:39:27.553000-04:00,2020-10-23 07:55:40.526000-04:00,2,,,,,,Control,83187.744,3831.46615384615,13.0,6.0,2.0,0.0,13.0,24.0,12.0,9.0,0.0,0.0,0.0,0.0,5.0,2.0,2.0,0.0,73.61,20.1585,1.0,8323848
PSA2KNW,749006,2020-10-22 08:30:00-04:00,2020-10-23 08:30:00-04:00,2020-10-22 08:31:53.387000-04:00,2020-10-26 23:12:01.222000-04:00,5,,,,,,Not Assigned,,,,,,,,,,,,,,,,,2.0,1.0,137.266,26.66,1.0,8323225
PSA2KNW,749007,2020-10-22 08:30:00-04:00,2020-10-23 08:30:00-04:00,2020-10-22 08:55:39.926000-04:00,,2,,,,,,Not Assigned,,,,,,,,,,,,,,,,,,,,,,8325567
PSA2KNW,749008,2020-10-22 08:30:00-04:00,2020-10-23 08:30:00-04:00,2020-10-22 08:54:01.005000-04:00,2020-10-22 10:21:17.387000-04:00,1,,,,,,Control,255.48,63.86175,4.0,4.0,,,4.0,4.0,3.0,0.0,0.0,0.0,0.0,0.0,0.0,1.0,2.0,2.0,295.168,147.5685,1.0,8325369
PSA2KNW,749009,2020-10-22 08:30:00-04:00,2020-10-23 08:30:00-04:00,2020-10-22 09:00:15.776000-04:00,2020-10-22 09:25:07.090000-04:00,1,,,,,,Not Assigned,,,,,,,,,,,,,,,,,2.0,0.0,685.817,329.078,1.0,8326053
PSA2KNW,749011,2020-10-22 08:30:00-04:00,2020-10-23 08:30:00-04:00,2020-10-22 08:41:18.251000-04:00,,1,,,,,,Not Assigned,,,,,,,,,,,,,,,,,,,,,,8324044
PSA2KNW,749012,2020-10-22 08:30:00-04:00,2020-10-23 08:30:00-04:00,2020-10-22 08:40:54.327000-04:00,,2,,,,,,Not Assigned,,,,,,,,,,,,,,,,,,,,,,8323983
PSA2KNW,749016,2020-10-22 08:30:00-04:00,2020-10-23 08:30:00-04:00,2020-10-22 08:53:38.230000-04:00,2020-10-22 14:01:38.158000-04:00,4,,,,,,Treatment,308.902,61.7748,5.0,5.0,,,5.0,5.0,4.0,0.0,0.0,0.0,0.0,0.0,0.0,1.0,2.0,2.0,213.72,106.8565,1.0,8325322
PSA2KNW,749018,2020-10-22 08:30:00-04:00,2020-10-23 08:30:00-04:00,2020-10-22 08:54:47.582000-04:00,,2,,,,,,Treatment,553.991,95.3456,6.0,2.0,1.0,1.0,4.0,8.0,6.0,4.0,0.0,0.0,0.0,0.0,3.0,1.0,,,,,,8325456
PSA2KNW,749020,2020-10-22 08:30:00-04:00,2020-10-23 08:30:00-04:00,2020-10-22 08:43:29.445000-04:00,,2,,,,,,Not Assigned,,,,,,,,,,,,,,,,,,,,,,8324298
PSA2KNW,749023,2020-10-22 08:30:00-04:00,2020-10-23 08:30:00-04:00,2020-10-22 08:43:24.279000-04:00,2020-10-22 08:52:57.337000-04:00,1,,,,,,Not Assigned,,,,,,,,,,,,,,,,,2.0,2.0,69.489,34.7395,1.0,8324294
PSA2KNW,749026,2020-10-22 08:30:00-04:00,2020-10-23 08:30:00-04:00,2020-10-22 08:39:17.807000-04:00,2020-10-22 08:56:03.255000-04:00,2,,,,,,Not Assigned,,,,,,,,,,,,,,,,,2.0,0.0,437.705,196.706,1.0,8323838
PSA2KNW,749031,2020-10-22 08:30:00-04:00,2020-10-23 08:30:00-04:00,2020-10-22 08:52:54.022000-04:00,2020-10-22 09:08:18.291000-04:00,1,,,,,,Treatment,380.169,40.30525,8.0,7.0,1.0,1.0,8.0,11.0,7.0,1.0,0.0,0.0,0.0,0.0,0.0,1.0,2.0,2.0,135.467,67.7305,1.0,8325249
PSA2KNW,749034,2020-10-22 08:30:00-04:00,2020-10-23 08:30:00-04:00,2020-10-22 08:32:48.492000-04:00,,4,,,,,,Treatment,109.298,21.856,5.0,5.0,,,5.0,5.0,4.0,0.0,0.0,0.0,0.0,0.0,0.0,1.0,1.0,,,,1.0,8323303
PSA2KNW,749038,2020-10-22 08:30:00-04:00,2020-10-23 08:30:00-04:00,2020-10-22 13:55:51.175000-04:00,2020-10-22 14:17:18.995000-04:00,1,,,,,,Not Assigned,,,,,,,,,,,,,,,,,2.0,2.0,234.431,117.2125,1.0,8380116
PSA2KNW,749077,2020-10-22 08:30:00-04:00,2020-10-23 08:30:00-04:00,2020-10-22 08:56:03.585000-04:00,,5,,,,,,Not Assigned,,,,,,,,,,,,,,,,,,,,,,8325602
PSA2KNW,749084,2021-02-22 09:00:00-05:00,2021-02-23 23:22:00-05:00,2021-02-22 14:18:28.854000-05:00,,1,,,,,,Not Assigned,,,,,,,,,,,,,,,,,,,,,,13742945
PSA2KNW,749111,2020-10-22 08:30:00-04:00,2020-10-23 08:30:00-04:00,2020-10-22 08:39:24.486000-04:00,2020-11-03 09:19:30.903000-05:00,5,,,,,,Treatment,198.548,30.8801666666667,6.0,5.0,1.0,,6.0,7.0,5.0,0.0,0.0,0.0,0.0,0.0,0.0,1.0,2.0,2.0,41.45,20.7225,1.0,8323841
PSA2KNW,749156,2020-10-22 08:30:00-04:00,2020-10-23 08:30:00-04:00,2020-10-22 08:41:09.943000-04:00,,2,,,,,,Not Assigned,,,,,,,,,,,,,,,,,,,,,,8324024
PSA2KNW,749158,2021-02-22 09:00:00-05:00,2021-02-23 23:22:00-05:00,2021-02-22 09:11:56.089000-05:00,2021-02-22 10:23:45.977000-05:00,3,,,,,,Control,2626.61,204.508,10.0,4.0,1.0,1.0,8.0,21.0,9.0,11.0,0.0,0.0,0.0,0.0,6.0,2.0,2.0,2.0,130.389,65.1835,1.0,13704301
PSA2KNW,749165,2020-10-22 08:30:00-04:00,2020-10-23 08:30:00-04:00,2020-10-22 09:04:52.854000-04:00,,1,,,,,,Treatment,347.367,22.755875,8.0,3.0,1.0,1.0,8.0,16.0,8.0,2.0,0.0,0.0,0.0,0.0,0.0,1.0,,,,,,8326613
PSA2KNW,749166,2021-02-22 09:00:00-05:00,2021-02-23 23:22:00-05:00,2021-02-22 15:09:29.567000-05:00,,1,,,,,,Control,405.293,41.5278333333333,6.0,2.0,1.0,1.0,6.0,13.0,5.0,6.0,0.0,0.0,0.0,0.0,3.0,1.0,,,,,,13748875
PSA2KNW,749187,2020-10-22 08:30:00-04:00,2020-10-23 08:30:00-04:00,2020-10-22 08:36:49.301000-04:00,,1,,,,,,Not Assigned,,,,,,,,,,,,,,,,,,,,,,8323616
PSA2KNW,749757,2021-02-22 09:00:00-05:00,2021-02-23 23:22:00-05:00,2021-02-22 14:05:11.636000-05:00,2021-02-22 14:14:57.592000-05:00,1,,,,,,Not Assigned,,,,,,,,,,,,,,,,,2.0,1.0,164.314,70.3985,1.0,13741029
PSA2KNW,750329,2020-10-22 08:39:43.910000-04:00,2020-10-23 08:30:00-04:00,2020-10-22 08:59:40.899000-04:00,2020-10-23 09:52:11.577000-04:00,3,,,,,,Treatment,201.558,25.3395,6.0,5.0,1.0,1.0,6.0,7.0,5.0,2.0,0.0,0.0,0.0,0.0,1.0,1.0,2.0,0.0,62.694,18.413,1.0,8325993
PSA2KNW,750330,2020-10-22 08:39:43.910000-04:00,2020-10-23 08:30:00-04:00,2020-10-23 09:46:13.565000-04:00,,1,,,,,,Not Assigned,,,,,,,,,,,,,,,,,,,,,,8428909
PSA2KNW,750331,2020-10-22 08:39:43.910000-04:00,2020-10-23 08:30:00-04:00,2020-10-22 08:46:17.786000-04:00,2020-10-22 13:33:18.134000-04:00,5,,,,,,Control,118.716,29.67575,4.0,4.0,,,4.0,4.0,3.0,0.0,0.0,0.0,0.0,0.0,0.0,1.0,2.0,0.0,82.563,26.9755,1.0,8324556
PSA2KNW,750334,2020-10-22 08:39:43.910000-04:00,2020-10-23 08:30:00-04:00,2020-10-22 08:42:09.813000-04:00,2020-10-22 08:48:31.162000-04:00,1,,,,,,Not Assigned,,,,,,,,,,,,,,,,,2.0,2.0,84.597,42.2955,1.0,8324156
PSA2KNW,750337,2020-10-22 08:39:43.910000-04:00,2020-10-23 08:30:00-04:00,2020-10-23 08:42:58.157000-04:00,2020-10-26 23:46:36.800000-04:00,3,,,,,,Not Assigned,,,,,,,,,,,,,,,,,2.0,2.0,81.967,40.98,1.0,8421669
PSA2KNW,750339,2020-10-22 08:39:43.910000-04:00,2020-10-23 08:30:00-04:00,2020-10-22 09:00:47.107000-04:00,2020-10-22 11:34:29.094000-04:00,3,,,,,,Not Assigned,,,,,,,,,,,,,,,,,2.0,2.0,93.152,46.5725,1.0,8326131
PSA2KNW,750341,2020-10-22 08:39:43.910000-04:00,2020-10-23 08:30:00-04:00,2020-10-22 08:45:58.049000-04:00,2020-10-22 08:55:28.878000-04:00,1,,,,,,Not Assigned,,,,,,,,,,,,,,,,,2.0,2.0,199.817,99.901,1.0,8324514
PSA2KNW,750354,2020-10-22 08:39:43.910000-04:00,2020-10-23 08:30:00-04:00,2020-10-23 09:29:11.379000-04:00,,2,,,,,,Not Assigned,,,,,,,,,,,,,,,,,,,,,,8426796
PSA2KNW,750356,2020-10-22 08:39:43.910000-04:00,2020-10-23 08:30:00-04:00,2020-10-22 08:53:49.872000-04:00,,1,,,,,,Not Assigned,,,,,,,,,,,,,,,,,,,,,,8325338
PSA2KNW,750358,2020-10-22 08:39:43.910000-04:00,2020-10-23 08:30:00-04:00,2020-10-22 09:07:42.450000-04:00,2020-10-22 15:02:43.400000-04:00,2,,,,,,Treatment,269.868,28.40725,8.0,6.0,2.0,1.0,8.0,10.0,7.0,2.0,0.0,0.0,0.0,0.0,1.0,1.0,2.0,2.0,239.885,119.9385,1.0,8326990
PSA2KNW,750360,2020-10-22 08:39:43.910000-04:00,2020-10-23 08:30:00-04:00,2020-10-22 09:01:06.649000-04:00,,2,,,,,,Not Assigned,,,,,,,,,,,,,,,,,,,,,,8326167
PSA2KNW,750383,2020-10-22 08:39:43.910000-04:00,2020-10-23 08:30:00-04:00,2020-12-10 15:00:03.667000-05:00,,1,,,,,,Not Assigned,,,,,,,,,,,,,,,,,,,,,,11078935
PSA2KNW,750431,2020-10-22 08:39:43.910000-04:00,2020-10-23 08:30:00-04:00,2020-10-22 08:56:20.984000-04:00,,8,,,,,,Not Assigned,,,,,,,,,,,,,,,,,,,,,,8325642
PSA2KNW,750480,2020-10-22 08:39:43.910000-04:00,2020-10-23 08:30:00-04:00,2020-10-23 09:44:12.382000-04:00,,3,,,,,,Not Assigned,,,,,,,,,,,,,,,,,,,,,,8428647
PSA2KNW,750516,2020-10-22 08:30:00-04:00,2020-10-23 08:30:00-04:00,2020-10-22 08:45:55.354000-04:00,2020-10-22 08:56:16.416000-04:00,1,,,,,,Not Assigned,,,,,,,,,,,,,,,,,2.0,2.0,152.288,76.1405,1.0,8324511
PSA2KNW,750520,2020-10-22 08:30:00-04:00,2020-10-23 08:30:00-04:00,2020-10-22 08:57:59.109000-04:00,2021-03-26 13:52:14.024000-04:00,5,,,,,,Treatment,214.848,42.9676,5.0,5.0,,,5.0,5.0,4.0,0.0,0.0,0.0,0.0,0.0,0.0,1.0,2.0,2.0,80.794,40.3955,1.0,8325820
PSA2KNW,750526,2020-10-22 08:30:00-04:00,2020-10-23 08:30:00-04:00,2020-10-22 08:59:01.621000-04:00,2020-11-03 09:17:37.834000-05:00,3,,,,,,Control,354.624,22.3412857142857,7.0,5.0,2.0,1.0,7.0,9.0,6.0,2.0,0.0,0.0,0.0,0.0,1.0,1.0,2.0,1.0,195.15,82.997,1.0,8325932
PSA2KNW,750994,2021-02-22 09:00:00-05:00,2021-02-23 23:22:00-05:00,2021-02-22 09:52:37.544000-05:00,,1,,,,,,Not Assigned,,,,,,,,,,,,,,,,,,,,,,13708423
PSA2KNW,751000,2020-10-22 08:30:00-04:00,2020-10-23 08:30:00-04:00,2020-10-22 09:40:28.971000-04:00,,2,,,,,,Not Assigned,,,,,,,,,,,,,,,,,,,,,,8331866
PSA2KNW,751129,2020-10-22 08:30:00-04:00,2020-10-23 08:30:00-04:00,2020-10-22 08:41:00.844000-04:00,2020-11-03 09:26:08.114000-05:00,2,,,,,,Control,1041882.797,37.9388571428571,7.0,6.0,1.0,1.0,7.0,9.0,6.0,1.0,0.0,0.0,0.0,0.0,1.0,2.0,2.0,2.0,76.64,38.3135,1.0,8323998
PSA2KNW,751233,2021-02-22 09:00:00-05:00,2021-02-23 23:22:00-05:00,2021-03-02 00:04:12.338000-05:00,,3,,,,,,Not Assigned,,,,,,,,,,,,,,,,,,,,,,14085001
PSA2KNW,751833,2021-02-22 09:00:00-05:00,2021-02-23 23:22:00-05:00,2021-02-22 09:45:17.021000-05:00,2021-02-22 09:56:55.997000-05:00,1,,,,,,Treatment,390.73,22.4152,10.0,7.0,2.0,2.0,8.0,12.0,9.0,6.0,0.0,0.0,0.0,0.0,3.0,1.0,2.0,0.0,29.297,4.936,1.0,13707706
PSA2KNW,752125,2020-10-22 08:39:43.910000-04:00,2020-10-23 08:30:00-04:00,2020-10-22 13:28:23.400000-04:00,,1,,,,,,Not Assigned,,,,,,,,,,,,,,,,,,,,,,8374559
PSA2KNW,752613,2020-10-22 08:30:00-04:00,2020-10-23 08:30:00-04:00,2020-10-23 11:06:08.035000-04:00,2020-11-03 12:02:01.967000-05:00,4,,,,,,Not Assigned,,,,,,,,,,,,,,,,,2.0,2.0,39.589,19.792,1.0,8439516
PSA2KNW,752615,2020-10-22 08:30:00-04:00,2020-10-23 08:30:00-04:00,2020-10-22 10:35:21.251000-04:00,2020-10-22 10:52:36.584000-04:00,3,,,,,,Not Assigned,,,,,,,,,,,,,,,,,2.0,2.0,49.441,24.719,1.0,8341578
PSA2KNW,752624,2020-10-22 08:30:00-04:00,2020-10-23 08:30:00-04:00,2020-10-22 10:50:27.207000-04:00,,1,,,,,,Not Assigned,,,,,,,,,,,,,,,,,,,,,,8344441
PSA2KNW,752631,2020-10-22 08:30:00-04:00,2020-10-23 08:30:00-04:00,2020-10-22 10:52:06.698000-04:00,2020-10-22 11:51:15.610000-04:00,1,,,,,,Control,171.527,27.343,6.0,5.0,1.0,,6.0,7.0,5.0,0.0,0.0,0.0,0.0,0.0,0.0,1.0,2.0,2.0,96.566,48.282,1.0,8344762
PSA2KNW,752639,2020-10-22 08:30:00-04:00,2020-10-23 08:30:00-04:00,2020-10-22 10:53:46.836000-04:00,2020-10-22 10:58:40.587000-04:00,1,,,,,,Not Assigned,,,,,,,,,,,,,,,,,2.0,2.0,46.191,23.0935,1.0,8345065
PSA2KNW,752640,2020-10-22 08:30:00-04:00,2020-10-23 08:30:00-04:00,2020-10-22 10:50:53.160000-04:00,2020-10-22 11:47:55.287000-04:00,2,,,,,,Treatment,2908.224,17.5461428571429,7.0,6.0,1.0,,7.0,9.0,6.0,0.0,0.0,0.0,0.0,0.0,0.0,2.0,2.0,2.0,57.778,28.888,1.0,8344513
PSA2KNW,752646,2020-10-22 08:30:00-04:00,2020-10-23 08:30:00-04:00,2020-10-22 10:24:16.505000-04:00,2020-11-03 11:25:18.066000-05:00,6,,,,,,Treatment,1043040.658,94730.0731818182,11.0,5.0,1.0,1.0,11.0,22.0,10.0,8.0,0.0,0.0,0.0,0.0,4.0,3.0,2.0,2.0,43.377,21.686,1.0,8339472
PSA2KNW,752651,2020-10-22 08:30:00-04:00,2020-10-23 08:30:00-04:00,2020-10-22 10:52:21.662000-04:00,2020-10-22 14:08:11.351000-04:00,2,,,,,,Not Assigned,,,,,,,,,,,,,,,,,2.0,1.0,172.635,62.737,1.0,8344808
PSA2KNW,752652,2020-10-22 08:30:00-04:00,2020-10-23 08:30:00-04:00,2020-10-22 10:49:37.603000-04:00,,3,,,,,,Not Assigned,,,,,,,,,,,,,,,,,,,,,,8344297
PSA2KNW,752661,2020-10-22 08:30:00-04:00,2020-10-23 08:30:00-04:00,2020-10-22 10:52:38.796000-04:00,2020-10-22 11:05:06.636000-04:00,1,,,,,,Treatment,316.601,47.738,6.0,5.0,1.0,1.0,6.0,8.0,5.0,1.0,0.0,0.0,0.0,0.0,1.0,1.0,2.0,2.0,113.605,56.7985,1.0,8344881
PSA2KNW,752667,2020-10-22 08:30:00-04:00,2020-10-23 08:30:00-04:00,2020-10-22 10:54:11.046000-04:00,2020-10-22 11:46:31.402000-04:00,1,,,,,,Treatment,350.249,40.241875,8.0,7.0,1.0,,8.0,9.0,7.0,0.0,0.0,0.0,0.0,0.0,0.0,1.0,2.0,2.0,2490.475,1245.2295,1.0,8345145
PSA2KNW,752669,2020-10-22 08:30:00-04:00,2020-10-23 08:30:00-04:00,2020-10-22 10:52:21.863000-04:00,,3,,,,,,Control,39082.73,3518.28472727273,11.0,3.0,1.0,1.0,4.0,13.0,10.0,13.0,0.0,0.0,0.0,0.0,8.0,2.0,,,,,,8344805
PSA2KNW,752692,2020-10-22 08:30:00-04:00,2020-10-23 08:30:00-04:00,2020-10-22 09:23:58.914000-04:00,2020-10-22 13:32:36.816000-04:00,2,,,,,,Not Assigned,,,,,,,,,,,,,,,,,2.0,2.0,89.519,44.7575,1.0,8329274
PSA2KNW,752697,2020-10-22 08:30:00-04:00,2020-10-23 08:30:00-04:00,2020-10-22 10:52:17.689000-04:00,,1,,,,,,Not Assigned,,,,,,,,,,,,,,,,,,,,,,8344794
PSA2KNW,752725,2020-10-22 08:30:00-04:00,2020-10-23 08:30:00-04:00,2020-10-22 10:53:03.932000-04:00,2020-10-30 11:54:03.031000-04:00,2,,,,,,Treatment,694437.965,69425.6156,10.0,7.0,2.0,2.0,10.0,14.0,9.0,5.0,0.0,0.0,0.0,0.0,3.0,2.0,2.0,2.0,57.677,28.8375,1.0,8344952
PSA2KNW,752732,2020-10-22 08:30:00-04:00,2020-10-23 08:30:00-04:00,2020-10-22 10:55:03.626000-04:00,,1,,,,,,Not Assigned,,,,,,,,,,,,,,,,,,,,,,8345334
PSA2KNW,752806,2020-10-22 08:30:00-04:00,2020-10-23 08:30:00-04:00,2020-10-22 10:50:35.240000-04:00,,1,,,,,,Treatment,88.484,31.1715,2.0,1.0,,,2.0,3.0,2.0,2.0,0.0,0.0,0.0,0.0,0.0,1.0,,,,,,8344465
PSA2KNW,752817,2020-10-22 08:30:00-04:00,2020-10-23 08:30:00-04:00,2020-10-22 10:54:32.973000-04:00,2020-10-22 11:01:35.017000-04:00,1,,,,,,Not Assigned,,,,,,,,,,,,,,,,,2.0,2.0,74.289,37.138,1.0,8345231
PSA2KNW,752835,2020-10-22 08:30:00-04:00,2020-10-23 08:30:00-04:00,2020-10-22 10:54:41.458000-04:00,,4,,,,,,Not Assigned,,,,,,,,,,,,,,,,,,,,,,8345266
PSA2KNW,753524,2020-10-22 09:50:00-04:00,2020-10-23 08:30:00-04:00,2020-10-22 11:17:29.338000-04:00,,1,,,,,,Control,6137.703,541.326363636364,11.0,5.0,2.0,2.0,11.0,21.0,10.0,8.0,0.0,0.0,0.0,0.0,5.0,1.0,,,,,,8349635
PSA2KNW,753530,2020-10-22 09:50:00-04:00,2020-10-23 08:30:00-04:00,2020-10-22 11:17:43.529000-04:00,2020-10-22 17:35:29.341000-04:00,3,,,,,,Treatment,22119.874,43.4331428571429,7.0,6.0,1.0,1.0,7.0,12.0,6.0,2.0,0.0,0.0,0.0,0.0,1.0,3.0,2.0,2.0,144.912,72.4535,1.0,8349668
PSA2KNW,753533,2020-10-22 09:50:00-04:00,2020-10-23 08:30:00-04:00,2020-10-22 11:22:54.955000-04:00,2020-10-22 13:25:42.408000-04:00,1,,,,,,Control,67.367,16.83825,4.0,4.0,,,4.0,4.0,3.0,0.0,0.0,0.0,0.0,0.0,0.0,1.0,2.0,2.0,61.778,30.887,1.0,8350672
PSA2KNW,753536,2020-10-22 09:50:00-04:00,2020-10-23 08:30:00-04:00,2020-10-22 11:18:53.030000-04:00,,2,,,,,,Not Assigned,,,,,,,,,,,,,,,,,,,,,,8349902
PSA2KNW,753540,2020-10-22 09:50:00-04:00,2020-10-23 08:30:00-04:00,2020-10-22 11:20:32.612000-04:00,,3,,,,,,Not Assigned,,,,,,,,,,,,,,,,,,,,,,8350252
PSA2KNW,753543,2020-10-22 09:50:00-04:00,2020-10-23 08:30:00-04:00,2020-10-22 11:24:22.110000-04:00,2020-10-22 20:46:26.687000-04:00,2,,,,,,Treatment,33148.26,3299.3129,10.0,5.0,1.0,1.0,6.0,15.0,9.0,8.0,0.0,0.0,0.0,0.0,5.0,2.0,2.0,0.0,185.331,80.984,1.0,8350944
PSA2KNW,753544,2020-10-22 09:50:00-04:00,2020-10-23 08:30:00-04:00,2020-10-22 11:17:42.278000-04:00,2020-10-22 11:26:23.173000-04:00,2,,,,,,Not Assigned,,,,,,,,,,,,,,,,,2.0,2.0,52.23,26.112,1.0,8349663
PSA2KNW,753546,2020-10-22 09:50:00-04:00,2020-10-23 08:30:00-04:00,2020-10-22 17:39:58.408000-04:00,2020-10-22 17:51:41.850000-04:00,1,,,,,,Not Assigned,,,,,,,,,,,,,,,,,2.0,2.0,52.519,26.2575,1.0,8406533
PSA2KNW,753598,2020-10-22 09:50:00-04:00,2020-10-23 08:30:00-04:00,2020-10-23 12:11:05.255000-04:00,,1,,,,,,Not Assigned,,,,,,,,,,,,,,,,,,,,,,8449212
PSA2KNW,753599,2020-10-22 09:50:00-04:00,2020-10-23 08:30:00-04:00,2020-10-22 11:19:09.517000-04:00,2020-10-23 11:49:43.779000-04:00,4,,,,,,Not Assigned,,,,,,,,,,,,,,,,,2.0,2.0,187.387,93.692,1.0,8349956
PSA2KNW,753612,2020-10-22 09:50:00-04:00,2020-10-23 08:30:00-04:00,2020-10-22 11:20:25.725000-04:00,2020-10-23 12:01:32.557000-04:00,3,,,,,,Not Assigned,,,,,,,,,,,,,,,,,2.0,2.0,91.838,45.914,1.0,8350222
PSA2KNW,753615,2020-10-22 09:50:00-04:00,2020-10-23 08:30:00-04:00,2020-10-22 11:22:09.027000-04:00,2020-10-22 12:18:54.657000-04:00,1,,,,,,Treatment,1573.201,185.72725,8.0,5.0,1.0,1.0,8.0,13.0,7.0,2.0,0.0,0.0,0.0,0.0,1.0,1.0,2.0,0.0,1363.269,636.5955,1.0,8350547
PSA2KNW,753641,2020-10-22 09:50:00-04:00,2020-10-23 08:30:00-04:00,2020-10-22 11:24:44.677000-04:00,2020-10-22 22:59:44.348000-04:00,2,,,,,,Control,36985.266,3039.94458333333,12.0,5.0,2.0,2.0,8.0,24.0,11.0,9.0,0.0,0.0,0.0,0.0,5.0,2.0,2.0,2.0,118.221,59.108,1.0,8351012
PSA2KNW,753663,2020-10-22 09:50:00-04:00,2020-10-23 08:30:00-04:00,2020-10-22 11:18:59.043000-04:00,2020-12-23 11:32:58.993000-05:00,5,,,,,,Not Assigned,,,,,,,,,,,,,,,,,2.0,1.0,61.819,25.5715,1.0,8349924
PSA2KNW,753899,2021-02-22 09:00:00-05:00,2021-02-23 23:22:00-05:00,2021-02-22 09:53:26.574000-05:00,2021-02-22 10:02:22.254000-05:00,1,,,,,,Not Assigned,,,,,,,,,,,,,,,,,2.0,2.0,162.219,81.102,1.0,13708522
PSA2KNW,754115,2020-10-22 09:50:00-04:00,2020-10-23 08:30:00-04:00,2020-10-22 13:46:26.493000-04:00,,2,,,,,,Not Assigned,,,,,,,,,,,,,,,,,,,,,,8378104
PSA2KNW,754257,2021-02-22 09:00:00-05:00,2021-02-23 23:22:00-05:00,2021-02-22 09:24:43.618000-05:00,2021-02-22 09:33:17.446000-05:00,1,,,,,,Not Assigned,,,,,,,,,,,,,,,,,2.0,0.0,368.657,60.5545,1.0,13705532
PSA2KNW,754670,2021-02-22 09:00:00-05:00,2021-02-23 23:22:00-05:00,2021-02-22 16:12:13.381000-05:00,2021-02-22 16:17:15.558000-05:00,1,,,,,,Not Assigned,,,,,,,,,,,,,,,,,2.0,2.0,91.32,45.6575,1.0,13753586
PSA2KNW,754783,2021-02-22 09:00:00-05:00,2021-02-23 23:22:00-05:00,2021-02-22 11:41:45.076000-05:00,2021-02-22 12:02:26.479000-05:00,1,,,,,,Not Assigned,,,,,,,,,,,,,,,,,2.0,1.0,501.134,161.751,1.0,13721911
PSA2KNW,755359,2020-10-22 08:30:00-04:00,2020-10-23 08:30:00-04:00,2020-10-22 12:18:28.515000-04:00,2020-10-22 12:26:44.048000-04:00,1,,,,,,Not Assigned,,,,,,,,,,,,,,,,,2.0,2.0,72.105,36.05,1.0,8361306
PSA2KNW,755362,2020-10-22 08:30:00-04:00,2020-10-23 08:30:00-04:00,2020-10-22 12:20:19.610000-04:00,,2,,,,,,Not Assigned,,,,,,,,,,,,,,,,,,,,,,8361681
PSA2KNW,755366,2020-10-22 08:30:00-04:00,2020-10-23 08:30:00-04:00,2020-10-22 12:05:10.845000-04:00,2020-10-22 12:30:04.128000-04:00,3,,,,,,Control,901.622,51.8706153846154,13.0,5.0,2.0,2.0,13.0,25.0,12.0,13.0,0.0,0.0,0.0,0.0,7.0,2.0,2.0,0.0,248.473,111.0005,1.0,8358685
PSA2KNW,755368,2020-10-22 08:30:00-04:00,2020-10-23 08:30:00-04:00,2020-10-22 12:19:46.586000-04:00,2020-10-22 15:24:50.721000-04:00,3,,,,,,Control,51.394,12.845,4.0,4.0,,,4.0,4.0,3.0,0.0,0.0,0.0,0.0,0.0,0.0,1.0,2.0,2.0,66.701,33.3465,1.0,8361576
PSA2KNW,755371,2020-10-22 08:30:00-04:00,2020-10-23 08:30:00-04:00,2020-10-27 14:24:56.326000-04:00,,1,,,,,,Not Assigned,,,,,,,,,,,,,,,,,,,,,,8662088
PSA2KNW,755373,2020-10-22 08:30:00-04:00,2020-10-23 08:30:00-04:00,2020-10-22 12:20:18.899000-04:00,2020-10-22 15:04:38.998000-04:00,3,,,,,,Control,9330.369,2332.58275,4.0,4.0,,,4.0,4.0,3.0,0.0,0.0,0.0,0.0,0.0,0.0,2.0,2.0,2.0,134.08,67.025,1.0,8361687
PSA2KNW,755377,2020-10-22 08:30:00-04:00,2020-10-23 08:30:00-04:00,2020-10-22 12:17:30.027000-04:00,2020-11-03 12:35:41.555000-05:00,4,,,,,,Treatment,282.759,42.2663333333333,6.0,5.0,1.0,1.0,6.0,8.0,5.0,2.0,0.0,0.0,0.0,0.0,1.0,1.0,2.0,1.0,166.611,65.823,1.0,8361097
PSA2KNW,755391,2020-10-22 08:30:00-04:00,2020-10-23 08:30:00-04:00,2020-10-22 08:34:41.876000-04:00,2020-10-22 09:03:14.640000-04:00,3,,,,,,Control,457.72,114.42,4.0,4.0,,,4.0,4.0,3.0,0.0,0.0,0.0,0.0,0.0,0.0,2.0,2.0,1.0,185.758,82.159,1.0,8323435
PSA2KNW,755434,2020-10-22 08:30:00-04:00,2020-10-23 08:30:00-04:00,2020-10-22 12:17:31.097000-04:00,,2,,,,,,Not Assigned,,,,,,,,,,,,,,,,,,,,,,8361100
PSA2KNW,755441,2020-10-22 08:30:00-04:00,2020-10-23 08:30:00-04:00,2020-11-03 13:11:51.585000-05:00,,1,,,,,,Not Assigned,,,,,,,,,,,,,,,,,,,,,,9054826
PSA2KNW,755442,2020-10-22 08:30:00-04:00,2020-10-23 08:30:00-04:00,2020-10-22 12:19:01.836000-04:00,,1,,,,,,Control,109.097,36.3636666666667,3.0,2.0,,,2.0,2.0,2.0,0.0,0.0,0.0,0.0,0.0,0.0,1.0,,,,,,8361410
PSA2KNW,755453,2020-10-22 09:50:00-04:00,2020-10-23 08:30:00-04:00,2020-10-22 12:18:17.760000-04:00,2020-10-22 14:09:44.836000-04:00,2,,,,,,Treatment,5642.199,690.908625,8.0,5.0,1.0,1.0,8.0,17.0,7.0,5.0,0.0,0.0,0.0,0.0,3.0,2.0,2.0,2.0,837.209,418.603,1.0,8361262
PSA2KNW,755456,2020-10-22 09:50:00-04:00,2020-10-23 08:30:00-04:00,2020-10-22 12:19:24.773000-04:00,2020-10-22 12:32:57.571000-04:00,1,,,,,,Not Assigned,,,,,,,,,,,,,,,,,2.0,1.0,165.839,38.2505,1.0,8361493
PSA2KNW,755457,2020-10-22 09:50:00-04:00,2020-10-23 08:30:00-04:00,2020-10-22 12:16:27.671000-04:00,2020-10-22 22:27:03.521000-04:00,5,,,,,,Control,448.826,47.1707142857143,7.0,4.0,1.0,1.0,7.0,14.0,6.0,3.0,0.0,0.0,0.0,0.0,2.0,1.0,2.0,2.0,91.31,45.653,1.0,8360867
PSA2KNW,755460,2020-10-22 09:50:00-04:00,2020-10-23 08:30:00-04:00,2020-10-22 12:18:43.226000-04:00,2020-10-23 13:22:04.411000-04:00,5,,,,,,Control,79480.519,119.17,16.0,5.0,2.0,1.0,14.0,39.0,15.0,17.0,0.0,0.0,0.0,0.0,10.0,3.0,2.0,2.0,173.897,86.9455,1.0,8361360
PSA2KNW,755469,2020-10-22 09:50:00-04:00,2020-10-23 08:30:00-04:00,2020-10-22 12:19:17.378000-04:00,,1,,,,,,Control,2173.278,529.85,3.0,1.0,0.0,0.0,3.0,4.0,2.0,2.0,0.0,0.0,0.0,0.0,1.0,1.0,,,,,,8361468
PSA2KNW,755470,2020-10-22 08:30:00-04:00,2020-10-23 08:30:00-04:00,2020-10-23 08:30:01.058000-04:00,2020-10-23 08:42:14.789000-04:00,1,,,,,,Not Assigned,,,,,,,,,,,,,,,,,2.0,2.0,89.255,44.6225,1.0,8420674
PSA2KNW,755477,2020-10-22 08:30:00-04:00,2020-10-23 08:30:00-04:00,2020-10-22 12:19:35.018000-04:00,,1,,,,,,Not Assigned,,,,,,,,,,,,,,,,,,,,,,8361522
PSA2KNW,755481,2020-10-22 08:30:00-04:00,2020-10-23 08:30:00-04:00,2020-10-22 12:22:48.160000-04:00,,2,,,,,,Not Assigned,,,,,,,,,,,,,,,,,,,,,,8362142
PSA2KNW,755483,2020-10-22 09:50:00-04:00,2020-10-23 08:30:00-04:00,2020-10-22 12:17:42.709000-04:00,,2,,,,,,Not Assigned,,,,,,,,,,,,,,,,,,,,,,8361142
PSA2KNW,755488,2020-10-22 09:50:00-04:00,2020-10-23 08:30:00-04:00,2020-10-22 13:38:26.166000-04:00,,1,,,,,,Not Assigned,,,,,,,,,,,,,,,,,,,,,,8376570
PSA2KNW,755492,2020-10-22 08:30:00-04:00,2020-10-23 08:30:00-04:00,2020-10-22 12:22:39.043000-04:00,,4,,,,,,Treatment,929.649,81.8693333333333,9.0,7.0,2.0,2.0,9.0,13.0,8.0,3.0,0.0,0.0,0.0,0.0,2.0,1.0,1.0,,,,1.0,8362157
PSA2KNW,755503,2020-10-22 08:30:00-04:00,2020-10-23 08:30:00-04:00,2020-10-23 12:16:51.977000-04:00,2020-10-23 12:29:01.392000-04:00,1,,,,,,Treatment,231.842,46.3582,5.0,5.0,,,5.0,5.0,4.0,0.0,0.0,0.0,0.0,0.0,0.0,1.0,2.0,1.0,75.887,19.6295,1.0,8450050
PSA2KNW,755505,2020-10-22 09:50:00-04:00,2020-10-23 08:30:00-04:00,2020-10-22 12:20:07.274000-04:00,,1,,,,,,Not Assigned,,,,,,,,,,,,,,,,,,,,,,8361636
PSA2KNW,755506,2020-10-22 08:30:00-04:00,2020-10-23 08:30:00-04:00,2020-10-22 12:19:15.934000-04:00,2020-10-30 13:08:24.569000-04:00,7,,,,,,Control,592.993,29.6260769230769,13.0,8.0,4.0,3.0,12.0,18.0,12.0,7.0,0.0,0.0,0.0,0.0,4.0,1.0,2.0,0.0,117.547,37.008,1.0,8361466
PSA2KNW,755508,2020-10-22 09:50:00-04:00,2020-10-23 08:30:00-04:00,2020-10-22 12:16:55.132000-04:00,,2,,,,,,Not Assigned,,,,,,,,,,,,,,,,,1.0,,,,1.0,8360972
PSA2KNW,755514,2020-10-22 08:30:00-04:00,2020-10-23 08:30:00-04:00,2020-11-03 12:45:33.436000-05:00,2020-11-03 12:50:14.989000-05:00,1,,,,,,Not Assigned,,,,,,,,,,,,,,,,,2.0,2.0,58.781,29.387,1.0,9051322
PSA2KNW,755515,2020-10-22 08:30:00-04:00,2020-10-23 08:30:00-04:00,2020-10-22 12:11:28.093000-04:00,,2,,,,,,Control,352.133,48.0676666666667,4.0,1.0,0.0,0.0,2.0,8.0,3.0,4.0,0.0,0.0,0.0,0.0,2.0,1.0,,,,,,8359825
PSA2KNW,755526,2020-10-22 09:50:00-04:00,2020-10-23 08:30:00-04:00,2020-10-22 12:17:11.971000-04:00,,1,,,,,,Control,586.967,38.2277,11.0,5.0,3.0,2.0,10.0,22.0,10.0,5.0,0.0,0.0,0.0,0.0,3.0,1.0,,,,,,8361022
PSA2KNW,755529,2020-10-22 09:50:00-04:00,2020-10-23 08:30:00-04:00,2020-10-22 12:19:41.098000-04:00,,3,,,,,,Not Assigned,,,,,,,,,,,,,,,,,,,,,,8361566
PSA2KNW,755538,2020-10-22 09:50:00-04:00,2020-10-23 08:30:00-04:00,2020-10-22 12:18:14.130000-04:00,,3,,,,,,Control,42696.241,3836.588,11.0,3.0,2.0,2.0,11.0,21.0,10.0,15.0,0.0,0.0,0.0,0.0,8.0,1.0,,,,,,8361251
PSA2KNW,755575,2020-10-22 09:50:00-04:00,2020-10-23 08:30:00-04:00,2020-10-22 12:16:20.392000-04:00,2020-10-22 12:29:43.053000-04:00,1,,,,,,Treatment,240.957,29.7648333333333,6.0,5.0,1.0,,6.0,10.0,5.0,0.0,0.0,0.0,0.0,0.0,0.0,1.0,2.0,1.0,96.338,26.8835,1.0,8360837
PSA2KNW,755578,2020-10-22 09:50:00-04:00,2020-10-23 08:30:00-04:00,2020-10-22 12:16:42.567000-04:00,,1,,,,,,Control,133.355,23.1718,5.0,3.0,1.0,1.0,5.0,6.0,4.0,2.0,0.0,0.0,0.0,0.0,1.0,1.0,,,,,,8360923
PSA2KNW,755645,2020-10-22 09:50:00-04:00,2020-10-23 08:30:00-04:00,2020-10-22 12:17:26.557000-04:00,2020-10-23 12:46:19.971000-04:00,1,,,,,,Not Assigned,,,,,,,,,,,,,,,,,2.0,2.0,85.352,42.674,1.0,8361075
PSA2KNW,755809,2020-10-22 09:50:00-04:00,2020-10-23 08:30:00-04:00,2020-10-22 12:20:38.492000-04:00,2020-10-22 12:37:22.780000-04:00,1,,,,,,Not Assigned,,,,,,,,,,,,,,,,,2.0,0.0,435.33,181.716,1.0,8361748
PSA2KNW,756435,2020-10-22 08:39:43.910000-04:00,2020-10-23 08:30:00-04:00,2020-10-22 08:54:53.021000-04:00,,4,,,,,,Not Assigned,,,,,,,,,,,,,,,,,,,,,,8325466
PSA2KNW,756458,2020-10-22 09:50:00-04:00,2020-10-23 08:30:00-04:00,2020-10-22 12:19:09.153000-04:00,,5,,,,,,Not Assigned,,,,,,,,,,,,,,,,,,,,,,8361441
PSA2KNW,757508,2021-02-22 09:00:00-05:00,2021-02-23 23:22:00-05:00,2021-02-22 14:20:52.543000-05:00,,1,,,,,,Not Assigned,,,,,,,,,,,,,,,,,,,,,,13743294
PSA2KNW,758731,2021-02-22 09:00:00-05:00,2021-02-23 23:22:00-05:00,2021-02-23 13:35:02.824000-05:00,,3,,,,,,Not Assigned,,,,,,,,,,,,,,,,,,,,,,13807697
PSA2KNW,759986,2021-02-22 09:00:00-05:00,2021-02-23 23:22:00-05:00,2021-02-22 12:04:01.209000-05:00,,3,,,,,,Not Assigned,,,,,,,,,,,,,,,,,,,,,,13725109
PSA2KNW,760744,2021-02-22 09:00:00-05:00,2021-02-23 23:22:00-05:00,2021-02-23 00:46:29.486000-05:00,,3,,,,,,Not Assigned,,,,,,,,,,,,,,,,,,,,,,13764733
PSA2KNW,761179,2021-02-22 09:00:00-05:00,2021-02-23 23:22:00-05:00,2021-02-22 14:47:02.629000-05:00,2021-02-22 15:01:01.342000-05:00,1,,,,,,Control,322.473,80.6155,4.0,4.0,,,4.0,4.0,3.0,0.0,0.0,0.0,0.0,0.0,0.0,1.0,2.0,2.0,131.159,65.5755,1.0,13746524
PSA2KNW,762216,2021-04-14 08:10:00-04:00,2021-04-14 23:59:00-04:00,2021-04-14 08:13:15.719000-04:00,2021-04-14 08:58:48.530000-04:00,1,,,,,,Not Assigned,,,,,,,,,,,,,,,,,2.0,1.0,1847.365,879.7975,1.0,15521120
PSA2KNW,763018,2021-02-22 09:00:00-05:00,2021-02-23 23:22:00-05:00,2021-02-22 15:14:29.748000-05:00,,1,,,,,,Not Assigned,,,,,,,,,,,,,,,,,,,,,,13749364
PSA2KNW,763244,2020-10-22 08:39:43.910000-04:00,2020-10-23 08:30:00-04:00,2020-10-22 08:56:01.385000-04:00,,2,,,,,,Not Assigned,,,,,,,,,,,,,,,,,,,,,,8325599
PSA2KNW,763387,2020-10-22 09:50:00-04:00,2020-10-23 08:30:00-04:00,2020-10-22 14:36:31.772000-04:00,2020-10-23 12:00:01.472000-04:00,5,,,,,,Treatment,15386.41,938.2353125,16.0,8.0,3.0,3.0,13.0,22.0,15.0,11.0,0.0,0.0,0.0,0.0,6.0,3.0,2.0,2.0,565.565,282.7785,1.0,8388337
PSA2KNW,764718,2021-02-22 09:00:00-05:00,2021-02-23 23:22:00-05:00,2021-02-22 13:18:25.961000-05:00,,1,,,,,,Not Assigned,,,,,,,,,,,,,,,,,,,,,,13734836
PSA2KNW,764792,2020-10-22 08:39:43.910000-04:00,2020-10-23 08:30:00-04:00,2020-10-22 08:39:45.152000-04:00,,4,,,,,,Not Assigned,,,,,,,,,,,,,,,,,,,,,,8323882
PSA2KNW,765240,2020-10-22 08:30:00-04:00,2020-10-23 08:30:00-04:00,2020-10-22 08:38:22.661000-04:00,,1,,,,,,Not Assigned,,,,,,,,,,,,,,,,,,,,,,8323760
PSA2KNW,765918,2021-02-22 09:00:00-05:00,2021-02-23 23:22:00-05:00,2021-05-11 16:49:52.955000-04:00,2021-05-11 17:01:10.621000-04:00,1,,,,,,Not Assigned,,,,,,,,,,,,,,,,,2.0,2.0,125.855,62.923,1.0,16325651
PSA2KNW,768271,2021-02-22 09:00:00-05:00,2021-02-23 23:22:00-05:00,2021-02-22 23:46:36.913000-05:00,2021-02-23 00:45:48.917000-05:00,1,,,,,,Treatment,1631.895,148.77975,8.0,6.0,1.0,0.0,8.0,13.0,7.0,2.0,0.0,0.0,0.0,0.0,1.0,1.0,2.0,0.0,518.523,151.6725,1.0,13764359
PSA2KNW,769365,2020-10-22 09:50:00-04:00,2020-10-23 08:30:00-04:00,2020-10-22 12:17:21.886000-04:00,2020-10-23 08:48:17.466000-04:00,4,,,,,,Treatment,198.906,39.7772,5.0,5.0,,,5.0,5.0,4.0,0.0,0.0,0.0,0.0,0.0,0.0,1.0,2.0,2.0,1336.922,668.444,2.0,8361059
PSA2KNW,769428,2020-10-22 08:30:00-04:00,2020-10-23 08:30:00-04:00,2020-10-22 11:45:15.801000-04:00,2020-10-22 11:52:52.737000-04:00,1,,,,,,Not Assigned,,,,,,,,,,,,,,,,,2.0,2.0,179.899,89.947,1.0,8354942
PSA2KNW,769446,2020-10-22 08:30:00-04:00,2020-10-23 08:30:00-04:00,2020-10-22 12:19:01.859000-04:00,,3,,,,,,Not Assigned,,,,,,,,,,,,,,,,,,,,,,8361409
PSA2KNW,769448,2020-10-22 09:50:00-04:00,2020-10-23 08:30:00-04:00,2020-10-22 12:18:23.638000-04:00,,2,,,,,,Treatment,85586.888,13967.4593333333,7.0,1.0,0.0,0.0,1.0,7.0,7.0,8.0,0.0,0.0,0.0,0.0,5.0,2.0,,,,,,8361291
PSA2KNW,769477,2020-10-22 08:30:00-04:00,2020-10-23 08:30:00-04:00,2020-10-22 23:15:04.867000-04:00,2020-10-22 23:20:59.185000-04:00,1,,,,,,Not Assigned,,,,,,,,,,,,,,,,,2.0,1.0,120.283,40.547,1.0,8416860
PSA2KNW,769760,2020-10-22 08:30:00-04:00,2020-10-23 08:30:00-04:00,2020-10-22 12:18:00.594000-04:00,2020-10-22 13:43:39.512000-04:00,4,,,,,,Treatment,365.172,18.7329090909091,11.0,7.0,2.0,2.0,11.0,17.0,10.0,6.0,0.0,0.0,0.0,0.0,4.0,1.0,2.0,2.0,82.103,41.0495,1.0,8361207
PSA2KNW,771313,2020-10-22 09:50:00-04:00,2020-10-23 08:30:00-04:00,2020-10-22 12:16:32.910000-04:00,,3,,,,,,Not Assigned,,,,,,,,,,,,,,,,,,,,,,8360890
PSA2KNW,773301,2021-05-13 15:26:39.930000-04:00,2021-05-17 09:22:00-04:00,2021-05-13 15:43:31.422000-04:00,2021-05-13 16:05:16.413000-04:00,3,,,,,,Not Assigned,,,,,,,,,,,,,,,,,2.0,0.0,57.614,10.289,1.0,16389698
PSA2KNW,773693,2021-02-22 09:00:00-05:00,2021-02-23 23:22:00-05:00,2021-02-22 13:42:42.911000-05:00,,1,,,,,,Not Assigned,,,,,,,,,,,,,,,,,,,,,,13738226
PSA2KNW,773754,2021-02-22 09:00:00-05:00,2021-02-23 23:22:00-05:00,2021-02-22 16:50:11.953000-05:00,,1,,,,,,Not Assigned,,,,,,,,,,,,,,,,,,,,,,13755556
PSA2KNW,775262,2021-04-14 08:10:00-04:00,2021-04-14 23:59:00-04:00,2021-04-14 08:13:04.466000-04:00,,1,,,,,,Not Assigned,,,,,,,,,,,,,,,,,,,,,,15521116
PSA2KNW,776656,2021-02-08 10:09:52.712000-05:00,2021-02-08 17:00:00-05:00,2021-02-22 09:24:37.478000-05:00,2021-02-22 09:32:29.452000-05:00,1,,,,,,Not Assigned,,,,,,,,,,,,,,,,,2.0,2.0,143.18,71.586,1.0,13705519
PSA2KNW,776794,2021-02-08 10:09:52.712000-05:00,2021-02-08 17:00:00-05:00,2021-02-09 09:24:44.693000-05:00,,1,,,,,,Not Assigned,,,,,,,,,,,,,,,,,,,,,,13257217
PSA2KNW,782854,2020-10-22 08:30:00-04:00,2020-10-23 08:30:00-04:00,2020-10-22 10:52:37.465000-04:00,2020-10-22 16:17:16.143000-04:00,2,,,,,,Treatment,19006.886,3155.48216666667,6.0,5.0,1.0,1.0,6.0,9.0,5.0,2.0,0.0,0.0,0.0,0.0,1.0,2.0,2.0,1.0,135.51,61.441,1.0,8344870
PSA2KNW,784195,2021-02-22 09:00:00-05:00,2021-02-23 23:22:00-05:00,2021-02-22 18:31:25.479000-05:00,,1,,,,,,Not Assigned,,,,,,,,,,,,,,,,,,,,,,13758973
PSA2KNW,795360,2021-02-22 09:00:00-05:00,2021-02-23 23:22:00-05:00,2021-02-25 09:22:22.947000-05:00,2021-02-25 09:40:06.208000-05:00,1,,,,,,Not Assigned,,,,,,,,,,,,,,,,,2.0,0.0,302.39,95.884,1.0,13904369
PSA2KNW,802217,2020-10-19 08:00:00-04:00,2020-10-30 14:58:00-04:00,2020-10-23 12:08:01.590000-04:00,,1,,,,,,Not Assigned,,,,,,,,,,,,,,,,,,,,,,8448746
PSA2KNW,802281,2020-10-19 08:00:00-04:00,2020-10-30 14:58:00-04:00,2020-10-19 13:28:56.840000-04:00,,2,,,,,,Not Assigned,,,,,,,,,,,,,,,,,,,,,,8070965
PSA2KNW,802710,2020-10-19 08:00:00-04:00,2020-10-30 14:58:00-04:00,2020-10-19 18:26:07.123000-04:00,,2,,,,,,Not Assigned,,,,,,,,,,,,,,,,,,,,,,8107142
PSA2KNW,802819,2021-02-08 10:09:52.712000-05:00,2021-02-08 17:00:00-05:00,2021-02-08 10:15:59.671000-05:00,2021-02-08 13:21:52.077000-05:00,1,,,,,,Not Assigned,,,,,,,,,,,,,,,,,2.0,2.0,138.568,69.2815,1.0,13193778
PSA2KNW,803287,2020-10-19 08:00:00-04:00,2020-10-30 14:58:00-04:00,2020-10-22 12:36:28.611000-04:00,,2,,,,,,Not Assigned,,,,,,,,,,,,,,,,,,,,,,8364917
PSA2KNW,803395,2020-10-19 08:00:00-04:00,2020-10-30 14:58:00-04:00,2020-10-21 13:53:56.930000-04:00,2020-10-21 14:01:47.992000-04:00,1,,,,,,Not Assigned,,,,,,,,,,,,,,,,,2.0,2.0,92.01,45.991,1.0,8283467
PSA2KNW,803784,2020-10-19 08:00:00-04:00,2020-10-30 14:58:00-04:00,2020-10-20 12:08:24.002000-04:00,,14,,,,,,Not Assigned,,,,,,,,,,,,,,,,,,,,,,8159176
PSA2KNW,804124,2020-10-19 08:00:00-04:00,2020-10-30 14:58:00-04:00,2020-10-20 09:30:01.315000-04:00,2020-10-22 12:06:13.460000-04:00,2,,,,,,Not Assigned,,,,,,,,,,,,,,,,,2.0,2.0,185.384,92.6865,1.0,8126942
PSA2KNW,804544,2020-10-19 08:00:00-04:00,2020-10-30 14:58:00-04:00,2020-10-19 08:54:44.176000-04:00,,1,,,,,,Not Assigned,,,,,,,,,,,,,,,,,,,,,,8021741
PSA2KNW,804549,2020-10-19 08:00:00-04:00,2020-10-30 14:58:00-04:00,2020-10-29 02:44:25.656000-04:00,2020-10-29 03:14:53.960000-04:00,1,,,,,,Not Assigned,,,,,,,,,,,,,,,,,2.0,1.0,146.324,68.574,1.0,8788224
PSA2KNW,804755,2020-10-19 08:00:00-04:00,2020-10-30 14:58:00-04:00,2020-10-20 13:23:50.337000-04:00,,4,,,,,,Not Assigned,,,,,,,,,,,,,,,,,,,,,,8174941
PSA2KNW,804801,2020-10-19 08:00:00-04:00,2020-10-30 14:58:00-04:00,2020-10-22 13:13:27.579000-04:00,,1,,,,,,Not Assigned,,,,,,,,,,,,,,,,,,,,,,8371856
PSA2KNW,805576,2020-10-19 08:00:00-04:00,2020-10-30 14:58:00-04:00,2020-10-22 02:19:18.945000-04:00,,6,,,,,,Not Assigned,,,,,,,,,,,,,,,,,,,,,,8320328
PSA2KNW,805879,2020-10-19 08:00:00-04:00,2020-10-30 14:58:00-04:00,2020-10-29 14:17:24.876000-04:00,,1,,,,,,Not Assigned,,,,,,,,,,,,,,,,,,,,,,8846382
PSA2KNW,806004,2020-10-19 08:00:00-04:00,2020-10-30 14:58:00-04:00,2020-10-22 09:11:11.276000-04:00,,1,,,,,,Not Assigned,,,,,,,,,,,,,,,,,,,,,,8327464
PSA2KNW,806797,2020-10-19 08:00:00-04:00,2020-10-30 14:58:00-04:00,2020-10-26 08:14:27.983000-04:00,,3,,,,,,Not Assigned,,,,,,,,,,,,,,,,,,,,,,8498828
PSA2KNW,808077,2020-10-19 08:00:00-04:00,2020-10-30 14:58:00-04:00,2020-10-30 23:27:26.017000-04:00,,1,,,,,,Not Assigned,,,,,,,,,,,,,,,,,,,,,,8928169
PSA2KNW,808549,2020-10-19 08:00:00-04:00,2020-10-30 14:58:00-04:00,2020-10-26 09:37:57.785000-04:00,,1,,,,,,Not Assigned,,,,,,,,,,,,,,,,,,,,,,8507874
PSA2KNW,808562,2020-10-19 08:00:00-04:00,2020-10-30 14:58:00-04:00,2020-10-26 08:08:50.499000-04:00,,1,,,,,,Treatment,1417.221,155.69725,8.0,4.0,1.0,1.0,4.0,8.0,8.0,6.0,0.0,0.0,0.0,0.0,4.0,1.0,,,,,,8498624
PSA2KNW,808568,2020-10-19 08:00:00-04:00,2020-10-30 14:58:00-04:00,2020-10-26 07:42:16.581000-04:00,2020-10-29 13:19:10.937000-04:00,3,,,,,,Not Assigned,,,,,,,,,,,,,,,,,2.0,2.0,283.353,141.6735,1.0,8498049
PSA2KNW,808619,2020-10-19 08:00:00-04:00,2020-10-30 14:58:00-04:00,2020-10-22 08:00:08.213000-04:00,2020-10-22 08:15:05.954000-04:00,1,,,,,,Not Assigned,,,,,,,,,,,,,,,,,2.0,2.0,255.086,127.537,1.0,8321593
PSA2KNW,808832,2020-10-19 08:00:00-04:00,2020-10-30 14:58:00-04:00,2020-10-26 08:08:23.371000-04:00,,3,,,,,,Not Assigned,,,,,,,,,,,,,,,,,,,,,,8498612
PSA2KNW,808863,2020-10-19 08:00:00-04:00,2020-10-30 14:58:00-04:00,2020-10-26 09:15:57.041000-04:00,,1,,,,,,Not Assigned,,,,,,,,,,,,,,,,,,,,,,8504561
PSA2KNW,809157,2020-10-19 08:00:00-04:00,2020-10-30 14:58:00-04:00,2020-10-23 08:24:49.445000-04:00,2020-10-23 08:39:54.149000-04:00,1,,,,,,Not Assigned,,,,,,,,,,,,,,,,,2.0,2.0,185.737,92.862,1.0,8420376
PSA2KNW,809456,2020-10-19 08:00:00-04:00,2020-10-30 14:58:00-04:00,2020-10-26 17:00:33.452000-04:00,2020-10-26 17:22:23.425000-04:00,2,,,,,,Not Assigned,,,,,,,,,,,,,,,,,2.0,1.0,194.115,76.1785,1.0,8578804
PSA2KNW,811960,2020-10-19 08:00:00-04:00,2020-10-30 14:58:00-04:00,2020-10-30 14:50:14.633000-04:00,,1,,,,,,Not Assigned,,,,,,,,,,,,,,,,,,,,,,8917985
PSA2KNW,812942,2020-10-19 08:00:00-04:00,2020-10-30 14:58:00-04:00,2020-10-19 14:19:07.428000-04:00,,5,,,,,,Not Assigned,,,,,,,,,,,,,,,,,,,,,,8081858
PSA2KNW,813023,2020-10-19 08:00:00-04:00,2020-10-30 14:58:00-04:00,2020-10-24 17:52:17.515000-04:00,,3,,,,,,Not Assigned,,,,,,,,,,,,,,,,,,,,,,8487719
PSA2KNW,814255,2020-10-23 09:00:00-04:00,,2020-10-23 09:15:27.666000-04:00,,1,,,,,,Not Assigned,,,,,,,,,,,,,,,,,,,,,,8425010
PSA2KNW,814266,2020-10-23 09:00:00-04:00,,2020-10-27 13:28:09.249000-04:00,,4,,,,,,Control,119.203,9.1298,6.0,1.0,0.0,0.0,1.0,5.0,5.0,7.0,0.0,0.0,0.0,0.0,4.0,1.0,,,,,,8649706
PSA2KNW,814279,2020-10-23 09:00:00-04:00,,2020-11-13 10:43:41.846000-05:00,,1,,,,,,Not Assigned,,,,,,,,,,,,,,,,,,,,,,9703473
PSA2KNW,814946,2020-10-19 08:00:00-04:00,2020-10-30 14:58:00-04:00,2020-10-23 12:40:29.688000-04:00,,1,,,,,,Not Assigned,,,,,,,,,,,,,,,,,,,,,,8453423
PSA2KNW,816692,2020-10-19 08:00:00-04:00,2020-10-30 14:58:00-04:00,2020-10-26 09:37:57.873000-04:00,,2,,,,,,Not Assigned,,,,,,,,,,,,,,,,,,,,,,8507875
PSA2KNW,817299,2020-10-23 09:00:00-04:00,,2020-10-23 09:17:47.591000-04:00,,5,,,,,,Control,11871.633,31.7935454545455,11.0,2.0,1.0,0.0,11.0,25.0,10.0,9.0,0.0,0.0,0.0,0.0,6.0,2.0,,,,,,8425317
PSA2KNW,817423,2020-10-23 09:00:00-04:00,,2020-10-26 11:17:49.627000-04:00,,1,,,,,,Not Assigned,,,,,,,,,,,,,,,,,,,,,,8525070
PSA2KNW,817434,2020-10-23 09:00:00-04:00,,2020-10-23 12:30:47.184000-04:00,2020-10-23 12:44:59.642000-04:00,1,,,,,,Treatment,215.882,43.1716,5.0,5.0,,,5.0,5.0,4.0,0.0,0.0,0.0,0.0,0.0,0.0,1.0,2.0,2.0,139.116,69.5525,1.0,8452018
PSA2KNW,818211,2020-10-22 09:50:00-04:00,2020-10-23 08:30:00-04:00,2020-10-22 11:37:34.282000-04:00,,3,,,,,,Treatment,829.979,65.02275,8.0,3.0,1.0,1.0,8.0,16.0,8.0,9.0,0.0,0.0,0.0,0.0,5.0,1.0,,,,,,8353547
PSA2KNW,819132,2020-10-23 09:00:00-04:00,,2020-11-04 07:52:10.620000-05:00,2020-11-04 09:05:46.002000-05:00,7,,,,,,Treatment,439.271,63.4635,6.0,5.0,1.0,1.0,6.0,7.0,5.0,1.0,0.0,0.0,0.0,0.0,0.0,2.0,2.0,1.0,110.343,30.3045,1.0,9087378
PSA2KNW,819145,2020-10-23 09:00:00-04:00,,2020-10-23 14:12:26.077000-04:00,,1,,,,,,Not Assigned,,,,,,,,,,,,,,,,,,,,,,8466895
PSA2KNW,819176,2020-10-23 09:00:00-04:00,,2020-10-23 14:08:18.817000-04:00,,1,,,,,,Not Assigned,,,,,,,,,,,,,,,,,,,,,,8466355
PSA2KNW,819232,2020-10-23 09:00:00-04:00,,2020-11-04 23:02:34.218000-05:00,,1,,,,,,Not Assigned,,,,,,,,,,,,,,,,,,,,,,9172404
PSA2KNW,819277,2020-10-23 09:00:00-04:00,,2020-10-23 14:12:26.852000-04:00,,1,,,,,,Not Assigned,,,,,,,,,,,,,,,,,,,,,,8466899
PSA2KNW,819291,2020-10-23 09:00:00-04:00,,2020-10-23 13:38:25.798000-04:00,,3,,,,,,Not Assigned,,,,,,,,,,,,,,,,,,,,,,8462026
PSA2KNW,819292,2020-10-23 09:00:00-04:00,,2020-11-04 08:56:05.454000-05:00,,1,,,,,,Treatment,66.649,25.3655,2.0,1.0,,,2.0,3.0,2.0,2.0,0.0,0.0,0.0,0.0,1.0,1.0,,,,,,9091429
PSA2KNW,819863,2020-10-27 13:21:00.208000-04:00,2020-11-20 13:22:00-05:00,2020-10-28 13:42:23.798000-04:00,,9,,,,,,Not Assigned,,,,,,,,,,,,,,,,,,,,,,8751976
PSA2KNW,819929,2020-10-23 09:00:00-04:00,,2020-10-23 09:57:50.425000-04:00,,1,,,,,,Not Assigned,,,,,,,,,,,,,,,,,1.0,,,,1.0,8430289
PSA2KNW,820095,2020-10-23 09:00:00-04:00,,2020-10-23 09:46:20.680000-04:00,,1,,,,,,Not Assigned,,,,,,,,,,,,,,,,,,,,,,8428921
PSA2KNW,821476,2020-10-19 08:00:00-04:00,2020-10-30 14:58:00-04:00,2020-10-29 11:22:34.988000-04:00,,1,,,,,,Not Assigned,,,,,,,,,,,,,,,,,,,,,,8814761
PSA2KNW,822035,2020-10-23 09:00:00-04:00,,2020-10-26 11:00:06.996000-04:00,,1,,,,,,Not Assigned,,,,,,,,,,,,,,,,,,,,,,8521944
PSA2KNW,822980,2020-10-19 08:00:00-04:00,2020-10-30 14:58:00-04:00,2020-10-29 15:56:16.334000-04:00,,1,,,,,,Not Assigned,,,,,,,,,,,,,,,,,,,,,,8859085
PSA2KNW,825302,2020-10-19 08:00:00-04:00,2020-10-30 14:58:00-04:00,2020-10-22 07:50:44.122000-04:00,2020-10-27 08:26:05.483000-04:00,6,,,,,,Not Assigned,,,,,,,,,,,,,,,,,2.0,2.0,82.621,41.306,1.0,8321342
PSA2KNW,825304,2020-10-19 08:00:00-04:00,2020-10-30 14:58:00-04:00,2020-10-29 09:44:48.683000-04:00,,2,,,,,,Not Assigned,,,,,,,,,,,,,,,,,,,,,,8798804
PSA2KNW,826658,2020-10-19 08:00:00-04:00,2020-10-30 14:58:00-04:00,2020-10-20 12:37:27.869000-04:00,,9,,,,,,Not Assigned,,,,,,,,,,,,,,,,,,,,,,8165298
PSA2KNW,827643,2020-10-19 08:00:00-04:00,2020-10-30 14:58:00-04:00,2020-10-27 10:19:25.618000-04:00,,1,,,,,,Not Assigned,,,,,,,,,,,,,,,,,,,,,,8611985
PSA2KNW,828174,2020-10-19 08:00:00-04:00,2020-10-30 14:58:00-04:00,2020-10-27 09:19:21.737000-04:00,2020-10-29 15:13:55.382000-04:00,2,,,,,,Not Assigned,,,,,,,,,,,,,,,,,2.0,1.0,33.858,12.6415,1.0,8601783
PSA2KNW,831347,2020-10-19 08:00:00-04:00,2020-10-30 14:58:00-04:00,2020-10-29 11:53:33.013000-04:00,,1,,,,,,Not Assigned,,,,,,,,,,,,,,,,,,,,,,8820101
PSA2KNW,834498,2021-05-13 11:24:41.402000-04:00,2021-05-17 09:22:00-04:00,2021-06-07 22:42:07.598000-04:00,,2,,,,,,Treatment,114.602,43.715,3.0,1.0,,,2.0,4.0,3.0,1.0,0.0,0.0,0.0,0.0,1.0,2.0,,,,,,16725341
PSA2KNW,839119,2020-10-19 08:00:00-04:00,2020-10-30 14:58:00-04:00,2020-10-26 14:47:41.069000-04:00,,1,,,,,,Not Assigned,,,,,,,,,,,,,,,,,,,,,,8564296
PSA2KNW,848550,2021-02-22 08:00:00-05:00,2021-03-12 15:00:00-05:00,2021-03-12 00:10:14.573000-05:00,2021-03-15 14:25:40.964000-04:00,5,,,,,,Not Assigned,,,,,,,,,,,,,,,,,2.0,2.0,98.137,49.0655,1.0,14577560
PSA2KNW,850271,2020-10-19 08:00:00-04:00,2020-10-30 14:58:00-04:00,2020-10-30 14:17:26.385000-04:00,,5,,,,,,Not Assigned,,,,,,,,,,,,,,,,,,,,,,8915199
PSA2KNW,859892,2020-10-19 08:00:00-04:00,2020-10-30 14:58:00-04:00,2020-10-28 13:08:48.726000-04:00,,1,,,,,,Not Assigned,,,,,,,,,,,,,,,,,,,,,,8746022
PSA2KNW,882815,2021-05-06 09:48:13.106000-04:00,2021-05-07 00:00:00-04:00,2021-05-07 08:16:07.823000-04:00,2021-05-07 08:28:46.527000-04:00,1,,,,,,Control,163.071,40.764,4.0,4.0,,,4.0,4.0,3.0,0.0,0.0,0.0,0.0,0.0,0.0,1.0,2.0,2.0,197.354,98.674,1.0,16222316
PSA2KNW,886563,2020-10-23 09:00:00-04:00,,2020-10-23 10:24:08.443000-04:00,,1,,,,,,Not Assigned,,,,,,,,,,,,,,,,,,,,,,8433647
PSA2KNW,890717,2021-05-13 15:26:39.930000-04:00,2021-05-17 09:22:00-04:00,2021-05-13 15:53:11.656000-04:00,,6,,,,,,Not Assigned,,,,,,,,,,,,,,,,,1.0,,,,1.0,16390068
PSA2KNW,893120,2021-05-13 12:56:11.016000-04:00,2021-05-18 12:58:00-04:00,2021-05-16 18:56:41.018000-04:00,2021-05-16 19:51:48.411000-04:00,1,,,,,,Control,2466.967,178.659428571429,7.0,4.0,1.0,0.0,7.0,18.0,6.0,2.0,0.0,0.0,0.0,0.0,1.0,1.0,2.0,1.0,665.114,280.5585,1.0,16423451
PSA2KNW,898829,2020-10-30 11:53:00-04:00,2020-11-03 10:17:00-05:00,2020-10-30 12:32:45.013000-04:00,,2,,,,,,Not Assigned,,,,,,,,,,,,,,,,,,,,,,8903420
PSA2KNW,898897,2020-10-30 11:53:00-04:00,2020-11-03 10:17:00-05:00,2020-11-03 10:05:12.555000-05:00,2020-11-08 18:28:53.038000-05:00,5,,,,,,Control,116.581,29.1435,4.0,4.0,,,4.0,4.0,3.0,0.0,0.0,0.0,0.0,0.0,0.0,1.0,2.0,2.0,99.412,49.7045,1.0,9032252
PSA2KNW,899013,2020-10-30 11:53:00-04:00,2020-11-03 10:17:00-05:00,2020-11-02 15:36:12.859000-05:00,,2,,,,,,Treatment,9380.933,1060.077875,8.0,2.0,1.0,1.0,8.0,22.0,8.0,10.0,0.0,0.0,0.0,0.0,6.0,1.0,,,,,,9005861
PSA2KNW,899304,2020-10-30 11:53:00-04:00,2020-11-03 10:17:00-05:00,2020-10-30 19:14:37.561000-04:00,,6,,,,,,Control,1306.953,76.7297272727273,11.0,2.0,1.0,1.0,11.0,30.0,10.0,14.0,0.0,0.0,0.0,0.0,8.0,1.0,,,,,,8926043
PSA2KNW,899467,2020-10-30 11:53:00-04:00,2020-11-03 10:17:00-05:00,2020-11-03 07:55:39.737000-05:00,,1,,,,,,Not Assigned,,,,,,,,,,,,,,,,,,,,,,9024390
PSA2KNW,901696,2020-10-30 11:53:00-04:00,2020-11-03 10:17:00-05:00,2020-11-02 18:23:53.483000-05:00,,3,,,,,,Treatment,1043.434,124.5005,7.0,1.0,0.0,0.0,5.0,11.0,7.0,8.0,0.0,0.0,0.0,0.0,5.0,1.0,,,,,,9016367
PSA2KNW,901703,2020-10-30 11:53:00-04:00,2020-11-03 10:17:00-05:00,2020-11-02 18:28:06.064000-05:00,,1,,,,,,Not Assigned,,,,,,,,,,,,,,,,,,,,,,9016513
PSA2KNW,901782,2020-10-30 11:53:00-04:00,2020-11-03 10:17:00-05:00,2020-11-02 20:24:37.074000-05:00,2020-11-02 20:44:26.496000-05:00,1,,,,,,Control,401.125,53.8898571428571,7.0,5.0,2.0,,7.0,9.0,6.0,0.0,0.0,0.0,0.0,0.0,0.0,1.0,2.0,2.0,139.799,69.8985,1.0,9019910
PSA2KNW,901802,2020-10-30 11:53:00-04:00,2020-11-03 10:17:00-05:00,2020-11-03 09:34:16.875000-05:00,2020-11-03 10:02:24.435000-05:00,1,,,,,,Treatment,393.36,50.2411666666667,6.0,5.0,1.0,1.0,6.0,8.0,5.0,2.0,0.0,0.0,0.0,0.0,1.0,1.0,2.0,1.0,631.782,305.1795,1.0,9029466
PSA2KNW,901926,2020-10-30 11:53:00-04:00,2020-11-03 10:17:00-05:00,2020-11-03 08:09:48.285000-05:00,,1,,,,,,Not Assigned,,,,,,,,,,,,,,,,,,,,,,9024641
PSA2KNW,902199,2020-10-30 11:53:00-04:00,2020-11-03 10:17:00-05:00,2020-11-03 10:18:42.749000-05:00,,1,,,,,,Not Assigned,,,,,,,,,,,,,,,,,,,,,,9033540
PSA2KNW,902201,2020-10-30 11:53:00-04:00,2020-11-03 10:17:00-05:00,2020-11-04 13:35:05.427000-05:00,,1,,,,,,Not Assigned,,,,,,,,,,,,,,,,,,,,,,9138439
PSA2KNW,902788,2020-10-27 13:21:00.208000-04:00,2020-11-20 13:22:00-05:00,2020-11-03 13:41:05.706000-05:00,,1,,,,,,Not Assigned,,,,,,,,,,,,,,,,,,,,,,9058454
PSA2KNW,902813,2020-10-27 13:21:00.208000-04:00,2020-11-20 13:22:00-05:00,2020-11-03 13:45:52.637000-05:00,2020-11-17 13:54:45.015000-05:00,12,,,,,,Control,607096.722,7231.57083333334,36.0,15.0,11.0,11.0,33.0,75.0,35.0,32.0,0.0,0.0,0.0,0.0,11.0,6.0,2.0,2.0,226.497,113.2405,1.0,9059078
PSA2KNW,906908,2020-11-06 09:00:00-05:00,2020-11-07 09:00:00-05:00,2020-11-09 00:03:54.924000-05:00,,2,,,,,,Not Assigned,,,,,,,,,,,,,,,,,,,,,,9344800
PSA2KNW,910732,2021-01-27 10:40:36.417000-05:00,,2021-01-28 10:21:13.002000-05:00,,1,,,,,,Control,120.453,36.2376666666667,3.0,2.0,,,3.0,4.0,2.0,0.0,0.0,0.0,0.0,0.0,0.0,1.0,,,,,,12734221
PSA2KNW,911443,2020-11-09 11:08:30.254000-05:00,2020-11-13 23:05:00-05:00,2020-11-09 11:13:32.980000-05:00,,4,,,,,,Not Assigned,,,,,,,,,,,,,,,,,,,,,,9371596
PSA2KNW,911445,2020-11-09 11:08:30.254000-05:00,2020-11-13 23:05:00-05:00,2020-11-09 11:13:36.639000-05:00,,2,,,,,,Not Assigned,,,,,,,,,,,,,,,,,,,,,,9371603
PSA2KNW,911451,2020-11-09 11:08:30.254000-05:00,2020-11-13 23:05:00-05:00,2020-11-09 11:15:09.691000-05:00,,2,,,,,,Control,86837.292,59.6664166666667,12.0,1.0,0.0,0.0,2.0,17.0,11.0,16.0,0.0,0.0,0.0,0.0,9.0,2.0,,,,,,9371887
PSA2KNW,911463,2020-11-09 11:08:30.254000-05:00,2020-11-13 23:05:00-05:00,2020-11-09 11:17:49.571000-05:00,,1,,,,,,Not Assigned,,,,,,,,,,,,,,,,,,,,,,9372407
PSA2KNW,911474,2020-11-09 11:08:30.254000-05:00,2020-11-13 23:05:00-05:00,2020-11-09 11:19:26.877000-05:00,2020-11-10 11:41:17.753000-05:00,2,,,,,,Not Assigned,,,,,,,,,,,,,,,,,2.0,1.0,394.825,148.8285,1.0,9372726
PSA2KNW,914266,2020-11-09 11:08:30.254000-05:00,2020-11-13 23:05:00-05:00,2020-11-10 11:17:56.580000-05:00,,1,,,,,,Not Assigned,,,,,,,,,,,,,,,,,,,,,,9469582
PSA2KNW,923992,2021-05-13 12:56:11.016000-04:00,2021-05-18 12:58:00-04:00,2021-05-13 13:23:47.019000-04:00,,1,,,,,,Not Assigned,,,,,,,,,,,,,,,,,,,,,,16381910
PSA2KNW,924563,2021-05-13 15:26:39.930000-04:00,2021-05-17 09:22:00-04:00,2021-05-13 15:43:30.589000-04:00,2021-05-19 00:04:12.437000-04:00,2,,,,,,Control,460860.679,31.7668,5.0,4.0,1.0,,5.0,7.0,4.0,0.0,0.0,0.0,0.0,0.0,0.0,2.0,2.0,2.0,108.172,54.077,1.0,16389697
PSA2KNW,944239,2021-04-30 16:39:15.700000-04:00,2021-05-06 17:00:00-04:00,2021-05-06 14:02:48.037000-04:00,,1,,,,,,Not Assigned,,,,,,,,,,,,,,,,,,,,,,16207515
PSA2KNW,944309,2021-04-30 16:39:15.696000-04:00,2021-05-06 17:00:00-04:00,2021-05-04 01:40:02.312000-04:00,2021-05-04 02:00:53.329000-04:00,1,,,,,,Not Assigned,,,,,,,,,,,,,,,,,2.0,1.0,486.668,194.004,1.0,16107834
PSA2KNW,944376,2021-04-30 16:39:15.698000-04:00,2021-05-06 17:00:00-04:00,2021-05-06 12:14:57.341000-04:00,,1,,,,,,Not Assigned,,,,,,,,,,,,,,,,,,,,,,16198366
PSA2KNW,944377,2021-04-30 16:39:15.700000-04:00,2021-05-06 17:00:00-04:00,2021-05-06 09:52:04.785000-04:00,2021-05-06 10:46:02.492000-04:00,3,,,,,,Treatment,381.162,76.2162,5.0,5.0,,,5.0,5.0,4.0,0.0,0.0,0.0,0.0,0.0,0.0,1.0,2.0,2.0,165.657,82.773,1.0,16187782
PSA2KNW,944516,2021-04-30 16:39:15.698000-04:00,2021-05-06 17:00:00-04:00,2021-05-06 12:41:30.385000-04:00,,1,,,,,,Not Assigned,,,,,,,,,,,,,,,,,,,,,,16200732
PSA2KNW,944551,2021-04-30 16:39:15.700000-04:00,2021-05-06 17:00:00-04:00,2021-05-06 09:50:20.339000-04:00,,1,,,,,,Treatment,1175.756,98.558625,8.0,2.0,1.0,1.0,8.0,19.0,8.0,9.0,0.0,0.0,0.0,0.0,5.0,1.0,,,,,,16187619
PSA2KNW,944584,2021-04-30 16:39:15.700000-04:00,2021-05-06 17:00:00-04:00,2021-05-05 23:28:52.412000-04:00,2021-05-06 13:50:52.450000-04:00,2,,,,,,Not Assigned,,,,,,,,,,,,,,,,,2.0,0.0,1753.301,753.652,1.0,16181530
PSA2KNW,944648,2021-04-30 16:39:15.702000-04:00,2021-05-06 17:00:00-04:00,2021-05-06 12:36:32.873000-04:00,2021-05-06 13:05:41.739000-04:00,1,,,,,,Not Assigned,,,,,,,,,,,,,,,,,2.0,1.0,179.539,55.051,1.0,16200313
PSA2KNW,944669,2021-04-30 16:39:15.700000-04:00,2021-05-06 17:00:00-04:00,2021-05-06 10:57:56.148000-04:00,2021-05-06 11:26:14.623000-04:00,1,,,,,,Treatment,606.47,64.258375,8.0,6.0,2.0,1.0,8.0,12.0,7.0,2.0,0.0,0.0,0.0,0.0,1.0,1.0,2.0,0.0,281.73,113.4285,1.0,16192449
PSA2KNW,944679,2021-04-30 16:39:15.700000-04:00,2021-05-06 17:00:00-04:00,2021-05-06 11:15:54.232000-04:00,2021-05-06 11:24:53.438000-04:00,1,,,,,,Not Assigned,,,,,,,,,,,,,,,,,2.0,2.0,166.819,83.406,1.0,16193702
PSA2KNW,944726,2021-04-30 16:39:15.700000-04:00,2021-05-06 17:00:00-04:00,2021-05-06 13:24:49.332000-04:00,,1,,,,,,Treatment,700.65,68.924875,8.0,5.0,1.0,1.0,8.0,14.0,8.0,2.0,0.0,0.0,0.0,0.0,1.0,1.0,,,,,,16204309
PSA2KNW,944754,2021-04-30 16:39:15.696000-04:00,2021-05-06 17:00:00-04:00,2021-05-06 15:32:13.576000-04:00,,1,,,,,,Not Assigned,,,,,,,,,,,,,,,,,,,,,,16213246
PSA2KNW,944774,2021-04-30 16:39:15.700000-04:00,2021-05-06 17:00:00-04:00,2021-05-06 12:05:15.090000-04:00,,2,,,,,,Treatment,7.89,7.869,2.0,1.0,,,1.0,1.0,2.0,0.0,0.0,0.0,0.0,0.0,0.0,1.0,,,,,,16197583
PSA2KNW,945064,2021-04-30 16:39:15.698000-04:00,2021-05-06 17:00:00-04:00,2021-05-04 23:51:13.052000-04:00,2021-05-06 15:43:52.358000-04:00,5,,,,,,Not Assigned,,,,,,,,,,,,,,,,,2.0,0.0,2681.942,1193.676,2.0,16147784
PSA2KNW,945070,2021-04-30 16:39:15.700000-04:00,2021-05-06 17:00:00-04:00,2021-05-26 10:13:07.389000-04:00,,1,,,,,,Not Assigned,,,,,,,,,,,,,,,,,,,,,,16615608
PSA2KNW,945242,2021-04-30 16:39:15.700000-04:00,2021-05-06 17:00:00-04:00,2021-05-06 11:17:16.363000-04:00,2021-05-06 12:07:48.092000-04:00,1,,,,,,Treatment,862.98,86.9993333333333,9.0,5.0,1.0,1.0,6.0,10.0,8.0,6.0,0.0,0.0,0.0,0.0,4.0,1.0,2.0,0.0,520.668,13.1015,1.0,16193792
PSA2KNW,945379,2021-04-30 16:39:15.700000-04:00,2021-05-06 17:00:00-04:00,2021-05-06 10:04:58.123000-04:00,,1,,,,,,Not Assigned,,,,,,,,,,,,,,,,,,,,,,16188745
PSA2KNW,945689,2021-04-30 16:39:15.700000-04:00,2021-05-06 17:00:00-04:00,2021-05-07 16:15:33.540000-04:00,2021-05-07 16:35:19.416000-04:00,1,,,,,,Not Assigned,,,,,,,,,,,,,,,,,2.0,2.0,290.106,145.0435,1.0,16246534
PSA2KNW,945816,2021-04-30 16:39:15.698000-04:00,2021-05-06 17:00:00-04:00,2021-05-05 12:37:05.976000-04:00,2021-05-05 12:51:19.212000-04:00,2,,,,,,Not Assigned,,,,,,,,,,,,,,,,,2.0,2.0,148.456,74.2255,1.0,16164709
PSA2KNW,945818,2021-04-30 16:39:15.700000-04:00,2021-05-06 17:00:00-04:00,2021-05-06 15:17:37.131000-04:00,,2,,,,,,Not Assigned,,,,,,,,,,,,,,,,,,,,,,16212616
PSA2KNW,945822,2021-04-30 16:39:15.700000-04:00,2021-05-06 17:00:00-04:00,2021-05-05 17:49:56.192000-04:00,2021-05-06 13:17:44.066000-04:00,2,,,,,,Treatment,583.172,55.9081,10.0,7.0,2.0,,10.0,13.0,9.0,0.0,0.0,0.0,0.0,0.0,0.0,1.0,2.0,1.0,129.883,48.951,1.0,16178378
PSA2KNW,946072,2021-04-30 16:39:15.700000-04:00,2021-05-06 17:00:00-04:00,2021-05-06 10:30:04.735000-04:00,2021-05-06 11:16:55.560000-04:00,3,,,,,,Control,994.034,61.2614166666667,12.0,6.0,3.0,2.0,12.0,22.0,11.0,9.0,0.0,0.0,0.0,0.0,5.0,1.0,2.0,0.0,528.064,244.8415,3.0,16190407
PSA2KNW,946259,2021-04-30 16:39:15.700000-04:00,2021-05-06 17:00:00-04:00,2021-05-06 13:31:53.994000-04:00,,1,,,,,,Control,328.031,50.98275,5.0,1.0,0.0,0.0,4.0,9.0,4.0,6.0,0.0,0.0,0.0,0.0,3.0,1.0,,,,,,16204904
PSA2KNW,946276,2021-04-30 16:39:15.694000-04:00,2021-05-06 17:00:00-04:00,2021-05-06 10:20:07.934000-04:00,,1,,,,,,Not Assigned,,,,,,,,,,,,,,,,,,,,,,16189772
PSA2KNW,946736,2021-04-30 16:39:15.694000-04:00,2021-05-06 17:00:00-04:00,2021-05-06 09:54:39.349000-04:00,,2,,,,,,Not Assigned,,,,,,,,,,,,,,,,,,,,,,16187987
PSA2KNW,946944,2021-04-30 16:39:15.700000-04:00,2021-05-06 17:00:00-04:00,2021-05-06 12:32:35.264000-04:00,,2,,,,,,Control,29239.867,3223.90288888889,10.0,1.0,0.0,0.0,2.0,12.0,9.0,13.0,0.0,0.0,0.0,0.0,8.0,2.0,,,,,,16199973
PSA2KNW,948713,2021-04-30 16:39:15.702000-04:00,2021-05-06 17:00:00-04:00,2021-05-06 13:26:27.165000-04:00,2021-05-06 13:51:03.507000-04:00,1,,,,,,Not Assigned,,,,,,,,,,,,,,,,,2.0,2.0,345.583,172.7855,1.0,16204455
PSA2KNW,960078,2021-04-30 16:39:15.694000-04:00,2021-05-06 17:00:00-04:00,2021-05-06 16:54:12.444000-04:00,,2,,,,,,Not Assigned,,,,,,,,,,,,,,,,,,,,,,16216353
PSA2KNW,974007,2021-05-13 11:24:41.402000-04:00,2021-05-17 09:22:00-04:00,2021-05-13 11:37:20.009000-04:00,,1,,,,,,Not Assigned,,,,,,,,,,,,,,,,,,,,,,16374639
PSA2KNW,975410,2021-01-27 10:40:36.417000-05:00,,2021-01-28 10:32:37.010000-05:00,,1,,,,,,Not Assigned,,,,,,,,,,,,,,,,,,,,,,12735808
PSA2KNW,975412,2021-01-27 10:40:36.417000-05:00,,2021-01-28 10:26:13.487000-05:00,,1,,,,,,Not Assigned,,,,,,,,,,,,,,,,,,,,,,12734864
PSA2KNW,975413,2021-01-27 10:40:36.417000-05:00,,2021-01-28 10:21:13.563000-05:00,,1,,,,,,Not Assigned,,,,,,,,,,,,,,,,,,,,,,12734219
PSA2KNW,975416,2021-01-27 10:40:36.417000-05:00,,2021-01-28 10:21:11.723000-05:00,,1,,,,,,Not Assigned,,,,,,,,,,,,,,,,,,,,,,12734215
PSA2KNW,975418,2021-01-27 10:40:36.417000-05:00,,2021-01-28 10:21:19.433000-05:00,,3,,,,,,Not Assigned,,,,,,,,,,,,,,,,,,,,,,12734233
PSA2KNW,975578,2021-01-27 10:40:36.415000-05:00,,2021-01-28 12:26:55.488000-05:00,,1,,,,,,Not Assigned,,,,,,,,,,,,,,,,,,,,,,12752397
PSA2KNW,975582,2021-01-27 10:40:36.415000-05:00,,2021-01-27 14:39:03.229000-05:00,2021-01-27 14:51:23.050000-05:00,1,,,,,,Not Assigned,,,,,,,,,,,,,,,,,2.0,1.0,445.277,207.73,1.0,12701120
PSA2KNW,976444,2021-01-27 10:40:36.417000-05:00,,2021-01-28 10:20:33.282000-05:00,,1,,,,,,Not Assigned,,,,,,,,,,,,,,,,,,,,,,12734136
PSA2KNW,976446,2021-01-27 10:40:36.417000-05:00,,2021-01-28 10:24:43.404000-05:00,,1,,,,,,Not Assigned,,,,,,,,,,,,,,,,,,,,,,12734651
PSA2KNW,976656,2021-01-27 10:40:36.415000-05:00,,2021-01-28 11:29:30.334000-05:00,,1,,,,,,Not Assigned,,,,,,,,,,,,,,,,,,,,,,12744160
PSA2KNW,980598,2021-03-05 07:00:00-05:00,2021-03-08 23:59:00-05:00,2021-03-15 10:02:35.609000-04:00,,2,,,,,,Not Assigned,,,,,,,,,,,,,,,,,,,,,,14631435
PSA2KNW,980599,2021-03-05 07:00:00-05:00,2021-03-08 23:59:00-05:00,2021-03-05 11:27:32.548000-05:00,,6,,,,,,Control,5666.755,422.254333333333,13.0,6.0,4.0,1.0,12.0,25.0,12.0,2.0,0.0,0.0,0.0,0.0,1.0,2.0,,,,,,14294270
PSA2KNW,980600,2021-03-05 07:00:00-05:00,2021-03-08 23:59:00-05:00,2021-03-05 11:21:25.940000-05:00,2021-03-08 11:30:05.890000-05:00,3,,,,,,Not Assigned,,,,,,,,,,,,,,,,,2.0,1.0,237.975,103.693,1.0,14293674
PSA2KNW,980639,2021-03-05 07:00:00-05:00,2021-03-08 23:59:00-05:00,2021-03-10 17:03:19.491000-05:00,,1,,,,,,Not Assigned,,,,,,,,,,,,,,,,,,,,,,14509340
PSA2KNW,980759,2021-03-05 07:00:00-05:00,2021-03-08 23:59:00-05:00,2021-03-05 13:07:14.128000-05:00,2021-03-10 10:52:19.935000-05:00,3,,,,,,Not Assigned,,,,,,,,,,,,,,,,,2.0,1.0,148.998,63.8065,1.0,14304090
PSA2KNW,980760,2021-03-05 07:00:00-05:00,2021-03-08 23:59:00-05:00,2021-03-10 13:29:42.936000-05:00,,1,,,,,,Not Assigned,,,,,,,,,,,,,,,,,,,,,,14493389
PSA2KNW,980761,2021-03-05 07:00:00-05:00,2021-03-08 23:59:00-05:00,2021-03-09 11:23:13.055000-05:00,2021-03-09 15:39:28.147000-05:00,2,,,,,,Treatment,192.94,38.581,5.0,5.0,,,5.0,5.0,4.0,0.0,0.0,0.0,0.0,0.0,0.0,1.0,2.0,1.0,792.554,127.264,1.0,14414671
PSA2KNW,981063,2021-02-22 09:00:00-05:00,2021-02-23 23:22:00-05:00,2021-02-22 10:52:30.716000-05:00,2021-02-22 11:04:41.483000-05:00,1,,,,,,Not Assigned,,,,,,,,,,,,,,,,,2.0,2.0,149.771,74.8825,1.0,13715700
PSA2KNW,982724,2021-02-22 09:00:00-05:00,2021-02-23 23:22:00-05:00,2021-02-22 18:08:41.066000-05:00,,1,,,,,,Not Assigned,,,,,,,,,,,,,,,,,,,,,,13758346
PSA2KNW,983032,2021-03-05 07:00:00-05:00,2021-03-08 23:59:00-05:00,2021-03-05 13:08:30.782000-05:00,2021-03-05 13:17:34.565000-05:00,1,,,,,,Not Assigned,,,,,,,,,,,,,,,,,2.0,2.0,154.577,77.2845,1.0,14304223
PSA2KNW,983388,2021-03-05 07:00:00-05:00,2021-03-08 23:59:00-05:00,2021-03-05 13:08:10.470000-05:00,2021-03-05 13:17:34.806000-05:00,1,,,,,,Not Assigned,,,,,,,,,,,,,,,,,2.0,2.0,159.243,79.618,1.0,14304183
PSA2KNW,983759,2021-03-05 07:00:00-05:00,2021-03-08 23:59:00-05:00,2021-03-05 08:50:57.176000-05:00,2021-03-05 09:03:41.989000-05:00,1,,,,,,Control,345.614,23.887,10.0,7.0,3.0,1.0,10.0,15.0,9.0,2.0,0.0,0.0,0.0,0.0,1.0,1.0,2.0,2.0,122.658,61.324,1.0,14280166
PSA2KNW,984184,2021-03-05 07:00:00-05:00,2021-03-08 23:59:00-05:00,2021-03-05 13:06:19.252000-05:00,,2,,,,,,Not Assigned,,,,,,,,,,,,,,,,,1.0,,,,1.0,14303997
PSA2KNW,984234,2021-03-05 07:00:00-05:00,2021-03-08 23:59:00-05:00,2021-03-05 11:20:53.291000-05:00,2021-03-05 12:32:30.640000-05:00,1,,,,,,Not Assigned,,,,,,,,,,,,,,,,,2.0,1.0,3802.49,862.072,1.0,14293618
PSA2KNW,986723,2021-03-05 07:00:00-05:00,2021-03-08 23:59:00-05:00,2021-03-09 12:27:58.203000-05:00,,1,,,,,,Not Assigned,,,,,,,,,,,,,,,,,1.0,,,,1.0,14423399
PSA2KNW,986744,2021-03-05 07:00:00-05:00,2021-03-08 23:59:00-05:00,2021-03-05 11:20:37.903000-05:00,,1,,,,,,Not Assigned,,,,,,,,,,,,,,,,,,,,,,14293586
PSA2KNW,986856,2021-03-05 07:00:00-05:00,2021-03-08 23:59:00-05:00,2021-03-05 13:08:20.634000-05:00,2021-03-05 13:19:21.655000-05:00,1,,,,,,Not Assigned,,,,,,,,,,,,,,,,,2.0,0.0,326.23,108.84,1.0,14304204
PSA2KNW,987698,2021-03-05 07:00:00-05:00,2021-03-08 23:59:00-05:00,2021-03-09 13:08:54.365000-05:00,2021-03-09 13:28:03.611000-05:00,1,,,,,,Not Assigned,,,,,,,,,,,,,,,,,2.0,0.0,341.946,57.103,1.0,14428724
PSA2KNW,987832,2021-03-05 07:00:00-05:00,2021-03-08 23:59:00-05:00,2021-03-05 11:19:46.687000-05:00,,1,,,,,,Control,136.047,34.0085,4.0,4.0,,,4.0,4.0,3.0,0.0,0.0,0.0,0.0,0.0,0.0,1.0,2.0,0.0,469.293,68.189,1.0,14293501
PSA2KNW,988180,2021-03-05 07:00:00-05:00,2021-03-08 23:59:00-05:00,2021-03-10 10:52:52.342000-05:00,,1,,,,,,Not Assigned,,,,,,,,,,,,,,,,,,,,,,14475195
PSA2KNW,988662,2021-03-05 07:00:00-05:00,2021-03-08 23:59:00-05:00,2021-03-05 11:21:00.118000-05:00,2021-03-05 11:31:12.146000-05:00,1,,,,,,Not Assigned,,,,,,,,,,,,,,,,,2.0,2.0,201.547,100.769,1.0,14293632
PSA2KNW,992821,2021-02-22 09:00:00-05:00,2021-02-23 23:22:00-05:00,2021-02-22 12:14:48.464000-05:00,,1,,,,,,Control,108.41,25.3385,2.0,1.0,,,1.0,3.0,1.0,2.0,0.0,0.0,0.0,0.0,1.0,1.0,,,,,,13726429
PSA2KNW,993952,2021-05-11 11:00:00-04:00,2021-05-12 11:00:00-04:00,2021-05-11 13:03:11.272000-04:00,,1,,,,,,Not Assigned,,,,,,,,,,,,,,,,,,,,,,16312153
PSA2KNW,996674,2021-06-01 11:21:21.120000-04:00,,2021-06-04 22:22:08.067000-04:00,2021-06-04 22:30:18.034000-04:00,1,,,,,,Not Assigned,,,,,,,,,,,,,,,,,2.0,2.0,209.556,104.7715,1.0,16714042
PSA2KNW,996677,2021-06-01 11:21:21.120000-04:00,,2021-06-02 17:51:22.712000-04:00,,1,,,,,,Not Assigned,,,,,,,,,,,,,,,,,,,,,,16689939
PSA2KNW,996678,2021-06-01 11:21:21.120000-04:00,,2021-06-01 17:35:25.302000-04:00,,2,,,,,,Not Assigned,,,,,,,,,,,,,,,,,1.0,,,,1.0,16677040
PSA2KNW,996679,2021-06-01 11:21:21.120000-04:00,,2021-06-01 16:38:19.768000-04:00,2021-06-01 22:36:20.835000-04:00,2,,,,,,Not Assigned,,,,,,,,,,,,,,,,,2.0,2.0,136.549,68.2695,1.0,16676409
PSA2KNW,996680,2021-06-01 11:21:21.120000-04:00,,2021-06-02 17:55:00.510000-04:00,,1,,,,,,Control,151.229,35.7295,2.0,1.0,,,2.0,3.0,1.0,0.0,0.0,0.0,0.0,0.0,0.0,1.0,,,,,,16689973
PSA2KNW,996681,2021-06-01 11:21:21.120000-04:00,,2021-06-01 15:28:05.034000-04:00,2021-06-01 15:57:48.010000-04:00,1,,,,,,Not Assigned,,,,,,,,,,,,,,,,,2.0,1.0,99.393,40.655,1.0,16675381
PSA2KNW,996682,2021-06-01 11:21:21.120000-04:00,,2021-06-01 19:03:25.757000-04:00,,3,,,,,,Not Assigned,,,,,,,,,,,,,,,,,,,,,,16677592
PSA2KNW,996683,2021-06-01 11:21:21.120000-04:00,,2021-06-16 12:43:46.989000-04:00,,1,,,,,,Not Assigned,,,,,,,,,,,,,,,,,,,,,,16761956
PSA2KNW,996684,2021-06-01 11:21:21.120000-04:00,,2021-06-02 17:48:50.129000-04:00,2021-06-03 03:28:05.694000-04:00,1,,,,,,Not Assigned,,,,,,,,,,,,,,,,,2.0,2.0,140.523,70.26,1.0,16689920
PSA2KNW,996685,2021-06-01 11:21:21.120000-04:00,,2021-06-02 17:57:50.069000-04:00,,2,,,,,,Not Assigned,,,,,,,,,,,,,,,,,,,,,,16689995
PSA2KNW,996686,2021-06-01 11:21:21.120000-04:00,,2021-06-02 17:32:10.505000-04:00,2021-06-02 17:55:56.676000-04:00,1,,,,,,Not Assigned,,,,,,,,,,,,,,,,,2.0,2.0,318.62,159.307,1.0,16689825
PSA2KNW,996688,2021-06-01 11:21:21.120000-04:00,,2021-06-01 17:55:20.105000-04:00,,1,,,,,,Not Assigned,,,,,,,,,,,,,,,,,,,,,,16677219
PSA2KNW,996689,2021-06-01 11:21:21.120000-04:00,,2021-06-01 17:46:47.179000-04:00,,5,,,,,,Not Assigned,,,,,,,,,,,,,,,,,,,,,,16677145
PSA2KNW,996690,2021-06-01 11:21:21.120000-04:00,,2021-06-02 17:16:27.070000-04:00,,1,,,,,,Not Assigned,,,,,,,,,,,,,,,,,,,,,,16689720
PSA2KNW,996691,2021-06-01 11:21:21.120000-04:00,,2021-06-02 10:47:45.107000-04:00,2021-06-02 11:03:35.238000-04:00,1,,,,,,Not Assigned,,,,,,,,,,,,,,,,,2.0,2.0,284.837,142.4145,1.0,16682506
PSA2KNW,996692,2021-06-01 11:21:21.120000-04:00,,2021-06-01 17:02:59.553000-04:00,2021-06-01 17:12:03.177000-04:00,1,,,,,,Not Assigned,,,,,,,,,,,,,,,,,2.0,0.0,193.645,71.0365,1.0,16676672
PSA2KNW,996693,2021-06-01 11:21:21.120000-04:00,,2021-06-02 20:05:15.471000-04:00,,1,,,,,,Not Assigned,,,,,,,,,,,,,,,,,,,,,,16690541
PSA2KNW,996694,2021-06-01 11:21:21.120000-04:00,,2021-06-02 17:51:04.192000-04:00,,1,,,,,,Not Assigned,,,,,,,,,,,,,,,,,,,,,,16689937
PSA2KNW,996695,2021-06-01 11:21:21.120000-04:00,,2021-06-02 15:00:52.416000-04:00,2021-06-02 15:14:08.351000-04:00,1,,,,,,Not Assigned,,,,,,,,,,,,,,,,,2.0,1.0,204.616,85.7315,1.0,16688447
PSA2KNW,996701,2021-06-01 11:21:21.120000-04:00,,2021-06-01 17:52:12.261000-04:00,,1,,,,,,Not Assigned,,,,,,,,,,,,,,,,,,,,,,16677190
PSA2KNW,996729,2021-06-01 11:21:21.120000-04:00,,2021-06-02 17:00:18.720000-04:00,2021-06-02 17:12:30.665000-04:00,1,,,,,,Not Assigned,,,,,,,,,,,,,,,,,2.0,0.0,165.889,60.023,1.0,16689597
PSA2KNW,996732,2021-06-01 11:21:21.120000-04:00,,2021-06-02 16:51:30.359000-04:00,2021-06-08 12:04:42.240000-04:00,3,,,,,,Not Assigned,,,,,,,,,,,,,,,,,2.0,2.0,278.82,139.4065,1.0,16689543
PSA2KNW,996734,2021-06-01 11:21:21.120000-04:00,,2021-06-01 17:55:06.809000-04:00,2021-06-03 01:09:52.811000-04:00,3,,,,,,Not Assigned,,,,,,,,,,,,,,,,,2.0,1.0,604.688,286.071,1.0,16677218
PSA2KNW,997325,2021-06-01 11:21:21.120000-04:00,,2021-06-02 17:07:59.687000-04:00,,1,,,,,,Not Assigned,,,,,,,,,,,,,,,,,,,,,,16689645
PSA2KNW,997326,2021-06-01 11:21:21.120000-04:00,,2021-06-01 15:33:02.035000-04:00,2021-06-01 17:11:11.722000-04:00,5,,,,,,Not Assigned,,,,,,,,,,,,,,,,,2.0,2.0,191.333,95.661,1.0,16675476
PSA2KNW,997327,2021-06-01 11:21:21.120000-04:00,,2021-06-02 17:44:55.466000-04:00,,1,,,,,,Not Assigned,,,,,,,,,,,,,,,,,,,,,,16689903
PSA2KNW,997328,2021-06-01 11:21:21.120000-04:00,,2021-06-03 02:30:31.458000-04:00,,2,,,,,,Not Assigned,,,,,,,,,,,,,,,,,,,,,,16691436
PSA2KNW,997329,2021-06-01 11:21:21.120000-04:00,,2021-06-02 17:45:57.017000-04:00,,1,,,,,,Not Assigned,,,,,,,,,,,,,,,,,,,,,,16689906
PSA2KNW,997330,2021-06-01 11:21:21.120000-04:00,,2021-06-02 17:44:09.058000-04:00,,1,,,,,,Not Assigned,,,,,,,,,,,,,,,,,,,,,,16689902
PSA2KNW,997331,2021-06-01 11:21:21.120000-04:00,,2021-06-02 17:37:59.819000-04:00,,1,,,,,,Treatment,,,1.0,,,,,0.0,1.0,0.0,0.0,0.0,0.0,0.0,0.0,1.0,,,,,,16689869
PSA2KNW,997332,2021-06-01 11:21:21.120000-04:00,,2021-06-02 16:26:02.462000-04:00,,1,,,,,,Treatment,187.146,14.789,8.0,1.0,0.0,0.0,1.0,8.0,8.0,12.0,0.0,0.0,0.0,0.0,7.0,1.0,,,,,,16689333
PSA2KNW,997333,2021-06-01 11:21:21.120000-04:00,,2021-06-02 17:42:40.891000-04:00,,1,,,,,,Not Assigned,,,,,,,,,,,,,,,,,,,,,,16689891
PSA2KNW,997334,2021-06-01 11:21:21.120000-04:00,,2021-06-03 00:46:33.287000-04:00,2021-06-03 01:09:51.945000-04:00,1,,,,,,Not Assigned,,,,,,,,,,,,,,,,,2.0,1.0,376.805,172.5365,1.0,16691319
PSA2KNW,997335,2021-06-01 11:21:21.120000-04:00,,2021-06-02 17:17:15.171000-04:00,,2,,,,,,Not Assigned,,,,,,,,,,,,,,,,,,,,,,16689726
PSA2KNW,997336,2021-06-01 11:21:21.120000-04:00,,2021-06-07 13:47:01.442000-04:00,2021-06-07 13:54:56.393000-04:00,1,,,,,,Treatment,145.845,21.0358333333333,6.0,5.0,1.0,1.0,6.0,7.0,5.0,2.0,0.0,0.0,0.0,0.0,1.0,1.0,2.0,2.0,64.954,32.4735,1.0,16722242
PSA2KNW,997337,2021-06-01 11:21:21.120000-04:00,,2021-06-01 18:03:41.110000-04:00,,1,,,,,,Not Assigned,,,,,,,,,,,,,,,,,,,,,,16677286
PSA2KNW,997338,2021-06-01 11:21:21.120000-04:00,,2021-06-02 17:20:54.864000-04:00,2021-06-02 18:10:07.682000-04:00,1,,,,,,Not Assigned,,,,,,,,,,,,,,,,,2.0,1.0,2110.698,1038.305,1.0,16689745
PSA2KNW,997339,2021-06-01 11:21:21.120000-04:00,,2021-06-02 17:08:55.937000-04:00,,1,,,,,,Not Assigned,,,,,,,,,,,,,,,,,,,,,,16689652
PSA2KNW,997340,2021-06-01 11:21:21.120000-04:00,,2021-06-04 00:41:01.907000-04:00,2021-06-04 01:00:15.120000-04:00,1,,,,,,Treatment,405.84,81.1626,5.0,5.0,,,5.0,5.0,4.0,0.0,0.0,0.0,0.0,0.0,0.0,1.0,2.0,1.0,341.331,147.2155,1.0,16704397
PSA2KNW,997341,2021-06-01 11:21:21.120000-04:00,,2021-06-02 17:51:56.421000-04:00,,1,,,,,,Not Assigned,,,,,,,,,,,,,,,,,,,,,,16689944
PSA2KNW,997343,2021-06-01 11:21:21.120000-04:00,,2021-06-01 18:03:33.346000-04:00,,3,,,,,,Not Assigned,,,,,,,,,,,,,,,,,,,,,,16677283
PSA2KNW,997344,2021-06-01 11:21:21.120000-04:00,,2021-06-02 16:52:35.477000-04:00,2021-06-02 17:13:58.743000-04:00,1,,,,,,Not Assigned,,,,,,,,,,,,,,,,,2.0,0.0,169.87,58.2175,1.0,16689551
PSA2KNW,997346,2021-06-01 11:21:21.120000-04:00,,2021-06-02 17:58:52.711000-04:00,,3,,,,,,Not Assigned,,,,,,,,,,,,,,,,,,,,,,16690004
PSA2KNW,997348,2021-06-01 11:21:21.120000-04:00,,2021-06-01 17:54:10.920000-04:00,,1,,,,,,Treatment,,,1.0,,,,,0.0,1.0,0.0,0.0,0.0,0.0,0.0,0.0,1.0,,,,,,16677212
PSA2KNW,997381,2021-06-01 11:21:21.120000-04:00,,2021-06-04 19:28:55.529000-04:00,,1,,,,,,Not Assigned,,,,,,,,,,,,,,,,,1.0,,,,1.0,16713789
PSA2KNW,997382,2021-06-01 11:21:21.120000-04:00,,2021-06-02 19:07:15.566000-04:00,2021-06-02 19:12:06.802000-04:00,1,,,,,,Not Assigned,,,,,,,,,,,,,,,,,2.0,2.0,65.437,32.7155,1.0,16690330
PSA2KNW,997384,2021-06-01 11:21:21.120000-04:00,,2021-06-02 16:59:44.256000-04:00,,1,,,,,,Treatment,122.162,40.7173333333333,3.0,2.0,,,3.0,3.0,3.0,0.0,0.0,0.0,0.0,0.0,0.0,1.0,,,,,,16689592
PSA2KNW,997385,2021-06-01 11:21:21.120000-04:00,,2021-06-01 17:53:29.419000-04:00,,1,,,,,,Not Assigned,,,,,,,,,,,,,,,,,,,,,,16677202
PSA2KNW,997386,2021-06-01 11:21:21.120000-04:00,,2021-06-01 18:01:42.717000-04:00,2021-06-01 18:14:53.260000-04:00,1,,,,,,Not Assigned,,,,,,,,,,,,,,,,,2.0,0.0,308.126,103.9275,1.0,16677262
PSA2KNW,997387,2021-06-01 11:21:21.120000-04:00,,2021-06-02 15:20:18.082000-04:00,2021-06-02 21:53:29.402000-04:00,1,,,,,,Not Assigned,,,,,,,,,,,,,,,,,2.0,0.0,442.506,188.233,1.0,16688665
PSA2KNW,997388,2021-06-01 11:21:21.120000-04:00,,2021-06-02 15:38:03.787000-04:00,2021-06-14 19:45:39.616000-04:00,2,,,,,,Not Assigned,,,,,,,,,,,,,,,,,2.0,1.0,478.66,174.8615,1.0,16688875
PSA2KNW,997390,2021-06-01 11:21:21.120000-04:00,,2021-06-02 17:47:22.255000-04:00,,2,,,,,,Not Assigned,,,,,,,,,,,,,,,,,1.0,,,,2.0,16689915
PSA2KNW,997391,2021-06-01 11:21:21.120000-04:00,,2021-06-01 17:58:28.397000-04:00,,1,,,,,,Not Assigned,,,,,,,,,,,,,,,,,,,,,,16677237
PSA2KNW,997394,2021-06-01 11:21:21.120000-04:00,,2021-06-01 18:01:48.815000-04:00,,1,,,,,,Control,305.886,76.46525,4.0,4.0,,,4.0,4.0,3.0,0.0,0.0,0.0,0.0,0.0,0.0,1.0,1.0,,,,1.0,16677263
PSA2KNW,997395,2021-06-01 11:21:21.120000-04:00,,2021-06-02 17:02:50.339000-04:00,,2,,,,,,Not Assigned,,,,,,,,,,,,,,,,,,,,,,16689617
PSA2KNW,997396,2021-06-01 11:21:21.120000-04:00,,2021-06-03 00:08:23.401000-04:00,,1,,,,,,Not Assigned,,,,,,,,,,,,,,,,,,,,,,16691265
PSA2KNW,997397,2021-06-01 11:21:21.120000-04:00,,2021-06-04 14:27:09.046000-04:00,,4,,,,,,Not Assigned,,,,,,,,,,,,,,,,,,,,,,16712102
PSA2KNW,997398,2021-06-01 11:21:21.120000-04:00,,2021-06-03 00:57:52.392000-04:00,2021-06-03 01:05:32.607000-04:00,1,,,,,,Not Assigned,,,,,,,,,,,,,,,,,2.0,2.0,256.218,128.108,1.0,16691332
PSA2KNW,997399,2021-06-01 11:21:21.120000-04:00,,2021-06-02 17:35:51.177000-04:00,2021-06-02 17:45:29.670000-04:00,1,,,,,,Control,76.302,14.3808,5.0,4.0,1.0,,5.0,6.0,4.0,0.0,0.0,0.0,0.0,0.0,0.0,1.0,2.0,2.0,89.863,44.9305,1.0,16689852
PSA2KNW,997403,2021-06-01 11:21:21.120000-04:00,,2021-06-02 16:54:34.556000-04:00,,1,,,,,,Not Assigned,,,,,,,,,,,,,,,,,,,,,,16689569
PSA2KNW,997404,2021-06-01 11:21:21.120000-04:00,,2021-06-02 02:24:08.721000-04:00,2021-06-02 02:33:25.782000-04:00,1,,,,,,Control,121.653,30.41225,4.0,4.0,,,4.0,4.0,3.0,0.0,0.0,0.0,0.0,0.0,0.0,1.0,2.0,2.0,102.196,51.097,1.0,16678770
PSA2KNW,997405,2021-06-01 11:21:21.120000-04:00,,2021-06-02 16:39:07.956000-04:00,2021-06-02 16:47:07.491000-04:00,1,,,,,,Not Assigned,,,,,,,,,,,,,,,,,2.0,1.0,164.721,74.7365,1.0,16689434
PSA2KNW,997407,2021-06-01 11:21:21.120000-04:00,,2021-06-02 19:12:53.445000-04:00,2021-06-02 19:31:16.871000-04:00,1,,,,,,Not Assigned,,,,,,,,,,,,,,,,,2.0,2.0,564.333,282.162,1.0,16690351
PSA2KNW,997408,2021-06-01 11:21:21.120000-04:00,,2021-06-02 17:00:59.825000-04:00,2021-06-02 18:33:22.193000-04:00,2,,,,,,Not Assigned,,,,,,,,,,,,,,,,,2.0,1.0,118.055,42.0985,1.0,16689602
PSA2KNW,997441,2021-06-01 11:21:21.120000-04:00,,2021-06-03 15:50:34-04:00,,1,,,,,,Not Assigned,,,,,,,,,,,,,,,,,,,,,,16701955
PSA2KNW,997627,2021-05-10 07:06:04.963000-04:00,,2021-05-10 08:45:01.744000-04:00,,1,,,,,,Treatment,370.355,38.3185,8.0,5.0,2.0,2.0,8.0,11.0,8.0,6.0,0.0,0.0,0.0,0.0,3.0,1.0,,,,,,16255536
PSA2KNW,997628,2021-05-10 07:06:04.963000-04:00,,2021-05-10 08:41:05.517000-04:00,2021-05-10 08:50:35.289000-04:00,1,,,,,,Not Assigned,,,,,,,,,,,,,,,,,2.0,0.0,236.295,90.667,1.0,16255396
PSA2KNW,997629,2021-05-10 07:06:04.963000-04:00,,2021-05-10 08:42:24.607000-04:00,,1,,,,,,Treatment,426.567,40.7576666666667,9.0,6.0,1.0,1.0,9.0,12.0,8.0,5.0,0.0,0.0,0.0,0.0,3.0,1.0,2.0,0.0,69.832,55.806,1.0,16255440
PSA2KNW,997630,2021-05-10 07:06:04.963000-04:00,,2021-05-10 08:40:45.689000-04:00,2021-05-10 08:53:08.921000-04:00,2,,,,,,Control,134.281,24.5636,5.0,4.0,1.0,,5.0,6.0,4.0,0.0,0.0,0.0,0.0,0.0,0.0,1.0,2.0,1.0,124.948,43.21,1.0,16255384
PSA2KNW,997631,2021-05-10 07:06:04.963000-04:00,,2021-05-10 08:44:15.899000-04:00,2021-05-10 08:56:40.895000-04:00,1,,,,,,Not Assigned,,,,,,,,,,,,,,,,,2.0,1.0,263.068,91.621,1.0,16255516
PSA2KNW,997632,2021-05-10 07:06:04.963000-04:00,,2021-05-10 08:42:36.060000-04:00,,1,,,,,,Not Assigned,,,,,,,,,,,,,,,,,,,,,,16255449
PSA2KNW,997633,2021-05-10 07:06:04.963000-04:00,,2021-05-10 08:42:34.611000-04:00,,1,,,,,,Not Assigned,,,,,,,,,,,,,,,,,,,,,,16255447
PSA2KNW,997750,2021-03-05 07:00:00-05:00,2021-03-08 23:59:00-05:00,2021-03-05 11:21:21.639000-05:00,2021-03-08 11:01:12.544000-05:00,2,,,,,,Control,200.709,37.621,5.0,4.0,1.0,,5.0,6.0,4.0,0.0,0.0,0.0,0.0,0.0,0.0,1.0,2.0,2.0,194.986,97.489,1.0,14293669
PSA2KNW,998168,2021-06-01 11:21:21.120000-04:00,,2021-06-02 15:20:32.978000-04:00,,1,,,,,,Not Assigned,,,,,,,,,,,,,,,,,,,,,,16688668
PSA2KNW,998386,2021-03-05 07:00:00-05:00,2021-03-08 23:59:00-05:00,2021-03-05 11:29:22.031000-05:00,,1,,,,,,Not Assigned,,,,,,,,,,,,,,,,,,,,,,14294441
PSA2KNW,998491,2021-03-05 07:00:00-05:00,2021-03-08 23:59:00-05:00,2021-03-09 13:41:02.635000-05:00,,1,,,,,,Not Assigned,,,,,,,,,,,,,,,,,,,,,,14433395
PSA2KNW,998836,2021-05-10 07:06:04.963000-04:00,,2021-05-10 08:40:11.295000-04:00,,1,,,,,,Control,517.704,21.0155,8.0,2.0,1.0,1.0,3.0,11.0,7.0,9.0,0.0,0.0,0.0,0.0,4.0,1.0,,,,,,16255362
PSA2KNW,998874,2021-03-04 06:00:00-05:00,2021-03-04 15:37:00-05:00,2021-03-05 15:15:27.367000-05:00,2021-03-05 15:27:53.095000-05:00,1,,,,,,Control,207.77,51.9365,4.0,4.0,,,4.0,4.0,3.0,0.0,0.0,0.0,0.0,0.0,0.0,1.0,2.0,2.0,84.214,42.1015,1.0,14315038
PSA2KNW,998876,2021-03-04 06:00:00-05:00,2021-03-04 15:37:00-05:00,2021-03-05 10:14:07.284000-05:00,2021-03-05 10:25:24.472000-05:00,1,,,,,,Control,286.648,45.5886666666667,6.0,4.0,1.0,,6.0,8.0,5.0,0.0,0.0,0.0,0.0,0.0,0.0,1.0,2.0,2.0,159.747,79.8705,1.0,14286925
PSA2KNW,998878,2021-03-04 06:00:00-05:00,2021-03-04 15:37:00-05:00,2021-03-05 10:13:06.485000-05:00,,1,,,,,,Not Assigned,,,,,,,,,,,,,,,,,1.0,,,,1.0,14286844
PSA2KNW,998879,2021-03-04 06:00:00-05:00,2021-03-04 15:37:00-05:00,2021-03-05 10:12:41.682000-05:00,2021-03-05 10:27:13.484000-05:00,1,,,,,,Not Assigned,,,,,,,,,,,,,,,,,2.0,0.0,224.699,67.8265,1.0,14286791
PSA2KNW,998880,2021-03-04 06:00:00-05:00,2021-03-04 15:37:00-05:00,2021-03-05 10:10:58.057000-05:00,,1,,,,,,Not Assigned,,,,,,,,,,,,,,,,,,,,,,14286632
PSA2KNW,998883,2021-03-04 06:00:00-05:00,2021-03-04 15:37:00-05:00,2021-03-05 10:12:14.094000-05:00,,1,,,,,,Control,563.347,11.1676,6.0,1.0,0.0,0.0,3.0,15.0,5.0,5.0,0.0,0.0,0.0,0.0,1.0,1.0,,,,,,14286737
PSA2KNW,999250,2021-03-04 06:00:00-05:00,2021-03-04 15:37:00-05:00,2021-03-05 10:14:08.787000-05:00,,1,,,,,,Not Assigned,,,,,,,,,,,,,,,,,,,,,,14286928
PSA2KNW,1000371,2021-03-05 07:00:00-05:00,2021-03-08 23:59:00-05:00,2021-03-05 11:20:40.594000-05:00,2021-03-05 12:33:03.059000-05:00,1,,,,,,Not Assigned,,,,,,,,,,,,,,,,,2.0,1.0,176.019,80.729,1.0,14293599
PSA2KNW,1000683,2021-05-13 12:56:11.016000-04:00,2021-05-18 12:58:00-04:00,2021-05-13 12:57:34.445000-04:00,2021-06-03 11:11:43.121000-04:00,8,,,,,,Not Assigned,,,,,,,,,,,,,,,,,2.0,2.0,173.957,86.9775,1.0,16380137
PSA2KNW,1001108,2021-04-30 16:39:15.696000-04:00,2021-05-06 17:00:00-04:00,2021-05-06 11:39:19.859000-04:00,2021-05-06 12:16:42.775000-04:00,1,,,,,,Not Assigned,,,,,,,,,,,,,,,,,2.0,2.0,612.029,306.0115,1.0,16195498
PSA2KNW,1001800,2021-05-11 11:00:00-04:00,2021-05-12 11:00:00-04:00,2021-05-11 13:04:31.857000-04:00,2021-05-11 21:50:55.452000-04:00,2,,,,,,Not Assigned,,,,,,,,,,,,,,,,,2.0,2.0,143.163,71.5795,1.0,16312258
PSA2KNW,1002223,2021-06-01 11:21:21.120000-04:00,,2021-06-01 17:53:34.484000-04:00,,1,,,,,,Not Assigned,,,,,,,,,,,,,,,,,,,,,,16677204
PSA2KNW,1002337,2021-06-01 11:21:21.120000-04:00,,2021-06-02 17:12:47.715000-04:00,,1,,,,,,Not Assigned,,,,,,,,,,,,,,,,,,,,,,16689677
PSA2KNW,1007907,2021-04-20 09:00:00-04:00,2021-04-21 00:59:00-04:00,2021-04-21 10:25:53.957000-04:00,,1,,,,,,Not Assigned,,,,,,,,,,,,,,,,,,,,,,15748580
PSA2KNW,1007910,2021-04-20 09:00:00-04:00,2021-04-21 00:59:00-04:00,2021-04-21 10:27:35.585000-04:00,2021-04-22 12:18:35.241000-04:00,2,,,,,,Not Assigned,,,,,,,,,,,,,,,,,2.0,2.0,555.092,277.5395,1.0,15748696
PSA2KNW,1007911,2021-04-20 09:00:00-04:00,2021-04-21 00:59:00-04:00,2021-04-21 10:25:25.326000-04:00,,1,,,,,,Not Assigned,,,,,,,,,,,,,,,,,,,,,,15748552
PSA2KNW,1007946,2021-04-20 09:00:00-04:00,2021-04-21 00:59:00-04:00,2021-04-22 11:42:43.631000-04:00,,1,,,,,,Not Assigned,,,,,,,,,,,,,,,,,,,,,,15794134
PSA2KNW,1007948,2021-04-20 09:00:00-04:00,2021-04-21 00:59:00-04:00,2021-04-21 09:17:04.135000-04:00,,2,,,,,,Not Assigned,,,,,,,,,,,,,,,,,,,,,,15744239
PSA2KNW,1007949,2021-04-20 09:00:00-04:00,2021-04-21 00:59:00-04:00,2021-04-22 11:31:08.672000-04:00,,1,,,,,,Not Assigned,,,,,,,,,,,,,,,,,,,,,,15793131
PSA2KNW,1009136,2021-06-01 11:21:21.120000-04:00,,2021-06-03 02:04:20.956000-04:00,2021-06-03 02:07:43.072000-04:00,1,,,,,,Not Assigned,,,,,,,,,,,,,,,,,2.0,2.0,57.301,28.646,1.0,16691391
PSA2KNW,1018144,2021-05-13 15:26:39.930000-04:00,2021-05-17 09:22:00-04:00,2021-05-13 15:26:50.203000-04:00,,2,,,,,,Not Assigned,,,,,,,,,,,,,,,,,,,,,,16389020
PSA2KNW,1018909,2021-06-01 11:21:21.120000-04:00,,2021-06-03 02:15:30.601000-04:00,2021-06-03 02:24:52.656000-04:00,3,,,,,,Not Assigned,,,,,,,,,,,,,,,,,2.0,2.0,100.209,50.101,1.0,16691405
PSA2KNW,1025901,2021-08-11 10:54:44.177000-04:00,,2021-08-11 18:43:57.847000-04:00,,1,,,,,,Not Assigned,,,,,,,,,,,,,,,,,,,,,,16807892
PSA2KNW,1026857,2021-08-11 10:54:44.177000-04:00,,2021-08-11 14:10:17.524000-04:00,2021-08-11 14:21:26.490000-04:00,1,,,,,,Not Assigned,,,,,,,,,,,,,,,,,2.0,2.0,101.403,50.699,1.0,16806782
PSA2KNW,1026888,2021-08-11 10:54:44.177000-04:00,,2021-08-11 21:54:31.992000-04:00,,1,,,,,,Not Assigned,,,,,,,,,,,,,,,,,,,,,,16808180
PSA2KNW,1028821,2021-08-19 09:21:17.912000-04:00,,2021-08-19 10:18:04.580000-04:00,,1,,,,,,Not Assigned,,,,,,,,,,,,,,,,,,,,,,16847792
PSA2KNW,1028952,2021-08-26 10:48:56.782000-04:00,2021-08-27 10:50:00-04:00,2021-08-27 10:53:09.611000-04:00,2021-08-27 10:59:56.214000-04:00,1,,,,,,Not Assigned,,,,,,,,,,,,,,,,,2.0,2.0,124.252,62.123,1.0,16935402
PSA2KNW,1028964,2021-08-26 10:48:56.782000-04:00,2021-08-27 10:50:00-04:00,2021-08-27 11:12:57.992000-04:00,2021-08-29 17:43:02.250000-04:00,6,,,,,,Not Assigned,,,,,,,,,,,,,,,,,2.0,2.0,173.267,86.63,1.0,16936011
PSA2KNW,1028966,2021-08-26 10:48:56.782000-04:00,2021-08-27 10:50:00-04:00,2021-08-27 11:05:45.373000-04:00,,2,,,,,,Not Assigned,,,,,,,,,,,,,,,,,,,,,,16935783
PSA2KNW,1029020,2021-08-26 10:48:56.782000-04:00,2021-08-27 10:50:00-04:00,2021-08-26 16:12:11.302000-04:00,2021-08-26 16:26:21.017000-04:00,1,,,,,,Not Assigned,,,,,,,,,,,,,,,,,2.0,1.0,615.083,151.1555,1.0,16928175
PSA2KNW,1029267,2021-08-26 10:48:56.782000-04:00,2021-08-27 10:50:00-04:00,2021-08-26 16:24:40.740000-04:00,2021-08-26 16:36:38.841000-04:00,1,,,,,,Not Assigned,,,,,,,,,,,,,,,,,2.0,1.0,193.604,89.248,1.0,16928427
PSA2KNW,1029283,2021-08-26 10:48:56.782000-04:00,2021-08-27 10:50:00-04:00,2021-08-26 15:47:00.558000-04:00,,2,,,,,,Not Assigned,,,,,,,,,,,,,,,,,,,,,,16927695
PSA2KNW,1029288,2021-08-26 10:48:56.782000-04:00,2021-08-27 10:50:00-04:00,2021-08-26 20:26:41.596000-04:00,2021-08-26 20:34:58.575000-04:00,1,,,,,,Not Assigned,,,,,,,,,,,,,,,,,2.0,1.0,255.248,105.478,1.0,16930481
PSA2KNW,1029293,2021-08-26 10:48:56.782000-04:00,2021-08-27 10:50:00-04:00,2021-08-26 15:51:34.360000-04:00,,1,,,,,,Not Assigned,,,,,,,,,,,,,,,,,1.0,,,,1.0,16927815
PSA2KNW,1029295,2021-08-26 10:48:56.782000-04:00,2021-08-27 10:50:00-04:00,2021-08-26 11:17:01.868000-04:00,,5,,,,,,Not Assigned,,,,,,,,,,,,,,,,,,,,,,16918374
PSA2KNW,1029310,2021-08-26 10:48:56.782000-04:00,2021-08-27 10:50:00-04:00,2021-08-26 15:48:49.300000-04:00,2021-08-26 16:01:09.477000-04:00,2,,,,,,Not Assigned,,,,,,,,,,,,,,,,,2.0,2.0,136.804,68.3985,1.0,16927758
PSA2KNW,1029320,2021-08-26 10:48:56.782000-04:00,2021-08-27 10:50:00-04:00,2021-08-26 16:59:00.850000-04:00,,1,,,,,,Not Assigned,,,,,,,,,,,,,,,,,1.0,,,,1.0,16929006
PSA2KNW,1029394,2021-08-26 10:48:56.782000-04:00,2021-08-27 10:50:00-04:00,2021-08-26 15:39:57.799000-04:00,2021-08-26 23:20:18.243000-04:00,4,,,,,,Not Assigned,,,,,,,,,,,,,,,,,2.0,2.0,417.313,208.6535,1.0,16927502
