experiment_id,student_id,release_date,due_date,start_time,end_time,assignment_session_count,pretest_problem_count,pretest_correct,pretest_time_on_task,pretest_average_first_response_time,pretest_session_count,assigned_condition,condition_time_on_task,condition_average_first_response_or_request_time,condition_problem_count,condition_total_correct,condition_total_correct_after_wrong_response,condition_total_correct_after_tutoring,condition_total_answers_before_tutoring,condition_total_attempt_count,condition_total_hints_available,condition_total_hints_given,condition_total_scaffold_problems_available,condition_total_scaffold_problems_given,condition_total_explanations_available,condition_total_explanations_given,condition_total_answers_given,condition_session_count,posttest_problem_count,posttest_correct,posttest_time_on_task,posttest_average_first_response_time,posttest_session_count,assistments_reference_assignment_log_id
PSA2KMQ,7741,2020-12-02 09:15:00-05:00,,2020-12-02 11:20:32.344000-05:00,,2,,,,,,Treatment,774.132,30.0998333333333,6.0,5.0,1.0,1.0,6.0,11.0,1.0,0.0,10.0,1.0,0.0,0.0,0.0,2.0,2.0,0.0,213.393,51.264,1.0,10532001
PSA2KMQ,9310,2021-01-14 11:00:00-05:00,2021-01-15 11:00:00-05:00,2021-01-14 14:04:38.905000-05:00,,7,,,,,,Not Assigned,,,,,,,,,,,,,,,,,,,,,,12133220
PSA2KMQ,14651,2021-02-03 19:19:33.256000-05:00,2021-02-05 19:21:00-05:00,2021-02-05 10:13:19.203000-05:00,,2,,,,,,Treatment,128.88,128.877,2.0,1.0,,,1.0,1.0,1.0,0.0,1.0,0.0,0.0,0.0,0.0,1.0,,,,,,13137432
PSA2KMQ,15360,2021-04-06 12:13:12.682000-04:00,2021-04-06 18:00:00-04:00,2021-04-06 12:45:59.537000-04:00,,1,,,,,,Not Assigned,,,,,,,,,,,,,,,,,,,,,,15287701
PSA2KMQ,16041,2021-04-06 12:13:12.682000-04:00,2021-04-06 18:00:00-04:00,2021-04-08 11:38:45.635000-04:00,,4,,,,,,Not Assigned,,,,,,,,,,,,,,,,,,,,,,15358663
PSA2KMQ,16047,2021-04-06 12:13:12.682000-04:00,2021-04-06 18:00:00-04:00,2021-04-06 12:55:32.425000-04:00,,2,,,,,,Not Assigned,,,,,,,,,,,,,,,,,,,,,,15288486
PSA2KMQ,16048,2021-04-06 12:13:12.682000-04:00,2021-04-06 18:00:00-04:00,2021-04-14 13:08:30.896000-04:00,,1,,,,,,Not Assigned,,,,,,,,,,,,,,,,,,,,,,15543739
PSA2KMQ,16056,2021-04-06 12:13:12.682000-04:00,2021-04-06 18:00:00-04:00,2021-04-08 11:29:46.752000-04:00,,1,,,,,,Not Assigned,,,,,,,,,,,,,,,,,,,,,,15357879
PSA2KMQ,16243,2021-04-06 12:13:12.682000-04:00,2021-04-06 18:00:00-04:00,2021-04-08 11:40:14.809000-04:00,,1,,,,,,Not Assigned,,,,,,,,,,,,,,,,,,,,,,15358761
PSA2KMQ,16245,2021-04-06 12:13:12.682000-04:00,2021-04-06 18:00:00-04:00,2021-04-06 12:52:29.280000-04:00,,5,,,,,,Not Assigned,,,,,,,,,,,,,,,,,,,,,,15288217
PSA2KMQ,16345,2021-04-06 12:13:12.682000-04:00,2021-04-06 18:00:00-04:00,2021-04-08 11:58:02.501000-04:00,2021-04-14 12:11:18.046000-04:00,4,,,,,,Not Assigned,,,,,,,,,,,,,,,,,2.0,0.0,322.88,61.61,1.0,15360220
PSA2KMQ,19868,2020-09-23 18:31:15.965000-04:00,2020-09-27 18:33:00-04:00,2020-09-25 11:24:45.596000-04:00,2020-09-25 11:48:01.394000-04:00,3,,,,,,Not Assigned,,,,,,,,,,,,,,,,,2.0,1.0,342.913,156.145,1.0,6417504
PSA2KMQ,20456,2020-09-23 18:31:15.965000-04:00,2020-09-27 18:33:00-04:00,2020-09-27 14:59:36.920000-04:00,2020-09-27 15:29:01.296000-04:00,1,,,,,,Not Assigned,,,,,,,,,,,,,,,,,2.0,1.0,439.455,175.9075,1.0,6484289
PSA2KMQ,20930,2020-09-23 18:31:15.965000-04:00,2020-09-27 18:33:00-04:00,2020-09-23 23:46:56.476000-04:00,2020-09-23 23:55:23.692000-04:00,1,,,,,,Not Assigned,,,,,,,,,,,,,,,,,2.0,1.0,233.89,87.7075,1.0,6256744
PSA2KMQ,20939,2020-09-23 18:31:15.965000-04:00,2020-09-27 18:33:00-04:00,2020-09-30 19:43:22.533000-04:00,2020-09-30 20:00:10.549000-04:00,1,,,,,,Not Assigned,,,,,,,,,,,,,,,,,2.0,2.0,708.88,354.438,1.0,6836696
PSA2KMQ,25343,2020-11-17 10:25:45.658000-05:00,2020-11-18 08:00:00-05:00,2020-11-17 10:29:15.301000-05:00,2020-11-17 15:47:21.544000-05:00,8,,,,,,Treatment,215.614,43.1202,5.0,5.0,,,5.0,5.0,2.0,0.0,7.0,0.0,0.0,0.0,0.0,1.0,2.0,0.0,526.236,124.855,1.0,9877536
PSA2KMQ,25345,2020-11-17 10:25:45.657000-05:00,2020-11-18 08:00:00-05:00,2020-11-17 17:07:03.149000-05:00,2020-11-17 17:14:15.925000-05:00,1,,,,,,Not Assigned,,,,,,,,,,,,,,,,,2.0,2.0,214.392,107.194,1.0,9944309
PSA2KMQ,25346,2020-11-17 10:25:45.652000-05:00,2020-11-18 08:00:00-05:00,2020-11-17 19:54:41.952000-05:00,,1,,,,,,Control,1315.907,32.7562380952381,9.0,13.0,5.0,3.0,21.0,33.0,12.0,3.0,27.0,12.0,0.0,0.0,1.0,1.0,,,,,,9951378
PSA2KMQ,25347,2020-11-17 10:25:45.656000-05:00,2020-11-18 08:00:00-05:00,2020-11-18 09:02:12.050000-05:00,,3,,,,,,Not Assigned,,,,,,,,,,,,,,,,,,,,,,9962309
PSA2KMQ,25352,2020-11-17 10:25:45.658000-05:00,2020-11-18 08:00:00-05:00,2020-11-17 12:40:35.959000-05:00,2020-11-17 12:49:17.969000-05:00,3,,,,,,Not Assigned,,,,,,,,,,,,,,,,,2.0,0.0,162.213,48.0955,1.0,9904171
PSA2KMQ,25510,2020-11-17 10:25:45.657000-05:00,2020-11-18 08:00:00-05:00,2020-11-17 13:25:46.714000-05:00,,2,,,,,,Treatment,667.019,45.2281111111111,9.0,5.0,2.0,2.0,9.0,9.0,1.0,0.0,22.0,12.0,0.0,0.0,0.0,1.0,,,,,,9913157
PSA2KMQ,25511,2020-11-17 10:25:45.656000-05:00,2020-11-18 08:00:00-05:00,2020-11-17 19:06:25.489000-05:00,2020-11-17 19:39:06.110000-05:00,1,,,,,,Treatment,608.836,45.4727272727273,11.0,9.0,2.0,2.0,11.0,11.0,1.0,0.0,25.0,6.0,0.0,0.0,0.0,1.0,2.0,0.0,234.055,79.044,1.0,9949773
PSA2KMQ,25512,2020-11-17 10:25:45.653000-05:00,2020-11-18 08:00:00-05:00,2020-11-18 08:45:19.600000-05:00,2020-11-18 08:54:32.742000-05:00,2,,,,,,Not Assigned,,,,,,,,,,,,,,,,,2.0,1.0,114.567,53.5895,1.0,9960656
PSA2KMQ,25513,2020-11-17 10:25:45.652000-05:00,2020-11-18 08:00:00-05:00,2020-11-17 14:46:44.794000-05:00,2020-11-17 20:20:58.407000-05:00,2,,,,,,Treatment,626.82,48.1204545454545,11.0,9.0,2.0,2.0,11.0,11.0,1.0,0.0,25.0,6.0,0.0,0.0,0.0,1.0,2.0,0.0,55.851,21.671,1.0,9929301
PSA2KMQ,25516,2020-11-17 10:25:45.653000-05:00,2020-11-18 08:00:00-05:00,2020-11-17 20:13:31.335000-05:00,,3,,,,,,Not Assigned,,,,,,,,,,,,,,,,,,,,,,9951994
PSA2KMQ,25517,2020-11-17 10:25:45.654000-05:00,2020-11-18 08:00:00-05:00,2020-11-17 19:51:03.277000-05:00,2020-11-17 20:52:32.190000-05:00,1,,,,,,Control,370.126,92.52925,4.0,4.0,,,4.0,4.0,0.0,0.0,9.0,0.0,0.0,0.0,0.0,1.0,2.0,0.0,17.307,3.552,1.0,9951270
PSA2KMQ,25518,2020-11-17 10:25:45.652000-05:00,2020-11-18 08:00:00-05:00,2020-11-17 18:32:18.196000-05:00,2020-11-17 19:13:51.510000-05:00,1,,,,,,Treatment,991.703,198.3384,5.0,5.0,,,5.0,5.0,1.0,0.0,7.0,0.0,0.0,0.0,0.0,1.0,2.0,1.0,274.064,132.493,1.0,9948462
PSA2KMQ,25519,2020-11-17 10:25:45.653000-05:00,2020-11-18 08:00:00-05:00,2020-11-17 18:10:34.675000-05:00,2020-11-17 18:18:16.934000-05:00,1,,,,,,Not Assigned,,,,,,,,,,,,,,,,,2.0,0.0,258.065,77.3885,1.0,9947566
PSA2KMQ,25520,2020-11-17 10:25:45.653000-05:00,2020-11-18 08:00:00-05:00,2020-11-17 17:16:27.902000-05:00,,6,,,,,,Treatment,29.865,29.859,2.0,1.0,,,1.0,1.0,1.0,0.0,1.0,0.0,0.0,0.0,0.0,2.0,,,,,,9944890
PSA2KMQ,25522,2020-11-17 10:25:45.656000-05:00,2020-11-18 08:00:00-05:00,2020-11-18 10:45:43.250000-05:00,,4,,,,,,Not Assigned,,,,,,,,,,,,,,,,,,,,,,9978480
PSA2KMQ,25523,2020-11-17 10:25:45.652000-05:00,2020-11-18 08:00:00-05:00,2020-11-17 15:01:45.522000-05:00,2020-11-17 15:34:17.178000-05:00,1,,,,,,Not Assigned,,,,,,,,,,,,,,,,,2.0,1.0,1124.429,547.8635,1.0,9931714
PSA2KMQ,25524,2020-11-17 10:25:45.654000-05:00,2020-11-18 08:00:00-05:00,2020-11-17 13:42:28.955000-05:00,,2,,,,,,Not Assigned,,,,,,,,,,,,,,,,,,,,,,9916614
PSA2KMQ,25526,2020-11-17 10:25:45.652000-05:00,2020-11-18 08:00:00-05:00,2020-11-17 14:16:14.983000-05:00,2020-11-17 14:29:33.306000-05:00,1,,,,,,Treatment,385.826,77.1612,5.0,5.0,,,5.0,5.0,1.0,0.0,7.0,0.0,0.0,0.0,0.0,1.0,2.0,0.0,164.16,24.799,1.0,9923800
PSA2KMQ,25803,2020-11-17 10:25:45.653000-05:00,2020-11-18 08:00:00-05:00,2020-11-17 14:30:17.212000-05:00,2020-11-17 14:35:26.291000-05:00,1,,,,,,Control,61.842,15.4595,4.0,4.0,,,4.0,4.0,0.0,0.0,9.0,0.0,0.0,0.0,0.0,1.0,2.0,2.0,65.226,32.611,1.0,9926450
PSA2KMQ,25804,2020-11-17 10:25:45.658000-05:00,2020-11-18 08:00:00-05:00,2020-11-17 21:01:24.666000-05:00,2020-11-18 17:44:07.160000-05:00,2,,,,,,Control,1080.425,29.7669444444444,9.0,11.0,3.0,1.0,18.0,26.0,10.0,5.0,24.0,9.0,0.0,0.0,1.0,1.0,2.0,0.0,279.212,111.473,1.0,9953359
PSA2KMQ,25805,2020-11-17 10:25:45.654000-05:00,2020-11-18 08:00:00-05:00,2020-11-17 13:23:13.515000-05:00,,2,,,,,,Not Assigned,,,,,,,,,,,,,,,,,,,,,,9912674
PSA2KMQ,25806,2020-11-17 10:25:45.654000-05:00,2020-11-18 08:00:00-05:00,2020-11-17 14:15:19.585000-05:00,,1,,,,,,Treatment,648.851,33.9349,11.0,5.0,2.0,2.0,10.0,11.0,2.0,3.0,28.0,15.0,0.0,0.0,1.0,1.0,,,,,,9923587
PSA2KMQ,25807,2020-11-17 10:25:45.657000-05:00,2020-11-18 08:00:00-05:00,2020-11-17 14:16:31.374000-05:00,2020-11-17 14:23:26.834000-05:00,1,,,,,,Not Assigned,,,,,,,,,,,,,,,,,2.0,1.0,115.61,52.5215,1.0,9923852
PSA2KMQ,25809,2020-11-17 10:25:45.652000-05:00,2020-11-18 08:00:00-05:00,2020-11-17 19:56:57.115000-05:00,2020-11-17 20:22:30.648000-05:00,4,,,,,,Not Assigned,,,,,,,,,,,,,,,,,2.0,0.0,157.11,65.327,1.0,9951449
PSA2KMQ,25810,2020-11-17 10:25:45.653000-05:00,2020-11-18 08:00:00-05:00,2020-11-18 14:56:23.192000-05:00,2020-11-18 15:06:24.427000-05:00,1,,,,,,Control,94.935,23.7275,4.0,4.0,,,4.0,4.0,0.0,0.0,9.0,0.0,0.0,0.0,0.0,1.0,2.0,1.0,166.564,32.7215,1.0,10018782
PSA2KMQ,25811,2020-11-17 10:25:45.654000-05:00,2020-11-18 08:00:00-05:00,2020-11-17 14:39:28.135000-05:00,2020-11-17 14:50:03.849000-05:00,1,,,,,,Not Assigned,,,,,,,,,,,,,,,,,2.0,1.0,251.027,83.439,1.0,9928114
PSA2KMQ,25812,2020-11-17 10:25:45.657000-05:00,2020-11-18 08:00:00-05:00,2020-11-17 14:20:31.744000-05:00,2020-11-17 14:38:14.110000-05:00,1,,,,,,Control,323.869,31.3791111111111,6.0,7.0,1.0,0.0,9.0,11.0,3.0,0.0,15.0,3.0,0.0,0.0,0.0,1.0,2.0,2.0,281.409,140.698,1.0,9924677
PSA2KMQ,25814,2020-11-17 10:25:45.654000-05:00,2020-11-18 08:00:00-05:00,2020-11-17 14:07:00.873000-05:00,2020-11-17 14:13:56.042000-05:00,1,,,,,,Not Assigned,,,,,,,,,,,,,,,,,2.0,0.0,144.213,57.653,1.0,9921818
PSA2KMQ,25815,2020-11-17 10:25:45.654000-05:00,2020-11-18 08:00:00-05:00,2020-11-17 14:19:38.189000-05:00,2020-11-17 21:54:20.246000-05:00,4,,,,,,Treatment,345.608,69.1186,5.0,5.0,,,5.0,5.0,2.0,0.0,7.0,0.0,0.0,0.0,0.0,1.0,2.0,1.0,255.652,115.9985,1.0,9924520
PSA2KMQ,25816,2020-11-17 10:25:45.658000-05:00,2020-11-18 08:00:00-05:00,2020-11-17 15:19:19.903000-05:00,,5,,,,,,Not Assigned,,,,,,,,,,,,,,,,,,,,,,9934189
PSA2KMQ,25817,2020-11-17 10:25:45.657000-05:00,2020-11-18 08:00:00-05:00,2020-11-17 12:35:28.602000-05:00,,6,,,,,,Not Assigned,,,,,,,,,,,,,,,,,,,,,,9903218
PSA2KMQ,25818,2020-11-17 10:25:45.657000-05:00,2020-11-18 08:00:00-05:00,2020-11-19 10:29:25.778000-05:00,,1,,,,,,Not Assigned,,,,,,,,,,,,,,,,,,,,,,10058851
PSA2KMQ,25819,2020-11-17 10:25:45.654000-05:00,2020-11-18 08:00:00-05:00,2020-11-17 21:53:34.889000-05:00,,1,,,,,,Not Assigned,,,,,,,,,,,,,,,,,,,,,,9954478
PSA2KMQ,31871,2020-10-14 23:04:47.694000-04:00,2020-10-16 23:06:00-04:00,2020-10-15 13:17:37.919000-04:00,,1,,,,,,Not Assigned,,,,,,,,,,,,,,,,,,,,,,7886797
PSA2KMQ,31873,2020-10-14 23:04:47.694000-04:00,2020-10-16 23:06:00-04:00,2020-10-15 10:22:28.280000-04:00,,2,,,,,,Not Assigned,,,,,,,,,,,,,,,,,,,,,,7852801
PSA2KMQ,31874,2020-10-14 23:04:47.694000-04:00,2020-10-16 23:06:00-04:00,2020-10-15 10:19:00.683000-04:00,,1,,,,,,Not Assigned,,,,,,,,,,,,,,,,,,,,,,7852249
PSA2KMQ,31876,2020-10-14 23:04:47.694000-04:00,2020-10-16 23:06:00-04:00,2020-10-15 10:21:21.344000-04:00,,2,,,,,,Not Assigned,,,,,,,,,,,,,,,,,,,,,,7852640
PSA2KMQ,31886,2020-10-14 23:04:47.694000-04:00,2020-10-16 23:06:00-04:00,2020-10-15 10:24:23.687000-04:00,,1,,,,,,Not Assigned,,,,,,,,,,,,,,,,,,,,,,7853147
PSA2KMQ,31887,2020-10-14 23:04:47.694000-04:00,2020-10-16 23:06:00-04:00,2020-10-15 00:28:16.615000-04:00,,12,,,,,,Not Assigned,,,,,,,,,,,,,,,,,,,,,,7834017
PSA2KMQ,31888,2020-10-14 23:04:47.694000-04:00,2020-10-16 23:06:00-04:00,2020-10-15 10:16:54.911000-04:00,,2,,,,,,Control,698.861,29.9048125,7.0,11.0,3.0,3.0,16.0,20.0,9.0,3.0,21.0,9.0,0.0,0.0,1.0,1.0,,,,,,7851890
PSA2KMQ,31889,2020-10-14 23:04:47.694000-04:00,2020-10-16 23:06:00-04:00,2020-10-15 10:19:36.879000-04:00,,1,,,,,,Not Assigned,,,,,,,,,,,,,,,,,,,,,,7852343
PSA2KMQ,31890,2020-10-14 23:04:47.694000-04:00,2020-10-16 23:06:00-04:00,2020-10-15 10:16:45.361000-04:00,2020-10-15 17:58:18.472000-04:00,2,,,,,,Control,208.931,52.2305,4.0,4.0,,,4.0,4.0,0.0,0.0,9.0,0.0,0.0,0.0,0.0,1.0,2.0,0.0,152.841,57.0745,1.0,7851845
PSA2KMQ,31892,2020-10-14 23:04:47.694000-04:00,2020-10-16 23:06:00-04:00,2020-10-15 10:16:51.674000-04:00,,3,,,,,,Not Assigned,,,,,,,,,,,,,,,,,,,,,,7851874
PSA2KMQ,31893,2020-10-14 23:04:47.694000-04:00,2020-10-16 23:06:00-04:00,2020-10-15 10:17:15.454000-04:00,,1,,,,,,Not Assigned,,,,,,,,,,,,,,,,,,,,,,7851931
PSA2KMQ,31895,2020-10-14 23:04:47.694000-04:00,2020-10-16 23:06:00-04:00,2020-10-15 10:18:24.433000-04:00,,1,,,,,,Not Assigned,,,,,,,,,,,,,,,,,,,,,,7852131
PSA2KMQ,31896,2020-10-14 23:04:47.694000-04:00,2020-10-16 23:06:00-04:00,2020-10-15 10:23:23.490000-04:00,,1,,,,,,Not Assigned,,,,,,,,,,,,,,,,,,,,,,7852980
PSA2KMQ,31898,2020-10-14 23:04:47.694000-04:00,2020-10-16 23:06:00-04:00,2020-10-15 10:23:13.923000-04:00,,2,,,,,,Not Assigned,,,,,,,,,,,,,,,,,1.0,0.0,65.749,36.328,1.0,7852935
PSA2KMQ,31899,2020-10-14 23:04:47.694000-04:00,2020-10-16 23:06:00-04:00,2020-10-15 10:18:48.546000-04:00,,1,,,,,,Not Assigned,,,,,,,,,,,,,,,,,,,,,,7852211
PSA2KMQ,31900,2020-10-14 23:04:47.694000-04:00,2020-10-16 23:06:00-04:00,2020-10-15 10:25:33.511000-04:00,,1,,,,,,Not Assigned,,,,,,,,,,,,,,,,,,,,,,7853360
PSA2KMQ,31901,2020-10-14 23:04:47.694000-04:00,2020-10-16 23:06:00-04:00,2020-10-15 10:20:03.433000-04:00,,1,,,,,,Not Assigned,,,,,,,,,,,,,,,,,,,,,,7852401
PSA2KMQ,31902,2020-10-14 23:04:47.694000-04:00,2020-10-16 23:06:00-04:00,2020-10-15 10:17:10.892000-04:00,,1,,,,,,Not Assigned,,,,,,,,,,,,,,,,,2.0,0.0,90.854,52.768,1.0,7851927
PSA2KMQ,31945,2020-10-14 23:04:47.694000-04:00,2020-10-16 23:06:00-04:00,2020-10-15 10:16:53.813000-04:00,,1,,,,,,Not Assigned,,,,,,,,,,,,,,,,,,,,,,7851876
PSA2KMQ,49570,2020-11-12 16:00:00-05:00,2020-11-13 00:59:00-05:00,2020-11-12 16:34:45.796000-05:00,2020-11-12 23:27:52.232000-05:00,4,,,,,,Not Assigned,,,,,,,,,,,,,,,,,2.0,2.0,3159.106,1579.5455,1.0,9670779
PSA2KMQ,50002,2021-02-19 11:10:00-05:00,2021-02-19 11:55:00-05:00,2021-02-19 11:43:04.376000-05:00,2021-03-05 16:19:15.464000-05:00,3,,,,,,Not Assigned,,,,,,,,,,,,,,,,,2.0,2.0,294.572,147.2755,1.0,13666516
PSA2KMQ,50428,2020-11-12 16:00:00-05:00,2020-11-13 00:59:00-05:00,2020-11-12 16:03:05.325000-05:00,2020-11-12 16:53:02.109000-05:00,2,,,,,,Treatment,721.016,107.284666666667,6.0,5.0,1.0,1.0,6.0,6.0,1.0,0.0,10.0,1.0,0.0,0.0,0.0,1.0,2.0,0.0,392.464,73.452,1.0,9668243
PSA2KMQ,50430,2021-02-19 11:10:00-05:00,2021-02-19 11:55:00-05:00,2021-02-19 16:06:10.018000-05:00,2021-02-19 16:21:09.217000-05:00,1,,,,,,Not Assigned,,,,,,,,,,,,,,,,,2.0,2.0,282.122,141.0385,1.0,13686055
PSA2KMQ,50431,2020-11-12 16:00:00-05:00,2020-11-13 00:59:00-05:00,2020-11-12 16:02:06.748000-05:00,2020-11-12 16:28:03.802000-05:00,1,,,,,,Not Assigned,,,,,,,,,,,,,,,,,2.0,2.0,245.833,122.9125,1.0,9668151
PSA2KMQ,50436,2020-11-12 16:00:00-05:00,2020-11-13 00:59:00-05:00,2020-11-12 16:04:21.551000-05:00,2020-11-12 17:55:07.212000-05:00,7,,,,,,Not Assigned,,,,,,,,,,,,,,,,,2.0,2.0,306.32,153.157,1.0,9668371
PSA2KMQ,50438,2020-11-12 16:00:00-05:00,2020-11-13 00:59:00-05:00,2020-11-12 16:03:10.109000-05:00,,4,,,,,,Not Assigned,,,,,,,,,,,,,,,,,,,,,,9668252
PSA2KMQ,50439,2020-11-12 16:00:00-05:00,2020-11-13 00:59:00-05:00,2020-11-12 16:07:05.760000-05:00,2020-11-12 16:37:18.795000-05:00,1,,,,,,Not Assigned,,,,,,,,,,,,,,,,,2.0,2.0,1176.621,588.2885,1.0,9668616
PSA2KMQ,50441,2021-02-19 11:10:00-05:00,2021-02-19 11:55:00-05:00,2021-02-19 13:16:03.962000-05:00,,1,,,,,,Not Assigned,,,,,,,,,,,,,,,,,,,,,,13674986
PSA2KMQ,50442,2021-02-19 11:10:00-05:00,2021-02-19 11:55:00-05:00,2021-02-19 11:46:57.703000-05:00,,1,,,,,,Not Assigned,,,,,,,,,,,,,,,,,,,,,,13666908
PSA2KMQ,50477,2020-11-12 16:00:00-05:00,2020-11-13 00:59:00-05:00,2020-11-12 16:03:57.497000-05:00,2020-11-12 23:52:07.866000-05:00,3,,,,,,Control,1353.178,44.79425,8.0,11.0,4.0,3.0,20.0,33.0,12.0,4.0,21.0,12.0,0.0,0.0,3.0,1.0,2.0,0.0,693.43,291.234,1.0,9668338
PSA2KMQ,50479,2020-11-12 16:00:00-05:00,2020-11-13 00:59:00-05:00,2020-11-12 16:42:24.613000-05:00,,1,,,,,,Control,100.269,61.727,1.0,0.0,,,1.0,2.0,1.0,0.0,3.0,1.0,0.0,0.0,0.0,1.0,,,,,,9671335
PSA2KMQ,50480,2020-11-12 16:00:00-05:00,2020-11-13 00:59:00-05:00,2020-11-12 16:07:14.886000-05:00,2020-11-12 18:23:50.120000-05:00,1,,,,,,Control,432.899,108.2185,4.0,4.0,,,4.0,4.0,0.0,0.0,9.0,0.0,0.0,0.0,0.0,1.0,2.0,0.0,774.554,343.016,1.0,9668632
PSA2KMQ,50481,2021-02-26 11:05:00-05:00,2021-02-26 11:15:00-05:00,2021-02-26 11:06:25.035000-05:00,,1,,,,,,Not Assigned,,,,,,,,,,,,,,,,,,,,,,13979449
PSA2KMQ,50482,2020-11-12 16:00:00-05:00,2020-11-13 00:59:00-05:00,2020-11-12 16:03:17.124000-05:00,2020-11-12 20:58:19.563000-05:00,2,,,,,,Control,14839.845,801.679944444444,9.0,12.0,5.0,4.0,18.0,25.0,10.0,3.0,24.0,10.0,0.0,0.0,1.0,2.0,2.0,1.0,1049.661,410.372,1.0,9668265
PSA2KMQ,50483,2021-02-26 11:05:00-05:00,2021-02-26 11:15:00-05:00,2021-02-26 11:09:45.100000-05:00,,2,,,,,,Not Assigned,,,,,,,,,,,,,,,,,,,,,,13979806
PSA2KMQ,50492,2020-11-12 16:00:00-05:00,2020-11-13 00:59:00-05:00,2020-11-12 16:32:24.489000-05:00,,2,,,,,,Not Assigned,,,,,,,,,,,,,,,,,,,,,,9670605
PSA2KMQ,50494,2021-02-19 11:10:00-05:00,2021-02-19 11:55:00-05:00,2021-02-19 11:36:56.506000-05:00,2021-02-19 12:28:02.002000-05:00,2,,,,,,Treatment,1385.158,277.0168,5.0,5.0,,,5.0,5.0,1.0,0.0,7.0,0.0,0.0,0.0,0.0,2.0,2.0,2.0,229.27,114.6175,1.0,13665925
PSA2KMQ,50495,2020-11-12 16:00:00-05:00,2020-11-13 00:59:00-05:00,2020-11-12 16:11:45.959000-05:00,,5,,,,,,Treatment,8870.955,217.855444444444,9.0,1.0,0.0,0.0,8.0,33.0,2.0,2.0,22.0,10.0,0.0,0.0,0.0,6.0,,,,,,9669018
PSA2KMQ,50500,2020-11-12 16:00:00-05:00,2020-11-13 00:59:00-05:00,2020-11-12 23:45:01.374000-05:00,2021-01-28 22:03:48.136000-05:00,3,,,,,,Not Assigned,,,,,,,,,,,,,,,,,2.0,1.0,684.783,335.224,1.0,9684347
PSA2KMQ,55207,2021-02-19 11:10:00-05:00,2021-02-19 11:55:00-05:00,2021-02-19 11:21:52.720000-05:00,2021-02-19 11:38:08.857000-05:00,1,,,,,,Not Assigned,,,,,,,,,,,,,,,,,2.0,2.0,243.037,121.5115,1.0,13664461
PSA2KMQ,60090,2020-11-17 10:25:45.656000-05:00,2020-11-18 08:00:00-05:00,2020-11-17 14:34:31.958000-05:00,,11,,,,,,Treatment,1514.291,107.863142857143,9.0,4.0,1.0,1.0,7.0,8.0,2.0,0.0,22.0,12.0,0.0,0.0,0.0,5.0,,,,,,9927228
PSA2KMQ,65355,2020-09-23 18:31:15.965000-04:00,2020-09-27 18:33:00-04:00,2020-09-23 18:37:17.996000-04:00,2020-09-25 16:34:23.283000-04:00,5,,,,,,Not Assigned,,,,,,,,,,,,,,,,,2.0,0.0,274.76,63.9815,1.0,6245849
PSA2KMQ,71938,2021-03-10 12:20:10.458000-05:00,,2021-03-10 12:21:40.305000-05:00,2021-03-10 12:35:36.897000-05:00,1,,,,,,Not Assigned,,,,,,,,,,,,,,,,,2.0,0.0,128.575,32.225,1.0,14485997
PSA2KMQ,71939,2021-03-10 12:20:10.458000-05:00,,2021-03-10 12:20:48.450000-05:00,,1,,,,,,Not Assigned,,,,,,,,,,,,,,,,,,,,,,14485900
PSA2KMQ,71941,2021-03-10 12:20:10.458000-05:00,,2021-03-10 12:22:50.071000-05:00,,2,,,,,,Control,404.374,98.9995,3.0,2.0,0.0,0.0,4.0,4.0,1.0,0.0,9.0,1.0,0.0,0.0,0.0,1.0,,,,,,14486126
PSA2KMQ,71942,2021-03-10 12:20:10.458000-05:00,,2021-03-10 12:21:38.618000-05:00,2021-03-10 12:45:44.975000-05:00,1,,,,,,Not Assigned,,,,,,,,,,,,,,,,,2.0,2.0,565.141,282.563,1.0,14485995
PSA2KMQ,71943,2021-03-10 12:20:10.458000-05:00,,2021-03-10 12:21:19.359000-05:00,2021-03-10 12:34:49.203000-05:00,1,,,,,,Not Assigned,,,,,,,,,,,,,,,,,2.0,2.0,218.137,109.064,1.0,14485966
PSA2KMQ,71944,2021-03-10 12:20:10.458000-05:00,,2021-03-10 12:20:18.679000-05:00,2021-03-10 12:34:51.608000-05:00,1,,,,,,Not Assigned,,,,,,,,,,,,,,,,,2.0,0.0,515.913,180.299,1.0,14485843
PSA2KMQ,71945,2021-03-10 12:20:10.458000-05:00,,2021-03-10 12:20:43.904000-05:00,2021-03-10 12:35:56.706000-05:00,1,,,,,,Not Assigned,,,,,,,,,,,,,,,,,2.0,0.0,274.943,63.891,1.0,14485892
PSA2KMQ,71946,2021-03-10 12:20:10.458000-05:00,,2021-03-10 12:22:48.616000-05:00,,2,,,,,,Not Assigned,,,,,,,,,,,,,,,,,,,,,,14486122
PSA2KMQ,71947,2021-03-10 12:20:10.458000-05:00,,2021-03-10 12:22:37.329000-05:00,,2,,,,,,Treatment,6.789,6.771,2.0,1.0,,,1.0,1.0,1.0,0.0,1.0,0.0,0.0,0.0,0.0,2.0,,,,,,14486098
PSA2KMQ,71949,2021-03-10 12:20:10.458000-05:00,,2021-03-10 12:21:17.648000-05:00,2021-03-10 12:34:37.350000-05:00,1,,,,,,Not Assigned,,,,,,,,,,,,,,,,,2.0,2.0,293.574,146.783,1.0,14485959
PSA2KMQ,71950,2021-03-10 12:20:10.458000-05:00,,2021-03-10 12:21:02.934000-05:00,2021-03-10 12:35:26.225000-05:00,1,,,,,,Control,298.546,51.2658,5.0,5.0,1.0,1.0,5.0,7.0,1.0,0.0,12.0,1.0,0.0,0.0,0.0,1.0,2.0,1.0,174.876,69.6145,1.0,14485933
PSA2KMQ,71951,2021-03-10 12:20:10.458000-05:00,,2021-03-10 12:20:29.794000-05:00,2021-03-10 12:36:49.773000-05:00,1,,,,,,Not Assigned,,,,,,,,,,,,,,,,,2.0,2.0,236.607,118.2975,1.0,14485862
PSA2KMQ,71952,2021-03-10 12:20:10.458000-05:00,,2021-03-10 12:20:13.485000-05:00,2021-03-10 12:47:21.820000-05:00,1,,,,,,Treatment,678.298,78.508,8.0,7.0,1.0,1.0,8.0,9.0,1.0,0.0,16.0,3.0,0.0,0.0,0.0,1.0,2.0,2.0,192.672,96.3315,1.0,14485838
PSA2KMQ,71953,2021-03-10 12:20:10.458000-05:00,,2021-03-10 12:23:40.626000-05:00,,2,,,,,,Treatment,27708.303,762.1192,10.0,5.0,3.0,3.0,10.0,10.0,1.0,0.0,25.0,13.0,0.0,0.0,0.0,3.0,,,,,,14486206
PSA2KMQ,71954,2021-03-10 12:20:10.458000-05:00,,2021-03-10 12:21:29.447000-05:00,2021-03-10 12:40:51.317000-05:00,1,,,,,,Not Assigned,,,,,,,,,,,,,,,,,2.0,2.0,699.26,349.623,1.0,14485981
PSA2KMQ,71955,2021-03-10 12:20:10.458000-05:00,,2021-03-10 12:27:32.297000-05:00,,1,,,,,,Not Assigned,,,,,,,,,,,,,,,,,,,,,,14486595
PSA2KMQ,71956,2021-03-10 12:20:10.458000-05:00,,2021-03-10 12:22:43.478000-05:00,,1,,,,,,Not Assigned,,,,,,,,,,,,,,,,,,,,,,14486110
PSA2KMQ,71957,2021-03-10 12:20:10.458000-05:00,,2021-03-10 12:28:36.422000-05:00,2021-03-10 12:53:23.657000-05:00,3,,,,,,Treatment,239.364,26.8695714285714,7.0,6.0,1.0,1.0,7.0,7.0,1.0,0.0,13.0,3.0,0.0,0.0,0.0,3.0,2.0,1.0,105.543,42.7715,1.0,14486700
PSA2KMQ,71958,2021-03-10 12:20:10.458000-05:00,,2021-03-10 12:20:42.272000-05:00,2021-03-10 12:34:49.728000-05:00,1,,,,,,Not Assigned,,,,,,,,,,,,,,,,,2.0,0.0,415.644,158.2055,1.0,14485890
PSA2KMQ,71961,2021-03-10 12:20:10.458000-05:00,,2021-03-10 12:23:27.401000-05:00,,2,,,,,,Not Assigned,,,,,,,,,,,,,,,,,,,,,,14486188
PSA2KMQ,71964,2021-03-10 12:20:10.458000-05:00,,2021-03-10 12:22:30.288000-05:00,,1,,,,,,Not Assigned,,,,,,,,,,,,,,,,,,,,,,14486088
PSA2KMQ,80480,2021-02-19 11:10:00-05:00,2021-02-19 11:55:00-05:00,2021-02-19 11:47:26.710000-05:00,,1,,,,,,Not Assigned,,,,,,,,,,,,,,,,,,,,,,13666968
PSA2KMQ,82951,2020-12-02 09:15:00-05:00,,2020-12-02 15:40:41.019000-05:00,,1,,,,,,Not Assigned,,,,,,,,,,,,,,,,,,,,,,10572222
PSA2KMQ,82954,2020-12-02 09:15:00-05:00,,2020-12-22 22:54:13.276000-05:00,,3,,,,,,Not Assigned,,,,,,,,,,,,,,,,,,,,,,11499222
PSA2KMQ,82958,2020-12-02 09:15:00-05:00,,2020-12-02 10:34:11.914000-05:00,,1,,,,,,Not Assigned,,,,,,,,,,,,,,,,,,,,,,10522960
PSA2KMQ,82960,2020-12-02 09:15:00-05:00,,2020-12-02 14:23:36.859000-05:00,,1,,,,,,Not Assigned,,,,,,,,,,,,,,,,,,,,,,10563034
PSA2KMQ,82961,2020-12-02 09:15:00-05:00,,2020-12-02 10:34:39.536000-05:00,,1,,,,,,Not Assigned,,,,,,,,,,,,,,,,,,,,,,10523046
PSA2KMQ,82962,2020-12-02 09:15:00-05:00,,2020-12-02 12:09:32.528000-05:00,,1,,,,,,Not Assigned,,,,,,,,,,,,,,,,,,,,,,10541032
PSA2KMQ,82968,2020-12-02 09:15:00-05:00,,2020-12-02 12:09:55.054000-05:00,,2,,,,,,Treatment,424.588,45.41,4.0,1.0,0.0,0.0,3.0,8.0,1.0,0.0,7.0,4.0,0.0,0.0,0.0,1.0,,,,,,10541087
PSA2KMQ,83227,2020-12-02 09:15:00-05:00,,2020-12-02 09:52:48.691000-05:00,,2,,,,,,Not Assigned,,,,,,,,,,,,,,,,,,,,,,10515561
PSA2KMQ,83238,2020-12-02 09:15:00-05:00,,2020-12-02 10:02:20.447000-05:00,,1,,,,,,Not Assigned,,,,,,,,,,,,,,,,,,,,,,10517301
PSA2KMQ,83241,2020-12-02 09:15:00-05:00,,2020-12-02 11:30:57.390000-05:00,,2,,,,,,Not Assigned,,,,,,,,,,,,,,,,,,,,,,10534035
PSA2KMQ,83243,2020-12-02 09:15:00-05:00,,2020-12-02 10:32:54.681000-05:00,2020-12-02 12:06:56.849000-05:00,1,,,,,,Not Assigned,,,,,,,,,,,,,,,,,2.0,0.0,4798.68,2368.908,1.0,10522706
PSA2KMQ,83441,2021-04-14 08:00:00-04:00,2021-04-14 15:00:00-04:00,2021-04-14 10:34:36.240000-04:00,,1,,,,,,Not Assigned,,,,,,,,,,,,,,,,,,,,,,15529677
PSA2KMQ,83442,2021-04-14 08:00:00-04:00,2021-04-14 15:00:00-04:00,2021-04-14 08:54:04.587000-04:00,2021-04-14 09:16:56.073000-04:00,1,,,,,,Control,92.788,23.19575,4.0,4.0,,,4.0,4.0,0.0,0.0,9.0,0.0,0.0,0.0,0.0,1.0,2.0,2.0,95.387,47.6925,1.0,15522649
PSA2KMQ,83443,2021-06-02 08:00:00-04:00,2021-06-02 15:00:00-04:00,2021-06-02 09:42:59.545000-04:00,,1,,,,,,Not Assigned,,,,,,,,,,,,,,,,,,,,,,16680666
PSA2KMQ,83445,2021-04-14 08:00:00-04:00,2021-04-14 15:00:00-04:00,2021-04-14 10:37:44.590000-04:00,2021-04-14 10:59:58.536000-04:00,2,,,,,,Treatment,305.057,61.0092,5.0,5.0,,,5.0,5.0,2.0,0.0,7.0,0.0,0.0,0.0,0.0,1.0,2.0,2.0,167.405,83.7005,1.0,15529910
PSA2KMQ,83449,2021-04-14 08:00:00-04:00,2021-04-14 15:00:00-04:00,2021-04-14 15:00:51.598000-04:00,2021-04-14 15:35:33.126000-04:00,1,,,,,,Control,668.624,35.1984615384615,9.0,11.0,3.0,2.0,13.0,19.0,7.0,0.0,24.0,6.0,0.0,0.0,0.0,1.0,2.0,0.0,248.954,54.517,1.0,15553198
PSA2KMQ,83455,2021-04-14 08:00:00-04:00,2021-04-14 15:00:00-04:00,2021-04-14 15:08:15.248000-04:00,,1,,,,,,Not Assigned,,,,,,,,,,,,,,,,,,,,,,15553614
PSA2KMQ,83457,2021-06-02 08:00:00-04:00,2021-06-02 15:00:00-04:00,2021-06-02 09:14:56.231000-04:00,,6,,,,,,Not Assigned,,,,,,,,,,,,,,,,,,,,,,16680083
PSA2KMQ,83485,2021-04-14 08:00:00-04:00,2021-04-14 15:00:00-04:00,2021-04-14 13:15:31.992000-04:00,,1,,,,,,Not Assigned,,,,,,,,,,,,,,,,,,,,,,15544332
PSA2KMQ,85105,2020-12-02 09:15:00-05:00,,2020-12-03 16:03:05.611000-05:00,,2,,,,,,Not Assigned,,,,,,,,,,,,,,,,,,,,,,10668319
PSA2KMQ,85188,2020-11-17 10:25:45.656000-05:00,2020-11-18 08:00:00-05:00,2020-11-17 17:06:24.047000-05:00,,3,,,,,,Treatment,1702.493,156.536333333333,9.0,4.0,2.0,2.0,9.0,17.0,2.0,3.0,22.0,10.0,0.0,0.0,0.0,1.0,,,,,,9944255
PSA2KMQ,97934,2021-03-22 00:18:00-04:00,2021-04-07 14:30:00-04:00,2021-03-22 12:30:28.520000-04:00,,3,,,,,,Not Assigned,,,,,,,,,,,,,,,,,,,,,,14890991
PSA2KMQ,106991,2020-11-17 10:25:45.657000-05:00,2020-11-18 08:00:00-05:00,2020-11-17 14:29:08.572000-05:00,2020-11-17 14:55:56.231000-05:00,3,,,,,,Control,147.194,36.7955,4.0,4.0,,,4.0,4.0,0.0,0.0,9.0,0.0,0.0,0.0,0.0,2.0,2.0,0.0,268.053,91.6705,1.0,9926255
PSA2KMQ,112272,2021-04-14 08:00:00-04:00,2021-04-14 15:00:00-04:00,2021-04-14 08:33:09.603000-04:00,,1,,,,,,Not Assigned,,,,,,,,,,,,,,,,,,,,,,15521739
PSA2KMQ,112317,2021-04-14 08:00:00-04:00,2021-04-14 15:00:00-04:00,2021-04-14 09:55:59.238000-04:00,,1,,,,,,Not Assigned,,,,,,,,,,,,,,,,,,,,,,15526477
PSA2KMQ,112318,2021-06-02 08:00:00-04:00,2021-06-02 15:00:00-04:00,2021-06-02 13:31:29.049000-04:00,,2,,,,,,Not Assigned,,,,,,,,,,,,,,,,,,,,,,16686843
PSA2KMQ,112321,2021-04-14 08:00:00-04:00,2021-04-14 15:00:00-04:00,2021-04-14 10:59:05.191000-04:00,,1,,,,,,Not Assigned,,,,,,,,,,,,,,,,,,,,,,15531739
PSA2KMQ,112331,2021-06-02 08:00:00-04:00,2021-06-02 15:00:00-04:00,2021-06-02 13:30:25.784000-04:00,,2,,,,,,Not Assigned,,,,,,,,,,,,,,,,,,,,,,16686819
PSA2KMQ,113785,2021-04-26 08:00:00-04:00,2021-04-26 15:00:00-04:00,2021-04-26 11:10:12.944000-04:00,2021-04-26 11:14:41.807000-04:00,1,,,,,,Not Assigned,,,,,,,,,,,,,,,,,2.0,2.0,79.32,39.6575,1.0,15870888
PSA2KMQ,113788,2021-04-26 08:00:00-04:00,2021-04-26 15:00:00-04:00,2021-04-26 11:08:12.190000-04:00,2021-04-26 11:22:18.203000-04:00,1,,,,,,Not Assigned,,,,,,,,,,,,,,,,,2.0,1.0,238.496,107.7535,1.0,15870710
PSA2KMQ,113789,2021-04-26 08:00:00-04:00,2021-04-26 15:00:00-04:00,2021-04-26 09:50:51.408000-04:00,2021-04-26 10:01:57.096000-04:00,1,,,,,,Not Assigned,,,,,,,,,,,,,,,,,2.0,1.0,332.357,88.4665,1.0,15864563
PSA2KMQ,113790,2021-04-26 08:00:00-04:00,2021-04-26 15:00:00-04:00,2021-04-26 11:09:47.361000-04:00,2021-04-26 11:49:21.989000-04:00,1,,,,,,Control,925.951,33.9851666666667,9.0,12.0,3.0,1.0,16.0,20.0,9.0,1.0,24.0,9.0,0.0,0.0,2.0,1.0,2.0,0.0,149.451,43.7045,1.0,15870853
PSA2KMQ,113794,2021-04-26 08:00:00-04:00,2021-04-26 15:00:00-04:00,2021-04-26 11:11:10.026000-04:00,2021-04-26 11:14:47.230000-04:00,1,,,,,,Not Assigned,,,,,,,,,,,,,,,,,2.0,1.0,105.595,34.723,1.0,15870960
PSA2KMQ,113795,2021-04-26 08:00:00-04:00,2021-04-26 15:00:00-04:00,2021-04-26 11:17:51.623000-04:00,2021-04-26 11:23:54.990000-04:00,1,,,,,,Not Assigned,,,,,,,,,,,,,,,,,2.0,1.0,172.949,49.579,1.0,15871433
PSA2KMQ,113796,2021-04-26 08:00:00-04:00,2021-04-26 15:00:00-04:00,2021-04-26 14:56:30.765000-04:00,,2,,,,,,Control,153139.728,2566.33216666667,12.0,18.0,6.0,4.0,27.0,37.0,19.0,4.0,36.0,19.0,0.0,0.0,2.0,3.0,,,,,,15891076
PSA2KMQ,113797,2021-04-26 08:00:00-04:00,2021-04-26 15:00:00-04:00,2021-04-26 11:23:45.300000-04:00,2021-04-26 11:49:36.992000-04:00,1,,,,,,Treatment,630.058,43.159,6.0,5.0,1.0,1.0,6.0,6.0,1.0,0.0,10.0,1.0,0.0,0.0,0.0,1.0,2.0,1.0,190.518,79.684,1.0,15871938
PSA2KMQ,113798,2021-04-26 08:00:00-04:00,2021-04-26 15:00:00-04:00,2021-04-26 11:22:48.563000-04:00,2021-04-26 11:30:41.822000-04:00,1,,,,,,Not Assigned,,,,,,,,,,,,,,,,,2.0,2.0,225.364,112.6795,1.0,15871848
PSA2KMQ,113801,2021-04-26 08:00:00-04:00,2021-04-26 15:00:00-04:00,2021-04-26 11:22:09.118000-04:00,2021-04-26 11:49:18.355000-04:00,1,,,,,,Control,390.334,54.931,6.0,6.0,1.0,1.0,6.0,7.0,1.0,0.0,15.0,1.0,0.0,0.0,0.0,1.0,2.0,0.0,712.56,184.519,1.0,15871790
PSA2KMQ,113802,2021-04-26 08:00:00-04:00,2021-04-26 15:00:00-04:00,2021-04-26 11:20:24.886000-04:00,2021-04-26 12:02:54.194000-04:00,2,,,,,,Treatment,504.257,100.849,5.0,5.0,,,5.0,5.0,1.0,0.0,7.0,0.0,0.0,0.0,0.0,1.0,2.0,1.0,1558.379,30.194,2.0,15871640
PSA2KMQ,113806,2021-04-26 08:00:00-04:00,2021-04-26 15:00:00-04:00,2021-04-26 09:14:07.932000-04:00,2021-04-26 09:58:50.810000-04:00,1,,,,,,Not Assigned,,,,,,,,,,,,,,,,,2.0,2.0,942.663,471.328,1.0,15862185
PSA2KMQ,113809,2021-04-26 08:00:00-04:00,2021-04-26 15:00:00-04:00,2021-04-27 09:26:47.331000-04:00,2021-04-27 09:33:26.444000-04:00,1,,,,,,Not Assigned,,,,,,,,,,,,,,,,,2.0,2.0,161.572,80.785,1.0,15907891
PSA2KMQ,113812,2021-04-26 08:00:00-04:00,2021-04-26 15:00:00-04:00,2021-04-26 12:37:23.941000-04:00,,3,,,,,,Not Assigned,,,,,,,,,,,,,,,,,,,,,,15878393
PSA2KMQ,113813,2021-04-26 08:00:00-04:00,2021-04-26 15:00:00-04:00,2021-04-26 11:18:38.343000-04:00,2021-04-26 11:35:35.533000-04:00,1,,,,,,Treatment,310.715,48.5133333333333,6.0,5.0,1.0,1.0,6.0,7.0,1.0,0.0,10.0,1.0,0.0,0.0,0.0,1.0,2.0,0.0,218.299,57.7615,1.0,15871491
PSA2KMQ,118434,2021-04-26 08:00:00-04:00,2021-04-26 15:00:00-04:00,2021-04-26 11:12:36.024000-04:00,,1,,,,,,Not Assigned,,,,,,,,,,,,,,,,,2.0,1.0,202.125,202.121,1.0,15871057
PSA2KMQ,118540,2021-04-14 08:00:00-04:00,2021-04-14 15:00:00-04:00,2021-04-16 18:06:28.843000-04:00,2021-04-16 21:07:21.014000-04:00,3,,,,,,Control,846.927,211.727,4.0,4.0,,,4.0,4.0,0.0,0.0,9.0,0.0,0.0,0.0,0.0,1.0,2.0,1.0,504.639,177.2185,1.0,15642139
PSA2KMQ,119957,2021-04-14 08:00:00-04:00,2021-04-14 15:00:00-04:00,2021-04-14 11:24:07.041000-04:00,,1,,,,,,Not Assigned,,,,,,,,,,,,,,,,,,,,,,15533725
PSA2KMQ,147971,2021-04-26 08:00:00-04:00,2021-04-26 15:00:00-04:00,2021-04-26 11:25:58.508000-04:00,2021-04-26 11:33:13.309000-04:00,1,,,,,,Not Assigned,,,,,,,,,,,,,,,,,2.0,0.0,287.486,65.0065,1.0,15872118
PSA2KMQ,155126,2021-03-22 00:18:00-04:00,2021-04-07 14:30:00-04:00,2021-03-30 11:44:09.695000-04:00,2021-03-30 22:48:45.735000-04:00,5,,,,,,Not Assigned,,,,,,,,,,,,,,,,,2.0,0.0,747.725,132.85,1.0,15148963
PSA2KMQ,156260,2020-12-02 09:15:00-05:00,,2020-12-03 09:29:45.313000-05:00,2020-12-03 13:43:28.635000-05:00,4,,,,,,Not Assigned,,,,,,,,,,,,,,,,,2.0,2.0,646.207,323.0765,1.0,10599339
PSA2KMQ,156537,2020-12-02 09:15:00-05:00,,2020-12-02 09:51:53.904000-05:00,,2,,,,,,Not Assigned,,,,,,,,,,,,,,,,,,,,,,10515374
PSA2KMQ,156784,2020-12-02 09:15:00-05:00,,2020-12-02 11:20:45.421000-05:00,,2,,,,,,Not Assigned,,,,,,,,,,,,,,,,,,,,,,10532056
PSA2KMQ,174296,2020-11-17 10:00:00-05:00,2020-11-18 17:35:00-05:00,2020-11-17 13:15:31.675000-05:00,2020-11-17 18:04:21.196000-05:00,5,,,,,,Control,586.121,25.6070909090909,7.0,6.0,2.0,1.0,10.0,15.0,6.0,2.0,18.0,5.0,0.0,0.0,0.0,2.0,2.0,1.0,170.545,66.094,1.0,9911185
PSA2KMQ,174358,2020-11-17 10:00:00-05:00,2020-11-18 17:35:00-05:00,2020-11-17 17:51:49.212000-05:00,2020-11-18 14:01:52.194000-05:00,5,,,,,,Treatment,9638.025,671.742,14.0,8.0,2.0,2.0,14.0,14.0,1.0,0.0,34.0,18.0,0.0,0.0,0.0,2.0,2.0,1.0,672.337,153.297,1.0,9946738
PSA2KMQ,180706,2020-05-08 08:00:00-04:00,2020-05-08 20:00:00-04:00,2020-05-15 10:03:47.067000-04:00,,1,,,,,,Not Assigned,,,,,,,,,,,,,,,,,,,,,,3318262
PSA2KMQ,181274,2021-03-22 00:18:00-04:00,2021-04-07 14:30:00-04:00,2021-03-23 12:26:09.571000-04:00,,2,,,,,,Not Assigned,,,,,,,,,,,,,,,,,,,,,,14940779
PSA2KMQ,181536,2020-11-17 10:00:00-05:00,2020-11-18 17:35:00-05:00,2020-11-17 11:34:17.529000-05:00,2020-11-17 13:50:24.126000-05:00,4,,,,,,Control,249.619,62.401,4.0,4.0,,,4.0,4.0,0.0,0.0,9.0,0.0,0.0,0.0,0.0,2.0,2.0,2.0,448.672,224.3325,1.0,9890787
PSA2KMQ,185250,2020-11-17 10:00:00-05:00,2020-11-18 17:35:00-05:00,2020-11-17 12:52:34.849000-05:00,2020-11-17 13:00:41.237000-05:00,1,,,,,,Not Assigned,,,,,,,,,,,,,,,,,2.0,0.0,275.507,55.1295,1.0,9906418
PSA2KMQ,185972,2020-11-17 10:00:00-05:00,2020-11-18 17:35:00-05:00,2020-11-20 12:47:16.263000-05:00,,1,,,,,,Not Assigned,,,,,,,,,,,,,,,,,,,,,,10163571
PSA2KMQ,186399,2020-11-17 10:00:00-05:00,2020-11-18 17:35:00-05:00,2020-12-05 17:00:52.816000-05:00,2020-12-05 17:12:50.961000-05:00,1,,,,,,Treatment,191.293,21.610375,8.0,7.0,1.0,,8.0,9.0,2.0,0.0,16.0,0.0,0.0,0.0,0.0,1.0,2.0,0.0,195.113,28.549,1.0,10753256
PSA2KMQ,187653,2020-11-17 10:00:00-05:00,2020-11-18 17:35:00-05:00,2020-11-17 10:10:12.708000-05:00,,4,,,,,,Not Assigned,,,,,,,,,,,,,,,,,,,,,,9874154
PSA2KMQ,187687,2020-11-17 10:00:00-05:00,2020-11-18 17:35:00-05:00,2020-11-17 10:03:29.027000-05:00,2020-11-17 11:19:52.923000-05:00,3,,,,,,Control,159.216,39.80075,4.0,4.0,,,4.0,4.0,0.0,0.0,9.0,0.0,0.0,0.0,0.0,1.0,2.0,0.0,168.006,68.8105,1.0,9872968
PSA2KMQ,187833,2020-12-02 09:15:00-05:00,,2020-12-02 10:36:55.602000-05:00,2020-12-03 12:52:31.354000-05:00,2,,,,,,Control,126.813,31.69575,4.0,4.0,,,4.0,4.0,0.0,0.0,9.0,0.0,0.0,0.0,0.0,1.0,2.0,0.0,25.282,4.342,1.0,10523446
PSA2KMQ,187946,2020-11-17 10:00:00-05:00,2020-11-18 17:35:00-05:00,2020-11-29 19:29:25.529000-05:00,,1,,,,,,Not Assigned,,,,,,,,,,,,,,,,,,,,,,10310896
PSA2KMQ,188011,2020-11-17 10:00:00-05:00,2020-11-18 17:35:00-05:00,2020-11-17 11:37:08.867000-05:00,2020-11-17 11:46:32.344000-05:00,2,,,,,,Not Assigned,,,,,,,,,,,,,,,,,2.0,1.0,128.27,54.82,1.0,9891305
PSA2KMQ,188276,2020-11-17 10:00:00-05:00,2020-11-18 17:35:00-05:00,2020-11-17 10:06:16.885000-05:00,,3,,,,,,Not Assigned,,,,,,,,,,,,,,,,,,,,,,9873473
PSA2KMQ,188723,2020-11-17 10:00:00-05:00,2020-11-18 17:35:00-05:00,2020-11-17 18:49:39.408000-05:00,2020-11-17 21:21:00.275000-05:00,7,,,,,,Control,1404.365,83.5207,7.0,7.0,1.0,0.0,9.0,12.0,3.0,1.0,18.0,3.0,0.0,0.0,1.0,3.0,2.0,0.0,4871.225,2353.8845,2.0,9949127
PSA2KMQ,189323,2020-11-17 10:00:00-05:00,2020-11-18 17:35:00-05:00,2020-11-17 13:12:17.354000-05:00,2020-11-17 13:23:58.456000-05:00,1,,,,,,Not Assigned,,,,,,,,,,,,,,,,,2.0,0.0,112.478,47.1695,1.0,9910491
PSA2KMQ,189325,2020-11-17 10:00:00-05:00,2020-11-18 17:35:00-05:00,2020-11-17 11:24:32.702000-05:00,,7,,,,,,Not Assigned,,,,,,,,,,,,,,,,,,,,,,9888647
PSA2KMQ,189722,2020-11-17 10:00:00-05:00,2020-11-18 17:35:00-05:00,2020-11-17 18:35:01.361000-05:00,2020-11-17 19:50:12.466000-05:00,3,,,,,,Control,207.502,51.87375,4.0,4.0,,,4.0,4.0,0.0,0.0,9.0,0.0,0.0,0.0,0.0,1.0,2.0,0.0,480.552,153.346,1.0,9948568
PSA2KMQ,193147,2020-12-02 09:15:00-05:00,,2020-12-02 09:52:23.940000-05:00,,2,,,,,,Not Assigned,,,,,,,,,,,,,,,,,,,,,,10515481
PSA2KMQ,193244,2020-12-02 09:15:00-05:00,,2020-12-02 10:34:24.288000-05:00,,1,,,,,,Not Assigned,,,,,,,,,,,,,,,,,,,,,,10522998
PSA2KMQ,196267,2020-12-02 09:15:00-05:00,,2020-12-03 11:54:08.894000-05:00,,1,,,,,,Not Assigned,,,,,,,,,,,,,,,,,,,,,,10626602
PSA2KMQ,196412,2020-12-02 09:15:00-05:00,,2020-12-02 10:50:22.088000-05:00,,1,,,,,,Control,134.379,47.7905,2.0,1.0,1.0,1.0,2.0,4.0,2.0,0.0,6.0,2.0,0.0,0.0,0.0,1.0,,,,,,10525997
PSA2KMQ,199248,2021-01-14 11:00:00-05:00,2021-01-15 11:00:00-05:00,2021-01-14 12:36:06.700000-05:00,,4,,,,,,Not Assigned,,,,,,,,,,,,,,,,,,,,,,12119983
PSA2KMQ,200301,2020-11-17 10:00:00-05:00,2020-11-18 17:35:00-05:00,2020-11-17 18:30:54.083000-05:00,2020-11-17 18:57:58.749000-05:00,1,,,,,,Not Assigned,,,,,,,,,,,,,,,,,2.0,2.0,169.011,84.503,1.0,9948399
PSA2KMQ,203157,2020-11-17 10:00:00-05:00,2020-11-18 17:35:00-05:00,2020-11-17 20:46:32.551000-05:00,2020-11-17 21:50:02.851000-05:00,3,,,,,,Not Assigned,,,,,,,,,,,,,,,,,2.0,2.0,837.427,418.71,1.0,9952938
PSA2KMQ,204893,2021-01-14 11:00:00-05:00,2021-01-15 11:00:00-05:00,2021-01-20 16:17:16.222000-05:00,,3,,,,,,Not Assigned,,,,,,,,,,,,,,,,,,,,,,12354303
PSA2KMQ,205263,2021-03-02 07:54:00-05:00,2021-03-02 07:56:00-05:00,2021-03-03 15:10:19.713000-05:00,,1,,,,,,Not Assigned,,,,,,,,,,,,,,,,,,,,,,14201355
PSA2KMQ,205297,2021-01-14 11:00:00-05:00,2021-01-15 11:00:00-05:00,2021-01-14 14:43:01.138000-05:00,,2,,,,,,Not Assigned,,,,,,,,,,,,,,,,,,,,,,12138901
PSA2KMQ,206916,2021-01-14 11:00:00-05:00,2021-01-15 11:00:00-05:00,2021-01-14 14:57:10.915000-05:00,,7,,,,,,Control,309414.584,26.3826086956522,8.0,13.0,5.0,2.0,23.0,42.0,15.0,3.0,24.0,15.0,0.0,0.0,0.0,4.0,,,,,,12140708
PSA2KMQ,211434,2021-01-14 11:00:00-05:00,2021-01-15 11:00:00-05:00,2021-01-14 14:47:32.176000-05:00,2021-01-14 15:53:15.438000-05:00,1,,,,,,Control,1592.529,398.11875,4.0,4.0,,,4.0,4.0,0.0,0.0,9.0,0.0,0.0,0.0,0.0,1.0,2.0,0.0,1001.102,448.1075,1.0,12139499
PSA2KMQ,214419,2020-09-23 18:31:15.965000-04:00,2020-09-27 18:33:00-04:00,2020-09-25 03:44:38.913000-04:00,2020-09-25 03:58:31.721000-04:00,1,,,,,,Not Assigned,,,,,,,,,,,,,,,,,2.0,2.0,211.478,105.7375,1.0,6385646
PSA2KMQ,214473,2021-01-14 11:00:00-05:00,2021-01-15 11:00:00-05:00,2021-01-14 14:48:44.772000-05:00,,2,,,,,,Control,1296.477,322.0405,3.0,2.0,0.0,0.0,3.0,3.0,2.0,0.0,9.0,1.0,0.0,0.0,0.0,1.0,,,,,,12139666
PSA2KMQ,214803,2021-01-14 11:00:00-05:00,2021-01-15 11:00:00-05:00,2021-01-14 12:35:09.580000-05:00,2021-01-14 18:22:16.964000-05:00,4,,,,,,Treatment,199.395,39.87,5.0,5.0,,,5.0,5.0,1.0,0.0,7.0,0.0,0.0,0.0,0.0,2.0,2.0,1.0,186.358,54.4635,1.0,12119832
PSA2KMQ,219594,2021-01-14 11:00:00-05:00,2021-01-15 11:00:00-05:00,2021-01-15 00:23:50.906000-05:00,2021-01-15 01:44:42.893000-05:00,1,,,,,,Treatment,1916.912,383.3762,5.0,5.0,,,5.0,5.0,1.0,0.0,7.0,0.0,0.0,0.0,0.0,1.0,2.0,2.0,929.297,464.643,1.0,12160017
PSA2KMQ,220525,2020-09-23 18:31:15.965000-04:00,2020-09-27 18:33:00-04:00,2020-09-27 21:50:43.370000-04:00,2020-09-27 22:10:38.756000-04:00,1,,,,,,Not Assigned,,,,,,,,,,,,,,,,,2.0,1.0,297.825,121.709,1.0,6490012
PSA2KMQ,224991,2020-11-17 10:00:00-05:00,2020-11-18 17:35:00-05:00,2020-11-18 19:30:19.130000-05:00,2020-11-18 19:39:12.368000-05:00,1,,,,,,Not Assigned,,,,,,,,,,,,,,,,,2.0,2.0,152.691,76.3445,1.0,10033958
PSA2KMQ,226067,2020-11-17 10:00:00-05:00,2020-11-18 17:35:00-05:00,2020-11-17 11:34:29.058000-05:00,2020-11-17 18:18:10.426000-05:00,8,,,,,,Control,937.974,54.9637692307692,7.0,10.0,2.0,1.0,13.0,17.0,6.0,0.0,18.0,6.0,0.0,0.0,0.0,4.0,2.0,0.0,290.64,108.476,1.0,9890821
PSA2KMQ,226847,2020-12-02 09:15:00-05:00,,2020-12-02 10:32:28.220000-05:00,,1,,,,,,Not Assigned,,,,,,,,,,,,,,,,,,,,,,10522639
PSA2KMQ,227394,2021-01-14 11:00:00-05:00,2021-01-15 11:00:00-05:00,2021-01-14 15:59:26.431000-05:00,2021-01-14 16:20:00.640000-05:00,1,,,,,,Treatment,195.926,27.0976666666667,6.0,5.0,1.0,1.0,6.0,6.0,2.0,0.0,10.0,1.0,0.0,0.0,0.0,1.0,2.0,0.0,182.56,28.3755,1.0,12146686
PSA2KMQ,231540,2021-01-14 11:00:00-05:00,2021-01-15 11:00:00-05:00,2021-01-15 22:03:53.261000-05:00,,2,,,,,,Not Assigned,,,,,,,,,,,,,,,,,,,,,,12212093
PSA2KMQ,231882,2020-09-23 18:31:15.965000-04:00,2020-09-27 18:33:00-04:00,2020-09-25 16:00:54.991000-04:00,2020-09-25 16:05:58.859000-04:00,1,,,,,,Not Assigned,,,,,,,,,,,,,,,,,2.0,2.0,74.918,37.457,1.0,6463297
PSA2KMQ,237098,2021-01-14 11:00:00-05:00,2021-01-15 11:00:00-05:00,2021-01-14 22:14:23.706000-05:00,2021-01-14 22:37:18.717000-05:00,1,,,,,,Not Assigned,,,,,,,,,,,,,,,,,2.0,0.0,251.44,114.459,1.0,12158632
PSA2KMQ,238433,2021-01-14 11:00:00-05:00,2021-01-15 11:00:00-05:00,2021-01-14 12:31:56.608000-05:00,,2,,,,,,Control,172.521,43.1245,4.0,4.0,,,4.0,4.0,0.0,0.0,9.0,0.0,0.0,0.0,0.0,1.0,1.0,,,,1.0,12119350
PSA2KMQ,238655,2021-01-14 11:00:00-05:00,2021-01-15 11:00:00-05:00,2021-01-14 14:18:09.580000-05:00,,1,,,,,,Not Assigned,,,,,,,,,,,,,,,,,,,,,,12135412
PSA2KMQ,239275,2021-01-14 11:00:00-05:00,2021-01-15 11:00:00-05:00,2021-01-14 11:25:39.779000-05:00,,1,,,,,,Not Assigned,,,,,,,,,,,,,,,,,,,,,,12109173
PSA2KMQ,239562,2021-01-14 11:00:00-05:00,2021-01-15 11:00:00-05:00,2021-01-18 09:42:26.198000-05:00,,1,,,,,,Not Assigned,,,,,,,,,,,,,,,,,,,,,,12220046
PSA2KMQ,242896,2020-12-02 09:15:00-05:00,,2020-12-02 12:08:48.287000-05:00,,3,,,,,,Not Assigned,,,,,,,,,,,,,,,,,1.0,,,,1.0,10540856
PSA2KMQ,243573,2021-01-14 11:00:00-05:00,2021-01-15 11:00:00-05:00,2021-01-19 19:33:35.427000-05:00,2021-01-27 11:34:18.891000-05:00,7,,,,,,Not Assigned,,,,,,,,,,,,,,,,,2.0,0.0,91.71,21.783,1.0,12295056
PSA2KMQ,244096,2021-01-14 11:00:00-05:00,2021-01-15 11:00:00-05:00,2021-01-14 15:04:32.896000-05:00,2021-01-14 15:45:38.109000-05:00,2,,,,,,Control,397.847,18.7191666666667,6.0,8.0,2.0,2.0,12.0,14.0,6.0,3.0,15.0,6.0,0.0,0.0,0.0,1.0,2.0,0.0,153.391,53.022,1.0,12141674
PSA2KMQ,245175,2021-01-14 11:00:00-05:00,2021-01-15 11:00:00-05:00,2021-01-14 13:18:28.619000-05:00,2021-01-14 19:01:07.090000-05:00,10,,,,,,Not Assigned,,,,,,,,,,,,,,,,,2.0,0.0,405.087,176.194,1.0,12126292
PSA2KMQ,245644,2021-01-14 11:00:00-05:00,2021-01-15 11:00:00-05:00,2021-01-15 15:11:32.604000-05:00,,3,,,,,,Treatment,423.649,84.7144,5.0,5.0,,,5.0,5.0,1.0,0.0,7.0,0.0,0.0,0.0,0.0,1.0,,,,,,12203847
PSA2KMQ,251715,2021-01-14 11:00:00-05:00,2021-01-15 11:00:00-05:00,2021-01-18 20:41:10.027000-05:00,,1,,,,,,Not Assigned,,,,,,,,,,,,,,,,,,,,,,12227092
PSA2KMQ,267698,2020-05-08 08:00:00-04:00,2020-05-08 20:00:00-04:00,2020-05-08 10:26:27.934000-04:00,,4,,,,,,Not Assigned,,,,,,,,,,,,,,,,,,,,,,3027957
PSA2KMQ,268085,2020-05-08 08:00:00-04:00,2020-05-08 20:00:00-04:00,2020-05-08 12:00:43.333000-04:00,2020-05-08 14:35:59.550000-04:00,2,,,,,,Treatment,318.392,63.673,5.0,5.0,,,5.0,5.0,1.0,0.0,7.0,0.0,0.0,0.0,0.0,1.0,2.0,0.0,234.114,93.335,1.0,3035084
PSA2KMQ,271489,2020-05-08 08:00:00-04:00,2020-05-08 20:00:00-04:00,2020-05-08 10:01:03.262000-04:00,2020-05-08 11:47:39.614000-04:00,3,,,,,,Treatment,1610.799,141.8835,11.0,9.0,2.0,2.0,10.0,10.0,2.0,0.0,25.0,6.0,0.0,0.0,0.0,2.0,2.0,0.0,33.43,4.957,1.0,3026124
PSA2KMQ,278811,2020-05-08 08:00:00-04:00,2020-05-08 20:00:00-04:00,2020-05-08 10:01:22.143000-04:00,,2,,,,,,Not Assigned,,,,,,,,,,,,,,,,,,,,,,3026145
PSA2KMQ,293247,2020-05-08 08:00:00-04:00,2020-05-08 20:00:00-04:00,2020-05-08 11:03:19.471000-04:00,,1,,,,,,Not Assigned,,,,,,,,,,,,,,,,,,,,,,3030653
PSA2KMQ,318050,2020-12-03 08:45:00-05:00,2020-12-03 23:59:00-05:00,2020-12-03 10:07:50.022000-05:00,2020-12-03 15:38:29.195000-05:00,5,,,,,,Treatment,1000.946,112.580125,8.0,7.0,1.0,1.0,8.0,8.0,2.0,0.0,16.0,3.0,0.0,0.0,0.0,1.0,2.0,2.0,653.779,326.888,1.0,10605960
PSA2KMQ,318051,2020-12-04 12:25:00-05:00,2020-12-05 15:48:00-05:00,2020-12-04 12:43:54.592000-05:00,,1,,,,,,Not Assigned,,,,,,,,,,,,,,,,,,,,,,10720370
PSA2KMQ,318076,2020-12-03 08:45:00-05:00,2020-12-03 23:59:00-05:00,2020-12-03 22:15:54.433000-05:00,,4,,,,,,Not Assigned,,,,,,,,,,,,,,,,,,,,,,10682576
PSA2KMQ,318088,2020-12-03 08:45:00-05:00,2020-12-03 23:59:00-05:00,2020-12-03 23:08:49.734000-05:00,,1,,,,,,Treatment,2474.207,31.539,9.0,1.0,0.0,0.0,1.0,1.0,1.0,0.0,22.0,22.0,0.0,0.0,0.0,1.0,,,,,,10683474
PSA2KMQ,318195,2020-12-04 12:25:00-05:00,2020-12-05 15:48:00-05:00,2020-12-04 12:43:19.213000-05:00,,1,,,,,,Control,1402.932,56.183,7.0,8.0,3.0,2.0,13.0,22.0,10.0,5.0,21.0,9.0,0.0,0.0,2.0,1.0,,,,,,10720313
PSA2KMQ,318241,2020-12-03 08:45:00-05:00,2020-12-03 23:59:00-05:00,2020-12-03 09:22:34.410000-05:00,,1,,,,,,Not Assigned,,,,,,,,,,,,,,,,,,,,,,10598280
PSA2KMQ,318300,2020-12-03 08:45:00-05:00,2020-12-03 23:59:00-05:00,2020-12-03 12:12:00.965000-05:00,2020-12-03 15:22:24.578000-05:00,2,,,,,,Not Assigned,,,,,,,,,,,,,,,,,2.0,1.0,1032.564,426.7615,1.0,10630252
PSA2KMQ,318314,2020-12-03 08:45:00-05:00,2020-12-03 23:59:00-05:00,2020-12-03 09:29:40.567000-05:00,,1,,,,,,Not Assigned,,,,,,,,,,,,,,,,,,,,,,10599327
PSA2KMQ,318334,2020-12-03 08:45:00-05:00,2020-12-03 23:59:00-05:00,2020-12-03 09:51:05.475000-05:00,,1,,,,,,Not Assigned,,,,,,,,,,,,,,,,,,,,,,10602874
PSA2KMQ,318479,2020-12-03 08:45:00-05:00,2020-12-03 23:59:00-05:00,2020-12-03 09:37:19.670000-05:00,,1,,,,,,Not Assigned,,,,,,,,,,,,,,,,,,,,,,10600590
PSA2KMQ,318545,2020-12-03 08:45:00-05:00,2020-12-03 23:59:00-05:00,2020-12-03 21:29:01.963000-05:00,,1,,,,,,Not Assigned,,,,,,,,,,,,,,,,,,,,,,10681632
PSA2KMQ,318604,2020-12-03 08:45:00-05:00,2020-12-03 23:59:00-05:00,2020-12-03 11:36:59.146000-05:00,2020-12-03 12:11:10.286000-05:00,3,,,,,,Control,474.511,51.375875,5.0,7.0,1.0,1.0,8.0,9.0,3.0,0.0,12.0,3.0,0.0,0.0,0.0,1.0,2.0,2.0,205.894,102.926,1.0,10623211
PSA2KMQ,318637,2020-12-03 08:45:00-05:00,2020-12-03 23:59:00-05:00,2020-12-03 09:05:40.522000-05:00,,2,,,,,,Treatment,567.145,4.378,7.0,1.0,0.0,0.0,1.0,1.0,1.0,0.0,16.0,14.0,0.0,0.0,0.0,1.0,,,,,,10595953
PSA2KMQ,318713,2020-12-03 08:45:00-05:00,2020-12-03 23:59:00-05:00,2020-12-03 12:49:47.923000-05:00,2020-12-03 13:14:57.741000-05:00,1,,,,,,Not Assigned,,,,,,,,,,,,,,,,,2.0,1.0,180.892,71.885,1.0,10637301
PSA2KMQ,318763,2020-12-03 08:45:00-05:00,2020-12-03 23:59:00-05:00,2020-12-03 09:28:33.264000-05:00,,1,,,,,,Not Assigned,,,,,,,,,,,,,,,,,,,,,,10599151
PSA2KMQ,318781,2020-12-03 08:45:00-05:00,2020-12-03 23:59:00-05:00,2020-12-03 12:11:48.278000-05:00,,17,,,,,,Treatment,10959.4,73.1594444444445,9.0,2.0,1.0,1.0,9.0,9.0,1.0,0.0,22.0,19.0,0.0,0.0,0.0,7.0,,,,,,10630208
PSA2KMQ,318789,2020-12-03 08:45:00-05:00,2020-12-03 23:59:00-05:00,2020-12-03 12:11:47.842000-05:00,2020-12-03 12:38:58.111000-05:00,3,,,,,,Not Assigned,,,,,,,,,,,,,,,,,2.0,2.0,186.159,93.0765,1.0,10630206
PSA2KMQ,319093,2020-12-03 08:45:00-05:00,2020-12-03 23:59:00-05:00,2020-12-03 10:49:17.268000-05:00,,7,,,,,,Control,3417.978,409.1202,4.0,1.0,0.0,0.0,2.0,6.0,4.0,3.0,12.0,3.0,0.0,0.0,3.0,2.0,,,,,,10613586
PSA2KMQ,319134,2020-12-04 12:25:00-05:00,2020-12-05 15:48:00-05:00,2020-12-04 12:45:09.716000-05:00,,1,,,,,,Not Assigned,,,,,,,,,,,,,,,,,,,,,,10720534
PSA2KMQ,319139,2020-12-03 08:45:00-05:00,2020-12-03 23:59:00-05:00,2020-12-03 11:38:13.407000-05:00,,1,,,,,,Not Assigned,,,,,,,,,,,,,,,,,,,,,,10623450
PSA2KMQ,319162,2020-12-04 12:25:00-05:00,2020-12-05 15:48:00-05:00,2020-12-04 12:37:11.296000-05:00,2020-12-04 12:54:13.877000-05:00,1,,,,,,Not Assigned,,,,,,,,,,,,,,,,,2.0,2.0,286.692,143.3445,1.0,10719406
PSA2KMQ,319246,2020-12-03 08:45:00-05:00,2020-12-03 23:59:00-05:00,2020-12-03 12:38:27.218000-05:00,2020-12-03 15:42:45.827000-05:00,3,,,,,,Not Assigned,,,,,,,,,,,,,,,,,2.0,2.0,36.627,18.307,1.0,10635011
PSA2KMQ,319278,2020-12-03 08:45:00-05:00,2020-12-03 23:59:00-05:00,2020-12-03 09:31:11.100000-05:00,2020-12-03 13:30:56.896000-05:00,3,,,,,,Treatment,565.88,30.998625,8.0,6.0,2.0,2.0,8.0,8.0,1.0,0.0,16.0,4.0,0.0,0.0,0.0,1.0,2.0,1.0,390.786,153.248,1.0,10599608
PSA2KMQ,319356,2020-12-03 08:45:00-05:00,2020-12-03 23:59:00-05:00,2020-12-03 12:08:47.451000-05:00,2020-12-03 20:14:51.555000-05:00,4,,,,,,Not Assigned,,,,,,,,,,,,,,,,,2.0,1.0,1859.294,895.767,1.0,10629635
PSA2KMQ,319377,2020-12-03 08:45:00-05:00,2020-12-03 23:59:00-05:00,2020-12-03 12:11:18.708000-05:00,2020-12-03 14:11:25.922000-05:00,3,,,,,,Treatment,427.507,85.4944,5.0,5.0,,,5.0,5.0,1.0,0.0,7.0,0.0,0.0,0.0,0.0,1.0,2.0,0.0,731.169,131.706,1.0,10630100
PSA2KMQ,319406,2020-12-03 08:45:00-05:00,2020-12-03 23:59:00-05:00,2020-12-03 12:51:32.767000-05:00,,1,,,,,,Not Assigned,,,,,,,,,,,,,,,,,,,,,,10637617
PSA2KMQ,319505,2020-12-03 08:45:00-05:00,2020-12-03 23:59:00-05:00,2020-12-03 09:16:58.285000-05:00,,3,,,,,,Not Assigned,,,,,,,,,,,,,,,,,,,,,,10597449
PSA2KMQ,319512,2020-12-03 08:45:00-05:00,2020-12-03 23:59:00-05:00,2020-12-03 09:30:46.823000-05:00,,2,,,,,,Not Assigned,,,,,,,,,,,,,,,,,,,,,,10599529
PSA2KMQ,319514,2020-12-03 08:45:00-05:00,2020-12-03 23:59:00-05:00,2020-12-03 12:13:29.248000-05:00,2020-12-03 15:28:58.953000-05:00,1,,,,,,Not Assigned,,,,,,,,,,,,,,,,,2.0,2.0,174.548,87.271,1.0,10630515
PSA2KMQ,319586,2020-12-03 08:45:00-05:00,2020-12-03 23:59:00-05:00,2020-12-03 13:24:00.225000-05:00,,2,,,,,,Control,1899.975,35.6654736842105,7.0,10.0,6.0,2.0,16.0,33.0,19.0,5.0,21.0,18.0,0.0,0.0,4.0,1.0,,,,,,10643681
PSA2KMQ,319603,2020-12-03 08:45:00-05:00,2020-12-03 23:59:00-05:00,2020-12-03 13:45:17.458000-05:00,,1,,,,,,Not Assigned,,,,,,,,,,,,,,,,,,,,,,10647742
PSA2KMQ,319658,2020-12-04 12:25:00-05:00,2020-12-05 15:48:00-05:00,2020-12-05 11:17:58.216000-05:00,,1,,,,,,Not Assigned,,,,,,,,,,,,,,,,,,,,,,10751521
PSA2KMQ,319683,2020-12-03 08:45:00-05:00,2020-12-03 23:59:00-05:00,2020-12-03 13:12:23.665000-05:00,,2,,,,,,Not Assigned,,,,,,,,,,,,,,,,,,,,,,10641589
PSA2KMQ,319914,2020-12-04 12:25:00-05:00,2020-12-05 15:48:00-05:00,2020-12-04 12:46:40.875000-05:00,,1,,,,,,Not Assigned,,,,,,,,,,,,,,,,,,,,,,10720775
PSA2KMQ,319971,2020-12-03 08:45:00-05:00,2020-12-03 23:59:00-05:00,2020-12-03 11:33:25.569000-05:00,2020-12-03 13:33:06.557000-05:00,4,,,,,,Control,988.491,25.247125,9.0,12.0,5.0,4.0,21.0,34.0,16.0,7.0,24.0,15.0,0.0,0.0,2.0,1.0,2.0,0.0,76.751,29.1665,1.0,10622486
PSA2KMQ,319997,2020-12-03 08:45:00-05:00,2020-12-03 23:59:00-05:00,2020-12-03 11:45:08.346000-05:00,,4,,,,,,Not Assigned,,,,,,,,,,,,,,,,,,,,,,10624808
PSA2KMQ,320137,2020-12-03 08:45:00-05:00,2020-12-03 23:59:00-05:00,2020-12-03 13:18:55.049000-05:00,2020-12-03 13:29:52.500000-05:00,1,,,,,,Not Assigned,,,,,,,,,,,,,,,,,2.0,2.0,174.747,87.371,1.0,10642831
PSA2KMQ,320323,2020-12-03 08:45:00-05:00,2020-12-03 23:59:00-05:00,2020-12-03 12:47:59.894000-05:00,,3,,,,,,Control,933.344,50.0838333333333,7.0,2.0,2.0,2.0,7.0,18.0,7.0,7.0,21.0,6.0,0.0,0.0,3.0,1.0,,,,,,10636999
PSA2KMQ,320891,2020-12-04 12:25:00-05:00,2020-12-05 15:48:00-05:00,2020-12-04 12:44:22.593000-05:00,,5,,,,,,Control,1612.492,139.324,4.0,0.0,0.0,0.0,1.0,8.0,7.0,10.0,12.0,6.0,0.0,0.0,7.0,4.0,,,,,,10720433
PSA2KMQ,321002,2020-12-03 08:45:00-05:00,2020-12-03 23:59:00-05:00,2020-12-03 17:44:37.280000-05:00,,1,,,,,,Not Assigned,,,,,,,,,,,,,,,,,,,,,,10674584
PSA2KMQ,321252,2020-12-03 08:45:00-05:00,2020-12-03 23:59:00-05:00,2020-12-03 17:19:23.935000-05:00,,2,,,,,,Not Assigned,,,,,,,,,,,,,,,,,,,,,,10673384
PSA2KMQ,321257,2020-12-04 12:25:00-05:00,2020-12-05 15:48:00-05:00,2020-12-08 08:36:25.978000-05:00,,1,,,,,,Not Assigned,,,,,,,,,,,,,,,,,,,,,,10853503
PSA2KMQ,321662,2020-12-03 08:45:00-05:00,2020-12-03 23:59:00-05:00,2020-12-03 12:08:09.399000-05:00,2020-12-03 16:58:54.773000-05:00,3,,,,,,Not Assigned,,,,,,,,,,,,,,,,,2.0,1.0,89.016,27.367,1.0,10629505
PSA2KMQ,322240,2020-12-04 12:25:00-05:00,2020-12-05 15:48:00-05:00,2020-12-04 12:46:28.241000-05:00,,3,,,,,,Not Assigned,,,,,,,,,,,,,,,,,,,,,,10720749
PSA2KMQ,322261,2020-12-03 08:45:00-05:00,2020-12-03 23:59:00-05:00,2020-12-03 09:09:48.739000-05:00,,1,,,,,,Not Assigned,,,,,,,,,,,,,,,,,,,,,,10596516
PSA2KMQ,322430,2020-12-03 08:45:00-05:00,2020-12-03 23:59:00-05:00,2020-12-03 09:40:03.650000-05:00,2020-12-03 17:31:29.980000-05:00,4,,,,,,Not Assigned,,,,,,,,,,,,,,,,,2.0,2.0,184.017,92.007,1.0,10600989
PSA2KMQ,322451,2020-12-03 08:45:00-05:00,2020-12-03 23:59:00-05:00,2020-12-03 22:36:52.016000-05:00,,1,,,,,,Not Assigned,,,,,,,,,,,,,,,,,,,,,,10682949
PSA2KMQ,322518,2020-12-03 08:45:00-05:00,2020-12-03 23:59:00-05:00,2020-12-03 15:21:51.538000-05:00,,1,,,,,,Not Assigned,,,,,,,,,,,,,,,,,,,,,,10663779
PSA2KMQ,322577,2020-12-03 08:45:00-05:00,2020-12-03 23:59:00-05:00,2020-12-03 22:50:04.402000-05:00,,4,,,,,,Not Assigned,,,,,,,,,,,,,,,,,,,,,,10683180
PSA2KMQ,322727,2020-12-03 08:45:00-05:00,2020-12-03 23:59:00-05:00,2020-12-03 16:07:57.810000-05:00,,4,,,,,,Not Assigned,,,,,,,,,,,,,,,,,,,,,,10668805
PSA2KMQ,322910,2020-12-03 08:45:00-05:00,2020-12-03 23:59:00-05:00,2020-12-03 11:33:50.994000-05:00,,13,,,,,,Control,5109.261,132.520058823529,9.0,11.0,5.0,3.0,15.0,35.0,12.0,3.0,27.0,11.0,0.0,0.0,2.0,6.0,,,,,,10622567
PSA2KMQ,323112,2020-12-04 12:25:00-05:00,2020-12-05 15:48:00-05:00,2020-12-04 12:45:13.527000-05:00,,8,,,,,,Not Assigned,,,,,,,,,,,,,,,,,,,,,,10720547
PSA2KMQ,324397,2020-12-03 08:45:00-05:00,2020-12-03 23:59:00-05:00,2020-12-03 09:14:11.878000-05:00,,6,,,,,,Treatment,12450.3,10.055,9.0,1.0,0.0,0.0,1.0,1.0,1.0,0.0,22.0,19.0,0.0,0.0,0.0,5.0,,,,,,10597077
PSA2KMQ,325544,2020-12-03 08:45:00-05:00,2020-12-03 23:59:00-05:00,2020-12-03 22:19:40.809000-05:00,,2,,,,,,Not Assigned,,,,,,,,,,,,,,,,,,,,,,10682634
PSA2KMQ,326461,2020-12-04 12:25:00-05:00,2020-12-05 15:48:00-05:00,2020-12-04 13:01:57.378000-05:00,,1,,,,,,Not Assigned,,,,,,,,,,,,,,,,,,,,,,10722986
PSA2KMQ,326978,2020-12-03 08:45:00-05:00,2020-12-03 23:59:00-05:00,2020-12-03 21:19:54.286000-05:00,,3,,,,,,Not Assigned,,,,,,,,,,,,,,,,,,,,,,10681421
PSA2KMQ,334190,2020-12-02 09:15:00-05:00,,2020-12-02 09:51:49.749000-05:00,,2,,,,,,Not Assigned,,,,,,,,,,,,,,,,,,,,,,10515360
PSA2KMQ,334305,2021-02-28 16:52:00-05:00,2021-03-01 17:00:00-05:00,2021-03-01 09:52:02.543000-05:00,,1,,,,,,Not Assigned,,,,,,,,,,,,,,,,,,,,,,14028315
PSA2KMQ,334351,2021-02-28 16:52:00-05:00,2021-03-01 17:00:00-05:00,2021-02-28 16:54:57.563000-05:00,,1,,,,,,Not Assigned,,,,,,,,,,,,,,,,,,,,,,14016464
PSA2KMQ,334435,2021-02-28 16:52:00-05:00,2021-03-01 17:00:00-05:00,2021-03-01 10:32:34.051000-05:00,,3,,,,,,Not Assigned,,,,,,,,,,,,,,,,,,,,,,14033532
PSA2KMQ,334678,2021-02-28 16:52:00-05:00,2021-03-01 17:00:00-05:00,2021-03-01 13:40:22.876000-05:00,2021-03-01 14:20:23.153000-05:00,1,,,,,,Treatment,570.317,61.618625,8.0,7.0,1.0,1.0,8.0,8.0,1.0,0.0,16.0,3.0,0.0,0.0,0.0,1.0,2.0,0.0,960.663,156.8295,1.0,14057820
PSA2KMQ,335214,2021-02-28 16:52:00-05:00,2021-03-01 17:00:00-05:00,2021-03-01 12:05:54.532000-05:00,2021-03-01 17:00:34.581000-05:00,1,,,,,,Control,988.878,87.952,8.0,8.0,2.0,2.0,8.0,12.0,2.0,0.0,21.0,2.0,0.0,0.0,0.0,1.0,2.0,0.0,395.56,128.348,1.0,14045332
PSA2KMQ,335242,2020-12-02 09:15:00-05:00,,2020-12-02 09:50:59.258000-05:00,,1,,,,,,Not Assigned,,,,,,,,,,,,,,,,,,,,,,10515197
PSA2KMQ,335852,2021-02-28 16:52:00-05:00,2021-03-01 17:00:00-05:00,2021-03-01 10:05:19.419000-05:00,,1,,,,,,Not Assigned,,,,,,,,,,,,,,,,,,,,,,14029973
PSA2KMQ,336360,2021-02-28 16:52:00-05:00,2021-03-01 17:00:00-05:00,2021-02-28 22:16:46.008000-05:00,,1,,,,,,Not Assigned,,,,,,,,,,,,,,,,,,,,,,14018897
PSA2KMQ,336460,2021-02-28 16:52:00-05:00,2021-03-01 17:00:00-05:00,2021-03-01 13:52:12.050000-05:00,,1,,,,,,Not Assigned,,,,,,,,,,,,,,,,,,,,,,14059512
PSA2KMQ,336922,2021-02-28 16:52:00-05:00,2021-03-01 17:00:00-05:00,2021-05-20 12:03:25.910000-04:00,,1,,,,,,Not Assigned,,,,,,,,,,,,,,,,,,,,,,16529521
PSA2KMQ,337687,2021-02-28 16:52:00-05:00,2021-03-01 17:00:00-05:00,2021-03-01 12:28:35.596000-05:00,,1,,,,,,Not Assigned,,,,,,,,,,,,,,,,,,,,,,14048260
PSA2KMQ,337825,2021-02-28 16:52:00-05:00,2021-03-01 17:00:00-05:00,2021-02-28 22:47:49.019000-05:00,2021-02-28 23:43:19.552000-05:00,1,,,,,,Treatment,655.546,131.1034,5.0,5.0,,,5.0,5.0,2.0,0.0,7.0,0.0,0.0,0.0,0.0,1.0,2.0,0.0,1216.523,581.708,1.0,14019070
PSA2KMQ,339451,2021-02-28 16:52:00-05:00,2021-03-01 17:00:00-05:00,2021-03-01 09:57:37.732000-05:00,,1,,,,,,Not Assigned,,,,,,,,,,,,,,,,,,,,,,14029039
PSA2KMQ,339688,2021-02-28 16:52:00-05:00,2021-03-01 17:00:00-05:00,2021-03-01 14:04:03.621000-05:00,,2,,,,,,Not Assigned,,,,,,,,,,,,,,,,,,,,,,14061111
PSA2KMQ,339857,2021-02-03 19:19:33.256000-05:00,2021-02-05 19:21:00-05:00,2021-02-06 21:54:08.849000-05:00,,1,,,,,,Not Assigned,,,,,,,,,,,,,,,,,,,,,,13176823
PSA2KMQ,339984,2021-02-28 16:52:00-05:00,2021-03-01 17:00:00-05:00,2021-03-01 01:32:28.366000-05:00,,1,,,,,,Not Assigned,,,,,,,,,,,,,,,,,,,,,,14019712
PSA2KMQ,343042,2021-02-28 16:52:00-05:00,2021-03-01 17:00:00-05:00,2021-03-01 13:18:24.947000-05:00,,1,,,,,,Not Assigned,,,,,,,,,,,,,,,,,,,,,,14054902
PSA2KMQ,343729,2021-02-28 16:52:00-05:00,2021-03-01 17:00:00-05:00,2021-03-01 14:15:27.550000-05:00,2021-03-01 14:26:46.884000-05:00,1,,,,,,Not Assigned,,,,,,,,,,,,,,,,,2.0,2.0,145.054,72.5185,1.0,14062671
PSA2KMQ,344973,2021-02-28 16:52:00-05:00,2021-03-01 17:00:00-05:00,2021-03-01 12:28:33.772000-05:00,2021-03-01 12:57:46.222000-05:00,1,,,,,,Not Assigned,,,,,,,,,,,,,,,,,2.0,2.0,309.167,154.5785,1.0,14048256
PSA2KMQ,345034,2021-02-28 16:52:00-05:00,2021-03-01 17:00:00-05:00,2021-03-01 20:15:18.662000-05:00,,3,,,,,,Not Assigned,,,,,,,,,,,,,,,,,,,,,,14081823
PSA2KMQ,348497,2021-02-28 16:52:00-05:00,2021-03-01 17:00:00-05:00,2021-03-01 10:22:02.144000-05:00,,1,,,,,,Not Assigned,,,,,,,,,,,,,,,,,,,,,,14032143
PSA2KMQ,351060,2020-12-03 08:45:00-05:00,2020-12-03 23:59:00-05:00,2020-12-03 22:27:28.674000-05:00,,1,,,,,,Not Assigned,,,,,,,,,,,,,,,,,,,,,,10682758
PSA2KMQ,351441,2020-12-03 08:45:00-05:00,2020-12-03 23:59:00-05:00,2020-12-03 12:14:10.098000-05:00,,1,,,,,,Not Assigned,,,,,,,,,,,,,,,,,,,,,,10630597
PSA2KMQ,352037,2020-12-02 09:15:00-05:00,,2020-12-02 12:11:07.145000-05:00,,1,,,,,,Not Assigned,,,,,,,,,,,,,,,,,,,,,,10541331
PSA2KMQ,366257,2020-12-04 12:25:00-05:00,2020-12-05 15:48:00-05:00,2020-12-04 12:46:13.912000-05:00,,1,,,,,,Not Assigned,,,,,,,,,,,,,,,,,,,,,,10720694
PSA2KMQ,366792,2020-12-03 08:45:00-05:00,2020-12-03 23:59:00-05:00,2020-12-03 09:20:48.828000-05:00,,14,,,,,,Treatment,207.278,11.618,2.0,1.0,,,1.0,1.0,1.0,0.0,1.0,1.0,0.0,0.0,0.0,4.0,,,,,,10597993
PSA2KMQ,367104,2020-12-03 08:45:00-05:00,2020-12-03 23:59:00-05:00,2020-12-03 09:06:20.848000-05:00,,2,,,,,,Not Assigned,,,,,,,,,,,,,,,,,,,,,,10596049
PSA2KMQ,368226,2021-02-19 11:10:00-05:00,2021-02-19 11:55:00-05:00,2021-02-19 16:34:00.486000-05:00,,1,,,,,,Treatment,12.833,12.795,2.0,1.0,,,1.0,1.0,1.0,0.0,1.0,0.0,0.0,0.0,0.0,1.0,,,,,,13686909
PSA2KMQ,369074,2020-09-23 18:31:15.965000-04:00,2020-09-27 18:33:00-04:00,2020-09-27 12:36:50.028000-04:00,,1,,,,,,Not Assigned,,,,,,,,,,,,,,,,,,,,,,6482890
PSA2KMQ,376450,2020-12-03 08:45:00-05:00,2020-12-03 23:59:00-05:00,2020-12-03 11:15:58.123000-05:00,,1,,,,,,Not Assigned,,,,,,,,,,,,,,,,,,,,,,10618827
PSA2KMQ,376603,2020-12-03 08:45:00-05:00,2020-12-03 23:59:00-05:00,2020-12-03 12:11:32.924000-05:00,2020-12-03 12:21:13.268000-05:00,1,,,,,,Not Assigned,,,,,,,,,,,,,,,,,2.0,2.0,155.333,77.6475,1.0,10630143
PSA2KMQ,377801,2021-02-03 12:00:00-05:00,2021-02-03 18:00:00-05:00,2021-02-03 17:42:21.254000-05:00,,2,,,,,,Not Assigned,,,,,,,,,,,,,,,,,,,,,,13052190
PSA2KMQ,377910,2021-02-03 12:00:00-05:00,2021-02-03 18:00:00-05:00,2021-02-04 09:55:53.927000-05:00,2021-02-04 20:48:34.552000-05:00,4,,,,,,Treatment,675.7,43.3135,10.0,5.0,1.0,1.0,10.0,10.0,1.0,0.0,22.0,13.0,0.0,0.0,0.0,1.0,2.0,0.0,238.23,87.6745,1.0,13070277
PSA2KMQ,377925,2021-02-03 12:00:00-05:00,2021-02-03 18:00:00-05:00,2021-02-04 12:29:22.479000-05:00,,3,,,,,,Treatment,23.798,23.785,2.0,1.0,,,1.0,1.0,1.0,0.0,1.0,0.0,0.0,0.0,0.0,2.0,,,,,,13091055
PSA2KMQ,377931,2021-02-03 12:00:00-05:00,2021-02-03 18:00:00-05:00,2021-02-03 15:39:32.412000-05:00,2021-02-03 15:57:47.226000-05:00,1,,,,,,Not Assigned,,,,,,,,,,,,,,,,,2.0,0.0,288.379,108.908,1.0,13046198
PSA2KMQ,377978,2021-02-03 12:00:00-05:00,2021-02-03 18:00:00-05:00,2021-02-03 14:09:10.958000-05:00,2021-02-03 14:21:33.863000-05:00,1,,,,,,Not Assigned,,,,,,,,,,,,,,,,,2.0,2.0,260.238,130.1105,1.0,13037153
PSA2KMQ,378033,2021-02-03 12:00:00-05:00,2021-02-03 18:00:00-05:00,2021-02-04 09:39:07.165000-05:00,,1,,,,,,Not Assigned,,,,,,,,,,,,,,,,,,,,,,13068284
PSA2KMQ,378125,2021-02-03 12:00:00-05:00,2021-02-03 18:00:00-05:00,2021-02-03 17:42:38.438000-05:00,,5,,,,,,Treatment,3175.199,188.1555,10.0,3.0,1.0,1.0,10.0,10.0,2.0,0.0,25.0,19.0,0.0,0.0,0.0,1.0,,,,,,13052212
PSA2KMQ,379114,2021-02-03 12:00:00-05:00,2021-02-03 18:00:00-05:00,2021-02-03 22:17:15.834000-05:00,,4,,,,,,Not Assigned,,,,,,,,,,,,,,,,,,,,,,13058300
PSA2KMQ,379115,2021-02-03 12:00:00-05:00,2021-02-03 18:00:00-05:00,2021-02-03 13:34:19.901000-05:00,,6,,,,,,Control,905.536,24.7158421052632,7.0,12.0,4.0,4.0,19.0,26.0,12.0,3.0,21.0,12.0,0.0,0.0,0.0,4.0,,,,,,13032209
PSA2KMQ,379118,2021-02-03 12:00:00-05:00,2021-02-03 18:00:00-05:00,2021-02-11 18:17:09.175000-05:00,,8,,,,,,Treatment,1707.065,121.4415,11.0,5.0,2.0,2.0,10.0,10.0,1.0,0.0,28.0,13.0,0.0,0.0,0.0,2.0,,,,,,13446831
PSA2KMQ,379271,2021-02-03 12:00:00-05:00,2021-02-03 18:00:00-05:00,2021-02-03 14:33:16.515000-05:00,2021-02-03 15:14:42.006000-05:00,1,,,,,,Treatment,507.919,58.5922857142857,7.0,6.0,1.0,1.0,7.0,7.0,2.0,0.0,13.0,3.0,0.0,0.0,0.0,1.0,2.0,1.0,892.216,416.033,1.0,13040148
PSA2KMQ,380069,2021-02-03 12:00:00-05:00,2021-02-03 18:00:00-05:00,2021-02-03 16:37:48.674000-05:00,2021-02-03 17:01:30.814000-05:00,3,,,,,,Treatment,468.437,42.5004285714286,7.0,5.0,1.0,1.0,7.0,7.0,1.0,0.0,13.0,4.0,0.0,0.0,0.0,1.0,2.0,0.0,124.032,46.393,1.0,13049653
PSA2KMQ,380437,2020-12-02 09:15:00-05:00,,2020-12-02 12:14:54.596000-05:00,,1,,,,,,Control,1394.131,51.9186923076923,8.0,9.0,5.0,4.0,11.0,18.0,7.0,2.0,24.0,7.0,0.0,0.0,1.0,1.0,,,,,,10541969
PSA2KMQ,380457,2021-02-03 12:00:00-05:00,2021-02-03 18:00:00-05:00,2021-02-04 23:51:27.537000-05:00,,1,,,,,,Not Assigned,,,,,,,,,,,,,,,,,,,,,,13126986
PSA2KMQ,380596,2021-02-03 12:00:00-05:00,2021-02-03 18:00:00-05:00,2021-02-05 10:40:10.960000-05:00,,3,,,,,,Not Assigned,,,,,,,,,,,,,,,,,,,,,,13139699
PSA2KMQ,382822,2020-12-03 08:45:00-05:00,2020-12-03 23:59:00-05:00,2020-12-03 12:56:32.271000-05:00,,11,,,,,,Not Assigned,,,,,,,,,,,,,,,,,,,,,,10638550
PSA2KMQ,384592,2020-12-02 09:15:00-05:00,,2020-12-02 09:52:36.663000-05:00,2020-12-02 13:34:19.043000-05:00,2,,,,,,Treatment,3915.738,637.1425,6.0,5.0,1.0,1.0,6.0,10.0,1.0,0.0,10.0,1.0,0.0,0.0,0.0,2.0,2.0,1.0,331.406,131.2535,1.0,10515515
PSA2KMQ,387457,2020-12-02 09:15:00-05:00,,2020-12-02 10:34:33.208000-05:00,2020-12-02 10:45:45.676000-05:00,1,,,,,,Not Assigned,,,,,,,,,,,,,,,,,2.0,0.0,130.071,39.632,1.0,10523032
PSA2KMQ,393434,2020-12-04 12:25:00-05:00,2020-12-05 15:48:00-05:00,2020-12-04 12:45:03.907000-05:00,,5,,,,,,Not Assigned,,,,,,,,,,,,,,,,,,,,,,10720520
PSA2KMQ,402964,2020-10-26 09:00:00-04:00,,2020-10-27 23:00:23.653000-04:00,,1,,,,,,Not Assigned,,,,,,,,,,,,,,,,,,,,,,8695054
PSA2KMQ,408301,2020-09-23 18:31:15.965000-04:00,2020-09-27 18:33:00-04:00,2020-09-25 11:58:36.550000-04:00,2020-09-25 12:15:05.857000-04:00,1,,,,,,Not Assigned,,,,,,,,,,,,,,,,,2.0,0.0,465.29,114.945,1.0,6423840
PSA2KMQ,410947,2020-09-23 18:31:15.965000-04:00,2020-09-27 18:33:00-04:00,2020-09-24 15:33:17.482000-04:00,2020-09-24 15:45:59.368000-04:00,1,,,,,,Not Assigned,,,,,,,,,,,,,,,,,2.0,1.0,204.717,63.2015,1.0,6356883
PSA2KMQ,412784,2020-09-23 18:31:15.965000-04:00,2020-09-27 18:33:00-04:00,2020-09-27 16:05:31.401000-04:00,,2,,,,,,Not Assigned,,,,,,,,,,,,,,,,,,,,,,6485032
PSA2KMQ,415373,2020-09-23 18:31:15.965000-04:00,2020-09-27 18:33:00-04:00,2020-09-23 18:36:15.104000-04:00,,2,,,,,,Control,626.354,63.710375,5.0,6.0,1.0,1.0,8.0,10.0,4.0,2.0,12.0,3.0,0.0,0.0,0.0,1.0,1.0,,,,1.0,6245788
PSA2KMQ,416472,2020-09-23 18:31:15.965000-04:00,2020-09-27 18:33:00-04:00,2020-09-24 11:45:11.299000-04:00,2020-09-24 11:48:12.836000-04:00,1,,,,,,Not Assigned,,,,,,,,,,,,,,,,,2.0,2.0,91.906,45.948,1.0,6302950
PSA2KMQ,416490,2020-09-23 18:31:15.965000-04:00,2020-09-27 18:33:00-04:00,2020-09-25 14:33:59.786000-04:00,2020-09-25 14:38:48.023000-04:00,1,,,,,,Not Assigned,,,,,,,,,,,,,,,,,2.0,2.0,114.482,57.2345,1.0,6453669
PSA2KMQ,416624,2020-09-23 18:31:15.965000-04:00,2020-09-27 18:33:00-04:00,2020-09-24 12:17:56.230000-04:00,2020-09-24 12:34:27.583000-04:00,1,,,,,,Control,90.839,22.70725,4.0,4.0,,,4.0,4.0,0.0,0.0,9.0,0.0,0.0,0.0,0.0,1.0,2.0,2.0,114.433,57.214,1.0,6310972
PSA2KMQ,416696,2020-09-23 18:31:15.965000-04:00,2020-09-27 18:33:00-04:00,2020-09-24 14:47:30.282000-04:00,2020-09-24 14:58:18.851000-04:00,3,,,,,,Not Assigned,,,,,,,,,,,,,,,,,2.0,2.0,108.672,54.334,1.0,6348316
PSA2KMQ,416871,2020-09-23 18:31:15.965000-04:00,2020-09-27 18:33:00-04:00,2020-09-24 00:34:42.303000-04:00,2020-09-24 00:52:24.054000-04:00,1,,,,,,Control,88.31,22.07575,4.0,4.0,,,4.0,4.0,0.0,0.0,9.0,0.0,0.0,0.0,0.0,1.0,2.0,0.0,187.246,69.8255,1.0,6257465
PSA2KMQ,418622,2020-09-23 18:31:15.965000-04:00,2020-09-27 18:33:00-04:00,2020-09-24 12:44:58.926000-04:00,2020-09-24 13:17:54.579000-04:00,1,,,,,,Treatment,570.991,114.1948,5.0,5.0,,,5.0,5.0,1.0,0.0,7.0,0.0,0.0,0.0,0.0,1.0,2.0,0.0,225.095,76.5385,1.0,6317713
PSA2KMQ,418627,2020-09-23 18:31:15.965000-04:00,2020-09-27 18:33:00-04:00,2020-09-24 18:18:01.126000-04:00,2020-09-24 18:40:01.371000-04:00,1,,,,,,Control,273.907,68.47275,4.0,4.0,,,4.0,4.0,0.0,0.0,9.0,0.0,0.0,0.0,0.0,1.0,2.0,1.0,187.476,59.0645,1.0,6372301
PSA2KMQ,420275,2020-09-23 18:31:15.965000-04:00,2020-09-27 18:33:00-04:00,2020-09-24 18:07:46.392000-04:00,2020-09-24 18:29:35.298000-04:00,1,,,,,,Treatment,127.606,25.52,5.0,5.0,,,5.0,5.0,1.0,0.0,7.0,0.0,0.0,0.0,0.0,1.0,2.0,1.0,124.779,31.6775,1.0,6371744
PSA2KMQ,420559,2020-09-23 18:31:15.965000-04:00,2020-09-27 18:33:00-04:00,2020-09-25 11:14:03.102000-04:00,2020-09-25 11:21:52.338000-04:00,1,,,,,,Not Assigned,,,,,,,,,,,,,,,,,2.0,2.0,257.816,128.903,1.0,6415332
PSA2KMQ,420874,2020-09-23 18:31:15.965000-04:00,2020-09-27 18:33:00-04:00,2020-09-30 21:24:35.802000-04:00,2020-09-30 22:06:19.422000-04:00,1,,,,,,Treatment,493.41,53.879875,8.0,6.0,2.0,2.0,8.0,8.0,1.0,0.0,16.0,4.0,0.0,0.0,0.0,1.0,2.0,0.0,581.795,54.3985,1.0,6840931
PSA2KMQ,422495,2020-09-23 18:31:15.965000-04:00,2020-09-27 18:33:00-04:00,2020-09-24 16:19:16.752000-04:00,2020-09-24 16:31:40.169000-04:00,3,,,,,,Control,124.57,31.13375,4.0,4.0,,,4.0,4.0,0.0,0.0,9.0,0.0,0.0,0.0,0.0,1.0,2.0,0.0,253.056,95.2185,3.0,6363072
PSA2KMQ,422548,2020-09-23 18:31:15.965000-04:00,2020-09-27 18:33:00-04:00,2020-09-24 13:17:54.697000-04:00,,2,,,,,,Control,1796178.92,39047.3335652174,11.0,14.0,5.0,4.0,22.0,35.0,14.0,4.0,33.0,14.0,0.0,0.0,1.0,3.0,,,,,,6325969
PSA2KMQ,422811,2020-09-23 18:31:15.965000-04:00,2020-09-27 18:33:00-04:00,2020-09-27 13:45:39.619000-04:00,2020-09-27 13:58:54.534000-04:00,1,,,,,,Treatment,262.832,52.565,5.0,5.0,,,5.0,5.0,1.0,0.0,7.0,0.0,0.0,0.0,0.0,1.0,2.0,0.0,142.407,30.802,1.0,6483541
PSA2KMQ,422879,2020-09-23 18:31:15.965000-04:00,2020-09-27 18:33:00-04:00,2020-09-30 14:15:12.610000-04:00,2020-09-30 14:23:58.407000-04:00,1,,,,,,Not Assigned,,,,,,,,,,,,,,,,,2.0,2.0,211.036,105.505,1.0,6804857
PSA2KMQ,422983,2020-09-23 18:31:15.965000-04:00,2020-09-27 18:33:00-04:00,2020-09-26 16:42:46.788000-04:00,,1,,,,,,Not Assigned,,,,,,,,,,,,,,,,,,,,,,6478672
PSA2KMQ,423012,2020-09-23 18:31:15.965000-04:00,2020-09-27 18:33:00-04:00,2020-09-25 21:24:24.907000-04:00,2020-09-25 21:41:03.073000-04:00,1,,,,,,Not Assigned,,,,,,,,,,,,,,,,,2.0,1.0,394.421,168.576,1.0,6473323
PSA2KMQ,423055,2020-09-23 18:31:15.965000-04:00,2020-09-27 18:33:00-04:00,2020-09-24 15:23:19.367000-04:00,2020-09-24 15:37:52.743000-04:00,1,,,,,,Not Assigned,,,,,,,,,,,,,,,,,2.0,1.0,550.929,222.4535,1.0,6355380
PSA2KMQ,423659,2020-09-23 18:31:15.965000-04:00,2020-09-27 18:33:00-04:00,2020-09-26 06:12:42.426000-04:00,2020-09-26 06:22:25.898000-04:00,1,,,,,,Not Assigned,,,,,,,,,,,,,,,,,2.0,2.0,178.339,89.166,1.0,6475593
PSA2KMQ,423768,2020-09-23 18:31:15.965000-04:00,2020-09-27 18:33:00-04:00,2020-09-27 18:19:18.712000-04:00,2020-09-27 18:31:16.259000-04:00,1,,,,,,Treatment,94.025,18.8032,5.0,5.0,,,5.0,5.0,1.0,0.0,7.0,0.0,0.0,0.0,0.0,1.0,2.0,1.0,226.833,76.4695,1.0,6486645
PSA2KMQ,424191,2020-09-23 18:31:15.965000-04:00,2020-09-27 18:33:00-04:00,2020-09-25 12:59:43.382000-04:00,2020-09-25 13:18:29.690000-04:00,1,,,,,,Control,619.56,51.294875,5.0,6.0,2.0,1.0,8.0,9.0,3.0,0.0,12.0,3.0,0.0,0.0,0.0,1.0,2.0,0.0,228.469,35.471,1.0,6436026
PSA2KMQ,424496,2020-09-23 18:31:15.965000-04:00,2020-09-27 18:33:00-04:00,2020-12-08 16:36:26.622000-05:00,2020-12-08 16:54:29.252000-05:00,1,,,,,,Not Assigned,,,,,,,,,,,,,,,,,2.0,1.0,362.442,114.1295,1.0,10926429
PSA2KMQ,424518,2020-09-23 18:31:15.965000-04:00,2020-09-27 18:33:00-04:00,2020-09-29 12:28:29.916000-04:00,2020-10-03 16:18:24.666000-04:00,2,,,,,,Treatment,961.853,133.738333333333,6.0,5.0,1.0,1.0,6.0,6.0,1.0,0.0,10.0,1.0,0.0,0.0,0.0,1.0,2.0,0.0,381.108,109.9495,1.0,6657674
PSA2KMQ,424574,2020-09-23 18:31:15.965000-04:00,2020-09-27 18:33:00-04:00,2020-09-26 17:46:52.295000-04:00,2020-09-26 17:53:08.144000-04:00,1,,,,,,Not Assigned,,,,,,,,,,,,,,,,,2.0,1.0,195.431,69.1235,1.0,6479132
PSA2KMQ,424586,2020-09-23 18:31:15.965000-04:00,2020-09-27 18:33:00-04:00,2020-09-24 10:52:34.737000-04:00,2020-09-24 11:30:19.079000-04:00,1,,,,,,Not Assigned,,,,,,,,,,,,,,,,,2.0,2.0,829.034,414.5115,1.0,6290058
PSA2KMQ,424638,2020-09-23 18:31:15.965000-04:00,2020-09-27 18:33:00-04:00,2020-09-25 13:23:23.514000-04:00,2020-10-04 22:41:55.524000-04:00,2,,,,,,Not Assigned,,,,,,,,,,,,,,,,,2.0,0.0,163.662,44.225,1.0,6440743
PSA2KMQ,424643,2020-09-23 18:31:15.965000-04:00,2020-09-27 18:33:00-04:00,2020-09-24 19:13:45.882000-04:00,2020-09-24 19:19:48.592000-04:00,1,,,,,,Not Assigned,,,,,,,,,,,,,,,,,2.0,2.0,156.341,78.167,1.0,6375107
PSA2KMQ,424726,2020-09-23 18:31:15.965000-04:00,2020-09-27 18:33:00-04:00,2020-09-26 15:04:05.309000-04:00,2020-09-26 16:20:55.913000-04:00,4,,,,,,Treatment,291.274,58.2538,5.0,5.0,,,5.0,5.0,1.0,0.0,7.0,0.0,0.0,0.0,0.0,1.0,2.0,2.0,1491.202,745.596,1.0,6477951
PSA2KMQ,424865,2020-09-23 18:31:15.965000-04:00,2020-09-27 18:33:00-04:00,2020-09-24 14:21:17.416000-04:00,2020-09-24 14:25:54.528000-04:00,1,,,,,,Not Assigned,,,,,,,,,,,,,,,,,2.0,2.0,87.029,43.5115,1.0,6342706
PSA2KMQ,424894,2020-09-23 18:31:15.965000-04:00,2020-09-27 18:33:00-04:00,2020-09-29 21:19:14.374000-04:00,2020-09-29 22:57:06.824000-04:00,4,,,,,,Control,9817.302,26.8537692307692,7.0,9.0,2.0,2.0,11.0,13.0,6.0,2.0,18.0,6.0,0.0,0.0,2.0,3.0,2.0,1.0,117.688,51.119,1.0,6723261
PSA2KMQ,426509,2020-09-23 18:31:15.965000-04:00,2020-09-27 18:33:00-04:00,2020-09-24 14:18:24.687000-04:00,2020-09-24 15:45:22.362000-04:00,1,,,,,,Control,2417.323,604.328,4.0,4.0,,,4.0,4.0,0.0,0.0,9.0,0.0,0.0,0.0,0.0,1.0,2.0,0.0,383.652,63.1615,1.0,6342032
PSA2KMQ,427396,2020-09-23 18:31:15.965000-04:00,2020-09-27 18:33:00-04:00,2020-09-24 12:32:06.558000-04:00,2020-09-24 15:38:48.757000-04:00,6,,,,,,Treatment,10052.141,164.29625,12.0,6.0,2.0,2.0,12.0,12.0,1.0,0.0,28.0,16.0,0.0,0.0,0.0,6.0,2.0,0.0,345.77,96.556,1.0,6314591
PSA2KMQ,427518,2020-09-23 18:31:15.965000-04:00,2020-09-27 18:33:00-04:00,2020-09-28 17:39:11.915000-04:00,2020-09-28 18:22:15.395000-04:00,1,,,,,,Control,819.799,70.8525555555556,7.0,5.0,2.0,1.0,9.0,13.0,2.0,2.0,18.0,2.0,0.0,0.0,0.0,1.0,2.0,0.0,289.13,52.5275,1.0,6588069
PSA2KMQ,427718,2020-09-23 18:31:15.965000-04:00,2020-09-27 18:33:00-04:00,2020-09-24 16:11:17.847000-04:00,2020-09-24 16:33:02.524000-04:00,1,,,,,,Not Assigned,,,,,,,,,,,,,,,,,2.0,0.0,731.21,245.491,1.0,6362072
PSA2KMQ,427831,2020-09-23 18:31:15.965000-04:00,2020-09-27 18:33:00-04:00,2020-10-02 16:27:54.870000-04:00,,2,,,,,,Control,911.542,38.7505294117647,7.0,11.0,5.0,3.0,17.0,19.0,10.0,0.0,21.0,10.0,0.0,0.0,0.0,2.0,,,,,,7037148
PSA2KMQ,427844,2020-09-23 18:31:15.965000-04:00,2020-09-27 18:33:00-04:00,2020-09-25 17:41:19.252000-04:00,2020-09-25 18:14:53.478000-04:00,1,,,,,,Not Assigned,,,,,,,,,,,,,,,,,2.0,2.0,420.585,210.2815,1.0,6468881
PSA2KMQ,427938,2020-09-23 18:31:15.965000-04:00,2020-09-27 18:33:00-04:00,2020-09-24 12:02:40.075000-04:00,2020-09-24 12:14:40.601000-04:00,1,,,,,,Control,66.954,16.72975,4.0,4.0,,,4.0,4.0,0.0,0.0,9.0,0.0,0.0,0.0,0.0,1.0,2.0,1.0,70.559,29.4155,1.0,6306960
PSA2KMQ,428105,2020-09-23 18:31:15.965000-04:00,2020-09-27 18:33:00-04:00,2020-09-26 15:33:58.917000-04:00,2020-09-26 16:02:57.674000-04:00,4,,,,,,Not Assigned,,,,,,,,,,,,,,,,,2.0,0.0,175.5,46.713,1.0,6478174
PSA2KMQ,428497,2020-09-23 18:31:15.965000-04:00,2020-09-27 18:33:00-04:00,2020-09-27 02:37:22.667000-04:00,,3,,,,,,Not Assigned,,,,,,,,,,,,,,,,,2.0,0.0,422.386,385.654,1.0,6481420
PSA2KMQ,428501,2020-09-23 18:31:15.965000-04:00,2020-09-27 18:33:00-04:00,2020-09-28 00:44:13.428000-04:00,2020-09-28 00:56:52.454000-04:00,1,,,,,,Treatment,259.341,23.976375,8.0,7.0,1.0,1.0,8.0,8.0,1.0,0.0,16.0,3.0,0.0,0.0,0.0,1.0,2.0,1.0,173.097,54.518,1.0,6491891
PSA2KMQ,428623,2020-09-23 18:31:15.965000-04:00,2020-09-27 18:33:00-04:00,2020-09-25 17:51:20.636000-04:00,2020-09-25 18:33:52.302000-04:00,1,,,,,,Not Assigned,,,,,,,,,,,,,,,,,2.0,2.0,186.427,93.2115,1.0,6469225
PSA2KMQ,428662,2020-09-23 18:31:15.965000-04:00,2020-09-27 18:33:00-04:00,2020-09-28 23:56:43.082000-04:00,2020-09-29 00:17:28.419000-04:00,1,,,,,,Control,205.426,51.352,4.0,4.0,,,4.0,4.0,0.0,0.0,9.0,0.0,0.0,0.0,0.0,1.0,2.0,2.0,388.312,194.1515,1.0,6601867
PSA2KMQ,430518,2020-09-23 18:31:15.965000-04:00,2020-09-27 18:33:00-04:00,2020-09-24 13:07:27.770000-04:00,2020-09-24 13:56:07.582000-04:00,1,,,,,,Control,339.347,54.0902,5.0,5.0,1.0,1.0,5.0,6.0,1.0,0.0,12.0,1.0,0.0,0.0,0.0,1.0,2.0,2.0,865.047,432.5215,1.0,6323391
PSA2KMQ,432494,2020-09-23 18:31:15.965000-04:00,2020-09-27 18:33:00-04:00,2020-10-01 16:33:58.447000-04:00,,1,,,,,,Not Assigned,,,,,,,,,,,,,,,,,1.0,0.0,75.28,54.031,1.0,6942152
PSA2KMQ,432627,2020-09-23 18:31:15.965000-04:00,2020-09-27 18:33:00-04:00,2020-09-30 02:25:44.625000-04:00,2020-09-30 23:59:00.073000-04:00,2,,,,,,Not Assigned,,,,,,,,,,,,,,,,,2.0,1.0,190.397,55.877,1.0,6728264
PSA2KMQ,434442,2020-09-23 18:31:15.965000-04:00,2020-09-27 18:33:00-04:00,2020-09-30 15:07:06.378000-04:00,2020-09-30 16:08:10.070000-04:00,1,,,,,,Control,533.237,50.0968571428571,7.0,7.0,2.0,2.0,7.0,11.0,2.0,0.0,18.0,2.0,0.0,0.0,0.0,1.0,2.0,0.0,408.784,89.9225,1.0,6814427
PSA2KMQ,434794,2020-09-23 18:31:15.965000-04:00,2020-09-27 18:33:00-04:00,2020-09-24 17:18:13.044000-04:00,,1,,,,,,Not Assigned,,,,,,,,,,,,,,,,,,,,,,6368460
PSA2KMQ,435189,2020-09-23 18:31:15.965000-04:00,2020-09-27 18:33:00-04:00,2020-09-30 03:00:05.637000-04:00,,2,,,,,,Not Assigned,,,,,,,,,,,,,,,,,,,,,,6728374
PSA2KMQ,435877,2020-09-23 18:31:15.965000-04:00,2020-09-27 18:33:00-04:00,2020-09-23 21:50:51.375000-04:00,2020-09-23 22:28:01.972000-04:00,4,,,,,,Control,632.547,98.7656666666667,5.0,5.0,1.0,1.0,6.0,7.0,1.0,0.0,12.0,1.0,0.0,0.0,0.0,1.0,2.0,2.0,370.277,185.129,1.0,6253930
PSA2KMQ,436037,2020-09-23 18:31:15.965000-04:00,2020-09-27 18:33:00-04:00,2020-09-24 17:31:12.378000-04:00,,3,,,,,,Not Assigned,,,,,,,,,,,,,,,,,,,,,,6369369
PSA2KMQ,436680,2020-09-23 18:31:15.965000-04:00,2020-09-27 18:33:00-04:00,2020-09-26 18:12:23.139000-04:00,2020-09-26 18:25:54.398000-04:00,1,,,,,,Not Assigned,,,,,,,,,,,,,,,,,2.0,0.0,334.22,70.811,1.0,6479310
PSA2KMQ,437239,2020-09-23 18:31:15.965000-04:00,2020-09-27 18:33:00-04:00,2020-09-26 18:58:38.121000-04:00,2020-09-26 19:23:17.429000-04:00,1,,,,,,Not Assigned,,,,,,,,,,,,,,,,,2.0,2.0,721.788,360.8915,1.0,6479571
PSA2KMQ,437877,2020-09-23 18:31:15.965000-04:00,2020-09-27 18:33:00-04:00,2020-09-23 22:35:00.261000-04:00,,3,,,,,,Not Assigned,,,,,,,,,,,,,,,,,,,,,,6255228
PSA2KMQ,441223,2020-09-23 18:31:15.965000-04:00,2020-09-27 18:33:00-04:00,2020-09-27 13:08:01.225000-04:00,,1,,,,,,Not Assigned,,,,,,,,,,,,,,,,,,,,,,6483178
PSA2KMQ,441387,2020-09-23 18:31:15.965000-04:00,2020-09-27 18:33:00-04:00,2020-09-23 18:44:21.752000-04:00,2020-09-23 19:08:00.265000-04:00,1,,,,,,Not Assigned,,,,,,,,,,,,,,,,,2.0,1.0,240.819,53.133,1.0,6246242
PSA2KMQ,442445,2020-09-23 18:31:15.965000-04:00,2020-09-27 18:33:00-04:00,2020-09-23 20:06:17.694000-04:00,2020-09-23 20:19:05.171000-04:00,1,,,,,,Not Assigned,,,,,,,,,,,,,,,,,2.0,0.0,321.418,107.7655,1.0,6249995
PSA2KMQ,444433,2020-09-23 18:31:15.965000-04:00,2020-09-27 18:33:00-04:00,2020-10-02 03:43:53.449000-04:00,,4,,,,,,Not Assigned,,,,,,,,,,,,,,,,,,,,,,6962130
PSA2KMQ,444780,2020-09-23 18:31:15.965000-04:00,2020-09-27 18:33:00-04:00,2020-10-05 04:31:59.386000-04:00,2020-10-05 04:57:07.881000-04:00,1,,,,,,Treatment,507.444,46.9644285714286,7.0,5.0,1.0,1.0,7.0,8.0,1.0,0.0,13.0,4.0,0.0,0.0,0.0,1.0,2.0,2.0,105.156,52.5755,1.0,7062637
PSA2KMQ,444915,2020-09-23 18:31:15.965000-04:00,2020-09-27 18:33:00-04:00,2020-09-23 22:49:39.184000-04:00,2020-09-24 12:12:58.769000-04:00,2,,,,,,Not Assigned,,,,,,,,,,,,,,,,,2.0,0.0,166.8,39.9785,1.0,6255582
PSA2KMQ,445288,2020-09-23 18:31:15.965000-04:00,2020-09-27 18:33:00-04:00,2020-09-25 21:00:17.512000-04:00,2020-09-25 21:45:30.617000-04:00,1,,,,,,Not Assigned,,,,,,,,,,,,,,,,,2.0,0.0,610.889,83.872,1.0,6473015
PSA2KMQ,448412,2020-09-23 18:31:15.965000-04:00,2020-09-27 18:33:00-04:00,2020-09-28 02:31:02.002000-04:00,,3,,,,,,Not Assigned,,,,,,,,,,,,,,,,,,,,,,6492325
PSA2KMQ,450779,2020-09-23 18:31:15.965000-04:00,2020-09-27 18:33:00-04:00,2020-09-27 19:36:20.257000-04:00,2020-09-28 01:29:26.621000-04:00,2,,,,,,Treatment,589.124,117.8188,5.0,5.0,,,5.0,5.0,1.0,0.0,7.0,0.0,0.0,0.0,0.0,1.0,2.0,2.0,230.503,115.2455,1.0,6487785
PSA2KMQ,451410,2020-09-23 18:31:15.965000-04:00,2020-09-27 18:33:00-04:00,2020-09-30 15:23:19.102000-04:00,2020-09-30 15:50:07.091000-04:00,1,,,,,,Not Assigned,,,,,,,,,,,,,,,,,2.0,2.0,290.391,145.194,1.0,6816971
PSA2KMQ,451509,2020-09-23 18:31:15.965000-04:00,2020-09-27 18:33:00-04:00,2020-10-16 13:42:24.456000-04:00,,2,,,,,,Not Assigned,,,,,,,,,,,,,,,,,,,,,,7979150
PSA2KMQ,451683,2020-09-23 18:31:15.965000-04:00,2020-09-27 18:33:00-04:00,2020-09-25 18:50:41.482000-04:00,,1,,,,,,Not Assigned,,,,,,,,,,,,,,,,,1.0,,,,1.0,6470760
PSA2KMQ,451995,2020-09-23 18:31:15.965000-04:00,2020-09-27 18:33:00-04:00,2020-09-23 18:35:39.735000-04:00,2020-09-23 19:20:49.688000-04:00,1,,,,,,Not Assigned,,,,,,,,,,,,,,,,,2.0,2.0,471.799,235.8955,1.0,6245758
PSA2KMQ,452153,2020-09-23 18:31:15.965000-04:00,2020-09-27 18:33:00-04:00,2020-09-29 07:55:28.119000-04:00,,2,,,,,,Not Assigned,,,,,,,,,,,,,,,,,,,,,,6604415
PSA2KMQ,452433,2020-09-23 18:31:15.965000-04:00,2020-09-27 18:33:00-04:00,2020-09-25 20:17:37.041000-04:00,,1,,,,,,Not Assigned,,,,,,,,,,,,,,,,,,,,,,6472418
PSA2KMQ,452604,2020-09-23 18:31:15.965000-04:00,2020-09-27 18:33:00-04:00,2020-10-03 07:15:18.188000-04:00,,1,,,,,,Not Assigned,,,,,,,,,,,,,,,,,,,,,,7046404
PSA2KMQ,452763,2020-09-23 18:31:15.965000-04:00,2020-09-27 18:33:00-04:00,2020-09-27 15:09:20.861000-04:00,2020-09-27 16:03:14.431000-04:00,1,,,,,,Not Assigned,,,,,,,,,,,,,,,,,2.0,1.0,416.723,161.8155,1.0,6484404
PSA2KMQ,452820,2020-09-23 18:31:15.965000-04:00,2020-09-27 18:33:00-04:00,2020-09-27 00:47:37.280000-04:00,2020-09-27 01:09:21.178000-04:00,1,,,,,,Control,176.702,44.17125,4.0,4.0,,,4.0,4.0,0.0,0.0,9.0,0.0,0.0,0.0,0.0,1.0,2.0,2.0,237.842,118.917,1.0,6481269
PSA2KMQ,452866,2020-09-23 18:31:15.965000-04:00,2020-09-27 18:33:00-04:00,2020-10-05 13:12:32.285000-04:00,,1,,,,,,Not Assigned,,,,,,,,,,,,,,,,,,,,,,7118373
PSA2KMQ,452889,2020-09-23 18:31:15.965000-04:00,2020-09-27 18:33:00-04:00,2020-09-29 20:06:26.377000-04:00,,1,,,,,,Treatment,1040.375,80.744,10.0,4.0,2.0,2.0,10.0,11.0,1.0,0.0,25.0,15.0,0.0,0.0,0.0,1.0,,,,,,6720427
PSA2KMQ,452905,2020-09-23 18:31:15.965000-04:00,2020-09-27 18:33:00-04:00,2020-09-27 14:45:00.046000-04:00,,1,,,,,,Not Assigned,,,,,,,,,,,,,,,,,,,,,,6484097
PSA2KMQ,454100,2020-09-23 18:31:15.965000-04:00,2020-09-27 18:33:00-04:00,2020-09-28 01:10:42.853000-04:00,,3,,,,,,Not Assigned,,,,,,,,,,,,,,,,,,,,,,6492024
PSA2KMQ,454260,2020-09-23 18:31:15.965000-04:00,2020-09-27 18:33:00-04:00,2020-09-26 21:41:35.922000-04:00,2020-09-26 21:50:31.565000-04:00,1,,,,,,Not Assigned,,,,,,,,,,,,,,,,,2.0,0.0,159.477,59.0625,1.0,6480566
PSA2KMQ,454490,2020-09-23 18:31:15.965000-04:00,2020-09-27 18:33:00-04:00,2020-09-27 16:08:09.163000-04:00,,3,,,,,,Control,844.507,24.5807,4.0,7.0,3.0,3.0,9.0,13.0,10.0,3.0,12.0,10.0,0.0,0.0,2.0,1.0,,,,,,6485058
PSA2KMQ,454908,2020-09-23 18:31:15.965000-04:00,2020-09-27 18:33:00-04:00,2020-09-27 18:21:42.522000-04:00,,1,,,,,,Not Assigned,,,,,,,,,,,,,,,,,,,,,,6486669
PSA2KMQ,455051,2020-09-23 18:31:15.965000-04:00,2020-09-27 18:33:00-04:00,2020-10-01 11:43:14.720000-04:00,,5,,,,,,Not Assigned,,,,,,,,,,,,,,,,,,,,,,6885664
PSA2KMQ,455162,2020-09-23 18:31:15.965000-04:00,2020-09-27 18:33:00-04:00,2020-09-28 13:33:49.544000-04:00,2020-09-28 17:15:41.939000-04:00,3,,,,,,Treatment,199.692,39.935,5.0,5.0,,,5.0,5.0,1.0,0.0,7.0,0.0,0.0,0.0,0.0,1.0,2.0,2.0,191.723,95.8585,1.0,6552370
PSA2KMQ,455224,2020-09-23 18:31:15.965000-04:00,2020-09-27 18:33:00-04:00,2020-09-23 20:58:45.223000-04:00,2020-09-23 21:25:52.305000-04:00,2,,,,,,Control,113.951,28.48675,4.0,4.0,,,4.0,4.0,0.0,0.0,9.0,0.0,0.0,0.0,0.0,1.0,2.0,1.0,1132.353,89.735,2.0,6252097
PSA2KMQ,455536,2020-09-23 18:31:15.965000-04:00,2020-09-27 18:33:00-04:00,2020-09-29 15:24:46.202000-04:00,,1,,,,,,Not Assigned,,,,,,,,,,,,,,,,,,,,,,6697574
PSA2KMQ,456014,2020-09-23 18:31:15.965000-04:00,2020-09-27 18:33:00-04:00,2020-09-30 21:31:38.191000-04:00,2020-09-30 22:36:35.141000-04:00,1,,,,,,Control,436.063,20.3317692307692,7.0,9.0,3.0,1.0,13.0,15.0,6.0,0.0,18.0,6.0,0.0,0.0,0.0,1.0,2.0,0.0,325.752,63.464,1.0,6841180
PSA2KMQ,456412,2020-09-23 18:31:15.965000-04:00,2020-09-27 18:33:00-04:00,2020-09-29 16:48:38.832000-04:00,2020-09-29 17:03:38.586000-04:00,1,,,,,,Not Assigned,,,,,,,,,,,,,,,,,2.0,0.0,327.043,61.4645,1.0,6708340
PSA2KMQ,456483,2020-09-23 18:31:15.965000-04:00,2020-09-27 18:33:00-04:00,2020-09-25 12:20:26.444000-04:00,2020-09-25 12:49:59.481000-04:00,3,,,,,,Not Assigned,,,,,,,,,,,,,,,,,2.0,1.0,716.096,60.1655,1.0,6428332
PSA2KMQ,456544,2020-09-23 18:31:15.965000-04:00,2020-09-27 18:33:00-04:00,2020-10-04 15:37:36.730000-04:00,,2,,,,,,Not Assigned,,,,,,,,,,,,,,,,,,,,,,7054925
PSA2KMQ,456847,2020-09-23 18:31:15.965000-04:00,2020-09-27 18:33:00-04:00,2020-09-27 19:42:05.494000-04:00,,2,,,,,,Not Assigned,,,,,,,,,,,,,,,,,,,,,,6487873
PSA2KMQ,457076,2020-09-23 18:31:15.965000-04:00,2020-09-27 18:33:00-04:00,2020-09-27 22:21:18.615000-04:00,2020-09-28 00:43:36.546000-04:00,3,,,,,,Treatment,2712.417,317.686571428571,7.0,6.0,1.0,1.0,7.0,7.0,1.0,0.0,13.0,3.0,0.0,0.0,0.0,1.0,2.0,0.0,1395.897,55.456,3.0,6490472
PSA2KMQ,458584,2020-09-23 18:31:15.965000-04:00,2020-09-27 18:33:00-04:00,2020-09-28 02:14:36.367000-04:00,2020-09-28 02:58:37.556000-04:00,1,,,,,,Control,396.013,99.00125,4.0,4.0,,,4.0,4.0,0.0,0.0,9.0,0.0,0.0,0.0,0.0,1.0,2.0,0.0,469.734,138.59,1.0,6492270
PSA2KMQ,458746,2020-09-23 18:31:15.965000-04:00,2020-09-27 18:33:00-04:00,2020-09-28 13:37:33.307000-04:00,,1,,,,,,Not Assigned,,,,,,,,,,,,,,,,,,,,,,6553293
PSA2KMQ,458812,2020-09-23 18:31:15.965000-04:00,2020-09-27 18:33:00-04:00,2020-09-29 17:06:52.937000-04:00,,1,,,,,,Not Assigned,,,,,,,,,,,,,,,,,,,,,,6710033
PSA2KMQ,458896,2020-09-23 18:31:15.965000-04:00,2020-09-27 18:33:00-04:00,2020-12-01 14:37:28.875000-05:00,,1,,,,,,Not Assigned,,,,,,,,,,,,,,,,,,,,,,10474265
PSA2KMQ,458900,2020-09-23 18:31:15.965000-04:00,2020-09-27 18:33:00-04:00,2020-10-01 15:08:59.649000-04:00,2020-10-01 15:41:57.902000-04:00,1,,,,,,Not Assigned,,,,,,,,,,,,,,,,,2.0,0.0,1564.06,697.373,1.0,6931472
PSA2KMQ,459012,2020-09-23 18:31:15.965000-04:00,2020-09-27 18:33:00-04:00,2020-10-02 02:46:31.116000-04:00,,1,,,,,,Not Assigned,,,,,,,,,,,,,,,,,,,,,,6962042
PSA2KMQ,459396,2020-09-23 18:31:15.965000-04:00,2020-09-27 18:33:00-04:00,2020-09-30 14:05:05.151000-04:00,2020-09-30 14:34:49.061000-04:00,1,,,,,,Control,264.804,66.19925,4.0,4.0,,,4.0,4.0,1.0,0.0,9.0,0.0,0.0,0.0,0.0,1.0,2.0,0.0,320.228,100.9795,1.0,6802336
PSA2KMQ,459555,2020-09-23 18:31:15.965000-04:00,2020-09-27 18:33:00-04:00,2020-09-23 21:40:15.828000-04:00,2020-09-23 22:03:17.247000-04:00,1,,,,,,Not Assigned,,,,,,,,,,,,,,,,,2.0,2.0,182.428,91.2115,1.0,6253580
PSA2KMQ,459591,2020-09-23 18:31:15.965000-04:00,2020-09-27 18:33:00-04:00,2020-09-25 02:57:33.811000-04:00,,2,,,,,,Not Assigned,,,,,,,,,,,,,,,,,,,,,,6385509
PSA2KMQ,459956,2021-04-05 08:38:00-04:00,2021-05-14 20:40:00-04:00,2021-04-09 14:12:33.707000-04:00,,2,,,,,,Not Assigned,,,,,,,,,,,,,,,,,,,,,,15407927
PSA2KMQ,460475,2021-04-05 08:38:00-04:00,2021-05-14 20:40:00-04:00,2021-04-26 12:49:20.312000-04:00,,6,,,,,,Not Assigned,,,,,,,,,,,,,,,,,,,,,,15879567
PSA2KMQ,460512,2021-04-05 08:38:00-04:00,2021-05-14 20:40:00-04:00,2021-04-21 10:01:11.745000-04:00,2021-04-21 10:25:30.125000-04:00,1,,,,,,Treatment,275.317,55.0604,5.0,5.0,,,5.0,5.0,2.0,0.0,7.0,0.0,0.0,0.0,0.0,1.0,2.0,0.0,349.997,108.3245,1.0,15746846
PSA2KMQ,460865,2021-02-25 07:49:09.499000-05:00,,2021-02-25 09:57:57.314000-05:00,,1,,,,,,Not Assigned,,,,,,,,,,,,,,,,,,,,,,13908267
PSA2KMQ,460879,2020-09-23 18:31:15.965000-04:00,2020-09-27 18:33:00-04:00,2020-09-29 11:39:17.131000-04:00,,1,,,,,,Not Assigned,,,,,,,,,,,,,,,,,,,,,,6645734
PSA2KMQ,460885,2021-04-05 08:38:00-04:00,2021-05-14 20:40:00-04:00,2021-05-27 13:14:38.288000-04:00,,1,,,,,,Not Assigned,,,,,,,,,,,,,,,,,,,,,,16639386
PSA2KMQ,461096,2021-04-05 08:38:00-04:00,2021-05-14 20:40:00-04:00,2021-05-13 13:20:58.156000-04:00,,1,,,,,,Not Assigned,,,,,,,,,,,,,,,,,,,,,,16381754
PSA2KMQ,461108,2021-04-05 08:38:00-04:00,2021-05-14 20:40:00-04:00,2021-04-08 19:36:45.274000-04:00,2021-04-22 19:50:01.886000-04:00,6,,,,,,Not Assigned,,,,,,,,,,,,,,,,,2.0,2.0,251.038,125.5155,1.0,15382607
PSA2KMQ,461203,2021-04-05 08:38:00-04:00,2021-05-14 20:40:00-04:00,2021-05-19 14:32:18.713000-04:00,2021-05-20 15:37:35.141000-04:00,4,,,,,,Not Assigned,,,,,,,,,,,,,,,,,2.0,2.0,342.784,171.389,1.0,16510121
PSA2KMQ,461311,2021-04-05 08:38:00-04:00,2021-05-14 20:40:00-04:00,2021-04-11 15:00:12.192000-04:00,2021-05-14 23:36:40.178000-04:00,6,,,,,,Not Assigned,,,,,,,,,,,,,,,,,2.0,2.0,997.12,498.559,1.0,15418195
PSA2KMQ,461314,2021-04-05 08:38:00-04:00,2021-05-14 20:40:00-04:00,2021-04-08 19:40:14.375000-04:00,2021-04-08 19:50:41.417000-04:00,1,,,,,,Control,152.427,38.1005,4.0,4.0,,,4.0,4.0,0.0,0.0,9.0,0.0,0.0,0.0,0.0,1.0,2.0,2.0,190.494,95.243,1.0,15382644
PSA2KMQ,461508,2021-04-05 08:38:00-04:00,2021-05-14 20:40:00-04:00,2021-05-18 17:43:36.597000-04:00,2021-05-18 18:26:18.789000-04:00,6,,,,,,Treatment,1032.193,98.001,9.0,6.0,2.0,2.0,9.0,13.0,2.0,0.0,19.0,3.0,0.0,0.0,0.0,4.0,2.0,1.0,435.51,95.4365,1.0,16487952
PSA2KMQ,461739,2021-02-05 08:21:44.281000-05:00,,2021-02-05 09:21:57.576000-05:00,,1,,,,,,Not Assigned,,,,,,,,,,,,,,,,,,,,,,13132493
PSA2KMQ,461747,2021-02-05 08:21:44.281000-05:00,,2021-02-05 09:23:54.187000-05:00,,1,,,,,,Not Assigned,,,,,,,,,,,,,,,,,,,,,,13132680
PSA2KMQ,461757,2021-02-05 08:21:44.281000-05:00,,2021-02-05 09:27:19.186000-05:00,,1,,,,,,Not Assigned,,,,,,,,,,,,,,,,,,,,,,13132943
PSA2KMQ,461793,2021-02-05 08:21:44.281000-05:00,,2021-02-05 09:28:08.334000-05:00,,1,,,,,,Not Assigned,,,,,,,,,,,,,,,,,,,,,,13133026
PSA2KMQ,461820,2021-02-05 08:21:44.281000-05:00,,2021-02-05 09:19:57.999000-05:00,,2,,,,,,Not Assigned,,,,,,,,,,,,,,,,,,,,,,13132276
PSA2KMQ,461876,2021-02-25 07:49:09.499000-05:00,,2021-02-25 15:02:58.843000-05:00,,1,,,,,,Not Assigned,,,,,,,,,,,,,,,,,,,,,,13947948
PSA2KMQ,462184,2021-02-16 08:00:00-05:00,,2021-02-17 11:12:47.367000-05:00,2021-02-17 11:29:50.842000-05:00,1,,,,,,Not Assigned,,,,,,,,,,,,,,,,,2.0,0.0,266.961,104.8835,1.0,13563432
PSA2KMQ,464203,2020-09-23 18:31:15.965000-04:00,2020-09-27 18:33:00-04:00,2020-09-30 22:47:00.051000-04:00,,1,,,,,,Not Assigned,,,,,,,,,,,,,,,,,,,,,,6843402
PSA2KMQ,464646,2021-02-16 08:00:00-05:00,,2021-02-16 18:54:32.291000-05:00,2021-02-18 18:18:52.883000-05:00,4,,,,,,Treatment,672.766,102.007166666667,6.0,5.0,1.0,1.0,6.0,6.0,1.0,0.0,10.0,1.0,0.0,0.0,0.0,1.0,2.0,0.0,179.001,56.697,1.0,13545202
PSA2KMQ,465695,2020-09-23 18:31:15.965000-04:00,2020-09-27 18:33:00-04:00,2020-10-01 16:57:25.475000-04:00,2020-10-01 17:23:07.333000-04:00,1,,,,,,Treatment,147.403,29.477,5.0,5.0,,,5.0,5.0,2.0,0.0,7.0,0.0,0.0,0.0,0.0,1.0,2.0,2.0,144.827,72.411,1.0,6944288
PSA2KMQ,465858,2020-09-23 18:31:15.965000-04:00,2020-09-27 18:33:00-04:00,2020-09-28 12:34:56.893000-04:00,,2,,,,,,Not Assigned,,,,,,,,,,,,,,,,,,,,,,6539075
PSA2KMQ,466139,2021-02-16 08:00:00-05:00,,2021-02-17 15:52:26.162000-05:00,2021-02-17 16:00:38.211000-05:00,1,,,,,,Not Assigned,,,,,,,,,,,,,,,,,2.0,2.0,189.086,94.538,1.0,13587886
PSA2KMQ,466385,2020-09-23 18:31:15.965000-04:00,2020-09-27 18:33:00-04:00,2020-10-13 17:26:58.613000-04:00,,1,,,,,,Not Assigned,,,,,,,,,,,,,,,,,,,,,,7728216
PSA2KMQ,466408,2020-09-23 18:31:15.965000-04:00,2020-09-27 18:33:00-04:00,2020-09-30 05:09:57.868000-04:00,2020-09-30 13:01:46.229000-04:00,3,,,,,,Not Assigned,,,,,,,,,,,,,,,,,2.0,1.0,164.417,76.4495,1.0,6728603
PSA2KMQ,466653,2021-02-16 08:00:00-05:00,,2021-02-16 14:40:01.525000-05:00,2021-02-18 17:14:24.756000-05:00,3,,,,,,Control,540.224,27.1260666666667,8.0,10.0,3.0,1.0,15.0,19.0,8.0,0.0,21.0,7.0,0.0,0.0,0.0,1.0,2.0,2.0,154.225,77.11,1.0,13534333
PSA2KMQ,466693,2021-02-16 08:00:00-05:00,,2021-02-16 13:01:25.885000-05:00,,8,,,,,,Not Assigned,,,,,,,,,,,,,,,,,,,,,,13525070
PSA2KMQ,467073,2021-02-16 08:00:00-05:00,,2021-02-16 12:55:49.487000-05:00,2021-02-16 13:07:36.765000-05:00,1,,,,,,Not Assigned,,,,,,,,,,,,,,,,,2.0,0.0,386.645,106.9,1.0,13524568
PSA2KMQ,467279,2020-09-23 18:31:15.965000-04:00,2020-09-27 18:33:00-04:00,2020-09-30 21:32:14.298000-04:00,2020-09-30 21:39:12.449000-04:00,1,,,,,,Not Assigned,,,,,,,,,,,,,,,,,2.0,0.0,264.568,58.0425,1.0,6841205
PSA2KMQ,467448,2021-02-16 08:00:00-05:00,,2021-02-17 11:49:47.724000-05:00,,3,,,,,,Not Assigned,,,,,,,,,,,,,,,,,,,,,,13567180
PSA2KMQ,467542,2021-02-05 08:21:44.281000-05:00,,2021-02-05 09:20:23.603000-05:00,,1,,,,,,Not Assigned,,,,,,,,,,,,,,,,,,,,,,13132321
PSA2KMQ,467548,2021-02-16 08:00:00-05:00,,2021-02-17 19:41:06.378000-05:00,2021-02-17 20:28:08.719000-05:00,1,,,,,,Treatment,133.083,26.6118,5.0,5.0,,,5.0,5.0,2.0,0.0,7.0,0.0,0.0,0.0,0.0,1.0,2.0,0.0,2207.326,124.7135,1.0,13594301
PSA2KMQ,469488,2021-02-16 08:00:00-05:00,,2021-02-16 12:15:44.041000-05:00,2021-02-16 15:24:26.180000-05:00,2,,,,,,Control,119.51,29.87525,4.0,4.0,,,4.0,4.0,0.0,0.0,9.0,0.0,0.0,0.0,0.0,1.0,2.0,0.0,193.03,66.013,1.0,13520600
PSA2KMQ,469780,2021-02-03 12:00:00-05:00,2021-02-03 18:00:00-05:00,2021-03-01 17:40:18.034000-05:00,,1,,,,,,Not Assigned,,,,,,,,,,,,,,,,,,,,,,14077975
PSA2KMQ,469788,2021-02-03 12:00:00-05:00,2021-02-03 18:00:00-05:00,2021-02-05 11:45:44.080000-05:00,,2,,,,,,Not Assigned,,,,,,,,,,,,,,,,,,,,,,13146474
PSA2KMQ,470104,2021-04-05 08:38:00-04:00,2021-05-14 20:40:00-04:00,2021-04-22 18:46:55.843000-04:00,2021-04-27 17:36:41.637000-04:00,2,,,,,,Not Assigned,,,,,,,,,,,,,,,,,2.0,2.0,151.155,75.571,1.0,15819199
PSA2KMQ,470352,2021-02-16 08:00:00-05:00,,2021-02-16 10:15:09.615000-05:00,,2,,,,,,Control,833.659,20.4459090909091,7.0,12.0,5.0,5.0,18.0,24.0,15.0,8.0,21.0,15.0,0.0,0.0,3.0,1.0,,,,,,13509985
PSA2KMQ,470926,2020-09-23 18:31:15.965000-04:00,2020-09-27 18:33:00-04:00,2020-09-28 14:50:35.928000-04:00,2020-09-29 12:44:33.814000-04:00,3,,,,,,Not Assigned,,,,,,,,,,,,,,,,,2.0,0.0,531.774,241.9055,1.0,6568852
PSA2KMQ,471234,2021-02-03 12:00:00-05:00,2021-02-03 18:00:00-05:00,2021-02-04 12:33:16.801000-05:00,,1,,,,,,Not Assigned,,,,,,,,,,,,,,,,,,,,,,13091578
PSA2KMQ,471252,2021-02-03 12:00:00-05:00,2021-02-03 18:00:00-05:00,2021-02-03 22:42:19.996000-05:00,,3,,,,,,Treatment,653.918,192.025333333333,4.0,1.0,0.0,0.0,2.0,6.0,1.0,0.0,7.0,2.0,0.0,0.0,0.0,1.0,,,,,,13058631
PSA2KMQ,471283,2021-02-03 12:00:00-05:00,2021-02-03 18:00:00-05:00,2021-02-04 18:35:24.673000-05:00,2021-02-04 20:44:32.525000-05:00,1,,,,,,Treatment,1118.93,147.325,7.0,6.0,1.0,1.0,7.0,7.0,1.0,0.0,13.0,3.0,0.0,0.0,0.0,1.0,2.0,0.0,2255.379,1020.3065,1.0,13121543
PSA2KMQ,471294,2021-02-03 12:00:00-05:00,2021-02-03 18:00:00-05:00,2021-02-05 11:43:53.928000-05:00,,3,,,,,,Control,983.145,12.3245909090909,7.0,10.0,7.0,7.0,13.0,28.0,21.0,18.0,21.0,21.0,0.0,0.0,9.0,1.0,,,,,,13146260
PSA2KMQ,471318,2021-02-03 12:00:00-05:00,2021-02-03 18:00:00-05:00,2021-02-04 16:00:47.608000-05:00,,5,,,,,,Not Assigned,,,,,,,,,,,,,,,,,,,,,,13115551
PSA2KMQ,472119,2021-02-03 12:00:00-05:00,2021-02-03 18:00:00-05:00,2021-02-04 03:27:03.098000-05:00,,4,,,,,,Not Assigned,,,,,,,,,,,,,,,,,,,,,,13060155
PSA2KMQ,474233,2021-02-16 08:00:00-05:00,,2021-02-16 11:28:18.521000-05:00,,6,,,,,,Not Assigned,,,,,,,,,,,,,,,,,,,,,,13516214
PSA2KMQ,475939,2021-02-03 12:00:00-05:00,2021-02-03 18:00:00-05:00,2021-02-05 11:48:56.556000-05:00,,1,,,,,,Not Assigned,,,,,,,,,,,,,,,,,,,,,,13146826
PSA2KMQ,475998,2021-02-16 08:00:00-05:00,,2021-02-17 09:50:01.924000-05:00,2021-02-17 10:24:49.497000-05:00,1,,,,,,Control,337.13,84.277,4.0,4.0,,,4.0,4.0,1.0,0.0,9.0,0.0,0.0,0.0,0.0,1.0,2.0,0.0,436.85,168.6115,1.0,13555604
PSA2KMQ,476053,2021-02-03 12:00:00-05:00,2021-02-03 18:00:00-05:00,2021-02-03 12:02:39.172000-05:00,2021-02-03 23:40:14.048000-05:00,6,,,,,,Treatment,736.474,147.29,5.0,5.0,,,5.0,5.0,1.0,0.0,7.0,0.0,0.0,0.0,0.0,2.0,2.0,1.0,591.903,214.8545,1.0,13020486
PSA2KMQ,476132,2021-02-16 08:00:00-05:00,,2021-02-16 12:08:18.948000-05:00,2021-02-16 12:22:11.308000-05:00,1,,,,,,Treatment,153.812,30.7582,5.0,5.0,,,5.0,5.0,1.0,0.0,7.0,0.0,0.0,0.0,0.0,1.0,2.0,2.0,116.03,58.011,1.0,13519940
PSA2KMQ,476137,2021-02-16 08:00:00-05:00,,2021-02-16 15:36:50.162000-05:00,2021-02-16 16:16:30.537000-05:00,1,,,,,,Not Assigned,,,,,,,,,,,,,,,,,2.0,0.0,414.032,132.273,1.0,13538270
PSA2KMQ,477890,2021-02-16 08:00:00-05:00,,2021-02-17 14:06:52.721000-05:00,2021-02-18 22:30:11.070000-05:00,6,,,,,,Control,1553.163,146.9418,7.0,9.0,1.0,1.0,10.0,10.0,3.0,0.0,18.0,3.0,0.0,0.0,0.0,3.0,2.0,0.0,117.271,31.414,1.0,13580454
PSA2KMQ,478517,2021-02-03 12:00:00-05:00,2021-02-03 18:00:00-05:00,2021-02-04 10:00:22.073000-05:00,,1,,,,,,Not Assigned,,,,,,,,,,,,,,,,,,,,,,13070802
PSA2KMQ,478685,2021-02-03 12:00:00-05:00,2021-02-03 18:00:00-05:00,2021-02-04 12:34:07.772000-05:00,,1,,,,,,Not Assigned,,,,,,,,,,,,,,,,,,,,,,13091702
PSA2KMQ,480112,2021-02-03 12:00:00-05:00,2021-02-03 18:00:00-05:00,2021-02-03 13:18:30.319000-05:00,,4,,,,,,Not Assigned,,,,,,,,,,,,,,,,,,,,,,13030218
PSA2KMQ,480601,2021-02-03 12:00:00-05:00,2021-02-03 18:00:00-05:00,2021-02-04 12:24:31.093000-05:00,,4,,,,,,Not Assigned,,,,,,,,,,,,,,,,,,,,,,13090432
PSA2KMQ,481158,2021-02-03 12:00:00-05:00,2021-02-03 18:00:00-05:00,2021-02-04 16:21:08.520000-05:00,,1,,,,,,Not Assigned,,,,,,,,,,,,,,,,,,,,,,13116805
PSA2KMQ,483010,2021-02-16 08:00:00-05:00,,2021-02-16 13:14:07.400000-05:00,,2,,,,,,Treatment,881.029,56.9575,8.0,1.0,0.0,0.0,2.0,2.0,1.0,0.0,19.0,16.0,0.0,0.0,0.0,1.0,,,,,,13526263
PSA2KMQ,484290,2021-02-03 12:00:00-05:00,2021-02-03 18:00:00-05:00,2021-02-03 12:01:45.567000-05:00,,1,,,,,,Control,5549.657,95.0003703703704,8.0,11.0,7.0,5.0,25.0,47.0,21.0,13.0,24.0,21.0,0.0,0.0,8.0,1.0,,,,,,13020354
PSA2KMQ,484740,2021-02-16 08:00:00-05:00,,2021-02-23 12:41:08.415000-05:00,2021-02-24 20:45:17.623000-05:00,3,,,,,,Not Assigned,,,,,,,,,,,,,,,,,2.0,0.0,2988.144,170.4585,1.0,13799382
PSA2KMQ,485688,2021-04-05 08:38:00-04:00,2021-05-14 20:40:00-04:00,2021-05-23 13:49:49.229000-04:00,,5,,,,,,Not Assigned,,,,,,,,,,,,,,,,,,,,,,16566386
PSA2KMQ,486386,2021-02-03 12:00:00-05:00,2021-02-03 18:00:00-05:00,2021-02-05 11:43:21.756000-05:00,,1,,,,,,Not Assigned,,,,,,,,,,,,,,,,,,,,,,13146204
PSA2KMQ,486967,2021-02-16 08:00:00-05:00,,2021-02-16 10:58:51.500000-05:00,,3,,,,,,Not Assigned,,,,,,,,,,,,,,,,,1.0,,,,1.0,13513576
PSA2KMQ,487131,2021-02-16 08:00:00-05:00,,2021-02-16 13:14:59.550000-05:00,,1,,,,,,Treatment,918.987,223.193,9.0,1.0,0.0,0.0,1.0,1.0,1.0,0.0,22.0,19.0,0.0,0.0,0.0,1.0,,,,,,13526346
PSA2KMQ,487466,2021-02-16 08:00:00-05:00,,2021-02-16 19:48:28.560000-05:00,,6,,,,,,Not Assigned,,,,,,,,,,,,,,,,,,,,,,13546210
PSA2KMQ,488641,2021-02-16 08:00:00-05:00,,2021-02-25 10:09:01.497000-05:00,,3,,,,,,Not Assigned,,,,,,,,,,,,,,,,,,,,,,13909683
PSA2KMQ,489011,2021-02-03 12:00:00-05:00,2021-02-03 18:00:00-05:00,2021-02-03 13:09:52.817000-05:00,,2,,,,,,Not Assigned,,,,,,,,,,,,,,,,,,,,,,13029190
PSA2KMQ,489223,2021-02-03 12:00:00-05:00,2021-02-03 18:00:00-05:00,2021-02-04 20:32:02.886000-05:00,,1,,,,,,Not Assigned,,,,,,,,,,,,,,,,,,,,,,13124189
PSA2KMQ,490095,2021-02-16 08:00:00-05:00,,2021-02-21 20:05:14.888000-05:00,,1,,,,,,Not Assigned,,,,,,,,,,,,,,,,,,,,,,13697961
PSA2KMQ,491888,2021-02-16 08:00:00-05:00,,2021-02-16 11:09:19.433000-05:00,2021-02-16 11:23:01.592000-05:00,1,,,,,,Control,146.781,36.69,4.0,4.0,,,4.0,4.0,0.0,0.0,9.0,0.0,0.0,0.0,0.0,1.0,2.0,1.0,196.085,64.368,1.0,13514516
PSA2KMQ,495329,2021-02-16 08:00:00-05:00,,2021-02-16 10:46:19.239000-05:00,2021-02-16 13:13:23.507000-05:00,5,,,,,,Treatment,635.746,49.619125,8.0,6.0,2.0,2.0,8.0,8.0,2.0,0.0,16.0,4.0,0.0,0.0,0.0,1.0,2.0,0.0,688.998,313.658,1.0,13512378
PSA2KMQ,496546,2021-02-16 08:00:00-05:00,,2021-02-16 10:53:44.015000-05:00,,3,,,,,,Not Assigned,,,,,,,,,,,,,,,,,,,,,,13513108
PSA2KMQ,497201,2020-09-23 18:31:15.965000-04:00,2020-09-27 18:33:00-04:00,2020-09-25 11:15:59.674000-04:00,,1,,,,,,Not Assigned,,,,,,,,,,,,,,,,,,,,,,6415719
PSA2KMQ,498526,2021-02-16 08:00:00-05:00,,2021-02-16 14:19:07.108000-05:00,2021-02-16 15:13:27.724000-05:00,1,,,,,,Not Assigned,,,,,,,,,,,,,,,,,2.0,0.0,679.813,174.1735,1.0,13532521
PSA2KMQ,499928,2021-02-16 08:00:00-05:00,,2021-02-16 10:17:17.506000-05:00,2021-02-16 10:42:47.971000-05:00,2,,,,,,Not Assigned,,,,,,,,,,,,,,,,,2.0,0.0,221.787,79.2305,1.0,13510200
PSA2KMQ,500056,2021-02-16 08:00:00-05:00,,2021-02-22 14:10:29.248000-05:00,,1,,,,,,Not Assigned,,,,,,,,,,,,,,,,,,,,,,13741847
PSA2KMQ,500083,2021-02-16 08:00:00-05:00,,2021-02-16 14:43:59.291000-05:00,,6,,,,,,Not Assigned,,,,,,,,,,,,,,,,,,,,,,13534670
PSA2KMQ,500433,2021-02-16 08:00:00-05:00,,2021-02-16 13:54:45.940000-05:00,2021-02-16 14:46:28.545000-05:00,3,,,,,,Not Assigned,,,,,,,,,,,,,,,,,2.0,0.0,2237.946,90.104,2.0,13530121
PSA2KMQ,500780,2021-02-16 08:00:00-05:00,,2021-02-16 20:32:10.094000-05:00,2021-02-16 20:43:48.536000-05:00,1,,,,,,Not Assigned,,,,,,,,,,,,,,,,,2.0,0.0,296.957,29.0755,1.0,13546937
PSA2KMQ,501314,2021-02-16 08:00:00-05:00,,2021-02-16 15:52:35.092000-05:00,,6,,,,,,Not Assigned,,,,,,,,,,,,,,,,,,,,,,13539107
PSA2KMQ,501698,2021-02-16 08:00:00-05:00,,2021-02-16 16:46:21.111000-05:00,2021-02-17 15:37:32.143000-05:00,3,,,,,,Control,309.682,38.3085714285714,7.0,7.0,1.0,1.0,7.0,9.0,1.0,0.0,18.0,1.0,0.0,0.0,0.0,1.0,2.0,0.0,256.692,110.312,1.0,13541682
PSA2KMQ,501846,2021-02-16 08:00:00-05:00,,2021-02-16 15:57:39.421000-05:00,2021-02-16 18:34:10.163000-05:00,2,,,,,,Not Assigned,,,,,,,,,,,,,,,,,2.0,0.0,9108.578,4402.994,2.0,13539356
PSA2KMQ,501932,2021-02-16 08:00:00-05:00,,2021-02-16 10:58:23.771000-05:00,2021-02-16 11:49:56.584000-05:00,6,,,,,,Treatment,167.376,33.4694,5.0,5.0,,,5.0,5.0,1.0,0.0,7.0,0.0,0.0,0.0,0.0,1.0,2.0,0.0,917.329,99.883,3.0,13513541
PSA2KMQ,501964,2021-02-16 08:00:00-05:00,,2021-02-16 17:19:17.272000-05:00,,10,,,,,,Not Assigned,,,,,,,,,,,,,,,,,,,,,,13542878
PSA2KMQ,502284,2021-02-16 08:00:00-05:00,,2021-02-16 14:59:39.547000-05:00,2021-02-16 15:12:39.321000-05:00,1,,,,,,Not Assigned,,,,,,,,,,,,,,,,,2.0,0.0,228.365,50.844,1.0,13535961
PSA2KMQ,502882,2021-02-16 08:00:00-05:00,,2021-02-16 15:17:38.209000-05:00,2021-02-16 16:10:09.395000-05:00,1,,,,,,Not Assigned,,,,,,,,,,,,,,,,,2.0,0.0,1609.163,267.4085,1.0,13537170
PSA2KMQ,503539,2021-02-16 08:00:00-05:00,,2021-02-17 15:23:31.522000-05:00,,10,,,,,,Not Assigned,,,,,,,,,,,,,,,,,,,,,,13586352
PSA2KMQ,503734,2021-02-16 08:00:00-05:00,,2021-02-19 12:04:27.888000-05:00,,2,,,,,,Not Assigned,,,,,,,,,,,,,,,,,,,,,,13668526
PSA2KMQ,504384,2021-02-16 08:00:00-05:00,,2021-02-17 13:56:15.176000-05:00,2021-02-17 23:36:47.926000-05:00,1,,,,,,Not Assigned,,,,,,,,,,,,,,,,,2.0,0.0,911.227,349.4805,1.0,13579492
PSA2KMQ,505129,2021-02-16 08:00:00-05:00,,2021-02-16 09:12:59.151000-05:00,2021-02-16 10:06:13.523000-05:00,1,,,,,,Not Assigned,,,,,,,,,,,,,,,,,2.0,0.0,248.892,111.822,1.0,13505914
PSA2KMQ,505778,2021-02-16 08:00:00-05:00,,2021-02-16 11:01:24.778000-05:00,2021-02-17 14:58:54.728000-05:00,3,,,,,,Treatment,727.955,81.7717142857143,7.0,6.0,1.0,1.0,7.0,7.0,1.0,0.0,13.0,3.0,0.0,0.0,0.0,1.0,2.0,0.0,293.538,95.9655,1.0,13513809
PSA2KMQ,506671,2021-02-16 08:00:00-05:00,,2021-02-17 14:07:53.449000-05:00,2021-02-18 22:55:24.383000-05:00,5,,,,,,Control,811.827,52.4093333333333,6.0,9.0,2.0,1.0,12.0,13.0,6.0,0.0,15.0,6.0,0.0,0.0,0.0,1.0,2.0,0.0,92.011,35.3865,1.0,13580554
PSA2KMQ,508793,2021-02-16 08:00:00-05:00,,2021-02-16 22:01:09.938000-05:00,2021-02-16 22:06:35.374000-05:00,1,,,,,,Not Assigned,,,,,,,,,,,,,,,,,2.0,0.0,113.11,25.7315,1.0,13548124
PSA2KMQ,509457,2021-02-16 08:00:00-05:00,,2021-02-18 14:37:49.169000-05:00,,8,,,,,,Not Assigned,,,,,,,,,,,,,,,,,,,,,,13634257
PSA2KMQ,510263,2021-02-16 08:00:00-05:00,,2021-02-16 19:51:58.780000-05:00,2021-02-18 22:37:57.107000-05:00,2,,,,,,Treatment,181287.062,16392.8768181818,13.0,5.0,1.0,1.0,11.0,13.0,2.0,0.0,31.0,18.0,0.0,0.0,0.0,2.0,2.0,2.0,426.554,213.2715,1.0,13546276
PSA2KMQ,510264,2021-02-16 08:00:00-05:00,,2021-02-16 23:14:12.774000-05:00,2021-02-19 21:22:14.467000-05:00,8,,,,,,Control,159.259,39.8,4.0,4.0,,,4.0,4.0,0.0,0.0,9.0,0.0,0.0,0.0,0.0,2.0,2.0,0.0,196992.557,51.4185,2.0,13548869
PSA2KMQ,510307,2021-02-16 08:00:00-05:00,,2021-02-17 11:52:44.108000-05:00,,7,,,,,,Not Assigned,,,,,,,,,,,,,,,,,2.0,0.0,99.758,89.744,1.0,13567508
PSA2KMQ,510609,2021-02-16 08:00:00-05:00,,2021-02-18 15:48:54.913000-05:00,2021-02-25 10:11:26.852000-05:00,10,,,,,,Not Assigned,,,,,,,,,,,,,,,,,2.0,0.0,101.25,40.4855,1.0,13639687
PSA2KMQ,511081,2021-02-16 08:00:00-05:00,,2021-02-18 00:15:15.411000-05:00,2021-02-19 01:23:34.332000-05:00,3,,,,,,Treatment,464.74,61.1028571428571,7.0,6.0,1.0,1.0,7.0,7.0,1.0,0.0,13.0,3.0,0.0,0.0,0.0,1.0,2.0,0.0,372.021,74.4425,1.0,13597558
PSA2KMQ,515235,2020-11-25 09:00:00-05:00,2020-11-25 14:26:00-05:00,2020-11-25 10:54:54.704000-05:00,2020-11-25 11:09:09.450000-05:00,1,,,,,,Not Assigned,,,,,,,,,,,,,,,,,2.0,2.0,145.115,72.5505,1.0,10297586
PSA2KMQ,519378,2020-09-23 18:31:15.965000-04:00,2020-09-27 18:33:00-04:00,2020-11-04 19:48:11.233000-05:00,,1,,,,,,Treatment,300.187,50.552,4.0,1.0,0.0,0.0,2.0,4.0,2.0,3.0,7.0,1.0,0.0,0.0,1.0,1.0,,,,,,9168300
PSA2KMQ,522181,2020-09-23 18:31:15.965000-04:00,2020-09-27 18:33:00-04:00,2020-09-29 03:33:57.274000-04:00,,3,,,,,,Not Assigned,,,,,,,,,,,,,,,,,,,,,,6603074
PSA2KMQ,522321,2020-09-23 18:31:15.965000-04:00,2020-09-27 18:33:00-04:00,2020-09-28 18:06:42.268000-04:00,,1,,,,,,Control,553.952,40.1627142857143,7.0,6.0,2.0,2.0,7.0,10.0,3.0,0.0,21.0,2.0,0.0,0.0,0.0,1.0,,,,,,6589716
PSA2KMQ,523134,2020-11-25 09:00:00-05:00,2020-11-25 14:26:00-05:00,2020-11-25 10:59:09.493000-05:00,,2,,,,,,Not Assigned,,,,,,,,,,,,,,,,,,,,,,10297715
PSA2KMQ,523346,2020-09-23 18:31:15.965000-04:00,2020-09-27 18:33:00-04:00,2020-09-24 23:24:39.905000-04:00,,1,,,,,,Not Assigned,,,,,,,,,,,,,,,,,,,,,,6383503
PSA2KMQ,525952,2021-02-16 08:00:00-05:00,,2021-02-17 15:32:21.245000-05:00,,3,,,,,,Not Assigned,,,,,,,,,,,,,,,,,,,,,,13586814
PSA2KMQ,529473,2021-02-16 08:00:00-05:00,,2021-03-01 10:43:19.530000-05:00,,4,,,,,,Treatment,69.341,28.678,3.0,1.0,,,2.0,2.0,1.0,0.0,4.0,1.0,0.0,0.0,0.0,1.0,,,,,,14034776
PSA2KMQ,531620,2020-09-23 18:31:15.965000-04:00,2020-09-27 18:33:00-04:00,2020-09-25 00:39:07.301000-04:00,2020-09-25 01:17:19.101000-04:00,1,,,,,,Control,283.005,70.7395,4.0,4.0,,,4.0,4.0,0.0,0.0,9.0,0.0,0.0,0.0,0.0,1.0,2.0,2.0,192.634,96.308,1.0,6384662
PSA2KMQ,535859,2021-05-10 09:08:12.582000-04:00,2021-05-10 21:07:00-04:00,2021-05-10 09:09:40.930000-04:00,,1,,,,,,Not Assigned,,,,,,,,,,,,,,,,,,,,,,16256741
PSA2KMQ,536065,2021-05-10 09:08:12.582000-04:00,2021-05-10 21:07:00-04:00,2021-05-10 09:08:43.145000-04:00,,1,,,,,,Not Assigned,,,,,,,,,,,,,,,,,,,,,,16256673
PSA2KMQ,538532,2021-02-03 12:00:00-05:00,2021-02-03 18:00:00-05:00,2021-02-05 11:44:31.480000-05:00,,1,,,,,,Not Assigned,,,,,,,,,,,,,,,,,,,,,,13146332
PSA2KMQ,539133,2021-05-10 09:08:12.577000-04:00,2021-05-10 21:07:00-04:00,2021-05-10 12:57:19.443000-04:00,,1,,,,,,Not Assigned,,,,,,,,,,,,,,,,,,,,,,16273379
PSA2KMQ,539145,2021-05-10 09:08:12.582000-04:00,2021-05-10 21:07:00-04:00,2021-05-10 09:08:53.633000-04:00,,1,,,,,,Not Assigned,,,,,,,,,,,,,,,,,,,,,,16256684
PSA2KMQ,540020,2021-05-10 09:08:12.582000-04:00,2021-05-10 21:07:00-04:00,2021-05-10 09:10:19.654000-04:00,,1,,,,,,Not Assigned,,,,,,,,,,,,,,,,,,,,,,16256770
PSA2KMQ,540951,2020-11-25 09:00:00-05:00,2020-11-25 14:26:00-05:00,2020-11-25 10:25:39.797000-05:00,2020-11-25 10:39:19.001000-05:00,1,,,,,,Not Assigned,,,,,,,,,,,,,,,,,2.0,2.0,129.278,64.6375,1.0,10296983
PSA2KMQ,545988,2021-05-10 09:08:12.577000-04:00,2021-05-10 21:07:00-04:00,2021-05-10 14:53:14.057000-04:00,,2,,,,,,Not Assigned,,,,,,,,,,,,,,,,,,,,,,16282310
PSA2KMQ,548760,2020-11-25 09:00:00-05:00,2020-11-25 14:26:00-05:00,2020-11-25 12:59:29.249000-05:00,2020-11-25 13:20:48.666000-05:00,2,,,,,,Not Assigned,,,,,,,,,,,,,,,,,2.0,0.0,436.461,136.1565,1.0,10299845
PSA2KMQ,548762,2020-11-25 09:00:00-05:00,2020-11-25 14:26:00-05:00,2020-11-25 12:51:19.615000-05:00,,5,,,,,,Control,1431.763,20.3845,7.0,10.0,5.0,3.0,14.0,28.0,16.0,8.0,21.0,15.0,0.0,0.0,3.0,1.0,,,,,,10299719
PSA2KMQ,551558,2021-02-16 08:00:00-05:00,,2021-02-18 14:47:03.429000-05:00,2021-02-21 17:13:26.108000-05:00,4,,,,,,Not Assigned,,,,,,,,,,,,,,,,,2.0,0.0,398.826,85.8685,1.0,13635099
PSA2KMQ,555631,2020-11-17 10:25:45.658000-05:00,2020-11-18 08:00:00-05:00,2020-11-17 10:27:16.705000-05:00,,5,,,,,,Control,2026.282,39.5575263157895,6.0,7.0,5.0,4.0,15.0,47.0,18.0,16.0,18.0,18.0,0.0,0.0,8.0,1.0,,,,,,9877221
PSA2KMQ,560729,2021-05-06 09:14:27.873000-04:00,2021-05-10 21:00:00-04:00,2021-05-06 12:45:20.681000-04:00,,5,,,,,,Treatment,26.391,26.385,2.0,1.0,,,1.0,1.0,1.0,0.0,1.0,0.0,0.0,0.0,0.0,1.0,,,,,,16201040
PSA2KMQ,566505,2021-05-10 09:08:12.580000-04:00,2021-05-10 21:07:00-04:00,2021-05-10 10:16:15.340000-04:00,,3,,,,,,Not Assigned,,,,,,,,,,,,,,,,,,,,,,16260787
PSA2KMQ,567496,2021-05-10 09:08:12.580000-04:00,2021-05-10 21:07:00-04:00,2021-05-10 10:41:50.781000-04:00,,2,,,,,,Not Assigned,,,,,,,,,,,,,,,,,,,,,,16262626
PSA2KMQ,570332,2021-02-16 08:00:00-05:00,,2021-02-16 09:10:41.647000-05:00,,4,,,,,,Not Assigned,,,,,,,,,,,,,,,,,,,,,,13505802
PSA2KMQ,570501,2021-05-10 09:08:12.582000-04:00,2021-05-10 21:07:00-04:00,2021-05-10 09:43:30.181000-04:00,,2,,,,,,Not Assigned,,,,,,,,,,,,,,,,,,,,,,16258675
PSA2KMQ,570515,2021-05-10 09:08:12.582000-04:00,2021-05-10 21:07:00-04:00,2021-05-10 09:08:53.224000-04:00,,3,,,,,,Not Assigned,,,,,,,,,,,,,,,,,,,,,,16256682
PSA2KMQ,570521,2021-05-10 09:08:12.582000-04:00,2021-05-10 21:07:00-04:00,2021-05-10 09:17:42.111000-04:00,,2,,,,,,Not Assigned,,,,,,,,,,,,,,,,,,,,,,16257181
PSA2KMQ,570527,2021-05-10 09:08:12.582000-04:00,2021-05-10 21:07:00-04:00,2021-05-10 09:14:10.126000-04:00,,1,,,,,,Not Assigned,,,,,,,,,,,,,,,,,,,,,,16256981
PSA2KMQ,570528,2021-05-10 09:08:12.582000-04:00,2021-05-10 21:07:00-04:00,2021-05-10 09:10:35.025000-04:00,,1,,,,,,Not Assigned,,,,,,,,,,,,,,,,,,,,,,16256776
PSA2KMQ,570533,2021-05-10 09:08:12.582000-04:00,2021-05-10 21:07:00-04:00,2021-05-10 09:08:50.345000-04:00,,1,,,,,,Not Assigned,,,,,,,,,,,,,,,,,,,,,,16256680
PSA2KMQ,570540,2021-05-10 09:08:12.582000-04:00,2021-05-10 21:07:00-04:00,2021-05-10 09:10:00.718000-04:00,,2,,,,,,Not Assigned,,,,,,,,,,,,,,,,,,,,,,16256763
PSA2KMQ,583712,2021-03-22 00:18:00-04:00,2021-04-07 14:30:00-04:00,2021-03-24 10:44:44.114000-04:00,2021-04-07 12:55:19.537000-04:00,4,,,,,,Treatment,119.131,23.8232,5.0,5.0,,,5.0,5.0,1.0,0.0,7.0,0.0,0.0,0.0,0.0,1.0,2.0,0.0,87.035,34.102,1.0,14981194
PSA2KMQ,586173,2020-11-17 10:25:45.654000-05:00,2020-11-18 08:00:00-05:00,2020-11-17 14:11:38.972000-05:00,2020-11-17 14:38:41.838000-05:00,2,,,,,,Treatment,535.384,72.9852857142857,7.0,6.0,1.0,1.0,7.0,7.0,1.0,0.0,13.0,3.0,0.0,0.0,0.0,2.0,2.0,0.0,253.649,59.9615,1.0,9922776
PSA2KMQ,588192,2021-03-22 00:18:00-04:00,2021-04-07 14:30:00-04:00,2021-03-24 08:11:03.455000-04:00,2021-03-24 08:20:53.431000-04:00,1,,,,,,Treatment,174.531,15.537875,8.0,7.0,1.0,1.0,8.0,8.0,2.0,0.0,16.0,3.0,0.0,0.0,0.0,1.0,2.0,0.0,50.523,12.9925,1.0,14970301
PSA2KMQ,593365,2021-05-10 09:08:12.582000-04:00,2021-05-10 21:07:00-04:00,2021-05-10 09:09:54.136000-04:00,,1,,,,,,Not Assigned,,,,,,,,,,,,,,,,,,,,,,16256757
PSA2KMQ,593636,2021-05-10 09:08:12.580000-04:00,2021-05-10 21:07:00-04:00,2021-05-10 10:14:59.802000-04:00,,1,,,,,,Not Assigned,,,,,,,,,,,,,,,,,,,,,,16260706
PSA2KMQ,593671,2021-05-10 09:08:12.577000-04:00,2021-05-10 21:07:00-04:00,2021-05-10 19:59:06.856000-04:00,,1,,,,,,Not Assigned,,,,,,,,,,,,,,,,,,,,,,16290226
PSA2KMQ,593792,2021-03-22 00:18:00-04:00,2021-04-07 14:30:00-04:00,2021-03-23 10:34:49.603000-04:00,,5,,,,,,Not Assigned,,,,,,,,,,,,,,,,,,,,,,14929073
PSA2KMQ,593795,2021-03-22 00:18:00-04:00,2021-04-07 14:30:00-04:00,2021-03-23 10:31:48.171000-04:00,,2,,,,,,Not Assigned,,,,,,,,,,,,,,,,,,,,,,14928801
PSA2KMQ,593796,2021-03-22 00:18:00-04:00,2021-04-07 14:30:00-04:00,2021-03-23 10:14:09.295000-04:00,2021-03-25 10:29:31.431000-04:00,3,,,,,,Not Assigned,,,,,,,,,,,,,,,,,2.0,0.0,24.836,5.7625,1.0,14927019
PSA2KMQ,593797,2021-03-22 00:18:00-04:00,2021-04-07 14:30:00-04:00,2021-03-29 10:08:36.942000-04:00,2021-03-29 10:24:12.950000-04:00,1,,,,,,Not Assigned,,,,,,,,,,,,,,,,,2.0,2.0,264.757,132.3745,1.0,15103025
PSA2KMQ,593798,2021-03-22 00:18:00-04:00,2021-04-07 14:30:00-04:00,2021-04-05 13:37:00.144000-04:00,2021-04-07 20:48:47.585000-04:00,7,,,,,,Control,395966.227,12204.973125,7.0,9.0,4.0,1.0,15.0,21.0,9.0,1.0,18.0,9.0,0.0,0.0,1.0,5.0,2.0,0.0,298.406,117.748,1.0,15258532
PSA2KMQ,593802,2021-03-22 00:18:00-04:00,2021-04-07 14:30:00-04:00,2021-03-29 10:15:39.284000-04:00,,3,,,,,,Not Assigned,,,,,,,,,,,,,,,,,,,,,,15103517
PSA2KMQ,593860,2021-05-10 09:08:12.577000-04:00,2021-05-10 21:07:00-04:00,2021-05-10 13:56:13.011000-04:00,,1,,,,,,Not Assigned,,,,,,,,,,,,,,,,,,,,,,16278111
PSA2KMQ,596327,2021-05-10 09:08:12.580000-04:00,2021-05-10 21:07:00-04:00,2021-05-10 11:41:33.302000-04:00,,1,,,,,,Not Assigned,,,,,,,,,,,,,,,,,,,,,,16267081
PSA2KMQ,597941,2021-02-26 13:57:05.029000-05:00,2021-03-03 01:00:00-05:00,2021-03-02 08:48:04.391000-05:00,,1,,,,,,Not Assigned,,,,,,,,,,,,,,,,,,,,,,14088562
PSA2KMQ,598839,2021-05-10 09:08:12.577000-04:00,2021-05-10 21:07:00-04:00,2021-05-10 14:00:36.493000-04:00,,1,,,,,,Not Assigned,,,,,,,,,,,,,,,,,,,,,,16278456
PSA2KMQ,598963,2021-02-26 13:57:05.029000-05:00,2021-03-03 01:00:00-05:00,2021-02-26 14:12:24.965000-05:00,,2,,,,,,Not Assigned,,,,,,,,,,,,,,,,,,,,,,13999259
PSA2KMQ,599052,2021-02-26 13:57:05.029000-05:00,2021-03-03 01:00:00-05:00,2021-02-26 13:57:12.125000-05:00,,1,,,,,,Not Assigned,,,,,,,,,,,,,,,,,,,,,,13997823
PSA2KMQ,599063,2021-02-26 13:57:05.029000-05:00,2021-03-03 01:00:00-05:00,2021-02-26 14:05:24.697000-05:00,,1,,,,,,Not Assigned,,,,,,,,,,,,,,,,,,,,,,13998646
PSA2KMQ,600847,2020-09-23 18:31:15.965000-04:00,2020-09-27 18:33:00-04:00,2020-09-27 14:33:00.930000-04:00,2020-09-27 14:49:30.364000-04:00,1,,,,,,Not Assigned,,,,,,,,,,,,,,,,,2.0,1.0,323.498,114.7765,1.0,6483985
PSA2KMQ,602548,2021-02-26 13:57:05.029000-05:00,2021-03-03 01:00:00-05:00,2021-03-02 23:14:45.449000-05:00,,1,,,,,,Not Assigned,,,,,,,,,,,,,,,,,,,,,,14154721
PSA2KMQ,603378,2021-03-22 00:18:00-04:00,2021-04-07 14:30:00-04:00,2021-03-23 10:41:24.335000-04:00,,5,,,,,,Control,496.538,29.6865,6.0,5.0,4.0,4.0,9.0,13.0,8.0,7.0,18.0,7.0,0.0,0.0,4.0,1.0,,,,,,14929669
PSA2KMQ,603437,2021-03-22 00:18:00-04:00,2021-04-07 14:30:00-04:00,2021-03-24 13:16:34.770000-04:00,2021-03-24 13:26:03.712000-04:00,1,,,,,,Not Assigned,,,,,,,,,,,,,,,,,2.0,1.0,176.12,74.933,1.0,14994998
PSA2KMQ,605449,2021-03-22 00:18:00-04:00,2021-04-07 14:30:00-04:00,2021-03-29 10:08:12.767000-04:00,,3,,,,,,Not Assigned,,,,,,,,,,,,,,,,,,,,,,15103003
PSA2KMQ,605570,2021-03-22 00:18:00-04:00,2021-04-07 14:30:00-04:00,2021-03-22 13:58:53.126000-04:00,2021-03-23 10:51:43.014000-04:00,2,,,,,,Not Assigned,,,,,,,,,,,,,,,,,2.0,1.0,141.493,68.7405,1.0,14899935
PSA2KMQ,605571,2021-03-22 00:18:00-04:00,2021-04-07 14:30:00-04:00,2021-03-25 10:56:36.256000-04:00,2021-03-25 20:29:15.146000-04:00,1,,,,,,Not Assigned,,,,,,,,,,,,,,,,,2.0,0.0,34122.364,17032.906,1.0,15026641
PSA2KMQ,605576,2021-03-22 00:18:00-04:00,2021-04-07 14:30:00-04:00,2021-03-23 10:22:33.541000-04:00,,2,,,,,,Not Assigned,,,,,,,,,,,,,,,,,,,,,,14927913
PSA2KMQ,605586,2021-03-22 00:18:00-04:00,2021-04-07 14:30:00-04:00,2021-04-01 09:41:17.217000-04:00,,1,,,,,,Not Assigned,,,,,,,,,,,,,,,,,,,,,,15210624
PSA2KMQ,605603,2021-03-22 00:18:00-04:00,2021-04-07 14:30:00-04:00,2021-04-06 14:49:54.306000-04:00,,1,,,,,,Not Assigned,,,,,,,,,,,,,,,,,2.0,0.0,20.61,12.793,1.0,15297340
PSA2KMQ,607265,2021-04-22 11:45:00-04:00,2021-04-26 16:00:00-04:00,2021-04-23 15:57:15.428000-04:00,2021-04-23 16:26:59.396000-04:00,1,,,,,,Not Assigned,,,,,,,,,,,,,,,,,2.0,2.0,702.921,351.4395,1.0,15849255
PSA2KMQ,607372,2021-04-22 11:45:00-04:00,2021-04-26 16:00:00-04:00,2021-04-26 15:05:53.903000-04:00,2021-04-26 22:29:44.974000-04:00,3,,,,,,Control,355.82,88.9465,4.0,4.0,,,4.0,4.0,0.0,0.0,9.0,0.0,0.0,0.0,0.0,1.0,2.0,0.0,170.58,73.3265,1.0,15891743
PSA2KMQ,607453,2021-04-22 11:45:00-04:00,2021-04-26 16:00:00-04:00,2021-04-23 09:58:37.887000-04:00,,3,,,,,,Not Assigned,,,,,,,,,,,,,,,,,,,,,,15828121
PSA2KMQ,607480,2021-04-22 11:45:00-04:00,2021-04-26 16:00:00-04:00,2021-04-23 10:47:07.156000-04:00,,1,,,,,,Not Assigned,,,,,,,,,,,,,,,,,,,,,,15830992
PSA2KMQ,607617,2021-05-05 10:48:00-04:00,2021-05-07 10:50:00-04:00,2021-05-05 10:53:16.035000-04:00,2021-05-05 11:06:06.177000-04:00,2,,,,,,Not Assigned,,,,,,,,,,,,,,,,,2.0,0.0,255.39,105.9395,1.0,16156781
PSA2KMQ,607661,2021-05-05 10:48:00-04:00,2021-05-07 10:50:00-04:00,2021-05-05 10:54:15.956000-04:00,,1,,,,,,Not Assigned,,,,,,,,,,,,,,,,,,,,,,16156861
PSA2KMQ,607669,2021-04-22 11:45:00-04:00,2021-04-26 16:00:00-04:00,2021-04-23 15:02:31.386000-04:00,,1,,,,,,Not Assigned,,,,,,,,,,,,,,,,,,,,,,15847531
PSA2KMQ,607695,2021-04-22 11:45:00-04:00,2021-04-26 16:00:00-04:00,2021-04-25 15:41:44.930000-04:00,,1,,,,,,Not Assigned,,,,,,,,,,,,,,,,,,,,,,15856404
PSA2KMQ,607947,2021-04-22 11:45:00-04:00,2021-04-26 16:00:00-04:00,2021-04-30 18:02:14.847000-04:00,,1,,,,,,Not Assigned,,,,,,,,,,,,,,,,,,,,,,16060818
PSA2KMQ,608138,2021-05-05 10:48:00-04:00,2021-05-07 10:50:00-04:00,2021-05-05 10:54:35.605000-04:00,,3,,,,,,Not Assigned,,,,,,,,,,,,,,,,,,,,,,16156891
PSA2KMQ,608385,2021-05-05 10:48:00-04:00,2021-05-07 10:50:00-04:00,2021-05-05 10:51:04.734000-04:00,,1,,,,,,Not Assigned,,,,,,,,,,,,,,,,,,,,,,16156613
PSA2KMQ,608544,2021-05-05 10:48:00-04:00,2021-05-07 10:50:00-04:00,2021-05-05 10:53:38.231000-04:00,2021-05-05 10:59:19.452000-04:00,1,,,,,,Control,54.566,13.639,4.0,4.0,,,4.0,4.0,0.0,0.0,9.0,0.0,0.0,0.0,0.0,1.0,2.0,0.0,134.936,52.5055,1.0,16156810
PSA2KMQ,608694,2021-05-05 10:48:00-04:00,2021-05-07 10:50:00-04:00,2021-05-05 10:50:14.611000-04:00,,3,,,,,,Not Assigned,,,,,,,,,,,,,,,,,,,,,,16156556
PSA2KMQ,608698,2021-05-05 10:48:00-04:00,2021-05-07 10:50:00-04:00,2021-05-05 10:50:19.308000-04:00,,3,,,,,,Not Assigned,,,,,,,,,,,,,,,,,,,,,,16156563
PSA2KMQ,608699,2021-05-05 10:48:00-04:00,2021-05-07 10:50:00-04:00,2021-05-05 10:51:00.812000-04:00,2021-05-05 11:14:23.965000-04:00,1,,,,,,Control,315.169,36.4164285714286,7.0,6.0,1.0,1.0,7.0,11.0,1.0,3.0,18.0,0.0,0.0,0.0,1.0,1.0,2.0,0.0,495.104,236.382,1.0,16156605
PSA2KMQ,608709,2021-05-05 10:48:00-04:00,2021-05-07 10:50:00-04:00,2021-05-05 10:50:53.980000-04:00,2021-05-05 15:28:52.513000-04:00,11,,,,,,Control,268.557,67.13575,4.0,4.0,,,4.0,4.0,0.0,0.0,9.0,0.0,0.0,0.0,0.0,1.0,2.0,0.0,264.252,105.8965,1.0,16156601
PSA2KMQ,608717,2021-05-05 10:48:00-04:00,2021-05-07 10:50:00-04:00,2021-05-05 10:53:59.349000-04:00,2021-05-07 09:55:10.496000-04:00,11,,,,,,Treatment,375.044,27.5015,8.0,6.0,1.0,1.0,8.0,11.0,1.0,0.0,16.0,2.0,0.0,0.0,0.0,3.0,2.0,0.0,249.042,100.439,1.0,16156842
PSA2KMQ,608719,2021-05-05 10:48:00-04:00,2021-05-07 10:50:00-04:00,2021-05-05 10:51:39.378000-04:00,2021-05-05 11:08:47.659000-04:00,1,,,,,,Not Assigned,,,,,,,,,,,,,,,,,2.0,0.0,160.035,72.0385,1.0,16156648
PSA2KMQ,608728,2021-05-05 10:48:00-04:00,2021-05-07 10:50:00-04:00,2021-05-05 10:50:35.143000-04:00,,3,,,,,,Not Assigned,,,,,,,,,,,,,,,,,,,,,,16156580
PSA2KMQ,608730,2021-05-05 10:48:00-04:00,2021-05-07 10:50:00-04:00,2021-05-05 10:51:43.095000-04:00,,4,,,,,,Not Assigned,,,,,,,,,,,,,,,,,,,,,,16156650
PSA2KMQ,608750,2021-05-05 10:48:00-04:00,2021-05-07 10:50:00-04:00,2021-05-05 10:51:33.321000-04:00,2021-05-07 14:42:02.125000-04:00,7,,,,,,Control,61.441,15.358,4.0,4.0,,,4.0,4.0,0.0,0.0,9.0,0.0,0.0,0.0,0.0,1.0,2.0,2.0,14621.002,7310.498,2.0,16156644
PSA2KMQ,608755,2021-05-05 10:48:00-04:00,2021-05-07 10:50:00-04:00,2021-05-05 10:57:19.452000-04:00,,1,,,,,,Not Assigned,,,,,,,,,,,,,,,,,,,,,,16157062
PSA2KMQ,608798,2021-05-05 10:48:00-04:00,2021-05-07 10:50:00-04:00,2021-05-05 10:53:37.468000-04:00,,1,,,,,,Not Assigned,,,,,,,,,,,,,,,,,,,,,,16156807
PSA2KMQ,608799,2021-05-05 10:48:00-04:00,2021-05-07 10:50:00-04:00,2021-05-05 10:50:07.476000-04:00,,3,,,,,,Not Assigned,,,,,,,,,,,,,,,,,,,,,,16156540
PSA2KMQ,608809,2021-05-05 10:48:00-04:00,2021-05-07 10:50:00-04:00,2021-05-05 10:54:06.907000-04:00,,1,,,,,,Not Assigned,,,,,,,,,,,,,,,,,,,,,,16156846
PSA2KMQ,608869,2021-05-05 10:48:00-04:00,2021-05-07 10:50:00-04:00,2021-05-05 10:53:05.269000-04:00,,1,,,,,,Not Assigned,,,,,,,,,,,,,,,,,,,,,,16156761
PSA2KMQ,608912,2021-05-05 10:48:00-04:00,2021-05-07 10:50:00-04:00,2021-05-05 10:52:07.440000-04:00,2021-05-06 12:03:30.438000-04:00,4,,,,,,Not Assigned,,,,,,,,,,,,,,,,,2.0,0.0,42.277,12.1135,1.0,16156684
PSA2KMQ,609540,2021-04-22 11:45:00-04:00,2021-04-26 16:00:00-04:00,2021-04-22 11:50:05.798000-04:00,2021-04-23 11:55:08.916000-04:00,2,,,,,,Not Assigned,,,,,,,,,,,,,,,,,2.0,2.0,576.11,288.0535,1.0,15794767
PSA2KMQ,609550,2021-04-22 11:45:00-04:00,2021-04-26 16:00:00-04:00,2021-04-22 11:59:42.590000-04:00,,5,,,,,,Not Assigned,,,,,,,,,,,,,,,,,,,,,,15795567
PSA2KMQ,609594,2021-04-22 11:45:00-04:00,2021-04-26 16:00:00-04:00,2021-05-30 15:46:13.114000-04:00,,3,,,,,,Not Assigned,,,,,,,,,,,,,,,,,,,,,,16659978
PSA2KMQ,609602,2020-09-23 18:31:15.965000-04:00,2020-09-27 18:33:00-04:00,2020-10-25 23:19:22.727000-04:00,2020-10-25 23:35:54.947000-04:00,1,,,,,,Not Assigned,,,,,,,,,,,,,,,,,2.0,1.0,400.255,182.3315,1.0,8496687
PSA2KMQ,609642,2021-04-22 11:45:00-04:00,2021-04-26 16:00:00-04:00,2021-04-23 11:40:22.518000-04:00,,1,,,,,,Not Assigned,,,,,,,,,,,,,,,,,,,,,,15834592
PSA2KMQ,609667,2021-04-22 11:45:00-04:00,2021-04-26 16:00:00-04:00,2021-04-23 11:52:01.729000-04:00,,1,,,,,,Not Assigned,,,,,,,,,,,,,,,,,,,,,,15835383
PSA2KMQ,609697,2021-04-22 11:45:00-04:00,2021-04-26 16:00:00-04:00,2021-04-22 12:01:11.962000-04:00,2021-04-26 16:38:27.734000-04:00,4,,,,,,Not Assigned,,,,,,,,,,,,,,,,,2.0,2.0,274801.725,137400.846,3.0,15795694
PSA2KMQ,609712,2021-04-22 11:45:00-04:00,2021-04-26 16:00:00-04:00,2021-04-23 11:30:37.030000-04:00,,2,,,,,,Not Assigned,,,,,,,,,,,,,,,,,,,,,,15833992
PSA2KMQ,609738,2021-04-22 11:45:00-04:00,2021-04-26 16:00:00-04:00,2021-04-22 12:09:18.503000-04:00,,2,,,,,,Not Assigned,,,,,,,,,,,,,,,,,,,,,,15796399
PSA2KMQ,609751,2021-04-22 11:45:00-04:00,2021-04-26 16:00:00-04:00,2021-04-22 11:50:53.275000-04:00,2021-04-22 12:17:42.775000-04:00,1,,,,,,Not Assigned,,,,,,,,,,,,,,,,,2.0,0.0,425.802,195.383,1.0,15794827
PSA2KMQ,609770,2021-04-22 11:45:00-04:00,2021-04-26 16:00:00-04:00,2021-04-23 11:40:11.813000-04:00,,1,,,,,,Not Assigned,,,,,,,,,,,,,,,,,,,,,,15834574
PSA2KMQ,609776,2021-04-22 11:45:00-04:00,2021-04-26 16:00:00-04:00,2021-05-07 11:43:36.471000-04:00,,1,,,,,,Not Assigned,,,,,,,,,,,,,,,,,,,,,,16233281
PSA2KMQ,609781,2021-04-22 11:45:00-04:00,2021-04-26 16:00:00-04:00,2021-04-22 11:57:42.511000-04:00,2021-04-22 16:52:13.084000-04:00,4,,,,,,Not Assigned,,,,,,,,,,,,,,,,,2.0,0.0,502.482,91.2935,1.0,15795425
PSA2KMQ,609824,2021-04-22 11:45:00-04:00,2021-04-26 16:00:00-04:00,2021-04-23 11:36:01.066000-04:00,,5,,,,,,Not Assigned,,,,,,,,,,,,,,,,,,,,,,15834360
PSA2KMQ,610237,2021-03-22 00:18:00-04:00,2021-04-07 14:30:00-04:00,2021-03-22 12:30:01.045000-04:00,2021-03-25 12:56:11.339000-04:00,6,,,,,,Not Assigned,,,,,,,,,,,,,,,,,2.0,0.0,103099.426,51542.9065,3.0,14890948
PSA2KMQ,610238,2021-03-22 00:18:00-04:00,2021-04-07 14:30:00-04:00,2021-04-07 13:34:38.731000-04:00,,1,,,,,,Not Assigned,,,,,,,,,,,,,,,,,,,,,,15329760
PSA2KMQ,610243,2021-03-22 00:18:00-04:00,2021-04-07 14:30:00-04:00,2021-03-23 12:18:27.638000-04:00,,2,,,,,,Not Assigned,,,,,,,,,,,,,,,,,,,,,,14939858
PSA2KMQ,610245,2021-03-22 00:18:00-04:00,2021-04-07 14:30:00-04:00,2021-04-06 08:12:51.088000-04:00,,3,,,,,,Not Assigned,,,,,,,,,,,,,,,,,,,,,,15269559
PSA2KMQ,610247,2021-03-22 00:18:00-04:00,2021-04-07 14:30:00-04:00,2021-03-29 10:39:11.380000-04:00,,3,,,,,,Not Assigned,,,,,,,,,,,,,,,,,,,,,,15105113
PSA2KMQ,610248,2021-03-22 00:18:00-04:00,2021-04-07 14:30:00-04:00,2021-03-31 11:08:45.875000-04:00,,3,,,,,,Not Assigned,,,,,,,,,,,,,,,,,,,,,,15184091
PSA2KMQ,612170,2021-03-22 00:18:00-04:00,2021-04-07 14:30:00-04:00,2021-04-08 16:33:59.609000-04:00,,2,,,,,,Not Assigned,,,,,,,,,,,,,,,,,,,,,,15379428
PSA2KMQ,617529,2021-04-22 11:45:00-04:00,2021-04-26 16:00:00-04:00,2021-04-22 16:38:49.050000-04:00,,1,,,,,,Not Assigned,,,,,,,,,,,,,,,,,,,,,,15816208
PSA2KMQ,618284,2021-03-22 00:18:00-04:00,2021-04-07 14:30:00-04:00,2021-04-07 19:17:01.846000-04:00,,1,,,,,,Not Assigned,,,,,,,,,,,,,,,,,,,,,,15341412
PSA2KMQ,620000,2021-05-10 09:08:12.577000-04:00,2021-05-10 21:07:00-04:00,2021-05-10 13:55:20.439000-04:00,,1,,,,,,Not Assigned,,,,,,,,,,,,,,,,,,,,,,16278040
PSA2KMQ,620143,2021-04-22 11:45:00-04:00,2021-04-26 16:00:00-04:00,2021-04-27 01:54:12.742000-04:00,,2,,,,,,Not Assigned,,,,,,,,,,,,,,,,,,,,,,15903150
PSA2KMQ,620664,2021-03-22 00:18:00-04:00,2021-04-07 14:30:00-04:00,2021-03-23 12:04:13.656000-04:00,,1,,,,,,Not Assigned,,,,,,,,,,,,,,,,,,,,,,14938345
PSA2KMQ,621039,2021-04-22 11:45:00-04:00,2021-04-26 16:00:00-04:00,2021-04-23 10:27:04.219000-04:00,,2,,,,,,Not Assigned,,,,,,,,,,,,,,,,,,,,,,15829888
PSA2KMQ,621152,2021-04-22 11:45:00-04:00,2021-04-26 16:00:00-04:00,2021-04-23 10:44:18.678000-04:00,,1,,,,,,Not Assigned,,,,,,,,,,,,,,,,,,,,,,15830847
PSA2KMQ,621771,2021-04-22 11:45:00-04:00,2021-04-26 16:00:00-04:00,2021-04-26 15:50:26.884000-04:00,2021-04-26 16:02:49.426000-04:00,1,,,,,,Not Assigned,,,,,,,,,,,,,,,,,2.0,2.0,285.79,142.8855,1.0,15894240
PSA2KMQ,625755,2021-05-05 10:48:00-04:00,2021-05-07 10:50:00-04:00,2021-05-05 10:55:13.196000-04:00,,1,,,,,,Not Assigned,,,,,,,,,,,,,,,,,,,,,,16156934
PSA2KMQ,626868,2021-05-10 09:08:12.582000-04:00,2021-05-10 21:07:00-04:00,2021-05-10 09:12:08.312000-04:00,,1,,,,,,Not Assigned,,,,,,,,,,,,,,,,,,,,,,16256866
PSA2KMQ,644932,2021-04-22 11:45:00-04:00,2021-04-26 16:00:00-04:00,2021-05-18 12:01:06.697000-04:00,,1,,,,,,Not Assigned,,,,,,,,,,,,,,,,,,,,,,16470911
PSA2KMQ,645583,2021-03-10 12:20:10.458000-05:00,,2021-03-10 12:22:20.016000-05:00,2021-03-11 11:33:31.343000-05:00,4,,,,,,Control,540.746,27.4891818181818,7.0,10.0,3.0,3.0,10.0,12.0,7.0,1.0,18.0,7.0,0.0,0.0,0.0,1.0,2.0,0.0,82189.032,142.6305,3.0,14486055
PSA2KMQ,646890,2020-12-02 09:15:00-05:00,,2020-12-02 12:05:25.666000-05:00,,1,,,,,,Not Assigned,,,,,,,,,,,,,,,,,2.0,0.0,464.99,219.7145,1.0,10540244
PSA2KMQ,646952,2021-05-10 09:08:12.577000-04:00,2021-05-10 21:07:00-04:00,2021-05-17 12:41:07.578000-04:00,,1,,,,,,Not Assigned,,,,,,,,,,,,,,,,,,,,,,16440724
PSA2KMQ,647500,2020-12-02 09:15:00-05:00,,2020-12-02 10:34:58.431000-05:00,,6,,,,,,Not Assigned,,,,,,,,,,,,,,,,,,,,,,10523107
PSA2KMQ,648474,2021-01-14 11:00:00-05:00,2021-01-15 11:00:00-05:00,2021-01-15 13:53:16.073000-05:00,,4,,,,,,Not Assigned,,,,,,,,,,,,,,,,,,,,,,12196249
PSA2KMQ,648493,2021-01-14 11:00:00-05:00,2021-01-15 11:00:00-05:00,2021-01-16 23:30:07.004000-05:00,,1,,,,,,Treatment,1292.115,76.071,5.0,1.0,0.0,0.0,3.0,12.0,1.0,0.0,10.0,6.0,0.0,0.0,0.0,1.0,,,,,,12215673
PSA2KMQ,649489,2021-05-10 09:08:12.580000-04:00,2021-05-10 21:07:00-04:00,2021-05-10 12:16:07.427000-04:00,,2,,,,,,Not Assigned,,,,,,,,,,,,,,,,,,,,,,16269939
PSA2KMQ,649686,2021-05-10 09:08:12.580000-04:00,2021-05-10 21:07:00-04:00,2021-05-10 11:46:30.081000-04:00,,1,,,,,,Not Assigned,,,,,,,,,,,,,,,,,,,,,,16267436
PSA2KMQ,653423,2021-01-14 11:00:00-05:00,2021-01-15 11:00:00-05:00,2021-01-27 01:58:48.245000-05:00,,1,,,,,,Not Assigned,,,,,,,,,,,,,,,,,,,,,,12651498
PSA2KMQ,657740,2021-04-05 08:38:00-04:00,2021-05-14 20:40:00-04:00,2021-05-13 09:47:58.911000-04:00,2021-05-14 10:35:53.779000-04:00,5,,,,,,Treatment,125.985,25.1912,5.0,5.0,,,5.0,5.0,1.0,0.0,7.0,0.0,0.0,0.0,0.0,1.0,2.0,0.0,69.934,28.3365,1.0,16367730
PSA2KMQ,658369,2021-03-22 00:18:00-04:00,2021-04-07 14:30:00-04:00,2021-04-06 13:03:17.284000-04:00,,1,,,,,,Not Assigned,,,,,,,,,,,,,,,,,,,,,,15289096
PSA2KMQ,659325,2020-12-02 09:15:00-05:00,,2020-12-02 11:29:21.396000-05:00,,1,,,,,,Not Assigned,,,,,,,,,,,,,,,,,,,,,,10533694
PSA2KMQ,668560,2021-02-26 13:57:05.029000-05:00,2021-03-03 01:00:00-05:00,2021-03-02 19:27:42.437000-05:00,,1,,,,,,Not Assigned,,,,,,,,,,,,,,,,,,,,,,14151049
PSA2KMQ,675337,2020-09-21 10:00:00-04:00,2020-09-28 10:00:00-04:00,2020-09-21 10:17:42.478000-04:00,,3,,,,,,Not Assigned,,,,,,,,,,,,,,,,,,,,,,5895946
PSA2KMQ,676155,2020-09-21 10:00:00-04:00,2020-09-28 10:00:00-04:00,2020-09-21 10:52:57.190000-04:00,2020-09-22 20:11:41.186000-04:00,1,,,,,,Not Assigned,,,,,,,,,,,,,,,,,2.0,1.0,591.217,268.2375,1.0,5903565
PSA2KMQ,678556,2020-09-21 10:00:00-04:00,2020-09-28 10:00:00-04:00,2020-09-21 12:15:54.911000-04:00,2020-09-21 16:21:22.485000-04:00,4,,,,,,Control,167.581,41.893,4.0,4.0,,,4.0,4.0,0.0,0.0,9.0,0.0,0.0,0.0,0.0,1.0,2.0,0.0,698.286,124.1765,1.0,5924065
PSA2KMQ,679985,2020-09-21 10:00:00-04:00,2020-09-28 10:00:00-04:00,2020-09-23 10:04:30.719000-04:00,2020-09-23 10:19:10.738000-04:00,3,,,,,,Not Assigned,,,,,,,,,,,,,,,,,2.0,0.0,291.033,90.8655,1.0,6155546
PSA2KMQ,687033,2020-09-21 10:00:00-04:00,2020-09-28 10:00:00-04:00,2020-09-21 17:41:55.015000-04:00,2020-09-22 16:44:30.715000-04:00,7,,,,,,Control,1013.568,39.4343846153846,7.0,8.0,4.0,4.0,13.0,22.0,7.0,5.0,18.0,7.0,0.0,0.0,1.0,3.0,2.0,0.0,202.326,66.117,1.0,5984782
PSA2KMQ,687387,2020-09-21 10:00:00-04:00,2020-09-28 10:00:00-04:00,2020-09-21 21:41:29.315000-04:00,,8,,,,,,Not Assigned,,,,,,,,,,,,,,,,,,,,,,5997264
PSA2KMQ,688375,2020-09-21 10:00:00-04:00,2020-09-28 10:00:00-04:00,2020-09-22 16:13:49.463000-04:00,2020-09-23 14:46:13.266000-04:00,2,,,,,,Control,338.342,27.6827,7.0,9.0,1.0,1.0,10.0,10.0,3.0,0.0,18.0,3.0,0.0,0.0,0.0,1.0,2.0,0.0,80035.909,39945.972,2.0,6110047
PSA2KMQ,690266,2020-09-21 10:00:00-04:00,2020-09-28 10:00:00-04:00,2020-09-22 15:22:40.675000-04:00,2020-09-24 13:51:29.449000-04:00,5,,,,,,Not Assigned,,,,,,,,,,,,,,,,,2.0,1.0,711.277,155.252,2.0,6102527
PSA2KMQ,691152,2020-09-21 10:00:00-04:00,2020-09-28 10:00:00-04:00,2020-09-22 22:49:35.512000-04:00,,7,,,,,,Control,42996.689,2061.14495,7.0,12.0,5.0,5.0,15.0,21.0,15.0,6.0,21.0,15.0,0.0,0.0,2.0,2.0,,,,,,6133104
PSA2KMQ,691443,2021-05-05 10:48:00-04:00,2021-05-07 10:50:00-04:00,2021-05-05 11:04:45.949000-04:00,,3,,,,,,Not Assigned,,,,,,,,,,,,,,,,,,,,,,16157556
PSA2KMQ,691450,2020-09-21 10:00:00-04:00,2020-09-28 10:00:00-04:00,2020-09-21 10:48:57.722000-04:00,,3,,,,,,Not Assigned,,,,,,,,,,,,,,,,,,,,,,5902507
PSA2KMQ,691949,2020-09-21 10:00:00-04:00,2020-09-28 10:00:00-04:00,2020-09-21 15:27:05.429000-04:00,,13,,,,,,Control,193076.054,656.851428571428,4.0,6.0,3.0,1.0,14.0,26.0,10.0,0.0,12.0,10.0,0.0,0.0,0.0,7.0,,,,,,5969296
PSA2KMQ,692656,2021-04-14 08:00:00-04:00,2021-04-14 15:00:00-04:00,2021-04-14 11:29:28.320000-04:00,,2,,,,,,Control,2854.089,49.2337727272727,7.0,12.0,7.0,7.0,21.0,44.0,17.0,7.0,21.0,17.0,0.0,0.0,4.0,1.0,,,,,,15534192
PSA2KMQ,693008,2021-04-14 08:00:00-04:00,2021-04-14 15:00:00-04:00,2021-04-14 08:46:23.643000-04:00,,1,,,,,,Not Assigned,,,,,,,,,,,,,,,,,,,,,,15522317
PSA2KMQ,693077,2021-04-14 08:00:00-04:00,2021-04-14 15:00:00-04:00,2021-04-14 11:28:09.502000-04:00,2021-04-14 12:14:44.708000-04:00,1,,,,,,Not Assigned,,,,,,,,,,,,,,,,,2.0,0.0,207.261,58.761,1.0,15534055
PSA2KMQ,693118,2021-04-14 08:00:00-04:00,2021-04-14 15:00:00-04:00,2021-04-14 10:22:57.500000-04:00,,1,,,,,,Control,2192.875,65.4325652173913,9.0,15.0,5.0,1.0,23.0,38.0,15.0,0.0,24.0,15.0,0.0,0.0,0.0,1.0,1.0,,,,1.0,15528605
PSA2KMQ,693154,2021-04-14 08:00:00-04:00,2021-04-14 15:00:00-04:00,2021-04-14 10:22:53.278000-04:00,,1,,,,,,Control,1564.182,83.6034,7.0,8.0,4.0,3.0,10.0,26.0,6.0,0.0,21.0,6.0,0.0,0.0,0.0,1.0,,,,,,15528599
PSA2KMQ,693165,2021-04-14 08:00:00-04:00,2021-04-14 15:00:00-04:00,2021-04-14 10:27:13.146000-04:00,2021-04-14 10:51:47.288000-04:00,2,,,,,,Not Assigned,,,,,,,,,,,,,,,,,2.0,1.0,128.232,49.4375,1.0,15529013
PSA2KMQ,693228,2021-04-14 08:00:00-04:00,2021-04-14 15:00:00-04:00,2021-04-14 08:31:23.689000-04:00,2021-04-14 10:26:30.975000-04:00,2,,,,,,Control,3406.008,90.3143684210526,10.0,14.0,3.0,2.0,19.0,30.0,9.0,2.0,27.0,9.0,0.0,0.0,0.0,1.0,2.0,1.0,3413.895,1689.211,1.0,15521670
PSA2KMQ,693243,2021-04-14 08:00:00-04:00,2021-04-14 15:00:00-04:00,2021-04-14 09:13:54.274000-04:00,,1,,,,,,Control,381.824,60.341,2.0,0.0,0.0,0.0,2.0,5.0,2.0,0.0,6.0,2.0,0.0,0.0,0.0,1.0,,,,,,15523759
PSA2KMQ,693255,2021-04-14 08:00:00-04:00,2021-04-14 15:00:00-04:00,2021-04-14 08:36:01.435000-04:00,,2,,,,,,Treatment,1478.793,87.1705,10.0,3.0,1.0,1.0,10.0,17.0,1.0,0.0,25.0,11.0,0.0,0.0,0.0,1.0,,,,,,15521891
PSA2KMQ,693291,2021-04-14 08:00:00-04:00,2021-04-14 15:00:00-04:00,2021-04-14 14:44:32.174000-04:00,,1,,,,,,Not Assigned,,,,,,,,,,,,,,,,,,,,,,15552298
PSA2KMQ,693353,2021-04-14 08:00:00-04:00,2021-04-14 15:00:00-04:00,2021-04-14 15:08:13.255000-04:00,,1,,,,,,Not Assigned,,,,,,,,,,,,,,,,,,,,,,15553611
PSA2KMQ,693858,2020-09-21 10:00:00-04:00,2020-09-28 10:00:00-04:00,2020-09-21 15:25:46.828000-04:00,2020-09-23 19:54:32.682000-04:00,1,,,,,,Not Assigned,,,,,,,,,,,,,,,,,2.0,1.0,380.297,58.1415,1.0,5969131
PSA2KMQ,695243,2021-04-14 08:00:00-04:00,2021-04-14 15:00:00-04:00,2021-04-14 09:03:54.853000-04:00,,2,,,,,,Not Assigned,,,,,,,,,,,,,,,,,,,,,,15523132
PSA2KMQ,695326,2021-04-14 08:00:00-04:00,2021-04-14 15:00:00-04:00,2021-04-14 15:01:21.992000-04:00,,1,,,,,,Not Assigned,,,,,,,,,,,,,,,,,,,,,,15553220
PSA2KMQ,695419,2021-04-14 08:00:00-04:00,2021-04-14 15:00:00-04:00,2021-04-14 11:16:55.966000-04:00,,1,,,,,,Not Assigned,,,,,,,,,,,,,,,,,,,,,,15533168
PSA2KMQ,695466,2021-04-26 08:00:00-04:00,2021-04-26 15:00:00-04:00,2021-04-26 11:11:27.361000-04:00,2021-04-26 11:32:49.485000-04:00,5,,,,,,Treatment,142.442,28.485,5.0,5.0,,,5.0,5.0,1.0,0.0,7.0,0.0,0.0,0.0,0.0,2.0,2.0,2.0,93.253,46.6235,1.0,15870977
PSA2KMQ,695557,2021-04-14 08:00:00-04:00,2021-04-14 15:00:00-04:00,2021-04-22 21:51:04.591000-04:00,2021-04-22 22:01:04.143000-04:00,2,,,,,,Not Assigned,,,,,,,,,,,,,,,,,2.0,1.0,193.937,82.9175,1.0,15821252
PSA2KMQ,695651,2021-04-14 08:00:00-04:00,2021-04-14 15:00:00-04:00,2021-04-14 10:32:35.500000-04:00,2021-04-14 11:06:53.512000-04:00,1,,,,,,Not Assigned,,,,,,,,,,,,,,,,,2.0,2.0,280.497,140.247,1.0,15529475
PSA2KMQ,696257,2020-09-21 10:00:00-04:00,2020-09-28 10:00:00-04:00,2020-09-22 15:02:37.793000-04:00,,4,,,,,,Not Assigned,,,,,,,,,,,,,,,,,,,,,,6098716
PSA2KMQ,697272,2021-04-14 08:00:00-04:00,2021-04-14 15:00:00-04:00,2021-04-14 12:23:13.061000-04:00,2021-04-14 12:34:31.371000-04:00,1,,,,,,Not Assigned,,,,,,,,,,,,,,,,,2.0,0.0,310.253,109.981,1.0,15539284
PSA2KMQ,697957,2021-04-14 08:00:00-04:00,2021-04-14 15:00:00-04:00,2021-04-14 14:41:19.143000-04:00,,1,,,,,,Not Assigned,,,,,,,,,,,,,,,,,,,,,,15552068
PSA2KMQ,698168,2021-04-14 08:00:00-04:00,2021-04-14 15:00:00-04:00,2021-04-14 12:26:35.719000-04:00,,1,,,,,,Not Assigned,,,,,,,,,,,,,,,,,,,,,,15539620
PSA2KMQ,698179,2021-04-14 08:00:00-04:00,2021-04-14 15:00:00-04:00,2021-04-14 10:41:52.895000-04:00,2021-04-14 13:12:21.558000-04:00,3,,,,,,Treatment,1650.393,70.0579166666667,12.0,8.0,2.0,2.0,12.0,12.0,1.0,0.0,28.0,12.0,0.0,0.0,0.0,1.0,2.0,0.0,272.563,62.9145,1.0,15530286
PSA2KMQ,699590,2021-04-14 08:00:00-04:00,2021-04-14 15:00:00-04:00,2021-04-14 14:26:35.974000-04:00,,2,,,,,,Treatment,32125.435,15802.5725,8.0,1.0,0.0,0.0,2.0,4.0,1.0,0.0,19.0,14.0,0.0,0.0,0.0,1.0,,,,,,15550831
PSA2KMQ,699898,2020-09-21 10:00:00-04:00,2020-09-28 10:00:00-04:00,2020-09-29 08:50:19.171000-04:00,2020-09-29 09:07:36.005000-04:00,2,,,,,,Not Assigned,,,,,,,,,,,,,,,,,2.0,2.0,266.465,133.226,1.0,6608941
PSA2KMQ,700326,2021-04-14 08:00:00-04:00,2021-04-14 15:00:00-04:00,2021-04-14 08:35:54.726000-04:00,,1,,,,,,Control,801.845,18.3132272727273,7.0,11.0,5.0,4.0,22.0,32.0,15.0,8.0,21.0,15.0,0.0,0.0,2.0,1.0,,,,,,15521884
PSA2KMQ,701173,2020-10-08 11:00:00-04:00,2020-10-15 01:00:00-04:00,2020-10-14 22:30:25.867000-04:00,,4,,,,,,Treatment,353.569,70.712,5.0,5.0,,,5.0,5.0,1.0,0.0,7.0,0.0,0.0,0.0,0.0,2.0,1.0,,,,1.0,7832264
PSA2KMQ,701700,2020-10-08 11:00:00-04:00,2020-10-15 01:00:00-04:00,2020-10-09 14:59:39.107000-04:00,,1,,,,,,Not Assigned,,,,,,,,,,,,,,,,,1.0,,,,1.0,7547272
PSA2KMQ,702800,2020-10-08 11:00:00-04:00,2020-10-15 01:00:00-04:00,2020-10-08 13:59:59.541000-04:00,2020-10-08 14:17:29.878000-04:00,1,,,,,,Treatment,212.789,24.1665714285714,7.0,6.0,1.0,1.0,7.0,7.0,1.0,0.0,13.0,3.0,0.0,0.0,0.0,1.0,2.0,2.0,159.762,79.8755,1.0,7454462
PSA2KMQ,703975,2020-11-18 12:00:00-05:00,2020-11-20 02:59:00-05:00,2020-11-18 12:05:07.627000-05:00,2020-11-18 12:45:35.335000-05:00,2,,,,,,Control,136.532,34.1265,4.0,4.0,,,4.0,4.0,1.0,0.0,9.0,0.0,0.0,0.0,0.0,1.0,2.0,1.0,203.774,62.3605,1.0,9992916
PSA2KMQ,704239,2020-11-18 13:45:00-05:00,2020-11-20 02:59:00-05:00,2020-11-18 14:12:33.564000-05:00,,1,,,,,,Control,2012.259,107.056636363636,5.0,3.0,2.0,2.0,4.0,22.0,10.0,7.0,15.0,10.0,0.0,0.0,5.0,1.0,,,,,,10012904
PSA2KMQ,704738,2020-09-21 10:00:00-04:00,2020-09-28 10:00:00-04:00,2020-09-23 12:31:42.063000-04:00,2020-09-23 15:41:01.943000-04:00,1,,,,,,Control,2570.43,300.68325,8.0,8.0,2.0,2.0,8.0,10.0,2.0,0.0,21.0,2.0,0.0,0.0,0.0,1.0,2.0,1.0,1138.624,352.0575,1.0,6190675
PSA2KMQ,705356,2020-10-08 11:00:00-04:00,2020-10-15 01:00:00-04:00,2020-10-08 11:30:59.294000-04:00,2020-10-14 15:11:43.513000-04:00,5,,,,,,Control,34902.749,14.2693673469388,18.0,22.0,9.0,7.0,32.0,62.0,37.0,25.0,51.0,36.0,0.0,0.0,15.0,4.0,2.0,0.0,294.814,101.632,1.0,7424269
PSA2KMQ,706098,2020-09-21 10:00:00-04:00,2020-09-28 10:00:00-04:00,2020-09-21 15:30:41.917000-04:00,2020-09-25 11:27:42.059000-04:00,6,,,,,,Not Assigned,,,,,,,,,,,,,,,,,2.0,2.0,65.257,32.625,1.0,5969862
PSA2KMQ,706144,2020-12-02 09:15:00-05:00,,2020-12-02 13:26:59.952000-05:00,,4,,,,,,Treatment,1648099.488,823811.1155,4.0,1.0,0.0,0.0,1.0,4.0,1.0,0.0,7.0,4.0,0.0,0.0,0.0,3.0,,,,,,10553938
PSA2KMQ,706205,2020-10-08 11:00:00-04:00,2020-10-15 01:00:00-04:00,2020-10-14 13:07:14.949000-04:00,,1,,,,,,Not Assigned,,,,,,,,,,,,,,,,,,,,,,7789996
PSA2KMQ,707907,2020-09-21 10:00:00-04:00,2020-09-28 10:00:00-04:00,2020-10-01 21:38:50.105000-04:00,,1,,,,,,Not Assigned,,,,,,,,,,,,,,,,,,,,,,6957685
PSA2KMQ,707924,2020-10-08 11:00:00-04:00,2020-10-15 01:00:00-04:00,2020-10-08 16:29:25.102000-04:00,2020-10-08 16:52:09.733000-04:00,1,,,,,,Not Assigned,,,,,,,,,,,,,,,,,2.0,1.0,469.069,208.8165,1.0,7476381
PSA2KMQ,708662,2020-10-08 11:00:00-04:00,2020-10-15 01:00:00-04:00,2020-10-14 13:03:22.518000-04:00,,5,,,,,,Not Assigned,,,,,,,,,,,,,,,,,1.0,,,,1.0,7789306
PSA2KMQ,708937,2020-09-21 10:00:00-04:00,2020-09-28 10:00:00-04:00,2020-09-22 15:22:23.302000-04:00,,6,,,,,,Not Assigned,,,,,,,,,,,,,,,,,,,,,,6102478
PSA2KMQ,709050,2020-09-21 10:00:00-04:00,2020-09-28 10:00:00-04:00,2020-09-21 18:51:47.864000-04:00,2020-09-21 19:40:36.955000-04:00,1,,,,,,Control,131.123,32.77975,4.0,4.0,,,4.0,4.0,0.0,0.0,9.0,0.0,0.0,0.0,0.0,1.0,2.0,1.0,1837.458,882.627,1.0,5989157
PSA2KMQ,709132,2020-09-21 10:00:00-04:00,2020-09-28 10:00:00-04:00,2020-10-06 13:23:55.589000-04:00,,1,,,,,,Not Assigned,,,,,,,,,,,,,,,,,,,,,,7235083
PSA2KMQ,709777,2020-11-18 13:45:00-05:00,2020-11-20 02:59:00-05:00,2020-11-18 14:00:51.047000-05:00,2020-11-19 22:33:58.643000-05:00,5,,,,,,Not Assigned,,,,,,,,,,,,,,,,,2.0,0.0,484.526,128.386,1.0,10011128
PSA2KMQ,711071,2020-09-21 10:00:00-04:00,2020-09-28 10:00:00-04:00,2020-09-23 09:37:42.202000-04:00,,1,,,,,,Not Assigned,,,,,,,,,,,,,,,,,,,,,,6149649
PSA2KMQ,711406,2020-09-21 10:00:00-04:00,2020-09-28 10:00:00-04:00,2020-09-25 18:38:55.045000-04:00,2020-09-25 19:20:43.979000-04:00,1,,,,,,Not Assigned,,,,,,,,,,,,,,,,,2.0,1.0,350.159,141.6895,1.0,6470502
PSA2KMQ,713152,2020-09-21 10:00:00-04:00,2020-09-28 10:00:00-04:00,2020-09-21 16:22:38.881000-04:00,,2,,,,,,Control,524995.29,44.57784375,10.0,13.0,8.0,5.0,24.0,38.0,24.0,14.0,30.0,24.0,0.0,0.0,7.0,2.0,,,,,,5977194
PSA2KMQ,713587,2020-09-21 10:00:00-04:00,2020-09-28 10:00:00-04:00,2020-09-24 16:06:22.374000-04:00,2020-09-25 15:29:07.534000-04:00,5,,,,,,Control,520.986,28.945,9.0,13.0,2.0,2.0,15.0,15.0,6.0,0.0,24.0,6.0,0.0,0.0,0.0,1.0,2.0,1.0,476.813,101.2745,3.0,6361414
PSA2KMQ,715243,2020-09-21 10:00:00-04:00,2020-09-28 10:00:00-04:00,2020-09-23 15:43:36.556000-04:00,2020-09-23 16:10:07.342000-04:00,1,,,,,,Not Assigned,,,,,,,,,,,,,,,,,2.0,0.0,530.639,95.7435,1.0,6231537
PSA2KMQ,716014,2020-11-18 12:00:00-05:00,2020-11-20 02:59:00-05:00,2020-11-18 12:38:12.439000-05:00,,1,,,,,,Not Assigned,,,,,,,,,,,,,,,,,,,,,,9998064
PSA2KMQ,716066,2020-11-18 12:00:00-05:00,2020-11-20 02:59:00-05:00,2020-11-18 12:46:51.952000-05:00,2020-11-18 13:06:11.880000-05:00,2,,,,,,Treatment,75.813,15.1594,5.0,5.0,,,5.0,5.0,1.0,0.0,7.0,0.0,0.0,0.0,0.0,1.0,2.0,1.0,263.497,65.186,1.0,9999399
PSA2KMQ,716097,2020-11-18 12:00:00-05:00,2020-11-20 02:59:00-05:00,2020-11-18 12:49:28.031000-05:00,,3,,,,,,Control,23.341,,1.0,,,,0.0,0.0,1.0,0.0,3.0,1.0,0.0,0.0,0.0,2.0,,,,,,9999878
PSA2KMQ,716130,2020-11-18 12:00:00-05:00,2020-11-20 02:59:00-05:00,2020-11-20 01:40:07.419000-05:00,2020-11-20 01:55:02.446000-05:00,1,,,,,,Control,76.577,19.134,4.0,4.0,,,4.0,4.0,0.0,0.0,9.0,0.0,0.0,0.0,0.0,1.0,2.0,0.0,193.602,69.0775,1.0,10129085
PSA2KMQ,716150,2020-11-18 12:00:00-05:00,2020-11-20 02:59:00-05:00,2020-11-18 12:37:10.722000-05:00,2020-11-18 13:23:19.181000-05:00,1,,,,,,Treatment,388.516,77.6954,5.0,5.0,,,5.0,5.0,1.0,0.0,7.0,0.0,0.0,0.0,0.0,1.0,2.0,0.0,528.807,164.1685,1.0,9997910
PSA2KMQ,716195,2020-11-18 12:00:00-05:00,2020-11-20 02:59:00-05:00,2020-11-18 12:19:54.215000-05:00,2020-11-18 12:34:56.900000-05:00,1,,,,,,Treatment,100.435,20.0802,5.0,5.0,,,5.0,5.0,2.0,0.0,7.0,0.0,0.0,0.0,0.0,1.0,2.0,0.0,192.595,31.7735,1.0,9995293
PSA2KMQ,716258,2020-11-18 12:00:00-05:00,2020-11-20 02:59:00-05:00,2020-11-18 12:32:37.297000-05:00,,1,,,,,,Not Assigned,,,,,,,,,,,,,,,,,,,,,,9997225
PSA2KMQ,716262,2020-11-18 12:00:00-05:00,2020-11-20 02:59:00-05:00,2020-11-18 12:30:07.004000-05:00,2020-11-18 12:45:01.550000-05:00,1,,,,,,Treatment,371.061,74.2052,5.0,5.0,,,5.0,5.0,1.0,0.0,7.0,0.0,0.0,0.0,0.0,1.0,2.0,0.0,194.875,67.4095,1.0,9996785
PSA2KMQ,716275,2020-11-18 12:00:00-05:00,2020-11-20 02:59:00-05:00,2020-11-18 12:31:12.320000-05:00,,4,,,,,,Control,407.56,33.9858333333333,3.0,3.0,1.0,1.0,5.0,9.0,4.0,3.0,9.0,4.0,0.0,0.0,0.0,3.0,,,,,,9996961
PSA2KMQ,716280,2020-11-18 12:00:00-05:00,2020-11-20 02:59:00-05:00,2020-11-18 12:31:59.614000-05:00,2020-11-18 12:48:08.128000-05:00,1,,,,,,Treatment,172.111,34.4088,5.0,5.0,,,5.0,5.0,1.0,0.0,7.0,0.0,0.0,0.0,0.0,1.0,2.0,2.0,284.253,142.1155,1.0,9997127
PSA2KMQ,716281,2020-11-18 13:45:00-05:00,2020-11-20 02:59:00-05:00,2020-11-18 14:02:39.310000-05:00,2020-11-18 14:29:57.507000-05:00,2,,,,,,Treatment,292.082,58.4098,5.0,5.0,,,5.0,5.0,1.0,0.0,7.0,0.0,0.0,0.0,0.0,1.0,2.0,1.0,597.993,256.705,1.0,10011466
PSA2KMQ,716294,2020-11-18 12:00:00-05:00,2020-11-20 02:59:00-05:00,2020-11-18 12:27:23.267000-05:00,2020-11-18 12:54:39.804000-05:00,1,,,,,,Treatment,315.852,63.1634,5.0,5.0,,,5.0,5.0,1.0,0.0,7.0,0.0,0.0,0.0,0.0,1.0,2.0,0.0,369.248,94.746,1.0,9996396
PSA2KMQ,716300,2020-11-18 12:00:00-05:00,2020-11-20 02:59:00-05:00,2020-11-19 18:51:36.472000-05:00,,1,,,,,,Not Assigned,,,,,,,,,,,,,,,,,,,,,,10122193
PSA2KMQ,716321,2020-11-18 12:00:00-05:00,2020-11-20 02:59:00-05:00,2020-11-20 01:19:21.344000-05:00,,1,,,,,,Control,255.453,27.8096666666667,3.0,3.0,1.0,0.0,6.0,7.0,4.0,0.0,9.0,4.0,0.0,0.0,0.0,1.0,,,,,,10129005
PSA2KMQ,716349,2020-11-18 12:00:00-05:00,2020-11-20 02:59:00-05:00,2020-11-18 12:27:30.058000-05:00,2020-11-18 12:37:51.112000-05:00,1,,,,,,Not Assigned,,,,,,,,,,,,,,,,,2.0,1.0,230.446,65.8145,1.0,9996414
PSA2KMQ,716359,2020-11-18 12:00:00-05:00,2020-11-20 02:59:00-05:00,2020-11-18 12:40:46.370000-05:00,2020-11-18 12:58:27.015000-05:00,1,,,,,,Treatment,182.658,36.5252,5.0,5.0,,,5.0,5.0,1.0,0.0,7.0,0.0,0.0,0.0,0.0,1.0,2.0,1.0,139.76,46.3165,1.0,9998480
PSA2KMQ,716407,2020-11-18 12:00:00-05:00,2020-11-20 02:59:00-05:00,2020-11-18 12:59:28.070000-05:00,,1,,,,,,Not Assigned,,,,,,,,,,,,,,,,,,,,,,10001544
PSA2KMQ,716512,2020-11-18 12:00:00-05:00,2020-11-20 02:59:00-05:00,2020-11-18 12:45:49.658000-05:00,,1,,,,,,Treatment,9955.575,938.058444444444,9.0,2.0,1.0,1.0,9.0,17.0,1.0,0.0,22.0,14.0,0.0,0.0,0.0,1.0,,,,,,9999267
PSA2KMQ,718783,2020-11-18 13:45:00-05:00,2020-11-20 02:59:00-05:00,2020-11-18 14:00:00.544000-05:00,2020-11-18 14:46:01.076000-05:00,2,,,,,,Not Assigned,,,,,,,,,,,,,,,,,2.0,0.0,502.922,141.2985,1.0,10010987
PSA2KMQ,718827,2020-11-18 13:45:00-05:00,2020-11-20 02:59:00-05:00,2020-11-18 14:03:47.716000-05:00,,4,,,,,,Not Assigned,,,,,,,,,,,,,,,,,,,,,,10011657
PSA2KMQ,718849,2020-11-18 13:45:00-05:00,2020-11-20 02:59:00-05:00,2020-11-19 18:41:12.132000-05:00,,2,,,,,,Not Assigned,,,,,,,,,,,,,,,,,,,,,,10121879
PSA2KMQ,718905,2020-11-18 13:45:00-05:00,2020-11-20 02:59:00-05:00,2020-11-18 14:08:08.465000-05:00,2020-11-18 14:19:32.739000-05:00,1,,,,,,Treatment,107.499,21.493,5.0,5.0,,,5.0,5.0,1.0,0.0,7.0,0.0,0.0,0.0,0.0,1.0,2.0,0.0,197.81,55.4125,1.0,10012277
PSA2KMQ,718908,2020-11-18 13:45:00-05:00,2020-11-20 02:59:00-05:00,2020-11-18 13:59:17.896000-05:00,,1,,,,,,Not Assigned,,,,,,,,,,,,,,,,,,,,,,10010872
PSA2KMQ,718920,2020-11-18 13:45:00-05:00,2020-11-20 02:59:00-05:00,2020-11-18 14:02:17.756000-05:00,,4,,,,,,Control,2451.371,80.8767272727273,7.0,5.0,4.0,4.0,8.0,54.0,9.0,2.0,21.0,8.0,0.0,0.0,1.0,1.0,,,,,,10011398
PSA2KMQ,718954,2020-11-18 13:45:00-05:00,2020-11-20 02:59:00-05:00,2020-11-18 14:28:36.524000-05:00,,2,,,,,,Control,883.302,53.2214545454545,8.0,8.0,4.0,3.0,11.0,17.0,5.0,0.0,24.0,5.0,0.0,0.0,0.0,1.0,,,,,,10015345
PSA2KMQ,718956,2020-11-18 13:45:00-05:00,2020-11-20 02:59:00-05:00,2020-11-18 13:55:50.861000-05:00,2020-11-18 14:01:29.409000-05:00,1,,,,,,Not Assigned,,,,,,,,,,,,,,,,,2.0,2.0,117.681,58.8325,1.0,10010330
PSA2KMQ,719009,2020-11-18 13:45:00-05:00,2020-11-20 02:59:00-05:00,2020-11-18 13:48:26.459000-05:00,,4,,,,,,Not Assigned,,,,,,,,,,,,,,,,,,,,,,10009129
PSA2KMQ,719012,2020-11-18 13:45:00-05:00,2020-11-20 02:59:00-05:00,2020-11-18 14:03:28.849000-05:00,,1,,,,,,Control,1260.045,55.3033333333333,2.0,1.0,0.0,0.0,2.0,6.0,1.0,2.0,6.0,1.0,0.0,0.0,1.0,1.0,,,,,,10011604
PSA2KMQ,719023,2020-11-18 13:45:00-05:00,2020-11-20 02:59:00-05:00,2020-11-18 13:54:00.388000-05:00,2020-11-18 14:01:44.441000-05:00,1,,,,,,Not Assigned,,,,,,,,,,,,,,,,,2.0,1.0,126.959,43.5835,1.0,10010036
PSA2KMQ,719028,2020-11-18 13:45:00-05:00,2020-11-20 02:59:00-05:00,2020-11-18 14:13:07.552000-05:00,,5,,,,,,Not Assigned,,,,,,,,,,,,,,,,,,,,,,10013005
PSA2KMQ,719033,2020-11-18 13:45:00-05:00,2020-11-20 02:59:00-05:00,2020-11-18 14:27:47.422000-05:00,,7,,,,,,Not Assigned,,,,,,,,,,,,,,,,,,,,,,10015232
PSA2KMQ,719038,2020-11-18 13:45:00-05:00,2020-11-20 02:59:00-05:00,2020-11-18 13:55:48.183000-05:00,,1,,,,,,Not Assigned,,,,,,,,,,,,,,,,,1.0,,,,1.0,10010321
PSA2KMQ,719042,2020-11-18 13:45:00-05:00,2020-11-20 02:59:00-05:00,2020-11-18 14:01:20.447000-05:00,,1,,,,,,Not Assigned,,,,,,,,,,,,,,,,,,,,,,10011206
PSA2KMQ,719050,2020-11-18 13:45:00-05:00,2020-11-20 02:59:00-05:00,2020-11-18 14:57:04.558000-05:00,2020-11-18 16:06:19.634000-05:00,1,,,,,,Control,4021.583,123.575777777778,9.0,14.0,4.0,3.0,18.0,20.0,10.0,0.0,24.0,10.0,0.0,0.0,0.0,1.0,2.0,1.0,242.238,86.711,1.0,10018863
PSA2KMQ,719052,2020-11-18 13:45:00-05:00,2020-11-20 02:59:00-05:00,2020-11-18 14:12:21.251000-05:00,,1,,,,,,Not Assigned,,,,,,,,,,,,,,,,,,,,,,10012876
PSA2KMQ,719204,2020-11-18 13:45:00-05:00,2020-11-20 02:59:00-05:00,2020-11-18 13:53:18.145000-05:00,,1,,,,,,Not Assigned,,,,,,,,,,,,,,,,,,,,,,10009904
PSA2KMQ,719216,2020-11-18 13:45:00-05:00,2020-11-20 02:59:00-05:00,2020-11-18 14:04:25.637000-05:00,,1,,,,,,Not Assigned,,,,,,,,,,,,,,,,,,,,,,10011780
PSA2KMQ,720640,2020-11-18 13:45:00-05:00,2020-11-20 02:59:00-05:00,2020-11-18 14:05:05.110000-05:00,,1,,,,,,Not Assigned,,,,,,,,,,,,,,,,,,,,,,10011881
PSA2KMQ,720644,2020-09-21 10:00:00-04:00,2020-09-28 10:00:00-04:00,2020-09-23 12:23:41.123000-04:00,2020-09-23 15:03:09.374000-04:00,4,,,,,,Not Assigned,,,,,,,,,,,,,,,,,2.0,0.0,568.249,139.1765,1.0,6188837
PSA2KMQ,720672,2020-09-21 10:00:00-04:00,2020-09-28 10:00:00-04:00,2020-09-24 13:58:06.768000-04:00,,4,,,,,,Control,1639.302,52.4322380952381,8.0,14.0,5.0,4.0,21.0,31.0,14.0,2.0,24.0,14.0,0.0,0.0,1.0,1.0,,,,,,6336792
PSA2KMQ,721089,2020-10-08 11:00:00-04:00,2020-10-15 01:00:00-04:00,2020-10-08 13:31:35.482000-04:00,,1,,,,,,Not Assigned,,,,,,,,,,,,,,,,,,,,,,7448262
PSA2KMQ,721273,2020-09-21 10:00:00-04:00,2020-09-28 10:00:00-04:00,2020-09-23 14:44:41.172000-04:00,2020-09-24 01:01:33.283000-04:00,6,,,,,,Control,68384.691,1151.75206666667,12.0,20.0,6.0,5.0,28.0,35.0,18.0,4.0,33.0,18.0,0.0,0.0,1.0,6.0,2.0,1.0,433.365,152.5085,1.0,6221634
PSA2KMQ,722499,2020-09-21 10:00:00-04:00,2020-09-28 10:00:00-04:00,2020-09-27 06:12:06.138000-04:00,,2,,,,,,Treatment,867.047,59.8174545454545,11.0,7.0,3.0,3.0,11.0,11.0,1.0,0.0,28.0,12.0,0.0,0.0,0.0,1.0,,,,,,6481560
PSA2KMQ,723130,2020-09-21 10:00:00-04:00,2020-09-28 10:00:00-04:00,2020-09-22 18:26:48.809000-04:00,2020-09-28 14:12:24.876000-04:00,5,,,,,,Treatment,357752.191,59625.3475,6.0,5.0,1.0,1.0,5.0,6.0,1.0,0.0,10.0,1.0,0.0,0.0,0.0,3.0,2.0,0.0,2479.023,1069.034,1.0,6121484
PSA2KMQ,723337,2020-09-21 10:00:00-04:00,2020-09-28 10:00:00-04:00,2020-09-30 10:02:01.054000-04:00,,2,,,,,,Control,8406.941,187.998210526316,7.0,12.0,4.0,4.0,16.0,21.0,12.0,6.0,21.0,12.0,0.0,0.0,2.0,3.0,,,,,,6746554
PSA2KMQ,724160,2021-05-04 09:44:58.723000-04:00,2021-05-05 07:00:00-04:00,2021-05-04 12:03:43.728000-04:00,,2,,,,,,Not Assigned,,,,,,,,,,,,,,,,,,,,,,16123378
PSA2KMQ,724171,2021-05-04 08:51:36.283000-04:00,2021-05-05 07:00:00-04:00,2021-05-04 19:47:14.166000-04:00,2021-05-04 20:04:48.258000-04:00,1,,,,,,Treatment,171.585,34.3126,5.0,5.0,,,5.0,5.0,1.0,0.0,7.0,0.0,0.0,0.0,0.0,1.0,2.0,0.0,299.832,108.903,1.0,16145664
PSA2KMQ,724177,2021-05-04 08:51:36.283000-04:00,2021-05-05 07:00:00-04:00,2021-05-04 08:51:53.751000-04:00,,1,,,,,,Not Assigned,,,,,,,,,,,,,,,,,,,,,,16109840
PSA2KMQ,724182,2021-05-04 08:51:36.283000-04:00,2021-05-05 07:00:00-04:00,2021-05-05 07:20:13.336000-04:00,,1,,,,,,Not Assigned,,,,,,,,,,,,,,,,,,,,,,16148499
PSA2KMQ,724186,2021-05-04 08:51:36.283000-04:00,2021-05-05 07:00:00-04:00,2021-05-07 16:14:12.337000-04:00,,2,,,,,,Not Assigned,,,,,,,,,,,,,,,,,,,,,,16246519
PSA2KMQ,724189,2021-05-04 08:51:36.283000-04:00,2021-05-05 07:00:00-04:00,2021-05-04 11:16:11.422000-04:00,,3,,,,,,Not Assigned,,,,,,,,,,,,,,,,,,,,,,16119378
PSA2KMQ,724198,2021-05-04 08:51:36.283000-04:00,2021-05-05 07:00:00-04:00,2021-05-04 09:19:28.628000-04:00,,1,,,,,,Not Assigned,,,,,,,,,,,,,,,,,,,,,,16111218
PSA2KMQ,724204,2021-05-04 08:51:36.283000-04:00,2021-05-05 07:00:00-04:00,2021-05-04 14:34:56.810000-04:00,,2,,,,,,Not Assigned,,,,,,,,,,,,,,,,,,,,,,16136222
PSA2KMQ,724208,2021-05-04 08:51:36.283000-04:00,2021-05-05 07:00:00-04:00,2021-05-04 09:18:52.345000-04:00,,1,,,,,,Not Assigned,,,,,,,,,,,,,,,,,,,,,,16111176
PSA2KMQ,724211,2021-05-04 08:51:36.283000-04:00,2021-05-05 07:00:00-04:00,2021-05-05 07:24:43.865000-04:00,,2,,,,,,Not Assigned,,,,,,,,,,,,,,,,,,,,,,16148515
PSA2KMQ,724220,2021-05-04 12:31:42.863000-04:00,2021-05-05 07:00:00-04:00,2021-05-14 08:43:49.364000-04:00,,1,,,,,,Not Assigned,,,,,,,,,,,,,,,,,,,,,,16397500
PSA2KMQ,724234,2021-05-04 08:51:36.283000-04:00,2021-05-05 07:00:00-04:00,2021-05-05 07:21:26.100000-04:00,,1,,,,,,Not Assigned,,,,,,,,,,,,,,,,,,,,,,16148506
PSA2KMQ,724251,2021-05-04 08:51:36.283000-04:00,2021-05-05 07:00:00-04:00,2021-05-04 08:51:46.844000-04:00,,4,,,,,,Not Assigned,,,,,,,,,,,,,,,,,,,,,,16109836
PSA2KMQ,724512,2020-09-21 10:00:00-04:00,2020-09-28 10:00:00-04:00,2020-09-21 20:56:55.557000-04:00,,4,,,,,,Not Assigned,,,,,,,,,,,,,,,,,,,,,,5995469
PSA2KMQ,725425,2021-05-04 09:44:58.723000-04:00,2021-05-05 07:00:00-04:00,2021-05-04 22:18:19.644000-04:00,2021-05-04 22:40:49.889000-04:00,1,,,,,,Control,482.768,15.91025,6.0,7.0,3.0,1.0,12.0,18.0,7.0,2.0,15.0,6.0,0.0,0.0,0.0,1.0,2.0,0.0,155.484,43.8885,1.0,16147190
PSA2KMQ,725456,2021-05-04 09:44:58.723000-04:00,2021-05-05 07:00:00-04:00,2021-05-04 09:49:57-04:00,,1,,,,,,Not Assigned,,,,,,,,,,,,,,,,,,,,,,16113012
PSA2KMQ,725468,2021-05-04 09:44:58.723000-04:00,2021-05-05 07:00:00-04:00,2021-05-04 17:52:36.468000-04:00,,1,,,,,,Not Assigned,,,,,,,,,,,,,,,,,,,,,,16144102
PSA2KMQ,725492,2021-05-04 09:44:58.723000-04:00,2021-05-05 07:00:00-04:00,2021-05-05 07:20:32.065000-04:00,,1,,,,,,Not Assigned,,,,,,,,,,,,,,,,,,,,,,16148503
PSA2KMQ,725543,2021-05-04 09:44:58.723000-04:00,2021-05-05 07:00:00-04:00,2021-05-04 09:45:23.600000-04:00,,3,,,,,,Treatment,752.936,40.8426666666667,10.0,5.0,2.0,2.0,9.0,18.0,1.0,0.0,25.0,7.0,0.0,0.0,0.0,3.0,,,,,,16112718
PSA2KMQ,725549,2021-05-04 09:44:58.723000-04:00,2021-05-05 07:00:00-04:00,2021-05-05 07:18:43.275000-04:00,,2,,,,,,Control,1283.113,15.23588,7.0,6.0,6.0,5.0,25.0,47.0,19.0,22.0,21.0,18.0,0.0,0.0,13.0,1.0,,,,,,16148496
PSA2KMQ,725590,2021-05-04 09:44:58.723000-04:00,2021-05-05 07:00:00-04:00,2021-05-04 09:46:53.650000-04:00,,3,,,,,,Not Assigned,,,,,,,,,,,,,,,,,,,,,,16112805
PSA2KMQ,725996,2021-05-04 10:45:32.724000-04:00,2021-05-05 07:00:00-04:00,2021-05-04 10:48:02.594000-04:00,,3,,,,,,Not Assigned,,,,,,,,,,,,,,,,,,,,,,16117261
PSA2KMQ,726749,2021-05-04 11:34:22.242000-04:00,2021-05-05 07:00:00-04:00,2021-05-05 07:20:23.881000-04:00,,2,,,,,,Not Assigned,,,,,,,,,,,,,,,,,,,,,,16148501
PSA2KMQ,726803,2021-05-04 10:45:32.724000-04:00,2021-05-05 07:00:00-04:00,2021-05-04 13:49:01.749000-04:00,2021-05-04 18:35:47.533000-04:00,2,,,,,,Not Assigned,,,,,,,,,,,,,,,,,2.0,0.0,106.385,34.763,1.0,16132309
PSA2KMQ,726834,2021-05-04 10:45:32.724000-04:00,2021-05-05 07:00:00-04:00,2021-05-04 10:52:34.154000-04:00,2021-05-04 11:00:21.853000-04:00,1,,,,,,Not Assigned,,,,,,,,,,,,,,,,,2.0,1.0,99.801,43.364,1.0,16117614
PSA2KMQ,726863,2021-05-04 10:45:32.724000-04:00,2021-05-05 07:00:00-04:00,2021-05-04 11:27:09.729000-04:00,,3,,,,,,Not Assigned,,,,,,,,,,,,,,,,,,,,,,16120256
PSA2KMQ,726899,2021-05-04 12:31:42.863000-04:00,2021-05-05 07:00:00-04:00,2021-05-05 07:35:06.509000-04:00,,1,,,,,,Not Assigned,,,,,,,,,,,,,,,,,,,,,,16148555
PSA2KMQ,726939,2021-05-04 10:45:32.724000-04:00,2021-05-05 07:00:00-04:00,2021-05-04 13:47:28.621000-04:00,,3,,,,,,Not Assigned,,,,,,,,,,,,,,,,,,,,,,16132184
PSA2KMQ,726940,2021-05-04 10:45:32.724000-04:00,2021-05-05 07:00:00-04:00,2021-05-05 17:50:04.090000-04:00,,1,,,,,,Not Assigned,,,,,,,,,,,,,,,,,,,,,,16178382
PSA2KMQ,727157,2021-05-04 11:34:22.242000-04:00,2021-05-05 07:00:00-04:00,2021-05-04 18:09:11.069000-04:00,,1,,,,,,Control,144.222,17.3926666666667,2.0,1.0,1.0,0.0,2.0,4.0,3.0,2.0,6.0,3.0,0.0,0.0,1.0,1.0,,,,,,16144407
PSA2KMQ,728107,2021-05-04 11:34:22.242000-04:00,2021-05-05 07:00:00-04:00,2021-05-05 07:28:37.077000-04:00,,2,,,,,,Not Assigned,,,,,,,,,,,,,,,,,,,,,,16148527
PSA2KMQ,728179,2021-05-04 11:34:22.242000-04:00,2021-05-05 07:00:00-04:00,2021-05-05 07:33:41.821000-04:00,,1,,,,,,Not Assigned,,,,,,,,,,,,,,,,,,,,,,16148544
PSA2KMQ,728223,2021-05-04 11:34:22.242000-04:00,2021-05-05 07:00:00-04:00,2021-05-05 07:34:58.294000-04:00,,1,,,,,,Not Assigned,,,,,,,,,,,,,,,,,,,,,,16148553
PSA2KMQ,728225,2021-05-04 11:34:22.242000-04:00,2021-05-05 07:00:00-04:00,2021-05-05 07:33:40.489000-04:00,,1,,,,,,Not Assigned,,,,,,,,,,,,,,,,,,,,,,16148543
PSA2KMQ,728228,2021-05-04 11:34:22.242000-04:00,2021-05-05 07:00:00-04:00,2021-05-04 11:45:53.587000-04:00,,3,,,,,,Not Assigned,,,,,,,,,,,,,,,,,,,,,,16121952
PSA2KMQ,728238,2021-05-04 11:34:22.242000-04:00,2021-05-05 07:00:00-04:00,2021-05-11 16:07:37.796000-04:00,,2,,,,,,Control,13154.245,113.0745,2.0,0.0,0.0,0.0,1.0,4.0,3.0,4.0,6.0,3.0,0.0,0.0,2.0,2.0,,,,,,16324299
PSA2KMQ,728276,2021-05-04 11:34:22.242000-04:00,2021-05-05 07:00:00-04:00,2021-05-04 20:12:15.858000-04:00,,2,,,,,,Not Assigned,,,,,,,,,,,,,,,,,,,,,,16145954
PSA2KMQ,728279,2021-05-04 11:34:22.242000-04:00,2021-05-05 07:00:00-04:00,2021-05-04 11:34:26.054000-04:00,,2,,,,,,Not Assigned,,,,,,,,,,,,,,,,,,,,,,16120950
PSA2KMQ,728284,2021-05-04 11:34:22.242000-04:00,2021-05-05 07:00:00-04:00,2021-05-04 11:36:55.733000-04:00,2021-05-04 19:40:56.520000-04:00,4,,,,,,Not Assigned,,,,,,,,,,,,,,,,,2.0,2.0,210.41,105.198,1.0,16121170
PSA2KMQ,728303,2021-05-04 11:34:22.242000-04:00,2021-05-05 07:00:00-04:00,2021-05-05 07:26:59.908000-04:00,,2,,,,,,Not Assigned,,,,,,,,,,,,,,,,,,,,,,16148523
PSA2KMQ,728305,2021-05-04 11:34:22.242000-04:00,2021-05-05 07:00:00-04:00,2021-05-04 19:24:10.509000-04:00,,1,,,,,,Not Assigned,,,,,,,,,,,,,,,,,,,,,,16145410
PSA2KMQ,728877,2020-10-08 11:00:00-04:00,2020-10-15 01:00:00-04:00,2020-10-09 12:37:02.666000-04:00,,1,,,,,,Not Assigned,,,,,,,,,,,,,,,,,,,,,,7528379
PSA2KMQ,728896,2020-10-08 11:00:00-04:00,2020-10-15 01:00:00-04:00,2020-10-08 13:19:45.278000-04:00,2020-10-08 13:49:02.367000-04:00,1,,,,,,Not Assigned,,,,,,,,,,,,,,,,,2.0,1.0,792.179,350.387,1.0,7445950
PSA2KMQ,729180,2020-10-08 11:00:00-04:00,2020-10-15 01:00:00-04:00,2020-10-09 15:36:00.930000-04:00,,5,,,,,,Control,429234.412,,1.0,,,,0.0,0.0,1.0,0.0,3.0,1.0,0.0,0.0,0.0,2.0,,,,,,7550092
PSA2KMQ,729428,2020-10-08 11:00:00-04:00,2020-10-15 01:00:00-04:00,2020-10-14 13:19:52.547000-04:00,,1,,,,,,Not Assigned,,,,,,,,,,,,,,,,,,,,,,7792085
PSA2KMQ,729453,2021-05-04 12:31:42.863000-04:00,2021-05-05 07:00:00-04:00,2021-05-04 13:03:59.875000-04:00,,1,,,,,,Not Assigned,,,,,,,,,,,,,,,,,,,,,,16128558
PSA2KMQ,729467,2021-05-04 12:31:42.863000-04:00,2021-05-05 07:00:00-04:00,2021-05-04 15:59:36.223000-04:00,,2,,,,,,Control,7801.17,313.834105263158,7.0,11.0,4.0,2.0,19.0,34.0,12.0,2.0,21.0,12.0,0.0,0.0,1.0,2.0,,,,,,16140711
PSA2KMQ,729469,2021-05-04 12:31:42.863000-04:00,2021-05-05 07:00:00-04:00,2021-05-05 10:41:39.054000-04:00,,1,,,,,,Not Assigned,,,,,,,,,,,,,,,,,,,,,,16155941
PSA2KMQ,729471,2021-05-04 12:31:42.863000-04:00,2021-05-05 07:00:00-04:00,2021-05-10 22:16:58.721000-04:00,,1,,,,,,Not Assigned,,,,,,,,,,,,,,,,,,,,,,16291678
PSA2KMQ,729472,2021-05-04 12:31:42.863000-04:00,2021-05-05 07:00:00-04:00,2021-05-05 14:58:20.237000-04:00,,1,,,,,,Not Assigned,,,,,,,,,,,,,,,,,,,,,,16173698
PSA2KMQ,729473,2021-05-04 12:31:42.863000-04:00,2021-05-05 07:00:00-04:00,2021-05-04 13:04:57.642000-04:00,2021-05-04 19:06:22.109000-04:00,3,,,,,,Not Assigned,,,,,,,,,,,,,,,,,2.0,0.0,266.791,54.5225,1.0,16128628
PSA2KMQ,729480,2021-05-04 12:31:42.863000-04:00,2021-05-05 07:00:00-04:00,2021-05-04 12:31:47.704000-04:00,2021-05-04 12:47:57.816000-04:00,1,,,,,,Control,174.134,20.8266666666667,5.0,4.0,1.0,0.0,6.0,9.0,1.0,0.0,12.0,1.0,0.0,0.0,0.0,1.0,2.0,1.0,338.879,70.8415,1.0,16125791
PSA2KMQ,729487,2021-05-04 12:31:42.863000-04:00,2021-05-05 07:00:00-04:00,2021-05-04 19:52:30.678000-04:00,,1,,,,,,Treatment,659.684,39.5713333333333,9.0,2.0,1.0,1.0,9.0,16.0,1.0,0.0,22.0,10.0,0.0,0.0,0.0,1.0,,,,,,16145722
PSA2KMQ,729505,2021-05-04 12:31:42.863000-04:00,2021-05-05 07:00:00-04:00,2021-05-04 15:15:07.627000-04:00,2021-05-04 15:25:49.521000-04:00,1,,,,,,Control,109.855,27.457,4.0,4.0,,,4.0,4.0,0.0,0.0,9.0,0.0,0.0,0.0,0.0,1.0,2.0,1.0,215.057,65.147,1.0,16138634
PSA2KMQ,729525,2021-05-04 12:31:42.863000-04:00,2021-05-05 07:00:00-04:00,2021-05-04 13:05:51.322000-04:00,,7,,,,,,Not Assigned,,,,,,,,,,,,,,,,,,,,,,16128678
PSA2KMQ,729530,2021-05-04 12:31:42.863000-04:00,2021-05-05 07:00:00-04:00,2021-05-04 13:28:08.008000-04:00,,1,,,,,,Treatment,1141.238,57.25175,9.0,3.0,2.0,2.0,8.0,10.0,2.0,3.0,22.0,13.0,0.0,0.0,1.0,1.0,,,,,,16130557
PSA2KMQ,729533,2021-05-04 12:31:42.863000-04:00,2021-05-05 07:00:00-04:00,2021-05-04 12:47:02.818000-04:00,,1,,,,,,Treatment,502.838,250.7615,2.0,1.0,,,2.0,2.0,1.0,0.0,1.0,1.0,0.0,0.0,0.0,1.0,,,,,,16127141
PSA2KMQ,729544,2021-05-04 08:51:36.283000-04:00,2021-05-05 07:00:00-04:00,2021-05-04 08:58:20.892000-04:00,,6,,,,,,Control,129.069,32.263,4.0,4.0,,,4.0,4.0,0.0,0.0,9.0,0.0,0.0,0.0,0.0,1.0,2.0,0.0,255.378,77.438,1.0,16110131
PSA2KMQ,729589,2021-04-29 10:50:00-04:00,,2021-04-30 09:57:44.899000-04:00,,1,,,,,,Not Assigned,,,,,,,,,,,,,,,,,,,,,,16037960
PSA2KMQ,729591,2021-04-29 10:50:00-04:00,,2021-04-29 11:24:14.857000-04:00,2021-04-29 12:00:04.175000-04:00,2,,,,,,Treatment,493.001,33.491,9.0,5.0,1.0,1.0,9.0,10.0,2.0,0.0,19.0,8.0,0.0,0.0,0.0,1.0,2.0,1.0,573.14,223.2035,1.0,16002794
PSA2KMQ,729595,2021-04-29 10:50:00-04:00,,2021-04-29 12:10:41.605000-04:00,,1,,,,,,Not Assigned,,,,,,,,,,,,,,,,,,,,,,16006579
PSA2KMQ,729598,2021-04-29 10:50:00-04:00,,2021-04-29 12:15:05.053000-04:00,2021-04-29 12:22:03.446000-04:00,1,,,,,,Not Assigned,,,,,,,,,,,,,,,,,2.0,0.0,207.594,40.2835,1.0,16006963
PSA2KMQ,729607,2021-04-29 10:50:00-04:00,,2021-04-29 12:15:09.197000-04:00,,1,,,,,,Not Assigned,,,,,,,,,,,,,,,,,,,,,,16006969
PSA2KMQ,729609,2021-04-29 10:50:00-04:00,,2021-04-29 22:13:08.818000-04:00,,1,,,,,,Not Assigned,,,,,,,,,,,,,,,,,,,,,,16031185
PSA2KMQ,729638,2021-04-29 10:50:00-04:00,,2021-04-29 12:15:16.080000-04:00,,1,,,,,,Not Assigned,,,,,,,,,,,,,,,,,,,,,,16006977
PSA2KMQ,729865,2020-10-08 11:00:00-04:00,2020-10-15 01:00:00-04:00,2020-10-14 22:03:12.226000-04:00,,2,,,,,,Not Assigned,,,,,,,,,,,,,,,,,,,,,,7831652
PSA2KMQ,730458,2020-10-08 11:00:00-04:00,2020-10-15 01:00:00-04:00,2020-10-08 11:56:47.415000-04:00,2020-10-08 12:12:16.268000-04:00,4,,,,,,Not Assigned,,,,,,,,,,,,,,,,,2.0,0.0,210.599,52.467,1.0,7429437
PSA2KMQ,730526,2020-10-08 11:00:00-04:00,2020-10-15 01:00:00-04:00,2020-10-14 13:06:35.017000-04:00,,2,,,,,,Not Assigned,,,,,,,,,,,,,,,,,,,,,,7789866
PSA2KMQ,731651,2020-10-08 11:00:00-04:00,2020-10-15 01:00:00-04:00,2020-10-09 22:54:37.395000-04:00,,1,,,,,,Not Assigned,,,,,,,,,,,,,,,,,,,,,,7559005
PSA2KMQ,731657,2020-10-08 11:00:00-04:00,2020-10-15 01:00:00-04:00,2020-10-14 15:16:34.355000-04:00,,1,,,,,,Not Assigned,,,,,,,,,,,,,,,,,,,,,,7811333
PSA2KMQ,731778,2020-10-08 11:00:00-04:00,2020-10-15 01:00:00-04:00,2020-10-08 18:25:42.814000-04:00,,2,,,,,,Not Assigned,,,,,,,,,,,,,,,,,,,,,,7483179
PSA2KMQ,732756,2020-10-08 11:00:00-04:00,2020-10-15 01:00:00-04:00,2020-10-08 12:18:24.382000-04:00,2020-10-08 12:35:49.201000-04:00,1,,,,,,Not Assigned,,,,,,,,,,,,,,,,,2.0,0.0,208.939,54.8245,1.0,7433850
PSA2KMQ,733052,2020-10-08 11:00:00-04:00,2020-10-15 01:00:00-04:00,2020-10-08 12:49:39.064000-04:00,2020-10-08 13:10:15.897000-04:00,3,,,,,,Treatment,205.277,41.0542,5.0,5.0,,,5.0,5.0,1.0,0.0,7.0,0.0,0.0,0.0,0.0,1.0,2.0,1.0,175.517,67.464,1.0,7440055
PSA2KMQ,733119,2020-10-08 11:00:00-04:00,2020-10-15 01:00:00-04:00,2020-10-10 01:15:29.335000-04:00,,1,,,,,,Not Assigned,,,,,,,,,,,,,,,,,,,,,,7559614
PSA2KMQ,733173,2020-10-08 11:00:00-04:00,2020-10-15 01:00:00-04:00,2020-10-08 12:47:49.402000-04:00,2020-10-08 15:11:12.001000-04:00,3,,,,,,Treatment,7004.83,65.5973333333333,12.0,7.0,2.0,2.0,12.0,19.0,2.0,0.0,28.0,11.0,0.0,0.0,0.0,4.0,2.0,0.0,320.804,141.844,1.0,7439700
PSA2KMQ,733177,2020-10-08 11:00:00-04:00,2020-10-15 01:00:00-04:00,2020-10-08 14:53:55.570000-04:00,,2,,,,,,Treatment,90623.334,663.451,7.0,4.0,1.0,0.0,6.0,7.0,2.0,0.0,13.0,1.0,0.0,0.0,0.0,3.0,,,,,,7464679
PSA2KMQ,733186,2020-10-08 11:00:00-04:00,2020-10-15 01:00:00-04:00,2020-10-08 13:59:22.424000-04:00,,1,,,,,,Not Assigned,,,,,,,,,,,,,,,,,1.0,,,,1.0,7454319
PSA2KMQ,733230,2020-10-08 11:00:00-04:00,2020-10-15 01:00:00-04:00,2020-10-08 14:13:50.159000-04:00,,2,,,,,,Not Assigned,,,,,,,,,,,,,,,,,,,,,,7457395
PSA2KMQ,733236,2020-10-08 11:00:00-04:00,2020-10-15 01:00:00-04:00,2020-10-14 15:04:23.200000-04:00,,1,,,,,,Not Assigned,,,,,,,,,,,,,,,,,,,,,,7809840
PSA2KMQ,733240,2020-10-08 11:00:00-04:00,2020-10-15 01:00:00-04:00,2020-10-09 15:38:16.569000-04:00,2020-10-09 16:07:17.391000-04:00,1,,,,,,Not Assigned,,,,,,,,,,,,,,,,,2.0,1.0,390.052,165.4175,1.0,7550235
PSA2KMQ,733512,2020-10-08 11:00:00-04:00,2020-10-15 01:00:00-04:00,2020-10-09 17:15:16.800000-04:00,,7,,,,,,Not Assigned,,,,,,,,,,,,,,,,,,,,,,7554492
PSA2KMQ,733943,2020-10-08 11:00:00-04:00,2020-10-15 01:00:00-04:00,2020-10-13 12:24:18.004000-04:00,2020-10-13 13:05:30.830000-04:00,4,,,,,,Treatment,439.331,87.8596,5.0,5.0,,,5.0,5.0,1.0,0.0,7.0,0.0,0.0,0.0,0.0,2.0,2.0,0.0,535.653,165.0985,1.0,7681421
PSA2KMQ,734491,2020-09-21 10:00:00-04:00,2020-09-28 10:00:00-04:00,2020-09-26 21:28:58.942000-04:00,2020-09-26 22:13:01.491000-04:00,2,,,,,,Control,390.025,97.50225,4.0,4.0,,,4.0,4.0,0.0,0.0,9.0,0.0,0.0,0.0,0.0,2.0,2.0,2.0,232.302,116.148,1.0,6480492
PSA2KMQ,735005,2020-10-08 11:00:00-04:00,2020-10-15 01:00:00-04:00,2020-10-09 16:42:13.108000-04:00,,2,,,,,,Control,516.182,32.0612,8.0,8.0,2.0,1.0,10.0,21.0,5.0,3.0,21.0,4.0,0.0,0.0,1.0,1.0,1.0,,,,1.0,7553452
PSA2KMQ,735012,2020-09-21 10:00:00-04:00,2020-09-28 10:00:00-04:00,2020-09-26 11:23:55.433000-04:00,2020-09-26 12:23:44.553000-04:00,1,,,,,,Treatment,1243.747,123.648625,8.0,7.0,1.0,1.0,8.0,8.0,1.0,0.0,16.0,3.0,0.0,0.0,0.0,1.0,2.0,1.0,674.504,229.5315,1.0,6476374
PSA2KMQ,735072,2021-05-04 11:34:22.242000-04:00,2021-05-05 07:00:00-04:00,2021-05-04 11:36:35.458000-04:00,,4,,,,,,Control,88820.89,2916.85093333333,5.0,1.0,1.0,1.0,2.0,20.0,14.0,14.0,15.0,14.0,0.0,0.0,12.0,2.0,,,,,,16121139
PSA2KMQ,735196,2021-05-04 11:34:22.242000-04:00,2021-05-05 07:00:00-04:00,2021-05-04 22:22:25.555000-04:00,,10,,,,,,Not Assigned,,,,,,,,,,,,,,,,,,,,,,16147214
PSA2KMQ,735220,2020-10-08 11:00:00-04:00,2020-10-15 01:00:00-04:00,2020-10-08 19:10:24.851000-04:00,,2,,,,,,Not Assigned,,,,,,,,,,,,,,,,,,,,,,7484861
PSA2KMQ,736175,2021-05-04 08:51:36.283000-04:00,2021-05-05 07:00:00-04:00,2021-05-05 07:21:48.161000-04:00,,1,,,,,,Not Assigned,,,,,,,,,,,,,,,,,,,,,,16148507
PSA2KMQ,736915,2021-05-04 09:44:58.723000-04:00,2021-05-05 07:00:00-04:00,2021-05-04 13:43:50.861000-04:00,,1,,,,,,Treatment,495.321,124.923,3.0,1.0,,,2.0,4.0,1.0,0.0,4.0,1.0,0.0,0.0,0.0,1.0,,,,,,16131919
PSA2KMQ,737875,2021-05-04 10:45:32.724000-04:00,2021-05-05 07:00:00-04:00,2021-05-04 19:07:51.107000-04:00,,2,,,,,,Treatment,961.142,60.4337777777778,9.0,2.0,1.0,1.0,9.0,9.0,1.0,0.0,22.0,19.0,0.0,0.0,0.0,1.0,,,,,,16145241
PSA2KMQ,738403,2021-05-04 12:31:42.863000-04:00,2021-05-05 07:00:00-04:00,2021-05-04 13:11:42.467000-04:00,2021-05-04 13:16:51.585000-04:00,1,,,,,,Not Assigned,,,,,,,,,,,,,,,,,2.0,2.0,134.448,67.2205,1.0,16129166
PSA2KMQ,739208,2020-10-08 11:00:00-04:00,2020-10-15 01:00:00-04:00,2020-10-14 15:15:16.632000-04:00,,2,,,,,,Not Assigned,,,,,,,,,,,,,,,,,,,,,,7811173
PSA2KMQ,739840,2021-05-04 09:44:58.723000-04:00,2021-05-05 07:00:00-04:00,2021-05-14 07:39:07.872000-04:00,,1,,,,,,Not Assigned,,,,,,,,,,,,,,,,,,,,,,16396430
PSA2KMQ,740344,2021-05-04 12:31:42.863000-04:00,2021-05-05 07:00:00-04:00,2021-05-04 13:09:12.809000-04:00,,1,,,,,,Treatment,328.639,92.2763333333333,3.0,1.0,0.0,0.0,3.0,3.0,1.0,0.0,4.0,2.0,0.0,0.0,0.0,1.0,,,,,,16128933
PSA2KMQ,740345,2021-05-04 12:31:42.863000-04:00,2021-05-05 07:00:00-04:00,2021-05-04 13:35:29.397000-04:00,2021-05-04 13:47:45.266000-04:00,1,,,,,,Not Assigned,,,,,,,,,,,,,,,,,2.0,0.0,389.254,185.6945,1.0,16131225
PSA2KMQ,746371,2020-10-08 11:00:00-04:00,2020-10-15 01:00:00-04:00,2020-10-11 17:45:49.543000-04:00,,2,,,,,,Not Assigned,,,,,,,,,,,,,,,,,,,,,,7567876
PSA2KMQ,746984,2020-09-21 10:00:00-04:00,2020-09-28 10:00:00-04:00,2020-09-23 16:55:44.736000-04:00,,1,,,,,,Not Assigned,,,,,,,,,,,,,,,,,,,,,,6239385
PSA2KMQ,747019,2021-05-04 09:44:58.723000-04:00,2021-05-05 07:00:00-04:00,2021-05-04 09:47:55.226000-04:00,2021-05-04 10:08:44.533000-04:00,4,,,,,,Treatment,619.091,31.9861818181818,11.0,9.0,2.0,2.0,11.0,11.0,2.0,0.0,25.0,6.0,0.0,0.0,0.0,4.0,2.0,1.0,120.243,54.762,1.0,16112858
PSA2KMQ,747424,2020-09-21 10:00:00-04:00,2020-09-28 10:00:00-04:00,2020-09-28 21:26:07.653000-04:00,2020-09-28 21:48:02.890000-04:00,3,,,,,,Treatment,217.886,43.5708,5.0,5.0,,,5.0,5.0,1.0,0.0,7.0,0.0,0.0,0.0,0.0,2.0,2.0,0.0,245.798,55.0795,1.0,6598339
PSA2KMQ,747837,2021-05-04 12:31:42.863000-04:00,2021-05-05 07:00:00-04:00,2021-05-04 14:51:40.064000-04:00,,1,,,,,,Not Assigned,,,,,,,,,,,,,,,,,,,,,,16137279
PSA2KMQ,748178,2020-09-21 10:00:00-04:00,2020-09-28 10:00:00-04:00,2020-10-30 12:25:39.816000-04:00,,3,,,,,,Treatment,1576.157,102.151222222222,9.0,2.0,1.0,1.0,9.0,19.0,1.0,0.0,22.0,7.0,0.0,0.0,0.0,1.0,,,,,,8902561
PSA2KMQ,748400,2020-09-21 10:00:00-04:00,2020-09-28 10:00:00-04:00,2020-09-27 08:31:06.270000-04:00,,1,,,,,,Not Assigned,,,,,,,,,,,,,,,,,,,,,,6481665
PSA2KMQ,748984,2021-05-05 08:48:00-04:00,2021-05-07 08:50:00-04:00,2021-05-05 08:55:31.108000-04:00,,3,,,,,,Not Assigned,,,,,,,,,,,,,,,,,,,,,,16150162
PSA2KMQ,748985,2021-05-05 08:48:00-04:00,2021-05-07 08:50:00-04:00,2021-05-05 09:04:32.175000-04:00,,1,,,,,,Not Assigned,,,,,,,,,,,,,,,,,,,,,,16150467
PSA2KMQ,748987,2021-05-05 08:48:00-04:00,2021-05-07 08:50:00-04:00,2021-05-05 08:55:22.367000-04:00,2021-05-05 13:40:45.258000-04:00,6,,,,,,Treatment,15466.62,1915.766375,8.0,6.0,2.0,2.0,8.0,16.0,1.0,0.0,16.0,2.0,0.0,0.0,0.0,4.0,2.0,1.0,665.335,318.0305,1.0,16150152
PSA2KMQ,748988,2021-02-10 08:45:00-05:00,2021-02-10 15:00:00-05:00,2021-02-10 08:58:52.205000-05:00,,3,,,,,,Not Assigned,,,,,,,,,,,,,,,,,,,,,,13328433
PSA2KMQ,748992,2021-05-05 08:48:00-04:00,2021-05-07 08:50:00-04:00,2021-05-05 08:52:16.518000-04:00,2021-05-05 12:32:35.397000-04:00,6,,,,,,Control,19603.133,809.0662,5.0,5.0,1.0,1.0,5.0,6.0,1.0,0.0,12.0,1.0,0.0,0.0,0.0,2.0,2.0,0.0,140.262,57.608,1.0,16150001
PSA2KMQ,748994,2021-02-10 08:45:00-05:00,2021-02-10 15:00:00-05:00,2021-02-10 08:54:36.442000-05:00,,3,,,,,,Not Assigned,,,,,,,,,,,,,,,,,,,,,,13328107
PSA2KMQ,748995,2021-05-05 08:48:00-04:00,2021-05-07 08:50:00-04:00,2021-05-05 08:52:13.464000-04:00,2021-05-05 09:03:44.573000-04:00,1,,,,,,Not Assigned,,,,,,,,,,,,,,,,,2.0,2.0,280.234,140.115,1.0,16149998
PSA2KMQ,748996,2021-02-10 08:45:00-05:00,2021-02-10 15:00:00-05:00,2021-02-10 08:53:01.995000-05:00,,1,,,,,,Control,,,1.0,,,,,0.0,0.0,0.0,3.0,0.0,0.0,0.0,0.0,1.0,,,,,,13327981
PSA2KMQ,748998,2021-05-05 08:48:00-04:00,2021-05-07 08:50:00-04:00,2021-05-05 09:04:18.465000-04:00,,3,,,,,,Not Assigned,,,,,,,,,,,,,,,,,,,,,,16150459
PSA2KMQ,749000,2021-05-05 08:48:00-04:00,2021-05-07 08:50:00-04:00,2021-05-05 08:53:51.158000-04:00,2021-05-05 19:52:25.089000-04:00,3,,,,,,Treatment,38559.225,7711.8408,5.0,5.0,,,5.0,5.0,1.0,0.0,7.0,0.0,0.0,0.0,0.0,3.0,2.0,1.0,149.54,68.0075,1.0,16150070
PSA2KMQ,749002,2021-02-10 08:45:00-05:00,2021-02-10 15:00:00-05:00,2021-02-10 08:55:22.003000-05:00,,6,,,,,,Control,825.143,36.353125,7.0,11.0,3.0,3.0,15.0,17.0,9.0,3.0,21.0,9.0,0.0,0.0,2.0,2.0,,,,,,13328187
PSA2KMQ,749003,2021-02-10 08:45:00-05:00,2021-02-10 15:00:00-05:00,2021-02-10 09:01:00.432000-05:00,,3,,,,,,Not Assigned,,,,,,,,,,,,,,,,,,,,,,13328600
PSA2KMQ,749004,2021-05-05 08:48:00-04:00,2021-05-07 08:50:00-04:00,2021-05-05 08:52:10.665000-04:00,,2,,,,,,Not Assigned,,,,,,,,,,,,,,,,,,,,,,16149997
PSA2KMQ,749005,2021-05-05 08:48:00-04:00,2021-05-07 08:50:00-04:00,2021-05-05 08:54:26.651000-04:00,2021-05-05 09:10:58.148000-04:00,3,,,,,,Treatment,87.163,17.4254,5.0,5.0,,,5.0,5.0,1.0,0.0,7.0,0.0,0.0,0.0,0.0,1.0,2.0,0.0,43.631,12.4775,1.0,16150095
PSA2KMQ,749006,2021-05-05 08:48:00-04:00,2021-05-07 08:50:00-04:00,2021-05-05 08:53:01.942000-04:00,,5,,,,,,Not Assigned,,,,,,,,,,,,,,,,,,,,,,16150037
PSA2KMQ,749007,2021-02-10 08:45:00-05:00,2021-02-10 15:00:00-05:00,2021-02-10 08:55:52.460000-05:00,,2,,,,,,Not Assigned,,,,,,,,,,,,,,,,,,,,,,13328235
PSA2KMQ,749008,2021-05-05 08:48:00-04:00,2021-05-07 08:50:00-04:00,2021-05-05 08:55:30.875000-04:00,,8,,,,,,Not Assigned,,,,,,,,,,,,,,,,,,,,,,16150163
PSA2KMQ,749009,2021-02-10 08:45:00-05:00,2021-02-10 15:00:00-05:00,2021-02-10 08:58:15.617000-05:00,2021-02-10 09:22:32.715000-05:00,1,,,,,,Treatment,257.053,32.5965714285714,7.0,6.0,1.0,1.0,7.0,7.0,1.0,0.0,13.0,3.0,0.0,0.0,0.0,1.0,2.0,0.0,175.377,45.116,1.0,13328395
PSA2KMQ,749011,2021-05-05 08:48:00-04:00,2021-05-07 08:50:00-04:00,2021-05-05 08:52:05.334000-04:00,,3,,,,,,Not Assigned,,,,,,,,,,,,,,,,,,,,,,16149989
PSA2KMQ,749012,2021-02-10 08:45:00-05:00,2021-02-10 15:00:00-05:00,2021-02-10 08:58:34.775000-05:00,,1,,,,,,Not Assigned,,,,,,,,,,,,,,,,,,,,,,13328412
PSA2KMQ,749016,2021-05-05 08:48:00-04:00,2021-05-07 08:50:00-04:00,2021-05-05 08:52:43.140000-04:00,,6,,,,,,Not Assigned,,,,,,,,,,,,,,,,,,,,,,16150026
PSA2KMQ,749018,2021-02-10 08:45:00-05:00,2021-02-10 15:00:00-05:00,2021-02-10 08:54:46.803000-05:00,,1,,,,,,Not Assigned,,,,,,,,,,,,,,,,,,,,,,13328124
PSA2KMQ,749020,2021-05-05 08:48:00-04:00,2021-05-07 08:50:00-04:00,2021-05-05 08:58:19.795000-04:00,,1,,,,,,Not Assigned,,,,,,,,,,,,,,,,,,,,,,16150257
PSA2KMQ,749023,2021-05-05 08:48:00-04:00,2021-05-07 08:50:00-04:00,2021-05-05 08:52:21.354000-04:00,,2,,,,,,Not Assigned,,,,,,,,,,,,,,,,,,,,,,16150009
PSA2KMQ,749026,2021-05-05 08:48:00-04:00,2021-05-07 08:50:00-04:00,2021-05-05 08:54:42.433000-04:00,,1,,,,,,Not Assigned,,,,,,,,,,,,,,,,,,,,,,16150118
PSA2KMQ,749031,2021-05-05 08:48:00-04:00,2021-05-07 08:50:00-04:00,2021-05-05 08:54:27.714000-04:00,2021-05-06 23:00:49.478000-04:00,5,,,,,,Control,136459.002,22732.0833333333,6.0,6.0,1.0,1.0,6.0,7.0,1.0,0.0,15.0,1.0,0.0,0.0,0.0,2.0,2.0,2.0,41.214,20.604,1.0,16150099
PSA2KMQ,749034,2021-02-10 08:45:00-05:00,2021-02-10 15:00:00-05:00,2021-02-10 08:58:49.539000-05:00,,1,,,,,,Not Assigned,,,,,,,,,,,,,,,,,,,,,,13328430
PSA2KMQ,749038,2021-02-10 08:45:00-05:00,2021-02-10 15:00:00-05:00,2021-02-10 08:52:15.584000-05:00,,2,,,,,,Treatment,1221.773,59.0535714285714,9.0,3.0,1.0,1.0,7.0,7.0,1.0,0.0,22.0,16.0,0.0,0.0,0.0,2.0,,,,,,13327922
PSA2KMQ,749077,2021-05-06 08:48:00-04:00,2021-05-07 08:50:00-04:00,2021-05-07 12:10:51.207000-04:00,,1,,,,,,Not Assigned,,,,,,,,,,,,,,,,,,,,,,16234952
PSA2KMQ,749111,2021-05-05 08:48:00-04:00,2021-05-07 08:50:00-04:00,2021-05-05 08:55:39.275000-04:00,2021-05-05 11:01:34.699000-04:00,4,,,,,,Not Assigned,,,,,,,,,,,,,,,,,2.0,2.0,10.384,5.1875,1.0,16150169
PSA2KMQ,749148,2021-05-05 08:48:00-04:00,2021-05-07 08:50:00-04:00,2021-05-05 08:55:06.437000-04:00,,1,,,,,,Not Assigned,,,,,,,,,,,,,,,,,,,,,,16150138
PSA2KMQ,749156,2021-05-05 08:48:00-04:00,2021-05-07 08:50:00-04:00,2021-05-05 08:52:13.585000-04:00,,2,,,,,,Not Assigned,,,,,,,,,,,,,,,,,,,,,,16149999
PSA2KMQ,749165,2021-02-10 08:45:00-05:00,2021-02-10 15:00:00-05:00,2021-02-10 08:55:36.967000-05:00,2021-02-10 09:06:38.706000-05:00,1,,,,,,Not Assigned,,,,,,,,,,,,,,,,,2.0,0.0,179.211,76.8115,1.0,13328211
PSA2KMQ,749187,2021-02-10 08:45:00-05:00,2021-02-10 15:00:00-05:00,2021-02-10 08:51:21.591000-05:00,,1,,,,,,Not Assigned,,,,,,,,,,,,,,,,,,,,,,13327867
PSA2KMQ,749238,2020-09-21 10:00:00-04:00,2020-09-28 10:00:00-04:00,2020-09-29 00:36:25.861000-04:00,,2,,,,,,Treatment,1135.343,83.7648,10.0,5.0,2.0,2.0,10.0,15.0,1.0,0.0,25.0,9.0,0.0,0.0,0.0,1.0,,,,,,6602306
PSA2KMQ,749676,2021-05-04 09:44:58.723000-04:00,2021-05-05 07:00:00-04:00,2021-05-05 07:23:46.774000-04:00,,1,,,,,,Not Assigned,,,,,,,,,,,,,,,,,,,,,,16148512
PSA2KMQ,749747,2021-05-04 09:44:58.723000-04:00,2021-05-05 07:00:00-04:00,2021-05-04 10:13:10.839000-04:00,2021-05-04 10:36:21.036000-04:00,2,,,,,,Not Assigned,,,,,,,,,,,,,,,,,2.0,0.0,249.367,85.814,1.0,16114654
PSA2KMQ,749760,2021-05-04 09:44:58.723000-04:00,2021-05-05 07:00:00-04:00,2021-05-04 16:41:33.217000-04:00,,1,,,,,,Treatment,625.601,204.365,8.0,1.0,0.0,0.0,1.0,1.0,1.0,0.0,19.0,18.0,0.0,0.0,0.0,1.0,,,,,,16142197
PSA2KMQ,749918,2021-03-26 08:32:09.490000-04:00,2021-03-26 17:31:00-04:00,2021-03-29 17:34:45.712000-04:00,,1,,,,,,Not Assigned,,,,,,,,,,,,,,,,,,,,,,15130369
PSA2KMQ,750516,2021-02-10 08:45:00-05:00,2021-02-10 15:00:00-05:00,2021-02-10 08:51:08.724000-05:00,,2,,,,,,Not Assigned,,,,,,,,,,,,,,,,,,,,,,13327856
PSA2KMQ,750520,2021-02-10 08:45:00-05:00,2021-02-10 15:00:00-05:00,2021-02-10 09:00:20.346000-05:00,,2,,,,,,Not Assigned,,,,,,,,,,,,,,,,,,,,,,13328557
PSA2KMQ,750526,2021-02-10 08:45:00-05:00,2021-02-10 15:00:00-05:00,2021-02-10 09:00:58.710000-05:00,2021-02-10 09:34:37.574000-05:00,1,,,,,,Treatment,488.99,97.7942,5.0,5.0,,,5.0,5.0,1.0,0.0,7.0,0.0,0.0,0.0,0.0,1.0,2.0,0.0,1177.61,559.241,1.0,13328598
PSA2KMQ,751000,2021-05-05 08:48:00-04:00,2021-05-07 08:50:00-04:00,2021-05-05 08:52:45.847000-04:00,,6,,,,,,Not Assigned,,,,,,,,,,,,,,,,,,,,,,16150027
PSA2KMQ,751129,2021-02-10 08:45:00-05:00,2021-02-10 15:00:00-05:00,2021-02-10 08:54:50.627000-05:00,,1,,,,,,Not Assigned,,,,,,,,,,,,,,,,,,,,,,13328132
PSA2KMQ,751836,2021-05-04 10:45:32.724000-04:00,2021-05-05 07:00:00-04:00,2021-05-05 10:09:26.035000-04:00,,2,,,,,,Not Assigned,,,,,,,,,,,,,,,,,,,,,,16153838
PSA2KMQ,752613,2021-02-10 08:45:00-05:00,2021-02-10 15:00:00-05:00,2021-02-10 10:57:39.830000-05:00,,1,,,,,,Not Assigned,,,,,,,,,,,,,,,,,,,,,,13342510
PSA2KMQ,752615,2021-02-10 08:45:00-05:00,2021-02-10 15:00:00-05:00,2021-02-10 10:45:28.312000-05:00,2021-02-11 11:29:08.100000-05:00,3,,,,,,Not Assigned,,,,,,,,,,,,,,,,,2.0,0.0,88.593,34.652,1.0,13340782
PSA2KMQ,752624,2021-02-10 08:45:00-05:00,2021-02-10 15:00:00-05:00,2021-02-10 10:51:27.916000-05:00,2021-02-10 13:41:02.791000-05:00,2,,,,,,Treatment,243.643,27.8851428571429,7.0,5.0,1.0,1.0,7.0,10.0,2.0,0.0,13.0,2.0,0.0,0.0,0.0,1.0,2.0,0.0,567.873,253.638,1.0,13341691
PSA2KMQ,752631,2021-02-10 08:45:00-05:00,2021-02-10 15:00:00-05:00,2021-02-10 10:50:45.219000-05:00,2021-02-10 11:05:11.873000-05:00,1,,,,,,Control,91.533,22.88125,4.0,4.0,,,4.0,4.0,0.0,0.0,9.0,0.0,0.0,0.0,0.0,1.0,2.0,0.0,146.216,61.028,1.0,13341595
PSA2KMQ,752639,2021-02-10 08:45:00-05:00,2021-02-10 15:00:00-05:00,2021-02-10 09:35:13.661000-05:00,,1,,,,,,Not Assigned,,,,,,,,,,,,,,,,,,,,,,13332042
PSA2KMQ,752640,2021-02-10 08:45:00-05:00,2021-02-10 15:00:00-05:00,2021-02-10 10:51:08.193000-05:00,,3,,,,,,Treatment,468.906,70.0668333333333,6.0,3.0,1.0,1.0,6.0,8.0,1.0,0.0,13.0,3.0,0.0,0.0,0.0,2.0,,,,,,13341650
PSA2KMQ,752646,2021-02-10 08:45:00-05:00,2021-02-10 15:00:00-05:00,2021-02-10 10:52:43.427000-05:00,,2,,,,,,Not Assigned,,,,,,,,,,,,,,,,,,,,,,13341849
PSA2KMQ,752651,2021-02-10 08:45:00-05:00,2021-02-10 15:00:00-05:00,2021-02-10 10:51:19.758000-05:00,2021-02-10 11:08:48.565000-05:00,2,,,,,,Not Assigned,,,,,,,,,,,,,,,,,2.0,0.0,126.407,38.361,1.0,13341677
PSA2KMQ,752652,2021-02-10 08:45:00-05:00,2021-02-10 15:00:00-05:00,2021-02-10 11:04:57.771000-05:00,,1,,,,,,Not Assigned,,,,,,,,,,,,,,,,,,,,,,13343404
PSA2KMQ,752661,2021-02-10 08:45:00-05:00,2021-02-10 15:00:00-05:00,2021-02-10 10:48:19.682000-05:00,2021-02-10 12:17:28.220000-05:00,2,,,,,,Treatment,4489.902,362.394363636364,11.0,5.0,1.0,1.0,11.0,11.0,2.0,0.0,25.0,16.0,0.0,0.0,0.0,1.0,2.0,0.0,33.895,8.6215,1.0,13341217
PSA2KMQ,752667,2021-02-10 08:45:00-05:00,2021-02-10 15:00:00-05:00,2021-02-10 10:58:06.829000-05:00,,2,,,,,,Not Assigned,,,,,,,,,,,,,,,,,,,,,,13342576
PSA2KMQ,752669,2021-02-10 08:45:00-05:00,2021-02-10 15:00:00-05:00,2021-02-10 10:54:48.283000-05:00,,3,,,,,,Treatment,723.13,144.623,5.0,5.0,,,5.0,5.0,1.0,0.0,7.0,0.0,0.0,0.0,0.0,1.0,1.0,0.0,197.013,134.525,1.0,13342154
PSA2KMQ,752692,2021-02-10 08:45:00-05:00,2021-02-10 15:00:00-05:00,2021-02-10 10:50:55.557000-05:00,,1,,,,,,Not Assigned,,,,,,,,,,,,,,,,,,,,,,13341620
PSA2KMQ,752697,2021-02-10 08:45:00-05:00,2021-02-10 15:00:00-05:00,2021-02-10 10:53:34.055000-05:00,,1,,,,,,Not Assigned,,,,,,,,,,,,,,,,,,,,,,13341976
PSA2KMQ,752725,2021-02-10 08:45:00-05:00,2021-02-10 15:00:00-05:00,2021-02-10 10:58:29.962000-05:00,,3,,,,,,Not Assigned,,,,,,,,,,,,,,,,,,,,,,13342619
PSA2KMQ,752732,2021-02-10 08:45:00-05:00,2021-02-10 15:00:00-05:00,2021-02-12 11:23:01.051000-05:00,,1,,,,,,Control,194.462,143.74,2.0,1.0,1.0,1.0,1.0,3.0,1.0,0.0,6.0,1.0,0.0,0.0,0.0,1.0,,,,,,13465491
PSA2KMQ,752806,2021-02-10 08:45:00-05:00,2021-02-10 15:00:00-05:00,2021-02-10 10:52:35.180000-05:00,,1,,,,,,Not Assigned,,,,,,,,,,,,,,,,,,,,,,13341833
PSA2KMQ,752812,2020-11-17 10:00:00-05:00,2020-11-18 17:35:00-05:00,2020-11-17 11:36:47.937000-05:00,,1,,,,,,Treatment,255.264,50.39975,4.0,2.0,0.0,0.0,4.0,4.0,1.0,0.0,7.0,4.0,0.0,0.0,0.0,1.0,,,,,,9891241
PSA2KMQ,752817,2021-02-10 08:45:00-05:00,2021-02-10 15:00:00-05:00,2021-02-10 10:56:09.551000-05:00,,3,,,,,,Not Assigned,,,,,,,,,,,,,,,,,,,,,,13342301
PSA2KMQ,752835,2021-02-10 08:45:00-05:00,2021-02-10 15:00:00-05:00,2021-02-10 09:22:34.369000-05:00,,1,,,,,,Not Assigned,,,,,,,,,,,,,,,,,,,,,,13330656
PSA2KMQ,752978,2021-01-14 11:00:00-05:00,2021-01-15 11:00:00-05:00,2021-01-14 14:04:54.734000-05:00,,2,,,,,,Not Assigned,,,,,,,,,,,,,,,,,,,,,,12133267
PSA2KMQ,753292,2020-11-17 10:00:00-05:00,2020-11-18 17:35:00-05:00,2020-11-17 18:32:09.298000-05:00,,1,,,,,,Control,631.945,21.391,7.0,5.0,3.0,3.0,12.0,19.0,8.0,10.0,21.0,7.0,0.0,0.0,5.0,1.0,,,,,,9948454
PSA2KMQ,753350,2020-11-17 10:00:00-05:00,2020-11-18 17:35:00-05:00,2020-12-10 13:17:25.273000-05:00,,7,,,,,,Treatment,12479.479,65.5144444444445,9.0,4.0,1.0,1.0,9.0,11.0,2.0,1.0,22.0,12.0,0.0,0.0,0.0,1.0,,,,,,11062866
PSA2KMQ,753417,2020-11-17 10:00:00-05:00,2020-11-18 17:35:00-05:00,2020-11-17 11:32:08.373000-05:00,2020-11-17 12:24:39.484000-05:00,3,,,,,,Not Assigned,,,,,,,,,,,,,,,,,2.0,2.0,1374.31,687.1535,1.0,9890317
PSA2KMQ,753420,2020-11-17 10:00:00-05:00,2020-11-18 17:35:00-05:00,2020-11-17 11:44:29.209000-05:00,,2,,,,,,Not Assigned,,,,,,,,,,,,,,,,,,,,,,9892855
PSA2KMQ,753585,2020-11-17 10:00:00-05:00,2020-11-18 17:35:00-05:00,2020-11-17 13:22:04.968000-05:00,2020-11-17 17:08:28.669000-05:00,2,,,,,,Control,314.565,28.2848888888889,6.0,7.0,1.0,1.0,9.0,10.0,3.0,2.0,15.0,3.0,0.0,0.0,0.0,1.0,2.0,0.0,412.704,148.2675,1.0,9912457
PSA2KMQ,753649,2020-11-17 10:00:00-05:00,2020-11-18 17:35:00-05:00,2020-11-17 11:39:43.131000-05:00,2020-11-18 11:37:47.253000-05:00,5,,,,,,Control,1089.407,30.647375,15.0,12.0,4.0,3.0,19.0,29.0,11.0,8.0,42.0,10.0,0.0,0.0,2.0,2.0,2.0,0.0,327.745,115.6915,1.0,9891807
PSA2KMQ,753695,2020-12-07 11:00:00-05:00,,2020-12-07 12:01:01.793000-05:00,,1,,,,,,Not Assigned,,,,,,,,,,,,,,,,,,,,,,10796561
PSA2KMQ,753697,2020-11-17 10:00:00-05:00,2020-11-18 17:35:00-05:00,2020-11-17 11:47:48.343000-05:00,2020-11-17 23:37:23.212000-05:00,4,,,,,,Not Assigned,,,,,,,,,,,,,,,,,2.0,1.0,703.93,266.5265,1.0,9893583
PSA2KMQ,753719,2020-11-17 10:00:00-05:00,2020-11-18 17:35:00-05:00,2020-11-17 18:19:27.015000-05:00,2020-11-17 18:50:48.061000-05:00,1,,,,,,Not Assigned,,,,,,,,,,,,,,,,,2.0,0.0,723.567,298.5635,1.0,9947967
PSA2KMQ,753731,2020-12-07 11:00:00-05:00,,2020-12-07 11:42:44.829000-05:00,,2,,,,,,Control,1189.391,66.3834615384615,7.0,5.0,1.0,1.0,12.0,22.0,6.0,5.0,21.0,6.0,0.0,0.0,3.0,1.0,,,,,,10792970
PSA2KMQ,753780,2020-11-17 10:00:00-05:00,2020-11-18 17:35:00-05:00,2020-11-17 10:03:07.175000-05:00,2020-11-17 22:12:18.409000-05:00,3,,,,,,Not Assigned,,,,,,,,,,,,,,,,,2.0,2.0,358.474,179.2355,1.0,9872899
PSA2KMQ,753845,2020-12-07 11:00:00-05:00,,2020-12-07 15:23:22.026000-05:00,,3,,,,,,Not Assigned,,,,,,,,,,,,,,,,,,,,,,10830459
PSA2KMQ,753863,2020-09-21 10:00:00-04:00,2020-09-28 10:00:00-04:00,2020-09-24 12:48:39.758000-04:00,2020-09-24 13:43:13.948000-04:00,5,,,,,,Control,357.789,36.00675,5.0,6.0,1.0,1.0,8.0,9.0,3.0,2.0,12.0,3.0,0.0,0.0,0.0,3.0,2.0,0.0,164.985,57.945,1.0,6318607
PSA2KMQ,753907,2020-12-07 11:00:00-05:00,,2020-12-11 16:24:03.937000-05:00,2020-12-11 16:51:20.411000-05:00,1,,,,,,Not Assigned,,,,,,,,,,,,,,,,,2.0,1.0,862.315,374.1665,1.0,11154035
PSA2KMQ,754274,2020-12-07 11:00:00-05:00,,2020-12-08 00:09:59.299000-05:00,2020-12-08 00:34:09.223000-05:00,3,,,,,,Treatment,366.052,73.2048,5.0,5.0,,,5.0,5.0,1.0,0.0,7.0,0.0,0.0,0.0,0.0,1.0,2.0,0.0,332.995,116.1675,1.0,10850120
PSA2KMQ,754418,2020-12-07 11:00:00-05:00,,2020-12-08 13:48:59.700000-05:00,,1,,,,,,Not Assigned,,,,,,,,,,,,,,,,,,,,,,10904995
PSA2KMQ,754425,2020-12-07 11:00:00-05:00,,2020-12-08 13:07:36.574000-05:00,,4,,,,,,Not Assigned,,,,,,,,,,,,,,,,,,,,,,10897512
PSA2KMQ,754606,2020-12-07 11:00:00-05:00,,2020-12-07 11:15:28.558000-05:00,,1,,,,,,Not Assigned,,,,,,,,,,,,,,,,,,,,,,10787968
PSA2KMQ,754621,2021-05-04 12:31:42.863000-04:00,2021-05-05 07:00:00-04:00,2021-05-04 14:15:48.934000-04:00,,5,,,,,,Not Assigned,,,,,,,,,,,,,,,,,,,,,,16134692
PSA2KMQ,755139,2020-12-07 11:00:00-05:00,,2020-12-12 00:46:15.889000-05:00,2020-12-12 01:11:15.627000-05:00,3,,,,,,Not Assigned,,,,,,,,,,,,,,,,,2.0,0.0,560.491,201.1335,1.0,11160228
PSA2KMQ,755359,2021-02-10 08:45:00-05:00,2021-02-10 15:00:00-05:00,2021-02-10 12:14:54.753000-05:00,2021-02-10 12:34:08.016000-05:00,1,,,,,,Control,671.415,30.6803333333333,9.0,11.0,2.0,2.0,15.0,17.0,6.0,2.0,24.0,6.0,0.0,0.0,2.0,1.0,2.0,0.0,75.925,26.5665,1.0,13353008
PSA2KMQ,755366,2021-02-10 08:45:00-05:00,2021-02-10 15:00:00-05:00,2021-02-10 12:19:45.385000-05:00,,1,,,,,,Treatment,240.59,113.1855,2.0,1.0,,,2.0,2.0,1.0,0.0,1.0,1.0,0.0,0.0,0.0,1.0,,,,,,13353578
PSA2KMQ,755368,2021-02-10 08:45:00-05:00,2021-02-10 15:00:00-05:00,2021-02-10 12:16:36.951000-05:00,2021-02-11 21:41:53.373000-05:00,2,,,,,,Not Assigned,,,,,,,,,,,,,,,,,2.0,0.0,89.451,15.4375,1.0,13353210
PSA2KMQ,755371,2021-02-10 08:45:00-05:00,2021-02-10 15:00:00-05:00,2021-02-10 12:20:45.729000-05:00,,4,,,,,,Control,88074.002,2549.92644117647,10.0,15.0,8.0,3.0,34.0,67.0,26.0,8.0,30.0,25.0,0.0,0.0,4.0,4.0,,,,,,13353681
PSA2KMQ,755373,2021-02-10 08:45:00-05:00,2021-02-10 15:00:00-05:00,2021-02-10 12:19:15.399000-05:00,2021-02-10 13:19:39.405000-05:00,1,,,,,,Not Assigned,,,,,,,,,,,,,,,,,2.0,0.0,33.696,10.1435,1.0,13353515
PSA2KMQ,755391,2021-02-10 08:45:00-05:00,2021-02-10 15:00:00-05:00,2021-02-10 08:53:32.598000-05:00,2021-02-10 09:06:42.793000-05:00,1,,,,,,Treatment,122.782,24.5522,5.0,5.0,,,5.0,5.0,1.0,0.0,7.0,0.0,0.0,0.0,0.0,1.0,2.0,0.0,112.89,21.6875,1.0,13328024
PSA2KMQ,755434,2021-02-10 08:45:00-05:00,2021-02-10 15:00:00-05:00,2021-02-10 12:21:57.355000-05:00,,1,,,,,,Not Assigned,,,,,,,,,,,,,,,,,,,,,,13353861
PSA2KMQ,755441,2021-02-10 08:45:00-05:00,2021-02-10 15:00:00-05:00,2021-02-10 12:21:11.425000-05:00,,1,,,,,,Not Assigned,,,,,,,,,,,,,,,,,,,,,,13353741
PSA2KMQ,755442,2021-02-10 08:45:00-05:00,2021-02-10 15:00:00-05:00,2021-02-10 12:21:54.427000-05:00,,1,,,,,,Not Assigned,,,,,,,,,,,,,,,,,,,,,,13353853
PSA2KMQ,755470,2021-02-10 08:45:00-05:00,2021-02-10 15:00:00-05:00,2021-02-10 12:19:50.464000-05:00,,3,,,,,,Not Assigned,,,,,,,,,,,,,,,,,,,,,,13353604
PSA2KMQ,755477,2021-02-10 08:45:00-05:00,2021-02-10 15:00:00-05:00,2021-02-11 13:02:12.072000-05:00,,1,,,,,,Not Assigned,,,,,,,,,,,,,,,,,,,,,,13422120
PSA2KMQ,755503,2021-02-10 08:45:00-05:00,2021-02-10 15:00:00-05:00,2021-02-10 12:23:48.447000-05:00,,2,,,,,,Not Assigned,,,,,,,,,,,,,,,,,,,,,,13354106
PSA2KMQ,755506,2021-02-10 08:45:00-05:00,2021-02-10 15:00:00-05:00,2021-02-10 11:10:51.845000-05:00,,2,,,,,,Treatment,6908.694,29.2845,4.0,1.0,0.0,0.0,2.0,2.0,1.0,0.0,7.0,4.0,0.0,0.0,0.0,2.0,,,,,,13344167
PSA2KMQ,755514,2021-02-10 08:45:00-05:00,2021-02-10 15:00:00-05:00,2021-02-10 12:21:16.606000-05:00,,1,,,,,,Not Assigned,,,,,,,,,,,,,,,,,,,,,,13353755
PSA2KMQ,755515,2021-02-10 08:45:00-05:00,2021-02-10 15:00:00-05:00,2021-02-10 12:16:04.083000-05:00,,2,,,,,,Control,1297.132,23.8910666666667,6.0,3.0,3.0,1.0,12.0,38.0,13.0,10.0,18.0,12.0,0.0,0.0,7.0,1.0,,,,,,13353149
PSA2KMQ,756093,2020-12-07 11:00:00-05:00,,2020-12-07 11:31:21.203000-05:00,,2,,,,,,Not Assigned,,,,,,,,,,,,,,,,,,,,,,10790957
PSA2KMQ,756924,2020-11-17 10:00:00-05:00,2020-11-18 17:35:00-05:00,2020-11-17 12:42:10.175000-05:00,,4,,,,,,Treatment,1110.719,369.964,3.0,2.0,,,3.0,3.0,1.0,0.0,4.0,1.0,0.0,0.0,0.0,2.0,,,,,,9904422
PSA2KMQ,756963,2020-11-17 10:00:00-05:00,2020-11-18 17:35:00-05:00,2020-11-17 12:51:09.776000-05:00,2020-11-17 13:23:22.632000-05:00,2,,,,,,Treatment,1141.244,116.146444444444,9.0,7.0,1.0,1.0,9.0,12.0,1.0,0.0,19.0,2.0,0.0,0.0,0.0,2.0,2.0,1.0,234.269,104.791,1.0,9906126
PSA2KMQ,757008,2020-11-17 10:00:00-05:00,2020-11-18 17:35:00-05:00,2020-11-17 13:15:02.817000-05:00,2020-11-17 13:22:51.791000-05:00,1,,,,,,Not Assigned,,,,,,,,,,,,,,,,,2.0,0.0,164.479,70.8265,1.0,9911080
PSA2KMQ,757067,2020-12-07 11:00:00-05:00,,2020-12-07 12:40:10.431000-05:00,,1,,,,,,Not Assigned,,,,,,,,,,,,,,,,,,,,,,10803586
PSA2KMQ,757123,2020-11-17 10:00:00-05:00,2020-11-18 17:35:00-05:00,2020-11-17 13:20:03.445000-05:00,2020-11-17 13:38:01.713000-05:00,3,,,,,,Not Assigned,,,,,,,,,,,,,,,,,2.0,0.0,301.319,117.9345,1.0,9912081
PSA2KMQ,757150,2020-11-17 10:00:00-05:00,2020-11-18 17:35:00-05:00,2020-11-17 19:00:40.405000-05:00,2020-11-17 19:23:33.372000-05:00,4,,,,,,Not Assigned,,,,,,,,,,,,,,,,,2.0,1.0,135.96,53.898,1.0,9949553
PSA2KMQ,757174,2020-11-17 10:00:00-05:00,2020-11-18 17:35:00-05:00,2020-11-17 17:23:18.891000-05:00,2020-11-17 23:45:53.208000-05:00,6,,,,,,Treatment,819.328,163.8596,5.0,5.0,,,5.0,5.0,1.0,0.0,7.0,0.0,0.0,0.0,0.0,2.0,2.0,2.0,511.802,255.897,1.0,9945271
PSA2KMQ,757294,2020-11-17 10:00:00-05:00,2020-11-18 17:35:00-05:00,2020-11-17 15:35:49.596000-05:00,2020-11-17 16:05:05.149000-05:00,4,,,,,,Control,1508.054,43.3502352941176,9.0,12.0,3.0,2.0,15.0,20.0,9.0,3.0,24.0,9.0,0.0,0.0,1.0,4.0,2.0,0.0,380.793,103.391,1.0,9936286
PSA2KMQ,757400,2020-11-17 10:00:00-05:00,2020-11-18 17:35:00-05:00,2020-11-17 10:14:49.474000-05:00,2020-11-18 10:02:59.765000-05:00,6,,,,,,Treatment,814.045,43.4438571428571,14.0,9.0,3.0,3.0,14.0,14.0,1.0,0.0,34.0,15.0,0.0,0.0,0.0,2.0,2.0,0.0,118.163,44.345,1.0,9875009
PSA2KMQ,757552,2020-11-17 10:00:00-05:00,2020-11-18 17:35:00-05:00,2020-11-18 17:14:05.168000-05:00,2020-11-20 12:32:36.102000-05:00,2,,,,,,Not Assigned,,,,,,,,,,,,,,,,,2.0,0.0,683.208,311.0385,1.0,10028980
PSA2KMQ,757631,2020-11-17 10:00:00-05:00,2020-11-18 17:35:00-05:00,2020-11-30 12:50:37.342000-05:00,2020-11-30 13:06:14.782000-05:00,1,,,,,,Not Assigned,,,,,,,,,,,,,,,,,2.0,0.0,289.898,59.4915,1.0,10356295
PSA2KMQ,757638,2020-11-17 10:00:00-05:00,2020-11-18 17:35:00-05:00,2020-11-17 11:20:38.880000-05:00,2020-11-17 11:50:10.929000-05:00,2,,,,,,Control,461.11,29.3670769230769,10.0,10.0,2.0,0.0,13.0,15.0,4.0,0.0,27.0,3.0,0.0,0.0,0.0,2.0,2.0,2.0,158.99,79.4915,1.0,9887758
PSA2KMQ,757659,2020-11-17 10:00:00-05:00,2020-11-18 17:35:00-05:00,2020-11-21 13:41:27.661000-05:00,2020-11-21 13:59:02.002000-05:00,2,,,,,,Treatment,188.174,37.6332,5.0,5.0,,,5.0,5.0,1.0,0.0,7.0,0.0,0.0,0.0,0.0,2.0,2.0,0.0,157.55,52.1115,1.0,10191825
PSA2KMQ,757660,2020-11-17 10:00:00-05:00,2020-11-18 17:35:00-05:00,2020-11-17 15:24:30.379000-05:00,2020-11-17 19:39:38.699000-05:00,2,,,,,,Not Assigned,,,,,,,,,,,,,,,,,2.0,2.0,171.033,85.514,1.0,9934854
PSA2KMQ,758048,2020-11-17 10:00:00-05:00,2020-11-18 17:35:00-05:00,2020-11-17 13:24:56.613000-05:00,2020-11-18 16:04:34.881000-05:00,2,,,,,,Control,3073.019,150.961444444444,9.0,13.0,3.0,1.0,18.0,21.0,9.0,0.0,24.0,9.0,0.0,0.0,0.0,1.0,2.0,2.0,1010.341,505.1585,1.0,9912998
PSA2KMQ,758114,2020-12-07 11:00:00-05:00,,2020-12-07 17:01:49.048000-05:00,,1,,,,,,Not Assigned,,,,,,,,,,,,,,,,,,,,,,10838537
PSA2KMQ,758225,2020-12-07 11:00:00-05:00,,2020-12-07 13:06:13.877000-05:00,,1,,,,,,Not Assigned,,,,,,,,,,,,,,,,,,,,,,10808050
PSA2KMQ,762075,2020-11-17 10:00:00-05:00,2020-11-18 17:35:00-05:00,2020-11-17 21:37:36.305000-05:00,2020-11-17 22:42:00.754000-05:00,2,,,,,,Not Assigned,,,,,,,,,,,,,,,,,2.0,1.0,1229.2,612.357,1.0,9954171
PSA2KMQ,762225,2020-09-21 10:00:00-04:00,2020-09-28 10:00:00-04:00,2020-09-30 19:01:19.657000-04:00,,1,,,,,,Not Assigned,,,,,,,,,,,,,,,,,,,,,,6834839
PSA2KMQ,762250,2020-12-07 11:00:00-05:00,,2020-12-10 11:45:15.644000-05:00,,1,,,,,,Treatment,942.063,54.7495833333333,12.0,9.0,2.0,2.0,12.0,12.0,1.0,0.0,28.0,9.0,0.0,0.0,0.0,1.0,,,,,,11047290
PSA2KMQ,762367,2020-11-17 10:00:00-05:00,2020-11-18 17:35:00-05:00,2020-11-17 13:19:18.641000-05:00,2020-11-17 14:01:29.260000-05:00,2,,,,,,Treatment,1010.472,107.3315,8.0,6.0,1.0,1.0,8.0,8.0,1.0,0.0,16.0,6.0,0.0,0.0,0.0,1.0,2.0,0.0,799.536,322.762,1.0,9911925
PSA2KMQ,762434,2020-11-17 10:00:00-05:00,2020-11-18 17:35:00-05:00,2020-11-17 18:29:34.877000-05:00,2020-11-17 22:47:40.390000-05:00,2,,,,,,Control,280.798,41.9656,5.0,5.0,1.0,1.0,5.0,7.0,1.0,0.0,12.0,1.0,0.0,0.0,0.0,1.0,2.0,0.0,848.89,315.1125,1.0,9948343
PSA2KMQ,762605,2020-11-17 10:00:00-05:00,2020-11-18 17:35:00-05:00,2020-11-20 11:38:51.194000-05:00,2020-11-20 12:49:38.609000-05:00,1,,,,,,Not Assigned,,,,,,,,,,,,,,,,,2.0,2.0,1286.195,643.091,1.0,10153694
PSA2KMQ,763580,2020-11-17 10:00:00-05:00,2020-11-18 17:35:00-05:00,2020-11-17 19:23:02.868000-05:00,2020-11-17 19:51:55.789000-05:00,1,,,,,,Control,891.546,91.8111111111111,6.0,8.0,1.0,1.0,9.0,9.0,3.0,0.0,15.0,3.0,0.0,0.0,0.0,1.0,2.0,1.0,251.194,74.872,1.0,9950365
PSA2KMQ,763659,2020-09-21 10:00:00-04:00,2020-09-28 10:00:00-04:00,2020-10-19 10:42:39.998000-04:00,,1,,,,,,Not Assigned,,,,,,,,,,,,,,,,,,,,,,8039061
PSA2KMQ,764254,2021-05-04 08:51:36.283000-04:00,2021-05-05 07:00:00-04:00,2021-05-05 06:07:56.022000-04:00,,3,,,,,,Not Assigned,,,,,,,,,,,,,,,,,,,,,,16148384
PSA2KMQ,769428,2021-02-10 08:45:00-05:00,2021-02-10 15:00:00-05:00,2021-02-10 11:17:48.920000-05:00,2021-02-10 11:25:22.671000-05:00,1,,,,,,Treatment,66.071,13.2096,5.0,5.0,,,5.0,5.0,1.0,0.0,7.0,0.0,0.0,0.0,0.0,1.0,2.0,0.0,100.939,40.787,1.0,13345077
PSA2KMQ,769445,2021-02-10 08:45:00-05:00,2021-02-10 15:00:00-05:00,2021-02-10 12:21:49.244000-05:00,,1,,,,,,Not Assigned,,,,,,,,,,,,,,,,,,,,,,13353854
PSA2KMQ,770249,2021-02-16 08:00:00-05:00,,2021-02-16 23:00:42.208000-05:00,,10,,,,,,Not Assigned,,,,,,,,,,,,,,,,,,,,,,13548748
PSA2KMQ,772673,2020-10-08 11:00:00-04:00,2020-10-15 01:00:00-04:00,2020-10-08 11:41:25.173000-04:00,,2,,,,,,Not Assigned,,,,,,,,,,,,,,,,,,,,,,7426553
PSA2KMQ,780684,2021-05-04 09:44:58.723000-04:00,2021-05-05 07:00:00-04:00,2021-05-05 07:19:57.392000-04:00,,2,,,,,,Not Assigned,,,,,,,,,,,,,,,,,,,,,,16148498
PSA2KMQ,782854,2021-02-10 08:45:00-05:00,2021-02-10 15:00:00-05:00,2021-02-10 10:55:58.564000-05:00,2021-02-10 13:14:17.673000-05:00,2,,,,,,Not Assigned,,,,,,,,,,,,,,,,,2.0,0.0,53.715,16.853,1.0,13342286
PSA2KMQ,784419,2021-02-16 08:00:00-05:00,,2021-02-19 13:21:53.492000-05:00,,1,,,,,,Not Assigned,,,,,,,,,,,,,,,,,,,,,,13675545
PSA2KMQ,790829,2021-05-04 09:44:58.723000-04:00,2021-05-05 07:00:00-04:00,2021-05-04 14:03:17.902000-04:00,2021-05-04 14:15:23.547000-04:00,1,,,,,,Control,146.784,36.6915,4.0,4.0,,,4.0,4.0,1.0,0.0,9.0,0.0,0.0,0.0,0.0,1.0,2.0,2.0,151.22,75.6045,1.0,16133517
PSA2KMQ,792726,2020-10-08 11:00:00-04:00,2020-10-15 01:00:00-04:00,2020-10-14 13:14:22.843000-04:00,,1,,,,,,Not Assigned,,,,,,,,,,,,,,,,,,,,,,7791144
PSA2KMQ,793969,2021-03-26 08:32:09.490000-04:00,2021-03-26 17:31:00-04:00,2021-03-26 10:33:09.842000-04:00,,2,,,,,,Not Assigned,,,,,,,,,,,,,,,,,,,,,,15070078
PSA2KMQ,795684,2021-02-25 07:49:09.499000-05:00,,2021-02-25 10:05:45.824000-05:00,,1,,,,,,Not Assigned,,,,,,,,,,,,,,,,,,,,,,13909232
PSA2KMQ,800212,2020-09-23 18:31:15.965000-04:00,2020-09-27 18:33:00-04:00,2020-10-02 12:08:04.717000-04:00,,1,,,,,,Not Assigned,,,,,,,,,,,,,,,,,,,,,,7000100
PSA2KMQ,811861,2020-10-08 11:00:00-04:00,2020-10-15 01:00:00-04:00,2020-10-08 12:53:56.904000-04:00,,1,,,,,,Not Assigned,,,,,,,,,,,,,,,,,,,,,,7440938
PSA2KMQ,815638,2021-05-04 08:51:36.283000-04:00,2021-05-05 07:00:00-04:00,2021-05-05 07:24:24.275000-04:00,,1,,,,,,Not Assigned,,,,,,,,,,,,,,,,,,,,,,16148513
PSA2KMQ,816068,2020-09-23 18:31:15.965000-04:00,2020-09-27 18:33:00-04:00,2020-11-10 00:42:47.843000-05:00,,4,,,,,,Not Assigned,,,,,,,,,,,,,,,,,,,,,,9509880
PSA2KMQ,819163,2021-05-10 09:08:12.580000-04:00,2021-05-10 21:07:00-04:00,2021-05-18 11:37:19.345000-04:00,,1,,,,,,Not Assigned,,,,,,,,,,,,,,,,,,,,,,16469207
PSA2KMQ,821928,2020-09-23 18:31:15.965000-04:00,2020-09-27 18:33:00-04:00,2020-12-01 21:00:23.776000-05:00,,1,,,,,,Not Assigned,,,,,,,,,,,,,,,,,,,,,,10499232
PSA2KMQ,823099,2020-11-17 10:25:45.657000-05:00,2020-11-18 08:00:00-05:00,2020-11-17 15:56:38.251000-05:00,,1,,,,,,Not Assigned,,,,,,,,,,,,,,,,,,,,,,9938628
PSA2KMQ,840430,2020-11-17 10:00:00-05:00,2020-11-18 17:35:00-05:00,2020-12-03 19:59:25.857000-05:00,2020-12-04 14:23:58.930000-05:00,4,,,,,,Not Assigned,,,,,,,,,,,,,,,,,2.0,0.0,108.683,38.2985,1.0,10679394
PSA2KMQ,843584,2021-05-04 10:45:32.724000-04:00,2021-05-05 07:00:00-04:00,2021-05-04 10:45:34.600000-04:00,,6,,,,,,Not Assigned,,,,,,,,,,,,,,,,,,,,,,16117062
PSA2KMQ,848619,2021-03-26 07:58:44.977000-04:00,2021-03-31 08:00:00-04:00,2021-03-31 13:49:35.343000-04:00,2021-04-09 13:33:02.372000-04:00,5,,,,,,Treatment,413.805,41.5855714285714,7.0,6.0,1.0,1.0,7.0,7.0,1.0,0.0,13.0,3.0,0.0,0.0,0.0,1.0,2.0,0.0,89.683,29.638,1.0,15195397
PSA2KMQ,848631,2021-03-26 07:58:44.977000-04:00,2021-03-31 08:00:00-04:00,2021-03-26 13:44:29.845000-04:00,,2,,,,,,Control,1053.056,29.4550555555555,7.0,11.0,4.0,3.0,16.0,25.0,12.0,4.0,21.0,12.0,0.0,0.0,3.0,1.0,,,,,,15083279
PSA2KMQ,848632,2021-03-26 07:58:44.977000-04:00,2021-03-31 08:00:00-04:00,2021-04-01 08:40:29.207000-04:00,,1,,,,,,Not Assigned,,,,,,,,,,,,,,,,,,,,,,15208115
PSA2KMQ,848648,2021-03-26 07:58:44.977000-04:00,2021-03-31 08:00:00-04:00,2021-04-08 10:04:41.130000-04:00,2021-04-08 10:39:39.468000-04:00,1,,,,,,Control,73.196,18.29625,4.0,4.0,,,4.0,4.0,0.0,0.0,9.0,0.0,0.0,0.0,0.0,1.0,2.0,1.0,236.33,60.586,1.0,15350719
PSA2KMQ,848651,2021-03-26 07:58:44.977000-04:00,2021-03-31 08:00:00-04:00,2021-03-26 08:48:44.887000-04:00,,7,,,,,,Not Assigned,,,,,,,,,,,,,,,,,,,,,,15063203
PSA2KMQ,848661,2021-03-26 07:58:44.977000-04:00,2021-03-31 08:00:00-04:00,2021-03-30 08:49:04.982000-04:00,,9,,,,,,Not Assigned,,,,,,,,,,,,,,,,,,,,,,15136556
PSA2KMQ,848691,2021-03-26 07:58:44.977000-04:00,2021-03-31 08:00:00-04:00,2021-03-31 16:24:46.506000-04:00,2021-04-09 10:17:34.454000-04:00,8,,,,,,Not Assigned,,,,,,,,,,,,,,,,,2.0,1.0,159.597,65.1315,1.0,15202260
PSA2KMQ,848720,2020-10-07 10:24:00-04:00,2020-10-09 10:26:00-04:00,2020-10-08 08:33:10.321000-04:00,,1,,,,,,Not Assigned,,,,,,,,,,,,,,,,,1.0,0.0,431.149,431.149,1.0,7393987
PSA2KMQ,850549,2021-03-26 07:58:44.980000-04:00,2021-03-31 08:00:00-04:00,2021-04-01 12:39:57.863000-04:00,,3,,,,,,Not Assigned,,,,,,,,,,,,,,,,,,,,,,15220041
PSA2KMQ,850553,2021-03-26 07:58:44.980000-04:00,2021-03-31 08:00:00-04:00,2021-04-09 09:37:43.381000-04:00,,4,,,,,,Not Assigned,,,,,,,,,,,,,,,,,,,,,,15389542
PSA2KMQ,850554,2021-03-26 07:58:44.980000-04:00,2021-03-31 08:00:00-04:00,2021-03-31 11:58:50.423000-04:00,2021-03-31 12:16:11.811000-04:00,1,,,,,,Control,323.048,28.5195,5.0,6.0,1.0,0.0,8.0,14.0,3.0,0.0,12.0,3.0,0.0,0.0,0.0,1.0,2.0,0.0,209.992,58.7745,1.0,15187946
PSA2KMQ,850557,2021-03-26 07:58:44.980000-04:00,2021-03-31 08:00:00-04:00,2021-04-08 11:01:15.481000-04:00,,2,,,,,,Not Assigned,,,,,,,,,,,,,,,,,,,,,,15355373
PSA2KMQ,850564,2021-03-26 07:58:44.980000-04:00,2021-03-31 08:00:00-04:00,2021-04-08 19:04:27.741000-04:00,,7,,,,,,Treatment,897.897,45.7005,4.0,1.0,0.0,0.0,2.0,3.0,1.0,0.0,7.0,4.0,0.0,0.0,0.0,4.0,,,,,,15382184
PSA2KMQ,850565,2021-03-26 07:58:44.980000-04:00,2021-03-31 08:00:00-04:00,2021-04-08 11:14:16.203000-04:00,2021-04-08 14:00:41.766000-04:00,1,,,,,,Not Assigned,,,,,,,,,,,,,,,,,2.0,0.0,9285.458,4601.307,1.0,15356568
PSA2KMQ,850576,2021-03-26 07:58:44.980000-04:00,2021-03-31 08:00:00-04:00,2021-03-31 12:46:11.547000-04:00,2021-04-01 13:06:31.552000-04:00,2,,,,,,Not Assigned,,,,,,,,,,,,,,,,,2.0,2.0,2571.007,1285.494,1.0,15191165
PSA2KMQ,852344,2021-05-04 10:45:32.724000-04:00,2021-05-05 07:00:00-04:00,2021-05-04 13:43:22.994000-04:00,,7,,,,,,Not Assigned,,,,,,,,,,,,,,,,,,,,,,16131860
PSA2KMQ,852870,2020-10-08 11:00:00-04:00,2020-10-15 01:00:00-04:00,2020-10-08 20:51:36.405000-04:00,,2,,,,,,Not Assigned,,,,,,,,,,,,,,,,,,,,,,7488317
PSA2KMQ,856980,2021-05-10 09:08:12.582000-04:00,2021-05-10 21:07:00-04:00,2021-05-10 09:08:57.898000-04:00,2021-05-10 09:25:05.520000-04:00,2,,,,,,Control,87.539,21.8825,4.0,4.0,,,4.0,4.0,0.0,0.0,9.0,0.0,0.0,0.0,0.0,1.0,2.0,0.0,153.433,58.811,1.0,16256689
PSA2KMQ,859454,2021-03-26 07:58:44.977000-04:00,2021-03-31 08:00:00-04:00,2021-03-26 09:06:19.866000-04:00,2021-03-26 09:16:19.239000-04:00,1,,,,,,Not Assigned,,,,,,,,,,,,,,,,,2.0,2.0,163.208,81.599,1.0,15064353
PSA2KMQ,859503,2021-03-26 07:58:44.977000-04:00,2021-03-31 08:00:00-04:00,2021-04-01 08:37:46.269000-04:00,2021-04-09 13:13:50.081000-04:00,12,,,,,,Not Assigned,,,,,,,,,,,,,,,,,2.0,2.0,31.626,15.8095,1.0,15208033
PSA2KMQ,871623,2020-12-04 12:25:00-05:00,2020-12-05 15:48:00-05:00,2020-12-04 12:44:16.850000-05:00,,1,,,,,,Not Assigned,,,,,,,,,,,,,,,,,,,,,,10720414
PSA2KMQ,876688,2020-09-23 18:31:15.965000-04:00,2020-09-27 18:33:00-04:00,2020-10-20 00:36:16.841000-04:00,,1,,,,,,Not Assigned,,,,,,,,,,,,,,,,,,,,,,8116941
PSA2KMQ,880066,2020-09-23 18:31:15.965000-04:00,2020-09-27 18:33:00-04:00,2020-10-21 01:21:40.754000-04:00,2020-10-21 01:37:19.131000-04:00,1,,,,,,Treatment,250.922,50.1826,5.0,5.0,,,5.0,5.0,1.0,0.0,7.0,0.0,0.0,0.0,0.0,1.0,2.0,1.0,229.44,87.031,1.0,8224404
PSA2KMQ,880196,2021-06-02 08:00:00-04:00,2021-06-02 15:00:00-04:00,2021-06-02 10:54:14.085000-04:00,,3,,,,,,Treatment,251.582,106.599,2.0,1.0,,,2.0,2.0,1.0,0.0,1.0,1.0,0.0,0.0,0.0,1.0,,,,,,16682756
PSA2KMQ,880263,2021-06-02 08:00:00-04:00,2021-06-02 15:00:00-04:00,2021-06-02 13:23:31.412000-04:00,,1,,,,,,Not Assigned,,,,,,,,,,,,,,,,,,,,,,16686669
PSA2KMQ,880493,2021-06-02 08:00:00-04:00,2021-06-02 15:00:00-04:00,2021-06-02 08:36:52.012000-04:00,,7,,,,,,Treatment,553.202,37.8877777777778,9.0,4.0,2.0,2.0,9.0,17.0,2.0,0.0,22.0,6.0,0.0,0.0,0.0,6.0,,,,,,16679475
PSA2KMQ,880795,2021-06-02 08:00:00-04:00,2021-06-02 15:00:00-04:00,2021-06-02 08:30:45.419000-04:00,2021-06-02 08:51:27.716000-04:00,1,,,,,,Not Assigned,,,,,,,,,,,,,,,,,2.0,2.0,243.789,121.893,1.0,16679414
PSA2KMQ,881565,2021-05-10 09:08:12.580000-04:00,2021-05-10 21:07:00-04:00,2021-05-11 22:02:07.912000-04:00,,1,,,,,,Not Assigned,,,,,,,,,,,,,,,,,,,,,,16329580
PSA2KMQ,888960,2021-03-26 08:32:09.490000-04:00,2021-03-26 17:31:00-04:00,2021-03-26 11:39:26.625000-04:00,,1,,,,,,Treatment,4891.086,296.3466,10.0,4.0,3.0,3.0,10.0,12.0,2.0,3.0,25.0,13.0,0.0,0.0,1.0,1.0,,,,,,15075021
PSA2KMQ,889318,2021-03-26 08:32:09.488000-04:00,2021-03-26 17:31:00-04:00,2021-03-26 11:09:22.823000-04:00,,1,,,,,,Not Assigned,,,,,,,,,,,,,,,,,,,,,,15072731
PSA2KMQ,889642,2021-03-26 08:32:09.488000-04:00,2021-03-26 17:31:00-04:00,2021-03-26 14:43:11.321000-04:00,,15,,,,,,Control,3092.019,38.9130384615385,7.0,11.0,7.0,7.0,20.0,34.0,21.0,14.0,21.0,21.0,0.0,0.0,2.0,9.0,,,,,,15086656
PSA2KMQ,890460,2021-03-26 08:32:09.490000-04:00,2021-03-26 17:31:00-04:00,2021-03-26 12:01:27.828000-04:00,,2,,,,,,Not Assigned,,,,,,,,,,,,,,,,,,,,,,15076522
PSA2KMQ,893279,2021-03-26 08:32:09.485000-04:00,2021-03-26 17:31:00-04:00,2021-03-26 18:58:18.796000-04:00,2021-03-26 20:06:14.246000-04:00,2,,,,,,Not Assigned,,,,,,,,,,,,,,,,,2.0,0.0,484.503,165.827,1.0,15091355
PSA2KMQ,893671,2021-02-05 08:21:44.281000-05:00,,2021-02-05 09:19:47.713000-05:00,,2,,,,,,Not Assigned,,,,,,,,,,,,,,,,,,,,,,13132263
PSA2KMQ,896160,2021-02-10 08:45:00-05:00,2021-02-10 15:00:00-05:00,2021-02-10 08:50:46.861000-05:00,2021-02-10 13:59:11.758000-05:00,1,,,,,,Treatment,424.033,65.214,6.0,5.0,1.0,1.0,6.0,6.0,1.0,0.0,10.0,1.0,0.0,0.0,0.0,1.0,2.0,0.0,17510.631,8429.0865,1.0,13327845
PSA2KMQ,898113,2020-09-23 18:31:15.965000-04:00,2020-09-27 18:33:00-04:00,2020-10-29 21:51:55.264000-04:00,,2,,,,,,Not Assigned,,,,,,,,,,,,,,,,,,,,,,8873599
PSA2KMQ,899486,2021-01-16 08:57:01.519000-05:00,,2021-02-05 08:48:00.392000-05:00,,1,,,,,,Not Assigned,,,,,,,,,,,,,,,,,,,,,,13129923
PSA2KMQ,906816,2021-03-26 07:58:44.980000-04:00,2021-03-31 08:00:00-04:00,2021-04-09 08:49:25.364000-04:00,,1,,,,,,Not Assigned,,,,,,,,,,,,,,,,,,,,,,15386991
PSA2KMQ,910673,2021-02-16 08:00:00-05:00,,2021-02-18 14:10:42.940000-05:00,,3,,,,,,Treatment,1467.858,229.1154,6.0,2.0,1.0,1.0,5.0,5.0,1.0,0.0,13.0,7.0,0.0,0.0,0.0,1.0,,,,,,13631489
PSA2KMQ,911767,2020-12-07 11:00:00-05:00,,2020-12-11 12:23:03.312000-05:00,,1,,,,,,Not Assigned,,,,,,,,,,,,,,,,,,,,,,11130365
PSA2KMQ,914768,2021-03-26 08:32:09.488000-04:00,2021-03-26 17:31:00-04:00,2021-03-26 15:53:08.106000-04:00,2021-03-26 16:11:09.206000-04:00,1,,,,,,Control,440.487,30.7435,5.0,6.0,1.0,1.0,8.0,12.0,3.0,2.0,12.0,3.0,0.0,0.0,0.0,1.0,2.0,0.0,148.117,45.3265,1.0,15088771
PSA2KMQ,916710,2021-03-26 08:32:09.485000-04:00,2021-03-26 17:31:00-04:00,2021-03-26 12:56:29.546000-04:00,2021-03-26 13:07:29.704000-04:00,1,,,,,,Not Assigned,,,,,,,,,,,,,,,,,2.0,0.0,354.126,66.178,1.0,15080161
PSA2KMQ,917772,2021-03-26 08:32:09.490000-04:00,2021-03-26 17:31:00-04:00,2021-03-26 10:31:17.080000-04:00,2021-03-26 11:01:41.206000-04:00,1,,,,,,Treatment,430.799,86.1572,5.0,5.0,,,5.0,5.0,1.0,0.0,7.0,0.0,0.0,0.0,0.0,1.0,2.0,0.0,482.953,164.975,1.0,15069971
PSA2KMQ,919345,2021-03-26 08:32:09.485000-04:00,2021-03-26 17:31:00-04:00,2021-03-26 13:26:20.376000-04:00,,2,,,,,,Not Assigned,,,,,,,,,,,,,,,,,,,,,,15082062
PSA2KMQ,925036,2021-03-26 08:32:09.488000-04:00,2021-03-26 17:31:00-04:00,2021-03-29 16:01:23.840000-04:00,,7,,,,,,Not Assigned,,,,,,,,,,,,,,,,,,,,,,15127900
PSA2KMQ,927975,2020-11-18 12:00:00-05:00,2020-11-20 02:59:00-05:00,2020-11-18 12:23:42.188000-05:00,,1,,,,,,Not Assigned,,,,,,,,,,,,,,,,,,,,,,9995839
PSA2KMQ,927977,2020-11-18 12:00:00-05:00,2020-11-20 02:59:00-05:00,2020-11-18 12:34:04.642000-05:00,2020-11-18 13:01:35.009000-05:00,1,,,,,,Not Assigned,,,,,,,,,,,,,,,,,2.0,2.0,538.175,269.08,1.0,9997420
PSA2KMQ,928052,2020-11-18 12:00:00-05:00,2020-11-20 02:59:00-05:00,2020-11-18 13:02:10.755000-05:00,,1,,,,,,Not Assigned,,,,,,,,,,,,,,,,,,,,,,10001991
PSA2KMQ,928407,2020-11-18 13:45:00-05:00,2020-11-20 02:59:00-05:00,2020-11-18 14:10:24.512000-05:00,,1,,,,,,Not Assigned,,,,,,,,,,,,,,,,,,,,,,10012605
PSA2KMQ,928411,2020-11-18 13:45:00-05:00,2020-11-20 02:59:00-05:00,2020-11-18 14:12:18.768000-05:00,,1,,,,,,Treatment,599.924,95.64525,4.0,1.0,0.0,0.0,4.0,5.0,1.0,0.0,7.0,5.0,0.0,0.0,0.0,1.0,,,,,,10012869
PSA2KMQ,928466,2020-11-18 13:45:00-05:00,2020-11-20 02:59:00-05:00,2020-11-18 14:31:56.192000-05:00,,1,,,,,,Not Assigned,,,,,,,,,,,,,,,,,,,,,,10015741
PSA2KMQ,932638,2021-03-26 08:32:09.485000-04:00,2021-03-26 17:31:00-04:00,2021-03-26 11:16:00.678000-04:00,2021-03-26 11:31:47.774000-04:00,1,,,,,,Not Assigned,,,,,,,,,,,,,,,,,2.0,1.0,588.323,104.611,1.0,15073300
PSA2KMQ,937284,2021-03-26 08:32:09.485000-04:00,2021-03-26 17:31:00-04:00,2021-03-26 14:34:37.682000-04:00,,4,,,,,,Not Assigned,,,,,,,,,,,,,,,,,,,,,,15086244
PSA2KMQ,937285,2021-03-26 08:32:09.485000-04:00,2021-03-26 17:31:00-04:00,2021-03-26 13:49:41.136000-04:00,2021-03-26 14:02:35.364000-04:00,1,,,,,,Treatment,135.964,27.191,5.0,5.0,,,5.0,5.0,1.0,0.0,7.0,0.0,0.0,0.0,0.0,1.0,2.0,0.0,161.694,40.9825,1.0,15083554
PSA2KMQ,940569,2020-12-04 12:25:00-05:00,2020-12-05 15:48:00-05:00,2020-12-04 12:51:11.832000-05:00,2020-12-04 13:12:08.149000-05:00,1,,,,,,Not Assigned,,,,,,,,,,,,,,,,,2.0,0.0,463.295,128.064,1.0,10721476
PSA2KMQ,944239,2021-02-28 16:52:00-05:00,2021-03-01 17:00:00-05:00,2021-03-01 11:53:57.772000-05:00,,4,,,,,,Control,1135.609,56.2725,4.0,5.0,2.0,2.0,10.0,16.0,7.0,3.0,12.0,7.0,0.0,0.0,0.0,2.0,,,,,,14043690
PSA2KMQ,944309,2021-02-28 16:52:00-05:00,2021-03-01 17:00:00-05:00,2021-02-28 23:08:26.543000-05:00,,6,,,,,,Control,873.014,34.802,2.0,4.0,2.0,1.0,8.0,35.0,6.0,1.0,6.0,6.0,0.0,0.0,1.0,3.0,,,,,,14019183
PSA2KMQ,944376,2021-02-28 16:52:00-05:00,2021-03-01 17:00:00-05:00,2021-03-01 09:43:59.136000-05:00,,1,,,,,,Not Assigned,,,,,,,,,,,,,,,,,,,,,,14027391
PSA2KMQ,944551,2021-02-28 16:52:00-05:00,2021-03-01 17:00:00-05:00,2021-03-01 10:16:40.267000-05:00,2021-03-01 11:46:15.464000-05:00,1,,,,,,Treatment,1076.138,54.1982,11.0,8.0,3.0,3.0,10.0,10.0,1.0,0.0,25.0,7.0,0.0,0.0,0.0,1.0,2.0,0.0,214.006,57.104,1.0,14031454
PSA2KMQ,944648,2021-02-28 16:52:00-05:00,2021-03-01 17:00:00-05:00,2021-03-01 12:07:27.642000-05:00,2021-03-01 12:35:44.570000-05:00,1,,,,,,Not Assigned,,,,,,,,,,,,,,,,,2.0,2.0,208.896,104.444,1.0,14045540
PSA2KMQ,944669,2021-02-28 16:52:00-05:00,2021-03-01 17:00:00-05:00,2021-03-01 10:58:06.155000-05:00,,1,,,,,,Not Assigned,,,,,,,,,,,,,,,,,,,,,,14036650
PSA2KMQ,944726,2021-02-28 16:52:00-05:00,2021-03-01 17:00:00-05:00,2021-03-01 15:16:21.958000-05:00,2021-03-01 15:39:15.200000-05:00,1,,,,,,Not Assigned,,,,,,,,,,,,,,,,,2.0,0.0,239.598,92.3945,1.0,14069653
PSA2KMQ,944743,2021-02-28 16:52:00-05:00,2021-03-01 17:00:00-05:00,2021-03-01 12:19:03.363000-05:00,,3,,,,,,Treatment,130.271,36.746,3.0,1.0,,,2.0,2.0,1.0,0.0,4.0,1.0,0.0,0.0,0.0,2.0,,,,,,14047142
PSA2KMQ,944754,2021-02-28 16:52:00-05:00,2021-03-01 17:00:00-05:00,2021-03-01 11:31:46.698000-05:00,,1,,,,,,Not Assigned,,,,,,,,,,,,,,,,,,,,,,14040820
PSA2KMQ,944774,2021-02-28 16:52:00-05:00,2021-03-01 17:00:00-05:00,2021-03-01 12:12:51.934000-05:00,,1,,,,,,Not Assigned,,,,,,,,,,,,,,,,,,,,,,14046293
PSA2KMQ,944947,2021-02-28 16:52:00-05:00,2021-03-01 17:00:00-05:00,2021-03-01 16:32:53.052000-05:00,,1,,,,,,Not Assigned,,,,,,,,,,,,,,,,,,,,,,14075072
PSA2KMQ,945070,2021-02-28 16:52:00-05:00,2021-03-01 17:00:00-05:00,2021-03-01 10:21:18.299000-05:00,,2,,,,,,Not Assigned,,,,,,,,,,,,,,,,,,,,,,14032070
PSA2KMQ,945227,2021-02-28 16:52:00-05:00,2021-03-01 17:00:00-05:00,2021-03-01 10:24:33.091000-05:00,,1,,,,,,Not Assigned,,,,,,,,,,,,,,,,,,,,,,14032465
PSA2KMQ,945242,2021-02-28 16:52:00-05:00,2021-03-01 17:00:00-05:00,2021-03-01 12:31:34.392000-05:00,,1,,,,,,Treatment,6744.504,93.8518571428571,9.0,1.0,0.0,0.0,6.0,10.0,2.0,2.0,22.0,19.0,0.0,0.0,0.0,1.0,,,,,,14048622
PSA2KMQ,945307,2021-02-28 16:52:00-05:00,2021-03-01 17:00:00-05:00,2021-03-01 15:19:23.620000-05:00,,1,,,,,,Not Assigned,,,,,,,,,,,,,,,,,,,,,,14069966
PSA2KMQ,945379,2021-02-28 16:52:00-05:00,2021-03-01 17:00:00-05:00,2021-03-01 12:48:09.178000-05:00,,1,,,,,,Control,1368.754,18.92235,7.0,11.0,6.0,6.0,12.0,22.0,19.0,15.0,21.0,18.0,0.0,0.0,0.0,1.0,,,,,,14051011
PSA2KMQ,945689,2021-02-28 16:52:00-05:00,2021-03-01 17:00:00-05:00,2021-03-01 14:18:36.486000-05:00,,3,,,,,,Treatment,1183.688,54.9312,10.0,2.0,1.0,1.0,10.0,11.0,1.0,0.0,25.0,22.0,0.0,0.0,0.0,1.0,,,,,,14063106
PSA2KMQ,945816,2021-02-28 16:52:00-05:00,2021-03-01 17:00:00-05:00,2021-03-02 11:05:44.356000-05:00,2021-03-02 12:43:05.016000-05:00,6,,,,,,Not Assigned,,,,,,,,,,,,,,,,,2.0,0.0,188.483,86.763,1.0,14105634
PSA2KMQ,945818,2021-02-28 16:52:00-05:00,2021-03-01 17:00:00-05:00,2021-03-01 11:46:32.015000-05:00,,1,,,,,,Not Assigned,,,,,,,,,,,,,,,,,,,,,,14042774
PSA2KMQ,945822,2021-02-28 16:52:00-05:00,2021-03-01 17:00:00-05:00,2021-03-01 11:08:24.650000-05:00,,1,,,,,,Not Assigned,,,,,,,,,,,,,,,,,,,,,,14037875
PSA2KMQ,945847,2021-02-28 16:52:00-05:00,2021-03-01 17:00:00-05:00,2021-03-02 00:13:40.886000-05:00,,1,,,,,,Not Assigned,,,,,,,,,,,,,,,,,,,,,,14085056
PSA2KMQ,946072,2021-02-28 16:52:00-05:00,2021-03-01 17:00:00-05:00,2021-03-01 10:59:14.693000-05:00,,3,,,,,,Not Assigned,,,,,,,,,,,,,,,,,,,,,,14036803
PSA2KMQ,946259,2021-02-28 16:52:00-05:00,2021-03-01 17:00:00-05:00,2021-03-01 16:27:33.671000-05:00,,1,,,,,,Not Assigned,,,,,,,,,,,,,,,,,,,,,,14074799
PSA2KMQ,946276,2021-02-28 16:52:00-05:00,2021-03-01 17:00:00-05:00,2021-03-01 12:43:42.114000-05:00,,1,,,,,,Not Assigned,,,,,,,,,,,,,,,,,,,,,,14050379
PSA2KMQ,947918,2020-10-08 11:00:00-04:00,2020-10-15 01:00:00-04:00,2020-12-09 12:19:09.984000-05:00,,1,,,,,,Not Assigned,,,,,,,,,,,,,,,,,,,,,,10974472
PSA2KMQ,947960,2021-02-28 16:52:00-05:00,2021-03-01 17:00:00-05:00,2021-03-01 11:18:17.227000-05:00,,1,,,,,,Not Assigned,,,,,,,,,,,,,,,,,,,,,,14039117
PSA2KMQ,948364,2021-02-28 16:52:00-05:00,2021-03-01 17:00:00-05:00,2021-03-01 11:42:37.287000-05:00,,1,,,,,,Not Assigned,,,,,,,,,,,,,,,,,,,,,,14042232
PSA2KMQ,948713,2021-02-28 16:52:00-05:00,2021-03-01 17:00:00-05:00,2021-03-01 13:45:31.227000-05:00,2021-03-01 14:16:24.663000-05:00,1,,,,,,Not Assigned,,,,,,,,,,,,,,,,,2.0,0.0,817.343,321.2955,1.0,14058541
PSA2KMQ,949683,2020-09-23 18:31:15.965000-04:00,2020-09-27 18:33:00-04:00,2020-12-10 16:55:50.897000-05:00,2020-12-10 17:06:15.710000-05:00,1,,,,,,Not Assigned,,,,,,,,,,,,,,,,,2.0,0.0,229.275,84.7375,1.0,11088891
PSA2KMQ,960078,2021-02-28 16:52:00-05:00,2021-03-01 17:00:00-05:00,2021-03-01 13:48:15.622000-05:00,,2,,,,,,Not Assigned,,,,,,,,,,,,,,,,,,,,,,14058934
PSA2KMQ,961879,2021-02-28 16:52:00-05:00,2021-03-01 17:00:00-05:00,2021-03-01 10:11:15.661000-05:00,,1,,,,,,Not Assigned,,,,,,,,,,,,,,,,,,,,,,14030743
PSA2KMQ,965190,2021-05-04 11:34:22.242000-04:00,2021-05-05 07:00:00-04:00,2021-05-07 07:35:29.259000-04:00,,7,,,,,,Not Assigned,,,,,,,,,,,,,,,,,,,,,,16221778
PSA2KMQ,968922,2021-05-10 09:08:12.582000-04:00,2021-05-10 21:07:00-04:00,2021-05-10 09:09:25.301000-04:00,,1,,,,,,Not Assigned,,,,,,,,,,,,,,,,,,,,,,16256721
PSA2KMQ,969903,2021-03-26 08:32:09.488000-04:00,2021-03-26 17:31:00-04:00,2021-03-26 09:41:27.446000-04:00,2021-03-26 12:23:04.374000-04:00,3,,,,,,Not Assigned,,,,,,,,,,,,,,,,,2.0,0.0,435.331,96.2515,1.0,15066598
PSA2KMQ,969943,2021-03-26 08:32:09.490000-04:00,2021-03-26 17:31:00-04:00,2021-03-26 09:57:25.669000-04:00,,3,,,,,,Not Assigned,,,,,,,,,,,,,,,,,,,,,,15067683
PSA2KMQ,969944,2021-03-26 08:32:09.490000-04:00,2021-03-26 17:31:00-04:00,2021-03-26 11:01:30.616000-04:00,2021-03-26 11:12:02.712000-04:00,1,,,,,,Not Assigned,,,,,,,,,,,,,,,,,2.0,0.0,87.385,34.2405,1.0,15072095
PSA2KMQ,969947,2021-03-26 08:32:09.490000-04:00,2021-03-26 17:31:00-04:00,2021-03-26 11:22:09.422000-04:00,,3,,,,,,Not Assigned,,,,,,,,,,,,,,,,,,,,,,15073779
PSA2KMQ,970245,2021-03-26 08:32:09.488000-04:00,2021-03-26 17:31:00-04:00,2021-03-26 11:05:42.004000-04:00,,1,,,,,,Not Assigned,,,,,,,,,,,,,,,,,,,,,,15072432
PSA2KMQ,970247,2021-03-26 08:32:09.488000-04:00,2021-03-26 17:31:00-04:00,2021-03-26 11:10:04.677000-04:00,2021-03-26 12:38:59.929000-04:00,1,,,,,,Treatment,1247.292,116.1205,10.0,7.0,2.0,2.0,10.0,13.0,1.0,0.0,22.0,3.0,0.0,0.0,0.0,1.0,2.0,0.0,126.878,46.052,1.0,15072810
PSA2KMQ,970248,2021-03-26 08:32:09.488000-04:00,2021-03-26 17:31:00-04:00,2021-03-26 11:14:12.328000-04:00,,1,,,,,,Not Assigned,,,,,,,,,,,,,,,,,,,,,,15073157
PSA2KMQ,970382,2021-03-26 08:32:09.485000-04:00,2021-03-26 17:31:00-04:00,2021-03-26 14:46:50.460000-04:00,,1,,,,,,Not Assigned,,,,,,,,,,,,,,,,,,,,,,15086846
PSA2KMQ,970383,2021-03-26 08:32:09.485000-04:00,2021-03-26 17:31:00-04:00,2021-03-26 15:09:51.192000-04:00,,1,,,,,,Not Assigned,,,,,,,,,,,,,,,,,,,,,,15087597
PSA2KMQ,970385,2021-03-26 08:32:09.485000-04:00,2021-03-26 17:31:00-04:00,2021-03-26 13:47:44.670000-04:00,,2,,,,,,Not Assigned,,,,,,,,,,,,,,,,,,,,,,15083429
PSA2KMQ,970386,2021-03-26 08:32:09.485000-04:00,2021-03-26 17:31:00-04:00,2021-03-26 14:19:47.585000-04:00,2021-03-26 17:59:28.404000-04:00,1,,,,,,Not Assigned,,,,,,,,,,,,,,,,,2.0,1.0,1789.296,185.979,1.0,15085361
PSA2KMQ,970387,2021-03-26 08:32:09.485000-04:00,2021-03-26 17:31:00-04:00,2021-03-26 15:27:21.136000-04:00,2021-03-26 15:39:50.679000-04:00,1,,,,,,Not Assigned,,,,,,,,,,,,,,,,,2.0,0.0,171.744,60.0805,1.0,15088114
PSA2KMQ,970394,2021-03-26 08:32:09.485000-04:00,2021-03-26 17:31:00-04:00,2021-03-26 13:05:07.705000-04:00,2021-03-26 13:31:08.117000-04:00,4,,,,,,Control,204.403,51.097,4.0,4.0,,,4.0,4.0,0.0,0.0,9.0,0.0,0.0,0.0,0.0,2.0,2.0,1.0,150.088,71.4905,1.0,15080693
PSA2KMQ,971693,2021-02-03 12:00:00-05:00,2021-02-03 18:00:00-05:00,2021-02-08 15:49:10.799000-05:00,,1,,,,,,Not Assigned,,,,,,,,,,,,,,,,,,,,,,13236733
PSA2KMQ,972148,2021-01-16 08:57:01.519000-05:00,,2021-02-24 09:41:12.889000-05:00,,1,,,,,,Not Assigned,,,,,,,,,,,,,,,,,,,,,,13844616
PSA2KMQ,973254,2021-05-06 09:14:31.144000-04:00,2021-05-10 21:00:00-04:00,2021-05-06 09:50:47.364000-04:00,,12,,,,,,Control,862088.605,107712.249375,3.0,2.0,2.0,2.0,5.0,12.0,6.0,8.0,9.0,6.0,0.0,0.0,2.0,2.0,,,,,,16187658
PSA2KMQ,975520,2021-05-04 12:31:42.863000-04:00,2021-05-05 07:00:00-04:00,2021-05-04 22:10:51.067000-04:00,,2,,,,,,Not Assigned,,,,,,,,,,,,,,,,,,,,,,16147148
PSA2KMQ,978167,2021-02-05 08:21:44.281000-05:00,,2021-02-05 09:20:25.078000-05:00,,4,,,,,,Control,193.11,96.399,2.0,1.0,,,2.0,2.0,1.0,0.0,6.0,1.0,0.0,0.0,0.0,1.0,,,,,,13132325
PSA2KMQ,979376,2021-03-26 08:32:09.485000-04:00,2021-03-26 17:31:00-04:00,2021-03-26 13:27:31.681000-04:00,,2,,,,,,Not Assigned,,,,,,,,,,,,,,,,,,,,,,15082145
PSA2KMQ,981922,2021-03-26 08:32:09.488000-04:00,2021-03-26 17:31:00-04:00,2021-03-26 11:05:19.379000-04:00,,3,,,,,,Not Assigned,,,,,,,,,,,,,,,,,,,,,,15072405
PSA2KMQ,983644,2021-02-28 16:52:00-05:00,2021-03-01 17:00:00-05:00,2021-03-02 15:10:25.219000-05:00,2021-03-02 15:38:20.194000-05:00,1,,,,,,Not Assigned,,,,,,,,,,,,,,,,,2.0,2.0,474.004,236.9925,1.0,14139116
PSA2KMQ,990480,2021-05-04 10:45:32.724000-04:00,2021-05-05 07:00:00-04:00,2021-05-04 10:46:07.581000-04:00,,11,,,,,,Treatment,35.812,8.7385,3.0,1.0,,,1.0,2.0,1.0,0.0,4.0,1.0,0.0,0.0,0.0,1.0,,,,,,16117115
PSA2KMQ,994623,2021-05-04 10:45:32.724000-04:00,2021-05-05 07:00:00-04:00,2021-05-06 13:59:50.054000-04:00,,1,,,,,,Not Assigned,,,,,,,,,,,,,,,,,,,,,,16207278
PSA2KMQ,996674,2021-04-01 14:20:01.146000-04:00,,2021-04-01 18:03:56.298000-04:00,,2,,,,,,Not Assigned,,,,,,,,,,,,,,,,,,,,,,15231327
PSA2KMQ,996675,2021-04-02 11:40:34.139000-04:00,,2021-04-02 17:07:46.045000-04:00,2021-04-02 17:12:20.397000-04:00,1,,,,,,Not Assigned,,,,,,,,,,,,,,,,,2.0,0.0,163.65,39.9495,1.0,15240828
PSA2KMQ,996676,2021-04-01 14:20:01.146000-04:00,,2021-04-01 18:04:15.441000-04:00,2021-04-01 19:02:07.680000-04:00,3,,,,,,Not Assigned,,,,,,,,,,,,,,,,,2.0,0.0,1372.238,125.8625,1.0,15231331
PSA2KMQ,996677,2021-04-01 14:20:01.146000-04:00,,2021-04-02 18:00:10.609000-04:00,2021-04-02 18:07:00.369000-04:00,1,,,,,,Not Assigned,,,,,,,,,,,,,,,,,2.0,0.0,226.821,63.5175,1.0,15241124
PSA2KMQ,996678,2021-04-01 14:20:01.146000-04:00,,2021-04-01 18:01:39.013000-04:00,2021-04-01 18:32:29.827000-04:00,2,,,,,,Not Assigned,,,,,,,,,,,,,,,,,2.0,0.0,1460.74,210.8035,2.0,15231305
PSA2KMQ,996679,2021-04-01 14:20:01.146000-04:00,,2021-04-01 18:03:51.827000-04:00,,4,,,,,,Not Assigned,,,,,,,,,,,,,,,,,1.0,0.0,78.279,41.574,1.0,15231326
PSA2KMQ,996680,2021-04-01 14:20:01.146000-04:00,,2021-04-02 18:03:18.303000-04:00,,4,,,,,,Treatment,680.468,91.9224285714286,7.0,6.0,1.0,1.0,7.0,7.0,1.0,0.0,13.0,3.0,0.0,0.0,0.0,3.0,1.0,,,,1.0,15241146
PSA2KMQ,996681,2021-04-01 14:20:01.146000-04:00,,2021-04-01 18:06:53.512000-04:00,2021-04-01 22:18:10.093000-04:00,1,,,,,,Not Assigned,,,,,,,,,,,,,,,,,2.0,0.0,12309.28,112.0065,1.0,15231358
PSA2KMQ,996682,2021-04-01 14:20:01.146000-04:00,,2021-04-01 17:59:35.189000-04:00,,1,,,,,,Not Assigned,,,,,,,,,,,,,,,,,,,,,,15231284
PSA2KMQ,996683,2021-04-01 14:20:01.146000-04:00,,2021-04-02 11:57:42.648000-04:00,,1,,,,,,Not Assigned,,,,,,,,,,,,,,,,,,,,,,15236656
PSA2KMQ,996684,2021-04-01 14:20:01.146000-04:00,,2021-04-01 17:59:26.281000-04:00,2021-04-04 17:43:47.136000-04:00,3,,,,,,Not Assigned,,,,,,,,,,,,,,,,,2.0,1.0,371.589,118.1025,1.0,15231281
PSA2KMQ,996685,2021-04-01 14:20:01.146000-04:00,,2021-04-02 18:03:48.274000-04:00,,2,,,,,,Not Assigned,,,,,,,,,,,,,,,,,,,,,,15241152
PSA2KMQ,996686,2021-04-01 14:20:01.146000-04:00,,2021-04-02 16:56:03.324000-04:00,,1,,,,,,Not Assigned,,,,,,,,,,,,,,,,,1.0,,,,1.0,15240741
PSA2KMQ,996687,2021-04-01 14:20:01.146000-04:00,,2021-04-02 18:12:03.487000-04:00,,1,,,,,,Not Assigned,,,,,,,,,,,,,,,,,,,,,,15241205
PSA2KMQ,996688,2021-04-01 14:20:01.146000-04:00,,2021-04-01 17:59:00.554000-04:00,2021-04-01 23:54:06.534000-04:00,1,,,,,,Control,261.126,65.2805,4.0,4.0,,,4.0,4.0,0.0,0.0,9.0,0.0,0.0,0.0,0.0,1.0,2.0,1.0,392.656,101.6595,1.0,15231274
PSA2KMQ,996689,2021-04-01 14:20:01.146000-04:00,,2021-04-01 17:59:15.666000-04:00,,1,,,,,,Not Assigned,,,,,,,,,,,,,,,,,1.0,,,,1.0,15231278
PSA2KMQ,996690,2021-04-01 14:20:01.146000-04:00,,2021-04-02 16:58:11.137000-04:00,,2,,,,,,Not Assigned,,,,,,,,,,,,,,,,,,,,,,15240758
PSA2KMQ,996691,2021-04-01 14:20:01.146000-04:00,,2021-04-01 17:58:37.902000-04:00,2021-04-01 18:59:06.175000-04:00,2,,,,,,Not Assigned,,,,,,,,,,,,,,,,,2.0,1.0,1392.141,624.7145,1.0,15231267
PSA2KMQ,996692,2021-04-01 14:20:01.146000-04:00,,2021-04-01 17:58:44.449000-04:00,2021-04-01 19:05:29.463000-04:00,8,,,,,,Treatment,2686.322,281.628444444444,9.0,6.0,2.0,2.0,9.0,9.0,1.0,0.0,19.0,7.0,0.0,0.0,0.0,3.0,2.0,1.0,261.527,70.927,1.0,15231270
PSA2KMQ,996693,2021-04-01 14:20:01.146000-04:00,,2021-04-02 18:01:01.869000-04:00,,2,,,,,,Not Assigned,,,,,,,,,,,,,,,,,,,,,,15241130
PSA2KMQ,996694,2021-04-01 14:20:01.146000-04:00,,2021-04-02 18:12:31.659000-04:00,,3,,,,,,Treatment,92.229,30.742,3.0,2.0,,,3.0,3.0,2.0,0.0,4.0,0.0,0.0,0.0,0.0,1.0,,,,,,15241206
PSA2KMQ,996695,2021-04-01 14:20:01.146000-04:00,,2021-04-02 18:06:31.350000-04:00,,1,,,,,,Not Assigned,,,,,,,,,,,,,,,,,,,,,,15241167
PSA2KMQ,996701,2021-04-01 14:20:01.146000-04:00,,2021-04-02 13:26:12.241000-04:00,,1,,,,,,Control,1106.725,38.82775,7.0,9.0,3.0,2.0,15.0,22.0,10.0,4.0,21.0,9.0,0.0,0.0,1.0,1.0,,,,,,15238294
PSA2KMQ,996704,2021-04-01 14:20:01.146000-04:00,,2021-04-02 17:08:51.080000-04:00,2021-04-03 19:13:48.516000-04:00,5,,,,,,Not Assigned,,,,,,,,,,,,,,,,,2.0,1.0,1666.97,449.666,1.0,15240837
PSA2KMQ,996729,2021-04-01 14:20:01.146000-04:00,,2021-04-02 22:37:02.955000-04:00,,1,,,,,,Not Assigned,,,,,,,,,,,,,,,,,,,,,,15241919
PSA2KMQ,996734,2021-04-01 14:20:01.146000-04:00,,2021-04-01 17:57:39.645000-04:00,2021-04-02 00:36:37.614000-04:00,4,,,,,,Not Assigned,,,,,,,,,,,,,,,,,2.0,2.0,284.45,142.2205,1.0,15231255
PSA2KMQ,997325,2021-04-01 14:20:01.146000-04:00,,2021-04-02 16:57:12.383000-04:00,,1,,,,,,Not Assigned,,,,,,,,,,,,,,,,,1.0,0.0,242.258,242.258,1.0,15240750
PSA2KMQ,997326,2021-04-01 14:20:01.146000-04:00,,2021-04-01 17:58:25.218000-04:00,2021-04-01 18:24:25.159000-04:00,1,,,,,,Not Assigned,,,,,,,,,,,,,,,,,2.0,0.0,811.74,334.3485,1.0,15231265
PSA2KMQ,997327,2021-04-01 14:20:01.146000-04:00,,2021-04-02 18:00:37.845000-04:00,2021-04-02 18:30:31.369000-04:00,4,,,,,,Not Assigned,,,,,,,,,,,,,,,,,2.0,1.0,978.887,147.214,1.0,15241126
PSA2KMQ,997328,2021-04-01 14:20:01.146000-04:00,,2021-04-02 16:55:22.225000-04:00,,3,,,,,,Not Assigned,,,,,,,,,,,,,,,,,1.0,,,,1.0,15240734
PSA2KMQ,997329,2021-04-01 14:20:01.146000-04:00,,2021-04-02 18:03:34.158000-04:00,2021-04-02 18:30:19.013000-04:00,1,,,,,,Not Assigned,,,,,,,,,,,,,,,,,2.0,0.0,1197.344,123.311,1.0,15241149
PSA2KMQ,997330,2021-04-01 14:20:01.146000-04:00,,2021-04-02 18:07:20.905000-04:00,,1,,,,,,Not Assigned,,,,,,,,,,,,,,,,,1.0,,,,1.0,15241171
PSA2KMQ,997331,2021-04-01 14:20:01.146000-04:00,,2021-04-02 18:00:02.209000-04:00,,1,,,,,,Not Assigned,,,,,,,,,,,,,,,,,,,,,,15241123
PSA2KMQ,997332,2021-04-01 14:20:01.146000-04:00,,2021-04-02 16:52:41.018000-04:00,,1,,,,,,Treatment,241.391,30.9195714285714,7.0,6.0,1.0,1.0,7.0,9.0,1.0,0.0,13.0,1.0,0.0,0.0,0.0,1.0,2.0,1.0,757.523,757.515,1.0,15240717
PSA2KMQ,997333,2021-04-01 14:20:01.146000-04:00,,2021-04-02 17:59:44.071000-04:00,,4,,,,,,Not Assigned,,,,,,,,,,,,,,,,,1.0,,,,1.0,15241119
PSA2KMQ,997334,2021-04-01 14:20:01.146000-04:00,,2021-04-02 18:07:47.729000-04:00,,3,,,,,,Not Assigned,,,,,,,,,,,,,,,,,,,,,,15241174
PSA2KMQ,997335,2021-04-01 14:20:01.146000-04:00,,2021-04-02 17:07:25.271000-04:00,,6,,,,,,Not Assigned,,,,,,,,,,,,,,,,,,,,,,15240824
PSA2KMQ,997336,2021-04-01 14:20:01.146000-04:00,,2021-04-01 18:09:50.823000-04:00,2021-04-04 14:06:25.955000-04:00,3,,,,,,Control,530.469,132.61375,4.0,4.0,,,4.0,4.0,0.0,0.0,9.0,0.0,0.0,0.0,0.0,1.0,2.0,1.0,561.578,235.9445,1.0,15231382
PSA2KMQ,997337,2021-04-01 14:20:01.146000-04:00,,2021-04-01 18:07:42.258000-04:00,,2,,,,,,Not Assigned,,,,,,,,,,,,,,,,,,,,,,15231366
PSA2KMQ,997338,2021-04-01 14:20:01.146000-04:00,,2021-04-02 16:57:16.078000-04:00,,1,,,,,,Not Assigned,,,,,,,,,,,,,,,,,,,,,,15240751
PSA2KMQ,997339,2021-04-01 14:20:01.146000-04:00,,2021-04-02 16:58:01.234000-04:00,,1,,,,,,Not Assigned,,,,,,,,,,,,,,,,,,,,,,15240756
PSA2KMQ,997340,2021-04-01 14:20:01.146000-04:00,,2021-04-02 16:55:26.924000-04:00,,1,,,,,,Control,127.454,31.86,4.0,4.0,,,4.0,4.0,0.0,0.0,9.0,0.0,0.0,0.0,0.0,1.0,2.0,1.0,986.306,986.303,1.0,15240736
PSA2KMQ,997341,2021-04-01 14:20:01.146000-04:00,,2021-04-02 18:01:45.917000-04:00,,2,,,,,,Not Assigned,,,,,,,,,,,,,,,,,1.0,,,,1.0,15241138
PSA2KMQ,997342,2021-04-01 14:20:01.146000-04:00,,2021-04-01 17:58:00.921000-04:00,,2,,,,,,Not Assigned,,,,,,,,,,,,,,,,,,,,,,15231259
PSA2KMQ,997343,2021-04-01 14:20:01.146000-04:00,,2021-04-02 11:24:30.983000-04:00,2021-04-02 12:10:16.888000-04:00,1,,,,,,Not Assigned,,,,,,,,,,,,,,,,,2.0,1.0,298.763,96.1215,1.0,15236049
PSA2KMQ,997344,2021-04-01 14:20:01.146000-04:00,,2021-04-02 16:56:47.452000-04:00,,5,,,,,,Treatment,1882.009,77.3626923076923,14.0,5.0,2.0,2.0,13.0,13.0,1.0,0.0,37.0,22.0,0.0,0.0,0.0,2.0,,,,,,15240747
PSA2KMQ,997345,2021-04-01 14:20:01.146000-04:00,,2021-04-02 18:01:10.844000-04:00,,1,,,,,,Not Assigned,,,,,,,,,,,,,,,,,,,,,,15241132
PSA2KMQ,997346,2021-04-01 14:20:01.146000-04:00,,2021-04-02 18:03:04.526000-04:00,,5,,,,,,Treatment,9.365,9.357,2.0,1.0,,,1.0,1.0,1.0,0.0,1.0,0.0,0.0,0.0,0.0,1.0,,,,,,15241144
PSA2KMQ,997347,2021-04-01 14:20:01.146000-04:00,,2021-04-01 18:06:40.176000-04:00,2021-04-02 01:30:58.265000-04:00,5,,,,,,Control,298.613,74.64925,4.0,4.0,,,4.0,4.0,0.0,0.0,9.0,0.0,0.0,0.0,0.0,2.0,2.0,2.0,261.011,130.5,1.0,15231354
PSA2KMQ,997348,2021-04-01 14:20:01.146000-04:00,,2021-04-01 18:04:37.413000-04:00,,1,,,,,,Not Assigned,,,,,,,,,,,,,,,,,,,,,,15231337
PSA2KMQ,997349,2021-04-01 14:20:01.146000-04:00,,2021-04-04 19:33:35.984000-04:00,2021-04-04 20:07:54.412000-04:00,1,,,,,,Control,1683.357,59.237,10.0,8.0,3.0,3.0,10.0,16.0,5.0,2.0,27.0,4.0,0.0,0.0,2.0,1.0,2.0,0.0,282.421,51.9885,1.0,15243971
PSA2KMQ,997350,2021-04-01 14:20:01.146000-04:00,,2021-04-02 18:18:35.106000-04:00,2021-04-02 18:46:49.753000-04:00,1,,,,,,Not Assigned,,,,,,,,,,,,,,,,,2.0,1.0,197.177,42.524,1.0,15241230
PSA2KMQ,997381,2021-04-01 14:20:01.146000-04:00,,2021-04-02 16:56:31.964000-04:00,,8,,,,,,Not Assigned,,,,,,,,,,,,,,,,,,,,,,15240745
PSA2KMQ,997382,2021-04-01 14:20:01.146000-04:00,,2021-04-02 17:59:31.293000-04:00,,1,,,,,,Not Assigned,,,,,,,,,,,,,,,,,,,,,,15241118
PSA2KMQ,997383,2021-04-01 14:20:01.146000-04:00,,2021-04-02 18:00:51.089000-04:00,2021-04-02 18:16:13.996000-04:00,1,,,,,,Not Assigned,,,,,,,,,,,,,,,,,2.0,0.0,611.967,154.882,1.0,15241128
PSA2KMQ,997384,2021-04-01 14:20:01.146000-04:00,,2021-04-02 16:57:21.080000-04:00,,2,,,,,,Control,2362.563,28.4701739130435,10.0,12.0,4.0,1.0,22.0,34.0,13.0,1.0,27.0,13.0,0.0,0.0,1.0,3.0,1.0,,,,1.0,15240753
PSA2KMQ,997385,2021-04-01 14:20:01.146000-04:00,,2021-04-01 18:02:30.613000-04:00,,2,,,,,,Not Assigned,,,,,,,,,,,,,,,,,,,,,,15231312
PSA2KMQ,997386,2021-04-01 14:20:01.146000-04:00,,2021-04-01 18:00:28.172000-04:00,2021-04-01 19:03:16.938000-04:00,1,,,,,,Treatment,803.481,35.6937,10.0,6.0,1.0,1.0,10.0,10.0,1.0,0.0,22.0,12.0,0.0,0.0,0.0,1.0,2.0,1.0,862.833,340.7985,1.0,15231291
PSA2KMQ,997387,2021-04-01 14:20:01.146000-04:00,,2021-04-02 17:00:22.587000-04:00,,1,,,,,,Not Assigned,,,,,,,,,,,,,,,,,1.0,,,,1.0,15240771
PSA2KMQ,997388,2021-04-01 14:20:01.146000-04:00,,2021-04-02 18:11:13.137000-04:00,2021-04-02 18:23:42.777000-04:00,2,,,,,,Not Assigned,,,,,,,,,,,,,,,,,2.0,0.0,253.042,72.521,1.0,15241198
PSA2KMQ,997389,2021-04-01 14:20:01.146000-04:00,,2021-04-02 18:05:13.900000-04:00,2021-04-02 20:58:36.598000-04:00,6,,,,,,Not Assigned,,,,,,,,,,,,,,,,,2.0,0.0,463.79,162.1335,1.0,15241161
PSA2KMQ,997390,2021-04-01 14:20:01.146000-04:00,,2021-04-02 16:53:46.801000-04:00,,9,,,,,,Not Assigned,,,,,,,,,,,,,,,,,1.0,,,,1.0,15240720
PSA2KMQ,997391,2021-04-01 14:20:01.146000-04:00,,2021-04-01 18:01:24.865000-04:00,2021-04-01 18:44:33.820000-04:00,3,,,,,,Not Assigned,,,,,,,,,,,,,,,,,2.0,0.0,740.992,310.266,1.0,15231303
PSA2KMQ,997392,2021-04-01 14:20:01.146000-04:00,,2021-04-01 18:03:31.819000-04:00,2021-04-01 18:24:09.386000-04:00,2,,,,,,Not Assigned,,,,,,,,,,,,,,,,,2.0,0.0,234.103,55.6205,1.0,15231322
PSA2KMQ,997393,2021-04-01 14:20:01.146000-04:00,,2021-04-02 17:59:44.664000-04:00,,2,,,,,,Not Assigned,,,,,,,,,,,,,,,,,,,,,,15241120
PSA2KMQ,997394,2021-04-01 14:20:01.146000-04:00,,2021-04-01 17:58:55.914000-04:00,2021-04-02 12:22:37.770000-04:00,1,,,,,,Not Assigned,,,,,,,,,,,,,,,,,2.0,1.0,59836.957,114.672,1.0,15231273
PSA2KMQ,997395,2021-04-01 14:20:01.146000-04:00,,2021-04-02 16:56:36.005000-04:00,,3,,,,,,Not Assigned,,,,,,,,,,,,,,,,,,,,,,15240746
PSA2KMQ,997396,2021-04-01 14:20:01.146000-04:00,,2021-04-02 17:01:53.101000-04:00,,4,,,,,,Not Assigned,,,,,,,,,,,,,,,,,,,,,,15240781
PSA2KMQ,997397,2021-04-01 14:20:01.146000-04:00,,2021-04-02 18:00:20.046000-04:00,,3,,,,,,Treatment,326190.958,77.985125,8.0,1.0,0.0,0.0,8.0,27.0,1.0,0.0,19.0,17.0,0.0,0.0,0.0,3.0,,,,,,15241125
PSA2KMQ,997398,2021-04-01 14:20:01.146000-04:00,,2021-04-02 16:58:10.187000-04:00,,1,,,,,,Treatment,861.97,80.6876666666667,9.0,6.0,2.0,2.0,9.0,14.0,1.0,0.0,22.0,3.0,0.0,0.0,0.0,1.0,,,,,,15240757
PSA2KMQ,997399,2021-04-01 14:20:01.146000-04:00,,2021-04-02 21:15:13.544000-04:00,2021-04-02 21:35:22.302000-04:00,1,,,,,,Control,419.823,22.9842307692308,7.0,9.0,2.0,2.0,12.0,16.0,6.0,4.0,18.0,6.0,0.0,0.0,0.0,1.0,2.0,0.0,188.204,64.845,1.0,15241716
PSA2KMQ,997401,2021-04-01 14:20:01.146000-04:00,,2021-04-02 16:55:27.013000-04:00,,2,,,,,,Not Assigned,,,,,,,,,,,,,,,,,,,,,,15240735
PSA2KMQ,997402,2021-04-01 14:20:01.146000-04:00,,2021-04-01 18:01:17.552000-04:00,,1,,,,,,Not Assigned,,,,,,,,,,,,,,,,,,,,,,15231299
PSA2KMQ,997403,2021-04-01 14:20:01.146000-04:00,,2021-04-02 16:54:00.467000-04:00,,4,,,,,,Not Assigned,,,,,,,,,,,,,,,,,,,,,,15240723
PSA2KMQ,997404,2021-04-01 14:20:01.146000-04:00,,2021-04-01 18:04:55.022000-04:00,2021-04-01 18:24:01.035000-04:00,1,,,,,,Not Assigned,,,,,,,,,,,,,,,,,2.0,0.0,281.768,111.0165,1.0,15231342
PSA2KMQ,997405,2021-04-01 14:20:01.146000-04:00,,2021-04-02 17:58:05.946000-04:00,,4,,,,,,Not Assigned,,,,,,,,,,,,,,,,,1.0,,,,1.0,15241110
PSA2KMQ,997406,2021-04-01 14:20:01.146000-04:00,,2021-04-02 16:54:00.545000-04:00,,3,,,,,,Not Assigned,,,,,,,,,,,,,,,,,1.0,,,,1.0,15240724
PSA2KMQ,997407,2021-04-01 14:20:01.146000-04:00,,2021-04-02 18:03:17.136000-04:00,,7,,,,,,Not Assigned,,,,,,,,,,,,,,,,,,,,,,15241145
PSA2KMQ,997408,2021-04-01 14:20:01.146000-04:00,,2021-04-01 19:05:56.058000-04:00,,4,,,,,,Not Assigned,,,,,,,,,,,,,,,,,,,,,,15231827
PSA2KMQ,997441,2021-04-01 14:20:01.146000-04:00,,2021-04-05 11:15:47.720000-04:00,2021-04-05 11:35:16.621000-04:00,2,,,,,,Not Assigned,,,,,,,,,,,,,,,,,2.0,0.0,382.714,70.1615,1.0,15251562
PSA2KMQ,997627,2021-03-02 07:54:00-05:00,2021-03-02 07:56:00-05:00,2021-03-02 08:40:02.381000-05:00,,3,,,,,,Not Assigned,,,,,,,,,,,,,,,,,,,,,,14088087
PSA2KMQ,997628,2021-03-02 07:54:00-05:00,2021-03-02 07:56:00-05:00,2021-03-02 08:40:41.937000-05:00,,1,,,,,,Not Assigned,,,,,,,,,,,,,,,,,,,,,,14088124
PSA2KMQ,997629,2021-03-02 07:54:00-05:00,2021-03-02 07:56:00-05:00,2021-03-02 08:40:09.605000-05:00,,1,,,,,,Not Assigned,,,,,,,,,,,,,,,,,,,,,,14088098
PSA2KMQ,997630,2021-03-02 07:54:00-05:00,2021-03-02 07:56:00-05:00,2021-03-02 08:40:34.747000-05:00,,1,,,,,,Not Assigned,,,,,,,,,,,,,,,,,,,,,,14088116
PSA2KMQ,997631,2021-03-02 07:54:00-05:00,2021-03-02 07:56:00-05:00,2021-03-02 08:41:51.657000-05:00,,1,,,,,,Not Assigned,,,,,,,,,,,,,,,,,,,,,,14088181
PSA2KMQ,997632,2021-03-02 07:54:00-05:00,2021-03-02 07:56:00-05:00,2021-03-02 08:42:31.476000-05:00,2021-03-02 09:06:58.704000-05:00,1,,,,,,Treatment,890.893,44.1861666666667,8.0,5.0,1.0,1.0,6.0,6.0,1.0,0.0,16.0,7.0,0.0,0.0,0.0,1.0,2.0,0.0,88.798,34.5245,1.0,14088218
PSA2KMQ,997633,2021-03-02 07:54:00-05:00,2021-03-02 07:56:00-05:00,2021-03-02 08:46:14.793000-05:00,,1,,,,,,Not Assigned,,,,,,,,,,,,,,,,,,,,,,14088444
PSA2KMQ,998151,2021-04-01 14:20:01.146000-04:00,,2021-04-02 18:13:37.131000-04:00,,2,,,,,,Not Assigned,,,,,,,,,,,,,,,,,,,,,,15241210
PSA2KMQ,998168,2021-04-01 14:20:01.146000-04:00,,2021-04-02 18:06:57.604000-04:00,,5,,,,,,Not Assigned,,,,,,,,,,,,,,,,,,,,,,15241169
PSA2KMQ,998760,2021-05-05 10:48:00-04:00,2021-05-07 10:50:00-04:00,2021-05-05 10:52:40.041000-04:00,2021-05-07 13:25:04.802000-04:00,6,,,,,,Treatment,471.389,94.2752,5.0,5.0,,,5.0,5.0,1.0,0.0,7.0,0.0,0.0,0.0,0.0,1.0,2.0,0.0,523.316,130.801,1.0,16156735
PSA2KMQ,998836,2021-03-02 07:54:00-05:00,2021-03-02 07:56:00-05:00,2021-03-03 19:52:55.515000-05:00,,2,,,,,,Not Assigned,,,,,,,,,,,,,,,,,,,,,,14210747
PSA2KMQ,998876,2021-05-21 07:19:44.171000-04:00,,2021-05-21 10:10:01.046000-04:00,2021-05-21 10:14:41.757000-04:00,1,,,,,,Not Assigned,,,,,,,,,,,,,,,,,2.0,1.0,135.487,40.783,1.0,16550664
PSA2KMQ,998878,2021-05-21 07:19:44.171000-04:00,,2021-05-21 10:10:52.752000-04:00,2021-05-21 10:27:32.657000-04:00,3,,,,,,Not Assigned,,,,,,,,,,,,,,,,,2.0,0.0,142.626,35.347,1.0,16550693
PSA2KMQ,998879,2021-05-21 07:19:44.171000-04:00,,2021-05-21 10:10:18.541000-04:00,2021-05-21 10:21:21.843000-04:00,1,,,,,,Not Assigned,,,,,,,,,,,,,,,,,2.0,0.0,168.922,60.232,1.0,16550675
PSA2KMQ,998880,2021-05-21 07:19:44.171000-04:00,,2021-05-21 10:13:56.337000-04:00,,6,,,,,,Not Assigned,,,,,,,,,,,,,,,,,,,,,,16550768
PSA2KMQ,998883,2021-05-21 07:19:44.171000-04:00,,2021-05-21 10:10:18.565000-04:00,,3,,,,,,Not Assigned,,,,,,,,,,,,,,,,,,,,,,16550674
PSA2KMQ,999250,2021-05-21 07:19:44.171000-04:00,,2021-05-21 10:11:07.597000-04:00,2021-05-21 10:21:59.507000-04:00,1,,,,,,Not Assigned,,,,,,,,,,,,,,,,,2.0,0.0,260.016,98.83,1.0,16550702
PSA2KMQ,1000099,2021-03-05 17:47:00-05:00,,2021-03-05 17:58:34.031000-05:00,,1,,,,,,Not Assigned,,,,,,,,,,,,,,,,,,,,,,14319504
PSA2KMQ,1000616,2021-03-05 10:55:26.699000-05:00,,2021-03-05 18:36:48.531000-05:00,,1,,,,,,Not Assigned,,,,,,,,,,,,,,,,,,,,,,14319948
PSA2KMQ,1000617,2021-03-05 10:55:26.699000-05:00,,2021-03-05 17:46:05.882000-05:00,,1,,,,,,Not Assigned,,,,,,,,,,,,,,,,,,,,,,14319289
PSA2KMQ,1000618,2021-03-05 10:55:26.699000-05:00,,2021-03-05 17:29:06.539000-05:00,,3,,,,,,Not Assigned,,,,,,,,,,,,,,,,,,,,,,14318926
PSA2KMQ,1000619,2021-03-05 10:55:26.699000-05:00,,2021-03-05 17:40:26.309000-05:00,2021-03-05 17:58:06.637000-05:00,3,,,,,,Not Assigned,,,,,,,,,,,,,,,,,2.0,2.0,317.582,158.765,1.0,14319188
PSA2KMQ,1000620,2021-03-05 10:55:26.699000-05:00,,2021-03-05 17:34:46.970000-05:00,2021-03-05 17:54:56.073000-05:00,1,,,,,,Not Assigned,,,,,,,,,,,,,,,,,2.0,0.0,290.578,73.8165,1.0,14319049
PSA2KMQ,1000622,2021-03-05 10:55:26.699000-05:00,,2021-03-05 17:30:17.551000-05:00,,2,,,,,,Not Assigned,,,,,,,,,,,,,,,,,,,,,,14318944
PSA2KMQ,1000624,2021-03-05 10:55:26.699000-05:00,,2021-03-05 17:44:45.726000-05:00,2021-03-05 17:57:13.255000-05:00,1,,,,,,Not Assigned,,,,,,,,,,,,,,,,,2.0,0.0,300.996,70.7095,1.0,14319265
PSA2KMQ,1000625,2021-03-05 10:55:26.699000-05:00,,2021-03-05 17:30:24.140000-05:00,,1,,,,,,Not Assigned,,,,,,,,,,,,,,,,,,,,,,14318946
PSA2KMQ,1000626,2021-03-05 10:55:26.699000-05:00,,2021-03-05 21:10:13.745000-05:00,,1,,,,,,Not Assigned,,,,,,,,,,,,,,,,,,,,,,14321224
PSA2KMQ,1000627,2021-03-05 10:55:26.699000-05:00,,2021-03-05 17:49:31.743000-05:00,,3,,,,,,Not Assigned,,,,,,,,,,,,,,,,,,,,,,14319353
PSA2KMQ,1000629,2021-03-05 10:55:26.699000-05:00,,2021-03-05 17:49:38.767000-05:00,,1,,,,,,Not Assigned,,,,,,,,,,,,,,,,,,,,,,14319357
PSA2KMQ,1000630,2021-03-05 10:55:26.699000-05:00,,2021-03-05 17:43:51.636000-05:00,,1,,,,,,Not Assigned,,,,,,,,,,,,,,,,,,,,,,14319250
PSA2KMQ,1000631,2021-03-05 10:55:26.699000-05:00,,2021-03-05 17:31:10.060000-05:00,,3,,,,,,Not Assigned,,,,,,,,,,,,,,,,,,,,,,14318964
PSA2KMQ,1000637,2021-03-05 11:09:01.976000-05:00,,2021-03-05 18:36:09.961000-05:00,,1,,,,,,Not Assigned,,,,,,,,,,,,,,,,,,,,,,14319935
PSA2KMQ,1000638,2021-03-05 11:09:01.976000-05:00,,2021-03-05 18:45:02.026000-05:00,,7,,,,,,Not Assigned,,,,,,,,,,,,,,,,,,,,,,14320048
PSA2KMQ,1000639,2021-03-05 11:09:01.976000-05:00,,2021-03-05 18:36:38.498000-05:00,,1,,,,,,Not Assigned,,,,,,,,,,,,,,,,,,,,,,14319945
PSA2KMQ,1000640,2021-03-05 11:09:01.976000-05:00,,2021-03-05 18:41:10.871000-05:00,2021-03-05 18:50:17.316000-05:00,1,,,,,,Not Assigned,,,,,,,,,,,,,,,,,2.0,0.0,387.06,55.3985,1.0,14320000
PSA2KMQ,1000641,2021-03-05 11:09:01.976000-05:00,,2021-03-05 18:32:43.134000-05:00,,4,,,,,,Not Assigned,,,,,,,,,,,,,,,,,,,,,,14319893
PSA2KMQ,1000642,2021-03-05 11:09:01.976000-05:00,,2021-03-05 18:32:47.976000-05:00,,1,,,,,,Not Assigned,,,,,,,,,,,,,,,,,,,,,,14319894
PSA2KMQ,1000643,2021-03-05 11:09:01.976000-05:00,,2021-03-05 18:39:10.184000-05:00,2021-03-05 18:51:40.852000-05:00,1,,,,,,Not Assigned,,,,,,,,,,,,,,,,,2.0,1.0,197.962,50.1375,1.0,14319979
PSA2KMQ,1000644,2021-03-05 11:09:01.976000-05:00,,2021-03-09 12:12:28.116000-05:00,,1,,,,,,Not Assigned,,,,,,,,,,,,,,,,,,,,,,14421248
PSA2KMQ,1000645,2021-03-05 11:09:01.976000-05:00,,2021-03-05 19:18:28.451000-05:00,,1,,,,,,Not Assigned,,,,,,,,,,,,,,,,,,,,,,14320377
PSA2KMQ,1000646,2021-03-05 11:09:01.976000-05:00,,2021-03-05 18:38:04.052000-05:00,,1,,,,,,Not Assigned,,,,,,,,,,,,,,,,,,,,,,14319973
PSA2KMQ,1000647,2021-03-05 11:09:01.976000-05:00,,2021-03-05 18:56:51.713000-05:00,,3,,,,,,Not Assigned,,,,,,,,,,,,,,,,,,,,,,14320173
PSA2KMQ,1000648,2021-03-05 11:09:01.976000-05:00,,2021-03-05 18:41:14.829000-05:00,2021-03-05 19:26:27.393000-05:00,1,,,,,,Not Assigned,,,,,,,,,,,,,,,,,2.0,0.0,282.559,80.9105,1.0,14320001
PSA2KMQ,1000649,2021-03-05 11:09:01.976000-05:00,,2021-03-05 19:28:39.183000-05:00,,1,,,,,,Not Assigned,,,,,,,,,,,,,,,,,,,,,,14320463
PSA2KMQ,1000650,2021-03-05 11:09:01.976000-05:00,,2021-03-08 19:43:11.904000-05:00,2021-03-08 20:00:58.736000-05:00,2,,,,,,Not Assigned,,,,,,,,,,,,,,,,,2.0,0.0,268.876,100.82,1.0,14389963
PSA2KMQ,1001110,2021-03-26 08:32:09.488000-04:00,2021-03-26 17:31:00-04:00,2021-03-29 12:39:48.654000-04:00,,1,,,,,,Not Assigned,,,,,,,,,,,,,,,,,,,,,,15114649
PSA2KMQ,1001227,2021-03-05 11:09:01.976000-05:00,,2021-03-09 12:19:14.556000-05:00,,1,,,,,,Not Assigned,,,,,,,,,,,,,,,,,,,,,,14422095
PSA2KMQ,1001240,2021-03-05 10:55:26.699000-05:00,,2021-03-08 14:22:28.053000-05:00,,1,,,,,,Not Assigned,,,,,,,,,,,,,,,,,,,,,,14373551
PSA2KMQ,1001350,2021-03-05 11:09:01.976000-05:00,,2021-03-08 16:32:46.940000-05:00,2021-03-08 16:57:00.298000-05:00,1,,,,,,Control,788.533,30.804,7.0,11.0,4.0,3.0,16.0,19.0,9.0,1.0,18.0,9.0,0.0,0.0,1.0,1.0,2.0,0.0,262.756,57.8245,1.0,14384168
PSA2KMQ,1001377,2021-03-05 10:55:26.699000-05:00,,2021-03-08 17:16:47.654000-05:00,,1,,,,,,Not Assigned,,,,,,,,,,,,,,,,,,,,,,14386011
PSA2KMQ,1001439,2021-03-05 11:09:01.976000-05:00,,2021-03-08 20:36:45.336000-05:00,,1,,,,,,Not Assigned,,,,,,,,,,,,,,,,,,,,,,14391109
PSA2KMQ,1001719,2021-03-05 11:09:01.976000-05:00,,2021-03-09 12:09:59.847000-05:00,,2,,,,,,Control,,,1.0,,,,,0.0,0.0,0.0,3.0,0.0,0.0,0.0,0.0,2.0,,,,,,14420986
PSA2KMQ,1001898,2021-04-02 11:40:34.139000-04:00,,2021-04-02 16:51:56.229000-04:00,2021-04-02 18:54:03.191000-04:00,2,,,,,,Not Assigned,,,,,,,,,,,,,,,,,2.0,0.0,403.899,185.809,1.0,15240711
PSA2KMQ,1001903,2021-04-02 11:40:34.139000-04:00,,2021-04-02 16:39:46.582000-04:00,,3,,,,,,Not Assigned,,,,,,,,,,,,,,,,,,,,,,15240641
PSA2KMQ,1001908,2021-04-02 11:40:34.139000-04:00,,2021-04-02 16:43:36.934000-04:00,,1,,,,,,Not Assigned,,,,,,,,,,,,,,,,,,,,,,15240666
PSA2KMQ,1001909,2021-04-02 11:40:34.139000-04:00,,2021-04-02 16:43:32.561000-04:00,,6,,,,,,Not Assigned,,,,,,,,,,,,,,,,,,,,,,15240664
PSA2KMQ,1001910,2021-04-02 11:40:34.139000-04:00,,2021-04-02 16:44:49.457000-04:00,,2,,,,,,Not Assigned,,,,,,,,,,,,,,,,,1.0,,,,1.0,15240669
PSA2KMQ,1001911,2021-04-02 11:40:34.139000-04:00,,2021-04-02 16:45:37.134000-04:00,2021-04-04 15:00:03.542000-04:00,2,,,,,,Not Assigned,,,,,,,,,,,,,,,,,2.0,0.0,395.294,96.696,1.0,15240673
PSA2KMQ,1001912,2021-04-02 11:40:34.139000-04:00,,2021-04-03 16:24:08.730000-04:00,,1,,,,,,Treatment,1318.924,100.3924,10.0,4.0,1.0,1.0,10.0,16.0,1.0,0.0,25.0,8.0,0.0,0.0,0.0,1.0,,,,,,15242705
PSA2KMQ,1001914,2021-04-02 11:40:34.139000-04:00,,2021-04-02 16:57:11.171000-04:00,,2,,,,,,Treatment,32051.06,4575.83457142857,8.0,6.0,1.0,1.0,7.0,8.0,2.0,0.0,16.0,1.0,0.0,0.0,0.0,1.0,,,,,,15240749
PSA2KMQ,1001920,2021-04-02 11:40:34.139000-04:00,,2021-04-02 16:45:52.830000-04:00,,1,,,,,,Not Assigned,,,,,,,,,,,,,,,,,,,,,,15240678
PSA2KMQ,1001921,2021-04-02 11:40:34.139000-04:00,,2021-04-02 16:41:16.682000-04:00,2021-04-02 16:48:36.947000-04:00,1,,,,,,Not Assigned,,,,,,,,,,,,,,,,,2.0,1.0,234.399,88.2775,1.0,15240648
PSA2KMQ,1001977,2021-04-01 14:20:01.146000-04:00,,2021-04-02 16:55:47.250000-04:00,,1,,,,,,Not Assigned,,,,,,,,,,,,,,,,,,,,,,15240738
PSA2KMQ,1001999,2021-04-01 14:20:01.146000-04:00,,2021-04-07 13:24:12.693000-04:00,,2,,,,,,Not Assigned,,,,,,,,,,,,,,,,,,,,,,15328870
PSA2KMQ,1002040,2021-03-05 11:09:01.976000-05:00,,2021-03-10 01:13:37.305000-05:00,2021-03-10 01:21:41.862000-05:00,1,,,,,,Not Assigned,,,,,,,,,,,,,,,,,2.0,0.0,137.485,39.8275,1.0,14460149
PSA2KMQ,1002223,2021-04-01 14:20:01.146000-04:00,,2021-04-01 17:59:40.677000-04:00,,2,,,,,,Not Assigned,,,,,,,,,,,,,,,,,,,,,,15231285
PSA2KMQ,1002337,2021-04-01 14:20:01.146000-04:00,,2021-04-02 17:09:21.487000-04:00,,4,,,,,,Not Assigned,,,,,,,,,,,,,,,,,2.0,0.0,146.388,121.146,2.0,15240844
PSA2KMQ,1002470,2021-03-05 10:55:26.699000-05:00,,2021-03-10 21:07:55.920000-05:00,2021-03-10 21:13:37.064000-05:00,1,,,,,,Not Assigned,,,,,,,,,,,,,,,,,2.0,2.0,102.549,51.2735,1.0,14514608
PSA2KMQ,1003608,2021-05-04 11:34:22.242000-04:00,2021-05-05 07:00:00-04:00,2021-05-05 07:52:15.282000-04:00,,7,,,,,,Not Assigned,,,,,,,,,,,,,,,,,,,,,,16148719
PSA2KMQ,1003790,2021-05-06 09:14:23.908000-04:00,2021-05-10 21:00:00-04:00,2021-05-10 12:08:25.532000-04:00,,3,,,,,,Not Assigned,,,,,,,,,,,,,,,,,,,,,,16269296
PSA2KMQ,1004526,2021-05-06 09:14:27.873000-04:00,2021-05-10 21:00:00-04:00,2021-05-07 12:27:58.223000-04:00,,1,,,,,,Not Assigned,,,,,,,,,,,,,,,,,,,,,,16236022
PSA2KMQ,1006268,2021-05-05 10:48:00-04:00,2021-05-07 10:50:00-04:00,2021-05-05 10:50:59.316000-04:00,,6,,,,,,Not Assigned,,,,,,,,,,,,,,,,,,,,,,16156603
PSA2KMQ,1009127,2021-04-02 11:40:34.139000-04:00,,2021-04-02 16:35:28.751000-04:00,2021-04-02 16:49:45.820000-04:00,1,,,,,,Not Assigned,,,,,,,,,,,,,,,,,2.0,0.0,623.197,86.2375,1.0,15240590
PSA2KMQ,1009136,2021-04-01 14:20:01.146000-04:00,,2021-04-02 18:01:49.643000-04:00,,2,,,,,,Not Assigned,,,,,,,,,,,,,,,,,,,,,,15241139
PSA2KMQ,1009163,2021-04-02 11:40:34.139000-04:00,,2021-04-03 16:42:47.636000-04:00,,1,,,,,,Not Assigned,,,,,,,,,,,,,,,,,,,,,,15242722
PSA2KMQ,1010785,2021-05-06 09:14:31.144000-04:00,2021-05-10 21:00:00-04:00,2021-05-07 10:07:48.395000-04:00,,1,,,,,,Not Assigned,,,,,,,,,,,,,,,,,,,,,,16227337
PSA2KMQ,1011426,2021-04-01 14:20:01.146000-04:00,,2021-04-13 21:17:24.386000-04:00,,1,,,,,,Not Assigned,,,,,,,,,,,,,,,,,,,,,,15518093
PSA2KMQ,1011796,2021-05-10 09:08:12.582000-04:00,2021-05-10 21:07:00-04:00,2021-05-10 09:36:46.723000-04:00,,1,,,,,,Not Assigned,,,,,,,,,,,,,,,,,,,,,,16258341
