experiment_id,student_id,student_prior_started_skill_builder_count,student_prior_completed_skill_builder_count,student_prior_started_problem_set_count,student_prior_completed_problem_set_count,student_prior_completed_problem_count,student_prior_median_first_response_time,student_prior_median_time_on_task,student_prior_average_correctness,student_prior_average_attempt_count,class_id,class_creation_date,class_student_count,class_prior_skill_builder_count,class_prior_problem_set_count,class_prior_skill_builder_percent_started,class_prior_skill_builder_percent_completed,class_prior_problem_set_percent_started,class_prior_problem_set_percent_completed,class_prior_completed_problem_count,class_prior_median_time_on_task,class_prior_median_first_response_time,class_prior_average_correctness,class_prior_average_attempt_count,teacher_id,teacher_account_creation_date,district_id,location,opportunity_zone,locale_description
PSA2KMQ,278811,0,0,4,4,43,68.368,127.655,0.6296296296296297,1.372093023255814,6410,2019-12-12 10:50:22.665000-05:00,7,0,8,0.0,0.0,46.4285714285714,84.6153846153846,267,51.144,44.945,0.659217877094972,1.2696629213483146,64644,2019-10-15 19:36:17.882000-04:00,1137.0,Maine,No,None
PSA2KMQ,271489,0,0,5,5,46,51.0875,55.762,0.8333333333333334,1.065217391304348,6410,2019-12-12 10:50:22.665000-05:00,7,0,8,0.0,0.0,46.4285714285714,84.6153846153846,267,51.144,44.945,0.659217877094972,1.2696629213483146,64644,2019-10-15 19:36:17.882000-04:00,1137.0,Maine,No,None
PSA2KMQ,267698,0,0,5,5,63,24.806,27.539,0.46511627906976744,1.3492063492063493,6410,2019-12-12 10:50:22.665000-05:00,7,0,8,0.0,0.0,46.4285714285714,84.6153846153846,267,51.144,44.945,0.659217877094972,1.2696629213483146,64644,2019-10-15 19:36:17.882000-04:00,1137.0,Maine,No,None
PSA2KMQ,180706,0,0,3,1,22,91.6005,138.7705,0.9166666666666666,1.1363636363636365,6410,2019-12-12 10:50:22.665000-05:00,7,0,8,0.0,0.0,46.4285714285714,84.6153846153846,267,51.144,44.945,0.659217877094972,1.2696629213483146,64644,2019-10-15 19:36:17.882000-04:00,1137.0,Maine,No,None
PSA2KMQ,268085,0,0,5,5,63,71.191,82.952,0.6511627906976745,1.3015873015873016,6410,2019-12-12 10:50:22.665000-05:00,7,0,8,0.0,0.0,46.4285714285714,84.6153846153846,267,51.144,44.945,0.659217877094972,1.2696629213483146,64644,2019-10-15 19:36:17.882000-04:00,1137.0,Maine,No,None
PSA2KMQ,293247,0,0,2,0,4,358.2145,358.227,1.0,1.0,6410,2019-12-12 10:50:22.665000-05:00,7,0,8,0.0,0.0,46.4285714285714,84.6153846153846,267,51.144,44.945,0.659217877094972,1.2696629213483146,64644,2019-10-15 19:36:17.882000-04:00,1137.0,Maine,No,None
PSA2KMQ,402964,0,0,21,7,39,11.503,13.177,0.6296296296296297,1.205128205128205,31776,2020-08-04 16:31:58.707000-04:00,36,0,32,0.0,0.0,52.5173611111111,85.7851239669422,3643,83.522,71.772,0.5212121212121212,1.5547625583310458,402959,2020-08-02 17:29:00.598000-04:00,,,,
PSA2KMQ,19868,21,19,0,0,86,65.314,68.496,0.813953488372093,1.255813953488372,33710,2020-08-09 12:59:23.889000-04:00,161,9,0,42.3050379572119,95.7585644371941,0.0,0.0,2870,39.1465,35.502,0.7693379790940766,1.3773519163763066,10217,2019-06-29 02:19:36.844000-04:00,112.0,Arizona,Yes,Suburb: Large
PSA2KMQ,20456,18,18,0,0,83,65.967,80.351,0.7831325301204819,1.3253012048192772,33710,2020-08-09 12:59:23.889000-04:00,161,9,0,42.3050379572119,95.7585644371941,0.0,0.0,2870,39.1465,35.502,0.7693379790940766,1.3773519163763066,10217,2019-06-29 02:19:36.844000-04:00,112.0,Arizona,Yes,Suburb: Large
PSA2KMQ,20930,21,16,0,0,126,76.1885,97.3305,0.5476190476190477,1.8015873015873016,33710,2020-08-09 12:59:23.889000-04:00,161,9,0,42.3050379572119,95.7585644371941,0.0,0.0,2870,39.1465,35.502,0.7693379790940766,1.3773519163763066,10217,2019-06-29 02:19:36.844000-04:00,112.0,Arizona,Yes,Suburb: Large
PSA2KMQ,20939,17,14,0,0,71,74.045,75.329,0.7183098591549296,1.3943661971830985,33710,2020-08-09 12:59:23.889000-04:00,161,9,0,42.3050379572119,95.7585644371941,0.0,0.0,2870,39.1465,35.502,0.7693379790940766,1.3773519163763066,10217,2019-06-29 02:19:36.844000-04:00,112.0,Arizona,Yes,Suburb: Large
PSA2KMQ,412784,5,5,0,0,42,32.187,40.1835,0.6666666666666666,1.4523809523809523,33710,2020-08-09 12:59:23.889000-04:00,161,9,0,42.3050379572119,95.7585644371941,0.0,0.0,2870,39.1465,35.502,0.7693379790940766,1.3773519163763066,10217,2019-06-29 02:19:36.844000-04:00,112.0,Arizona,Yes,Suburb: Large
PSA2KMQ,416490,6,6,0,0,25,24.526,24.53,0.88,1.12,33710,2020-08-09 12:59:23.889000-04:00,161,9,0,42.3050379572119,95.7585644371941,0.0,0.0,2870,39.1465,35.502,0.7693379790940766,1.3773519163763066,10217,2019-06-29 02:19:36.844000-04:00,112.0,Arizona,Yes,Suburb: Large
PSA2KMQ,410947,6,6,0,0,23,35.518,35.52,0.9130434782608695,1.0434782608695652,33710,2020-08-09 12:59:23.889000-04:00,161,9,0,42.3050379572119,95.7585644371941,0.0,0.0,2870,39.1465,35.502,0.7693379790940766,1.3773519163763066,10217,2019-06-29 02:19:36.844000-04:00,112.0,Arizona,Yes,Suburb: Large
PSA2KMQ,416624,5,5,0,0,23,13.97,20.979,0.8260869565217391,1.173913043478261,33710,2020-08-09 12:59:23.889000-04:00,161,9,0,42.3050379572119,95.7585644371941,0.0,0.0,2870,39.1465,35.502,0.7693379790940766,1.3773519163763066,10217,2019-06-29 02:19:36.844000-04:00,112.0,Arizona,Yes,Suburb: Large
PSA2KMQ,519378,7,7,0,0,31,18.585,20.898,0.8709677419354839,1.2903225806451613,33710,2020-08-09 12:59:23.889000-04:00,161,9,0,42.3050379572119,95.7585644371941,0.0,0.0,2870,39.1465,35.502,0.7693379790940766,1.3773519163763066,10217,2019-06-29 02:19:36.844000-04:00,112.0,Arizona,Yes,Suburb: Large
PSA2KMQ,460879,3,3,0,0,23,19.565,27.065,0.6521739130434783,1.826086956521739,33710,2020-08-09 12:59:23.889000-04:00,161,9,0,42.3050379572119,95.7585644371941,0.0,0.0,2870,39.1465,35.502,0.7693379790940766,1.3773519163763066,10217,2019-06-29 02:19:36.844000-04:00,112.0,Arizona,Yes,Suburb: Large
PSA2KMQ,459591,4,4,0,0,30,18.774,26.81,0.5333333333333333,1.9666666666666668,33710,2020-08-09 12:59:23.889000-04:00,161,9,0,42.3050379572119,95.7585644371941,0.0,0.0,2870,39.1465,35.502,0.7693379790940766,1.3773519163763066,10217,2019-06-29 02:19:36.844000-04:00,112.0,Arizona,Yes,Suburb: Large
PSA2KMQ,459555,5,5,0,0,12,29.693,29.6965,1.0,1.0,33710,2020-08-09 12:59:23.889000-04:00,161,9,0,42.3050379572119,95.7585644371941,0.0,0.0,2870,39.1465,35.502,0.7693379790940766,1.3773519163763066,10217,2019-06-29 02:19:36.844000-04:00,112.0,Arizona,Yes,Suburb: Large
PSA2KMQ,420559,6,6,0,0,23,50.278,50.282,0.9565217391304348,1.0434782608695652,33710,2020-08-09 12:59:23.889000-04:00,161,9,0,42.3050379572119,95.7585644371941,0.0,0.0,2870,39.1465,35.502,0.7693379790940766,1.3773519163763066,10217,2019-06-29 02:19:36.844000-04:00,112.0,Arizona,Yes,Suburb: Large
PSA2KMQ,420874,5,5,0,0,31,15.517,19.898,0.6774193548387096,1.6451612903225805,33710,2020-08-09 12:59:23.889000-04:00,161,9,0,42.3050379572119,95.7585644371941,0.0,0.0,2870,39.1465,35.502,0.7693379790940766,1.3773519163763066,10217,2019-06-29 02:19:36.844000-04:00,112.0,Arizona,Yes,Suburb: Large
PSA2KMQ,415373,5,5,0,0,18,15.7185,17.131,0.9444444444444444,1.1111111111111112,33710,2020-08-09 12:59:23.889000-04:00,161,9,0,42.3050379572119,95.7585644371941,0.0,0.0,2870,39.1465,35.502,0.7693379790940766,1.3773519163763066,10217,2019-06-29 02:19:36.844000-04:00,112.0,Arizona,Yes,Suburb: Large
PSA2KMQ,424894,5,5,0,0,19,32.749,37.522,0.8421052631578947,1.5789473684210527,33710,2020-08-09 12:59:23.889000-04:00,161,9,0,42.3050379572119,95.7585644371941,0.0,0.0,2870,39.1465,35.502,0.7693379790940766,1.3773519163763066,10217,2019-06-29 02:19:36.844000-04:00,112.0,Arizona,Yes,Suburb: Large
PSA2KMQ,426509,5,5,0,0,20,18.3315,20.025,0.85,1.25,33710,2020-08-09 12:59:23.889000-04:00,161,9,0,42.3050379572119,95.7585644371941,0.0,0.0,2870,39.1465,35.502,0.7693379790940766,1.3773519163763066,10217,2019-06-29 02:19:36.844000-04:00,112.0,Arizona,Yes,Suburb: Large
PSA2KMQ,427396,6,6,0,0,27,37.124,37.127,0.8148148148148148,1.222222222222222,33710,2020-08-09 12:59:23.889000-04:00,161,9,0,42.3050379572119,95.7585644371941,0.0,0.0,2870,39.1465,35.502,0.7693379790940766,1.3773519163763066,10217,2019-06-29 02:19:36.844000-04:00,112.0,Arizona,Yes,Suburb: Large
PSA2KMQ,65355,16,16,3,1,119,38.0,43.81,0.6694915254237288,1.5798319327731092,33710,2020-08-09 12:59:23.889000-04:00,161,9,0,42.3050379572119,95.7585644371941,0.0,0.0,2870,39.1465,35.502,0.7693379790940766,1.3773519163763066,10217,2019-06-29 02:19:36.844000-04:00,112.0,Arizona,Yes,Suburb: Large
PSA2KMQ,369074,3,3,0,0,15,34.497,39.105,0.6666666666666666,1.1333333333333333,33710,2020-08-09 12:59:23.889000-04:00,161,9,0,42.3050379572119,95.7585644371941,0.0,0.0,2870,39.1465,35.502,0.7693379790940766,1.3773519163763066,10217,2019-06-29 02:19:36.844000-04:00,112.0,Arizona,Yes,Suburb: Large
PSA2KMQ,427518,6,6,0,0,41,60.092,60.096,0.5853658536585366,1.7073170731707317,33710,2020-08-09 12:59:23.889000-04:00,161,9,0,42.3050379572119,95.7585644371941,0.0,0.0,2870,39.1465,35.502,0.7693379790940766,1.3773519163763066,10217,2019-06-29 02:19:36.844000-04:00,112.0,Arizona,Yes,Suburb: Large
PSA2KMQ,427718,6,6,0,0,19,31.409,35.115,0.8947368421052632,1.0526315789473684,33710,2020-08-09 12:59:23.889000-04:00,161,9,0,42.3050379572119,95.7585644371941,0.0,0.0,2870,39.1465,35.502,0.7693379790940766,1.3773519163763066,10217,2019-06-29 02:19:36.844000-04:00,112.0,Arizona,Yes,Suburb: Large
PSA2KMQ,427831,6,6,0,0,30,26.1345,26.139,0.8666666666666667,1.2333333333333334,33710,2020-08-09 12:59:23.889000-04:00,161,9,0,42.3050379572119,95.7585644371941,0.0,0.0,2870,39.1465,35.502,0.7693379790940766,1.3773519163763066,10217,2019-06-29 02:19:36.844000-04:00,112.0,Arizona,Yes,Suburb: Large
PSA2KMQ,427844,5,5,0,0,21,86.795,86.806,0.8571428571428571,1.1428571428571428,33710,2020-08-09 12:59:23.889000-04:00,161,9,0,42.3050379572119,95.7585644371941,0.0,0.0,2870,39.1465,35.502,0.7693379790940766,1.3773519163763066,10217,2019-06-29 02:19:36.844000-04:00,112.0,Arizona,Yes,Suburb: Large
PSA2KMQ,427938,7,6,0,0,26,21.0465,21.0555,0.8846153846153846,1.1153846153846154,33710,2020-08-09 12:59:23.889000-04:00,161,9,0,42.3050379572119,95.7585644371941,0.0,0.0,2870,39.1465,35.502,0.7693379790940766,1.3773519163763066,10217,2019-06-29 02:19:36.844000-04:00,112.0,Arizona,Yes,Suburb: Large
PSA2KMQ,428105,6,6,0,0,22,63.9835,63.9895,0.9545454545454546,1.0909090909090908,33710,2020-08-09 12:59:23.889000-04:00,161,9,0,42.3050379572119,95.7585644371941,0.0,0.0,2870,39.1465,35.502,0.7693379790940766,1.3773519163763066,10217,2019-06-29 02:19:36.844000-04:00,112.0,Arizona,Yes,Suburb: Large
PSA2KMQ,428497,5,5,0,0,19,38.458,38.461,0.9473684210526315,1.0526315789473684,33710,2020-08-09 12:59:23.889000-04:00,161,9,0,42.3050379572119,95.7585644371941,0.0,0.0,2870,39.1465,35.502,0.7693379790940766,1.3773519163763066,10217,2019-06-29 02:19:36.844000-04:00,112.0,Arizona,Yes,Suburb: Large
PSA2KMQ,428501,2,2,0,0,6,16.294,16.2965,1.0,1.0,33710,2020-08-09 12:59:23.889000-04:00,161,9,0,42.3050379572119,95.7585644371941,0.0,0.0,2870,39.1465,35.502,0.7693379790940766,1.3773519163763066,10217,2019-06-29 02:19:36.844000-04:00,112.0,Arizona,Yes,Suburb: Large
PSA2KMQ,428623,6,6,0,0,22,18.1495,18.158,1.0,1.0,33710,2020-08-09 12:59:23.889000-04:00,161,9,0,42.3050379572119,95.7585644371941,0.0,0.0,2870,39.1465,35.502,0.7693379790940766,1.3773519163763066,10217,2019-06-29 02:19:36.844000-04:00,112.0,Arizona,Yes,Suburb: Large
PSA2KMQ,428662,6,6,0,0,25,27.097,27.104,0.88,1.28,33710,2020-08-09 12:59:23.889000-04:00,161,9,0,42.3050379572119,95.7585644371941,0.0,0.0,2870,39.1465,35.502,0.7693379790940766,1.3773519163763066,10217,2019-06-29 02:19:36.844000-04:00,112.0,Arizona,Yes,Suburb: Large
PSA2KMQ,430518,6,6,0,0,22,34.7735,34.7755,0.8636363636363636,1.3181818181818181,33710,2020-08-09 12:59:23.889000-04:00,161,9,0,42.3050379572119,95.7585644371941,0.0,0.0,2870,39.1465,35.502,0.7693379790940766,1.3773519163763066,10217,2019-06-29 02:19:36.844000-04:00,112.0,Arizona,Yes,Suburb: Large
PSA2KMQ,432494,4,4,0,0,26,28.968,28.978,0.6538461538461539,1.5384615384615385,33710,2020-08-09 12:59:23.889000-04:00,161,9,0,42.3050379572119,95.7585644371941,0.0,0.0,2870,39.1465,35.502,0.7693379790940766,1.3773519163763066,10217,2019-06-29 02:19:36.844000-04:00,112.0,Arizona,Yes,Suburb: Large
PSA2KMQ,432627,5,5,0,0,24,66.0585,73.459,0.7916666666666666,1.2916666666666667,33710,2020-08-09 12:59:23.889000-04:00,161,9,0,42.3050379572119,95.7585644371941,0.0,0.0,2870,39.1465,35.502,0.7693379790940766,1.3773519163763066,10217,2019-06-29 02:19:36.844000-04:00,112.0,Arizona,Yes,Suburb: Large
PSA2KMQ,434442,5,5,0,0,31,98.565,98.581,0.6774193548387096,1.4516129032258065,33710,2020-08-09 12:59:23.889000-04:00,161,9,0,42.3050379572119,95.7585644371941,0.0,0.0,2870,39.1465,35.502,0.7693379790940766,1.3773519163763066,10217,2019-06-29 02:19:36.844000-04:00,112.0,Arizona,Yes,Suburb: Large
PSA2KMQ,434794,4,4,0,0,23,20.609,21.343,0.5652173913043478,1.8695652173913042,33710,2020-08-09 12:59:23.889000-04:00,161,9,0,42.3050379572119,95.7585644371941,0.0,0.0,2870,39.1465,35.502,0.7693379790940766,1.3773519163763066,10217,2019-06-29 02:19:36.844000-04:00,112.0,Arizona,Yes,Suburb: Large
PSA2KMQ,435189,6,6,0,0,42,33.083,36.927,0.7380952380952381,1.4285714285714286,33710,2020-08-09 12:59:23.889000-04:00,161,9,0,42.3050379572119,95.7585644371941,0.0,0.0,2870,39.1465,35.502,0.7693379790940766,1.3773519163763066,10217,2019-06-29 02:19:36.844000-04:00,112.0,Arizona,Yes,Suburb: Large
PSA2KMQ,435877,6,6,0,0,30,65.6335,87.638,0.8333333333333334,1.2666666666666666,33710,2020-08-09 12:59:23.889000-04:00,161,9,0,42.3050379572119,95.7585644371941,0.0,0.0,2870,39.1465,35.502,0.7693379790940766,1.3773519163763066,10217,2019-06-29 02:19:36.844000-04:00,112.0,Arizona,Yes,Suburb: Large
PSA2KMQ,436037,4,3,0,0,21,10.8,13.44,0.5714285714285714,1.7142857142857142,33710,2020-08-09 12:59:23.889000-04:00,161,9,0,42.3050379572119,95.7585644371941,0.0,0.0,2870,39.1465,35.502,0.7693379790940766,1.3773519163763066,10217,2019-06-29 02:19:36.844000-04:00,112.0,Arizona,Yes,Suburb: Large
PSA2KMQ,609602,5,5,0,0,18,45.7405,45.747,1.0,1.0,33710,2020-08-09 12:59:23.889000-04:00,161,9,0,42.3050379572119,95.7585644371941,0.0,0.0,2870,39.1465,35.502,0.7693379790940766,1.3773519163763066,10217,2019-06-29 02:19:36.844000-04:00,112.0,Arizona,Yes,Suburb: Large
PSA2KMQ,436680,4,4,0,0,12,96.0295,96.0315,1.0,1.0,33710,2020-08-09 12:59:23.889000-04:00,161,9,0,42.3050379572119,95.7585644371941,0.0,0.0,2870,39.1465,35.502,0.7693379790940766,1.3773519163763066,10217,2019-06-29 02:19:36.844000-04:00,112.0,Arizona,Yes,Suburb: Large
PSA2KMQ,437239,4,4,0,0,12,39.9685,39.9725,1.0,1.0,33710,2020-08-09 12:59:23.889000-04:00,161,9,0,42.3050379572119,95.7585644371941,0.0,0.0,2870,39.1465,35.502,0.7693379790940766,1.3773519163763066,10217,2019-06-29 02:19:36.844000-04:00,112.0,Arizona,Yes,Suburb: Large
PSA2KMQ,437877,7,6,0,0,56,29.6175,35.6625,0.48214285714285715,1.6785714285714286,33710,2020-08-09 12:59:23.889000-04:00,161,9,0,42.3050379572119,95.7585644371941,0.0,0.0,2870,39.1465,35.502,0.7693379790940766,1.3773519163763066,10217,2019-06-29 02:19:36.844000-04:00,112.0,Arizona,Yes,Suburb: Large
PSA2KMQ,441223,4,4,0,0,16,36.2375,36.244,0.875,1.125,33710,2020-08-09 12:59:23.889000-04:00,161,9,0,42.3050379572119,95.7585644371941,0.0,0.0,2870,39.1465,35.502,0.7693379790940766,1.3773519163763066,10217,2019-06-29 02:19:36.844000-04:00,112.0,Arizona,Yes,Suburb: Large
PSA2KMQ,441387,5,5,0,0,19,39.03,39.046,0.8421052631578947,1.1578947368421053,33710,2020-08-09 12:59:23.889000-04:00,161,9,0,42.3050379572119,95.7585644371941,0.0,0.0,2870,39.1465,35.502,0.7693379790940766,1.3773519163763066,10217,2019-06-29 02:19:36.844000-04:00,112.0,Arizona,Yes,Suburb: Large
PSA2KMQ,442445,4,4,0,0,18,13.02,13.679,0.8333333333333334,2.944444444444444,33710,2020-08-09 12:59:23.889000-04:00,161,9,0,42.3050379572119,95.7585644371941,0.0,0.0,2870,39.1465,35.502,0.7693379790940766,1.3773519163763066,10217,2019-06-29 02:19:36.844000-04:00,112.0,Arizona,Yes,Suburb: Large
PSA2KMQ,444433,4,2,0,0,13,80.673,80.681,0.8461538461538461,1.3076923076923077,33710,2020-08-09 12:59:23.889000-04:00,161,9,0,42.3050379572119,95.7585644371941,0.0,0.0,2870,39.1465,35.502,0.7693379790940766,1.3773519163763066,10217,2019-06-29 02:19:36.844000-04:00,112.0,Arizona,Yes,Suburb: Large
PSA2KMQ,444780,6,6,0,0,33,35.678,41.043,0.7575757575757576,1.4545454545454546,33710,2020-08-09 12:59:23.889000-04:00,161,9,0,42.3050379572119,95.7585644371941,0.0,0.0,2870,39.1465,35.502,0.7693379790940766,1.3773519163763066,10217,2019-06-29 02:19:36.844000-04:00,112.0,Arizona,Yes,Suburb: Large
PSA2KMQ,444915,5,5,0,0,39,8.737,16.876,0.6666666666666666,1.7692307692307692,33710,2020-08-09 12:59:23.889000-04:00,161,9,0,42.3050379572119,95.7585644371941,0.0,0.0,2870,39.1465,35.502,0.7693379790940766,1.3773519163763066,10217,2019-06-29 02:19:36.844000-04:00,112.0,Arizona,Yes,Suburb: Large
PSA2KMQ,445288,3,3,0,0,9,86.425,86.432,1.0,1.0,33710,2020-08-09 12:59:23.889000-04:00,161,9,0,42.3050379572119,95.7585644371941,0.0,0.0,2870,39.1465,35.502,0.7693379790940766,1.3773519163763066,10217,2019-06-29 02:19:36.844000-04:00,112.0,Arizona,Yes,Suburb: Large
PSA2KMQ,448412,4,4,0,0,19,15.689,37.918,0.7368421052631579,1.368421052631579,33710,2020-08-09 12:59:23.889000-04:00,161,9,0,42.3050379572119,95.7585644371941,0.0,0.0,2870,39.1465,35.502,0.7693379790940766,1.3773519163763066,10217,2019-06-29 02:19:36.844000-04:00,112.0,Arizona,Yes,Suburb: Large
PSA2KMQ,600847,1,1,0,0,10,40.172,47.587,0.4,2.2,33710,2020-08-09 12:59:23.889000-04:00,161,9,0,42.3050379572119,95.7585644371941,0.0,0.0,2870,39.1465,35.502,0.7693379790940766,1.3773519163763066,10217,2019-06-29 02:19:36.844000-04:00,112.0,Arizona,Yes,Suburb: Large
PSA2KMQ,450779,4,4,0,0,15,107.355,171.155,0.8,1.1333333333333333,33710,2020-08-09 12:59:23.889000-04:00,161,9,0,42.3050379572119,95.7585644371941,0.0,0.0,2870,39.1465,35.502,0.7693379790940766,1.3773519163763066,10217,2019-06-29 02:19:36.844000-04:00,112.0,Arizona,Yes,Suburb: Large
PSA2KMQ,451410,5,5,0,0,15,33.405,33.408,1.0,1.0,33710,2020-08-09 12:59:23.889000-04:00,161,9,0,42.3050379572119,95.7585644371941,0.0,0.0,2870,39.1465,35.502,0.7693379790940766,1.3773519163763066,10217,2019-06-29 02:19:36.844000-04:00,112.0,Arizona,Yes,Suburb: Large
PSA2KMQ,451509,2,2,0,0,9,14.739,14.744,0.7777777777777778,1.5555555555555556,33710,2020-08-09 12:59:23.889000-04:00,161,9,0,42.3050379572119,95.7585644371941,0.0,0.0,2870,39.1465,35.502,0.7693379790940766,1.3773519163763066,10217,2019-06-29 02:19:36.844000-04:00,112.0,Arizona,Yes,Suburb: Large
PSA2KMQ,451683,5,5,0,0,16,49.8245,49.8295,0.9375,1.1875,33710,2020-08-09 12:59:23.889000-04:00,161,9,0,42.3050379572119,95.7585644371941,0.0,0.0,2870,39.1465,35.502,0.7693379790940766,1.3773519163763066,10217,2019-06-29 02:19:36.844000-04:00,112.0,Arizona,Yes,Suburb: Large
PSA2KMQ,451995,5,5,0,0,15,81.719,81.721,1.0,1.0,33710,2020-08-09 12:59:23.889000-04:00,161,9,0,42.3050379572119,95.7585644371941,0.0,0.0,2870,39.1465,35.502,0.7693379790940766,1.3773519163763066,10217,2019-06-29 02:19:36.844000-04:00,112.0,Arizona,Yes,Suburb: Large
PSA2KMQ,420275,5,5,0,0,19,33.802,33.805,0.8421052631578947,1.263157894736842,33710,2020-08-09 12:59:23.889000-04:00,161,9,0,42.3050379572119,95.7585644371941,0.0,0.0,2870,39.1465,35.502,0.7693379790940766,1.3773519163763066,10217,2019-06-29 02:19:36.844000-04:00,112.0,Arizona,Yes,Suburb: Large
PSA2KMQ,452153,6,5,0,0,18,41.827,41.8305,1.0,1.0,33710,2020-08-09 12:59:23.889000-04:00,161,9,0,42.3050379572119,95.7585644371941,0.0,0.0,2870,39.1465,35.502,0.7693379790940766,1.3773519163763066,10217,2019-06-29 02:19:36.844000-04:00,112.0,Arizona,Yes,Suburb: Large
PSA2KMQ,452433,4,3,0,0,18,30.933,31.977,0.7222222222222222,1.277777777777778,33710,2020-08-09 12:59:23.889000-04:00,161,9,0,42.3050379572119,95.7585644371941,0.0,0.0,2870,39.1465,35.502,0.7693379790940766,1.3773519163763066,10217,2019-06-29 02:19:36.844000-04:00,112.0,Arizona,Yes,Suburb: Large
PSA2KMQ,452604,2,2,0,0,6,14.1505,14.162,1.0,1.0,33710,2020-08-09 12:59:23.889000-04:00,161,9,0,42.3050379572119,95.7585644371941,0.0,0.0,2870,39.1465,35.502,0.7693379790940766,1.3773519163763066,10217,2019-06-29 02:19:36.844000-04:00,112.0,Arizona,Yes,Suburb: Large
PSA2KMQ,531620,3,2,0,0,31,29.174,40.082,0.6129032258064516,1.3870967741935485,33710,2020-08-09 12:59:23.889000-04:00,161,9,0,42.3050379572119,95.7585644371941,0.0,0.0,2870,39.1465,35.502,0.7693379790940766,1.3773519163763066,10217,2019-06-29 02:19:36.844000-04:00,112.0,Arizona,Yes,Suburb: Large
PSA2KMQ,452763,4,4,0,0,14,148.3725,150.616,0.8571428571428571,1.1428571428571428,33710,2020-08-09 12:59:23.889000-04:00,161,9,0,42.3050379572119,95.7585644371941,0.0,0.0,2870,39.1465,35.502,0.7693379790940766,1.3773519163763066,10217,2019-06-29 02:19:36.844000-04:00,112.0,Arizona,Yes,Suburb: Large
PSA2KMQ,523346,3,2,0,0,24,109.8515,132.4345,0.5,1.7916666666666667,33710,2020-08-09 12:59:23.889000-04:00,161,9,0,42.3050379572119,95.7585644371941,0.0,0.0,2870,39.1465,35.502,0.7693379790940766,1.3773519163763066,10217,2019-06-29 02:19:36.844000-04:00,112.0,Arizona,Yes,Suburb: Large
PSA2KMQ,452820,2,2,0,0,7,26.189,26.191,0.8571428571428571,1.2857142857142858,33710,2020-08-09 12:59:23.889000-04:00,161,9,0,42.3050379572119,95.7585644371941,0.0,0.0,2870,39.1465,35.502,0.7693379790940766,1.3773519163763066,10217,2019-06-29 02:19:36.844000-04:00,112.0,Arizona,Yes,Suburb: Large
PSA2KMQ,522321,2,2,0,0,6,78.043,78.048,1.0,1.0,33710,2020-08-09 12:59:23.889000-04:00,161,9,0,42.3050379572119,95.7585644371941,0.0,0.0,2870,39.1465,35.502,0.7693379790940766,1.3773519163763066,10217,2019-06-29 02:19:36.844000-04:00,112.0,Arizona,Yes,Suburb: Large
PSA2KMQ,522181,3,1,0,0,14,30.405,47.0415,0.2857142857142857,2.142857142857143,33710,2020-08-09 12:59:23.889000-04:00,161,9,0,42.3050379572119,95.7585644371941,0.0,0.0,2870,39.1465,35.502,0.7693379790940766,1.3773519163763066,10217,2019-06-29 02:19:36.844000-04:00,112.0,Arizona,Yes,Suburb: Large
PSA2KMQ,452866,6,6,0,0,23,22.609,22.619,0.9565217391304348,1.0434782608695652,33710,2020-08-09 12:59:23.889000-04:00,161,9,0,42.3050379572119,95.7585644371941,0.0,0.0,2870,39.1465,35.502,0.7693379790940766,1.3773519163763066,10217,2019-06-29 02:19:36.844000-04:00,112.0,Arizona,Yes,Suburb: Large
PSA2KMQ,452889,4,4,0,0,20,34.627,37.7405,0.7,1.5,33710,2020-08-09 12:59:23.889000-04:00,161,9,0,42.3050379572119,95.7585644371941,0.0,0.0,2870,39.1465,35.502,0.7693379790940766,1.3773519163763066,10217,2019-06-29 02:19:36.844000-04:00,112.0,Arizona,Yes,Suburb: Large
PSA2KMQ,497201,5,5,0,0,21,17.815,28.396,0.7619047619047619,1.4285714285714286,33710,2020-08-09 12:59:23.889000-04:00,161,9,0,42.3050379572119,95.7585644371941,0.0,0.0,2870,39.1465,35.502,0.7693379790940766,1.3773519163763066,10217,2019-06-29 02:19:36.844000-04:00,112.0,Arizona,Yes,Suburb: Large
PSA2KMQ,470926,5,4,0,0,26,30.8335,39.078,0.6153846153846154,1.3846153846153846,33710,2020-08-09 12:59:23.889000-04:00,161,9,0,42.3050379572119,95.7585644371941,0.0,0.0,2870,39.1465,35.502,0.7693379790940766,1.3773519163763066,10217,2019-06-29 02:19:36.844000-04:00,112.0,Arizona,Yes,Suburb: Large
PSA2KMQ,467279,5,5,0,0,27,31.644,34.504,0.8148148148148148,1.222222222222222,33710,2020-08-09 12:59:23.889000-04:00,161,9,0,42.3050379572119,95.7585644371941,0.0,0.0,2870,39.1465,35.502,0.7693379790940766,1.3773519163763066,10217,2019-06-29 02:19:36.844000-04:00,112.0,Arizona,Yes,Suburb: Large
PSA2KMQ,452905,4,4,0,0,15,50.138,50.156,0.8666666666666667,1.8666666666666667,33710,2020-08-09 12:59:23.889000-04:00,161,9,0,42.3050379572119,95.7585644371941,0.0,0.0,2870,39.1465,35.502,0.7693379790940766,1.3773519163763066,10217,2019-06-29 02:19:36.844000-04:00,112.0,Arizona,Yes,Suburb: Large
PSA2KMQ,466408,5,5,0,0,18,32.761,32.79,0.8888888888888888,1.1111111111111112,33710,2020-08-09 12:59:23.889000-04:00,161,9,0,42.3050379572119,95.7585644371941,0.0,0.0,2870,39.1465,35.502,0.7693379790940766,1.3773519163763066,10217,2019-06-29 02:19:36.844000-04:00,112.0,Arizona,Yes,Suburb: Large
PSA2KMQ,466385,1,0,0,0,2,9.1445,544.0385,0.0,3.5,33710,2020-08-09 12:59:23.889000-04:00,161,9,0,42.3050379572119,95.7585644371941,0.0,0.0,2870,39.1465,35.502,0.7693379790940766,1.3773519163763066,10217,2019-06-29 02:19:36.844000-04:00,112.0,Arizona,Yes,Suburb: Large
PSA2KMQ,465858,4,2,0,0,20,12.7685,18.787,0.45,1.85,33710,2020-08-09 12:59:23.889000-04:00,161,9,0,42.3050379572119,95.7585644371941,0.0,0.0,2870,39.1465,35.502,0.7693379790940766,1.3773519163763066,10217,2019-06-29 02:19:36.844000-04:00,112.0,Arizona,Yes,Suburb: Large
PSA2KMQ,465695,2,2,0,0,18,112.235,133.0065,0.8333333333333334,1.277777777777778,33710,2020-08-09 12:59:23.889000-04:00,161,9,0,42.3050379572119,95.7585644371941,0.0,0.0,2870,39.1465,35.502,0.7693379790940766,1.3773519163763066,10217,2019-06-29 02:19:36.844000-04:00,112.0,Arizona,Yes,Suburb: Large
PSA2KMQ,464203,6,6,0,0,22,89.3305,89.3375,1.0,1.0,33710,2020-08-09 12:59:23.889000-04:00,161,9,0,42.3050379572119,95.7585644371941,0.0,0.0,2870,39.1465,35.502,0.7693379790940766,1.3773519163763066,10217,2019-06-29 02:19:36.844000-04:00,112.0,Arizona,Yes,Suburb: Large
PSA2KMQ,454100,3,3,0,0,18,31.678,36.263,0.5555555555555556,1.6111111111111112,33710,2020-08-09 12:59:23.889000-04:00,161,9,0,42.3050379572119,95.7585644371941,0.0,0.0,2870,39.1465,35.502,0.7693379790940766,1.3773519163763066,10217,2019-06-29 02:19:36.844000-04:00,112.0,Arizona,Yes,Suburb: Large
PSA2KMQ,454260,4,4,0,0,12,59.6225,59.634,1.0,1.0,33710,2020-08-09 12:59:23.889000-04:00,161,9,0,42.3050379572119,95.7585644371941,0.0,0.0,2870,39.1465,35.502,0.7693379790940766,1.3773519163763066,10217,2019-06-29 02:19:36.844000-04:00,112.0,Arizona,Yes,Suburb: Large
PSA2KMQ,454490,4,4,0,0,16,78.976,103.644,0.875,1.25,33710,2020-08-09 12:59:23.889000-04:00,161,9,0,42.3050379572119,95.7585644371941,0.0,0.0,2870,39.1465,35.502,0.7693379790940766,1.3773519163763066,10217,2019-06-29 02:19:36.844000-04:00,112.0,Arizona,Yes,Suburb: Large
PSA2KMQ,454908,4,4,0,0,14,193.2185,193.2245,0.8571428571428571,1.3571428571428572,33710,2020-08-09 12:59:23.889000-04:00,161,9,0,42.3050379572119,95.7585644371941,0.0,0.0,2870,39.1465,35.502,0.7693379790940766,1.3773519163763066,10217,2019-06-29 02:19:36.844000-04:00,112.0,Arizona,Yes,Suburb: Large
PSA2KMQ,455051,4,3,0,0,34,50.6265,76.9545,0.5,1.7058823529411764,33710,2020-08-09 12:59:23.889000-04:00,161,9,0,42.3050379572119,95.7585644371941,0.0,0.0,2870,39.1465,35.502,0.7693379790940766,1.3773519163763066,10217,2019-06-29 02:19:36.844000-04:00,112.0,Arizona,Yes,Suburb: Large
PSA2KMQ,455162,4,4,0,0,12,38.9785,38.987,1.0,1.0,33710,2020-08-09 12:59:23.889000-04:00,161,9,0,42.3050379572119,95.7585644371941,0.0,0.0,2870,39.1465,35.502,0.7693379790940766,1.3773519163763066,10217,2019-06-29 02:19:36.844000-04:00,112.0,Arizona,Yes,Suburb: Large
PSA2KMQ,214419,16,16,1,1,87,61.141,76.024,0.8275862068965517,1.2528735632183907,33710,2020-08-09 12:59:23.889000-04:00,161,9,0,42.3050379572119,95.7585644371941,0.0,0.0,2870,39.1465,35.502,0.7693379790940766,1.3773519163763066,10217,2019-06-29 02:19:36.844000-04:00,112.0,Arizona,Yes,Suburb: Large
PSA2KMQ,455224,4,4,0,0,13,45.133,45.134,0.9230769230769231,1.1538461538461537,33710,2020-08-09 12:59:23.889000-04:00,161,9,0,42.3050379572119,95.7585644371941,0.0,0.0,2870,39.1465,35.502,0.7693379790940766,1.3773519163763066,10217,2019-06-29 02:19:36.844000-04:00,112.0,Arizona,Yes,Suburb: Large
PSA2KMQ,455536,4,3,0,0,20,25.1695,30.2475,0.6,1.75,33710,2020-08-09 12:59:23.889000-04:00,161,9,0,42.3050379572119,95.7585644371941,0.0,0.0,2870,39.1465,35.502,0.7693379790940766,1.3773519163763066,10217,2019-06-29 02:19:36.844000-04:00,112.0,Arizona,Yes,Suburb: Large
PSA2KMQ,456014,3,3,0,0,18,54.7945,103.6725,0.6666666666666666,1.5,33710,2020-08-09 12:59:23.889000-04:00,161,9,0,42.3050379572119,95.7585644371941,0.0,0.0,2870,39.1465,35.502,0.7693379790940766,1.3773519163763066,10217,2019-06-29 02:19:36.844000-04:00,112.0,Arizona,Yes,Suburb: Large
PSA2KMQ,220525,15,15,1,1,129,40.224,43.604,0.6589147286821705,1.4728682170542635,33710,2020-08-09 12:59:23.889000-04:00,161,9,0,42.3050379572119,95.7585644371941,0.0,0.0,2870,39.1465,35.502,0.7693379790940766,1.3773519163763066,10217,2019-06-29 02:19:36.844000-04:00,112.0,Arizona,Yes,Suburb: Large
PSA2KMQ,456412,3,3,0,0,12,51.113,51.126,0.75,1.5,33710,2020-08-09 12:59:23.889000-04:00,161,9,0,42.3050379572119,95.7585644371941,0.0,0.0,2870,39.1465,35.502,0.7693379790940766,1.3773519163763066,10217,2019-06-29 02:19:36.844000-04:00,112.0,Arizona,Yes,Suburb: Large
PSA2KMQ,456483,4,4,0,0,20,54.6,54.602,0.7,1.35,33710,2020-08-09 12:59:23.889000-04:00,161,9,0,42.3050379572119,95.7585644371941,0.0,0.0,2870,39.1465,35.502,0.7693379790940766,1.3773519163763066,10217,2019-06-29 02:19:36.844000-04:00,112.0,Arizona,Yes,Suburb: Large
PSA2KMQ,231882,7,7,0,0,36,22.0555,34.477,0.6944444444444444,1.472222222222222,33710,2020-08-09 12:59:23.889000-04:00,161,9,0,42.3050379572119,95.7585644371941,0.0,0.0,2870,39.1465,35.502,0.7693379790940766,1.3773519163763066,10217,2019-06-29 02:19:36.844000-04:00,112.0,Arizona,Yes,Suburb: Large
PSA2KMQ,456544,6,5,0,0,28,35.9725,37.8485,0.75,1.4285714285714286,33710,2020-08-09 12:59:23.889000-04:00,161,9,0,42.3050379572119,95.7585644371941,0.0,0.0,2870,39.1465,35.502,0.7693379790940766,1.3773519163763066,10217,2019-06-29 02:19:36.844000-04:00,112.0,Arizona,Yes,Suburb: Large
PSA2KMQ,456847,4,3,0,0,20,150.8365,191.3675,0.6,1.6,33710,2020-08-09 12:59:23.889000-04:00,161,9,0,42.3050379572119,95.7585644371941,0.0,0.0,2870,39.1465,35.502,0.7693379790940766,1.3773519163763066,10217,2019-06-29 02:19:36.844000-04:00,112.0,Arizona,Yes,Suburb: Large
PSA2KMQ,457076,3,3,0,0,12,72.2015,72.2085,0.9166666666666666,1.0833333333333333,33710,2020-08-09 12:59:23.889000-04:00,161,9,0,42.3050379572119,95.7585644371941,0.0,0.0,2870,39.1465,35.502,0.7693379790940766,1.3773519163763066,10217,2019-06-29 02:19:36.844000-04:00,112.0,Arizona,Yes,Suburb: Large
PSA2KMQ,458584,4,4,0,0,19,28.312,31.66,0.7894736842105263,1.3157894736842104,33710,2020-08-09 12:59:23.889000-04:00,161,9,0,42.3050379572119,95.7585644371941,0.0,0.0,2870,39.1465,35.502,0.7693379790940766,1.3773519163763066,10217,2019-06-29 02:19:36.844000-04:00,112.0,Arizona,Yes,Suburb: Large
PSA2KMQ,458746,3,3,0,0,17,21.823,23.937,0.7058823529411765,1.4117647058823528,33710,2020-08-09 12:59:23.889000-04:00,161,9,0,42.3050379572119,95.7585644371941,0.0,0.0,2870,39.1465,35.502,0.7693379790940766,1.3773519163763066,10217,2019-06-29 02:19:36.844000-04:00,112.0,Arizona,Yes,Suburb: Large
PSA2KMQ,458812,4,4,0,0,23,64.376,81.768,0.8260869565217391,1.3043478260869565,33710,2020-08-09 12:59:23.889000-04:00,161,9,0,42.3050379572119,95.7585644371941,0.0,0.0,2870,39.1465,35.502,0.7693379790940766,1.3773519163763066,10217,2019-06-29 02:19:36.844000-04:00,112.0,Arizona,Yes,Suburb: Large
PSA2KMQ,458896,7,7,0,0,35,29.356,38.429,0.7428571428571429,1.457142857142857,33710,2020-08-09 12:59:23.889000-04:00,161,9,0,42.3050379572119,95.7585644371941,0.0,0.0,2870,39.1465,35.502,0.7693379790940766,1.3773519163763066,10217,2019-06-29 02:19:36.844000-04:00,112.0,Arizona,Yes,Suburb: Large
PSA2KMQ,458900,4,4,0,0,17,78.85,79.597,0.9411764705882353,1.2352941176470589,33710,2020-08-09 12:59:23.889000-04:00,161,9,0,42.3050379572119,95.7585644371941,0.0,0.0,2870,39.1465,35.502,0.7693379790940766,1.3773519163763066,10217,2019-06-29 02:19:36.844000-04:00,112.0,Arizona,Yes,Suburb: Large
PSA2KMQ,459012,6,6,0,0,29,41.047,42.427,0.7931034482758621,1.2758620689655171,33710,2020-08-09 12:59:23.889000-04:00,161,9,0,42.3050379572119,95.7585644371941,0.0,0.0,2870,39.1465,35.502,0.7693379790940766,1.3773519163763066,10217,2019-06-29 02:19:36.844000-04:00,112.0,Arizona,Yes,Suburb: Large
PSA2KMQ,459396,4,4,0,0,19,71.616,74.814,0.631578947368421,1.6842105263157896,33710,2020-08-09 12:59:23.889000-04:00,161,9,0,42.3050379572119,95.7585644371941,0.0,0.0,2870,39.1465,35.502,0.7693379790940766,1.3773519163763066,10217,2019-06-29 02:19:36.844000-04:00,112.0,Arizona,Yes,Suburb: Large
PSA2KMQ,408301,6,6,0,0,24,43.507,54.1065,0.8333333333333334,1.2083333333333333,33710,2020-08-09 12:59:23.889000-04:00,161,9,0,42.3050379572119,95.7585644371941,0.0,0.0,2870,39.1465,35.502,0.7693379790940766,1.3773519163763066,10217,2019-06-29 02:19:36.844000-04:00,112.0,Arizona,Yes,Suburb: Large
PSA2KMQ,416696,5,5,0,0,15,14.529,14.533,1.0,1.0,33710,2020-08-09 12:59:23.889000-04:00,161,9,0,42.3050379572119,95.7585644371941,0.0,0.0,2870,39.1465,35.502,0.7693379790940766,1.3773519163763066,10217,2019-06-29 02:19:36.844000-04:00,112.0,Arizona,Yes,Suburb: Large
PSA2KMQ,416472,6,6,0,0,23,21.8,24.77,0.9565217391304348,1.0434782608695652,33710,2020-08-09 12:59:23.889000-04:00,161,9,0,42.3050379572119,95.7585644371941,0.0,0.0,2870,39.1465,35.502,0.7693379790940766,1.3773519163763066,10217,2019-06-29 02:19:36.844000-04:00,112.0,Arizona,Yes,Suburb: Large
PSA2KMQ,416871,5,5,0,0,18,14.9365,14.945,0.8888888888888888,1.1111111111111112,33710,2020-08-09 12:59:23.889000-04:00,161,9,0,42.3050379572119,95.7585644371941,0.0,0.0,2870,39.1465,35.502,0.7693379790940766,1.3773519163763066,10217,2019-06-29 02:19:36.844000-04:00,112.0,Arizona,Yes,Suburb: Large
PSA2KMQ,418622,5,5,0,0,32,43.014,62.5025,0.71875,1.53125,33710,2020-08-09 12:59:23.889000-04:00,161,9,0,42.3050379572119,95.7585644371941,0.0,0.0,2870,39.1465,35.502,0.7693379790940766,1.3773519163763066,10217,2019-06-29 02:19:36.844000-04:00,112.0,Arizona,Yes,Suburb: Large
PSA2KMQ,422495,5,5,0,0,20,34.519,34.528,0.85,1.15,33710,2020-08-09 12:59:23.889000-04:00,161,9,0,42.3050379572119,95.7585644371941,0.0,0.0,2870,39.1465,35.502,0.7693379790940766,1.3773519163763066,10217,2019-06-29 02:19:36.844000-04:00,112.0,Arizona,Yes,Suburb: Large
PSA2KMQ,949683,2,2,0,0,12,38.4175,38.4195,0.8333333333333334,1.25,33710,2020-08-09 12:59:23.889000-04:00,161,9,0,42.3050379572119,95.7585644371941,0.0,0.0,2870,39.1465,35.502,0.7693379790940766,1.3773519163763066,10217,2019-06-29 02:19:36.844000-04:00,112.0,Arizona,Yes,Suburb: Large
PSA2KMQ,422548,5,5,0,0,31,61.204,61.205,0.7419354838709677,1.3225806451612903,33710,2020-08-09 12:59:23.889000-04:00,161,9,0,42.3050379572119,95.7585644371941,0.0,0.0,2870,39.1465,35.502,0.7693379790940766,1.3773519163763066,10217,2019-06-29 02:19:36.844000-04:00,112.0,Arizona,Yes,Suburb: Large
PSA2KMQ,422811,6,6,0,0,34,28.0635,31.9875,0.6470588235294118,1.3823529411764706,33710,2020-08-09 12:59:23.889000-04:00,161,9,0,42.3050379572119,95.7585644371941,0.0,0.0,2870,39.1465,35.502,0.7693379790940766,1.3773519163763066,10217,2019-06-29 02:19:36.844000-04:00,112.0,Arizona,Yes,Suburb: Large
PSA2KMQ,422879,6,6,0,0,22,64.21,64.2315,1.0,1.0,33710,2020-08-09 12:59:23.889000-04:00,161,9,0,42.3050379572119,95.7585644371941,0.0,0.0,2870,39.1465,35.502,0.7693379790940766,1.3773519163763066,10217,2019-06-29 02:19:36.844000-04:00,112.0,Arizona,Yes,Suburb: Large
PSA2KMQ,422983,4,3,0,0,29,47.997,56.564,0.5862068965517241,1.8620689655172413,33710,2020-08-09 12:59:23.889000-04:00,161,9,0,42.3050379572119,95.7585644371941,0.0,0.0,2870,39.1465,35.502,0.7693379790940766,1.3773519163763066,10217,2019-06-29 02:19:36.844000-04:00,112.0,Arizona,Yes,Suburb: Large
PSA2KMQ,423012,5,5,0,0,16,56.578,56.5845,1.0,1.0,33710,2020-08-09 12:59:23.889000-04:00,161,9,0,42.3050379572119,95.7585644371941,0.0,0.0,2870,39.1465,35.502,0.7693379790940766,1.3773519163763066,10217,2019-06-29 02:19:36.844000-04:00,112.0,Arizona,Yes,Suburb: Large
PSA2KMQ,423055,6,6,0,0,30,77.786,78.167,0.8333333333333334,1.1666666666666667,33710,2020-08-09 12:59:23.889000-04:00,161,9,0,42.3050379572119,95.7585644371941,0.0,0.0,2870,39.1465,35.502,0.7693379790940766,1.3773519163763066,10217,2019-06-29 02:19:36.844000-04:00,112.0,Arizona,Yes,Suburb: Large
PSA2KMQ,898113,1,1,0,0,4,16.8815,16.89,0.75,1.0,33710,2020-08-09 12:59:23.889000-04:00,161,9,0,42.3050379572119,95.7585644371941,0.0,0.0,2870,39.1465,35.502,0.7693379790940766,1.3773519163763066,10217,2019-06-29 02:19:36.844000-04:00,112.0,Arizona,Yes,Suburb: Large
PSA2KMQ,880066,6,6,0,0,25,54.364,54.366,0.92,1.24,33710,2020-08-09 12:59:23.889000-04:00,161,9,0,42.3050379572119,95.7585644371941,0.0,0.0,2870,39.1465,35.502,0.7693379790940766,1.3773519163763066,10217,2019-06-29 02:19:36.844000-04:00,112.0,Arizona,Yes,Suburb: Large
PSA2KMQ,876688,0,0,0,0,0,,,,,33710,2020-08-09 12:59:23.889000-04:00,161,9,0,42.3050379572119,95.7585644371941,0.0,0.0,2870,39.1465,35.502,0.7693379790940766,1.3773519163763066,10217,2019-06-29 02:19:36.844000-04:00,112.0,Arizona,Yes,Suburb: Large
PSA2KMQ,423659,5,5,0,0,16,10.4565,11.5305,1.0,1.0,33710,2020-08-09 12:59:23.889000-04:00,161,9,0,42.3050379572119,95.7585644371941,0.0,0.0,2870,39.1465,35.502,0.7693379790940766,1.3773519163763066,10217,2019-06-29 02:19:36.844000-04:00,112.0,Arizona,Yes,Suburb: Large
PSA2KMQ,418627,7,7,0,0,36,41.013,43.1065,0.75,1.3611111111111112,33710,2020-08-09 12:59:23.889000-04:00,161,9,0,42.3050379572119,95.7585644371941,0.0,0.0,2870,39.1465,35.502,0.7693379790940766,1.3773519163763066,10217,2019-06-29 02:19:36.844000-04:00,112.0,Arizona,Yes,Suburb: Large
PSA2KMQ,821928,3,2,0,0,14,37.5065,48.3535,0.7857142857142857,1.7142857142857142,33710,2020-08-09 12:59:23.889000-04:00,161,9,0,42.3050379572119,95.7585644371941,0.0,0.0,2870,39.1465,35.502,0.7693379790940766,1.3773519163763066,10217,2019-06-29 02:19:36.844000-04:00,112.0,Arizona,Yes,Suburb: Large
PSA2KMQ,816068,4,3,0,0,13,42.673,44.854,0.8461538461538461,1.1538461538461537,33710,2020-08-09 12:59:23.889000-04:00,161,9,0,42.3050379572119,95.7585644371941,0.0,0.0,2870,39.1465,35.502,0.7693379790940766,1.3773519163763066,10217,2019-06-29 02:19:36.844000-04:00,112.0,Arizona,Yes,Suburb: Large
PSA2KMQ,800212,3,3,0,0,9,10.296,10.302,1.0,1.0,33710,2020-08-09 12:59:23.889000-04:00,161,9,0,42.3050379572119,95.7585644371941,0.0,0.0,2870,39.1465,35.502,0.7693379790940766,1.3773519163763066,10217,2019-06-29 02:19:36.844000-04:00,112.0,Arizona,Yes,Suburb: Large
PSA2KMQ,423768,5,5,0,0,15,16.051,16.053,1.0,1.0,33710,2020-08-09 12:59:23.889000-04:00,161,9,0,42.3050379572119,95.7585644371941,0.0,0.0,2870,39.1465,35.502,0.7693379790940766,1.3773519163763066,10217,2019-06-29 02:19:36.844000-04:00,112.0,Arizona,Yes,Suburb: Large
PSA2KMQ,424191,5,5,0,0,20,14.1645,14.1775,0.9,1.1,33710,2020-08-09 12:59:23.889000-04:00,161,9,0,42.3050379572119,95.7585644371941,0.0,0.0,2870,39.1465,35.502,0.7693379790940766,1.3773519163763066,10217,2019-06-29 02:19:36.844000-04:00,112.0,Arizona,Yes,Suburb: Large
PSA2KMQ,424496,6,5,0,0,35,26.864,36.64,0.7142857142857143,1.2857142857142858,33710,2020-08-09 12:59:23.889000-04:00,161,9,0,42.3050379572119,95.7585644371941,0.0,0.0,2870,39.1465,35.502,0.7693379790940766,1.3773519163763066,10217,2019-06-29 02:19:36.844000-04:00,112.0,Arizona,Yes,Suburb: Large
PSA2KMQ,424518,5,5,0,0,23,17.137,23.299,0.782608695652174,1.2608695652173914,33710,2020-08-09 12:59:23.889000-04:00,161,9,0,42.3050379572119,95.7585644371941,0.0,0.0,2870,39.1465,35.502,0.7693379790940766,1.3773519163763066,10217,2019-06-29 02:19:36.844000-04:00,112.0,Arizona,Yes,Suburb: Large
PSA2KMQ,424574,6,6,0,0,22,58.3595,58.364,1.0,1.0,33710,2020-08-09 12:59:23.889000-04:00,161,9,0,42.3050379572119,95.7585644371941,0.0,0.0,2870,39.1465,35.502,0.7693379790940766,1.3773519163763066,10217,2019-06-29 02:19:36.844000-04:00,112.0,Arizona,Yes,Suburb: Large
PSA2KMQ,424586,6,6,0,0,24,117.972,117.9745,0.875,1.0833333333333333,33710,2020-08-09 12:59:23.889000-04:00,161,9,0,42.3050379572119,95.7585644371941,0.0,0.0,2870,39.1465,35.502,0.7693379790940766,1.3773519163763066,10217,2019-06-29 02:19:36.844000-04:00,112.0,Arizona,Yes,Suburb: Large
PSA2KMQ,424638,6,5,0,0,25,18.84,22.437,0.84,1.2,33710,2020-08-09 12:59:23.889000-04:00,161,9,0,42.3050379572119,95.7585644371941,0.0,0.0,2870,39.1465,35.502,0.7693379790940766,1.3773519163763066,10217,2019-06-29 02:19:36.844000-04:00,112.0,Arizona,Yes,Suburb: Large
PSA2KMQ,424643,6,6,0,0,24,35.836,45.4225,0.875,1.0833333333333333,33710,2020-08-09 12:59:23.889000-04:00,161,9,0,42.3050379572119,95.7585644371941,0.0,0.0,2870,39.1465,35.502,0.7693379790940766,1.3773519163763066,10217,2019-06-29 02:19:36.844000-04:00,112.0,Arizona,Yes,Suburb: Large
PSA2KMQ,424726,5,5,0,0,22,54.288,66.9475,0.7727272727272727,1.1818181818181819,33710,2020-08-09 12:59:23.889000-04:00,161,9,0,42.3050379572119,95.7585644371941,0.0,0.0,2870,39.1465,35.502,0.7693379790940766,1.3773519163763066,10217,2019-06-29 02:19:36.844000-04:00,112.0,Arizona,Yes,Suburb: Large
PSA2KMQ,424865,6,6,0,0,21,70.41,70.414,0.9523809523809523,1.0476190476190477,33710,2020-08-09 12:59:23.889000-04:00,161,9,0,42.3050379572119,95.7585644371941,0.0,0.0,2870,39.1465,35.502,0.7693379790940766,1.3773519163763066,10217,2019-06-29 02:19:36.844000-04:00,112.0,Arizona,Yes,Suburb: Large
PSA2KMQ,14651,1,0,24,20,62,111.7075,124.153,0.42424242424242425,1.3225806451612903,34822,2020-08-11 04:09:53.499000-04:00,38,1,23,0.0,0.0,34.2105263157895,79.2642140468227,600,73.132,58.0315,0.4114441416893733,1.3866666666666667,291429,2020-04-16 18:20:48.290000-04:00,121.0,Arizona,Yes,Suburb: Large
PSA2KMQ,339857,1,0,39,37,122,86.9225,95.9235,0.38571428571428573,1.5737704918032787,34822,2020-08-11 04:09:53.499000-04:00,38,1,23,0.0,0.0,34.2105263157895,79.2642140468227,600,73.132,58.0315,0.4114441416893733,1.3866666666666667,291429,2020-04-16 18:20:48.290000-04:00,121.0,Arizona,Yes,Suburb: Large
PSA2KMQ,593671,2,2,27,14,127,37.769,44.565,0.7294117647058823,1.2598425196850394,35851,2020-08-12 19:08:15.967000-04:00,29,10,105,30.0,43.6781609195402,38.3579638752053,60.2739726027397,4759,61.655,49.497,0.5226449275362319,1.4696364782517335,420588,2020-08-12 19:07:29.790000-04:00,875.0,Louisiana,No,None
PSA2KMQ,646952,5,0,60,21,104,44.295,56.4235,0.36923076923076925,1.5192307692307692,35851,2020-08-12 19:08:15.967000-04:00,29,10,105,30.0,43.6781609195402,38.3579638752053,60.2739726027397,4759,61.655,49.497,0.5226449275362319,1.4696364782517335,420588,2020-08-12 19:07:29.790000-04:00,875.0,Louisiana,No,None
PSA2KMQ,620000,6,2,92,81,586,64.0895,81.585,0.5050251256281407,1.559726962457338,35851,2020-08-12 19:08:15.967000-04:00,29,10,105,30.0,43.6781609195402,38.3579638752053,60.2739726027397,4759,61.655,49.497,0.5226449275362319,1.4696364782517335,420588,2020-08-12 19:07:29.790000-04:00,875.0,Louisiana,No,None
PSA2KMQ,598839,3,1,65,35,206,57.167,62.8015,0.5694444444444444,1.4563106796116505,35851,2020-08-12 19:08:15.967000-04:00,29,10,105,30.0,43.6781609195402,38.3579638752053,60.2739726027397,4759,61.655,49.497,0.5226449275362319,1.4696364782517335,420588,2020-08-12 19:07:29.790000-04:00,875.0,Louisiana,No,None
PSA2KMQ,539133,6,5,96,78,505,41.971,51.911,0.5575221238938053,1.5188118811881188,35851,2020-08-12 19:08:15.967000-04:00,29,10,105,30.0,43.6781609195402,38.3579638752053,60.2739726027397,4759,61.655,49.497,0.5226449275362319,1.4696364782517335,420588,2020-08-12 19:07:29.790000-04:00,875.0,Louisiana,No,None
PSA2KMQ,593860,4,3,67,55,306,40.8585,45.3055,0.583756345177665,1.3006535947712419,35851,2020-08-12 19:08:15.967000-04:00,29,10,105,30.0,43.6781609195402,38.3579638752053,60.2739726027397,4759,61.655,49.497,0.5226449275362319,1.4696364782517335,420588,2020-08-12 19:07:29.790000-04:00,875.0,Louisiana,No,None
PSA2KMQ,545988,8,5,98,85,602,68.3385,74.371,0.7044334975369458,1.3471760797342194,35851,2020-08-12 19:08:15.967000-04:00,29,10,105,30.0,43.6781609195402,38.3579638752053,60.2739726027397,4759,61.655,49.497,0.5226449275362319,1.4696364782517335,420588,2020-08-12 19:07:29.790000-04:00,875.0,Louisiana,No,None
PSA2KMQ,566505,11,9,91,83,591,76.296,83.83,0.8167539267015707,1.2351945854483926,35852,2020-08-12 19:08:15.968000-04:00,61,11,104,24.7391952309985,46.3855421686747,26.0561160151324,63.3393829401089,7306,57.41,48.7555,0.5529505265249354,1.393785929373118,420588,2020-08-12 19:07:29.790000-04:00,875.0,Louisiana,No,None
PSA2KMQ,819163,5,0,38,8,64,32.4295,39.1785,0.44,1.3125,35852,2020-08-12 19:08:15.968000-04:00,61,11,104,24.7391952309985,46.3855421686747,26.0561160151324,63.3393829401089,7306,57.41,48.7555,0.5529505265249354,1.393785929373118,420588,2020-08-12 19:07:29.790000-04:00,875.0,Louisiana,No,None
PSA2KMQ,593636,11,4,101,92,736,32.249,37.884,0.5118110236220472,1.315217391304348,35852,2020-08-12 19:08:15.968000-04:00,61,11,104,24.7391952309985,46.3855421686747,26.0561160151324,63.3393829401089,7306,57.41,48.7555,0.5529505265249354,1.393785929373118,420588,2020-08-12 19:07:29.790000-04:00,875.0,Louisiana,No,None
PSA2KMQ,881565,2,1,40,25,142,31.117,38.3115,0.39805825242718446,1.4577464788732395,35852,2020-08-12 19:08:15.968000-04:00,61,11,104,24.7391952309985,46.3855421686747,26.0561160151324,63.3393829401089,7306,57.41,48.7555,0.5529505265249354,1.393785929373118,420588,2020-08-12 19:07:29.790000-04:00,875.0,Louisiana,No,None
PSA2KMQ,649686,3,1,30,15,76,47.0835,53.6425,0.5576923076923077,1.2894736842105263,35852,2020-08-12 19:08:15.968000-04:00,61,11,104,24.7391952309985,46.3855421686747,26.0561160151324,63.3393829401089,7306,57.41,48.7555,0.5529505265249354,1.393785929373118,420588,2020-08-12 19:07:29.790000-04:00,875.0,Louisiana,No,None
PSA2KMQ,596327,8,5,53,40,350,49.8555,61.4445,0.5622641509433962,1.4685714285714286,35852,2020-08-12 19:08:15.968000-04:00,61,11,104,24.7391952309985,46.3855421686747,26.0561160151324,63.3393829401089,7306,57.41,48.7555,0.5529505265249354,1.393785929373118,420588,2020-08-12 19:07:29.790000-04:00,875.0,Louisiana,No,None
PSA2KMQ,649489,9,6,76,64,393,60.645,74.36,0.5393258426966292,1.5241730279898218,35852,2020-08-12 19:08:15.968000-04:00,61,11,104,24.7391952309985,46.3855421686747,26.0561160151324,63.3393829401089,7306,57.41,48.7555,0.5529505265249354,1.393785929373118,420588,2020-08-12 19:07:29.790000-04:00,875.0,Louisiana,No,None
PSA2KMQ,567496,11,10,90,86,639,68.896,84.717,0.6152019002375297,1.513302034428795,35852,2020-08-12 19:08:15.968000-04:00,61,11,104,24.7391952309985,46.3855421686747,26.0561160151324,63.3393829401089,7306,57.41,48.7555,0.5529505265249354,1.393785929373118,420588,2020-08-12 19:07:29.790000-04:00,875.0,Louisiana,No,None
PSA2KMQ,570540,5,3,90,78,483,42.44,53.34,0.5916398713826366,1.300207039337474,35853,2020-08-12 19:08:15.969000-04:00,40,9,104,35.2777777777778,60.6299212598425,44.3509615384615,68.8888888888889,8616,58.236,47.5125,0.5030797403029799,1.483983286908078,420588,2020-08-12 19:07:29.790000-04:00,875.0,Louisiana,No,None
PSA2KMQ,1011796,1,0,6,3,18,92.504,104.0285,0.5294117647058824,1.6666666666666667,35853,2020-08-12 19:08:15.969000-04:00,40,9,104,35.2777777777778,60.6299212598425,44.3509615384615,68.8888888888889,8616,58.236,47.5125,0.5030797403029799,1.483983286908078,420588,2020-08-12 19:07:29.790000-04:00,875.0,Louisiana,No,None
PSA2KMQ,570501,3,2,61,48,303,38.743,47.104,0.2926829268292683,1.5082508250825084,35853,2020-08-12 19:08:15.969000-04:00,40,9,104,35.2777777777778,60.6299212598425,44.3509615384615,68.8888888888889,8616,58.236,47.5125,0.5030797403029799,1.483983286908078,420588,2020-08-12 19:07:29.790000-04:00,875.0,Louisiana,No,None
PSA2KMQ,570515,6,5,91,85,573,52.732,58.989,0.5236842105263158,1.3630017452006982,35853,2020-08-12 19:08:15.969000-04:00,40,9,104,35.2777777777778,60.6299212598425,44.3509615384615,68.8888888888889,8616,58.236,47.5125,0.5030797403029799,1.483983286908078,420588,2020-08-12 19:07:29.790000-04:00,875.0,Louisiana,No,None
PSA2KMQ,536065,8,8,98,96,707,107.364,125.014,0.5053995680345572,1.6435643564356437,35853,2020-08-12 19:08:15.969000-04:00,40,9,104,35.2777777777778,60.6299212598425,44.3509615384615,68.8888888888889,8616,58.236,47.5125,0.5030797403029799,1.483983286908078,420588,2020-08-12 19:07:29.790000-04:00,875.0,Louisiana,No,None
PSA2KMQ,570521,4,2,53,35,188,37.6605,43.4415,0.46875,1.324468085106383,35853,2020-08-12 19:08:15.969000-04:00,40,9,104,35.2777777777778,60.6299212598425,44.3509615384615,68.8888888888889,8616,58.236,47.5125,0.5030797403029799,1.483983286908078,420588,2020-08-12 19:07:29.790000-04:00,875.0,Louisiana,No,None
PSA2KMQ,570527,5,3,56,44,280,31.079,34.761,0.5082872928176796,1.2285714285714286,35853,2020-08-12 19:08:15.969000-04:00,40,9,104,35.2777777777778,60.6299212598425,44.3509615384615,68.8888888888889,8616,58.236,47.5125,0.5030797403029799,1.483983286908078,420588,2020-08-12 19:07:29.790000-04:00,875.0,Louisiana,No,None
PSA2KMQ,626868,5,3,61,48,365,35.279,48.041,0.458955223880597,1.589041095890411,35853,2020-08-12 19:08:15.969000-04:00,40,9,104,35.2777777777778,60.6299212598425,44.3509615384615,68.8888888888889,8616,58.236,47.5125,0.5030797403029799,1.483983286908078,420588,2020-08-12 19:07:29.790000-04:00,875.0,Louisiana,No,None
PSA2KMQ,570528,3,3,57,37,184,54.2965,67.5665,0.460431654676259,1.3695652173913042,35853,2020-08-12 19:08:15.969000-04:00,40,9,104,35.2777777777778,60.6299212598425,44.3509615384615,68.8888888888889,8616,58.236,47.5125,0.5030797403029799,1.483983286908078,420588,2020-08-12 19:07:29.790000-04:00,875.0,Louisiana,No,None
PSA2KMQ,570533,4,1,34,22,113,32.221,41.012,0.3253012048192771,1.3893805309734513,35853,2020-08-12 19:08:15.969000-04:00,40,9,104,35.2777777777778,60.6299212598425,44.3509615384615,68.8888888888889,8616,58.236,47.5125,0.5030797403029799,1.483983286908078,420588,2020-08-12 19:07:29.790000-04:00,875.0,Louisiana,No,None
PSA2KMQ,535859,5,4,78,64,377,91.487,99.719,0.7586206896551724,1.5384615384615385,35853,2020-08-12 19:08:15.969000-04:00,40,9,104,35.2777777777778,60.6299212598425,44.3509615384615,68.8888888888889,8616,58.236,47.5125,0.5030797403029799,1.483983286908078,420588,2020-08-12 19:07:29.790000-04:00,875.0,Louisiana,No,None
PSA2KMQ,593365,5,4,62,44,252,37.8975,44.478,0.5478723404255319,1.3134920634920635,35853,2020-08-12 19:08:15.969000-04:00,40,9,104,35.2777777777778,60.6299212598425,44.3509615384615,68.8888888888889,8616,58.236,47.5125,0.5030797403029799,1.483983286908078,420588,2020-08-12 19:07:29.790000-04:00,875.0,Louisiana,No,None
PSA2KMQ,968922,0,0,15,10,34,13.322,24.923,0.4166666666666667,1.4117647058823528,35853,2020-08-12 19:08:15.969000-04:00,40,9,104,35.2777777777778,60.6299212598425,44.3509615384615,68.8888888888889,8616,58.236,47.5125,0.5030797403029799,1.483983286908078,420588,2020-08-12 19:07:29.790000-04:00,875.0,Louisiana,No,None
PSA2KMQ,539145,5,1,87,71,487,48.893,58.531,0.3438485804416404,1.537987679671458,35853,2020-08-12 19:08:15.969000-04:00,40,9,104,35.2777777777778,60.6299212598425,44.3509615384615,68.8888888888889,8616,58.236,47.5125,0.5030797403029799,1.483983286908078,420588,2020-08-12 19:07:29.790000-04:00,875.0,Louisiana,No,None
PSA2KMQ,540020,4,2,81,48,291,31.893,43.709,0.29949238578680204,1.5532646048109966,35853,2020-08-12 19:08:15.969000-04:00,40,9,104,35.2777777777778,60.6299212598425,44.3509615384615,68.8888888888889,8616,58.236,47.5125,0.5030797403029799,1.483983286908078,420588,2020-08-12 19:07:29.790000-04:00,875.0,Louisiana,No,None
PSA2KMQ,856980,5,4,52,51,273,42.03,47.966,0.7039106145251397,1.26007326007326,35853,2020-08-12 19:08:15.969000-04:00,40,9,104,35.2777777777778,60.6299212598425,44.3509615384615,68.8888888888889,8616,58.236,47.5125,0.5030797403029799,1.483983286908078,420588,2020-08-12 19:07:29.790000-04:00,875.0,Louisiana,No,None
PSA2KMQ,461108,10,9,11,11,91,38.782,39.309,0.6986301369863014,1.2197802197802199,38177,2020-08-17 14:09:43.052000-04:00,26,18,16,8.54700854700855,65.0,65.1442307692308,94.0959409594096,1860,84.55,70.468,0.5085910652920962,1.4301075268817205,433575,2020-08-17 13:54:22.825000-04:00,,,,
PSA2KMQ,461311,5,5,11,11,92,83.0925,96.2095,0.6351351351351351,1.2173913043478262,38177,2020-08-17 14:09:43.052000-04:00,26,18,16,8.54700854700855,65.0,65.1442307692308,94.0959409594096,1860,84.55,70.468,0.5085910652920962,1.4301075268817205,433575,2020-08-17 13:54:22.825000-04:00,,,,
PSA2KMQ,460512,5,5,13,13,114,117.6865,123.868,0.5494505494505495,1.5350877192982455,38177,2020-08-17 14:09:43.052000-04:00,26,18,16,8.54700854700855,65.0,65.1442307692308,94.0959409594096,1860,84.55,70.468,0.5085910652920962,1.4301075268817205,433575,2020-08-17 13:54:22.825000-04:00,,,,
PSA2KMQ,460885,15,4,14,12,174,46.364,53.372,0.47019867549668876,1.8045977011494252,38177,2020-08-17 14:09:43.052000-04:00,26,18,16,8.54700854700855,65.0,65.1442307692308,94.0959409594096,1860,84.55,70.468,0.5085910652920962,1.4301075268817205,433575,2020-08-17 13:54:22.825000-04:00,,,,
PSA2KMQ,461314,3,3,11,11,92,62.8485,76.131,0.5405405405405406,1.326086956521739,38177,2020-08-17 14:09:43.052000-04:00,26,18,16,8.54700854700855,65.0,65.1442307692308,94.0959409594096,1860,84.55,70.468,0.5085910652920962,1.4301075268817205,433575,2020-08-17 13:54:22.825000-04:00,,,,
PSA2KMQ,461508,8,6,14,14,151,66.869,100.572,0.625,1.403973509933775,38177,2020-08-17 14:09:43.052000-04:00,26,18,16,8.54700854700855,65.0,65.1442307692308,94.0959409594096,1860,84.55,70.468,0.5085910652920962,1.4301075268817205,433575,2020-08-17 13:54:22.825000-04:00,,,,
PSA2KMQ,470104,2,2,13,12,111,90.967,90.977,0.8522727272727273,1.1711711711711712,38177,2020-08-17 14:09:43.052000-04:00,26,18,16,8.54700854700855,65.0,65.1442307692308,94.0959409594096,1860,84.55,70.468,0.5085910652920962,1.4301075268817205,433575,2020-08-17 13:54:22.825000-04:00,,,,
PSA2KMQ,657740,10,6,13,11,136,38.11,53.168,0.4214876033057851,1.6691176470588236,38177,2020-08-17 14:09:43.052000-04:00,26,18,16,8.54700854700855,65.0,65.1442307692308,94.0959409594096,1860,84.55,70.468,0.5085910652920962,1.4301075268817205,433575,2020-08-17 13:54:22.825000-04:00,,,,
PSA2KMQ,459956,3,2,11,10,82,28.1245,33.3695,0.36923076923076925,1.524390243902439,38177,2020-08-17 14:09:43.052000-04:00,26,18,16,8.54700854700855,65.0,65.1442307692308,94.0959409594096,1860,84.55,70.468,0.5085910652920962,1.4301075268817205,433575,2020-08-17 13:54:22.825000-04:00,,,,
PSA2KMQ,460475,6,6,13,12,116,51.967,73.315,0.45454545454545453,1.8620689655172413,38177,2020-08-17 14:09:43.052000-04:00,26,18,16,8.54700854700855,65.0,65.1442307692308,94.0959409594096,1860,84.55,70.468,0.5085910652920962,1.4301075268817205,433575,2020-08-17 13:54:22.825000-04:00,,,,
PSA2KMQ,485688,13,10,14,12,192,69.801,109.147,0.5029239766081871,1.8229166666666667,38177,2020-08-17 14:09:43.052000-04:00,26,18,16,8.54700854700855,65.0,65.1442307692308,94.0959409594096,1860,84.55,70.468,0.5085910652920962,1.4301075268817205,433575,2020-08-17 13:54:22.825000-04:00,,,,
PSA2KMQ,461096,16,7,14,14,239,17.497,26.737,0.3425925925925926,1.6694560669456067,38177,2020-08-17 14:09:43.052000-04:00,26,18,16,8.54700854700855,65.0,65.1442307692308,94.0959409594096,1860,84.55,70.468,0.5085910652920962,1.4301075268817205,433575,2020-08-17 13:54:22.825000-04:00,,,,
PSA2KMQ,461203,7,5,14,14,143,86.508,93.252,0.7083333333333334,1.3776223776223775,38177,2020-08-17 14:09:43.052000-04:00,26,18,16,8.54700854700855,65.0,65.1442307692308,94.0959409594096,1860,84.55,70.468,0.5085910652920962,1.4301075268817205,433575,2020-08-17 13:54:22.825000-04:00,,,,
PSA2KMQ,978167,0,0,1,1,7,42.95,47.355,0.8571428571428571,1.1428571428571428,40504,2020-08-20 09:22:16.040000-04:00,26,12,5,43.5897435897436,44.1176470588235,33.0769230769231,53.4883720930233,920,47.6065,37.017,0.5685164212910532,1.7304347826086957,453285,2020-08-20 09:20:18.727000-04:00,,,,
PSA2KMQ,461820,10,7,3,1,89,21.798,35.739,0.45454545454545453,1.9662921348314606,40504,2020-08-20 09:22:16.040000-04:00,26,12,5,43.5897435897436,44.1176470588235,33.0769230769231,53.4883720930233,920,47.6065,37.017,0.5685164212910532,1.7304347826086957,453285,2020-08-20 09:20:18.727000-04:00,,,,
PSA2KMQ,461793,7,3,2,0,34,53.8225,57.0275,0.6764705882352942,1.6176470588235294,40504,2020-08-20 09:22:16.040000-04:00,26,12,5,43.5897435897436,44.1176470588235,33.0769230769231,53.4883720930233,920,47.6065,37.017,0.5685164212910532,1.7304347826086957,453285,2020-08-20 09:20:18.727000-04:00,,,,
PSA2KMQ,461757,9,5,4,2,72,40.4455,43.427,0.7258064516129032,1.375,40504,2020-08-20 09:22:16.040000-04:00,26,12,5,43.5897435897436,44.1176470588235,33.0769230769231,53.4883720930233,920,47.6065,37.017,0.5685164212910532,1.7304347826086957,453285,2020-08-20 09:20:18.727000-04:00,,,,
PSA2KMQ,893671,1,0,1,1,13,21.538,21.709,0.6153846153846154,1.5384615384615385,40504,2020-08-20 09:22:16.040000-04:00,26,12,5,43.5897435897436,44.1176470588235,33.0769230769231,53.4883720930233,920,47.6065,37.017,0.5685164212910532,1.7304347826086957,453285,2020-08-20 09:20:18.727000-04:00,,,,
PSA2KMQ,467542,6,3,3,2,72,10.7915,14.749,0.4084507042253521,2.0277777777777777,40504,2020-08-20 09:22:16.040000-04:00,26,12,5,43.5897435897436,44.1176470588235,33.0769230769231,53.4883720930233,920,47.6065,37.017,0.5685164212910532,1.7304347826086957,453285,2020-08-20 09:20:18.727000-04:00,,,,
PSA2KMQ,460865,4,0,2,1,24,10.592,28.6785,0.3333333333333333,1.9166666666666667,40504,2020-08-20 09:22:16.040000-04:00,26,12,5,43.5897435897436,44.1176470588235,33.0769230769231,53.4883720930233,920,47.6065,37.017,0.5685164212910532,1.7304347826086957,453285,2020-08-20 09:20:18.727000-04:00,,,,
PSA2KMQ,795684,1,0,1,1,9,47.7,61.504,0.625,1.5555555555555556,40504,2020-08-20 09:22:16.040000-04:00,26,12,5,43.5897435897436,44.1176470588235,33.0769230769231,53.4883720930233,920,47.6065,37.017,0.5685164212910532,1.7304347826086957,453285,2020-08-20 09:20:18.727000-04:00,,,,
PSA2KMQ,461747,5,3,3,3,58,27.459,30.3645,0.6071428571428571,1.7241379310344829,40504,2020-08-20 09:22:16.040000-04:00,26,12,5,43.5897435897436,44.1176470588235,33.0769230769231,53.4883720930233,920,47.6065,37.017,0.5685164212910532,1.7304347826086957,453285,2020-08-20 09:20:18.727000-04:00,,,,
PSA2KMQ,461739,9,5,4,2,71,57.966,63.084,0.7704918032786885,1.3380281690140845,40504,2020-08-20 09:22:16.040000-04:00,26,12,5,43.5897435897436,44.1176470588235,33.0769230769231,53.4883720930233,920,47.6065,37.017,0.5685164212910532,1.7304347826086957,453285,2020-08-20 09:20:18.727000-04:00,,,,
PSA2KMQ,461876,5,1,4,1,32,33.7575,36.471,0.6,1.59375,40504,2020-08-20 09:22:16.040000-04:00,26,12,5,43.5897435897436,44.1176470588235,33.0769230769231,53.4883720930233,920,47.6065,37.017,0.5685164212910532,1.7304347826086957,453285,2020-08-20 09:20:18.727000-04:00,,,,
PSA2KMQ,25526,18,17,231,194,1510,37.8515,44.508,0.7215189873417721,1.3079470198675498,43334,2020-08-24 10:55:36.802000-04:00,8,7,116,78.5714285714286,86.3636363636364,60.5603448275862,95.3736654804271,4185,41.335,36.349,0.6467710371819961,1.2685782556750298,21626,2019-08-23 09:55:19.130000-04:00,431.0,Connecticut,No,None
PSA2KMQ,25809,16,14,256,255,2097,33.282,40.867,0.5239477503628447,1.575584167858846,43334,2020-08-24 10:55:36.802000-04:00,8,7,116,78.5714285714286,86.3636363636364,60.5603448275862,95.3736654804271,4185,41.335,36.349,0.6467710371819961,1.2685782556750298,21626,2019-08-23 09:55:19.130000-04:00,431.0,Connecticut,No,None
PSA2KMQ,25346,19,13,223,203,1499,32.057,36.952,0.7251082251082251,1.265510340226818,43334,2020-08-24 10:55:36.802000-04:00,8,7,116,78.5714285714286,86.3636363636364,60.5603448275862,95.3736654804271,4185,41.335,36.349,0.6467710371819961,1.2685782556750298,21626,2019-08-23 09:55:19.130000-04:00,431.0,Connecticut,No,None
PSA2KMQ,25518,20,17,251,239,1953,34.948,45.547,0.6040372670807453,1.5396825396825398,43334,2020-08-24 10:55:36.802000-04:00,8,7,116,78.5714285714286,86.3636363636364,60.5603448275862,95.3736654804271,4185,41.335,36.349,0.6467710371819961,1.2685782556750298,21626,2019-08-23 09:55:19.130000-04:00,431.0,Connecticut,No,None
PSA2KMQ,25513,18,13,243,221,1764,34.0605,39.645,0.605424321959755,1.3781179138321995,43334,2020-08-24 10:55:36.802000-04:00,8,7,116,78.5714285714286,86.3636363636364,60.5603448275862,95.3736654804271,4185,41.335,36.349,0.6467710371819961,1.2685782556750298,21626,2019-08-23 09:55:19.130000-04:00,431.0,Connecticut,No,None
PSA2KMQ,25523,14,11,255,242,1940,35.896,39.496,0.8548516439454691,1.165979381443299,43334,2020-08-24 10:55:36.802000-04:00,8,7,116,78.5714285714286,86.3636363636364,60.5603448275862,95.3736654804271,4185,41.335,36.349,0.6467710371819961,1.2685782556750298,21626,2019-08-23 09:55:19.130000-04:00,431.0,Connecticut,No,None
PSA2KMQ,1003790,14,7,40,39,583,23.983,33.633,0.3378076062639821,1.6946826758147513,43335,2020-08-24 10:55:36.803000-04:00,10,7,115,77.1428571428572,75.9259259259259,59.8260869565217,92.4418604651163,5036,31.0475,27.22,0.6438906752411575,1.244440031771247,21626,2019-08-23 09:55:19.130000-04:00,431.0,Connecticut,No,None
PSA2KMQ,25516,32,19,247,215,1804,23.8435,31.2695,0.3888888888888889,1.462860310421286,43335,2020-08-24 10:55:36.803000-04:00,10,7,115,77.1428571428572,75.9259259259259,59.8260869565217,92.4418604651163,5036,31.0475,27.22,0.6438906752411575,1.244440031771247,21626,2019-08-23 09:55:19.130000-04:00,431.0,Connecticut,No,None
PSA2KMQ,25810,18,17,254,249,2042,19.6005,23.8145,0.7146084337349398,1.2796278158667973,43335,2020-08-24 10:55:36.803000-04:00,10,7,115,77.1428571428572,75.9259259259259,59.8260869565217,92.4418604651163,5036,31.0475,27.22,0.6438906752411575,1.244440031771247,21626,2019-08-23 09:55:19.130000-04:00,431.0,Connecticut,No,None
PSA2KMQ,25803,17,15,222,200,1577,15.608,19.051,0.7109144542772862,1.3690551680405834,43335,2020-08-24 10:55:36.803000-04:00,10,7,115,77.1428571428572,75.9259259259259,59.8260869565217,92.4418604651163,5036,31.0475,27.22,0.6438906752411575,1.244440031771247,21626,2019-08-23 09:55:19.130000-04:00,431.0,Connecticut,No,None
PSA2KMQ,25520,20,12,250,239,1981,33.792,38.568,0.7453271028037384,1.2412922766279657,43335,2020-08-24 10:55:36.803000-04:00,10,7,115,77.1428571428572,75.9259259259259,59.8260869565217,92.4418604651163,5036,31.0475,27.22,0.6438906752411575,1.244440031771247,21626,2019-08-23 09:55:19.130000-04:00,431.0,Connecticut,No,None
PSA2KMQ,25519,15,12,255,244,2023,23.073,29.439,0.6449925261584455,1.3727137913989125,43335,2020-08-24 10:55:36.803000-04:00,10,7,115,77.1428571428572,75.9259259259259,59.8260869565217,92.4418604651163,5036,31.0475,27.22,0.6438906752411575,1.244440031771247,21626,2019-08-23 09:55:19.130000-04:00,431.0,Connecticut,No,None
PSA2KMQ,25512,20,17,259,253,2079,22.111,26.185,0.6844802342606149,1.2847522847522848,43335,2020-08-24 10:55:36.803000-04:00,10,7,115,77.1428571428572,75.9259259259259,59.8260869565217,92.4418604651163,5036,31.0475,27.22,0.6438906752411575,1.244440031771247,21626,2019-08-23 09:55:19.130000-04:00,431.0,Connecticut,No,None
PSA2KMQ,25805,18,15,250,241,1903,27.902,33.245,0.620633631194151,1.392012611665791,43336,2020-08-24 10:55:36.804000-04:00,11,7,117,80.5194805194805,79.0322580645161,62.004662004662,96.8671679197995,6058,41.094,35.8875,0.5932032301480484,1.254869593925388,21626,2019-08-23 09:55:19.130000-04:00,431.0,Connecticut,No,None
PSA2KMQ,25517,17,14,257,253,2100,26.088,32.0965,0.6763215061549602,1.362857142857143,43336,2020-08-24 10:55:36.804000-04:00,11,7,117,80.5194805194805,79.0322580645161,62.004662004662,96.8671679197995,6058,41.094,35.8875,0.5932032301480484,1.254869593925388,21626,2019-08-23 09:55:19.130000-04:00,431.0,Connecticut,No,None
PSA2KMQ,25814,18,13,248,233,1981,35.904,43.749,0.5719784449576597,1.4815749621403331,43336,2020-08-24 10:55:36.804000-04:00,11,7,117,80.5194805194805,79.0322580645161,62.004662004662,96.8671679197995,6058,41.094,35.8875,0.5932032301480484,1.254869593925388,21626,2019-08-23 09:55:19.130000-04:00,431.0,Connecticut,No,None
PSA2KMQ,25524,15,9,250,244,1979,36.015,44.741,0.44375,1.464375947448206,43336,2020-08-24 10:55:36.804000-04:00,11,7,117,80.5194805194805,79.0322580645161,62.004662004662,96.8671679197995,6058,41.094,35.8875,0.5932032301480484,1.254869593925388,21626,2019-08-23 09:55:19.130000-04:00,431.0,Connecticut,No,None
PSA2KMQ,25815,19,18,256,256,2097,34.93,42.32,0.6320754716981132,1.356223175965665,43336,2020-08-24 10:55:36.804000-04:00,11,7,117,80.5194805194805,79.0322580645161,62.004662004662,96.8671679197995,6058,41.094,35.8875,0.5932032301480484,1.254869593925388,21626,2019-08-23 09:55:19.130000-04:00,431.0,Connecticut,No,None
PSA2KMQ,25811,18,17,258,256,2086,52.3415,61.365,0.7309941520467836,1.3811121764141898,43336,2020-08-24 10:55:36.804000-04:00,11,7,117,80.5194805194805,79.0322580645161,62.004662004662,96.8671679197995,6058,41.094,35.8875,0.5932032301480484,1.254869593925388,21626,2019-08-23 09:55:19.130000-04:00,431.0,Connecticut,No,None
PSA2KMQ,25819,33,21,237,192,1512,33.785,42.7595,0.5562189054726369,1.4543650793650793,43336,2020-08-24 10:55:36.804000-04:00,11,7,117,80.5194805194805,79.0322580645161,62.004662004662,96.8671679197995,6058,41.094,35.8875,0.5932032301480484,1.254869593925388,21626,2019-08-23 09:55:19.130000-04:00,431.0,Connecticut,No,None
PSA2KMQ,586173,7,6,95,93,751,53.042,60.796,0.6612021857923497,1.2197070572569908,43336,2020-08-24 10:55:36.804000-04:00,11,7,117,80.5194805194805,79.0322580645161,62.004662004662,96.8671679197995,6058,41.094,35.8875,0.5932032301480484,1.254869593925388,21626,2019-08-23 09:55:19.130000-04:00,431.0,Connecticut,No,None
PSA2KMQ,25806,16,9,248,234,1917,26.585,33.402,0.565112540192926,1.3948878455920708,43336,2020-08-24 10:55:36.804000-04:00,11,7,117,80.5194805194805,79.0322580645161,62.004662004662,96.8671679197995,6058,41.094,35.8875,0.5932032301480484,1.254869593925388,21626,2019-08-23 09:55:19.130000-04:00,431.0,Connecticut,No,None
PSA2KMQ,1004526,6,4,35,26,368,29.4035,33.846,0.6101083032490975,1.3559782608695652,43337,2020-08-24 10:55:36.805000-04:00,7,7,117,85.7142857142857,83.3333333333333,69.1086691086691,93.9929328621908,4243,45.241,39.389,0.5889890840056953,1.332312043365543,21626,2019-08-23 09:55:19.130000-04:00,431.0,Connecticut,No,None
PSA2KMQ,85188,15,14,193,190,1537,37.384,43.837,0.6322916666666667,1.4411190631099544,43337,2020-08-24 10:55:36.805000-04:00,7,7,117,85.7142857142857,83.3333333333333,69.1086691086691,93.9929328621908,4243,45.241,39.389,0.5889890840056953,1.332312043365543,21626,2019-08-23 09:55:19.130000-04:00,431.0,Connecticut,No,None
PSA2KMQ,60090,15,12,201,178,1310,44.866,52.3375,0.6279357231149567,1.3442748091603054,43337,2020-08-24 10:55:36.805000-04:00,7,7,117,85.7142857142857,83.3333333333333,69.1086691086691,93.9929328621908,4243,45.241,39.389,0.5889890840056953,1.332312043365543,21626,2019-08-23 09:55:19.130000-04:00,431.0,Connecticut,No,None
PSA2KMQ,560729,25,19,196,144,1407,47.856,54.293,0.5615650172612198,1.407960199004975,43337,2020-08-24 10:55:36.805000-04:00,7,7,117,85.7142857142857,83.3333333333333,69.1086691086691,93.9929328621908,4243,45.241,39.389,0.5889890840056953,1.332312043365543,21626,2019-08-23 09:55:19.130000-04:00,431.0,Connecticut,No,None
PSA2KMQ,25511,20,20,256,249,2076,23.934,27.9665,0.7060117302052786,1.3670520231213874,43337,2020-08-24 10:55:36.805000-04:00,7,7,117,85.7142857142857,83.3333333333333,69.1086691086691,93.9929328621908,4243,45.241,39.389,0.5889890840056953,1.332312043365543,21626,2019-08-23 09:55:19.130000-04:00,431.0,Connecticut,No,None
PSA2KMQ,25522,15,8,241,217,1734,33.254,43.165,0.4045335658238884,1.5899653979238755,43337,2020-08-24 10:55:36.805000-04:00,7,7,117,85.7142857142857,83.3333333333333,69.1086691086691,93.9929328621908,4243,45.241,39.389,0.5889890840056953,1.332312043365543,21626,2019-08-23 09:55:19.130000-04:00,431.0,Connecticut,No,None
PSA2KMQ,25347,23,18,241,220,1764,25.6325,32.5255,0.4319167389418907,1.550453514739229,43337,2020-08-24 10:55:36.805000-04:00,7,7,117,85.7142857142857,83.3333333333333,69.1086691086691,93.9929328621908,4243,45.241,39.389,0.5889890840056953,1.332312043365543,21626,2019-08-23 09:55:19.130000-04:00,431.0,Connecticut,No,None
PSA2KMQ,25812,18,12,258,250,2053,37.236,42.811,0.6967644845748683,1.3273258645884072,43338,2020-08-24 10:55:36.806000-04:00,9,7,115,74.6031746031746,93.6170212765958,65.6038647342995,88.2179675994109,4620,45.062,41.4825,0.7058823529411765,1.212987012987013,21626,2019-08-23 09:55:19.130000-04:00,431.0,Connecticut,No,None
PSA2KMQ,25345,21,16,267,259,2058,29.93,33.686,0.706060606060606,1.2308066083576288,43338,2020-08-24 10:55:36.806000-04:00,9,7,115,74.6031746031746,93.6170212765958,65.6038647342995,88.2179675994109,4620,45.062,41.4825,0.7058823529411765,1.212987012987013,21626,2019-08-23 09:55:19.130000-04:00,431.0,Connecticut,No,None
PSA2KMQ,25510,13,12,246,236,1911,18.445,21.999,0.5410235580828595,1.2673992673992673,43338,2020-08-24 10:55:36.806000-04:00,9,7,115,74.6031746031746,93.6170212765958,65.6038647342995,88.2179675994109,4620,45.062,41.4825,0.7058823529411765,1.212987012987013,21626,2019-08-23 09:55:19.130000-04:00,431.0,Connecticut,No,None
PSA2KMQ,25807,18,18,259,253,2052,28.813,31.532,0.8374905517762661,1.1437621832358673,43338,2020-08-24 10:55:36.806000-04:00,9,7,115,74.6031746031746,93.6170212765958,65.6038647342995,88.2179675994109,4620,45.062,41.4825,0.7058823529411765,1.212987012987013,21626,2019-08-23 09:55:19.130000-04:00,431.0,Connecticut,No,None
PSA2KMQ,25817,18,14,219,186,1218,32.663,36.466,0.5947075208913649,1.2660098522167489,43338,2020-08-24 10:55:36.806000-04:00,9,7,115,74.6031746031746,93.6170212765958,65.6038647342995,88.2179675994109,4620,45.062,41.4825,0.7058823529411765,1.212987012987013,21626,2019-08-23 09:55:19.130000-04:00,431.0,Connecticut,No,None
PSA2KMQ,25818,9,3,190,132,963,43.437,54.811,0.43789808917197454,1.4932502596053998,43338,2020-08-24 10:55:36.806000-04:00,9,7,115,74.6031746031746,93.6170212765958,65.6038647342995,88.2179675994109,4620,45.062,41.4825,0.7058823529411765,1.212987012987013,21626,2019-08-23 09:55:19.130000-04:00,431.0,Connecticut,No,None
PSA2KMQ,823099,5,4,50,38,322,47.262,56.1375,0.4853801169590643,1.5341614906832297,43338,2020-08-24 10:55:36.806000-04:00,9,7,115,74.6031746031746,93.6170212765958,65.6038647342995,88.2179675994109,4620,45.062,41.4825,0.7058823529411765,1.212987012987013,21626,2019-08-23 09:55:19.130000-04:00,431.0,Connecticut,No,None
PSA2KMQ,106991,10,9,139,103,798,76.6685,88.319,0.7146171693735499,1.1942355889724312,43338,2020-08-24 10:55:36.806000-04:00,9,7,115,74.6031746031746,93.6170212765958,65.6038647342995,88.2179675994109,4620,45.062,41.4825,0.7058823529411765,1.212987012987013,21626,2019-08-23 09:55:19.130000-04:00,431.0,Connecticut,No,None
PSA2KMQ,25804,19,16,254,244,2061,23.521,29.048,0.5877640203932993,1.3968947113051917,43339,2020-08-24 10:55:36.807000-04:00,9,7,118,58.7301587301587,70.2702702702703,50.376647834275,96.2616822429907,4210,35.9025,31.898,0.5619913834370512,1.2667458432304037,21626,2019-08-23 09:55:19.130000-04:00,431.0,Connecticut,No,None
PSA2KMQ,555631,7,5,95,93,756,35.2325,39.2485,0.5591397849462365,1.3253968253968254,43339,2020-08-24 10:55:36.807000-04:00,9,7,118,58.7301587301587,70.2702702702703,50.376647834275,96.2616822429907,4210,35.9025,31.898,0.5619913834370512,1.2667458432304037,21626,2019-08-23 09:55:19.130000-04:00,431.0,Connecticut,No,None
PSA2KMQ,1010785,16,7,12,10,238,32.994,41.309,0.3641025641025641,2.03781512605042,43339,2020-08-24 10:55:36.807000-04:00,9,7,118,58.7301587301587,70.2702702702703,50.376647834275,96.2616822429907,4210,35.9025,31.898,0.5619913834370512,1.2667458432304037,21626,2019-08-23 09:55:19.130000-04:00,431.0,Connecticut,No,None
PSA2KMQ,25816,28,19,248,232,2076,20.328,28.095,0.375,1.4884393063583814,43339,2020-08-24 10:55:36.807000-04:00,9,7,118,58.7301587301587,70.2702702702703,50.376647834275,96.2616822429907,4210,35.9025,31.898,0.5619913834370512,1.2667458432304037,21626,2019-08-23 09:55:19.130000-04:00,431.0,Connecticut,No,None
PSA2KMQ,973254,14,12,84,83,992,20.078,26.8775,0.4625748502994012,1.5372983870967742,43339,2020-08-24 10:55:36.807000-04:00,9,7,118,58.7301587301587,70.2702702702703,50.376647834275,96.2616822429907,4210,35.9025,31.898,0.5619913834370512,1.2667458432304037,21626,2019-08-23 09:55:19.130000-04:00,431.0,Connecticut,No,None
PSA2KMQ,25352,23,17,267,259,2146,34.8435,40.4535,0.6271067415730337,1.32618825722274,43339,2020-08-24 10:55:36.807000-04:00,9,7,118,58.7301587301587,70.2702702702703,50.376647834275,96.2616822429907,4210,35.9025,31.898,0.5619913834370512,1.2667458432304037,21626,2019-08-23 09:55:19.130000-04:00,431.0,Connecticut,No,None
PSA2KMQ,25343,17,12,248,220,1689,37.801,46.273,0.5851851851851851,1.4008288928359975,43339,2020-08-24 10:55:36.807000-04:00,9,7,118,58.7301587301587,70.2702702702703,50.376647834275,96.2616822429907,4210,35.9025,31.898,0.5619913834370512,1.2667458432304037,21626,2019-08-23 09:55:19.130000-04:00,431.0,Connecticut,No,None
PSA2KMQ,548760,0,0,5,4,51,41.743,52.608,0.6857142857142857,1.2941176470588236,46130,2020-08-27 08:28:07.914000-04:00,23,1,48,8.69565217391304,50.0,15.8514492753623,72.5714285714286,1699,58.9,48.128,0.5515041020966271,1.5079458505002943,467427,2020-08-23 21:37:40.910000-04:00,591.0,Iowa,No,None
PSA2KMQ,548762,0,0,9,6,107,31.374,37.476,0.3466666666666667,1.5700934579439252,46130,2020-08-27 08:28:07.914000-04:00,23,1,48,8.69565217391304,50.0,15.8514492753623,72.5714285714286,1699,58.9,48.128,0.5515041020966271,1.5079458505002943,467427,2020-08-23 21:37:40.910000-04:00,591.0,Iowa,No,None
PSA2KMQ,523134,0,0,35,27,341,58.379,65.197,0.7243243243243244,1.2404692082111437,46132,2020-08-27 08:28:07.916000-04:00,24,1,44,4.16666666666667,100.0,17.3295454545455,70.4918032786885,1700,50.447,43.4215,0.6265938069216758,1.3923529411764706,467427,2020-08-23 21:37:40.910000-04:00,591.0,Iowa,No,None
PSA2KMQ,540951,0,0,9,8,108,42.1255,46.2415,0.7837837837837838,1.1851851851851851,46133,2020-08-27 08:28:07.917000-04:00,17,0,36,0.0,0.0,18.9542483660131,71.551724137931,1135,47.393,40.921,0.6313725490196078,1.398237885462555,467427,2020-08-23 21:37:40.910000-04:00,591.0,Iowa,No,None
PSA2KMQ,515235,0,0,12,7,105,52.802,53.594,0.7777777777777778,1.3333333333333333,46133,2020-08-27 08:28:07.917000-04:00,17,0,36,0.0,0.0,18.9542483660131,71.551724137931,1135,47.393,40.921,0.6313725490196078,1.398237885462555,467427,2020-08-23 21:37:40.910000-04:00,591.0,Iowa,No,None
PSA2KMQ,609824,7,5,457,245,1820,136.6795,149.5035,0.8127853881278538,1.3373626373626375,50314,2020-09-01 10:05:12.213000-04:00,29,5,296,44.1379310344828,64.0625,38.3504193849021,66.8286755771567,12885,55.536,48.422,0.5942541436464088,1.4180830422972448,382373,2020-05-21 11:34:15.164000-04:00,655.0,Illinois,No,None
PSA2KMQ,609697,7,6,456,396,2507,59.518,63.924,0.7907385697538101,1.2409254088552053,50314,2020-09-01 10:05:12.213000-04:00,29,5,296,44.1379310344828,64.0625,38.3504193849021,66.8286755771567,12885,55.536,48.422,0.5942541436464088,1.4180830422972448,382373,2020-05-21 11:34:15.164000-04:00,655.0,Illinois,No,None
PSA2KMQ,609712,5,3,162,116,707,32.668,42.269,0.4426229508196721,1.5487977369165489,50314,2020-09-01 10:05:12.213000-04:00,29,5,296,44.1379310344828,64.0625,38.3504193849021,66.8286755771567,12885,55.536,48.422,0.5942541436464088,1.4180830422972448,382373,2020-05-21 11:34:15.164000-04:00,655.0,Illinois,No,None
PSA2KMQ,609738,6,3,379,193,1427,103.513,120.806,0.5685328185328186,1.5620182200420463,50314,2020-09-01 10:05:12.213000-04:00,29,5,296,44.1379310344828,64.0625,38.3504193849021,66.8286755771567,12885,55.536,48.422,0.5942541436464088,1.4180830422972448,382373,2020-05-21 11:34:15.164000-04:00,655.0,Illinois,No,None
PSA2KMQ,609751,6,4,394,343,2157,51.528,54.911,0.6918367346938775,1.3708854891052389,50314,2020-09-01 10:05:12.213000-04:00,29,5,296,44.1379310344828,64.0625,38.3504193849021,66.8286755771567,12885,55.536,48.422,0.5942541436464088,1.4180830422972448,382373,2020-05-21 11:34:15.164000-04:00,655.0,Illinois,No,None
PSA2KMQ,609770,5,3,166,120,733,15.56,22.166,0.26691042047531993,1.3724420190995907,50314,2020-09-01 10:05:12.213000-04:00,29,5,296,44.1379310344828,64.0625,38.3504193849021,66.8286755771567,12885,55.536,48.422,0.5942541436464088,1.4180830422972448,382373,2020-05-21 11:34:15.164000-04:00,655.0,Illinois,No,None
PSA2KMQ,609776,4,0,147,32,251,130.628,145.745,0.4155251141552511,1.952191235059761,50314,2020-09-01 10:05:12.213000-04:00,29,5,296,44.1379310344828,64.0625,38.3504193849021,66.8286755771567,12885,55.536,48.422,0.5942541436464088,1.4180830422972448,382373,2020-05-21 11:34:15.164000-04:00,655.0,Illinois,No,None
PSA2KMQ,609781,7,7,470,386,2448,76.1815,82.52,0.7467378410438908,1.3174019607843137,50314,2020-09-01 10:05:12.213000-04:00,29,5,296,44.1379310344828,64.0625,38.3504193849021,66.8286755771567,12885,55.536,48.422,0.5942541436464088,1.4180830422972448,382373,2020-05-21 11:34:15.164000-04:00,655.0,Illinois,No,None
PSA2KMQ,644932,1,0,203,183,1028,15.337,19.4565,0.3058321479374111,1.5573929961089494,50314,2020-09-01 10:05:12.213000-04:00,29,5,296,44.1379310344828,64.0625,38.3504193849021,66.8286755771567,12885,55.536,48.422,0.5942541436464088,1.4180830422972448,382373,2020-05-21 11:34:15.164000-04:00,655.0,Illinois,No,None
PSA2KMQ,607947,1,1,17,2,29,39.976,56.53,0.48,1.3793103448275863,50314,2020-09-01 10:05:12.213000-04:00,29,5,296,44.1379310344828,64.0625,38.3504193849021,66.8286755771567,12885,55.536,48.422,0.5942541436464088,1.4180830422972448,382373,2020-05-21 11:34:15.164000-04:00,655.0,Illinois,No,None
PSA2KMQ,609540,7,7,450,411,2511,44.856,48.985,0.7938205585264408,1.2162485065710873,50314,2020-09-01 10:05:12.213000-04:00,29,5,296,44.1379310344828,64.0625,38.3504193849021,66.8286755771567,12885,55.536,48.422,0.5942541436464088,1.4180830422972448,382373,2020-05-21 11:34:15.164000-04:00,655.0,Illinois,No,None
PSA2KMQ,609550,5,4,207,97,694,96.8715,118.3285,0.7027027027027027,1.4193083573487033,50314,2020-09-01 10:05:12.213000-04:00,29,5,296,44.1379310344828,64.0625,38.3504193849021,66.8286755771567,12885,55.536,48.422,0.5942541436464088,1.4180830422972448,382373,2020-05-21 11:34:15.164000-04:00,655.0,Illinois,No,None
PSA2KMQ,609594,2,1,139,59,265,133.615,164.772,0.5251396648044693,1.6,50314,2020-09-01 10:05:12.213000-04:00,29,5,296,44.1379310344828,64.0625,38.3504193849021,66.8286755771567,12885,55.536,48.422,0.5942541436464088,1.4180830422972448,382373,2020-05-21 11:34:15.164000-04:00,655.0,Illinois,No,None
PSA2KMQ,609642,6,6,460,403,2394,46.477,52.7495,0.7256965944272445,1.304093567251462,50314,2020-09-01 10:05:12.213000-04:00,29,5,296,44.1379310344828,64.0625,38.3504193849021,66.8286755771567,12885,55.536,48.422,0.5942541436464088,1.4180830422972448,382373,2020-05-21 11:34:15.164000-04:00,655.0,Illinois,No,None
PSA2KMQ,609667,5,2,164,75,396,51.29,63.571,0.47761194029850745,1.7550505050505052,50314,2020-09-01 10:05:12.213000-04:00,29,5,296,44.1379310344828,64.0625,38.3504193849021,66.8286755771567,12885,55.536,48.422,0.5942541436464088,1.4180830422972448,382373,2020-05-21 11:34:15.164000-04:00,655.0,Illinois,No,None
PSA2KMQ,607372,7,5,520,470,2816,39.4305,45.0125,0.6449115044247787,1.3561789772727273,50318,2020-09-01 10:05:12.217000-04:00,21,5,295,70.4761904761905,68.9189189189189,45.181598062954,66.70239371204,10964,67.293,57.557,0.6314592545799116,1.4409886902590296,382373,2020-05-21 11:34:15.164000-04:00,655.0,Illinois,No,None
PSA2KMQ,607453,6,1,349,242,1479,70.03,77.498,0.5526819923371648,1.54158215010142,50318,2020-09-01 10:05:12.217000-04:00,21,5,295,70.4761904761905,68.9189189189189,45.181598062954,66.70239371204,10964,67.293,57.557,0.6314592545799116,1.4409886902590296,382373,2020-05-21 11:34:15.164000-04:00,655.0,Illinois,No,None
PSA2KMQ,621771,6,5,454,236,1742,80.607,89.092,0.7957153787299158,1.3323765786452355,50318,2020-09-01 10:05:12.217000-04:00,21,5,295,70.4761904761905,68.9189189189189,45.181598062954,66.70239371204,10964,67.293,57.557,0.6314592545799116,1.4409886902590296,382373,2020-05-21 11:34:15.164000-04:00,655.0,Illinois,No,None
PSA2KMQ,607480,7,6,380,242,1616,71.456,79.111,0.7409050576752441,1.2685643564356437,50318,2020-09-01 10:05:12.217000-04:00,21,5,295,70.4761904761905,68.9189189189189,45.181598062954,66.70239371204,10964,67.293,57.557,0.6314592545799116,1.4409886902590296,382373,2020-05-21 11:34:15.164000-04:00,655.0,Illinois,No,None
PSA2KMQ,620143,7,6,412,243,1625,80.687,89.047,0.7484874675885912,1.2836923076923077,50318,2020-09-01 10:05:12.217000-04:00,21,5,295,70.4761904761905,68.9189189189189,45.181598062954,66.70239371204,10964,67.293,57.557,0.6314592545799116,1.4409886902590296,382373,2020-05-21 11:34:15.164000-04:00,655.0,Illinois,No,None
PSA2KMQ,607669,5,2,225,177,1063,66.616,77.624,0.5883905013192612,1.458137347130762,50318,2020-09-01 10:05:12.217000-04:00,21,5,295,70.4761904761905,68.9189189189189,45.181598062954,66.70239371204,10964,67.293,57.557,0.6314592545799116,1.4409886902590296,382373,2020-05-21 11:34:15.164000-04:00,655.0,Illinois,No,None
PSA2KMQ,621039,4,3,113,77,420,59.1875,63.199,0.4536082474226804,1.5023809523809524,50318,2020-09-01 10:05:12.217000-04:00,21,5,295,70.4761904761905,68.9189189189189,45.181598062954,66.70239371204,10964,67.293,57.557,0.6314592545799116,1.4409886902590296,382373,2020-05-21 11:34:15.164000-04:00,655.0,Illinois,No,None
PSA2KMQ,607695,7,6,201,104,561,79.077,82.412,0.8414322250639387,1.1871657754010696,50318,2020-09-01 10:05:12.217000-04:00,21,5,295,70.4761904761905,68.9189189189189,45.181598062954,66.70239371204,10964,67.293,57.557,0.6314592545799116,1.4409886902590296,382373,2020-05-21 11:34:15.164000-04:00,655.0,Illinois,No,None
PSA2KMQ,617529,6,5,308,214,1423,35.201,41.107,0.6927374301675978,1.4251581166549543,50318,2020-09-01 10:05:12.217000-04:00,21,5,295,70.4761904761905,68.9189189189189,45.181598062954,66.70239371204,10964,67.293,57.557,0.6314592545799116,1.4409886902590296,382373,2020-05-21 11:34:15.164000-04:00,655.0,Illinois,No,None
PSA2KMQ,621152,5,2,129,93,601,40.918,64.922,0.3070362473347548,2.3527454242928454,50318,2020-09-01 10:05:12.217000-04:00,21,5,295,70.4761904761905,68.9189189189189,45.181598062954,66.70239371204,10964,67.293,57.557,0.6314592545799116,1.4409886902590296,382373,2020-05-21 11:34:15.164000-04:00,655.0,Illinois,No,None
PSA2KMQ,607265,7,6,474,400,2634,88.5195,97.437,0.8140676117775354,1.2072892938496582,50318,2020-09-01 10:05:12.217000-04:00,21,5,295,70.4761904761905,68.9189189189189,45.181598062954,66.70239371204,10964,67.293,57.557,0.6314592545799116,1.4409886902590296,382373,2020-05-21 11:34:15.164000-04:00,655.0,Illinois,No,None
PSA2KMQ,668560,1,1,31,22,89,48.359,70.928,0.30158730158730157,1.6629213483146068,53180,2020-09-04 08:18:42.504000-04:00,25,0,60,0.0,0.0,44.8666666666667,84.6953937592868,2618,48.649,37.731,0.5385411277806519,1.3720397249809015,396120,2020-07-08 15:23:20.097000-04:00,879.0,Louisiana,Yes,None
PSA2KMQ,597941,1,1,37,27,122,80.91,112.3035,0.5,1.4426229508196722,53180,2020-09-04 08:18:42.504000-04:00,25,0,60,0.0,0.0,44.8666666666667,84.6953937592868,2618,48.649,37.731,0.5385411277806519,1.3720397249809015,396120,2020-07-08 15:23:20.097000-04:00,879.0,Louisiana,Yes,None
PSA2KMQ,598963,1,1,32,30,133,21.775,36.449,0.37755102040816324,1.3609022556390977,53180,2020-09-04 08:18:42.504000-04:00,25,0,60,0.0,0.0,44.8666666666667,84.6953937592868,2618,48.649,37.731,0.5385411277806519,1.3720397249809015,396120,2020-07-08 15:23:20.097000-04:00,879.0,Louisiana,Yes,None
PSA2KMQ,599052,0,0,25,19,98,30.143,42.093,0.5733333333333334,1.316326530612245,53180,2020-09-04 08:18:42.504000-04:00,25,0,60,0.0,0.0,44.8666666666667,84.6953937592868,2618,48.649,37.731,0.5385411277806519,1.3720397249809015,396120,2020-07-08 15:23:20.097000-04:00,879.0,Louisiana,Yes,None
PSA2KMQ,599063,0,0,35,30,140,33.986,47.9925,0.49523809523809526,1.3142857142857143,53180,2020-09-04 08:18:42.504000-04:00,25,0,60,0.0,0.0,44.8666666666667,84.6953937592868,2618,48.649,37.731,0.5385411277806519,1.3720397249809015,396120,2020-07-08 15:23:20.097000-04:00,879.0,Louisiana,Yes,None
PSA2KMQ,602548,0,0,39,38,153,64.316,70.587,0.7064220183486238,1.2549019607843137,53180,2020-09-04 08:18:42.504000-04:00,25,0,60,0.0,0.0,44.8666666666667,84.6953937592868,2618,48.649,37.731,0.5385411277806519,1.3720397249809015,396120,2020-07-08 15:23:20.097000-04:00,879.0,Louisiana,Yes,None
PSA2KMQ,71957,1,1,62,61,472,54.608,61.463,0.7344632768361582,1.25,53579,2020-09-04 14:19:06.917000-04:00,25,1,43,92.0,73.9130434782609,67.1627906976744,89.196675900277,6922,67.6505,59.705,0.6807511737089202,1.2964461138399308,249382,2020-04-10 16:07:57.591000-04:00,421.0,Connecticut,Yes,None
PSA2KMQ,645583,1,1,34,30,317,70.985,89.737,0.5020746887966805,1.6498422712933754,53579,2020-09-04 14:19:06.917000-04:00,25,1,43,92.0,73.9130434782609,67.1627906976744,89.196675900277,6922,67.6505,59.705,0.6807511737089202,1.2964461138399308,249382,2020-04-10 16:07:57.591000-04:00,421.0,Connecticut,Yes,None
PSA2KMQ,71944,1,1,63,61,479,53.067,56.071,0.790633608815427,1.18580375782881,53579,2020-09-04 14:19:06.917000-04:00,25,1,43,92.0,73.9130434782609,67.1627906976744,89.196675900277,6922,67.6505,59.705,0.6807511737089202,1.2964461138399308,249382,2020-04-10 16:07:57.591000-04:00,421.0,Connecticut,Yes,None
PSA2KMQ,71943,1,1,65,63,484,73.0295,78.282,0.7723577235772358,1.2479338842975207,53579,2020-09-04 14:19:06.917000-04:00,25,1,43,92.0,73.9130434782609,67.1627906976744,89.196675900277,6922,67.6505,59.705,0.6807511737089202,1.2964461138399308,249382,2020-04-10 16:07:57.591000-04:00,421.0,Connecticut,Yes,None
PSA2KMQ,71942,1,1,63,61,472,46.2535,52.5695,0.7796143250688705,1.2521186440677965,53579,2020-09-04 14:19:06.917000-04:00,25,1,43,92.0,73.9130434782609,67.1627906976744,89.196675900277,6922,67.6505,59.705,0.6807511737089202,1.2964461138399308,249382,2020-04-10 16:07:57.591000-04:00,421.0,Connecticut,Yes,None
PSA2KMQ,71941,1,0,64,62,475,55.939,68.268,0.7359550561797753,1.2947368421052632,53579,2020-09-04 14:19:06.917000-04:00,25,1,43,92.0,73.9130434782609,67.1627906976744,89.196675900277,6922,67.6505,59.705,0.6807511737089202,1.2964461138399308,249382,2020-04-10 16:07:57.591000-04:00,421.0,Connecticut,Yes,None
PSA2KMQ,71939,1,1,61,57,447,42.306,48.899,0.6149253731343284,1.337807606263982,53579,2020-09-04 14:19:06.917000-04:00,25,1,43,92.0,73.9130434782609,67.1627906976744,89.196675900277,6922,67.6505,59.705,0.6807511737089202,1.2964461138399308,249382,2020-04-10 16:07:57.591000-04:00,421.0,Connecticut,Yes,None
PSA2KMQ,71938,1,1,63,56,463,30.297,35.283,0.6666666666666666,1.2958963282937366,53579,2020-09-04 14:19:06.917000-04:00,25,1,43,92.0,73.9130434782609,67.1627906976744,89.196675900277,6922,67.6505,59.705,0.6807511737089202,1.2964461138399308,249382,2020-04-10 16:07:57.591000-04:00,421.0,Connecticut,Yes,None
PSA2KMQ,71964,1,1,54,36,200,57.3205,58.831,0.636986301369863,1.46,53579,2020-09-04 14:19:06.917000-04:00,25,1,43,92.0,73.9130434782609,67.1627906976744,89.196675900277,6922,67.6505,59.705,0.6807511737089202,1.2964461138399308,249382,2020-04-10 16:07:57.591000-04:00,421.0,Connecticut,Yes,None
PSA2KMQ,71961,1,1,66,65,505,67.805,79.215,0.7506493506493507,1.2376237623762376,53579,2020-09-04 14:19:06.917000-04:00,25,1,43,92.0,73.9130434782609,67.1627906976744,89.196675900277,6922,67.6505,59.705,0.6807511737089202,1.2964461138399308,249382,2020-04-10 16:07:57.591000-04:00,421.0,Connecticut,Yes,None
PSA2KMQ,71958,1,1,61,59,465,45.656,49.919,0.6949152542372882,1.2236559139784946,53579,2020-09-04 14:19:06.917000-04:00,25,1,43,92.0,73.9130434782609,67.1627906976744,89.196675900277,6922,67.6505,59.705,0.6807511737089202,1.2964461138399308,249382,2020-04-10 16:07:57.591000-04:00,421.0,Connecticut,Yes,None
PSA2KMQ,71953,1,1,62,59,465,22.76,26.985,0.6944444444444444,1.281720430107527,53579,2020-09-04 14:19:06.917000-04:00,25,1,43,92.0,73.9130434782609,67.1627906976744,89.196675900277,6922,67.6505,59.705,0.6807511737089202,1.2964461138399308,249382,2020-04-10 16:07:57.591000-04:00,421.0,Connecticut,Yes,None
PSA2KMQ,71952,1,1,63,58,428,93.772,105.7355,0.7987421383647799,1.1845794392523363,53579,2020-09-04 14:19:06.917000-04:00,25,1,43,92.0,73.9130434782609,67.1627906976744,89.196675900277,6922,67.6505,59.705,0.6807511737089202,1.2964461138399308,249382,2020-04-10 16:07:57.591000-04:00,421.0,Connecticut,Yes,None
PSA2KMQ,71951,1,0,65,63,477,49.292,54.909,0.7057220708446866,1.280922431865828,53579,2020-09-04 14:19:06.917000-04:00,25,1,43,92.0,73.9130434782609,67.1627906976744,89.196675900277,6922,67.6505,59.705,0.6807511737089202,1.2964461138399308,249382,2020-04-10 16:07:57.591000-04:00,421.0,Connecticut,Yes,None
PSA2KMQ,71950,1,1,65,63,486,65.287,70.231,0.8010899182561307,1.1748971193415638,53579,2020-09-04 14:19:06.917000-04:00,25,1,43,92.0,73.9130434782609,67.1627906976744,89.196675900277,6922,67.6505,59.705,0.6807511737089202,1.2964461138399308,249382,2020-04-10 16:07:57.591000-04:00,421.0,Connecticut,Yes,None
PSA2KMQ,71949,1,1,66,59,477,68.314,76.65,0.807799442896936,1.1865828092243187,53579,2020-09-04 14:19:06.917000-04:00,25,1,43,92.0,73.9130434782609,67.1627906976744,89.196675900277,6922,67.6505,59.705,0.6807511737089202,1.2964461138399308,249382,2020-04-10 16:07:57.591000-04:00,421.0,Connecticut,Yes,None
PSA2KMQ,71947,1,1,64,61,459,44.145,51.929,0.6231884057971014,1.4509803921568627,53579,2020-09-04 14:19:06.917000-04:00,25,1,43,92.0,73.9130434782609,67.1627906976744,89.196675900277,6922,67.6505,59.705,0.6807511737089202,1.2964461138399308,249382,2020-04-10 16:07:57.591000-04:00,421.0,Connecticut,Yes,None
PSA2KMQ,71946,1,0,64,61,475,51.427,58.951,0.6778711484593838,1.416842105263158,53579,2020-09-04 14:19:06.917000-04:00,25,1,43,92.0,73.9130434782609,67.1627906976744,89.196675900277,6922,67.6505,59.705,0.6807511737089202,1.2964461138399308,249382,2020-04-10 16:07:57.591000-04:00,421.0,Connecticut,Yes,None
PSA2KMQ,71945,1,0,61,59,441,61.896,71.221,0.5688622754491018,1.4149659863945578,53579,2020-09-04 14:19:06.917000-04:00,25,1,43,92.0,73.9130434782609,67.1627906976744,89.196675900277,6922,67.6505,59.705,0.6807511737089202,1.2964461138399308,249382,2020-04-10 16:07:57.591000-04:00,421.0,Connecticut,Yes,None
PSA2KMQ,71956,1,1,52,44,295,45.459,55.082,0.5948275862068966,1.376271186440678,53579,2020-09-04 14:19:06.917000-04:00,25,1,43,92.0,73.9130434782609,67.1627906976744,89.196675900277,6922,67.6505,59.705,0.6807511737089202,1.2964461138399308,249382,2020-04-10 16:07:57.591000-04:00,421.0,Connecticut,Yes,None
PSA2KMQ,71955,1,1,59,49,356,75.8545,87.1675,0.6988416988416989,1.2359550561797752,53579,2020-09-04 14:19:06.917000-04:00,25,1,43,92.0,73.9130434782609,67.1627906976744,89.196675900277,6922,67.6505,59.705,0.6807511737089202,1.2964461138399308,249382,2020-04-10 16:07:57.591000-04:00,421.0,Connecticut,Yes,None
PSA2KMQ,71954,1,0,63,57,457,72.491,78.979,0.7097701149425287,1.2166301969365427,53579,2020-09-04 14:19:06.917000-04:00,25,1,43,92.0,73.9130434782609,67.1627906976744,89.196675900277,6922,67.6505,59.705,0.6807511737089202,1.2964461138399308,249382,2020-04-10 16:07:57.591000-04:00,421.0,Connecticut,Yes,None
PSA2KMQ,82954,0,0,128,124,1483,25.501,32.825,0.38209817131857554,1.5347269049224546,53582,2020-09-04 14:20:56.040000-04:00,16,0,52,0.0,0.0,65.8653846153846,88.3211678832117,5124,43.538,37.78,0.4696301323379708,1.2913739266198283,4772,2019-03-20 07:40:53.135000-04:00,2287.0,Vermont,Yes,None
PSA2KMQ,706144,0,0,49,49,519,54.258,62.005,0.33447098976109213,1.3391136801541426,53582,2020-09-04 14:20:56.040000-04:00,16,0,52,0.0,0.0,65.8653846153846,88.3211678832117,5124,43.538,37.78,0.4696301323379708,1.2913739266198283,4772,2019-03-20 07:40:53.135000-04:00,2287.0,Vermont,Yes,None
PSA2KMQ,85105,0,0,120,117,1306,18.5165,22.197,0.4906284454244763,1.335375191424196,53582,2020-09-04 14:20:56.040000-04:00,16,0,52,0.0,0.0,65.8653846153846,88.3211678832117,5124,43.538,37.78,0.4696301323379708,1.2913739266198283,4772,2019-03-20 07:40:53.135000-04:00,2287.0,Vermont,Yes,None
PSA2KMQ,659325,0,0,49,46,511,30.002,33.561,0.43205574912891986,1.3013698630136985,53582,2020-09-04 14:20:56.040000-04:00,16,0,52,0.0,0.0,65.8653846153846,88.3211678832117,5124,43.538,37.78,0.4696301323379708,1.2913739266198283,4772,2019-03-20 07:40:53.135000-04:00,2287.0,Vermont,Yes,None
PSA2KMQ,156784,0,0,60,56,650,82.0955,91.3055,0.546875,1.2815384615384615,53582,2020-09-04 14:20:56.040000-04:00,16,0,52,0.0,0.0,65.8653846153846,88.3211678832117,5124,43.538,37.78,0.4696301323379708,1.2913739266198283,4772,2019-03-20 07:40:53.135000-04:00,2287.0,Vermont,Yes,None
PSA2KMQ,83241,0,0,100,88,1063,35.84,46.165,0.5094850948509485,1.4412041392285984,53582,2020-09-04 14:20:56.040000-04:00,16,0,52,0.0,0.0,65.8653846153846,88.3211678832117,5124,43.538,37.78,0.4696301323379708,1.2913739266198283,4772,2019-03-20 07:40:53.135000-04:00,2287.0,Vermont,Yes,None
PSA2KMQ,196412,0,0,71,68,836,32.6665,38.657,0.3590733590733591,1.569377990430622,53582,2020-09-04 14:20:56.040000-04:00,16,0,52,0.0,0.0,65.8653846153846,88.3211678832117,5124,43.538,37.78,0.4696301323379708,1.2913739266198283,4772,2019-03-20 07:40:53.135000-04:00,2287.0,Vermont,Yes,None
PSA2KMQ,7741,0,0,52,45,464,42.847,48.448,0.5361216730038023,1.3211206896551724,53582,2020-09-04 14:20:56.040000-04:00,16,0,52,0.0,0.0,65.8653846153846,88.3211678832117,5124,43.538,37.78,0.4696301323379708,1.2913739266198283,4772,2019-03-20 07:40:53.135000-04:00,2287.0,Vermont,Yes,None
PSA2KMQ,653423,10,8,76,62,491,51.069,57.284,0.7007042253521126,1.2138492871690427,53746,2020-09-04 17:35:36.174000-04:00,22,7,86,83.7662337662338,76.7441860465116,72.2515856236787,91.7337234820776,9783,46.718,41.017,0.52329360780065,1.3191250127772667,16549,2019-08-17 16:42:05.562000-04:00,2307.0,Washington,No,None
PSA2KMQ,245644,8,7,85,85,672,35.6565,40.8335,0.4725848563968668,1.287202380952381,53746,2020-09-04 17:35:36.174000-04:00,22,7,86,83.7662337662338,76.7441860465116,72.2515856236787,91.7337234820776,9783,46.718,41.017,0.52329360780065,1.3191250127772667,16549,2019-08-17 16:42:05.562000-04:00,2307.0,Washington,No,None
PSA2KMQ,245175,7,4,86,84,685,26.012,30.77,0.36386138613861385,1.3065693430656935,53746,2020-09-04 17:35:36.174000-04:00,22,7,86,83.7662337662338,76.7441860465116,72.2515856236787,91.7337234820776,9783,46.718,41.017,0.52329360780065,1.3191250127772667,16549,2019-08-17 16:42:05.562000-04:00,2307.0,Washington,No,None
PSA2KMQ,752978,9,2,74,73,585,16.765,21.382,0.28703703703703703,1.3162393162393162,53746,2020-09-04 17:35:36.174000-04:00,22,7,86,83.7662337662338,76.7441860465116,72.2515856236787,91.7337234820776,9783,46.718,41.017,0.52329360780065,1.3191250127772667,16549,2019-08-17 16:42:05.562000-04:00,2307.0,Washington,No,None
PSA2KMQ,244096,3,2,54,41,322,31.4835,35.6585,0.47668393782383417,1.437888198757764,53746,2020-09-04 17:35:36.174000-04:00,22,7,86,83.7662337662338,76.7441860465116,72.2515856236787,91.7337234820776,9783,46.718,41.017,0.52329360780065,1.3191250127772667,16549,2019-08-17 16:42:05.562000-04:00,2307.0,Washington,No,None
PSA2KMQ,243573,9,7,86,86,722,23.501,27.432,0.42990654205607476,1.3060941828254848,53746,2020-09-04 17:35:36.174000-04:00,22,7,86,83.7662337662338,76.7441860465116,72.2515856236787,91.7337234820776,9783,46.718,41.017,0.52329360780065,1.3191250127772667,16549,2019-08-17 16:42:05.562000-04:00,2307.0,Washington,No,None
PSA2KMQ,238655,7,5,74,30,244,85.7845,112.1455,0.6606060606060606,1.3237704918032787,53746,2020-09-04 17:35:36.174000-04:00,22,7,86,83.7662337662338,76.7441860465116,72.2515856236787,91.7337234820776,9783,46.718,41.017,0.52329360780065,1.3191250127772667,16549,2019-08-17 16:42:05.562000-04:00,2307.0,Washington,No,None
PSA2KMQ,238433,9,7,84,82,623,42.909,47.191,0.6176470588235294,1.2680577849117174,53746,2020-09-04 17:35:36.174000-04:00,22,7,86,83.7662337662338,76.7441860465116,72.2515856236787,91.7337234820776,9783,46.718,41.017,0.52329360780065,1.3191250127772667,16549,2019-08-17 16:42:05.562000-04:00,2307.0,Washington,No,None
PSA2KMQ,237098,9,8,87,84,700,40.9405,46.41,0.47880299251870323,1.332857142857143,53746,2020-09-04 17:35:36.174000-04:00,22,7,86,83.7662337662338,76.7441860465116,72.2515856236787,91.7337234820776,9783,46.718,41.017,0.52329360780065,1.3191250127772667,16549,2019-08-17 16:42:05.562000-04:00,2307.0,Washington,No,None
PSA2KMQ,227394,9,8,85,85,682,45.195,52.7685,0.6335877862595419,1.3944281524926685,53746,2020-09-04 17:35:36.174000-04:00,22,7,86,83.7662337662338,76.7441860465116,72.2515856236787,91.7337234820776,9783,46.718,41.017,0.52329360780065,1.3191250127772667,16549,2019-08-17 16:42:05.562000-04:00,2307.0,Washington,No,None
PSA2KMQ,219594,9,8,85,84,693,44.54,55.431,0.6345679012345679,1.341991341991342,53746,2020-09-04 17:35:36.174000-04:00,22,7,86,83.7662337662338,76.7441860465116,72.2515856236787,91.7337234820776,9783,46.718,41.017,0.52329360780065,1.3191250127772667,16549,2019-08-17 16:42:05.562000-04:00,2307.0,Washington,No,None
PSA2KMQ,206916,8,7,86,84,681,54.769,69.033,0.6792929292929293,1.3509544787077827,53746,2020-09-04 17:35:36.174000-04:00,22,7,86,83.7662337662338,76.7441860465116,72.2515856236787,91.7337234820776,9783,46.718,41.017,0.52329360780065,1.3191250127772667,16549,2019-08-17 16:42:05.562000-04:00,2307.0,Washington,No,None
PSA2KMQ,205297,8,8,85,85,686,40.407,48.2435,0.5566750629722922,1.4198250728862973,53746,2020-09-04 17:35:36.174000-04:00,22,7,86,83.7662337662338,76.7441860465116,72.2515856236787,91.7337234820776,9783,46.718,41.017,0.52329360780065,1.3191250127772667,16549,2019-08-17 16:42:05.562000-04:00,2307.0,Washington,No,None
PSA2KMQ,204893,5,5,63,51,406,66.359,74.188,0.6761133603238867,1.2857142857142858,53746,2020-09-04 17:35:36.174000-04:00,22,7,86,83.7662337662338,76.7441860465116,72.2515856236787,91.7337234820776,9783,46.718,41.017,0.52329360780065,1.3191250127772667,16549,2019-08-17 16:42:05.562000-04:00,2307.0,Washington,No,None
PSA2KMQ,199248,8,7,76,71,605,58.661,62.115,0.5067385444743935,1.2942148760330578,53746,2020-09-04 17:35:36.174000-04:00,22,7,86,83.7662337662338,76.7441860465116,72.2515856236787,91.7337234820776,9783,46.718,41.017,0.52329360780065,1.3191250127772667,16549,2019-08-17 16:42:05.562000-04:00,2307.0,Washington,No,None
PSA2KMQ,648474,9,6,79,64,437,85.866,107.9,0.423728813559322,1.4279176201372998,53747,2020-09-04 17:35:36.175000-04:00,25,7,86,65.1428571428572,58.7719298245614,59.7674418604651,87.0038910505837,9058,37.972,32.3965,0.40650095602294456,1.3737028041510266,16549,2019-08-17 16:42:05.562000-04:00,2307.0,Washington,No,None
PSA2KMQ,648493,8,5,77,72,605,19.954,24.103,0.3468208092485549,1.3190082644628098,53747,2020-09-04 17:35:36.175000-04:00,25,7,86,65.1428571428572,58.7719298245614,59.7674418604651,87.0038910505837,9058,37.972,32.3965,0.40650095602294456,1.3737028041510266,16549,2019-08-17 16:42:05.562000-04:00,2307.0,Washington,No,None
PSA2KMQ,251715,7,3,35,21,210,29.1785,34.3275,0.3014705882352941,1.4476190476190476,53747,2020-09-04 17:35:36.175000-04:00,25,7,86,65.1428571428572,58.7719298245614,59.7674418604651,87.0038910505837,9058,37.972,32.3965,0.40650095602294456,1.3737028041510266,16549,2019-08-17 16:42:05.562000-04:00,2307.0,Washington,No,None
PSA2KMQ,9310,7,4,87,86,751,23.628,28.7,0.3793859649122807,1.3941411451398136,53747,2020-09-04 17:35:36.175000-04:00,25,7,86,65.1428571428572,58.7719298245614,59.7674418604651,87.0038910505837,9058,37.972,32.3965,0.40650095602294456,1.3737028041510266,16549,2019-08-17 16:42:05.562000-04:00,2307.0,Washington,No,None
PSA2KMQ,211434,8,5,86,86,700,55.1025,62.8705,0.5443349753694581,1.4328571428571428,53747,2020-09-04 17:35:36.175000-04:00,25,7,86,65.1428571428572,58.7719298245614,59.7674418604651,87.0038910505837,9058,37.972,32.3965,0.40650095602294456,1.3737028041510266,16549,2019-08-17 16:42:05.562000-04:00,2307.0,Washington,No,None
PSA2KMQ,214473,7,1,89,85,789,16.285,25.077,0.27236580516898606,1.4714828897338403,53747,2020-09-04 17:35:36.175000-04:00,25,7,86,65.1428571428572,58.7719298245614,59.7674418604651,87.0038910505837,9058,37.972,32.3965,0.40650095602294456,1.3737028041510266,16549,2019-08-17 16:42:05.562000-04:00,2307.0,Washington,No,None
PSA2KMQ,214803,7,2,87,87,762,25.5165,31.087,0.30387931034482757,1.4501312335958005,53747,2020-09-04 17:35:36.175000-04:00,25,7,86,65.1428571428572,58.7719298245614,59.7674418604651,87.0038910505837,9058,37.972,32.3965,0.40650095602294456,1.3737028041510266,16549,2019-08-17 16:42:05.562000-04:00,2307.0,Washington,No,None
PSA2KMQ,231540,8,8,84,79,652,53.43,60.739,0.5295629820051414,1.2822085889570551,53747,2020-09-04 17:35:36.175000-04:00,25,7,86,65.1428571428572,58.7719298245614,59.7674418604651,87.0038910505837,9058,37.972,32.3965,0.40650095602294456,1.3737028041510266,16549,2019-08-17 16:42:05.562000-04:00,2307.0,Washington,No,None
PSA2KMQ,239275,9,4,85,81,722,17.5665,22.8585,0.3036529680365297,1.4113573407202216,53747,2020-09-04 17:35:36.175000-04:00,25,7,86,65.1428571428572,58.7719298245614,59.7674418604651,87.0038910505837,9058,37.972,32.3965,0.40650095602294456,1.3737028041510266,16549,2019-08-17 16:42:05.562000-04:00,2307.0,Washington,No,None
PSA2KMQ,239562,9,9,80,76,638,54.7425,59.6365,0.46842105263157896,1.3087774294670846,53747,2020-09-04 17:35:36.175000-04:00,25,7,86,65.1428571428572,58.7719298245614,59.7674418604651,87.0038910505837,9058,37.972,32.3965,0.40650095602294456,1.3737028041510266,16549,2019-08-17 16:42:05.562000-04:00,2307.0,Washington,No,None
PSA2KMQ,763659,1,1,3,3,34,52.646,66.4725,0.5161290322580645,2.1470588235294117,53987,2020-09-06 11:20:14.257000-04:00,43,1,3,0.0,0.0,86.046511627907,98.1981981981982,830,74.379,63.8825,0.5909090909090909,1.7518072289156628,535095,2020-08-31 08:08:24.329000-04:00,,,,
PSA2KMQ,762225,1,1,3,3,27,62.426,88.387,0.2916666666666667,2.5925925925925926,53987,2020-09-06 11:20:14.257000-04:00,43,1,3,0.0,0.0,86.046511627907,98.1981981981982,830,74.379,63.8825,0.5909090909090909,1.7518072289156628,535095,2020-08-31 08:08:24.329000-04:00,,,,
PSA2KMQ,753863,0,0,3,3,23,36.124,42.852,0.6,1.7391304347826086,53987,2020-09-06 11:20:14.257000-04:00,43,1,3,0.0,0.0,86.046511627907,98.1981981981982,830,74.379,63.8825,0.5909090909090909,1.7518072289156628,535095,2020-08-31 08:08:24.329000-04:00,,,,
PSA2KMQ,749238,0,0,3,3,23,82.689,105.731,0.65,1.7391304347826086,53987,2020-09-06 11:20:14.257000-04:00,43,1,3,0.0,0.0,86.046511627907,98.1981981981982,830,74.379,63.8825,0.5909090909090909,1.7518072289156628,535095,2020-08-31 08:08:24.329000-04:00,,,,
PSA2KMQ,748400,0,0,3,3,23,47.482,62.623,0.5,1.8695652173913042,53987,2020-09-06 11:20:14.257000-04:00,43,1,3,0.0,0.0,86.046511627907,98.1981981981982,830,74.379,63.8825,0.5909090909090909,1.7518072289156628,535095,2020-08-31 08:08:24.329000-04:00,,,,
PSA2KMQ,748178,1,1,3,3,28,35.8835,41.858,0.24,2.642857142857143,53987,2020-09-06 11:20:14.257000-04:00,43,1,3,0.0,0.0,86.046511627907,98.1981981981982,830,74.379,63.8825,0.5909090909090909,1.7518072289156628,535095,2020-08-31 08:08:24.329000-04:00,,,,
PSA2KMQ,747424,0,0,3,3,23,68.987,75.292,0.6,1.6956521739130435,53987,2020-09-06 11:20:14.257000-04:00,43,1,3,0.0,0.0,86.046511627907,98.1981981981982,830,74.379,63.8825,0.5909090909090909,1.7518072289156628,535095,2020-08-31 08:08:24.329000-04:00,,,,
PSA2KMQ,746984,1,0,3,3,33,41.234,58.013,0.5666666666666667,1.7575757575757576,53987,2020-09-06 11:20:14.257000-04:00,43,1,3,0.0,0.0,86.046511627907,98.1981981981982,830,74.379,63.8825,0.5909090909090909,1.7518072289156628,535095,2020-08-31 08:08:24.329000-04:00,,,,
PSA2KMQ,735012,0,0,3,3,23,186.625,186.631,0.8,1.391304347826087,53987,2020-09-06 11:20:14.257000-04:00,43,1,3,0.0,0.0,86.046511627907,98.1981981981982,830,74.379,63.8825,0.5909090909090909,1.7518072289156628,535095,2020-08-31 08:08:24.329000-04:00,,,,
PSA2KMQ,734491,0,0,3,3,23,50.52,50.523,0.85,1.2608695652173914,53987,2020-09-06 11:20:14.257000-04:00,43,1,3,0.0,0.0,86.046511627907,98.1981981981982,830,74.379,63.8825,0.5909090909090909,1.7518072289156628,535095,2020-08-31 08:08:24.329000-04:00,,,,
PSA2KMQ,724512,0,0,2,2,11,188.552,188.579,0.375,1.6363636363636365,53987,2020-09-06 11:20:14.257000-04:00,43,1,3,0.0,0.0,86.046511627907,98.1981981981982,830,74.379,63.8825,0.5909090909090909,1.7518072289156628,535095,2020-08-31 08:08:24.329000-04:00,,,,
PSA2KMQ,723337,0,0,3,3,23,56.04,61.538,0.65,1.5217391304347827,53987,2020-09-06 11:20:14.257000-04:00,43,1,3,0.0,0.0,86.046511627907,98.1981981981982,830,74.379,63.8825,0.5909090909090909,1.7518072289156628,535095,2020-08-31 08:08:24.329000-04:00,,,,
PSA2KMQ,723130,0,0,2,1,12,118.153,118.158,0.6666666666666666,1.5,53987,2020-09-06 11:20:14.257000-04:00,43,1,3,0.0,0.0,86.046511627907,98.1981981981982,830,74.379,63.8825,0.5909090909090909,1.7518072289156628,535095,2020-08-31 08:08:24.329000-04:00,,,,
PSA2KMQ,722499,0,0,3,3,23,28.423,52.768,0.3,2.217391304347826,53987,2020-09-06 11:20:14.257000-04:00,43,1,3,0.0,0.0,86.046511627907,98.1981981981982,830,74.379,63.8825,0.5909090909090909,1.7518072289156628,535095,2020-08-31 08:08:24.329000-04:00,,,,
PSA2KMQ,721273,1,1,3,3,31,42.413,51.96,0.7142857142857143,1.5483870967741935,53987,2020-09-06 11:20:14.257000-04:00,43,1,3,0.0,0.0,86.046511627907,98.1981981981982,830,74.379,63.8825,0.5909090909090909,1.7518072289156628,535095,2020-08-31 08:08:24.329000-04:00,,,,
PSA2KMQ,720672,0,0,3,3,23,67.052,77.688,0.5,1.7826086956521738,53987,2020-09-06 11:20:14.257000-04:00,43,1,3,0.0,0.0,86.046511627907,98.1981981981982,830,74.379,63.8825,0.5909090909090909,1.7518072289156628,535095,2020-08-31 08:08:24.329000-04:00,,,,
PSA2KMQ,720644,0,0,3,3,23,88.167,105.642,0.75,1.3043478260869565,53987,2020-09-06 11:20:14.257000-04:00,43,1,3,0.0,0.0,86.046511627907,98.1981981981982,830,74.379,63.8825,0.5909090909090909,1.7518072289156628,535095,2020-08-31 08:08:24.329000-04:00,,,,
PSA2KMQ,715243,0,0,3,3,23,88.271,131.465,0.7,1.391304347826087,53987,2020-09-06 11:20:14.257000-04:00,43,1,3,0.0,0.0,86.046511627907,98.1981981981982,830,74.379,63.8825,0.5909090909090909,1.7518072289156628,535095,2020-08-31 08:08:24.329000-04:00,,,,
PSA2KMQ,713587,1,1,3,3,26,51.53,62.8985,0.8695652173913043,1.1923076923076923,53987,2020-09-06 11:20:14.257000-04:00,43,1,3,0.0,0.0,86.046511627907,98.1981981981982,830,74.379,63.8825,0.5909090909090909,1.7518072289156628,535095,2020-08-31 08:08:24.329000-04:00,,,,
PSA2KMQ,713152,0,0,3,3,23,23.078,34.684,0.2,2.869565217391304,53987,2020-09-06 11:20:14.257000-04:00,43,1,3,0.0,0.0,86.046511627907,98.1981981981982,830,74.379,63.8825,0.5909090909090909,1.7518072289156628,535095,2020-08-31 08:08:24.329000-04:00,,,,
PSA2KMQ,711406,0,0,3,3,23,137.958,178.967,0.5,1.826086956521739,53987,2020-09-06 11:20:14.257000-04:00,43,1,3,0.0,0.0,86.046511627907,98.1981981981982,830,74.379,63.8825,0.5909090909090909,1.7518072289156628,535095,2020-08-31 08:08:24.329000-04:00,,,,
PSA2KMQ,711071,1,1,3,3,29,40.165,60.615,0.5,1.7586206896551724,53987,2020-09-06 11:20:14.257000-04:00,43,1,3,0.0,0.0,86.046511627907,98.1981981981982,830,74.379,63.8825,0.5909090909090909,1.7518072289156628,535095,2020-08-31 08:08:24.329000-04:00,,,,
PSA2KMQ,709132,1,1,3,3,26,124.44,152.602,0.6521739130434783,2.269230769230769,53987,2020-09-06 11:20:14.257000-04:00,43,1,3,0.0,0.0,86.046511627907,98.1981981981982,830,74.379,63.8825,0.5909090909090909,1.7518072289156628,535095,2020-08-31 08:08:24.329000-04:00,,,,
PSA2KMQ,709050,0,0,3,3,23,63.063,66.907,0.55,1.9130434782608696,53987,2020-09-06 11:20:14.257000-04:00,43,1,3,0.0,0.0,86.046511627907,98.1981981981982,830,74.379,63.8825,0.5909090909090909,1.7518072289156628,535095,2020-08-31 08:08:24.329000-04:00,,,,
PSA2KMQ,708937,0,0,3,3,23,28.528,44.875,0.4,2.1739130434782608,53987,2020-09-06 11:20:14.257000-04:00,43,1,3,0.0,0.0,86.046511627907,98.1981981981982,830,74.379,63.8825,0.5909090909090909,1.7518072289156628,535095,2020-08-31 08:08:24.329000-04:00,,,,
PSA2KMQ,707907,1,1,3,3,27,41.708,42.094,0.7916666666666666,1.3703703703703705,53987,2020-09-06 11:20:14.257000-04:00,43,1,3,0.0,0.0,86.046511627907,98.1981981981982,830,74.379,63.8825,0.5909090909090909,1.7518072289156628,535095,2020-08-31 08:08:24.329000-04:00,,,,
PSA2KMQ,706098,0,0,3,3,23,28.67,41.881,0.75,1.2173913043478262,53987,2020-09-06 11:20:14.257000-04:00,43,1,3,0.0,0.0,86.046511627907,98.1981981981982,830,74.379,63.8825,0.5909090909090909,1.7518072289156628,535095,2020-08-31 08:08:24.329000-04:00,,,,
PSA2KMQ,704738,0,0,3,3,23,58.099,64.064,0.65,1.3478260869565217,53987,2020-09-06 11:20:14.257000-04:00,43,1,3,0.0,0.0,86.046511627907,98.1981981981982,830,74.379,63.8825,0.5909090909090909,1.7518072289156628,535095,2020-08-31 08:08:24.329000-04:00,,,,
PSA2KMQ,699898,1,1,3,3,27,178.289,178.318,0.7916666666666666,1.3333333333333333,53987,2020-09-06 11:20:14.257000-04:00,43,1,3,0.0,0.0,86.046511627907,98.1981981981982,830,74.379,63.8825,0.5909090909090909,1.7518072289156628,535095,2020-08-31 08:08:24.329000-04:00,,,,
PSA2KMQ,696257,0,0,3,2,17,93.375,117.974,0.5,1.5294117647058825,53987,2020-09-06 11:20:14.257000-04:00,43,1,3,0.0,0.0,86.046511627907,98.1981981981982,830,74.379,63.8825,0.5909090909090909,1.7518072289156628,535095,2020-08-31 08:08:24.329000-04:00,,,,
PSA2KMQ,693858,0,0,3,3,23,88.904,88.91,0.95,1.0869565217391304,53987,2020-09-06 11:20:14.257000-04:00,43,1,3,0.0,0.0,86.046511627907,98.1981981981982,830,74.379,63.8825,0.5909090909090909,1.7518072289156628,535095,2020-08-31 08:08:24.329000-04:00,,,,
PSA2KMQ,691949,0,0,3,3,23,96.191,96.196,0.6,1.7826086956521738,53987,2020-09-06 11:20:14.257000-04:00,43,1,3,0.0,0.0,86.046511627907,98.1981981981982,830,74.379,63.8825,0.5909090909090909,1.7518072289156628,535095,2020-08-31 08:08:24.329000-04:00,,,,
PSA2KMQ,691450,0,0,3,3,23,67.189,69.396,0.3,3.0,53987,2020-09-06 11:20:14.257000-04:00,43,1,3,0.0,0.0,86.046511627907,98.1981981981982,830,74.379,63.8825,0.5909090909090909,1.7518072289156628,535095,2020-08-31 08:08:24.329000-04:00,,,,
PSA2KMQ,691152,0,0,3,3,23,49.711,58.744,0.5,1.9130434782608696,53987,2020-09-06 11:20:14.257000-04:00,43,1,3,0.0,0.0,86.046511627907,98.1981981981982,830,74.379,63.8825,0.5909090909090909,1.7518072289156628,535095,2020-08-31 08:08:24.329000-04:00,,,,
PSA2KMQ,690266,0,0,3,3,23,48.171,80.887,0.65,1.391304347826087,53987,2020-09-06 11:20:14.257000-04:00,43,1,3,0.0,0.0,86.046511627907,98.1981981981982,830,74.379,63.8825,0.5909090909090909,1.7518072289156628,535095,2020-08-31 08:08:24.329000-04:00,,,,
PSA2KMQ,688375,1,1,3,3,27,43.05,63.397,0.6666666666666666,1.5555555555555556,53987,2020-09-06 11:20:14.257000-04:00,43,1,3,0.0,0.0,86.046511627907,98.1981981981982,830,74.379,63.8825,0.5909090909090909,1.7518072289156628,535095,2020-08-31 08:08:24.329000-04:00,,,,
PSA2KMQ,687387,0,0,3,3,23,87.442,116.432,0.45,1.9130434782608696,53987,2020-09-06 11:20:14.257000-04:00,43,1,3,0.0,0.0,86.046511627907,98.1981981981982,830,74.379,63.8825,0.5909090909090909,1.7518072289156628,535095,2020-08-31 08:08:24.329000-04:00,,,,
PSA2KMQ,687033,0,0,3,3,23,49.688,54.332,0.55,2.0869565217391304,53987,2020-09-06 11:20:14.257000-04:00,43,1,3,0.0,0.0,86.046511627907,98.1981981981982,830,74.379,63.8825,0.5909090909090909,1.7518072289156628,535095,2020-08-31 08:08:24.329000-04:00,,,,
PSA2KMQ,679985,0,0,3,3,23,57.673,57.676,0.6,1.7826086956521738,53987,2020-09-06 11:20:14.257000-04:00,43,1,3,0.0,0.0,86.046511627907,98.1981981981982,830,74.379,63.8825,0.5909090909090909,1.7518072289156628,535095,2020-08-31 08:08:24.329000-04:00,,,,
PSA2KMQ,678556,0,0,3,3,23,66.001,96.115,0.5,1.8695652173913042,53987,2020-09-06 11:20:14.257000-04:00,43,1,3,0.0,0.0,86.046511627907,98.1981981981982,830,74.379,63.8825,0.5909090909090909,1.7518072289156628,535095,2020-08-31 08:08:24.329000-04:00,,,,
PSA2KMQ,676155,0,0,3,3,23,177.247,225.427,0.75,1.3043478260869565,53987,2020-09-06 11:20:14.257000-04:00,43,1,3,0.0,0.0,86.046511627907,98.1981981981982,830,74.379,63.8825,0.5909090909090909,1.7518072289156628,535095,2020-08-31 08:08:24.329000-04:00,,,,
PSA2KMQ,675337,0,0,2,2,15,60.516,97.638,0.35714285714285715,2.1333333333333333,53987,2020-09-06 11:20:14.257000-04:00,43,1,3,0.0,0.0,86.046511627907,98.1981981981982,830,74.379,63.8825,0.5909090909090909,1.7518072289156628,535095,2020-08-31 08:08:24.329000-04:00,,,,
PSA2KMQ,608912,79,77,34,32,467,18.03,19.623,0.7323340471092077,1.2762312633832975,54530,2020-09-07 16:38:31.514000-04:00,26,81,39,84.5204178537512,89.5505617977528,88.560157790927,99.109131403118,11553,20.995,18.041,0.6895548699867783,1.343806803427681,944906,2020-12-07 11:37:41.532000-05:00,,,,
PSA2KMQ,608730,73,46,39,39,446,17.448,21.2045,0.6100917431192661,1.4394618834080717,54530,2020-09-07 16:38:31.514000-04:00,26,81,39,84.5204178537512,89.5505617977528,88.560157790927,99.109131403118,11553,20.995,18.041,0.6895548699867783,1.343806803427681,944906,2020-12-07 11:37:41.532000-05:00,,,,
PSA2KMQ,608728,79,77,36,35,532,12.217,13.996,0.6992337164750958,1.387218045112782,54530,2020-09-07 16:38:31.514000-04:00,26,81,39,84.5204178537512,89.5505617977528,88.560157790927,99.109131403118,11553,20.995,18.041,0.6895548699867783,1.343806803427681,944906,2020-12-07 11:37:41.532000-05:00,,,,
PSA2KMQ,608719,63,55,34,34,394,25.5785,27.5825,0.6752577319587629,1.3274111675126905,54530,2020-09-07 16:38:31.514000-04:00,26,81,39,84.5204178537512,89.5505617977528,88.560157790927,99.109131403118,11553,20.995,18.041,0.6895548699867783,1.343806803427681,944906,2020-12-07 11:37:41.532000-05:00,,,,
PSA2KMQ,608717,79,73,39,39,582,13.515,15.925,0.6520979020979021,1.429553264604811,54530,2020-09-07 16:38:31.514000-04:00,26,81,39,84.5204178537512,89.5505617977528,88.560157790927,99.109131403118,11553,20.995,18.041,0.6895548699867783,1.343806803427681,944906,2020-12-07 11:37:41.532000-05:00,,,,
PSA2KMQ,608709,80,76,39,39,508,23.2485,25.706,0.7469879518072289,1.1771653543307088,54530,2020-09-07 16:38:31.514000-04:00,26,81,39,84.5204178537512,89.5505617977528,88.560157790927,99.109131403118,11553,20.995,18.041,0.6895548699867783,1.343806803427681,944906,2020-12-07 11:37:41.532000-05:00,,,,
PSA2KMQ,608699,80,77,39,39,539,33.389,37.541,0.7315689981096408,1.2690166975881263,54530,2020-09-07 16:38:31.514000-04:00,26,81,39,84.5204178537512,89.5505617977528,88.560157790927,99.109131403118,11553,20.995,18.041,0.6895548699867783,1.343806803427681,944906,2020-12-07 11:37:41.532000-05:00,,,,
PSA2KMQ,608698,79,72,39,39,534,18.057,22.1515,0.6851145038167938,1.353932584269663,54530,2020-09-07 16:38:31.514000-04:00,26,81,39,84.5204178537512,89.5505617977528,88.560157790927,99.109131403118,11553,20.995,18.041,0.6895548699867783,1.343806803427681,944906,2020-12-07 11:37:41.532000-05:00,,,,
PSA2KMQ,608694,79,79,38,38,467,19.831,21.798,0.7921225382932167,1.1648822269807282,54530,2020-09-07 16:38:31.514000-04:00,26,81,39,84.5204178537512,89.5505617977528,88.560157790927,99.109131403118,11553,20.995,18.041,0.6895548699867783,1.343806803427681,944906,2020-12-07 11:37:41.532000-05:00,,,,
PSA2KMQ,608544,80,80,39,39,456,13.1435,13.891,0.8385650224215246,1.125,54530,2020-09-07 16:38:31.514000-04:00,26,81,39,84.5204178537512,89.5505617977528,88.560157790927,99.109131403118,11553,20.995,18.041,0.6895548699867783,1.343806803427681,944906,2020-12-07 11:37:41.532000-05:00,,,,
PSA2KMQ,608385,79,71,39,39,556,20.8165,24.798,0.6666666666666666,1.512589928057554,54530,2020-09-07 16:38:31.514000-04:00,26,81,39,84.5204178537512,89.5505617977528,88.560157790927,99.109131403118,11553,20.995,18.041,0.6895548699867783,1.343806803427681,944906,2020-12-07 11:37:41.532000-05:00,,,,
PSA2KMQ,691443,79,38,38,38,763,17.562,30.6,0.35402906208718626,1.6946264744429882,54530,2020-09-07 16:38:31.514000-04:00,26,81,39,84.5204178537512,89.5505617977528,88.560157790927,99.109131403118,11553,20.995,18.041,0.6895548699867783,1.343806803427681,944906,2020-12-07 11:37:41.532000-05:00,,,,
PSA2KMQ,625755,66,66,36,35,419,16.062,17.203,0.7555012224938875,1.1933174224343674,54530,2020-09-07 16:38:31.514000-04:00,26,81,39,84.5204178537512,89.5505617977528,88.560157790927,99.109131403118,11553,20.995,18.041,0.6895548699867783,1.343806803427681,944906,2020-12-07 11:37:41.532000-05:00,,,,
PSA2KMQ,998760,39,34,0,0,197,33.667,45.117,0.6345177664974619,1.5583756345177664,54530,2020-09-07 16:38:31.514000-04:00,26,81,39,84.5204178537512,89.5505617977528,88.560157790927,99.109131403118,11553,20.995,18.041,0.6895548699867783,1.343806803427681,944906,2020-12-07 11:37:41.532000-05:00,,,,
PSA2KMQ,1006268,26,24,0,0,116,19.6785,24.9105,0.6120689655172413,1.8706896551724137,54530,2020-09-07 16:38:31.514000-04:00,26,81,39,84.5204178537512,89.5505617977528,88.560157790927,99.109131403118,11553,20.995,18.041,0.6895548699867783,1.343806803427681,944906,2020-12-07 11:37:41.532000-05:00,,,,
PSA2KMQ,607617,68,46,39,39,496,16.481,22.558,0.5164609053497943,1.558467741935484,54530,2020-09-07 16:38:31.514000-04:00,26,81,39,84.5204178537512,89.5505617977528,88.560157790927,99.109131403118,11553,20.995,18.041,0.6895548699867783,1.343806803427681,944906,2020-12-07 11:37:41.532000-05:00,,,,
PSA2KMQ,607661,78,78,39,39,450,13.7355,14.485,0.7954545454545454,1.1733333333333333,54530,2020-09-07 16:38:31.514000-04:00,26,81,39,84.5204178537512,89.5505617977528,88.560157790927,99.109131403118,11553,20.995,18.041,0.6895548699867783,1.343806803427681,944906,2020-12-07 11:37:41.532000-05:00,,,,
PSA2KMQ,608799,77,71,39,39,443,14.888,16.982,0.7852193995381063,1.2302483069977428,54530,2020-09-07 16:38:31.514000-04:00,26,81,39,84.5204178537512,89.5505617977528,88.560157790927,99.109131403118,11553,20.995,18.041,0.6895548699867783,1.343806803427681,944906,2020-12-07 11:37:41.532000-05:00,,,,
PSA2KMQ,608809,77,69,38,36,471,18.321,21.581,0.6817204301075269,1.3036093418259023,54530,2020-09-07 16:38:31.514000-04:00,26,81,39,84.5204178537512,89.5505617977528,88.560157790927,99.109131403118,11553,20.995,18.041,0.6895548699867783,1.343806803427681,944906,2020-12-07 11:37:41.532000-05:00,,,,
PSA2KMQ,608869,75,60,38,38,428,20.196,22.795,0.6602870813397129,1.355140186915888,54530,2020-09-07 16:38:31.514000-04:00,26,81,39,84.5204178537512,89.5505617977528,88.560157790927,99.109131403118,11553,20.995,18.041,0.6895548699867783,1.343806803427681,944906,2020-12-07 11:37:41.532000-05:00,,,,
PSA2KMQ,608798,75,69,37,35,447,14.148,15.186,0.7688787185354691,1.2595078299776286,54530,2020-09-07 16:38:31.514000-04:00,26,81,39,84.5204178537512,89.5505617977528,88.560157790927,99.109131403118,11553,20.995,18.041,0.6895548699867783,1.343806803427681,944906,2020-12-07 11:37:41.532000-05:00,,,,
PSA2KMQ,608138,77,76,36,36,468,17.8305,19.3655,0.7794759825327511,1.2286324786324787,54530,2020-09-07 16:38:31.514000-04:00,26,81,39,84.5204178537512,89.5505617977528,88.560157790927,99.109131403118,11553,20.995,18.041,0.6895548699867783,1.343806803427681,944906,2020-12-07 11:37:41.532000-05:00,,,,
PSA2KMQ,608755,73,65,39,39,487,15.879,16.743,0.7085953878406709,1.3388090349075974,54530,2020-09-07 16:38:31.514000-04:00,26,81,39,84.5204178537512,89.5505617977528,88.560157790927,99.109131403118,11553,20.995,18.041,0.6895548699867783,1.343806803427681,944906,2020-12-07 11:37:41.532000-05:00,,,,
PSA2KMQ,608750,78,78,39,39,484,22.222,25.908,0.7805907172995781,1.2355371900826446,54530,2020-09-07 16:38:31.514000-04:00,26,81,39,84.5204178537512,89.5505617977528,88.560157790927,99.109131403118,11553,20.995,18.041,0.6895548699867783,1.343806803427681,944906,2020-12-07 11:37:41.532000-05:00,,,,
PSA2KMQ,755366,35,33,1,1,208,15.221,18.1895,0.7004830917874396,1.5240384615384615,54801,2020-09-07 21:50:46.874000-04:00,26,46,2,72.9933110367893,80.7560137457045,32.6923076923077,70.5882352941177,4517,23.056,18.844,0.6936056838365897,1.4102280274518486,602103,2020-09-07 21:03:05.257000-04:00,,,,
PSA2KMQ,755391,41,41,1,1,229,15.331,21.628,0.7192982456140351,1.296943231441048,54801,2020-09-07 21:50:46.874000-04:00,26,46,2,72.9933110367893,80.7560137457045,32.6923076923077,70.5882352941177,4517,23.056,18.844,0.6936056838365897,1.4102280274518486,602103,2020-09-07 21:03:05.257000-04:00,,,,
PSA2KMQ,755359,39,38,1,1,197,19.093,21.743,0.8010204081632653,1.2893401015228425,54801,2020-09-07 21:50:46.874000-04:00,26,46,2,72.9933110367893,80.7560137457045,32.6923076923077,70.5882352941177,4517,23.056,18.844,0.6936056838365897,1.4102280274518486,602103,2020-09-07 21:03:05.257000-04:00,,,,
PSA2KMQ,755373,39,36,1,1,209,19.544,20.071,0.7067307692307693,1.4497607655502391,54801,2020-09-07 21:50:46.874000-04:00,26,46,2,72.9933110367893,80.7560137457045,32.6923076923077,70.5882352941177,4517,23.056,18.844,0.6936056838365897,1.4102280274518486,602103,2020-09-07 21:03:05.257000-04:00,,,,
PSA2KMQ,755371,38,33,1,1,218,22.594,26.213,0.7327188940092166,1.4862385321100917,54801,2020-09-07 21:50:46.874000-04:00,26,46,2,72.9933110367893,80.7560137457045,32.6923076923077,70.5882352941177,4517,23.056,18.844,0.6936056838365897,1.4102280274518486,602103,2020-09-07 21:03:05.257000-04:00,,,,
PSA2KMQ,755503,38,31,1,1,227,19.245,24.399,0.6460176991150443,1.3215859030837005,54801,2020-09-07 21:50:46.874000-04:00,26,46,2,72.9933110367893,80.7560137457045,32.6923076923077,70.5882352941177,4517,23.056,18.844,0.6936056838365897,1.4102280274518486,602103,2020-09-07 21:03:05.257000-04:00,,,,
PSA2KMQ,755506,38,36,1,1,262,14.258,17.561,0.6781609195402298,1.366412213740458,54801,2020-09-07 21:50:46.874000-04:00,26,46,2,72.9933110367893,80.7560137457045,32.6923076923077,70.5882352941177,4517,23.056,18.844,0.6936056838365897,1.4102280274518486,602103,2020-09-07 21:03:05.257000-04:00,,,,
PSA2KMQ,755514,34,28,0,0,212,16.839,21.608,0.6367924528301887,1.4150943396226414,54801,2020-09-07 21:50:46.874000-04:00,26,46,2,72.9933110367893,80.7560137457045,32.6923076923077,70.5882352941177,4517,23.056,18.844,0.6936056838365897,1.4102280274518486,602103,2020-09-07 21:03:05.257000-04:00,,,,
PSA2KMQ,755515,39,18,1,1,283,24.1,38.986,0.46808510638297873,1.7385159010600706,54801,2020-09-07 21:50:46.874000-04:00,26,46,2,72.9933110367893,80.7560137457045,32.6923076923077,70.5882352941177,4517,23.056,18.844,0.6936056838365897,1.4102280274518486,602103,2020-09-07 21:03:05.257000-04:00,,,,
PSA2KMQ,755477,32,13,2,2,166,17.98,23.512,0.49696969696969695,1.5240963855421688,54801,2020-09-07 21:50:46.874000-04:00,26,46,2,72.9933110367893,80.7560137457045,32.6923076923077,70.5882352941177,4517,23.056,18.844,0.6936056838365897,1.4102280274518486,602103,2020-09-07 21:03:05.257000-04:00,,,,
PSA2KMQ,769445,31,1,1,0,18,11.073,19.293,0.5,1.6111111111111112,54801,2020-09-07 21:50:46.874000-04:00,26,46,2,72.9933110367893,80.7560137457045,32.6923076923077,70.5882352941177,4517,23.056,18.844,0.6936056838365897,1.4102280274518486,602103,2020-09-07 21:03:05.257000-04:00,,,,
PSA2KMQ,769428,39,36,0,0,175,12.107,13.311,0.7885714285714286,1.3257142857142856,54801,2020-09-07 21:50:46.874000-04:00,26,46,2,72.9933110367893,80.7560137457045,32.6923076923077,70.5882352941177,4517,23.056,18.844,0.6936056838365897,1.4102280274518486,602103,2020-09-07 21:03:05.257000-04:00,,,,
PSA2KMQ,755368,39,34,1,1,199,21.034,24.27,0.7626262626262627,1.3366834170854272,54801,2020-09-07 21:50:46.874000-04:00,26,46,2,72.9933110367893,80.7560137457045,32.6923076923077,70.5882352941177,4517,23.056,18.844,0.6936056838365897,1.4102280274518486,602103,2020-09-07 21:03:05.257000-04:00,,,,
PSA2KMQ,755470,38,31,1,0,203,19.498,23.758,0.6732673267326733,1.4926108374384237,54801,2020-09-07 21:50:46.874000-04:00,26,46,2,72.9933110367893,80.7560137457045,32.6923076923077,70.5882352941177,4517,23.056,18.844,0.6936056838365897,1.4102280274518486,602103,2020-09-07 21:03:05.257000-04:00,,,,
PSA2KMQ,755442,38,33,1,0,172,21.5,26.732,0.7209302325581395,1.2790697674418605,54801,2020-09-07 21:50:46.874000-04:00,26,46,2,72.9933110367893,80.7560137457045,32.6923076923077,70.5882352941177,4517,23.056,18.844,0.6936056838365897,1.4102280274518486,602103,2020-09-07 21:03:05.257000-04:00,,,,
PSA2KMQ,755441,31,17,0,0,121,12.657,14.271,0.7024793388429752,1.4793388429752066,54801,2020-09-07 21:50:46.874000-04:00,26,46,2,72.9933110367893,80.7560137457045,32.6923076923077,70.5882352941177,4517,23.056,18.844,0.6936056838365897,1.4102280274518486,602103,2020-09-07 21:03:05.257000-04:00,,,,
PSA2KMQ,755434,39,34,1,0,178,23.177,26.5995,0.7640449438202247,1.4831460674157304,54801,2020-09-07 21:50:46.874000-04:00,26,46,2,72.9933110367893,80.7560137457045,32.6923076923077,70.5882352941177,4517,23.056,18.844,0.6936056838365897,1.4102280274518486,602103,2020-09-07 21:03:05.257000-04:00,,,,
PSA2KMQ,752835,38,31,1,1,200,23.392,26.7555,0.6582914572864321,1.39,54802,2020-09-07 21:50:46.876000-04:00,22,47,2,72.9206963249516,92.4403183023873,40.9090909090909,77.7777777777778,3955,23.415,20.154,0.7321836165356328,1.3696586599241467,602103,2020-09-07 21:03:05.257000-04:00,,,,
PSA2KMQ,782854,39,39,1,1,253,26.184,32.197,0.6904761904761905,1.434782608695652,54802,2020-09-07 21:50:46.876000-04:00,22,47,2,72.9206963249516,92.4403183023873,40.9090909090909,77.7777777777778,3955,23.415,20.154,0.7321836165356328,1.3696586599241467,602103,2020-09-07 21:03:05.257000-04:00,,,,
PSA2KMQ,752613,39,37,2,1,182,17.782,19.303,0.7900552486187845,1.3626373626373627,54802,2020-09-07 21:50:46.876000-04:00,22,47,2,72.9206963249516,92.4403183023873,40.9090909090909,77.7777777777778,3955,23.415,20.154,0.7321836165356328,1.3696586599241467,602103,2020-09-07 21:03:05.257000-04:00,,,,
PSA2KMQ,752615,39,39,1,1,204,15.3125,17.1635,0.7881773399014779,1.2794117647058825,54802,2020-09-07 21:50:46.876000-04:00,22,47,2,72.9206963249516,92.4403183023873,40.9090909090909,77.7777777777778,3955,23.415,20.154,0.7321836165356328,1.3696586599241467,602103,2020-09-07 21:03:05.257000-04:00,,,,
PSA2KMQ,752624,39,36,1,1,185,18.386,19.511,0.8043478260869565,1.308108108108108,54802,2020-09-07 21:50:46.876000-04:00,22,47,2,72.9206963249516,92.4403183023873,40.9090909090909,77.7777777777778,3955,23.415,20.154,0.7321836165356328,1.3696586599241467,602103,2020-09-07 21:03:05.257000-04:00,,,,
PSA2KMQ,752631,39,38,1,1,205,23.458,28.101,0.7892156862745098,1.526829268292683,54802,2020-09-07 21:50:46.876000-04:00,22,47,2,72.9206963249516,92.4403183023873,40.9090909090909,77.7777777777778,3955,23.415,20.154,0.7321836165356328,1.3696586599241467,602103,2020-09-07 21:03:05.257000-04:00,,,,
PSA2KMQ,752639,39,39,2,1,190,18.4505,19.757,0.8263157894736842,1.231578947368421,54802,2020-09-07 21:50:46.876000-04:00,22,47,2,72.9206963249516,92.4403183023873,40.9090909090909,77.7777777777778,3955,23.415,20.154,0.7321836165356328,1.3696586599241467,602103,2020-09-07 21:03:05.257000-04:00,,,,
PSA2KMQ,752640,40,39,1,0,211,22.23,23.617,0.7819905213270142,1.4028436018957346,54802,2020-09-07 21:50:46.876000-04:00,22,47,2,72.9206963249516,92.4403183023873,40.9090909090909,77.7777777777778,3955,23.415,20.154,0.7321836165356328,1.3696586599241467,602103,2020-09-07 21:03:05.257000-04:00,,,,
PSA2KMQ,752646,38,35,1,1,182,18.856,22.0435,0.7362637362637363,1.4395604395604396,54802,2020-09-07 21:50:46.876000-04:00,22,47,2,72.9206963249516,92.4403183023873,40.9090909090909,77.7777777777778,3955,23.415,20.154,0.7321836165356328,1.3696586599241467,602103,2020-09-07 21:03:05.257000-04:00,,,,
PSA2KMQ,752651,38,37,1,0,177,19.826,21.723,0.847457627118644,1.288135593220339,54802,2020-09-07 21:50:46.876000-04:00,22,47,2,72.9206963249516,92.4403183023873,40.9090909090909,77.7777777777778,3955,23.415,20.154,0.7321836165356328,1.3696586599241467,602103,2020-09-07 21:03:05.257000-04:00,,,,
PSA2KMQ,752652,34,29,0,0,150,18.94,22.4165,0.74,1.3266666666666667,54802,2020-09-07 21:50:46.876000-04:00,22,47,2,72.9206963249516,92.4403183023873,40.9090909090909,77.7777777777778,3955,23.415,20.154,0.7321836165356328,1.3696586599241467,602103,2020-09-07 21:03:05.257000-04:00,,,,
PSA2KMQ,752661,40,40,1,1,233,16.557,20.262,0.7025862068965517,1.44206008583691,54802,2020-09-07 21:50:46.876000-04:00,22,47,2,72.9206963249516,92.4403183023873,40.9090909090909,77.7777777777778,3955,23.415,20.154,0.7321836165356328,1.3696586599241467,602103,2020-09-07 21:03:05.257000-04:00,,,,
PSA2KMQ,752667,39,38,1,1,188,21.7545,23.224,0.7754010695187166,1.4202127659574468,54802,2020-09-07 21:50:46.876000-04:00,22,47,2,72.9206963249516,92.4403183023873,40.9090909090909,77.7777777777778,3955,23.415,20.154,0.7321836165356328,1.3696586599241467,602103,2020-09-07 21:03:05.257000-04:00,,,,
PSA2KMQ,752669,40,37,1,1,264,18.668,24.2325,0.6387832699619772,1.2916666666666667,54802,2020-09-07 21:50:46.876000-04:00,22,47,2,72.9206963249516,92.4403183023873,40.9090909090909,77.7777777777778,3955,23.415,20.154,0.7321836165356328,1.3696586599241467,602103,2020-09-07 21:03:05.257000-04:00,,,,
PSA2KMQ,752692,40,38,1,1,189,25.614,32.074,0.7925531914893617,1.2116402116402116,54802,2020-09-07 21:50:46.876000-04:00,22,47,2,72.9206963249516,92.4403183023873,40.9090909090909,77.7777777777778,3955,23.415,20.154,0.7321836165356328,1.3696586599241467,602103,2020-09-07 21:03:05.257000-04:00,,,,
PSA2KMQ,752697,33,20,1,1,131,20.445,22.399,0.7076923076923077,1.4045801526717556,54802,2020-09-07 21:50:46.876000-04:00,22,47,2,72.9206963249516,92.4403183023873,40.9090909090909,77.7777777777778,3955,23.415,20.154,0.7321836165356328,1.3696586599241467,602103,2020-09-07 21:03:05.257000-04:00,,,,
PSA2KMQ,752725,38,37,1,1,294,16.0035,20.676,0.590443686006826,1.435374149659864,54802,2020-09-07 21:50:46.876000-04:00,22,47,2,72.9206963249516,92.4403183023873,40.9090909090909,77.7777777777778,3955,23.415,20.154,0.7321836165356328,1.3696586599241467,602103,2020-09-07 21:03:05.257000-04:00,,,,
PSA2KMQ,752732,30,21,2,0,125,33.748,40.27,0.728,1.64,54802,2020-09-07 21:50:46.876000-04:00,22,47,2,72.9206963249516,92.4403183023873,40.9090909090909,77.7777777777778,3955,23.415,20.154,0.7321836165356328,1.3696586599241467,602103,2020-09-07 21:03:05.257000-04:00,,,,
PSA2KMQ,752806,35,31,0,0,183,19.23,19.979,0.726775956284153,1.2622950819672132,54802,2020-09-07 21:50:46.876000-04:00,22,47,2,72.9206963249516,92.4403183023873,40.9090909090909,77.7777777777778,3955,23.415,20.154,0.7321836165356328,1.3696586599241467,602103,2020-09-07 21:03:05.257000-04:00,,,,
PSA2KMQ,752817,36,36,1,1,206,21.14,25.9785,0.6844660194174758,1.2815533980582523,54802,2020-09-07 21:50:46.876000-04:00,22,47,2,72.9206963249516,92.4403183023873,40.9090909090909,77.7777777777778,3955,23.415,20.154,0.7321836165356328,1.3696586599241467,602103,2020-09-07 21:03:05.257000-04:00,,,,
PSA2KMQ,896160,19,18,1,1,85,35.023,38.123,0.8470588235294118,1.188235294117647,54803,2020-09-07 21:50:46.876000-04:00,45,46,2,58.0193236714976,88.2597835137386,18.8888888888889,94.1176470588235,6132,27.0935,23.1715,0.7376674289447893,1.374918460534899,602103,2020-09-07 21:03:05.257000-04:00,,,,
PSA2KMQ,751129,37,31,1,1,193,23.723,25.485,0.7150259067357513,1.4404145077720207,54803,2020-09-07 21:50:46.876000-04:00,45,46,2,58.0193236714976,88.2597835137386,18.8888888888889,94.1176470588235,6132,27.0935,23.1715,0.7376674289447893,1.374918460534899,602103,2020-09-07 21:03:05.257000-04:00,,,,
PSA2KMQ,750526,40,34,3,3,192,33.7135,34.888,0.7696335078534031,1.2760416666666667,54803,2020-09-07 21:50:46.876000-04:00,45,46,2,58.0193236714976,88.2597835137386,18.8888888888889,94.1176470588235,6132,27.0935,23.1715,0.7376674289447893,1.374918460534899,602103,2020-09-07 21:03:05.257000-04:00,,,,
PSA2KMQ,750520,33,25,1,1,199,28.063,34.78,0.6515151515151515,1.6331658291457285,54803,2020-09-07 21:50:46.876000-04:00,45,46,2,58.0193236714976,88.2597835137386,18.8888888888889,94.1176470588235,6132,27.0935,23.1715,0.7376674289447893,1.374918460534899,602103,2020-09-07 21:03:05.257000-04:00,,,,
PSA2KMQ,750516,39,36,2,2,270,28.268,38.143,0.6133828996282528,1.4592592592592593,54803,2020-09-07 21:50:46.876000-04:00,45,46,2,58.0193236714976,88.2597835137386,18.8888888888889,94.1176470588235,6132,27.0935,23.1715,0.7376674289447893,1.374918460534899,602103,2020-09-07 21:03:05.257000-04:00,,,,
PSA2KMQ,749187,38,32,0,0,190,27.619,37.8435,0.7105263157894737,1.463157894736842,54803,2020-09-07 21:50:46.876000-04:00,45,46,2,58.0193236714976,88.2597835137386,18.8888888888889,94.1176470588235,6132,27.0935,23.1715,0.7376674289447893,1.374918460534899,602103,2020-09-07 21:03:05.257000-04:00,,,,
PSA2KMQ,749165,39,37,1,1,215,15.899,19.372,0.719626168224299,1.4418604651162792,54803,2020-09-07 21:50:46.876000-04:00,45,46,2,58.0193236714976,88.2597835137386,18.8888888888889,94.1176470588235,6132,27.0935,23.1715,0.7376674289447893,1.374918460534899,602103,2020-09-07 21:03:05.257000-04:00,,,,
PSA2KMQ,749038,38,36,0,0,244,30.5455,39.57,0.680327868852459,1.6926229508196722,54803,2020-09-07 21:50:46.876000-04:00,45,46,2,58.0193236714976,88.2597835137386,18.8888888888889,94.1176470588235,6132,27.0935,23.1715,0.7376674289447893,1.374918460534899,602103,2020-09-07 21:03:05.257000-04:00,,,,
PSA2KMQ,749034,36,29,1,1,148,28.6895,30.9535,0.7972972972972973,1.3310810810810811,54803,2020-09-07 21:50:46.876000-04:00,45,46,2,58.0193236714976,88.2597835137386,18.8888888888889,94.1176470588235,6132,27.0935,23.1715,0.7376674289447893,1.374918460534899,602103,2020-09-07 21:03:05.257000-04:00,,,,
PSA2KMQ,749018,39,36,2,2,196,16.9525,19.256,0.7589743589743589,1.2602040816326532,54803,2020-09-07 21:50:46.876000-04:00,45,46,2,58.0193236714976,88.2597835137386,18.8888888888889,94.1176470588235,6132,27.0935,23.1715,0.7376674289447893,1.374918460534899,602103,2020-09-07 21:03:05.257000-04:00,,,,
PSA2KMQ,749012,22,14,1,1,111,15.363,19.076,0.5315315315315315,1.4144144144144144,54803,2020-09-07 21:50:46.876000-04:00,45,46,2,58.0193236714976,88.2597835137386,18.8888888888889,94.1176470588235,6132,27.0935,23.1715,0.7376674289447893,1.374918460534899,602103,2020-09-07 21:03:05.257000-04:00,,,,
PSA2KMQ,749009,39,38,1,1,208,17.95,21.146,0.7874396135265701,1.2980769230769231,54803,2020-09-07 21:50:46.876000-04:00,45,46,2,58.0193236714976,88.2597835137386,18.8888888888889,94.1176470588235,6132,27.0935,23.1715,0.7376674289447893,1.374918460534899,602103,2020-09-07 21:03:05.257000-04:00,,,,
PSA2KMQ,749007,39,29,2,1,172,18.26,20.2525,0.7790697674418605,1.2906976744186047,54803,2020-09-07 21:50:46.876000-04:00,45,46,2,58.0193236714976,88.2597835137386,18.8888888888889,94.1176470588235,6132,27.0935,23.1715,0.7376674289447893,1.374918460534899,602103,2020-09-07 21:03:05.257000-04:00,,,,
PSA2KMQ,749003,40,38,1,1,276,21.2265,25.686,0.6521739130434783,1.3695652173913042,54803,2020-09-07 21:50:46.876000-04:00,45,46,2,58.0193236714976,88.2597835137386,18.8888888888889,94.1176470588235,6132,27.0935,23.1715,0.7376674289447893,1.374918460534899,602103,2020-09-07 21:03:05.257000-04:00,,,,
PSA2KMQ,749002,36,34,1,1,186,19.048,21.0385,0.7405405405405405,1.3010752688172043,54803,2020-09-07 21:50:46.876000-04:00,45,46,2,58.0193236714976,88.2597835137386,18.8888888888889,94.1176470588235,6132,27.0935,23.1715,0.7376674289447893,1.374918460534899,602103,2020-09-07 21:03:05.257000-04:00,,,,
PSA2KMQ,748996,39,33,2,2,203,24.193,27.205,0.7079207920792079,1.3891625615763548,54803,2020-09-07 21:50:46.876000-04:00,45,46,2,58.0193236714976,88.2597835137386,18.8888888888889,94.1176470588235,6132,27.0935,23.1715,0.7376674289447893,1.374918460534899,602103,2020-09-07 21:03:05.257000-04:00,,,,
PSA2KMQ,748994,39,37,1,1,199,23.119,25.86,0.7424242424242424,1.2412060301507537,54803,2020-09-07 21:50:46.876000-04:00,45,46,2,58.0193236714976,88.2597835137386,18.8888888888889,94.1176470588235,6132,27.0935,23.1715,0.7376674289447893,1.374918460534899,602103,2020-09-07 21:03:05.257000-04:00,,,,
PSA2KMQ,748988,40,35,3,3,228,20.5435,25.6095,0.6872246696035242,1.4254385964912282,54803,2020-09-07 21:50:46.876000-04:00,45,46,2,58.0193236714976,88.2597835137386,18.8888888888889,94.1176470588235,6132,27.0935,23.1715,0.7376674289447893,1.374918460534899,602103,2020-09-07 21:03:05.257000-04:00,,,,
PSA2KMQ,733236,3,0,1,1,11,11.422,26.802,0.18181818181818182,3.3636363636363638,57151,2020-09-10 10:53:29.386000-04:00,63,2,1,72.2222222222222,82.4175824175824,73.015873015873,86.9565217391304,511,43.899,33.436,0.6947162426614482,1.4500978473581212,395543,2020-07-06 15:44:10.179000-04:00,112.0,Arizona,Yes,Suburb: Large
PSA2KMQ,733240,3,3,1,1,22,81.587,95.367,0.7272727272727273,1.3636363636363635,57151,2020-09-10 10:53:29.386000-04:00,63,2,1,72.2222222222222,82.4175824175824,73.015873015873,86.9565217391304,511,43.899,33.436,0.6947162426614482,1.4500978473581212,395543,2020-07-06 15:44:10.179000-04:00,112.0,Arizona,Yes,Suburb: Large
PSA2KMQ,733512,3,2,1,1,21,62.213,62.216,0.7619047619047619,1.4285714285714286,57151,2020-09-10 10:53:29.386000-04:00,63,2,1,72.2222222222222,82.4175824175824,73.015873015873,86.9565217391304,511,43.899,33.436,0.6947162426614482,1.4500978473581212,395543,2020-07-06 15:44:10.179000-04:00,112.0,Arizona,Yes,Suburb: Large
PSA2KMQ,733943,3,3,1,1,22,102.672,183.343,0.7727272727272727,1.5909090909090908,57151,2020-09-10 10:53:29.386000-04:00,63,2,1,72.2222222222222,82.4175824175824,73.015873015873,86.9565217391304,511,43.899,33.436,0.6947162426614482,1.4500978473581212,395543,2020-07-06 15:44:10.179000-04:00,112.0,Arizona,Yes,Suburb: Large
PSA2KMQ,735005,3,2,1,1,13,50.838,50.842,0.6153846153846154,1.3076923076923077,57151,2020-09-10 10:53:29.386000-04:00,63,2,1,72.2222222222222,82.4175824175824,73.015873015873,86.9565217391304,511,43.899,33.436,0.6947162426614482,1.4500978473581212,395543,2020-07-06 15:44:10.179000-04:00,112.0,Arizona,Yes,Suburb: Large
PSA2KMQ,735220,3,3,1,1,24,13.9515,14.0415,0.8333333333333334,1.1666666666666667,57151,2020-09-10 10:53:29.386000-04:00,63,2,1,72.2222222222222,82.4175824175824,73.015873015873,86.9565217391304,511,43.899,33.436,0.6947162426614482,1.4500978473581212,395543,2020-07-06 15:44:10.179000-04:00,112.0,Arizona,Yes,Suburb: Large
PSA2KMQ,739208,3,2,0,0,24,50.603,53.836,0.7083333333333334,1.25,57151,2020-09-10 10:53:29.386000-04:00,63,2,1,72.2222222222222,82.4175824175824,73.015873015873,86.9565217391304,511,43.899,33.436,0.6947162426614482,1.4500978473581212,395543,2020-07-06 15:44:10.179000-04:00,112.0,Arizona,Yes,Suburb: Large
PSA2KMQ,746371,3,3,1,1,20,31.9625,45.2215,0.7,1.15,57151,2020-09-10 10:53:29.386000-04:00,63,2,1,72.2222222222222,82.4175824175824,73.015873015873,86.9565217391304,511,43.899,33.436,0.6947162426614482,1.4500978473581212,395543,2020-07-06 15:44:10.179000-04:00,112.0,Arizona,Yes,Suburb: Large
PSA2KMQ,729428,2,1,1,1,16,45.7215,56.935,0.625,1.8125,57151,2020-09-10 10:53:29.386000-04:00,63,2,1,72.2222222222222,82.4175824175824,73.015873015873,86.9565217391304,511,43.899,33.436,0.6947162426614482,1.4500978473581212,395543,2020-07-06 15:44:10.179000-04:00,112.0,Arizona,Yes,Suburb: Large
PSA2KMQ,729180,3,3,1,1,21,20.64,26.448,0.6190476190476191,1.619047619047619,57151,2020-09-10 10:53:29.386000-04:00,63,2,1,72.2222222222222,82.4175824175824,73.015873015873,86.9565217391304,511,43.899,33.436,0.6947162426614482,1.4500978473581212,395543,2020-07-06 15:44:10.179000-04:00,112.0,Arizona,Yes,Suburb: Large
PSA2KMQ,728896,3,3,1,1,16,31.3285,48.5965,0.75,1.4375,57151,2020-09-10 10:53:29.386000-04:00,63,2,1,72.2222222222222,82.4175824175824,73.015873015873,86.9565217391304,511,43.899,33.436,0.6947162426614482,1.4500978473581212,395543,2020-07-06 15:44:10.179000-04:00,112.0,Arizona,Yes,Suburb: Large
PSA2KMQ,728877,3,2,1,1,37,17.221,43.797,0.24324324324324326,1.864864864864865,57151,2020-09-10 10:53:29.386000-04:00,63,2,1,72.2222222222222,82.4175824175824,73.015873015873,86.9565217391304,511,43.899,33.436,0.6947162426614482,1.4500978473581212,395543,2020-07-06 15:44:10.179000-04:00,112.0,Arizona,Yes,Suburb: Large
PSA2KMQ,721089,3,2,1,1,20,37.0855,50.4085,0.65,1.25,57151,2020-09-10 10:53:29.386000-04:00,63,2,1,72.2222222222222,82.4175824175824,73.015873015873,86.9565217391304,511,43.899,33.436,0.6947162426614482,1.4500978473581212,395543,2020-07-06 15:44:10.179000-04:00,112.0,Arizona,Yes,Suburb: Large
PSA2KMQ,772673,3,2,1,1,38,77.117,127.949,0.5263157894736842,1.6842105263157896,57151,2020-09-10 10:53:29.386000-04:00,63,2,1,72.2222222222222,82.4175824175824,73.015873015873,86.9565217391304,511,43.899,33.436,0.6947162426614482,1.4500978473581212,395543,2020-07-06 15:44:10.179000-04:00,112.0,Arizona,Yes,Suburb: Large
PSA2KMQ,708662,3,2,1,1,9,31.165,46.144,0.8888888888888888,1.1111111111111112,57151,2020-09-10 10:53:29.386000-04:00,63,2,1,72.2222222222222,82.4175824175824,73.015873015873,86.9565217391304,511,43.899,33.436,0.6947162426614482,1.4500978473581212,395543,2020-07-06 15:44:10.179000-04:00,112.0,Arizona,Yes,Suburb: Large
PSA2KMQ,707924,3,3,1,1,17,76.357,76.365,1.0,1.0,57151,2020-09-10 10:53:29.386000-04:00,63,2,1,72.2222222222222,82.4175824175824,73.015873015873,86.9565217391304,511,43.899,33.436,0.6947162426614482,1.4500978473581212,395543,2020-07-06 15:44:10.179000-04:00,112.0,Arizona,Yes,Suburb: Large
PSA2KMQ,792726,3,2,0,0,7,157.453,157.458,0.8571428571428571,1.0,57151,2020-09-10 10:53:29.386000-04:00,63,2,1,72.2222222222222,82.4175824175824,73.015873015873,86.9565217391304,511,43.899,33.436,0.6947162426614482,1.4500978473581212,395543,2020-07-06 15:44:10.179000-04:00,112.0,Arizona,Yes,Suburb: Large
PSA2KMQ,706205,3,2,1,1,12,46.0665,48.5295,0.5833333333333334,3.6666666666666665,57151,2020-09-10 10:53:29.386000-04:00,63,2,1,72.2222222222222,82.4175824175824,73.015873015873,86.9565217391304,511,43.899,33.436,0.6947162426614482,1.4500978473581212,395543,2020-07-06 15:44:10.179000-04:00,112.0,Arizona,Yes,Suburb: Large
PSA2KMQ,811861,3,2,1,0,26,17.705,35.675,0.4230769230769231,1.6538461538461537,57151,2020-09-10 10:53:29.386000-04:00,63,2,1,72.2222222222222,82.4175824175824,73.015873015873,86.9565217391304,511,43.899,33.436,0.6947162426614482,1.4500978473581212,395543,2020-07-06 15:44:10.179000-04:00,112.0,Arizona,Yes,Suburb: Large
PSA2KMQ,705356,3,3,1,1,22,24.11,28.1675,0.6363636363636364,1.4545454545454546,57151,2020-09-10 10:53:29.386000-04:00,63,2,1,72.2222222222222,82.4175824175824,73.015873015873,86.9565217391304,511,43.899,33.436,0.6947162426614482,1.4500978473581212,395543,2020-07-06 15:44:10.179000-04:00,112.0,Arizona,Yes,Suburb: Large
PSA2KMQ,702800,3,3,1,1,26,30.897,39.3605,0.6538461538461539,1.5384615384615385,57151,2020-09-10 10:53:29.386000-04:00,63,2,1,72.2222222222222,82.4175824175824,73.015873015873,86.9565217391304,511,43.899,33.436,0.6947162426614482,1.4500978473581212,395543,2020-07-06 15:44:10.179000-04:00,112.0,Arizona,Yes,Suburb: Large
PSA2KMQ,701700,3,2,1,1,15,43.207,80.413,0.8666666666666667,1.2,57151,2020-09-10 10:53:29.386000-04:00,63,2,1,72.2222222222222,82.4175824175824,73.015873015873,86.9565217391304,511,43.899,33.436,0.6947162426614482,1.4500978473581212,395543,2020-07-06 15:44:10.179000-04:00,112.0,Arizona,Yes,Suburb: Large
PSA2KMQ,701173,3,2,1,1,20,33.053,45.8395,0.75,1.35,57151,2020-09-10 10:53:29.386000-04:00,63,2,1,72.2222222222222,82.4175824175824,73.015873015873,86.9565217391304,511,43.899,33.436,0.6947162426614482,1.4500978473581212,395543,2020-07-06 15:44:10.179000-04:00,112.0,Arizona,Yes,Suburb: Large
PSA2KMQ,852870,0,0,0,0,0,,,,,57151,2020-09-10 10:53:29.386000-04:00,63,2,1,72.2222222222222,82.4175824175824,73.015873015873,86.9565217391304,511,43.899,33.436,0.6947162426614482,1.4500978473581212,395543,2020-07-06 15:44:10.179000-04:00,112.0,Arizona,Yes,Suburb: Large
PSA2KMQ,947918,0,0,0,0,0,,,,,57151,2020-09-10 10:53:29.386000-04:00,63,2,1,72.2222222222222,82.4175824175824,73.015873015873,86.9565217391304,511,43.899,33.436,0.6947162426614482,1.4500978473581212,395543,2020-07-06 15:44:10.179000-04:00,112.0,Arizona,Yes,Suburb: Large
PSA2KMQ,729865,3,3,1,1,35,37.114,62.305,0.6,1.657142857142857,57151,2020-09-10 10:53:29.386000-04:00,63,2,1,72.2222222222222,82.4175824175824,73.015873015873,86.9565217391304,511,43.899,33.436,0.6947162426614482,1.4500978473581212,395543,2020-07-06 15:44:10.179000-04:00,112.0,Arizona,Yes,Suburb: Large
PSA2KMQ,730458,3,3,1,1,17,63.351,66.586,0.7058823529411765,1.7647058823529411,57151,2020-09-10 10:53:29.386000-04:00,63,2,1,72.2222222222222,82.4175824175824,73.015873015873,86.9565217391304,511,43.899,33.436,0.6947162426614482,1.4500978473581212,395543,2020-07-06 15:44:10.179000-04:00,112.0,Arizona,Yes,Suburb: Large
PSA2KMQ,730526,1,0,1,1,4,73.5925,115.4475,0.5,1.25,57151,2020-09-10 10:53:29.386000-04:00,63,2,1,72.2222222222222,82.4175824175824,73.015873015873,86.9565217391304,511,43.899,33.436,0.6947162426614482,1.4500978473581212,395543,2020-07-06 15:44:10.179000-04:00,112.0,Arizona,Yes,Suburb: Large
PSA2KMQ,731651,2,0,1,0,3,306.58,306.592,0.6666666666666666,1.3333333333333333,57151,2020-09-10 10:53:29.386000-04:00,63,2,1,72.2222222222222,82.4175824175824,73.015873015873,86.9565217391304,511,43.899,33.436,0.6947162426614482,1.4500978473581212,395543,2020-07-06 15:44:10.179000-04:00,112.0,Arizona,Yes,Suburb: Large
PSA2KMQ,731657,3,2,1,1,40,16.5485,22.235,0.6,1.75,57151,2020-09-10 10:53:29.386000-04:00,63,2,1,72.2222222222222,82.4175824175824,73.015873015873,86.9565217391304,511,43.899,33.436,0.6947162426614482,1.4500978473581212,395543,2020-07-06 15:44:10.179000-04:00,112.0,Arizona,Yes,Suburb: Large
PSA2KMQ,731778,3,3,1,1,23,26.727,33.444,0.6086956521739131,1.565217391304348,57151,2020-09-10 10:53:29.386000-04:00,63,2,1,72.2222222222222,82.4175824175824,73.015873015873,86.9565217391304,511,43.899,33.436,0.6947162426614482,1.4500978473581212,395543,2020-07-06 15:44:10.179000-04:00,112.0,Arizona,Yes,Suburb: Large
PSA2KMQ,732756,3,3,1,1,19,61.077,61.082,0.8421052631578947,1.263157894736842,57151,2020-09-10 10:53:29.386000-04:00,63,2,1,72.2222222222222,82.4175824175824,73.015873015873,86.9565217391304,511,43.899,33.436,0.6947162426614482,1.4500978473581212,395543,2020-07-06 15:44:10.179000-04:00,112.0,Arizona,Yes,Suburb: Large
PSA2KMQ,733052,3,3,1,1,17,39.8,39.801,0.7647058823529411,1.2941176470588236,57151,2020-09-10 10:53:29.386000-04:00,63,2,1,72.2222222222222,82.4175824175824,73.015873015873,86.9565217391304,511,43.899,33.436,0.6947162426614482,1.4500978473581212,395543,2020-07-06 15:44:10.179000-04:00,112.0,Arizona,Yes,Suburb: Large
PSA2KMQ,733119,3,2,1,1,20,29.6015,31.288,0.7,1.4,57151,2020-09-10 10:53:29.386000-04:00,63,2,1,72.2222222222222,82.4175824175824,73.015873015873,86.9565217391304,511,43.899,33.436,0.6947162426614482,1.4500978473581212,395543,2020-07-06 15:44:10.179000-04:00,112.0,Arizona,Yes,Suburb: Large
PSA2KMQ,733173,3,3,1,1,30,44.8685,86.91,0.6333333333333333,1.5333333333333332,57151,2020-09-10 10:53:29.386000-04:00,63,2,1,72.2222222222222,82.4175824175824,73.015873015873,86.9565217391304,511,43.899,33.436,0.6947162426614482,1.4500978473581212,395543,2020-07-06 15:44:10.179000-04:00,112.0,Arizona,Yes,Suburb: Large
PSA2KMQ,733177,3,2,1,1,15,128.329,128.335,0.8666666666666667,1.0666666666666667,57151,2020-09-10 10:53:29.386000-04:00,63,2,1,72.2222222222222,82.4175824175824,73.015873015873,86.9565217391304,511,43.899,33.436,0.6947162426614482,1.4500978473581212,395543,2020-07-06 15:44:10.179000-04:00,112.0,Arizona,Yes,Suburb: Large
PSA2KMQ,733186,3,2,1,1,19,52.067,79.379,0.5789473684210527,1.4736842105263157,57151,2020-09-10 10:53:29.386000-04:00,63,2,1,72.2222222222222,82.4175824175824,73.015873015873,86.9565217391304,511,43.899,33.436,0.6947162426614482,1.4500978473581212,395543,2020-07-06 15:44:10.179000-04:00,112.0,Arizona,Yes,Suburb: Large
PSA2KMQ,733230,3,3,1,1,19,73.878,115.836,0.6842105263157895,1.6842105263157896,57151,2020-09-10 10:53:29.386000-04:00,63,2,1,72.2222222222222,82.4175824175824,73.015873015873,86.9565217391304,511,43.899,33.436,0.6947162426614482,1.4500978473581212,395543,2020-07-06 15:44:10.179000-04:00,112.0,Arizona,Yes,Suburb: Large
PSA2KMQ,729589,2,2,3,3,49,24.149,30.011,0.7142857142857143,1.4489795918367347,59085,2020-09-13 10:45:35.159000-04:00,23,1,6,0.0,0.0,47.8260869565217,83.3333333333333,614,28.408,25.431,0.7489795918367347,1.239413680781759,668381,2020-09-13 08:38:06.840000-04:00,441.0,Connecticut,No,None
PSA2KMQ,729598,2,2,3,3,43,25.364,26.816,0.8888888888888888,1.069767441860465,59085,2020-09-13 10:45:35.159000-04:00,23,1,6,0.0,0.0,47.8260869565217,83.3333333333333,614,28.408,25.431,0.7489795918367347,1.239413680781759,668381,2020-09-13 08:38:06.840000-04:00,441.0,Connecticut,No,None
PSA2KMQ,729638,2,2,3,3,45,20.543,28.899,0.6842105263157895,1.4,59085,2020-09-13 10:45:35.159000-04:00,23,1,6,0.0,0.0,47.8260869565217,83.3333333333333,614,28.408,25.431,0.7489795918367347,1.239413680781759,668381,2020-09-13 08:38:06.840000-04:00,441.0,Connecticut,No,None
PSA2KMQ,729595,2,2,3,2,26,43.265,43.269,1.0,1.0,59085,2020-09-13 10:45:35.159000-04:00,23,1,6,0.0,0.0,47.8260869565217,83.3333333333333,614,28.408,25.431,0.7489795918367347,1.239413680781759,668381,2020-09-13 08:38:06.840000-04:00,441.0,Connecticut,No,None
PSA2KMQ,729607,2,2,3,2,26,6.7085,17.856,0.5833333333333334,1.5384615384615385,59085,2020-09-13 10:45:35.159000-04:00,23,1,6,0.0,0.0,47.8260869565217,83.3333333333333,614,28.408,25.431,0.7489795918367347,1.239413680781759,668381,2020-09-13 08:38:06.840000-04:00,441.0,Connecticut,No,None
PSA2KMQ,729609,2,2,3,3,48,15.8115,24.022,0.5609756097560976,1.5416666666666667,59085,2020-09-13 10:45:35.159000-04:00,23,1,6,0.0,0.0,47.8260869565217,83.3333333333333,614,28.408,25.431,0.7489795918367347,1.239413680781759,668381,2020-09-13 08:38:06.840000-04:00,441.0,Connecticut,No,None
PSA2KMQ,729591,2,2,3,3,45,11.253,12.362,0.8947368421052632,1.0888888888888888,59085,2020-09-13 10:45:35.159000-04:00,23,1,6,0.0,0.0,47.8260869565217,83.3333333333333,614,28.408,25.431,0.7489795918367347,1.239413680781759,668381,2020-09-13 08:38:06.840000-04:00,441.0,Connecticut,No,None
PSA2KMQ,113796,6,5,33,27,367,22.213,26.239,0.7003610108303249,1.3950953678474114,60335,2020-09-14 13:20:13.578000-04:00,18,5,18,0.0,0.0,72.5308641975309,90.6382978723404,2302,12.2535,10.521,0.7711283691183188,1.2780191138140746,137,2018-10-31 13:34:00.625000-04:00,1117.0,Maine,No,None
PSA2KMQ,113797,5,5,33,28,314,33.9425,39.14,0.801762114537445,1.178343949044586,60335,2020-09-14 13:20:13.578000-04:00,18,5,18,0.0,0.0,72.5308641975309,90.6382978723404,2302,12.2535,10.521,0.7711283691183188,1.2780191138140746,137,2018-10-31 13:34:00.625000-04:00,1117.0,Maine,No,None
PSA2KMQ,695466,1,1,17,15,184,10.002,10.7645,0.861271676300578,1.1467391304347827,60335,2020-09-14 13:20:13.578000-04:00,18,5,18,0.0,0.0,72.5308641975309,90.6382978723404,2302,12.2535,10.521,0.7711283691183188,1.2780191138140746,137,2018-10-31 13:34:00.625000-04:00,1117.0,Maine,No,None
PSA2KMQ,113785,3,3,31,29,362,17.584,22.928,0.7802197802197802,1.2154696132596685,60335,2020-09-14 13:20:13.578000-04:00,18,5,18,0.0,0.0,72.5308641975309,90.6382978723404,2302,12.2535,10.521,0.7711283691183188,1.2780191138140746,137,2018-10-31 13:34:00.625000-04:00,1117.0,Maine,No,None
PSA2KMQ,113798,5,5,35,33,366,26.387,33.514,0.8411552346570397,1.1721311475409837,60335,2020-09-14 13:20:13.578000-04:00,18,5,18,0.0,0.0,72.5308641975309,90.6382978723404,2302,12.2535,10.521,0.7711283691183188,1.2780191138140746,137,2018-10-31 13:34:00.625000-04:00,1117.0,Maine,No,None
PSA2KMQ,113812,5,4,35,35,376,13.3835,16.8135,0.6506849315068494,1.3430851063829787,60335,2020-09-14 13:20:13.578000-04:00,18,5,18,0.0,0.0,72.5308641975309,90.6382978723404,2302,12.2535,10.521,0.7711283691183188,1.2780191138140746,137,2018-10-31 13:34:00.625000-04:00,1117.0,Maine,No,None
PSA2KMQ,118434,4,4,31,26,326,29.242,34.703,0.7446808510638298,1.2730061349693251,60335,2020-09-14 13:20:13.578000-04:00,18,5,18,0.0,0.0,72.5308641975309,90.6382978723404,2302,12.2535,10.521,0.7711283691183188,1.2780191138140746,137,2018-10-31 13:34:00.625000-04:00,1117.0,Maine,No,None
PSA2KMQ,147971,5,5,32,31,361,41.007,48.675,0.7159533073929961,1.2797783933518005,60335,2020-09-14 13:20:13.578000-04:00,18,5,18,0.0,0.0,72.5308641975309,90.6382978723404,2302,12.2535,10.521,0.7711283691183188,1.2780191138140746,137,2018-10-31 13:34:00.625000-04:00,1117.0,Maine,No,None
PSA2KMQ,113789,4,4,36,35,368,26.845,32.3505,0.8422939068100358,1.173913043478261,60335,2020-09-14 13:20:13.578000-04:00,18,5,18,0.0,0.0,72.5308641975309,90.6382978723404,2302,12.2535,10.521,0.7711283691183188,1.2780191138140746,137,2018-10-31 13:34:00.625000-04:00,1117.0,Maine,No,None
PSA2KMQ,113790,4,4,33,29,346,21.261,25.283,0.7366412213740458,1.2485549132947977,60335,2020-09-14 13:20:13.578000-04:00,18,5,18,0.0,0.0,72.5308641975309,90.6382978723404,2302,12.2535,10.521,0.7711283691183188,1.2780191138140746,137,2018-10-31 13:34:00.625000-04:00,1117.0,Maine,No,None
PSA2KMQ,113794,4,4,35,33,383,17.443,20.345,0.8207885304659498,1.1618798955613576,60335,2020-09-14 13:20:13.578000-04:00,18,5,18,0.0,0.0,72.5308641975309,90.6382978723404,2302,12.2535,10.521,0.7711283691183188,1.2780191138140746,137,2018-10-31 13:34:00.625000-04:00,1117.0,Maine,No,None
PSA2KMQ,113795,5,4,32,25,334,19.533,26.973,0.6884615384615385,1.3263473053892216,60335,2020-09-14 13:20:13.578000-04:00,18,5,18,0.0,0.0,72.5308641975309,90.6382978723404,2302,12.2535,10.521,0.7711283691183188,1.2780191138140746,137,2018-10-31 13:34:00.625000-04:00,1117.0,Maine,No,None
PSA2KMQ,113788,5,3,28,22,315,29.922,39.566,0.8202764976958525,1.1841269841269841,60335,2020-09-14 13:20:13.578000-04:00,18,5,18,0.0,0.0,72.5308641975309,90.6382978723404,2302,12.2535,10.521,0.7711283691183188,1.2780191138140746,137,2018-10-31 13:34:00.625000-04:00,1117.0,Maine,No,None
PSA2KMQ,113801,5,5,36,33,403,33.804,45.14,0.8096774193548387,1.2655086848635235,60335,2020-09-14 13:20:13.578000-04:00,18,5,18,0.0,0.0,72.5308641975309,90.6382978723404,2302,12.2535,10.521,0.7711283691183188,1.2780191138140746,137,2018-10-31 13:34:00.625000-04:00,1117.0,Maine,No,None
PSA2KMQ,113802,5,5,36,33,368,25.4,30.4035,0.7942238267148014,1.1956521739130435,60335,2020-09-14 13:20:13.578000-04:00,18,5,18,0.0,0.0,72.5308641975309,90.6382978723404,2302,12.2535,10.521,0.7711283691183188,1.2780191138140746,137,2018-10-31 13:34:00.625000-04:00,1117.0,Maine,No,None
PSA2KMQ,113806,4,4,37,37,421,19.177,24.67,0.8670886075949367,1.163895486935867,60335,2020-09-14 13:20:13.578000-04:00,18,5,18,0.0,0.0,72.5308641975309,90.6382978723404,2302,12.2535,10.521,0.7711283691183188,1.2780191138140746,137,2018-10-31 13:34:00.625000-04:00,1117.0,Maine,No,None
PSA2KMQ,113809,5,5,36,36,393,21.777,28.092,0.8410596026490066,1.1577608142493638,60335,2020-09-14 13:20:13.578000-04:00,18,5,18,0.0,0.0,72.5308641975309,90.6382978723404,2302,12.2535,10.521,0.7711283691183188,1.2780191138140746,137,2018-10-31 13:34:00.625000-04:00,1117.0,Maine,No,None
PSA2KMQ,113813,5,5,36,34,370,23.1695,28.6805,0.7758007117437722,1.2432432432432432,60335,2020-09-14 13:20:13.578000-04:00,18,5,18,0.0,0.0,72.5308641975309,90.6382978723404,2302,12.2535,10.521,0.7711283691183188,1.2780191138140746,137,2018-10-31 13:34:00.625000-04:00,1117.0,Maine,No,None
PSA2KMQ,758114,2,0,7,6,218,6.4405,18.9405,0.16822429906542055,1.2339449541284404,61526,2020-09-15 18:35:36.854000-04:00,25,3,7,69.3333333333333,69.2307692307692,73.7142857142857,74.4186046511628,1970,48.169,40.134,0.5260638297872341,1.482741116751269,620551,2020-09-08 20:48:57.732000-04:00,,,,
PSA2KMQ,757067,3,3,7,7,123,43.589,49.15,0.6495726495726496,1.3414634146341462,61526,2020-09-15 18:35:36.854000-04:00,25,3,7,69.3333333333333,69.2307692307692,73.7142857142857,74.4186046511628,1970,48.169,40.134,0.5260638297872341,1.482741116751269,620551,2020-09-08 20:48:57.732000-04:00,,,,
PSA2KMQ,762250,3,2,7,7,135,104.116,129.596,0.49612403100775193,1.8296296296296295,61526,2020-09-15 18:35:36.854000-04:00,25,3,7,69.3333333333333,69.2307692307692,73.7142857142857,74.4186046511628,1970,48.169,40.134,0.5260638297872341,1.482741116751269,620551,2020-09-08 20:48:57.732000-04:00,,,,
PSA2KMQ,754606,3,1,7,7,131,20.499,31.227,0.5365853658536586,1.3893129770992365,61526,2020-09-15 18:35:36.854000-04:00,25,3,7,69.3333333333333,69.2307692307692,73.7142857142857,74.4186046511628,1970,48.169,40.134,0.5260638297872341,1.482741116751269,620551,2020-09-08 20:48:57.732000-04:00,,,,
PSA2KMQ,758225,3,3,7,7,121,21.754,28.879,0.6521739130434783,1.2727272727272727,61526,2020-09-15 18:35:36.854000-04:00,25,3,7,69.3333333333333,69.2307692307692,73.7142857142857,74.4186046511628,1970,48.169,40.134,0.5260638297872341,1.482741116751269,620551,2020-09-08 20:48:57.732000-04:00,,,,
PSA2KMQ,754425,6,4,7,7,183,44.09,67.993,0.3050847457627119,2.3114754098360657,61526,2020-09-15 18:35:36.854000-04:00,25,3,7,69.3333333333333,69.2307692307692,73.7142857142857,74.4186046511628,1970,48.169,40.134,0.5260638297872341,1.482741116751269,620551,2020-09-08 20:48:57.732000-04:00,,,,
PSA2KMQ,753845,3,2,6,6,118,22.574,25.8585,0.6696428571428571,1.1864406779661016,61528,2020-09-15 18:35:36.856000-04:00,17,3,7,76.4705882352941,87.1794871794872,81.5126050420168,91.7525773195876,1715,52.753,43.062,0.6446483180428134,1.4408163265306122,620551,2020-09-08 20:48:57.732000-04:00,,,,
PSA2KMQ,754418,5,5,7,7,131,39.891,43.213,0.744,1.366412213740458,61528,2020-09-15 18:35:36.856000-04:00,17,3,7,76.4705882352941,87.1794871794872,81.5126050420168,91.7525773195876,1715,52.753,43.062,0.6446483180428134,1.4408163265306122,620551,2020-09-08 20:48:57.732000-04:00,,,,
PSA2KMQ,754274,6,6,7,7,153,49.041,55.708,0.6462585034013606,1.5359477124183007,61528,2020-09-15 18:35:36.856000-04:00,17,3,7,76.4705882352941,87.1794871794872,81.5126050420168,91.7525773195876,1715,52.753,43.062,0.6446483180428134,1.4408163265306122,620551,2020-09-08 20:48:57.732000-04:00,,,,
PSA2KMQ,753907,4,4,7,7,135,16.879,27.937,0.751937984496124,1.237037037037037,61528,2020-09-15 18:35:36.856000-04:00,17,3,7,76.4705882352941,87.1794871794872,81.5126050420168,91.7525773195876,1715,52.753,43.062,0.6446483180428134,1.4408163265306122,620551,2020-09-08 20:48:57.732000-04:00,,,,
PSA2KMQ,753731,5,5,7,7,167,43.641,58.142,0.5527950310559007,1.4970059880239521,61528,2020-09-15 18:35:36.856000-04:00,17,3,7,76.4705882352941,87.1794871794872,81.5126050420168,91.7525773195876,1715,52.753,43.062,0.6446483180428134,1.4408163265306122,620551,2020-09-08 20:48:57.732000-04:00,,,,
PSA2KMQ,753695,5,5,7,7,139,57.964,66.844,0.7518796992481203,1.2733812949640289,61528,2020-09-15 18:35:36.856000-04:00,17,3,7,76.4705882352941,87.1794871794872,81.5126050420168,91.7525773195876,1715,52.753,43.062,0.6446483180428134,1.4408163265306122,620551,2020-09-08 20:48:57.732000-04:00,,,,
PSA2KMQ,755139,4,4,7,7,138,24.3425,26.8405,0.803030303030303,1.210144927536232,61528,2020-09-15 18:35:36.856000-04:00,17,3,7,76.4705882352941,87.1794871794872,81.5126050420168,91.7525773195876,1715,52.753,43.062,0.6446483180428134,1.4408163265306122,620551,2020-09-08 20:48:57.732000-04:00,,,,
PSA2KMQ,911767,3,3,1,1,33,165.871,165.877,0.9354838709677419,1.0606060606060606,61528,2020-09-15 18:35:36.856000-04:00,17,3,7,76.4705882352941,87.1794871794872,81.5126050420168,91.7525773195876,1715,52.753,43.062,0.6446483180428134,1.4408163265306122,620551,2020-09-08 20:48:57.732000-04:00,,,,
PSA2KMQ,756093,3,1,7,7,163,36.815,56.608,0.43312101910828027,1.7668711656441718,61528,2020-09-15 18:35:36.856000-04:00,17,3,7,76.4705882352941,87.1794871794872,81.5126050420168,91.7525773195876,1715,52.753,43.062,0.6446483180428134,1.4408163265306122,620551,2020-09-08 20:48:57.732000-04:00,,,,
PSA2KMQ,716280,1,1,1,1,14,37.509,43.3,0.7857142857142857,1.1428571428571428,61607,2020-09-15 21:57:50.086000-04:00,36,0,2,0.0,0.0,37.5,100.0,108,101.1375,81.5795,0.4722222222222222,2.138888888888889,559312,2020-09-01 11:40:00.260000-04:00,330.0,California,Yes,None
PSA2KMQ,703975,0,0,0,0,0,,,,,61607,2020-09-15 21:57:50.086000-04:00,36,0,2,0.0,0.0,37.5,100.0,108,101.1375,81.5795,0.4722222222222222,2.138888888888889,559312,2020-09-01 11:40:00.260000-04:00,330.0,California,Yes,None
PSA2KMQ,716275,1,0,1,1,10,141.086,141.1065,0.9,1.2,61607,2020-09-15 21:57:50.086000-04:00,36,0,2,0.0,0.0,37.5,100.0,108,101.1375,81.5795,0.4722222222222222,2.138888888888889,559312,2020-09-01 11:40:00.260000-04:00,330.0,California,Yes,None
PSA2KMQ,716294,1,1,1,1,11,39.467,50.526,0.7272727272727273,1.5454545454545454,61607,2020-09-15 21:57:50.086000-04:00,36,0,2,0.0,0.0,37.5,100.0,108,101.1375,81.5795,0.4722222222222222,2.138888888888889,559312,2020-09-01 11:40:00.260000-04:00,330.0,California,Yes,None
PSA2KMQ,716300,1,0,1,1,5,79.978,85.781,0.4,2.4,61607,2020-09-15 21:57:50.086000-04:00,36,0,2,0.0,0.0,37.5,100.0,108,101.1375,81.5795,0.4722222222222222,2.138888888888889,559312,2020-09-01 11:40:00.260000-04:00,330.0,California,Yes,None
PSA2KMQ,716321,2,1,1,1,13,28.705,37.596,0.5384615384615384,2.076923076923077,61607,2020-09-15 21:57:50.086000-04:00,36,0,2,0.0,0.0,37.5,100.0,108,101.1375,81.5795,0.4722222222222222,2.138888888888889,559312,2020-09-01 11:40:00.260000-04:00,330.0,California,Yes,None
PSA2KMQ,716349,1,1,1,1,12,98.247,102.634,0.8333333333333334,1.1666666666666667,61607,2020-09-15 21:57:50.086000-04:00,36,0,2,0.0,0.0,37.5,100.0,108,101.1375,81.5795,0.4722222222222222,2.138888888888889,559312,2020-09-01 11:40:00.260000-04:00,330.0,California,Yes,None
PSA2KMQ,716359,1,1,1,1,15,22.783,36.598,0.6,2.2666666666666666,61607,2020-09-15 21:57:50.086000-04:00,36,0,2,0.0,0.0,37.5,100.0,108,101.1375,81.5795,0.4722222222222222,2.138888888888889,559312,2020-09-01 11:40:00.260000-04:00,330.0,California,Yes,None
PSA2KMQ,716407,1,1,1,1,15,48.125,70.22,0.6,1.8,61607,2020-09-15 21:57:50.086000-04:00,36,0,2,0.0,0.0,37.5,100.0,108,101.1375,81.5795,0.4722222222222222,2.138888888888889,559312,2020-09-01 11:40:00.260000-04:00,330.0,California,Yes,None
PSA2KMQ,716512,1,0,0,0,1,64.71,64.725,1.0,1.0,61607,2020-09-15 21:57:50.086000-04:00,36,0,2,0.0,0.0,37.5,100.0,108,101.1375,81.5795,0.4722222222222222,2.138888888888889,559312,2020-09-01 11:40:00.260000-04:00,330.0,California,Yes,None
PSA2KMQ,716262,1,1,1,1,13,59.376,59.383,0.6153846153846154,1.5384615384615385,61607,2020-09-15 21:57:50.086000-04:00,36,0,2,0.0,0.0,37.5,100.0,108,101.1375,81.5795,0.4722222222222222,2.138888888888889,559312,2020-09-01 11:40:00.260000-04:00,330.0,California,Yes,None
PSA2KMQ,716258,2,2,1,1,16,47.623,51.3525,0.625,1.5,61607,2020-09-15 21:57:50.086000-04:00,36,0,2,0.0,0.0,37.5,100.0,108,101.1375,81.5795,0.4722222222222222,2.138888888888889,559312,2020-09-01 11:40:00.260000-04:00,330.0,California,Yes,None
PSA2KMQ,716195,1,1,1,1,12,46.286,46.2945,0.8333333333333334,1.1666666666666667,61607,2020-09-15 21:57:50.086000-04:00,36,0,2,0.0,0.0,37.5,100.0,108,101.1375,81.5795,0.4722222222222222,2.138888888888889,559312,2020-09-01 11:40:00.260000-04:00,330.0,California,Yes,None
PSA2KMQ,716130,1,1,1,1,8,44.4875,44.498,0.625,1.25,61607,2020-09-15 21:57:50.086000-04:00,36,0,2,0.0,0.0,37.5,100.0,108,101.1375,81.5795,0.4722222222222222,2.138888888888889,559312,2020-09-01 11:40:00.260000-04:00,330.0,California,Yes,None
PSA2KMQ,716014,1,1,1,1,21,26.845,46.824,0.42857142857142855,1.5238095238095237,61607,2020-09-15 21:57:50.086000-04:00,36,0,2,0.0,0.0,37.5,100.0,108,101.1375,81.5795,0.4722222222222222,2.138888888888889,559312,2020-09-01 11:40:00.260000-04:00,330.0,California,Yes,None
PSA2KMQ,716097,1,1,1,1,13,42.89,69.182,0.6153846153846154,1.2307692307692308,61607,2020-09-15 21:57:50.086000-04:00,36,0,2,0.0,0.0,37.5,100.0,108,101.1375,81.5795,0.4722222222222222,2.138888888888889,559312,2020-09-01 11:40:00.260000-04:00,330.0,California,Yes,None
PSA2KMQ,927975,1,1,0,0,4,48.7115,48.7205,0.75,1.0,61607,2020-09-15 21:57:50.086000-04:00,36,0,2,0.0,0.0,37.5,100.0,108,101.1375,81.5795,0.4722222222222222,2.138888888888889,559312,2020-09-01 11:40:00.260000-04:00,330.0,California,Yes,None
PSA2KMQ,927977,1,1,0,0,9,42.495,44.787,0.6666666666666666,1.4444444444444444,61607,2020-09-15 21:57:50.086000-04:00,36,0,2,0.0,0.0,37.5,100.0,108,101.1375,81.5795,0.4722222222222222,2.138888888888889,559312,2020-09-01 11:40:00.260000-04:00,330.0,California,Yes,None
PSA2KMQ,928052,0,0,0,0,0,,,,,61607,2020-09-15 21:57:50.086000-04:00,36,0,2,0.0,0.0,37.5,100.0,108,101.1375,81.5795,0.4722222222222222,2.138888888888889,559312,2020-09-01 11:40:00.260000-04:00,330.0,California,Yes,None
PSA2KMQ,716150,1,1,1,1,11,78.335,116.533,0.6363636363636364,1.5454545454545454,61607,2020-09-15 21:57:50.086000-04:00,36,0,2,0.0,0.0,37.5,100.0,108,101.1375,81.5795,0.4722222222222222,2.138888888888889,559312,2020-09-01 11:40:00.260000-04:00,330.0,California,Yes,None
PSA2KMQ,716066,1,1,1,1,11,21.165,21.167,0.7272727272727273,1.3636363636363635,61607,2020-09-15 21:57:50.086000-04:00,36,0,2,0.0,0.0,37.5,100.0,108,101.1375,81.5795,0.4722222222222222,2.138888888888889,559312,2020-09-01 11:40:00.260000-04:00,330.0,California,Yes,None
PSA2KMQ,718827,0,0,1,1,4,136.9715,141.876,0.25,4.25,61608,2020-09-15 21:57:50.087000-04:00,34,0,2,0.0,0.0,45.5882352941176,90.3225806451613,114,104.906,83.068,0.5350877192982456,2.210526315789474,559312,2020-09-01 11:40:00.260000-04:00,330.0,California,Yes,None
PSA2KMQ,719012,0,0,1,1,4,83.5085,83.5315,0.75,1.25,61608,2020-09-15 21:57:50.087000-04:00,34,0,2,0.0,0.0,45.5882352941176,90.3225806451613,114,104.906,83.068,0.5350877192982456,2.210526315789474,559312,2020-09-01 11:40:00.260000-04:00,330.0,California,Yes,None
PSA2KMQ,719052,0,0,1,1,4,142.663,142.6745,0.5,1.5,61608,2020-09-15 21:57:50.087000-04:00,34,0,2,0.0,0.0,45.5882352941176,90.3225806451613,114,104.906,83.068,0.5350877192982456,2.210526315789474,559312,2020-09-01 11:40:00.260000-04:00,330.0,California,Yes,None
PSA2KMQ,719204,0,0,1,1,4,29.0895,42.005,0.25,2.5,61608,2020-09-15 21:57:50.087000-04:00,34,0,2,0.0,0.0,45.5882352941176,90.3225806451613,114,104.906,83.068,0.5350877192982456,2.210526315789474,559312,2020-09-01 11:40:00.260000-04:00,330.0,California,Yes,None
PSA2KMQ,720640,0,0,2,2,8,27.685,27.701,0.875,1.125,61608,2020-09-15 21:57:50.087000-04:00,34,0,2,0.0,0.0,45.5882352941176,90.3225806451613,114,104.906,83.068,0.5350877192982456,2.210526315789474,559312,2020-09-01 11:40:00.260000-04:00,330.0,California,Yes,None
PSA2KMQ,719216,0,0,1,1,4,118.904,167.917,0.5,2.0,61608,2020-09-15 21:57:50.087000-04:00,34,0,2,0.0,0.0,45.5882352941176,90.3225806451613,114,104.906,83.068,0.5350877192982456,2.210526315789474,559312,2020-09-01 11:40:00.260000-04:00,330.0,California,Yes,None
PSA2KMQ,718783,0,0,1,1,4,608.266,648.7755,0.5,1.25,61608,2020-09-15 21:57:50.087000-04:00,34,0,2,0.0,0.0,45.5882352941176,90.3225806451613,114,104.906,83.068,0.5350877192982456,2.210526315789474,559312,2020-09-01 11:40:00.260000-04:00,330.0,California,Yes,None
PSA2KMQ,704239,0,0,0,0,0,,,,,61608,2020-09-15 21:57:50.087000-04:00,34,0,2,0.0,0.0,45.5882352941176,90.3225806451613,114,104.906,83.068,0.5350877192982456,2.210526315789474,559312,2020-09-01 11:40:00.260000-04:00,330.0,California,Yes,None
PSA2KMQ,928466,0,0,0,0,0,,,,,61608,2020-09-15 21:57:50.087000-04:00,34,0,2,0.0,0.0,45.5882352941176,90.3225806451613,114,104.906,83.068,0.5350877192982456,2.210526315789474,559312,2020-09-01 11:40:00.260000-04:00,330.0,California,Yes,None
PSA2KMQ,719028,0,0,1,1,4,176.3565,176.3605,0.75,1.5,61608,2020-09-15 21:57:50.087000-04:00,34,0,2,0.0,0.0,45.5882352941176,90.3225806451613,114,104.906,83.068,0.5350877192982456,2.210526315789474,559312,2020-09-01 11:40:00.260000-04:00,330.0,California,Yes,None
PSA2KMQ,928411,0,0,0,0,0,,,,,61608,2020-09-15 21:57:50.087000-04:00,34,0,2,0.0,0.0,45.5882352941176,90.3225806451613,114,104.906,83.068,0.5350877192982456,2.210526315789474,559312,2020-09-01 11:40:00.260000-04:00,330.0,California,Yes,None
PSA2KMQ,719033,0,0,1,1,4,29.4175,62.711,0.25,4.0,61608,2020-09-15 21:57:50.087000-04:00,34,0,2,0.0,0.0,45.5882352941176,90.3225806451613,114,104.906,83.068,0.5350877192982456,2.210526315789474,559312,2020-09-01 11:40:00.260000-04:00,330.0,California,Yes,None
PSA2KMQ,928407,0,0,0,0,0,,,,,61608,2020-09-15 21:57:50.087000-04:00,34,0,2,0.0,0.0,45.5882352941176,90.3225806451613,114,104.906,83.068,0.5350877192982456,2.210526315789474,559312,2020-09-01 11:40:00.260000-04:00,330.0,California,Yes,None
PSA2KMQ,719009,0,0,2,1,4,124.8295,169.6245,0.25,2.75,61608,2020-09-15 21:57:50.087000-04:00,34,0,2,0.0,0.0,45.5882352941176,90.3225806451613,114,104.906,83.068,0.5350877192982456,2.210526315789474,559312,2020-09-01 11:40:00.260000-04:00,330.0,California,Yes,None
PSA2KMQ,719038,0,0,1,1,4,53.2355,175.194,0.25,2.0,61608,2020-09-15 21:57:50.087000-04:00,34,0,2,0.0,0.0,45.5882352941176,90.3225806451613,114,104.906,83.068,0.5350877192982456,2.210526315789474,559312,2020-09-01 11:40:00.260000-04:00,330.0,California,Yes,None
PSA2KMQ,719042,0,0,1,1,4,76.642,86.114,0.5,1.5,61608,2020-09-15 21:57:50.087000-04:00,34,0,2,0.0,0.0,45.5882352941176,90.3225806451613,114,104.906,83.068,0.5350877192982456,2.210526315789474,559312,2020-09-01 11:40:00.260000-04:00,330.0,California,Yes,None
PSA2KMQ,716281,0,0,1,1,4,133.4915,136.242,0.5,2.75,61608,2020-09-15 21:57:50.087000-04:00,34,0,2,0.0,0.0,45.5882352941176,90.3225806451613,114,104.906,83.068,0.5350877192982456,2.210526315789474,559312,2020-09-01 11:40:00.260000-04:00,330.0,California,Yes,None
PSA2KMQ,718956,0,0,1,1,4,109.884,184.1935,0.25,3.5,61608,2020-09-15 21:57:50.087000-04:00,34,0,2,0.0,0.0,45.5882352941176,90.3225806451613,114,104.906,83.068,0.5350877192982456,2.210526315789474,559312,2020-09-01 11:40:00.260000-04:00,330.0,California,Yes,None
PSA2KMQ,718954,0,0,1,1,4,233.727,259.9695,0.25,5.0,61608,2020-09-15 21:57:50.087000-04:00,34,0,2,0.0,0.0,45.5882352941176,90.3225806451613,114,104.906,83.068,0.5350877192982456,2.210526315789474,559312,2020-09-01 11:40:00.260000-04:00,330.0,California,Yes,None
PSA2KMQ,718920,0,0,1,1,4,38.936,52.6075,0.75,1.5,61608,2020-09-15 21:57:50.087000-04:00,34,0,2,0.0,0.0,45.5882352941176,90.3225806451613,114,104.906,83.068,0.5350877192982456,2.210526315789474,559312,2020-09-01 11:40:00.260000-04:00,330.0,California,Yes,None
PSA2KMQ,718908,0,0,1,1,4,124.0795,127.901,0.5,2.5,61608,2020-09-15 21:57:50.087000-04:00,34,0,2,0.0,0.0,45.5882352941176,90.3225806451613,114,104.906,83.068,0.5350877192982456,2.210526315789474,559312,2020-09-01 11:40:00.260000-04:00,330.0,California,Yes,None
PSA2KMQ,719023,0,0,1,1,4,124.289,124.3045,0.75,1.0,61608,2020-09-15 21:57:50.087000-04:00,34,0,2,0.0,0.0,45.5882352941176,90.3225806451613,114,104.906,83.068,0.5350877192982456,2.210526315789474,559312,2020-09-01 11:40:00.260000-04:00,330.0,California,Yes,None
PSA2KMQ,718905,0,0,1,1,4,181.4725,183.5325,0.5,2.0,61608,2020-09-15 21:57:50.087000-04:00,34,0,2,0.0,0.0,45.5882352941176,90.3225806451613,114,104.906,83.068,0.5350877192982456,2.210526315789474,559312,2020-09-01 11:40:00.260000-04:00,330.0,California,Yes,None
PSA2KMQ,719050,0,0,1,1,4,182.954,202.0025,0.75,1.25,61608,2020-09-15 21:57:50.087000-04:00,34,0,2,0.0,0.0,45.5882352941176,90.3225806451613,114,104.906,83.068,0.5350877192982456,2.210526315789474,559312,2020-09-01 11:40:00.260000-04:00,330.0,California,Yes,None
PSA2KMQ,709777,0,0,0,0,0,,,,,61608,2020-09-15 21:57:50.087000-04:00,34,0,2,0.0,0.0,45.5882352941176,90.3225806451613,114,104.906,83.068,0.5350877192982456,2.210526315789474,559312,2020-09-01 11:40:00.260000-04:00,330.0,California,Yes,None
PSA2KMQ,718849,2,2,2,2,29,22.199,32.411,0.4827586206896552,1.9310344827586208,61608,2020-09-15 21:57:50.087000-04:00,34,0,2,0.0,0.0,45.5882352941176,90.3225806451613,114,104.906,83.068,0.5350877192982456,2.210526315789474,559312,2020-09-01 11:40:00.260000-04:00,330.0,California,Yes,None
PSA2KMQ,757150,6,4,7,7,129,31.657,33.837,0.7933884297520661,1.2093023255813953,62064,2020-09-16 14:08:19.953000-04:00,27,5,9,94.8148148148148,93.75,74.4855967078189,96.1325966850829,3385,59.961,52.31,0.7500784929356358,1.379615952732644,148928,2020-03-25 13:29:42.287000-04:00,2143.0,Arkansas,No,None
PSA2KMQ,762367,7,7,7,7,149,54.127,57.719,0.7730496453900709,1.3691275167785235,62064,2020-09-16 14:08:19.953000-04:00,27,5,9,94.8148148148148,93.75,74.4855967078189,96.1325966850829,3385,59.961,52.31,0.7500784929356358,1.379615952732644,148928,2020-03-25 13:29:42.287000-04:00,2143.0,Arkansas,No,None
PSA2KMQ,762434,5,5,7,7,152,84.3525,94.6245,0.6388888888888888,1.881578947368421,62064,2020-09-16 14:08:19.953000-04:00,27,5,9,94.8148148148148,93.75,74.4855967078189,96.1325966850829,3385,59.961,52.31,0.7500784929356358,1.379615952732644,148928,2020-03-25 13:29:42.287000-04:00,2143.0,Arkansas,No,None
PSA2KMQ,758048,5,5,7,7,139,143.017,163.258,0.8320610687022901,1.3669064748201438,62064,2020-09-16 14:08:19.953000-04:00,27,5,9,94.8148148148148,93.75,74.4855967078189,96.1325966850829,3385,59.961,52.31,0.7500784929356358,1.379615952732644,148928,2020-03-25 13:29:42.287000-04:00,2143.0,Arkansas,No,None
PSA2KMQ,757660,7,7,7,7,130,61.5085,65.751,0.9426229508196722,1.1692307692307693,62064,2020-09-16 14:08:19.953000-04:00,27,5,9,94.8148148148148,93.75,74.4855967078189,96.1325966850829,3385,59.961,52.31,0.7500784929356358,1.379615952732644,148928,2020-03-25 13:29:42.287000-04:00,2143.0,Arkansas,No,None
PSA2KMQ,186399,10,9,13,13,201,36.697,42.081,0.6666666666666666,1.4825870646766168,62064,2020-09-16 14:08:19.953000-04:00,27,5,9,94.8148148148148,93.75,74.4855967078189,96.1325966850829,3385,59.961,52.31,0.7500784929356358,1.379615952732644,148928,2020-03-25 13:29:42.287000-04:00,2143.0,Arkansas,No,None
PSA2KMQ,185972,8,7,14,14,148,17.185,18.349,0.762589928057554,1.25,62064,2020-09-16 14:08:19.953000-04:00,27,5,9,94.8148148148148,93.75,74.4855967078189,96.1325966850829,3385,59.961,52.31,0.7500784929356358,1.379615952732644,148928,2020-03-25 13:29:42.287000-04:00,2143.0,Arkansas,No,None
PSA2KMQ,181536,8,7,16,16,199,40.092,45.111,0.7789473684210526,1.2763819095477387,62064,2020-09-16 14:08:19.953000-04:00,27,5,9,94.8148148148148,93.75,74.4855967078189,96.1325966850829,3385,59.961,52.31,0.7500784929356358,1.379615952732644,148928,2020-03-25 13:29:42.287000-04:00,2143.0,Arkansas,No,None
PSA2KMQ,174358,8,7,16,16,199,85.692,94.391,0.6789473684210526,1.5276381909547738,62064,2020-09-16 14:08:19.953000-04:00,27,5,9,94.8148148148148,93.75,74.4855967078189,96.1325966850829,3385,59.961,52.31,0.7500784929356358,1.379615952732644,148928,2020-03-25 13:29:42.287000-04:00,2143.0,Arkansas,No,None
PSA2KMQ,174296,10,10,16,16,230,62.2695,74.6675,0.669683257918552,1.5347826086956522,62064,2020-09-16 14:08:19.953000-04:00,27,5,9,94.8148148148148,93.75,74.4855967078189,96.1325966850829,3385,59.961,52.31,0.7500784929356358,1.379615952732644,148928,2020-03-25 13:29:42.287000-04:00,2143.0,Arkansas,No,None
PSA2KMQ,757659,6,6,7,6,93,45.908,58.261,0.6774193548387096,1.5053763440860215,62064,2020-09-16 14:08:19.953000-04:00,27,5,9,94.8148148148148,93.75,74.4855967078189,96.1325966850829,3385,59.961,52.31,0.7500784929356358,1.379615952732644,148928,2020-03-25 13:29:42.287000-04:00,2143.0,Arkansas,No,None
PSA2KMQ,189323,8,8,16,14,180,38.3985,49.9395,0.7017543859649122,1.3333333333333333,62064,2020-09-16 14:08:19.953000-04:00,27,5,9,94.8148148148148,93.75,74.4855967078189,96.1325966850829,3385,59.961,52.31,0.7500784929356358,1.379615952732644,148928,2020-03-25 13:29:42.287000-04:00,2143.0,Arkansas,No,None
PSA2KMQ,189325,8,7,15,13,160,29.9785,30.528,0.7218543046357616,1.3625,62064,2020-09-16 14:08:19.953000-04:00,27,5,9,94.8148148148148,93.75,74.4855967078189,96.1325966850829,3385,59.961,52.31,0.7500784929356358,1.379615952732644,148928,2020-03-25 13:29:42.287000-04:00,2143.0,Arkansas,No,None
PSA2KMQ,189722,8,8,16,16,201,42.876,45.588,0.828125,1.1840796019900497,62064,2020-09-16 14:08:19.953000-04:00,27,5,9,94.8148148148148,93.75,74.4855967078189,96.1325966850829,3385,59.961,52.31,0.7500784929356358,1.379615952732644,148928,2020-03-25 13:29:42.287000-04:00,2143.0,Arkansas,No,None
PSA2KMQ,224991,10,10,10,9,152,51.097,55.2615,0.7569444444444444,1.3026315789473684,62064,2020-09-16 14:08:19.953000-04:00,27,5,9,94.8148148148148,93.75,74.4855967078189,96.1325966850829,3385,59.961,52.31,0.7500784929356358,1.379615952732644,148928,2020-03-25 13:29:42.287000-04:00,2143.0,Arkansas,No,None
PSA2KMQ,756924,7,6,7,7,156,32.8915,43.9025,0.5945945945945946,1.5320512820512822,62064,2020-09-16 14:08:19.953000-04:00,27,5,9,94.8148148148148,93.75,74.4855967078189,96.1325966850829,3385,59.961,52.31,0.7500784929356358,1.379615952732644,148928,2020-03-25 13:29:42.287000-04:00,2143.0,Arkansas,No,None
PSA2KMQ,756963,6,6,7,7,139,47.457,55.028,0.7404580152671756,1.4172661870503598,62064,2020-09-16 14:08:19.953000-04:00,27,5,9,94.8148148148148,93.75,74.4855967078189,96.1325966850829,3385,59.961,52.31,0.7500784929356358,1.379615952732644,148928,2020-03-25 13:29:42.287000-04:00,2143.0,Arkansas,No,None
PSA2KMQ,757008,7,7,7,7,142,10.34,13.3195,0.6940298507462687,1.3873239436619718,62064,2020-09-16 14:08:19.953000-04:00,27,5,9,94.8148148148148,93.75,74.4855967078189,96.1325966850829,3385,59.961,52.31,0.7500784929356358,1.379615952732644,148928,2020-03-25 13:29:42.287000-04:00,2143.0,Arkansas,No,None
PSA2KMQ,757123,7,7,7,7,158,46.3235,59.7515,0.6666666666666666,1.4683544303797469,62064,2020-09-16 14:08:19.953000-04:00,27,5,9,94.8148148148148,93.75,74.4855967078189,96.1325966850829,3385,59.961,52.31,0.7500784929356358,1.379615952732644,148928,2020-03-25 13:29:42.287000-04:00,2143.0,Arkansas,No,None
PSA2KMQ,757174,6,6,7,7,150,90.172,108.038,0.7253521126760564,1.4066666666666667,62064,2020-09-16 14:08:19.953000-04:00,27,5,9,94.8148148148148,93.75,74.4855967078189,96.1325966850829,3385,59.961,52.31,0.7500784929356358,1.379615952732644,148928,2020-03-25 13:29:42.287000-04:00,2143.0,Arkansas,No,None
PSA2KMQ,757294,5,5,7,7,131,61.594,64.452,0.8617886178861789,1.1450381679389312,62064,2020-09-16 14:08:19.953000-04:00,27,5,9,94.8148148148148,93.75,74.4855967078189,96.1325966850829,3385,59.961,52.31,0.7500784929356358,1.379615952732644,148928,2020-03-25 13:29:42.287000-04:00,2143.0,Arkansas,No,None
PSA2KMQ,757400,5,5,7,7,138,70.7405,77.882,0.7846153846153846,1.3043478260869565,62064,2020-09-16 14:08:19.953000-04:00,27,5,9,94.8148148148148,93.75,74.4855967078189,96.1325966850829,3385,59.961,52.31,0.7500784929356358,1.379615952732644,148928,2020-03-25 13:29:42.287000-04:00,2143.0,Arkansas,No,None
PSA2KMQ,757552,7,7,7,7,140,56.6205,60.876,0.8257575757575758,1.2,62064,2020-09-16 14:08:19.953000-04:00,27,5,9,94.8148148148148,93.75,74.4855967078189,96.1325966850829,3385,59.961,52.31,0.7500784929356358,1.379615952732644,148928,2020-03-25 13:29:42.287000-04:00,2143.0,Arkansas,No,None
PSA2KMQ,757631,6,6,7,7,148,59.8555,63.5755,0.7357142857142858,1.4324324324324325,62064,2020-09-16 14:08:19.953000-04:00,27,5,9,94.8148148148148,93.75,74.4855967078189,96.1325966850829,3385,59.961,52.31,0.7500784929356358,1.379615952732644,148928,2020-03-25 13:29:42.287000-04:00,2143.0,Arkansas,No,None
PSA2KMQ,757638,7,7,7,7,142,27.95,30.677,0.835820895522388,1.1971830985915493,62064,2020-09-16 14:08:19.953000-04:00,27,5,9,94.8148148148148,93.75,74.4855967078189,96.1325966850829,3385,59.961,52.31,0.7500784929356358,1.379615952732644,148928,2020-03-25 13:29:42.287000-04:00,2143.0,Arkansas,No,None
PSA2KMQ,187946,6,5,8,6,73,34.445,40.186,0.7777777777777778,1.3013698630136985,62064,2020-09-16 14:08:19.953000-04:00,27,5,9,94.8148148148148,93.75,74.4855967078189,96.1325966850829,3385,59.961,52.31,0.7500784929356358,1.379615952732644,148928,2020-03-25 13:29:42.287000-04:00,2143.0,Arkansas,No,None
PSA2KMQ,762075,5,5,7,7,143,60.272,63.835,0.7555555555555555,1.4125874125874125,62064,2020-09-16 14:08:19.953000-04:00,27,5,9,94.8148148148148,93.75,74.4855967078189,96.1325966850829,3385,59.961,52.31,0.7500784929356358,1.379615952732644,148928,2020-03-25 13:29:42.287000-04:00,2143.0,Arkansas,No,None
PSA2KMQ,185250,9,9,16,16,203,37.758,46.664,0.7525773195876289,1.3103448275862069,62065,2020-09-16 14:08:19.954000-04:00,22,5,9,94.5454545454545,95.1923076923077,77.2727272727273,91.5032679738562,2712,59.737,52.5735,0.7280564263322884,1.3716814159292035,148928,2020-03-25 13:29:42.287000-04:00,2143.0,Arkansas,No,None
PSA2KMQ,753420,8,8,7,7,166,32.751,35.7635,0.6708860759493671,1.3253012048192772,62065,2020-09-16 14:08:19.954000-04:00,22,5,9,94.5454545454545,95.1923076923077,77.2727272727273,91.5032679738562,2712,59.737,52.5735,0.7280564263322884,1.3716814159292035,148928,2020-03-25 13:29:42.287000-04:00,2143.0,Arkansas,No,None
PSA2KMQ,753417,5,5,7,7,135,68.269,73.363,0.8110236220472441,1.222222222222222,62065,2020-09-16 14:08:19.954000-04:00,22,5,9,94.5454545454545,95.1923076923077,77.2727272727273,91.5032679738562,2712,59.737,52.5735,0.7280564263322884,1.3716814159292035,148928,2020-03-25 13:29:42.287000-04:00,2143.0,Arkansas,No,None
PSA2KMQ,753350,7,7,7,7,86,47.522,53.422,0.6744186046511628,1.4069767441860466,62065,2020-09-16 14:08:19.954000-04:00,22,5,9,94.5454545454545,95.1923076923077,77.2727272727273,91.5032679738562,2712,59.737,52.5735,0.7280564263322884,1.3716814159292035,148928,2020-03-25 13:29:42.287000-04:00,2143.0,Arkansas,No,None
PSA2KMQ,753292,6,5,7,6,128,34.992,40.0975,0.7166666666666667,1.296875,62065,2020-09-16 14:08:19.954000-04:00,22,5,9,94.5454545454545,95.1923076923077,77.2727272727273,91.5032679738562,2712,59.737,52.5735,0.7280564263322884,1.3716814159292035,148928,2020-03-25 13:29:42.287000-04:00,2143.0,Arkansas,No,None
PSA2KMQ,752812,7,7,7,7,140,28.306,32.902,0.6515151515151515,1.4142857142857144,62065,2020-09-16 14:08:19.954000-04:00,22,5,9,94.5454545454545,95.1923076923077,77.2727272727273,91.5032679738562,2712,59.737,52.5735,0.7280564263322884,1.3716814159292035,148928,2020-03-25 13:29:42.287000-04:00,2143.0,Arkansas,No,None
PSA2KMQ,753719,6,6,7,6,115,81.66,85.143,0.897196261682243,1.1391304347826088,62065,2020-09-16 14:08:19.954000-04:00,22,5,9,94.5454545454545,95.1923076923077,77.2727272727273,91.5032679738562,2712,59.737,52.5735,0.7280564263322884,1.3716814159292035,148928,2020-03-25 13:29:42.287000-04:00,2143.0,Arkansas,No,None
PSA2KMQ,762605,6,6,7,6,124,97.9975,111.2615,0.8793103448275862,1.129032258064516,62065,2020-09-16 14:08:19.954000-04:00,22,5,9,94.5454545454545,95.1923076923077,77.2727272727273,91.5032679738562,2712,59.737,52.5735,0.7280564263322884,1.3716814159292035,148928,2020-03-25 13:29:42.287000-04:00,2143.0,Arkansas,No,None
PSA2KMQ,187653,8,6,16,11,187,37.264,45.771,0.5921787709497207,1.4919786096256684,62065,2020-09-16 14:08:19.954000-04:00,22,5,9,94.5454545454545,95.1923076923077,77.2727272727273,91.5032679738562,2712,59.737,52.5735,0.7280564263322884,1.3716814159292035,148928,2020-03-25 13:29:42.287000-04:00,2143.0,Arkansas,No,None
PSA2KMQ,753780,5,5,7,5,137,44.547,56.363,0.6046511627906976,1.562043795620438,62065,2020-09-16 14:08:19.954000-04:00,22,5,9,94.5454545454545,95.1923076923077,77.2727272727273,91.5032679738562,2712,59.737,52.5735,0.7280564263322884,1.3716814159292035,148928,2020-03-25 13:29:42.287000-04:00,2143.0,Arkansas,No,None
PSA2KMQ,226067,9,9,15,15,211,55.311,66.652,0.6650246305418719,1.5308056872037914,62065,2020-09-16 14:08:19.954000-04:00,22,5,9,94.5454545454545,95.1923076923077,77.2727272727273,91.5032679738562,2712,59.737,52.5735,0.7280564263322884,1.3716814159292035,148928,2020-03-25 13:29:42.287000-04:00,2143.0,Arkansas,No,None
PSA2KMQ,203157,9,8,16,16,215,62.788,80.667,0.6650485436893204,1.4930232558139536,62065,2020-09-16 14:08:19.954000-04:00,22,5,9,94.5454545454545,95.1923076923077,77.2727272727273,91.5032679738562,2712,59.737,52.5735,0.7280564263322884,1.3716814159292035,148928,2020-03-25 13:29:42.287000-04:00,2143.0,Arkansas,No,None
PSA2KMQ,200301,8,8,16,15,185,39.933,46.566,0.8522727272727273,1.2108108108108109,62065,2020-09-16 14:08:19.954000-04:00,22,5,9,94.5454545454545,95.1923076923077,77.2727272727273,91.5032679738562,2712,59.737,52.5735,0.7280564263322884,1.3716814159292035,148928,2020-03-25 13:29:42.287000-04:00,2143.0,Arkansas,No,None
PSA2KMQ,188723,8,8,16,16,196,30.3415,32.99,0.8235294117647058,1.163265306122449,62065,2020-09-16 14:08:19.954000-04:00,22,5,9,94.5454545454545,95.1923076923077,77.2727272727273,91.5032679738562,2712,59.737,52.5735,0.7280564263322884,1.3716814159292035,148928,2020-03-25 13:29:42.287000-04:00,2143.0,Arkansas,No,None
PSA2KMQ,188276,8,8,13,13,199,35.243,42.356,0.6789473684210526,1.4221105527638191,62065,2020-09-16 14:08:19.954000-04:00,22,5,9,94.5454545454545,95.1923076923077,77.2727272727273,91.5032679738562,2712,59.737,52.5735,0.7280564263322884,1.3716814159292035,148928,2020-03-25 13:29:42.287000-04:00,2143.0,Arkansas,No,None
PSA2KMQ,188011,8,8,16,16,213,29.707,34.921,0.7058823529411765,1.4647887323943662,62065,2020-09-16 14:08:19.954000-04:00,22,5,9,94.5454545454545,95.1923076923077,77.2727272727273,91.5032679738562,2712,59.737,52.5735,0.7280564263322884,1.3716814159292035,148928,2020-03-25 13:29:42.287000-04:00,2143.0,Arkansas,No,None
PSA2KMQ,753585,7,7,7,7,157,43.802,58.744,0.7785234899328859,1.3439490445859874,62065,2020-09-16 14:08:19.954000-04:00,22,5,9,94.5454545454545,95.1923076923077,77.2727272727273,91.5032679738562,2712,59.737,52.5735,0.7280564263322884,1.3716814159292035,148928,2020-03-25 13:29:42.287000-04:00,2143.0,Arkansas,No,None
PSA2KMQ,840430,3,2,6,3,38,91.1705,135.4775,0.7105263157894737,1.3947368421052633,62065,2020-09-16 14:08:19.954000-04:00,22,5,9,94.5454545454545,95.1923076923077,77.2727272727273,91.5032679738562,2712,59.737,52.5735,0.7280564263322884,1.3716814159292035,148928,2020-03-25 13:29:42.287000-04:00,2143.0,Arkansas,No,None
PSA2KMQ,763580,6,5,7,6,130,59.353,88.8635,0.5655737704918032,1.623076923076923,62065,2020-09-16 14:08:19.954000-04:00,22,5,9,94.5454545454545,95.1923076923077,77.2727272727273,91.5032679738562,2712,59.737,52.5735,0.7280564263322884,1.3716814159292035,148928,2020-03-25 13:29:42.287000-04:00,2143.0,Arkansas,No,None
PSA2KMQ,187687,9,9,16,16,201,31.753,38.118,0.75,1.308457711442786,62065,2020-09-16 14:08:19.954000-04:00,22,5,9,94.5454545454545,95.1923076923077,77.2727272727273,91.5032679738562,2712,59.737,52.5735,0.7280564263322884,1.3716814159292035,148928,2020-03-25 13:29:42.287000-04:00,2143.0,Arkansas,No,None
PSA2KMQ,753697,6,6,7,7,141,111.931,116.071,0.6917293233082706,1.4397163120567376,62065,2020-09-16 14:08:19.954000-04:00,22,5,9,94.5454545454545,95.1923076923077,77.2727272727273,91.5032679738562,2712,59.737,52.5735,0.7280564263322884,1.3716814159292035,148928,2020-03-25 13:29:42.287000-04:00,2143.0,Arkansas,No,None
PSA2KMQ,753649,6,6,7,6,120,62.7535,65.79,0.7946428571428571,1.3,62065,2020-09-16 14:08:19.954000-04:00,22,5,9,94.5454545454545,95.1923076923077,77.2727272727273,91.5032679738562,2712,59.737,52.5735,0.7280564263322884,1.3716814159292035,148928,2020-03-25 13:29:42.287000-04:00,2143.0,Arkansas,No,None
PSA2KMQ,975520,4,2,19,13,109,27.455,37.837,0.48484848484848486,1.761467889908257,62585,2020-09-17 08:35:45.480000-04:00,26,11,59,63.6363636363636,77.4725274725275,61.4732724902216,85.3658536585366,7127,37.4,31.453,0.5908260233918129,1.4829521537813948,122882,2020-03-17 20:05:35.334000-04:00,909.0,Massachusetts,No,None
PSA2KMQ,754621,11,10,47,40,416,42.742,53.54,0.5339506172839507,1.5216346153846154,62585,2020-09-17 08:35:45.480000-04:00,26,11,59,63.6363636363636,77.4725274725275,61.4732724902216,85.3658536585366,7127,37.4,31.453,0.5908260233918129,1.4829521537813948,122882,2020-03-17 20:05:35.334000-04:00,909.0,Massachusetts,No,None
PSA2KMQ,729505,10,10,50,47,422,27.643,31.3295,0.6583850931677019,1.400473933649289,62585,2020-09-17 08:35:45.480000-04:00,26,11,59,63.6363636363636,77.4725274725275,61.4732724902216,85.3658536585366,7127,37.4,31.453,0.5908260233918129,1.4829521537813948,122882,2020-03-17 20:05:35.334000-04:00,909.0,Massachusetts,No,None
PSA2KMQ,729487,10,7,49,45,392,32.915,39.8745,0.6866666666666666,1.3316326530612246,62585,2020-09-17 08:35:45.480000-04:00,26,11,59,63.6363636363636,77.4725274725275,61.4732724902216,85.3658536585366,7127,37.4,31.453,0.5908260233918129,1.4829521537813948,122882,2020-03-17 20:05:35.334000-04:00,909.0,Massachusetts,No,None
PSA2KMQ,747837,8,3,45,35,341,21.053,27.657,0.35714285714285715,1.8387096774193548,62585,2020-09-17 08:35:45.480000-04:00,26,11,59,63.6363636363636,77.4725274725275,61.4732724902216,85.3658536585366,7127,37.4,31.453,0.5908260233918129,1.4829521537813948,122882,2020-03-17 20:05:35.334000-04:00,909.0,Massachusetts,No,None
PSA2KMQ,740345,7,4,31,27,247,17.144,21.462,0.43548387096774194,1.54251012145749,62585,2020-09-17 08:35:45.480000-04:00,26,11,59,63.6363636363636,77.4725274725275,61.4732724902216,85.3658536585366,7127,37.4,31.453,0.5908260233918129,1.4829521537813948,122882,2020-03-17 20:05:35.334000-04:00,909.0,Massachusetts,No,None
PSA2KMQ,740344,8,6,48,44,379,25.316,29.333,0.6678571428571428,1.3905013192612137,62585,2020-09-17 08:35:45.480000-04:00,26,11,59,63.6363636363636,77.4725274725275,61.4732724902216,85.3658536585366,7127,37.4,31.453,0.5908260233918129,1.4829521537813948,122882,2020-03-17 20:05:35.334000-04:00,909.0,Massachusetts,No,None
PSA2KMQ,738403,10,10,42,39,315,31.453,33.304,0.8947368421052632,1.1111111111111112,62585,2020-09-17 08:35:45.480000-04:00,26,11,59,63.6363636363636,77.4725274725275,61.4732724902216,85.3658536585366,7127,37.4,31.453,0.5908260233918129,1.4829521537813948,122882,2020-03-17 20:05:35.334000-04:00,909.0,Massachusetts,No,None
PSA2KMQ,729453,10,9,43,39,325,34.169,38.317,0.7115384615384616,1.3476923076923077,62585,2020-09-17 08:35:45.480000-04:00,26,11,59,63.6363636363636,77.4725274725275,61.4732724902216,85.3658536585366,7127,37.4,31.453,0.5908260233918129,1.4829521537813948,122882,2020-03-17 20:05:35.334000-04:00,909.0,Massachusetts,No,None
PSA2KMQ,729467,10,10,47,43,353,38.882,46.843,0.7148014440433214,1.4277620396600568,62585,2020-09-17 08:35:45.480000-04:00,26,11,59,63.6363636363636,77.4725274725275,61.4732724902216,85.3658536585366,7127,37.4,31.453,0.5908260233918129,1.4829521537813948,122882,2020-03-17 20:05:35.334000-04:00,909.0,Massachusetts,No,None
PSA2KMQ,729469,10,9,45,38,324,36.0305,45.369,0.58203125,1.3981481481481481,62585,2020-09-17 08:35:45.480000-04:00,26,11,59,63.6363636363636,77.4725274725275,61.4732724902216,85.3658536585366,7127,37.4,31.453,0.5908260233918129,1.4829521537813948,122882,2020-03-17 20:05:35.334000-04:00,909.0,Massachusetts,No,None
PSA2KMQ,729471,10,8,45,41,364,25.552,29.8335,0.6415770609318996,1.478021978021978,62585,2020-09-17 08:35:45.480000-04:00,26,11,59,63.6363636363636,77.4725274725275,61.4732724902216,85.3658536585366,7127,37.4,31.453,0.5908260233918129,1.4829521537813948,122882,2020-03-17 20:05:35.334000-04:00,909.0,Massachusetts,No,None
PSA2KMQ,729472,4,1,35,24,214,28.114,38.313,0.39644970414201186,1.6962616822429908,62585,2020-09-17 08:35:45.480000-04:00,26,11,59,63.6363636363636,77.4725274725275,61.4732724902216,85.3658536585366,7127,37.4,31.453,0.5908260233918129,1.4829521537813948,122882,2020-03-17 20:05:35.334000-04:00,909.0,Massachusetts,No,None
PSA2KMQ,729473,10,9,51,47,399,38.531,45.361,0.6744186046511628,1.4110275689223057,62585,2020-09-17 08:35:45.480000-04:00,26,11,59,63.6363636363636,77.4725274725275,61.4732724902216,85.3658536585366,7127,37.4,31.453,0.5908260233918129,1.4829521537813948,122882,2020-03-17 20:05:35.334000-04:00,909.0,Massachusetts,No,None
PSA2KMQ,729533,10,8,46,43,386,32.848,38.64,0.615916955017301,1.455958549222798,62585,2020-09-17 08:35:45.480000-04:00,26,11,59,63.6363636363636,77.4725274725275,61.4732724902216,85.3658536585366,7127,37.4,31.453,0.5908260233918129,1.4829521537813948,122882,2020-03-17 20:05:35.334000-04:00,909.0,Massachusetts,No,None
PSA2KMQ,726899,9,2,46,33,274,20.5715,27.7475,0.3972602739726027,1.7956204379562044,62585,2020-09-17 08:35:45.480000-04:00,26,11,59,63.6363636363636,77.4725274725275,61.4732724902216,85.3658536585366,7127,37.4,31.453,0.5908260233918129,1.4829521537813948,122882,2020-03-17 20:05:35.334000-04:00,909.0,Massachusetts,No,None
PSA2KMQ,729480,10,10,49,46,394,38.7815,43.596,0.7878787878787878,1.2385786802030456,62585,2020-09-17 08:35:45.480000-04:00,26,11,59,63.6363636363636,77.4725274725275,61.4732724902216,85.3658536585366,7127,37.4,31.453,0.5908260233918129,1.4829521537813948,122882,2020-03-17 20:05:35.334000-04:00,909.0,Massachusetts,No,None
PSA2KMQ,729530,10,8,50,48,420,50.1135,59.1485,0.5754716981132075,1.561904761904762,62585,2020-09-17 08:35:45.480000-04:00,26,11,59,63.6363636363636,77.4725274725275,61.4732724902216,85.3658536585366,7127,37.4,31.453,0.5908260233918129,1.4829521537813948,122882,2020-03-17 20:05:35.334000-04:00,909.0,Massachusetts,No,None
PSA2KMQ,729525,10,8,51,45,409,33.309,41.655,0.6045016077170418,1.3936430317848412,62585,2020-09-17 08:35:45.480000-04:00,26,11,59,63.6363636363636,77.4725274725275,61.4732724902216,85.3658536585366,7127,37.4,31.453,0.5908260233918129,1.4829521537813948,122882,2020-03-17 20:05:35.334000-04:00,909.0,Massachusetts,No,None
PSA2KMQ,724220,9,6,52,45,371,23.318,28.796,0.4982078853046595,1.5579514824797844,62585,2020-09-17 08:35:45.480000-04:00,26,11,59,63.6363636363636,77.4725274725275,61.4732724902216,85.3658536585366,7127,37.4,31.453,0.5908260233918129,1.4829521537813948,122882,2020-03-17 20:05:35.334000-04:00,909.0,Massachusetts,No,None
PSA2KMQ,728279,10,4,46,42,413,15.794,24.022,0.37538461538461537,2.036319612590799,62586,2020-09-17 08:35:45.482000-04:00,26,11,59,56.993006993007,60.7361963190184,50.7170795306389,79.5629820051414,5680,36.88,29.2655,0.5020089285714285,1.6253521126760564,122882,2020-03-17 20:05:35.334000-04:00,909.0,Massachusetts,No,None
PSA2KMQ,726749,7,3,44,39,344,17.0475,20.85,0.5241635687732342,1.5377906976744187,62586,2020-09-17 08:35:45.482000-04:00,26,11,59,56.993006993007,60.7361963190184,50.7170795306389,79.5629820051414,5680,36.88,29.2655,0.5020089285714285,1.6253521126760564,122882,2020-03-17 20:05:35.334000-04:00,909.0,Massachusetts,No,None
PSA2KMQ,727157,10,7,50,46,403,36.818,41.904,0.56957928802589,1.5235732009925558,62586,2020-09-17 08:35:45.482000-04:00,26,11,59,56.993006993007,60.7361963190184,50.7170795306389,79.5629820051414,5680,36.88,29.2655,0.5020089285714285,1.6253521126760564,122882,2020-03-17 20:05:35.334000-04:00,909.0,Massachusetts,No,None
PSA2KMQ,728107,7,2,43,22,232,37.851,41.8795,0.413265306122449,1.8620689655172413,62586,2020-09-17 08:35:45.482000-04:00,26,11,59,56.993006993007,60.7361963190184,50.7170795306389,79.5629820051414,5680,36.88,29.2655,0.5020089285714285,1.6253521126760564,122882,2020-03-17 20:05:35.334000-04:00,909.0,Massachusetts,No,None
PSA2KMQ,728179,8,6,36,24,224,25.9,30.32,0.6994219653179191,1.3392857142857142,62586,2020-09-17 08:35:45.482000-04:00,26,11,59,56.993006993007,60.7361963190184,50.7170795306389,79.5629820051414,5680,36.88,29.2655,0.5020089285714285,1.6253521126760564,122882,2020-03-17 20:05:35.334000-04:00,909.0,Massachusetts,No,None
PSA2KMQ,728223,9,7,48,47,387,20.386,26.27,0.5033783783783784,1.5193798449612403,62586,2020-09-17 08:35:45.482000-04:00,26,11,59,56.993006993007,60.7361963190184,50.7170795306389,79.5629820051414,5680,36.88,29.2655,0.5020089285714285,1.6253521126760564,122882,2020-03-17 20:05:35.334000-04:00,909.0,Massachusetts,No,None
PSA2KMQ,728225,10,7,49,46,442,28.3025,35.538,0.4188034188034188,1.6108597285067874,62586,2020-09-17 08:35:45.482000-04:00,26,11,59,56.993006993007,60.7361963190184,50.7170795306389,79.5629820051414,5680,36.88,29.2655,0.5020089285714285,1.6253521126760564,122882,2020-03-17 20:05:35.334000-04:00,909.0,Massachusetts,No,None
PSA2KMQ,728228,10,9,48,45,353,31.922,37.756,0.6263736263736264,1.4759206798866855,62586,2020-09-17 08:35:45.482000-04:00,26,11,59,56.993006993007,60.7361963190184,50.7170795306389,79.5629820051414,5680,36.88,29.2655,0.5020089285714285,1.6253521126760564,122882,2020-03-17 20:05:35.334000-04:00,909.0,Massachusetts,No,None
PSA2KMQ,728238,10,5,48,46,410,29.39,37.1605,0.4241486068111455,1.751219512195122,62586,2020-09-17 08:35:45.482000-04:00,26,11,59,56.993006993007,60.7361963190184,50.7170795306389,79.5629820051414,5680,36.88,29.2655,0.5020089285714285,1.6253521126760564,122882,2020-03-17 20:05:35.334000-04:00,909.0,Massachusetts,No,None
PSA2KMQ,728276,10,8,49,41,319,34.565,42.136,0.5238095238095238,1.4921630094043887,62586,2020-09-17 08:35:45.482000-04:00,26,11,59,56.993006993007,60.7361963190184,50.7170795306389,79.5629820051414,5680,36.88,29.2655,0.5020089285714285,1.6253521126760564,122882,2020-03-17 20:05:35.334000-04:00,909.0,Massachusetts,No,None
PSA2KMQ,728284,10,10,47,42,334,60.372,70.992,0.8203125,1.1946107784431137,62586,2020-09-17 08:35:45.482000-04:00,26,11,59,56.993006993007,60.7361963190184,50.7170795306389,79.5629820051414,5680,36.88,29.2655,0.5020089285714285,1.6253521126760564,122882,2020-03-17 20:05:35.334000-04:00,909.0,Massachusetts,No,None
PSA2KMQ,728303,3,0,16,4,59,31.414,47.49,0.3,1.9152542372881356,62586,2020-09-17 08:35:45.482000-04:00,26,11,59,56.993006993007,60.7361963190184,50.7170795306389,79.5629820051414,5680,36.88,29.2655,0.5020089285714285,1.6253521126760564,122882,2020-03-17 20:05:35.334000-04:00,909.0,Massachusetts,No,None
PSA2KMQ,728305,9,6,56,41,388,37.2975,47.8475,0.5032679738562091,1.5231958762886597,62586,2020-09-17 08:35:45.482000-04:00,26,11,59,56.993006993007,60.7361963190184,50.7170795306389,79.5629820051414,5680,36.88,29.2655,0.5020089285714285,1.6253521126760564,122882,2020-03-17 20:05:35.334000-04:00,909.0,Massachusetts,No,None
PSA2KMQ,735072,10,3,45,42,424,40.4635,59.779,0.30701754385964913,2.0141509433962264,62586,2020-09-17 08:35:45.482000-04:00,26,11,59,56.993006993007,60.7361963190184,50.7170795306389,79.5629820051414,5680,36.88,29.2655,0.5020089285714285,1.6253521126760564,122882,2020-03-17 20:05:35.334000-04:00,909.0,Massachusetts,No,None
PSA2KMQ,735196,10,4,43,32,318,35.4105,52.203,0.34980988593155893,1.751572327044025,62586,2020-09-17 08:35:45.482000-04:00,26,11,59,56.993006993007,60.7361963190184,50.7170795306389,79.5629820051414,5680,36.88,29.2655,0.5020089285714285,1.6253521126760564,122882,2020-03-17 20:05:35.334000-04:00,909.0,Massachusetts,No,None
PSA2KMQ,965190,5,4,22,16,165,27.679,37.172,0.4852941176470588,1.696969696969697,62586,2020-09-17 08:35:45.482000-04:00,26,11,59,56.993006993007,60.7361963190184,50.7170795306389,79.5629820051414,5680,36.88,29.2655,0.5020089285714285,1.6253521126760564,122882,2020-03-17 20:05:35.334000-04:00,909.0,Massachusetts,No,None
PSA2KMQ,1003608,1,1,7,6,64,62.1555,76.081,0.4098360655737705,1.65625,62586,2020-09-17 08:35:45.482000-04:00,26,11,59,56.993006993007,60.7361963190184,50.7170795306389,79.5629820051414,5680,36.88,29.2655,0.5020089285714285,1.6253521126760564,122882,2020-03-17 20:05:35.334000-04:00,909.0,Massachusetts,No,None
PSA2KMQ,852344,8,3,40,32,274,29.1465,39.587,0.3495575221238938,1.897810218978102,62587,2020-09-17 08:35:45.484000-04:00,28,11,58,50.974025974026,62.4203821656051,46.1822660098522,82.2666666666667,5465,35.237,30.0,0.5536015417971573,1.5037511436413542,122882,2020-03-17 20:05:35.334000-04:00,909.0,Massachusetts,No,None
PSA2KMQ,990480,4,4,19,18,156,10.607,13.716,0.4566929133858268,1.75,62587,2020-09-17 08:35:45.484000-04:00,28,11,58,50.974025974026,62.4203821656051,46.1822660098522,82.2666666666667,5465,35.237,30.0,0.5536015417971573,1.5037511436413542,122882,2020-03-17 20:05:35.334000-04:00,909.0,Massachusetts,No,None
PSA2KMQ,726940,11,5,48,40,372,16.517,21.196,0.40268456375838924,1.7231182795698925,62587,2020-09-17 08:35:45.484000-04:00,28,11,58,50.974025974026,62.4203821656051,46.1822660098522,82.2666666666667,5465,35.237,30.0,0.5536015417971573,1.5037511436413542,122882,2020-03-17 20:05:35.334000-04:00,909.0,Massachusetts,No,None
PSA2KMQ,726939,5,3,42,30,246,36.3055,41.7005,0.7413793103448276,1.1991869918699187,62587,2020-09-17 08:35:45.484000-04:00,28,11,58,50.974025974026,62.4203821656051,46.1822660098522,82.2666666666667,5465,35.237,30.0,0.5536015417971573,1.5037511436413542,122882,2020-03-17 20:05:35.334000-04:00,909.0,Massachusetts,No,None
PSA2KMQ,726863,11,9,50,49,434,38.505,43.178,0.6666666666666666,1.4654377880184333,62587,2020-09-17 08:35:45.484000-04:00,28,11,58,50.974025974026,62.4203821656051,46.1822660098522,82.2666666666667,5465,35.237,30.0,0.5536015417971573,1.5037511436413542,122882,2020-03-17 20:05:35.334000-04:00,909.0,Massachusetts,No,None
PSA2KMQ,726834,11,9,49,46,395,40.3,45.173,0.7777777777777778,1.182278481012658,62587,2020-09-17 08:35:45.484000-04:00,28,11,58,50.974025974026,62.4203821656051,46.1822660098522,82.2666666666667,5465,35.237,30.0,0.5536015417971573,1.5037511436413542,122882,2020-03-17 20:05:35.334000-04:00,909.0,Massachusetts,No,None
PSA2KMQ,751836,4,0,22,16,151,26.996,33.54,0.3557692307692308,1.6821192052980132,62587,2020-09-17 08:35:45.484000-04:00,28,11,58,50.974025974026,62.4203821656051,46.1822660098522,82.2666666666667,5465,35.237,30.0,0.5536015417971573,1.5037511436413542,122882,2020-03-17 20:05:35.334000-04:00,909.0,Massachusetts,No,None
PSA2KMQ,725996,11,8,51,49,482,31.591,40.3315,0.49318801089918257,1.6597510373443982,62587,2020-09-17 08:35:45.484000-04:00,28,11,58,50.974025974026,62.4203821656051,46.1822660098522,82.2666666666667,5465,35.237,30.0,0.5536015417971573,1.5037511436413542,122882,2020-03-17 20:05:35.334000-04:00,909.0,Massachusetts,No,None
PSA2KMQ,737875,9,6,45,43,368,35.43,49.233,0.4911660777385159,1.6005434782608696,62587,2020-09-17 08:35:45.484000-04:00,28,11,58,50.974025974026,62.4203821656051,46.1822660098522,82.2666666666667,5465,35.237,30.0,0.5536015417971573,1.5037511436413542,122882,2020-03-17 20:05:35.334000-04:00,909.0,Massachusetts,No,None
PSA2KMQ,843584,9,6,42,35,307,35.913,44.301,0.5805084745762712,1.504885993485342,62587,2020-09-17 08:35:45.484000-04:00,28,11,58,50.974025974026,62.4203821656051,46.1822660098522,82.2666666666667,5465,35.237,30.0,0.5536015417971573,1.5037511436413542,122882,2020-03-17 20:05:35.334000-04:00,909.0,Massachusetts,No,None
PSA2KMQ,726803,10,10,49,41,334,33.2915,37.172,0.6976744186046512,1.2694610778443114,62587,2020-09-17 08:35:45.484000-04:00,28,11,58,50.974025974026,62.4203821656051,46.1822660098522,82.2666666666667,5465,35.237,30.0,0.5536015417971573,1.5037511436413542,122882,2020-03-17 20:05:35.334000-04:00,909.0,Massachusetts,No,None
PSA2KMQ,994623,0,0,7,2,36,26.689,35.6305,0.375,1.8888888888888888,62587,2020-09-17 08:35:45.484000-04:00,28,11,58,50.974025974026,62.4203821656051,46.1822660098522,82.2666666666667,5465,35.237,30.0,0.5536015417971573,1.5037511436413542,122882,2020-03-17 20:05:35.334000-04:00,909.0,Massachusetts,No,None
PSA2KMQ,780684,6,1,39,21,250,20.6015,29.922,0.4264705882352941,1.848,62588,2020-09-17 08:35:45.485000-04:00,26,11,58,61.5384615384615,59.0909090909091,57.0291777188329,78.953488372093,6328,39.2895,31.7615,0.5223910840932118,1.5646333754740833,122882,2020-03-17 20:05:35.334000-04:00,909.0,Massachusetts,No,None
PSA2KMQ,747019,10,7,46,33,316,31.997,39.9105,0.5100401606425703,1.6265822784810127,62588,2020-09-17 08:35:45.485000-04:00,26,11,58,61.5384615384615,59.0909090909091,57.0291777188329,78.953488372093,6328,39.2895,31.7615,0.5223910840932118,1.5646333754740833,122882,2020-03-17 20:05:35.334000-04:00,909.0,Massachusetts,No,None
PSA2KMQ,725590,11,5,50,41,399,59.045,65.62,0.6516129032258065,1.3558897243107768,62588,2020-09-17 08:35:45.485000-04:00,26,11,58,61.5384615384615,59.0909090909091,57.0291777188329,78.953488372093,6328,39.2895,31.7615,0.5223910840932118,1.5646333754740833,122882,2020-03-17 20:05:35.334000-04:00,909.0,Massachusetts,No,None
PSA2KMQ,725492,2,0,15,8,91,10.207,16.966,0.29411764705882354,1.7692307692307692,62588,2020-09-17 08:35:45.485000-04:00,26,11,58,61.5384615384615,59.0909090909091,57.0291777188329,78.953488372093,6328,39.2895,31.7615,0.5223910840932118,1.5646333754740833,122882,2020-03-17 20:05:35.334000-04:00,909.0,Massachusetts,No,None
PSA2KMQ,725468,10,5,42,40,346,39.231,49.9355,0.29927007299270075,1.8641618497109826,62588,2020-09-17 08:35:45.485000-04:00,26,11,58,61.5384615384615,59.0909090909091,57.0291777188329,78.953488372093,6328,39.2895,31.7615,0.5223910840932118,1.5646333754740833,122882,2020-03-17 20:05:35.334000-04:00,909.0,Massachusetts,No,None
PSA2KMQ,725456,11,7,46,40,344,37.177,41.7115,0.6980392156862745,1.3313953488372092,62588,2020-09-17 08:35:45.485000-04:00,26,11,58,61.5384615384615,59.0909090909091,57.0291777188329,78.953488372093,6328,39.2895,31.7615,0.5223910840932118,1.5646333754740833,122882,2020-03-17 20:05:35.334000-04:00,909.0,Massachusetts,No,None
PSA2KMQ,725425,10,8,50,45,390,45.933,55.3395,0.7185430463576159,1.323076923076923,62588,2020-09-17 08:35:45.485000-04:00,26,11,58,61.5384615384615,59.0909090909091,57.0291777188329,78.953488372093,6328,39.2895,31.7615,0.5223910840932118,1.5646333754740833,122882,2020-03-17 20:05:35.334000-04:00,909.0,Massachusetts,No,None
PSA2KMQ,724160,10,6,50,42,397,24.809,30.913,0.3967741935483871,1.7002518891687657,62588,2020-09-17 08:35:45.485000-04:00,26,11,58,61.5384615384615,59.0909090909091,57.0291777188329,78.953488372093,6328,39.2895,31.7615,0.5223910840932118,1.5646333754740833,122882,2020-03-17 20:05:35.334000-04:00,909.0,Massachusetts,No,None
PSA2KMQ,749760,10,4,45,35,362,36.6615,49.5495,0.5050167224080268,1.6408839779005524,62588,2020-09-17 08:35:45.485000-04:00,26,11,58,61.5384615384615,59.0909090909091,57.0291777188329,78.953488372093,6328,39.2895,31.7615,0.5223910840932118,1.5646333754740833,122882,2020-03-17 20:05:35.334000-04:00,909.0,Massachusetts,No,None
PSA2KMQ,736915,10,8,50,44,409,43.86,54.729,0.4528301886792453,1.7921760391198045,62588,2020-09-17 08:35:45.485000-04:00,26,11,58,61.5384615384615,59.0909090909091,57.0291777188329,78.953488372093,6328,39.2895,31.7615,0.5223910840932118,1.5646333754740833,122882,2020-03-17 20:05:35.334000-04:00,909.0,Massachusetts,No,None
PSA2KMQ,749747,10,9,48,43,369,62.306,67.901,0.8274647887323944,1.1788617886178863,62588,2020-09-17 08:35:45.485000-04:00,26,11,58,61.5384615384615,59.0909090909091,57.0291777188329,78.953488372093,6328,39.2895,31.7615,0.5223910840932118,1.5646333754740833,122882,2020-03-17 20:05:35.334000-04:00,909.0,Massachusetts,No,None
PSA2KMQ,725549,7,2,40,26,260,7.137,18.33,0.23923444976076555,1.9038461538461537,62588,2020-09-17 08:35:45.485000-04:00,26,11,58,61.5384615384615,59.0909090909091,57.0291777188329,78.953488372093,6328,39.2895,31.7615,0.5223910840932118,1.5646333754740833,122882,2020-03-17 20:05:35.334000-04:00,909.0,Massachusetts,No,None
PSA2KMQ,749676,4,2,18,10,153,26.441,33.357,0.5652173913043478,1.6013071895424837,62588,2020-09-17 08:35:45.485000-04:00,26,11,58,61.5384615384615,59.0909090909091,57.0291777188329,78.953488372093,6328,39.2895,31.7615,0.5223910840932118,1.5646333754740833,122882,2020-03-17 20:05:35.334000-04:00,909.0,Massachusetts,No,None
PSA2KMQ,725543,10,10,46,41,337,24.774,29.618,0.7230769230769231,1.3056379821958457,62588,2020-09-17 08:35:45.485000-04:00,26,11,58,61.5384615384615,59.0909090909091,57.0291777188329,78.953488372093,6328,39.2895,31.7615,0.5223910840932118,1.5646333754740833,122882,2020-03-17 20:05:35.334000-04:00,909.0,Massachusetts,No,None
PSA2KMQ,739840,8,2,28,13,128,47.571,59.8675,0.4230769230769231,1.7734375,62588,2020-09-17 08:35:45.485000-04:00,26,11,58,61.5384615384615,59.0909090909091,57.0291777188329,78.953488372093,6328,39.2895,31.7615,0.5223910840932118,1.5646333754740833,122882,2020-03-17 20:05:35.334000-04:00,909.0,Massachusetts,No,None
PSA2KMQ,790829,6,3,33,25,230,15.61,23.0755,0.37222222222222223,1.708695652173913,62588,2020-09-17 08:35:45.485000-04:00,26,11,58,61.5384615384615,59.0909090909091,57.0291777188329,78.953488372093,6328,39.2895,31.7615,0.5223910840932118,1.5646333754740833,122882,2020-03-17 20:05:35.334000-04:00,909.0,Massachusetts,No,None
PSA2KMQ,724208,10,2,48,45,434,14.2875,18.583,0.281437125748503,1.5391705069124424,62589,2020-09-17 08:35:45.486000-04:00,24,12,62,58.3333333333333,57.1428571428571,56.25,81.1230585424134,6120,32.279,27.698,0.47754137115839246,1.5431372549019609,122882,2020-03-17 20:05:35.334000-04:00,909.0,Massachusetts,No,None
PSA2KMQ,724211,10,4,51,45,415,14.91,19.087,0.3620178041543027,1.6746987951807228,62589,2020-09-17 08:35:45.486000-04:00,24,12,62,58.3333333333333,57.1428571428571,56.25,81.1230585424134,6120,32.279,27.698,0.47754137115839246,1.5431372549019609,122882,2020-03-17 20:05:35.334000-04:00,909.0,Massachusetts,No,None
PSA2KMQ,736175,9,5,36,23,232,33.5315,37.112,0.5562130177514792,1.375,62589,2020-09-17 08:35:45.486000-04:00,24,12,62,58.3333333333333,57.1428571428571,56.25,81.1230585424134,6120,32.279,27.698,0.47754137115839246,1.5431372549019609,122882,2020-03-17 20:05:35.334000-04:00,909.0,Massachusetts,No,None
PSA2KMQ,815638,11,7,45,41,337,39.545,47.826,0.5686274509803921,1.4332344213649852,62589,2020-09-17 08:35:45.486000-04:00,24,12,62,58.3333333333333,57.1428571428571,56.25,81.1230585424134,6120,32.279,27.698,0.47754137115839246,1.5431372549019609,122882,2020-03-17 20:05:35.334000-04:00,909.0,Massachusetts,No,None
PSA2KMQ,764254,10,6,50,45,434,33.1435,42.8185,0.4680232558139535,1.7419354838709677,62589,2020-09-17 08:35:45.486000-04:00,24,12,62,58.3333333333333,57.1428571428571,56.25,81.1230585424134,6120,32.279,27.698,0.47754137115839246,1.5431372549019609,122882,2020-03-17 20:05:35.334000-04:00,909.0,Massachusetts,No,None
PSA2KMQ,724234,7,4,39,26,222,41.213,45.9775,0.7116564417177914,1.3018018018018018,62589,2020-09-17 08:35:45.486000-04:00,24,12,62,58.3333333333333,57.1428571428571,56.25,81.1230585424134,6120,32.279,27.698,0.47754137115839246,1.5431372549019609,122882,2020-03-17 20:05:35.334000-04:00,909.0,Massachusetts,No,None
PSA2KMQ,724177,10,8,52,49,450,53.735,60.475,0.5209580838323353,1.5822222222222222,62589,2020-09-17 08:35:45.486000-04:00,24,12,62,58.3333333333333,57.1428571428571,56.25,81.1230585424134,6120,32.279,27.698,0.47754137115839246,1.5431372549019609,122882,2020-03-17 20:05:35.334000-04:00,909.0,Massachusetts,No,None
PSA2KMQ,724171,8,5,35,28,251,29.531,38.752,0.52,1.697211155378486,62589,2020-09-17 08:35:45.486000-04:00,24,12,62,58.3333333333333,57.1428571428571,56.25,81.1230585424134,6120,32.279,27.698,0.47754137115839246,1.5431372549019609,122882,2020-03-17 20:05:35.334000-04:00,909.0,Massachusetts,No,None
PSA2KMQ,724251,10,8,52,48,415,29.348,33.476,0.5596026490066225,1.4481927710843372,62589,2020-09-17 08:35:45.486000-04:00,24,12,62,58.3333333333333,57.1428571428571,56.25,81.1230585424134,6120,32.279,27.698,0.47754137115839246,1.5431372549019609,122882,2020-03-17 20:05:35.334000-04:00,909.0,Massachusetts,No,None
PSA2KMQ,724182,7,2,22,15,168,29.3165,41.279,0.528169014084507,1.6428571428571428,62589,2020-09-17 08:35:45.486000-04:00,24,12,62,58.3333333333333,57.1428571428571,56.25,81.1230585424134,6120,32.279,27.698,0.47754137115839246,1.5431372549019609,122882,2020-03-17 20:05:35.334000-04:00,909.0,Massachusetts,No,None
PSA2KMQ,724186,10,8,48,43,383,30.748,36.09,0.493006993006993,1.5718015665796345,62589,2020-09-17 08:35:45.486000-04:00,24,12,62,58.3333333333333,57.1428571428571,56.25,81.1230585424134,6120,32.279,27.698,0.47754137115839246,1.5431372549019609,122882,2020-03-17 20:05:35.334000-04:00,909.0,Massachusetts,No,None
PSA2KMQ,724189,9,6,43,29,237,51.9,66.494,0.5875706214689266,1.5527426160337554,62589,2020-09-17 08:35:45.486000-04:00,24,12,62,58.3333333333333,57.1428571428571,56.25,81.1230585424134,6120,32.279,27.698,0.47754137115839246,1.5431372549019609,122882,2020-03-17 20:05:35.334000-04:00,909.0,Massachusetts,No,None
PSA2KMQ,724198,10,6,53,47,445,19.398,26.103,0.34310850439882695,1.6404494382022472,62589,2020-09-17 08:35:45.486000-04:00,24,12,62,58.3333333333333,57.1428571428571,56.25,81.1230585424134,6120,32.279,27.698,0.47754137115839246,1.5431372549019609,122882,2020-03-17 20:05:35.334000-04:00,909.0,Massachusetts,No,None
PSA2KMQ,724204,10,3,44,36,352,10.1215,15.232,0.31386861313868614,1.625,62589,2020-09-17 08:35:45.486000-04:00,24,12,62,58.3333333333333,57.1428571428571,56.25,81.1230585424134,6120,32.279,27.698,0.47754137115839246,1.5431372549019609,122882,2020-03-17 20:05:35.334000-04:00,909.0,Massachusetts,No,None
PSA2KMQ,729544,9,8,45,39,319,32.47,38.865,0.562015503875969,1.5266457680250785,62589,2020-09-17 08:35:45.486000-04:00,24,12,62,58.3333333333333,57.1428571428571,56.25,81.1230585424134,6120,32.279,27.698,0.47754137115839246,1.5431372549019609,122882,2020-03-17 20:05:35.334000-04:00,909.0,Massachusetts,No,None
PSA2KMQ,50441,17,17,29,24,300,58.026,67.405,0.8169014084507042,1.24,63209,2020-09-18 09:07:33.145000-04:00,29,10,25,59.6551724137931,86.7052023121387,82.4827586206897,86.9565217391304,5546,83.733,72.967,0.716724802643657,1.429498737829066,17157,2019-08-19 11:55:11.352000-04:00,655.0,Illinois,No,None
PSA2KMQ,50002,18,15,41,34,405,72.077,81.589,0.612987012987013,1.511111111111111,63209,2020-09-18 09:07:33.145000-04:00,29,10,25,59.6551724137931,86.7052023121387,82.4827586206897,86.9565217391304,5546,83.733,72.967,0.716724802643657,1.429498737829066,17157,2019-08-19 11:55:11.352000-04:00,655.0,Illinois,No,None
PSA2KMQ,50430,21,17,39,27,475,39.9,51.038,0.6447963800904978,1.7284210526315789,63209,2020-09-18 09:07:33.145000-04:00,29,10,25,59.6551724137931,86.7052023121387,82.4827586206897,86.9565217391304,5546,83.733,72.967,0.716724802643657,1.429498737829066,17157,2019-08-19 11:55:11.352000-04:00,655.0,Illinois,No,None
PSA2KMQ,50442,21,10,39,27,336,58.309,72.028,0.7241379310344828,1.4404761904761905,63209,2020-09-18 09:07:33.145000-04:00,29,10,25,59.6551724137931,86.7052023121387,82.4827586206897,86.9565217391304,5546,83.733,72.967,0.716724802643657,1.429498737829066,17157,2019-08-19 11:55:11.352000-04:00,655.0,Illinois,No,None
PSA2KMQ,50481,20,11,38,28,369,77.76,87.204,0.6976744186046512,1.4281842818428183,63209,2020-09-18 09:07:33.145000-04:00,29,10,25,59.6551724137931,86.7052023121387,82.4827586206897,86.9565217391304,5546,83.733,72.967,0.716724802643657,1.429498737829066,17157,2019-08-19 11:55:11.352000-04:00,655.0,Illinois,No,None
PSA2KMQ,50483,15,7,29,18,387,53.737,93.015,0.3736842105263158,1.7881136950904393,63209,2020-09-18 09:07:33.145000-04:00,29,10,25,59.6551724137931,86.7052023121387,82.4827586206897,86.9565217391304,5546,83.733,72.967,0.716724802643657,1.429498737829066,17157,2019-08-19 11:55:11.352000-04:00,655.0,Illinois,No,None
PSA2KMQ,50494,21,17,42,39,515,58.436,68.617,0.6515463917525773,1.4563106796116505,63209,2020-09-18 09:07:33.145000-04:00,29,10,25,59.6551724137931,86.7052023121387,82.4827586206897,86.9565217391304,5546,83.733,72.967,0.716724802643657,1.429498737829066,17157,2019-08-19 11:55:11.352000-04:00,655.0,Illinois,No,None
PSA2KMQ,55207,20,20,41,36,450,64.229,81.3965,0.6620370370370371,1.4244444444444444,63209,2020-09-18 09:07:33.145000-04:00,29,10,25,59.6551724137931,86.7052023121387,82.4827586206897,86.9565217391304,5546,83.733,72.967,0.716724802643657,1.429498737829066,17157,2019-08-19 11:55:11.352000-04:00,655.0,Illinois,No,None
PSA2KMQ,80480,17,13,37,33,387,47.571,54.617,0.7506849315068493,1.5142118863049097,63209,2020-09-18 09:07:33.145000-04:00,29,10,25,59.6551724137931,86.7052023121387,82.4827586206897,86.9565217391304,5546,83.733,72.967,0.716724802643657,1.429498737829066,17157,2019-08-19 11:55:11.352000-04:00,655.0,Illinois,No,None
PSA2KMQ,368226,10,5,26,19,263,50.613,70.985,0.5193798449612403,1.9049429657794676,63209,2020-09-18 09:07:33.145000-04:00,29,10,25,59.6551724137931,86.7052023121387,82.4827586206897,86.9565217391304,5546,83.733,72.967,0.716724802643657,1.429498737829066,17157,2019-08-19 11:55:11.352000-04:00,655.0,Illinois,No,None
PSA2KMQ,31892,17,13,16,13,171,55.195,60.593,0.8012048192771084,1.263157894736842,67267,2020-09-27 19:17:34.218000-04:00,28,1,1,89.2857142857143,24.0,89.2857142857143,84.0,341,82.578,77.801,0.70625,1.4428152492668622,784203,2020-09-24 06:58:29.753000-04:00,655.0,Illinois,No,None
PSA2KMQ,31873,18,10,15,10,147,36.678,47.389,0.6180555555555556,1.469387755102041,67267,2020-09-27 19:17:34.218000-04:00,28,1,1,89.2857142857143,24.0,89.2857142857143,84.0,341,82.578,77.801,0.70625,1.4428152492668622,784203,2020-09-24 06:58:29.753000-04:00,655.0,Illinois,No,None
PSA2KMQ,31890,17,17,17,13,217,45.769,53.181,0.7079207920792079,1.4792626728110598,67267,2020-09-27 19:17:34.218000-04:00,28,1,1,89.2857142857143,24.0,89.2857142857143,84.0,341,82.578,77.801,0.70625,1.4428152492668622,784203,2020-09-24 06:58:29.753000-04:00,655.0,Illinois,No,None
PSA2KMQ,31876,17,7,14,10,183,13.94,19.507,0.46368715083798884,1.6830601092896176,67267,2020-09-27 19:17:34.218000-04:00,28,1,1,89.2857142857143,24.0,89.2857142857143,84.0,341,82.578,77.801,0.70625,1.4428152492668622,784203,2020-09-24 06:58:29.753000-04:00,655.0,Illinois,No,None
PSA2KMQ,31902,16,15,15,14,153,41.818,44.211,0.9027777777777778,1.130718954248366,67267,2020-09-27 19:17:34.218000-04:00,28,1,1,89.2857142857143,24.0,89.2857142857143,84.0,341,82.578,77.801,0.70625,1.4428152492668622,784203,2020-09-24 06:58:29.753000-04:00,655.0,Illinois,No,None
PSA2KMQ,31945,16,9,14,9,138,33.1135,37.8275,0.6666666666666666,1.536231884057971,67267,2020-09-27 19:17:34.218000-04:00,28,1,1,89.2857142857143,24.0,89.2857142857143,84.0,341,82.578,77.801,0.70625,1.4428152492668622,784203,2020-09-24 06:58:29.753000-04:00,655.0,Illinois,No,None
PSA2KMQ,31889,16,13,15,12,160,52.527,61.883,0.7647058823529411,1.35,67267,2020-09-27 19:17:34.218000-04:00,28,1,1,89.2857142857143,24.0,89.2857142857143,84.0,341,82.578,77.801,0.70625,1.4428152492668622,784203,2020-09-24 06:58:29.753000-04:00,655.0,Illinois,No,None
PSA2KMQ,31901,18,10,12,10,143,38.323,49.029,0.7304964539007093,1.2797202797202798,67267,2020-09-27 19:17:34.218000-04:00,28,1,1,89.2857142857143,24.0,89.2857142857143,84.0,341,82.578,77.801,0.70625,1.4428152492668622,784203,2020-09-24 06:58:29.753000-04:00,655.0,Illinois,No,None
PSA2KMQ,31900,14,8,13,8,129,24.318,36.037,0.6428571428571429,1.8294573643410852,67267,2020-09-27 19:17:34.218000-04:00,28,1,1,89.2857142857143,24.0,89.2857142857143,84.0,341,82.578,77.801,0.70625,1.4428152492668622,784203,2020-09-24 06:58:29.753000-04:00,655.0,Illinois,No,None
PSA2KMQ,31888,18,15,15,8,170,59.611,65.0115,0.7300613496932515,1.5647058823529412,67267,2020-09-27 19:17:34.218000-04:00,28,1,1,89.2857142857143,24.0,89.2857142857143,84.0,341,82.578,77.801,0.70625,1.4428152492668622,784203,2020-09-24 06:58:29.753000-04:00,655.0,Illinois,No,None
PSA2KMQ,31899,12,8,13,6,104,52.486,76.856,0.6764705882352942,1.5096153846153846,67267,2020-09-27 19:17:34.218000-04:00,28,1,1,89.2857142857143,24.0,89.2857142857143,84.0,341,82.578,77.801,0.70625,1.4428152492668622,784203,2020-09-24 06:58:29.753000-04:00,655.0,Illinois,No,None
PSA2KMQ,31887,16,14,16,9,195,43.319,48.214,0.6310160427807486,1.6666666666666667,67267,2020-09-27 19:17:34.218000-04:00,28,1,1,89.2857142857143,24.0,89.2857142857143,84.0,341,82.578,77.801,0.70625,1.4428152492668622,784203,2020-09-24 06:58:29.753000-04:00,655.0,Illinois,No,None
PSA2KMQ,31886,16,10,15,9,167,34.397,40.89,0.6234567901234568,1.688622754491018,67267,2020-09-27 19:17:34.218000-04:00,28,1,1,89.2857142857143,24.0,89.2857142857143,84.0,341,82.578,77.801,0.70625,1.4428152492668622,784203,2020-09-24 06:58:29.753000-04:00,655.0,Illinois,No,None
PSA2KMQ,31898,16,16,17,12,166,42.7955,45.301,0.8125,1.2650602409638554,67267,2020-09-27 19:17:34.218000-04:00,28,1,1,89.2857142857143,24.0,89.2857142857143,84.0,341,82.578,77.801,0.70625,1.4428152492668622,784203,2020-09-24 06:58:29.753000-04:00,655.0,Illinois,No,None
PSA2KMQ,31896,18,17,15,11,186,44.623,49.365,0.7444444444444445,1.3870967741935485,67267,2020-09-27 19:17:34.218000-04:00,28,1,1,89.2857142857143,24.0,89.2857142857143,84.0,341,82.578,77.801,0.70625,1.4428152492668622,784203,2020-09-24 06:58:29.753000-04:00,655.0,Illinois,No,None
PSA2KMQ,31895,14,9,15,10,149,50.071,59.672,0.6879432624113475,1.4966442953020134,67267,2020-09-27 19:17:34.218000-04:00,28,1,1,89.2857142857143,24.0,89.2857142857143,84.0,341,82.578,77.801,0.70625,1.4428152492668622,784203,2020-09-24 06:58:29.753000-04:00,655.0,Illinois,No,None
PSA2KMQ,31893,17,7,15,8,117,49.419,58.973,0.7787610619469026,1.358974358974359,67267,2020-09-27 19:17:34.218000-04:00,28,1,1,89.2857142857143,24.0,89.2857142857143,84.0,341,82.578,77.801,0.70625,1.4428152492668622,784203,2020-09-24 06:58:29.753000-04:00,655.0,Illinois,No,None
PSA2KMQ,31871,19,14,18,15,221,36.435,46.815,0.6095238095238096,1.5610859728506787,67267,2020-09-27 19:17:34.218000-04:00,28,1,1,89.2857142857143,24.0,89.2857142857143,84.0,341,82.578,77.801,0.70625,1.4428152492668622,784203,2020-09-24 06:58:29.753000-04:00,655.0,Illinois,No,None
PSA2KMQ,31874,17,10,16,13,206,39.766,49.3835,0.5714285714285714,1.6553398058252426,67267,2020-09-27 19:17:34.218000-04:00,28,1,1,89.2857142857143,24.0,89.2857142857143,84.0,341,82.578,77.801,0.70625,1.4428152492668622,784203,2020-09-24 06:58:29.753000-04:00,655.0,Illinois,No,None
PSA2KMQ,848720,0,0,0,0,0,,,,,69771,2020-10-06 10:24:29.665000-04:00,1,0,0,0.0,0.0,0.0,0.0,0,,,,,88549,2019-12-16 09:35:19.929000-05:00,1437.0,New Jersey,Yes,None
PSA2KMQ,848648,20,11,5,2,92,34.1795,35.554,0.6590909090909091,1.4565217391304348,70291,2020-10-08 08:03:57.966000-04:00,11,26,6,47.5524475524476,73.5294117647059,63.6363636363636,54.7619047619048,1071,32.726,24.015,0.5911330049261084,1.604108309990663,818341,2020-09-30 11:36:26.744000-04:00,993.0,Massachusetts,Yes,None
PSA2KMQ,848661,24,17,5,5,235,23.296,30.637,0.4798206278026906,1.672340425531915,70291,2020-10-08 08:03:57.966000-04:00,11,26,6,47.5524475524476,73.5294117647059,63.6363636363636,54.7619047619048,1071,32.726,24.015,0.5911330049261084,1.604108309990663,818341,2020-09-30 11:36:26.744000-04:00,993.0,Massachusetts,Yes,None
PSA2KMQ,848632,16,11,5,3,122,45.2965,60.7825,0.6578947368421053,1.4016393442622952,70291,2020-10-08 08:03:57.966000-04:00,11,26,6,47.5524475524476,73.5294117647059,63.6363636363636,54.7619047619048,1071,32.726,24.015,0.5911330049261084,1.604108309990663,818341,2020-09-30 11:36:26.744000-04:00,993.0,Massachusetts,Yes,None
PSA2KMQ,848691,27,15,4,1,213,20.646,32.773,0.49056603773584906,2.220657276995305,70291,2020-10-08 08:03:57.966000-04:00,11,26,6,47.5524475524476,73.5294117647059,63.6363636363636,54.7619047619048,1071,32.726,24.015,0.5911330049261084,1.604108309990663,818341,2020-09-30 11:36:26.744000-04:00,993.0,Massachusetts,Yes,None
PSA2KMQ,848619,21,19,7,4,209,22.69,32.463,0.5879396984924623,1.4593301435406698,70291,2020-10-08 08:03:57.966000-04:00,11,26,6,47.5524475524476,73.5294117647059,63.6363636363636,54.7619047619048,1071,32.726,24.015,0.5911330049261084,1.604108309990663,818341,2020-09-30 11:36:26.744000-04:00,993.0,Massachusetts,Yes,None
PSA2KMQ,848631,18,11,5,3,170,31.768,40.9065,0.5153374233128835,1.5705882352941176,70291,2020-10-08 08:03:57.966000-04:00,11,26,6,47.5524475524476,73.5294117647059,63.6363636363636,54.7619047619048,1071,32.726,24.015,0.5911330049261084,1.604108309990663,818341,2020-09-30 11:36:26.744000-04:00,993.0,Massachusetts,Yes,None
PSA2KMQ,848651,24,24,5,5,159,27.447,33.622,0.7074829931972789,1.3333333333333333,70291,2020-10-08 08:03:57.966000-04:00,11,26,6,47.5524475524476,73.5294117647059,63.6363636363636,54.7619047619048,1071,32.726,24.015,0.5911330049261084,1.604108309990663,818341,2020-09-30 11:36:26.744000-04:00,993.0,Massachusetts,Yes,None
PSA2KMQ,859503,12,8,7,3,107,77.194,111.089,0.30392156862745096,1.8691588785046729,70291,2020-10-08 08:03:57.966000-04:00,11,26,6,47.5524475524476,73.5294117647059,63.6363636363636,54.7619047619048,1071,32.726,24.015,0.5911330049261084,1.604108309990663,818341,2020-09-30 11:36:26.744000-04:00,993.0,Massachusetts,Yes,None
PSA2KMQ,859454,19,19,7,3,145,45.555,47.669,0.8222222222222222,1.1793103448275861,70291,2020-10-08 08:03:57.966000-04:00,11,26,6,47.5524475524476,73.5294117647059,63.6363636363636,54.7619047619048,1071,32.726,24.015,0.5911330049261084,1.604108309990663,818341,2020-09-30 11:36:26.744000-04:00,993.0,Massachusetts,Yes,None
PSA2KMQ,850565,28,25,8,2,185,52.776,62.652,0.8304093567251462,1.2432432432432432,70292,2020-10-08 08:03:57.968000-04:00,10,26,6,55.3846153846154,84.7222222222222,55.0,45.4545454545455,1042,44.695,36.497,0.6699604743083004,1.461612284069098,818341,2020-09-30 11:36:26.744000-04:00,993.0,Massachusetts,Yes,None
PSA2KMQ,850564,24,22,4,2,155,39.458,49.651,0.7466666666666667,1.3225806451612903,70292,2020-10-08 08:03:57.968000-04:00,10,26,6,55.3846153846154,84.7222222222222,55.0,45.4545454545455,1042,44.695,36.497,0.6699604743083004,1.461612284069098,818341,2020-09-30 11:36:26.744000-04:00,993.0,Massachusetts,Yes,None
PSA2KMQ,850557,22,14,2,1,159,68.5,102.936,0.5126582278481012,1.7169811320754718,70292,2020-10-08 08:03:57.968000-04:00,10,26,6,55.3846153846154,84.7222222222222,55.0,45.4545454545455,1042,44.695,36.497,0.6699604743083004,1.461612284069098,818341,2020-09-30 11:36:26.744000-04:00,993.0,Massachusetts,Yes,None
PSA2KMQ,850549,23,20,4,1,143,32.94,42.49,0.7092198581560284,1.5034965034965035,70292,2020-10-08 08:03:57.968000-04:00,10,26,6,55.3846153846154,84.7222222222222,55.0,45.4545454545455,1042,44.695,36.497,0.6699604743083004,1.461612284069098,818341,2020-09-30 11:36:26.744000-04:00,993.0,Massachusetts,Yes,None
PSA2KMQ,850554,25,24,4,3,205,26.977,37.545,0.6818181818181818,1.2634146341463415,70292,2020-10-08 08:03:57.968000-04:00,10,26,6,55.3846153846154,84.7222222222222,55.0,45.4545454545455,1042,44.695,36.497,0.6699604743083004,1.461612284069098,818341,2020-09-30 11:36:26.744000-04:00,993.0,Massachusetts,Yes,None
PSA2KMQ,850553,22,21,3,2,151,27.395,31.249,0.6711409395973155,1.4370860927152318,70292,2020-10-08 08:03:57.968000-04:00,10,26,6,55.3846153846154,84.7222222222222,55.0,45.4545454545455,1042,44.695,36.497,0.6699604743083004,1.461612284069098,818341,2020-09-30 11:36:26.744000-04:00,993.0,Massachusetts,Yes,None
PSA2KMQ,850576,22,18,5,3,167,62.765,76.03,0.7341772151898734,1.4850299401197604,70292,2020-10-08 08:03:57.968000-04:00,10,26,6,55.3846153846154,84.7222222222222,55.0,45.4545454545455,1042,44.695,36.497,0.6699604743083004,1.461612284069098,818341,2020-09-30 11:36:26.744000-04:00,993.0,Massachusetts,Yes,None
PSA2KMQ,906816,17,9,2,0,86,33.74,35.2105,0.5697674418604651,1.7674418604651163,70292,2020-10-08 08:03:57.968000-04:00,10,26,6,55.3846153846154,84.7222222222222,55.0,45.4545454545455,1042,44.695,36.497,0.6699604743083004,1.461612284069098,818341,2020-09-30 11:36:26.744000-04:00,993.0,Massachusetts,Yes,None
PSA2KMQ,320323,2,2,8,7,72,17.7985,22.485,0.42857142857142855,1.6388888888888888,71276,2020-10-14 10:10:21.387000-04:00,9,3,1,66.6666666666667,33.3333333333333,100.0,88.8888888888889,177,84.483,61.402,0.514792899408284,1.694915254237288,228134,2020-04-07 13:16:43.182000-04:00,1524.0,New York,Yes,None
PSA2KMQ,321252,2,2,8,7,76,40.503,54.684,0.5757575757575758,1.513157894736842,71276,2020-10-14 10:10:21.387000-04:00,9,3,1,66.6666666666667,33.3333333333333,100.0,88.8888888888889,177,84.483,61.402,0.514792899408284,1.694915254237288,228134,2020-04-07 13:16:43.182000-04:00,1524.0,New York,Yes,None
PSA2KMQ,382822,2,0,6,3,27,44.777,60.65,0.4230769230769231,2.4074074074074074,71276,2020-10-14 10:10:21.387000-04:00,9,3,1,66.6666666666667,33.3333333333333,100.0,88.8888888888889,177,84.483,61.402,0.514792899408284,1.694915254237288,228134,2020-04-07 13:16:43.182000-04:00,1524.0,New York,Yes,None
PSA2KMQ,319997,2,1,8,6,71,28.029,42.136,0.2898550724637681,1.5070422535211268,71276,2020-10-14 10:10:21.387000-04:00,9,3,1,66.6666666666667,33.3333333333333,100.0,88.8888888888889,177,84.483,61.402,0.514792899408284,1.694915254237288,228134,2020-04-07 13:16:43.182000-04:00,1524.0,New York,Yes,None
PSA2KMQ,319971,2,0,8,7,64,18.4655,27.518,0.7272727272727273,1.328125,71276,2020-10-14 10:10:21.387000-04:00,9,3,1,66.6666666666667,33.3333333333333,100.0,88.8888888888889,177,84.483,61.402,0.514792899408284,1.694915254237288,228134,2020-04-07 13:16:43.182000-04:00,1524.0,New York,Yes,None
PSA2KMQ,319406,2,0,4,1,25,14.739,31.005,0.30434782608695654,1.24,71276,2020-10-14 10:10:21.387000-04:00,9,3,1,66.6666666666667,33.3333333333333,100.0,88.8888888888889,177,84.483,61.402,0.514792899408284,1.694915254237288,228134,2020-04-07 13:16:43.182000-04:00,1524.0,New York,Yes,None
PSA2KMQ,318713,2,0,8,8,92,32.546,40.691,0.30666666666666664,1.815217391304348,71276,2020-10-14 10:10:21.387000-04:00,9,3,1,66.6666666666667,33.3333333333333,100.0,88.8888888888889,177,84.483,61.402,0.514792899408284,1.694915254237288,228134,2020-04-07 13:16:43.182000-04:00,1524.0,New York,Yes,None
PSA2KMQ,322910,2,1,8,7,76,41.5935,62.015,0.5277777777777778,1.9342105263157896,71276,2020-10-14 10:10:21.387000-04:00,9,3,1,66.6666666666667,33.3333333333333,100.0,88.8888888888889,177,84.483,61.402,0.514792899408284,1.694915254237288,228134,2020-04-07 13:16:43.182000-04:00,1524.0,New York,Yes,None
PSA2KMQ,318076,2,0,8,8,92,31.3845,50.637,0.22666666666666666,1.8043478260869565,71276,2020-10-14 10:10:21.387000-04:00,9,3,1,66.6666666666667,33.3333333333333,100.0,88.8888888888889,177,84.483,61.402,0.514792899408284,1.694915254237288,228134,2020-04-07 13:16:43.182000-04:00,1524.0,New York,Yes,None
PSA2KMQ,322430,2,2,8,8,93,40.987,61.207,0.8421052631578947,1.2150537634408602,71277,2020-10-14 10:10:21.397000-04:00,29,3,1,57.4712643678161,68.0,86.2068965517241,96.0,462,73.737,54.7935,0.723744292237443,1.4956709956709957,228134,2020-04-07 13:16:43.182000-04:00,1524.0,New York,Yes,None
PSA2KMQ,321662,2,2,8,6,69,13.709,18.913,0.45,1.4927536231884058,71277,2020-10-14 10:10:21.397000-04:00,29,3,1,57.4712643678161,68.0,86.2068965517241,96.0,462,73.737,54.7935,0.723744292237443,1.4956709956709957,228134,2020-04-07 13:16:43.182000-04:00,1524.0,New York,Yes,None
PSA2KMQ,319246,2,2,8,8,77,65.141,79.59,0.8059701492537313,1.2987012987012987,71277,2020-10-14 10:10:21.397000-04:00,29,3,1,57.4712643678161,68.0,86.2068965517241,96.0,462,73.737,54.7935,0.723744292237443,1.4956709956709957,228134,2020-04-07 13:16:43.182000-04:00,1524.0,New York,Yes,None
PSA2KMQ,319278,2,2,8,7,82,29.744,37.7395,0.4583333333333333,1.7682926829268293,71277,2020-10-14 10:10:21.397000-04:00,29,3,1,57.4712643678161,68.0,86.2068965517241,96.0,462,73.737,54.7935,0.723744292237443,1.4956709956709957,228134,2020-04-07 13:16:43.182000-04:00,1524.0,New York,Yes,None
PSA2KMQ,318789,2,2,8,7,77,35.736,44.059,0.746268656716418,1.2727272727272727,71277,2020-10-14 10:10:21.397000-04:00,29,3,1,57.4712643678161,68.0,86.2068965517241,96.0,462,73.737,54.7935,0.723744292237443,1.4956709956709957,228134,2020-04-07 13:16:43.182000-04:00,1524.0,New York,Yes,None
PSA2KMQ,319356,2,1,8,8,87,28.452,32.649,0.8285714285714286,1.3448275862068966,71277,2020-10-14 10:10:21.397000-04:00,29,3,1,57.4712643678161,68.0,86.2068965517241,96.0,462,73.737,54.7935,0.723744292237443,1.4956709956709957,228134,2020-04-07 13:16:43.182000-04:00,1524.0,New York,Yes,None
PSA2KMQ,319377,2,2,8,8,85,36.248,49.512,0.6133333333333333,1.6,71277,2020-10-14 10:10:21.397000-04:00,29,3,1,57.4712643678161,68.0,86.2068965517241,96.0,462,73.737,54.7935,0.723744292237443,1.4956709956709957,228134,2020-04-07 13:16:43.182000-04:00,1524.0,New York,Yes,None
PSA2KMQ,318781,2,2,8,8,88,35.929,53.813,0.5128205128205128,1.875,71277,2020-10-14 10:10:21.397000-04:00,29,3,1,57.4712643678161,68.0,86.2068965517241,96.0,462,73.737,54.7935,0.723744292237443,1.4956709956709957,228134,2020-04-07 13:16:43.182000-04:00,1524.0,New York,Yes,None
PSA2KMQ,318604,2,2,8,7,79,44.426,54.25,0.4927536231884058,1.5443037974683544,71277,2020-10-14 10:10:21.397000-04:00,29,3,1,57.4712643678161,68.0,86.2068965517241,96.0,462,73.737,54.7935,0.723744292237443,1.4956709956709957,228134,2020-04-07 13:16:43.182000-04:00,1524.0,New York,Yes,None
PSA2KMQ,318334,2,0,8,8,69,54.299,58.735,0.3220338983050847,1.391304347826087,71277,2020-10-14 10:10:21.397000-04:00,29,3,1,57.4712643678161,68.0,86.2068965517241,96.0,462,73.737,54.7935,0.723744292237443,1.4956709956709957,228134,2020-04-07 13:16:43.182000-04:00,1524.0,New York,Yes,None
PSA2KMQ,351441,2,2,7,7,73,26.134,30.583,0.65625,1.3835616438356164,71277,2020-10-14 10:10:21.397000-04:00,29,3,1,57.4712643678161,68.0,86.2068965517241,96.0,462,73.737,54.7935,0.723744292237443,1.4956709956709957,228134,2020-04-07 13:16:43.182000-04:00,1524.0,New York,Yes,None
PSA2KMQ,376603,2,1,4,2,31,35.506,36.644,0.7,1.6129032258064515,71277,2020-10-14 10:10:21.397000-04:00,29,3,1,57.4712643678161,68.0,86.2068965517241,96.0,462,73.737,54.7935,0.723744292237443,1.4956709956709957,228134,2020-04-07 13:16:43.182000-04:00,1524.0,New York,Yes,None
PSA2KMQ,318300,2,2,8,8,91,50.9,57.842,0.7162162162162162,1.4835164835164836,71277,2020-10-14 10:10:21.397000-04:00,29,3,1,57.4712643678161,68.0,86.2068965517241,96.0,462,73.737,54.7935,0.723744292237443,1.4956709956709957,228134,2020-04-07 13:16:43.182000-04:00,1524.0,New York,Yes,None
PSA2KMQ,318088,2,0,4,4,43,49.589,86.019,0.2777777777777778,1.8604651162790697,71277,2020-10-14 10:10:21.397000-04:00,29,3,1,57.4712643678161,68.0,86.2068965517241,96.0,462,73.737,54.7935,0.723744292237443,1.4956709956709957,228134,2020-04-07 13:16:43.182000-04:00,1524.0,New York,Yes,None
PSA2KMQ,318050,2,2,8,8,80,71.4015,72.023,0.6857142857142857,1.45,71277,2020-10-14 10:10:21.397000-04:00,29,3,1,57.4712643678161,68.0,86.2068965517241,96.0,462,73.737,54.7935,0.723744292237443,1.4956709956709957,228134,2020-04-07 13:16:43.182000-04:00,1524.0,New York,Yes,None
PSA2KMQ,321002,2,1,7,6,70,18.359,25.937,0.7313432835820896,1.3,71277,2020-10-14 10:10:21.397000-04:00,29,3,1,57.4712643678161,68.0,86.2068965517241,96.0,462,73.737,54.7935,0.723744292237443,1.4956709956709957,228134,2020-04-07 13:16:43.182000-04:00,1524.0,New York,Yes,None
PSA2KMQ,320137,2,1,8,7,77,23.065,29.505,0.6865671641791045,1.4675324675324675,71277,2020-10-14 10:10:21.397000-04:00,29,3,1,57.4712643678161,68.0,86.2068965517241,96.0,462,73.737,54.7935,0.723744292237443,1.4956709956709957,228134,2020-04-07 13:16:43.182000-04:00,1524.0,New York,Yes,None
PSA2KMQ,319603,2,1,8,7,82,52.9855,62.5605,0.5846153846153846,1.548780487804878,71277,2020-10-14 10:10:21.397000-04:00,29,3,1,57.4712643678161,68.0,86.2068965517241,96.0,462,73.737,54.7935,0.723744292237443,1.4956709956709957,228134,2020-04-07 13:16:43.182000-04:00,1524.0,New York,Yes,None
PSA2KMQ,319514,2,2,8,8,82,79.344,84.3485,0.8611111111111112,1.1829268292682926,71277,2020-10-14 10:10:21.397000-04:00,29,3,1,57.4712643678161,68.0,86.2068965517241,96.0,462,73.737,54.7935,0.723744292237443,1.4956709956709957,228134,2020-04-07 13:16:43.182000-04:00,1524.0,New York,Yes,None
PSA2KMQ,319139,2,2,7,6,81,30.55,34.004,0.609375,1.432098765432099,71277,2020-10-14 10:10:21.397000-04:00,29,3,1,57.4712643678161,68.0,86.2068965517241,96.0,462,73.737,54.7935,0.723744292237443,1.4956709956709957,228134,2020-04-07 13:16:43.182000-04:00,1524.0,New York,Yes,None
PSA2KMQ,322451,2,1,5,2,34,38.471,40.0715,0.6923076923076923,1.3823529411764706,71277,2020-10-14 10:10:21.397000-04:00,29,3,1,57.4712643678161,68.0,86.2068965517241,96.0,462,73.737,54.7935,0.723744292237443,1.4956709956709957,228134,2020-04-07 13:16:43.182000-04:00,1524.0,New York,Yes,None
PSA2KMQ,319093,2,1,8,8,78,16.651,21.0225,0.6764705882352942,1.3717948717948718,71277,2020-10-14 10:10:21.397000-04:00,29,3,1,57.4712643678161,68.0,86.2068965517241,96.0,462,73.737,54.7935,0.723744292237443,1.4956709956709957,228134,2020-04-07 13:16:43.182000-04:00,1524.0,New York,Yes,None
PSA2KMQ,319505,2,2,8,8,82,81.8535,88.2565,0.6111111111111112,1.646341463414634,71278,2020-10-14 10:10:21.399000-04:00,27,3,1,39.5061728395062,43.75,85.1851851851852,82.6086956521739,313,82.044,65.595,0.5582191780821918,1.5335463258785942,228134,2020-04-07 13:16:43.182000-04:00,1524.0,New York,Yes,None
PSA2KMQ,318241,2,0,8,8,84,20.9405,42.1405,0.16216216216216217,1.8452380952380951,71278,2020-10-14 10:10:21.399000-04:00,27,3,1,39.5061728395062,43.75,85.1851851851852,82.6086956521739,313,82.044,65.595,0.5582191780821918,1.5335463258785942,228134,2020-04-07 13:16:43.182000-04:00,1524.0,New York,Yes,None
PSA2KMQ,376450,1,0,4,2,11,2.548,5.556,0.5,1.6363636363636365,71278,2020-10-14 10:10:21.399000-04:00,27,3,1,39.5061728395062,43.75,85.1851851851852,82.6086956521739,313,82.044,65.595,0.5582191780821918,1.5335463258785942,228134,2020-04-07 13:16:43.182000-04:00,1524.0,New York,Yes,None
PSA2KMQ,367104,1,1,6,2,15,606.542,608.593,0.26666666666666666,2.2,71278,2020-10-14 10:10:21.399000-04:00,27,3,1,39.5061728395062,43.75,85.1851851851852,82.6086956521739,313,82.044,65.595,0.5582191780821918,1.5335463258785942,228134,2020-04-07 13:16:43.182000-04:00,1524.0,New York,Yes,None
PSA2KMQ,366792,2,1,8,5,49,23.148,25.093,0.475,1.326530612244898,71278,2020-10-14 10:10:21.399000-04:00,27,3,1,39.5061728395062,43.75,85.1851851851852,82.6086956521739,313,82.044,65.595,0.5582191780821918,1.5335463258785942,228134,2020-04-07 13:16:43.182000-04:00,1524.0,New York,Yes,None
PSA2KMQ,351060,0,0,7,4,46,33.977,34.028,0.41025641025641024,1.4130434782608696,71278,2020-10-14 10:10:21.399000-04:00,27,3,1,39.5061728395062,43.75,85.1851851851852,82.6086956521739,313,82.044,65.595,0.5582191780821918,1.5335463258785942,228134,2020-04-07 13:16:43.182000-04:00,1524.0,New York,Yes,None
PSA2KMQ,318314,2,1,8,8,88,68.7785,84.906,0.4647887323943662,1.6022727272727273,71278,2020-10-14 10:10:21.399000-04:00,27,3,1,39.5061728395062,43.75,85.1851851851852,82.6086956521739,313,82.044,65.595,0.5582191780821918,1.5335463258785942,228134,2020-04-07 13:16:43.182000-04:00,1524.0,New York,Yes,None
PSA2KMQ,318479,2,2,8,8,82,45.775,53.2905,0.4861111111111111,1.670731707317073,71278,2020-10-14 10:10:21.399000-04:00,27,3,1,39.5061728395062,43.75,85.1851851851852,82.6086956521739,313,82.044,65.595,0.5582191780821918,1.5335463258785942,228134,2020-04-07 13:16:43.182000-04:00,1524.0,New York,Yes,None
PSA2KMQ,318545,1,1,8,4,56,67.8875,80.9375,0.3125,1.5178571428571428,71278,2020-10-14 10:10:21.399000-04:00,27,3,1,39.5061728395062,43.75,85.1851851851852,82.6086956521739,313,82.044,65.595,0.5582191780821918,1.5335463258785942,228134,2020-04-07 13:16:43.182000-04:00,1524.0,New York,Yes,None
PSA2KMQ,318637,2,0,8,7,75,7.704,19.772,0.09090909090909091,1.4666666666666668,71278,2020-10-14 10:10:21.399000-04:00,27,3,1,39.5061728395062,43.75,85.1851851851852,82.6086956521739,313,82.044,65.595,0.5582191780821918,1.5335463258785942,228134,2020-04-07 13:16:43.182000-04:00,1524.0,New York,Yes,None
PSA2KMQ,318763,1,0,8,6,54,35.301,53.595,0.4444444444444444,1.7037037037037037,71278,2020-10-14 10:10:21.399000-04:00,27,3,1,39.5061728395062,43.75,85.1851851851852,82.6086956521739,313,82.044,65.595,0.5582191780821918,1.5335463258785942,228134,2020-04-07 13:16:43.182000-04:00,1524.0,New York,Yes,None
PSA2KMQ,326978,2,1,8,5,64,43.8075,49.6535,0.43859649122807015,1.8125,71278,2020-10-14 10:10:21.399000-04:00,27,3,1,39.5061728395062,43.75,85.1851851851852,82.6086956521739,313,82.044,65.595,0.5582191780821918,1.5335463258785942,228134,2020-04-07 13:16:43.182000-04:00,1524.0,New York,Yes,None
PSA2KMQ,325544,1,0,7,6,54,20.8095,28.1845,0.28888888888888886,1.8888888888888888,71278,2020-10-14 10:10:21.399000-04:00,27,3,1,39.5061728395062,43.75,85.1851851851852,82.6086956521739,313,82.044,65.595,0.5582191780821918,1.5335463258785942,228134,2020-04-07 13:16:43.182000-04:00,1524.0,New York,Yes,None
PSA2KMQ,324397,2,2,8,8,80,34.6925,39.8265,0.37142857142857144,1.625,71278,2020-10-14 10:10:21.399000-04:00,27,3,1,39.5061728395062,43.75,85.1851851851852,82.6086956521739,313,82.044,65.595,0.5582191780821918,1.5335463258785942,228134,2020-04-07 13:16:43.182000-04:00,1524.0,New York,Yes,None
PSA2KMQ,322727,2,2,8,7,79,39.553,45.915,0.5285714285714286,1.5949367088607596,71278,2020-10-14 10:10:21.399000-04:00,27,3,1,39.5061728395062,43.75,85.1851851851852,82.6086956521739,313,82.044,65.595,0.5582191780821918,1.5335463258785942,228134,2020-04-07 13:16:43.182000-04:00,1524.0,New York,Yes,None
PSA2KMQ,322577,0,0,7,5,51,83.641,89.066,0.37209302325581395,1.5294117647058825,71278,2020-10-14 10:10:21.399000-04:00,27,3,1,39.5061728395062,43.75,85.1851851851852,82.6086956521739,313,82.044,65.595,0.5582191780821918,1.5335463258785942,228134,2020-04-07 13:16:43.182000-04:00,1524.0,New York,Yes,None
PSA2KMQ,322518,2,1,8,6,73,49.754,53.402,0.5396825396825397,1.4383561643835616,71278,2020-10-14 10:10:21.399000-04:00,27,3,1,39.5061728395062,43.75,85.1851851851852,82.6086956521739,313,82.044,65.595,0.5582191780821918,1.5335463258785942,228134,2020-04-07 13:16:43.182000-04:00,1524.0,New York,Yes,None
PSA2KMQ,322261,1,0,7,7,61,57.905,90.908,0.28846153846153844,1.9508196721311475,71278,2020-10-14 10:10:21.399000-04:00,27,3,1,39.5061728395062,43.75,85.1851851851852,82.6086956521739,313,82.044,65.595,0.5582191780821918,1.5335463258785942,228134,2020-04-07 13:16:43.182000-04:00,1524.0,New York,Yes,None
PSA2KMQ,319683,2,0,8,8,68,32.3625,38.683,0.3275862068965517,1.8088235294117647,71278,2020-10-14 10:10:21.399000-04:00,27,3,1,39.5061728395062,43.75,85.1851851851852,82.6086956521739,313,82.044,65.595,0.5582191780821918,1.5335463258785942,228134,2020-04-07 13:16:43.182000-04:00,1524.0,New York,Yes,None
PSA2KMQ,319586,2,0,8,7,82,30.0725,39.2185,0.4027777777777778,1.6341463414634145,71278,2020-10-14 10:10:21.399000-04:00,27,3,1,39.5061728395062,43.75,85.1851851851852,82.6086956521739,313,82.044,65.595,0.5582191780821918,1.5335463258785942,228134,2020-04-07 13:16:43.182000-04:00,1524.0,New York,Yes,None
PSA2KMQ,319512,2,2,8,5,63,56.964,63.568,0.49056603773584906,1.5555555555555556,71278,2020-10-14 10:10:21.399000-04:00,27,3,1,39.5061728395062,43.75,85.1851851851852,82.6086956521739,313,82.044,65.595,0.5582191780821918,1.5335463258785942,228134,2020-04-07 13:16:43.182000-04:00,1524.0,New York,Yes,None
PSA2KMQ,319658,0,0,0,0,0,,,,,71552,2020-10-15 14:01:49.303000-04:00,17,3,1,56.8627450980392,44.8275862068966,52.9411764705882,88.8888888888889,171,112.505,83.335,0.631578947368421,1.672514619883041,254333,2020-04-13 10:38:16.107000-04:00,1524.0,New York,Yes,None
PSA2KMQ,871623,2,1,1,0,10,88.01,88.368,0.5,1.8,71552,2020-10-15 14:01:49.303000-04:00,17,3,1,56.8627450980392,44.8275862068966,52.9411764705882,88.8888888888889,171,112.505,83.335,0.631578947368421,1.672514619883041,254333,2020-04-13 10:38:16.107000-04:00,1524.0,New York,Yes,None
PSA2KMQ,319914,2,0,7,4,42,70.24,84.4185,0.425,1.9523809523809523,71552,2020-10-15 14:01:49.303000-04:00,17,3,1,56.8627450980392,44.8275862068966,52.9411764705882,88.8888888888889,171,112.505,83.335,0.631578947368421,1.672514619883041,254333,2020-04-13 10:38:16.107000-04:00,1524.0,New York,Yes,None
PSA2KMQ,322240,2,0,8,7,58,56.1705,58.671,0.4,1.5862068965517242,71552,2020-10-15 14:01:49.303000-04:00,17,3,1,56.8627450980392,44.8275862068966,52.9411764705882,88.8888888888889,171,112.505,83.335,0.631578947368421,1.672514619883041,254333,2020-04-13 10:38:16.107000-04:00,1524.0,New York,Yes,None
PSA2KMQ,940569,2,2,0,0,9,99.884,108.094,0.7777777777777778,1.4444444444444444,71552,2020-10-15 14:01:49.303000-04:00,17,3,1,56.8627450980392,44.8275862068966,52.9411764705882,88.8888888888889,171,112.505,83.335,0.631578947368421,1.672514619883041,254333,2020-04-13 10:38:16.107000-04:00,1524.0,New York,Yes,None
PSA2KMQ,318195,2,2,8,8,82,19.656,33.276,0.3835616438356164,1.548780487804878,71552,2020-10-15 14:01:49.303000-04:00,17,3,1,56.8627450980392,44.8275862068966,52.9411764705882,88.8888888888889,171,112.505,83.335,0.631578947368421,1.672514619883041,254333,2020-04-13 10:38:16.107000-04:00,1524.0,New York,Yes,None
PSA2KMQ,323112,2,1,8,6,58,30.8095,46.1475,0.46938775510204084,2.0517241379310347,71552,2020-10-15 14:01:49.303000-04:00,17,3,1,56.8627450980392,44.8275862068966,52.9411764705882,88.8888888888889,171,112.505,83.335,0.631578947368421,1.672514619883041,254333,2020-04-13 10:38:16.107000-04:00,1524.0,New York,Yes,None
PSA2KMQ,326461,2,1,8,8,82,70.2735,81.834,0.4520547945205479,1.6097560975609757,71552,2020-10-15 14:01:49.303000-04:00,17,3,1,56.8627450980392,44.8275862068966,52.9411764705882,88.8888888888889,171,112.505,83.335,0.631578947368421,1.672514619883041,254333,2020-04-13 10:38:16.107000-04:00,1524.0,New York,Yes,None
PSA2KMQ,366257,1,0,5,2,27,6.119,13.158,0.25925925925925924,1.8148148148148149,71552,2020-10-15 14:01:49.303000-04:00,17,3,1,56.8627450980392,44.8275862068966,52.9411764705882,88.8888888888889,171,112.505,83.335,0.631578947368421,1.672514619883041,254333,2020-04-13 10:38:16.107000-04:00,1524.0,New York,Yes,None
PSA2KMQ,319162,2,2,8,6,64,61.8535,80.9125,0.625,1.5625,71552,2020-10-15 14:01:49.303000-04:00,17,3,1,56.8627450980392,44.8275862068966,52.9411764705882,88.8888888888889,171,112.505,83.335,0.631578947368421,1.672514619883041,254333,2020-04-13 10:38:16.107000-04:00,1524.0,New York,Yes,None
PSA2KMQ,318051,2,0,8,5,58,46.3305,54.846,0.30612244897959184,1.7413793103448276,71552,2020-10-15 14:01:49.303000-04:00,17,3,1,56.8627450980392,44.8275862068966,52.9411764705882,88.8888888888889,171,112.505,83.335,0.631578947368421,1.672514619883041,254333,2020-04-13 10:38:16.107000-04:00,1524.0,New York,Yes,None
PSA2KMQ,321257,2,0,7,7,83,26.625,36.867,0.31343283582089554,1.6265060240963856,71552,2020-10-15 14:01:49.303000-04:00,17,3,1,56.8627450980392,44.8275862068966,52.9411764705882,88.8888888888889,171,112.505,83.335,0.631578947368421,1.672514619883041,254333,2020-04-13 10:38:16.107000-04:00,1524.0,New York,Yes,None
PSA2KMQ,319134,2,1,7,7,71,32.371,45.674,0.43636363636363634,1.6338028169014085,71552,2020-10-15 14:01:49.303000-04:00,17,3,1,56.8627450980392,44.8275862068966,52.9411764705882,88.8888888888889,171,112.505,83.335,0.631578947368421,1.672514619883041,254333,2020-04-13 10:38:16.107000-04:00,1524.0,New York,Yes,None
PSA2KMQ,393434,2,1,3,1,11,34.75,46.161,0.45454545454545453,1.5454545454545454,71552,2020-10-15 14:01:49.303000-04:00,17,3,1,56.8627450980392,44.8275862068966,52.9411764705882,88.8888888888889,171,112.505,83.335,0.631578947368421,1.672514619883041,254333,2020-04-13 10:38:16.107000-04:00,1524.0,New York,Yes,None
PSA2KMQ,320891,2,1,7,6,63,7.43,12.867,0.36065573770491804,1.507936507936508,71552,2020-10-15 14:01:49.303000-04:00,17,3,1,56.8627450980392,44.8275862068966,52.9411764705882,88.8888888888889,171,112.505,83.335,0.631578947368421,1.672514619883041,254333,2020-04-13 10:38:16.107000-04:00,1524.0,New York,Yes,None
PSA2KMQ,50428,17,16,35,33,423,48.17,61.519,0.690537084398977,1.5721040189125297,71741,2020-10-16 15:38:54.930000-04:00,16,1,2,87.5,85.7142857142857,93.75,83.3333333333333,333,141.938,114.17,0.5165165165165165,1.5885885885885886,17157,2019-08-19 11:55:11.352000-04:00,655.0,Illinois,No,None
PSA2KMQ,50480,16,16,30,30,363,60.334,68.222,0.8151515151515152,1.1680440771349863,71741,2020-10-16 15:38:54.930000-04:00,16,1,2,87.5,85.7142857142857,93.75,83.3333333333333,333,141.938,114.17,0.5165165165165165,1.5885885885885886,17157,2019-08-19 11:55:11.352000-04:00,655.0,Illinois,No,None
PSA2KMQ,50482,16,15,30,28,348,79.0345,97.009,0.6787878787878788,1.4022988505747127,71741,2020-10-16 15:38:54.930000-04:00,16,1,2,87.5,85.7142857142857,93.75,83.3333333333333,333,141.938,114.17,0.5165165165165165,1.5885885885885886,17157,2019-08-19 11:55:11.352000-04:00,655.0,Illinois,No,None
PSA2KMQ,50492,18,13,32,30,404,48.352,68.6465,0.5695538057742782,1.6311881188118813,71741,2020-10-16 15:38:54.930000-04:00,16,1,2,87.5,85.7142857142857,93.75,83.3333333333333,333,141.938,114.17,0.5165165165165165,1.5885885885885886,17157,2019-08-19 11:55:11.352000-04:00,655.0,Illinois,No,None
PSA2KMQ,50495,17,16,32,30,306,91.044,98.338,0.7689655172413793,1.3856209150326797,71741,2020-10-16 15:38:54.930000-04:00,16,1,2,87.5,85.7142857142857,93.75,83.3333333333333,333,141.938,114.17,0.5165165165165165,1.5885885885885886,17157,2019-08-19 11:55:11.352000-04:00,655.0,Illinois,No,None
PSA2KMQ,50500,15,11,23,20,204,66.6295,79.304,0.751269035532995,1.3676470588235294,71741,2020-10-16 15:38:54.930000-04:00,16,1,2,87.5,85.7142857142857,93.75,83.3333333333333,333,141.938,114.17,0.5165165165165165,1.5885885885885886,17157,2019-08-19 11:55:11.352000-04:00,655.0,Illinois,No,None
PSA2KMQ,50436,18,17,35,35,465,88.435,113.014,0.6527777777777778,1.6580645161290324,71741,2020-10-16 15:38:54.930000-04:00,16,1,2,87.5,85.7142857142857,93.75,83.3333333333333,333,141.938,114.17,0.5165165165165165,1.5885885885885886,17157,2019-08-19 11:55:11.352000-04:00,655.0,Illinois,No,None
PSA2KMQ,50479,17,15,31,25,333,49.312,67.516,0.6077170418006431,1.6396396396396395,71741,2020-10-16 15:38:54.930000-04:00,16,1,2,87.5,85.7142857142857,93.75,83.3333333333333,333,141.938,114.17,0.5165165165165165,1.5885885885885886,17157,2019-08-19 11:55:11.352000-04:00,655.0,Illinois,No,None
PSA2KMQ,50431,19,18,35,35,410,48.769,53.52,0.7771883289124668,1.3609756097560977,71741,2020-10-16 15:38:54.930000-04:00,16,1,2,87.5,85.7142857142857,93.75,83.3333333333333,333,141.938,114.17,0.5165165165165165,1.5885885885885886,17157,2019-08-19 11:55:11.352000-04:00,655.0,Illinois,No,None
PSA2KMQ,50438,18,17,32,28,357,38.908,56.212,0.6991150442477876,1.442577030812325,71741,2020-10-16 15:38:54.930000-04:00,16,1,2,87.5,85.7142857142857,93.75,83.3333333333333,333,141.938,114.17,0.5165165165165165,1.5885885885885886,17157,2019-08-19 11:55:11.352000-04:00,655.0,Illinois,No,None
PSA2KMQ,50439,20,19,35,33,373,128.11,141.584,0.8070175438596491,1.3485254691689008,71741,2020-10-16 15:38:54.930000-04:00,16,1,2,87.5,85.7142857142857,93.75,83.3333333333333,333,141.938,114.17,0.5165165165165165,1.5885885885885886,17157,2019-08-19 11:55:11.352000-04:00,655.0,Illinois,No,None
PSA2KMQ,49570,21,18,35,33,398,75.6925,85.289,0.7945205479452054,1.2763819095477387,71741,2020-10-16 15:38:54.930000-04:00,16,1,2,87.5,85.7142857142857,93.75,83.3333333333333,333,141.938,114.17,0.5165165165165165,1.5885885885885886,17157,2019-08-19 11:55:11.352000-04:00,655.0,Illinois,No,None
PSA2KMQ,50477,19,17,35,32,389,67.175,73.73,0.7527777777777778,1.3161953727506428,71741,2020-10-16 15:38:54.930000-04:00,16,1,2,87.5,85.7142857142857,93.75,83.3333333333333,333,141.938,114.17,0.5165165165165165,1.5885885885885886,17157,2019-08-19 11:55:11.352000-04:00,655.0,Illinois,No,None
PSA2KMQ,893279,2,2,41,37,297,24.482,25.409,0.9045226130653267,1.101010101010101,72999,2020-10-25 20:52:00.815000-04:00,23,3,99,53.6231884057971,94.5945945945946,10.4962670180061,85.3556485355649,2532,39.646,35.1095,0.7267876200640342,1.287519747235387,650443,2020-09-10 14:41:34.996000-04:00,,,,
PSA2KMQ,970386,3,3,7,7,100,52.168,59.1475,0.7738095238095238,1.22,72999,2020-10-25 20:52:00.815000-04:00,23,3,99,53.6231884057971,94.5945945945946,10.4962670180061,85.3556485355649,2532,39.646,35.1095,0.7267876200640342,1.287519747235387,650443,2020-09-10 14:41:34.996000-04:00,,,,
PSA2KMQ,970385,4,4,6,6,84,38.7135,52.802,0.44594594594594594,1.4642857142857142,72999,2020-10-25 20:52:00.815000-04:00,23,3,99,53.6231884057971,94.5945945945946,10.4962670180061,85.3556485355649,2532,39.646,35.1095,0.7267876200640342,1.287519747235387,650443,2020-09-10 14:41:34.996000-04:00,,,,
PSA2KMQ,937285,3,3,10,10,154,34.122,39.6575,0.7851239669421488,1.2142857142857142,72999,2020-10-25 20:52:00.815000-04:00,23,3,99,53.6231884057971,94.5945945945946,10.4962670180061,85.3556485355649,2532,39.646,35.1095,0.7267876200640342,1.287519747235387,650443,2020-09-10 14:41:34.996000-04:00,,,,
PSA2KMQ,937284,1,1,15,15,213,34.005,37.014,0.7346938775510204,1.3051643192488263,72999,2020-10-25 20:52:00.815000-04:00,23,3,99,53.6231884057971,94.5945945945946,10.4962670180061,85.3556485355649,2532,39.646,35.1095,0.7267876200640342,1.287519747235387,650443,2020-09-10 14:41:34.996000-04:00,,,,
PSA2KMQ,932638,3,3,7,6,91,50.388,51.018,0.8809523809523809,1.065934065934066,72999,2020-10-25 20:52:00.815000-04:00,23,3,99,53.6231884057971,94.5945945945946,10.4962670180061,85.3556485355649,2532,39.646,35.1095,0.7267876200640342,1.287519747235387,650443,2020-09-10 14:41:34.996000-04:00,,,,
PSA2KMQ,970383,3,2,7,6,79,34.866,38.211,0.8194444444444444,1.1645569620253164,72999,2020-10-25 20:52:00.815000-04:00,23,3,99,53.6231884057971,94.5945945945946,10.4962670180061,85.3556485355649,2532,39.646,35.1095,0.7267876200640342,1.287519747235387,650443,2020-09-10 14:41:34.996000-04:00,,,,
PSA2KMQ,970382,3,3,5,5,98,29.454,36.214,0.65,1.2959183673469388,72999,2020-10-25 20:52:00.815000-04:00,23,3,99,53.6231884057971,94.5945945945946,10.4962670180061,85.3556485355649,2532,39.646,35.1095,0.7267876200640342,1.287519747235387,650443,2020-09-10 14:41:34.996000-04:00,,,,
PSA2KMQ,919345,4,4,15,9,160,39.6655,41.75,0.6370967741935484,1.30625,72999,2020-10-25 20:52:00.815000-04:00,23,3,99,53.6231884057971,94.5945945945946,10.4962670180061,85.3556485355649,2532,39.646,35.1095,0.7267876200640342,1.287519747235387,650443,2020-09-10 14:41:34.996000-04:00,,,,
PSA2KMQ,970387,2,1,5,5,73,21.493,29.452,0.7368421052631579,1.9452054794520548,72999,2020-10-25 20:52:00.815000-04:00,23,3,99,53.6231884057971,94.5945945945946,10.4962670180061,85.3556485355649,2532,39.646,35.1095,0.7267876200640342,1.287519747235387,650443,2020-09-10 14:41:34.996000-04:00,,,,
PSA2KMQ,970394,3,3,11,11,159,46.895,51.156,0.5793650793650794,1.4025157232704404,72999,2020-10-25 20:52:00.815000-04:00,23,3,99,53.6231884057971,94.5945945945946,10.4962670180061,85.3556485355649,2532,39.646,35.1095,0.7267876200640342,1.287519747235387,650443,2020-09-10 14:41:34.996000-04:00,,,,
PSA2KMQ,916710,4,4,46,40,426,32.796,36.3275,0.842911877394636,1.107981220657277,72999,2020-10-25 20:52:00.815000-04:00,23,3,99,53.6231884057971,94.5945945945946,10.4962670180061,85.3556485355649,2532,39.646,35.1095,0.7267876200640342,1.287519747235387,650443,2020-09-10 14:41:34.996000-04:00,,,,
PSA2KMQ,979376,2,2,9,6,113,41.975,54.817,0.5656565656565656,1.4867256637168142,72999,2020-10-25 20:52:00.815000-04:00,23,3,99,53.6231884057971,94.5945945945946,10.4962670180061,85.3556485355649,2532,39.646,35.1095,0.7267876200640342,1.287519747235387,650443,2020-09-10 14:41:34.996000-04:00,,,,
PSA2KMQ,969903,2,2,9,7,94,76.258,76.262,0.8148148148148148,1.2553191489361701,73000,2020-10-25 20:52:00.848000-04:00,23,3,98,50.7246376811594,85.7142857142857,20.3637976929902,82.5708061002179,4171,27.09,23.109,0.591539281905439,1.2821865260129466,650443,2020-09-10 14:41:34.996000-04:00,,,,
PSA2KMQ,970247,2,2,9,6,126,65.28,73.139,0.6203703703703703,1.2301587301587302,73000,2020-10-25 20:52:00.848000-04:00,23,3,98,50.7246376811594,85.7142857142857,20.3637976929902,82.5708061002179,4171,27.09,23.109,0.591539281905439,1.2821865260129466,650443,2020-09-10 14:41:34.996000-04:00,,,,
PSA2KMQ,970248,4,4,7,6,104,25.6495,28.854,0.5581395348837209,1.3846153846153846,73000,2020-10-25 20:52:00.848000-04:00,23,3,98,50.7246376811594,85.7142857142857,20.3637976929902,82.5708061002179,4171,27.09,23.109,0.591539281905439,1.2821865260129466,650443,2020-09-10 14:41:34.996000-04:00,,,,
PSA2KMQ,1001110,1,0,8,6,38,44.299,53.5695,0.2222222222222222,1.368421052631579,73000,2020-10-25 20:52:00.848000-04:00,23,3,98,50.7246376811594,85.7142857142857,20.3637976929902,82.5708061002179,4171,27.09,23.109,0.591539281905439,1.2821865260129466,650443,2020-09-10 14:41:34.996000-04:00,,,,
PSA2KMQ,889318,4,3,86,85,792,14.739,16.124,0.829004329004329,1.1148989898989898,73000,2020-10-25 20:52:00.848000-04:00,23,3,98,50.7246376811594,85.7142857142857,20.3637976929902,82.5708061002179,4171,27.09,23.109,0.591539281905439,1.2821865260129466,650443,2020-09-10 14:41:34.996000-04:00,,,,
PSA2KMQ,889642,3,3,50,42,363,17.891,19.653,0.5669291338582677,1.234159779614325,73000,2020-10-25 20:52:00.848000-04:00,23,3,98,50.7246376811594,85.7142857142857,20.3637976929902,82.5708061002179,4171,27.09,23.109,0.591539281905439,1.2821865260129466,650443,2020-09-10 14:41:34.996000-04:00,,,,
PSA2KMQ,970245,4,3,43,43,512,27.2715,30.8935,0.7439024390243902,1.224609375,73000,2020-10-25 20:52:00.848000-04:00,23,3,98,50.7246376811594,85.7142857142857,20.3637976929902,82.5708061002179,4171,27.09,23.109,0.591539281905439,1.2821865260129466,650443,2020-09-10 14:41:34.996000-04:00,,,,
PSA2KMQ,914768,2,1,54,46,489,31.41,39.634,0.536741214057508,1.4989775051124743,73000,2020-10-25 20:52:00.848000-04:00,23,3,98,50.7246376811594,85.7142857142857,20.3637976929902,82.5708061002179,4171,27.09,23.109,0.591539281905439,1.2821865260129466,650443,2020-09-10 14:41:34.996000-04:00,,,,
PSA2KMQ,981922,3,3,8,7,102,24.119,28.807,0.6744186046511628,1.3823529411764706,73000,2020-10-25 20:52:00.848000-04:00,23,3,98,50.7246376811594,85.7142857142857,20.3637976929902,82.5708061002179,4171,27.09,23.109,0.591539281905439,1.2821865260129466,650443,2020-09-10 14:41:34.996000-04:00,,,,
PSA2KMQ,925036,3,2,38,28,250,29.944,32.8685,0.8352272727272727,1.124,73000,2020-10-25 20:52:00.848000-04:00,23,3,98,50.7246376811594,85.7142857142857,20.3637976929902,82.5708061002179,4171,27.09,23.109,0.591539281905439,1.2821865260129466,650443,2020-09-10 14:41:34.996000-04:00,,,,
PSA2KMQ,749918,1,1,9,2,45,56.863,56.866,0.7586206896551724,1.0222222222222221,73001,2020-10-25 20:52:00.905000-04:00,24,3,99,45.8333333333333,72.7272727272727,20.7070707070707,76.6260162601626,4065,34.635,29.987,0.6542127335112466,1.2779827798277983,650443,2020-09-10 14:41:34.996000-04:00,,,,
PSA2KMQ,969943,2,2,8,6,106,23.873,30.1225,0.6483516483516484,1.4528301886792454,73001,2020-10-25 20:52:00.905000-04:00,24,3,99,45.8333333333333,72.7272727272727,20.7070707070707,76.6260162601626,4065,34.635,29.987,0.6542127335112466,1.2779827798277983,650443,2020-09-10 14:41:34.996000-04:00,,,,
PSA2KMQ,917772,3,3,53,43,423,40.077,49.573,0.6148148148148148,1.3711583924349882,73001,2020-10-25 20:52:00.905000-04:00,24,3,99,45.8333333333333,72.7272727272727,20.7070707070707,76.6260162601626,4065,34.635,29.987,0.6542127335112466,1.2779827798277983,650443,2020-09-10 14:41:34.996000-04:00,,,,
PSA2KMQ,890460,2,2,68,51,504,31.4115,35.2935,0.8158730158730159,1.1686507936507937,73001,2020-10-25 20:52:00.905000-04:00,24,3,99,45.8333333333333,72.7272727272727,20.7070707070707,76.6260162601626,4065,34.635,29.987,0.6542127335112466,1.2779827798277983,650443,2020-09-10 14:41:34.996000-04:00,,,,
PSA2KMQ,969947,4,4,33,27,352,46.391,57.5315,0.5725806451612904,1.4573863636363635,73001,2020-10-25 20:52:00.905000-04:00,24,3,99,45.8333333333333,72.7272727272727,20.7070707070707,76.6260162601626,4065,34.635,29.987,0.6542127335112466,1.2779827798277983,650443,2020-09-10 14:41:34.996000-04:00,,,,
PSA2KMQ,969944,4,4,9,7,128,32.823,39.863,0.7064220183486238,1.3203125,73001,2020-10-25 20:52:00.905000-04:00,24,3,99,45.8333333333333,72.7272727272727,20.7070707070707,76.6260162601626,4065,34.635,29.987,0.6542127335112466,1.2779827798277983,650443,2020-09-10 14:41:34.996000-04:00,,,,
PSA2KMQ,793969,3,3,14,11,197,31.039,31.454,0.7062937062937062,1.233502538071066,73001,2020-10-25 20:52:00.905000-04:00,24,3,99,45.8333333333333,72.7272727272727,20.7070707070707,76.6260162601626,4065,34.635,29.987,0.6542127335112466,1.2779827798277983,650443,2020-09-10 14:41:34.996000-04:00,,,,
PSA2KMQ,888960,4,4,93,91,896,19.613,21.928,0.812015503875969,1.1283482142857142,73001,2020-10-25 20:52:00.905000-04:00,24,3,99,45.8333333333333,72.7272727272727,20.7070707070707,76.6260162601626,4065,34.635,29.987,0.6542127335112466,1.2779827798277983,650443,2020-09-10 14:41:34.996000-04:00,,,,
PSA2KMQ,82962,0,0,116,113,1329,27.975,34.06,0.5424274973147154,1.3890142964635064,75655,2020-11-16 09:18:15.937000-05:00,15,0,6,0.0,0.0,47.7777777777778,67.4418604651163,245,33.55,29.77,0.3782051282051282,1.3877551020408163,4772,2019-03-20 07:40:53.135000-04:00,2287.0,Vermont,Yes,None
PSA2KMQ,646890,0,0,30,26,290,21.66,25.3025,0.5340909090909091,1.313793103448276,75655,2020-11-16 09:18:15.937000-05:00,15,0,6,0.0,0.0,47.7777777777778,67.4418604651163,245,33.55,29.77,0.3782051282051282,1.3877551020408163,4772,2019-03-20 07:40:53.135000-04:00,2287.0,Vermont,Yes,None
PSA2KMQ,82968,0,0,49,29,412,46.093,57.114,0.5774193548387097,1.441747572815534,75655,2020-11-16 09:18:15.937000-05:00,15,0,6,0.0,0.0,47.7777777777778,67.4418604651163,245,33.55,29.77,0.3782051282051282,1.3877551020408163,4772,2019-03-20 07:40:53.135000-04:00,2287.0,Vermont,Yes,None
PSA2KMQ,82960,0,0,102,84,985,44.978,56.679,0.6080892608089261,1.5908629441624365,75655,2020-11-16 09:18:15.937000-05:00,15,0,6,0.0,0.0,47.7777777777778,67.4418604651163,245,33.55,29.77,0.3782051282051282,1.3877551020408163,4772,2019-03-20 07:40:53.135000-04:00,2287.0,Vermont,Yes,None
PSA2KMQ,196267,0,0,60,50,616,52.462,59.39,0.6556473829201102,1.3068181818181819,75655,2020-11-16 09:18:15.937000-05:00,15,0,6,0.0,0.0,47.7777777777778,67.4418604651163,245,33.55,29.77,0.3782051282051282,1.3877551020408163,4772,2019-03-20 07:40:53.135000-04:00,2287.0,Vermont,Yes,None
PSA2KMQ,242896,0,0,48,43,445,45.286,50.954,0.6198347107438017,1.3370786516853932,75655,2020-11-16 09:18:15.937000-05:00,15,0,6,0.0,0.0,47.7777777777778,67.4418604651163,245,33.55,29.77,0.3782051282051282,1.3877551020408163,4772,2019-03-20 07:40:53.135000-04:00,2287.0,Vermont,Yes,None
PSA2KMQ,352037,0,0,49,46,514,15.3445,19.61,0.3129251700680272,1.2996108949416343,75655,2020-11-16 09:18:15.937000-05:00,15,0,6,0.0,0.0,47.7777777777778,67.4418604651163,245,33.55,29.77,0.3782051282051282,1.3877551020408163,4772,2019-03-20 07:40:53.135000-04:00,2287.0,Vermont,Yes,None
PSA2KMQ,380437,0,0,30,23,282,32.7485,42.8185,0.5251396648044693,1.3829787234042552,75655,2020-11-16 09:18:15.937000-05:00,15,0,6,0.0,0.0,47.7777777777778,67.4418604651163,245,33.55,29.77,0.3782051282051282,1.3877551020408163,4772,2019-03-20 07:40:53.135000-04:00,2287.0,Vermont,Yes,None
PSA2KMQ,83243,0,0,115,109,1134,44.622,52.0155,0.6842105263157895,1.318342151675485,75656,2020-11-16 09:18:15.939000-05:00,12,0,6,0.0,0.0,62.5,86.6666666666667,324,45.946,39.769,0.4292929292929293,1.4012345679012346,4772,2019-03-20 07:40:53.135000-04:00,2287.0,Vermont,Yes,None
PSA2KMQ,226847,0,0,44,42,434,29.9755,33.699,0.39148936170212767,1.4308755760368663,75656,2020-11-16 09:18:15.939000-05:00,12,0,6,0.0,0.0,62.5,86.6666666666667,324,45.946,39.769,0.4292929292929293,1.4012345679012346,4772,2019-03-20 07:40:53.135000-04:00,2287.0,Vermont,Yes,None
PSA2KMQ,647500,0,0,41,38,400,34.384,38.462,0.4976303317535545,1.4525,75656,2020-11-16 09:18:15.939000-05:00,12,0,6,0.0,0.0,62.5,86.6666666666667,324,45.946,39.769,0.4292929292929293,1.4012345679012346,4772,2019-03-20 07:40:53.135000-04:00,2287.0,Vermont,Yes,None
PSA2KMQ,82958,0,0,111,106,1289,15.243,19.662,0.5288888888888889,1.4871993793638478,75656,2020-11-16 09:18:15.939000-05:00,12,0,6,0.0,0.0,62.5,86.6666666666667,324,45.946,39.769,0.4292929292929293,1.4012345679012346,4772,2019-03-20 07:40:53.135000-04:00,2287.0,Vermont,Yes,None
PSA2KMQ,387457,0,0,39,35,318,44.8095,50.1255,0.551948051948052,1.3081761006289307,75656,2020-11-16 09:18:15.939000-05:00,12,0,6,0.0,0.0,62.5,86.6666666666667,324,45.946,39.769,0.4292929292929293,1.4012345679012346,4772,2019-03-20 07:40:53.135000-04:00,2287.0,Vermont,Yes,None
PSA2KMQ,82961,0,0,106,90,1131,15.182,20.869,0.46956521739130436,1.552608311229001,75656,2020-11-16 09:18:15.939000-05:00,12,0,6,0.0,0.0,62.5,86.6666666666667,324,45.946,39.769,0.4292929292929293,1.4012345679012346,4772,2019-03-20 07:40:53.135000-04:00,2287.0,Vermont,Yes,None
PSA2KMQ,187833,0,0,83,83,816,59.0555,63.3745,0.6387096774193548,1.3014705882352942,75656,2020-11-16 09:18:15.939000-05:00,12,0,6,0.0,0.0,62.5,86.6666666666667,324,45.946,39.769,0.4292929292929293,1.4012345679012346,4772,2019-03-20 07:40:53.135000-04:00,2287.0,Vermont,Yes,None
PSA2KMQ,193244,0,0,54,48,514,26.126,30.0115,0.5578231292517006,1.2976653696498055,75656,2020-11-16 09:18:15.939000-05:00,12,0,6,0.0,0.0,62.5,86.6666666666667,324,45.946,39.769,0.4292929292929293,1.4012345679012346,4772,2019-03-20 07:40:53.135000-04:00,2287.0,Vermont,Yes,None
PSA2KMQ,156260,0,0,52,48,490,73.7695,91.97,0.6395348837209303,1.3714285714285714,75657,2020-11-16 09:18:15.941000-05:00,15,0,6,0.0,0.0,70.0,90.4761904761905,510,57.399,49.073,0.463855421686747,1.5862745098039217,4772,2019-03-20 07:40:53.135000-04:00,2287.0,Vermont,Yes,None
PSA2KMQ,156537,0,0,58,55,605,52.435,56.956,0.5809248554913294,1.3652892561983472,75657,2020-11-16 09:18:15.941000-05:00,15,0,6,0.0,0.0,70.0,90.4761904761905,510,57.399,49.073,0.463855421686747,1.5862745098039217,4772,2019-03-20 07:40:53.135000-04:00,2287.0,Vermont,Yes,None
PSA2KMQ,193147,0,0,52,49,565,33.655,37.683,0.5598802395209581,1.3787610619469026,75657,2020-11-16 09:18:15.941000-05:00,15,0,6,0.0,0.0,70.0,90.4761904761905,510,57.399,49.073,0.463855421686747,1.5862745098039217,4772,2019-03-20 07:40:53.135000-04:00,2287.0,Vermont,Yes,None
PSA2KMQ,335242,0,0,46,43,426,25.183,28.3545,0.7130044843049327,1.2253521126760563,75657,2020-11-16 09:18:15.941000-05:00,15,0,6,0.0,0.0,70.0,90.4761904761905,510,57.399,49.073,0.463855421686747,1.5862745098039217,4772,2019-03-20 07:40:53.135000-04:00,2287.0,Vermont,Yes,None
PSA2KMQ,384592,0,0,51,51,543,67.261,74.244,0.6301369863013698,1.4880294659300184,75657,2020-11-16 09:18:15.941000-05:00,15,0,6,0.0,0.0,70.0,90.4761904761905,510,57.399,49.073,0.463855421686747,1.5862745098039217,4772,2019-03-20 07:40:53.135000-04:00,2287.0,Vermont,Yes,None
PSA2KMQ,82951,0,0,73,71,923,23.634,27.139,0.6257961783439491,1.3412784398699893,75657,2020-11-16 09:18:15.941000-05:00,15,0,6,0.0,0.0,70.0,90.4761904761905,510,57.399,49.073,0.463855421686747,1.5862745098039217,4772,2019-03-20 07:40:53.135000-04:00,2287.0,Vermont,Yes,None
PSA2KMQ,334190,0,0,54,54,575,78.273,88.226,0.5414012738853503,1.3617391304347826,75657,2020-11-16 09:18:15.941000-05:00,15,0,6,0.0,0.0,70.0,90.4761904761905,510,57.399,49.073,0.463855421686747,1.5862745098039217,4772,2019-03-20 07:40:53.135000-04:00,2287.0,Vermont,Yes,None
PSA2KMQ,83238,0,0,104,96,1077,49.608,61.134,0.5911528150134048,1.497678737233055,75657,2020-11-16 09:18:15.941000-05:00,15,0,6,0.0,0.0,70.0,90.4761904761905,510,57.399,49.073,0.463855421686747,1.5862745098039217,4772,2019-03-20 07:40:53.135000-04:00,2287.0,Vermont,Yes,None
PSA2KMQ,83227,0,0,78,76,855,17.563,20.245,0.6173469387755102,1.2795321637426902,75657,2020-11-16 09:18:15.941000-05:00,15,0,6,0.0,0.0,70.0,90.4761904761905,510,57.399,49.073,0.463855421686747,1.5862745098039217,4772,2019-03-20 07:40:53.135000-04:00,2287.0,Vermont,Yes,None
PSA2KMQ,749148,82,77,0,0,358,21.4365,23.464,0.7849162011173184,1.2067039106145252,75983,2020-11-18 10:43:32.698000-05:00,25,69,0,87.8260869565217,90.2310231023102,0.0,0.0,7833,21.022,18.362,0.6754755521511554,1.2776713902719266,944906,2020-12-07 11:37:41.532000-05:00,,,,
PSA2KMQ,748984,91,88,0,0,430,21.7425,23.6345,0.7558139534883721,1.2883720930232558,75983,2020-11-18 10:43:32.698000-05:00,25,69,0,87.8260869565217,90.2310231023102,0.0,0.0,7833,21.022,18.362,0.6754755521511554,1.2776713902719266,944906,2020-12-07 11:37:41.532000-05:00,,,,
PSA2KMQ,748985,89,70,0,0,602,11.8205,14.705,0.5332225913621262,1.5182724252491695,75983,2020-11-18 10:43:32.698000-05:00,25,69,0,87.8260869565217,90.2310231023102,0.0,0.0,7833,21.022,18.362,0.6754755521511554,1.2776713902719266,944906,2020-12-07 11:37:41.532000-05:00,,,,
PSA2KMQ,748987,91,91,0,0,535,59.625,65.393,0.7009345794392523,1.3663551401869158,75983,2020-11-18 10:43:32.698000-05:00,25,69,0,87.8260869565217,90.2310231023102,0.0,0.0,7833,21.022,18.362,0.6754755521511554,1.2776713902719266,944906,2020-12-07 11:37:41.532000-05:00,,,,
PSA2KMQ,748992,91,91,0,0,389,27.634,28.068,0.8174807197943444,1.1259640102827764,75983,2020-11-18 10:43:32.698000-05:00,25,69,0,87.8260869565217,90.2310231023102,0.0,0.0,7833,21.022,18.362,0.6754755521511554,1.2776713902719266,944906,2020-12-07 11:37:41.532000-05:00,,,,
PSA2KMQ,748995,91,91,0,0,431,29.144,30.139,0.7958236658932715,1.1299303944315544,75983,2020-11-18 10:43:32.698000-05:00,25,69,0,87.8260869565217,90.2310231023102,0.0,0.0,7833,21.022,18.362,0.6754755521511554,1.2776713902719266,944906,2020-12-07 11:37:41.532000-05:00,,,,
PSA2KMQ,748998,88,68,0,0,446,16.723,18.8465,0.6053811659192825,1.3295964125560538,75983,2020-11-18 10:43:32.698000-05:00,25,69,0,87.8260869565217,90.2310231023102,0.0,0.0,7833,21.022,18.362,0.6754755521511554,1.2776713902719266,944906,2020-12-07 11:37:41.532000-05:00,,,,
PSA2KMQ,749000,91,89,0,0,481,38.702,43.437,0.6985446985446986,1.3825363825363826,75983,2020-11-18 10:43:32.698000-05:00,25,69,0,87.8260869565217,90.2310231023102,0.0,0.0,7833,21.022,18.362,0.6754755521511554,1.2776713902719266,944906,2020-12-07 11:37:41.532000-05:00,,,,
PSA2KMQ,749004,82,78,0,0,415,19.011,19.73,0.7493975903614458,1.2530120481927711,75983,2020-11-18 10:43:32.698000-05:00,25,69,0,87.8260869565217,90.2310231023102,0.0,0.0,7833,21.022,18.362,0.6754755521511554,1.2776713902719266,944906,2020-12-07 11:37:41.532000-05:00,,,,
PSA2KMQ,749005,89,89,0,0,457,27.228,28.358,0.7417943107221007,1.1925601750547046,75983,2020-11-18 10:43:32.698000-05:00,25,69,0,87.8260869565217,90.2310231023102,0.0,0.0,7833,21.022,18.362,0.6754755521511554,1.2776713902719266,944906,2020-12-07 11:37:41.532000-05:00,,,,
PSA2KMQ,749006,91,79,0,0,572,20.1965,22.906,0.5961538461538461,1.5384615384615385,75983,2020-11-18 10:43:32.698000-05:00,25,69,0,87.8260869565217,90.2310231023102,0.0,0.0,7833,21.022,18.362,0.6754755521511554,1.2776713902719266,944906,2020-12-07 11:37:41.532000-05:00,,,,
PSA2KMQ,749008,91,89,0,0,440,15.2285,17.4765,0.7454545454545455,1.2545454545454544,75983,2020-11-18 10:43:32.698000-05:00,25,69,0,87.8260869565217,90.2310231023102,0.0,0.0,7833,21.022,18.362,0.6754755521511554,1.2776713902719266,944906,2020-12-07 11:37:41.532000-05:00,,,,
PSA2KMQ,749011,78,62,0,0,307,16.15,16.665,0.752442996742671,1.1856677524429966,75983,2020-11-18 10:43:32.698000-05:00,25,69,0,87.8260869565217,90.2310231023102,0.0,0.0,7833,21.022,18.362,0.6754755521511554,1.2776713902719266,944906,2020-12-07 11:37:41.532000-05:00,,,,
PSA2KMQ,749016,89,75,0,0,497,22.081,24.147,0.647887323943662,1.2796780684104627,75983,2020-11-18 10:43:32.698000-05:00,25,69,0,87.8260869565217,90.2310231023102,0.0,0.0,7833,21.022,18.362,0.6754755521511554,1.2776713902719266,944906,2020-12-07 11:37:41.532000-05:00,,,,
PSA2KMQ,749020,78,31,0,0,336,10.928,24.98,0.37797619047619047,1.3452380952380951,75983,2020-11-18 10:43:32.698000-05:00,25,69,0,87.8260869565217,90.2310231023102,0.0,0.0,7833,21.022,18.362,0.6754755521511554,1.2776713902719266,944906,2020-12-07 11:37:41.532000-05:00,,,,
PSA2KMQ,749023,90,85,0,0,405,19.24,20.23,0.7876543209876543,1.182716049382716,75983,2020-11-18 10:43:32.698000-05:00,25,69,0,87.8260869565217,90.2310231023102,0.0,0.0,7833,21.022,18.362,0.6754755521511554,1.2776713902719266,944906,2020-12-07 11:37:41.532000-05:00,,,,
PSA2KMQ,749026,90,84,0,0,488,22.4455,23.41,0.6926229508196722,1.290983606557377,75983,2020-11-18 10:43:32.698000-05:00,25,69,0,87.8260869565217,90.2310231023102,0.0,0.0,7833,21.022,18.362,0.6754755521511554,1.2776713902719266,944906,2020-12-07 11:37:41.532000-05:00,,,,
PSA2KMQ,749031,90,87,0,0,454,27.1795,31.6325,0.7577092511013216,1.2356828193832599,75983,2020-11-18 10:43:32.698000-05:00,25,69,0,87.8260869565217,90.2310231023102,0.0,0.0,7833,21.022,18.362,0.6754755521511554,1.2776713902719266,944906,2020-12-07 11:37:41.532000-05:00,,,,
PSA2KMQ,751000,86,82,0,0,422,12.2675,13.7025,0.7630331753554502,1.2843601895734598,75983,2020-11-18 10:43:32.698000-05:00,25,69,0,87.8260869565217,90.2310231023102,0.0,0.0,7833,21.022,18.362,0.6754755521511554,1.2776713902719266,944906,2020-12-07 11:37:41.532000-05:00,,,,
PSA2KMQ,749077,79,71,0,0,439,21.303,24.746,0.6879271070615034,1.3211845102505695,75983,2020-11-18 10:43:32.698000-05:00,25,69,0,87.8260869565217,90.2310231023102,0.0,0.0,7833,21.022,18.362,0.6754755521511554,1.2776713902719266,944906,2020-12-07 11:37:41.532000-05:00,,,,
PSA2KMQ,749111,90,87,0,0,490,17.8625,20.5905,0.726530612244898,1.279591836734694,75983,2020-11-18 10:43:32.698000-05:00,25,69,0,87.8260869565217,90.2310231023102,0.0,0.0,7833,21.022,18.362,0.6754755521511554,1.2776713902719266,944906,2020-12-07 11:37:41.532000-05:00,,,,
PSA2KMQ,749156,90,82,0,0,418,14.317,15.391,0.7464114832535885,1.222488038277512,75983,2020-11-18 10:43:32.698000-05:00,25,69,0,87.8260869565217,90.2310231023102,0.0,0.0,7833,21.022,18.362,0.6754755521511554,1.2776713902719266,944906,2020-12-07 11:37:41.532000-05:00,,,,
PSA2KMQ,339984,6,5,36,29,259,62.847,74.891,0.48201438848920863,1.5250965250965252,77094,2020-12-04 14:59:57.798000-05:00,14,2,37,39.2857142857143,72.7272727272727,45.1737451737452,74.3589743589744,1516,83.7345,73.413,0.45454545454545453,1.470316622691293,341873,2020-04-28 12:01:27.793000-04:00,1507.0,New Mexico,Yes,None
PSA2KMQ,960078,2,2,27,24,229,214.297,236.419,0.4666666666666667,1.532751091703057,77094,2020-12-04 14:59:57.798000-05:00,14,2,37,39.2857142857143,72.7272727272727,45.1737451737452,74.3589743589744,1516,83.7345,73.413,0.45454545454545453,1.470316622691293,341873,2020-04-28 12:01:27.793000-04:00,1507.0,New Mexico,Yes,None
PSA2KMQ,948364,1,1,10,8,98,10.697,14.9275,0.32558139534883723,1.336734693877551,77094,2020-12-04 14:59:57.798000-05:00,14,2,37,39.2857142857143,72.7272727272727,45.1737451737452,74.3589743589744,1516,83.7345,73.413,0.45454545454545453,1.470316622691293,341873,2020-04-28 12:01:27.793000-04:00,1507.0,New Mexico,Yes,None
PSA2KMQ,945847,2,1,31,27,272,74.7285,78.572,0.6475409836065574,1.3235294117647058,77094,2020-12-04 14:59:57.798000-05:00,14,2,37,39.2857142857143,72.7272727272727,45.1737451737452,74.3589743589744,1516,83.7345,73.413,0.45454545454545453,1.470316622691293,341873,2020-04-28 12:01:27.793000-04:00,1507.0,New Mexico,Yes,None
PSA2KMQ,946276,2,1,36,36,315,73.411,82.377,0.43661971830985913,1.3714285714285714,77094,2020-12-04 14:59:57.798000-05:00,14,2,37,39.2857142857143,72.7272727272727,45.1737451737452,74.3589743589744,1516,83.7345,73.413,0.45454545454545453,1.470316622691293,341873,2020-04-28 12:01:27.793000-04:00,1507.0,New Mexico,Yes,None
PSA2KMQ,334435,6,6,33,28,203,90.92,105.818,0.4205607476635514,1.4975369458128078,77095,2020-12-04 14:59:57.800000-05:00,15,2,37,33.3333333333333,90.0,35.6756756756757,74.7474747474748,1253,73.72,68.628,0.4017094017094017,1.4205905826017557,341873,2020-04-28 12:01:27.793000-04:00,1507.0,New Mexico,Yes,None
PSA2KMQ,944309,2,2,34,33,286,167.223,172.815,0.5528455284552846,1.3461538461538463,77095,2020-12-04 14:59:57.800000-05:00,15,2,37,33.3333333333333,90.0,35.6756756756757,74.7474747474748,1253,73.72,68.628,0.4017094017094017,1.4205905826017557,341873,2020-04-28 12:01:27.793000-04:00,1507.0,New Mexico,Yes,None
PSA2KMQ,944754,2,1,28,16,137,94.849,104.627,0.4057971014492754,1.4306569343065694,77095,2020-12-04 14:59:57.800000-05:00,15,2,37,33.3333333333333,90.0,35.6756756756757,74.7474747474748,1253,73.72,68.628,0.4017094017094017,1.4205905826017557,341873,2020-04-28 12:01:27.793000-04:00,1507.0,New Mexico,Yes,None
PSA2KMQ,335852,3,2,21,12,110,79.16,94.551,0.4642857142857143,1.3909090909090909,77095,2020-12-04 14:59:57.800000-05:00,15,2,37,33.3333333333333,90.0,35.6756756756757,74.7474747474748,1253,73.72,68.628,0.4017094017094017,1.4205905826017557,341873,2020-04-28 12:01:27.793000-04:00,1507.0,New Mexico,Yes,None
PSA2KMQ,983644,0,0,7,4,39,99.881,109.066,0.13333333333333333,1.6153846153846154,77095,2020-12-04 14:59:57.800000-05:00,15,2,37,33.3333333333333,90.0,35.6756756756757,74.7474747474748,1253,73.72,68.628,0.4017094017094017,1.4205905826017557,341873,2020-04-28 12:01:27.793000-04:00,1507.0,New Mexico,Yes,None
PSA2KMQ,961879,0,0,18,15,138,20.337,23.8965,0.21428571428571427,1.4710144927536233,77095,2020-12-04 14:59:57.800000-05:00,15,2,37,33.3333333333333,90.0,35.6756756756757,74.7474747474748,1253,73.72,68.628,0.4017094017094017,1.4205905826017557,341873,2020-04-28 12:01:27.793000-04:00,1507.0,New Mexico,Yes,None
PSA2KMQ,944743,2,1,32,28,236,68.202,75.743,0.5087719298245614,1.3686440677966103,77096,2020-12-04 14:59:57.802000-05:00,15,2,37,53.3333333333333,81.25,56.036036036036,79.4212218649518,2220,88.2695,78.471,0.5359922178988327,1.3234234234234235,341873,2020-04-28 12:01:27.793000-04:00,1507.0,New Mexico,Yes,None
PSA2KMQ,945816,2,2,32,32,294,87.8245,90.8745,0.5227272727272727,1.2857142857142858,77096,2020-12-04 14:59:57.802000-05:00,15,2,37,53.3333333333333,81.25,56.036036036036,79.4212218649518,2220,88.2695,78.471,0.5359922178988327,1.3234234234234235,341873,2020-04-28 12:01:27.793000-04:00,1507.0,New Mexico,Yes,None
PSA2KMQ,945307,0,0,18,5,34,193.7805,193.811,0.6956521739130435,1.1764705882352942,77096,2020-12-04 14:59:57.802000-05:00,15,2,37,53.3333333333333,81.25,56.036036036036,79.4212218649518,2220,88.2695,78.471,0.5359922178988327,1.3234234234234235,341873,2020-04-28 12:01:27.793000-04:00,1507.0,New Mexico,Yes,None
PSA2KMQ,944376,1,1,28,17,207,11.318,11.649,0.26136363636363635,1.3236714975845412,77096,2020-12-04 14:59:57.802000-05:00,15,2,37,53.3333333333333,81.25,56.036036036036,79.4212218649518,2220,88.2695,78.471,0.5359922178988327,1.3234234234234235,341873,2020-04-28 12:01:27.793000-04:00,1507.0,New Mexico,Yes,None
PSA2KMQ,337687,5,2,34,32,294,73.3345,80.619,0.624113475177305,1.316326530612245,77096,2020-12-04 14:59:57.802000-05:00,15,2,37,53.3333333333333,81.25,56.036036036036,79.4212218649518,2220,88.2695,78.471,0.5359922178988327,1.3234234234234235,341873,2020-04-28 12:01:27.793000-04:00,1507.0,New Mexico,Yes,None
PSA2KMQ,334305,5,3,29,22,210,39.8995,45.0125,0.5,1.4714285714285713,77096,2020-12-04 14:59:57.802000-05:00,15,2,37,53.3333333333333,81.25,56.036036036036,79.4212218649518,2220,88.2695,78.471,0.5359922178988327,1.3234234234234235,341873,2020-04-28 12:01:27.793000-04:00,1507.0,New Mexico,Yes,None
PSA2KMQ,945822,2,2,34,32,266,52.4505,57.0355,0.39316239316239315,1.3157894736842104,77097,2020-12-04 14:59:57.804000-05:00,22,2,37,77.2727272727273,79.4117647058823,72.972972972973,86.1952861952862,4083,76.947,70.726,0.4378082191780822,1.3676218466813617,341873,2020-04-28 12:01:27.793000-04:00,1507.0,New Mexico,Yes,None
PSA2KMQ,945242,2,1,34,32,266,121.718,127.337,0.23529411764705882,1.5864661654135337,77097,2020-12-04 14:59:57.804000-05:00,22,2,37,77.2727272727273,79.4117647058823,72.972972972973,86.1952861952862,4083,76.947,70.726,0.4378082191780822,1.3676218466813617,341873,2020-04-28 12:01:27.793000-04:00,1507.0,New Mexico,Yes,None
PSA2KMQ,945379,2,1,34,33,266,237.1755,249.019,0.2605042016806723,1.545112781954887,77097,2020-12-04 14:59:57.804000-05:00,22,2,37,77.2727272727273,79.4117647058823,72.972972972973,86.1952861952862,4083,76.947,70.726,0.4378082191780822,1.3676218466813617,341873,2020-04-28 12:01:27.793000-04:00,1507.0,New Mexico,Yes,None
PSA2KMQ,945818,1,1,27,11,90,149.4805,178.576,0.6,1.4555555555555555,77097,2020-12-04 14:59:57.804000-05:00,22,2,37,77.2727272727273,79.4117647058823,72.972972972973,86.1952861952862,4083,76.947,70.726,0.4378082191780822,1.3676218466813617,341873,2020-04-28 12:01:27.793000-04:00,1507.0,New Mexico,Yes,None
PSA2KMQ,945689,2,2,33,33,270,52.132,57.6565,0.34210526315789475,1.4074074074074074,77097,2020-12-04 14:59:57.804000-05:00,22,2,37,77.2727272727273,79.4117647058823,72.972972972973,86.1952861952862,4083,76.947,70.726,0.4378082191780822,1.3676218466813617,341873,2020-04-28 12:01:27.793000-04:00,1507.0,New Mexico,Yes,None
PSA2KMQ,947960,2,1,17,7,64,80.1355,80.1535,0.3333333333333333,1.375,77097,2020-12-04 14:59:57.804000-05:00,22,2,37,77.2727272727273,79.4117647058823,72.972972972973,86.1952861952862,4083,76.947,70.726,0.4378082191780822,1.3676218466813617,341873,2020-04-28 12:01:27.793000-04:00,1507.0,New Mexico,Yes,None
PSA2KMQ,946259,2,2,19,12,94,77.6655,98.313,0.3333333333333333,1.521276595744681,77097,2020-12-04 14:59:57.804000-05:00,22,2,37,77.2727272727273,79.4117647058823,72.972972972973,86.1952861952862,4083,76.947,70.726,0.4378082191780822,1.3676218466813617,341873,2020-04-28 12:01:27.793000-04:00,1507.0,New Mexico,Yes,None
PSA2KMQ,944239,2,1,32,27,226,122.534,138.2365,0.5294117647058824,1.2920353982300885,77097,2020-12-04 14:59:57.804000-05:00,22,2,37,77.2727272727273,79.4117647058823,72.972972972973,86.1952861952862,4083,76.947,70.726,0.4378082191780822,1.3676218466813617,341873,2020-04-28 12:01:27.793000-04:00,1507.0,New Mexico,Yes,None
PSA2KMQ,944551,2,2,33,32,259,66.749,69.541,0.39622641509433965,1.4285714285714286,77097,2020-12-04 14:59:57.804000-05:00,22,2,37,77.2727272727273,79.4117647058823,72.972972972973,86.1952861952862,4083,76.947,70.726,0.4378082191780822,1.3676218466813617,341873,2020-04-28 12:01:27.793000-04:00,1507.0,New Mexico,Yes,None
PSA2KMQ,944669,2,1,35,34,275,51.337,57.698,0.5327868852459017,1.2618181818181817,77097,2020-12-04 14:59:57.804000-05:00,22,2,37,77.2727272727273,79.4117647058823,72.972972972973,86.1952861952862,4083,76.947,70.726,0.4378082191780822,1.3676218466813617,341873,2020-04-28 12:01:27.793000-04:00,1507.0,New Mexico,Yes,None
PSA2KMQ,944726,1,1,25,19,161,69.688,72.199,0.4050632911392405,1.391304347826087,77097,2020-12-04 14:59:57.804000-05:00,22,2,37,77.2727272727273,79.4117647058823,72.972972972973,86.1952861952862,4083,76.947,70.726,0.4378082191780822,1.3676218466813617,341873,2020-04-28 12:01:27.793000-04:00,1507.0,New Mexico,Yes,None
PSA2KMQ,944774,2,1,34,32,253,41.633,46.259,0.3983050847457627,1.3873517786561265,77097,2020-12-04 14:59:57.804000-05:00,22,2,37,77.2727272727273,79.4117647058823,72.972972972973,86.1952861952862,4083,76.947,70.726,0.4378082191780822,1.3676218466813617,341873,2020-04-28 12:01:27.793000-04:00,1507.0,New Mexico,Yes,None
PSA2KMQ,944947,1,1,32,31,230,30.5735,33.7295,0.2,1.3956521739130434,77097,2020-12-04 14:59:57.804000-05:00,22,2,37,77.2727272727273,79.4117647058823,72.972972972973,86.1952861952862,4083,76.947,70.726,0.4378082191780822,1.3676218466813617,341873,2020-04-28 12:01:27.793000-04:00,1507.0,New Mexico,Yes,None
PSA2KMQ,946072,2,2,33,33,264,39.0875,41.5055,0.40540540540540543,1.4090909090909092,77097,2020-12-04 14:59:57.804000-05:00,22,2,37,77.2727272727273,79.4117647058823,72.972972972973,86.1952861952862,4083,76.947,70.726,0.4378082191780822,1.3676218466813617,341873,2020-04-28 12:01:27.793000-04:00,1507.0,New Mexico,Yes,None
PSA2KMQ,945070,0,0,18,10,67,66.501,70.353,0.59375,1.2238805970149254,77097,2020-12-04 14:59:57.804000-05:00,22,2,37,77.2727272727273,79.4117647058823,72.972972972973,86.1952861952862,4083,76.947,70.726,0.4378082191780822,1.3676218466813617,341873,2020-04-28 12:01:27.793000-04:00,1507.0,New Mexico,Yes,None
PSA2KMQ,336460,6,3,32,28,251,83.808,93.124,0.48695652173913045,1.2788844621513944,77098,2020-12-04 14:59:57.806000-05:00,22,2,37,93.1818181818182,82.9268292682927,82.0638820638821,86.8263473053892,5052,104.2705,98.099,0.6420182688125272,1.2458432304038005,341873,2020-04-28 12:01:27.793000-04:00,1507.0,New Mexico,Yes,None
PSA2KMQ,945227,2,1,26,19,163,53.253,55.636,0.5,1.3619631901840492,77098,2020-12-04 14:59:57.806000-05:00,22,2,37,93.1818181818182,82.9268292682927,82.0638820638821,86.8263473053892,5052,104.2705,98.099,0.6420182688125272,1.2458432304038005,341873,2020-04-28 12:01:27.793000-04:00,1507.0,New Mexico,Yes,None
PSA2KMQ,334678,4,3,31,26,251,144.609,158.529,0.575,1.2390438247011952,77098,2020-12-04 14:59:57.806000-05:00,22,2,37,93.1818181818182,82.9268292682927,82.0638820638821,86.8263473053892,5052,104.2705,98.099,0.6420182688125272,1.2458432304038005,341873,2020-04-28 12:01:27.793000-04:00,1507.0,New Mexico,Yes,None
PSA2KMQ,336360,6,6,34,32,315,41.979,47.024,0.7741935483870968,1.161904761904762,77098,2020-12-04 14:59:57.806000-05:00,22,2,37,93.1818181818182,82.9268292682927,82.0638820638821,86.8263473053892,5052,104.2705,98.099,0.6420182688125272,1.2458432304038005,341873,2020-04-28 12:01:27.793000-04:00,1507.0,New Mexico,Yes,None
PSA2KMQ,335214,6,6,36,35,310,116.215,127.4555,0.6870748299319728,1.2258064516129032,77098,2020-12-04 14:59:57.806000-05:00,22,2,37,93.1818181818182,82.9268292682927,82.0638820638821,86.8263473053892,5052,104.2705,98.099,0.6420182688125272,1.2458432304038005,341873,2020-04-28 12:01:27.793000-04:00,1507.0,New Mexico,Yes,None
PSA2KMQ,334351,6,4,37,36,333,102.757,111.525,0.6380368098159509,1.5645645645645645,77098,2020-12-04 14:59:57.806000-05:00,22,2,37,93.1818181818182,82.9268292682927,82.0638820638821,86.8263473053892,5052,104.2705,98.099,0.6420182688125272,1.2458432304038005,341873,2020-04-28 12:01:27.793000-04:00,1507.0,New Mexico,Yes,None
PSA2KMQ,944648,2,2,35,33,289,106.566,113.838,0.6129032258064516,1.2145328719723183,77098,2020-12-04 14:59:57.806000-05:00,22,2,37,93.1818181818182,82.9268292682927,82.0638820638821,86.8263473053892,5052,104.2705,98.099,0.6420182688125272,1.2458432304038005,341873,2020-04-28 12:01:27.793000-04:00,1507.0,New Mexico,Yes,None
PSA2KMQ,336922,15,9,62,56,659,58.863,67.968,0.5959079283887468,1.3125948406676784,77098,2020-12-04 14:59:57.806000-05:00,22,2,37,93.1818181818182,82.9268292682927,82.0638820638821,86.8263473053892,5052,104.2705,98.099,0.6420182688125272,1.2458432304038005,341873,2020-04-28 12:01:27.793000-04:00,1507.0,New Mexico,Yes,None
PSA2KMQ,337825,6,6,32,31,302,106.679,123.3495,0.7284768211920529,1.2119205298013245,77098,2020-12-04 14:59:57.806000-05:00,22,2,37,93.1818181818182,82.9268292682927,82.0638820638821,86.8263473053892,5052,104.2705,98.099,0.6420182688125272,1.2458432304038005,341873,2020-04-28 12:01:27.793000-04:00,1507.0,New Mexico,Yes,None
PSA2KMQ,339451,6,6,34,30,265,181.675,184.428,0.7938931297709924,1.1773584905660377,77098,2020-12-04 14:59:57.806000-05:00,22,2,37,93.1818181818182,82.9268292682927,82.0638820638821,86.8263473053892,5052,104.2705,98.099,0.6420182688125272,1.2458432304038005,341873,2020-04-28 12:01:27.793000-04:00,1507.0,New Mexico,Yes,None
PSA2KMQ,339688,6,4,35,11,157,52.246,70.029,0.47619047619047616,1.7133757961783438,77098,2020-12-04 14:59:57.806000-05:00,22,2,37,93.1818181818182,82.9268292682927,82.0638820638821,86.8263473053892,5052,104.2705,98.099,0.6420182688125272,1.2458432304038005,341873,2020-04-28 12:01:27.793000-04:00,1507.0,New Mexico,Yes,None
PSA2KMQ,343042,6,5,36,36,349,94.968,95.659,0.436046511627907,1.340974212034384,77098,2020-12-04 14:59:57.806000-05:00,22,2,37,93.1818181818182,82.9268292682927,82.0638820638821,86.8263473053892,5052,104.2705,98.099,0.6420182688125272,1.2458432304038005,341873,2020-04-28 12:01:27.793000-04:00,1507.0,New Mexico,Yes,None
PSA2KMQ,343729,6,6,37,36,325,90.945,97.504,0.7302631578947368,1.16,77098,2020-12-04 14:59:57.806000-05:00,22,2,37,93.1818181818182,82.9268292682927,82.0638820638821,86.8263473053892,5052,104.2705,98.099,0.6420182688125272,1.2458432304038005,341873,2020-04-28 12:01:27.793000-04:00,1507.0,New Mexico,Yes,None
PSA2KMQ,344973,6,6,36,36,353,73.817,83.043,0.5227272727272727,1.3796033994334278,77098,2020-12-04 14:59:57.806000-05:00,22,2,37,93.1818181818182,82.9268292682927,82.0638820638821,86.8263473053892,5052,104.2705,98.099,0.6420182688125272,1.2458432304038005,341873,2020-04-28 12:01:27.793000-04:00,1507.0,New Mexico,Yes,None
PSA2KMQ,345034,6,5,24,17,162,59.84,68.1345,0.5913978494623656,1.2592592592592593,77098,2020-12-04 14:59:57.806000-05:00,22,2,37,93.1818181818182,82.9268292682927,82.0638820638821,86.8263473053892,5052,104.2705,98.099,0.6420182688125272,1.2458432304038005,341873,2020-04-28 12:01:27.793000-04:00,1507.0,New Mexico,Yes,None
PSA2KMQ,348497,6,6,32,30,265,91.138,92.939,0.8625954198473282,1.0641509433962264,77098,2020-12-04 14:59:57.806000-05:00,22,2,37,93.1818181818182,82.9268292682927,82.0638820638821,86.8263473053892,5052,104.2705,98.099,0.6420182688125272,1.2458432304038005,341873,2020-04-28 12:01:27.793000-04:00,1507.0,New Mexico,Yes,None
PSA2KMQ,948713,2,2,24,21,195,38.481,40.021,0.4090909090909091,1.241025641025641,77098,2020-12-04 14:59:57.806000-05:00,22,2,37,93.1818181818182,82.9268292682927,82.0638820638821,86.8263473053892,5052,104.2705,98.099,0.6420182688125272,1.2458432304038005,341873,2020-04-28 12:01:27.793000-04:00,1507.0,New Mexico,Yes,None
PSA2KMQ,503539,7,5,11,6,201,95.625,124.889,0.4423076923076923,1.7810945273631842,78277,2021-01-04 10:46:24.929000-05:00,24,4,0,83.3333333333333,41.25,0.0,0.0,640,65.286,32.1035,0.29375,1.746875,427093,2020-08-14 14:30:17.831000-04:00,,,,
PSA2KMQ,466653,9,9,6,2,125,29.235,40.842,0.5882352941176471,1.432,78277,2021-01-04 10:46:24.929000-05:00,24,4,0,83.3333333333333,41.25,0.0,0.0,640,65.286,32.1035,0.29375,1.746875,427093,2020-08-14 14:30:17.831000-04:00,,,,
PSA2KMQ,466693,7,0,9,6,252,31.442,45.572,0.195,1.4404761904761905,78277,2021-01-04 10:46:24.929000-05:00,24,4,0,83.3333333333333,41.25,0.0,0.0,640,65.286,32.1035,0.29375,1.746875,427093,2020-08-14 14:30:17.831000-04:00,,,,
PSA2KMQ,467448,9,4,10,8,347,25.07,35.37,0.5425531914893617,1.4380403458213256,78277,2021-01-04 10:46:24.929000-05:00,24,4,0,83.3333333333333,41.25,0.0,0.0,640,65.286,32.1035,0.29375,1.746875,427093,2020-08-14 14:30:17.831000-04:00,,,,
PSA2KMQ,469488,7,5,14,14,500,38.0635,48.9075,0.47506561679790027,1.692,78277,2021-01-04 10:46:24.929000-05:00,24,4,0,83.3333333333333,41.25,0.0,0.0,640,65.286,32.1035,0.29375,1.746875,427093,2020-08-14 14:30:17.831000-04:00,,,,
PSA2KMQ,483010,7,2,10,6,208,29.5645,48.057,0.2682926829268293,1.7596153846153846,78277,2021-01-04 10:46:24.929000-05:00,24,4,0,83.3333333333333,41.25,0.0,0.0,640,65.286,32.1035,0.29375,1.746875,427093,2020-08-14 14:30:17.831000-04:00,,,,
PSA2KMQ,487131,7,0,10,4,208,21.098,33.151,0.13529411764705881,1.6875,78277,2021-01-04 10:46:24.929000-05:00,24,4,0,83.3333333333333,41.25,0.0,0.0,640,65.286,32.1035,0.29375,1.746875,427093,2020-08-14 14:30:17.831000-04:00,,,,
PSA2KMQ,490095,9,2,6,3,209,71.648,104.914,0.3837837837837838,2.0717703349282295,78277,2021-01-04 10:46:24.929000-05:00,24,4,0,83.3333333333333,41.25,0.0,0.0,640,65.286,32.1035,0.29375,1.746875,427093,2020-08-14 14:30:17.831000-04:00,,,,
PSA2KMQ,500056,7,3,8,3,196,25.6985,33.7355,0.5595238095238095,1.903061224489796,78277,2021-01-04 10:46:24.929000-05:00,24,4,0,83.3333333333333,41.25,0.0,0.0,640,65.286,32.1035,0.29375,1.746875,427093,2020-08-14 14:30:17.831000-04:00,,,,
PSA2KMQ,502882,7,6,8,6,226,59.2325,93.3485,0.5028901734104047,1.668141592920354,78277,2021-01-04 10:46:24.929000-05:00,24,4,0,83.3333333333333,41.25,0.0,0.0,640,65.286,32.1035,0.29375,1.746875,427093,2020-08-14 14:30:17.831000-04:00,,,,
PSA2KMQ,503734,7,2,7,2,125,32.696,55.449,0.25225225225225223,2.312,78277,2021-01-04 10:46:24.929000-05:00,24,4,0,83.3333333333333,41.25,0.0,0.0,640,65.286,32.1035,0.29375,1.746875,427093,2020-08-14 14:30:17.831000-04:00,,,,
PSA2KMQ,770249,6,0,4,0,21,82.608,215.529,0.19047619047619047,3.1904761904761907,78277,2021-01-04 10:46:24.929000-05:00,24,4,0,83.3333333333333,41.25,0.0,0.0,640,65.286,32.1035,0.29375,1.746875,427093,2020-08-14 14:30:17.831000-04:00,,,,
PSA2KMQ,784419,1,0,6,0,19,33.813,67.105,0.3157894736842105,2.0,78277,2021-01-04 10:46:24.929000-05:00,24,4,0,83.3333333333333,41.25,0.0,0.0,640,65.286,32.1035,0.29375,1.746875,427093,2020-08-14 14:30:17.831000-04:00,,,,
PSA2KMQ,506671,9,6,9,5,235,33.267,40.54,0.5081967213114754,1.5404255319148936,78277,2021-01-04 10:46:24.929000-05:00,24,4,0,83.3333333333333,41.25,0.0,0.0,640,65.286,32.1035,0.29375,1.746875,427093,2020-08-14 14:30:17.831000-04:00,,,,
PSA2KMQ,509457,9,4,8,5,183,20.302,29.263,0.3873239436619718,1.7540983606557377,78277,2021-01-04 10:46:24.929000-05:00,24,4,0,83.3333333333333,41.25,0.0,0.0,640,65.286,32.1035,0.29375,1.746875,427093,2020-08-14 14:30:17.831000-04:00,,,,
PSA2KMQ,525952,9,5,7,3,224,48.7865,77.6155,0.4540540540540541,1.875,78277,2021-01-04 10:46:24.929000-05:00,24,4,0,83.3333333333333,41.25,0.0,0.0,640,65.286,32.1035,0.29375,1.746875,427093,2020-08-14 14:30:17.831000-04:00,,,,
PSA2KMQ,500780,9,7,7,7,307,33.79,45.345,0.6598360655737705,1.4136807817589576,78278,2021-01-04 10:46:24.931000-05:00,23,4,0,94.5652173913043,95.4022988505747,0.0,0.0,564,78.0855,55.9125,0.5957446808510638,1.7411347517730495,427093,2020-08-14 14:30:17.831000-04:00,,,,
PSA2KMQ,504384,7,7,7,7,243,24.168,30.13,0.75,1.1728395061728396,78278,2021-01-04 10:46:24.931000-05:00,23,4,0,94.5652173913043,95.4022988505747,0.0,0.0,564,78.0855,55.9125,0.5957446808510638,1.7411347517730495,427093,2020-08-14 14:30:17.831000-04:00,,,,
PSA2KMQ,498526,7,7,7,7,250,79.9905,97.509,0.7593582887700535,1.28,78278,2021-01-04 10:46:24.931000-05:00,23,4,0,94.5652173913043,95.4022988505747,0.0,0.0,564,78.0855,55.9125,0.5957446808510638,1.7411347517730495,427093,2020-08-14 14:30:17.831000-04:00,,,,
PSA2KMQ,501698,7,7,7,7,251,53.674,64.227,0.6808510638297872,1.3705179282868527,78278,2021-01-04 10:46:24.931000-05:00,23,4,0,94.5652173913043,95.4022988505747,0.0,0.0,564,78.0855,55.9125,0.5957446808510638,1.7411347517730495,427093,2020-08-14 14:30:17.831000-04:00,,,,
PSA2KMQ,467073,8,8,13,12,414,47.1575,55.15,0.765079365079365,1.222222222222222,78278,2021-01-04 10:46:24.931000-05:00,23,4,0,94.5652173913043,95.4022988505747,0.0,0.0,564,78.0855,55.9125,0.5957446808510638,1.7411347517730495,427093,2020-08-14 14:30:17.831000-04:00,,,,
PSA2KMQ,466139,9,9,14,14,493,48.117,56.536,0.6978609625668449,1.4158215010141988,78278,2021-01-04 10:46:24.931000-05:00,23,4,0,94.5652173913043,95.4022988505747,0.0,0.0,564,78.0855,55.9125,0.5957446808510638,1.7411347517730495,427093,2020-08-14 14:30:17.831000-04:00,,,,
PSA2KMQ,508793,4,4,8,6,227,40.069,49.768,0.5647058823529412,1.6299559471365639,78278,2021-01-04 10:46:24.931000-05:00,23,4,0,94.5652173913043,95.4022988505747,0.0,0.0,564,78.0855,55.9125,0.5957446808510638,1.7411347517730495,427093,2020-08-14 14:30:17.831000-04:00,,,,
PSA2KMQ,464646,7,7,8,7,284,60.378,72.3155,0.5520361990950227,1.443661971830986,78278,2021-01-04 10:46:24.931000-05:00,23,4,0,94.5652173913043,95.4022988505747,0.0,0.0,564,78.0855,55.9125,0.5957446808510638,1.7411347517730495,427093,2020-08-14 14:30:17.831000-04:00,,,,
PSA2KMQ,501846,10,10,7,7,262,80.658,89.3685,0.7085427135678392,1.33206106870229,78278,2021-01-04 10:46:24.931000-05:00,23,4,0,94.5652173913043,95.4022988505747,0.0,0.0,564,78.0855,55.9125,0.5957446808510638,1.7411347517730495,427093,2020-08-14 14:30:17.831000-04:00,,,,
PSA2KMQ,511081,7,7,7,6,236,79.5235,91.115,0.6318681318681318,1.2584745762711864,78278,2021-01-04 10:46:24.931000-05:00,23,4,0,94.5652173913043,95.4022988505747,0.0,0.0,564,78.0855,55.9125,0.5957446808510638,1.7411347517730495,427093,2020-08-14 14:30:17.831000-04:00,,,,
PSA2KMQ,462184,7,7,8,6,249,54.725,62.803,0.5561224489795918,1.3012048192771084,78278,2021-01-04 10:46:24.931000-05:00,23,4,0,94.5652173913043,95.4022988505747,0.0,0.0,564,78.0855,55.9125,0.5957446808510638,1.7411347517730495,427093,2020-08-14 14:30:17.831000-04:00,,,,
PSA2KMQ,475998,7,6,14,14,473,70.651,82.385,0.748587570621469,1.3213530655391121,78278,2021-01-04 10:46:24.931000-05:00,23,4,0,94.5652173913043,95.4022988505747,0.0,0.0,564,78.0855,55.9125,0.5957446808510638,1.7411347517730495,427093,2020-08-14 14:30:17.831000-04:00,,,,
PSA2KMQ,476132,9,9,14,13,486,34.3,43.6725,0.706199460916442,1.3991769547325104,78278,2021-01-04 10:46:24.931000-05:00,23,4,0,94.5652173913043,95.4022988505747,0.0,0.0,564,78.0855,55.9125,0.5957446808510638,1.7411347517730495,427093,2020-08-14 14:30:17.831000-04:00,,,,
PSA2KMQ,502284,10,10,7,7,267,63.689,74.671,0.696078431372549,1.2659176029962547,78278,2021-01-04 10:46:24.931000-05:00,23,4,0,94.5652173913043,95.4022988505747,0.0,0.0,564,78.0855,55.9125,0.5957446808510638,1.7411347517730495,427093,2020-08-14 14:30:17.831000-04:00,,,,
PSA2KMQ,477890,8,6,7,4,205,34.06,46.058,0.42138364779874216,1.6292682926829267,78278,2021-01-04 10:46:24.931000-05:00,23,4,0,94.5652173913043,95.4022988505747,0.0,0.0,564,78.0855,55.9125,0.5957446808510638,1.7411347517730495,427093,2020-08-14 14:30:17.831000-04:00,,,,
PSA2KMQ,491888,9,8,8,6,246,48.999,55.505,0.6756756756756757,1.3902439024390243,78278,2021-01-04 10:46:24.931000-05:00,23,4,0,94.5652173913043,95.4022988505747,0.0,0.0,564,78.0855,55.9125,0.5957446808510638,1.7411347517730495,427093,2020-08-14 14:30:17.831000-04:00,,,,
PSA2KMQ,467548,10,10,10,10,305,68.283,78.459,0.7633928571428571,1.2459016393442623,78278,2021-01-04 10:46:24.931000-05:00,23,4,0,94.5652173913043,95.4022988505747,0.0,0.0,564,78.0855,55.9125,0.5957446808510638,1.7411347517730495,427093,2020-08-14 14:30:17.831000-04:00,,,,
PSA2KMQ,510307,7,7,7,6,234,37.6465,47.6335,0.5388888888888889,1.4145299145299144,78278,2021-01-04 10:46:24.931000-05:00,23,4,0,94.5652173913043,95.4022988505747,0.0,0.0,564,78.0855,55.9125,0.5957446808510638,1.7411347517730495,427093,2020-08-14 14:30:17.831000-04:00,,,,
PSA2KMQ,484740,7,7,8,6,220,56.2705,59.8695,0.6319018404907976,1.2818181818181817,78278,2021-01-04 10:46:24.931000-05:00,23,4,0,94.5652173913043,95.4022988505747,0.0,0.0,564,78.0855,55.9125,0.5957446808510638,1.7411347517730495,427093,2020-08-14 14:30:17.831000-04:00,,,,
PSA2KMQ,500433,7,7,7,7,245,49.907,55.049,0.6813186813186813,1.4,78278,2021-01-04 10:46:24.931000-05:00,23,4,0,94.5652173913043,95.4022988505747,0.0,0.0,564,78.0855,55.9125,0.5957446808510638,1.7411347517730495,427093,2020-08-14 14:30:17.831000-04:00,,,,
PSA2KMQ,487466,7,6,11,8,293,52.614,61.956,0.7477064220183486,1.286689419795222,78278,2021-01-04 10:46:24.931000-05:00,23,4,0,94.5652173913043,95.4022988505747,0.0,0.0,564,78.0855,55.9125,0.5957446808510638,1.7411347517730495,427093,2020-08-14 14:30:17.831000-04:00,,,,
PSA2KMQ,510609,10,10,7,6,272,51.871,68.8545,0.518348623853211,1.5147058823529411,78279,2021-01-04 10:46:24.933000-05:00,22,4,0,90.9090909090909,68.75,0.0,0.0,605,84.99,52.329,0.4512396694214876,1.8115702479338842,427093,2020-08-14 14:30:17.831000-04:00,,,,
PSA2KMQ,488641,4,2,6,2,105,46.792,66.233,0.39080459770114945,2.085714285714286,78279,2021-01-04 10:46:24.933000-05:00,22,4,0,90.9090909090909,68.75,0.0,0.0,605,84.99,52.329,0.4512396694214876,1.8115702479338842,427093,2020-08-14 14:30:17.831000-04:00,,,,
PSA2KMQ,495329,9,7,7,6,279,39.352,51.061,0.4711111111111111,1.6451612903225805,78279,2021-01-04 10:46:24.933000-05:00,22,4,0,90.9090909090909,68.75,0.0,0.0,605,84.99,52.329,0.4512396694214876,1.8115702479338842,427093,2020-08-14 14:30:17.831000-04:00,,,,
PSA2KMQ,496546,10,9,7,3,202,52.064,72.274,0.6086956521739131,1.400990099009901,78279,2021-01-04 10:46:24.933000-05:00,22,4,0,90.9090909090909,68.75,0.0,0.0,605,84.99,52.329,0.4512396694214876,1.8115702479338842,427093,2020-08-14 14:30:17.831000-04:00,,,,
PSA2KMQ,499928,10,3,9,5,230,41.258,53.7325,0.5368421052631579,1.6521739130434783,78279,2021-01-04 10:46:24.933000-05:00,22,4,0,90.9090909090909,68.75,0.0,0.0,605,84.99,52.329,0.4512396694214876,1.8115702479338842,427093,2020-08-14 14:30:17.831000-04:00,,,,
PSA2KMQ,500083,8,8,7,7,263,54.926,77.67,0.44,1.714828897338403,78279,2021-01-04 10:46:24.933000-05:00,22,4,0,90.9090909090909,68.75,0.0,0.0,605,84.99,52.329,0.4512396694214876,1.8115702479338842,427093,2020-08-14 14:30:17.831000-04:00,,,,
PSA2KMQ,501314,9,9,8,8,334,58.144,71.9715,0.421455938697318,1.7245508982035929,78279,2021-01-04 10:46:24.933000-05:00,22,4,0,90.9090909090909,68.75,0.0,0.0,605,84.99,52.329,0.4512396694214876,1.8115702479338842,427093,2020-08-14 14:30:17.831000-04:00,,,,
PSA2KMQ,501932,8,8,7,6,262,44.8805,53.3585,0.6298076923076923,1.549618320610687,78279,2021-01-04 10:46:24.933000-05:00,22,4,0,90.9090909090909,68.75,0.0,0.0,605,84.99,52.329,0.4512396694214876,1.8115702479338842,427093,2020-08-14 14:30:17.831000-04:00,,,,
PSA2KMQ,501964,8,5,7,5,238,31.305,42.396,0.4293193717277487,1.6722689075630253,78279,2021-01-04 10:46:24.933000-05:00,22,4,0,90.9090909090909,68.75,0.0,0.0,605,84.99,52.329,0.4512396694214876,1.8115702479338842,427093,2020-08-14 14:30:17.831000-04:00,,,,
PSA2KMQ,529473,6,1,7,4,188,37.1,55.194,0.24647887323943662,1.898936170212766,78279,2021-01-04 10:46:24.933000-05:00,22,4,0,90.9090909090909,68.75,0.0,0.0,605,84.99,52.329,0.4512396694214876,1.8115702479338842,427093,2020-08-14 14:30:17.831000-04:00,,,,
PSA2KMQ,551558,9,9,8,2,154,90.228,117.399,0.7272727272727273,1.2272727272727273,78279,2021-01-04 10:46:24.933000-05:00,22,4,0,90.9090909090909,68.75,0.0,0.0,605,84.99,52.329,0.4512396694214876,1.8115702479338842,427093,2020-08-14 14:30:17.831000-04:00,,,,
PSA2KMQ,570332,7,3,9,0,55,124.816,223.721,0.2777777777777778,1.9272727272727272,78279,2021-01-04 10:46:24.933000-05:00,22,4,0,90.9090909090909,68.75,0.0,0.0,605,84.99,52.329,0.4512396694214876,1.8115702479338842,427093,2020-08-14 14:30:17.831000-04:00,,,,
PSA2KMQ,505129,7,7,8,6,218,56.1655,71.356,0.48484848484848486,1.5825688073394495,78279,2021-01-04 10:46:24.933000-05:00,22,4,0,90.9090909090909,68.75,0.0,0.0,605,84.99,52.329,0.4512396694214876,1.8115702479338842,427093,2020-08-14 14:30:17.831000-04:00,,,,
PSA2KMQ,505778,7,5,7,4,178,63.796,86.1995,0.5514705882352942,1.5730337078651686,78279,2021-01-04 10:46:24.933000-05:00,22,4,0,90.9090909090909,68.75,0.0,0.0,605,84.99,52.329,0.4512396694214876,1.8115702479338842,427093,2020-08-14 14:30:17.831000-04:00,,,,
PSA2KMQ,510263,7,6,8,6,273,46.17,56.431,0.5190476190476191,1.4212454212454213,78279,2021-01-04 10:46:24.933000-05:00,22,4,0,90.9090909090909,68.75,0.0,0.0,605,84.99,52.329,0.4512396694214876,1.8115702479338842,427093,2020-08-14 14:30:17.831000-04:00,,,,
PSA2KMQ,510264,10,9,8,6,266,35.595,45.297,0.6555023923444976,1.2669172932330828,78279,2021-01-04 10:46:24.933000-05:00,22,4,0,90.9090909090909,68.75,0.0,0.0,605,84.99,52.329,0.4512396694214876,1.8115702479338842,427093,2020-08-14 14:30:17.831000-04:00,,,,
PSA2KMQ,474233,6,2,14,10,380,35.5225,47.6855,0.6723549488054608,1.3368421052631578,78279,2021-01-04 10:46:24.933000-05:00,22,4,0,90.9090909090909,68.75,0.0,0.0,605,84.99,52.329,0.4512396694214876,1.8115702479338842,427093,2020-08-14 14:30:17.831000-04:00,,,,
PSA2KMQ,476137,9,9,14,14,476,73.751,83.5435,0.7675070028011205,1.300420168067227,78279,2021-01-04 10:46:24.933000-05:00,22,4,0,90.9090909090909,68.75,0.0,0.0,605,84.99,52.329,0.4512396694214876,1.8115702479338842,427093,2020-08-14 14:30:17.831000-04:00,,,,
PSA2KMQ,910673,6,4,2,2,90,74.6235,99.095,0.5384615384615384,1.7666666666666666,78279,2021-01-04 10:46:24.933000-05:00,22,4,0,90.9090909090909,68.75,0.0,0.0,605,84.99,52.329,0.4512396694214876,1.8115702479338842,427093,2020-08-14 14:30:17.831000-04:00,,,,
PSA2KMQ,470352,7,4,14,14,504,35.4215,41.7695,0.6285714285714286,1.2876984126984128,78279,2021-01-04 10:46:24.933000-05:00,22,4,0,90.9090909090909,68.75,0.0,0.0,605,84.99,52.329,0.4512396694214876,1.8115702479338842,427093,2020-08-14 14:30:17.831000-04:00,,,,
PSA2KMQ,486967,7,1,7,1,100,100.8615,110.031,0.2111111111111111,1.78,78279,2021-01-04 10:46:24.933000-05:00,22,4,0,90.9090909090909,68.75,0.0,0.0,605,84.99,52.329,0.4512396694214876,1.8115702479338842,427093,2020-08-14 14:30:17.831000-04:00,,,,
PSA2KMQ,379271,10,10,131,126,994,57.9715,62.3875,0.768,1.2263581488933601,79032,2021-01-11 02:04:30.894000-05:00,19,3,6,73.6842105263158,59.5238095238095,48.2456140350877,81.8181818181818,563,66.925,51.584,0.4809843400447427,1.5683836589698046,376571,2020-05-14 22:43:38.464000-04:00,1505.0,New Mexico,Yes,None
PSA2KMQ,538532,2,0,15,7,79,48.653,65.506,0.375,1.759493670886076,79032,2021-01-11 02:04:30.894000-05:00,19,3,6,73.6842105263158,59.5238095238095,48.2456140350877,81.8181818181818,563,66.925,51.584,0.4809843400447427,1.5683836589698046,376571,2020-05-14 22:43:38.464000-04:00,1505.0,New Mexico,Yes,None
PSA2KMQ,489011,3,1,53,29,231,142.465,189.177,0.6102941176470589,1.4242424242424243,79032,2021-01-11 02:04:30.894000-05:00,19,3,6,73.6842105263158,59.5238095238095,48.2456140350877,81.8181818181818,563,66.925,51.584,0.4809843400447427,1.5683836589698046,376571,2020-05-14 22:43:38.464000-04:00,1505.0,New Mexico,Yes,None
PSA2KMQ,486386,2,0,47,22,141,80.762,95.185,0.359375,1.3829787234042552,79032,2021-01-11 02:04:30.894000-05:00,19,3,6,73.6842105263158,59.5238095238095,48.2456140350877,81.8181818181818,563,66.925,51.584,0.4809843400447427,1.5683836589698046,376571,2020-05-14 22:43:38.464000-04:00,1505.0,New Mexico,Yes,None
PSA2KMQ,484290,2,2,81,70,566,26.4765,29.4845,0.568904593639576,1.1731448763250882,79032,2021-01-11 02:04:30.894000-05:00,19,3,6,73.6842105263158,59.5238095238095,48.2456140350877,81.8181818181818,563,66.925,51.584,0.4809843400447427,1.5683836589698046,376571,2020-05-14 22:43:38.464000-04:00,1505.0,New Mexico,Yes,None
PSA2KMQ,481158,2,1,73,66,491,13.578,16.648,0.19262295081967212,1.2219959266802445,79032,2021-01-11 02:04:30.894000-05:00,19,3,6,73.6842105263158,59.5238095238095,48.2456140350877,81.8181818181818,563,66.925,51.584,0.4809843400447427,1.5683836589698046,376571,2020-05-14 22:43:38.464000-04:00,1505.0,New Mexico,Yes,None
PSA2KMQ,480112,8,7,96,75,716,19.783,25.1265,0.3191489361702128,1.3156424581005588,79032,2021-01-11 02:04:30.894000-05:00,19,3,6,73.6842105263158,59.5238095238095,48.2456140350877,81.8181818181818,563,66.925,51.584,0.4809843400447427,1.5683836589698046,376571,2020-05-14 22:43:38.464000-04:00,1505.0,New Mexico,Yes,None
PSA2KMQ,476053,3,2,117,116,972,27.904,31.238,0.2537313432835821,1.2067901234567902,79032,2021-01-11 02:04:30.894000-05:00,19,3,6,73.6842105263158,59.5238095238095,48.2456140350877,81.8181818181818,563,66.925,51.584,0.4809843400447427,1.5683836589698046,376571,2020-05-14 22:43:38.464000-04:00,1505.0,New Mexico,Yes,None
PSA2KMQ,475939,2,0,54,36,276,80.6285,81.712,0.6183206106870229,1.2173913043478262,79032,2021-01-11 02:04:30.894000-05:00,19,3,6,73.6842105263158,59.5238095238095,48.2456140350877,81.8181818181818,563,66.925,51.584,0.4809843400447427,1.5683836589698046,376571,2020-05-14 22:43:38.464000-04:00,1505.0,New Mexico,Yes,None
PSA2KMQ,471294,8,5,53,42,419,32.727,42.012,0.5551020408163265,1.2935560859188544,79032,2021-01-11 02:04:30.894000-05:00,19,3,6,73.6842105263158,59.5238095238095,48.2456140350877,81.8181818181818,563,66.925,51.584,0.4809843400447427,1.5683836589698046,376571,2020-05-14 22:43:38.464000-04:00,1505.0,New Mexico,Yes,None
PSA2KMQ,469788,9,8,97,94,800,39.7675,45.484,0.4173027989821883,1.415,79032,2021-01-11 02:04:30.894000-05:00,19,3,6,73.6842105263158,59.5238095238095,48.2456140350877,81.8181818181818,563,66.925,51.584,0.4809843400447427,1.5683836589698046,376571,2020-05-14 22:43:38.464000-04:00,1505.0,New Mexico,Yes,None
PSA2KMQ,469780,6,4,107,92,740,27.4005,30.5425,0.5598885793871866,1.3027027027027027,79032,2021-01-11 02:04:30.894000-05:00,19,3,6,73.6842105263158,59.5238095238095,48.2456140350877,81.8181818181818,563,66.925,51.584,0.4809843400447427,1.5683836589698046,376571,2020-05-14 22:43:38.464000-04:00,1505.0,New Mexico,Yes,None
PSA2KMQ,380457,2,2,122,102,796,31.086,33.7135,0.44416243654822335,1.335427135678392,79032,2021-01-11 02:04:30.894000-05:00,19,3,6,73.6842105263158,59.5238095238095,48.2456140350877,81.8181818181818,563,66.925,51.584,0.4809843400447427,1.5683836589698046,376571,2020-05-14 22:43:38.464000-04:00,1505.0,New Mexico,Yes,None
PSA2KMQ,380069,10,9,128,128,1105,33.106,38.755,0.447098976109215,1.3855203619909502,79032,2021-01-11 02:04:30.894000-05:00,19,3,6,73.6842105263158,59.5238095238095,48.2456140350877,81.8181818181818,563,66.925,51.584,0.4809843400447427,1.5683836589698046,376571,2020-05-14 22:43:38.464000-04:00,1505.0,New Mexico,Yes,None
PSA2KMQ,378033,3,2,127,121,917,32.263,34.474,0.6288888888888889,1.1886586695747001,79032,2021-01-11 02:04:30.894000-05:00,19,3,6,73.6842105263158,59.5238095238095,48.2456140350877,81.8181818181818,563,66.925,51.584,0.4809843400447427,1.5683836589698046,376571,2020-05-14 22:43:38.464000-04:00,1505.0,New Mexico,Yes,None
PSA2KMQ,377978,4,3,132,130,1027,67.469,69.462,0.9099616858237548,1.065238558909445,79032,2021-01-11 02:04:30.894000-05:00,19,3,6,73.6842105263158,59.5238095238095,48.2456140350877,81.8181818181818,563,66.925,51.584,0.4809843400447427,1.5683836589698046,376571,2020-05-14 22:43:38.464000-04:00,1505.0,New Mexico,Yes,None
PSA2KMQ,377910,2,1,129,124,957,30.713,33.996,0.5441478439425051,1.2633228840125392,79032,2021-01-11 02:04:30.894000-05:00,19,3,6,73.6842105263158,59.5238095238095,48.2456140350877,81.8181818181818,563,66.925,51.584,0.4809843400447427,1.5683836589698046,376571,2020-05-14 22:43:38.464000-04:00,1505.0,New Mexico,Yes,None
PSA2KMQ,377801,1,1,84,79,578,37.213,45.481,0.47368421052631576,1.3685121107266436,79032,2021-01-11 02:04:30.894000-05:00,19,3,6,73.6842105263158,59.5238095238095,48.2456140350877,81.8181818181818,563,66.925,51.584,0.4809843400447427,1.5683836589698046,376571,2020-05-14 22:43:38.464000-04:00,1505.0,New Mexico,Yes,None
PSA2KMQ,480601,2,0,62,28,198,189.0865,202.736,0.4017094017094017,1.3939393939393938,79033,2021-01-11 02:04:30.919000-05:00,19,3,6,57.8947368421053,57.5757575757576,42.1052631578947,89.5833333333333,632,69.8925,49.6605,0.4894433781190019,1.680379746835443,376571,2020-05-14 22:43:38.464000-04:00,1505.0,New Mexico,Yes,None
PSA2KMQ,471234,9,6,54,49,475,45.273,49.594,0.5690376569037657,1.351578947368421,79033,2021-01-11 02:04:30.919000-05:00,19,3,6,57.8947368421053,57.5757575757576,42.1052631578947,89.5833333333333,632,69.8925,49.6605,0.4894433781190019,1.680379746835443,376571,2020-05-14 22:43:38.464000-04:00,1505.0,New Mexico,Yes,None
PSA2KMQ,971693,1,0,5,4,36,31.758,32.5605,0.4074074074074074,1.4166666666666667,79033,2021-01-11 02:04:30.919000-05:00,19,3,6,57.8947368421053,57.5757575757576,42.1052631578947,89.5833333333333,632,69.8925,49.6605,0.4894433781190019,1.680379746835443,376571,2020-05-14 22:43:38.464000-04:00,1505.0,New Mexico,Yes,None
PSA2KMQ,478685,1,0,68,56,410,99.954,120.894,0.4810810810810811,1.497560975609756,79033,2021-01-11 02:04:30.919000-05:00,19,3,6,57.8947368421053,57.5757575757576,42.1052631578947,89.5833333333333,632,69.8925,49.6605,0.4894433781190019,1.680379746835443,376571,2020-05-14 22:43:38.464000-04:00,1505.0,New Mexico,Yes,None
PSA2KMQ,478517,2,1,81,62,586,21.737,26.5945,0.23333333333333334,1.3378839590443685,79033,2021-01-11 02:04:30.919000-05:00,19,3,6,57.8947368421053,57.5757575757576,42.1052631578947,89.5833333333333,632,69.8925,49.6605,0.4894433781190019,1.680379746835443,376571,2020-05-14 22:43:38.464000-04:00,1505.0,New Mexico,Yes,None
PSA2KMQ,472119,2,1,95,84,629,38.457,42.974,0.6607669616519174,1.2655007949125596,79033,2021-01-11 02:04:30.919000-05:00,19,3,6,57.8947368421053,57.5757575757576,42.1052631578947,89.5833333333333,632,69.8925,49.6605,0.4894433781190019,1.680379746835443,376571,2020-05-14 22:43:38.464000-04:00,1505.0,New Mexico,Yes,None
PSA2KMQ,471318,10,9,119,117,1096,26.812,31.5935,0.5136518771331058,1.3604014598540146,79033,2021-01-11 02:04:30.919000-05:00,19,3,6,57.8947368421053,57.5757575757576,42.1052631578947,89.5833333333333,632,69.8925,49.6605,0.4894433781190019,1.680379746835443,376571,2020-05-14 22:43:38.464000-04:00,1505.0,New Mexico,Yes,None
PSA2KMQ,489223,2,1,63,35,254,99.062,108.745,0.49166666666666664,1.3188976377952757,79033,2021-01-11 02:04:30.919000-05:00,19,3,6,57.8947368421053,57.5757575757576,42.1052631578947,89.5833333333333,632,69.8925,49.6605,0.4894433781190019,1.680379746835443,376571,2020-05-14 22:43:38.464000-04:00,1505.0,New Mexico,Yes,None
PSA2KMQ,377925,2,2,131,128,1014,102.915,112.507,0.8231827111984283,1.1183431952662721,79033,2021-01-11 02:04:30.919000-05:00,19,3,6,57.8947368421053,57.5757575757576,42.1052631578947,89.5833333333333,632,69.8925,49.6605,0.4894433781190019,1.680379746835443,376571,2020-05-14 22:43:38.464000-04:00,1505.0,New Mexico,Yes,None
PSA2KMQ,377931,2,2,126,120,955,32.607,34.239,0.6316872427983539,1.1413612565445026,79033,2021-01-11 02:04:30.919000-05:00,19,3,6,57.8947368421053,57.5757575757576,42.1052631578947,89.5833333333333,632,69.8925,49.6605,0.4894433781190019,1.680379746835443,376571,2020-05-14 22:43:38.464000-04:00,1505.0,New Mexico,Yes,None
PSA2KMQ,378125,2,2,131,128,1004,56.023,65.564,0.554,1.3227091633466135,79033,2021-01-11 02:04:30.919000-05:00,19,3,6,57.8947368421053,57.5757575757576,42.1052631578947,89.5833333333333,632,69.8925,49.6605,0.4894433781190019,1.680379746835443,376571,2020-05-14 22:43:38.464000-04:00,1505.0,New Mexico,Yes,None
PSA2KMQ,379114,2,2,114,112,895,45.203,49.154,0.6042654028436019,1.2402234636871508,79033,2021-01-11 02:04:30.919000-05:00,19,3,6,57.8947368421053,57.5757575757576,42.1052631578947,89.5833333333333,632,69.8925,49.6605,0.4894433781190019,1.680379746835443,376571,2020-05-14 22:43:38.464000-04:00,1505.0,New Mexico,Yes,None
PSA2KMQ,379115,10,8,130,128,1082,51.4415,58.556,0.699288256227758,1.212569316081331,79033,2021-01-11 02:04:30.919000-05:00,19,3,6,57.8947368421053,57.5757575757576,42.1052631578947,89.5833333333333,632,69.8925,49.6605,0.4894433781190019,1.680379746835443,376571,2020-05-14 22:43:38.464000-04:00,1505.0,New Mexico,Yes,None
PSA2KMQ,379118,1,1,67,56,426,41.2675,46.192,0.5284090909090909,1.215962441314554,79033,2021-01-11 02:04:30.919000-05:00,19,3,6,57.8947368421053,57.5757575757576,42.1052631578947,89.5833333333333,632,69.8925,49.6605,0.4894433781190019,1.680379746835443,376571,2020-05-14 22:43:38.464000-04:00,1505.0,New Mexico,Yes,None
PSA2KMQ,380596,2,2,87,70,524,95.8345,105.611,0.7346938775510204,1.1774809160305344,79033,2021-01-11 02:04:30.919000-05:00,19,3,6,57.8947368421053,57.5757575757576,42.1052631578947,89.5833333333333,632,69.8925,49.6605,0.4894433781190019,1.680379746835443,376571,2020-05-14 22:43:38.464000-04:00,1505.0,New Mexico,Yes,None
PSA2KMQ,471283,10,7,70,60,583,45.697,54.158,0.7147435897435898,1.202401372212693,79033,2021-01-11 02:04:30.919000-05:00,19,3,6,57.8947368421053,57.5757575757576,42.1052631578947,89.5833333333333,632,69.8925,49.6605,0.4894433781190019,1.680379746835443,376571,2020-05-14 22:43:38.464000-04:00,1505.0,New Mexico,Yes,None
PSA2KMQ,471252,10,10,115,100,866,97.89,104.7995,0.5044642857142857,1.3625866050808313,79033,2021-01-11 02:04:30.919000-05:00,19,3,6,57.8947368421053,57.5757575757576,42.1052631578947,89.5833333333333,632,69.8925,49.6605,0.4894433781190019,1.680379746835443,376571,2020-05-14 22:43:38.464000-04:00,1505.0,New Mexico,Yes,None
PSA2KMQ,972148,3,1,1,1,24,16.94,19.8225,0.4782608695652174,1.875,79461,2021-01-14 18:00:23.535000-05:00,13,223,2,,0.0,,0.0,0,,,,,585599,2020-09-03 12:00:31.238000-04:00,890.0,Louisiana,No,None
PSA2KMQ,899486,14,3,12,9,173,30.328,40.81,0.4925373134328358,1.8670520231213874,79461,2021-01-14 18:00:23.535000-05:00,13,223,2,,0.0,,0.0,0,,,,,585599,2020-09-03 12:00:31.238000-04:00,890.0,Louisiana,No,None
PSA2KMQ,610243,12,9,19,15,319,25.4,28.95,0.6474358974358975,1.4952978056426331,81205,2021-02-04 11:25:08.033000-05:00,21,12,2,53.5714285714286,71.1111111111111,64.2857142857143,74.0740740740741,1122,38.037,31.554,0.6327985739750446,1.4973262032085561,413781,2020-08-11 10:33:45.417000-04:00,1106.0,Maine,Yes,None
PSA2KMQ,610245,14,13,18,9,199,35.637,43.044,0.5803108808290155,1.5577889447236182,81205,2021-02-04 11:25:08.033000-05:00,21,12,2,53.5714285714286,71.1111111111111,64.2857142857143,74.0740740740741,1122,38.037,31.554,0.6327985739750446,1.4973262032085561,413781,2020-08-11 10:33:45.417000-04:00,1106.0,Maine,Yes,None
PSA2KMQ,610247,9,4,15,11,204,22.5755,28.5365,0.6313131313131313,1.4558823529411764,81205,2021-02-04 11:25:08.033000-05:00,21,12,2,53.5714285714286,71.1111111111111,64.2857142857143,74.0740740740741,1122,38.037,31.554,0.6327985739750446,1.4973262032085561,413781,2020-08-11 10:33:45.417000-04:00,1106.0,Maine,Yes,None
PSA2KMQ,610248,11,8,14,10,221,28.859,31.61,0.6930232558139535,1.4117647058823528,81205,2021-02-04 11:25:08.033000-05:00,21,12,2,53.5714285714286,71.1111111111111,64.2857142857143,74.0740740740741,1122,38.037,31.554,0.6327985739750446,1.4973262032085561,413781,2020-08-11 10:33:45.417000-04:00,1106.0,Maine,Yes,None
PSA2KMQ,97934,13,10,18,17,304,22.6075,25.875,0.5656565656565656,1.5230263157894737,81205,2021-02-04 11:25:08.033000-05:00,21,12,2,53.5714285714286,71.1111111111111,64.2857142857143,74.0740740740741,1122,38.037,31.554,0.6327985739750446,1.4973262032085561,413781,2020-08-11 10:33:45.417000-04:00,1106.0,Maine,Yes,None
PSA2KMQ,612170,5,3,13,6,152,23.29,31.6065,0.5342465753424658,1.625,81205,2021-02-04 11:25:08.033000-05:00,21,12,2,53.5714285714286,71.1111111111111,64.2857142857143,74.0740740740741,1122,38.037,31.554,0.6327985739750446,1.4973262032085561,413781,2020-08-11 10:33:45.417000-04:00,1106.0,Maine,Yes,None
PSA2KMQ,618284,9,5,10,4,101,54.407,65.515,0.66,1.4158415841584158,81205,2021-02-04 11:25:08.033000-05:00,21,12,2,53.5714285714286,71.1111111111111,64.2857142857143,74.0740740740741,1122,38.037,31.554,0.6327985739750446,1.4973262032085561,413781,2020-08-11 10:33:45.417000-04:00,1106.0,Maine,Yes,None
PSA2KMQ,610237,16,16,15,14,300,26.9945,30.2265,0.7952218430034129,1.26,81205,2021-02-04 11:25:08.033000-05:00,21,12,2,53.5714285714286,71.1111111111111,64.2857142857143,74.0740740740741,1122,38.037,31.554,0.6327985739750446,1.4973262032085561,413781,2020-08-11 10:33:45.417000-04:00,1106.0,Maine,Yes,None
PSA2KMQ,620664,3,2,11,9,145,32.611,38.041,0.6402877697841727,1.4620689655172414,81205,2021-02-04 11:25:08.033000-05:00,21,12,2,53.5714285714286,71.1111111111111,64.2857142857143,74.0740740740741,1122,38.037,31.554,0.6327985739750446,1.4973262032085561,413781,2020-08-11 10:33:45.417000-04:00,1106.0,Maine,Yes,None
PSA2KMQ,610238,8,5,18,11,218,29.079,35.66,0.6745283018867925,1.4724770642201834,81205,2021-02-04 11:25:08.033000-05:00,21,12,2,53.5714285714286,71.1111111111111,64.2857142857143,74.0740740740741,1122,38.037,31.554,0.6327985739750446,1.4973262032085561,413781,2020-08-11 10:33:45.417000-04:00,1106.0,Maine,Yes,None
PSA2KMQ,155126,14,11,18,15,317,20.338,30.586,0.5387096774193548,1.5899053627760251,81205,2021-02-04 11:25:08.033000-05:00,21,12,2,53.5714285714286,71.1111111111111,64.2857142857143,74.0740740740741,1122,38.037,31.554,0.6327985739750446,1.4973262032085561,413781,2020-08-11 10:33:45.417000-04:00,1106.0,Maine,Yes,None
PSA2KMQ,181274,16,15,18,16,309,19.233,21.769,0.5927152317880795,1.4660194174757282,81205,2021-02-04 11:25:08.033000-05:00,21,12,2,53.5714285714286,71.1111111111111,64.2857142857143,74.0740740740741,1122,38.037,31.554,0.6327985739750446,1.4973262032085561,413781,2020-08-11 10:33:45.417000-04:00,1106.0,Maine,Yes,None
PSA2KMQ,658369,15,11,18,12,279,39.443,55.157,0.5128205128205128,1.960573476702509,81205,2021-02-04 11:25:08.033000-05:00,21,12,2,53.5714285714286,71.1111111111111,64.2857142857143,74.0740740740741,1122,38.037,31.554,0.6327985739750446,1.4973262032085561,413781,2020-08-11 10:33:45.417000-04:00,1106.0,Maine,Yes,None
PSA2KMQ,588192,13,12,18,17,374,23.608,29.368,0.6539509536784741,1.5080213903743316,81205,2021-02-04 11:25:08.033000-05:00,21,12,2,53.5714285714286,71.1111111111111,64.2857142857143,74.0740740740741,1122,38.037,31.554,0.6327985739750446,1.4973262032085561,413781,2020-08-11 10:33:45.417000-04:00,1106.0,Maine,Yes,None
PSA2KMQ,605449,15,14,20,16,347,31.194,40.726,0.5911764705882353,1.521613832853026,81206,2021-02-04 11:25:08.058000-05:00,17,12,2,66.6666666666667,90.4411764705882,94.1176470588235,90.625,1467,36.698,30.338,0.5821404226312201,1.5221540558963873,413781,2020-08-11 10:33:45.417000-04:00,1106.0,Maine,Yes,None
PSA2KMQ,593792,14,12,23,19,334,36.1045,39.8255,0.7854889589905363,1.4131736526946108,81206,2021-02-04 11:25:08.058000-05:00,17,12,2,66.6666666666667,90.4411764705882,94.1176470588235,90.625,1467,36.698,30.338,0.5821404226312201,1.5221540558963873,413781,2020-08-11 10:33:45.417000-04:00,1106.0,Maine,Yes,None
PSA2KMQ,605576,12,11,14,11,232,16.2295,21.065,0.7035398230088495,1.4051724137931034,81206,2021-02-04 11:25:08.058000-05:00,17,12,2,66.6666666666667,90.4411764705882,94.1176470588235,90.625,1467,36.698,30.338,0.5821404226312201,1.5221540558963873,413781,2020-08-11 10:33:45.417000-04:00,1106.0,Maine,Yes,None
PSA2KMQ,605586,15,11,15,6,184,33.0585,37.497,0.5898876404494382,1.4293478260869565,81206,2021-02-04 11:25:08.058000-05:00,17,12,2,66.6666666666667,90.4411764705882,94.1176470588235,90.625,1467,36.698,30.338,0.5821404226312201,1.5221540558963873,413781,2020-08-11 10:33:45.417000-04:00,1106.0,Maine,Yes,None
PSA2KMQ,605603,3,2,19,8,166,9.521,12.627,0.524390243902439,1.6265060240963856,81206,2021-02-04 11:25:08.058000-05:00,17,12,2,66.6666666666667,90.4411764705882,94.1176470588235,90.625,1467,36.698,30.338,0.5821404226312201,1.5221540558963873,413781,2020-08-11 10:33:45.417000-04:00,1106.0,Maine,Yes,None
PSA2KMQ,593795,11,9,20,15,312,27.6585,36.729,0.7003367003367004,1.4326923076923077,81206,2021-02-04 11:25:08.058000-05:00,17,12,2,66.6666666666667,90.4411764705882,94.1176470588235,90.625,1467,36.698,30.338,0.5821404226312201,1.5221540558963873,413781,2020-08-11 10:33:45.417000-04:00,1106.0,Maine,Yes,None
PSA2KMQ,603437,17,16,19,18,400,24.306,28.169,0.7164556962025317,1.4375,81206,2021-02-04 11:25:08.058000-05:00,17,12,2,66.6666666666667,90.4411764705882,94.1176470588235,90.625,1467,36.698,30.338,0.5821404226312201,1.5221540558963873,413781,2020-08-11 10:33:45.417000-04:00,1106.0,Maine,Yes,None
PSA2KMQ,603378,13,13,19,15,361,11.792,14.793,0.6186440677966102,1.4349030470914128,81206,2021-02-04 11:25:08.058000-05:00,17,12,2,66.6666666666667,90.4411764705882,94.1176470588235,90.625,1467,36.698,30.338,0.5821404226312201,1.5221540558963873,413781,2020-08-11 10:33:45.417000-04:00,1106.0,Maine,Yes,None
PSA2KMQ,605570,13,12,20,17,340,24.8665,29.258,0.6846846846846847,1.4764705882352942,81206,2021-02-04 11:25:08.058000-05:00,17,12,2,66.6666666666667,90.4411764705882,94.1176470588235,90.625,1467,36.698,30.338,0.5821404226312201,1.5221540558963873,413781,2020-08-11 10:33:45.417000-04:00,1106.0,Maine,Yes,None
PSA2KMQ,605571,13,13,17,15,306,25.998,30.9085,0.6588628762541806,1.4477124183006536,81206,2021-02-04 11:25:08.058000-05:00,17,12,2,66.6666666666667,90.4411764705882,94.1176470588235,90.625,1467,36.698,30.338,0.5821404226312201,1.5221540558963873,413781,2020-08-11 10:33:45.417000-04:00,1106.0,Maine,Yes,None
PSA2KMQ,583712,15,15,17,13,252,25.169,28.588,0.7215189873417721,1.4087301587301586,81206,2021-02-04 11:25:08.058000-05:00,17,12,2,66.6666666666667,90.4411764705882,94.1176470588235,90.625,1467,36.698,30.338,0.5821404226312201,1.5221540558963873,413781,2020-08-11 10:33:45.417000-04:00,1106.0,Maine,Yes,None
PSA2KMQ,593802,4,1,21,16,237,20.229,30.934,0.4318181818181818,1.6371308016877637,81206,2021-02-04 11:25:08.058000-05:00,17,12,2,66.6666666666667,90.4411764705882,94.1176470588235,90.625,1467,36.698,30.338,0.5821404226312201,1.5221540558963873,413781,2020-08-11 10:33:45.417000-04:00,1106.0,Maine,Yes,None
PSA2KMQ,593798,12,12,20,15,301,26.706,34.488,0.6736842105263158,1.3853820598006645,81206,2021-02-04 11:25:08.058000-05:00,17,12,2,66.6666666666667,90.4411764705882,94.1176470588235,90.625,1467,36.698,30.338,0.5821404226312201,1.5221540558963873,413781,2020-08-11 10:33:45.417000-04:00,1106.0,Maine,Yes,None
PSA2KMQ,593797,11,11,21,18,300,32.154,36.8115,0.7553191489361702,1.3233333333333333,81206,2021-02-04 11:25:08.058000-05:00,17,12,2,66.6666666666667,90.4411764705882,94.1176470588235,90.625,1467,36.698,30.338,0.5821404226312201,1.5221540558963873,413781,2020-08-11 10:33:45.417000-04:00,1106.0,Maine,Yes,None
PSA2KMQ,593796,11,9,18,14,345,25.947,32.615,0.5365853658536586,1.5072463768115942,81206,2021-02-04 11:25:08.058000-05:00,17,12,2,66.6666666666667,90.4411764705882,94.1176470588235,90.625,1467,36.698,30.338,0.5821404226312201,1.5221540558963873,413781,2020-08-11 10:33:45.417000-04:00,1106.0,Maine,Yes,None
PSA2KMQ,1000099,2,2,0,0,15,13.036,17.377,0.6,1.4,82111,2021-02-25 14:36:58.144000-05:00,6,2,0,41.6666666666667,60.0,0.0,0.0,15,51.197,51.193,0.6,1.2,989996,2021-02-11 16:05:30.073000-05:00,1872.0,Oregon,Yes,None
PSA2KMQ,1000624,1,1,0,0,9,50.46,50.461,0.8888888888888888,1.1111111111111112,82112,2021-02-25 14:36:58.195000-05:00,21,1,0,,0.0,0.0,0.0,0,,,,,989996,2021-02-11 16:05:30.073000-05:00,1872.0,Oregon,Yes,None
PSA2KMQ,1000625,0,0,0,0,0,,,,,82112,2021-02-25 14:36:58.195000-05:00,21,1,0,,0.0,0.0,0.0,0,,,,,989996,2021-02-11 16:05:30.073000-05:00,1872.0,Oregon,Yes,None
PSA2KMQ,1000626,1,1,0,0,10,36.479,43.1725,0.7,1.2,82112,2021-02-25 14:36:58.195000-05:00,21,1,0,,0.0,0.0,0.0,0,,,,,989996,2021-02-11 16:05:30.073000-05:00,1872.0,Oregon,Yes,None
PSA2KMQ,1000627,1,1,0,0,5,34.334,34.336,0.6,1.6,82112,2021-02-25 14:36:58.195000-05:00,21,1,0,,0.0,0.0,0.0,0,,,,,989996,2021-02-11 16:05:30.073000-05:00,1872.0,Oregon,Yes,None
PSA2KMQ,1000629,1,1,0,0,9,39.858,42.413,0.5555555555555556,1.0,82112,2021-02-25 14:36:58.195000-05:00,21,1,0,,0.0,0.0,0.0,0,,,,,989996,2021-02-11 16:05:30.073000-05:00,1872.0,Oregon,Yes,None
PSA2KMQ,1000630,1,1,0,0,8,60.4755,60.479,0.875,1.0,82112,2021-02-25 14:36:58.195000-05:00,21,1,0,,0.0,0.0,0.0,0,,,,,989996,2021-02-11 16:05:30.073000-05:00,1872.0,Oregon,Yes,None
PSA2KMQ,1000616,1,1,0,0,5,56.517,56.527,0.6,1.0,82112,2021-02-25 14:36:58.195000-05:00,21,1,0,,0.0,0.0,0.0,0,,,,,989996,2021-02-11 16:05:30.073000-05:00,1872.0,Oregon,Yes,None
PSA2KMQ,1001240,1,0,0,0,1,28.166,28.171,0.0,1.0,82112,2021-02-25 14:36:58.195000-05:00,21,1,0,,0.0,0.0,0.0,0,,,,,989996,2021-02-11 16:05:30.073000-05:00,1872.0,Oregon,Yes,None
PSA2KMQ,1001377,1,0,0,0,1,19.562,19.571,0.0,1.0,82112,2021-02-25 14:36:58.195000-05:00,21,1,0,,0.0,0.0,0.0,0,,,,,989996,2021-02-11 16:05:30.073000-05:00,1872.0,Oregon,Yes,None
PSA2KMQ,1000619,1,1,0,0,4,139.1465,139.1535,0.75,1.0,82112,2021-02-25 14:36:58.195000-05:00,21,1,0,,0.0,0.0,0.0,0,,,,,989996,2021-02-11 16:05:30.073000-05:00,1872.0,Oregon,Yes,None
PSA2KMQ,1000631,0,0,0,0,0,,,,,82112,2021-02-25 14:36:58.195000-05:00,21,1,0,,0.0,0.0,0.0,0,,,,,989996,2021-02-11 16:05:30.073000-05:00,1872.0,Oregon,Yes,None
PSA2KMQ,1000618,0,0,0,0,0,,,,,82112,2021-02-25 14:36:58.195000-05:00,21,1,0,,0.0,0.0,0.0,0,,,,,989996,2021-02-11 16:05:30.073000-05:00,1872.0,Oregon,Yes,None
PSA2KMQ,1000617,1,1,0,0,8,66.675,66.6875,1.0,1.0,82112,2021-02-25 14:36:58.195000-05:00,21,1,0,,0.0,0.0,0.0,0,,,,,989996,2021-02-11 16:05:30.073000-05:00,1872.0,Oregon,Yes,None
PSA2KMQ,1000620,1,1,0,0,4,53.706,53.7235,0.75,1.0,82112,2021-02-25 14:36:58.195000-05:00,21,1,0,,0.0,0.0,0.0,0,,,,,989996,2021-02-11 16:05:30.073000-05:00,1872.0,Oregon,Yes,None
PSA2KMQ,1000622,0,0,0,0,0,,,,,82112,2021-02-25 14:36:58.195000-05:00,21,1,0,,0.0,0.0,0.0,0,,,,,989996,2021-02-11 16:05:30.073000-05:00,1872.0,Oregon,Yes,None
PSA2KMQ,1002470,1,1,0,0,7,32.881,32.884,0.5714285714285714,1.1428571428571428,82112,2021-02-25 14:36:58.195000-05:00,21,1,0,,0.0,0.0,0.0,0,,,,,989996,2021-02-11 16:05:30.073000-05:00,1872.0,Oregon,Yes,None
PSA2KMQ,1001227,0,0,0,0,0,,,,,82113,2021-02-25 14:36:58.237000-05:00,20,1,0,,0.0,0.0,0.0,0,,,,,989996,2021-02-11 16:05:30.073000-05:00,1872.0,Oregon,Yes,None
PSA2KMQ,1002040,0,0,0,0,0,,,,,82113,2021-02-25 14:36:58.237000-05:00,20,1,0,,0.0,0.0,0.0,0,,,,,989996,2021-02-11 16:05:30.073000-05:00,1872.0,Oregon,Yes,None
PSA2KMQ,1000637,1,1,0,0,4,34.6655,34.669,0.75,1.0,82113,2021-02-25 14:36:58.237000-05:00,20,1,0,,0.0,0.0,0.0,0,,,,,989996,2021-02-11 16:05:30.073000-05:00,1872.0,Oregon,Yes,None
PSA2KMQ,1000638,1,1,0,0,8,36.2785,65.0775,0.625,1.125,82113,2021-02-25 14:36:58.237000-05:00,20,1,0,,0.0,0.0,0.0,0,,,,,989996,2021-02-11 16:05:30.073000-05:00,1872.0,Oregon,Yes,None
PSA2KMQ,1000639,1,1,0,0,4,45.8195,45.827,0.75,1.0,82113,2021-02-25 14:36:58.237000-05:00,20,1,0,,0.0,0.0,0.0,0,,,,,989996,2021-02-11 16:05:30.073000-05:00,1872.0,Oregon,Yes,None
PSA2KMQ,1000640,1,1,0,0,5,28.618,28.622,0.6,1.0,82113,2021-02-25 14:36:58.237000-05:00,20,1,0,,0.0,0.0,0.0,0,,,,,989996,2021-02-11 16:05:30.073000-05:00,1872.0,Oregon,Yes,None
PSA2KMQ,1000641,0,0,0,0,0,,,,,82113,2021-02-25 14:36:58.237000-05:00,20,1,0,,0.0,0.0,0.0,0,,,,,989996,2021-02-11 16:05:30.073000-05:00,1872.0,Oregon,Yes,None
PSA2KMQ,1000642,0,0,0,0,0,,,,,82113,2021-02-25 14:36:58.237000-05:00,20,1,0,,0.0,0.0,0.0,0,,,,,989996,2021-02-11 16:05:30.073000-05:00,1872.0,Oregon,Yes,None
PSA2KMQ,1000643,1,1,0,0,8,25.8655,25.8705,0.875,1.0,82113,2021-02-25 14:36:58.237000-05:00,20,1,0,,0.0,0.0,0.0,0,,,,,989996,2021-02-11 16:05:30.073000-05:00,1872.0,Oregon,Yes,None
PSA2KMQ,1000644,1,1,0,0,5,39.966,45.023,0.6,1.0,82113,2021-02-25 14:36:58.237000-05:00,20,1,0,,0.0,0.0,0.0,0,,,,,989996,2021-02-11 16:05:30.073000-05:00,1872.0,Oregon,Yes,None
PSA2KMQ,1000645,1,1,0,0,14,108.5645,169.3025,0.5,1.4285714285714286,82113,2021-02-25 14:36:58.237000-05:00,20,1,0,,0.0,0.0,0.0,0,,,,,989996,2021-02-11 16:05:30.073000-05:00,1872.0,Oregon,Yes,None
PSA2KMQ,1000646,1,1,0,0,5,34.706,34.713,0.6,1.2,82113,2021-02-25 14:36:58.237000-05:00,20,1,0,,0.0,0.0,0.0,0,,,,,989996,2021-02-11 16:05:30.073000-05:00,1872.0,Oregon,Yes,None
PSA2KMQ,1000647,1,0,0,0,1,14.662,14.676,0.0,1.0,82113,2021-02-25 14:36:58.237000-05:00,20,1,0,,0.0,0.0,0.0,0,,,,,989996,2021-02-11 16:05:30.073000-05:00,1872.0,Oregon,Yes,None
PSA2KMQ,1000648,1,1,0,0,6,25.601,28.9405,0.6666666666666666,1.0,82113,2021-02-25 14:36:58.237000-05:00,20,1,0,,0.0,0.0,0.0,0,,,,,989996,2021-02-11 16:05:30.073000-05:00,1872.0,Oregon,Yes,None
PSA2KMQ,1000649,1,0,0,0,8,17.875,17.8765,0.625,1.375,82113,2021-02-25 14:36:58.237000-05:00,20,1,0,,0.0,0.0,0.0,0,,,,,989996,2021-02-11 16:05:30.073000-05:00,1872.0,Oregon,Yes,None
PSA2KMQ,1000650,1,1,0,0,5,35.962,35.969,0.6,1.2,82113,2021-02-25 14:36:58.237000-05:00,20,1,0,,0.0,0.0,0.0,0,,,,,989996,2021-02-11 16:05:30.073000-05:00,1872.0,Oregon,Yes,None
PSA2KMQ,1001350,1,1,0,0,12,23.498,33.428,0.5,1.75,82113,2021-02-25 14:36:58.237000-05:00,20,1,0,,0.0,0.0,0.0,0,,,,,989996,2021-02-11 16:05:30.073000-05:00,1872.0,Oregon,Yes,None
PSA2KMQ,1001439,0,0,0,0,0,,,,,82113,2021-02-25 14:36:58.237000-05:00,20,1,0,,0.0,0.0,0.0,0,,,,,989996,2021-02-11 16:05:30.073000-05:00,1872.0,Oregon,Yes,None
PSA2KMQ,1001719,0,0,0,0,0,,,,,82113,2021-02-25 14:36:58.237000-05:00,20,1,0,,0.0,0.0,0.0,0,,,,,989996,2021-02-11 16:05:30.073000-05:00,1872.0,Oregon,Yes,None
PSA2KMQ,998836,2,2,0,0,20,30.9465,38.166,0.55,1.35,82245,2021-03-01 07:53:35.457000-05:00,9,1,0,77.7777777777778,85.7142857142857,0.0,0.0,67,38.826,24.772,0.5671641791044776,1.4029850746268657,151037,2020-03-26 09:16:33.834000-04:00,1172.0,Michigan,Yes,None
PSA2KMQ,205263,1,1,3,1,34,12.133,15.2085,0.7037037037037037,1.2058823529411764,82245,2021-03-01 07:53:35.457000-05:00,9,1,0,77.7777777777778,85.7142857142857,0.0,0.0,67,38.826,24.772,0.5671641791044776,1.4029850746268657,151037,2020-03-26 09:16:33.834000-04:00,1172.0,Michigan,Yes,None
PSA2KMQ,997629,1,0,0,0,4,52.275,71.6445,0.25,1.25,82245,2021-03-01 07:53:35.457000-05:00,9,1,0,77.7777777777778,85.7142857142857,0.0,0.0,67,38.826,24.772,0.5671641791044776,1.4029850746268657,151037,2020-03-26 09:16:33.834000-04:00,1172.0,Michigan,Yes,None
PSA2KMQ,997630,1,1,0,0,8,18.446,19.7845,0.625,1.625,82245,2021-03-01 07:53:35.457000-05:00,9,1,0,77.7777777777778,85.7142857142857,0.0,0.0,67,38.826,24.772,0.5671641791044776,1.4029850746268657,151037,2020-03-26 09:16:33.834000-04:00,1172.0,Michigan,Yes,None
PSA2KMQ,997632,1,1,0,0,12,46.015,71.9975,0.5833333333333334,1.1666666666666667,82245,2021-03-01 07:53:35.457000-05:00,9,1,0,77.7777777777778,85.7142857142857,0.0,0.0,67,38.826,24.772,0.5671641791044776,1.4029850746268657,151037,2020-03-26 09:16:33.834000-04:00,1172.0,Michigan,Yes,None
PSA2KMQ,997627,1,1,0,0,10,26.4225,35.3125,0.5,1.6,82245,2021-03-01 07:53:35.457000-05:00,9,1,0,77.7777777777778,85.7142857142857,0.0,0.0,67,38.826,24.772,0.5671641791044776,1.4029850746268657,151037,2020-03-26 09:16:33.834000-04:00,1172.0,Michigan,Yes,None
PSA2KMQ,997633,1,1,0,0,13,42.802,42.806,0.6153846153846154,1.3846153846153846,82245,2021-03-01 07:53:35.457000-05:00,9,1,0,77.7777777777778,85.7142857142857,0.0,0.0,67,38.826,24.772,0.5671641791044776,1.4029850746268657,151037,2020-03-26 09:16:33.834000-04:00,1172.0,Michigan,Yes,None
PSA2KMQ,997628,1,1,0,0,10,17.7815,28.7945,0.5,1.4,82245,2021-03-01 07:53:35.457000-05:00,9,1,0,77.7777777777778,85.7142857142857,0.0,0.0,67,38.826,24.772,0.5671641791044776,1.4029850746268657,151037,2020-03-26 09:16:33.834000-04:00,1172.0,Michigan,Yes,None
PSA2KMQ,997631,1,1,0,0,10,30.246,32.6835,0.7,1.4,82245,2021-03-01 07:53:35.457000-05:00,9,1,0,77.7777777777778,85.7142857142857,0.0,0.0,67,38.826,24.772,0.5671641791044776,1.4029850746268657,151037,2020-03-26 09:16:33.834000-04:00,1172.0,Michigan,Yes,None
PSA2KMQ,998878,16,14,0,0,119,20.018,23.09,0.6218487394957983,1.453781512605042,82380,2021-03-03 06:35:22.783000-05:00,7,15,0,92.3809523809524,76.2886597938144,0.0,0.0,718,30.7125,23.6065,0.5626740947075209,1.5194986072423398,151037,2020-03-26 09:16:33.834000-04:00,1172.0,Michigan,Yes,None
PSA2KMQ,998876,16,15,0,0,113,15.245,17.563,0.672566371681416,1.4778761061946903,82380,2021-03-03 06:35:22.783000-05:00,7,15,0,92.3809523809524,76.2886597938144,0.0,0.0,718,30.7125,23.6065,0.5626740947075209,1.5194986072423398,151037,2020-03-26 09:16:33.834000-04:00,1172.0,Michigan,Yes,None
PSA2KMQ,998879,16,13,0,0,136,22.124,29.604,0.5441176470588235,1.5294117647058825,82380,2021-03-03 06:35:22.783000-05:00,7,15,0,92.3809523809524,76.2886597938144,0.0,0.0,718,30.7125,23.6065,0.5626740947075209,1.5194986072423398,151037,2020-03-26 09:16:33.834000-04:00,1172.0,Michigan,Yes,None
PSA2KMQ,998880,16,11,0,0,80,33.218,35.533,0.725,1.2375,82380,2021-03-03 06:35:22.783000-05:00,7,15,0,92.3809523809524,76.2886597938144,0.0,0.0,718,30.7125,23.6065,0.5626740947075209,1.5194986072423398,151037,2020-03-26 09:16:33.834000-04:00,1172.0,Michigan,Yes,None
PSA2KMQ,998883,16,13,0,0,111,23.746,30.763,0.5315315315315315,1.5765765765765767,82380,2021-03-03 06:35:22.783000-05:00,7,15,0,92.3809523809524,76.2886597938144,0.0,0.0,718,30.7125,23.6065,0.5626740947075209,1.5194986072423398,151037,2020-03-26 09:16:33.834000-04:00,1172.0,Michigan,Yes,None
PSA2KMQ,999250,15,10,0,0,104,30.615,41.266,0.46153846153846156,1.5384615384615385,82380,2021-03-03 06:35:22.783000-05:00,7,15,0,92.3809523809524,76.2886597938144,0.0,0.0,718,30.7125,23.6065,0.5626740947075209,1.5194986072423398,151037,2020-03-26 09:16:33.834000-04:00,1172.0,Michigan,Yes,None
PSA2KMQ,83441,8,4,67,60,709,23.815,28.638,0.7461406518010292,1.2425952045133992,83212,2021-03-23 06:29:00.196000-04:00,13,0,8,0.0,0.0,60.5769230769231,93.6507936507936,514,14.009,10.1005,0.6848249027237354,1.443579766536965,137,2018-10-31 13:34:00.625000-04:00,1117.0,Maine,No,None
PSA2KMQ,693228,8,8,30,27,376,11.4345,14.4525,0.8081081081081081,1.2898936170212767,83212,2021-03-23 06:29:00.196000-04:00,13,0,8,0.0,0.0,60.5769230769231,93.6507936507936,514,14.009,10.1005,0.6848249027237354,1.443579766536965,137,2018-10-31 13:34:00.625000-04:00,1117.0,Maine,No,None
PSA2KMQ,112321,8,7,34,31,423,15.146,21.339,0.725925925925926,1.5059101654846336,83212,2021-03-23 06:29:00.196000-04:00,13,0,8,0.0,0.0,60.5769230769231,93.6507936507936,514,14.009,10.1005,0.6848249027237354,1.443579766536965,137,2018-10-31 13:34:00.625000-04:00,1117.0,Maine,No,None
PSA2KMQ,700326,8,6,30,26,418,17.2695,21.1845,0.6200980392156863,1.4090909090909092,83212,2021-03-23 06:29:00.196000-04:00,13,0,8,0.0,0.0,60.5769230769231,93.6507936507936,514,14.009,10.1005,0.6848249027237354,1.443579766536965,137,2018-10-31 13:34:00.625000-04:00,1117.0,Maine,No,None
PSA2KMQ,118540,18,17,70,64,818,17.8275,22.4885,0.6607929515418502,1.3471882640586796,83212,2021-03-23 06:29:00.196000-04:00,13,0,8,0.0,0.0,60.5769230769231,93.6507936507936,514,14.009,10.1005,0.6848249027237354,1.443579766536965,137,2018-10-31 13:34:00.625000-04:00,1117.0,Maine,No,None
PSA2KMQ,693291,5,3,23,17,270,14.967,19.5805,0.6168582375478927,1.5074074074074073,83212,2021-03-23 06:29:00.196000-04:00,13,0,8,0.0,0.0,60.5769230769231,93.6507936507936,514,14.009,10.1005,0.6848249027237354,1.443579766536965,137,2018-10-31 13:34:00.625000-04:00,1117.0,Maine,No,None
PSA2KMQ,119957,8,6,64,57,684,33.3575,38.156,0.6469594594594594,1.3596491228070176,83212,2021-03-23 06:29:00.196000-04:00,13,0,8,0.0,0.0,60.5769230769231,93.6507936507936,514,14.009,10.1005,0.6848249027237354,1.443579766536965,137,2018-10-31 13:34:00.625000-04:00,1117.0,Maine,No,None
PSA2KMQ,693243,7,6,31,26,392,11.37,13.4445,0.7258485639686684,1.3724489795918366,83212,2021-03-23 06:29:00.196000-04:00,13,0,8,0.0,0.0,60.5769230769231,93.6507936507936,514,14.009,10.1005,0.6848249027237354,1.443579766536965,137,2018-10-31 13:34:00.625000-04:00,1117.0,Maine,No,None
PSA2KMQ,83449,12,7,55,52,661,28.074,34.722,0.634862385321101,1.3479576399394857,83212,2021-03-23 06:29:00.196000-04:00,13,0,8,0.0,0.0,60.5769230769231,93.6507936507936,514,14.009,10.1005,0.6848249027237354,1.443579766536965,137,2018-10-31 13:34:00.625000-04:00,1117.0,Maine,No,None
PSA2KMQ,693165,8,8,28,25,350,21.243,25.186,0.8264705882352941,1.2285714285714286,83212,2021-03-23 06:29:00.196000-04:00,13,0,8,0.0,0.0,60.5769230769231,93.6507936507936,514,14.009,10.1005,0.6848249027237354,1.443579766536965,137,2018-10-31 13:34:00.625000-04:00,1117.0,Maine,No,None
PSA2KMQ,693154,8,8,32,29,405,18.256,24.081,0.7411167512690355,1.3679012345679011,83213,2021-03-23 06:29:00.201000-04:00,10,0,8,0.0,0.0,70.0,96.4285714285714,493,11.166,9.685,0.7342799188640974,1.3914807302231238,137,2018-10-31 13:34:00.625000-04:00,1117.0,Maine,No,None
PSA2KMQ,693118,8,7,31,28,390,18.167,21.4215,0.7631578947368421,1.2692307692307692,83213,2021-03-23 06:29:00.201000-04:00,10,0,8,0.0,0.0,70.0,96.4285714285714,493,11.166,9.685,0.7342799188640974,1.3914807302231238,137,2018-10-31 13:34:00.625000-04:00,1117.0,Maine,No,None
PSA2KMQ,83485,12,6,69,64,793,16.783,21.939,0.5052005943536404,1.416141235813367,83213,2021-03-23 06:29:00.201000-04:00,10,0,8,0.0,0.0,70.0,96.4285714285714,493,11.166,9.685,0.7342799188640974,1.3914807302231238,137,2018-10-31 13:34:00.625000-04:00,1117.0,Maine,No,None
PSA2KMQ,695243,7,7,30,26,367,14.992,19.687,0.7209944751381215,1.3978201634877383,83213,2021-03-23 06:29:00.201000-04:00,10,0,8,0.0,0.0,70.0,96.4285714285714,493,11.166,9.685,0.7342799188640974,1.3914807302231238,137,2018-10-31 13:34:00.625000-04:00,1117.0,Maine,No,None
PSA2KMQ,693353,17,16,29,26,404,25.4805,33.398,0.727735368956743,1.3514851485148516,83213,2021-03-23 06:29:00.201000-04:00,10,0,8,0.0,0.0,70.0,96.4285714285714,493,11.166,9.685,0.7342799188640974,1.3914807302231238,137,2018-10-31 13:34:00.625000-04:00,1117.0,Maine,No,None
PSA2KMQ,695651,8,7,27,22,355,12.86,16.955,0.7543352601156069,1.3492957746478873,83213,2021-03-23 06:29:00.201000-04:00,10,0,8,0.0,0.0,70.0,96.4285714285714,493,11.166,9.685,0.7342799188640974,1.3914807302231238,137,2018-10-31 13:34:00.625000-04:00,1117.0,Maine,No,None
PSA2KMQ,693077,8,8,31,30,394,10.204,11.2025,0.7989556135770235,1.2436548223350254,83213,2021-03-23 06:29:00.201000-04:00,10,0,8,0.0,0.0,70.0,96.4285714285714,493,11.166,9.685,0.7342799188640974,1.3914807302231238,137,2018-10-31 13:34:00.625000-04:00,1117.0,Maine,No,None
PSA2KMQ,698168,8,3,25,23,320,20.001,22.9495,0.7032258064516129,1.33125,83301,2021-03-25 08:05:22.014000-04:00,12,0,6,0.0,0.0,55.5555555555556,95.0,246,15.912,11.564,0.6422764227642277,1.7154471544715446,136,2018-10-31 13:31:56.830000-04:00,1117.0,Maine,No,None
PSA2KMQ,699590,14,10,22,20,358,21.999,24.14,0.6743515850144092,1.416201117318436,83301,2021-03-25 08:05:22.014000-04:00,12,0,6,0.0,0.0,55.5555555555556,95.0,246,15.912,11.564,0.6422764227642277,1.7154471544715446,136,2018-10-31 13:31:56.830000-04:00,1117.0,Maine,No,None
PSA2KMQ,698179,8,7,26,25,354,13.593,16.2,0.7761627906976745,1.3926553672316384,83301,2021-03-25 08:05:22.014000-04:00,12,0,6,0.0,0.0,55.5555555555556,95.0,246,15.912,11.564,0.6422764227642277,1.7154471544715446,136,2018-10-31 13:31:56.830000-04:00,1117.0,Maine,No,None
PSA2KMQ,692656,8,7,27,25,365,14.032,17.308,0.7915492957746478,1.3616438356164384,83301,2021-03-25 08:05:22.014000-04:00,12,0,6,0.0,0.0,55.5555555555556,95.0,246,15.912,11.564,0.6422764227642277,1.7154471544715446,136,2018-10-31 13:31:56.830000-04:00,1117.0,Maine,No,None
PSA2KMQ,83455,8,6,62,54,632,28.1925,34.415,0.5666666666666667,1.5664556962025316,83301,2021-03-25 08:05:22.014000-04:00,12,0,6,0.0,0.0,55.5555555555556,95.0,246,15.912,11.564,0.6422764227642277,1.7154471544715446,136,2018-10-31 13:31:56.830000-04:00,1117.0,Maine,No,None
PSA2KMQ,83442,8,7,65,62,739,18.864,22.464,0.8308943089430895,1.2232746955345062,83301,2021-03-25 08:05:22.014000-04:00,12,0,6,0.0,0.0,55.5555555555556,95.0,246,15.912,11.564,0.6422764227642277,1.7154471544715446,136,2018-10-31 13:31:56.830000-04:00,1117.0,Maine,No,None
PSA2KMQ,695326,18,16,24,24,385,13.578,17.333,0.6693548387096774,1.3116883116883118,83301,2021-03-25 08:05:22.014000-04:00,12,0,6,0.0,0.0,55.5555555555556,95.0,246,15.912,11.564,0.6422764227642277,1.7154471544715446,136,2018-10-31 13:31:56.830000-04:00,1117.0,Maine,No,None
PSA2KMQ,83445,6,5,63,60,698,32.7495,40.3135,0.7357512953367875,1.3782234957020056,83302,2021-03-25 08:05:22.033000-04:00,17,0,6,0.0,0.0,50.0,84.3137254901961,256,18.195,11.421,0.55078125,1.90625,136,2018-10-31 13:31:56.830000-04:00,1117.0,Maine,No,None
PSA2KMQ,697957,8,5,20,16,255,12.372,14.662,0.7258064516129032,1.2941176470588236,83302,2021-03-25 08:05:22.033000-04:00,17,0,6,0.0,0.0,50.0,84.3137254901961,256,18.195,11.421,0.55078125,1.90625,136,2018-10-31 13:31:56.830000-04:00,1117.0,Maine,No,None
PSA2KMQ,695419,6,2,21,17,262,16.334,19.546,0.6431372549019608,1.4961832061068703,83302,2021-03-25 08:05:22.033000-04:00,17,0,6,0.0,0.0,50.0,84.3137254901961,256,18.195,11.421,0.55078125,1.90625,136,2018-10-31 13:31:56.830000-04:00,1117.0,Maine,No,None
PSA2KMQ,697272,8,8,23,20,307,21.988,24.975,0.7833333333333333,1.3029315960912051,83302,2021-03-25 08:05:22.033000-04:00,17,0,6,0.0,0.0,50.0,84.3137254901961,256,18.195,11.421,0.55078125,1.90625,136,2018-10-31 13:31:56.830000-04:00,1117.0,Maine,No,None
PSA2KMQ,695557,5,4,11,10,182,14.072,16.775,0.7771428571428571,1.3351648351648353,83302,2021-03-25 08:05:22.033000-04:00,17,0,6,0.0,0.0,50.0,84.3137254901961,256,18.195,11.421,0.55078125,1.90625,136,2018-10-31 13:31:56.830000-04:00,1117.0,Maine,No,None
PSA2KMQ,112272,15,6,28,28,396,10.096,13.673,0.6487935656836461,1.3914141414141414,83303,2021-03-25 08:05:22.036000-04:00,14,0,6,0.0,0.0,57.1428571428571,83.3333333333333,290,15.2035,10.575,0.5275862068965518,1.806896551724138,136,2018-10-31 13:31:56.830000-04:00,1117.0,Maine,No,None
PSA2KMQ,693008,8,3,19,18,230,12.941,18.451,0.4533333333333333,1.6347826086956523,83303,2021-03-25 08:05:22.036000-04:00,14,0,6,0.0,0.0,57.1428571428571,83.3333333333333,290,15.2035,10.575,0.5275862068965518,1.806896551724138,136,2018-10-31 13:31:56.830000-04:00,1117.0,Maine,No,None
PSA2KMQ,112317,8,5,27,26,355,16.66,20.587,0.6172106824925816,1.5126760563380282,83303,2021-03-25 08:05:22.036000-04:00,14,0,6,0.0,0.0,57.1428571428571,83.3333333333333,290,15.2035,10.575,0.5275862068965518,1.806896551724138,136,2018-10-31 13:31:56.830000-04:00,1117.0,Maine,No,None
PSA2KMQ,693255,8,7,25,25,352,12.2695,13.4505,0.7390029325513197,1.3806818181818181,83303,2021-03-25 08:05:22.036000-04:00,14,0,6,0.0,0.0,57.1428571428571,83.3333333333333,290,15.2035,10.575,0.5275862068965518,1.806896551724138,136,2018-10-31 13:31:56.830000-04:00,1117.0,Maine,No,None
PSA2KMQ,16245,31,15,48,43,318,43.568,57.397,0.6145454545454545,1.5974842767295596,83484,2021-04-01 10:55:04.068000-04:00,17,7,0,19.327731092437,73.9130434782609,0.0,0.0,118,37.4795,25.119,0.6101694915254238,1.7033898305084747,408066,2020-08-08 15:39:17.718000-04:00,112.0,Arizona,Yes,Suburb: Large
PSA2KMQ,16041,26,14,48,38,311,17.87,27.707,0.5357142857142857,1.662379421221865,83484,2021-04-01 10:55:04.068000-04:00,17,7,0,19.327731092437,73.9130434782609,0.0,0.0,118,37.4795,25.119,0.6101694915254238,1.7033898305084747,408066,2020-08-08 15:39:17.718000-04:00,112.0,Arizona,Yes,Suburb: Large
PSA2KMQ,16047,18,8,45,34,255,18.918,28.443,0.4751131221719457,1.776470588235294,83484,2021-04-01 10:55:04.068000-04:00,17,7,0,19.327731092437,73.9130434782609,0.0,0.0,118,37.4795,25.119,0.6101694915254238,1.7033898305084747,408066,2020-08-08 15:39:17.718000-04:00,112.0,Arizona,Yes,Suburb: Large
PSA2KMQ,16048,28,19,40,37,284,33.8625,41.5665,0.7509881422924901,1.3485915492957745,83484,2021-04-01 10:55:04.068000-04:00,17,7,0,19.327731092437,73.9130434782609,0.0,0.0,118,37.4795,25.119,0.6101694915254238,1.7033898305084747,408066,2020-08-08 15:39:17.718000-04:00,112.0,Arizona,Yes,Suburb: Large
PSA2KMQ,16056,16,9,47,40,316,34.28,41.0615,0.46691176470588236,1.731012658227848,83484,2021-04-01 10:55:04.068000-04:00,17,7,0,19.327731092437,73.9130434782609,0.0,0.0,118,37.4795,25.119,0.6101694915254238,1.7033898305084747,408066,2020-08-08 15:39:17.718000-04:00,112.0,Arizona,Yes,Suburb: Large
PSA2KMQ,15360,18,16,47,42,325,29.264,39.193,0.6113074204946997,1.5292307692307692,83484,2021-04-01 10:55:04.068000-04:00,17,7,0,19.327731092437,73.9130434782609,0.0,0.0,118,37.4795,25.119,0.6101694915254238,1.7033898305084747,408066,2020-08-08 15:39:17.718000-04:00,112.0,Arizona,Yes,Suburb: Large
PSA2KMQ,16345,21,14,43,34,283,32.187,44.017,0.5601659751037344,1.6537102473498233,83484,2021-04-01 10:55:04.068000-04:00,17,7,0,19.327731092437,73.9130434782609,0.0,0.0,118,37.4795,25.119,0.6101694915254238,1.7033898305084747,408066,2020-08-08 15:39:17.718000-04:00,112.0,Arizona,Yes,Suburb: Large
PSA2KMQ,16243,17,10,36,32,206,34.1515,45.694,0.5284090909090909,1.6699029126213591,83484,2021-04-01 10:55:04.068000-04:00,17,7,0,19.327731092437,73.9130434782609,0.0,0.0,118,37.4795,25.119,0.6101694915254238,1.7033898305084747,408066,2020-08-08 15:39:17.718000-04:00,112.0,Arizona,Yes,Suburb: Large
PSA2KMQ,997385,4,0,0,0,60,18.1175,25.4295,0.3,1.8666666666666667,83491,2021-04-01 14:19:12.565000-04:00,91,0,0,0.0,0.0,0.0,0.0,0,,,,,996478,2021-02-25 13:34:59.433000-05:00,1872.0,Oregon,Yes,None
PSA2KMQ,997386,4,4,2,2,42,53.913,56.6275,0.875,1.1904761904761905,83491,2021-04-01 14:19:12.565000-04:00,91,0,0,0.0,0.0,0.0,0.0,0,,,,,996478,2021-02-25 13:34:59.433000-05:00,1872.0,Oregon,Yes,None
PSA2KMQ,997387,4,4,0,0,21,46.505,59.097,0.6190476190476191,1.380952380952381,83491,2021-04-01 14:19:12.565000-04:00,91,0,0,0.0,0.0,0.0,0.0,0,,,,,996478,2021-02-25 13:34:59.433000-05:00,1872.0,Oregon,Yes,None
PSA2KMQ,997388,4,4,0,0,26,29.8455,27.417,0.6923076923076923,1.1923076923076923,83491,2021-04-01 14:19:12.565000-04:00,91,0,0,0.0,0.0,0.0,0.0,0,,,,,996478,2021-02-25 13:34:59.433000-05:00,1872.0,Oregon,Yes,None
PSA2KMQ,997389,4,3,0,0,36,37.8595,79.8845,0.4722222222222222,1.6666666666666667,83491,2021-04-01 14:19:12.565000-04:00,91,0,0,0.0,0.0,0.0,0.0,0,,,,,996478,2021-02-25 13:34:59.433000-05:00,1872.0,Oregon,Yes,None
PSA2KMQ,997390,4,3,0,0,23,86.852,103.57,0.6086956521739131,1.5217391304347827,83491,2021-04-01 14:19:12.565000-04:00,91,0,0,0.0,0.0,0.0,0.0,0,,,,,996478,2021-02-25 13:34:59.433000-05:00,1872.0,Oregon,Yes,None
PSA2KMQ,997391,4,4,0,0,25,30.188,32.964,0.8,1.2,83491,2021-04-01 14:19:12.565000-04:00,91,0,0,0.0,0.0,0.0,0.0,0,,,,,996478,2021-02-25 13:34:59.433000-05:00,1872.0,Oregon,Yes,None
PSA2KMQ,997392,4,4,2,2,41,49.531,54.364,0.7948717948717948,1.3658536585365855,83491,2021-04-01 14:19:12.565000-04:00,91,0,0,0.0,0.0,0.0,0.0,0,,,,,996478,2021-02-25 13:34:59.433000-05:00,1872.0,Oregon,Yes,None
PSA2KMQ,997393,4,3,2,1,37,44.293,62.762,0.3888888888888889,1.5945945945945945,83491,2021-04-01 14:19:12.565000-04:00,91,0,0,0.0,0.0,0.0,0.0,0,,,,,996478,2021-02-25 13:34:59.433000-05:00,1872.0,Oregon,Yes,None
PSA2KMQ,997394,4,3,0,0,14,280.701,381.9755,0.6428571428571429,1.3571428571428572,83491,2021-04-01 14:19:12.565000-04:00,91,0,0,0.0,0.0,0.0,0.0,0,,,,,996478,2021-02-25 13:34:59.433000-05:00,1872.0,Oregon,Yes,None
PSA2KMQ,997395,4,4,0,0,17,214.775,214.798,0.7647058823529411,1.2352941176470589,83491,2021-04-01 14:19:12.565000-04:00,91,0,0,0.0,0.0,0.0,0.0,0,,,,,996478,2021-02-25 13:34:59.433000-05:00,1872.0,Oregon,Yes,None
PSA2KMQ,997396,3,2,1,0,17,59.896,60.105,0.7058823529411765,1.5882352941176472,83491,2021-04-01 14:19:12.565000-04:00,91,0,0,0.0,0.0,0.0,0.0,0,,,,,996478,2021-02-25 13:34:59.433000-05:00,1872.0,Oregon,Yes,None
PSA2KMQ,997397,4,4,2,2,91,40.97,52.142,0.5842696629213483,1.5494505494505495,83491,2021-04-01 14:19:12.565000-04:00,91,0,0,0.0,0.0,0.0,0.0,0,,,,,996478,2021-02-25 13:34:59.433000-05:00,1872.0,Oregon,Yes,None
PSA2KMQ,997398,4,4,1,0,40,17.168,16.244,0.475,1.125,83491,2021-04-01 14:19:12.565000-04:00,91,0,0,0.0,0.0,0.0,0.0,0,,,,,996478,2021-02-25 13:34:59.433000-05:00,1872.0,Oregon,Yes,None
PSA2KMQ,997399,4,3,0,0,27,28.07,33.748,0.5555555555555556,1.7407407407407407,83491,2021-04-01 14:19:12.565000-04:00,91,0,0,0.0,0.0,0.0,0.0,0,,,,,996478,2021-02-25 13:34:59.433000-05:00,1872.0,Oregon,Yes,None
PSA2KMQ,997401,4,4,0,0,23,25.5,32.451,0.6956521739130435,1.0434782608695652,83491,2021-04-01 14:19:12.565000-04:00,91,0,0,0.0,0.0,0.0,0.0,0,,,,,996478,2021-02-25 13:34:59.433000-05:00,1872.0,Oregon,Yes,None
PSA2KMQ,997402,4,2,0,0,33,30.449,33.717,0.45454545454545453,1.7575757575757576,83491,2021-04-01 14:19:12.565000-04:00,91,0,0,0.0,0.0,0.0,0.0,0,,,,,996478,2021-02-25 13:34:59.433000-05:00,1872.0,Oregon,Yes,None
PSA2KMQ,997403,4,2,0,0,22,19.5155,25.434,0.45454545454545453,1.8636363636363635,83491,2021-04-01 14:19:12.565000-04:00,91,0,0,0.0,0.0,0.0,0.0,0,,,,,996478,2021-02-25 13:34:59.433000-05:00,1872.0,Oregon,Yes,None
PSA2KMQ,997404,4,4,0,0,36,58.43,60.609,0.5833333333333334,1.6388888888888888,83491,2021-04-01 14:19:12.565000-04:00,91,0,0,0.0,0.0,0.0,0.0,0,,,,,996478,2021-02-25 13:34:59.433000-05:00,1872.0,Oregon,Yes,None
PSA2KMQ,997405,4,2,2,2,97,50.938,90.29,0.42105263157894735,2.134020618556701,83491,2021-04-01 14:19:12.565000-04:00,91,0,0,0.0,0.0,0.0,0.0,0,,,,,996478,2021-02-25 13:34:59.433000-05:00,1872.0,Oregon,Yes,None
PSA2KMQ,997407,4,4,0,0,12,59.778,59.7875,1.0,1.0,83491,2021-04-01 14:19:12.565000-04:00,91,0,0,0.0,0.0,0.0,0.0,0,,,,,996478,2021-02-25 13:34:59.433000-05:00,1872.0,Oregon,Yes,None
PSA2KMQ,997408,4,4,0,0,31,39.62,43.398,0.6774193548387096,1.3548387096774195,83491,2021-04-01 14:19:12.565000-04:00,91,0,0,0.0,0.0,0.0,0.0,0,,,,,996478,2021-02-25 13:34:59.433000-05:00,1872.0,Oregon,Yes,None
PSA2KMQ,997441,4,2,2,0,34,37.095,43.337,0.5,1.4117647058823528,83491,2021-04-01 14:19:12.565000-04:00,91,0,0,0.0,0.0,0.0,0.0,0,,,,,996478,2021-02-25 13:34:59.433000-05:00,1872.0,Oregon,Yes,None
PSA2KMQ,998151,4,3,0,0,20,31.3475,50.6015,0.55,1.85,83491,2021-04-01 14:19:12.565000-04:00,91,0,0,0.0,0.0,0.0,0.0,0,,,,,996478,2021-02-25 13:34:59.433000-05:00,1872.0,Oregon,Yes,None
PSA2KMQ,998168,4,4,1,0,15,70.66,73.644,0.8666666666666667,1.2,83491,2021-04-01 14:19:12.565000-04:00,91,0,0,0.0,0.0,0.0,0.0,0,,,,,996478,2021-02-25 13:34:59.433000-05:00,1872.0,Oregon,Yes,None
PSA2KMQ,1001977,0,0,0,0,0,,,,,83491,2021-04-01 14:19:12.565000-04:00,91,0,0,0.0,0.0,0.0,0.0,0,,,,,996478,2021-02-25 13:34:59.433000-05:00,1872.0,Oregon,Yes,None
PSA2KMQ,1001999,1,1,0,0,4,150.38,150.3815,0.75,1.75,83491,2021-04-01 14:19:12.565000-04:00,91,0,0,0.0,0.0,0.0,0.0,0,,,,,996478,2021-02-25 13:34:59.433000-05:00,1872.0,Oregon,Yes,None
PSA2KMQ,1002223,4,3,0,0,9,34.429,34.433,1.0,1.0,83491,2021-04-01 14:19:12.565000-04:00,91,0,0,0.0,0.0,0.0,0.0,0,,,,,996478,2021-02-25 13:34:59.433000-05:00,1872.0,Oregon,Yes,None
PSA2KMQ,1002337,4,4,1,1,38,60.5585,60.5645,0.3783783783783784,1.7894736842105263,83491,2021-04-01 14:19:12.565000-04:00,91,0,0,0.0,0.0,0.0,0.0,0,,,,,996478,2021-02-25 13:34:59.433000-05:00,1872.0,Oregon,Yes,None
PSA2KMQ,1009136,0,0,0,0,0,,,,,83491,2021-04-01 14:19:12.565000-04:00,91,0,0,0.0,0.0,0.0,0.0,0,,,,,996478,2021-02-25 13:34:59.433000-05:00,1872.0,Oregon,Yes,None
PSA2KMQ,997406,4,2,0,0,34,36.5325,41.286,0.5,1.9117647058823528,83491,2021-04-01 14:19:12.565000-04:00,91,0,0,0.0,0.0,0.0,0.0,0,,,,,996478,2021-02-25 13:34:59.433000-05:00,1872.0,Oregon,Yes,None
PSA2KMQ,996674,3,2,0,0,8,23.729,28.979,0.75,1.5,83491,2021-04-01 14:19:12.565000-04:00,91,0,0,0.0,0.0,0.0,0.0,0,,,,,996478,2021-02-25 13:34:59.433000-05:00,1872.0,Oregon,Yes,None
PSA2KMQ,996676,4,4,1,0,47,41.383,60.661,0.5319148936170213,1.6170212765957448,83491,2021-04-01 14:19:12.565000-04:00,91,0,0,0.0,0.0,0.0,0.0,0,,,,,996478,2021-02-25 13:34:59.433000-05:00,1872.0,Oregon,Yes,None
PSA2KMQ,996677,4,4,0,0,26,33.5215,41.294,0.6923076923076923,1.3461538461538463,83491,2021-04-01 14:19:12.565000-04:00,91,0,0,0.0,0.0,0.0,0.0,0,,,,,996478,2021-02-25 13:34:59.433000-05:00,1872.0,Oregon,Yes,None
PSA2KMQ,996678,4,4,1,0,18,60.466,60.4685,0.8888888888888888,1.3333333333333333,83491,2021-04-01 14:19:12.565000-04:00,91,0,0,0.0,0.0,0.0,0.0,0,,,,,996478,2021-02-25 13:34:59.433000-05:00,1872.0,Oregon,Yes,None
PSA2KMQ,996679,4,3,2,0,42,29.4355,32.36,0.5714285714285714,1.8571428571428572,83491,2021-04-01 14:19:12.565000-04:00,91,0,0,0.0,0.0,0.0,0.0,0,,,,,996478,2021-02-25 13:34:59.433000-05:00,1872.0,Oregon,Yes,None
PSA2KMQ,996680,4,4,0,0,13,42.021,42.022,0.9230769230769231,1.0,83491,2021-04-01 14:19:12.565000-04:00,91,0,0,0.0,0.0,0.0,0.0,0,,,,,996478,2021-02-25 13:34:59.433000-05:00,1872.0,Oregon,Yes,None
PSA2KMQ,996681,4,4,0,0,25,39.636,46.293,0.68,1.32,83491,2021-04-01 14:19:12.565000-04:00,91,0,0,0.0,0.0,0.0,0.0,0,,,,,996478,2021-02-25 13:34:59.433000-05:00,1872.0,Oregon,Yes,None
PSA2KMQ,996682,4,3,0,0,16,188.553,188.593,0.75,1.3125,83491,2021-04-01 14:19:12.565000-04:00,91,0,0,0.0,0.0,0.0,0.0,0,,,,,996478,2021-02-25 13:34:59.433000-05:00,1872.0,Oregon,Yes,None
PSA2KMQ,996683,2,0,0,0,22,37.9555,56.8405,0.2727272727272727,1.4545454545454546,83491,2021-04-01 14:19:12.565000-04:00,91,0,0,0.0,0.0,0.0,0.0,0,,,,,996478,2021-02-25 13:34:59.433000-05:00,1872.0,Oregon,Yes,None
PSA2KMQ,996684,4,4,0,0,21,62.788,62.793,0.7619047619047619,1.5238095238095237,83491,2021-04-01 14:19:12.565000-04:00,91,0,0,0.0,0.0,0.0,0.0,0,,,,,996478,2021-02-25 13:34:59.433000-05:00,1872.0,Oregon,Yes,None
PSA2KMQ,996685,4,4,1,0,20,58.5685,105.902,0.7,1.3,83491,2021-04-01 14:19:12.565000-04:00,91,0,0,0.0,0.0,0.0,0.0,0,,,,,996478,2021-02-25 13:34:59.433000-05:00,1872.0,Oregon,Yes,None
PSA2KMQ,996686,4,2,1,1,53,32.131,40.65,0.5384615384615384,1.6981132075471699,83491,2021-04-01 14:19:12.565000-04:00,91,0,0,0.0,0.0,0.0,0.0,0,,,,,996478,2021-02-25 13:34:59.433000-05:00,1872.0,Oregon,Yes,None
PSA2KMQ,996687,4,2,0,0,34,44.9485,73.8575,0.38235294117647056,1.852941176470588,83491,2021-04-01 14:19:12.565000-04:00,91,0,0,0.0,0.0,0.0,0.0,0,,,,,996478,2021-02-25 13:34:59.433000-05:00,1872.0,Oregon,Yes,None
PSA2KMQ,996688,4,4,0,0,27,64.278,84.893,0.7037037037037037,1.2962962962962963,83491,2021-04-01 14:19:12.565000-04:00,91,0,0,0.0,0.0,0.0,0.0,0,,,,,996478,2021-02-25 13:34:59.433000-05:00,1872.0,Oregon,Yes,None
PSA2KMQ,996689,4,2,0,0,27,24.559,36.726,0.5925925925925926,1.4814814814814814,83491,2021-04-01 14:19:12.565000-04:00,91,0,0,0.0,0.0,0.0,0.0,0,,,,,996478,2021-02-25 13:34:59.433000-05:00,1872.0,Oregon,Yes,None
PSA2KMQ,996690,3,2,0,0,10,90.294,101.863,0.6,1.5,83491,2021-04-01 14:19:12.565000-04:00,91,0,0,0.0,0.0,0.0,0.0,0,,,,,996478,2021-02-25 13:34:59.433000-05:00,1872.0,Oregon,Yes,None
PSA2KMQ,996691,4,4,1,0,25,75.873,82.489,0.8333333333333334,1.16,83491,2021-04-01 14:19:12.565000-04:00,91,0,0,0.0,0.0,0.0,0.0,0,,,,,996478,2021-02-25 13:34:59.433000-05:00,1872.0,Oregon,Yes,None
PSA2KMQ,996692,4,4,0,0,17,43.042,45.664,0.8823529411764706,1.1764705882352942,83491,2021-04-01 14:19:12.565000-04:00,91,0,0,0.0,0.0,0.0,0.0,0,,,,,996478,2021-02-25 13:34:59.433000-05:00,1872.0,Oregon,Yes,None
PSA2KMQ,996693,4,4,0,0,14,37.3045,37.319,0.8571428571428571,1.0714285714285714,83491,2021-04-01 14:19:12.565000-04:00,91,0,0,0.0,0.0,0.0,0.0,0,,,,,996478,2021-02-25 13:34:59.433000-05:00,1872.0,Oregon,Yes,None
PSA2KMQ,996694,3,3,0,0,12,25.305,33.632,0.8333333333333334,1.1666666666666667,83491,2021-04-01 14:19:12.565000-04:00,91,0,0,0.0,0.0,0.0,0.0,0,,,,,996478,2021-02-25 13:34:59.433000-05:00,1872.0,Oregon,Yes,None
PSA2KMQ,996695,4,2,0,0,39,35.19,53.425,0.5128205128205128,1.4615384615384615,83491,2021-04-01 14:19:12.565000-04:00,91,0,0,0.0,0.0,0.0,0.0,0,,,,,996478,2021-02-25 13:34:59.433000-05:00,1872.0,Oregon,Yes,None
PSA2KMQ,996701,3,1,0,0,24,28.6265,33.914,0.5833333333333334,1.2916666666666667,83491,2021-04-01 14:19:12.565000-04:00,91,0,0,0.0,0.0,0.0,0.0,0,,,,,996478,2021-02-25 13:34:59.433000-05:00,1872.0,Oregon,Yes,None
PSA2KMQ,996704,4,3,0,0,48,67.3385,87.2435,0.4166666666666667,1.9375,83491,2021-04-01 14:19:12.565000-04:00,91,0,0,0.0,0.0,0.0,0.0,0,,,,,996478,2021-02-25 13:34:59.433000-05:00,1872.0,Oregon,Yes,None
PSA2KMQ,996729,2,1,0,0,6,40.917,40.923,0.6666666666666666,1.1666666666666667,83491,2021-04-01 14:19:12.565000-04:00,91,0,0,0.0,0.0,0.0,0.0,0,,,,,996478,2021-02-25 13:34:59.433000-05:00,1872.0,Oregon,Yes,None
PSA2KMQ,996734,4,3,2,2,48,48.27,55.13,0.6086956521739131,1.7291666666666667,83491,2021-04-01 14:19:12.565000-04:00,91,0,0,0.0,0.0,0.0,0.0,0,,,,,996478,2021-02-25 13:34:59.433000-05:00,1872.0,Oregon,Yes,None
PSA2KMQ,997325,4,4,0,0,31,31.337,48.288,0.5806451612903226,1.7419354838709677,83491,2021-04-01 14:19:12.565000-04:00,91,0,0,0.0,0.0,0.0,0.0,0,,,,,996478,2021-02-25 13:34:59.433000-05:00,1872.0,Oregon,Yes,None
PSA2KMQ,997326,4,4,1,0,18,46.739,46.7475,1.0,1.0,83491,2021-04-01 14:19:12.565000-04:00,91,0,0,0.0,0.0,0.0,0.0,0,,,,,996478,2021-02-25 13:34:59.433000-05:00,1872.0,Oregon,Yes,None
PSA2KMQ,997327,4,4,1,0,14,62.7135,62.722,0.9285714285714286,1.0714285714285714,83491,2021-04-01 14:19:12.565000-04:00,91,0,0,0.0,0.0,0.0,0.0,0,,,,,996478,2021-02-25 13:34:59.433000-05:00,1872.0,Oregon,Yes,None
PSA2KMQ,997328,4,2,0,0,23,44.358,71.88,0.4782608695652174,2.260869565217391,83491,2021-04-01 14:19:12.565000-04:00,91,0,0,0.0,0.0,0.0,0.0,0,,,,,996478,2021-02-25 13:34:59.433000-05:00,1872.0,Oregon,Yes,None
PSA2KMQ,997329,4,4,0,0,12,40.7515,40.7635,1.0,1.0,83491,2021-04-01 14:19:12.565000-04:00,91,0,0,0.0,0.0,0.0,0.0,0,,,,,996478,2021-02-25 13:34:59.433000-05:00,1872.0,Oregon,Yes,None
PSA2KMQ,997330,4,4,0,0,27,29.088,29.126,0.7037037037037037,1.3333333333333333,83491,2021-04-01 14:19:12.565000-04:00,91,0,0,0.0,0.0,0.0,0.0,0,,,,,996478,2021-02-25 13:34:59.433000-05:00,1872.0,Oregon,Yes,None
PSA2KMQ,997331,4,2,1,0,20,57.8305,62.2155,0.45,2.1,83491,2021-04-01 14:19:12.565000-04:00,91,0,0,0.0,0.0,0.0,0.0,0,,,,,996478,2021-02-25 13:34:59.433000-05:00,1872.0,Oregon,Yes,None
PSA2KMQ,997332,4,3,0,0,23,38.004,36.108,0.6521739130434783,0.9565217391304348,83491,2021-04-01 14:19:12.565000-04:00,91,0,0,0.0,0.0,0.0,0.0,0,,,,,996478,2021-02-25 13:34:59.433000-05:00,1872.0,Oregon,Yes,None
PSA2KMQ,997333,4,4,0,0,18,70.7035,83.954,0.8333333333333334,1.3333333333333333,83491,2021-04-01 14:19:12.565000-04:00,91,0,0,0.0,0.0,0.0,0.0,0,,,,,996478,2021-02-25 13:34:59.433000-05:00,1872.0,Oregon,Yes,None
PSA2KMQ,997334,4,2,2,2,46,74.76,95.527,0.6363636363636364,1.4565217391304348,83491,2021-04-01 14:19:12.565000-04:00,91,0,0,0.0,0.0,0.0,0.0,0,,,,,996478,2021-02-25 13:34:59.433000-05:00,1872.0,Oregon,Yes,None
PSA2KMQ,997335,4,4,1,0,22,85.55,88.931,0.7727272727272727,1.4090909090909092,83491,2021-04-01 14:19:12.565000-04:00,91,0,0,0.0,0.0,0.0,0.0,0,,,,,996478,2021-02-25 13:34:59.433000-05:00,1872.0,Oregon,Yes,None
PSA2KMQ,997336,4,3,0,0,24,34.3395,44.2705,0.5,1.8333333333333333,83491,2021-04-01 14:19:12.565000-04:00,91,0,0,0.0,0.0,0.0,0.0,0,,,,,996478,2021-02-25 13:34:59.433000-05:00,1872.0,Oregon,Yes,None
PSA2KMQ,997337,4,2,0,0,31,18.656,29.03,0.4838709677419355,2.0,83491,2021-04-01 14:19:12.565000-04:00,91,0,0,0.0,0.0,0.0,0.0,0,,,,,996478,2021-02-25 13:34:59.433000-05:00,1872.0,Oregon,Yes,None
PSA2KMQ,997338,4,3,0,0,16,29.662,52.7965,0.75,1.1875,83491,2021-04-01 14:19:12.565000-04:00,91,0,0,0.0,0.0,0.0,0.0,0,,,,,996478,2021-02-25 13:34:59.433000-05:00,1872.0,Oregon,Yes,None
PSA2KMQ,997339,4,3,0,0,49,60.395,89.725,0.5102040816326531,1.3673469387755102,83491,2021-04-01 14:19:12.565000-04:00,91,0,0,0.0,0.0,0.0,0.0,0,,,,,996478,2021-02-25 13:34:59.433000-05:00,1872.0,Oregon,Yes,None
PSA2KMQ,997340,4,3,0,0,25,24.115,34.857,0.52,1.72,83491,2021-04-01 14:19:12.565000-04:00,91,0,0,0.0,0.0,0.0,0.0,0,,,,,996478,2021-02-25 13:34:59.433000-05:00,1872.0,Oregon,Yes,None
PSA2KMQ,997341,4,3,0,0,18,23.651,40.0555,0.7222222222222222,1.3888888888888888,83491,2021-04-01 14:19:12.565000-04:00,91,0,0,0.0,0.0,0.0,0.0,0,,,,,996478,2021-02-25 13:34:59.433000-05:00,1872.0,Oregon,Yes,None
PSA2KMQ,997342,4,1,0,0,43,12.756,14.168,0.3023255813953488,2.441860465116279,83491,2021-04-01 14:19:12.565000-04:00,91,0,0,0.0,0.0,0.0,0.0,0,,,,,996478,2021-02-25 13:34:59.433000-05:00,1872.0,Oregon,Yes,None
PSA2KMQ,997343,5,4,0,0,24,61.7725,73.6235,0.8333333333333334,1.0833333333333333,83491,2021-04-01 14:19:12.565000-04:00,91,0,0,0.0,0.0,0.0,0.0,0,,,,,996478,2021-02-25 13:34:59.433000-05:00,1872.0,Oregon,Yes,None
PSA2KMQ,997344,4,3,0,0,44,56.753,62.542,0.6136363636363636,1.3863636363636365,83491,2021-04-01 14:19:12.565000-04:00,91,0,0,0.0,0.0,0.0,0.0,0,,,,,996478,2021-02-25 13:34:59.433000-05:00,1872.0,Oregon,Yes,None
PSA2KMQ,997345,2,1,0,0,3,156.155,156.16,1.0,1.0,83491,2021-04-01 14:19:12.565000-04:00,91,0,0,0.0,0.0,0.0,0.0,0,,,,,996478,2021-02-25 13:34:59.433000-05:00,1872.0,Oregon,Yes,None
PSA2KMQ,997346,4,2,1,0,19,61.008,75.735,0.5789473684210527,1.263157894736842,83491,2021-04-01 14:19:12.565000-04:00,91,0,0,0.0,0.0,0.0,0.0,0,,,,,996478,2021-02-25 13:34:59.433000-05:00,1872.0,Oregon,Yes,None
PSA2KMQ,997347,4,4,1,1,22,95.9415,98.874,0.9523809523809523,1.0454545454545454,83491,2021-04-01 14:19:12.565000-04:00,91,0,0,0.0,0.0,0.0,0.0,0,,,,,996478,2021-02-25 13:34:59.433000-05:00,1872.0,Oregon,Yes,None
PSA2KMQ,997348,4,4,0,0,20,36.1855,38.321,0.8,1.1,83491,2021-04-01 14:19:12.565000-04:00,91,0,0,0.0,0.0,0.0,0.0,0,,,,,996478,2021-02-25 13:34:59.433000-05:00,1872.0,Oregon,Yes,None
PSA2KMQ,997349,5,5,0,0,37,24.407,49.36,0.5135135135135135,1.6486486486486487,83491,2021-04-01 14:19:12.565000-04:00,91,0,0,0.0,0.0,0.0,0.0,0,,,,,996478,2021-02-25 13:34:59.433000-05:00,1872.0,Oregon,Yes,None
PSA2KMQ,997350,4,3,0,0,15,37.602,48.26,0.8,1.3333333333333333,83491,2021-04-01 14:19:12.565000-04:00,91,0,0,0.0,0.0,0.0,0.0,0,,,,,996478,2021-02-25 13:34:59.433000-05:00,1872.0,Oregon,Yes,None
PSA2KMQ,997381,4,4,0,0,33,21.045,31.129,0.5454545454545454,1.8484848484848484,83491,2021-04-01 14:19:12.565000-04:00,91,0,0,0.0,0.0,0.0,0.0,0,,,,,996478,2021-02-25 13:34:59.433000-05:00,1872.0,Oregon,Yes,None
PSA2KMQ,997382,3,3,2,2,61,41.993,53.532,0.7457627118644068,1.2786885245901638,83491,2021-04-01 14:19:12.565000-04:00,91,0,0,0.0,0.0,0.0,0.0,0,,,,,996478,2021-02-25 13:34:59.433000-05:00,1872.0,Oregon,Yes,None
PSA2KMQ,997383,4,4,1,0,30,35.758,43.3285,0.7333333333333333,1.4333333333333333,83491,2021-04-01 14:19:12.565000-04:00,91,0,0,0.0,0.0,0.0,0.0,0,,,,,996478,2021-02-25 13:34:59.433000-05:00,1872.0,Oregon,Yes,None
PSA2KMQ,997384,4,4,1,0,17,56.223,68.369,0.8823529411764706,1.0588235294117647,83491,2021-04-01 14:19:12.565000-04:00,91,0,0,0.0,0.0,0.0,0.0,0,,,,,996478,2021-02-25 13:34:59.433000-05:00,1872.0,Oregon,Yes,None
PSA2KMQ,1011426,0,0,0,0,0,,,,,83491,2021-04-01 14:19:12.565000-04:00,91,0,0,0.0,0.0,0.0,0.0,0,,,,,996478,2021-02-25 13:34:59.433000-05:00,1872.0,Oregon,Yes,None
PSA2KMQ,1001911,1,1,1,0,20,117.822,123.872,0.75,1.35,83495,2021-04-02 11:39:50.691000-04:00,22,0,0,0.0,0.0,0.0,0.0,0,,,,,989996,2021-02-11 16:05:30.073000-05:00,1872.0,Oregon,Yes,None
PSA2KMQ,1001912,2,1,1,0,24,211.1625,213.333,0.8,1.1666666666666667,83495,2021-04-02 11:39:50.691000-04:00,22,0,0,0.0,0.0,0.0,0.0,0,,,,,989996,2021-02-11 16:05:30.073000-05:00,1872.0,Oregon,Yes,None
PSA2KMQ,1001914,1,0,1,0,14,91.806,108.1205,0.8,1.2142857142857142,83495,2021-04-02 11:39:50.691000-04:00,22,0,0,0.0,0.0,0.0,0.0,0,,,,,989996,2021-02-11 16:05:30.073000-05:00,1872.0,Oregon,Yes,None
PSA2KMQ,1001920,1,1,1,0,10,92.4935,92.4995,0.5714285714285714,1.2,83495,2021-04-02 11:39:50.691000-04:00,22,0,0,0.0,0.0,0.0,0.0,0,,,,,989996,2021-02-11 16:05:30.073000-05:00,1872.0,Oregon,Yes,None
PSA2KMQ,1001909,1,1,1,0,6,84.5785,84.5915,0.8,1.0,83495,2021-04-02 11:39:50.691000-04:00,22,0,0,0.0,0.0,0.0,0.0,0,,,,,989996,2021-02-11 16:05:30.073000-05:00,1872.0,Oregon,Yes,None
PSA2KMQ,1001908,1,1,1,1,21,135.958,136.12,0.625,1.7619047619047619,83495,2021-04-02 11:39:50.691000-04:00,22,0,0,0.0,0.0,0.0,0.0,0,,,,,989996,2021-02-11 16:05:30.073000-05:00,1872.0,Oregon,Yes,None
PSA2KMQ,1001903,2,1,1,0,5,45.358,45.379,0.6,1.0,83495,2021-04-02 11:39:50.691000-04:00,22,0,0,0.0,0.0,0.0,0.0,0,,,,,989996,2021-02-11 16:05:30.073000-05:00,1872.0,Oregon,Yes,None
PSA2KMQ,996675,5,4,1,0,30,46.547,46.5515,0.7,1.3333333333333333,83495,2021-04-02 11:39:50.691000-04:00,22,0,0,0.0,0.0,0.0,0.0,0,,,,,989996,2021-02-11 16:05:30.073000-05:00,1872.0,Oregon,Yes,None
PSA2KMQ,1001898,1,1,1,1,18,76.785,90.8865,0.5384615384615384,1.222222222222222,83495,2021-04-02 11:39:50.691000-04:00,22,0,0,0.0,0.0,0.0,0.0,0,,,,,989996,2021-02-11 16:05:30.073000-05:00,1872.0,Oregon,Yes,None
PSA2KMQ,1001921,1,1,1,1,19,71.027,74.417,0.5,1.1578947368421053,83495,2021-04-02 11:39:50.691000-04:00,22,0,0,0.0,0.0,0.0,0.0,0,,,,,989996,2021-02-11 16:05:30.073000-05:00,1872.0,Oregon,Yes,None
PSA2KMQ,1009163,1,1,0,0,9,62.303,62.331,0.5555555555555556,1.4444444444444444,83495,2021-04-02 11:39:50.691000-04:00,22,0,0,0.0,0.0,0.0,0.0,0,,,,,989996,2021-02-11 16:05:30.073000-05:00,1872.0,Oregon,Yes,None
PSA2KMQ,1009127,0,0,0,0,0,,,,,83495,2021-04-02 11:39:50.691000-04:00,22,0,0,0.0,0.0,0.0,0.0,0,,,,,989996,2021-02-11 16:05:30.073000-05:00,1872.0,Oregon,Yes,None
PSA2KMQ,1001910,1,1,1,0,12,88.5575,88.5695,0.75,1.0833333333333333,83495,2021-04-02 11:39:50.691000-04:00,22,0,0,0.0,0.0,0.0,0.0,0,,,,,989996,2021-02-11 16:05:30.073000-05:00,1872.0,Oregon,Yes,None
PSA2KMQ,83443,8,8,61,55,685,21.409,27.005,0.7221269296740995,1.235036496350365,84404,2021-05-10 12:56:58.834000-04:00,11,0,8,0.0,0.0,65.9090909090909,93.1034482758621,682,14.2175,10.3585,0.6948148148148148,1.5527859237536656,137,2018-10-31 13:34:00.625000-04:00,1117.0,Maine,No,None
PSA2KMQ,83457,10,8,76,72,936,30.51,43.9405,0.5794871794871795,1.983974358974359,84404,2021-05-10 12:56:58.834000-04:00,11,0,8,0.0,0.0,65.9090909090909,93.1034482758621,682,14.2175,10.3585,0.6948148148148148,1.5527859237536656,137,2018-10-31 13:34:00.625000-04:00,1117.0,Maine,No,None
PSA2KMQ,112318,7,6,32,28,407,20.371,24.714,0.6590909090909091,1.4103194103194103,84404,2021-05-10 12:56:58.834000-04:00,11,0,8,0.0,0.0,65.9090909090909,93.1034482758621,682,14.2175,10.3585,0.6948148148148148,1.5527859237536656,137,2018-10-31 13:34:00.625000-04:00,1117.0,Maine,No,None
PSA2KMQ,112331,6,3,23,15,275,17.979,26.083,0.6390977443609023,1.5636363636363635,84404,2021-05-10 12:56:58.834000-04:00,11,0,8,0.0,0.0,65.9090909090909,93.1034482758621,682,14.2175,10.3585,0.6948148148148148,1.5527859237536656,137,2018-10-31 13:34:00.625000-04:00,1117.0,Maine,No,None
PSA2KMQ,880196,6,5,36,32,509,17.408,21.98,0.7389558232931727,1.3654223968565815,84404,2021-05-10 12:56:58.834000-04:00,11,0,8,0.0,0.0,65.9090909090909,93.1034482758621,682,14.2175,10.3585,0.6948148148148148,1.5527859237536656,137,2018-10-31 13:34:00.625000-04:00,1117.0,Maine,No,None
PSA2KMQ,880263,6,5,35,32,510,11.4745,14.392,0.7154308617234469,1.423529411764706,84404,2021-05-10 12:56:58.834000-04:00,11,0,8,0.0,0.0,65.9090909090909,93.1034482758621,682,14.2175,10.3585,0.6948148148148148,1.5527859237536656,137,2018-10-31 13:34:00.625000-04:00,1117.0,Maine,No,None
PSA2KMQ,880493,6,6,36,35,484,10.952,12.1915,0.8752642706131079,1.2066115702479339,84404,2021-05-10 12:56:58.834000-04:00,11,0,8,0.0,0.0,65.9090909090909,93.1034482758621,682,14.2175,10.3585,0.6948148148148148,1.5527859237536656,137,2018-10-31 13:34:00.625000-04:00,1117.0,Maine,No,None
PSA2KMQ,880795,6,6,38,38,491,17.173,18.072,0.8789144050104384,1.1771894093686355,84404,2021-05-10 12:56:58.834000-04:00,11,0,8,0.0,0.0,65.9090909090909,93.1034482758621,682,14.2175,10.3585,0.6948148148148148,1.5527859237536656,137,2018-10-31 13:34:00.625000-04:00,1117.0,Maine,No,None
