experiment_id,student_id,release_date,due_date,start_time,end_time,assignment_session_count,pretest_problem_count,pretest_correct,pretest_time_on_task,pretest_average_first_response_time,pretest_session_count,assigned_condition,condition_time_on_task,condition_average_first_response_or_request_time,condition_problem_count,condition_total_correct,condition_total_correct_after_wrong_response,condition_total_correct_after_tutoring,condition_total_answers_before_tutoring,condition_total_attempt_count,condition_total_hints_available,condition_total_hints_given,condition_total_scaffold_problems_available,condition_total_scaffold_problems_given,condition_total_explanations_available,condition_total_explanations_given,condition_total_answers_given,condition_session_count,posttest_problem_count,posttest_correct,posttest_time_on_task,posttest_average_first_response_time,posttest_session_count,assistments_reference_assignment_log_id
PSAVK69,10408,2021-01-22 08:38:00-05:00,2021-01-22 12:40:00-05:00,2021-01-22 12:26:37.017000-05:00,,2,2.0,1.0,184.629,92.3,1.0,Treatment 2,255.302,27.536,2.0,0.0,0.0,0.0,1.0,1.0,0.0,0.0,2.0,2.0,0.0,0.0,0.0,2.0,,,,,,12467825
PSAVK69,17385,2020-05-11 11:44:16.652000-04:00,2020-06-30 11:46:00-04:00,2020-05-12 22:39:53.700000-04:00,2020-05-12 22:51:38.725000-04:00,1,2.0,0.0,90.165,45.081,1.0,Treatment 2,252.368,35.2272,5.0,4.0,1.0,1.0,5.0,8.0,0.0,0.0,5.0,1.0,0.0,0.0,0.0,1.0,3.0,2.0,105.202,29.696,1.0,3197468
PSAVK69,17389,2020-05-11 11:44:16.652000-04:00,2020-06-30 11:46:00-04:00,2020-05-11 23:28:02.082000-04:00,,2,2.0,0.0,72.674,36.329,1.0,Treatment 3,239.458,30.7566,5.0,4.0,1.0,1.0,5.0,5.0,0.0,0.0,5.0,1.0,0.0,0.0,0.0,2.0,3.0,2.0,41.564,20.774,1.0,3133934
PSAVK69,18611,2020-05-11 11:44:16.651000-04:00,2020-06-30 11:46:00-04:00,2020-05-21 13:19:58.565000-04:00,,1,1.0,,,,1.0,Not Assigned,,,,,,,,,,,,,,,,,,,,,,3527396
PSAVK69,18616,2020-05-11 11:44:16.651000-04:00,2020-06-30 11:46:00-04:00,2020-05-25 17:50:45.247000-04:00,,1,1.0,,,,1.0,Not Assigned,,,,,,,,,,,,,,,,,,,,,,3582263
PSAVK69,18695,2020-05-11 11:44:16.651000-04:00,2020-06-30 11:46:00-04:00,2020-05-29 01:35:29.855000-04:00,,1,1.0,,,,1.0,Not Assigned,,,,,,,,,,,,,,,,,,,,,,3688161
PSAVK69,21107,2020-05-11 11:44:16.651000-04:00,2020-06-30 11:46:00-04:00,2020-05-11 13:07:23.490000-04:00,,1,1.0,,,,1.0,Not Assigned,,,,,,,,,,,,,,,,,,,,,,3102707
PSAVK69,21344,2020-05-11 11:44:16.649000-04:00,2020-06-30 11:46:00-04:00,2020-05-25 15:54:00.690000-04:00,2020-05-25 17:09:33.713000-04:00,2,2.0,0.0,3483.455,1741.7125,2.0,Treatment 2,809.188,152.216,5.0,3.0,1.0,1.0,5.0,8.0,0.0,0.0,5.0,2.0,0.0,0.0,0.0,1.0,3.0,2.0,192.942,62.59,1.0,3581599
PSAVK69,21346,2020-05-11 11:44:16.649000-04:00,2020-06-30 11:46:00-04:00,2020-05-12 22:32:06.881000-04:00,2020-06-18 00:13:11.617000-04:00,6,2.0,0.0,1377708.991,688854.486,2.0,Treatment 2,1736582.287,248063.842857143,7.0,4.0,2.0,2.0,6.0,10.0,0.0,0.0,7.0,3.0,0.0,0.0,0.0,2.0,3.0,2.0,1932.821,599.982333333333,1.0,3197369
PSAVK69,21347,2020-05-11 11:44:16.649000-04:00,2020-06-30 11:46:00-04:00,2020-05-26 19:59:57.083000-04:00,,1,1.0,,,,1.0,Not Assigned,,,,,,,,,,,,,,,,,,,,,,3618009
PSAVK69,21350,2020-05-11 11:44:16.649000-04:00,2020-06-30 11:46:00-04:00,2020-05-12 22:31:35.978000-04:00,2020-06-24 22:09:33.385000-04:00,4,2.0,0.0,3113836.583,1556918.281,2.0,Treatment 3,599734.777,99884.4101666667,6.0,4.0,2.0,2.0,6.0,6.0,0.0,0.0,6.0,2.0,0.0,0.0,0.0,2.0,3.0,2.0,234.955,23.1023333333333,1.0,3197361
PSAVK69,21353,2020-05-11 11:44:16.649000-04:00,2020-06-30 11:46:00-04:00,2020-05-13 21:03:00.735000-04:00,2020-05-13 21:16:33.287000-04:00,1,2.0,0.0,320.78,160.3535,1.0,Treatment 3,158.406,52.7723333333333,3.0,3.0,,,3.0,3.0,0.0,0.0,3.0,0.0,0.0,0.0,0.0,1.0,3.0,3.0,254.997,84.9696666666667,1.0,3252874
PSAVK69,22957,2020-05-11 11:44:16.651000-04:00,2020-06-30 11:46:00-04:00,2020-05-13 18:06:34.451000-04:00,,1,1.0,,,,1.0,Not Assigned,,,,,,,,,,,,,,,,,,,,,,3248123
PSAVK69,35326,2020-05-11 11:44:16.651000-04:00,2020-06-30 11:46:00-04:00,2020-05-11 15:36:28.754000-04:00,,1,2.0,0.0,994.933,497.4605,1.0,Treatment 1,,,1.0,,,,,0.0,0.0,0.0,1.0,0.0,0.0,0.0,0.0,1.0,,,,,,3118001
PSAVK69,64305,2021-03-09 07:57:01.514000-05:00,,2021-03-26 08:11:01.978000-04:00,2021-04-16 08:19:47.787000-04:00,5,2.0,1.0,1814217.462,907108.723,2.0,Treatment 2,439.932,34.0571818181818,11.0,7.0,3.0,3.0,11.0,11.0,0.0,0.0,11.0,4.0,0.0,0.0,0.0,1.0,3.0,2.0,203.973,66.7366666666667,1.0,15061963
PSAVK69,64352,2021-03-09 07:57:01.514000-05:00,,2021-03-09 07:57:54.773000-05:00,2021-03-09 08:18:31.835000-05:00,1,2.0,1.0,242.451,121.22,1.0,Treatment 2,645.982,37.4286666666667,12.0,7.0,4.0,4.0,12.0,12.0,0.0,0.0,12.0,5.0,0.0,0.0,0.0,1.0,3.0,3.0,211.559,70.5173333333333,1.0,14394923
PSAVK69,78320,2021-03-09 07:57:01.514000-05:00,,2021-05-07 08:12:11.734000-04:00,,1,1.0,,,,1.0,Not Assigned,,,,,,,,,,,,,,,,,,,,,,16222237
PSAVK69,102019,2021-03-09 07:57:01.514000-05:00,,2021-04-01 08:40:39.677000-04:00,,1,1.0,,,,1.0,Not Assigned,,,,,,,,,,,,,,,,,,,,,,15208125
PSAVK69,102028,2021-03-09 07:57:01.514000-05:00,,2021-03-17 13:36:49.023000-04:00,,3,1.0,,,,1.0,Not Assigned,,,,,,,,,,,,,,,,,,,,,,14760087
PSAVK69,102252,2021-03-09 07:57:01.514000-05:00,,2021-03-19 08:23:01.231000-04:00,,1,1.0,,,,1.0,Not Assigned,,,,,,,,,,,,,,,,,,,,,,14828637
PSAVK69,105218,2020-12-02 08:07:00-05:00,2020-12-02 21:09:00-05:00,2020-12-02 08:53:34.201000-05:00,,5,2.0,1.0,185561.539,92780.7615,2.0,Treatment 3,943213.311,4412.602,4.0,0.0,0.0,0.0,2.0,2.0,0.0,0.0,4.0,4.0,0.0,0.0,0.0,2.0,,,,,,10507743
PSAVK69,105222,2020-12-02 08:07:00-05:00,2020-12-02 21:09:00-05:00,2020-12-15 15:59:46.317000-05:00,,3,1.0,,,,1.0,Not Assigned,,,,,,,,,,,,,,,,,,,,,,11310640
PSAVK69,105223,2020-12-02 08:07:00-05:00,2020-12-02 21:09:00-05:00,2020-12-04 10:21:34.380000-05:00,,1,1.0,,,,1.0,Not Assigned,,,,,,,,,,,,,,,,,,,,,,10699266
PSAVK69,110804,2020-12-02 08:07:00-05:00,2020-12-02 21:09:00-05:00,2020-12-02 10:46:56.686000-05:00,,2,1.0,,,,1.0,Not Assigned,,,,,,,,,,,,,,,,,,,,,,10525369
PSAVK69,110809,2020-12-02 08:07:00-05:00,2020-12-02 21:09:00-05:00,2020-12-03 23:47:10.156000-05:00,,8,1.0,,,,1.0,Not Assigned,,,,,,,,,,,,,,,,,,,,,,10683991
PSAVK69,110930,2020-12-02 08:07:00-05:00,2020-12-02 21:09:00-05:00,2020-12-07 10:18:33.040000-05:00,,1,1.0,,,,1.0,Not Assigned,,,,,,,,,,,,,,,,,,,,,,10778387
PSAVK69,113333,2020-05-27 05:36:25.030000-04:00,2020-06-01 05:38:00-04:00,2020-05-29 09:50:37.449000-04:00,2020-05-30 12:13:57.437000-04:00,3,2.0,0.0,293.236,146.615,1.0,Treatment 3,94548.252,9442.7724,10.0,4.0,3.0,3.0,10.0,10.0,0.0,0.0,10.0,6.0,0.0,0.0,0.0,3.0,3.0,2.0,68.795,21.646,1.0,3692602
PSAVK69,113334,2020-05-27 05:36:25.030000-04:00,2020-06-01 05:38:00-04:00,2020-05-30 17:03:47.687000-04:00,2020-05-30 18:04:52.006000-04:00,1,2.0,0.0,383.328,191.655,1.0,Treatment 2,745.723,248.563,3.0,3.0,,,3.0,3.0,0.0,0.0,3.0,0.0,0.0,0.0,0.0,1.0,3.0,3.0,2493.55,831.173333333334,1.0,3712619
PSAVK69,113335,2020-05-27 05:36:25.030000-04:00,2020-06-01 05:38:00-04:00,2020-05-27 07:16:36.186000-04:00,2020-05-27 08:56:11.590000-04:00,1,2.0,0.0,3520.358,1760.136,1.0,Treatment 2,1833.318,412.15575,4.0,3.0,1.0,1.0,4.0,4.0,0.0,0.0,4.0,1.0,0.0,0.0,0.0,1.0,3.0,3.0,448.045,149.336666666667,1.0,3621706
PSAVK69,113336,2020-05-27 05:36:25.030000-04:00,2020-06-01 05:38:00-04:00,2020-05-28 06:55:14.121000-04:00,2020-05-28 07:40:55.335000-04:00,1,2.0,1.0,658.25,329.1045,1.0,Treatment 3,1608.152,536.042666666667,3.0,3.0,,,3.0,3.0,0.0,0.0,3.0,0.0,0.0,0.0,0.0,1.0,3.0,3.0,430.703,143.56,1.0,3655945
PSAVK69,113337,2020-05-27 05:36:25.030000-04:00,2020-06-01 05:38:00-04:00,2020-05-27 05:49:39.497000-04:00,,2,2.0,1.0,11479.113,5739.553,2.0,Treatment 3,246.068,41.3465,3.0,1.0,1.0,1.0,2.0,2.0,0.0,0.0,3.0,2.0,0.0,0.0,0.0,1.0,,,,,,3621510
PSAVK69,113339,2020-05-27 05:36:25.030000-04:00,2020-06-01 05:38:00-04:00,2020-05-29 06:22:41.115000-04:00,2020-05-30 13:44:08.461000-04:00,2,2.0,0.0,105.12,52.554,1.0,Treatment 2,1053.733,103.2472,5.0,4.0,1.0,1.0,5.0,5.0,0.0,0.0,5.0,1.0,0.0,0.0,0.0,2.0,3.0,2.0,497.791,162.483666666667,1.0,3688691
PSAVK69,113340,2020-05-27 05:36:25.030000-04:00,2020-06-01 05:38:00-04:00,2020-05-28 06:41:41.835000-04:00,2020-05-28 07:07:06.919000-04:00,1,2.0,0.0,163.484,81.732,1.0,Treatment 3,377.145,58.2136,5.0,4.0,1.0,1.0,5.0,5.0,0.0,0.0,5.0,1.0,0.0,0.0,0.0,1.0,3.0,2.0,820.333,191.767333333333,1.0,3655910
PSAVK69,113342,2020-05-27 05:36:25.030000-04:00,2020-06-01 05:38:00-04:00,2020-05-28 08:50:07.524000-04:00,2020-05-29 07:47:01.262000-04:00,2,2.0,0.0,177.931,88.9515,1.0,Treatment 1,258.293,58.4763333333333,4.0,3.0,1.0,1.0,3.0,3.0,0.0,0.0,4.0,1.0,0.0,0.0,0.0,1.0,3.0,3.0,79.299,26.4246666666667,1.0,3657800
PSAVK69,113343,2020-05-27 05:36:25.030000-04:00,2020-06-01 05:38:00-04:00,2020-05-27 06:02:27.161000-04:00,,1,2.0,0.0,230.665,115.2945,1.0,Treatment 3,81.67,,1.0,,,,0.0,0.0,0.0,0.0,1.0,1.0,0.0,0.0,0.0,1.0,,,,,,3621529
PSAVK69,113345,2020-05-27 05:36:25.030000-04:00,2020-06-01 05:38:00-04:00,2020-05-27 05:40:11.011000-04:00,2020-05-27 06:19:48.690000-04:00,1,2.0,0.0,165.292,82.6295,1.0,Treatment 2,2051.254,499.447,4.0,3.0,1.0,1.0,4.0,4.0,0.0,0.0,4.0,1.0,0.0,0.0,0.0,1.0,3.0,3.0,105.82,35.2593333333333,1.0,3621502
PSAVK69,113346,2020-05-27 05:36:25.030000-04:00,2020-06-01 05:38:00-04:00,2020-06-01 10:29:07.923000-04:00,2020-06-01 10:44:45.809000-04:00,1,2.0,1.0,493.417,246.705,1.0,Treatment 1,175.685,58.5586666666667,3.0,3.0,,,3.0,3.0,0.0,0.0,3.0,0.0,0.0,0.0,0.0,1.0,3.0,3.0,224.208,74.734,1.0,3724034
PSAVK69,113347,2020-05-27 05:36:25.030000-04:00,2020-06-01 05:38:00-04:00,2020-05-28 09:25:28.581000-04:00,2020-05-28 10:26:21.999000-04:00,5,2.0,1.0,3331.101,1665.547,3.0,Treatment 1,67.919,22.637,3.0,3.0,,,3.0,3.0,0.0,0.0,3.0,0.0,0.0,0.0,0.0,1.0,3.0,3.0,125.396,41.7956666666667,1.0,3659529
PSAVK69,113348,2020-05-27 05:36:25.030000-04:00,2020-06-01 05:38:00-04:00,2020-05-28 04:33:25.896000-04:00,2020-05-28 04:43:49.708000-04:00,1,2.0,0.0,144.67,72.33,1.0,Treatment 2,187.272,62.4216666666667,3.0,3.0,,,3.0,3.0,0.0,0.0,3.0,0.0,0.0,0.0,0.0,1.0,3.0,3.0,258.219,86.071,1.0,3655690
PSAVK69,113349,2020-05-27 05:36:25.030000-04:00,2020-06-01 05:38:00-04:00,2020-05-27 08:18:16.666000-04:00,2020-05-27 08:53:45.905000-04:00,1,2.0,0.0,237.661,118.8255,1.0,Treatment 2,201.239,34.6922,5.0,3.0,1.0,1.0,4.0,5.0,0.0,0.0,5.0,2.0,0.0,0.0,0.0,1.0,3.0,2.0,1526.98,496.367,1.0,3622472
PSAVK69,113776,2020-05-27 05:36:25.030000-04:00,2020-06-01 05:38:00-04:00,2020-05-31 10:48:48.388000-04:00,2020-05-31 10:55:59.370000-04:00,1,2.0,0.0,40.03,20.006,1.0,Treatment 1,134.419,19.9783333333333,6.0,5.0,1.0,1.0,6.0,6.0,0.0,0.0,6.0,1.0,0.0,0.0,0.0,1.0,3.0,2.0,171.981,40.6956666666667,1.0,3714131
PSAVK69,115181,2020-05-27 05:36:25.030000-04:00,2020-06-01 05:38:00-04:00,2020-05-27 06:21:15.151000-04:00,2020-05-27 06:48:03.911000-04:00,1,2.0,0.0,489.688,244.8395,1.0,Treatment 1,362.054,120.682333333333,3.0,3.0,,,3.0,3.0,0.0,0.0,3.0,0.0,0.0,0.0,0.0,1.0,3.0,3.0,710.879,236.957333333333,1.0,3621553
PSAVK69,151788,2020-05-11 20:32:00-04:00,2020-05-17 20:34:00-04:00,2020-05-12 10:08:56.157000-04:00,2020-05-12 14:26:11.793000-04:00,2,2.0,1.0,14745.688,7372.837,2.0,Treatment 2,427.572,85.3716666666667,4.0,3.0,1.0,1.0,3.0,3.0,0.0,0.0,4.0,1.0,0.0,0.0,0.0,1.0,3.0,3.0,190.132,63.3733333333333,1.0,3146303
PSAVK69,151798,2020-05-11 20:32:00-04:00,2020-05-17 20:34:00-04:00,2020-05-28 14:48:43.069000-04:00,2020-05-28 15:01:31.534000-04:00,1,2.0,0.0,223.093,111.5295,1.0,Treatment 3,370.501,43.2524,5.0,3.0,1.0,1.0,5.0,5.0,0.0,0.0,5.0,2.0,0.0,0.0,0.0,1.0,3.0,3.0,137.558,45.847,1.0,3678025
PSAVK69,151879,2020-05-11 20:32:00-04:00,2020-05-17 20:34:00-04:00,2020-05-12 14:19:52.527000-04:00,,4,1.0,,,,1.0,Not Assigned,,,,,,,,,,,,,,,,,,,,,,3177302
PSAVK69,151924,2020-05-11 20:32:00-04:00,2020-05-17 20:34:00-04:00,2020-05-12 11:45:30.428000-04:00,2020-05-12 11:58:03.970000-04:00,1,2.0,1.0,79.2,39.589,1.0,Treatment 3,426.379,142.120666666667,3.0,3.0,,,3.0,3.0,0.0,0.0,3.0,0.0,0.0,0.0,0.0,1.0,3.0,3.0,205.636,68.54,1.0,3158448
PSAVK69,151957,2020-05-11 20:32:00-04:00,2020-05-17 20:34:00-04:00,2020-05-13 11:54:23.662000-04:00,2020-05-13 11:58:53.292000-04:00,1,2.0,1.0,41.569,20.7795,1.0,Treatment 3,111.531,37.1703333333333,3.0,3.0,,,3.0,3.0,0.0,0.0,3.0,0.0,0.0,0.0,0.0,1.0,3.0,2.0,82.116,16.166,1.0,3220643
PSAVK69,152013,2020-05-11 20:32:00-04:00,2020-05-17 20:34:00-04:00,2020-05-12 14:40:10.314000-04:00,2020-05-12 14:47:40.181000-04:00,1,2.0,1.0,92.529,46.257,1.0,Treatment 1,113.857,37.947,3.0,3.0,,,3.0,3.0,0.0,0.0,3.0,0.0,0.0,0.0,0.0,1.0,3.0,3.0,206.183,68.723,1.0,3179208
PSAVK69,152035,2020-05-11 20:32:00-04:00,2020-05-17 20:34:00-04:00,2020-05-13 09:34:23.762000-04:00,2020-05-13 09:45:51.270000-04:00,1,2.0,1.0,105.718,52.8565,1.0,Treatment 2,201.034,48.0953333333333,4.0,3.0,1.0,1.0,3.0,3.0,0.0,0.0,4.0,1.0,0.0,0.0,0.0,1.0,3.0,2.0,331.153,108.427333333333,1.0,3205532
PSAVK69,152136,2020-05-11 20:32:00-04:00,2020-05-17 20:34:00-04:00,2020-05-12 13:37:10.704000-04:00,2020-05-12 13:40:23.486000-04:00,1,2.0,1.0,41.115,20.556,1.0,Treatment 3,58.282,19.4256666666667,3.0,3.0,,,3.0,3.0,0.0,0.0,3.0,0.0,0.0,0.0,0.0,1.0,3.0,3.0,42.943,14.313,1.0,3172735
PSAVK69,152212,2020-05-11 20:32:00-04:00,2020-05-17 20:34:00-04:00,2020-05-12 09:54:35.618000-04:00,2020-05-12 10:03:28.397000-04:00,1,2.0,1.0,140.76,70.3775,1.0,Treatment 3,84.166,28.052,3.0,3.0,,,3.0,3.0,0.0,0.0,3.0,0.0,0.0,0.0,0.0,1.0,3.0,2.0,244.011,76.6133333333333,1.0,3144560
PSAVK69,152221,2020-05-11 20:32:00-04:00,2020-05-17 20:34:00-04:00,2020-05-15 14:18:57.171000-04:00,2020-05-15 14:32:18.080000-04:00,1,2.0,0.0,244.203,122.095,1.0,Treatment 1,160.096,53.3573333333333,3.0,3.0,,,3.0,3.0,0.0,0.0,3.0,0.0,0.0,0.0,0.0,1.0,3.0,3.0,331.349,110.443333333333,1.0,3332783
PSAVK69,152546,2020-05-11 20:32:00-04:00,2020-05-17 20:34:00-04:00,2020-05-12 19:51:02.735000-04:00,2020-05-15 13:32:47.157000-04:00,4,2.0,0.0,234809.094,117404.537,2.0,Treatment 2,1090.812,141.913285714286,7.0,4.0,1.0,1.0,7.0,7.0,0.0,0.0,7.0,3.0,0.0,0.0,0.0,3.0,3.0,2.0,467.692,154.979,1.0,3193927
PSAVK69,152992,2020-05-11 20:32:00-04:00,2020-05-17 20:34:00-04:00,2020-05-12 19:28:32.313000-04:00,2020-05-18 15:46:40.661000-04:00,2,2.0,1.0,503818.754,251909.3675,2.0,Treatment 3,920.042,105.542833333333,6.0,4.0,2.0,2.0,6.0,6.0,0.0,0.0,6.0,2.0,0.0,0.0,0.0,1.0,3.0,2.0,273.331,42.572,1.0,3193317
PSAVK69,153035,2020-05-11 20:32:00-04:00,2020-05-17 20:34:00-04:00,2020-05-14 09:17:27.059000-04:00,2020-05-14 09:24:50.441000-04:00,1,2.0,0.0,80.795,40.3895,1.0,Treatment 2,182.763,22.811,6.0,4.0,1.0,1.0,6.0,6.0,0.0,0.0,6.0,2.0,0.0,0.0,0.0,1.0,3.0,2.0,139.195,41.6333333333333,1.0,3261677
PSAVK69,153434,2020-05-11 20:32:00-04:00,2020-05-17 20:34:00-04:00,2020-05-14 14:34:21.952000-04:00,2020-05-14 14:47:55.944000-04:00,1,2.0,0.0,221.247,110.617,1.0,Treatment 2,248.204,82.728,3.0,3.0,,,3.0,3.0,0.0,0.0,3.0,0.0,0.0,0.0,0.0,1.0,3.0,2.0,286.799,84.7763333333333,1.0,3294537
PSAVK69,153568,2020-05-11 20:32:00-04:00,2020-05-17 20:34:00-04:00,2020-05-17 14:08:43.980000-04:00,,2,2.0,0.0,36.942,18.469,1.0,Treatment 2,69592.5,17387.2825,4.0,2.0,1.0,1.0,4.0,4.0,0.0,0.0,4.0,2.0,0.0,0.0,0.0,2.0,,,,,,3350392
PSAVK69,153588,2020-05-11 20:32:00-04:00,2020-05-17 20:34:00-04:00,2020-05-12 12:13:38.335000-04:00,2020-05-12 12:32:50.506000-04:00,1,2.0,1.0,174.418,87.2025,1.0,Treatment 1,335.4,111.792666666667,3.0,3.0,,,3.0,3.0,0.0,0.0,3.0,0.0,0.0,0.0,0.0,1.0,3.0,3.0,582.893,194.281666666667,1.0,3162096
PSAVK69,153653,2020-05-11 20:32:00-04:00,2020-05-17 20:34:00-04:00,2020-05-13 23:22:16.592000-04:00,2020-05-14 20:10:30.195000-04:00,2,2.0,1.0,74252.569,37126.2805,2.0,Treatment 3,407.46,56.5018571428571,7.0,5.0,2.0,2.0,6.0,7.0,0.0,0.0,7.0,2.0,0.0,0.0,0.0,1.0,3.0,2.0,203.103,66.0903333333333,1.0,3255106
PSAVK69,154112,2020-05-11 20:32:00-04:00,2020-05-17 20:34:00-04:00,2020-05-12 11:02:41.466000-04:00,2020-05-12 11:14:12.691000-04:00,1,2.0,0.0,51.658,25.822,1.0,Treatment 3,498.221,28.4398888888889,9.0,6.0,2.0,2.0,9.0,11.0,0.0,0.0,9.0,3.0,0.0,0.0,0.0,1.0,3.0,2.0,61.74,18.8346666666667,1.0,3152902
PSAVK69,154149,2020-05-11 20:32:00-04:00,2020-05-17 20:34:00-04:00,2020-05-14 12:40:22.450000-04:00,2020-05-17 19:37:47.208000-04:00,9,2.0,0.0,192331.566,96165.774,2.0,Treatment 3,1318.101,77.1868333333333,12.0,6.0,3.0,3.0,12.0,12.0,0.0,0.0,12.0,6.0,0.0,0.0,0.0,4.0,3.0,1.0,336.832,98.5646666666667,1.0,3283272
PSAVK69,154442,2020-05-11 20:32:00-04:00,2020-05-17 20:34:00-04:00,2020-05-12 11:53:17.149000-04:00,2020-05-12 11:58:52.433000-04:00,1,2.0,0.0,133.191,66.5925,1.0,Treatment 2,69.857,23.283,3.0,3.0,,,3.0,3.0,0.0,0.0,3.0,0.0,0.0,0.0,0.0,1.0,3.0,2.0,98.491,31.396,1.0,3159500
PSAVK69,154448,2020-05-11 20:32:00-04:00,2020-05-17 20:34:00-04:00,2020-05-17 18:39:07.346000-04:00,2020-05-17 18:44:32.011000-04:00,1,2.0,1.0,135.984,67.988,1.0,Treatment 1,96.014,31.9993333333333,3.0,3.0,,,3.0,3.0,0.0,0.0,3.0,0.0,0.0,0.0,0.0,1.0,3.0,3.0,69.472,23.1533333333333,1.0,3352189
PSAVK69,154698,2020-05-11 20:32:00-04:00,2020-05-17 20:34:00-04:00,2020-05-12 13:52:00.542000-04:00,2020-05-12 14:00:30.878000-04:00,1,2.0,0.0,79.879,39.9245,1.0,Treatment 1,299.644,26.6445714285714,8.0,5.0,2.0,2.0,7.0,7.0,0.0,0.0,8.0,3.0,0.0,0.0,0.0,1.0,3.0,3.0,90.413,30.1333333333333,1.0,3174380
PSAVK69,155030,2020-05-11 20:32:00-04:00,2020-05-17 20:34:00-04:00,2020-05-12 10:24:00.890000-04:00,2020-05-12 10:37:25.383000-04:00,1,2.0,0.0,260.506,130.2385,1.0,Treatment 3,419.967,50.4415,6.0,4.0,1.0,1.0,6.0,6.0,0.0,0.0,6.0,2.0,0.0,0.0,0.0,1.0,3.0,2.0,75.502,24.432,1.0,3148164
PSAVK69,155724,2020-05-11 20:32:00-04:00,2020-05-17 20:34:00-04:00,2020-05-12 09:25:09.085000-04:00,2020-05-13 11:57:40.186000-04:00,4,2.0,1.0,95244.946,47622.4645,2.0,Treatment 2,183.439,61.1406666666667,3.0,3.0,,,3.0,3.0,0.0,0.0,3.0,0.0,0.0,0.0,0.0,1.0,3.0,3.0,88.902,29.6293333333333,1.0,3141440
PSAVK69,155811,2020-05-11 20:32:00-04:00,2020-05-17 20:34:00-04:00,2020-05-13 11:22:58.946000-04:00,2020-05-26 22:15:04.436000-04:00,2,2.0,0.0,1161318.181,580659.0725,2.0,Treatment 3,541.19,87.2198,5.0,3.0,1.0,1.0,5.0,5.0,0.0,0.0,5.0,2.0,0.0,0.0,0.0,1.0,3.0,2.0,423.676,136.815,1.0,3217003
PSAVK69,155840,2020-05-11 20:32:00-04:00,2020-05-17 20:34:00-04:00,2020-05-12 08:50:52.723000-04:00,2020-05-12 09:06:15.943000-04:00,1,2.0,1.0,140.638,70.304,1.0,Treatment 3,278.595,35.8278333333333,6.0,5.0,1.0,1.0,6.0,6.0,0.0,0.0,6.0,1.0,0.0,0.0,0.0,1.0,3.0,3.0,465.323,155.095,1.0,3138596
PSAVK69,156250,2020-05-11 20:32:00-04:00,2020-05-17 20:34:00-04:00,2020-05-31 12:10:11.676000-04:00,2020-05-31 14:34:17.359000-04:00,1,2.0,1.0,62.219,31.105,1.0,Treatment 3,7543.411,1869.4185,4.0,3.0,1.0,1.0,4.0,4.0,0.0,0.0,4.0,1.0,0.0,0.0,0.0,1.0,3.0,3.0,989.455,329.808333333333,1.0,3714321
PSAVK69,156587,2020-05-11 20:32:00-04:00,2020-05-17 20:34:00-04:00,2020-05-13 13:50:23.682000-04:00,2020-05-13 14:07:45.371000-04:00,1,2.0,1.0,186.494,93.234,1.0,Treatment 1,405.091,135.019,3.0,3.0,,,3.0,3.0,0.0,0.0,3.0,0.0,0.0,0.0,0.0,1.0,3.0,3.0,414.139,138.030666666667,1.0,3233228
PSAVK69,157298,2020-05-11 20:32:00-04:00,2020-05-17 20:34:00-04:00,2020-05-13 13:11:07.144000-04:00,2020-05-13 13:17:59.688000-04:00,1,2.0,1.0,89.34,44.6625,1.0,Treatment 1,208.925,47.3095,4.0,3.0,1.0,1.0,4.0,4.0,0.0,0.0,4.0,1.0,0.0,0.0,0.0,1.0,3.0,3.0,71.554,23.8476666666667,1.0,3229109
PSAVK69,158293,2020-05-11 20:32:00-04:00,2020-05-17 20:34:00-04:00,2020-05-13 13:12:07.552000-04:00,2020-05-13 13:21:16.264000-04:00,2,2.0,0.0,147.207,73.601,1.0,Treatment 3,240.21,29.8128333333333,6.0,3.0,1.0,1.0,6.0,6.0,0.0,0.0,6.0,3.0,0.0,0.0,0.0,2.0,3.0,2.0,79.93,21.2706666666667,1.0,3229243
PSAVK69,158399,2020-05-11 20:32:00-04:00,2020-05-17 20:34:00-04:00,2020-05-12 13:05:29.858000-04:00,2020-05-12 13:12:03.934000-04:00,2,2.0,0.0,66.035,33.0105,1.0,Treatment 2,159.155,25.351,5.0,4.0,1.0,1.0,4.0,4.0,0.0,0.0,5.0,1.0,0.0,0.0,0.0,2.0,3.0,3.0,99.334,33.102,1.0,3168913
PSAVK69,158523,2020-05-11 20:32:00-04:00,2020-05-17 20:34:00-04:00,2020-05-13 20:01:58.900000-04:00,2020-05-14 12:47:54.033000-04:00,5,2.0,1.0,254.149,127.05,1.0,Treatment 3,679.911,157.649,4.0,3.0,1.0,1.0,4.0,4.0,0.0,0.0,4.0,1.0,0.0,0.0,0.0,1.0,3.0,2.0,865.931,54.0513333333333,1.0,3251524
PSAVK69,158929,2020-05-11 20:32:00-04:00,2020-05-17 20:34:00-04:00,2020-05-12 10:26:47.320000-04:00,2020-05-12 10:35:38.754000-04:00,1,2.0,0.0,184.318,92.1505,1.0,Treatment 3,188.643,24.4888333333333,6.0,5.0,1.0,1.0,6.0,6.0,0.0,0.0,6.0,1.0,0.0,0.0,0.0,1.0,3.0,3.0,94.477,31.4873333333333,1.0,3148486
PSAVK69,160154,2020-05-11 20:32:00-04:00,2020-05-17 20:34:00-04:00,2020-05-13 15:14:40.187000-04:00,2020-05-13 15:20:20.761000-04:00,1,2.0,1.0,85.629,42.804,1.0,Treatment 3,118.201,39.3933333333333,3.0,3.0,,,3.0,3.0,0.0,0.0,3.0,0.0,0.0,0.0,0.0,1.0,3.0,1.0,98.473,28.5596666666667,1.0,3240063
PSAVK69,160747,2021-03-09 07:57:01.514000-05:00,,2021-03-09 08:39:28.657000-05:00,,2,2.0,1.0,5705418.247,2852709.1195,2.0,Treatment 3,16.339,16.084,1.0,,,,0.0,0.0,0.0,0.0,1.0,1.0,0.0,0.0,0.0,1.0,,,,,,14396452
PSAVK69,163031,2020-05-11 20:32:00-04:00,2020-05-17 20:34:00-04:00,2020-05-12 12:25:06.674000-04:00,2020-05-12 12:30:52.942000-04:00,1,2.0,1.0,83.667,41.815,1.0,Treatment 3,116.463,38.8163333333333,3.0,3.0,,,3.0,3.0,0.0,0.0,3.0,0.0,0.0,0.0,0.0,1.0,3.0,3.0,102.952,34.313,1.0,3163594
PSAVK69,163885,2021-03-09 07:57:01.514000-05:00,,2021-03-19 09:58:06.717000-04:00,,1,1.0,,,,1.0,Not Assigned,,,,,,,,,,,,,,,,,,,,,,14834172
PSAVK69,164299,2020-05-11 20:32:00-04:00,2020-05-17 20:34:00-04:00,2020-05-15 08:32:39.773000-04:00,2020-05-15 08:44:46.960000-04:00,1,2.0,0.0,88.142,44.0625,1.0,Treatment 3,550.055,50.914125,8.0,6.0,2.0,2.0,8.0,8.0,0.0,0.0,8.0,2.0,0.0,0.0,0.0,1.0,3.0,3.0,47.246,15.744,1.0,3314772
PSAVK69,164770,2020-05-11 20:32:00-04:00,2020-05-17 20:34:00-04:00,2020-05-14 11:49:29.949000-04:00,,2,1.0,,,,1.0,Not Assigned,,,,,,,,,,,,,,,,,,,,,,3277593
PSAVK69,164856,2020-05-11 20:32:00-04:00,2020-05-17 20:34:00-04:00,2020-05-11 21:05:17.804000-04:00,2020-05-11 21:36:10.191000-04:00,1,2.0,1.0,202.873,101.428,1.0,Treatment 1,1197.219,399.060333333333,3.0,3.0,,,3.0,3.0,0.0,0.0,3.0,0.0,0.0,0.0,0.0,1.0,3.0,2.0,353.562,84.4606666666667,1.0,3131571
PSAVK69,167870,2020-05-11 20:32:00-04:00,2020-05-17 20:34:00-04:00,2020-05-20 15:38:23.735000-04:00,2020-05-20 15:52:52.810000-04:00,1,2.0,1.0,99.263,49.6245,1.0,Treatment 1,509.636,100.2368,5.0,4.0,1.0,1.0,5.0,5.0,0.0,0.0,5.0,1.0,0.0,0.0,0.0,1.0,3.0,3.0,125.431,41.8053333333333,1.0,3491112
PSAVK69,169650,2020-05-11 20:32:00-04:00,2020-05-17 20:34:00-04:00,2020-05-16 20:26:58.153000-04:00,2020-05-16 20:36:53.849000-04:00,1,2.0,1.0,73.144,36.56,1.0,Treatment 3,206.574,46.4885,4.0,3.0,1.0,1.0,4.0,4.0,0.0,0.0,4.0,1.0,0.0,0.0,0.0,1.0,3.0,2.0,278.599,54.6293333333333,1.0,3347985
PSAVK69,174986,2020-05-11 20:32:00-04:00,2020-05-17 20:34:00-04:00,2020-05-12 14:47:35.229000-04:00,2020-05-12 14:53:17.886000-04:00,1,2.0,0.0,60.472,30.229,1.0,Treatment 1,147.102,49.031,3.0,3.0,,,3.0,3.0,0.0,0.0,3.0,0.0,0.0,0.0,0.0,1.0,3.0,3.0,87.524,29.1726666666667,1.0,3179868
PSAVK69,178033,2021-03-09 07:57:01.514000-05:00,,2021-04-01 09:00:08.758000-04:00,,1,2.0,1.0,97.873,48.9325,1.0,Treatment 1,,,1.0,,,,,0.0,0.0,0.0,1.0,0.0,0.0,0.0,0.0,1.0,,,,,,15208805
PSAVK69,179587,2020-05-11 20:32:00-04:00,2020-05-17 20:34:00-04:00,2020-05-12 14:07:40.359000-04:00,2020-05-12 14:17:40.987000-04:00,1,2.0,1.0,130.865,65.429,1.0,Treatment 2,314.585,104.859333333333,3.0,3.0,,,3.0,3.0,0.0,0.0,3.0,0.0,0.0,0.0,0.0,1.0,3.0,3.0,113.865,37.9526666666667,1.0,3176111
PSAVK69,180829,2020-05-11 20:32:00-04:00,2020-05-17 20:34:00-04:00,2020-05-12 13:06:16.255000-04:00,2020-05-12 13:33:08.792000-04:00,1,2.0,0.0,124.788,62.386,1.0,Treatment 1,774.194,58.2118333333333,12.0,8.0,4.0,4.0,12.0,13.0,0.0,0.0,12.0,4.0,0.0,0.0,0.0,1.0,3.0,3.0,530.421,176.794666666667,1.0,3169016
PSAVK69,192806,2020-05-11 20:32:00-04:00,2020-05-17 20:34:00-04:00,2020-06-08 13:41:35.786000-04:00,2020-06-08 14:06:41.977000-04:00,1,2.0,0.0,1187.184,593.5785,1.0,Treatment 3,195.656,10.63625,12.0,8.0,3.0,3.0,12.0,13.0,0.0,0.0,12.0,4.0,0.0,0.0,0.0,1.0,3.0,3.0,69.485,23.157,1.0,3850463
PSAVK69,196602,2020-05-11 20:32:00-04:00,2020-05-17 20:34:00-04:00,2020-05-13 10:37:08.314000-04:00,2020-05-13 10:40:51.623000-04:00,1,2.0,1.0,43.883,21.9355,1.0,Treatment 2,63.179,21.0546666666667,3.0,3.0,,,3.0,3.0,0.0,0.0,3.0,0.0,0.0,0.0,0.0,1.0,3.0,2.0,99.019,22.3353333333333,1.0,3211987
PSAVK69,200847,2020-05-11 20:32:00-04:00,2020-05-17 20:34:00-04:00,2020-05-12 13:48:59.410000-04:00,2020-05-12 15:09:14.763000-04:00,1,2.0,1.0,804.395,402.1945,1.0,Treatment 2,1625.684,541.891666666667,3.0,3.0,,,3.0,3.0,0.0,0.0,3.0,0.0,0.0,0.0,0.0,1.0,3.0,3.0,2321.052,773.681,1.0,3174063
PSAVK69,212128,2021-04-15 10:05:31.295000-04:00,,2021-04-16 12:27:44.066000-04:00,,1,2.0,1.0,132.961,66.4715,1.0,Treatment 2,303.315,27.43425,8.0,3.0,2.0,2.0,8.0,8.0,0.0,0.0,8.0,5.0,0.0,0.0,0.0,1.0,,,,,,15626921
PSAVK69,213115,2021-01-22 08:38:00-05:00,2021-01-22 12:40:00-05:00,2021-01-22 09:48:24.047000-05:00,,1,1.0,,,,1.0,Not Assigned,,,,,,,,,,,,,,,,,,,,,,12449552
PSAVK69,217319,2021-01-22 08:38:00-05:00,2021-01-22 12:40:00-05:00,2021-01-22 11:21:19.900000-05:00,2021-01-22 11:40:47.311000-05:00,1,2.0,1.0,104.212,52.0995,1.0,Treatment 3,115.844,21.82,4.0,3.0,1.0,1.0,4.0,4.0,0.0,0.0,4.0,1.0,0.0,0.0,0.0,1.0,3.0,2.0,923.574,73.6886666666667,1.0,12459787
PSAVK69,230351,2020-05-11 20:32:00-04:00,2020-05-17 20:34:00-04:00,2020-05-12 13:01:43.247000-04:00,2020-05-12 13:42:33.656000-04:00,1,2.0,1.0,1562.596,781.2835,1.0,Treatment 2,172.692,57.5573333333333,3.0,3.0,,,3.0,3.0,0.0,0.0,3.0,0.0,0.0,0.0,0.0,1.0,3.0,3.0,207.704,69.2296666666667,1.0,3168390
PSAVK69,234617,2020-05-11 20:32:00-04:00,2020-05-17 20:34:00-04:00,2020-05-12 11:02:12.572000-04:00,2020-05-12 11:15:10.748000-04:00,2,2.0,0.0,260.748,130.366,1.0,Treatment 1,341.808,33.5795,7.0,5.0,2.0,2.0,6.0,6.0,0.0,0.0,7.0,2.0,0.0,0.0,0.0,2.0,3.0,2.0,116.604,34.1,1.0,3152845
PSAVK69,251967,2020-05-11 20:32:00-04:00,2020-05-17 20:34:00-04:00,2020-05-12 07:51:14.507000-04:00,2020-05-12 08:33:08.223000-04:00,1,2.0,0.0,58.152,29.0605,1.0,Treatment 1,2224.421,151.622888888889,9.0,5.0,2.0,2.0,9.0,9.0,0.0,0.0,9.0,4.0,0.0,0.0,0.0,1.0,3.0,2.0,177.402,15.933,1.0,3136287
PSAVK69,263376,2020-05-11 20:32:00-04:00,2020-05-17 20:34:00-04:00,2020-06-08 13:53:56.636000-04:00,2020-06-08 14:57:39.216000-04:00,2,2.0,1.0,2923.892,1461.936,2.0,Treatment 3,691.909,128.4392,5.0,4.0,1.0,1.0,5.0,6.0,0.0,0.0,5.0,1.0,0.0,0.0,0.0,1.0,3.0,3.0,123.97,41.3176666666667,1.0,3850788
PSAVK69,267640,2020-05-11 20:32:00-04:00,2020-05-17 20:34:00-04:00,2020-05-12 10:29:49.030000-04:00,2020-05-13 10:30:57.561000-04:00,2,2.0,1.0,86020.828,43010.396,2.0,Treatment 1,124.496,41.491,3.0,3.0,,,3.0,3.0,0.0,0.0,3.0,0.0,0.0,0.0,0.0,1.0,3.0,1.0,221.98,46.6846666666667,1.0,3148860
PSAVK69,280407,2020-05-11 20:32:00-04:00,2020-05-17 20:34:00-04:00,2020-05-13 14:06:11.814000-04:00,,2,2.0,1.0,189.095,94.541,1.0,Treatment 3,224.32,73.0405,3.0,1.0,,,2.0,2.0,0.0,0.0,3.0,1.0,0.0,0.0,0.0,2.0,,,,,,3234747
PSAVK69,285927,2020-05-11 20:32:00-04:00,2020-05-17 20:34:00-04:00,2020-06-06 15:19:51.981000-04:00,2020-06-06 15:44:37.851000-04:00,1,2.0,1.0,167.328,83.657,1.0,Treatment 1,534.848,178.272,3.0,3.0,,,3.0,3.0,0.0,0.0,3.0,0.0,0.0,0.0,0.0,1.0,3.0,2.0,752.424,241.533,1.0,3834121
PSAVK69,289622,2020-05-11 20:32:00-04:00,2020-05-17 20:34:00-04:00,2020-05-12 08:41:08.777000-04:00,2020-05-12 08:48:58.029000-04:00,1,2.0,0.0,118.645,59.3195,1.0,Treatment 1,215.28,20.10475,8.0,3.0,1.0,1.0,8.0,13.0,0.0,0.0,8.0,5.0,0.0,0.0,0.0,1.0,3.0,2.0,82.104,24.3713333333333,1.0,3138035
PSAVK69,297142,2021-01-22 08:38:00-05:00,2021-01-22 12:40:00-05:00,2021-01-22 12:27:54.762000-05:00,,1,2.0,1.0,344.991,172.4875,1.0,Treatment 3,282.57,87.2973333333333,3.0,2.0,,,3.0,3.0,0.0,0.0,3.0,1.0,0.0,0.0,0.0,1.0,,,,,,12467990
PSAVK69,305324,2021-04-15 10:05:31.288000-04:00,,2021-04-16 13:51:33.246000-04:00,2021-04-16 14:06:14.427000-04:00,1,2.0,1.0,223.608,111.797,1.0,Treatment 1,155.296,27.4582,5.0,4.0,1.0,1.0,5.0,5.0,0.0,0.0,5.0,1.0,0.0,0.0,0.0,1.0,3.0,2.0,478.103,157.800666666667,1.0,15633804
PSAVK69,306100,2021-04-15 10:05:31.290000-04:00,,2021-04-16 11:49:46.860000-04:00,,1,1.0,,,,1.0,Not Assigned,,,,,,,,,,,,,,,,,,,,,,15624136
PSAVK69,338215,2020-05-11 20:32:00-04:00,2020-05-17 20:34:00-04:00,2020-05-16 11:43:56.610000-04:00,,1,1.0,,,,1.0,Not Assigned,,,,,,,,,,,,,,,,,,,,,,3345186
PSAVK69,349664,2020-06-07 11:00:00-04:00,2020-06-15 02:56:00-04:00,2020-06-08 12:59:01.611000-04:00,2020-06-08 13:39:52.065000-04:00,4,2.0,1.0,1446.798,723.388,2.0,Treatment 1,508.146,75.71575,5.0,3.0,1.0,1.0,4.0,4.0,0.0,0.0,5.0,2.0,0.0,0.0,0.0,1.0,3.0,2.0,445.333,121.173333333333,1.0,3848993
PSAVK69,349801,2020-06-07 11:00:00-04:00,2020-06-15 02:56:00-04:00,2020-06-08 14:44:40.085000-04:00,2020-06-11 18:32:32.686000-04:00,5,2.0,1.0,29547.074,14773.5265,2.0,Treatment 2,239.535,20.4185,5.0,4.0,1.0,1.0,4.0,4.0,0.0,0.0,5.0,1.0,0.0,0.0,0.0,1.0,3.0,1.0,198.985,25.052,1.0,3852011
PSAVK69,349877,2020-06-07 11:00:00-04:00,2020-06-15 02:56:00-04:00,2020-06-10 12:22:56.224000-04:00,,1,2.0,0.0,55.117,27.55,1.0,Treatment 1,150.56,,4.0,0.0,0.0,0.0,0.0,0.0,0.0,0.0,4.0,3.0,0.0,0.0,0.0,1.0,,,,,,3882774
PSAVK69,349898,2020-06-07 11:00:00-04:00,2020-06-15 02:56:00-04:00,2020-06-12 12:49:30.858000-04:00,,1,1.0,,,,1.0,Not Assigned,,,,,,,,,,,,,,,,,,,,,,3908404
PSAVK69,350062,2020-06-07 11:00:00-04:00,2020-06-15 02:56:00-04:00,2020-06-08 13:32:20.074000-04:00,2020-06-11 17:08:34.202000-04:00,6,2.0,1.0,270678.418,135339.205,2.0,Treatment 3,1225.655,408.548333333333,3.0,3.0,,,3.0,3.0,0.0,0.0,3.0,0.0,0.0,0.0,0.0,1.0,3.0,3.0,212.116,70.703,1.0,3850168
PSAVK69,350122,2020-06-07 11:00:00-04:00,2020-06-15 02:56:00-04:00,2020-06-07 19:18:10.801000-04:00,,1,1.0,,,,1.0,Not Assigned,,,,,,,,,,,,,,,,,,,,,,3837155
PSAVK69,350176,2020-06-07 11:00:00-04:00,2020-06-15 02:56:00-04:00,2020-06-08 13:39:21.649000-04:00,2020-06-10 13:48:55.033000-04:00,2,2.0,1.0,173103.85,86551.9195,2.0,Treatment 3,63.075,21.0206666666667,3.0,3.0,,,3.0,3.0,0.0,0.0,3.0,0.0,0.0,0.0,0.0,1.0,3.0,1.0,176.809,56.003,1.0,3850389
PSAVK69,350184,2020-06-07 11:00:00-04:00,2020-06-15 02:56:00-04:00,2020-06-08 12:33:30.385000-04:00,,5,2.0,0.0,284.454,142.224,1.0,Treatment 2,618582.989,33319.587,4.0,1.0,0.0,0.0,3.0,3.0,0.0,0.0,4.0,2.0,0.0,0.0,0.0,3.0,,,,,,3848125
PSAVK69,350378,2020-06-07 11:00:00-04:00,2020-06-15 02:56:00-04:00,2020-06-08 15:21:33.140000-04:00,,1,1.0,,,,1.0,Not Assigned,,,,,,,,,,,,,,,,,,,,,,3852792
PSAVK69,350393,2020-06-07 11:00:00-04:00,2020-06-15 02:56:00-04:00,2020-06-11 11:10:46.980000-04:00,,1,1.0,,,,1.0,Not Assigned,,,,,,,,,,,,,,,,,,,,,,3895558
PSAVK69,350610,2020-06-07 11:00:00-04:00,2020-06-15 02:56:00-04:00,2020-06-10 00:37:04.595000-04:00,2020-06-10 00:55:31.713000-04:00,1,2.0,1.0,692.463,346.2295,1.0,Treatment 3,197.111,65.7023333333333,3.0,3.0,,,3.0,3.0,0.0,0.0,3.0,0.0,0.0,0.0,0.0,1.0,3.0,3.0,125.199,41.7316666666667,1.0,3874749
PSAVK69,350743,2020-06-07 11:00:00-04:00,2020-06-15 02:56:00-04:00,2020-06-08 16:53:48.252000-04:00,2020-06-12 13:07:31.027000-04:00,4,2.0,1.0,330326.805,165163.395,2.0,Treatment 3,1474.108,37.5792,6.0,3.0,1.0,1.0,5.0,5.0,0.0,0.0,6.0,3.0,0.0,0.0,0.0,3.0,3.0,2.0,155.857,44.0873333333333,1.0,3854250
PSAVK69,350747,2020-06-07 11:00:00-04:00,2020-06-15 02:56:00-04:00,2020-06-08 03:11:13.494000-04:00,,2,2.0,0.0,131.622,65.803,1.0,Treatment 1,358.271,30.62,6.0,0.0,0.0,0.0,2.0,4.0,0.0,0.0,6.0,5.0,0.0,0.0,0.0,2.0,,,,,,3838311
PSAVK69,350933,2020-06-07 11:00:00-04:00,2020-06-15 02:56:00-04:00,2020-06-15 16:58:21.549000-04:00,2020-06-16 18:20:58.345000-04:00,2,2.0,1.0,503.051,251.5215,1.0,Treatment 1,90064.399,30021.4616666667,3.0,3.0,,,3.0,3.0,0.0,0.0,3.0,0.0,0.0,0.0,0.0,2.0,3.0,3.0,728.715,242.902,1.0,3920130
PSAVK69,351130,2020-06-07 11:00:00-04:00,2020-06-15 02:56:00-04:00,2020-06-09 01:13:42.035000-04:00,,1,1.0,,,,1.0,Not Assigned,,,,,,,,,,,,,,,,,,,,,,3857782
PSAVK69,351352,2020-06-07 11:00:00-04:00,2020-06-15 02:56:00-04:00,2020-06-08 14:18:35.877000-04:00,2020-06-08 14:26:27.944000-04:00,1,2.0,1.0,40.4,20.19,1.0,Treatment 1,256.227,34.7006666666667,6.0,4.0,2.0,2.0,6.0,7.0,0.0,0.0,6.0,2.0,0.0,0.0,0.0,1.0,3.0,3.0,127.767,42.583,1.0,3851429
PSAVK69,352911,2020-06-07 11:00:00-04:00,2020-06-15 02:56:00-04:00,2020-06-11 17:51:42.769000-04:00,,30,2.0,0.0,450.813,225.389,1.0,Treatment 3,578892.007,15247.3108333333,17.0,3.0,3.0,3.0,12.0,12.0,0.0,0.0,17.0,13.0,0.0,0.0,0.0,10.0,,,,,,3901698
PSAVK69,353072,2020-06-07 11:00:00-04:00,2020-06-15 02:56:00-04:00,2020-06-08 14:41:19.056000-04:00,,1,1.0,,,,1.0,Not Assigned,,,,,,,,,,,,,,,,,,,,,,3851942
PSAVK69,353199,2020-06-07 11:00:00-04:00,2020-06-15 02:56:00-04:00,2020-06-09 12:50:01.528000-04:00,,3,2.0,1.0,1387.049,693.51,2.0,Treatment 2,229.672,44.382,1.0,0.0,,,1.0,1.0,0.0,0.0,1.0,1.0,0.0,0.0,0.0,3.0,,,,,,3867070
PSAVK69,353502,2020-06-07 11:00:00-04:00,2020-06-15 02:56:00-04:00,2020-06-08 23:57:44.852000-04:00,2020-06-09 17:55:19.436000-04:00,3,2.0,0.0,102.839,51.412,2.0,Treatment 1,64344.521,28.4045,4.0,3.0,1.0,1.0,4.0,5.0,0.0,0.0,4.0,1.0,0.0,0.0,0.0,2.0,3.0,1.0,155.686,43.0453333333333,1.0,3857567
PSAVK69,354049,2020-06-07 11:00:00-04:00,2020-06-15 02:56:00-04:00,2020-06-10 18:46:26.837000-04:00,,1,,,,,,Not Assigned,,,,,,,,,,,,,,,,,,,,,,3888536
PSAVK69,354090,2020-06-07 11:00:00-04:00,2020-06-15 02:56:00-04:00,2020-06-16 17:38:20.418000-04:00,,1,1.0,,,,1.0,Not Assigned,,,,,,,,,,,,,,,,,,,,,,3926328
PSAVK69,354303,2020-06-07 11:00:00-04:00,2020-06-15 02:56:00-04:00,2020-06-08 17:36:48.158000-04:00,,2,1.0,,,,1.0,Not Assigned,,,,,,,,,,,,,,,,,,,,,,3854767
PSAVK69,354480,2020-06-07 11:00:00-04:00,2020-06-15 02:56:00-04:00,2020-06-10 15:39:25.708000-04:00,2020-06-10 16:27:23.639000-04:00,1,2.0,1.0,237.419,118.706,1.0,Treatment 2,2441.408,86.7017142857143,7.0,4.0,2.0,2.0,6.0,7.0,0.0,0.0,7.0,3.0,0.0,0.0,0.0,1.0,3.0,1.0,121.862,37.3086666666667,1.0,3886665
PSAVK69,355846,2020-06-07 11:00:00-04:00,2020-06-15 02:56:00-04:00,2020-06-08 11:51:20.721000-04:00,,1,2.0,0.0,473.503,236.7495,1.0,Treatment 3,160.991,48.4635,2.0,0.0,0.0,0.0,2.0,2.0,0.0,0.0,2.0,2.0,0.0,0.0,0.0,1.0,,,,,,3846664
PSAVK69,356178,2020-06-07 11:00:00-04:00,2020-06-15 02:56:00-04:00,2020-06-10 14:38:48.160000-04:00,,1,1.0,,,,1.0,Not Assigned,,,,,,,,,,,,,,,,,,,,,,3885701
PSAVK69,356366,2020-06-07 11:00:00-04:00,2020-06-15 02:56:00-04:00,2020-06-14 12:21:01.207000-04:00,2020-06-14 13:15:16.554000-04:00,3,2.0,1.0,2540.589,1270.2835,2.0,Treatment 1,499.681,34.9773,12.0,5.0,4.0,4.0,9.0,10.0,0.0,0.0,12.0,7.0,0.0,0.0,0.0,2.0,3.0,3.0,144.01,47.9973333333333,1.0,3912493
PSAVK69,357002,2020-06-07 11:00:00-04:00,2020-06-15 02:56:00-04:00,2020-06-10 16:48:50.200000-04:00,,1,1.0,,,,1.0,Not Assigned,,,,,,,,,,,,,,,,,,,,,,3887469
PSAVK69,357551,2020-06-07 11:00:00-04:00,2020-06-15 02:56:00-04:00,2020-06-13 18:04:04.260000-04:00,,1,1.0,,,,1.0,Not Assigned,,,,,,,,,,,,,,,,,,,,,,3911775
PSAVK69,357841,2020-06-07 11:00:00-04:00,2020-06-15 02:56:00-04:00,2020-06-08 01:11:05.240000-04:00,2020-06-08 01:17:07.964000-04:00,1,2.0,1.0,130.654,65.325,1.0,Treatment 1,122.182,40.7253333333333,3.0,3.0,,,3.0,3.0,0.0,0.0,3.0,0.0,0.0,0.0,0.0,1.0,3.0,3.0,86.088,28.6946666666667,1.0,3838119
PSAVK69,357906,2020-06-07 11:00:00-04:00,2020-06-15 02:56:00-04:00,2020-06-08 14:21:33.011000-04:00,2020-06-08 14:50:54.216000-04:00,1,2.0,1.0,105.07,52.5335,1.0,Treatment 2,923.212,307.735,3.0,3.0,,,3.0,3.0,0.0,0.0,3.0,0.0,0.0,0.0,0.0,1.0,3.0,3.0,691.455,230.482666666667,1.0,3851499
PSAVK69,358070,2020-06-07 11:00:00-04:00,2020-06-15 02:56:00-04:00,2020-06-11 19:48:00.616000-04:00,,1,2.0,0.0,147.763,73.8735,1.0,Treatment 1,110.507,43.1675,3.0,0.0,0.0,0.0,2.0,2.0,0.0,0.0,3.0,2.0,0.0,0.0,0.0,1.0,,,,,,3902476
PSAVK69,360062,2020-06-07 11:00:00-04:00,2020-06-15 02:56:00-04:00,2020-06-08 18:34:55.933000-04:00,2020-06-09 13:31:08.573000-04:00,5,2.0,1.0,64543.339,32271.653,2.0,Treatment 1,3042.691,295.0786,10.0,4.0,2.0,2.0,9.0,15.0,0.0,0.0,10.0,6.0,0.0,0.0,0.0,1.0,3.0,2.0,409.542,130.724,1.0,3855392
PSAVK69,360383,2020-06-07 11:00:00-04:00,2020-06-15 02:56:00-04:00,2020-06-09 12:12:10.640000-04:00,,2,1.0,,,,2.0,Not Assigned,,,,,,,,,,,,,,,,,,,,,,3865964
PSAVK69,363641,2020-06-07 11:00:00-04:00,2020-06-15 02:56:00-04:00,2020-06-12 21:02:31.508000-04:00,,1,1.0,,,,1.0,Not Assigned,,,,,,,,,,,,,,,,,,,,,,3910270
PSAVK69,366269,2020-06-07 11:00:00-04:00,2020-06-15 02:56:00-04:00,2020-06-11 15:02:08.277000-04:00,2020-06-12 13:33:07.064000-04:00,1,2.0,0.0,91.544,45.764,1.0,Treatment 1,80142.318,7275.84036363636,11.0,6.0,3.0,3.0,10.0,12.0,0.0,0.0,11.0,5.0,0.0,0.0,0.0,1.0,3.0,3.0,695.317,231.767,1.0,3899976
PSAVK69,382742,2020-06-07 11:00:00-04:00,2020-06-15 02:56:00-04:00,2020-06-12 11:31:23.902000-04:00,,1,1.0,,,,1.0,Not Assigned,,,,,,,,,,,,,,,,,,,,,,3907411
PSAVK69,391237,2020-06-07 11:00:00-04:00,2020-06-15 02:56:00-04:00,2020-06-08 22:36:05.035000-04:00,,2,1.0,,,,1.0,Not Assigned,,,,,,,,,,,,,,,,,,,,,,3857242
PSAVK69,402317,2021-04-09 12:38:42.979000-04:00,2021-05-21 12:40:00-04:00,2021-05-17 15:36:42.194000-04:00,,1,1.0,,,,1.0,Not Assigned,,,,,,,,,,,,,,,,,,,,,,16450968
PSAVK69,403748,2021-04-09 12:38:42.976000-04:00,2021-05-21 12:40:00-04:00,2021-04-16 14:10:00.637000-04:00,,2,2.0,1.0,1207236.868,603618.425,2.0,Treatment 2,180.649,,2.0,0.0,,,0.0,0.0,0.0,0.0,2.0,1.0,0.0,0.0,0.0,1.0,,,,,,15635012
PSAVK69,403782,2021-04-09 12:38:42.974000-04:00,2021-05-21 12:40:00-04:00,2021-04-15 12:32:00.770000-04:00,,4,2.0,2.0,429393.093,214696.541,2.0,Treatment 3,4286.802,,2.0,0.0,,,0.0,0.0,0.0,0.0,2.0,1.0,0.0,0.0,0.0,2.0,,,,,,15585796
PSAVK69,404966,2021-04-09 12:38:42.974000-04:00,2021-05-21 12:40:00-04:00,2021-05-13 12:22:14.334000-04:00,,1,1.0,,,,1.0,Not Assigned,,,,,,,,,,,,,,,,,,,,,,16377662
PSAVK69,404968,2021-04-09 12:38:42.974000-04:00,2021-05-21 12:40:00-04:00,2021-04-14 14:56:54.935000-04:00,,5,1.0,,,,1.0,Not Assigned,,,,,,,,,,,,,,,,,,,,,,15552954
PSAVK69,404970,2021-04-09 12:38:42.974000-04:00,2021-05-21 12:40:00-04:00,2021-04-14 12:08:51.757000-04:00,,4,1.0,,,,1.0,Not Assigned,,,,,,,,,,,,,,,,,,,,,,15537922
PSAVK69,404972,2021-04-09 12:38:42.974000-04:00,2021-05-21 12:40:00-04:00,2021-04-14 12:08:00.126000-04:00,2021-04-15 11:12:16.648000-04:00,2,2.0,1.0,82814.312,41407.152,2.0,Treatment 3,134.186,44.725,3.0,3.0,,,3.0,3.0,0.0,0.0,3.0,0.0,0.0,0.0,0.0,1.0,3.0,3.0,57.464,19.15,1.0,15537840
PSAVK69,404973,2021-04-09 12:38:42.974000-04:00,2021-05-21 12:40:00-04:00,2021-05-05 14:23:42.878000-04:00,,1,1.0,,,,1.0,Not Assigned,,,,,,,,,,,,,,,,,,,,,,16171749
PSAVK69,404975,2021-04-09 12:38:42.974000-04:00,2021-05-21 12:40:00-04:00,2021-04-15 12:40:57.170000-04:00,,1,1.0,,,,1.0,Not Assigned,,,,,,,,,,,,,,,,,,,,,,15586804
PSAVK69,404980,2021-04-09 12:38:42.974000-04:00,2021-05-21 12:40:00-04:00,2021-05-17 11:23:26.661000-04:00,,1,1.0,,,,1.0,Not Assigned,,,,,,,,,,,,,,,,,,,,,,16435566
PSAVK69,404985,2021-04-09 12:38:42.974000-04:00,2021-05-21 12:40:00-04:00,2021-04-30 11:30:11.545000-04:00,,3,2.0,1.0,442966.46,221483.226,2.0,Treatment 2,31.145,30.785,1.0,0.0,,,1.0,1.0,0.0,0.0,1.0,1.0,0.0,0.0,0.0,1.0,,,,,,16043542
PSAVK69,404992,2021-04-09 12:38:42.974000-04:00,2021-05-21 12:40:00-04:00,2021-04-20 11:20:08.792000-04:00,,4,1.0,,,,1.0,Not Assigned,,,,,,,,,,,,,,,,,,,,,,15708197
PSAVK69,405032,2021-04-09 12:38:42.974000-04:00,2021-05-21 12:40:00-04:00,2021-04-20 11:18:52.590000-04:00,,1,1.0,,,,1.0,Not Assigned,,,,,,,,,,,,,,,,,,,,,,15708092
PSAVK69,405072,2021-04-09 12:38:42.974000-04:00,2021-05-21 12:40:00-04:00,2021-04-15 12:08:30.793000-04:00,,1,1.0,,,,1.0,Not Assigned,,,,,,,,,,,,,,,,,,,,,,15583547
PSAVK69,405079,2021-04-09 12:38:42.976000-04:00,2021-05-21 12:40:00-04:00,2021-05-04 14:22:59.289000-04:00,,1,1.0,,,,1.0,Not Assigned,,,,,,,,,,,,,,,,,,,,,,16135252
PSAVK69,405081,2021-04-09 12:38:42.976000-04:00,2021-05-21 12:40:00-04:00,2021-04-29 13:29:42.907000-04:00,,1,1.0,,,,1.0,Not Assigned,,,,,,,,,,,,,,,,,,,,,,16013663
PSAVK69,405103,2021-04-09 12:38:42.976000-04:00,2021-05-21 12:40:00-04:00,2021-04-22 14:27:06.851000-04:00,,2,1.0,,,,1.0,Not Assigned,,,,,,,,,,,,,,,,,,,,,,15809144
PSAVK69,405169,2021-04-09 12:38:42.979000-04:00,2021-05-21 12:40:00-04:00,2021-05-03 16:08:41.456000-04:00,,1,1.0,,,,1.0,Not Assigned,,,,,,,,,,,,,,,,,,,,,,16100619
PSAVK69,405204,2021-04-09 12:38:42.979000-04:00,2021-05-21 12:40:00-04:00,2021-05-11 15:37:37.791000-04:00,2021-05-12 14:32:01.733000-04:00,2,2.0,2.0,82218.584,41109.2825,2.0,Treatment 3,144.128,28.0945,4.0,3.0,1.0,1.0,4.0,5.0,0.0,0.0,4.0,1.0,0.0,0.0,0.0,1.0,3.0,3.0,89.495,29.8226666666667,1.0,16322924
PSAVK69,405208,2021-04-09 12:38:42.979000-04:00,2021-05-21 12:40:00-04:00,2021-05-17 15:25:34.279000-04:00,,1,1.0,,,,1.0,Not Assigned,,,,,,,,,,,,,,,,,,,,,,16450501
PSAVK69,405209,2021-04-09 12:38:42.979000-04:00,2021-05-21 12:40:00-04:00,2021-05-13 16:35:36.407000-04:00,,1,1.0,,,,1.0,Not Assigned,,,,,,,,,,,,,,,,,,,,,,16391380
PSAVK69,405217,2021-04-09 12:38:42.979000-04:00,2021-05-21 12:40:00-04:00,2021-05-05 12:49:19.482000-04:00,,2,2.0,1.0,87.245,43.6195,1.0,Treatment 3,,,1.0,,,,,0.0,0.0,0.0,1.0,0.0,0.0,0.0,0.0,1.0,,,,,,16165572
PSAVK69,405223,2021-04-09 12:38:42.979000-04:00,2021-05-21 12:40:00-04:00,2021-05-10 12:05:28.452000-04:00,2021-05-11 16:27:19.407000-04:00,2,2.0,2.0,100788.718,50394.3485,2.0,Treatment 3,940.612,140.6668,5.0,4.0,1.0,1.0,4.0,5.0,0.0,0.0,5.0,1.0,0.0,0.0,0.0,1.0,3.0,3.0,339.458,113.149,1.0,16269018
PSAVK69,405233,2021-04-09 12:38:42.979000-04:00,2021-05-21 12:40:00-04:00,2021-05-11 15:30:38.577000-04:00,2021-05-14 16:26:26.715000-04:00,3,2.0,2.0,260001.579,130000.7745,2.0,Treatment 1,1096.708,365.562,3.0,3.0,,,3.0,3.0,0.0,0.0,3.0,0.0,0.0,0.0,0.0,1.0,3.0,2.0,1391.857,462.032333333333,1.0,16322627
PSAVK69,405235,2021-04-09 12:38:42.979000-04:00,2021-05-21 12:40:00-04:00,2021-05-14 13:06:10.502000-04:00,,2,1.0,,,,1.0,Not Assigned,,,,,,,,,,,,,,,,,,,,,,16410912
PSAVK69,405239,2021-04-09 12:38:42.979000-04:00,2021-05-21 12:40:00-04:00,2021-04-20 15:42:31.827000-04:00,2021-05-14 16:45:57.572000-04:00,8,2.0,2.0,2073139.691,1036569.8375,2.0,Treatment 2,4232.525,1410.82966666667,3.0,3.0,,,3.0,3.0,0.0,0.0,3.0,0.0,0.0,0.0,0.0,2.0,3.0,3.0,15.895,5.29266666666667,1.0,15731529
PSAVK69,405277,2021-04-09 12:38:42.979000-04:00,2021-05-21 12:40:00-04:00,2021-04-20 15:33:36.881000-04:00,,4,2.0,2.0,2076139.878,1038069.935,2.0,Treatment 3,,,1.0,,,,,0.0,0.0,0.0,1.0,0.0,0.0,0.0,0.0,1.0,,,,,,15731002
PSAVK69,405397,2021-04-09 12:38:42.979000-04:00,2021-05-21 12:40:00-04:00,2021-05-05 12:24:40.848000-04:00,2021-05-05 12:32:19.194000-04:00,1,2.0,1.0,86.874,43.4335,1.0,Treatment 1,205.763,20.8767142857143,7.0,5.0,2.0,2.0,7.0,9.0,0.0,0.0,7.0,2.0,0.0,0.0,0.0,1.0,3.0,2.0,137.796,39.418,1.0,16163761
PSAVK69,405414,2021-04-22 09:15:00-04:00,2021-04-22 21:17:00-04:00,2021-04-22 12:56:48.751000-04:00,2021-04-22 13:55:13.847000-04:00,2,2.0,2.0,2898.858,1449.417,2.0,Treatment 3,357.143,119.044333333333,3.0,3.0,,,3.0,3.0,0.0,0.0,3.0,0.0,0.0,0.0,0.0,1.0,3.0,2.0,203.87,66.223,1.0,15800746
PSAVK69,405571,2021-04-09 12:38:42.979000-04:00,2021-05-21 12:40:00-04:00,2021-04-20 15:48:49.814000-04:00,,5,2.0,1.0,767195.128,383597.5585,2.0,Treatment 3,1565167.963,1564965.729,2.0,0.0,,,0.0,0.0,0.0,0.0,2.0,2.0,0.0,0.0,0.0,4.0,,,,,,15731865
PSAVK69,405581,2021-04-22 09:15:00-04:00,2021-04-22 21:17:00-04:00,2021-04-22 11:00:14.642000-04:00,2021-04-22 20:58:16.801000-04:00,7,2.0,1.0,34545.077,17272.533,2.0,Treatment 1,897.282,82.9243333333333,8.0,4.0,2.0,2.0,6.0,6.0,0.0,0.0,8.0,4.0,0.0,0.0,0.0,1.0,3.0,2.0,397.812,98.627,1.0,15790752
PSAVK69,405673,2021-04-09 12:38:42.974000-04:00,2021-05-21 12:40:00-04:00,2021-04-15 12:28:03.074000-04:00,,4,2.0,2.0,429523.483,214761.737,2.0,Treatment 1,176488.197,239.5095,4.0,2.0,1.0,1.0,2.0,2.0,0.0,0.0,4.0,1.0,0.0,0.0,0.0,2.0,,,,,,15585358
PSAVK69,405704,2021-04-09 12:38:42.979000-04:00,2021-05-21 12:40:00-04:00,2021-04-30 15:22:58.330000-04:00,,3,2.0,1.0,852797.796,426398.89,2.0,Treatment 2,,,1.0,,,,,0.0,0.0,0.0,1.0,0.0,0.0,0.0,0.0,1.0,,,,,,16057643
PSAVK69,405783,2021-04-22 09:15:00-04:00,2021-04-22 21:17:00-04:00,2021-04-22 10:52:59.640000-04:00,,1,1.0,,,,1.0,Not Assigned,,,,,,,,,,,,,,,,,,,,,,15790186
PSAVK69,405880,2021-04-22 09:15:00-04:00,2021-04-22 21:17:00-04:00,2021-04-22 11:15:22.931000-04:00,,1,,,,,,Not Assigned,,,,,,,,,,,,,,,,,,,,,,15791896
PSAVK69,406662,2021-04-09 12:38:42.979000-04:00,2021-05-21 12:40:00-04:00,2021-05-05 12:11:02.748000-04:00,2021-05-11 15:50:01.363000-04:00,3,2.0,2.0,531283.085,265641.532,2.0,Treatment 2,78.299,26.094,3.0,3.0,,,3.0,3.0,0.0,0.0,3.0,0.0,0.0,0.0,0.0,1.0,3.0,3.0,156.573,52.185,1.0,16162664
PSAVK69,407338,2021-04-09 12:38:42.974000-04:00,2021-05-21 12:40:00-04:00,2021-04-30 11:45:06.184000-04:00,,5,1.0,,,,1.0,Not Assigned,,,,,,,,,,,,,,,,,,,,,,16044449
PSAVK69,407615,2021-04-09 12:38:42.976000-04:00,2021-05-21 12:40:00-04:00,2021-04-30 13:20:46.065000-04:00,,1,1.0,,,,1.0,Not Assigned,,,,,,,,,,,,,,,,,,,,,,16051203
PSAVK69,407765,2021-04-09 12:38:42.979000-04:00,2021-05-21 12:40:00-04:00,2021-05-05 11:33:15.160000-04:00,,5,2.0,1.0,533245.314,266622.65,2.0,Treatment 2,,,1.0,,,,,0.0,0.0,0.0,1.0,0.0,0.0,0.0,0.0,1.0,,,,,,16159541
PSAVK69,412396,2021-04-09 12:38:42.979000-04:00,2021-05-21 12:40:00-04:00,2021-05-06 14:48:45.109000-04:00,,1,2.0,1.0,67.027,33.51,1.0,Treatment 3,78.451,10.307,1.0,0.0,,,1.0,2.0,0.0,0.0,1.0,1.0,0.0,0.0,0.0,1.0,,,,,,16211025
PSAVK69,414336,2021-04-09 12:38:42.974000-04:00,2021-05-21 12:40:00-04:00,2021-05-17 11:20:32.948000-04:00,,1,1.0,,,,1.0,Not Assigned,,,,,,,,,,,,,,,,,,,,,,16435352
PSAVK69,414389,2021-04-09 12:38:42.974000-04:00,2021-05-21 12:40:00-04:00,2021-05-17 11:27:26.271000-04:00,,1,1.0,,,,1.0,Not Assigned,,,,,,,,,,,,,,,,,,,,,,16435801
PSAVK69,414402,2021-04-09 12:38:42.974000-04:00,2021-05-21 12:40:00-04:00,2021-04-20 11:17:33.482000-04:00,,2,1.0,,,,1.0,Not Assigned,,,,,,,,,,,,,,,,,,,,,,15707977
PSAVK69,414432,2021-04-09 12:38:42.974000-04:00,2021-05-21 12:40:00-04:00,2021-04-20 11:29:18.991000-04:00,,4,2.0,2.0,1057.54,528.7655,2.0,Treatment 3,72.198,31.327,1.0,0.0,,,1.0,1.0,0.0,0.0,1.0,1.0,0.0,0.0,0.0,1.0,,,,,,15708948
PSAVK69,438149,2021-04-22 09:15:00-04:00,2021-04-22 21:17:00-04:00,2021-04-22 10:20:04.668000-04:00,,1,,,,,,Not Assigned,,,,,,,,,,,,,,,,,,,,,,15787812
PSAVK69,438616,2021-04-22 09:15:00-04:00,2021-04-22 21:17:00-04:00,2021-04-22 17:10:49.214000-04:00,,1,1.0,,,,1.0,Not Assigned,,,,,,,,,,,,,,,,,,,,,,15817282
PSAVK69,439395,2021-04-22 09:15:00-04:00,2021-04-22 21:17:00-04:00,2021-04-22 11:03:50.575000-04:00,,1,1.0,,,,1.0,Not Assigned,,,,,,,,,,,,,,,,,,,,,,15791062
PSAVK69,439420,2021-04-22 09:15:00-04:00,2021-04-22 21:17:00-04:00,2021-04-22 10:54:11.015000-04:00,,1,1.0,,,,1.0,Not Assigned,,,,,,,,,,,,,,,,,,,,,,15790287
PSAVK69,451826,2021-03-04 14:49:51.501000-05:00,2021-03-12 14:51:00-05:00,2021-03-08 11:29:10.981000-05:00,,2,1.0,,,,1.0,Not Assigned,,,,,,,,,,,,,,,,,,,,,,14350597
PSAVK69,452790,2021-03-04 14:49:51.501000-05:00,2021-03-12 14:51:00-05:00,2021-03-08 11:33:14.106000-05:00,,3,1.0,,,,1.0,Not Assigned,,,,,,,,,,,,,,,,,,,,,,14351088
PSAVK69,454283,2021-04-22 09:15:00-04:00,2021-04-22 21:17:00-04:00,2021-04-22 10:57:21.151000-04:00,,1,1.0,,,,1.0,Not Assigned,,,,,,,,,,,,,,,,,,,,,,15790552
PSAVK69,454680,2021-03-04 14:49:51.501000-05:00,2021-03-12 14:51:00-05:00,2021-03-04 16:30:15.399000-05:00,,1,,,,,,Not Assigned,,,,,,,,,,,,,,,,,,,,,,14267951
PSAVK69,454684,2021-03-04 14:49:51.501000-05:00,2021-03-12 14:51:00-05:00,2021-03-04 16:20:49.559000-05:00,2021-03-04 16:35:45.724000-05:00,1,2.0,1.0,61.247,30.6155,1.0,Treatment 2,669.338,45.1395454545454,11.0,6.0,4.0,4.0,11.0,11.0,0.0,0.0,11.0,5.0,0.0,0.0,0.0,1.0,3.0,2.0,99.965,31.8063333333333,1.0,14267536
PSAVK69,458388,2021-03-04 14:49:51.501000-05:00,2021-03-12 14:51:00-05:00,2021-03-05 15:40:38.017000-05:00,,2,1.0,,,,1.0,Not Assigned,,,,,,,,,,,,,,,,,,,,,,14316145
PSAVK69,458605,2021-03-04 14:49:51.501000-05:00,2021-03-12 14:51:00-05:00,2021-03-05 11:24:11.202000-05:00,,2,1.0,,,,1.0,Not Assigned,,,,,,,,,,,,,,,,,,,,,,14293928
PSAVK69,470750,2020-10-12 10:35:00.439000-04:00,2020-10-13 10:36:00-04:00,2020-10-12 16:06:59.148000-04:00,2020-10-13 14:20:52.698000-04:00,2,2.0,2.0,79443.369,39721.665,2.0,Treatment 1,459.909,49.946,7.0,4.0,2.0,2.0,6.0,6.0,0.0,0.0,7.0,3.0,0.0,0.0,0.0,1.0,3.0,1.0,84.982,24.7336666666667,1.0,7622695
PSAVK69,471439,2020-10-12 10:35:00.439000-04:00,2020-10-13 10:36:00-04:00,2020-10-12 17:22:17.539000-04:00,2020-10-13 16:42:31.992000-04:00,2,2.0,1.0,1560.002,779.986,1.0,Treatment 1,81675.006,7402.87590909091,13.0,7.0,4.0,4.0,11.0,11.0,0.0,0.0,13.0,6.0,0.0,0.0,0.0,2.0,3.0,2.0,192.488,62.3763333333333,1.0,7627281
PSAVK69,471447,2020-10-12 10:35:00.439000-04:00,2020-10-13 10:36:00-04:00,2020-10-12 14:30:22.359000-04:00,2020-10-14 10:07:26.318000-04:00,2,2.0,1.0,156465.44,78232.7105,2.0,Treatment 1,197.395,16.6227777777778,9.0,5.0,2.0,2.0,9.0,9.0,0.0,0.0,9.0,4.0,0.0,0.0,0.0,1.0,3.0,2.0,76.415,22.9683333333333,1.0,7613058
PSAVK69,471463,2020-10-12 10:35:00.439000-04:00,2020-10-13 10:36:00-04:00,2020-10-19 14:15:13.761000-04:00,2020-11-18 10:25:18.699000-05:00,3,2.0,1.0,2581377.394,1290688.6805,2.0,Treatment 1,291.9,32.880625,8.0,5.0,3.0,3.0,8.0,8.0,0.0,0.0,8.0,3.0,0.0,0.0,0.0,1.0,3.0,2.0,68.45,19.0976666666667,1.0,8080932
PSAVK69,471466,2020-10-12 10:35:00.439000-04:00,2020-10-13 10:36:00-04:00,2020-10-14 10:41:09.303000-04:00,2020-10-23 14:26:46.790000-04:00,2,2.0,1.0,505.385,252.678,1.0,Treatment 2,790345.362,24.7942,12.0,6.0,4.0,4.0,10.0,10.0,0.0,0.0,12.0,6.0,0.0,0.0,0.0,2.0,3.0,2.0,221.03,72.2986666666667,1.0,7763022
PSAVK69,471471,2020-10-12 10:35:00.439000-04:00,2020-10-13 10:36:00-04:00,2020-10-13 14:08:35.998000-04:00,,1,1.0,,,,1.0,Not Assigned,,,,,,,,,,,,,,,,,,,,,,7703214
PSAVK69,471476,2020-10-12 10:35:00.439000-04:00,2020-10-13 10:36:00-04:00,2020-10-12 15:26:02.462000-04:00,2020-10-12 19:22:44.812000-04:00,2,2.0,1.0,3865.846,1932.907,1.0,Treatment 2,874.505,57.648,6.0,3.0,1.0,1.0,6.0,6.0,0.0,0.0,6.0,3.0,0.0,0.0,0.0,1.0,3.0,2.0,301.068,68.0826666666667,1.0,7619297
PSAVK69,471489,2020-10-12 10:35:00.439000-04:00,2020-10-13 10:36:00-04:00,2020-10-12 13:58:24.911000-04:00,,1,2.0,1.0,18.378,9.1795,1.0,Treatment 2,100.582,26.474,2.0,1.0,,,2.0,2.0,0.0,0.0,2.0,1.0,0.0,0.0,0.0,1.0,,,,,,7608710
PSAVK69,471524,2020-10-12 10:35:00.439000-04:00,2020-10-13 10:36:00-04:00,2020-11-23 17:58:37.794000-05:00,2020-12-28 12:10:04.888000-05:00,2,2.0,1.0,3001692.967,1500846.479,2.0,Treatment 3,1228.325,58.4478181818182,12.0,8.0,4.0,4.0,11.0,11.0,0.0,0.0,12.0,4.0,0.0,0.0,0.0,1.0,3.0,2.0,99.438,29.507,1.0,10246955
PSAVK69,471533,2020-10-12 10:35:00.439000-04:00,2020-10-13 10:36:00-04:00,2020-11-20 12:47:37.906000-05:00,,1,1.0,,,,1.0,Not Assigned,,,,,,,,,,,,,,,,,,,,,,10163615
PSAVK69,471538,2020-10-12 10:35:00.439000-04:00,2020-10-13 10:36:00-04:00,2020-10-13 16:33:30.441000-04:00,,1,1.0,,,,1.0,Not Assigned,,,,,,,,,,,,,,,,,,,,,,7724301
PSAVK69,471542,2020-10-12 10:35:00.439000-04:00,2020-10-13 10:36:00-04:00,2020-11-11 22:43:40.443000-05:00,,3,1.0,,,,1.0,Not Assigned,,,,,,,,,,,,,,,,,,,,,,9590858
PSAVK69,471666,2021-03-04 14:49:51.501000-05:00,2021-03-12 14:51:00-05:00,2021-03-09 13:09:28.523000-05:00,,1,1.0,,,,1.0,Not Assigned,,,,,,,,,,,,,,,,,,,,,,14428799
PSAVK69,472775,2020-10-12 10:35:00.439000-04:00,2020-10-13 10:36:00-04:00,2020-10-13 09:06:40.575000-04:00,2020-10-13 10:26:45.012000-04:00,2,2.0,1.0,216.081,108.007,1.0,Treatment 2,4453.803,50.8283333333333,10.0,4.0,2.0,2.0,8.0,9.0,0.0,0.0,10.0,6.0,0.0,0.0,0.0,3.0,3.0,1.0,39.272,10.7366666666667,1.0,7644814
PSAVK69,476338,2020-10-12 10:35:00.439000-04:00,2020-10-13 10:36:00-04:00,2020-10-15 17:34:05.845000-04:00,,1,1.0,,,,1.0,Not Assigned,,,,,,,,,,,,,,,,,,,,,,7921158
PSAVK69,477963,2020-10-12 10:35:00.439000-04:00,2020-10-13 10:36:00-04:00,2020-10-12 14:29:42.438000-04:00,,2,2.0,1.0,85514.874,42757.415,2.0,Treatment 2,157.441,,1.0,,,,0.0,0.0,0.0,0.0,1.0,1.0,0.0,0.0,0.0,1.0,,,,,,7612973
PSAVK69,477964,2020-10-12 10:35:00.439000-04:00,2020-10-13 10:36:00-04:00,2020-10-13 14:36:30.212000-04:00,,3,1.0,,,,1.0,Not Assigned,,,,,,,,,,,,,,,,,,,,,,7709132
PSAVK69,478022,2020-10-12 10:35:00.439000-04:00,2020-10-13 10:36:00-04:00,2020-10-12 13:35:39.641000-04:00,2020-10-14 17:34:59.449000-04:00,5,2.0,1.0,974.256,487.1145,2.0,Treatment 3,185939.823,14108.8016923077,19.0,7.0,5.0,5.0,13.0,14.0,0.0,0.0,19.0,12.0,0.0,0.0,0.0,3.0,3.0,2.0,72.522,22.407,1.0,7605566
PSAVK69,478036,2020-10-12 10:35:00.439000-04:00,2020-10-13 10:36:00-04:00,2020-10-12 14:34:49.608000-04:00,2020-10-13 13:12:04.383000-04:00,4,2.0,1.0,469.85,234.9095,1.0,Treatment 2,72344.943,9620.13614285714,9.0,4.0,2.0,2.0,7.0,7.0,0.0,0.0,9.0,5.0,0.0,0.0,0.0,4.0,3.0,2.0,622.657,201.214,1.0,7613626
PSAVK69,478108,2020-10-12 10:35:00.439000-04:00,2020-10-13 10:36:00-04:00,2020-10-12 14:02:11.284000-04:00,2020-10-12 14:19:28.853000-04:00,1,2.0,1.0,142.131,71.025,1.0,Treatment 1,654.12,49.0424545454546,11.0,6.0,4.0,4.0,11.0,17.0,0.0,0.0,11.0,5.0,0.0,0.0,0.0,1.0,3.0,1.0,88.846,23.5356666666667,1.0,7609227
PSAVK69,478417,2020-10-12 10:35:00.439000-04:00,2020-10-13 10:36:00-04:00,2020-10-14 12:24:16.963000-04:00,,3,2.0,1.0,11561.88,5780.9215,2.0,Treatment 3,1502.432,,6.0,0.0,0.0,0.0,0.0,0.0,0.0,0.0,6.0,6.0,0.0,0.0,0.0,1.0,,,,,,7782028
PSAVK69,478424,2020-10-12 10:35:00.439000-04:00,2020-10-13 10:36:00-04:00,2020-10-12 16:54:03.890000-04:00,2020-10-13 14:38:58.957000-04:00,3,2.0,1.0,76935.87,38467.8865,2.0,Treatment 3,239.394,21.3885,4.0,3.0,1.0,1.0,4.0,4.0,0.0,0.0,4.0,1.0,0.0,0.0,0.0,1.0,3.0,2.0,993.667,298.085333333333,1.0,7625838
PSAVK69,478431,2020-10-12 10:35:00.439000-04:00,2020-10-13 10:36:00-04:00,2020-10-12 16:52:30.275000-04:00,,2,1.0,,,,1.0,Not Assigned,,,,,,,,,,,,,,,,,,,,,,7625752
PSAVK69,483456,2020-10-12 10:35:00.437000-04:00,2020-10-13 10:36:00-04:00,2020-10-12 15:19:10.746000-04:00,,8,1.0,,,,1.0,Not Assigned,,,,,,,,,,,,,,,,,,,,,,7618633
PSAVK69,483570,2020-10-12 10:35:00.439000-04:00,2020-10-13 10:36:00-04:00,2020-10-13 13:55:58.909000-04:00,,1,1.0,,,,1.0,Not Assigned,,,,,,,,,,,,,,,,,,,,,,7700261
PSAVK69,485286,2020-10-12 10:35:00.438000-04:00,2020-10-13 10:36:00-04:00,2020-10-12 11:52:28.669000-04:00,,6,1.0,,,,1.0,Not Assigned,,,,,,,,,,,,,,,,,,,,,,7592095
PSAVK69,487792,2020-10-12 10:35:00.438000-04:00,2020-10-13 10:36:00-04:00,2020-11-17 10:59:38.149000-05:00,,1,1.0,,,,1.0,Not Assigned,,,,,,,,,,,,,,,,,,,,,,9883636
PSAVK69,487830,2020-10-12 10:35:00.438000-04:00,2020-10-13 10:36:00-04:00,2020-10-12 19:07:45.776000-04:00,2020-10-24 01:44:13.134000-04:00,11,2.0,2.0,576309.774,288154.868,2.0,Treatment 3,396223.013,18618.8818181818,12.0,7.0,4.0,4.0,10.0,11.0,0.0,0.0,12.0,5.0,0.0,0.0,0.0,5.0,3.0,1.0,1479.441,490.906666666667,1.0,7631142
PSAVK69,487831,2020-10-12 10:35:00.438000-04:00,2020-10-13 10:36:00-04:00,2020-10-12 16:49:08.186000-04:00,2020-10-13 11:39:22.159000-04:00,3,2.0,1.0,26200.143,13100.0535,2.0,Treatment 1,40336.88,4019.6858,10.0,5.0,3.0,3.0,10.0,14.0,0.0,0.0,10.0,5.0,0.0,0.0,0.0,2.0,3.0,1.0,1131.676,349.510666666667,1.0,7625578
PSAVK69,487833,2020-10-12 10:35:00.438000-04:00,2020-10-13 10:36:00-04:00,2020-10-12 11:19:47.916000-04:00,2020-10-12 11:34:31.465000-04:00,1,2.0,1.0,143.588,71.717,1.0,Treatment 3,587.543,26.2084,10.0,4.0,3.0,3.0,9.0,19.0,0.0,0.0,10.0,6.0,0.0,0.0,0.0,1.0,3.0,1.0,54.754,14.9713333333333,1.0,7587920
PSAVK69,487850,2020-10-12 10:35:00.438000-04:00,2020-10-13 10:36:00-04:00,2020-10-12 20:41:49.505000-04:00,,1,1.0,,,,1.0,Not Assigned,,,,,,,,,,,,,,,,,,,,,,7633800
PSAVK69,487855,2020-10-12 10:35:00.438000-04:00,2020-10-13 10:36:00-04:00,2020-10-13 10:04:02.174000-04:00,2020-10-13 10:41:27.059000-04:00,1,2.0,2.0,271.21,135.5885,1.0,Treatment 2,1767.042,333.1186,5.0,3.0,1.0,1.0,4.0,6.0,0.0,0.0,5.0,2.0,0.0,0.0,0.0,1.0,3.0,2.0,171.797,38.1743333333333,1.0,7653501
PSAVK69,487869,2020-10-12 10:35:00.438000-04:00,2020-10-13 10:36:00-04:00,2020-10-13 22:13:46.107000-04:00,2020-11-18 10:26:57.805000-05:00,4,2.0,2.0,3071220.903,1535610.433,2.0,Treatment 2,319.053,49.1386666666667,6.0,4.0,2.0,2.0,6.0,7.0,0.0,0.0,6.0,2.0,0.0,0.0,0.0,1.0,3.0,3.0,9.027,3.00133333333333,1.0,7738753
PSAVK69,487882,2020-10-12 10:35:00.438000-04:00,2020-10-13 10:36:00-04:00,2020-10-13 11:17:57.260000-04:00,,2,2.0,2.0,14.167,7.076,1.0,Treatment 3,3027433.628,251.507,3.0,0.0,0.0,0.0,0.0,1.0,0.0,0.0,3.0,2.0,0.0,0.0,0.0,2.0,,,,,,7667686
PSAVK69,487888,2020-10-12 10:35:00.438000-04:00,2020-10-13 10:36:00-04:00,2020-10-14 14:50:13.795000-04:00,,2,1.0,,,,1.0,Not Assigned,,,,,,,,,,,,,,,,,,,,,,7808769
PSAVK69,487945,2020-10-12 10:35:00.438000-04:00,2020-10-13 10:36:00-04:00,2020-10-12 11:44:58.375000-04:00,,5,1.0,,,,1.0,Not Assigned,,,,,,,,,,,,,,,,,,,,,,7591116
PSAVK69,487961,2020-10-12 10:35:00.438000-04:00,2020-10-13 10:36:00-04:00,2020-11-24 13:14:07.540000-05:00,,1,2.0,2.0,4261.09,2130.511,1.0,Treatment 3,2430.262,2430.262,1.0,0.0,,,0.0,1.0,0.0,0.0,1.0,1.0,0.0,0.0,0.0,1.0,,,,,,10277350
PSAVK69,488024,2020-10-12 10:35:00.438000-04:00,2020-10-13 10:36:00-04:00,2020-11-17 11:13:04.492000-05:00,,1,1.0,,,,1.0,Not Assigned,,,,,,,,,,,,,,,,,,,,,,9886205
PSAVK69,488040,2020-10-12 10:35:00.438000-04:00,2020-10-13 10:36:00-04:00,2020-10-13 11:15:50.704000-04:00,,2,2.0,2.0,333.961,166.9385,1.0,Treatment 2,171999.617,,1.0,,,,0.0,0.0,0.0,0.0,1.0,1.0,0.0,0.0,0.0,2.0,,,,,,7667248
PSAVK69,488134,2020-10-12 10:35:00.438000-04:00,2020-10-13 10:36:00-04:00,2020-10-13 11:28:23.273000-04:00,,1,1.0,,,,1.0,Not Assigned,,,,,,,,,,,,,,,,,,,,,,7669768
PSAVK69,488286,2020-10-12 10:35:00.438000-04:00,2020-10-13 10:36:00-04:00,2020-10-12 12:23:32.198000-04:00,,4,2.0,1.0,164671.548,82335.7185,2.0,Treatment 2,4014.561,335.47125,5.0,3.0,1.0,1.0,4.0,4.0,0.0,0.0,5.0,2.0,0.0,0.0,0.0,2.0,2.0,1.0,3.736,3.731,1.0,7596156
PSAVK69,488963,2020-10-12 10:35:00.438000-04:00,2020-10-13 10:36:00-04:00,2020-10-12 11:39:21.791000-04:00,,1,1.0,,,,1.0,Not Assigned,,,,,,,,,,,,,,,,,,,,,,7590395
PSAVK69,490528,2021-03-04 14:49:51.501000-05:00,2021-03-12 14:51:00-05:00,2021-03-04 16:40:39.220000-05:00,,2,1.0,,,,1.0,Not Assigned,,,,,,,,,,,,,,,,,,,,,,14268470
PSAVK69,492005,2020-10-12 10:35:00.439000-04:00,2020-10-13 10:36:00-04:00,2020-10-13 13:52:48.918000-04:00,2020-10-16 18:26:46.717000-04:00,3,2.0,1.0,275028.529,137514.2515,2.0,Treatment 1,353.598,23.2164285714286,10.0,2.0,2.0,2.0,7.0,7.0,0.0,0.0,10.0,8.0,0.0,0.0,0.0,1.0,3.0,2.0,31.906,7.50333333333333,1.0,7699696
PSAVK69,492328,2020-10-12 10:35:00.437000-04:00,2020-10-13 10:36:00-04:00,2020-10-13 20:07:35.830000-04:00,,1,1.0,,,,1.0,Not Assigned,,,,,,,,,,,,,,,,,,,,,,7735115
PSAVK69,492481,2021-01-15 14:26:17.659000-05:00,2021-01-15 19:26:00-05:00,2021-01-15 14:26:55.491000-05:00,2021-01-15 15:01:55.169000-05:00,1,2.0,1.0,341.469,170.7255,1.0,Treatment 2,556.197,123.36925,4.0,3.0,1.0,1.0,4.0,4.0,0.0,0.0,4.0,1.0,0.0,0.0,0.0,1.0,3.0,2.0,1152.763,378.669333333333,1.0,12200198
PSAVK69,492489,2021-01-15 14:26:17.659000-05:00,2021-01-15 19:26:00-05:00,2021-01-15 14:27:00.971000-05:00,2021-01-15 14:44:36.608000-05:00,1,2.0,1.0,127.261,63.6025,1.0,Treatment 2,239.194,34.6806666666667,6.0,5.0,1.0,1.0,6.0,6.0,0.0,0.0,6.0,1.0,0.0,0.0,0.0,1.0,3.0,2.0,656.569,34.5633333333333,1.0,12200206
PSAVK69,492499,2021-01-15 14:26:17.659000-05:00,2021-01-15 19:26:00-05:00,2021-01-15 14:26:58.382000-05:00,,1,2.0,1.0,374.23,187.0975,1.0,Treatment 2,464.889,34.7383333333333,4.0,2.0,1.0,1.0,3.0,3.0,0.0,0.0,4.0,2.0,0.0,0.0,0.0,1.0,,,,,,12200202
PSAVK69,492509,2021-01-15 14:26:17.659000-05:00,2021-01-15 19:26:00-05:00,2021-01-15 14:26:48.141000-05:00,2021-01-15 14:36:55.861000-05:00,2,2.0,2.0,132.446,66.219,1.0,Treatment 2,189.313,24.421,6.0,5.0,1.0,1.0,6.0,6.0,0.0,0.0,6.0,1.0,0.0,0.0,0.0,2.0,3.0,3.0,157.508,52.5,1.0,12200188
PSAVK69,492514,2021-01-15 14:26:17.659000-05:00,2021-01-15 19:26:00-05:00,2021-01-15 14:26:48.908000-05:00,2021-01-15 16:48:42.391000-05:00,4,2.0,1.0,2840.247,1420.0995,2.0,Treatment 2,1666.75,89.1134,5.0,4.0,1.0,1.0,5.0,5.0,0.0,0.0,5.0,1.0,0.0,0.0,0.0,2.0,3.0,3.0,3842.344,1280.741,1.0,12200192
PSAVK69,492516,2021-01-15 14:26:17.659000-05:00,2021-01-15 19:26:00-05:00,2021-01-15 14:26:50.905000-05:00,,2,2.0,1.0,213.342,106.648,1.0,Treatment 2,388.519,282.976,2.0,0.0,,,1.0,1.0,0.0,0.0,2.0,1.0,0.0,0.0,0.0,2.0,,,,,,12200194
PSAVK69,492518,2021-01-15 14:26:17.659000-05:00,2021-01-15 19:26:00-05:00,2021-01-15 15:31:10.867000-05:00,,1,1.0,,,,1.0,Not Assigned,,,,,,,,,,,,,,,,,,,,,,12205041
PSAVK69,492524,2021-01-15 14:26:17.659000-05:00,2021-01-15 19:26:00-05:00,2021-01-15 14:34:59.019000-05:00,,1,1.0,,,,1.0,Not Assigned,,,,,,,,,,,,,,,,,,,,,,12200969
PSAVK69,492525,2021-01-15 14:26:17.659000-05:00,2021-01-15 19:26:00-05:00,2021-01-15 14:27:32.624000-05:00,,1,1.0,,,,1.0,Not Assigned,,,,,,,,,,,,,,,,,,,,,,12200277
PSAVK69,492531,2021-01-15 14:26:17.659000-05:00,2021-01-15 19:26:00-05:00,2021-01-15 14:26:59.146000-05:00,,2,2.0,1.0,331.602,165.7915,1.0,Treatment 2,496.898,63.4578,5.0,2.0,1.0,1.0,5.0,5.0,0.0,0.0,5.0,3.0,0.0,0.0,0.0,2.0,,,,,,12200203
PSAVK69,492534,2021-01-15 14:26:17.659000-05:00,2021-01-15 19:26:00-05:00,2021-01-15 14:26:59.062000-05:00,,1,2.0,1.0,348.896,174.42,1.0,Treatment 3,90.429,,1.0,,,,0.0,0.0,0.0,0.0,1.0,1.0,0.0,0.0,0.0,1.0,,,,,,12200204
PSAVK69,492536,2021-01-15 14:26:17.659000-05:00,2021-01-15 19:26:00-05:00,2021-01-15 14:27:08.892000-05:00,2021-01-15 14:36:02.970000-05:00,1,2.0,1.0,175.76,87.8675,1.0,Treatment 3,69.219,23.0643333333333,3.0,3.0,,,3.0,3.0,0.0,0.0,3.0,0.0,0.0,0.0,0.0,1.0,3.0,2.0,255.925,52.296,1.0,12200225
PSAVK69,492537,2021-01-15 14:26:17.659000-05:00,2021-01-15 19:26:00-05:00,2021-01-15 14:27:49.201000-05:00,2021-01-15 16:37:41.917000-05:00,2,2.0,1.0,1669.722,834.836,1.0,Treatment 3,5549.043,145.7182,10.0,6.0,2.0,2.0,10.0,15.0,0.0,0.0,10.0,4.0,0.0,0.0,0.0,2.0,3.0,1.0,299.612,96.523,1.0,12200313
PSAVK69,492541,2021-01-15 14:26:17.659000-05:00,2021-01-15 19:26:00-05:00,2021-01-15 14:30:10.572000-05:00,,1,1.0,,,,1.0,Not Assigned,,,,,,,,,,,,,,,,,,,,,,12200540
PSAVK69,492547,2021-01-15 14:26:17.659000-05:00,2021-01-15 19:26:00-05:00,2021-01-15 14:27:21.780000-05:00,,2,2.0,1.0,483.372,241.662,1.0,Treatment 3,12205.16,79.373,3.0,0.0,0.0,0.0,1.0,1.0,0.0,0.0,3.0,2.0,0.0,0.0,0.0,2.0,,,,,,12200253
PSAVK69,492551,2021-01-15 14:26:17.659000-05:00,2021-01-15 19:26:00-05:00,2021-01-15 14:27:01.717000-05:00,2021-01-15 14:41:09.275000-05:00,1,2.0,1.0,162.434,81.209,1.0,Treatment 1,269.417,89.7976666666667,3.0,3.0,,,3.0,3.0,0.0,0.0,3.0,0.0,0.0,0.0,0.0,1.0,3.0,2.0,360.363,84.0046666666667,1.0,12200209
PSAVK69,492552,2021-01-15 14:26:17.659000-05:00,2021-01-15 19:26:00-05:00,2021-01-15 14:27:06.835000-05:00,2021-01-15 14:45:00.111000-05:00,1,2.0,1.0,346.327,173.135,1.0,Treatment 2,499.652,54.674375,8.0,6.0,2.0,2.0,8.0,8.0,0.0,0.0,8.0,2.0,0.0,0.0,0.0,1.0,3.0,2.0,187.914,52.228,1.0,12200220
PSAVK69,492556,2021-01-15 14:26:17.659000-05:00,2021-01-15 19:26:00-05:00,2021-01-15 14:26:51.241000-05:00,2021-01-15 14:40:08.195000-05:00,1,2.0,1.0,115.883,57.923,1.0,Treatment 1,450.494,38.9847777777778,9.0,5.0,2.0,2.0,9.0,9.0,0.0,0.0,9.0,4.0,0.0,0.0,0.0,1.0,3.0,2.0,169.861,48.49,1.0,12200195
PSAVK69,492558,2021-01-15 14:26:17.659000-05:00,2021-01-15 19:26:00-05:00,2021-01-15 14:27:32.938000-05:00,2021-01-15 17:23:39.874000-05:00,2,2.0,1.0,363.753,181.8545,1.0,Treatment 2,9989.371,37.0509090909091,11.0,6.0,3.0,3.0,11.0,11.0,0.0,0.0,11.0,5.0,0.0,0.0,0.0,3.0,3.0,1.0,106.632,27.572,1.0,12200279
PSAVK69,492607,2021-01-15 14:26:17.659000-05:00,2021-01-15 19:26:00-05:00,2021-01-15 14:28:23.238000-05:00,,1,1.0,,,,1.0,Not Assigned,,,,,,,,,,,,,,,,,,,,,,12200379
PSAVK69,493050,2020-10-12 10:35:00.437000-04:00,2020-10-13 10:36:00-04:00,2020-10-13 14:57:29.684000-04:00,,5,1.0,,,,1.0,Not Assigned,,,,,,,,,,,,,,,,,,,,,,7712661
PSAVK69,493198,2020-10-12 10:35:00.437000-04:00,2020-10-13 10:36:00-04:00,2020-10-12 15:21:10.584000-04:00,,2,2.0,2.0,85829.477,42914.6745,2.0,Treatment 3,,,1.0,,,,,0.0,0.0,0.0,1.0,0.0,0.0,0.0,0.0,1.0,,,,,,7618845
PSAVK69,493764,2021-03-04 14:49:51.501000-05:00,2021-03-12 14:51:00-05:00,2021-03-05 15:19:09.145000-05:00,,1,1.0,,,,1.0,Not Assigned,,,,,,,,,,,,,,,,,,,,,,14315212
PSAVK69,493984,2020-10-12 10:35:00.437000-04:00,2020-10-13 10:36:00-04:00,2020-10-12 17:02:13.545000-04:00,2020-10-12 17:17:26.704000-04:00,1,2.0,1.0,107.168,53.582,1.0,Treatment 1,377.251,24.1793636363636,11.0,6.0,4.0,4.0,11.0,11.0,0.0,0.0,11.0,5.0,0.0,0.0,0.0,1.0,3.0,1.0,180.599,55.701,1.0,7626249
PSAVK69,493987,2020-10-12 10:35:00.437000-04:00,2020-10-13 10:36:00-04:00,2020-10-13 13:50:36.981000-04:00,2020-10-13 18:26:28.960000-04:00,3,2.0,1.0,4877.112,2438.4945,2.0,Treatment 1,11333.855,34.9041428571429,9.0,4.0,2.0,2.0,6.0,7.0,0.0,0.0,9.0,5.0,0.0,0.0,0.0,2.0,3.0,2.0,252.041,82.4223333333333,1.0,7699169
PSAVK69,494008,2020-10-12 10:35:00.437000-04:00,2020-10-13 10:36:00-04:00,2020-10-12 15:18:18.532000-04:00,2020-10-28 10:28:29.659000-04:00,5,2.0,2.0,85979.117,42989.5485,2.0,Treatment 3,1278919.001,75454.861125,8.0,5.0,2.0,2.0,8.0,8.0,0.0,0.0,8.0,3.0,0.0,0.0,0.0,4.0,3.0,2.0,56.427,16.826,1.0,7618545
PSAVK69,494020,2020-10-12 10:35:00.437000-04:00,2020-10-13 10:36:00-04:00,2020-10-12 18:14:57.485000-04:00,2020-10-13 15:26:51.173000-04:00,2,2.0,2.0,75563.511,37781.704,2.0,Treatment 3,503.533,19.6494,6.0,3.0,1.0,1.0,5.0,5.0,0.0,0.0,6.0,3.0,0.0,0.0,0.0,1.0,3.0,1.0,85.542,21.0426666666667,1.0,7629473
PSAVK69,494022,2020-10-12 10:35:00.437000-04:00,2020-10-13 10:36:00-04:00,2020-10-12 16:11:36.824000-04:00,2020-10-12 17:07:40.770000-04:00,3,2.0,1.0,1707.672,853.8255,2.0,Treatment 3,418.821,73.8312,5.0,3.0,1.0,1.0,4.0,7.0,0.0,0.0,5.0,2.0,0.0,0.0,0.0,1.0,3.0,2.0,1122.853,346.592,1.0,7623037
PSAVK69,494025,2020-10-12 10:35:00.437000-04:00,2020-10-13 10:36:00-04:00,2020-10-15 08:37:38.696000-04:00,2020-10-15 08:56:57.622000-04:00,1,2.0,1.0,312.869,156.4175,1.0,Treatment 3,461.355,105.49025,4.0,3.0,1.0,1.0,4.0,4.0,0.0,0.0,4.0,1.0,0.0,0.0,0.0,1.0,3.0,2.0,291.261,89.009,1.0,7837893
PSAVK69,494027,2020-10-12 10:35:00.437000-04:00,2020-10-13 10:36:00-04:00,2020-10-13 15:21:46.509000-04:00,,1,2.0,2.0,64.245,32.114,1.0,Treatment 2,142.225,47.083,3.0,2.0,,,3.0,3.0,0.0,0.0,3.0,1.0,0.0,0.0,0.0,1.0,,,,,,7716312
PSAVK69,494028,2020-10-12 10:35:00.437000-04:00,2020-10-13 10:36:00-04:00,2020-10-15 16:17:47.945000-04:00,,1,1.0,,,,1.0,Not Assigned,,,,,,,,,,,,,,,,,,,,,,7915787
PSAVK69,494057,2020-10-12 10:35:00.437000-04:00,2020-10-13 10:36:00-04:00,2020-10-12 21:50:41.501000-04:00,2020-10-12 22:30:22.934000-04:00,1,2.0,1.0,711.88,355.9235,1.0,Treatment 1,269.305,89.7606666666667,3.0,3.0,,,3.0,3.0,0.0,0.0,3.0,0.0,0.0,0.0,0.0,1.0,3.0,2.0,1311.339,424.162,1.0,7635358
PSAVK69,494060,2020-10-12 10:35:00.437000-04:00,2020-10-13 10:36:00-04:00,2020-10-12 17:17:24.757000-04:00,2020-10-13 21:40:51.784000-04:00,4,2.0,2.0,101482.647,50741.3135,2.0,Treatment 3,430.433,66.5812,5.0,3.0,1.0,1.0,5.0,5.0,0.0,0.0,5.0,2.0,0.0,0.0,0.0,1.0,3.0,2.0,229.111,64.6636666666667,1.0,7627017
PSAVK69,494061,2020-10-12 10:35:00.437000-04:00,2020-10-13 10:36:00-04:00,2020-10-22 22:15:35.500000-04:00,,2,1.0,,,,1.0,Not Assigned,,,,,,,,,,,,,,,,,,,,,,8415724
PSAVK69,494062,2020-10-12 10:35:00.437000-04:00,2020-10-13 10:36:00-04:00,2020-10-16 02:49:35.582000-04:00,,1,1.0,,,,1.0,Not Assigned,,,,,,,,,,,,,,,,,,,,,,7933983
PSAVK69,494064,2020-10-12 10:35:00.437000-04:00,2020-10-13 10:36:00-04:00,2020-10-13 13:02:59.482000-04:00,2020-10-13 16:58:28.648000-04:00,2,2.0,2.0,7705.78,3852.884,2.0,Treatment 1,5557.605,197.868,7.0,3.0,1.0,1.0,4.0,4.0,0.0,0.0,7.0,4.0,0.0,0.0,0.0,1.0,3.0,3.0,816.668,272.219333333333,1.0,7689361
PSAVK69,494071,2020-10-12 10:35:00.437000-04:00,2020-10-13 10:36:00-04:00,2020-10-12 15:22:50.100000-04:00,,2,1.0,,,,1.0,Not Assigned,,,,,,,,,,,,,,,,,,,,,,7619007
PSAVK69,494079,2020-10-12 10:35:00.437000-04:00,2020-10-13 10:36:00-04:00,2020-10-12 15:25:13.698000-04:00,2020-11-17 15:17:23.992000-05:00,3,2.0,1.0,3153.918,1576.9485,1.0,Treatment 2,3443.723,95.2138,8.0,4.0,2.0,2.0,5.0,6.0,0.0,0.0,8.0,4.0,0.0,0.0,0.0,3.0,3.0,2.0,3103130.169,1034374.46766667,2.0,7619280
PSAVK69,494152,2020-10-12 10:35:00.437000-04:00,2020-10-13 10:36:00-04:00,2020-10-12 14:23:37.346000-04:00,2020-10-13 15:30:44.707000-04:00,3,2.0,2.0,89881.156,44940.57,2.0,Treatment 1,268.747,16.0333333333333,7.0,5.0,2.0,2.0,6.0,7.0,0.0,0.0,7.0,2.0,0.0,0.0,0.0,1.0,3.0,2.0,222.399,65.743,1.0,7612086
PSAVK69,494158,2020-10-12 10:35:00.437000-04:00,2020-10-13 10:36:00-04:00,2020-10-12 15:19:45.884000-04:00,,3,1.0,,,,1.0,Not Assigned,,,,,,,,,,,,,,,,,,,,,,7618706
PSAVK69,494507,2020-10-12 10:35:00.438000-04:00,2020-10-13 10:36:00-04:00,2020-10-12 17:04:34.604000-04:00,2020-10-12 17:22:01.985000-04:00,1,2.0,2.0,141.209,70.5955,1.0,Treatment 1,428.126,142.699333333333,3.0,3.0,,,3.0,3.0,0.0,0.0,3.0,0.0,0.0,0.0,0.0,1.0,3.0,3.0,358.523,119.499666666667,1.0,7626373
PSAVK69,496672,2020-10-12 10:35:00.438000-04:00,2020-10-13 10:36:00-04:00,2020-10-12 16:47:27.360000-04:00,,4,1.0,,,,1.0,Not Assigned,,,,,,,,,,,,,,,,,,,,,,7625483
PSAVK69,497341,2020-10-12 10:35:00.439000-04:00,2020-10-13 10:36:00-04:00,2020-10-12 11:07:55.624000-04:00,,1,1.0,,,,1.0,Not Assigned,,,,,,,,,,,,,,,,,,,,,,7586394
PSAVK69,498106,2020-10-12 10:35:00.438000-04:00,2020-10-13 10:36:00-04:00,2020-10-12 19:57:50.884000-04:00,,1,1.0,,,,1.0,Not Assigned,,,,,,,,,,,,,,,,,,,,,,7632650
PSAVK69,503387,2021-03-04 14:49:51.501000-05:00,2021-03-12 14:51:00-05:00,2021-03-11 13:03:04.069000-05:00,,1,1.0,,,,1.0,Not Assigned,,,,,,,,,,,,,,,,,,,,,,14548948
PSAVK69,507594,2020-10-12 10:35:00.438000-04:00,2020-10-13 10:36:00-04:00,2020-10-12 11:07:21.132000-04:00,,3,2.0,1.0,87074.55,43537.251,2.0,Treatment 2,101.181,,2.0,0.0,,,0.0,0.0,0.0,0.0,2.0,1.0,0.0,0.0,0.0,1.0,,,,,,7586333
PSAVK69,510221,2021-03-04 14:49:51.501000-05:00,2021-03-12 14:51:00-05:00,2021-03-10 13:12:49.528000-05:00,,1,1.0,,,,1.0,Not Assigned,,,,,,,,,,,,,,,,,,,,,,14491583
PSAVK69,511234,2020-10-12 10:35:00.439000-04:00,2020-10-13 10:36:00-04:00,2020-10-13 10:05:11.794000-04:00,,4,1.0,,,,1.0,Not Assigned,,,,,,,,,,,,,,,,,,,,,,7653751
PSAVK69,513717,2020-10-12 10:35:00.438000-04:00,2020-10-13 10:36:00-04:00,2020-10-13 18:17:37.779000-04:00,2020-10-13 22:55:53.302000-04:00,4,2.0,1.0,15303.802,7651.879,2.0,Treatment 3,1040.805,187.588,5.0,3.0,1.0,1.0,4.0,7.0,0.0,0.0,5.0,2.0,0.0,0.0,0.0,1.0,3.0,2.0,203.73,46.6883333333333,1.0,7730901
PSAVK69,515550,2020-10-12 10:35:00.439000-04:00,2020-10-13 10:36:00-04:00,2020-10-12 18:56:24.664000-04:00,2020-10-12 19:06:07.905000-04:00,1,2.0,2.0,79.485,39.7285,1.0,Treatment 2,173.373,27.2384,5.0,4.0,1.0,1.0,5.0,6.0,0.0,0.0,5.0,1.0,0.0,0.0,0.0,1.0,3.0,2.0,285.263,23.179,1.0,7630762
PSAVK69,515569,2020-10-12 10:35:00.439000-04:00,2020-10-13 10:36:00-04:00,2020-10-12 13:56:49.326000-04:00,,3,2.0,2.0,2583530.917,1291765.434,2.0,Treatment 3,3026011.791,22.7295,7.0,3.0,2.0,2.0,6.0,10.0,0.0,0.0,7.0,4.0,0.0,0.0,0.0,2.0,,,,,,7608480
PSAVK69,515590,2021-04-22 09:15:00-04:00,2021-04-22 21:17:00-04:00,2021-04-22 10:58:10.387000-04:00,,2,1.0,,,,1.0,Not Assigned,,,,,,,,,,,,,,,,,,,,,,15790622
PSAVK69,515598,2021-04-22 09:15:00-04:00,2021-04-22 21:17:00-04:00,2021-04-22 11:16:34.109000-04:00,,1,1.0,,,,1.0,Not Assigned,,,,,,,,,,,,,,,,,,,,,,15791979
PSAVK69,525861,2020-10-12 10:35:00.437000-04:00,2020-10-13 10:36:00-04:00,2020-10-17 13:30:20.224000-04:00,,1,1.0,,,,1.0,Not Assigned,,,,,,,,,,,,,,,,,,,,,,8004651
PSAVK69,527196,2020-10-12 10:35:00.437000-04:00,2020-10-13 10:36:00-04:00,2020-10-14 17:22:41.165000-04:00,2020-10-14 18:15:08.448000-04:00,1,2.0,2.0,712.239,356.097,1.0,Treatment 3,1496.7,498.891333333333,3.0,3.0,,,3.0,3.0,0.0,0.0,3.0,0.0,0.0,0.0,0.0,1.0,3.0,3.0,855.442,285.138666666667,1.0,7821686
PSAVK69,527502,2020-11-20 12:34:38.635000-05:00,,2020-11-20 14:51:45.943000-05:00,,1,1.0,,,,1.0,Not Assigned,,,,,,,,,,,,,,,,,,,,,,10178749
PSAVK69,527847,2020-10-12 10:35:00.438000-04:00,2020-10-13 10:36:00-04:00,2020-10-13 11:06:28.608000-04:00,2020-11-17 11:22:04.330000-05:00,3,2.0,2.0,543.52,271.6715,1.0,Treatment 3,3027518.192,23.1056666666667,4.0,3.0,1.0,1.0,3.0,3.0,0.0,0.0,4.0,1.0,0.0,0.0,0.0,3.0,3.0,1.0,404.516,129.328,1.0,7665312
PSAVK69,530774,2020-10-12 10:35:00.437000-04:00,2020-10-13 10:36:00-04:00,2020-11-02 15:06:13.556000-05:00,,1,1.0,,,,1.0,Not Assigned,,,,,,,,,,,,,,,,,,,,,,9003425
PSAVK69,536495,2021-01-15 07:52:00-05:00,2021-01-15 23:54:00-05:00,2021-01-20 13:04:53.960000-05:00,2021-01-20 13:37:19.957000-05:00,1,2.0,1.0,729.406,364.699,1.0,Treatment 2,1002.638,186.7074,5.0,4.0,1.0,1.0,5.0,5.0,0.0,0.0,5.0,1.0,0.0,0.0,0.0,1.0,3.0,3.0,161.277,53.754,1.0,12333497
PSAVK69,536609,2021-01-15 07:52:00-05:00,2021-01-15 23:54:00-05:00,2021-01-20 09:33:36.072000-05:00,2021-01-20 09:54:17.778000-05:00,2,2.0,1.0,202.022,101.0065,1.0,Treatment 3,645.32,37.4367777777778,9.0,6.0,3.0,3.0,9.0,9.0,0.0,0.0,9.0,3.0,0.0,0.0,0.0,2.0,3.0,2.0,308.253,101.332333333333,1.0,12307312
PSAVK69,536697,2021-01-15 07:52:00-05:00,2021-01-15 23:54:00-05:00,2021-01-20 10:19:46.347000-05:00,2021-01-20 10:26:49.032000-05:00,1,2.0,1.0,125.52,62.754,1.0,Treatment 1,113.667,12.1453333333333,6.0,4.0,1.0,1.0,6.0,6.0,0.0,0.0,6.0,2.0,0.0,0.0,0.0,1.0,3.0,2.0,161.734,18.632,1.0,12312902
PSAVK69,536752,2021-01-15 07:52:00-05:00,2021-01-15 23:54:00-05:00,2021-01-20 09:38:10.666000-05:00,2021-01-20 09:53:15.087000-05:00,1,2.0,2.0,220.991,110.493,1.0,Treatment 3,212.831,70.9416666666667,3.0,3.0,,,3.0,3.0,0.0,0.0,3.0,0.0,0.0,0.0,0.0,1.0,3.0,2.0,430.086,70.621,1.0,12307965
PSAVK69,536771,2021-01-15 07:52:00-05:00,2021-01-15 23:54:00-05:00,2021-01-20 09:51:08.492000-05:00,2021-01-20 10:02:25.656000-05:00,2,2.0,1.0,382.26,191.1205,2.0,Treatment 1,186.564,25.2915,5.0,3.0,1.0,1.0,4.0,4.0,0.0,0.0,5.0,2.0,0.0,0.0,0.0,1.0,3.0,3.0,59.144,19.7063333333333,1.0,12309355
PSAVK69,536772,2021-01-15 07:52:00-05:00,2021-01-15 23:54:00-05:00,2021-01-20 08:21:00.762000-05:00,2021-01-20 08:26:26.571000-05:00,1,2.0,2.0,34.02,16.9985,1.0,Treatment 1,174.652,25.7821666666667,6.0,5.0,1.0,1.0,6.0,6.0,0.0,0.0,6.0,1.0,0.0,0.0,0.0,1.0,3.0,3.0,67.132,22.371,1.0,12301445
PSAVK69,536774,2021-01-15 07:52:00-05:00,2021-01-15 23:54:00-05:00,2021-01-20 09:39:24.440000-05:00,2021-01-20 09:47:11.793000-05:00,1,2.0,1.0,94.666,47.328,1.0,Treatment 2,200.054,66.68,3.0,3.0,,,3.0,3.0,0.0,0.0,3.0,0.0,0.0,0.0,0.0,1.0,3.0,3.0,149.09,49.6933333333333,1.0,12308097
PSAVK69,536858,2021-01-15 07:52:00-05:00,2021-01-15 23:54:00-05:00,2021-01-20 09:58:42.830000-05:00,2021-01-20 17:21:35.849000-05:00,5,2.0,2.0,25784.626,12892.3045,2.0,Treatment 1,452.437,150.807333333333,3.0,3.0,,,3.0,3.0,0.0,0.0,3.0,0.0,0.0,0.0,0.0,1.0,3.0,1.0,293.554,59.599,1.0,12310202
PSAVK69,536861,2021-01-15 07:52:00-05:00,2021-01-15 23:54:00-05:00,2021-01-20 10:47:58.390000-05:00,,1,,,,,,Not Assigned,,,,,,,,,,,,,,,,,,,,,,12316541
PSAVK69,536966,2021-01-15 07:52:00-05:00,2021-01-15 23:54:00-05:00,2021-01-20 08:22:33.129000-05:00,2021-01-20 10:42:23.626000-05:00,3,2.0,2.0,8062.609,4031.302,2.0,Treatment 1,179.286,59.7606666666667,3.0,3.0,,,3.0,3.0,0.0,0.0,3.0,0.0,0.0,0.0,0.0,1.0,3.0,3.0,127.04,42.3456666666667,1.0,12301527
PSAVK69,537019,2021-01-15 07:52:00-05:00,2021-01-15 23:54:00-05:00,2021-01-20 11:32:31.986000-05:00,2021-01-20 17:44:20.011000-05:00,3,2.0,1.0,19809.287,9904.638,2.0,Treatment 3,219.905,44.77025,4.0,3.0,1.0,1.0,4.0,4.0,0.0,0.0,4.0,1.0,0.0,0.0,0.0,1.0,3.0,3.0,378.335,126.107333333333,1.0,12322645
PSAVK69,537115,2021-01-15 07:52:00-05:00,2021-01-15 23:54:00-05:00,2021-01-20 10:37:58.128000-05:00,2021-01-20 18:11:26.992000-05:00,4,2.0,1.0,79.395,39.6915,1.0,Treatment 2,1017.705,101.715125,8.0,5.0,2.0,2.0,8.0,8.0,0.0,0.0,8.0,3.0,0.0,0.0,0.0,2.0,3.0,3.0,26010.19,8670.05733333333,2.0,12315267
PSAVK69,537208,2021-01-15 07:52:00-05:00,2021-01-15 23:54:00-05:00,2021-01-20 10:01:22.250000-05:00,2021-01-21 21:51:46.698000-05:00,7,2.0,1.0,127735.81,63867.896,2.0,Treatment 3,1022.934,113.602,6.0,4.0,2.0,2.0,6.0,6.0,0.0,0.0,6.0,2.0,0.0,0.0,0.0,1.0,3.0,2.0,223.497,69.419,1.0,12310569
PSAVK69,546363,2021-01-15 07:52:00-05:00,2021-01-15 23:54:00-05:00,2021-01-20 09:44:46.297000-05:00,2021-01-20 11:51:06.339000-05:00,2,2.0,1.0,5815.879,2907.9285,2.0,Treatment 2,1072.781,258.346,4.0,3.0,1.0,1.0,3.0,6.0,0.0,0.0,4.0,1.0,0.0,0.0,0.0,1.0,3.0,3.0,639.959,213.315666666667,1.0,12308624
PSAVK69,547260,2021-01-15 14:26:17.659000-05:00,2021-01-15 19:26:00-05:00,2021-01-15 14:28:04.060000-05:00,,1,1.0,,,,1.0,Not Assigned,,,,,,,,,,,,,,,,,,,,,,12200338
PSAVK69,549393,2020-10-12 10:35:00.438000-04:00,2020-10-13 10:36:00-04:00,2020-10-12 11:25:17.003000-04:00,2020-10-14 10:30:40.349000-04:00,8,2.0,1.0,4052.886,2026.411,1.0,Treatment 3,161476.814,109.882,13.0,5.0,3.0,3.0,10.0,11.0,0.0,0.0,13.0,8.0,0.0,0.0,0.0,4.0,3.0,2.0,213.448,43.9516666666667,1.0,7588662
PSAVK69,558518,2020-10-12 10:35:00.437000-04:00,2020-10-13 10:36:00-04:00,2020-10-12 15:39:40.597000-04:00,,4,1.0,,,,1.0,Not Assigned,,,,,,,,,,,,,,,,,,,,,,7620519
PSAVK69,569630,2020-11-20 12:34:38.635000-05:00,,2020-11-20 12:39:37.530000-05:00,2020-11-20 14:17:20.872000-05:00,1,2.0,2.0,5497.001,2748.496,1.0,Treatment 1,187.441,62.4773333333333,3.0,3.0,,,3.0,3.0,0.0,0.0,3.0,0.0,0.0,0.0,0.0,1.0,3.0,3.0,126.768,42.2533333333333,1.0,10162591
PSAVK69,569892,2020-10-12 10:35:00.437000-04:00,2020-10-13 10:36:00-04:00,2020-10-12 15:19:59.475000-04:00,,1,1.0,,,,1.0,Not Assigned,,,,,,,,,,,,,,,,,,,,,,7618731
PSAVK69,583258,2021-05-27 08:31:39.048000-04:00,,2021-05-27 10:07:54.219000-04:00,,1,2.0,1.0,129.204,64.586,1.0,Treatment 3,399.262,118.6705,2.0,1.0,,,2.0,3.0,0.0,0.0,2.0,1.0,0.0,0.0,0.0,1.0,,,,,,16632118
PSAVK69,583329,2021-05-27 08:31:39.048000-04:00,,2021-05-27 10:20:43.866000-04:00,2021-05-27 10:28:12.398000-04:00,1,2.0,1.0,137.424,68.687,1.0,Treatment 1,280.183,35.5723333333333,6.0,3.0,1.0,1.0,6.0,9.0,0.0,0.0,6.0,3.0,0.0,0.0,0.0,1.0,3.0,3.0,10.779,3.587,1.0,16632521
PSAVK69,583330,2021-05-27 08:31:39.048000-04:00,,2021-05-27 10:04:41.465000-04:00,2021-05-27 10:16:02.605000-04:00,1,2.0,1.0,155.8,77.8845,1.0,Treatment 3,175.29,58.4236666666667,3.0,3.0,,,3.0,3.0,0.0,0.0,3.0,0.0,0.0,0.0,0.0,1.0,3.0,3.0,287.367,95.7833333333333,1.0,16632009
PSAVK69,583331,2021-05-27 08:31:39.048000-04:00,,2021-05-27 10:06:56.951000-04:00,2021-05-27 10:17:32.816000-04:00,4,2.0,1.0,125.846,62.916,1.0,Treatment 3,285.877,47.55,4.0,3.0,1.0,1.0,4.0,6.0,0.0,0.0,4.0,1.0,0.0,0.0,0.0,3.0,3.0,2.0,104.676,32.11,1.0,16632085
PSAVK69,583332,2021-05-27 08:31:39.048000-04:00,,2021-05-27 10:11:09.804000-04:00,,1,1.0,,,,1.0,Not Assigned,,,,,,,,,,,,,,,,,,,,,,16632229
PSAVK69,583338,2021-05-27 08:31:39.048000-04:00,,2021-05-27 10:12:39.867000-04:00,,1,2.0,1.0,194.738,97.361,1.0,Treatment 3,291.521,109.963,1.0,0.0,,,0.0,2.0,0.0,0.0,1.0,1.0,0.0,0.0,0.0,1.0,,,,,,16632267
PSAVK69,583345,2021-05-27 08:31:39.048000-04:00,,2021-05-27 10:07:50.780000-04:00,2021-05-27 10:25:33.797000-04:00,2,2.0,1.0,147.666,73.8175,1.0,Treatment 2,236.789,37.506,4.0,3.0,1.0,1.0,4.0,5.0,0.0,0.0,4.0,1.0,0.0,0.0,0.0,1.0,3.0,1.0,645.117,211.205666666667,2.0,16632114
PSAVK69,583348,2021-05-27 08:31:39.048000-04:00,,2021-05-27 10:14:49.632000-04:00,,1,2.0,1.0,204.26,102.1135,1.0,Treatment 1,78.283,6.135,4.0,0.0,0.0,0.0,4.0,8.0,0.0,0.0,4.0,4.0,0.0,0.0,0.0,1.0,,,,,,16632332
PSAVK69,583357,2021-05-27 08:31:39.048000-04:00,,2021-05-27 10:07:01.692000-04:00,,5,2.0,1.0,244.753,122.3535,1.0,Treatment 3,883.625,149.967,5.0,1.0,1.0,1.0,3.0,6.0,0.0,0.0,5.0,3.0,0.0,0.0,0.0,4.0,,,,,,16632090
PSAVK69,583371,2021-05-27 08:31:39.048000-04:00,,2021-05-27 10:00:19.675000-04:00,,1,2.0,1.0,559.113,279.539,1.0,Treatment 3,,,1.0,,,,,0.0,0.0,0.0,1.0,0.0,0.0,0.0,0.0,1.0,,,,,,16631850
PSAVK69,583379,2021-05-27 08:31:39.048000-04:00,,2021-05-27 10:07:18.768000-04:00,,1,1.0,,,,1.0,Not Assigned,,,,,,,,,,,,,,,,,,,,,,16632099
PSAVK69,583386,2021-05-27 08:31:39.048000-04:00,,2021-05-27 10:04:29.225000-04:00,2021-05-27 10:26:04.432000-04:00,3,2.0,1.0,144.03,71.998,1.0,Treatment 1,1065.678,141.483,6.0,3.0,1.0,1.0,4.0,8.0,0.0,0.0,6.0,3.0,0.0,0.0,0.0,2.0,3.0,2.0,40.695,11.0336666666667,1.0,16632000
PSAVK69,583390,2021-05-27 08:31:39.048000-04:00,,2021-05-27 10:10:38.125000-04:00,,3,2.0,1.0,181.509,90.745,1.0,Treatment 2,448.755,141.154,2.0,0.0,,,0.0,3.0,0.0,0.0,2.0,1.0,0.0,0.0,0.0,2.0,,,,,,16632219
PSAVK69,583392,2021-05-27 08:31:39.048000-04:00,,2021-05-27 10:10:18.879000-04:00,,2,2.0,1.0,23.062,11.522,1.0,Treatment 2,1150.573,885.571,1.0,0.0,,,0.0,1.0,0.0,0.0,1.0,1.0,0.0,0.0,0.0,2.0,,,,,,16632209
PSAVK69,583408,2021-05-27 08:31:39.048000-04:00,,2021-05-27 10:10:26.289000-04:00,,1,1.0,,,,1.0,Not Assigned,,,,,,,,,,,,,,,,,,,,,,16632216
PSAVK69,588153,2020-12-07 08:41:29.246000-05:00,2021-01-29 08:43:00-05:00,2020-12-07 15:00:01.325000-05:00,2020-12-07 15:16:13.681000-05:00,1,2.0,2.0,223.9,111.947,1.0,Treatment 3,121.263,40.419,3.0,3.0,,,3.0,3.0,0.0,0.0,3.0,0.0,0.0,0.0,0.0,1.0,3.0,1.0,551.936,122.638666666667,1.0,10827738
PSAVK69,590822,2020-10-12 10:35:00.439000-04:00,2020-10-13 10:36:00-04:00,2020-10-12 14:29:54.375000-04:00,,4,2.0,1.0,195183.559,97591.758,2.0,Treatment 2,476.616,,2.0,0.0,,,0.0,0.0,0.0,0.0,2.0,1.0,0.0,0.0,0.0,1.0,,,,,,7613001
PSAVK69,592015,2020-11-20 12:34:38.635000-05:00,,2020-11-20 14:10:28.325000-05:00,2020-11-20 14:52:17.209000-05:00,2,2.0,2.0,661.643,330.8135,1.0,Treatment 2,1673.828,199.155,8.0,5.0,1.0,1.0,8.0,9.0,0.0,0.0,8.0,3.0,0.0,0.0,0.0,1.0,3.0,1.0,74.907,19.9743333333333,1.0,10174230
PSAVK69,592750,2020-12-07 08:41:29.246000-05:00,2021-01-29 08:43:00-05:00,2020-12-08 13:50:43.485000-05:00,,1,2.0,1.0,87.937,43.966,1.0,Treatment 1,156.811,50.98,3.0,1.0,,,2.0,2.0,0.0,0.0,3.0,1.0,0.0,0.0,0.0,1.0,,,,,,10905366
PSAVK69,592972,2020-12-07 08:41:29.246000-05:00,2021-01-29 08:43:00-05:00,2021-01-20 14:10:59.131000-05:00,2021-01-20 14:18:41.269000-05:00,1,2.0,1.0,111.426,55.71,1.0,Treatment 1,201.573,14.7248,10.0,6.0,3.0,3.0,10.0,10.0,0.0,0.0,10.0,4.0,0.0,0.0,0.0,1.0,3.0,2.0,124.727,38.0933333333333,1.0,12342597
PSAVK69,594052,2020-12-07 08:41:29.246000-05:00,2021-01-29 08:43:00-05:00,2020-12-10 16:20:50.032000-05:00,2020-12-10 16:30:48.184000-05:00,1,2.0,1.0,110.125,55.05,1.0,Treatment 1,175.435,26.255,6.0,5.0,1.0,1.0,6.0,6.0,0.0,0.0,6.0,1.0,0.0,0.0,0.0,1.0,3.0,2.0,270.91,44.9673333333333,1.0,11086752
PSAVK69,596317,2020-12-07 08:41:29.246000-05:00,2021-01-29 08:43:00-05:00,2020-12-07 13:13:37.243000-05:00,2020-12-11 13:59:39.020000-05:00,2,2.0,1.0,57.495,28.745,1.0,Treatment 1,348245.688,22.623,6.0,3.0,1.0,1.0,5.0,5.0,0.0,0.0,6.0,3.0,0.0,0.0,0.0,2.0,3.0,2.0,31.233,9.02433333333333,1.0,10809440
PSAVK69,597228,2020-12-07 08:41:29.246000-05:00,2021-01-29 08:43:00-05:00,2020-12-07 13:54:06.740000-05:00,2021-01-14 14:07:00.164000-05:00,2,2.0,1.0,184.798,92.397,1.0,Treatment 3,3283587.041,1094529.01133333,3.0,3.0,,,3.0,3.0,0.0,0.0,3.0,0.0,0.0,0.0,0.0,2.0,3.0,2.0,177.521,57.6853333333333,1.0,10816667
PSAVK69,597231,2020-12-07 08:41:29.246000-05:00,2021-01-29 08:43:00-05:00,2020-12-11 13:56:40.254000-05:00,,1,1.0,,,,1.0,Not Assigned,,,,,,,,,,,,,,,,,,,,,,11142432
PSAVK69,597235,2020-12-07 08:41:29.246000-05:00,2021-01-29 08:43:00-05:00,2020-12-08 13:27:39.330000-05:00,2020-12-08 13:51:01.203000-05:00,2,2.0,1.0,345.235,172.6135,2.0,Treatment 2,927.904,309.294666666667,3.0,3.0,,,3.0,3.0,0.0,0.0,3.0,0.0,0.0,0.0,0.0,1.0,3.0,2.0,93.712,29.0156666666667,1.0,10901101
PSAVK69,597237,2020-12-07 08:41:29.246000-05:00,2021-01-29 08:43:00-05:00,2020-12-07 13:46:49.783000-05:00,2020-12-07 13:54:58.249000-05:00,2,2.0,1.0,30.442,15.2175,1.0,Treatment 2,281.595,18.7718,5.0,3.0,1.0,1.0,5.0,5.0,0.0,0.0,5.0,2.0,0.0,0.0,0.0,1.0,3.0,3.0,99.685,33.2246666666667,1.0,10815340
PSAVK69,597243,2020-12-07 08:41:29.246000-05:00,2021-01-29 08:43:00-05:00,2020-12-07 13:52:02.081000-05:00,2020-12-07 13:59:05.238000-05:00,1,2.0,1.0,52.208,26.1015,1.0,Treatment 3,127.82,42.6043333333333,3.0,3.0,,,3.0,3.0,0.0,0.0,3.0,0.0,0.0,0.0,0.0,1.0,3.0,2.0,198.747,64.5553333333333,1.0,10816277
PSAVK69,597245,2020-12-07 08:41:29.246000-05:00,2021-01-29 08:43:00-05:00,2020-12-07 13:52:39.892000-05:00,2020-12-07 13:59:48.470000-05:00,1,2.0,1.0,50.269,25.131,1.0,Treatment 1,80.955,26.982,3.0,3.0,,,3.0,3.0,0.0,0.0,3.0,0.0,0.0,0.0,0.0,1.0,3.0,3.0,273.053,91.0126666666667,1.0,10816409
PSAVK69,597246,2020-12-07 08:41:29.246000-05:00,2021-01-29 08:43:00-05:00,2020-12-07 13:50:39.263000-05:00,2020-12-07 13:57:02.891000-05:00,2,2.0,1.0,89.938,44.966,1.0,Treatment 3,147.505,17.9193333333333,6.0,5.0,1.0,1.0,6.0,6.0,0.0,0.0,6.0,1.0,0.0,0.0,0.0,2.0,3.0,3.0,98.919,32.9706666666667,1.0,10816029
PSAVK69,597254,2020-12-07 08:41:29.246000-05:00,2021-01-29 08:43:00-05:00,2020-12-07 13:53:38.964000-05:00,2020-12-07 13:57:50.268000-05:00,1,2.0,1.0,34.133,17.063,1.0,Treatment 1,68.938,22.976,3.0,3.0,,,3.0,3.0,0.0,0.0,3.0,0.0,0.0,0.0,0.0,1.0,3.0,3.0,115.554,38.508,1.0,10816581
PSAVK69,597258,2020-12-07 08:41:29.246000-05:00,2021-01-29 08:43:00-05:00,2020-12-07 13:47:41.969000-05:00,2020-12-07 13:52:43.054000-05:00,1,2.0,1.0,30.047,15.021,1.0,Treatment 1,66.659,22.218,3.0,3.0,,,3.0,3.0,0.0,0.0,3.0,0.0,0.0,0.0,0.0,1.0,3.0,3.0,187.155,62.382,1.0,10815489
PSAVK69,597267,2020-12-07 08:41:29.246000-05:00,2021-01-29 08:43:00-05:00,2020-12-07 11:21:14.827000-05:00,2020-12-07 11:30:13.789000-05:00,1,2.0,2.0,277.576,138.785,1.0,Treatment 1,93.476,31.156,3.0,3.0,,,3.0,3.0,0.0,0.0,3.0,0.0,0.0,0.0,0.0,1.0,3.0,2.0,136.477,42.0356666666667,1.0,10789098
PSAVK69,597272,2020-12-07 08:41:29.246000-05:00,2021-01-29 08:43:00-05:00,2020-12-08 13:30:27.526000-05:00,2020-12-08 13:52:43.030000-05:00,1,2.0,1.0,68.619,34.3045,1.0,Treatment 1,1112.136,26.6435,10.0,7.0,2.0,2.0,10.0,10.0,0.0,0.0,10.0,3.0,0.0,0.0,0.0,1.0,3.0,2.0,109.262,35.189,1.0,10901600
PSAVK69,597273,2020-12-07 08:41:29.246000-05:00,2021-01-29 08:43:00-05:00,2020-12-15 13:44:40.451000-05:00,,2,1.0,,,,1.0,Not Assigned,,,,,,,,,,,,,,,,,,,,,,11294511
PSAVK69,597282,2020-12-07 08:41:29.246000-05:00,2021-01-29 08:43:00-05:00,2020-12-09 14:10:42.684000-05:00,2020-12-09 14:15:33.842000-05:00,1,2.0,1.0,22.604,11.2985,1.0,Treatment 3,167.049,18.5332,5.0,4.0,1.0,1.0,5.0,5.0,0.0,0.0,5.0,1.0,0.0,0.0,0.0,1.0,3.0,2.0,71.337,18.5313333333333,1.0,10991437
PSAVK69,605380,2020-09-08 10:04:35.363000-04:00,2020-09-09 10:06:00-04:00,2020-09-08 19:57:33.045000-04:00,2020-09-08 20:50:46-04:00,2,2.0,0.0,1674.036,837.0005,2.0,Treatment 2,1061.565,167.229833333333,6.0,4.0,2.0,2.0,6.0,6.0,0.0,0.0,6.0,2.0,0.0,0.0,0.0,1.0,3.0,2.0,315.223,95.288,1.0,4942905
PSAVK69,605394,2020-09-08 10:04:35.363000-04:00,2020-09-09 10:06:00-04:00,2020-09-08 10:39:23.653000-04:00,2020-09-08 15:31:23.800000-04:00,6,2.0,0.0,298.867,149.428,1.0,Treatment 2,4479.518,1098.948,4.0,3.0,1.0,1.0,4.0,4.0,0.0,0.0,4.0,1.0,0.0,0.0,0.0,3.0,3.0,2.0,589.237,178.410333333333,1.0,4873900
PSAVK69,605404,2020-09-08 10:04:35.363000-04:00,2020-09-09 10:06:00-04:00,2020-09-08 15:18:35.456000-04:00,2020-09-08 15:28:12.649000-04:00,1,2.0,1.0,130.298,65.1465,1.0,Treatment 3,271.923,90.6373333333333,3.0,3.0,,,3.0,3.0,0.0,0.0,3.0,0.0,0.0,0.0,0.0,1.0,3.0,3.0,131.252,43.748,1.0,4923338
PSAVK69,605406,2020-09-08 10:04:35.363000-04:00,2020-09-09 10:06:00-04:00,2020-09-08 17:05:00.932000-04:00,2020-09-08 17:33:44.286000-04:00,1,2.0,0.0,949.2,474.595,1.0,Treatment 1,384.509,72.039,5.0,4.0,1.0,1.0,5.0,6.0,0.0,0.0,5.0,1.0,0.0,0.0,0.0,1.0,3.0,3.0,248.023,82.6653333333333,1.0,4934557
PSAVK69,605409,2020-09-08 10:04:35.363000-04:00,2020-09-09 10:06:00-04:00,2020-09-08 16:57:16.822000-04:00,2020-09-08 17:18:25.396000-04:00,1,2.0,1.0,336.781,168.3845,1.0,Treatment 1,406.233,135.406333333333,3.0,3.0,,,3.0,3.0,0.0,0.0,3.0,0.0,0.0,0.0,0.0,1.0,3.0,3.0,404.767,134.917666666667,1.0,4933842
PSAVK69,605468,2020-09-08 10:04:35.363000-04:00,2020-09-09 10:06:00-04:00,2020-09-08 14:08:06.070000-04:00,2020-09-08 15:37:36.685000-04:00,4,2.0,1.0,4376.441,2188.218,2.0,Treatment 1,193.865,64.6193333333333,3.0,3.0,,,3.0,3.0,0.0,0.0,3.0,0.0,0.0,0.0,0.0,1.0,3.0,2.0,765.725,252.392333333333,2.0,4911260
PSAVK69,605473,2020-09-08 10:04:35.363000-04:00,2020-09-09 10:06:00-04:00,2020-09-08 13:56:12.157000-04:00,2020-09-08 20:54:07.524000-04:00,3,2.0,1.0,24045.604,12022.789,2.0,Treatment 3,287.453,95.812,3.0,3.0,,,3.0,3.0,0.0,0.0,3.0,0.0,0.0,0.0,0.0,1.0,3.0,2.0,699.312,231.656666666667,1.0,4908839
PSAVK69,605486,2020-09-08 10:04:35.363000-04:00,2020-09-09 10:06:00-04:00,2020-09-08 13:54:08.829000-04:00,2020-09-08 19:54:23.080000-04:00,4,2.0,0.0,20795.849,10397.9185,2.0,Treatment 1,522.227,48.12625,6.0,3.0,1.0,1.0,4.0,4.0,0.0,0.0,6.0,3.0,0.0,0.0,0.0,2.0,3.0,2.0,226.569,69.155,1.0,4908509
PSAVK69,605495,2020-09-08 10:04:35.363000-04:00,2020-09-09 10:06:00-04:00,2020-09-08 13:53:48.670000-04:00,2020-09-08 14:05:34.216000-04:00,1,2.0,0.0,186.648,93.317,1.0,Treatment 1,363.366,25.1135714285714,9.0,5.0,3.0,3.0,7.0,8.0,0.0,0.0,9.0,4.0,0.0,0.0,0.0,1.0,3.0,2.0,105.753,33.14,1.0,4908440
PSAVK69,606792,2020-09-08 10:45:27.808000-04:00,2020-09-09 10:47:00-04:00,2020-09-08 15:37:52.897000-04:00,,1,1.0,,,,1.0,Not Assigned,,,,,,,,,,,,,,,,,,,,,,4925900
PSAVK69,606795,2020-09-08 10:45:27.808000-04:00,2020-09-09 10:47:00-04:00,2020-09-08 18:57:29.998000-04:00,,6,1.0,,,,1.0,Not Assigned,,,,,,,,,,,,,,,,,,,,,,4940552
PSAVK69,606812,2020-09-08 10:45:27.808000-04:00,2020-09-09 10:47:00-04:00,2020-09-08 17:11:21.608000-04:00,2020-09-08 17:29:48.898000-04:00,1,2.0,1.0,496.233,248.1135,1.0,Treatment 3,314.915,104.97,3.0,3.0,,,3.0,3.0,0.0,0.0,3.0,0.0,0.0,0.0,0.0,1.0,3.0,3.0,187.267,62.421,1.0,4934999
PSAVK69,606813,2020-09-08 10:45:27.808000-04:00,2020-09-09 10:47:00-04:00,2020-09-08 17:41:32.370000-04:00,,1,1.0,,,,1.0,Not Assigned,,,,,,,,,,,,,,,,,,,,,,4936911
PSAVK69,606821,2020-09-08 10:45:27.808000-04:00,2020-09-09 10:47:00-04:00,2020-09-08 20:10:36.987000-04:00,,2,1.0,,,,1.0,Not Assigned,,,,,,,,,,,,,,,,,,,,,,4943402
PSAVK69,608394,2021-04-06 11:00:00-04:00,2021-04-08 20:00:00-04:00,2021-04-06 13:46:28.764000-04:00,,1,1.0,,,,1.0,Not Assigned,,,,,,,,,,,,,,,,,,,,,,15292543
PSAVK69,608442,2020-10-12 10:35:00.438000-04:00,2020-10-13 10:36:00-04:00,2020-11-11 17:34:55.207000-05:00,,1,1.0,,,,1.0,Not Assigned,,,,,,,,,,,,,,,,,,,,,,9584032
PSAVK69,608839,2020-10-14 14:30:00-04:00,2020-10-15 08:00:00-04:00,2020-10-14 16:21:36.809000-04:00,2020-10-14 21:43:12.932000-04:00,2,2.0,1.0,193.481,96.738,1.0,Treatment 3,18665.218,3720.648,5.0,3.0,1.0,1.0,4.0,6.0,0.0,0.0,5.0,2.0,0.0,0.0,0.0,2.0,3.0,3.0,346.077,115.357,1.0,7817778
PSAVK69,608864,2020-10-14 14:30:00-04:00,2020-10-15 08:00:00-04:00,2020-10-14 15:00:26.029000-04:00,2020-10-14 19:33:25.071000-04:00,2,2.0,2.0,2288.285,1144.138,2.0,Treatment 1,522.617,174.202333333333,3.0,3.0,,,3.0,3.0,0.0,0.0,3.0,0.0,0.0,0.0,0.0,1.0,3.0,3.0,477.781,159.253333333333,1.0,7809319
PSAVK69,608867,2020-10-14 14:30:00-04:00,2020-10-15 08:00:00-04:00,2020-10-14 17:50:00.067000-04:00,,1,1.0,,,,1.0,Not Assigned,,,,,,,,,,,,,,,,,,,,,,7822986
PSAVK69,608873,2020-10-14 14:30:00-04:00,2020-10-15 08:00:00-04:00,2020-10-14 15:24:42.561000-04:00,,1,2.0,1.0,179.836,89.901,1.0,Treatment 3,147.607,50.19,2.0,0.0,,,1.0,1.0,0.0,0.0,2.0,2.0,0.0,0.0,0.0,1.0,,,,,,7812161
PSAVK69,608883,2020-10-14 14:30:00-04:00,2020-10-15 08:00:00-04:00,2020-10-14 16:11:22.097000-04:00,,3,1.0,,,,1.0,Not Assigned,,,,,,,,,,,,,,,,,,,,,,7816953
PSAVK69,608888,2020-10-14 14:30:00-04:00,2020-10-15 08:00:00-04:00,2020-10-14 18:18:22.258000-04:00,2020-10-14 18:34:29.315000-04:00,2,2.0,1.0,120.02,60.0075,1.0,Treatment 3,494.706,40.285,5.0,4.0,1.0,1.0,5.0,5.0,0.0,0.0,5.0,1.0,0.0,0.0,0.0,2.0,3.0,2.0,261.995,65.958,1.0,7824207
PSAVK69,609054,2020-10-14 14:30:00-04:00,2020-10-15 08:00:00-04:00,2020-10-14 15:12:38.097000-04:00,,1,1.0,,,,1.0,Not Assigned,,,,,,,,,,,,,,,,,,,,,,7810864
PSAVK69,609088,2020-10-14 14:30:00-04:00,2020-10-15 08:00:00-04:00,2020-10-14 15:38:51.948000-04:00,2020-10-15 07:17:36.436000-04:00,3,2.0,1.0,442.56,221.2735,1.0,Treatment 2,55682.057,31.742,7.0,5.0,2.0,2.0,6.0,8.0,0.0,0.0,7.0,2.0,0.0,0.0,0.0,3.0,3.0,2.0,155.113,49.426,1.0,7813708
PSAVK69,609128,2020-10-14 14:30:00-04:00,2020-10-15 08:00:00-04:00,2020-10-14 19:41:03.589000-04:00,2020-10-14 19:56:15.804000-04:00,1,2.0,1.0,127.969,63.981,1.0,Treatment 2,390.113,40.679,4.0,3.0,1.0,1.0,3.0,3.0,0.0,0.0,4.0,1.0,0.0,0.0,0.0,1.0,3.0,2.0,359.746,106.658333333333,1.0,7827286
PSAVK69,609387,2021-04-06 11:00:00-04:00,2021-04-08 20:00:00-04:00,2021-04-06 11:40:40.664000-04:00,2021-04-08 13:51:39.456000-04:00,4,2.0,1.0,180327.978,90163.9855,2.0,Treatment 2,164.326,38.3445,4.0,3.0,1.0,1.0,4.0,4.0,0.0,0.0,4.0,1.0,0.0,0.0,0.0,1.0,3.0,2.0,116.994,22.693,1.0,15282487
PSAVK69,609421,2021-04-06 11:00:00-04:00,2021-04-08 20:00:00-04:00,2021-04-07 17:37:46.545000-04:00,,1,1.0,,,,1.0,Not Assigned,,,,,,,,,,,,,,,,,,,,,,15340155
PSAVK69,609677,2020-10-14 14:30:00-04:00,2020-10-15 08:00:00-04:00,2020-10-14 16:01:30.540000-04:00,,2,2.0,1.0,99.596,49.7935,1.0,Treatment 3,418.545,,2.0,0.0,,,0.0,0.0,0.0,0.0,2.0,1.0,0.0,0.0,0.0,1.0,,,,,,7816019
PSAVK69,609970,2021-04-06 11:00:00-04:00,2021-04-08 20:00:00-04:00,2021-04-06 11:21:36.179000-04:00,2021-04-06 12:07:30.743000-04:00,3,2.0,1.0,594.941,297.4605,2.0,Treatment 1,1951.615,60.7228333333333,8.0,3.0,1.0,1.0,3.0,6.0,0.0,0.0,8.0,5.0,0.0,0.0,0.0,1.0,3.0,2.0,123.568,33.0606666666667,1.0,15280982
PSAVK69,609997,2021-04-06 11:00:00-04:00,2021-04-08 20:00:00-04:00,2021-04-06 11:39:16.818000-04:00,2021-04-08 14:29:00.142000-04:00,2,2.0,1.0,2935.574,1467.7795,1.0,Treatment 3,179396.664,1245.5855,4.0,3.0,1.0,1.0,4.0,4.0,0.0,0.0,4.0,1.0,0.0,0.0,0.0,3.0,3.0,1.0,96.37,23.809,1.0,15282368
PSAVK69,613807,2021-04-06 11:00:00-04:00,2021-04-08 20:00:00-04:00,2021-04-07 15:36:04.043000-04:00,2021-04-07 15:49:17.896000-04:00,1,2.0,2.0,321.682,160.84,1.0,Treatment 2,285.363,49.2764,5.0,4.0,1.0,1.0,5.0,5.0,0.0,0.0,5.0,1.0,0.0,0.0,0.0,1.0,3.0,3.0,163.461,54.486,1.0,15336925
PSAVK69,615472,2020-12-15 15:20:51.534000-05:00,2020-12-16 15:22:00-05:00,2020-12-15 15:25:52.327000-05:00,2020-12-15 16:03:18.848000-05:00,2,2.0,1.0,348.666,174.312,2.0,Treatment 2,1693.014,97.544,9.0,4.0,2.0,2.0,8.0,8.0,0.0,0.0,9.0,5.0,0.0,0.0,0.0,1.0,3.0,2.0,150.747,40.795,1.0,11307919
PSAVK69,615476,2020-12-15 15:20:51.534000-05:00,2020-12-16 15:22:00-05:00,2020-12-15 18:44:05.155000-05:00,2020-12-15 19:07:23.242000-05:00,2,2.0,1.0,775.869,387.9185,1.0,Treatment 3,218.29,41.5756,5.0,4.0,1.0,1.0,5.0,5.0,0.0,0.0,5.0,1.0,0.0,0.0,0.0,1.0,3.0,3.0,367.76,122.577333333333,1.0,11317760
PSAVK69,616081,2020-12-15 15:20:51.534000-05:00,2020-12-16 15:22:00-05:00,2020-12-15 15:52:48.655000-05:00,2020-12-15 16:47:57.779000-05:00,4,2.0,1.0,2882.323,1441.146,2.0,Treatment 1,229.254,20.8571666666667,8.0,3.0,1.0,1.0,6.0,6.0,0.0,0.0,8.0,5.0,0.0,0.0,0.0,3.0,3.0,1.0,106.042,31.26,1.0,11310134
PSAVK69,616152,2020-12-15 15:20:51.534000-05:00,2020-12-16 15:22:00-05:00,2020-12-15 15:22:49.539000-05:00,2020-12-15 15:31:26.055000-05:00,1,2.0,1.0,139.834,69.91,1.0,Treatment 1,164.51,31.3545,4.0,3.0,1.0,1.0,4.0,5.0,0.0,0.0,4.0,1.0,0.0,0.0,0.0,1.0,3.0,3.0,161.289,53.7566666666667,1.0,11307617
PSAVK69,616531,2021-01-25 12:07:00-05:00,2021-01-25 18:09:00-05:00,2021-01-25 12:30:07.721000-05:00,,5,2.0,1.0,1994607.824,997303.904,2.0,Treatment 2,105.453,19.1813333333333,3.0,2.0,,,3.0,3.0,0.0,0.0,3.0,1.0,0.0,0.0,0.0,1.0,,,,,,12535147
PSAVK69,616729,2020-12-15 15:20:51.534000-05:00,2020-12-16 15:22:00-05:00,2020-12-18 17:32:57.358000-05:00,,1,,,,,,Not Assigned,,,,,,,,,,,,,,,,,,,,,,11460909
PSAVK69,618219,2020-12-15 15:20:51.534000-05:00,2020-12-16 15:22:00-05:00,2020-12-15 15:22:19.268000-05:00,,3,2.0,1.0,173317.44,86658.703,2.0,Treatment 2,304.99,32.588,2.0,0.0,0.0,0.0,1.0,1.0,0.0,0.0,2.0,2.0,0.0,0.0,0.0,1.0,,,,,,11307570
PSAVK69,618833,2020-09-08 10:04:35.363000-04:00,2020-09-09 10:06:00-04:00,2020-09-08 17:24:38.189000-04:00,2020-09-08 17:48:39.312000-04:00,2,2.0,0.0,583.721,291.8495,2.0,Treatment 3,343.554,114.512333333333,3.0,3.0,,,3.0,3.0,0.0,0.0,3.0,0.0,0.0,0.0,0.0,1.0,3.0,1.0,463.929,147.427333333333,1.0,4935873
PSAVK69,622482,2020-09-09 14:00:00-04:00,2020-09-10 08:00:00-04:00,2020-09-09 18:36:09.844000-04:00,,1,1.0,,,,1.0,Not Assigned,,,,,,,,,,,,,,,,,,,,,,5038410
PSAVK69,622485,2020-09-09 14:00:00-04:00,2020-09-10 08:00:00-04:00,2020-09-09 17:40:38.189000-04:00,,2,2.0,0.0,305.534,152.7625,1.0,Treatment 3,2036.349,113.6124,6.0,2.0,1.0,1.0,5.0,5.0,0.0,0.0,6.0,4.0,0.0,0.0,0.0,3.0,,,,,,5035934
PSAVK69,622498,2020-09-09 14:00:00-04:00,2020-09-10 08:00:00-04:00,2020-09-09 19:04:02.068000-04:00,2020-09-09 19:25:43.060000-04:00,1,2.0,0.0,85.138,42.5605,1.0,Treatment 3,978.593,71.2944,10.0,6.0,3.0,3.0,9.0,10.0,0.0,0.0,10.0,4.0,0.0,0.0,0.0,1.0,3.0,3.0,171.667,57.2153333333333,1.0,5039624
PSAVK69,622537,2020-09-09 14:00:00-04:00,2020-09-10 08:00:00-04:00,2020-09-09 19:19:02.831000-04:00,,1,1.0,,,,1.0,Not Assigned,,,,,,,,,,,,,,,,,,,,,,5040294
PSAVK69,622590,2020-09-09 14:00:00-04:00,2020-09-10 08:00:00-04:00,2020-09-10 06:36:20.797000-04:00,,1,1.0,,,,1.0,Not Assigned,,,,,,,,,,,,,,,,,,,,,,5050157
PSAVK69,622603,2020-09-09 14:00:00-04:00,2020-09-10 08:00:00-04:00,2020-09-09 15:31:57.984000-04:00,2020-09-09 15:49:10.636000-04:00,1,2.0,0.0,223.228,111.607,1.0,Treatment 1,323.181,107.720333333333,3.0,3.0,,,3.0,3.0,0.0,0.0,3.0,0.0,0.0,0.0,0.0,1.0,3.0,2.0,410.226,134.840666666667,1.0,5025206
PSAVK69,622607,2020-09-09 14:00:00-04:00,2020-09-10 08:00:00-04:00,2020-09-21 18:57:11.542000-04:00,2020-09-21 19:06:28.865000-04:00,1,2.0,1.0,127.134,63.5635,1.0,Treatment 1,305.17,56.0788,5.0,4.0,1.0,1.0,5.0,6.0,0.0,0.0,5.0,1.0,0.0,0.0,0.0,1.0,3.0,3.0,94.919,31.637,1.0,5989436
PSAVK69,625021,2021-05-27 08:31:39.048000-04:00,,2021-05-27 10:01:13.853000-04:00,2021-05-27 10:09:25.224000-04:00,1,2.0,2.0,123.704,61.826,1.0,Treatment 2,189.14,31.759,5.0,4.0,1.0,1.0,5.0,6.0,0.0,0.0,5.0,1.0,0.0,0.0,0.0,1.0,3.0,2.0,147.304,41.717,1.0,16631880
PSAVK69,626707,2021-04-06 11:00:00-04:00,2021-04-08 20:00:00-04:00,2021-04-06 12:09:01.451000-04:00,,3,2.0,1.0,470.529,235.259,1.0,Treatment 1,538.576,218.9825,3.0,0.0,0.0,0.0,2.0,6.0,0.0,0.0,3.0,3.0,0.0,0.0,0.0,2.0,,,,,,15284857
PSAVK69,627356,2020-12-15 15:20:51.534000-05:00,2020-12-16 15:22:00-05:00,2020-12-15 15:47:48.869000-05:00,2020-12-16 11:48:01.443000-05:00,2,2.0,1.0,69.206,34.5955,1.0,Treatment 2,241.193,40.0723333333333,4.0,3.0,1.0,1.0,3.0,3.0,0.0,0.0,4.0,1.0,0.0,0.0,0.0,2.0,3.0,1.0,111.684,33.839,1.0,11309743
PSAVK69,627898,2020-12-15 15:20:51.534000-05:00,2020-12-16 15:22:00-05:00,2021-01-12 15:34:36.688000-05:00,,1,1.0,,,,1.0,Not Assigned,,,,,,,,,,,,,,,,,,,,,,11998957
PSAVK69,649314,2020-12-07 08:41:29.246000-05:00,2021-01-29 08:43:00-05:00,2020-12-11 14:04:40.029000-05:00,,5,2.0,1.0,37.057,18.5255,1.0,Treatment 2,605027.881,86415.0324285714,7.0,4.0,2.0,2.0,7.0,7.0,0.0,0.0,7.0,3.0,0.0,0.0,0.0,4.0,,,,,,11143475
PSAVK69,654897,2021-04-06 11:00:00-04:00,2021-04-08 20:00:00-04:00,2021-04-06 11:34:45.228000-04:00,2021-04-09 03:34:00.471000-04:00,16,2.0,1.0,229686.509,114843.25,2.0,Treatment 1,164.892,54.9606666666667,3.0,3.0,,,3.0,3.0,0.0,0.0,3.0,0.0,0.0,0.0,0.0,1.0,3.0,2.0,463.471,152.893,1.0,15282020
PSAVK69,660946,2021-04-06 11:00:00-04:00,2021-04-08 20:00:00-04:00,2021-04-06 12:03:19.317000-04:00,2021-04-08 16:02:13.772000-04:00,3,2.0,1.0,182988.721,91494.34,2.0,Treatment 3,2313.161,142.989333333333,6.0,4.0,2.0,2.0,6.0,6.0,0.0,0.0,6.0,2.0,0.0,0.0,0.0,1.0,3.0,2.0,1599.269,183.882333333333,1.0,15284425
PSAVK69,664604,2021-01-25 12:07:00-05:00,2021-01-25 18:09:00-05:00,2021-01-25 12:13:32.148000-05:00,,1,1.0,,,,1.0,Not Assigned,,,,,,,,,,,,,,,,,,,,,,12532819
PSAVK69,665098,2020-12-15 15:20:51.534000-05:00,2020-12-16 15:22:00-05:00,2020-12-15 21:33:34.148000-05:00,,1,1.0,,,,1.0,Not Assigned,,,,,,,,,,,,,,,,,,,,,,11321701
PSAVK69,670905,2021-03-23 08:00:00-04:00,2021-03-23 23:59:00-04:00,2021-03-23 08:22:06.420000-04:00,,1,1.0,,,,1.0,Not Assigned,,,,,,,,,,,,,,,,,,,,,,14918999
PSAVK69,670922,2021-03-23 08:00:00-04:00,2021-03-23 23:59:00-04:00,2021-03-24 08:05:34.337000-04:00,,1,1.0,,,,1.0,Not Assigned,,,,,,,,,,,,,,,,,,,,,,14970152
PSAVK69,671263,2021-03-23 08:00:00-04:00,2021-03-23 23:59:00-04:00,2021-03-25 09:01:46.353000-04:00,,1,1.0,,,,1.0,Not Assigned,,,,,,,,,,,,,,,,,,,,,,15016831
PSAVK69,671264,2021-03-23 08:00:00-04:00,2021-03-23 23:59:00-04:00,2021-03-23 08:17:21.139000-04:00,,1,1.0,,,,1.0,Not Assigned,,,,,,,,,,,,,,,,,,,,,,14918883
PSAVK69,671274,2021-03-23 08:00:00-04:00,2021-03-23 23:59:00-04:00,2021-03-23 08:18:38.382000-04:00,,3,1.0,,,,1.0,Not Assigned,,,,,,,,,,,,,,,,,,,,,,14918915
PSAVK69,671306,2021-03-23 08:00:00-04:00,2021-03-23 23:59:00-04:00,2021-03-24 08:03:04.101000-04:00,,1,1.0,,,,1.0,Not Assigned,,,,,,,,,,,,,,,,,,,,,,14970081
PSAVK69,671337,2021-03-23 08:00:00-04:00,2021-03-23 23:59:00-04:00,2021-03-24 08:01:50.680000-04:00,,5,1.0,,,,1.0,Not Assigned,,,,,,,,,,,,,,,,,,,,,,14970058
PSAVK69,671421,2021-03-23 08:00:00-04:00,2021-03-23 23:59:00-04:00,2021-03-23 08:17:00.875000-04:00,,1,1.0,,,,1.0,Not Assigned,,,,,,,,,,,,,,,,,,,,,,14918876
PSAVK69,671493,2021-03-23 08:00:00-04:00,2021-03-23 23:59:00-04:00,2021-03-23 09:18:42.020000-04:00,,2,1.0,,,,1.0,Not Assigned,,,,,,,,,,,,,,,,,,,,,,14922023
PSAVK69,673376,2021-03-23 08:00:00-04:00,2021-03-23 23:59:00-04:00,2021-03-23 08:08:34.912000-04:00,,2,1.0,,,,1.0,Not Assigned,,,,,,,,,,,,,,,,,,,,,,14918630
PSAVK69,674883,2021-03-23 08:00:00-04:00,2021-03-23 23:59:00-04:00,2021-03-24 09:30:30.546000-04:00,,1,1.0,,,,1.0,Not Assigned,,,,,,,,,,,,,,,,,,,,,,14974614
PSAVK69,675046,2021-04-26 08:43:00-04:00,,2021-04-27 10:27:09.860000-04:00,,1,1.0,,,,1.0,Not Assigned,,,,,,,,,,,,,,,,,,,,,,15912543
PSAVK69,675076,2021-03-23 08:00:00-04:00,2021-03-23 23:59:00-04:00,2021-03-23 08:25:34.867000-04:00,2021-03-23 08:32:14.335000-04:00,1,2.0,1.0,54.232,27.112,1.0,Treatment 3,121.567,27.89,4.0,3.0,1.0,1.0,3.0,5.0,0.0,0.0,4.0,1.0,0.0,0.0,0.0,1.0,3.0,2.0,208.483,38.8906666666667,1.0,14919132
PSAVK69,675175,2021-04-26 08:43:00-04:00,,2021-04-27 12:22:49.980000-04:00,,1,,,,,,Not Assigned,,,,,,,,,,,,,,,,,,,,,,15922769
PSAVK69,675196,2021-04-26 08:43:00-04:00,,2021-04-26 10:19:36.864000-04:00,2021-04-26 10:28:09.845000-04:00,1,2.0,1.0,46.347,23.1695,1.0,Treatment 1,384.653,34.5493333333333,7.0,5.0,2.0,2.0,6.0,6.0,0.0,0.0,7.0,2.0,0.0,0.0,0.0,1.0,3.0,3.0,54.047,18.0113333333333,1.0,15866897
PSAVK69,676586,2021-03-23 08:00:00-04:00,2021-03-23 23:59:00-04:00,2021-03-23 10:20:34.913000-04:00,2021-03-23 10:50:08.260000-04:00,1,2.0,1.0,457.349,228.6465,1.0,Treatment 2,1121.396,65.0347,11.0,6.0,2.0,2.0,10.0,10.0,0.0,0.0,11.0,5.0,0.0,0.0,0.0,1.0,3.0,1.0,144.829,30.073,1.0,14927674
PSAVK69,676612,2021-03-23 08:00:00-04:00,2021-03-23 23:59:00-04:00,2021-03-23 10:17:18.795000-04:00,,1,1.0,,,,1.0,Not Assigned,,,,,,,,,,,,,,,,,,,,,,14927326
PSAVK69,676618,2021-03-23 08:00:00-04:00,2021-03-23 23:59:00-04:00,2021-03-23 17:01:48.726000-04:00,2021-03-23 18:17:38.410000-04:00,2,2.0,1.0,4053.058,2026.5205,2.0,Treatment 1,346.742,23.8781,10.0,3.0,3.0,3.0,10.0,10.0,0.0,0.0,10.0,7.0,0.0,0.0,0.0,1.0,3.0,2.0,110.449,32.117,1.0,14962869
PSAVK69,676640,2021-03-23 08:00:00-04:00,2021-03-23 23:59:00-04:00,2021-03-24 10:36:14.695000-04:00,,1,,,,,,Not Assigned,,,,,,,,,,,,,,,,,,,,,,14980481
PSAVK69,676684,2021-03-23 08:00:00-04:00,2021-03-23 23:59:00-04:00,2021-03-23 10:22:46.287000-04:00,,1,1.0,,,,1.0,Not Assigned,,,,,,,,,,,,,,,,,,,,,,14927937
PSAVK69,676698,2021-03-23 08:00:00-04:00,2021-03-23 23:59:00-04:00,2021-03-23 10:16:38.645000-04:00,,1,1.0,,,,1.0,Not Assigned,,,,,,,,,,,,,,,,,,,,,,14927262
PSAVK69,676797,2021-03-23 08:00:00-04:00,2021-03-23 23:59:00-04:00,2021-03-24 09:13:13.810000-04:00,,1,1.0,,,,1.0,Not Assigned,,,,,,,,,,,,,,,,,,,,,,14973337
PSAVK69,676940,2021-03-23 08:00:00-04:00,2021-03-23 23:59:00-04:00,2021-03-23 21:36:36.998000-04:00,,1,1.0,,,,1.0,Not Assigned,,,,,,,,,,,,,,,,,,,,,,14967816
PSAVK69,677968,2021-03-23 08:00:00-04:00,2021-03-23 23:59:00-04:00,2021-03-23 10:31:35.150000-04:00,,1,1.0,,,,1.0,Not Assigned,,,,,,,,,,,,,,,,,,,,,,14928784
PSAVK69,680583,2021-04-26 08:43:00-04:00,,2021-04-28 09:09:45.340000-04:00,,2,1.0,,,,1.0,Not Assigned,,,,,,,,,,,,,,,,,,,,,,15951832
PSAVK69,680670,2021-04-26 08:43:00-04:00,,2021-04-26 13:19:12.712000-04:00,2021-04-26 13:24:51.029000-04:00,1,2.0,2.0,54.618,27.306,1.0,Treatment 1,201.807,46.098,4.0,3.0,1.0,1.0,4.0,4.0,0.0,0.0,4.0,1.0,0.0,0.0,0.0,1.0,3.0,3.0,55.522,18.504,1.0,15882382
PSAVK69,680920,2021-04-26 08:43:00-04:00,,2021-04-26 11:53:20.364000-04:00,2021-04-26 12:02:51.544000-04:00,1,2.0,1.0,74.526,37.26,1.0,Treatment 3,132.784,44.258,3.0,3.0,,,3.0,3.0,0.0,0.0,3.0,0.0,0.0,0.0,0.0,1.0,3.0,2.0,318.383,105.086666666667,1.0,15874603
PSAVK69,682417,2020-12-15 15:20:51.534000-05:00,2020-12-16 15:22:00-05:00,2020-12-15 15:24:06.758000-05:00,,1,1.0,,,,1.0,Not Assigned,,,,,,,,,,,,,,,,,,,,,,11307733
PSAVK69,683612,2021-03-23 08:00:00-04:00,2021-03-23 23:59:00-04:00,2021-03-24 09:04:02.779000-04:00,,1,1.0,,,,1.0,Not Assigned,,,,,,,,,,,,,,,,,,,,,,14972700
PSAVK69,683615,2021-03-23 08:00:00-04:00,2021-03-23 23:59:00-04:00,2021-03-25 09:44:23.391000-04:00,,1,1.0,,,,1.0,Not Assigned,,,,,,,,,,,,,,,,,,,,,,15020160
PSAVK69,683630,2021-03-23 08:00:00-04:00,2021-03-23 23:59:00-04:00,2021-03-23 09:15:41.288000-04:00,2021-03-23 09:49:07.026000-04:00,1,2.0,1.0,1153.519,576.748,1.0,Treatment 1,27.641,9.20766666666667,3.0,3.0,,,3.0,3.0,0.0,0.0,3.0,0.0,0.0,0.0,0.0,1.0,3.0,2.0,674.737,171.977333333333,1.0,14921833
PSAVK69,683633,2021-03-23 08:00:00-04:00,2021-03-23 23:59:00-04:00,2021-03-24 08:43:50.565000-04:00,,1,1.0,,,,1.0,Not Assigned,,,,,,,,,,,,,,,,,,,,,,14971562
PSAVK69,683652,2021-03-23 08:00:00-04:00,2021-03-23 23:59:00-04:00,2021-03-23 09:25:43.931000-04:00,,1,1.0,,,,1.0,Not Assigned,,,,,,,,,,,,,,,,,,,,,,14922561
PSAVK69,683659,2021-03-23 08:00:00-04:00,2021-03-23 23:59:00-04:00,2021-03-24 09:17:03.768000-04:00,,1,1.0,,,,1.0,Not Assigned,,,,,,,,,,,,,,,,,,,,,,14973621
PSAVK69,683660,2021-03-23 08:00:00-04:00,2021-03-23 23:59:00-04:00,2021-03-23 09:29:04.938000-04:00,,1,1.0,,,,1.0,Not Assigned,,,,,,,,,,,,,,,,,,,,,,14922797
PSAVK69,683662,2021-03-23 08:00:00-04:00,2021-03-23 23:59:00-04:00,2021-03-23 09:21:14.293000-04:00,,3,1.0,,,,1.0,Not Assigned,,,,,,,,,,,,,,,,,,,,,,14922219
PSAVK69,684470,2021-03-23 08:00:00-04:00,2021-03-23 23:59:00-04:00,2021-03-23 09:53:11.451000-04:00,,1,1.0,,,,1.0,Not Assigned,,,,,,,,,,,,,,,,,,,,,,14924959
PSAVK69,685892,2021-01-21 12:06:00-05:00,2021-01-21 18:08:00-05:00,2021-01-21 12:31:31.237000-05:00,2021-01-21 14:42:41.057000-05:00,2,2.0,1.0,7304.977,3652.475,2.0,Treatment 2,121.112,40.36,3.0,3.0,,,3.0,3.0,0.0,0.0,3.0,0.0,0.0,0.0,0.0,1.0,3.0,1.0,413.719,51.3276666666667,1.0,12400850
PSAVK69,691620,2021-03-23 08:00:00-04:00,2021-03-23 23:59:00-04:00,2021-03-24 18:47:18.243000-04:00,,1,1.0,,,,1.0,Not Assigned,,,,,,,,,,,,,,,,,,,,,,15009885
PSAVK69,692567,2021-03-23 08:00:00-04:00,2021-03-23 23:59:00-04:00,2021-03-23 09:23:25.564000-04:00,,1,1.0,,,,1.0,Not Assigned,,,,,,,,,,,,,,,,,,,,,,14922385
PSAVK69,692781,2021-03-23 08:00:00-04:00,2021-03-23 23:59:00-04:00,2021-03-23 09:14:47.119000-04:00,,1,1.0,,,,1.0,Not Assigned,,,,,,,,,,,,,,,,,,,,,,14921772
PSAVK69,693514,2021-04-07 09:00:00-04:00,2021-04-07 23:59:00-04:00,2021-04-07 09:04:19.788000-04:00,2021-04-07 09:31:00.205000-04:00,1,2.0,2.0,924.229,462.086,1.0,Treatment 3,507.74,30.7064545454545,12.0,4.0,2.0,2.0,10.0,11.0,0.0,0.0,12.0,8.0,0.0,0.0,0.0,1.0,3.0,1.0,53.464,14.9423333333333,1.0,15310036
PSAVK69,709698,2021-04-22 09:15:00-04:00,2021-04-22 21:17:00-04:00,2021-04-22 10:53:25.995000-04:00,,1,2.0,1.0,434.738,217.363,1.0,Treatment 1,89.802,,2.0,0.0,,,0.0,0.0,0.0,0.0,2.0,1.0,0.0,0.0,0.0,1.0,,,,,,15790218
PSAVK69,717162,2021-03-23 08:00:00-04:00,2021-03-23 23:59:00-04:00,2021-03-23 09:03:11.170000-04:00,,1,2.0,1.0,175.33,87.659,1.0,Treatment 1,1372.84,,1.0,,,,0.0,0.0,0.0,0.0,1.0,1.0,0.0,0.0,0.0,1.0,,,,,,14920919
PSAVK69,717556,2021-03-23 08:00:00-04:00,2021-03-23 23:59:00-04:00,2021-03-25 09:45:08.560000-04:00,,1,1.0,,,,1.0,Not Assigned,,,,,,,,,,,,,,,,,,,,,,15020226
PSAVK69,726029,2021-06-02 09:00:10.897000-04:00,,2021-06-02 10:08:59.083000-04:00,,1,1.0,,,,1.0,Not Assigned,,,,,,,,,,,,,,,,,,,,,,16681342
PSAVK69,729683,2021-01-21 12:06:00-05:00,2021-01-21 18:08:00-05:00,2021-01-22 12:56:08.891000-05:00,,2,2.0,1.0,3247.29,1623.4625,2.0,Treatment 2,,,1.0,,,,,0.0,0.0,0.0,1.0,0.0,0.0,0.0,0.0,1.0,,,,,,12471103
PSAVK69,736917,2021-03-23 08:00:00-04:00,2021-03-23 23:59:00-04:00,2021-03-23 08:50:36.089000-04:00,,2,1.0,,,,1.0,Not Assigned,,,,,,,,,,,,,,,,,,,,,,14920122
PSAVK69,739403,2021-03-23 08:00:00-04:00,2021-03-23 23:59:00-04:00,2021-03-23 09:15:43.399000-04:00,,2,2.0,1.0,3336.919,1668.451,2.0,Treatment 2,,,1.0,,,,,0.0,0.0,0.0,1.0,0.0,0.0,0.0,0.0,1.0,,,,,,14921832
PSAVK69,746874,2021-03-23 08:00:00-04:00,2021-03-23 23:59:00-04:00,2021-05-25 15:04:47.985000-04:00,,1,1.0,,,,1.0,Not Assigned,,,,,,,,,,,,,,,,,,,,,,16607110
PSAVK69,748762,2021-04-07 09:00:00-04:00,2021-04-07 23:59:00-04:00,2021-04-07 10:13:16.880000-04:00,,1,2.0,1.0,460.786,230.3735,1.0,Treatment 3,1104.153,,1.0,,,,0.0,0.0,0.0,0.0,1.0,1.0,0.0,0.0,0.0,1.0,,,,,,15314512
PSAVK69,749886,2021-04-07 09:00:00-04:00,2021-04-07 23:59:00-04:00,2021-04-07 09:12:55.137000-04:00,,2,2.0,2.0,1576.743,788.3585,2.0,Treatment 3,426.845,,1.0,,,,0.0,0.0,0.0,0.0,1.0,1.0,0.0,0.0,0.0,1.0,,,,,,15310541
PSAVK69,750075,2021-06-02 09:00:10.897000-04:00,,2021-06-02 13:28:29.777000-04:00,2021-06-02 13:53:19.885000-04:00,2,2.0,2.0,12.042,6.01,1.0,Treatment 3,1126.912,176.74,6.0,5.0,1.0,1.0,6.0,7.0,0.0,0.0,6.0,1.0,0.0,0.0,0.0,2.0,3.0,3.0,289.767,96.5823333333333,1.0,16686763
PSAVK69,750956,2021-04-07 09:00:00-04:00,2021-04-07 23:59:00-04:00,2021-04-07 10:19:20.984000-04:00,2021-04-07 10:36:41.488000-04:00,1,2.0,1.0,188.115,94.0435,1.0,Treatment 1,392.323,34.953,5.0,3.0,1.0,1.0,4.0,4.0,0.0,0.0,5.0,2.0,0.0,0.0,0.0,1.0,3.0,1.0,395.892,57.3106666666667,1.0,15314949
PSAVK69,751682,2021-04-07 09:00:00-04:00,2021-04-07 23:59:00-04:00,2021-04-07 10:12:33.399000-04:00,,1,2.0,1.0,690.547,345.2575,1.0,Treatment 3,26.471,,1.0,,,,0.0,0.0,0.0,0.0,1.0,1.0,0.0,0.0,0.0,1.0,,,,,,15314465
PSAVK69,752060,2021-04-07 09:00:00-04:00,2021-04-07 23:59:00-04:00,2021-04-07 10:12:24.679000-04:00,,1,2.0,1.0,116.764,58.3755,1.0,Treatment 3,430.31,143.429666666667,3.0,3.0,,,3.0,3.0,0.0,0.0,3.0,0.0,0.0,0.0,0.0,1.0,3.0,2.0,124.66,62.3245,1.0,15314452
PSAVK69,752367,2021-04-07 09:00:00-04:00,2021-04-07 23:59:00-04:00,2021-04-07 10:23:31.762000-04:00,,1,2.0,2.0,22.255,11.126,1.0,Treatment 2,,,1.0,,,,,0.0,0.0,0.0,1.0,0.0,0.0,0.0,0.0,1.0,,,,,,15315275
PSAVK69,752592,2021-04-07 09:00:00-04:00,2021-04-07 23:59:00-04:00,2021-04-07 10:11:54.825000-04:00,,2,2.0,1.0,253.198,126.583,1.0,Treatment 2,137.659,,2.0,0.0,,,0.0,0.0,0.0,0.0,2.0,1.0,0.0,0.0,0.0,2.0,,,,,,15314405
PSAVK69,752943,2021-03-23 08:00:00-04:00,2021-03-23 23:59:00-04:00,2021-04-08 01:18:37.498000-04:00,,2,1.0,,,,1.0,Not Assigned,,,,,,,,,,,,,,,,,,,,,,15343938
PSAVK69,753004,2021-03-23 08:00:00-04:00,2021-03-23 23:59:00-04:00,2021-03-23 21:01:10.928000-04:00,,1,1.0,,,,1.0,Not Assigned,,,,,,,,,,,,,,,,,,,,,,14967382
PSAVK69,753949,2021-04-07 09:00:00-04:00,2021-04-07 23:59:00-04:00,2021-04-07 10:14:06.462000-04:00,,4,2.0,1.0,339.519,169.7565,2.0,Treatment 1,1399.979,615.702,3.0,1.0,1.0,1.0,1.0,1.0,0.0,0.0,3.0,1.0,0.0,0.0,0.0,2.0,,,,,,15314566
PSAVK69,754427,2021-04-07 09:00:00-04:00,2021-04-07 23:59:00-04:00,2021-04-07 09:07:55.770000-04:00,,1,2.0,1.0,398.981,199.4805,1.0,Treatment 3,493.082,43.5733333333333,6.0,3.0,1.0,1.0,6.0,6.0,0.0,0.0,6.0,3.0,0.0,0.0,0.0,1.0,,,,,,15310213
PSAVK69,754633,2021-03-23 08:00:00-04:00,2021-03-23 23:59:00-04:00,2021-03-23 10:26:28.835000-04:00,,1,1.0,,,,1.0,Not Assigned,,,,,,,,,,,,,,,,,,,,,,14928347
PSAVK69,755598,2021-04-07 09:00:00-04:00,2021-04-07 23:59:00-04:00,2021-04-07 10:19:02.226000-04:00,,1,2.0,1.0,680.509,340.239,1.0,Treatment 2,,,1.0,,,,,0.0,0.0,0.0,1.0,0.0,0.0,0.0,0.0,1.0,,,,,,15314924
PSAVK69,757194,2021-04-07 09:00:00-04:00,2021-04-07 23:59:00-04:00,2021-04-07 09:25:15.634000-04:00,,2,2.0,2.0,3242.132,1621.051,2.0,Treatment 3,562.899,281.4265,3.0,2.0,,,2.0,2.0,0.0,0.0,3.0,0.0,0.0,0.0,0.0,1.0,,,,,,15311239
PSAVK69,757273,2021-06-02 09:00:10.897000-04:00,,2021-06-02 13:06:44.546000-04:00,2021-06-02 13:17:44.980000-04:00,2,2.0,1.0,165.48,82.7365,1.0,Treatment 1,265.881,28.19,5.0,3.0,1.0,1.0,4.0,6.0,0.0,0.0,5.0,2.0,0.0,0.0,0.0,2.0,3.0,2.0,202.932,65.3283333333333,1.0,16686315
PSAVK69,757971,2021-06-02 09:00:10.897000-04:00,,2021-06-02 13:30:28.866000-04:00,,1,1.0,,,,1.0,Not Assigned,,,,,,,,,,,,,,,,,,,,,,16686820
PSAVK69,758954,2021-04-07 09:00:00-04:00,2021-04-07 23:59:00-04:00,2021-04-07 10:13:50.919000-04:00,2021-04-07 10:43:06.915000-04:00,1,2.0,1.0,135.22,67.5855,1.0,Treatment 2,475.629,60.8928333333333,6.0,5.0,1.0,1.0,6.0,6.0,0.0,0.0,6.0,1.0,0.0,0.0,0.0,1.0,3.0,2.0,1097.397,364.384333333333,1.0,15314565
PSAVK69,759463,2021-04-07 09:00:00-04:00,2021-04-07 23:59:00-04:00,2021-04-07 10:31:11.770000-04:00,2021-04-07 10:58:02.821000-04:00,1,2.0,2.0,937.458,468.7095,1.0,Treatment 2,328.696,72.19725,4.0,3.0,1.0,1.0,4.0,4.0,0.0,0.0,4.0,1.0,0.0,0.0,0.0,1.0,3.0,3.0,204.964,68.3143333333333,1.0,15315809
PSAVK69,759905,2021-04-07 09:00:00-04:00,2021-04-07 23:59:00-04:00,2021-04-07 10:13:23.920000-04:00,,1,2.0,1.0,508.763,254.3765,1.0,Treatment 2,872.246,16.59,2.0,0.0,,,1.0,1.0,0.0,0.0,2.0,1.0,0.0,0.0,0.0,1.0,,,,,,15314517
PSAVK69,760106,2021-04-07 09:00:00-04:00,2021-04-07 23:59:00-04:00,2021-04-07 10:12:29.610000-04:00,,1,2.0,1.0,647.016,323.4875,1.0,Treatment 3,720.951,,2.0,0.0,,,0.0,0.0,0.0,0.0,2.0,2.0,0.0,0.0,0.0,1.0,,,,,,15314458
PSAVK69,760243,2021-04-07 09:00:00-04:00,2021-04-07 23:59:00-04:00,2021-04-07 10:07:41.462000-04:00,,7,2.0,1.0,192.972,96.475,1.0,Treatment 3,1683.173,113.2008,11.0,4.0,2.0,2.0,9.0,10.0,0.0,0.0,11.0,7.0,0.0,0.0,0.0,7.0,,,,,,15314050
PSAVK69,760534,2021-03-23 08:00:00-04:00,2021-03-23 23:59:00-04:00,2021-03-23 09:20:53.315000-04:00,,1,1.0,,,,1.0,Not Assigned,,,,,,,,,,,,,,,,,,,,,,14922188
PSAVK69,760615,2021-04-07 09:00:00-04:00,2021-04-07 23:59:00-04:00,2021-04-07 10:25:36.224000-04:00,,7,2.0,1.0,220.241,110.112,1.0,Treatment 3,31484.872,14.868,2.0,0.0,0.0,0.0,1.0,1.0,0.0,0.0,2.0,2.0,0.0,0.0,0.0,3.0,,,,,,15315412
PSAVK69,760931,2021-04-07 09:00:00-04:00,2021-04-07 23:59:00-04:00,2021-04-07 10:40:07.564000-04:00,,3,1.0,,,,1.0,Not Assigned,,,,,,,,,,,,,,,,,,,,,,15316470
PSAVK69,761035,2021-04-07 09:00:00-04:00,2021-04-07 23:59:00-04:00,2021-04-07 10:12:09.048000-04:00,2021-04-07 10:38:33.012000-04:00,1,2.0,1.0,461.369,230.6665,1.0,Treatment 3,978.498,54.0361,11.0,3.0,2.0,2.0,10.0,10.0,0.0,0.0,11.0,8.0,0.0,0.0,0.0,1.0,3.0,2.0,63.395,19.629,1.0,15314428
PSAVK69,761458,2021-04-07 09:00:00-04:00,2021-04-07 23:59:00-04:00,2021-04-07 10:12:38.536000-04:00,2021-04-07 10:40:27.945000-04:00,1,2.0,1.0,186.499,93.245,1.0,Treatment 1,695.353,72.2951111111111,9.0,7.0,2.0,2.0,9.0,9.0,0.0,0.0,9.0,2.0,0.0,0.0,0.0,1.0,3.0,2.0,735.094,114.747666666667,1.0,15314467
PSAVK69,761657,2021-04-07 09:00:00-04:00,2021-04-07 23:59:00-04:00,2021-04-07 09:15:40.297000-04:00,,1,2.0,2.0,240.42,120.2025,1.0,Treatment 2,64.065,,1.0,,,,0.0,0.0,0.0,0.0,1.0,1.0,0.0,0.0,0.0,1.0,,,,,,15310732
PSAVK69,762421,2021-03-23 08:00:00-04:00,2021-03-23 23:59:00-04:00,2021-03-23 09:30:52.950000-04:00,,1,1.0,,,,1.0,Not Assigned,,,,,,,,,,,,,,,,,,,,,,14922906
PSAVK69,762929,2021-04-07 09:00:00-04:00,2021-04-07 23:59:00-04:00,2021-04-07 09:09:43.616000-04:00,2021-04-07 22:10:30.703000-04:00,4,2.0,2.0,630.131,315.0605,2.0,Treatment 2,45587.729,46.1363333333333,4.0,3.0,1.0,1.0,3.0,3.0,0.0,0.0,4.0,1.0,0.0,0.0,0.0,3.0,3.0,3.0,551.958,183.984666666667,1.0,15310305
PSAVK69,763110,2021-06-02 09:00:10.897000-04:00,,2021-06-02 13:53:42.792000-04:00,,2,2.0,1.0,75.279,37.636,1.0,Treatment 3,1288.843,205.7896,5.0,3.0,1.0,1.0,5.0,6.0,0.0,0.0,5.0,2.0,0.0,0.0,0.0,2.0,,,,,,16687340
PSAVK69,765129,2021-04-07 09:00:00-04:00,2021-04-07 23:59:00-04:00,2021-04-07 09:36:59.506000-04:00,,1,1.0,,,,1.0,Not Assigned,,,,,,,,,,,,,,,,,,,,,,15311952
PSAVK69,769740,2021-04-07 09:00:00-04:00,2021-04-07 23:59:00-04:00,2021-04-07 10:01:57.323000-04:00,2021-04-07 10:30:28.318000-04:00,1,2.0,1.0,816.64,408.3155,1.0,Treatment 2,768.945,100.217333333333,4.0,3.0,1.0,1.0,3.0,3.0,0.0,0.0,4.0,1.0,0.0,0.0,0.0,1.0,3.0,3.0,108.22,36.067,1.0,15313498
PSAVK69,771853,2021-04-07 09:00:00-04:00,2021-04-07 23:59:00-04:00,2021-04-07 10:12:54.814000-04:00,2021-04-07 10:29:03.605000-04:00,1,2.0,1.0,150.621,75.278,1.0,Treatment 3,326.877,108.945333333333,3.0,3.0,,,3.0,3.0,0.0,0.0,3.0,0.0,0.0,0.0,0.0,1.0,3.0,2.0,439.85,127.645666666667,1.0,15314490
PSAVK69,774442,2021-03-23 08:00:00-04:00,2021-03-23 23:59:00-04:00,2021-03-23 09:02:56.698000-04:00,,2,1.0,,,,1.0,Not Assigned,,,,,,,,,,,,,,,,,,,,,,14920892
PSAVK69,777397,2021-04-02 10:00:00-04:00,2021-04-05 10:00:00-04:00,2021-04-02 10:41:42.306000-04:00,2021-04-02 11:29:34.267000-04:00,2,2.0,1.0,2594.032,1296.996,2.0,Treatment 1,142.408,32.73575,4.0,3.0,1.0,1.0,4.0,5.0,0.0,0.0,4.0,1.0,0.0,0.0,0.0,1.0,3.0,3.0,99.184,33.0543333333333,1.0,15235390
PSAVK69,778169,2021-04-02 10:00:00-04:00,2021-04-05 10:00:00-04:00,2021-04-05 16:58:17.917000-04:00,2021-04-06 10:01:10.119000-04:00,3,2.0,1.0,115.438,57.716,1.0,Treatment 2,60966.383,10054.2546666667,6.0,3.0,1.0,1.0,6.0,7.0,0.0,0.0,6.0,3.0,0.0,0.0,0.0,3.0,3.0,2.0,201.377,63.0706666666667,1.0,15265238
PSAVK69,778208,2021-03-23 08:00:00-04:00,2021-03-23 23:59:00-04:00,2021-03-24 12:57:30.737000-04:00,,2,1.0,,,,1.0,Not Assigned,,,,,,,,,,,,,,,,,,,,,,14993548
PSAVK69,778254,2021-06-02 09:00:10.897000-04:00,,2021-06-02 09:58:07.938000-04:00,2021-06-02 10:54:07.052000-04:00,1,2.0,2.0,1762.717,881.334,1.0,Treatment 3,1396.742,465.573,3.0,3.0,,,3.0,3.0,0.0,0.0,3.0,0.0,0.0,0.0,0.0,1.0,3.0,1.0,183.95,56.04,1.0,16680999
PSAVK69,778257,2021-06-02 09:00:10.897000-04:00,,2021-06-02 10:09:50.481000-04:00,,1,2.0,2.0,1363.28,681.63,1.0,Treatment 1,27.49,27.215,1.0,,,,0.0,0.0,0.0,0.0,1.0,1.0,0.0,0.0,0.0,1.0,,,,,,16681374
PSAVK69,778259,2021-06-02 09:00:10.897000-04:00,,2021-06-02 09:47:56.636000-04:00,,2,2.0,2.0,2010.256,1005.113,2.0,Treatment 3,,,1.0,,,,,0.0,0.0,0.0,1.0,0.0,0.0,0.0,0.0,1.0,,,,,,16680770
PSAVK69,778269,2021-06-02 09:00:10.897000-04:00,,2021-06-02 11:10:33.291000-04:00,,1,2.0,2.0,902.312,451.136,1.0,Treatment 3,1156.032,984.276,2.0,0.0,,,1.0,2.0,0.0,0.0,2.0,1.0,0.0,0.0,0.0,1.0,,,,,,16683226
PSAVK69,778275,2021-06-02 09:00:10.897000-04:00,,2021-06-02 10:34:58.006000-04:00,,3,2.0,2.0,3516.094,1758.0375,2.0,Treatment 3,1223.157,119.118166666667,7.0,3.0,2.0,2.0,5.0,9.0,0.0,0.0,7.0,3.0,0.0,0.0,0.0,1.0,,,,,,16682152
PSAVK69,778277,2021-06-02 09:00:10.897000-04:00,,2021-06-02 09:58:47.158000-04:00,2021-06-02 11:48:08.108000-04:00,5,2.0,2.0,2305.529,1152.757,2.0,Treatment 1,4173.119,1391.02666666667,3.0,3.0,,,3.0,3.0,0.0,0.0,3.0,0.0,0.0,0.0,0.0,1.0,3.0,2.0,54.338,16.8303333333333,1.0,16681019
PSAVK69,778279,2021-06-02 09:00:10.897000-04:00,,2021-06-02 09:55:23.080000-04:00,,3,2.0,2.0,16.624,8.3045,1.0,Treatment 1,1588.217,132.429571428571,7.0,2.0,1.0,1.0,6.0,11.0,0.0,0.0,7.0,5.0,0.0,0.0,0.0,3.0,,,,,,16680936
PSAVK69,778280,2021-06-02 09:00:10.897000-04:00,,2021-06-02 09:53:36.154000-04:00,2021-06-02 10:14:32.235000-04:00,4,2.0,1.0,526.781,263.386,2.0,Treatment 1,676.321,50.1619,10.0,2.0,2.0,2.0,5.0,13.0,0.0,0.0,10.0,8.0,0.0,0.0,0.0,1.0,3.0,1.0,28.689,8.38266666666667,1.0,16680890
PSAVK69,778295,2021-06-02 09:00:10.897000-04:00,,2021-06-02 09:59:53.734000-04:00,,1,2.0,2.0,1685.169,842.574,1.0,Treatment 1,115.496,25.096,2.0,0.0,,,0.0,3.0,0.0,0.0,2.0,1.0,0.0,0.0,0.0,1.0,,,,,,16681072
PSAVK69,778302,2021-04-02 10:00:00-04:00,2021-04-05 10:00:00-04:00,2021-04-06 20:45:42.601000-04:00,2021-04-06 21:39:04.515000-04:00,1,2.0,1.0,258.317,129.1525,1.0,Treatment 3,2667.626,101.667833333333,6.0,5.0,1.0,1.0,6.0,6.0,0.0,0.0,6.0,1.0,0.0,0.0,0.0,1.0,3.0,2.0,199.679,57.698,1.0,15305963
PSAVK69,778318,2021-06-02 09:00:10.897000-04:00,,2021-06-02 10:32:35.590000-04:00,,1,1.0,,,,1.0,Not Assigned,,,,,,,,,,,,,,,,,,,,,,16682081
PSAVK69,778331,2021-04-02 10:00:00-04:00,2021-04-05 10:00:00-04:00,2021-04-02 11:15:11.386000-04:00,2021-04-02 11:19:27.882000-04:00,1,2.0,1.0,103.369,51.6795,1.0,Treatment 3,60.55,20.1803333333333,3.0,3.0,,,3.0,3.0,0.0,0.0,3.0,0.0,0.0,0.0,0.0,1.0,3.0,3.0,72.755,24.247,1.0,15235885
PSAVK69,778338,2021-04-02 10:00:00-04:00,2021-04-05 10:00:00-04:00,2021-04-02 10:25:34.531000-04:00,2021-04-02 10:45:54.456000-04:00,1,2.0,2.0,384.468,192.231,1.0,Treatment 2,452.49,150.828666666667,3.0,3.0,,,3.0,3.0,0.0,0.0,3.0,0.0,0.0,0.0,0.0,1.0,3.0,3.0,369.911,123.300666666667,1.0,15235107
PSAVK69,778340,2021-04-02 10:00:00-04:00,2021-04-05 10:00:00-04:00,2021-04-05 12:09:38.496000-04:00,,1,1.0,,,,1.0,Not Assigned,,,,,,,,,,,,,,,,,,,,,,15254131
PSAVK69,778350,2021-04-02 10:00:00-04:00,2021-04-05 10:00:00-04:00,2021-04-02 12:55:22.882000-04:00,2021-04-02 13:08:24.697000-04:00,2,2.0,2.0,199.348,99.669,1.0,Treatment 3,395.888,70.2856,5.0,4.0,1.0,1.0,5.0,5.0,0.0,0.0,5.0,1.0,0.0,0.0,0.0,2.0,3.0,3.0,131.97,43.987,1.0,15237790
PSAVK69,778351,2021-04-02 10:00:00-04:00,2021-04-05 10:00:00-04:00,2021-04-02 10:54:52.298000-04:00,2021-04-04 20:46:30.689000-04:00,3,2.0,2.0,206078.19,103039.084,2.0,Treatment 2,1364.506,238.5224,5.0,4.0,1.0,1.0,5.0,5.0,0.0,0.0,5.0,1.0,0.0,0.0,0.0,1.0,3.0,3.0,820.159,273.383666666667,1.0,15235581
PSAVK69,778354,2021-04-02 10:00:00-04:00,2021-04-05 10:00:00-04:00,2021-04-02 13:23:56.299000-04:00,2021-04-02 13:41:48.323000-04:00,1,2.0,1.0,523.373,261.671,1.0,Treatment 3,172.107,57.364,3.0,3.0,,,3.0,3.0,0.0,0.0,3.0,0.0,0.0,0.0,0.0,1.0,3.0,3.0,346.461,115.482666666667,1.0,15238265
PSAVK69,778400,2021-04-02 10:00:00-04:00,2021-04-05 10:00:00-04:00,2021-04-14 17:23:30.442000-04:00,2021-04-14 17:35:36.814000-04:00,1,2.0,2.0,234.485,117.241,1.0,Treatment 3,368.353,56.654,6.0,5.0,1.0,1.0,5.0,7.0,0.0,0.0,6.0,1.0,0.0,0.0,0.0,1.0,3.0,2.0,80.05,23.134,1.0,15558795
PSAVK69,778406,2021-04-02 10:00:00-04:00,2021-04-05 10:00:00-04:00,2021-04-02 13:26:27.074000-04:00,2021-04-02 13:31:22.891000-04:00,1,2.0,1.0,110.507,55.2475,1.0,Treatment 2,94.113,31.3663333333333,3.0,3.0,,,3.0,3.0,0.0,0.0,3.0,0.0,0.0,0.0,0.0,1.0,3.0,3.0,72.316,24.0976666666667,1.0,15238299
PSAVK69,778429,2021-04-02 10:00:00-04:00,2021-04-05 10:00:00-04:00,2021-04-02 10:37:32.363000-04:00,2021-04-04 23:14:07.221000-04:00,5,2.0,1.0,217625.762,108812.876,2.0,Treatment 1,402.971,53.7196666666667,6.0,5.0,1.0,1.0,6.0,7.0,0.0,0.0,6.0,1.0,0.0,0.0,0.0,1.0,3.0,3.0,89.237,29.7443333333333,1.0,15235312
PSAVK69,778431,2021-04-02 10:00:00-04:00,2021-04-05 10:00:00-04:00,2021-04-02 13:47:30.382000-04:00,2021-04-02 17:57:03.516000-04:00,2,2.0,2.0,121.997,60.99,1.0,Treatment 3,162.8,54.256,3.0,3.0,,,3.0,3.0,0.0,0.0,3.0,0.0,0.0,0.0,0.0,1.0,3.0,3.0,92.728,30.9026666666667,1.0,15238724
PSAVK69,778484,2021-04-02 10:00:00-04:00,2021-04-05 10:00:00-04:00,2021-04-04 21:14:27.089000-04:00,,4,2.0,1.0,405022.582,202511.2865,2.0,Treatment 1,1453.264,476.134333333333,4.0,2.0,,,3.0,3.0,0.0,0.0,4.0,1.0,0.0,0.0,0.0,2.0,,,,,,15244204
PSAVK69,778494,2021-04-02 10:00:00-04:00,2021-04-05 10:00:00-04:00,2021-04-02 13:12:21.591000-04:00,2021-04-02 18:44:07.161000-04:00,4,2.0,2.0,16604.623,8302.304,2.0,Treatment 3,248.256,82.7493333333333,3.0,3.0,,,3.0,3.0,0.0,0.0,3.0,0.0,0.0,0.0,0.0,1.0,3.0,3.0,283.089,94.3603333333333,1.0,15238096
PSAVK69,778498,2021-04-02 10:00:00-04:00,2021-04-05 10:00:00-04:00,2021-04-02 10:13:21.990000-04:00,2021-04-02 10:21:32.751000-04:00,1,2.0,1.0,101.333,50.658,1.0,Treatment 2,129.319,43.099,3.0,3.0,,,3.0,3.0,0.0,0.0,3.0,0.0,0.0,0.0,0.0,1.0,3.0,2.0,204.47,46.859,1.0,15234895
PSAVK69,778799,2021-04-02 10:00:00-04:00,2021-04-05 10:00:00-04:00,2021-04-05 21:05:00.814000-04:00,2021-04-05 21:10:29.331000-04:00,1,2.0,1.0,86.32,43.156,1.0,Treatment 1,121.056,20.6032,5.0,3.0,1.0,1.0,5.0,5.0,0.0,0.0,5.0,2.0,0.0,0.0,0.0,1.0,3.0,1.0,75.006,13.6306666666667,1.0,15267608
PSAVK69,779739,2021-04-02 10:00:00-04:00,2021-04-05 10:00:00-04:00,2021-04-02 10:50:28.710000-04:00,2021-04-02 11:01:58.415000-04:00,1,2.0,1.0,56.122,28.06,1.0,Treatment 1,519.473,129.851,4.0,3.0,1.0,1.0,3.0,4.0,0.0,0.0,4.0,1.0,0.0,0.0,0.0,1.0,3.0,1.0,88.009,24.1443333333333,1.0,15235522
PSAVK69,780221,2021-04-02 10:00:00-04:00,2021-04-05 10:00:00-04:00,2021-04-05 10:45:51.951000-04:00,2021-04-05 12:57:07.583000-04:00,3,2.0,2.0,7201.26,3600.618,2.0,Treatment 2,396.303,51.1966666666667,6.0,5.0,1.0,1.0,6.0,7.0,0.0,0.0,6.0,1.0,0.0,0.0,0.0,1.0,3.0,2.0,218.871,61.6873333333333,1.0,15250290
PSAVK69,780242,2021-04-02 10:00:00-04:00,2021-04-05 10:00:00-04:00,2021-04-02 10:17:43.526000-04:00,2021-04-02 10:29:53.155000-04:00,1,2.0,2.0,247.73,123.862,1.0,Treatment 3,314.289,104.760666666667,3.0,3.0,,,3.0,3.0,0.0,0.0,3.0,0.0,0.0,0.0,0.0,1.0,3.0,3.0,142.33,47.44,1.0,15234987
PSAVK69,780267,2021-04-02 10:00:00-04:00,2021-04-05 10:00:00-04:00,2021-04-04 22:59:17.238000-04:00,2021-04-04 23:15:13.354000-04:00,1,2.0,1.0,141.88,70.9365,1.0,Treatment 1,62.32,20.771,3.0,3.0,,,3.0,3.0,0.0,0.0,3.0,0.0,0.0,0.0,0.0,1.0,3.0,3.0,728.108,242.7,1.0,15244486
PSAVK69,780274,2021-04-02 10:00:00-04:00,2021-04-05 10:00:00-04:00,2021-04-04 15:26:10.568000-04:00,2021-04-04 15:33:33.587000-04:00,1,2.0,2.0,91.796,45.894,1.0,Treatment 1,190.344,63.444,3.0,3.0,,,3.0,3.0,0.0,0.0,3.0,0.0,0.0,0.0,0.0,1.0,3.0,3.0,140.69,46.8936666666667,1.0,15243607
PSAVK69,780304,2021-04-02 10:00:00-04:00,2021-04-05 10:00:00-04:00,2021-04-07 15:37:08.015000-04:00,2021-04-07 19:30:31.158000-04:00,1,2.0,1.0,2035.055,1017.5175,1.0,Treatment 2,10394.592,2578.6695,4.0,3.0,1.0,1.0,4.0,4.0,0.0,0.0,4.0,1.0,0.0,0.0,0.0,1.0,3.0,2.0,1549.027,515.387,1.0,15336965
PSAVK69,780305,2021-04-02 10:00:00-04:00,2021-04-05 10:00:00-04:00,2021-04-02 10:57:07.764000-04:00,2021-04-04 20:56:26.571000-04:00,4,2.0,1.0,208486.687,104243.3345,2.0,Treatment 1,86.433,28.8063333333333,3.0,3.0,,,3.0,3.0,0.0,0.0,3.0,0.0,0.0,0.0,0.0,1.0,3.0,2.0,158.438,44.003,1.0,15235619
PSAVK69,780309,2021-04-02 10:00:00-04:00,2021-04-05 10:00:00-04:00,2021-04-06 19:53:02.410000-04:00,,1,1.0,,,,1.0,Not Assigned,,,,,,,,,,,,,,,,,,,,,,15305390
PSAVK69,780314,2021-04-02 10:00:00-04:00,2021-04-05 10:00:00-04:00,2021-04-02 11:32:40.430000-04:00,2021-04-02 11:55:54.919000-04:00,2,2.0,1.0,80.163,40.0735,1.0,Treatment 3,1153.797,43.0833,11.0,6.0,4.0,4.0,10.0,16.0,0.0,0.0,11.0,5.0,0.0,0.0,0.0,3.0,3.0,2.0,122.763,39.2133333333333,1.0,15236179
PSAVK69,780458,2021-04-02 10:00:00-04:00,2021-04-05 10:00:00-04:00,2021-04-02 10:53:54.802000-04:00,2021-04-02 11:00:29.730000-04:00,1,2.0,2.0,108.443,54.2175,1.0,Treatment 3,106.313,35.4353333333333,3.0,3.0,,,3.0,3.0,0.0,0.0,3.0,0.0,0.0,0.0,0.0,1.0,3.0,3.0,155.587,51.859,1.0,15235568
PSAVK69,780465,2021-04-02 10:00:00-04:00,2021-04-05 10:00:00-04:00,2021-04-06 18:28:51.568000-04:00,,1,1.0,,,,1.0,Not Assigned,,,,,,,,,,,,,,,,,,,,,,15304455
PSAVK69,780466,2021-04-02 10:00:00-04:00,2021-04-05 10:00:00-04:00,2021-04-02 12:49:21.393000-04:00,2021-04-06 15:34:23.601000-04:00,8,2.0,1.0,351155.721,175577.853,2.0,Treatment 1,4162.078,14.208875,11.0,2.0,2.0,2.0,8.0,8.0,0.0,0.0,11.0,9.0,0.0,0.0,0.0,1.0,3.0,2.0,131.873,39.9723333333333,1.0,15237712
PSAVK69,780520,2021-04-02 10:00:00-04:00,2021-04-05 10:00:00-04:00,2021-04-02 14:01:21.179000-04:00,2021-04-02 14:56:07.773000-04:00,2,2.0,1.0,2412.339,1206.1595,2.0,Treatment 2,706.178,80.3645714285714,7.0,4.0,2.0,2.0,7.0,7.0,0.0,0.0,7.0,3.0,0.0,0.0,0.0,1.0,3.0,2.0,120.892,33.52,1.0,15239020
PSAVK69,780714,2021-04-02 10:00:00-04:00,2021-04-05 10:00:00-04:00,2021-04-04 22:39:35.090000-04:00,,1,1.0,,,,1.0,Not Assigned,,,,,,,,,,,,,,,,,,,,,,15244455
PSAVK69,781138,2021-04-02 10:00:00-04:00,2021-04-05 10:00:00-04:00,2021-04-02 10:42:54.901000-04:00,2021-04-02 10:59:30.282000-04:00,1,2.0,1.0,282.196,141.096,1.0,Treatment 2,428.528,59.3446666666667,6.0,4.0,2.0,2.0,6.0,6.0,0.0,0.0,6.0,2.0,0.0,0.0,0.0,1.0,3.0,2.0,226.442,73.0396666666667,1.0,15235405
PSAVK69,781312,2021-04-02 10:00:00-04:00,2021-04-05 10:00:00-04:00,2021-04-02 10:53:31.379000-04:00,2021-04-02 11:31:43.055000-04:00,1,2.0,2.0,1047.334,523.661,1.0,Treatment 1,340.132,113.372333333333,3.0,3.0,,,3.0,3.0,0.0,0.0,3.0,0.0,0.0,0.0,0.0,1.0,3.0,3.0,871.609,290.531333333333,1.0,15235563
PSAVK69,781493,2021-04-02 10:00:00-04:00,2021-04-05 10:00:00-04:00,2021-04-02 13:08:05.088000-04:00,2021-04-02 13:19:52.466000-04:00,1,2.0,1.0,116.99,58.4865,1.0,Treatment 1,458.637,58.6705714285714,7.0,5.0,2.0,2.0,7.0,11.0,0.0,0.0,7.0,2.0,0.0,0.0,0.0,1.0,3.0,2.0,92.858,29.8603333333333,1.0,15238030
PSAVK69,781536,2021-04-02 10:00:00-04:00,2021-04-05 10:00:00-04:00,2021-04-09 17:51:55.639000-04:00,2021-04-09 18:22:53.609000-04:00,1,2.0,1.0,33.888,16.938,1.0,Treatment 2,687.198,9.939,4.0,3.0,1.0,1.0,3.0,3.0,0.0,0.0,4.0,1.0,0.0,0.0,0.0,1.0,3.0,1.0,1079.804,357.877666666667,1.0,15413955
PSAVK69,781585,2021-06-02 09:00:10.897000-04:00,,2021-06-02 13:26:21.038000-04:00,,1,2.0,2.0,977.517,488.753,1.0,Treatment 3,115.887,57.9375,3.0,2.0,,,2.0,2.0,0.0,0.0,3.0,0.0,0.0,0.0,0.0,1.0,,,,,,16686725
PSAVK69,781603,2021-06-02 09:00:10.897000-04:00,,2021-06-02 13:17:12.896000-04:00,2021-06-02 13:29:05.135000-04:00,1,2.0,1.0,192.257,96.119,1.0,Treatment 1,294.644,46.1632,5.0,4.0,1.0,1.0,5.0,6.0,0.0,0.0,5.0,1.0,0.0,0.0,0.0,1.0,3.0,2.0,197.392,51.148,1.0,16686536
PSAVK69,781605,2021-06-02 09:00:10.897000-04:00,,2021-06-02 13:14:38.830000-04:00,,1,2.0,2.0,306.873,153.4295,1.0,Treatment 3,,,1.0,,,,,0.0,0.0,0.0,1.0,0.0,0.0,0.0,0.0,1.0,,,,,,16686488
PSAVK69,781616,2021-06-02 09:00:10.897000-04:00,,2021-06-02 13:08:48.958000-04:00,2021-06-02 14:06:18.542000-04:00,1,2.0,2.0,1712.17,856.068,1.0,Treatment 1,1103.74,367.907,3.0,3.0,,,3.0,3.0,0.0,0.0,3.0,0.0,0.0,0.0,0.0,1.0,3.0,3.0,606.54,202.172666666667,1.0,16686368
PSAVK69,781622,2021-06-02 09:00:10.897000-04:00,,2021-06-02 12:43:57.784000-04:00,,5,2.0,2.0,2310.917,1155.435,2.0,Treatment 3,856.012,69.573,6.0,2.0,1.0,1.0,4.0,7.0,0.0,0.0,6.0,3.0,0.0,0.0,0.0,4.0,,,,,,16685800
PSAVK69,781628,2021-06-02 09:00:10.897000-04:00,,2021-06-02 13:37:29.718000-04:00,2021-06-02 14:16:26.350000-04:00,1,2.0,2.0,613.18,306.58,1.0,Treatment 3,1116.929,174.481333333333,6.0,5.0,1.0,1.0,6.0,7.0,0.0,0.0,6.0,1.0,0.0,0.0,0.0,1.0,3.0,3.0,141.894,47.2913333333333,1.0,16687000
PSAVK69,781649,2021-06-02 09:00:10.897000-04:00,,2021-06-02 09:52:38.206000-04:00,,2,2.0,2.0,14541.367,7270.6655,2.0,Treatment 3,649.627,648.936,1.0,0.0,,,1.0,1.0,0.0,0.0,1.0,1.0,0.0,0.0,0.0,1.0,,,,,,16680866
PSAVK69,781653,2021-06-02 09:00:10.897000-04:00,,2021-06-02 13:12:10.490000-04:00,2021-06-02 13:53:05.702000-04:00,2,2.0,1.0,37.276,18.6315,1.0,Treatment 2,2039.603,497.479,4.0,3.0,1.0,1.0,4.0,5.0,0.0,0.0,4.0,1.0,0.0,0.0,0.0,2.0,3.0,3.0,359.282,119.754,1.0,16686436
PSAVK69,781894,2021-04-02 10:00:00-04:00,2021-04-05 10:00:00-04:00,2021-04-02 13:02:57.750000-04:00,2021-04-02 13:31:38.602000-04:00,1,2.0,1.0,136.934,68.4585,1.0,Treatment 1,574.662,136.6585,4.0,3.0,1.0,1.0,4.0,4.0,0.0,0.0,4.0,1.0,0.0,0.0,0.0,1.0,3.0,3.0,965.148,321.71,1.0,15237932
PSAVK69,781917,2021-04-02 10:00:00-04:00,2021-04-05 10:00:00-04:00,2021-04-05 18:12:00.219000-04:00,,2,2.0,1.0,141.386,70.6845,1.0,Treatment 3,491.751,213.3485,3.0,0.0,0.0,0.0,1.0,2.0,0.0,0.0,3.0,2.0,0.0,0.0,0.0,1.0,,,,,,15266202
PSAVK69,782272,2021-04-02 10:00:00-04:00,2021-04-05 10:00:00-04:00,2021-04-02 14:35:14.413000-04:00,2021-04-07 13:32:30.893000-04:00,7,2.0,2.0,427472.87,213736.431,2.0,Treatment 1,149.549,49.8473333333333,3.0,3.0,,,3.0,3.0,0.0,0.0,3.0,0.0,0.0,0.0,0.0,1.0,3.0,3.0,116.695,38.895,1.0,15239531
PSAVK69,782312,2021-04-02 10:00:00-04:00,2021-04-05 10:00:00-04:00,2021-04-03 14:50:15.052000-04:00,2021-04-03 15:09:33.913000-04:00,1,2.0,1.0,55.077,27.5325,1.0,Treatment 1,959.915,80.7944545454545,11.0,6.0,3.0,3.0,11.0,11.0,0.0,0.0,11.0,5.0,0.0,0.0,0.0,1.0,3.0,2.0,85.636,27.4296666666667,1.0,15242621
PSAVK69,782313,2021-04-02 10:00:00-04:00,2021-04-05 10:00:00-04:00,2021-04-02 13:38:37.017000-04:00,2021-04-02 13:47:49.062000-04:00,1,2.0,1.0,53.313,26.655,1.0,Treatment 1,273.315,35.094,7.0,4.0,2.0,2.0,7.0,7.0,0.0,0.0,7.0,3.0,0.0,0.0,0.0,1.0,3.0,2.0,210.189,68.3996666666667,1.0,15238535
PSAVK69,782314,2021-04-02 10:00:00-04:00,2021-04-05 10:00:00-04:00,2021-04-07 08:37:18.966000-04:00,2021-04-19 17:44:45.133000-04:00,2,2.0,2.0,456.531,228.252,1.0,Treatment 3,671.808,223.933,3.0,3.0,,,3.0,3.0,0.0,0.0,3.0,0.0,0.0,0.0,0.0,1.0,3.0,2.0,129.467,41.1703333333333,1.0,15309085
PSAVK69,782318,2021-04-02 10:00:00-04:00,2021-04-05 10:00:00-04:00,2021-04-02 11:27:26.257000-04:00,2021-04-04 12:50:38.838000-04:00,2,2.0,2.0,177353.502,88676.745,2.0,Treatment 1,305.342,48.41,6.0,4.0,1.0,1.0,6.0,8.0,0.0,0.0,6.0,2.0,0.0,0.0,0.0,1.0,3.0,1.0,98.511,24.7433333333333,1.0,15236088
PSAVK69,782320,2021-04-02 10:00:00-04:00,2021-04-05 10:00:00-04:00,2021-04-02 10:13:46.629000-04:00,2021-04-02 10:23:10.128000-04:00,1,2.0,1.0,92.365,46.171,1.0,Treatment 1,336.73,58.562,5.0,3.0,1.0,1.0,5.0,5.0,0.0,0.0,5.0,2.0,0.0,0.0,0.0,1.0,3.0,3.0,109.236,36.4063333333333,1.0,15234901
PSAVK69,782351,2021-04-02 10:00:00-04:00,2021-04-05 10:00:00-04:00,2021-04-06 20:59:10.285000-04:00,2021-04-06 21:07:35.321000-04:00,1,2.0,2.0,167.355,83.672,1.0,Treatment 2,218.013,26.7695,6.0,4.0,2.0,2.0,6.0,6.0,0.0,0.0,6.0,2.0,0.0,0.0,0.0,1.0,3.0,1.0,77.819,23.4266666666667,1.0,15306076
PSAVK69,782388,2021-04-02 10:00:00-04:00,2021-04-05 10:00:00-04:00,2021-04-04 17:34:45.207000-04:00,2021-04-04 17:47:08.711000-04:00,1,2.0,2.0,201.64,100.8105,1.0,Treatment 3,367.114,122.368,3.0,3.0,,,3.0,3.0,0.0,0.0,3.0,0.0,0.0,0.0,0.0,1.0,3.0,2.0,147.056,45.3893333333333,1.0,15243779
PSAVK69,782417,2021-04-02 10:00:00-04:00,2021-04-05 10:00:00-04:00,2021-04-02 13:05:48.534000-04:00,2021-05-13 19:50:37.274000-04:00,10,2.0,1.0,3565354.889,1782677.436,2.0,Treatment 3,577.395,91.714,4.0,3.0,1.0,1.0,3.0,4.0,0.0,0.0,4.0,1.0,0.0,0.0,0.0,3.0,3.0,2.0,734.608,36.593,1.0,15237974
PSAVK69,782503,2021-04-02 10:00:00-04:00,2021-04-05 10:00:00-04:00,2021-04-02 14:54:35.404000-04:00,2021-04-02 15:05:17.746000-04:00,1,2.0,1.0,49.625,24.8065,1.0,Treatment 3,402.377,18.623,12.0,5.0,2.0,2.0,12.0,13.0,0.0,0.0,12.0,7.0,0.0,0.0,0.0,1.0,3.0,2.0,118.454,36.8506666666667,1.0,15239712
PSAVK69,782509,2021-04-02 10:00:00-04:00,2021-04-05 10:00:00-04:00,2021-04-02 12:26:11.085000-04:00,2021-04-04 20:41:15.470000-04:00,4,2.0,1.0,243.218,121.606,1.0,Treatment 1,201990.64,33663.0896666667,6.0,5.0,1.0,1.0,6.0,6.0,0.0,0.0,6.0,1.0,0.0,0.0,0.0,3.0,3.0,3.0,223.241,74.4106666666667,1.0,15237211
PSAVK69,782660,2021-04-02 10:00:00-04:00,2021-04-05 10:00:00-04:00,2021-04-04 20:14:55.521000-04:00,2021-04-05 20:37:52.236000-04:00,2,2.0,1.0,87397.257,43698.6125,2.0,Treatment 2,135.421,45.1366666666667,3.0,3.0,,,3.0,3.0,0.0,0.0,3.0,0.0,0.0,0.0,0.0,1.0,3.0,3.0,221.674,73.8856666666667,1.0,15244060
PSAVK69,782849,2021-04-02 10:00:00-04:00,2021-04-05 10:00:00-04:00,2021-04-03 13:47:58.990000-04:00,2021-04-04 02:02:18.321000-04:00,3,2.0,2.0,43733.075,21866.5305,2.0,Treatment 3,115.152,38.3813333333333,3.0,3.0,,,3.0,3.0,0.0,0.0,3.0,0.0,0.0,0.0,0.0,1.0,3.0,2.0,114.629,25.383,1.0,15242545
PSAVK69,782869,2021-04-02 10:00:00-04:00,2021-04-05 10:00:00-04:00,2021-04-05 12:25:47.944000-04:00,,1,1.0,,,,1.0,Not Assigned,,,,,,,,,,,,,,,,,,,,,,15254911
PSAVK69,782950,2021-04-02 10:00:00-04:00,2021-04-05 10:00:00-04:00,2021-04-09 11:29:47.694000-04:00,2021-04-09 11:38:06.977000-04:00,1,2.0,1.0,73.848,36.921,1.0,Treatment 3,311.976,15.8556666666667,9.0,6.0,2.0,2.0,9.0,10.0,0.0,0.0,9.0,3.0,0.0,0.0,0.0,1.0,3.0,2.0,93.931,29.818,1.0,15396677
PSAVK69,782953,2021-04-02 10:00:00-04:00,2021-04-05 10:00:00-04:00,2021-04-06 15:30:47.439000-04:00,2021-04-07 17:28:56.911000-04:00,2,2.0,1.0,93137.521,46568.752,2.0,Treatment 2,131.077,43.688,3.0,3.0,,,3.0,3.0,0.0,0.0,3.0,0.0,0.0,0.0,0.0,1.0,3.0,2.0,190.49,42.1933333333333,1.0,15299698
PSAVK69,783225,2021-04-02 10:00:00-04:00,2021-04-05 10:00:00-04:00,2021-04-02 11:22:18.051000-04:00,2021-04-02 11:44:20.284000-04:00,2,2.0,1.0,899.099,449.5405,2.0,Treatment 1,255.002,57.1833333333333,4.0,3.0,1.0,1.0,3.0,3.0,0.0,0.0,4.0,1.0,0.0,0.0,0.0,1.0,3.0,2.0,95.921,30.3,1.0,15236015
PSAVK69,783240,2021-04-02 10:00:00-04:00,2021-04-05 10:00:00-04:00,2021-04-02 19:49:17.395000-04:00,2021-04-09 16:36:25.693000-04:00,2,2.0,2.0,592972.175,296486.084,2.0,Treatment 2,133.915,44.636,3.0,3.0,,,3.0,3.0,0.0,0.0,3.0,0.0,0.0,0.0,0.0,1.0,3.0,3.0,106.099,35.364,1.0,15241505
PSAVK69,783335,2021-04-07 09:00:00-04:00,2021-04-07 23:59:00-04:00,2021-04-07 09:08:22.018000-04:00,,1,1.0,,,,1.0,Not Assigned,,,,,,,,,,,,,,,,,,,,,,15310240
PSAVK69,783436,2021-04-02 10:00:00-04:00,2021-04-05 10:00:00-04:00,2021-04-05 22:06:28.603000-04:00,2021-04-09 12:46:32.491000-04:00,2,2.0,1.0,311592.792,155796.3855,2.0,Treatment 3,304.048,23.266375,8.0,4.0,2.0,2.0,8.0,8.0,0.0,0.0,8.0,4.0,0.0,0.0,0.0,1.0,3.0,2.0,71.425,21.8556666666667,1.0,15268020
PSAVK69,783932,2021-04-02 10:00:00-04:00,2021-04-05 10:00:00-04:00,2021-04-04 21:20:16.772000-04:00,2021-04-04 21:34:05.572000-04:00,1,2.0,1.0,513.867,256.93,1.0,Treatment 1,252.424,84.1403333333333,3.0,3.0,,,3.0,3.0,0.0,0.0,3.0,0.0,0.0,0.0,0.0,1.0,3.0,2.0,34.997,10.1693333333333,1.0,15244216
PSAVK69,784001,2021-04-02 10:00:00-04:00,2021-04-05 10:00:00-04:00,2021-04-04 14:16:29.972000-04:00,2021-04-04 23:23:28.671000-04:00,4,2.0,1.0,286.902,143.437,1.0,Treatment 2,556.331,41.602,6.0,3.0,1.0,1.0,5.0,5.0,0.0,0.0,6.0,3.0,0.0,0.0,0.0,2.0,3.0,3.0,418.661,139.541333333333,2.0,15243522
PSAVK69,784424,2021-04-07 09:00:00-04:00,2021-04-07 23:59:00-04:00,2021-04-07 09:42:33.877000-04:00,,1,2.0,1.0,64.042,32.0155,1.0,Treatment 2,282.239,112.737,2.0,1.0,,,2.0,2.0,0.0,0.0,2.0,1.0,0.0,0.0,0.0,1.0,,,,,,15312232
PSAVK69,785569,2021-04-07 09:00:00-04:00,2021-04-07 23:59:00-04:00,2021-04-07 09:04:11.562000-04:00,2021-04-07 09:17:30.039000-04:00,1,2.0,1.0,125.981,62.987,1.0,Treatment 3,274.784,37.3154,5.0,4.0,1.0,1.0,5.0,5.0,0.0,0.0,5.0,1.0,0.0,0.0,0.0,1.0,3.0,3.0,329.283,109.759,1.0,15310032
PSAVK69,785578,2021-04-07 09:00:00-04:00,2021-04-07 23:59:00-04:00,2021-04-07 09:09:24.849000-04:00,,2,2.0,1.0,977.753,488.871,2.0,Treatment 3,853.85,57.482,3.0,0.0,0.0,0.0,1.0,1.0,0.0,0.0,3.0,2.0,0.0,0.0,0.0,1.0,,,,,,15310289
PSAVK69,785580,2021-04-07 09:00:00-04:00,2021-04-07 23:59:00-04:00,2021-04-07 09:10:41.654000-04:00,,2,2.0,1.0,190.605,95.3,1.0,Treatment 2,1207.876,54.5803,10.0,6.0,3.0,3.0,10.0,10.0,0.0,0.0,10.0,4.0,0.0,0.0,0.0,3.0,2.0,1.0,3.699,3.698,1.0,15310364
PSAVK69,785581,2021-04-07 09:00:00-04:00,2021-04-07 23:59:00-04:00,2021-04-07 09:03:22.284000-04:00,2021-04-07 09:22:17.118000-04:00,1,2.0,2.0,230.006,114.9885,1.0,Treatment 1,754.045,68.644,10.0,3.0,3.0,3.0,6.0,6.0,0.0,0.0,10.0,7.0,0.0,0.0,0.0,1.0,3.0,2.0,76.117,23.6506666666667,1.0,15309987
PSAVK69,785602,2021-04-07 09:00:00-04:00,2021-04-07 23:59:00-04:00,2021-04-07 09:14:18.646000-04:00,,1,2.0,1.0,99.67,49.827,1.0,Treatment 1,2317.786,,1.0,0.0,,,0.0,0.0,0.0,0.0,1.0,1.0,0.0,0.0,0.0,1.0,,,,,,15310656
PSAVK69,785992,2021-04-02 10:00:00-04:00,2021-04-05 10:00:00-04:00,2021-04-02 11:50:09.668000-04:00,2021-04-02 14:39:37.886000-04:00,2,2.0,1.0,9624.876,4812.366,2.0,Treatment 1,244.157,81.3816666666667,3.0,3.0,,,3.0,3.0,0.0,0.0,3.0,0.0,0.0,0.0,0.0,1.0,3.0,2.0,260.893,85.411,1.0,15236516
PSAVK69,786005,2021-04-07 09:00:00-04:00,2021-04-07 23:59:00-04:00,2021-04-07 10:15:01.125000-04:00,,1,2.0,2.0,473.54,236.7555,1.0,Treatment 3,334.452,121.354,2.0,0.0,,,1.0,1.0,0.0,0.0,2.0,1.0,0.0,0.0,0.0,1.0,,,,,,15314616
PSAVK69,786252,2021-04-02 10:00:00-04:00,2021-04-05 10:00:00-04:00,2021-04-05 16:40:27.341000-04:00,2021-04-09 11:30:50.828000-04:00,2,2.0,1.0,47.331,23.664,1.0,Treatment 1,258.151,27.869625,8.0,5.0,3.0,3.0,8.0,8.0,0.0,0.0,8.0,3.0,0.0,0.0,0.0,1.0,3.0,3.0,61.971,20.6556666666667,1.0,15264925
PSAVK69,786430,2021-04-02 10:00:00-04:00,2021-04-05 10:00:00-04:00,2021-04-15 22:05:58.183000-04:00,2021-04-20 11:27:00.176000-04:00,4,2.0,1.0,391969.536,195984.763,2.0,Treatment 2,970.607,145.46,4.0,3.0,1.0,1.0,4.0,4.0,0.0,0.0,4.0,1.0,0.0,0.0,0.0,1.0,3.0,2.0,670.121,153.796333333333,2.0,15609218
PSAVK69,786434,2021-06-02 09:00:10.897000-04:00,,2021-06-02 10:00:43.416000-04:00,2021-06-02 11:25:36.667000-04:00,3,2.0,2.0,2057.626,1028.7975,2.0,Treatment 1,2922.182,704.89475,4.0,3.0,1.0,1.0,4.0,5.0,0.0,0.0,4.0,1.0,0.0,0.0,0.0,1.0,3.0,2.0,83.333,25.9843333333333,1.0,16681089
PSAVK69,787390,2021-04-02 10:00:00-04:00,2021-04-05 10:00:00-04:00,2021-04-02 10:15:25.714000-04:00,2021-04-09 20:34:39.206000-04:00,3,2.0,2.0,641513.571,320756.777,2.0,Treatment 3,262.709,87.565,3.0,3.0,,,3.0,3.0,0.0,0.0,3.0,0.0,0.0,0.0,0.0,1.0,3.0,3.0,157.733,52.5723333333333,1.0,15234937
PSAVK69,787545,2021-04-07 09:00:00-04:00,2021-04-07 23:59:00-04:00,2021-04-07 10:02:06.100000-04:00,,1,2.0,2.0,449.348,224.655,1.0,Treatment 1,106.805,35.5956666666667,3.0,3.0,,,3.0,3.0,0.0,0.0,3.0,0.0,0.0,0.0,0.0,1.0,3.0,1.0,63.205,13.8713333333333,1.0,15313513
PSAVK69,787910,2021-04-02 10:00:00-04:00,2021-04-05 10:00:00-04:00,2021-04-20 20:06:55.903000-04:00,2021-04-20 20:31:30.604000-04:00,1,2.0,2.0,282.385,141.1895,1.0,Treatment 2,317.556,105.85,3.0,3.0,,,3.0,3.0,0.0,0.0,3.0,0.0,0.0,0.0,0.0,1.0,3.0,3.0,850.054,283.348666666667,1.0,15738306
PSAVK69,788460,2021-04-07 09:00:00-04:00,2021-04-07 23:59:00-04:00,2021-04-07 10:07:19.451000-04:00,,2,2.0,2.0,733.416,366.6865,2.0,Treatment 3,287.094,52.6654,5.0,4.0,1.0,1.0,5.0,5.0,0.0,0.0,5.0,1.0,0.0,0.0,0.0,1.0,3.0,2.0,55.074,27.5265,1.0,15313981
PSAVK69,788900,2021-04-02 10:00:00-04:00,2021-04-05 10:00:00-04:00,2021-04-09 11:31:10.971000-04:00,2021-04-09 14:54:47.659000-04:00,2,2.0,2.0,11835.635,5917.815,2.0,Treatment 3,210.046,70.0123333333333,3.0,3.0,,,3.0,3.0,0.0,0.0,3.0,0.0,0.0,0.0,0.0,1.0,3.0,3.0,135.172,45.0546666666667,1.0,15396780
PSAVK69,790378,2021-06-02 09:00:10.897000-04:00,,2021-06-02 13:16:40.317000-04:00,,1,2.0,1.0,79.882,39.936,1.0,Treatment 3,220.146,179.669,1.0,0.0,,,0.0,1.0,0.0,0.0,1.0,1.0,0.0,0.0,0.0,1.0,,,,,,16686524
PSAVK69,790384,2021-06-02 09:00:10.897000-04:00,,2021-06-02 12:59:53.098000-04:00,,5,2.0,1.0,122.986,61.485,1.0,Treatment 3,1675.415,527.6215,3.0,0.0,0.0,0.0,1.0,3.0,0.0,0.0,3.0,2.0,0.0,0.0,0.0,3.0,,,,,,16686175
PSAVK69,795791,2021-03-04 14:49:51.501000-05:00,2021-03-12 14:51:00-05:00,2021-03-09 14:43:53.007000-05:00,,2,1.0,,,,1.0,Not Assigned,,,,,,,,,,,,,,,,,,,,,,14441984
PSAVK69,795991,2021-04-02 10:00:00-04:00,2021-04-05 10:00:00-04:00,2021-04-14 21:24:12.723000-04:00,2021-05-21 11:08:51.678000-04:00,7,2.0,1.0,3158952.199,1579476.093,2.0,Treatment 2,583.422,36.263875,8.0,4.0,2.0,2.0,8.0,15.0,0.0,0.0,8.0,4.0,0.0,0.0,0.0,4.0,3.0,2.0,288.037,81.9913333333333,1.0,15562129
PSAVK69,796582,2021-04-02 10:00:00-04:00,2021-04-05 10:00:00-04:00,2021-04-14 22:48:37.071000-04:00,2021-04-14 23:11:08.333000-04:00,1,2.0,1.0,778.061,389.012,1.0,Treatment 3,137.217,45.7326666666667,3.0,3.0,,,3.0,3.0,0.0,0.0,3.0,0.0,0.0,0.0,0.0,1.0,3.0,2.0,370.698,68.8046666666667,1.0,15563001
PSAVK69,798232,2021-04-07 09:00:00-04:00,2021-04-07 23:59:00-04:00,2021-04-07 10:13:00.295000-04:00,,1,2.0,2.0,183.086,91.5295,1.0,Treatment 2,123.532,,2.0,0.0,,,0.0,0.0,0.0,0.0,2.0,1.0,0.0,0.0,0.0,1.0,,,,,,15314491
PSAVK69,799655,2021-04-07 09:00:00-04:00,2021-04-07 23:59:00-04:00,2021-04-07 10:14:02.628000-04:00,,2,1.0,,,,1.0,Not Assigned,,,,,,,,,,,,,,,,,,,,,,15314595
PSAVK69,800348,2021-04-07 09:00:00-04:00,2021-04-07 23:59:00-04:00,2021-04-07 10:12:22.509000-04:00,2021-04-07 10:33:41.674000-04:00,2,2.0,1.0,700.577,350.275,1.0,Treatment 1,482.272,38.9096666666667,9.0,4.0,2.0,2.0,9.0,13.0,0.0,0.0,9.0,5.0,0.0,0.0,0.0,2.0,3.0,1.0,56.465,13.2,1.0,15314445
PSAVK69,801642,2021-04-02 10:00:00-04:00,2021-04-05 10:00:00-04:00,2021-04-23 13:45:48.689000-04:00,2021-04-23 14:31:10.479000-04:00,1,2.0,1.0,155.736,77.866,1.0,Treatment 1,463.617,33.6751111111111,10.0,1.0,0.0,0.0,9.0,9.0,0.0,0.0,10.0,9.0,0.0,0.0,0.0,1.0,3.0,3.0,2068.604,689.529666666667,1.0,15843466
PSAVK69,802392,2021-04-07 09:00:00-04:00,2021-04-07 23:59:00-04:00,2021-04-07 10:20:03.137000-04:00,,1,1.0,,,,1.0,Not Assigned,,,,,,,,,,,,,,,,,,,,,,15315018
PSAVK69,802403,2021-04-07 09:00:00-04:00,2021-04-07 23:59:00-04:00,2021-04-07 10:14:12.195000-04:00,,3,2.0,2.0,653.778,326.8775,1.0,Treatment 3,961.587,403.434,2.0,0.0,0.0,0.0,1.0,1.0,0.0,0.0,2.0,2.0,0.0,0.0,0.0,3.0,,,,,,15314571
PSAVK69,804315,2021-04-07 09:00:00-04:00,2021-04-07 23:59:00-04:00,2021-04-07 09:12:57.011000-04:00,2021-04-07 09:37:07.966000-04:00,1,2.0,1.0,178.562,89.275,1.0,Treatment 1,1021.354,32.6542222222222,11.0,4.0,3.0,3.0,9.0,9.0,0.0,0.0,11.0,7.0,0.0,0.0,0.0,1.0,3.0,1.0,203.494,58.5006666666667,1.0,15310542
PSAVK69,806556,2021-05-27 08:31:39.048000-04:00,,2021-05-27 10:18:55.180000-04:00,,2,2.0,1.0,451.132,225.54,1.0,Treatment 3,138.025,31.155,1.0,0.0,,,1.0,2.0,0.0,0.0,1.0,1.0,0.0,0.0,0.0,2.0,,,,,,16632456
PSAVK69,810700,2021-03-23 08:00:00-04:00,2021-03-23 23:59:00-04:00,2021-03-23 13:44:42.568000-04:00,,4,1.0,,,,1.0,Not Assigned,,,,,,,,,,,,,,,,,,,,,,14949323
PSAVK69,813249,2021-04-07 09:00:00-04:00,2021-04-07 23:59:00-04:00,2021-04-07 09:12:54.024000-04:00,,1,2.0,1.0,285.563,142.775,1.0,Treatment 2,1058.297,46.0831428571429,10.0,4.0,3.0,3.0,7.0,7.0,0.0,0.0,10.0,6.0,0.0,0.0,0.0,1.0,,,,,,15310537
PSAVK69,815864,2021-03-23 08:00:00-04:00,2021-03-23 23:59:00-04:00,2021-03-23 10:36:05.819000-04:00,,1,1.0,,,,1.0,Not Assigned,,,,,,,,,,,,,,,,,,,,,,14929190
PSAVK69,816377,2021-03-23 08:00:00-04:00,2021-03-23 23:59:00-04:00,2021-03-23 09:06:43.435000-04:00,,1,1.0,,,,1.0,Not Assigned,,,,,,,,,,,,,,,,,,,,,,14921178
PSAVK69,823791,2020-10-12 10:35:00.439000-04:00,2020-10-13 10:36:00-04:00,2020-10-12 19:34:36.295000-04:00,2020-10-12 20:31:43.110000-04:00,2,2.0,1.0,838.139,419.05,2.0,Treatment 1,1956.604,223.454428571429,8.0,5.0,3.0,3.0,6.0,9.0,0.0,0.0,8.0,3.0,0.0,0.0,0.0,1.0,3.0,1.0,486.908,81.5626666666667,1.0,7631958
PSAVK69,824974,2021-04-07 09:00:00-04:00,2021-04-07 23:59:00-04:00,2021-04-08 13:23:30.333000-04:00,,1,1.0,,,,1.0,Not Assigned,,,,,,,,,,,,,,,,,,,,,,15367182
PSAVK69,826603,2020-12-02 11:05:00.481000-05:00,,2020-12-02 11:45:07.853000-05:00,,2,2.0,2.0,476.641,238.3135,2.0,Treatment 3,444.141,56.8963333333333,4.0,1.0,0.0,0.0,3.0,7.0,0.0,0.0,4.0,2.0,0.0,0.0,0.0,1.0,,,,,,10536631
PSAVK69,836431,2021-04-07 09:00:00-04:00,2021-04-07 23:59:00-04:00,2021-04-07 09:56:15.965000-04:00,2021-04-07 10:03:20.602000-04:00,1,2.0,1.0,67.386,33.686,1.0,Treatment 3,245.347,45.58975,4.0,3.0,1.0,1.0,4.0,6.0,0.0,0.0,4.0,1.0,0.0,0.0,0.0,1.0,3.0,2.0,75.113,22.7693333333333,1.0,15313110
PSAVK69,836520,2020-12-15 15:20:51.534000-05:00,2020-12-16 15:22:00-05:00,2021-01-08 15:42:19.830000-05:00,,1,1.0,,,,1.0,Not Assigned,,,,,,,,,,,,,,,,,,,,,,11839479
PSAVK69,837084,2020-10-12 10:35:00.437000-04:00,2020-10-13 10:36:00-04:00,2020-10-27 15:06:49.218000-04:00,2020-10-27 15:32:25.929000-04:00,1,2.0,2.0,385.585,192.768,1.0,Treatment 1,912.096,37.3968,11.0,5.0,3.0,3.0,10.0,10.0,0.0,0.0,11.0,6.0,0.0,0.0,0.0,1.0,3.0,2.0,129.29,26.7363333333333,1.0,8669603
PSAVK69,839286,2021-04-07 09:00:00-04:00,2021-04-07 23:59:00-04:00,2021-04-07 10:20:05.169000-04:00,,1,1.0,,,,1.0,Not Assigned,,,,,,,,,,,,,,,,,,,,,,15315023
PSAVK69,839410,2021-04-07 09:00:00-04:00,2021-04-07 23:59:00-04:00,2021-04-07 10:21:32.626000-04:00,,1,1.0,,,,1.0,Not Assigned,,,,,,,,,,,,,,,,,,,,,,15315138
PSAVK69,846750,2020-10-12 10:35:00.439000-04:00,2020-10-13 10:36:00-04:00,2020-10-13 14:17:02.717000-04:00,2020-10-13 20:43:36.669000-04:00,1,2.0,1.0,9555.298,4777.6325,1.0,Treatment 3,10690.228,1495.50228571429,7.0,5.0,1.0,1.0,7.0,7.0,0.0,0.0,7.0,2.0,0.0,0.0,0.0,1.0,3.0,2.0,2040.504,93.4533333333333,1.0,7705050
PSAVK69,853387,2021-04-07 09:00:00-04:00,2021-04-07 23:59:00-04:00,2021-04-07 10:05:48.638000-04:00,,1,1.0,,,,1.0,Not Assigned,,,,,,,,,,,,,,,,,,,,,,15313853
PSAVK69,855243,2021-01-21 12:06:00-05:00,2021-01-21 18:08:00-05:00,2021-02-19 01:38:08.829000-05:00,,1,1.0,,,,1.0,Not Assigned,,,,,,,,,,,,,,,,,,,,,,13650908
PSAVK69,855313,2021-01-25 12:07:00-05:00,2021-01-25 18:09:00-05:00,2021-01-25 12:11:02.807000-05:00,,6,2.0,1.0,1217254.33,608627.156,2.0,Treatment 3,86828.253,5.966,2.0,0.0,0.0,0.0,1.0,1.0,0.0,0.0,2.0,2.0,0.0,0.0,0.0,3.0,,,,,,12532445
PSAVK69,855322,2020-12-15 15:20:51.534000-05:00,2020-12-16 15:22:00-05:00,2020-12-16 19:15:10.219000-05:00,2020-12-16 19:18:29.213000-05:00,1,2.0,1.0,96.01,47.997,1.0,Treatment 3,50.01,16.663,3.0,3.0,,,3.0,3.0,0.0,0.0,3.0,0.0,0.0,0.0,0.0,1.0,3.0,1.0,32.537,9.01,1.0,11378659
PSAVK69,855398,2021-01-25 12:07:00-05:00,2021-01-25 18:09:00-05:00,2021-01-25 12:56:41.658000-05:00,,1,2.0,1.0,92.292,46.1385,1.0,Treatment 3,108.895,17.254,1.0,0.0,,,1.0,1.0,0.0,0.0,1.0,1.0,0.0,0.0,0.0,1.0,,,,,,12539296
PSAVK69,855401,2020-12-15 15:20:51.534000-05:00,2020-12-16 15:22:00-05:00,2020-12-15 15:29:19.756000-05:00,2020-12-15 15:37:22.453000-05:00,2,2.0,1.0,61.091,30.531,1.0,Treatment 1,204.178,26.693,5.0,3.0,1.0,1.0,3.0,3.0,0.0,0.0,5.0,2.0,0.0,0.0,0.0,2.0,3.0,1.0,94.132,20.3866666666667,1.0,11308279
PSAVK69,855447,2021-01-21 12:06:00-05:00,2021-01-21 18:08:00-05:00,2021-01-21 12:26:12.415000-05:00,2021-01-21 15:41:53.464000-05:00,3,2.0,1.0,8768.115,4384.045,2.0,Treatment 2,2252.339,218.616,8.0,6.0,2.0,2.0,8.0,8.0,0.0,0.0,8.0,2.0,0.0,0.0,0.0,1.0,3.0,2.0,679.69,177.808333333333,1.0,12400081
PSAVK69,855490,2021-01-21 12:06:00-05:00,2021-01-21 18:08:00-05:00,2021-01-21 13:12:14.411000-05:00,2021-01-21 13:19:52.178000-05:00,1,2.0,1.0,161.982,80.9835,1.0,Treatment 3,100.563,33.5146666666667,3.0,3.0,,,3.0,3.0,0.0,0.0,3.0,0.0,0.0,0.0,0.0,1.0,3.0,1.0,125.675,37.3033333333333,1.0,12406625
PSAVK69,855492,2021-01-25 12:07:00-05:00,2021-01-25 18:09:00-05:00,2021-01-25 12:23:49.937000-05:00,,1,1.0,,,,1.0,Not Assigned,,,,,,,,,,,,,,,,,,,,,,12534241
PSAVK69,855549,2021-01-21 12:06:00-05:00,2021-01-21 18:08:00-05:00,2021-01-21 20:36:22.294000-05:00,,1,1.0,,,,1.0,Not Assigned,,,,,,,,,,,,,,,,,,,,,,12438044
PSAVK69,855553,2021-01-21 12:06:00-05:00,2021-01-21 18:08:00-05:00,2021-01-21 21:18:34.578000-05:00,2021-01-21 22:50:06.948000-05:00,1,2.0,1.0,4171.334,2085.665,1.0,Treatment 1,207.915,69.3033333333333,3.0,3.0,,,3.0,3.0,0.0,0.0,3.0,0.0,0.0,0.0,0.0,1.0,3.0,3.0,1033.091,344.360666666667,1.0,12438740
PSAVK69,855556,2021-01-25 12:07:00-05:00,2021-01-25 18:09:00-05:00,2021-01-25 13:32:34.378000-05:00,,1,1.0,,,,1.0,Not Assigned,,,,,,,,,,,,,,,,,,,,,,12544543
PSAVK69,855559,2021-01-25 12:07:00-05:00,2021-01-25 18:09:00-05:00,2021-01-25 13:17:24.645000-05:00,2021-01-25 13:46:09.545000-05:00,1,2.0,1.0,1152.988,576.4805,1.0,Treatment 3,461.723,48.8844,6.0,3.0,1.0,1.0,5.0,5.0,0.0,0.0,6.0,3.0,0.0,0.0,0.0,1.0,3.0,1.0,53.681,12.6806666666667,1.0,12542297
PSAVK69,855563,2021-01-25 12:07:00-05:00,2021-01-25 18:09:00-05:00,2021-01-25 12:57:22.762000-05:00,2021-01-25 15:20:31.254000-05:00,1,2.0,1.0,252.922,126.453,1.0,Treatment 2,176.801,26.286,4.0,3.0,1.0,1.0,3.0,3.0,0.0,0.0,4.0,1.0,0.0,0.0,0.0,1.0,3.0,1.0,8128.67,2698.72466666667,1.0,12539384
PSAVK69,855685,2021-01-21 12:06:00-05:00,2021-01-21 18:08:00-05:00,2021-01-21 12:44:05.631000-05:00,2021-01-21 14:46:28.052000-05:00,2,2.0,1.0,5660.348,2830.1655,2.0,Treatment 1,220.452,28.88725,4.0,3.0,1.0,1.0,4.0,5.0,0.0,0.0,4.0,1.0,0.0,0.0,0.0,1.0,3.0,3.0,1275.161,425.038333333333,1.0,12402528
PSAVK69,855742,2020-12-15 15:20:51.534000-05:00,2020-12-16 15:22:00-05:00,2020-12-17 12:57:37.291000-05:00,2020-12-22 22:03:51.728000-05:00,6,2.0,2.0,463620.549,231810.255,2.0,Treatment 1,338.058,112.679,3.0,3.0,,,3.0,3.0,0.0,0.0,3.0,0.0,0.0,0.0,0.0,1.0,3.0,3.0,769.426,256.469,1.0,11409627
PSAVK69,855760,2021-01-21 12:06:00-05:00,2021-01-21 18:08:00-05:00,2021-01-21 12:46:13.640000-05:00,2021-01-21 18:37:54.757000-05:00,2,2.0,1.0,98.71,49.3395,1.0,Treatment 1,20090.164,3769.9342,10.0,2.0,2.0,2.0,4.0,5.0,0.0,0.0,10.0,8.0,0.0,0.0,0.0,2.0,3.0,1.0,107.956,33.7656666666667,1.0,12402829
PSAVK69,855853,2020-12-15 15:20:51.534000-05:00,2020-12-16 15:22:00-05:00,2020-12-15 16:16:46.254000-05:00,,1,1.0,,,,1.0,Not Assigned,,,,,,,,,,,,,,,,,,,,,,11311788
PSAVK69,860469,2020-10-12 10:35:00.439000-04:00,2020-10-13 10:36:00-04:00,2020-10-27 12:06:19.428000-04:00,,1,1.0,,,,1.0,Not Assigned,,,,,,,,,,,,,,,,,,,,,,8632543
PSAVK69,867325,2021-06-02 09:00:10.897000-04:00,,2021-06-02 09:59:02.370000-04:00,2021-06-02 11:54:45.087000-04:00,4,2.0,2.0,2281.862,1140.917,2.0,Treatment 1,4228.684,1046.0615,4.0,3.0,1.0,1.0,3.0,4.0,0.0,0.0,4.0,1.0,0.0,0.0,0.0,2.0,3.0,2.0,396.946,126.259333333333,1.0,16681034
PSAVK69,867358,2021-06-02 09:00:10.897000-04:00,,2021-06-02 10:17:28.155000-04:00,2021-06-02 11:14:17.722000-04:00,4,2.0,2.0,616.356,308.1575,2.0,Treatment 1,1941.439,279.3726,5.0,3.0,1.0,1.0,4.0,6.0,0.0,0.0,5.0,2.0,0.0,0.0,0.0,2.0,3.0,3.0,823.665,274.549,1.0,16681574
PSAVK69,867730,2021-04-07 09:00:00-04:00,2021-04-07 23:59:00-04:00,2021-04-07 10:16:36.396000-04:00,,1,2.0,1.0,757.939,378.953,1.0,Treatment 1,411.136,,3.0,0.0,0.0,0.0,0.0,0.0,0.0,0.0,3.0,3.0,0.0,0.0,0.0,1.0,,,,,,15314750
PSAVK69,879431,2021-03-08 08:30:00-05:00,,2021-03-30 09:31:20.856000-04:00,,1,1.0,,,,1.0,Not Assigned,,,,,,,,,,,,,,,,,,,,,,15139060
PSAVK69,896470,2021-04-15 10:05:31.292000-04:00,,2021-04-16 10:54:02.614000-04:00,2021-04-16 11:15:19.810000-04:00,3,2.0,1.0,936.485,468.2345,2.0,Treatment 2,287.131,23.95575,5.0,3.0,1.0,1.0,4.0,4.0,0.0,0.0,5.0,2.0,0.0,0.0,0.0,1.0,3.0,1.0,35.357,9.681,1.0,15620480
PSAVK69,896474,2021-01-22 08:38:00-05:00,2021-01-22 12:40:00-05:00,2021-01-22 11:35:49.049000-05:00,2021-01-22 11:40:17.396000-05:00,1,2.0,1.0,72.457,36.2225,1.0,Treatment 3,157.476,17.054,6.0,4.0,1.0,1.0,6.0,6.0,0.0,0.0,6.0,2.0,0.0,0.0,0.0,1.0,3.0,3.0,20.735,6.907,1.0,12461503
PSAVK69,896490,2021-04-15 10:05:31.292000-04:00,,2021-04-16 10:55:14.714000-04:00,2021-04-16 11:05:35.901000-04:00,1,2.0,1.0,103.416,51.7005,1.0,Treatment 1,287.504,38.6978333333333,6.0,3.0,1.0,1.0,6.0,6.0,0.0,0.0,6.0,3.0,0.0,0.0,0.0,1.0,3.0,1.0,171.155,49.9273333333333,1.0,15620559
PSAVK69,896494,2021-04-15 10:05:31.292000-04:00,,2021-04-16 10:58:38.376000-04:00,,1,2.0,1.0,27.284,13.6325,1.0,Treatment 3,124.718,15.504,3.0,1.0,1.0,1.0,3.0,3.0,0.0,0.0,3.0,2.0,0.0,0.0,0.0,1.0,,,,,,15620775
PSAVK69,896495,2021-01-22 08:38:00-05:00,2021-01-22 12:40:00-05:00,2021-01-22 11:30:41.380000-05:00,,1,2.0,1.0,100.278,50.1325,1.0,Treatment 3,535.475,71.21,6.0,5.0,1.0,1.0,6.0,8.0,0.0,0.0,6.0,1.0,0.0,0.0,0.0,1.0,3.0,2.0,8.558,4.275,1.0,12460877
PSAVK69,896503,2021-04-15 10:05:31.292000-04:00,,2021-04-16 10:51:07.184000-04:00,,3,2.0,1.0,123.038,61.5065,1.0,Treatment 3,413.039,65.806,4.0,1.0,0.0,0.0,1.0,1.0,0.0,0.0,4.0,2.0,0.0,0.0,0.0,3.0,,,,,,15620285
PSAVK69,896508,2021-01-22 08:38:00-05:00,2021-01-22 12:40:00-05:00,2021-01-22 11:32:38.915000-05:00,,1,2.0,1.0,49.579,24.7815,1.0,Treatment 2,440.56,39.490375,9.0,4.0,2.0,2.0,8.0,13.0,0.0,0.0,9.0,4.0,0.0,0.0,0.0,1.0,,,,,,12461116
PSAVK69,896509,2021-04-15 10:05:31.292000-04:00,,2021-04-16 10:52:22.074000-04:00,2021-04-16 10:57:57.659000-04:00,1,2.0,1.0,48.007,23.9965,1.0,Treatment 3,73.695,24.559,3.0,3.0,,,3.0,3.0,0.0,0.0,3.0,0.0,0.0,0.0,0.0,1.0,3.0,2.0,182.314,28.606,1.0,15620369
PSAVK69,896513,2021-01-22 08:38:00-05:00,2021-01-22 12:40:00-05:00,2021-01-22 11:32:53.188000-05:00,,1,2.0,1.0,41.457,20.7225,1.0,Treatment 2,355.735,59.7656,5.0,4.0,1.0,1.0,5.0,6.0,0.0,0.0,5.0,1.0,0.0,0.0,0.0,1.0,3.0,1.0,69.745,27.508,1.0,12461137
PSAVK69,896975,2021-01-22 08:38:00-05:00,2021-01-22 12:40:00-05:00,2021-01-22 12:24:11.350000-05:00,2021-01-22 12:31:11.443000-05:00,1,2.0,1.0,123.75,61.865,1.0,Treatment 2,164.479,15.3357142857143,7.0,5.0,1.0,1.0,7.0,8.0,0.0,0.0,7.0,2.0,0.0,0.0,0.0,1.0,3.0,2.0,91.241,20.4826666666667,1.0,12467562
PSAVK69,896999,2021-04-15 10:05:31.290000-04:00,,2021-04-16 11:50:15.399000-04:00,2021-04-16 11:58:26.948000-04:00,1,2.0,1.0,199.734,99.85,1.0,Treatment 3,155.603,15.3684,5.0,3.0,1.0,1.0,5.0,5.0,0.0,0.0,5.0,2.0,0.0,0.0,0.0,1.0,3.0,2.0,100.597,16.667,1.0,15624171
PSAVK69,897011,2021-01-22 08:38:00-05:00,2021-01-22 12:40:00-05:00,2021-01-22 12:19:51.814000-05:00,2021-01-22 12:37:42.887000-05:00,2,2.0,1.0,492.232,246.108,2.0,Treatment 1,292.505,47.23,5.0,4.0,1.0,1.0,5.0,6.0,0.0,0.0,5.0,1.0,0.0,0.0,0.0,1.0,3.0,3.0,261.313,87.0976666666667,1.0,12467107
PSAVK69,897223,2021-04-15 10:05:31.295000-04:00,,2021-04-16 12:29:13.849000-04:00,2021-04-16 12:42:04.857000-04:00,1,2.0,1.0,57.011,28.497,1.0,Treatment 3,225.905,37.2465,4.0,3.0,1.0,1.0,4.0,4.0,0.0,0.0,4.0,1.0,0.0,0.0,0.0,1.0,3.0,1.0,455.749,74.936,1.0,15627027
PSAVK69,897225,2021-04-15 10:05:31.295000-04:00,,2021-04-16 12:32:06.013000-04:00,2021-04-16 12:42:34.579000-04:00,1,2.0,1.0,190.385,95.185,1.0,Treatment 3,147.16,49.049,3.0,3.0,,,3.0,3.0,0.0,0.0,3.0,0.0,0.0,0.0,0.0,1.0,3.0,2.0,268.047,75.551,1.0,15627284
PSAVK69,897230,2021-04-15 10:05:31.295000-04:00,,2021-04-16 12:27:46.006000-04:00,,1,2.0,1.0,38.392,19.187,1.0,Treatment 2,272.939,12.8609090909091,11.0,5.0,3.0,3.0,11.0,20.0,0.0,0.0,11.0,6.0,0.0,0.0,0.0,1.0,,,,,,15626925
PSAVK69,897241,2021-04-15 10:05:31.295000-04:00,,2021-04-16 12:29:24.494000-04:00,,1,1.0,,,,1.0,Not Assigned,,,,,,,,,,,,,,,,,,,,,,15627040
PSAVK69,897244,2021-04-15 10:05:31.295000-04:00,,2021-04-16 12:28:41.097000-04:00,2021-04-16 12:37:40.479000-04:00,1,2.0,1.0,224.597,112.2875,1.0,Treatment 2,90.129,30.0333333333333,3.0,3.0,,,3.0,3.0,0.0,0.0,3.0,0.0,0.0,0.0,0.0,1.0,3.0,1.0,190.684,54.0473333333333,1.0,15626977
PSAVK69,897247,2021-04-15 10:05:31.295000-04:00,,2021-04-16 12:29:08.688000-04:00,2021-04-16 12:42:27.320000-04:00,1,2.0,1.0,99.866,49.925,1.0,Treatment 1,251.357,31.971,7.0,5.0,2.0,2.0,7.0,7.0,0.0,0.0,7.0,2.0,0.0,0.0,0.0,1.0,3.0,3.0,415.88,138.615333333333,1.0,15627015
PSAVK69,897261,2021-04-15 10:05:31.295000-04:00,,2021-04-16 12:28:26.411000-04:00,,2,2.0,1.0,333.698,166.832,1.0,Treatment 1,472.325,219.994,3.0,1.0,1.0,1.0,2.0,2.0,0.0,0.0,3.0,1.0,0.0,0.0,0.0,2.0,,,,,,15626959
PSAVK69,897263,2021-04-15 10:05:31.295000-04:00,,2021-04-16 12:32:17.565000-04:00,,1,2.0,1.0,183.436,91.707,1.0,Treatment 1,484.511,106.5905,4.0,0.0,0.0,0.0,2.0,2.0,0.0,0.0,4.0,3.0,0.0,0.0,0.0,1.0,,,,,,15627299
PSAVK69,897270,2021-04-15 10:05:31.295000-04:00,,2021-04-16 12:33:23.473000-04:00,2021-04-16 12:42:35.297000-04:00,1,2.0,1.0,216.062,108.024,1.0,Treatment 1,43.495,9.20825,4.0,3.0,1.0,1.0,4.0,5.0,0.0,0.0,4.0,1.0,0.0,0.0,0.0,1.0,3.0,2.0,232.037,72.938,1.0,15627382
PSAVK69,897271,2021-04-15 10:05:31.295000-04:00,,2021-04-16 12:30:14.440000-04:00,2021-04-16 12:50:20.983000-04:00,1,2.0,1.0,95.115,47.551,1.0,Treatment 1,986.161,92.8838,10.0,4.0,3.0,3.0,10.0,10.0,0.0,0.0,10.0,6.0,0.0,0.0,0.0,1.0,3.0,3.0,82.546,27.5113333333333,1.0,15627107
PSAVK69,897277,2021-04-15 10:05:31.295000-04:00,,2021-04-16 12:31:58.579000-04:00,,1,2.0,1.0,594.814,297.3855,1.0,Treatment 3,180.542,75.2125,2.0,1.0,,,2.0,2.0,0.0,0.0,2.0,1.0,0.0,0.0,0.0,1.0,,,,,,15627267
PSAVK69,897650,2021-01-22 08:38:00-05:00,2021-01-22 12:40:00-05:00,2021-01-22 15:37:01.561000-05:00,,1,1.0,,,,1.0,Not Assigned,,,,,,,,,,,,,,,,,,,,,,12487173
PSAVK69,897651,2021-04-15 10:05:31.288000-04:00,,2021-04-16 14:02:45.369000-04:00,2021-04-16 14:10:30.765000-04:00,1,2.0,2.0,141.783,70.8835,1.0,Treatment 2,141.096,47.0253333333333,3.0,3.0,,,3.0,3.0,0.0,0.0,3.0,0.0,0.0,0.0,0.0,1.0,3.0,3.0,135.134,45.0383333333333,1.0,15634572
PSAVK69,897654,2021-04-15 10:05:31.288000-04:00,,2021-04-16 13:44:46.759000-04:00,2021-04-16 13:58:42.911000-04:00,1,2.0,2.0,135.261,67.617,1.0,Treatment 1,568.589,59.923625,8.0,5.0,1.0,1.0,8.0,8.0,0.0,0.0,8.0,3.0,0.0,0.0,0.0,1.0,3.0,3.0,103.083,34.3546666666667,1.0,15633302
PSAVK69,897658,2021-04-15 10:05:31.288000-04:00,,2021-04-16 13:46:40.275000-04:00,2021-04-16 13:54:42.201000-04:00,1,2.0,2.0,161.532,80.7555,1.0,Treatment 2,102.659,34.2106666666667,3.0,3.0,,,3.0,3.0,0.0,0.0,3.0,0.0,0.0,0.0,0.0,1.0,3.0,1.0,186.785,59.5393333333333,1.0,15633420
PSAVK69,897660,2021-04-15 10:05:31.288000-04:00,,2021-04-16 13:48:34.900000-04:00,2021-04-16 14:00:25.798000-04:00,1,2.0,1.0,176.18,88.0815,1.0,Treatment 1,119.229,39.7363333333333,3.0,3.0,,,3.0,3.0,0.0,0.0,3.0,0.0,0.0,0.0,0.0,1.0,3.0,2.0,370.979,31.5053333333333,1.0,15633600
PSAVK69,897663,2021-04-15 10:05:31.288000-04:00,,2021-04-16 13:48:04.360000-04:00,2021-04-16 14:00:09.092000-04:00,2,2.0,1.0,59.257,29.6175,1.0,Treatment 2,494.873,33.5626666666667,4.0,3.0,1.0,1.0,3.0,3.0,0.0,0.0,4.0,1.0,0.0,0.0,0.0,3.0,3.0,3.0,146.949,48.9763333333333,1.0,15633551
PSAVK69,897665,2021-04-15 10:05:31.288000-04:00,,2021-04-16 13:49:27.268000-04:00,2021-04-16 13:56:26.972000-04:00,1,2.0,1.0,71.651,35.812,1.0,Treatment 1,201.655,67.2126666666667,3.0,3.0,,,3.0,3.0,0.0,0.0,3.0,0.0,0.0,0.0,0.0,1.0,3.0,3.0,120.462,40.1473333333333,1.0,15633669
PSAVK69,897678,2021-04-15 10:05:31.288000-04:00,,2021-04-16 13:54:16.428000-04:00,2021-04-16 14:01:55.227000-04:00,1,2.0,1.0,92.809,46.3925,1.0,Treatment 1,108.633,36.204,3.0,3.0,,,3.0,3.0,0.0,0.0,3.0,0.0,0.0,0.0,0.0,1.0,3.0,2.0,214.439,45.1116666666667,1.0,15633981
PSAVK69,897679,2021-04-15 10:05:31.288000-04:00,,2021-04-16 13:46:50.578000-04:00,,4,2.0,1.0,557.837,278.907,2.0,Treatment 1,44.392,,1.0,,,,0.0,0.0,0.0,0.0,1.0,1.0,0.0,0.0,0.0,1.0,,,,,,15633447
PSAVK69,897683,2021-04-15 10:05:31.288000-04:00,,2021-04-16 14:02:12.067000-04:00,,1,1.0,,,,1.0,Not Assigned,,,,,,,,,,,,,,,,,,,,,,15634532
PSAVK69,897698,2021-04-15 10:05:31.288000-04:00,,2021-04-16 13:52:14.998000-04:00,,1,1.0,,,,1.0,Not Assigned,,,,,,,,,,,,,,,,,,,,,,15633846
PSAVK69,897700,2021-04-15 10:05:31.288000-04:00,,2021-04-16 13:52:41.729000-04:00,2021-04-16 14:06:56.539000-04:00,1,2.0,1.0,352.232,176.0975,1.0,Treatment 3,347.596,33.2193333333333,9.0,7.0,2.0,2.0,9.0,9.0,0.0,0.0,9.0,2.0,0.0,0.0,0.0,1.0,3.0,2.0,123.871,39.898,1.0,15633884
PSAVK69,899930,2021-01-22 08:38:00-05:00,2021-01-22 12:40:00-05:00,2021-01-22 09:52:51.712000-05:00,2021-01-22 10:00:10.582000-05:00,1,2.0,1.0,79.828,39.907,1.0,Treatment 1,197.794,42.0535,4.0,3.0,1.0,1.0,4.0,4.0,0.0,0.0,4.0,1.0,0.0,0.0,0.0,1.0,3.0,1.0,114.565,34.0736666666667,1.0,12450025
PSAVK69,899933,2021-01-22 08:38:00-05:00,2021-01-22 12:40:00-05:00,2021-01-22 09:51:49.173000-05:00,,1,2.0,1.0,57.847,28.917,1.0,Treatment 3,368.507,54.44875,4.0,3.0,1.0,1.0,4.0,10.0,0.0,0.0,4.0,1.0,0.0,0.0,0.0,1.0,3.0,2.0,168.538,56.177,1.0,12449907
PSAVK69,900344,2021-01-22 08:38:00-05:00,2021-01-22 12:40:00-05:00,2021-01-22 11:16:27.373000-05:00,2021-01-22 11:34:23.191000-05:00,2,2.0,1.0,368.329,184.155,2.0,Treatment 2,178.121,28.37775,4.0,3.0,1.0,1.0,4.0,4.0,0.0,0.0,4.0,1.0,0.0,0.0,0.0,1.0,3.0,2.0,478.264,137.586333333333,1.0,12459276
PSAVK69,900350,2021-01-22 08:38:00-05:00,2021-01-22 12:40:00-05:00,2021-01-22 11:12:49.002000-05:00,2021-01-22 11:29:06.230000-05:00,2,2.0,1.0,76.434,38.2095,1.0,Treatment 3,718.217,56.5962,10.0,7.0,2.0,2.0,10.0,14.0,0.0,0.0,10.0,3.0,0.0,0.0,0.0,2.0,3.0,3.0,156.423,52.136,1.0,12458835
PSAVK69,900381,2021-04-15 10:05:31.292000-04:00,,2021-04-16 11:04:11.305000-04:00,2021-04-16 11:21:17.457000-04:00,2,2.0,1.0,335.237,167.6095,2.0,Treatment 2,435.273,39.3038571428571,8.0,5.0,2.0,2.0,7.0,7.0,0.0,0.0,8.0,3.0,0.0,0.0,0.0,1.0,3.0,2.0,224.23,25.9636666666667,1.0,15621152
PSAVK69,900404,2021-01-22 08:38:00-05:00,2021-01-22 12:40:00-05:00,2021-01-22 11:29:51.840000-05:00,,1,2.0,2.0,651.38,325.682,1.0,Treatment 2,15.067,15.059,2.0,1.0,,,1.0,1.0,0.0,0.0,2.0,0.0,0.0,0.0,0.0,1.0,,,,,,12460786
PSAVK69,900518,2021-04-15 10:05:31.292000-04:00,,2021-04-16 10:54:49.094000-04:00,,1,2.0,1.0,255.961,127.9685,1.0,Treatment 1,304.115,112.539,3.0,0.0,0.0,0.0,2.0,2.0,0.0,0.0,3.0,2.0,0.0,0.0,0.0,1.0,,,,,,15620542
PSAVK69,900649,2021-04-15 10:05:31.290000-04:00,,2021-04-16 11:37:38.582000-04:00,2021-04-16 11:46:11.039000-04:00,1,2.0,1.0,98.547,49.2645,1.0,Treatment 3,314.766,26.047,6.0,4.0,2.0,2.0,6.0,6.0,0.0,0.0,6.0,2.0,0.0,0.0,0.0,1.0,3.0,2.0,76.078,20.647,1.0,15623359
PSAVK69,900669,2021-01-22 08:38:00-05:00,2021-01-22 12:40:00-05:00,2021-01-22 12:38:25.097000-05:00,,1,2.0,1.0,50.275,25.131,1.0,Treatment 3,,,1.0,,,,,0.0,0.0,0.0,1.0,0.0,0.0,0.0,0.0,1.0,,,,,,12469198
PSAVK69,900695,2021-01-22 08:38:00-05:00,2021-01-22 12:40:00-05:00,2021-01-22 12:23:35.569000-05:00,2021-01-22 12:35:09.306000-05:00,2,2.0,1.0,167.371,83.6755,2.0,Treatment 3,384.664,53.2754,5.0,3.0,1.0,1.0,5.0,6.0,0.0,0.0,5.0,2.0,0.0,0.0,0.0,1.0,3.0,1.0,79.761,13.039,1.0,12467493
PSAVK69,900718,2021-04-15 10:05:31.290000-04:00,,2021-04-16 12:03:43.783000-04:00,2021-04-16 12:14:49.440000-04:00,1,2.0,1.0,238.596,119.2835,1.0,Treatment 1,159.554,30.2704,5.0,4.0,1.0,1.0,5.0,6.0,0.0,0.0,5.0,1.0,0.0,0.0,0.0,1.0,3.0,1.0,208.984,61.1433333333333,1.0,15625109
PSAVK69,900731,2021-04-15 10:05:31.290000-04:00,,2021-04-16 12:05:01.267000-04:00,2021-04-16 12:12:16.783000-04:00,1,2.0,1.0,65.467,32.7195,1.0,Treatment 1,121.246,40.4083333333333,3.0,3.0,,,3.0,3.0,0.0,0.0,3.0,0.0,0.0,0.0,0.0,1.0,3.0,2.0,195.729,42.132,1.0,15625203
PSAVK69,900733,2021-04-15 10:05:31.290000-04:00,,2021-04-16 11:46:55.612000-04:00,,2,1.0,,,,1.0,Not Assigned,,,,,,,,,,,,,,,,,,,,,,15623964
PSAVK69,900776,2021-01-22 08:38:00-05:00,2021-01-22 12:40:00-05:00,2021-01-22 12:22:58.754000-05:00,2021-01-22 12:31:49.680000-05:00,1,2.0,2.0,207.582,103.782,1.0,Treatment 2,221.648,26.514,7.0,5.0,2.0,2.0,7.0,7.0,0.0,0.0,7.0,2.0,0.0,0.0,0.0,1.0,3.0,3.0,77.367,25.7826666666667,1.0,12467425
PSAVK69,901300,2021-04-15 10:05:31.295000-04:00,,2021-04-16 12:32:04.609000-04:00,2021-04-16 12:45:58.559000-04:00,1,2.0,1.0,100.537,50.2605,1.0,Treatment 2,503.809,84.1756,5.0,4.0,1.0,1.0,5.0,5.0,0.0,0.0,5.0,1.0,0.0,0.0,0.0,1.0,3.0,3.0,176.531,58.8373333333333,1.0,15627275
PSAVK69,901301,2021-04-15 10:05:31.295000-04:00,,2021-04-16 12:30:29.870000-04:00,2021-04-16 12:36:28.117000-04:00,1,2.0,1.0,140.66,70.32,1.0,Treatment 1,93.668,16.4558,5.0,4.0,1.0,1.0,5.0,5.0,0.0,0.0,5.0,1.0,0.0,0.0,0.0,1.0,3.0,2.0,84.478,24.9363333333333,1.0,15627132
PSAVK69,904596,2020-12-02 11:05:00.481000-05:00,,2020-12-02 11:51:08.490000-05:00,,1,1.0,,,,1.0,Not Assigned,,,,,,,,,,,,,,,,,,,,,,10537767
PSAVK69,904607,2020-12-02 11:05:00.481000-05:00,,2020-12-02 11:46:20.299000-05:00,,2,2.0,2.0,457.366,228.6695,1.0,Treatment 1,1113.098,90.5758,7.0,3.0,2.0,2.0,5.0,6.0,0.0,0.0,7.0,3.0,0.0,0.0,0.0,3.0,,,,,,10536869
PSAVK69,904609,2020-12-02 11:05:00.481000-05:00,,2020-12-02 11:47:52.593000-05:00,,1,1.0,,,,1.0,Not Assigned,,,,,,,,,,,,,,,,,,,,,,10537159
PSAVK69,904619,2020-12-02 11:05:00.481000-05:00,,2020-12-02 11:46:41.466000-05:00,,1,1.0,,,,1.0,Not Assigned,,,,,,,,,,,,,,,,,,,,,,10536957
PSAVK69,904650,2020-12-02 11:05:00.481000-05:00,,2020-12-02 11:51:47.791000-05:00,,1,1.0,,,,1.0,Not Assigned,,,,,,,,,,,,,,,,,,,,,,10537891
PSAVK69,904687,2020-12-02 11:05:00.481000-05:00,,2020-12-02 11:47:12.867000-05:00,,2,2.0,2.0,348.545,174.265,2.0,Treatment 1,397.79,376.806,2.0,0.0,,,1.0,1.0,0.0,0.0,2.0,1.0,0.0,0.0,0.0,1.0,,,,,,10537046
PSAVK69,904965,2021-01-21 12:06:00-05:00,2021-01-21 18:08:00-05:00,2021-01-21 12:40:17.131000-05:00,2021-01-21 13:00:27.736000-05:00,2,2.0,1.0,608.991,304.4845,2.0,Treatment 2,415.291,16.3005,10.0,3.0,2.0,2.0,8.0,9.0,0.0,0.0,10.0,7.0,0.0,0.0,0.0,1.0,3.0,1.0,60.385,18.3896666666667,1.0,12402007
PSAVK69,904967,2021-01-25 12:07:00-05:00,2021-01-25 18:09:00-05:00,2021-01-26 15:39:34.292000-05:00,,1,1.0,,,,1.0,Not Assigned,,,,,,,,,,,,,,,,,,,,,,12636001
PSAVK69,905004,2020-12-15 15:20:51.534000-05:00,2020-12-16 15:22:00-05:00,2020-12-16 12:07:22.174000-05:00,,7,1.0,,,,1.0,Not Assigned,,,,,,,,,,,,,,,,,,,,,,11350215
PSAVK69,905439,2020-12-02 11:05:00.481000-05:00,,2020-12-02 15:01:13.340000-05:00,,1,2.0,2.0,271.223,135.6015,1.0,Treatment 1,1042.171,195.06475,6.0,1.0,0.0,0.0,2.0,5.0,0.0,0.0,6.0,4.0,0.0,0.0,0.0,1.0,,,,,,10567992
PSAVK69,905451,2020-12-02 11:05:00.481000-05:00,,2020-12-02 15:09:53.288000-05:00,,1,2.0,2.0,612.784,306.385,1.0,Treatment 3,41.657,41.648,2.0,1.0,,,1.0,1.0,0.0,0.0,2.0,0.0,0.0,0.0,0.0,1.0,,,,,,10568957
PSAVK69,905463,2020-12-02 11:05:00.481000-05:00,,2020-12-02 15:00:07.371000-05:00,2020-12-02 15:28:29.903000-05:00,1,2.0,2.0,282.854,141.416,1.0,Treatment 2,1059.29,256.50675,4.0,3.0,1.0,1.0,4.0,4.0,0.0,0.0,4.0,1.0,0.0,0.0,0.0,1.0,3.0,3.0,187.155,62.3793333333333,1.0,10567864
PSAVK69,905474,2020-12-02 11:05:00.481000-05:00,,2020-12-02 15:03:06.089000-05:00,,1,2.0,2.0,357.826,178.9065,1.0,Treatment 2,575.534,,2.0,0.0,,,0.0,0.0,0.0,0.0,2.0,1.0,0.0,0.0,0.0,1.0,,,,,,10568229
PSAVK69,905475,2020-12-02 11:05:00.481000-05:00,,2020-12-02 14:59:51.349000-05:00,,1,1.0,,,,1.0,Not Assigned,,,,,,,,,,,,,,,,,,,,,,10567832
PSAVK69,905476,2020-12-02 11:05:00.481000-05:00,,2020-12-02 15:00:58.802000-05:00,2020-12-02 15:28:15.655000-05:00,1,2.0,2.0,285.659,142.8255,1.0,Treatment 1,1004.296,90.3092857142857,8.0,4.0,1.0,1.0,7.0,7.0,0.0,0.0,8.0,4.0,0.0,0.0,0.0,1.0,3.0,2.0,172.5,55.7066666666667,1.0,10567956
PSAVK69,905479,2020-12-02 11:05:00.481000-05:00,,2020-12-02 15:27:20.140000-05:00,,1,,,,,,Not Assigned,,,,,,,,,,,,,,,,,,,,,,10570801
PSAVK69,905487,2020-12-02 11:05:00.481000-05:00,,2020-12-02 15:09:55.650000-05:00,,1,2.0,2.0,603.168,301.576,1.0,Treatment 2,,,1.0,,,,,0.0,0.0,0.0,1.0,0.0,0.0,0.0,0.0,1.0,,,,,,10568963
PSAVK69,905495,2020-12-02 11:05:00.481000-05:00,,2020-12-02 15:00:46.082000-05:00,,1,2.0,2.0,602.228,301.105,1.0,Treatment 2,1112.875,256.8055,3.0,1.0,1.0,1.0,2.0,2.0,0.0,0.0,3.0,1.0,0.0,0.0,0.0,1.0,,,,,,10567928
PSAVK69,905498,2020-12-02 11:05:00.481000-05:00,,2020-12-02 15:01:01.592000-05:00,,1,2.0,2.0,270.135,135.054,1.0,Treatment 2,1335.623,657.396,2.0,1.0,,,2.0,3.0,0.0,0.0,2.0,1.0,0.0,0.0,0.0,1.0,,,,,,10567962
PSAVK69,905505,2020-12-02 11:05:00.481000-05:00,,2020-12-02 11:47:19.148000-05:00,,1,2.0,2.0,350.653,175.305,1.0,Treatment 1,1051.052,610.741,4.0,1.0,1.0,1.0,1.0,1.0,0.0,0.0,4.0,2.0,0.0,0.0,0.0,1.0,,,,,,10537065
PSAVK69,915158,2021-04-15 10:05:31.295000-04:00,,2021-04-16 12:25:07.624000-04:00,,1,1.0,,,,1.0,Not Assigned,,,,,,,,,,,,,,,,,,,,,,15626737
PSAVK69,915427,2021-04-15 10:05:31.288000-04:00,,2021-04-16 13:47:03.031000-04:00,2021-04-16 13:55:43.366000-04:00,1,2.0,1.0,120.16,60.0725,1.0,Treatment 1,314.501,58.5494,5.0,4.0,1.0,1.0,5.0,5.0,0.0,0.0,5.0,1.0,0.0,0.0,0.0,1.0,3.0,1.0,59.357,12.7533333333333,1.0,15633461
PSAVK69,915468,2021-04-15 10:05:31.288000-04:00,,2021-04-16 14:14:36.149000-04:00,,1,2.0,2.0,208.855,104.4145,1.0,Treatment 2,153.129,,1.0,,,,0.0,0.0,0.0,0.0,1.0,1.0,0.0,0.0,0.0,1.0,,,,,,15635268
PSAVK69,918336,2020-12-02 08:07:00-05:00,2020-12-02 21:09:00-05:00,2020-12-02 14:29:53.328000-05:00,,5,2.0,1.0,1335.129,667.557,2.0,Treatment 2,3475.634,192.031833333333,7.0,3.0,2.0,2.0,4.0,7.0,0.0,0.0,7.0,3.0,0.0,0.0,0.0,3.0,,,,,,10563949
PSAVK69,920635,2021-01-22 08:38:00-05:00,2021-01-22 12:40:00-05:00,2021-01-22 11:18:26.562000-05:00,2021-01-22 11:36:02.919000-05:00,1,2.0,1.0,270.588,135.2875,1.0,Treatment 2,523.181,68.3371666666667,6.0,4.0,2.0,2.0,5.0,6.0,0.0,0.0,6.0,2.0,0.0,0.0,0.0,1.0,3.0,2.0,222.277,37.013,1.0,12459479
PSAVK69,925338,2021-04-15 10:05:31.292000-04:00,,2021-04-16 11:11:00.683000-04:00,,1,1.0,,,,1.0,Not Assigned,,,,,,,,,,,,,,,,,,,,,,15621602
PSAVK69,928280,2021-04-15 10:05:31.290000-04:00,,2021-04-16 11:57:09.431000-04:00,2021-04-16 12:15:48.542000-04:00,1,2.0,1.0,217.854,108.919,1.0,Treatment 3,612.13,67.0214285714286,7.0,4.0,2.0,2.0,7.0,9.0,0.0,0.0,7.0,3.0,0.0,0.0,0.0,1.0,3.0,3.0,238.778,79.5866666666667,1.0,15624675
PSAVK69,929034,2021-03-23 08:00:00-04:00,2021-03-23 23:59:00-04:00,2021-03-23 08:27:48.916000-04:00,,1,1.0,,,,1.0,Not Assigned,,,,,,,,,,,,,,,,,,,,,,14919195
PSAVK69,929726,2021-04-15 10:05:31.290000-04:00,,2021-04-16 11:37:02.788000-04:00,2021-04-16 12:02:51.745000-04:00,1,2.0,1.0,150.635,75.3105,1.0,Treatment 2,762.33,164.857,4.0,3.0,1.0,1.0,4.0,4.0,0.0,0.0,4.0,1.0,0.0,0.0,0.0,1.0,3.0,3.0,464.771,154.916666666667,1.0,15623315
PSAVK69,929748,2021-04-15 10:05:31.290000-04:00,,2021-04-16 11:44:02.622000-04:00,,1,2.0,1.0,883.242,441.604,1.0,Treatment 2,669.702,67.35975,9.0,5.0,2.0,2.0,8.0,8.0,0.0,0.0,9.0,3.0,0.0,0.0,0.0,1.0,,,,,,15623772
PSAVK69,931533,2021-04-15 10:05:31.292000-04:00,,2021-04-16 10:51:45.225000-04:00,,2,2.0,1.0,328.326,164.1565,1.0,Treatment 3,693.234,144.93675,4.0,1.0,1.0,1.0,4.0,4.0,0.0,0.0,4.0,3.0,0.0,0.0,0.0,1.0,,,,,,15620326
PSAVK69,931541,2021-04-15 10:05:31.292000-04:00,,2021-04-16 10:52:45.663000-04:00,2021-04-16 10:59:40.782000-04:00,1,2.0,1.0,97.517,48.7515,1.0,Treatment 1,208.522,23.7617142857143,7.0,5.0,2.0,2.0,7.0,7.0,0.0,0.0,7.0,2.0,0.0,0.0,0.0,1.0,3.0,1.0,78.39,20.6333333333333,1.0,15620397
PSAVK69,931582,2021-04-15 10:05:31.292000-04:00,,2021-04-20 15:36:25.171000-04:00,,1,1.0,,,,1.0,Not Assigned,,,,,,,,,,,,,,,,,,,,,,15731196
PSAVK69,931686,2021-04-15 10:05:31.290000-04:00,,2021-04-16 11:47:04.585000-04:00,,1,2.0,2.0,199.152,99.5685,1.0,Treatment 2,601.88,92.36075,5.0,2.0,2.0,2.0,4.0,5.0,0.0,0.0,5.0,3.0,0.0,0.0,0.0,1.0,,,,,,15623965
PSAVK69,931712,2021-04-15 10:05:31.290000-04:00,,2021-04-16 11:42:43.712000-04:00,,1,1.0,,,,1.0,Not Assigned,,,,,,,,,,,,,,,,,,,,,,15623708
PSAVK69,931716,2021-01-22 08:38:00-05:00,2021-01-22 12:40:00-05:00,2021-01-22 12:32:40.371000-05:00,,1,1.0,,,,1.0,Not Assigned,,,,,,,,,,,,,,,,,,,,,,12468558
PSAVK69,931731,2021-04-15 10:05:31.290000-04:00,,2021-04-16 11:47:28.597000-04:00,,1,1.0,,,,1.0,Not Assigned,,,,,,,,,,,,,,,,,,,,,,15623991
PSAVK69,932130,2021-04-15 10:05:31.295000-04:00,,2021-04-16 12:31:42.141000-04:00,2021-04-16 13:02:42.564000-04:00,1,2.0,1.0,976.631,488.3085,1.0,Treatment 2,491.439,74.8805,6.0,5.0,1.0,1.0,6.0,6.0,0.0,0.0,6.0,1.0,0.0,0.0,0.0,1.0,3.0,3.0,335.264,111.749333333333,1.0,15627246
PSAVK69,932136,2021-04-15 10:05:31.295000-04:00,,2021-04-16 12:52:38.238000-04:00,,1,1.0,,,,1.0,Not Assigned,,,,,,,,,,,,,,,,,,,,,,15628903
PSAVK69,932302,2021-04-06 11:00:00-04:00,2021-04-08 20:00:00-04:00,2021-04-06 13:46:19.860000-04:00,,1,1.0,,,,1.0,Not Assigned,,,,,,,,,,,,,,,,,,,,,,15292536
PSAVK69,935638,2020-12-02 08:07:00-05:00,2020-12-02 21:09:00-05:00,2020-12-16 17:24:33.169000-05:00,,1,1.0,,,,1.0,Not Assigned,,,,,,,,,,,,,,,,,,,,,,11375954
PSAVK69,937228,2020-12-15 15:20:51.534000-05:00,2020-12-16 15:22:00-05:00,2020-12-15 15:31:52.224000-05:00,,1,1.0,,,,1.0,Not Assigned,,,,,,,,,,,,,,,,,,,,,,11308502
PSAVK69,937387,2021-04-15 10:05:31.288000-04:00,,2021-04-16 13:43:14.007000-04:00,,3,2.0,1.0,326.805,163.3925,2.0,Treatment 2,434.381,191.2025,3.0,0.0,0.0,0.0,0.0,3.0,0.0,0.0,3.0,2.0,0.0,0.0,0.0,2.0,,,,,,15633180
PSAVK69,937409,2021-04-15 10:05:31.288000-04:00,,2021-04-16 14:01:45.962000-04:00,,1,1.0,,,,1.0,Not Assigned,,,,,,,,,,,,,,,,,,,,,,15634503
PSAVK69,937417,2021-04-15 10:05:31.288000-04:00,,2021-04-16 13:59:21.131000-04:00,,2,2.0,1.0,449.387,224.685,2.0,Treatment 1,,,1.0,,,,,0.0,0.0,0.0,1.0,0.0,0.0,0.0,0.0,1.0,,,,,,15634359
PSAVK69,940947,2020-12-02 11:05:00.481000-05:00,,2020-12-02 15:04:08.581000-05:00,,1,,,,,,Not Assigned,,,,,,,,,,,,,,,,,,,,,,10568363
PSAVK69,942476,2021-01-15 14:26:17.659000-05:00,2021-01-15 19:26:00-05:00,2021-01-15 14:27:00.825000-05:00,2021-01-15 14:41:15.319000-05:00,1,2.0,1.0,102.068,51.024,1.0,Treatment 2,296.263,35.2836,5.0,3.0,1.0,1.0,5.0,5.0,0.0,0.0,5.0,2.0,0.0,0.0,0.0,1.0,3.0,3.0,406.08,135.349666666667,1.0,12200205
PSAVK69,942478,2021-01-15 14:26:17.659000-05:00,2021-01-15 19:26:00-05:00,2021-01-15 14:28:56.661000-05:00,,1,1.0,,,,1.0,Not Assigned,,,,,,,,,,,,,,,,,,,,,,12200443
PSAVK69,942479,2021-01-15 14:26:17.659000-05:00,2021-01-15 19:26:00-05:00,2021-01-15 14:27:32.721000-05:00,2021-01-15 14:39:54.375000-05:00,1,2.0,1.0,163.138,81.5415,1.0,Treatment 1,394.551,27.8414,10.0,4.0,2.0,2.0,10.0,16.0,0.0,0.0,10.0,6.0,0.0,0.0,0.0,1.0,3.0,1.0,130.397,33.2926666666667,1.0,12200278
PSAVK69,942481,2021-01-15 14:26:17.659000-05:00,2021-01-15 19:26:00-05:00,2021-01-15 14:31:11.380000-05:00,,4,1.0,,,,1.0,Not Assigned,,,,,,,,,,,,,,,,,,,,,,12200622
PSAVK69,942483,2021-01-15 14:26:17.659000-05:00,2021-01-15 19:26:00-05:00,2021-01-15 14:28:20.245000-05:00,,1,2.0,1.0,167.783,83.8825,1.0,Treatment 3,,,1.0,,,,,0.0,0.0,0.0,1.0,0.0,0.0,0.0,0.0,1.0,,,,,,12200383
PSAVK69,942484,2021-01-15 14:26:17.659000-05:00,2021-01-15 19:26:00-05:00,2021-01-15 14:31:57.224000-05:00,,1,,,,,,Not Assigned,,,,,,,,,,,,,,,,,,,,,,12200710
PSAVK69,942496,2021-01-15 14:26:17.659000-05:00,2021-01-15 19:26:00-05:00,2021-01-15 14:28:45.054000-05:00,,1,2.0,1.0,268.875,134.4255,1.0,Treatment 1,,,1.0,,,,,0.0,0.0,0.0,1.0,0.0,0.0,0.0,0.0,1.0,,,,,,12200425
PSAVK69,945402,2021-01-15 14:26:17.659000-05:00,2021-01-15 19:26:00-05:00,2021-01-15 14:27:15.713000-05:00,2021-01-15 16:39:20.541000-05:00,1,2.0,1.0,116.825,58.3995,1.0,Treatment 2,7471.28,113.83575,8.0,5.0,2.0,2.0,7.0,11.0,0.0,0.0,8.0,3.0,0.0,0.0,0.0,1.0,3.0,2.0,197.412,55.281,1.0,12200240
PSAVK69,945580,2021-01-15 14:26:17.659000-05:00,2021-01-15 19:26:00-05:00,2021-01-15 14:58:53.206000-05:00,,1,1.0,,,,1.0,Not Assigned,,,,,,,,,,,,,,,,,,,,,,12202983
PSAVK69,949530,2021-01-21 12:06:00-05:00,2021-01-21 18:08:00-05:00,2021-01-21 13:02:46.218000-05:00,2021-01-21 13:31:26.228000-05:00,1,2.0,2.0,458.355,229.1675,1.0,Treatment 3,858.809,286.261666666667,3.0,3.0,,,3.0,3.0,0.0,0.0,3.0,0.0,0.0,0.0,0.0,1.0,3.0,3.0,335.815,111.932333333333,1.0,12405151
PSAVK69,955229,2021-01-21 12:06:00-05:00,2021-01-21 18:08:00-05:00,2021-01-22 13:12:57.120000-05:00,,3,2.0,1.0,385.528,192.75,1.0,Treatment 2,512.934,,3.0,0.0,0.0,0.0,0.0,0.0,0.0,0.0,3.0,2.0,0.0,0.0,0.0,2.0,,,,,,12473023
PSAVK69,961660,2021-04-15 10:05:31.295000-04:00,,2021-04-16 12:30:15.648000-04:00,2021-04-16 12:41:29.399000-04:00,1,2.0,1.0,86.285,43.1335,1.0,Treatment 1,396.823,38.1524444444444,9.0,5.0,2.0,2.0,9.0,9.0,0.0,0.0,9.0,4.0,0.0,0.0,0.0,1.0,3.0,2.0,134.91,33.6636666666667,1.0,15627112
PSAVK69,962839,2021-01-21 12:06:00-05:00,2021-01-21 18:08:00-05:00,2021-01-28 13:11:41.913000-05:00,,3,1.0,,,,1.0,Not Assigned,,,,,,,,,,,,,,,,,,,,,,12759019
PSAVK69,965974,2021-01-15 14:26:17.659000-05:00,2021-01-15 19:26:00-05:00,2021-01-15 14:35:32.340000-05:00,,1,,,,,,Not Assigned,,,,,,,,,,,,,,,,,,,,,,12201021
PSAVK69,966964,2021-02-01 09:30:00-05:00,,2021-02-01 13:11:24.216000-05:00,2021-02-04 10:20:44.164000-05:00,2,2.0,1.0,248275.376,124137.677,2.0,Treatment 2,244.119,81.3656666666667,3.0,3.0,,,3.0,3.0,0.0,0.0,3.0,0.0,0.0,0.0,0.0,1.0,3.0,3.0,404.882,134.954333333333,1.0,12890333
PSAVK69,967058,2021-02-01 09:30:00-05:00,,2021-02-01 12:54:42.064000-05:00,,1,1.0,,,,1.0,Not Assigned,,,,,,,,,,,,,,,,,,,,,,12888022
PSAVK69,967070,2021-02-01 09:30:00-05:00,,2021-02-01 12:13:42.994000-05:00,,1,1.0,,,,1.0,Not Assigned,,,,,,,,,,,,,,,,,,,,,,12882399
PSAVK69,967145,2021-02-01 09:30:00-05:00,,2021-02-01 12:04:11.768000-05:00,,1,2.0,1.0,307.919,153.9535,1.0,Treatment 1,142.47,56.6875,3.0,1.0,,,2.0,2.0,0.0,0.0,3.0,1.0,0.0,0.0,0.0,1.0,,,,,,12880988
PSAVK69,967147,2021-02-01 09:30:00-05:00,,2021-02-01 12:42:08.765000-05:00,,1,1.0,,,,1.0,Not Assigned,,,,,,,,,,,,,,,,,,,,,,12886351
PSAVK69,967149,2021-02-01 09:30:00-05:00,,2021-02-02 12:32:35.977000-05:00,2021-02-02 12:39:41.447000-05:00,1,2.0,1.0,51.788,25.8895,1.0,Treatment 3,171.554,57.1816666666667,3.0,3.0,,,3.0,3.0,0.0,0.0,3.0,0.0,0.0,0.0,0.0,1.0,3.0,2.0,179.846,45.46,1.0,12954014
PSAVK69,967152,2021-02-01 09:30:00-05:00,,2021-02-01 16:37:17.029000-05:00,2021-02-09 11:24:40.709000-05:00,5,2.0,1.0,236573.483,118286.7365,2.0,Treatment 3,435753.661,48405.8473333333,9.0,6.0,2.0,2.0,9.0,9.0,0.0,0.0,9.0,3.0,0.0,0.0,0.0,3.0,3.0,3.0,56.014,18.669,1.0,12911697
PSAVK69,967154,2021-02-01 09:30:00-05:00,,2021-02-01 11:50:53.136000-05:00,2021-02-01 12:16:00.386000-05:00,1,2.0,1.0,73.317,36.652,1.0,Treatment 1,871.341,161.2236,5.0,3.0,1.0,1.0,5.0,5.0,0.0,0.0,5.0,2.0,0.0,0.0,0.0,1.0,3.0,2.0,535.267,176.148666666667,1.0,12878967
PSAVK69,967155,2021-02-01 09:30:00-05:00,,2021-02-01 10:24:18.298000-05:00,2021-02-01 12:09:33.411000-05:00,2,2.0,1.0,5808.619,2904.3035,2.0,Treatment 2,310.521,51.5684,5.0,3.0,1.0,1.0,5.0,5.0,0.0,0.0,5.0,2.0,0.0,0.0,0.0,1.0,3.0,2.0,159.553,52.0796666666667,1.0,12867110
PSAVK69,967158,2021-02-01 09:30:00-05:00,,2021-02-01 12:20:26.942000-05:00,2021-02-01 12:25:34.254000-05:00,1,2.0,1.0,47.186,23.587,1.0,Treatment 2,119.221,39.735,3.0,3.0,,,3.0,3.0,0.0,0.0,3.0,0.0,0.0,0.0,0.0,1.0,3.0,2.0,109.952,34.8906666666667,1.0,12883322
PSAVK69,967159,2021-02-01 09:30:00-05:00,,2021-02-01 12:28:10.975000-05:00,2021-02-01 12:34:42.298000-05:00,1,2.0,1.0,126.138,63.0605,1.0,Treatment 2,122.407,40.7966666666667,3.0,3.0,,,3.0,3.0,0.0,0.0,3.0,0.0,0.0,0.0,0.0,1.0,3.0,2.0,116.45,36.195,1.0,12884326
PSAVK69,967162,2021-02-01 09:30:00-05:00,,2021-02-01 12:36:54.695000-05:00,,2,1.0,,,,1.0,Not Assigned,,,,,,,,,,,,,,,,,,,,,,12885580
PSAVK69,967163,2021-02-01 09:30:00-05:00,,2021-02-02 13:04:33.267000-05:00,,1,1.0,,,,1.0,Not Assigned,,,,,,,,,,,,,,,,,,,,,,12958456
PSAVK69,967164,2021-02-01 09:30:00-05:00,,2021-02-01 10:21:03.371000-05:00,,2,2.0,1.0,7461.376,3730.6805,2.0,Treatment 2,246.32,87.721,2.0,0.0,0.0,0.0,2.0,2.0,0.0,0.0,2.0,2.0,0.0,0.0,0.0,1.0,,,,,,12866692
PSAVK69,967165,2021-02-01 09:30:00-05:00,,2021-02-02 12:45:01.035000-05:00,,1,1.0,,,,1.0,Not Assigned,,,,,,,,,,,,,,,,,,,,,,12955750
PSAVK69,967168,2021-02-01 09:30:00-05:00,,2021-02-01 13:09:17.780000-05:00,,1,1.0,,,,1.0,Not Assigned,,,,,,,,,,,,,,,,,,,,,,12890080
PSAVK69,972333,2021-01-15 07:52:00-05:00,2021-01-15 23:54:00-05:00,2021-01-20 09:44:24.017000-05:00,,1,1.0,,,,1.0,Not Assigned,,,,,,,,,,,,,,,,,,,,,,12308589
PSAVK69,972351,2021-01-15 07:52:00-05:00,2021-01-15 23:54:00-05:00,2021-01-20 09:53:43.564000-05:00,2021-01-20 10:14:16.820000-05:00,2,2.0,1.0,528.828,264.3855,1.0,Treatment 3,555.001,34.9786666666667,10.0,7.0,3.0,3.0,9.0,9.0,0.0,0.0,10.0,3.0,0.0,0.0,0.0,1.0,3.0,1.0,92.835,26.153,2.0,12309650
PSAVK69,972362,2021-01-15 07:52:00-05:00,2021-01-15 23:54:00-05:00,2021-01-20 11:32:29.625000-05:00,,2,2.0,1.0,1828.196,914.0725,2.0,Treatment 2,214.325,43.4436666666667,3.0,2.0,,,3.0,3.0,0.0,0.0,3.0,1.0,0.0,0.0,0.0,1.0,,,,,,12322510
PSAVK69,972375,2021-01-15 07:52:00-05:00,2021-01-15 23:54:00-05:00,2021-01-20 14:46:17.747000-05:00,,1,2.0,1.0,406.44,203.21,1.0,Treatment 2,,,1.0,,,,,0.0,0.0,0.0,1.0,0.0,0.0,0.0,0.0,1.0,,,,,,12346848
PSAVK69,972441,2021-01-15 07:52:00-05:00,2021-01-15 23:54:00-05:00,2021-01-20 10:25:02.433000-05:00,2021-01-20 16:54:03.202000-05:00,3,2.0,1.0,21302.788,10651.389,2.0,Treatment 3,1000.987,79.5696666666667,9.0,5.0,3.0,3.0,8.0,12.0,0.0,0.0,9.0,4.0,0.0,0.0,0.0,1.0,3.0,3.0,971.705,323.899,1.0,12313562
PSAVK69,985706,2021-06-02 09:00:10.897000-04:00,,2021-06-02 13:19:13.829000-04:00,,1,2.0,2.0,408.016,204.0005,1.0,Treatment 2,125.092,105.258,1.0,,,,0.0,0.0,0.0,0.0,1.0,1.0,0.0,0.0,0.0,1.0,,,,,,16686577
PSAVK69,992923,2021-02-18 08:59:46.014000-05:00,,2021-02-18 15:12:02.086000-05:00,,1,1.0,,,,1.0,Not Assigned,,,,,,,,,,,,,,,,,,,,,,13637191
PSAVK69,992924,2021-02-18 08:59:46.014000-05:00,,2021-02-18 15:11:58.908000-05:00,,1,2.0,1.0,61.234,30.605,1.0,Treatment 2,149.426,16.987,3.0,2.0,1.0,1.0,3.0,3.0,0.0,0.0,3.0,1.0,0.0,0.0,0.0,1.0,,,,,,13637188
PSAVK69,992926,2021-02-18 08:59:46.014000-05:00,,2021-02-18 15:12:18.179000-05:00,,1,1.0,,,,1.0,Not Assigned,,,,,,,,,,,,,,,,,,,,,,13637217
PSAVK69,992927,2021-02-18 08:59:46.014000-05:00,,2021-02-18 15:12:03.171000-05:00,,1,1.0,,,,1.0,Not Assigned,,,,,,,,,,,,,,,,,,,,,,13637193
PSAVK69,992931,2021-02-18 08:59:46.014000-05:00,,2021-02-18 15:12:39.879000-05:00,,1,1.0,,,,1.0,Not Assigned,,,,,,,,,,,,,,,,,,,,,,13637253
PSAVK69,997604,2021-05-21 06:23:01.296000-04:00,,2021-05-21 07:44:50.910000-04:00,2021-05-21 07:52:47.513000-04:00,1,2.0,1.0,235.197,117.591,1.0,Treatment 2,62.238,20.74,3.0,3.0,,,3.0,3.0,0.0,0.0,3.0,0.0,0.0,0.0,0.0,1.0,3.0,1.0,117.934,34.341,1.0,16547141
PSAVK69,997605,2021-05-21 06:23:01.296000-04:00,,2021-05-21 07:43:54.969000-04:00,,2,2.0,1.0,299.642,149.8035,1.0,Treatment 1,326.703,58.0226666666667,4.0,1.0,1.0,1.0,3.0,5.0,0.0,0.0,4.0,2.0,0.0,0.0,0.0,2.0,,,,,,16547131
PSAVK69,997606,2021-05-21 06:23:01.296000-04:00,,2021-05-21 07:45:22.985000-04:00,,2,2.0,1.0,129.189,64.5865,1.0,Treatment 1,272.158,24.104,6.0,3.0,1.0,1.0,4.0,7.0,0.0,0.0,6.0,3.0,0.0,0.0,0.0,2.0,3.0,1.0,122.76,39.775,1.0,16547151
PSAVK69,997607,2021-05-21 06:23:01.296000-04:00,,2021-05-21 07:44:09.616000-04:00,2021-05-25 08:57:20.768000-04:00,4,2.0,1.0,282.3,141.141,1.0,Treatment 2,349475.378,47.6878571428571,7.0,4.0,1.0,1.0,6.0,12.0,0.0,0.0,7.0,3.0,0.0,0.0,0.0,4.0,3.0,3.0,183.633,61.2056666666667,1.0,16547134
PSAVK69,997608,2021-05-21 06:23:01.296000-04:00,,2021-05-21 07:45:24.810000-04:00,2021-05-21 19:54:00.253000-04:00,2,2.0,2.0,42788.565,21394.2795,2.0,Treatment 3,762.96,55.17325,4.0,3.0,1.0,1.0,4.0,5.0,0.0,0.0,4.0,1.0,0.0,0.0,0.0,1.0,3.0,2.0,114.042,35.7283333333333,1.0,16547152
PSAVK69,997609,2021-05-21 06:23:01.296000-04:00,,2021-05-21 07:46:04.128000-04:00,,1,2.0,1.0,466.841,233.4035,1.0,Treatment 2,70.125,4.631,1.0,0.0,,,1.0,1.0,0.0,0.0,1.0,1.0,0.0,0.0,0.0,1.0,,,,,,16547155
PSAVK69,997610,2021-05-21 06:23:01.296000-04:00,,2021-05-21 07:46:22.898000-04:00,,2,2.0,2.0,151.638,75.8115,1.0,Treatment 3,283.769,62.675,3.0,1.0,1.0,1.0,1.0,2.0,0.0,0.0,3.0,1.0,0.0,0.0,0.0,2.0,,,,,,16547158
PSAVK69,997611,2021-05-21 06:23:01.296000-04:00,,2021-05-21 07:45:09.040000-04:00,,1,2.0,1.0,229.778,114.8815,1.0,Treatment 3,150.941,50.3076666666667,3.0,3.0,,,3.0,3.0,0.0,0.0,3.0,0.0,0.0,0.0,0.0,1.0,3.0,1.0,87.343,37.569,1.0,16547147
PSAVK69,997612,2021-05-21 06:23:01.296000-04:00,,2021-05-21 07:47:09.632000-04:00,,1,2.0,1.0,317.859,158.9155,1.0,Treatment 1,125.049,125.042,1.0,1.0,,,1.0,1.0,0.0,0.0,1.0,0.0,0.0,0.0,0.0,1.0,,,,,,16547165
PSAVK69,997613,2021-05-21 06:23:01.296000-04:00,,2021-05-21 07:46:17.897000-04:00,,1,2.0,1.0,289.28,144.6325,1.0,Treatment 2,177.611,27.9805,3.0,0.0,0.0,0.0,1.0,3.0,0.0,0.0,3.0,2.0,0.0,0.0,0.0,1.0,,,,,,16547157
PSAVK69,998473,2021-04-06 11:00:00-04:00,2021-04-08 20:00:00-04:00,2021-04-06 11:21:48.804000-04:00,,1,1.0,,,,1.0,Not Assigned,,,,,,,,,,,,,,,,,,,,,,15280999
PSAVK69,999077,2021-04-06 11:00:00-04:00,2021-04-08 20:00:00-04:00,2021-04-06 12:20:25.352000-04:00,,1,1.0,,,,1.0,Not Assigned,,,,,,,,,,,,,,,,,,,,,,15285771
PSAVK69,999462,2021-05-27 08:31:39.048000-04:00,,2021-05-27 10:08:26.251000-04:00,,1,2.0,1.0,196.338,98.1545,1.0,Treatment 1,1116.905,145.793142857143,7.0,4.0,1.0,1.0,6.0,9.0,0.0,0.0,7.0,3.0,0.0,0.0,0.0,1.0,2.0,1.0,3.97,3.965,1.0,16632138
PSAVK69,1001070,2021-04-06 11:00:00-04:00,2021-04-08 20:00:00-04:00,2021-04-08 13:18:51.856000-04:00,,1,1.0,,,,1.0,Not Assigned,,,,,,,,,,,,,,,,,,,,,,15366814
PSAVK69,1001486,2021-03-09 07:57:01.514000-05:00,,2021-03-09 07:59:13.088000-05:00,2021-03-09 08:17:52.284000-05:00,1,2.0,1.0,246.883,123.4385,1.0,Treatment 3,342.75,114.242333333333,3.0,3.0,,,3.0,3.0,0.0,0.0,3.0,0.0,0.0,0.0,0.0,1.0,3.0,2.0,435.471,141.727,1.0,14394952
PSAVK69,1001521,2021-03-09 07:57:01.514000-05:00,,2021-03-09 08:55:18.950000-05:00,,1,1.0,,,,1.0,Not Assigned,,,,,,,,,,,,,,,,,,,,,,14397465
PSAVK69,1005411,2021-03-24 07:25:54.104000-04:00,2021-04-09 15:30:00-04:00,2021-03-24 09:33:37.919000-04:00,,2,1.0,,,,1.0,Not Assigned,,,,,,,,,,,,,,,,,,,,,,14974834
PSAVK69,1005426,2021-03-24 07:25:54.109000-04:00,2021-04-09 15:30:00-04:00,2021-04-12 10:15:16.603000-04:00,,2,2.0,1.0,179832.212,89916.0955,2.0,Treatment 2,171.044,17.7543333333333,4.0,0.0,0.0,0.0,3.0,3.0,0.0,0.0,4.0,3.0,0.0,0.0,0.0,1.0,,,,,,15429174
PSAVK69,1005427,2021-03-24 07:25:54.109000-04:00,2021-04-09 15:30:00-04:00,2021-03-25 10:00:31.845000-04:00,,1,1.0,,,,1.0,Not Assigned,,,,,,,,,,,,,,,,,,,,,,15021570
PSAVK69,1005429,2021-03-24 07:25:54.109000-04:00,2021-04-09 15:30:00-04:00,2021-03-25 09:52:25.745000-04:00,,1,1.0,,,,1.0,Not Assigned,,,,,,,,,,,,,,,,,,,,,,15020884
PSAVK69,1005436,2021-03-24 07:25:54.109000-04:00,2021-04-09 15:30:00-04:00,2021-04-12 10:18:03.043000-04:00,,1,1.0,,,,1.0,Not Assigned,,,,,,,,,,,,,,,,,,,,,,15429422
PSAVK69,1005500,2021-03-24 07:25:54.107000-04:00,2021-04-09 15:30:00-04:00,2021-03-24 11:43:21.983000-04:00,2021-03-24 11:49:19.719000-04:00,1,2.0,2.0,208.717,104.352,1.0,Treatment 3,64.116,21.3693333333333,3.0,3.0,,,3.0,3.0,0.0,0.0,3.0,0.0,0.0,0.0,0.0,1.0,3.0,3.0,58.834,19.6083333333333,1.0,14986710
PSAVK69,1005507,2021-03-24 07:25:54.099000-04:00,2021-04-09 15:30:00-04:00,2021-03-25 12:08:37.577000-04:00,2021-03-25 15:02:23.558000-04:00,3,2.0,1.0,93.141,46.5665,1.0,Treatment 2,10194.302,48.8723,10.0,6.0,3.0,3.0,9.0,10.0,0.0,0.0,10.0,4.0,0.0,0.0,0.0,4.0,3.0,3.0,81.573,27.187,1.0,15033465
PSAVK69,1005508,2021-03-24 07:25:54.104000-04:00,2021-04-09 15:30:00-04:00,2021-04-07 12:38:10.669000-04:00,,1,1.0,,,,1.0,Not Assigned,,,,,,,,,,,,,,,,,,,,,,15325644
PSAVK69,1005517,2021-03-24 07:25:54.104000-04:00,2021-04-09 15:30:00-04:00,2021-03-24 12:10:31.270000-04:00,2021-03-25 12:44:31.256000-04:00,2,2.0,2.0,88191.525,44095.7395,2.0,Treatment 2,81.597,27.19,3.0,3.0,,,3.0,3.0,0.0,0.0,3.0,0.0,0.0,0.0,0.0,1.0,3.0,2.0,123.366,33.609,1.0,14989311
PSAVK69,1005518,2021-03-24 07:25:54.104000-04:00,2021-04-09 15:30:00-04:00,2021-04-07 12:21:28.331000-04:00,2021-04-07 12:37:24.191000-04:00,1,2.0,2.0,396.779,198.383,1.0,Treatment 1,475.132,26.988,6.0,4.0,1.0,1.0,5.0,6.0,0.0,0.0,6.0,2.0,0.0,0.0,0.0,1.0,3.0,2.0,56.84,18.0433333333333,1.0,15324303
PSAVK69,1005519,2021-03-24 07:25:54.104000-04:00,2021-04-09 15:30:00-04:00,2021-03-24 12:39:21.201000-04:00,,2,2.0,1.0,1641733.214,820866.599,2.0,Treatment 1,,,1.0,,,,,0.0,0.0,0.0,1.0,0.0,0.0,0.0,0.0,1.0,,,,,,14991927
PSAVK69,1005521,2021-03-24 07:25:54.104000-04:00,2021-04-09 15:30:00-04:00,2021-03-24 12:43:23.816000-04:00,,1,1.0,,,,1.0,Not Assigned,,,,,,,,,,,,,,,,,,,,,,14992301
PSAVK69,1005522,2021-03-24 07:25:54.104000-04:00,2021-04-09 15:30:00-04:00,2021-03-24 12:08:09.084000-04:00,,2,1.0,,,,2.0,Not Assigned,,,,,,,,,,,,,,,,,,,,,,14989044
PSAVK69,1005523,2021-03-24 07:25:54.104000-04:00,2021-04-09 15:30:00-04:00,2021-03-24 12:08:24.170000-04:00,,1,1.0,,,,1.0,Not Assigned,,,,,,,,,,,,,,,,,,,,,,14989090
PSAVK69,1005524,2021-03-24 07:25:54.104000-04:00,2021-04-09 15:30:00-04:00,2021-03-24 12:38:48.635000-04:00,,1,1.0,,,,1.0,Not Assigned,,,,,,,,,,,,,,,,,,,,,,14991863
PSAVK69,1005526,2021-03-24 07:25:54.104000-04:00,2021-04-09 15:30:00-04:00,2021-03-24 12:09:44.626000-04:00,2021-03-25 12:24:03.771000-04:00,2,2.0,2.0,86403.772,43201.882,2.0,Treatment 2,725.285,138.9252,5.0,4.0,1.0,1.0,5.0,5.0,0.0,0.0,5.0,1.0,0.0,0.0,0.0,1.0,3.0,3.0,81.43,27.14,1.0,14989234
PSAVK69,1005527,2021-03-24 07:25:54.104000-04:00,2021-04-09 15:30:00-04:00,2021-03-24 12:36:22.942000-04:00,,2,1.0,,,,1.0,Not Assigned,,,,,,,,,,,,,,,,,,,,,,14991692
PSAVK69,1005528,2021-03-24 07:25:54.104000-04:00,2021-04-09 15:30:00-04:00,2021-03-24 12:08:18.315000-04:00,,2,1.0,,,,1.0,Not Assigned,,,,,,,,,,,,,,,,,,,,,,14989077
PSAVK69,1005530,2021-03-24 07:25:54.104000-04:00,2021-04-09 15:30:00-04:00,2021-03-24 12:09:21.392000-04:00,,1,,,,,,Not Assigned,,,,,,,,,,,,,,,,,,,,,,14989199
PSAVK69,1005546,2021-03-24 07:25:54.104000-04:00,2021-04-09 15:30:00-04:00,2021-03-24 12:12:07.784000-04:00,,3,2.0,2.0,86727.737,43363.8635,2.0,Treatment 1,52.065,16.9085,2.0,0.0,0.0,0.0,2.0,2.0,0.0,0.0,2.0,2.0,0.0,0.0,0.0,1.0,,,,,,14989440
PSAVK69,1005548,2021-03-24 07:25:54.102000-04:00,2021-04-09 15:30:00-04:00,2021-03-24 13:34:32.850000-04:00,,1,1.0,,,,1.0,Not Assigned,,,,,,,,,,,,,,,,,,,,,,14996535
PSAVK69,1005550,2021-03-24 07:25:54.104000-04:00,2021-04-09 15:30:00-04:00,2021-04-07 12:44:30.374000-04:00,2021-04-09 08:55:14.809000-04:00,3,2.0,1.0,158536.028,79268.0085,2.0,Treatment 3,416.853,45.5018333333333,6.0,3.0,1.0,1.0,6.0,7.0,0.0,0.0,6.0,3.0,0.0,0.0,0.0,1.0,3.0,3.0,50.318,16.7703333333333,1.0,15326146
PSAVK69,1005555,2021-03-24 07:25:54.102000-04:00,2021-04-09 15:30:00-04:00,2021-03-24 14:49:20.171000-04:00,,1,1.0,,,,1.0,Not Assigned,,,,,,,,,,,,,,,,,,,,,,15002262
PSAVK69,1005556,2021-03-24 07:25:54.102000-04:00,2021-04-09 15:30:00-04:00,2021-04-07 13:30:05.429000-04:00,2021-04-09 17:37:34.912000-04:00,6,2.0,2.0,186867.72,93433.854,2.0,Treatment 3,625.008,27.5396,11.0,3.0,2.0,2.0,5.0,5.0,0.0,0.0,11.0,8.0,0.0,0.0,0.0,1.0,3.0,1.0,109.237,24.6836666666667,1.0,15329377
PSAVK69,1005739,2021-03-24 07:25:54.111000-04:00,2021-04-09 15:30:00-04:00,2021-03-24 09:24:06.465000-04:00,,1,1.0,,,,1.0,Not Assigned,,,,,,,,,,,,,,,,,,,,,,14974152
PSAVK69,1005751,2021-03-24 07:25:54.111000-04:00,2021-04-09 15:30:00-04:00,2021-03-24 09:06:10.559000-04:00,,1,2.0,1.0,95.105,47.5465,1.0,Treatment 2,,,1.0,,,,,0.0,0.0,0.0,1.0,0.0,0.0,0.0,0.0,1.0,,,,,,14972827
PSAVK69,1005759,2021-03-24 07:25:54.111000-04:00,2021-04-09 15:30:00-04:00,2021-03-24 08:55:03.027000-04:00,2021-03-24 09:07:18.581000-04:00,1,2.0,1.0,158.779,79.386,1.0,Treatment 3,457.479,45.275,7.0,5.0,2.0,2.0,7.0,9.0,0.0,0.0,7.0,2.0,0.0,0.0,0.0,1.0,3.0,2.0,83.496,25.6856666666667,1.0,14972100
PSAVK69,1005769,2021-03-24 07:25:54.111000-04:00,2021-04-09 15:30:00-04:00,2021-04-09 11:39:12.462000-04:00,,1,1.0,,,,1.0,Not Assigned,,,,,,,,,,,,,,,,,,,,,,15397313
PSAVK69,1005858,2021-03-24 07:25:54.107000-04:00,2021-04-09 15:30:00-04:00,2021-03-24 11:35:32.902000-04:00,2021-03-24 11:44:29.672000-04:00,1,2.0,1.0,136.462,68.228,1.0,Treatment 1,311.872,35.682125,8.0,5.0,2.0,2.0,8.0,11.0,0.0,0.0,8.0,3.0,0.0,0.0,0.0,1.0,3.0,3.0,60.313,20.1003333333333,1.0,14986069
PSAVK69,1005859,2021-03-24 07:25:54.107000-04:00,2021-04-09 15:30:00-04:00,2021-03-24 11:18:47.006000-04:00,2021-03-24 11:45:14.256000-04:00,1,2.0,2.0,446.201,223.0935,1.0,Treatment 2,741.204,73.2623333333333,4.0,3.0,1.0,1.0,3.0,3.0,0.0,0.0,4.0,1.0,0.0,0.0,0.0,1.0,3.0,2.0,347.237,113.566,1.0,14984381
PSAVK69,1005860,2021-03-24 07:25:54.107000-04:00,2021-04-09 15:30:00-04:00,2021-04-07 11:36:13.494000-04:00,,1,1.0,,,,1.0,Not Assigned,,,,,,,,,,,,,,,,,,,,,,15320777
PSAVK69,1005861,2021-03-24 07:25:54.107000-04:00,2021-04-09 15:30:00-04:00,2021-03-24 11:40:02.356000-04:00,2021-03-24 11:48:30.070000-04:00,2,2.0,1.0,98.882,49.4365,1.0,Treatment 3,289.262,26.8671666666667,6.0,4.0,2.0,2.0,6.0,6.0,0.0,0.0,6.0,2.0,0.0,0.0,0.0,2.0,3.0,2.0,55.815,17.3513333333333,1.0,14986454
PSAVK69,1005863,2021-03-24 07:25:54.107000-04:00,2021-04-09 15:30:00-04:00,2021-03-24 11:28:19.222000-04:00,2021-03-24 11:40:20.234000-04:00,1,2.0,1.0,131.3,65.6455,1.0,Treatment 2,262.572,87.5213333333333,3.0,3.0,,,3.0,3.0,0.0,0.0,3.0,0.0,0.0,0.0,0.0,1.0,3.0,3.0,274.129,91.3726666666667,1.0,14985349
PSAVK69,1005866,2021-03-24 07:25:54.107000-04:00,2021-04-09 15:30:00-04:00,2021-03-24 11:18:15.397000-04:00,2021-03-24 11:43:51.983000-04:00,4,2.0,1.0,117.088,58.5375,1.0,Treatment 1,239.191,25.854375,8.0,6.0,2.0,2.0,8.0,10.0,0.0,0.0,8.0,2.0,0.0,0.0,0.0,1.0,3.0,2.0,72.912,10.6783333333333,1.0,14984326
PSAVK69,1005867,2021-03-24 07:25:54.107000-04:00,2021-04-09 15:30:00-04:00,2021-03-24 11:28:38.573000-04:00,2021-03-24 11:53:04.436000-04:00,1,2.0,1.0,67.352,33.6735,1.0,Treatment 3,1092.732,57.1151111111111,10.0,4.0,2.0,2.0,9.0,9.0,0.0,0.0,10.0,6.0,0.0,0.0,0.0,1.0,3.0,3.0,200.125,66.7056666666667,1.0,14985378
PSAVK69,1005868,2021-03-24 07:25:54.107000-04:00,2021-04-09 15:30:00-04:00,2021-04-12 11:43:14.058000-04:00,,1,1.0,,,,1.0,Not Assigned,,,,,,,,,,,,,,,,,,,,,,15436870
PSAVK69,1005873,2021-03-24 07:25:54.107000-04:00,2021-04-09 15:30:00-04:00,2021-03-24 11:36:32.106000-04:00,2021-03-24 11:53:46.545000-04:00,2,2.0,1.0,593.799,296.892,2.0,Treatment 1,283.869,41.719,6.0,4.0,2.0,2.0,6.0,6.0,0.0,0.0,6.0,2.0,0.0,0.0,0.0,1.0,3.0,3.0,115.037,38.342,1.0,14986136
PSAVK69,1005885,2021-03-24 07:25:54.104000-04:00,2021-04-09 15:30:00-04:00,2021-03-24 12:09:10.668000-04:00,2021-03-25 12:44:52.321000-04:00,4,2.0,2.0,88291.807,44145.899,2.0,Treatment 2,67.312,22.434,3.0,3.0,,,3.0,3.0,0.0,0.0,3.0,0.0,0.0,0.0,0.0,1.0,3.0,2.0,163.468,51.3763333333333,1.0,14989180
PSAVK69,1006756,2021-03-24 07:25:54.111000-04:00,2021-04-09 15:30:00-04:00,2021-03-24 09:28:53.030000-04:00,,1,1.0,,,,1.0,Not Assigned,,,,,,,,,,,,,,,,,,,,,,14974471
PSAVK69,1006757,2021-03-24 07:25:54.111000-04:00,2021-04-09 15:30:00-04:00,2021-03-24 08:54:55.879000-04:00,2021-03-24 09:21:47.760000-04:00,1,2.0,1.0,172.344,86.164,1.0,Treatment 1,1288.244,71.4156363636364,12.0,7.0,3.0,3.0,11.0,11.0,0.0,0.0,12.0,5.0,0.0,0.0,0.0,1.0,3.0,2.0,99.192,17.1696666666667,1.0,14972087
PSAVK69,1006758,2021-03-24 07:25:54.111000-04:00,2021-04-09 15:30:00-04:00,2021-03-24 08:57:54.324000-04:00,,3,2.0,2.0,290.412,145.2005,2.0,Treatment 3,1374.08,458.02,3.0,3.0,,,3.0,3.0,0.0,0.0,3.0,0.0,0.0,0.0,0.0,2.0,2.0,1.0,3.442,3.439,1.0,14972261
PSAVK69,1006759,2021-03-24 07:25:54.111000-04:00,2021-04-09 15:30:00-04:00,2021-03-24 08:55:29.798000-04:00,,1,2.0,2.0,307.057,153.521,1.0,Treatment 2,462.246,68.60825,6.0,4.0,1.0,1.0,4.0,4.0,0.0,0.0,6.0,2.0,0.0,0.0,0.0,1.0,3.0,2.0,44.695,22.3405,1.0,14972129
PSAVK69,1006760,2021-03-24 07:25:54.111000-04:00,2021-04-09 15:30:00-04:00,2021-04-09 12:18:08.090000-04:00,,1,2.0,2.0,1226.33,613.1575,1.0,Treatment 2,,,1.0,,,,,0.0,0.0,0.0,1.0,0.0,0.0,0.0,0.0,1.0,,,,,,15400060
PSAVK69,1006763,2021-03-24 07:25:54.104000-04:00,2021-04-09 15:30:00-04:00,2021-03-25 08:53:46.217000-04:00,,3,2.0,1.0,1309492.015,654745.997,2.0,Treatment 1,,,1.0,,,,,0.0,0.0,0.0,1.0,0.0,0.0,0.0,0.0,1.0,,,,,,15016351
PSAVK69,1006764,2021-03-24 07:25:54.111000-04:00,2021-04-09 15:30:00-04:00,2021-03-24 08:57:35.973000-04:00,,3,2.0,1.0,330.595,165.2885,1.0,Treatment 1,86183.009,84844.992,5.0,1.0,1.0,1.0,1.0,1.0,0.0,0.0,5.0,3.0,0.0,0.0,0.0,3.0,,,,,,14972243
PSAVK69,1006765,2021-03-24 07:25:54.111000-04:00,2021-04-09 15:30:00-04:00,2021-04-09 15:14:26.890000-04:00,,1,1.0,,,,1.0,Not Assigned,,,,,,,,,,,,,,,,,,,,,,15410759
PSAVK69,1006772,2021-03-24 07:25:54.111000-04:00,2021-04-09 15:30:00-04:00,2021-03-25 09:08:47.842000-04:00,,1,1.0,,,,1.0,Not Assigned,,,,,,,,,,,,,,,,,,,,,,15017362
PSAVK69,1006794,2021-03-24 07:25:54.109000-04:00,2021-04-09 15:30:00-04:00,2021-03-25 09:48:52.609000-04:00,,1,1.0,,,,1.0,Not Assigned,,,,,,,,,,,,,,,,,,,,,,15020589
PSAVK69,1006888,2021-03-24 07:25:54.107000-04:00,2021-04-09 15:30:00-04:00,2021-04-12 11:22:26.909000-04:00,,1,1.0,,,,1.0,Not Assigned,,,,,,,,,,,,,,,,,,,,,,15434986
PSAVK69,1006890,2021-03-24 07:25:54.107000-04:00,2021-04-09 15:30:00-04:00,2021-04-07 11:56:25.671000-04:00,2021-04-12 11:32:18.691000-04:00,2,2.0,1.0,429846.584,214923.2875,2.0,Treatment 2,403.982,36.4725,5.0,4.0,1.0,1.0,4.0,4.0,0.0,0.0,5.0,1.0,0.0,0.0,0.0,1.0,3.0,2.0,261.891,83.3166666666667,1.0,15322363
PSAVK69,1006893,2021-03-24 07:25:54.107000-04:00,2021-04-09 15:30:00-04:00,2021-03-24 11:21:57-04:00,,1,2.0,1.0,186.548,93.2685,1.0,Treatment 2,527.853,112.235,3.0,0.0,0.0,0.0,2.0,3.0,0.0,0.0,3.0,2.0,0.0,0.0,0.0,1.0,,,,,,14984696
PSAVK69,1006894,2021-03-24 07:25:54.107000-04:00,2021-04-09 15:30:00-04:00,2021-03-24 11:22:01.874000-04:00,2021-03-24 11:38:36.893000-04:00,2,2.0,2.0,178.566,89.272,1.0,Treatment 3,538.2,73.0885,5.0,3.0,1.0,1.0,4.0,6.0,0.0,0.0,5.0,2.0,0.0,0.0,0.0,3.0,3.0,2.0,232.145,43.3276666666667,1.0,14984702
PSAVK69,1006896,2021-03-24 07:25:54.107000-04:00,2021-04-09 15:30:00-04:00,2021-03-24 11:22:23.966000-04:00,,1,2.0,2.0,444.493,222.244,1.0,Treatment 1,1210.462,363.152,5.0,1.0,0.0,0.0,3.0,3.0,0.0,0.0,5.0,3.0,0.0,0.0,0.0,1.0,,,,,,14984739
PSAVK69,1006897,2021-03-24 07:25:54.107000-04:00,2021-04-09 15:30:00-04:00,2021-04-12 11:51:28.730000-04:00,,1,1.0,,,,1.0,Not Assigned,,,,,,,,,,,,,,,,,,,,,,15437733
PSAVK69,1006898,2021-03-24 07:25:54.107000-04:00,2021-04-09 15:30:00-04:00,2021-03-24 11:24:11.765000-04:00,,3,1.0,1.0,1992.821,1992.81,2.0,Not Assigned,,,,,,,,,,,,,,,,,,,,,,14984921
PSAVK69,1006930,2021-03-24 07:25:54.104000-04:00,2021-04-09 15:30:00-04:00,2021-04-11 22:46:42.667000-04:00,2021-04-11 23:01:58.777000-04:00,1,2.0,1.0,92.733,46.358,1.0,Treatment 2,522.679,33.9802857142857,8.0,5.0,2.0,2.0,7.0,8.0,0.0,0.0,8.0,3.0,0.0,0.0,0.0,1.0,3.0,2.0,244.547,59.0693333333333,1.0,15420029
PSAVK69,1006978,2021-03-24 07:25:54.111000-04:00,2021-04-09 15:30:00-04:00,2021-03-24 13:48:54.601000-04:00,2021-03-24 13:57:10.673000-04:00,1,2.0,1.0,187.977,93.9855,1.0,Treatment 1,181.4,35.6743333333333,4.0,3.0,1.0,1.0,3.0,3.0,0.0,0.0,4.0,1.0,0.0,0.0,0.0,1.0,3.0,2.0,82.642,21.9903333333333,1.0,14997832
PSAVK69,1007152,2021-03-24 07:25:54.111000-04:00,2021-04-09 15:30:00-04:00,2021-03-25 08:53:40.328000-04:00,,1,1.0,,,,1.0,Not Assigned,,,,,,,,,,,,,,,,,,,,,,15016342
PSAVK69,1007154,2021-03-24 07:25:54.111000-04:00,2021-04-09 15:30:00-04:00,2021-04-09 14:30:52.703000-04:00,,1,1.0,,,,1.0,Not Assigned,,,,,,,,,,,,,,,,,,,,,,15408910
PSAVK69,1008749,2021-03-09 07:57:01.514000-05:00,,2021-04-29 08:55:28.582000-04:00,,1,1.0,,,,1.0,Not Assigned,,,,,,,,,,,,,,,,,,,,,,15991556
PSAVK69,1010386,2021-04-06 11:00:00-04:00,2021-04-08 20:00:00-04:00,2021-04-08 17:03:46.182000-04:00,2021-04-08 21:33:49.874000-04:00,4,2.0,1.0,11565.055,5782.525,2.0,Treatment 1,887.354,295.782666666667,3.0,3.0,,,3.0,3.0,0.0,0.0,3.0,0.0,0.0,0.0,0.0,1.0,3.0,2.0,1528.544,476.244333333333,1.0,15380210
PSAVK69,1019781,2021-05-27 08:31:39.048000-04:00,,2021-05-27 10:00:12.391000-04:00,,1,2.0,1.0,420.883,210.4265,1.0,Treatment 2,871.342,132.664,4.0,2.0,1.0,1.0,4.0,6.0,0.0,0.0,4.0,2.0,0.0,0.0,0.0,1.0,,,,,,16631846
