experiment_id,student_id,release_date,due_date,start_time,end_time,assignment_session_count,pretest_problem_count,pretest_correct,pretest_time_on_task,pretest_average_first_response_time,pretest_session_count,assigned_condition,condition_time_on_task,condition_average_first_response_or_request_time,condition_problem_count,condition_total_correct,condition_total_correct_after_wrong_response,condition_total_correct_after_tutoring,condition_total_answers_before_tutoring,condition_total_attempt_count,condition_total_hints_available,condition_total_hints_given,condition_total_scaffold_problems_available,condition_total_scaffold_problems_given,condition_total_explanations_available,condition_total_explanations_given,condition_total_answers_given,condition_session_count,posttest_problem_count,posttest_correct,posttest_time_on_task,posttest_average_first_response_time,posttest_session_count,assistments_reference_assignment_log_id
PSAU88D,10408,2021-03-19 08:36:05.414000-04:00,,2021-03-22 12:12:37.947000-04:00,2021-03-22 12:28:15.906000-04:00,1,,,,,,Treatment 1,797.828,97.878,6.0,4.0,2.0,2.0,5.0,10.0,6.0,2.0,0.0,0.0,0.0,0.0,2.0,1.0,,,,,,14889294
PSAU88D,16495,2021-03-19 08:36:05.409000-04:00,,2021-03-22 09:45:54.082000-04:00,2021-03-22 09:57:01.047000-04:00,1,,,,,,Treatment 2,530.194,40.9577142857143,7.0,5.0,2.0,2.0,7.0,7.0,0.0,0.0,21.0,6.0,0.0,0.0,0.0,1.0,,,,,,14874932
PSAU88D,17378,2020-05-04 12:32:55.811000-04:00,2020-05-09 00:59:00-04:00,2020-05-04 14:45:57.743000-04:00,,1,,,,,,Treatment 1,1166.897,119.3535,7.0,4.0,1.0,,6.0,10.0,7.0,1.0,0.0,0.0,0.0,0.0,1.0,1.0,,,,,,2805668
PSAU88D,17379,2020-05-04 12:32:55.811000-04:00,2020-05-09 00:59:00-04:00,2020-05-06 15:07:35.769000-04:00,,2,,,,,,Treatment 1,409.589,59.565,1.0,0.0,,,1.0,2.0,1.0,1.0,0.0,0.0,0.0,0.0,0.0,2.0,,,,,,2938608
PSAU88D,17382,2020-05-04 12:32:55.811000-04:00,2020-05-09 00:59:00-04:00,2020-05-09 22:45:15.084000-04:00,,1,,,,,,Not Assigned,,,,,,,,,,,,,,,,,,,,,,3064122
PSAU88D,17552,2021-01-25 08:45:00-05:00,2021-01-26 08:00:00-05:00,2021-01-25 15:02:29.995000-05:00,2021-01-25 15:57:31.127000-05:00,2,,,,,,Not Assigned,,,,,,,,,,,,,,,,,,,,,,12557540
PSAU88D,17612,2021-01-25 08:45:00-05:00,2021-01-26 08:00:00-05:00,2021-01-25 16:29:20.790000-05:00,2021-01-25 16:38:25.965000-05:00,1,,,,,,Not Assigned,,,,,,,,,,,,,,,,,,,,,,12564785
PSAU88D,17615,2021-01-25 08:45:00-05:00,2021-01-26 08:00:00-05:00,2021-01-25 16:34:55.994000-05:00,2021-01-25 16:45:46.749000-05:00,2,,,,,,Not Assigned,,,,,,,,,,,,,,,,,,,,,,12565116
PSAU88D,17651,2021-01-25 08:45:00-05:00,2021-01-26 08:00:00-05:00,2021-01-25 15:04:26.334000-05:00,2021-01-25 21:43:48.114000-05:00,2,,,,,,Not Assigned,,,,,,,,,,,,,,,,,,,,,,12557758
PSAU88D,17669,2021-01-25 08:45:00-05:00,2021-01-26 08:00:00-05:00,2021-01-25 10:28:50.779000-05:00,2021-01-25 18:52:49.829000-05:00,2,,,,,,Not Assigned,,,,,,,,,,,,,,,,,,,,,,12517670
PSAU88D,17676,2021-01-25 08:45:00-05:00,2021-01-26 08:00:00-05:00,2021-01-25 15:01:55.058000-05:00,2021-01-25 15:05:20.017000-05:00,1,,,,,,Not Assigned,,,,,,,,,,,,,,,,,,,,,,12557469
PSAU88D,17715,2021-01-25 08:45:00-05:00,2021-01-26 08:00:00-05:00,2021-01-25 15:04:46.366000-05:00,2021-01-25 15:07:28.498000-05:00,1,,,,,,Not Assigned,,,,,,,,,,,,,,,,,,,,,,12557793
PSAU88D,18642,2020-05-04 12:32:55.810000-04:00,2020-05-09 00:59:00-04:00,2020-05-05 12:12:26.347000-04:00,,2,,,,,,Treatment 2,61.143,,2.0,0.0,,,0.0,0.0,0.0,0.0,6.0,3.0,0.0,0.0,0.0,1.0,,,,,,2856166
PSAU88D,21342,2020-05-04 12:32:55.809000-04:00,2020-05-09 00:59:00-04:00,2020-05-07 17:13:31.807000-04:00,2020-05-07 17:24:53.900000-04:00,1,,,,,,Control 1,326.367,52.8672,5.0,3.0,1.0,,3.0,5.0,5.0,0.0,0.0,0.0,0.0,0.0,2.0,1.0,,,,,,3008763
PSAU88D,21344,2020-05-04 12:32:55.809000-04:00,2020-05-09 00:59:00-04:00,2020-05-05 15:46:07.830000-04:00,2020-05-05 15:59:18.954000-04:00,1,,,,,,Treatment 1,430.613,39.5873,10.0,7.0,3.0,2.0,10.0,13.0,10.0,2.0,0.0,0.0,0.0,0.0,2.0,1.0,,,,,,2880039
PSAU88D,21346,2020-05-04 12:32:55.809000-04:00,2020-05-09 00:59:00-04:00,2020-05-04 22:25:49.824000-04:00,2020-05-04 23:12:54.268000-04:00,3,,,,,,Control 1,1654.977,269.2396,5.0,3.0,1.0,,5.0,8.0,5.0,0.0,0.0,0.0,0.0,0.0,1.0,1.0,,,,,,2825364
PSAU88D,21348,2020-05-04 12:32:55.809000-04:00,2020-05-09 00:59:00-04:00,2020-05-05 11:12:38.588000-04:00,2020-05-05 11:21:24.640000-04:00,1,,,,,,Treatment 2,441.634,59.898,4.0,3.0,1.0,1.0,3.0,3.0,0.0,0.0,12.0,3.0,0.0,0.0,0.0,1.0,,,,,,2847893
PSAU88D,21350,2020-05-04 12:32:55.809000-04:00,2020-05-09 00:59:00-04:00,2020-05-04 22:37:36.580000-04:00,2020-05-06 21:37:02.513000-04:00,3,,,,,,Control 1,169057.098,56352.3573333333,3.0,3.0,,,3.0,3.0,3.0,0.0,0.0,0.0,0.0,0.0,0.0,2.0,,,,,,2825568
PSAU88D,21351,2020-05-04 12:32:55.809000-04:00,2020-05-09 00:59:00-04:00,2020-05-08 02:54:11.834000-04:00,,1,,,,,,Not Assigned,,,,,,,,,,,,,,,,,,,,,,3019755
PSAU88D,21355,2020-05-04 12:32:55.809000-04:00,2020-05-09 00:59:00-04:00,2020-05-07 16:28:06.695000-04:00,2020-05-08 23:53:10.713000-04:00,2,,,,,,Treatment 3,1263.972,84.4765,15.0,4.0,2.0,2.0,6.0,8.0,0.0,0.0,45.0,31.0,0.0,0.0,0.0,2.0,,,,,,3006591
PSAU88D,21356,2020-05-04 12:32:55.809000-04:00,2020-05-09 00:59:00-04:00,2020-05-07 17:42:19.704000-04:00,,1,,,,,,Treatment 1,284.354,225.736,1.0,0.0,,,1.0,3.0,1.0,1.0,0.0,0.0,0.0,0.0,1.0,1.0,,,,,,3009917
PSAU88D,29679,2021-01-25 08:45:00-05:00,2021-01-26 08:00:00-05:00,2021-01-25 14:58:29.829000-05:00,2021-01-25 15:01:56.314000-05:00,1,,,,,,Not Assigned,,,,,,,,,,,,,,,,,,,,,,12557013
PSAU88D,38426,2020-09-25 09:50:00-04:00,2020-09-25 11:05:00-04:00,2020-10-01 11:03:19.515000-04:00,2020-10-05 14:16:38.005000-04:00,6,,,,,,Treatment 3,336879.637,22411.7252,15.0,10.0,5.0,5.0,15.0,15.0,0.0,0.0,45.0,15.0,0.0,0.0,0.0,4.0,,,,,,6876638
PSAU88D,52817,2020-09-25 09:50:00-04:00,2020-09-25 11:05:00-04:00,2020-10-01 10:47:50.748000-04:00,2020-10-05 10:16:02.695000-04:00,4,,,,,,Treatment 1,343082.143,85762.294,4.0,3.0,1.0,,4.0,5.0,4.0,0.0,0.0,0.0,0.0,0.0,0.0,2.0,,,,,,6872928
PSAU88D,109224,2020-11-17 08:00:00-05:00,2020-11-23 13:12:00-05:00,2020-11-17 10:07:43.763000-05:00,2020-11-17 10:12:35.893000-05:00,1,,,,,,Control 1,149.8,49.9186666666667,3.0,3.0,,,3.0,3.0,3.0,0.0,0.0,0.0,0.0,0.0,0.0,1.0,,,,,,9873762
PSAU88D,109225,2020-11-17 08:00:00-05:00,2020-11-23 13:12:00-05:00,2020-11-17 09:36:02.423000-05:00,,2,,,,,,Treatment 2,,,1.0,,,,,0.0,0.0,0.0,3.0,0.0,0.0,0.0,0.0,1.0,,,,,,9868321
PSAU88D,109254,2020-11-17 08:00:00-05:00,2020-11-23 13:12:00-05:00,2020-11-17 12:13:44.598000-05:00,,1,,,,,,Treatment 3,613.92,139.406333333333,3.0,2.0,,,3.0,3.0,0.0,0.0,9.0,3.0,0.0,0.0,0.0,1.0,,,,,,9899069
PSAU88D,109255,2020-11-12 08:55:00-05:00,2020-11-12 16:17:00-05:00,2020-12-18 10:52:13.933000-05:00,,1,,,,,,Not Assigned,,,,,,,,,,,,,,,,,,,,,,11443791
PSAU88D,109316,2020-11-12 08:55:00-05:00,2020-11-12 16:17:00-05:00,2020-12-20 18:29:33.848000-05:00,,1,,,,,,Not Assigned,,,,,,,,,,,,,,,,,,,,,,11466806
PSAU88D,109318,2020-11-17 08:00:00-05:00,2020-11-23 13:12:00-05:00,2020-11-17 10:06:56.507000-05:00,,1,,,,,,Treatment 1,338.663,79.679,4.0,2.0,1.0,1.0,3.0,8.0,4.0,1.0,0.0,0.0,0.0,0.0,1.0,1.0,,,,,,9873615
PSAU88D,109321,2020-11-17 08:00:00-05:00,2020-11-23 13:12:00-05:00,2020-11-17 10:07:30.050000-05:00,,1,,,,,,Treatment 1,309.558,111.852,2.0,0.0,,,0.0,4.0,2.0,1.0,0.0,0.0,0.0,0.0,1.0,1.0,,,,,,9873710
PSAU88D,109324,2020-11-17 08:00:00-05:00,2020-11-23 13:12:00-05:00,2020-11-17 09:53:58.258000-05:00,,1,,,,,,Not Assigned,,,,,,,,,,,,,,,,,,,,,,9871322
PSAU88D,109394,2020-11-17 08:00:00-05:00,2020-11-23 13:12:00-05:00,2020-11-18 08:51:17.185000-05:00,,1,,,,,,Not Assigned,,,,,,,,,,,,,,,,,,,,,,9961188
PSAU88D,109405,2020-11-12 08:55:00-05:00,2020-11-12 16:17:00-05:00,2020-11-20 10:09:53.631000-05:00,,1,,,,,,Not Assigned,,,,,,,,,,,,,,,,,,,,,,10141937
PSAU88D,109410,2020-11-17 08:00:00-05:00,2020-11-23 13:12:00-05:00,2020-11-17 10:11:12.933000-05:00,2020-11-17 10:13:27.633000-05:00,1,,,,,,Treatment 3,93.624,31.1983333333333,3.0,3.0,,,3.0,3.0,0.0,0.0,9.0,0.0,0.0,0.0,0.0,1.0,,,,,,9874363
PSAU88D,109544,2020-11-17 08:00:00-05:00,2020-11-23 13:12:00-05:00,2020-11-17 08:46:58.521000-05:00,,4,,,,,,Treatment 1,1193.068,147.5434,6.0,1.0,1.0,,5.0,10.0,6.0,1.0,0.0,0.0,0.0,0.0,1.0,2.0,,,,,,9861486
PSAU88D,109546,2020-11-17 08:00:00-05:00,2020-11-23 13:12:00-05:00,2020-11-17 12:35:29.908000-05:00,,1,,,,,,Not Assigned,,,,,,,,,,,,,,,,,,,,,,9903205
PSAU88D,109549,2020-11-17 08:00:00-05:00,2020-11-23 13:12:00-05:00,2020-11-17 12:14:28.876000-05:00,2020-11-17 12:19:06.315000-05:00,1,,,,,,Control 1,190.317,38.19675,4.0,3.0,1.0,,3.0,5.0,4.0,0.0,0.0,0.0,0.0,0.0,1.0,1.0,,,,,,9899183
PSAU88D,113554,2020-11-17 08:00:00-05:00,2020-11-23 13:12:00-05:00,2020-11-17 10:08:16.177000-05:00,,2,,,,,,Not Assigned,,,,,,,,,,,,,,,,,,,,,,9873851
PSAU88D,113586,2020-11-17 08:00:00-05:00,2020-11-23 13:12:00-05:00,2020-11-17 10:06:16.734000-05:00,,1,,,,,,Not Assigned,,,,,,,,,,,,,,,,,,,,,,9873475
PSAU88D,113603,2020-11-17 08:00:00-05:00,2020-11-23 13:12:00-05:00,2020-11-17 10:06:28.175000-05:00,,1,,,,,,Not Assigned,,,,,,,,,,,,,,,,,,,,,,9873512
PSAU88D,114029,2020-11-17 08:00:00-05:00,2020-11-23 13:12:00-05:00,2020-11-17 12:19:43.847000-05:00,,2,,,,,,Not Assigned,,,,,,,,,,,,,,,,,,,,,,9900269
PSAU88D,144751,2021-02-01 10:25:12.806000-05:00,2021-02-07 00:00:00-05:00,2021-02-01 11:04:48.647000-05:00,2021-02-01 11:21:19.425000-05:00,1,,,,,,Not Assigned,,,,,,,,,,,,,,,,,,,,,,12872606
PSAU88D,147768,2020-11-12 08:55:00-05:00,2020-11-12 16:17:00-05:00,2020-12-03 09:14:08.060000-05:00,,1,,,,,,Not Assigned,,,,,,,,,,,,,,,,,,,,,,10597072
PSAU88D,157403,2020-11-17 08:00:00-05:00,2020-11-23 13:12:00-05:00,2020-11-17 10:06:16.720000-05:00,,1,,,,,,Treatment 2,561.258,95.16075,4.0,3.0,1.0,1.0,4.0,4.0,0.0,0.0,12.0,3.0,0.0,0.0,0.0,1.0,,,,,,9873477
PSAU88D,157440,2020-11-17 08:00:00-05:00,2020-11-23 13:12:00-05:00,2020-11-17 10:15:04.053000-05:00,,1,,,,,,Treatment 1,,,1.0,,,,,0.0,1.0,0.0,0.0,0.0,0.0,0.0,0.0,1.0,,,,,,9875065
PSAU88D,159426,2021-02-01 10:25:12.808000-05:00,2021-02-07 00:00:00-05:00,2021-02-04 14:41:24.311000-05:00,2021-02-05 07:33:02.761000-05:00,2,,,,,,Not Assigned,,,,,,,,,,,,,,,,,,,,,,13108382
PSAU88D,161749,2021-02-01 10:25:12.806000-05:00,2021-02-07 00:00:00-05:00,2021-02-05 14:47:27.956000-05:00,2021-02-05 14:58:40.301000-05:00,1,,,,,,Not Assigned,,,,,,,,,,,,,,,,,,,,,,13164621
PSAU88D,162189,2021-02-01 10:25:12.808000-05:00,2021-02-07 00:00:00-05:00,2021-02-02 08:18:03.132000-05:00,2021-02-04 10:12:52.456000-05:00,2,,,,,,Not Assigned,,,,,,,,,,,,,,,,,,,,,,12923639
PSAU88D,162289,2021-02-01 10:25:12.808000-05:00,2021-02-07 00:00:00-05:00,2021-02-03 08:37:29.714000-05:00,2021-02-18 10:02:43.427000-05:00,4,,,,,,Not Assigned,,,,,,,,,,,,,,,,,,,,,,12995529
PSAU88D,162672,2021-02-01 10:25:12.806000-05:00,2021-02-07 00:00:00-05:00,2021-02-05 15:24:22.768000-05:00,,2,,,,,,Treatment 3,2576.516,100.5275,7.0,2.0,2.0,2.0,6.0,12.0,0.0,0.0,21.0,10.0,0.0,0.0,0.0,3.0,,,,,,13166916
PSAU88D,162689,2021-02-01 10:25:12.806000-05:00,2021-02-07 00:00:00-05:00,2021-02-04 16:40:03.954000-05:00,2021-02-04 16:57:47.457000-05:00,1,,,,,,Not Assigned,,,,,,,,,,,,,,,,,,,,,,13117738
PSAU88D,162826,2021-02-01 10:25:12.808000-05:00,2021-02-07 00:00:00-05:00,2021-02-03 09:22:44.302000-05:00,2021-02-04 10:48:35.847000-05:00,4,,,,,,Treatment 2,3529.793,169.248,16.0,8.0,5.0,5.0,16.0,16.0,0.0,0.0,48.0,24.0,0.0,0.0,0.0,3.0,,,,,,12999077
PSAU88D,162896,2021-02-01 10:25:12.808000-05:00,2021-02-07 00:00:00-05:00,2021-02-02 09:57:44.443000-05:00,2021-02-04 17:41:51.632000-05:00,5,,,,,,Not Assigned,,,,,,,,,,,,,,,,,,,,,,12932206
PSAU88D,163130,2021-02-01 10:25:12.808000-05:00,2021-02-07 00:00:00-05:00,2021-02-03 08:56:15.289000-05:00,,1,,,,,,Not Assigned,,,,,,,,,,,,,,,,,,,,,,12996713
PSAU88D,163405,2021-02-01 10:25:12.808000-05:00,2021-02-07 00:00:00-05:00,2021-02-04 10:15:07.497000-05:00,2021-02-17 11:56:54.793000-05:00,3,,,,,,Not Assigned,,,,,,,,,,,,,,,,,,,,,,13072594
PSAU88D,164064,2021-02-01 10:25:12.806000-05:00,2021-02-07 00:00:00-05:00,2021-02-25 07:19:44.502000-05:00,2021-02-25 07:32:02.890000-05:00,3,,,,,,Treatment 1,509.562,105.839,4.0,3.0,1.0,,4.0,6.0,4.0,0.0,0.0,0.0,0.0,0.0,0.0,2.0,,,,,,13898748
PSAU88D,164159,2021-02-01 10:25:12.808000-05:00,2021-02-07 00:00:00-05:00,2021-02-01 10:30:17.674000-05:00,,2,,,,,,Not Assigned,,,,,,,,,,,,,,,,,,,,,,12867869
PSAU88D,164218,2021-02-01 10:25:12.806000-05:00,2021-02-07 00:00:00-05:00,2021-02-01 14:29:13.131000-05:00,2021-02-01 14:38:45.280000-05:00,2,,,,,,Not Assigned,,,,,,,,,,,,,,,,,,,,,,12900668
PSAU88D,164585,2021-02-01 10:25:12.806000-05:00,2021-02-07 00:00:00-05:00,2021-02-04 18:48:41.408000-05:00,,3,,,,,,Not Assigned,,,,,,,,,,,,,,,,,,,,,,13121926
PSAU88D,164646,2021-02-01 10:25:12.806000-05:00,2021-02-07 00:00:00-05:00,2021-02-19 10:59:28.637000-05:00,2021-02-22 15:35:10.875000-05:00,3,,,,,,Not Assigned,,,,,,,,,,,,,,,,,,,,,,13662333
PSAU88D,166535,2021-02-01 10:25:12.806000-05:00,2021-02-07 00:00:00-05:00,2021-02-17 13:05:58.424000-05:00,2021-02-17 13:19:20.501000-05:00,1,,,,,,Not Assigned,,,,,,,,,,,,,,,,,,,,,,13574714
PSAU88D,168562,2021-02-01 10:25:12.808000-05:00,2021-02-07 00:00:00-05:00,2021-02-17 09:54:33.757000-05:00,2021-02-18 12:23:44.494000-05:00,5,,,,,,Not Assigned,,,,,,,,,,,,,,,,,,,,,,13555926
PSAU88D,171867,2021-02-01 10:25:12.806000-05:00,2021-02-07 00:00:00-05:00,2021-02-08 10:10:17.266000-05:00,,3,,,,,,Not Assigned,,,,,,,,,,,,,,,,,,,,,,13192983
PSAU88D,173524,2021-02-01 10:25:12.806000-05:00,2021-02-07 00:00:00-05:00,2021-02-02 14:41:34.157000-05:00,2021-02-02 14:46:00.637000-05:00,1,,,,,,Not Assigned,,,,,,,,,,,,,,,,,,,,,,12972329
PSAU88D,177221,2021-02-01 10:25:12.808000-05:00,2021-02-07 00:00:00-05:00,2021-02-01 10:40:08.269000-05:00,2021-02-02 10:14:07.364000-05:00,3,,,,,,Not Assigned,,,,,,,,,,,,,,,,,,,,,,12869152
PSAU88D,178977,2020-09-24 08:25:00-04:00,2020-09-24 22:00:00-04:00,2020-09-24 13:19:59.045000-04:00,,4,,,,,,Treatment 2,15578.695,265.0191,10.0,6.0,3.0,3.0,10.0,10.0,0.0,0.0,30.0,12.0,0.0,0.0,0.0,6.0,,,,,,6326599
PSAU88D,179275,2021-02-01 10:25:12.808000-05:00,2021-02-07 00:00:00-05:00,2021-02-02 09:49:19.060000-05:00,2021-02-04 17:07:52.732000-05:00,2,,,,,,Not Assigned,,,,,,,,,,,,,,,,,,,,,,12931248
PSAU88D,181258,2021-02-01 10:25:12.806000-05:00,2021-02-07 00:00:00-05:00,2021-02-02 12:25:50.386000-05:00,2021-02-02 12:35:52.213000-05:00,1,,,,,,Not Assigned,,,,,,,,,,,,,,,,,,,,,,12953141
PSAU88D,194155,2020-12-10 07:52:00-05:00,2020-12-10 14:54:00-05:00,2020-12-10 13:33:50.381000-05:00,,2,,,,,,Not Assigned,,,,,,,,,,,,,,,,,,,,,,11065499
PSAU88D,194291,2020-12-10 07:52:00-05:00,2020-12-10 14:54:00-05:00,2020-12-10 10:01:39.296000-05:00,,1,,,,,,Treatment 3,107.488,86.57,1.0,0.0,,,1.0,1.0,0.0,0.0,3.0,3.0,0.0,0.0,0.0,1.0,,,,,,11030513
PSAU88D,194330,2020-12-10 07:52:00-05:00,2020-12-10 14:54:00-05:00,2020-12-10 10:02:43.956000-05:00,,2,,,,,,Treatment 1,,,1.0,,,,,0.0,1.0,0.0,0.0,0.0,0.0,0.0,0.0,1.0,,,,,,11030686
PSAU88D,194468,2020-12-10 07:52:00-05:00,2020-12-10 14:54:00-05:00,2020-12-10 08:41:06.610000-05:00,,1,,,,,,Not Assigned,,,,,,,,,,,,,,,,,,,,,,11021237
PSAU88D,194563,2020-12-10 07:52:00-05:00,2020-12-10 14:54:00-05:00,2020-12-10 13:35:09.916000-05:00,,1,,,,,,Control 1,173.208,79.016,3.0,1.0,1.0,,2.0,3.0,3.0,0.0,0.0,0.0,0.0,0.0,1.0,1.0,,,,,,11065747
PSAU88D,194982,2020-12-10 07:52:00-05:00,2020-12-10 14:54:00-05:00,2020-12-10 10:06:00.879000-05:00,,1,,,,,,Control 1,,,1.0,,,,,0.0,1.0,0.0,0.0,0.0,0.0,0.0,0.0,1.0,,,,,,11031141
PSAU88D,195104,2020-12-10 07:52:00-05:00,2020-12-10 14:54:00-05:00,2020-12-10 08:42:52.084000-05:00,,1,,,,,,Not Assigned,,,,,,,,,,,,,,,,,,,,,,11021315
PSAU88D,195417,2020-12-10 07:52:00-05:00,2020-12-10 14:54:00-05:00,2020-12-10 13:37:20.518000-05:00,,1,,,,,,Not Assigned,,,,,,,,,,,,,,,,,,,,,,11066131
PSAU88D,195502,2020-12-10 07:52:00-05:00,2020-12-10 14:54:00-05:00,2020-12-10 08:44:00.252000-05:00,,2,,,,,,Not Assigned,,,,,,,,,,,,,,,,,,,,,,11021368
PSAU88D,195643,2020-12-10 07:52:00-05:00,2020-12-10 14:54:00-05:00,2020-12-10 10:02:19.354000-05:00,,1,,,,,,Treatment 1,256.17,41.8448333333333,6.0,5.0,1.0,,6.0,7.0,6.0,0.0,0.0,0.0,0.0,0.0,0.0,1.0,,,,,,11030625
PSAU88D,195728,2020-12-10 07:52:00-05:00,2020-12-10 14:54:00-05:00,2020-12-10 10:02:36.896000-05:00,,1,,,,,,Treatment 1,138.016,138.016,1.0,0.0,,,1.0,1.0,1.0,0.0,0.0,0.0,0.0,0.0,0.0,1.0,,,,,,11030666
PSAU88D,195761,2020-12-10 07:52:00-05:00,2020-12-10 14:54:00-05:00,2020-12-10 13:43:29.530000-05:00,,1,,,,,,Not Assigned,,,,,,,,,,,,,,,,,,,,,,11067187
PSAU88D,196069,2020-12-10 07:52:00-05:00,2020-12-10 14:54:00-05:00,2020-12-10 13:27:59.676000-05:00,,2,,,,,,Not Assigned,,,,,,,,,,,,,,,,,,,,,,11064519
PSAU88D,196213,2020-12-10 07:52:00-05:00,2020-12-10 14:54:00-05:00,2020-12-10 13:24:20.503000-05:00,2020-12-10 13:37:20.025000-05:00,2,,,,,,Not Assigned,,,,,,,,,,,,,,,,,,,,,,11063968
PSAU88D,196522,2020-12-10 07:52:00-05:00,2020-12-10 14:54:00-05:00,2020-12-10 10:01:40.097000-05:00,,1,,,,,,Treatment 1,121.509,121.509,1.0,0.0,,,1.0,1.0,1.0,0.0,0.0,0.0,0.0,0.0,0.0,1.0,,,,,,11030519
PSAU88D,196595,2020-12-10 07:52:00-05:00,2020-12-10 14:54:00-05:00,2020-12-10 10:02:06.652000-05:00,,1,,,,,,Treatment 1,282.115,70.796,2.0,0.0,0.0,0.0,2.0,4.0,2.0,1.0,0.0,0.0,0.0,0.0,1.0,1.0,,,,,,11030588
PSAU88D,196887,2020-12-10 07:52:00-05:00,2020-12-10 14:54:00-05:00,2020-12-10 10:01:58.005000-05:00,,1,,,,,,Not Assigned,,,,,,,,,,,,,,,,,,,,,,11030580
PSAU88D,196906,2020-12-10 07:52:00-05:00,2020-12-10 14:54:00-05:00,2020-12-10 10:01:57.945000-05:00,,2,,,,,,Not Assigned,,,,,,,,,,,,,,,,,,,,,,11030566
PSAU88D,197327,2020-12-10 07:52:00-05:00,2020-12-10 14:54:00-05:00,2020-12-10 10:16:04.883000-05:00,,2,,,,,,Not Assigned,,,,,,,,,,,,,,,,,,,,,,11032915
PSAU88D,197947,2020-12-14 07:57:00-05:00,2020-12-14 14:51:00-05:00,2020-12-14 09:33:00.906000-05:00,,2,,,,,,Treatment 3,,,1.0,,,,,0.0,0.0,0.0,3.0,0.0,0.0,0.0,0.0,1.0,,,,,,11178666
PSAU88D,197998,2020-12-10 07:52:00-05:00,2020-12-10 14:54:00-05:00,2020-12-10 08:38:44.102000-05:00,,2,,,,,,Treatment 3,,,1.0,,,,,0.0,0.0,0.0,3.0,0.0,0.0,0.0,0.0,1.0,,,,,,11021064
PSAU88D,198495,2020-12-10 07:52:00-05:00,2020-12-10 14:54:00-05:00,2020-12-10 10:01:33.331000-05:00,,1,,,,,,Control 1,71.312,55.877,2.0,0.0,,,1.0,2.0,2.0,0.0,0.0,0.0,0.0,0.0,1.0,1.0,,,,,,11030495
PSAU88D,198654,2020-12-10 07:52:00-05:00,2020-12-10 14:54:00-05:00,2020-12-10 08:40:48.682000-05:00,,2,,,,,,Treatment 2,,,1.0,,,,,0.0,0.0,0.0,3.0,0.0,0.0,0.0,0.0,1.0,,,,,,11021220
PSAU88D,199107,2020-12-10 07:52:00-05:00,2020-12-10 14:54:00-05:00,2020-12-10 09:25:01.179000-05:00,2020-12-10 09:53:09.072000-05:00,1,,,,,,Treatment 1,1019.721,339.896,3.0,3.0,,,3.0,3.0,3.0,0.0,0.0,0.0,0.0,0.0,0.0,1.0,,,,,,11025535
PSAU88D,199494,2020-12-10 07:52:00-05:00,2020-12-10 14:54:00-05:00,2020-12-10 10:01:51.665000-05:00,2020-12-10 10:06:02.291000-05:00,2,,,,,,Treatment 3,59.801,19.9286666666667,3.0,3.0,,,3.0,3.0,0.0,0.0,9.0,0.0,0.0,0.0,0.0,1.0,,,,,,11030552
PSAU88D,200087,2020-12-09 10:30:00-05:00,2020-12-09 23:59:00-05:00,2020-12-10 09:39:13.728000-05:00,,3,,,,,,Not Assigned,,,,,,,,,,,,,,,,,,,,,,11027403
PSAU88D,200271,2020-12-10 07:52:00-05:00,2020-12-10 14:54:00-05:00,2020-12-10 08:38:03.945000-05:00,,1,,,,,,Treatment 2,256.582,41.321,1.0,0.0,,,1.0,1.0,0.0,0.0,3.0,3.0,0.0,0.0,0.0,1.0,,,,,,11021015
PSAU88D,200483,2020-12-10 07:52:00-05:00,2020-12-10 14:54:00-05:00,2020-12-10 08:40:23.199000-05:00,,1,,,,,,Control 1,363.35,27.8106,10.0,6.0,3.0,,10.0,14.0,10.0,0.0,0.0,0.0,0.0,0.0,2.0,1.0,,,,,,11021177
PSAU88D,200795,2020-12-10 07:52:00-05:00,2020-12-10 14:54:00-05:00,2020-12-10 10:02:30.417000-05:00,2020-12-10 18:25:27.932000-05:00,2,,,,,,Treatment 2,30063.46,4993.54433333333,6.0,4.0,2.0,2.0,6.0,6.0,0.0,0.0,18.0,6.0,0.0,0.0,0.0,2.0,,,,,,11030648
PSAU88D,200804,2020-12-10 07:52:00-05:00,2020-12-10 14:54:00-05:00,2020-12-10 13:31:08.200000-05:00,,2,,,,,,Treatment 2,182.368,42.36,2.0,0.0,,,1.0,1.0,0.0,0.0,6.0,3.0,0.0,0.0,0.0,2.0,,,,,,11065031
PSAU88D,200824,2020-12-10 07:52:00-05:00,2020-12-10 14:54:00-05:00,2020-12-10 10:04:28.823000-05:00,,3,,,,,,Control 1,,,1.0,,,,,0.0,1.0,0.0,0.0,0.0,0.0,0.0,0.0,1.0,,,,,,11030899
PSAU88D,200831,2020-12-10 07:52:00-05:00,2020-12-10 14:54:00-05:00,2020-12-10 13:42:53.349000-05:00,,1,,,,,,Not Assigned,,,,,,,,,,,,,,,,,,,,,,11067190
PSAU88D,200897,2020-12-10 07:52:00-05:00,2020-12-10 14:54:00-05:00,2020-12-10 08:39:07.566000-05:00,,3,,,,,,Treatment 1,76.966,74.819,1.0,0.0,,,1.0,1.0,1.0,0.0,0.0,0.0,0.0,0.0,0.0,2.0,,,,,,11021089
PSAU88D,201186,2020-12-10 07:52:00-05:00,2020-12-10 14:54:00-05:00,2020-12-10 14:19:47.803000-05:00,,1,,,,,,Not Assigned,,,,,,,,,,,,,,,,,,,,,,11073083
PSAU88D,201668,2021-02-01 10:25:12.808000-05:00,2021-02-07 00:00:00-05:00,2021-02-02 09:28:13.492000-05:00,2021-02-02 10:14:55.928000-05:00,1,,,,,,Not Assigned,,,,,,,,,,,,,,,,,,,,,,12928904
PSAU88D,203067,2020-12-09 10:30:00-05:00,2020-12-09 23:59:00-05:00,2020-12-09 12:51:57.766000-05:00,,1,,,,,,Treatment 2,733.914,73.1753333333333,6.0,3.0,1.0,1.0,6.0,6.0,0.0,0.0,18.0,9.0,0.0,0.0,0.0,1.0,,,,,,10979491
PSAU88D,203148,2020-12-14 07:57:00-05:00,2020-12-14 14:51:00-05:00,2020-12-14 08:33:01.806000-05:00,,2,,,,,,Treatment 3,129.712,129.705,2.0,1.0,,,1.0,1.0,0.0,0.0,6.0,0.0,0.0,0.0,0.0,2.0,,,,,,11173263
PSAU88D,203746,2020-12-10 07:52:00-05:00,2020-12-10 14:54:00-05:00,2020-12-10 09:27:20.714000-05:00,,1,,,,,,Not Assigned,,,,,,,,,,,,,,,,,,,,,,11025839
PSAU88D,204085,2020-12-10 07:52:00-05:00,2020-12-10 14:54:00-05:00,2020-12-10 14:57:32.198000-05:00,,1,,,,,,Treatment 2,1084.824,1059.761,1.0,0.0,,,1.0,1.0,0.0,0.0,3.0,3.0,0.0,0.0,0.0,1.0,,,,,,11078575
PSAU88D,207681,2020-12-10 07:52:00-05:00,2020-12-10 14:54:00-05:00,2020-12-10 13:33:25.607000-05:00,,2,,,,,,Not Assigned,,,,,,,,,,,,,,,,,,,,,,11065393
PSAU88D,208915,2020-12-10 07:52:00-05:00,2020-12-10 14:54:00-05:00,2020-12-10 13:22:32.164000-05:00,,1,,,,,,Not Assigned,,,,,,,,,,,,,,,,,,,,,,11063658
PSAU88D,212128,2021-03-19 08:36:05.419000-04:00,,2021-03-22 13:58:02.145000-04:00,,1,,,,,,Treatment 1,559.697,179.05,2.0,0.0,0.0,0.0,1.0,3.0,2.0,2.0,0.0,0.0,0.0,0.0,0.0,1.0,,,,,,14899821
PSAU88D,213115,2021-03-19 08:36:05.409000-04:00,,2021-03-22 09:47:33.465000-04:00,,3,,,,,,Control 1,,,1.0,,,,,0.0,1.0,0.0,0.0,0.0,0.0,0.0,0.0,1.0,,,,,,14875065
PSAU88D,217319,2021-03-19 08:36:05.417000-04:00,,2021-03-22 11:28:50.280000-04:00,2021-03-22 11:31:47.619000-04:00,1,,,,,,Treatment 1,149.271,49.7506666666667,3.0,3.0,,,3.0,3.0,3.0,0.0,0.0,0.0,0.0,0.0,0.0,1.0,,,,,,14884986
PSAU88D,217534,2020-12-10 07:52:00-05:00,2020-12-10 14:54:00-05:00,2020-12-10 08:37:54.910000-05:00,,1,,,,,,Treatment 2,196.454,59.817,1.0,0.0,,,1.0,1.0,0.0,0.0,3.0,3.0,0.0,0.0,0.0,1.0,,,,,,11021001
PSAU88D,219277,2020-12-14 07:57:00-05:00,2020-12-14 14:51:00-05:00,2020-12-14 23:02:37.649000-05:00,,1,,,,,,Not Assigned,,,,,,,,,,,,,,,,,,,,,,11246922
PSAU88D,220940,2020-12-10 07:52:00-05:00,2020-12-10 14:54:00-05:00,2020-12-10 14:42:30.314000-05:00,,1,,,,,,Treatment 2,,,1.0,,,,,0.0,0.0,0.0,3.0,0.0,0.0,0.0,0.0,1.0,,,,,,11076650
PSAU88D,235014,2020-11-18 08:52:00-05:00,2020-11-18 13:55:00-05:00,2020-11-18 10:23:17.546000-05:00,,1,,,,,,Not Assigned,,,,,,,,,,,,,,,,,,,,,,9974830
PSAU88D,235220,2020-11-18 08:52:00-05:00,2020-11-18 13:55:00-05:00,2020-11-18 12:22:39.835000-05:00,2020-11-18 12:51:57.346000-05:00,1,,,,,,Treatment 1,1004.316,192.9925,4.0,3.0,1.0,1.0,4.0,9.0,4.0,1.0,0.0,0.0,0.0,0.0,1.0,1.0,,,,,,9995690
PSAU88D,236708,2020-12-10 07:52:00-05:00,2020-12-10 14:54:00-05:00,2020-12-10 10:03:34.619000-05:00,,1,,,,,,Not Assigned,,,,,,,,,,,,,,,,,,,,,,11031206
PSAU88D,237345,2020-11-18 08:52:00-05:00,2020-11-18 13:55:00-05:00,2020-11-18 09:23:17.725000-05:00,2020-11-18 09:30:28.513000-05:00,1,,,,,,Treatment 2,295.243,53.14975,4.0,3.0,1.0,1.0,4.0,4.0,0.0,0.0,12.0,3.0,0.0,0.0,0.0,1.0,,,,,,9965173
PSAU88D,238349,2020-11-18 08:52:00-05:00,2020-11-18 13:55:00-05:00,2020-11-18 09:26:55.789000-05:00,2020-11-18 09:38:53.205000-05:00,1,,,,,,Treatment 1,445.879,148.624666666667,3.0,3.0,,,3.0,3.0,3.0,0.0,0.0,0.0,0.0,0.0,0.0,1.0,,,,,,9965699
PSAU88D,239954,2020-11-18 08:52:00-05:00,2020-11-18 13:55:00-05:00,2020-11-18 09:20:16.677000-05:00,2020-11-18 09:30:15.854000-05:00,1,,,,,,Treatment 2,378.998,126.327,3.0,3.0,,,3.0,3.0,0.0,0.0,9.0,0.0,0.0,0.0,0.0,1.0,,,,,,9964712
PSAU88D,241846,2020-12-09 10:30:00-05:00,2020-12-09 23:59:00-05:00,2020-12-09 12:52:34.732000-05:00,,3,,,,,,Treatment 2,425913.272,154.626333333333,4.0,1.0,1.0,1.0,3.0,3.0,0.0,0.0,12.0,9.0,0.0,0.0,0.0,5.0,,,,,,10979619
PSAU88D,243648,2020-11-18 08:52:00-05:00,2020-11-18 13:55:00-05:00,2020-11-18 10:58:11.560000-05:00,,2,,,,,,Treatment 3,891.692,247.386,2.0,0.0,,,1.0,1.0,0.0,0.0,6.0,3.0,0.0,0.0,0.0,3.0,,,,,,9980740
PSAU88D,244020,2020-12-09 10:30:00-05:00,2020-12-09 23:59:00-05:00,2020-12-09 11:05:18.210000-05:00,,4,,,,,,Treatment 1,4201.261,187.520571428571,7.0,3.0,2.0,1.0,7.0,20.0,7.0,1.0,0.0,0.0,0.0,0.0,1.0,2.0,,,,,,10962095
PSAU88D,246624,2020-11-18 08:52:00-05:00,2020-11-18 13:55:00-05:00,2020-11-18 12:18:04.882000-05:00,2020-11-18 12:30:08.135000-05:00,1,,,,,,Treatment 1,198.007,43.91275,4.0,3.0,1.0,,4.0,5.0,4.0,0.0,0.0,0.0,0.0,0.0,0.0,1.0,,,,,,9995012
PSAU88D,247342,2020-11-18 08:52:00-05:00,2020-11-18 13:55:00-05:00,2020-11-18 09:24:23.650000-05:00,2020-11-18 09:41:58.610000-05:00,1,,,,,,Treatment 3,510.173,170.051666666667,3.0,3.0,,,3.0,3.0,0.0,0.0,9.0,0.0,0.0,0.0,0.0,1.0,,,,,,9965301
PSAU88D,250104,2020-11-18 08:52:00-05:00,2020-11-18 13:55:00-05:00,2020-11-18 10:59:15.023000-05:00,,1,,,,,,Treatment 3,3134.831,271.1855,3.0,1.0,0.0,0.0,2.0,2.0,0.0,0.0,9.0,6.0,0.0,0.0,0.0,1.0,,,,,,9980926
PSAU88D,250869,2020-11-18 08:52:00-05:00,2020-11-18 13:55:00-05:00,2020-11-18 09:30:04.236000-05:00,2020-11-18 10:04:19.285000-05:00,1,,,,,,Treatment 3,1903.971,303.51375,4.0,3.0,1.0,1.0,4.0,4.0,0.0,0.0,12.0,3.0,0.0,0.0,0.0,1.0,,,,,,9966155
PSAU88D,250888,2020-11-18 08:52:00-05:00,2020-11-18 13:55:00-05:00,2020-11-18 12:43:47.088000-05:00,2020-11-18 12:53:48.661000-05:00,1,,,,,,Treatment 1,337.227,79.17225,4.0,3.0,1.0,,4.0,5.0,4.0,0.0,0.0,0.0,0.0,0.0,0.0,1.0,,,,,,9998947
PSAU88D,251098,2020-11-18 08:52:00-05:00,2020-11-18 13:55:00-05:00,2020-11-18 09:29:40.147000-05:00,2020-11-18 09:38:59.890000-05:00,2,,,,,,Treatment 3,418.785,34.8321666666667,6.0,5.0,1.0,1.0,6.0,6.0,0.0,0.0,18.0,3.0,0.0,0.0,0.0,2.0,,,,,,9966085
PSAU88D,251450,2020-11-18 08:52:00-05:00,2020-11-18 13:55:00-05:00,2020-11-18 10:44:52.092000-05:00,2020-11-18 10:55:29.579000-05:00,1,,,,,,Treatment 2,573.172,114.2515,4.0,3.0,1.0,1.0,4.0,4.0,0.0,0.0,12.0,3.0,0.0,0.0,0.0,1.0,,,,,,9978358
PSAU88D,252245,2020-11-17 08:00:00-05:00,2020-11-23 13:12:00-05:00,2020-11-17 12:13:25.479000-05:00,2020-11-17 12:18:19.713000-05:00,2,,,,,,Not Assigned,,,,,,,,,,,,,,,,,,,,,,9898995
PSAU88D,254090,2020-11-18 08:52:00-05:00,2020-11-18 13:55:00-05:00,2020-11-18 09:31:24.280000-05:00,2020-11-18 09:55:21.785000-05:00,1,,,,,,Not Assigned,,,,,,,,,,,,,,,,,,,,,,9966388
PSAU88D,254487,2020-11-17 08:00:00-05:00,2020-11-23 13:12:00-05:00,2020-11-17 10:07:00.931000-05:00,2020-11-17 10:16:38.990000-05:00,1,,,,,,Treatment 1,341.499,113.824,3.0,3.0,,,3.0,3.0,3.0,0.0,0.0,0.0,0.0,0.0,0.0,1.0,,,,,,9873632
PSAU88D,254812,2020-11-17 08:00:00-05:00,2020-11-23 13:12:00-05:00,2020-11-17 12:14:16.456000-05:00,2020-11-17 12:18:43.876000-05:00,1,,,,,,Treatment 2,149.925,49.966,3.0,3.0,,,3.0,3.0,0.0,0.0,9.0,0.0,0.0,0.0,0.0,1.0,,,,,,9899143
PSAU88D,255173,2020-11-18 08:52:00-05:00,2020-11-18 13:55:00-05:00,2020-11-18 09:26:38.505000-05:00,2020-11-18 09:32:42.940000-05:00,2,,,,,,Control 1,253.63,84.5316666666667,3.0,3.0,,,3.0,3.0,3.0,0.0,0.0,0.0,0.0,0.0,0.0,1.0,,,,,,9965644
PSAU88D,255835,2020-11-17 08:00:00-05:00,2020-11-23 13:12:00-05:00,2020-11-17 10:06:43.075000-05:00,2020-11-17 10:10:02.333000-05:00,1,,,,,,Treatment 2,147.437,49.1346666666667,3.0,3.0,,,3.0,3.0,0.0,0.0,9.0,0.0,0.0,0.0,0.0,1.0,,,,,,9873561
PSAU88D,256816,2020-11-17 08:00:00-05:00,2020-11-23 13:12:00-05:00,2020-11-17 12:15:18.762000-05:00,,1,,,,,,Control 1,224.62,198.543,2.0,0.0,,,0.0,1.0,2.0,0.0,0.0,0.0,0.0,0.0,1.0,1.0,,,,,,9899335
PSAU88D,262531,2020-11-18 08:52:00-05:00,2020-11-18 13:55:00-05:00,2020-11-18 09:20:07.153000-05:00,2020-11-18 09:29:19.729000-05:00,1,,,,,,Control 1,338.288,80.1505,4.0,3.0,1.0,,4.0,5.0,4.0,0.0,0.0,0.0,0.0,0.0,1.0,1.0,,,,,,9964692
PSAU88D,262845,2020-11-17 08:00:00-05:00,2020-11-23 13:12:00-05:00,2020-11-17 10:09:06.769000-05:00,,1,,,,,,Treatment 2,,,1.0,,,,,0.0,0.0,0.0,3.0,0.0,0.0,0.0,0.0,1.0,,,,,,9873989
PSAU88D,262846,2020-11-17 08:00:00-05:00,2020-11-23 13:12:00-05:00,2020-11-17 12:14:32.379000-05:00,,1,,,,,,Control 1,433.343,56.9385,5.0,2.0,1.0,,4.0,9.0,5.0,0.0,0.0,0.0,0.0,0.0,2.0,1.0,,,,,,9899190
PSAU88D,264043,2020-12-09 10:30:00-05:00,2020-12-09 23:59:00-05:00,2020-12-10 09:39:02.103000-05:00,2020-12-14 11:16:08.669000-05:00,3,,,,,,Not Assigned,,,,,,,,,,,,,,,,,,,,,,11027379
PSAU88D,265710,2020-11-17 08:00:00-05:00,2020-11-23 13:12:00-05:00,2020-11-17 17:12:30.843000-05:00,2020-11-17 17:24:45.963000-05:00,1,,,,,,Treatment 2,487.388,51.0423333333333,6.0,4.0,1.0,1.0,6.0,8.0,0.0,0.0,18.0,4.0,0.0,0.0,0.0,1.0,,,,,,9944655
PSAU88D,266037,2020-11-18 08:52:00-05:00,2020-11-18 13:55:00-05:00,2020-11-18 11:20:08.757000-05:00,2020-11-18 11:32:59.929000-05:00,1,,,,,,Treatment 3,434.623,46.9645,4.0,3.0,1.0,1.0,4.0,4.0,0.0,0.0,12.0,3.0,0.0,0.0,0.0,1.0,,,,,,9984984
PSAU88D,269127,2020-11-17 08:00:00-05:00,2020-11-23 13:12:00-05:00,2020-11-17 10:05:54.856000-05:00,,1,,,,,,Treatment 1,350.845,322.003,2.0,0.0,,,1.0,2.0,2.0,0.0,0.0,0.0,0.0,0.0,0.0,1.0,,,,,,9873414
PSAU88D,272562,2020-12-09 10:30:00-05:00,2020-12-09 23:59:00-05:00,2020-12-10 09:48:13.445000-05:00,,5,,,,,,Not Assigned,,,,,,,,,,,,,,,,,,,,,,11028525
PSAU88D,274089,2020-11-18 08:52:00-05:00,2020-11-18 13:55:00-05:00,2020-11-19 09:48:43.506000-05:00,,2,,,,,,Treatment 3,86112.25,85977.39,1.0,0.0,,,1.0,1.0,0.0,0.0,3.0,3.0,0.0,0.0,0.0,2.0,,,,,,10051792
PSAU88D,275268,2020-11-18 08:52:00-05:00,2020-11-18 13:55:00-05:00,2020-11-19 08:35:16.627000-05:00,2020-11-19 08:44:53.242000-05:00,1,,,,,,Treatment 2,147.841,49.277,3.0,3.0,,,3.0,3.0,0.0,0.0,9.0,0.0,0.0,0.0,0.0,1.0,,,,,,10042649
PSAU88D,277101,2020-11-18 08:52:00-05:00,2020-11-18 13:55:00-05:00,2020-11-18 09:20:23.265000-05:00,2020-11-18 09:34:18.045000-05:00,1,,,,,,Treatment 1,646.745,134.45025,4.0,3.0,1.0,,4.0,7.0,4.0,0.0,0.0,0.0,0.0,0.0,0.0,1.0,,,,,,9964725
PSAU88D,280417,2020-11-18 08:52:00-05:00,2020-11-18 13:55:00-05:00,2020-11-18 10:57:26.309000-05:00,2020-11-18 11:03:25.535000-05:00,2,,,,,,Not Assigned,,,,,,,,,,,,,,,,,,,,,,9980593
PSAU88D,281389,2020-11-18 08:52:00-05:00,2020-11-18 13:55:00-05:00,2020-11-18 12:24:53.605000-05:00,2020-11-18 12:29:00.473000-05:00,1,,,,,,Treatment 2,166.97,55.651,3.0,3.0,,,3.0,3.0,0.0,0.0,9.0,0.0,0.0,0.0,0.0,1.0,,,,,,9996017
PSAU88D,291172,2020-11-18 08:52:00-05:00,2020-11-18 13:55:00-05:00,2020-11-18 12:31:33.534000-05:00,2020-11-18 12:45:49.558000-05:00,1,,,,,,Control 1,758.61,119.889333333333,6.0,4.0,1.0,,6.0,8.0,6.0,0.0,0.0,0.0,0.0,0.0,0.0,1.0,,,,,,9997042
PSAU88D,291624,2020-11-18 08:52:00-05:00,2020-11-18 13:55:00-05:00,2020-11-19 13:15:33.655000-05:00,2020-11-19 13:23:14.549000-05:00,1,,,,,,Control 1,256.926,56.917,4.0,3.0,1.0,,4.0,5.0,4.0,0.0,0.0,0.0,0.0,0.0,0.0,1.0,,,,,,10089666
PSAU88D,293977,2020-11-18 08:52:00-05:00,2020-11-18 13:55:00-05:00,2020-11-18 09:20:53.284000-05:00,2020-11-18 09:46:21.647000-05:00,2,,,,,,Treatment 2,992.519,220.47575,4.0,3.0,1.0,1.0,4.0,4.0,0.0,0.0,12.0,3.0,0.0,0.0,0.0,2.0,,,,,,9964805
PSAU88D,296410,2020-11-18 08:52:00-05:00,2020-11-18 13:55:00-05:00,2020-11-18 10:11:45.509000-05:00,2020-11-18 10:18:08.787000-05:00,1,,,,,,Control 1,278.096,92.691,3.0,3.0,,,3.0,3.0,3.0,0.0,0.0,0.0,0.0,0.0,0.0,1.0,,,,,,9972738
PSAU88D,296550,2020-11-18 08:52:00-05:00,2020-11-18 13:55:00-05:00,2020-11-18 09:27:29.491000-05:00,2020-11-18 09:41:16.322000-05:00,1,,,,,,Not Assigned,,,,,,,,,,,,,,,,,,,,,,9965793
PSAU88D,296553,2020-11-18 08:52:00-05:00,2020-11-18 13:55:00-05:00,2020-11-18 10:54:51.021000-05:00,2020-11-18 11:26:12.527000-05:00,1,,,,,,Treatment 2,714.702,238.225666666667,3.0,3.0,,,3.0,3.0,0.0,0.0,9.0,0.0,0.0,0.0,0.0,1.0,,,,,,9980132
PSAU88D,296866,2020-11-18 08:52:00-05:00,2020-11-18 13:55:00-05:00,2020-11-18 12:19:25.958000-05:00,2020-11-18 12:30:05.239000-05:00,1,,,,,,Treatment 2,528.195,64.1295,6.0,5.0,1.0,1.0,6.0,6.0,0.0,0.0,18.0,3.0,0.0,0.0,0.0,1.0,,,,,,9995219
PSAU88D,297142,2021-03-19 08:36:05.414000-04:00,,2021-03-22 12:02:04.729000-04:00,2021-03-22 12:13:54.637000-04:00,1,,,,,,Treatment 1,538.96,70.9998333333333,6.0,5.0,1.0,1.0,6.0,9.0,6.0,1.0,0.0,0.0,0.0,0.0,1.0,1.0,,,,,,14888268
PSAU88D,297279,2020-11-18 08:52:00-05:00,2020-11-18 13:55:00-05:00,2020-11-18 11:04:03.567000-05:00,2020-11-18 11:11:01.326000-05:00,1,,,,,,Control 1,345.625,55.1033333333333,6.0,5.0,1.0,,6.0,7.0,6.0,0.0,0.0,0.0,0.0,0.0,0.0,1.0,,,,,,9981811
PSAU88D,297596,2020-11-18 08:52:00-05:00,2020-11-18 13:55:00-05:00,2020-11-18 12:21:41.073000-05:00,2020-11-18 12:30:54.993000-05:00,1,,,,,,Treatment 1,391.619,53.6743333333333,6.0,5.0,1.0,,6.0,8.0,6.0,0.0,0.0,0.0,0.0,0.0,0.0,1.0,,,,,,9995558
PSAU88D,298205,2020-11-18 08:52:00-05:00,2020-11-18 13:55:00-05:00,2020-11-18 09:41:50.201000-05:00,2020-11-18 09:49:33.922000-05:00,1,,,,,,Treatment 1,378.567,56.332,4.0,3.0,1.0,,4.0,10.0,4.0,0.0,0.0,0.0,0.0,0.0,0.0,1.0,,,,,,9967813
PSAU88D,298760,2020-11-18 08:52:00-05:00,2020-11-18 13:55:00-05:00,2020-11-18 09:21:07.422000-05:00,2020-11-18 09:52:26.721000-05:00,1,,,,,,Treatment 3,1534.413,45.2943333333333,7.0,5.0,2.0,2.0,6.0,6.0,0.0,0.0,21.0,6.0,0.0,0.0,0.0,1.0,,,,,,9964845
PSAU88D,301675,2020-11-18 08:52:00-05:00,2020-11-18 13:55:00-05:00,2020-11-18 10:43:29.611000-05:00,2020-11-18 10:54:57.916000-05:00,1,,,,,,Treatment 3,492.064,164.019666666667,3.0,3.0,,,3.0,3.0,0.0,0.0,9.0,0.0,0.0,0.0,0.0,1.0,,,,,,9978111
PSAU88D,304867,2020-11-18 08:52:00-05:00,2020-11-18 13:55:00-05:00,2020-11-18 09:19:56.891000-05:00,2020-11-18 09:41:13.219000-05:00,1,,,,,,Treatment 1,1075.931,358.638666666667,3.0,3.0,,,3.0,3.0,3.0,0.0,0.0,0.0,0.0,0.0,0.0,1.0,,,,,,9964657
PSAU88D,305324,2021-03-19 08:36:05.412000-04:00,,2021-03-22 15:01:40.500000-04:00,,1,,,,,,Treatment 2,1084.978,88.6881111111111,10.0,4.0,3.0,3.0,9.0,9.0,0.0,0.0,30.0,18.0,0.0,0.0,0.0,1.0,,,,,,14905638
PSAU88D,306100,2021-03-19 08:36:05.414000-04:00,,2021-03-22 12:05:04.974000-04:00,2021-03-22 12:13:49.101000-04:00,1,,,,,,Control 1,310.936,72.168,4.0,3.0,1.0,,4.0,5.0,4.0,0.0,0.0,0.0,0.0,0.0,0.0,1.0,,,,,,14888542
PSAU88D,309103,2020-11-18 08:52:00-05:00,2020-11-18 13:55:00-05:00,2020-11-18 11:31:26.441000-05:00,2020-11-19 10:41:17.117000-05:00,2,,,,,,Not Assigned,,,,,,,,,,,,,,,,,,,,,,9986937
PSAU88D,309717,2020-11-18 08:52:00-05:00,2020-11-18 13:55:00-05:00,2020-11-18 10:30:48.694000-05:00,2020-11-18 10:36:34.883000-05:00,1,,,,,,Treatment 3,212.715,70.898,3.0,3.0,,,3.0,3.0,0.0,0.0,9.0,0.0,0.0,0.0,0.0,1.0,,,,,,9976050
PSAU88D,313685,2020-11-18 08:52:00-05:00,2020-11-18 13:55:00-05:00,2020-12-16 14:16:39.577000-05:00,2020-12-16 14:21:12.414000-05:00,1,,,,,,Treatment 1,96.91,32.2963333333333,3.0,3.0,,,3.0,3.0,3.0,0.0,0.0,0.0,0.0,0.0,0.0,1.0,,,,,,11364680
PSAU88D,314066,2020-11-18 08:52:00-05:00,2020-11-18 13:55:00-05:00,2020-11-18 10:49:14.353000-05:00,2020-11-18 11:12:15.372000-05:00,1,,,,,,Control 1,896.756,298.912666666667,3.0,3.0,,,3.0,3.0,3.0,0.0,0.0,0.0,0.0,0.0,0.0,1.0,,,,,,9979114
PSAU88D,317255,2020-11-18 08:52:00-05:00,2020-11-18 13:55:00-05:00,2020-11-18 10:15:49.986000-05:00,2020-11-18 10:34:46.373000-05:00,1,,,,,,Not Assigned,,,,,,,,,,,,,,,,,,,,,,9973569
PSAU88D,321060,2020-11-18 08:52:00-05:00,2020-11-18 13:55:00-05:00,2020-11-18 09:29:28.224000-05:00,2020-11-18 09:49:07.578000-05:00,1,,,,,,Treatment 1,422.393,140.784333333333,3.0,3.0,,,3.0,3.0,3.0,0.0,0.0,0.0,0.0,0.0,0.0,1.0,,,,,,9966065
PSAU88D,322057,2020-11-18 08:52:00-05:00,2020-11-18 13:55:00-05:00,2020-11-18 12:18:59.197000-05:00,2020-11-18 12:23:54.867000-05:00,1,,,,,,Treatment 2,201.662,67.216,3.0,3.0,,,3.0,3.0,0.0,0.0,9.0,0.0,0.0,0.0,0.0,1.0,,,,,,9995161
PSAU88D,325219,2020-11-18 08:52:00-05:00,2020-11-18 13:55:00-05:00,2020-11-18 09:07:05.801000-05:00,2020-11-18 11:42:16.554000-05:00,1,,,,,,Treatment 2,262.696,87.5576666666667,3.0,3.0,,,3.0,3.0,0.0,0.0,9.0,0.0,0.0,0.0,0.0,1.0,,,,,,9962989
PSAU88D,328525,2020-11-18 08:52:00-05:00,2020-11-18 13:55:00-05:00,2020-11-18 12:55:49.810000-05:00,2020-11-18 12:59:39.791000-05:00,1,,,,,,Treatment 3,116.068,38.6846666666667,3.0,3.0,,,3.0,3.0,0.0,0.0,9.0,0.0,0.0,0.0,0.0,1.0,,,,,,10000963
PSAU88D,332759,2020-11-17 08:00:00-05:00,2020-11-23 13:12:00-05:00,2020-11-17 12:13:40.778000-05:00,,1,,,,,,Treatment 1,407.611,135.866666666667,3.0,3.0,,,3.0,3.0,3.0,0.0,0.0,0.0,0.0,0.0,0.0,1.0,,,,,,9899051
PSAU88D,336290,2020-11-17 08:00:00-05:00,2020-11-23 13:12:00-05:00,2020-11-17 10:45:21.836000-05:00,2020-11-17 11:02:26.231000-05:00,1,,,,,,Treatment 3,863.016,67.797,7.0,5.0,2.0,2.0,7.0,7.0,0.0,0.0,21.0,6.0,0.0,0.0,0.0,1.0,,,,,,9880761
PSAU88D,341566,2020-11-12 08:55:00-05:00,2020-11-12 16:17:00-05:00,2020-11-17 16:39:46.945000-05:00,,1,,,,,,Not Assigned,,,,,,,,,,,,,,,,,,,,,,9942478
PSAU88D,342011,2020-12-09 10:30:00-05:00,2020-12-09 23:59:00-05:00,2020-12-10 09:39:56.943000-05:00,,1,,,,,,Not Assigned,,,,,,,,,,,,,,,,,,,,,,11027500
PSAU88D,342504,2020-11-17 08:00:00-05:00,2020-11-23 13:12:00-05:00,2020-11-17 12:13:43.497000-05:00,,1,,,,,,Not Assigned,,,,,,,,,,,,,,,,,,,,,,9899066
PSAU88D,349690,2020-11-12 08:55:00-05:00,2020-11-12 16:17:00-05:00,2020-11-16 12:37:19.737000-05:00,,1,,,,,,Not Assigned,,,,,,,,,,,,,,,,,,,,,,9806702
PSAU88D,356587,2020-11-18 08:52:00-05:00,2020-11-18 13:55:00-05:00,2020-11-18 12:33:13.619000-05:00,2020-11-18 12:41:13.348000-05:00,1,,,,,,Treatment 2,245.564,81.846,3.0,3.0,,,3.0,3.0,0.0,0.0,9.0,0.0,0.0,0.0,0.0,1.0,,,,,,9997320
PSAU88D,356789,2020-11-18 08:52:00-05:00,2020-11-18 13:55:00-05:00,2020-11-18 10:53:42.450000-05:00,2020-11-18 11:02:29.745000-05:00,1,,,,,,Control 1,398.602,90.74425,4.0,3.0,1.0,,4.0,5.0,4.0,0.0,0.0,0.0,0.0,0.0,1.0,1.0,,,,,,9979938
PSAU88D,358468,2020-11-18 08:52:00-05:00,2020-11-18 13:55:00-05:00,2020-11-18 09:43:20.938000-05:00,2020-11-18 10:01:26.085000-05:00,1,,,,,,Not Assigned,,,,,,,,,,,,,,,,,,,,,,9968025
PSAU88D,361143,2020-11-18 08:52:00-05:00,2020-11-18 13:55:00-05:00,2020-11-18 09:19:51.562000-05:00,2020-11-18 09:28:06.369000-05:00,1,,,,,,Treatment 1,419.393,64.9068333333333,6.0,5.0,1.0,,6.0,7.0,6.0,0.0,0.0,0.0,0.0,0.0,0.0,1.0,,,,,,9964641
PSAU88D,362083,2020-11-18 08:52:00-05:00,2020-11-18 13:55:00-05:00,2020-11-18 10:52:08.317000-05:00,2020-11-18 11:01:00.877000-05:00,1,,,,,,Treatment 1,181.999,44.37275,4.0,3.0,1.0,,4.0,5.0,4.0,0.0,0.0,0.0,0.0,0.0,0.0,1.0,,,,,,9979668
PSAU88D,363024,2020-11-18 08:52:00-05:00,2020-11-18 13:55:00-05:00,2020-11-18 09:43:13.753000-05:00,2020-11-18 10:01:32.286000-05:00,1,,,,,,Treatment 2,460.344,153.443666666667,3.0,3.0,,,3.0,3.0,0.0,0.0,9.0,0.0,0.0,0.0,0.0,1.0,,,,,,9968006
PSAU88D,387402,2020-11-18 08:52:00-05:00,2020-11-18 13:55:00-05:00,2020-11-18 09:23:28.024000-05:00,2020-11-18 09:32:02.660000-05:00,1,,,,,,Control 1,332.487,25.9881,10.0,7.0,3.0,,10.0,13.0,10.0,0.0,0.0,0.0,0.0,0.0,3.0,1.0,,,,,,9965192
PSAU88D,388536,2020-11-18 08:52:00-05:00,2020-11-18 13:55:00-05:00,2020-11-18 09:43:45.346000-05:00,2020-11-18 10:01:38.677000-05:00,1,,,,,,Control 1,494.91,84.16625,4.0,3.0,1.0,,4.0,7.0,4.0,0.0,0.0,0.0,0.0,0.0,0.0,1.0,,,,,,9968096
PSAU88D,388689,2020-11-18 08:52:00-05:00,2020-11-18 13:55:00-05:00,2020-11-19 09:23:56.378000-05:00,2020-11-19 15:36:44.152000-05:00,2,,,,,,Treatment 2,517.018,31.2546666666667,6.0,4.0,2.0,2.0,6.0,6.0,0.0,0.0,18.0,6.0,0.0,0.0,0.0,1.0,,,,,,10048117
PSAU88D,390764,2020-11-18 08:52:00-05:00,2020-11-18 13:55:00-05:00,2020-11-18 09:19:24.059000-05:00,2020-11-18 09:39:14.953000-05:00,1,,,,,,Treatment 2,1084.019,219.758,4.0,3.0,1.0,1.0,3.0,6.0,0.0,0.0,12.0,1.0,0.0,0.0,0.0,1.0,,,,,,9964588
PSAU88D,402317,2021-02-10 10:51:46.994000-05:00,,2021-03-06 16:32:44.476000-05:00,2021-03-08 23:42:21.929000-05:00,2,,,,,,Not Assigned,,,,,,,,,,,,,,,,,,,,,,14323788
PSAU88D,403748,2021-02-10 10:51:46.992000-05:00,,2021-03-10 12:04:55.055000-05:00,2021-03-11 13:32:16.637000-05:00,2,,,,,,Treatment 3,91514.534,22836.7895,4.0,3.0,1.0,1.0,4.0,5.0,0.0,0.0,12.0,3.0,0.0,0.0,0.0,2.0,,,,,,14483935
PSAU88D,403782,2021-02-10 10:51:46.990000-05:00,,2021-03-09 12:07:16.405000-05:00,,5,,,,,,Not Assigned,,,,,,,,,,,,,,,,,,,,,,14420640
PSAU88D,404966,2021-02-10 10:51:46.990000-05:00,,2021-03-12 10:49:24.736000-05:00,2021-03-12 10:53:01.230000-05:00,1,,,,,,Control 1,117.904,39.2973333333333,3.0,3.0,,,3.0,3.0,3.0,0.0,0.0,0.0,0.0,0.0,0.0,1.0,,,,,,14589913
PSAU88D,404967,2021-02-10 10:51:46.990000-05:00,,2021-03-12 11:43:03.080000-05:00,,1,,,,,,Not Assigned,,,,,,,,,,,,,,,,,,,,,,14594595
PSAU88D,404968,2021-02-10 10:51:46.990000-05:00,,2021-03-10 10:04:54.743000-05:00,,2,,,,,,Treatment 3,92212.192,31.7095,3.0,0.0,0.0,0.0,2.0,2.0,0.0,0.0,9.0,8.0,0.0,0.0,0.0,3.0,,,,,,14469570
PSAU88D,404970,2021-02-10 10:51:46.990000-05:00,,2021-03-10 11:09:50.155000-05:00,,2,,,,,,Treatment 3,65.545,16.232,1.0,0.0,,,1.0,1.0,0.0,0.0,3.0,3.0,0.0,0.0,0.0,1.0,,,,,,14477310
PSAU88D,404972,2021-02-10 10:51:46.990000-05:00,,2021-02-24 09:46:07.980000-05:00,2021-03-11 11:33:26.997000-05:00,2,,,,,,Treatment 1,133.435,11.79075,4.0,3.0,1.0,1.0,4.0,9.0,4.0,1.0,0.0,0.0,0.0,0.0,1.0,1.0,,,,,,13845093
PSAU88D,404980,2021-02-10 10:51:46.990000-05:00,,2021-03-10 10:04:52.157000-05:00,,1,,,,,,Control 1,,,1.0,,,,,0.0,1.0,0.0,0.0,0.0,0.0,0.0,0.0,1.0,,,,,,14469548
PSAU88D,404985,2021-02-10 10:51:46.990000-05:00,,2021-03-08 11:21:30.547000-05:00,2021-03-08 11:29:47.707000-05:00,1,,,,,,Treatment 1,309.755,46.3635,4.0,3.0,1.0,1.0,4.0,7.0,4.0,1.0,0.0,0.0,0.0,0.0,1.0,1.0,,,,,,14349615
PSAU88D,404986,2021-02-10 10:51:46.990000-05:00,,2021-02-26 12:14:19.714000-05:00,,1,,,,,,Not Assigned,,,,,,,,,,,,,,,,,,,,,,13986839
PSAU88D,404992,2021-02-10 10:51:46.990000-05:00,,2021-04-15 15:18:42.190000-04:00,,1,,,,,,Not Assigned,,,,,,,,,,,,,,,,,,,,,,15600586
PSAU88D,405050,2021-02-10 10:51:46.992000-05:00,,2021-02-12 03:13:31.671000-05:00,2021-02-12 03:16:45.506000-05:00,1,,,,,,Treatment 1,92.996,30.995,3.0,3.0,,,3.0,3.0,3.0,0.0,0.0,0.0,0.0,0.0,0.0,1.0,,,,,,13452481
PSAU88D,405079,2021-02-10 10:51:46.992000-05:00,,2021-03-08 13:10:27.911000-05:00,,1,,,,,,Treatment 2,,,1.0,,,,,0.0,0.0,0.0,3.0,0.0,0.0,0.0,0.0,1.0,,,,,,14363685
PSAU88D,405084,2021-02-10 10:51:46.992000-05:00,,2021-03-11 13:03:13.815000-05:00,,1,,,,,,Not Assigned,,,,,,,,,,,,,,,,,,,,,,14548971
PSAU88D,405104,2021-02-10 10:51:46.992000-05:00,,2021-03-10 11:54:22.385000-05:00,2021-03-10 12:00:51.562000-05:00,1,,,,,,Not Assigned,,,,,,,,,,,,,,,,,,,,,,14482797
PSAU88D,405204,2021-02-10 10:51:46.994000-05:00,,2021-03-05 02:24:01.488000-05:00,2021-03-05 02:30:22.278000-05:00,1,,,,,,Not Assigned,,,,,,,,,,,,,,,,,,,,,,14277169
PSAU88D,405209,2021-02-10 10:51:46.994000-05:00,,2021-03-12 14:48:28.434000-05:00,,1,,,,,,Not Assigned,,,,,,,,,,,,,,,,,,,,,,14609648
PSAU88D,405211,2021-02-10 10:51:46.994000-05:00,,2021-03-05 11:23:27.155000-05:00,,1,,,,,,Not Assigned,,,,,,,,,,,,,,,,,,,,,,14293855
PSAU88D,405217,2021-02-10 10:51:46.994000-05:00,,2021-03-12 15:48:54.426000-05:00,,1,,,,,,Control 1,,,1.0,,,,,0.0,1.0,0.0,0.0,0.0,0.0,0.0,0.0,1.0,,,,,,14612158
PSAU88D,405233,2021-02-10 10:51:46.994000-05:00,,2021-03-12 15:43:32.377000-05:00,,2,,,,,,Not Assigned,,,,,,,,,,,,,,,,,,,,,,14612001
PSAU88D,405235,2021-02-10 10:51:46.994000-05:00,,2021-03-10 12:10:54.305000-05:00,2021-03-12 14:30:49.243000-05:00,3,,,,,,Treatment 3,181112.809,60.4965,5.0,3.0,1.0,1.0,4.0,4.0,0.0,0.0,15.0,6.0,0.0,0.0,0.0,3.0,,,,,,14484665
PSAU88D,405239,2021-02-10 10:51:46.994000-05:00,,2021-03-12 14:50:49.934000-05:00,2021-05-14 11:24:58.817000-04:00,2,,,,,,Treatment 3,5427184.478,73.812,4.0,3.0,1.0,1.0,4.0,6.0,0.0,0.0,12.0,3.0,0.0,0.0,0.0,2.0,,,,,,14609808
PSAU88D,405249,2021-02-10 10:51:46.994000-05:00,,2021-03-12 14:41:43.267000-05:00,,1,,,,,,Treatment 1,90.716,44.349,1.0,0.0,,,1.0,5.0,1.0,1.0,0.0,0.0,0.0,0.0,0.0,1.0,,,,,,14609299
PSAU88D,405277,2021-02-10 10:51:46.994000-05:00,,2021-03-10 13:48:09.075000-05:00,,1,,,,,,Treatment 2,,,1.0,,,,,0.0,0.0,0.0,3.0,0.0,0.0,0.0,0.0,1.0,,,,,,14495573
PSAU88D,405704,2021-02-10 10:51:46.994000-05:00,,2021-03-12 14:43:55.166000-05:00,,1,,,,,,Treatment 1,,,1.0,,,,,0.0,1.0,0.0,0.0,0.0,0.0,0.0,0.0,1.0,,,,,,14609424
PSAU88D,407765,2021-02-10 10:51:46.994000-05:00,,2021-02-10 13:45:42.674000-05:00,,2,,,,,,Treatment 3,54.943,14.292,1.0,0.0,,,1.0,1.0,0.0,0.0,3.0,3.0,0.0,0.0,0.0,1.0,,,,,,13364027
PSAU88D,412396,2021-02-10 10:51:46.994000-05:00,,2021-02-10 14:12:56.723000-05:00,2021-03-10 13:52:31.877000-05:00,7,,,,,,Not Assigned,,,,,,,,,,,,,,,,,,,,,,13367262
PSAU88D,413377,2020-10-18 16:07:14.305000-04:00,2020-10-20 16:05:00-04:00,2020-10-19 14:14:38.929000-04:00,2020-10-19 14:22:00.364000-04:00,1,,,,,,Not Assigned,,,,,,,,,,,,,,,,,,,,,,8080787
PSAU88D,413604,2020-10-18 16:07:14.305000-04:00,2020-10-20 16:05:00-04:00,2020-10-20 09:52:45.339000-04:00,2020-10-20 10:01:57.284000-04:00,1,,,,,,Not Assigned,,,,,,,,,,,,,,,,,,,,,,8131131
PSAU88D,414336,2021-02-10 10:51:46.990000-05:00,,2021-03-10 11:06:32.350000-05:00,,2,,,,,,Not Assigned,,,,,,,,,,,,,,,,,,,,,,14476882
PSAU88D,414389,2021-02-10 10:51:46.990000-05:00,,2021-05-14 12:40:54.444000-04:00,,1,,,,,,Treatment 1,273.589,96.509,2.0,0.0,0.0,,2.0,6.0,2.0,1.0,0.0,0.0,0.0,0.0,0.0,1.0,,,,,,16409576
PSAU88D,415329,2021-02-10 10:51:46.992000-05:00,,2021-02-21 21:36:05.411000-05:00,2021-02-21 21:44:02.541000-05:00,1,,,,,,Treatment 3,266.03,31.0701666666667,6.0,4.0,2.0,2.0,6.0,6.0,0.0,0.0,18.0,6.0,0.0,0.0,0.0,1.0,,,,,,13698683
PSAU88D,415476,2021-02-10 10:51:46.992000-05:00,,2021-03-10 11:14:52.475000-05:00,,1,,,,,,Not Assigned,,,,,,,,,,,,,,,,,,,,,,14477919
PSAU88D,415979,2020-10-18 16:07:14.305000-04:00,2020-10-20 16:05:00-04:00,2020-10-21 12:50:59.334000-04:00,2020-10-21 13:00:48.731000-04:00,1,,,,,,Not Assigned,,,,,,,,,,,,,,,,,,,,,,8271760
PSAU88D,416613,2020-10-18 16:07:14.305000-04:00,2020-10-20 16:05:00-04:00,2020-10-19 15:30:31.083000-04:00,,2,,,,,,Not Assigned,,,,,,,,,,,,,,,,,,,,,,8093664
PSAU88D,416662,2020-10-18 16:07:14.305000-04:00,2020-10-20 16:05:00-04:00,2020-10-20 10:11:45.757000-04:00,,3,,,,,,Not Assigned,,,,,,,,,,,,,,,,,,,,,,8134799
PSAU88D,417043,2020-10-18 16:07:14.305000-04:00,2020-10-20 16:05:00-04:00,2020-10-20 08:50:37.249000-04:00,2020-10-20 09:06:48.897000-04:00,1,,,,,,Not Assigned,,,,,,,,,,,,,,,,,,,,,,8121775
PSAU88D,417399,2020-10-18 16:07:14.305000-04:00,2020-10-20 16:05:00-04:00,2020-10-19 16:58:35.786000-04:00,2020-10-19 18:16:37.279000-04:00,3,,,,,,Not Assigned,,,,,,,,,,,,,,,,,,,,,,8102116
PSAU88D,417400,2020-10-18 16:07:14.305000-04:00,2020-10-20 16:05:00-04:00,2020-10-20 23:28:39.223000-04:00,2020-10-20 23:32:41.957000-04:00,1,,,,,,Not Assigned,,,,,,,,,,,,,,,,,,,,,,8223239
PSAU88D,417402,2020-10-18 16:07:14.305000-04:00,2020-10-20 16:05:00-04:00,2020-10-19 14:38:11.501000-04:00,2020-10-19 14:44:59.875000-04:00,1,,,,,,Not Assigned,,,,,,,,,,,,,,,,,,,,,,8085634
PSAU88D,417404,2020-10-18 16:07:14.305000-04:00,2020-10-20 16:05:00-04:00,2020-10-19 21:34:14.416000-04:00,2020-10-19 21:46:47.967000-04:00,1,,,,,,Treatment 3,684.975,40.7045,7.0,3.0,1.0,1.0,6.0,7.0,0.0,0.0,21.0,10.0,0.0,0.0,0.0,1.0,,,,,,8113929
PSAU88D,417405,2020-10-18 16:07:14.305000-04:00,2020-10-20 16:05:00-04:00,2020-10-18 20:14:28.562000-04:00,2020-10-18 20:21:22.912000-04:00,1,,,,,,Not Assigned,,,,,,,,,,,,,,,,,,,,,,8013812
PSAU88D,417409,2020-10-18 16:07:14.305000-04:00,2020-10-20 16:05:00-04:00,2020-10-20 10:10:51.168000-04:00,,2,,,,,,Not Assigned,,,,,,,,,,,,,,,,,,,,,,8134625
PSAU88D,417410,2020-10-18 16:07:14.305000-04:00,2020-10-20 16:05:00-04:00,2020-10-20 08:14:41.053000-04:00,,3,,,,,,Not Assigned,,,,,,,,,,,,,,,,,,,,,,8119113
PSAU88D,417411,2020-10-18 16:07:14.305000-04:00,2020-10-20 16:05:00-04:00,2020-10-19 10:24:19.482000-04:00,2020-10-19 10:29:41.108000-04:00,1,,,,,,Not Assigned,,,,,,,,,,,,,,,,,,,,,,8035993
PSAU88D,417414,2020-10-18 16:07:14.305000-04:00,2020-10-20 16:05:00-04:00,2020-10-19 18:56:52.484000-04:00,2020-10-20 19:30:58.179000-04:00,3,,,,,,Not Assigned,,,,,,,,,,,,,,,,,,,,,,8108459
PSAU88D,417420,2020-10-18 16:07:14.305000-04:00,2020-10-20 16:05:00-04:00,2020-10-22 19:26:35.069000-04:00,,1,,,,,,Not Assigned,,,,,,,,,,,,,,,,,,,,,,8410808
PSAU88D,417422,2020-10-18 16:07:14.305000-04:00,2020-10-20 16:05:00-04:00,2020-10-19 15:00:24.927000-04:00,2020-10-19 15:09:11.576000-04:00,1,,,,,,Not Assigned,,,,,,,,,,,,,,,,,,,,,,8089347
PSAU88D,417425,2020-10-18 16:07:14.305000-04:00,2020-10-20 16:05:00-04:00,2020-10-19 15:23:25.264000-04:00,2020-10-19 16:52:29.879000-04:00,1,,,,,,Not Assigned,,,,,,,,,,,,,,,,,,,,,,8092774
PSAU88D,417426,2020-10-18 16:07:14.305000-04:00,2020-10-20 16:05:00-04:00,2020-10-19 15:04:17.026000-04:00,,1,,,,,,Not Assigned,,,,,,,,,,,,,,,,,,,,,,8090027
PSAU88D,417427,2020-10-18 16:07:14.305000-04:00,2020-10-20 16:05:00-04:00,2020-10-20 20:28:27.197000-04:00,2020-10-20 20:44:22.969000-04:00,1,,,,,,Not Assigned,,,,,,,,,,,,,,,,,,,,,,8218901
PSAU88D,417429,2020-10-18 16:07:14.305000-04:00,2020-10-20 16:05:00-04:00,2020-10-20 09:50:16.330000-04:00,,1,,,,,,Not Assigned,,,,,,,,,,,,,,,,,,,,,,8130661
PSAU88D,417431,2020-10-18 16:07:14.305000-04:00,2020-10-20 16:05:00-04:00,2020-10-19 14:08:50.914000-04:00,2020-10-20 08:49:09.279000-04:00,2,,,,,,Treatment 3,67089.234,16716.55375,4.0,3.0,1.0,1.0,4.0,4.0,0.0,0.0,12.0,3.0,0.0,0.0,0.0,2.0,,,,,,8079549
PSAU88D,418233,2020-08-24 09:10:00-04:00,2020-08-31 09:00:00-04:00,2020-08-28 14:24:03.858000-04:00,2020-08-28 14:37:08.138000-04:00,1,,,,,,Not Assigned,,,,,,,,,,,,,,,,,,,,,,4436031
PSAU88D,418236,2020-08-24 09:10:00-04:00,2020-08-31 09:00:00-04:00,2020-08-31 17:00:45.161000-04:00,2020-08-31 19:13:49.081000-04:00,2,,,,,,Treatment 1,7858.969,1293.97416666667,6.0,5.0,1.0,,6.0,7.0,6.0,0.0,0.0,0.0,0.0,0.0,0.0,2.0,,,,,,4521560
PSAU88D,419708,2020-08-24 09:10:00-04:00,2020-08-31 09:00:00-04:00,2020-09-01 13:46:38.490000-04:00,2020-09-03 20:31:46.564000-04:00,3,,,,,,Treatment 2,196874.962,21776.7254444444,10.0,5.0,3.0,3.0,9.0,15.0,0.0,0.0,30.0,11.0,0.0,0.0,0.0,3.0,,,,,,4581029
PSAU88D,419890,2020-08-24 09:10:00-04:00,2020-08-31 09:00:00-04:00,2020-08-31 17:31:18.691000-04:00,2020-08-31 17:47:15.736000-04:00,1,,,,,,Treatment 1,757.153,252.378,3.0,3.0,,,3.0,3.0,3.0,0.0,0.0,0.0,0.0,0.0,0.0,1.0,,,,,,4523363
PSAU88D,424924,2020-08-24 09:10:00-04:00,2020-08-31 09:00:00-04:00,2020-09-06 08:34:52.201000-04:00,2020-09-06 08:54:17.473000-04:00,1,,,,,,Treatment 1,425.441,36.3348,10.0,7.0,2.0,,10.0,13.0,10.0,0.0,0.0,0.0,0.0,0.0,0.0,1.0,,,,,,4846429
PSAU88D,438188,2021-01-25 08:45:00-05:00,2021-01-26 08:00:00-05:00,2021-01-26 09:25:11.379000-05:00,,1,,,,,,Not Assigned,,,,,,,,,,,,,,,,,,,,,,12583787
PSAU88D,438198,2021-01-25 08:45:00-05:00,2021-01-26 08:00:00-05:00,2021-01-25 14:11:28.362000-05:00,,1,,,,,,Not Assigned,,,,,,,,,,,,,,,,,,,,,,12550732
PSAU88D,438709,2021-01-25 08:45:00-05:00,2021-01-26 08:00:00-05:00,2021-01-25 10:27:20.173000-05:00,2021-01-25 10:30:30.092000-05:00,1,,,,,,Not Assigned,,,,,,,,,,,,,,,,,,,,,,12517468
PSAU88D,438719,2021-01-25 08:45:00-05:00,2021-01-26 08:00:00-05:00,2021-01-25 10:27:37.152000-05:00,2021-01-25 10:29:53.850000-05:00,1,,,,,,Not Assigned,,,,,,,,,,,,,,,,,,,,,,12517505
PSAU88D,438839,2021-01-25 08:45:00-05:00,2021-01-26 08:00:00-05:00,2021-01-26 08:48:06.541000-05:00,2021-01-26 08:53:57.999000-05:00,2,,,,,,Not Assigned,,,,,,,,,,,,,,,,,,,,,,12579989
PSAU88D,438868,2021-01-25 08:45:00-05:00,2021-01-26 08:00:00-05:00,2021-01-25 10:29:03.413000-05:00,2021-01-25 16:02:49.671000-05:00,2,,,,,,Not Assigned,,,,,,,,,,,,,,,,,,,,,,12517699
PSAU88D,438903,2021-01-25 08:45:00-05:00,2021-01-26 08:00:00-05:00,2021-01-25 10:17:47.562000-05:00,2021-01-25 10:29:36.159000-05:00,1,,,,,,Not Assigned,,,,,,,,,,,,,,,,,,,,,,12516181
PSAU88D,438953,2021-01-25 08:45:00-05:00,2021-01-26 08:00:00-05:00,2021-01-25 10:28:53.098000-05:00,2021-01-25 10:30:43.760000-05:00,1,,,,,,Not Assigned,,,,,,,,,,,,,,,,,,,,,,12517678
PSAU88D,438965,2021-01-25 08:45:00-05:00,2021-01-26 08:00:00-05:00,2021-01-25 10:30:14.471000-05:00,2021-01-25 10:33:25.033000-05:00,1,,,,,,Not Assigned,,,,,,,,,,,,,,,,,,,,,,12517874
PSAU88D,438995,2021-01-25 08:45:00-05:00,2021-01-26 08:00:00-05:00,2021-01-26 10:22:28.573000-05:00,2021-01-26 20:07:04.724000-05:00,2,,,,,,Not Assigned,,,,,,,,,,,,,,,,,,,,,,12591123
PSAU88D,439000,2021-01-25 08:45:00-05:00,2021-01-26 08:00:00-05:00,2021-01-25 10:27:47.551000-05:00,,1,,,,,,Not Assigned,,,,,,,,,,,,,,,,,,,,,,12517524
PSAU88D,439009,2021-01-25 08:45:00-05:00,2021-01-26 08:00:00-05:00,2021-01-25 10:31:11.421000-05:00,2021-01-25 10:33:44.955000-05:00,1,,,,,,Not Assigned,,,,,,,,,,,,,,,,,,,,,,12518007
PSAU88D,439010,2021-01-25 08:45:00-05:00,2021-01-26 08:00:00-05:00,2021-01-25 10:28:16.496000-05:00,,1,,,,,,Not Assigned,,,,,,,,,,,,,,,,,,,,,,12517583
PSAU88D,439011,2021-01-25 08:45:00-05:00,2021-01-26 08:00:00-05:00,2021-01-25 10:27:27.211000-05:00,,1,,,,,,Not Assigned,,,,,,,,,,,,,,,,,,,,,,12517486
PSAU88D,439015,2021-01-25 08:45:00-05:00,2021-01-26 08:00:00-05:00,2021-01-25 10:27:16.365000-05:00,2021-01-25 10:33:49.981000-05:00,1,,,,,,Not Assigned,,,,,,,,,,,,,,,,,,,,,,12517458
PSAU88D,439528,2021-01-25 08:45:00-05:00,2021-01-26 08:00:00-05:00,2021-01-25 14:23:51.192000-05:00,2021-01-25 14:44:29.798000-05:00,1,,,,,,Not Assigned,,,,,,,,,,,,,,,,,,,,,,12552445
PSAU88D,439979,2021-01-25 08:45:00-05:00,2021-01-26 08:00:00-05:00,2021-01-25 14:14:53.223000-05:00,,1,,,,,,Not Assigned,,,,,,,,,,,,,,,,,,,,,,12551174
PSAU88D,439989,2021-01-25 08:45:00-05:00,2021-01-26 08:00:00-05:00,2021-01-25 14:55:28.024000-05:00,2021-01-25 15:01:25.918000-05:00,1,,,,,,Not Assigned,,,,,,,,,,,,,,,,,,,,,,12556606
PSAU88D,440008,2021-01-25 08:45:00-05:00,2021-01-26 08:00:00-05:00,2021-01-25 14:58:43.056000-05:00,2021-01-25 15:10:46.471000-05:00,3,,,,,,Not Assigned,,,,,,,,,,,,,,,,,,,,,,12557047
PSAU88D,441184,2021-01-25 08:45:00-05:00,2021-01-26 08:00:00-05:00,2021-01-25 14:56:41.894000-05:00,2021-01-25 20:25:29.755000-05:00,2,,,,,,Not Assigned,,,,,,,,,,,,,,,,,,,,,,12556769
PSAU88D,441190,2021-01-25 08:45:00-05:00,2021-01-26 08:00:00-05:00,2021-01-25 15:04:20.123000-05:00,2021-01-25 15:06:54.293000-05:00,1,,,,,,Not Assigned,,,,,,,,,,,,,,,,,,,,,,12557746
PSAU88D,441279,2021-01-25 08:45:00-05:00,2021-01-26 08:00:00-05:00,2021-01-26 07:49:31.283000-05:00,2021-01-26 07:54:46.541000-05:00,1,,,,,,Not Assigned,,,,,,,,,,,,,,,,,,,,,,12577654
PSAU88D,441284,2021-01-25 08:45:00-05:00,2021-01-26 08:00:00-05:00,2021-01-25 18:16:40.727000-05:00,2021-01-25 18:25:29.183000-05:00,1,,,,,,Not Assigned,,,,,,,,,,,,,,,,,,,,,,12569668
PSAU88D,441330,2021-01-25 08:45:00-05:00,2021-01-26 08:00:00-05:00,2021-01-25 14:59:10.099000-05:00,2021-01-25 19:25:41.110000-05:00,2,,,,,,Not Assigned,,,,,,,,,,,,,,,,,,,,,,12557106
PSAU88D,442020,2021-01-25 08:45:00-05:00,2021-01-26 08:00:00-05:00,2021-01-25 11:28:45.717000-05:00,2021-01-25 11:32:26.009000-05:00,1,,,,,,Not Assigned,,,,,,,,,,,,,,,,,,,,,,12526206
PSAU88D,442633,2021-01-25 08:45:00-05:00,2021-01-26 08:00:00-05:00,2021-01-25 17:38:42.031000-05:00,,1,,,,,,Not Assigned,,,,,,,,,,,,,,,,,,,,,,12568259
PSAU88D,442635,2021-01-25 08:45:00-05:00,2021-01-26 08:00:00-05:00,2021-01-25 16:04:47.273000-05:00,2021-01-25 16:16:10.915000-05:00,1,,,,,,Not Assigned,,,,,,,,,,,,,,,,,,,,,,12563219
PSAU88D,442637,2021-01-25 08:45:00-05:00,2021-01-26 08:00:00-05:00,2021-01-26 07:57:16.592000-05:00,,1,,,,,,Not Assigned,,,,,,,,,,,,,,,,,,,,,,12577794
PSAU88D,442758,2021-01-25 08:45:00-05:00,2021-01-26 08:00:00-05:00,2021-01-25 19:41:37.774000-05:00,2021-01-25 20:11:07.944000-05:00,1,,,,,,Not Assigned,,,,,,,,,,,,,,,,,,,,,,12572242
PSAU88D,443459,2021-01-25 08:45:00-05:00,2021-01-26 08:00:00-05:00,2021-01-25 10:27:31.821000-05:00,2021-01-25 10:30:12.776000-05:00,1,,,,,,Not Assigned,,,,,,,,,,,,,,,,,,,,,,12517497
PSAU88D,443462,2021-01-25 08:45:00-05:00,2021-01-26 08:00:00-05:00,2021-01-25 15:38:06.055000-05:00,2021-01-25 15:40:39.878000-05:00,2,,,,,,Not Assigned,,,,,,,,,,,,,,,,,,,,,,12561121
PSAU88D,443514,2021-01-25 08:45:00-05:00,2021-01-26 08:00:00-05:00,2021-01-26 07:06:09.343000-05:00,2021-01-26 07:54:30.439000-05:00,4,,,,,,Not Assigned,,,,,,,,,,,,,,,,,,,,,,12577316
PSAU88D,443622,2021-01-25 08:45:00-05:00,2021-01-26 08:00:00-05:00,2021-01-25 14:58:35.830000-05:00,2021-01-25 18:34:53.786000-05:00,2,,,,,,Not Assigned,,,,,,,,,,,,,,,,,,,,,,12557028
PSAU88D,443724,2021-01-25 08:45:00-05:00,2021-01-26 08:00:00-05:00,2021-01-25 11:28:36.231000-05:00,2021-01-25 11:35:35.514000-05:00,1,,,,,,Not Assigned,,,,,,,,,,,,,,,,,,,,,,12526182
PSAU88D,443916,2021-01-25 08:45:00-05:00,2021-01-26 08:00:00-05:00,2021-01-25 11:38:15.387000-05:00,2021-01-25 11:55:11.112000-05:00,1,,,,,,Not Assigned,,,,,,,,,,,,,,,,,,,,,,12527663
PSAU88D,443956,2021-01-25 08:45:00-05:00,2021-01-26 08:00:00-05:00,2021-01-25 17:04:36.951000-05:00,2021-01-25 17:15:43.014000-05:00,1,,,,,,Not Assigned,,,,,,,,,,,,,,,,,,,,,,12566681
PSAU88D,443994,2021-01-25 08:45:00-05:00,2021-01-26 08:00:00-05:00,2021-01-25 15:57:40.661000-05:00,,1,,,,,,Not Assigned,,,,,,,,,,,,,,,,,,,,,,12562648
PSAU88D,444114,2021-01-25 08:45:00-05:00,2021-01-26 08:00:00-05:00,2021-01-25 09:07:44.613000-05:00,2021-01-25 09:19:50.775000-05:00,1,,,,,,Not Assigned,,,,,,,,,,,,,,,,,,,,,,12507903
PSAU88D,444229,2021-01-25 08:45:00-05:00,2021-01-26 08:00:00-05:00,2021-01-25 11:27:07.824000-05:00,2021-01-25 17:21:33.736000-05:00,3,,,,,,Not Assigned,,,,,,,,,,,,,,,,,,,,,,12525991
PSAU88D,444263,2021-01-25 08:45:00-05:00,2021-01-26 08:00:00-05:00,2021-01-25 16:07:21.853000-05:00,,5,,,,,,Not Assigned,,,,,,,,,,,,,,,,,,,,,,12563426
PSAU88D,445408,2021-01-25 08:45:00-05:00,2021-01-26 08:00:00-05:00,2021-01-25 12:50:22.480000-05:00,,2,,,,,,Not Assigned,,,,,,,,,,,,,,,,,,,,,,12538348
PSAU88D,452239,2021-01-25 08:45:00-05:00,2021-01-26 08:00:00-05:00,2021-01-25 14:16:48.679000-05:00,2021-01-25 14:27:51.851000-05:00,1,,,,,,Not Assigned,,,,,,,,,,,,,,,,,,,,,,12551453
PSAU88D,502725,2021-05-05 10:48:43.138000-04:00,2021-05-05 18:00:00-04:00,2021-05-05 11:17:13.826000-04:00,2021-05-05 11:58:00.219000-04:00,2,,,,,,Treatment 1,873.147,33.5299,10.0,6.0,3.0,3.0,10.0,18.0,10.0,4.0,0.0,0.0,0.0,0.0,4.0,1.0,,,,,,16158479
PSAU88D,502775,2021-05-05 10:48:43.138000-04:00,2021-05-05 18:00:00-04:00,2021-05-07 11:36:21.668000-04:00,,3,,,,,,Treatment 3,127984.55,16.5625,2.0,0.0,0.0,0.0,0.0,2.0,0.0,0.0,6.0,6.0,0.0,0.0,0.0,3.0,,,,,,16232753
PSAU88D,502818,2021-05-05 10:48:43.138000-04:00,2021-05-05 18:00:00-04:00,2021-05-05 14:14:45.829000-04:00,,1,,,,,,Treatment 1,,,1.0,,,,,0.0,1.0,0.0,0.0,0.0,0.0,0.0,0.0,1.0,,,,,,16171116
PSAU88D,502837,2021-05-05 10:48:43.138000-04:00,2021-05-05 18:00:00-04:00,2021-05-05 10:50:10.311000-04:00,2021-05-05 11:27:00.689000-04:00,1,,,,,,Treatment 3,1970.6,200.9855,6.0,4.0,2.0,2.0,6.0,8.0,0.0,0.0,18.0,6.0,0.0,0.0,0.0,1.0,,,,,,16156549
PSAU88D,502839,2021-05-05 10:48:43.138000-04:00,2021-05-05 18:00:00-04:00,2021-05-05 11:46:56.499000-04:00,,1,,,,,,Not Assigned,,,,,,,,,,,,,,,,,,,,,,16160656
PSAU88D,502842,2021-05-05 10:48:43.138000-04:00,2021-05-05 18:00:00-04:00,2021-05-05 10:55:31.595000-04:00,2021-05-05 11:03:29.757000-04:00,1,,,,,,Treatment 1,271.009,49.356,4.0,3.0,1.0,1.0,4.0,6.0,4.0,1.0,0.0,0.0,0.0,0.0,1.0,1.0,,,,,,16156954
PSAU88D,502846,2021-05-05 10:48:43.138000-04:00,2021-05-05 18:00:00-04:00,2021-05-05 10:58:43.937000-04:00,,1,,,,,,Control 1,259.882,55.03425,4.0,3.0,1.0,,4.0,6.0,4.0,0.0,0.0,0.0,0.0,0.0,0.0,1.0,,,,,,16157132
PSAU88D,502851,2021-05-05 10:48:43.138000-04:00,2021-05-05 18:00:00-04:00,2021-05-05 11:09:47.551000-04:00,2021-05-07 11:19:11.423000-04:00,4,,,,,,Treatment 2,2839.338,74.9521111111111,27.0,11.0,8.0,6.0,27.0,46.0,9.0,0.0,54.0,33.0,0.0,0.0,2.0,4.0,,,,,,16157926
PSAU88D,502857,2021-05-05 10:48:43.138000-04:00,2021-05-05 18:00:00-04:00,2021-05-05 11:47:10.601000-04:00,,1,,,,,,Not Assigned,,,,,,,,,,,,,,,,,,,,,,16160679
PSAU88D,502863,2021-05-05 10:48:43.138000-04:00,2021-05-05 18:00:00-04:00,2021-05-05 11:40:17.192000-04:00,,1,,,,,,Not Assigned,,,,,,,,,,,,,,,,,,,,,,16160131
PSAU88D,502871,2021-05-05 10:48:43.138000-04:00,2021-05-05 18:00:00-04:00,2021-05-05 11:42:31.980000-04:00,,1,,,,,,Not Assigned,,,,,,,,,,,,,,,,,,,,,,16160308
PSAU88D,502879,2021-05-05 10:48:43.138000-04:00,2021-05-05 18:00:00-04:00,2021-05-05 12:09:21.456000-04:00,,1,,,,,,Not Assigned,,,,,,,,,,,,,,,,,,,,,,16162535
PSAU88D,502889,2021-05-05 10:48:43.138000-04:00,2021-05-05 18:00:00-04:00,2021-05-05 14:53:31.928000-04:00,,2,,,,,,Control 1,25757.052,23.6939,10.0,2.0,2.0,,10.0,43.0,10.0,0.0,0.0,0.0,0.0,0.0,8.0,2.0,,,,,,16173500
PSAU88D,502952,2021-05-05 10:48:43.138000-04:00,2021-05-05 18:00:00-04:00,2021-05-05 16:00:46.733000-04:00,2021-05-05 16:07:30.192000-04:00,1,,,,,,Not Assigned,,,,,,,,,,,,,,,,,,,,,,16176212
PSAU88D,503113,2021-05-05 10:48:43.138000-04:00,2021-05-05 18:00:00-04:00,2021-05-05 14:13:00.962000-04:00,2021-05-05 14:18:37.168000-04:00,1,,,,,,Not Assigned,,,,,,,,,,,,,,,,,,,,,,16171019
PSAU88D,504548,2021-05-05 10:48:43.143000-04:00,2021-05-05 18:00:00-04:00,2021-05-06 16:53:58.318000-04:00,2021-05-07 16:53:12.258000-04:00,3,,,,,,Not Assigned,,,,,,,,,,,,,,,,,,,,,,16216340
PSAU88D,504563,2021-05-05 10:48:43.143000-04:00,2021-05-05 18:00:00-04:00,2021-05-05 11:32:18.169000-04:00,2021-05-05 11:37:03.759000-04:00,1,,,,,,Treatment 1,193.625,64.5393333333333,3.0,3.0,,,3.0,3.0,3.0,0.0,0.0,0.0,0.0,0.0,0.0,1.0,,,,,,16159469
PSAU88D,504593,2021-05-05 10:48:43.143000-04:00,2021-05-05 18:00:00-04:00,2021-05-05 12:44:44.200000-04:00,,2,,,,,,Control 1,288.138,43.2958,5.0,3.0,1.0,,5.0,7.0,5.0,0.0,0.0,0.0,0.0,0.0,0.0,2.0,,,,,,16165246
PSAU88D,504602,2021-05-05 10:48:43.143000-04:00,2021-05-05 18:00:00-04:00,2021-05-05 12:27:34.891000-04:00,,1,,,,,,Treatment 3,1025.908,44.7553333333333,6.0,4.0,2.0,2.0,6.0,8.0,0.0,0.0,18.0,6.0,0.0,0.0,0.0,1.0,,,,,,16164004
PSAU88D,504607,2021-05-05 10:48:43.143000-04:00,2021-05-05 18:00:00-04:00,2021-05-05 15:15:05.662000-04:00,,1,,,,,,Treatment 2,67.743,17.029,1.0,0.0,,,1.0,1.0,0.0,0.0,3.0,3.0,0.0,0.0,0.0,1.0,,,,,,16174415
PSAU88D,504608,2021-05-05 10:48:43.143000-04:00,2021-05-05 18:00:00-04:00,2021-05-05 11:55:55.973000-04:00,,1,,,,,,Treatment 1,281.111,64.75725,4.0,3.0,1.0,,4.0,5.0,4.0,0.0,0.0,0.0,0.0,0.0,0.0,1.0,,,,,,16161397
PSAU88D,504616,2021-05-05 10:48:43.143000-04:00,2021-05-05 18:00:00-04:00,2021-05-05 16:18:26.745000-04:00,,1,,,,,,Treatment 1,302.348,103.519,1.0,0.0,,,1.0,5.0,1.0,1.0,0.0,0.0,0.0,0.0,0.0,1.0,,,,,,16176642
PSAU88D,504627,2021-05-05 10:48:43.143000-04:00,2021-05-05 18:00:00-04:00,2021-05-05 11:31:07.658000-04:00,2021-05-05 12:08:06.206000-04:00,1,,,,,,Treatment 1,1950.408,268.9095,6.0,5.0,1.0,,6.0,8.0,6.0,0.0,0.0,0.0,0.0,0.0,0.0,1.0,,,,,,16159389
PSAU88D,504672,2021-05-05 10:48:43.143000-04:00,2021-05-05 18:00:00-04:00,2021-05-05 13:52:46.339000-04:00,2021-05-05 14:07:25.740000-04:00,1,,,,,,Treatment 3,545.416,80.1695,4.0,3.0,1.0,1.0,4.0,5.0,0.0,0.0,12.0,3.0,0.0,0.0,0.0,1.0,,,,,,16169725
PSAU88D,504678,2021-05-05 10:48:43.143000-04:00,2021-05-05 18:00:00-04:00,2021-05-05 12:51:15.639000-04:00,,1,,,,,,Treatment 2,810.63,38.08875,4.0,3.0,1.0,1.0,4.0,5.0,0.0,0.0,12.0,3.0,0.0,0.0,0.0,1.0,,,,,,16165690
PSAU88D,504684,2021-05-05 10:48:43.143000-04:00,2021-05-05 18:00:00-04:00,2021-05-05 11:23:59.624000-04:00,,1,,,,,,Not Assigned,,,,,,,,,,,,,,,,,,,,,,16158883
PSAU88D,504693,2021-05-05 10:48:43.143000-04:00,2021-05-05 18:00:00-04:00,2021-05-05 19:30:14.157000-04:00,,1,,,,,,Treatment 2,154.547,38.804,1.0,0.0,,,1.0,1.0,0.0,0.0,3.0,3.0,0.0,0.0,0.0,1.0,,,,,,16179540
PSAU88D,504839,2021-05-05 10:48:43.140000-04:00,2021-05-05 18:00:00-04:00,2021-05-05 13:20:15.982000-04:00,,2,,,,,,Not Assigned,,,,,,,,,,,,,,,,,,,,,,16167651
PSAU88D,504974,2021-05-05 10:48:43.143000-04:00,2021-05-05 18:00:00-04:00,2021-05-05 12:34:08.037000-04:00,2021-05-05 17:36:56.179000-04:00,2,,,,,,Treatment 1,18012.595,6004.18933333333,3.0,3.0,,,3.0,3.0,3.0,0.0,0.0,0.0,0.0,0.0,0.0,2.0,,,,,,16164463
PSAU88D,506008,2021-05-05 10:48:43.143000-04:00,2021-05-05 18:00:00-04:00,2021-05-05 11:18:58.966000-04:00,,1,,,,,,Treatment 1,343.472,335.635,1.0,0.0,,,1.0,1.0,1.0,1.0,0.0,0.0,0.0,0.0,0.0,1.0,,,,,,16158517
PSAU88D,506037,2021-05-05 10:48:43.140000-04:00,2021-05-05 18:00:00-04:00,2021-05-05 13:12:16.694000-04:00,,2,,,,,,Control 1,2286.024,762.005,3.0,3.0,,,3.0,3.0,3.0,0.0,0.0,0.0,0.0,0.0,0.0,2.0,,,,,,16167109
PSAU88D,506047,2021-05-05 10:48:43.140000-04:00,2021-05-05 18:00:00-04:00,2021-05-05 14:48:50.601000-04:00,2021-05-05 14:58:40.601000-04:00,2,,,,,,Treatment 3,230.67,41.98125,4.0,3.0,1.0,1.0,4.0,6.0,0.0,0.0,12.0,2.0,0.0,0.0,0.0,2.0,,,,,,16173261
PSAU88D,506089,2021-05-05 10:48:43.140000-04:00,2021-05-05 18:00:00-04:00,2021-05-05 14:04:13.089000-04:00,,2,,,,,,Not Assigned,,,,,,,,,,,,,,,,,,,,,,16170438
PSAU88D,506095,2021-05-05 10:48:43.143000-04:00,2021-05-05 18:00:00-04:00,2021-05-05 15:14:43.269000-04:00,,1,,,,,,Treatment 3,,,1.0,,,,,0.0,0.0,0.0,3.0,0.0,0.0,0.0,0.0,1.0,,,,,,16174392
PSAU88D,506100,2021-05-05 10:48:43.140000-04:00,2021-05-05 18:00:00-04:00,2021-05-19 14:35:36.211000-04:00,,1,,,,,,Not Assigned,,,,,,,,,,,,,,,,,,,,,,16510256
PSAU88D,506105,2021-05-05 10:48:43.140000-04:00,2021-05-05 18:00:00-04:00,2021-05-05 12:30:29.661000-04:00,,1,,,,,,Treatment 3,935.253,144.516,1.0,0.0,,,1.0,1.0,0.0,0.0,3.0,3.0,0.0,0.0,0.0,1.0,,,,,,16164207
PSAU88D,506119,2021-05-05 10:48:43.140000-04:00,2021-05-05 18:00:00-04:00,2021-05-05 12:59:22.206000-04:00,,1,,,,,,Not Assigned,,,,,,,,,,,,,,,,,,,,,,16166229
PSAU88D,506213,2021-05-05 10:48:43.140000-04:00,2021-05-05 18:00:00-04:00,2021-05-09 11:39:16.356000-04:00,2021-05-09 12:54:28.403000-04:00,1,,,,,,Control 1,277.678,31.4954285714286,7.0,5.0,2.0,,7.0,9.0,7.0,0.0,0.0,0.0,0.0,0.0,0.0,1.0,,,,,,16251632
PSAU88D,506263,2021-05-05 10:48:43.140000-04:00,2021-05-05 18:00:00-04:00,2021-05-05 11:16:56.438000-04:00,2021-05-05 11:40:25.147000-04:00,1,,,,,,Treatment 3,991.829,71.5881666666667,6.0,3.0,1.0,1.0,6.0,9.0,0.0,0.0,18.0,9.0,0.0,0.0,0.0,1.0,,,,,,16158374
PSAU88D,506268,2021-05-05 10:48:43.140000-04:00,2021-05-05 18:00:00-04:00,2021-05-05 11:18:10.986000-04:00,2021-05-05 11:30:14.884000-04:00,3,,,,,,Control 1,493.409,41.722,4.0,3.0,1.0,,4.0,8.0,4.0,0.0,0.0,0.0,0.0,0.0,1.0,2.0,,,,,,16158459
PSAU88D,506328,2021-05-05 10:48:43.140000-04:00,2021-05-05 18:00:00-04:00,2021-05-05 14:15:08.562000-04:00,,1,,,,,,Treatment 3,304.489,130.557,1.0,0.0,,,1.0,1.0,0.0,0.0,3.0,3.0,0.0,0.0,0.0,1.0,,,,,,16171131
PSAU88D,506352,2021-05-05 10:48:43.140000-04:00,2021-05-05 18:00:00-04:00,2021-05-05 14:41:38.621000-04:00,2021-05-05 14:52:01.630000-04:00,1,,,,,,Not Assigned,,,,,,,,,,,,,,,,,,,,,,16172871
PSAU88D,506414,2021-05-05 10:48:43.140000-04:00,2021-05-05 18:00:00-04:00,2021-05-05 11:35:04.350000-04:00,,2,,,,,,Treatment 2,456997.651,50.894,2.0,0.0,,,1.0,3.0,0.0,0.0,6.0,1.0,0.0,0.0,0.0,2.0,,,,,,16159697
PSAU88D,506417,2021-05-05 10:48:43.140000-04:00,2021-05-05 18:00:00-04:00,2021-05-05 11:52:27.843000-04:00,2021-05-05 13:36:00.183000-04:00,3,,,,,,Treatment 2,6145.936,424.443833333333,6.0,5.0,1.0,1.0,6.0,7.0,0.0,0.0,18.0,3.0,0.0,0.0,0.0,2.0,,,,,,16161116
PSAU88D,506447,2021-05-05 10:48:43.140000-04:00,2021-05-05 18:00:00-04:00,2021-05-05 11:31:44.442000-04:00,,3,,,,,,Treatment 2,776794.039,776756.444,1.0,0.0,,,1.0,3.0,0.0,0.0,3.0,1.0,0.0,0.0,0.0,2.0,,,,,,16159430
PSAU88D,506454,2021-05-05 10:48:43.140000-04:00,2021-05-05 18:00:00-04:00,2021-05-05 13:20:19.687000-04:00,,4,,,,,,Treatment 2,1376.899,66.8054,10.0,5.0,3.0,3.0,10.0,19.0,0.0,0.0,30.0,11.0,0.0,0.0,0.0,3.0,,,,,,16170120
PSAU88D,506460,2021-05-05 10:48:43.140000-04:00,2021-05-05 18:00:00-04:00,2021-05-05 11:24:08.642000-04:00,,2,,,,,,Treatment 3,306.917,39.527,4.0,3.0,1.0,1.0,4.0,5.0,0.0,0.0,12.0,1.0,0.0,0.0,0.0,2.0,,,,,,16158862
PSAU88D,506532,2021-05-05 10:48:43.140000-04:00,2021-05-05 18:00:00-04:00,2021-05-05 11:31:27.513000-04:00,2021-05-05 11:35:31.990000-04:00,1,,,,,,Control 1,113.699,37.8923333333333,3.0,3.0,,,3.0,3.0,3.0,0.0,0.0,0.0,0.0,0.0,0.0,1.0,,,,,,16159413
PSAU88D,507058,2021-02-10 10:51:46.994000-05:00,,2021-05-14 15:35:36.593000-04:00,,1,,,,,,Not Assigned,,,,,,,,,,,,,,,,,,,,,,16417082
PSAU88D,528910,2021-05-05 10:48:43.140000-04:00,2021-05-05 18:00:00-04:00,2021-05-05 11:05:31.266000-04:00,,3,,,,,,Treatment 3,316.441,76.773,1.0,0.0,,,1.0,1.0,0.0,0.0,3.0,3.0,0.0,0.0,0.0,1.0,,,,,,16157595
PSAU88D,581636,2020-12-10 07:52:00-05:00,2020-12-10 14:54:00-05:00,2020-12-10 09:58:59.069000-05:00,,1,,,,,,Not Assigned,,,,,,,,,,,,,,,,,,,,,,11030142
PSAU88D,582621,2020-12-10 07:52:00-05:00,2020-12-10 14:54:00-05:00,2020-12-10 09:33:30.494000-05:00,,1,,,,,,Not Assigned,,,,,,,,,,,,,,,,,,,,,,11026655
PSAU88D,582698,2020-12-10 07:52:00-05:00,2020-12-10 14:54:00-05:00,2020-12-10 08:59:51.653000-05:00,,1,,,,,,Not Assigned,,,,,,,,,,,,,,,,,,,,,,11022610
PSAU88D,583275,2020-12-10 07:52:00-05:00,2020-12-10 14:54:00-05:00,2020-12-10 10:03:04.311000-05:00,,1,,,,,,Treatment 2,178.214,40.417,2.0,0.0,,,1.0,1.0,0.0,0.0,6.0,3.0,0.0,0.0,0.0,1.0,,,,,,11030704
PSAU88D,589110,2020-12-10 07:52:00-05:00,2020-12-10 14:54:00-05:00,2020-12-10 14:26:55.768000-05:00,,1,,,,,,Not Assigned,,,,,,,,,,,,,,,,,,,,,,11074372
PSAU88D,589138,2020-12-10 07:52:00-05:00,2020-12-10 14:54:00-05:00,2020-12-10 13:34:18.174000-05:00,,1,,,,,,Treatment 3,,,1.0,,,,,0.0,0.0,0.0,3.0,0.0,0.0,0.0,0.0,1.0,,,,,,11065581
PSAU88D,589158,2020-12-10 07:52:00-05:00,2020-12-10 14:54:00-05:00,2020-12-10 13:33:25.999000-05:00,,1,,,,,,Not Assigned,,,,,,,,,,,,,,,,,,,,,,11065394
PSAU88D,589240,2020-12-10 07:52:00-05:00,2020-12-10 14:54:00-05:00,2020-12-10 13:35:04.677000-05:00,,3,,,,,,Treatment 1,110.464,108.726,1.0,0.0,,,1.0,1.0,1.0,0.0,0.0,0.0,0.0,0.0,0.0,2.0,,,,,,11065727
PSAU88D,590201,2020-12-10 07:52:00-05:00,2020-12-10 14:54:00-05:00,2020-12-10 13:34:34.209000-05:00,,1,,,,,,Not Assigned,,,,,,,,,,,,,,,,,,,,,,11065634
PSAU88D,591043,2021-05-05 10:48:43.138000-04:00,2021-05-05 18:00:00-04:00,2021-05-05 12:04:34.867000-04:00,,1,,,,,,Treatment 3,625.6,26.364,1.0,0.0,,,1.0,3.0,0.0,0.0,3.0,3.0,0.0,0.0,0.0,1.0,,,,,,16162135
PSAU88D,593151,2020-12-10 07:52:00-05:00,2020-12-10 14:54:00-05:00,2020-12-10 08:47:27.656000-05:00,,1,,,,,,Not Assigned,,,,,,,,,,,,,,,,,,,,,,11021563
PSAU88D,593241,2020-12-10 07:52:00-05:00,2020-12-10 14:54:00-05:00,2020-12-10 08:38:16.973000-05:00,,1,,,,,,Control 1,1787.141,893.57,2.0,1.0,,,2.0,2.0,2.0,0.0,0.0,0.0,0.0,0.0,0.0,1.0,,,,,,11021031
PSAU88D,593625,2020-12-10 07:52:00-05:00,2020-12-10 14:54:00-05:00,2020-12-10 08:38:33.532000-05:00,,1,,,,,,Treatment 1,,,1.0,,,,,0.0,1.0,0.0,0.0,0.0,0.0,0.0,0.0,1.0,,,,,,11021053
PSAU88D,599814,2021-05-05 10:48:43.143000-04:00,2021-05-05 18:00:00-04:00,2021-05-20 17:38:00.940000-04:00,2021-05-21 02:22:19.685000-04:00,2,,,,,,Not Assigned,,,,,,,,,,,,,,,,,,,,,,16543804
PSAU88D,603587,2020-12-10 07:52:00-05:00,2020-12-10 14:54:00-05:00,2020-12-10 10:02:48.342000-05:00,,1,,,,,,Control 1,211.944,35.199,1.0,0.0,,,1.0,4.0,1.0,0.0,0.0,0.0,0.0,0.0,1.0,1.0,,,,,,11030681
PSAU88D,612913,2020-12-10 07:52:00-05:00,2020-12-10 14:54:00-05:00,2020-12-10 08:39:23.821000-05:00,,1,,,,,,Control 1,258.123,12.3608,10.0,3.0,3.0,,8.0,18.0,10.0,0.0,0.0,0.0,0.0,0.0,7.0,1.0,,,,,,11021106
PSAU88D,614832,2020-12-14 07:57:00-05:00,2020-12-14 14:51:00-05:00,2020-12-14 13:34:55.941000-05:00,,1,,,,,,Treatment 1,,,1.0,,,,,0.0,1.0,0.0,0.0,0.0,0.0,0.0,0.0,1.0,,,,,,11215499
PSAU88D,626218,2020-12-10 07:52:00-05:00,2020-12-10 14:54:00-05:00,2020-12-10 08:42:35.277000-05:00,,1,,,,,,Not Assigned,,,,,,,,,,,,,,,,,,,,,,11021302
PSAU88D,638167,2020-09-28 09:22:38.804000-04:00,2020-10-07 09:24:00-04:00,2020-10-05 09:10:01.860000-04:00,2020-10-05 09:40:05.604000-04:00,1,,,,,,Not Assigned,,,,,,,,,,,,,,,,,,,,,,7069482
PSAU88D,638494,2020-10-19 09:28:00-04:00,2020-10-23 09:30:00-04:00,2021-03-05 18:56:54.285000-05:00,,2,,,,,,Treatment 2,324.747,27.182,4.0,0.0,0.0,0.0,1.0,1.0,0.0,0.0,12.0,9.0,0.0,0.0,0.0,2.0,,,,,,14320174
PSAU88D,639942,2020-09-28 09:22:38.804000-04:00,2020-10-07 09:24:00-04:00,2020-10-04 18:23:18.744000-04:00,,4,,,,,,Not Assigned,,,,,,,,,,,,,,,,,,,,,,7056861
PSAU88D,669360,2020-12-10 07:52:00-05:00,2020-12-10 14:54:00-05:00,2020-12-10 08:46:46.026000-05:00,,1,,,,,,Not Assigned,,,,,,,,,,,,,,,,,,,,,,11021519
PSAU88D,673403,2020-09-28 09:22:38.802000-04:00,2020-10-07 09:24:00-04:00,2020-10-02 09:27:43.084000-04:00,,1,,,,,,Not Assigned,,,,,,,,,,,,,,,,,,,,,,6971697
PSAU88D,678604,2020-09-28 09:22:38.804000-04:00,2020-10-07 09:24:00-04:00,2020-10-05 07:30:56.775000-04:00,,1,,,,,,Control 1,,,1.0,,,,,0.0,1.0,0.0,0.0,0.0,0.0,0.0,0.0,1.0,,,,,,7063033
PSAU88D,693586,2020-12-08 07:44:55.885000-05:00,,2020-12-08 14:05:32.787000-05:00,2020-12-08 14:29:37.676000-05:00,2,,,,,,Treatment 1,1346.038,31.6001111111111,9.0,5.0,3.0,0.0,9.0,15.0,9.0,1.0,0.0,0.0,0.0,0.0,1.0,2.0,,,,,,10908240
PSAU88D,694011,2020-12-08 07:44:55.885000-05:00,,2020-12-08 11:55:48.867000-05:00,2020-12-08 12:11:45.764000-05:00,1,,,,,,Treatment 2,881.786,175.44525,4.0,3.0,1.0,1.0,4.0,5.0,0.0,0.0,12.0,3.0,0.0,0.0,0.0,1.0,,,,,,10884765
PSAU88D,694515,2020-09-28 09:22:38.802000-04:00,2020-10-07 09:24:00-04:00,2020-10-19 17:42:51.312000-04:00,,1,,,,,,Control 1,500.359,29.2809,10.0,2.0,1.0,,5.0,15.0,10.0,0.0,0.0,0.0,0.0,0.0,8.0,1.0,,,,,,8105005
PSAU88D,694594,2020-12-08 07:44:55.884000-05:00,,2020-12-08 10:15:31.807000-05:00,2020-12-08 10:18:41.615000-05:00,1,,,,,,Treatment 3,130.28,43.42,3.0,3.0,,,3.0,3.0,0.0,0.0,9.0,0.0,0.0,0.0,0.0,1.0,,,,,,10866035
PSAU88D,696741,2020-12-08 07:44:55.886000-05:00,,2020-12-08 08:39:56.021000-05:00,2020-12-08 08:48:45.691000-05:00,1,,,,,,Not Assigned,,,,,,,,,,,,,,,,,,,,,,10853801
PSAU88D,697774,2020-12-08 07:44:55.886000-05:00,,2020-12-08 09:23:39.624000-05:00,2020-12-08 09:31:20.876000-05:00,1,,,,,,Treatment 3,372.363,124.12,3.0,3.0,,,3.0,3.0,0.0,0.0,9.0,0.0,0.0,0.0,0.0,1.0,,,,,,10858295
PSAU88D,698560,2020-12-08 07:44:55.886000-05:00,,2020-12-08 11:50:59.766000-05:00,2020-12-08 11:57:31.794000-05:00,1,,,,,,Control 1,249.109,55.9435,4.0,3.0,1.0,,4.0,5.0,4.0,0.0,0.0,0.0,0.0,0.0,1.0,1.0,,,,,,10883852
PSAU88D,699257,2020-12-08 07:44:55.885000-05:00,,2020-12-08 09:45:45.985000-05:00,2020-12-08 09:57:50.095000-05:00,2,,,,,,Not Assigned,,,,,,,,,,,,,,,,,,,,,,10861322
PSAU88D,702152,2020-12-08 07:44:55.886000-05:00,,2020-12-08 12:51:40.599000-05:00,2020-12-08 13:10:16.990000-05:00,2,,,,,,Control 1,732.416,244.128,3.0,3.0,,,3.0,3.0,3.0,0.0,0.0,0.0,0.0,0.0,0.0,1.0,,,,,,10894762
PSAU88D,704285,2020-12-08 07:44:55.886000-05:00,,2020-12-08 08:46:56.482000-05:00,2020-12-08 08:48:05.182000-05:00,1,,,,,,Treatment 2,32.694,10.8953333333333,3.0,3.0,,,3.0,3.0,0.0,0.0,9.0,0.0,0.0,0.0,0.0,1.0,,,,,,10854309
PSAU88D,707984,2020-12-08 07:44:55.886000-05:00,,2020-12-08 12:06:28.752000-05:00,,3,,,,,,Treatment 1,576.69,15.8713333333333,3.0,1.0,1.0,1.0,3.0,14.0,3.0,2.0,0.0,0.0,0.0,0.0,1.0,2.0,,,,,,10886862
PSAU88D,708920,2020-12-08 07:44:55.885000-05:00,,2020-12-08 12:15:36.896000-05:00,,1,,,,,,Treatment 2,131.699,131.691,2.0,1.0,,,1.0,1.0,0.0,0.0,6.0,0.0,0.0,0.0,0.0,1.0,,,,,,10888459
PSAU88D,709223,2020-12-08 07:44:55.886000-05:00,,2020-12-08 13:36:54.308000-05:00,2020-12-08 13:51:53.393000-05:00,1,,,,,,Control 1,843.33,76.3172222222222,9.0,6.0,3.0,,9.0,12.0,9.0,0.0,0.0,0.0,0.0,0.0,0.0,1.0,,,,,,10902770
PSAU88D,710485,2020-12-08 07:44:55.886000-05:00,,2020-12-08 11:50:47.532000-05:00,,1,,,,,,Not Assigned,,,,,,,,,,,,,,,,,,,,,,10883812
PSAU88D,710501,2020-12-08 07:44:55.886000-05:00,,2020-12-08 11:48:58.379000-05:00,2020-12-08 12:13:02.760000-05:00,1,,,,,,Treatment 2,1171.007,390.331333333333,3.0,3.0,,,3.0,3.0,0.0,0.0,9.0,0.0,0.0,0.0,0.0,1.0,,,,,,10883462
PSAU88D,710687,2020-12-08 07:44:55.884000-05:00,,2020-12-08 11:59:14.619000-05:00,,1,,,,,,Control 1,,,1.0,,,,,0.0,1.0,0.0,0.0,0.0,0.0,0.0,0.0,1.0,,,,,,10885393
PSAU88D,710688,2020-12-08 07:44:55.886000-05:00,,2020-12-08 09:18:42.152000-05:00,2020-12-08 09:22:26.018000-05:00,1,,,,,,Treatment 3,81.289,27.094,3.0,3.0,,,3.0,3.0,0.0,0.0,9.0,0.0,0.0,0.0,0.0,1.0,,,,,,10857698
PSAU88D,710690,2020-12-08 07:44:55.884000-05:00,,2020-12-08 11:57:07.921000-05:00,,1,,,,,,Treatment 1,1166.92,311.697,4.0,2.0,1.0,1.0,2.0,3.0,4.0,1.0,0.0,0.0,0.0,0.0,0.0,1.0,,,,,,10885011
PSAU88D,710795,2020-12-08 07:44:55.886000-05:00,,2020-12-08 12:05:04.388000-05:00,,1,,,,,,Treatment 3,582.978,35.9806666666667,6.0,2.0,2.0,2.0,6.0,6.0,0.0,0.0,18.0,12.0,0.0,0.0,0.0,1.0,,,,,,10886572
PSAU88D,710814,2020-12-08 07:44:55.886000-05:00,,2020-12-08 11:53:06.248000-05:00,,1,,,,,,Control 1,,,1.0,,,,,0.0,1.0,0.0,0.0,0.0,0.0,0.0,0.0,1.0,,,,,,10884265
PSAU88D,711311,2020-12-08 07:44:55.885000-05:00,,2020-12-08 11:53:22.848000-05:00,2020-12-08 12:06:07.372000-05:00,2,,,,,,Treatment 2,677.107,156.4805,4.0,3.0,1.0,1.0,4.0,5.0,0.0,0.0,12.0,1.0,0.0,0.0,0.0,2.0,,,,,,10884320
PSAU88D,712128,2020-12-08 07:44:55.884000-05:00,,2020-12-08 12:17:02.036000-05:00,,1,,,,,,Treatment 2,,,1.0,,,,,0.0,0.0,0.0,3.0,0.0,0.0,0.0,0.0,1.0,,,,,,10888708
PSAU88D,713243,2020-12-08 07:44:55.885000-05:00,,2020-12-08 12:15:27.047000-05:00,,1,,,,,,Treatment 1,31.975,31.975,1.0,0.0,,,1.0,1.0,1.0,0.0,0.0,0.0,0.0,0.0,0.0,1.0,,,,,,10888430
PSAU88D,715733,2020-09-23 07:33:11.002000-04:00,2020-09-23 11:00:00-04:00,2020-09-23 08:03:43.326000-04:00,,1,,,,,,Treatment 2,733.225,265.953,1.0,0.0,,,1.0,1.0,0.0,0.0,3.0,3.0,0.0,0.0,0.0,1.0,,,,,,6137572
PSAU88D,736856,2020-12-08 07:44:55.885000-05:00,,2020-12-08 11:56:05.682000-05:00,,1,,,,,,Treatment 2,1248.143,198.3215,4.0,0.0,0.0,0.0,1.0,10.0,0.0,0.0,12.0,4.0,0.0,0.0,0.0,1.0,,,,,,10884826
PSAU88D,737108,2020-12-10 07:52:00-05:00,2020-12-10 14:54:00-05:00,2020-12-10 08:38:59.978000-05:00,,2,,,,,,Treatment 2,,,1.0,,,,,0.0,0.0,0.0,3.0,0.0,0.0,0.0,0.0,1.0,,,,,,11021078
PSAU88D,737520,2020-10-06 10:17:00-04:00,2020-10-07 00:59:00-04:00,2020-10-06 12:41:51.906000-04:00,2020-10-06 12:48:36.234000-04:00,1,,,,,,Control 1,268.157,89.3623333333333,3.0,3.0,,,3.0,3.0,3.0,0.0,0.0,0.0,0.0,0.0,0.0,1.0,,,,,,7225620
PSAU88D,737684,2020-09-18 09:15:00-04:00,2020-09-23 07:00:00-04:00,2020-09-18 11:48:33.844000-04:00,2020-09-18 11:54:31.559000-04:00,1,,,,,,Not Assigned,,,,,,,,,,,,,,,,,,,,,,5798550
PSAU88D,737685,2020-09-18 09:15:00-04:00,2020-09-23 07:00:00-04:00,2020-09-18 11:41:10.857000-04:00,2020-09-18 12:03:26.382000-04:00,1,,,,,,Control 1,1252.832,181.2815,6.0,5.0,1.0,,6.0,7.0,6.0,0.0,0.0,0.0,0.0,0.0,1.0,1.0,,,,,,5797050
PSAU88D,737686,2020-09-18 09:15:00-04:00,2020-09-23 07:00:00-04:00,2020-09-18 11:46:55.767000-04:00,2020-09-22 15:45:00.084000-04:00,4,,,,,,Not Assigned,,,,,,,,,,,,,,,,,,,,,,5798248
PSAU88D,737690,2020-09-18 09:15:00-04:00,2020-09-23 07:00:00-04:00,2020-09-18 11:49:48.087000-04:00,2020-09-18 12:48:06.643000-04:00,2,,,,,,Treatment 2,325.425,108.471333333333,3.0,3.0,,,3.0,3.0,0.0,0.0,9.0,0.0,0.0,0.0,0.0,1.0,,,,,,5798825
PSAU88D,737693,2020-09-18 09:15:00-04:00,2020-09-23 07:00:00-04:00,2020-09-18 11:49:14.783000-04:00,2020-09-18 12:01:53.423000-04:00,1,,,,,,Treatment 3,675.382,225.120333333333,3.0,3.0,,,3.0,3.0,0.0,0.0,9.0,0.0,0.0,0.0,0.0,1.0,,,,,,5798707
PSAU88D,737699,2020-09-18 09:15:00-04:00,2020-09-23 07:00:00-04:00,2020-09-22 13:52:15.083000-04:00,2020-09-22 14:20:14.591000-04:00,1,,,,,,Not Assigned,,,,,,,,,,,,,,,,,,,,,,6081407
PSAU88D,737701,2020-09-18 09:15:00-04:00,2020-09-23 07:00:00-04:00,2020-09-18 12:07:35.083000-04:00,2020-09-22 21:21:01.795000-04:00,4,,,,,,Treatment 3,831.594,47.1634285714286,7.0,5.0,2.0,2.0,7.0,7.0,0.0,0.0,21.0,6.0,0.0,0.0,0.0,3.0,,,,,,5802434
PSAU88D,737702,2020-09-18 09:15:00-04:00,2020-09-23 07:00:00-04:00,2020-09-18 11:45:48.919000-04:00,2020-09-23 20:38:21.595000-04:00,4,,,,,,Treatment 3,463801.004,66184.1865714286,9.0,3.0,1.0,1.0,7.0,8.0,0.0,0.0,27.0,18.0,0.0,0.0,0.0,3.0,,,,,,5798047
PSAU88D,737719,2020-09-18 09:15:00-04:00,2020-09-23 07:00:00-04:00,2020-09-18 11:13:34.956000-04:00,2020-09-18 11:20:11.853000-04:00,1,,,,,,Control 1,317.379,46.7521666666667,6.0,5.0,1.0,,6.0,8.0,6.0,0.0,0.0,0.0,0.0,0.0,1.0,1.0,,,,,,5791265
PSAU88D,737734,2020-09-18 09:15:00-04:00,2020-09-23 07:00:00-04:00,2020-09-18 11:40:22.304000-04:00,2020-09-18 11:42:45.617000-04:00,1,,,,,,Treatment 3,93.535,31.175,3.0,3.0,,,3.0,3.0,0.0,0.0,9.0,0.0,0.0,0.0,0.0,1.0,,,,,,5796852
PSAU88D,738472,2020-09-18 09:15:00-04:00,2020-09-23 07:00:00-04:00,2020-09-22 13:21:51.635000-04:00,2020-09-22 13:29:18.620000-04:00,1,,,,,,Treatment 3,392.053,50.8398333333333,6.0,5.0,1.0,1.0,6.0,6.0,0.0,0.0,18.0,3.0,0.0,0.0,0.0,1.0,,,,,,6072787
PSAU88D,738477,2020-09-18 09:15:00-04:00,2020-09-23 07:00:00-04:00,2020-09-22 19:47:08.963000-04:00,2020-09-22 19:54:46.966000-04:00,1,,,,,,Treatment 2,367.984,122.66,3.0,3.0,,,3.0,3.0,0.0,0.0,9.0,0.0,0.0,0.0,0.0,1.0,,,,,,6125790
PSAU88D,738480,2020-09-18 09:15:00-04:00,2020-09-23 07:00:00-04:00,2020-09-18 11:23:29.275000-04:00,2020-09-18 11:29:16.624000-04:00,1,,,,,,Not Assigned,,,,,,,,,,,,,,,,,,,,,,5793258
PSAU88D,738481,2020-09-18 09:15:00-04:00,2020-09-23 07:00:00-04:00,2020-09-21 08:56:49.117000-04:00,2020-09-21 18:12:11.546000-04:00,3,,,,,,Treatment 2,33014.127,77.0397142857143,7.0,5.0,2.0,2.0,7.0,7.0,0.0,0.0,21.0,6.0,0.0,0.0,0.0,3.0,,,,,,5880325
PSAU88D,738484,2020-09-18 09:15:00-04:00,2020-09-23 07:00:00-04:00,2020-09-22 17:52:46.940000-04:00,2020-09-23 09:40:38.084000-04:00,8,,,,,,Treatment 3,44174.397,321.163,12.0,6.0,3.0,3.0,12.0,19.0,0.0,0.0,36.0,10.0,0.0,0.0,0.0,5.0,,,,,,6119401
PSAU88D,738485,2020-09-18 09:15:00-04:00,2020-09-23 07:00:00-04:00,2020-09-22 08:20:06.330000-04:00,2020-09-22 08:28:59.255000-04:00,1,,,,,,Control 1,428.609,67.5125,6.0,5.0,1.0,,6.0,7.0,6.0,0.0,0.0,0.0,0.0,0.0,1.0,1.0,,,,,,6004855
PSAU88D,738486,2020-09-18 09:15:00-04:00,2020-09-23 07:00:00-04:00,2020-09-18 11:27:39.696000-04:00,2020-09-20 15:56:07.103000-04:00,4,,,,,,Treatment 3,188535.596,62.5012,10.0,4.0,2.0,2.0,10.0,10.0,0.0,0.0,30.0,18.0,0.0,0.0,0.0,5.0,,,,,,5794183
PSAU88D,738489,2020-09-18 09:15:00-04:00,2020-09-23 07:00:00-04:00,2020-09-22 12:02:47.406000-04:00,,6,,,,,,Treatment 1,1934768.609,2328.436,2.0,0.0,0.0,0.0,2.0,7.0,2.0,1.0,0.0,0.0,0.0,0.0,1.0,2.0,,,,,,6052269
PSAU88D,738510,2020-09-18 09:15:00-04:00,2020-09-23 07:00:00-04:00,2020-09-22 08:07:46.244000-04:00,2020-09-23 09:25:24.494000-04:00,3,,,,,,Control 1,90968.211,9876.07555555556,9.0,6.0,3.0,,9.0,21.0,9.0,0.0,0.0,0.0,0.0,0.0,2.0,3.0,,,,,,6003937
PSAU88D,738512,2020-09-18 09:15:00-04:00,2020-09-23 07:00:00-04:00,2020-09-23 11:45:31.025000-04:00,,5,,,,,,Control 1,574.273,191.421333333333,3.0,3.0,,,3.0,3.0,3.0,0.0,0.0,0.0,0.0,0.0,0.0,2.0,,,,,,6179602
PSAU88D,740737,2020-10-06 10:17:00-04:00,2020-10-07 00:59:00-04:00,2020-10-07 12:04:41.285000-04:00,,1,,,,,,Not Assigned,,,,,,,,,,,,,,,,,,,,,,7329553
PSAU88D,740761,2020-10-06 10:17:00-04:00,2020-10-07 00:59:00-04:00,2020-10-06 12:40:57.835000-04:00,,5,,,,,,Treatment 2,,,1.0,,,,,0.0,0.0,0.0,3.0,0.0,0.0,0.0,0.0,1.0,,,,,,7225445
PSAU88D,740787,2020-10-06 10:17:00-04:00,2020-10-07 00:59:00-04:00,2020-10-06 16:18:44.017000-04:00,2020-10-06 16:24:39.228000-04:00,1,,,,,,Treatment 3,226.189,75.3923333333333,3.0,3.0,,,3.0,3.0,0.0,0.0,9.0,0.0,0.0,0.0,0.0,1.0,,,,,,7267744
PSAU88D,740798,2020-10-06 10:17:00-04:00,2020-10-07 00:59:00-04:00,2020-10-06 12:53:22.034000-04:00,2020-10-06 13:43:02.619000-04:00,2,,,,,,Treatment 2,2843.562,947.831666666667,3.0,3.0,,,3.0,3.0,0.0,0.0,9.0,0.0,0.0,0.0,0.0,2.0,,,,,,7228240
PSAU88D,740809,2020-10-06 10:17:00-04:00,2020-10-07 00:59:00-04:00,2020-10-06 12:55:54.129000-04:00,2020-10-06 19:02:30.274000-04:00,4,,,,,,Not Assigned,,,,,,,,,,,,,,,,,,,,,,7228808
PSAU88D,740812,2020-10-06 10:17:00-04:00,2020-10-07 00:59:00-04:00,2020-10-06 14:27:26.825000-04:00,,3,,,,,,Not Assigned,,,,,,,,,,,,,,,,,,,,,,7250259
PSAU88D,740819,2020-10-06 10:17:00-04:00,2020-10-07 00:59:00-04:00,2020-10-06 22:50:35.217000-04:00,2020-10-06 23:02:11.907000-04:00,3,,,,,,Treatment 3,461.13,75.1165,4.0,3.0,1.0,1.0,4.0,5.0,0.0,0.0,12.0,3.0,0.0,0.0,0.0,3.0,,,,,,7286434
PSAU88D,740905,2020-10-06 10:17:00-04:00,2020-10-07 00:59:00-04:00,2020-10-06 13:00:49.811000-04:00,,3,,,,,,Treatment 1,12783.386,1200.229,10.0,4.0,3.0,3.0,8.0,20.0,10.0,5.0,0.0,0.0,0.0,0.0,5.0,2.0,,,,,,7229862
PSAU88D,741006,2020-10-06 10:17:00-04:00,2020-10-07 00:59:00-04:00,2020-10-06 20:45:32.017000-04:00,,2,,,,,,Treatment 1,4054.157,4048.973,1.0,0.0,,,1.0,2.0,1.0,0.0,0.0,0.0,0.0,0.0,0.0,2.0,,,,,,7282729
PSAU88D,741634,2020-09-18 09:15:00-04:00,2020-09-23 07:00:00-04:00,2020-09-21 09:13:57.239000-04:00,,1,,,,,,Treatment 2,558.99,41.7763333333333,5.0,1.0,1.0,1.0,3.0,3.0,0.0,0.0,15.0,9.0,0.0,0.0,0.0,1.0,,,,,,5882865
PSAU88D,741635,2020-09-18 09:15:00-04:00,2020-09-23 07:00:00-04:00,2020-09-20 17:37:56.358000-04:00,2020-09-20 17:56:30.691000-04:00,1,,,,,,Treatment 1,1018.386,339.454333333333,3.0,3.0,,,3.0,3.0,3.0,0.0,0.0,0.0,0.0,0.0,0.0,1.0,,,,,,5866789
PSAU88D,741638,2020-09-18 09:15:00-04:00,2020-09-23 07:00:00-04:00,2020-09-23 11:01:27.873000-04:00,2020-09-23 11:28:25.936000-04:00,1,,,,,,Treatment 1,1490.337,496.775333333333,3.0,3.0,,,3.0,3.0,3.0,0.0,0.0,0.0,0.0,0.0,0.0,1.0,,,,,,6168774
PSAU88D,741641,2020-09-18 09:15:00-04:00,2020-09-23 07:00:00-04:00,2020-09-20 16:41:53.872000-04:00,2020-09-20 16:52:08.307000-04:00,1,,,,,,Treatment 2,247.143,39.235,5.0,4.0,1.0,1.0,5.0,6.0,0.0,0.0,15.0,1.0,0.0,0.0,0.0,1.0,,,,,,5866006
PSAU88D,741642,2020-09-18 09:15:00-04:00,2020-09-23 07:00:00-04:00,2020-09-22 20:26:10.611000-04:00,2020-09-23 09:41:33.041000-04:00,2,,,,,,Not Assigned,,,,,,,,,,,,,,,,,,,,,,6127763
PSAU88D,741643,2020-09-18 09:15:00-04:00,2020-09-23 07:00:00-04:00,2020-09-22 13:23:56.292000-04:00,2020-09-22 13:27:03.889000-04:00,1,,,,,,Control 1,131.906,43.9656666666667,3.0,3.0,,,3.0,3.0,3.0,0.0,0.0,0.0,0.0,0.0,0.0,1.0,,,,,,6073336
PSAU88D,741644,2020-09-18 09:15:00-04:00,2020-09-23 07:00:00-04:00,2020-09-22 14:17:41.807000-04:00,2020-09-22 14:23:11.729000-04:00,1,,,,,,Treatment 1,210.101,70.03,3.0,3.0,,,3.0,3.0,3.0,0.0,0.0,0.0,0.0,0.0,0.0,1.0,,,,,,6088444
PSAU88D,741645,2020-09-18 09:15:00-04:00,2020-09-23 07:00:00-04:00,2020-09-27 10:48:26.026000-04:00,2020-09-27 11:08:27.547000-04:00,1,,,,,,Control 1,1139.816,89.9944444444444,9.0,6.0,3.0,,9.0,15.0,9.0,0.0,0.0,0.0,0.0,0.0,1.0,1.0,,,,,,6482080
PSAU88D,741653,2020-09-18 09:15:00-04:00,2020-09-23 07:00:00-04:00,2020-09-22 13:24:25.905000-04:00,2020-09-23 11:15:45.474000-04:00,2,,,,,,Treatment 3,78579.855,31.1871428571429,8.0,4.0,2.0,2.0,7.0,7.0,0.0,0.0,24.0,12.0,0.0,0.0,0.0,3.0,,,,,,6073496
PSAU88D,741687,2020-09-18 09:15:00-04:00,2020-09-23 07:00:00-04:00,2020-09-22 13:31:04.879000-04:00,,4,,,,,,Treatment 2,116538.268,48.2575,4.0,2.0,1.0,1.0,4.0,4.0,0.0,0.0,12.0,6.0,0.0,0.0,0.0,4.0,,,,,,6075246
PSAU88D,743073,2020-10-06 10:17:00-04:00,2020-10-07 00:59:00-04:00,2020-10-06 14:28:39.908000-04:00,2020-10-06 15:40:26.559000-04:00,1,,,,,,Treatment 2,3749.198,876.3675,4.0,3.0,1.0,1.0,4.0,4.0,0.0,0.0,12.0,3.0,0.0,0.0,0.0,1.0,,,,,,7250505
PSAU88D,743084,2020-10-06 10:17:00-04:00,2020-10-07 00:59:00-04:00,2020-10-06 19:50:39.299000-04:00,2020-10-06 19:58:12.461000-04:00,1,,,,,,Treatment 2,180.544,60.1766666666667,3.0,3.0,,,3.0,3.0,0.0,0.0,9.0,0.0,0.0,0.0,0.0,1.0,,,,,,7280467
PSAU88D,743101,2020-10-06 10:17:00-04:00,2020-10-07 00:59:00-04:00,2020-10-06 18:29:15.752000-04:00,,3,,,,,,Not Assigned,,,,,,,,,,,,,,,,,,,,,,7276844
PSAU88D,743102,2020-10-06 10:17:00-04:00,2020-10-07 00:59:00-04:00,2020-10-06 13:27:46.217000-04:00,2020-10-06 13:34:29.618000-04:00,1,,,,,,Treatment 2,282.547,94.1743333333333,3.0,3.0,,,3.0,3.0,0.0,0.0,9.0,0.0,0.0,0.0,0.0,1.0,,,,,,7235989
PSAU88D,743103,2020-10-06 10:17:00-04:00,2020-10-07 00:59:00-04:00,2020-10-06 14:27:57.965000-04:00,2020-10-06 23:05:55.736000-04:00,2,,,,,,Treatment 2,373.284,124.423,3.0,3.0,,,3.0,3.0,0.0,0.0,9.0,0.0,0.0,0.0,0.0,1.0,,,,,,7250379
PSAU88D,743104,2020-10-06 10:17:00-04:00,2020-10-07 00:59:00-04:00,2020-10-06 14:34:29.435000-04:00,2020-10-06 19:56:18.039000-04:00,2,,,,,,Not Assigned,,,,,,,,,,,,,,,,,,,,,,7251631
PSAU88D,743106,2020-10-06 10:17:00-04:00,2020-10-07 00:59:00-04:00,2020-10-06 14:29:26.589000-04:00,2020-10-06 18:36:02.016000-04:00,3,,,,,,Treatment 2,14612.662,3647.12625,4.0,3.0,1.0,1.0,4.0,5.0,0.0,0.0,12.0,1.0,0.0,0.0,0.0,2.0,,,,,,7250671
PSAU88D,743116,2020-10-06 10:17:00-04:00,2020-10-07 00:59:00-04:00,2020-10-06 17:23:19.169000-04:00,2020-10-06 20:32:52.654000-04:00,2,,,,,,Treatment 2,11180.883,2729.27325,4.0,3.0,1.0,1.0,4.0,4.0,0.0,0.0,12.0,3.0,0.0,0.0,0.0,2.0,,,,,,7273171
PSAU88D,743137,2020-10-06 10:17:00-04:00,2020-10-07 00:59:00-04:00,2020-10-21 10:15:12.758000-04:00,,1,,,,,,Treatment 3,,,1.0,,,,,0.0,0.0,0.0,3.0,0.0,0.0,0.0,0.0,1.0,,,,,,8242337
PSAU88D,743156,2020-10-06 10:17:00-04:00,2020-10-07 00:59:00-04:00,2020-10-06 21:53:48.735000-04:00,,1,,,,,,Not Assigned,,,,,,,,,,,,,,,,,,,,,,7284944
PSAU88D,743302,2020-09-18 09:15:00-04:00,2020-09-23 07:00:00-04:00,2020-09-22 13:18:52.569000-04:00,2020-09-22 13:24:34.504000-04:00,1,,,,,,Treatment 2,303.617,55.3455,4.0,3.0,1.0,1.0,4.0,4.0,0.0,0.0,12.0,3.0,0.0,0.0,0.0,1.0,,,,,,6071970
PSAU88D,743310,2020-09-18 09:15:00-04:00,2020-09-23 07:00:00-04:00,2020-10-02 13:53:30.028000-04:00,,2,,,,,,Treatment 3,542.309,27.429,1.0,0.0,,,1.0,1.0,0.0,0.0,3.0,3.0,0.0,0.0,0.0,3.0,,,,,,7019467
PSAU88D,743311,2020-09-18 09:15:00-04:00,2020-09-23 07:00:00-04:00,2020-09-23 10:22:31.277000-04:00,,1,,,,,,Not Assigned,,,,,,,,,,,,,,,,,,,,,,6159343
PSAU88D,743314,2020-09-18 09:15:00-04:00,2020-09-23 07:00:00-04:00,2020-09-22 13:27:06.413000-04:00,2020-09-22 15:08:08.556000-04:00,2,,,,,,Treatment 1,5922.848,625.175888888889,9.0,5.0,3.0,,9.0,16.0,9.0,0.0,0.0,0.0,0.0,0.0,0.0,2.0,,,,,,6074212
PSAU88D,743319,2020-09-18 09:15:00-04:00,2020-09-23 07:00:00-04:00,2020-09-22 08:29:58.713000-04:00,2020-09-22 08:32:09.722000-04:00,1,,,,,,Treatment 3,74.685,11.3365,6.0,5.0,1.0,1.0,6.0,7.0,0.0,0.0,18.0,1.0,0.0,0.0,0.0,1.0,,,,,,6005768
PSAU88D,743326,2020-09-18 09:15:00-04:00,2020-09-23 07:00:00-04:00,2020-09-22 16:40:06.443000-04:00,2020-10-21 09:15:16.941000-04:00,4,,,,,,Treatment 1,1964702.079,56.724,7.0,5.0,2.0,2.0,7.0,20.0,7.0,2.0,0.0,0.0,0.0,0.0,2.0,2.0,,,,,,6113346
PSAU88D,743329,2020-09-18 09:15:00-04:00,2020-09-23 07:00:00-04:00,2020-09-24 17:33:56.472000-04:00,2020-09-24 17:38:56.116000-04:00,1,,,,,,Not Assigned,,,,,,,,,,,,,,,,,,,,,,6369569
PSAU88D,743414,2020-10-06 10:17:00-04:00,2020-10-07 00:59:00-04:00,2020-10-06 14:36:16.014000-04:00,,1,,,,,,Not Assigned,,,,,,,,,,,,,,,,,,,,,,7251979
PSAU88D,743434,2020-10-06 10:17:00-04:00,2020-10-07 00:59:00-04:00,2020-10-06 16:28:13.137000-04:00,,2,,,,,,Not Assigned,,,,,,,,,,,,,,,,,,,,,,7268656
PSAU88D,743842,2020-10-06 10:17:00-04:00,2020-10-07 00:59:00-04:00,2020-10-06 14:34:56.837000-04:00,,1,,,,,,Control 1,500.874,456.068,2.0,0.0,,,1.0,2.0,2.0,0.0,0.0,0.0,0.0,0.0,0.0,1.0,,,,,,7251732
PSAU88D,749940,2020-09-28 09:22:38.804000-04:00,2020-10-07 09:24:00-04:00,2020-10-05 09:33:51.008000-04:00,,1,,,,,,Not Assigned,,,,,,,,,,,,,,,,,,,,,,7073201
PSAU88D,756196,2020-09-28 09:22:38.804000-04:00,2020-10-07 09:24:00-04:00,2020-10-07 08:52:32.514000-04:00,,1,,,,,,Treatment 2,117.508,,1.0,0.0,,,0.0,0.0,0.0,0.0,3.0,3.0,0.0,0.0,0.0,1.0,,,,,,7293439
PSAU88D,764497,2020-09-24 08:25:00-04:00,2020-09-24 22:00:00-04:00,2020-09-24 15:11:20.627000-04:00,,3,,,,,,Not Assigned,,,,,,,,,,,,,,,,,,,,,,6353191
PSAU88D,765635,2020-09-24 08:25:00-04:00,2020-09-24 22:00:00-04:00,2020-09-24 09:22:19.022000-04:00,2020-09-24 09:43:56.328000-04:00,1,,,,,,Control 1,1137.427,91.4857777777778,9.0,5.0,3.0,,9.0,14.0,9.0,0.0,0.0,0.0,0.0,0.0,1.0,1.0,,,,,,6269682
PSAU88D,765744,2020-09-24 08:25:00-04:00,2020-09-24 22:00:00-04:00,2020-09-24 09:22:50.009000-04:00,2020-09-24 09:33:30.014000-04:00,1,,,,,,Treatment 2,309.829,54.76425,4.0,3.0,1.0,1.0,4.0,4.0,0.0,0.0,12.0,3.0,0.0,0.0,0.0,1.0,,,,,,6269783
PSAU88D,765797,2020-09-22 09:00:00-04:00,2020-09-28 07:00:00-04:00,2020-09-30 19:18:47.373000-04:00,2020-10-12 19:37:30.863000-04:00,3,,,,,,Treatment 2,1037528.691,72.9138333333333,7.0,3.0,1.0,1.0,6.0,7.0,0.0,0.0,21.0,10.0,0.0,0.0,0.0,4.0,,,,,,6835643
PSAU88D,765802,2020-09-22 09:00:00-04:00,2020-09-28 07:00:00-04:00,2020-09-22 11:32:15.584000-04:00,2020-09-22 11:34:07.563000-04:00,1,,,,,,Treatment 2,67.411,22.467,3.0,3.0,,,3.0,3.0,0.0,0.0,9.0,0.0,0.0,0.0,0.0,1.0,,,,,,6044703
PSAU88D,765804,2020-09-22 09:00:00-04:00,2020-09-28 07:00:00-04:00,2020-09-28 11:06:35.025000-04:00,,1,,,,,,Not Assigned,,,,,,,,,,,,,,,,,,,,,,6520558
PSAU88D,765809,2020-09-22 09:00:00-04:00,2020-09-28 07:00:00-04:00,2020-09-22 13:55:49.458000-04:00,2020-09-22 14:00:14.089000-04:00,1,,,,,,Control 1,166.973,55.6476666666667,3.0,3.0,,,3.0,3.0,3.0,0.0,0.0,0.0,0.0,0.0,0.0,1.0,,,,,,6082443
PSAU88D,765811,2020-09-22 09:00:00-04:00,2020-09-28 07:00:00-04:00,2020-09-23 15:34:25.008000-04:00,2020-09-23 15:52:05.485000-04:00,1,,,,,,Treatment 2,827.206,275.726666666667,3.0,3.0,,,3.0,3.0,0.0,0.0,9.0,0.0,0.0,0.0,0.0,1.0,,,,,,6230284
PSAU88D,766252,2020-09-24 08:25:00-04:00,2020-09-24 22:00:00-04:00,2020-09-24 08:59:40.234000-04:00,2020-09-24 09:03:00.790000-04:00,1,,,,,,Treatment 3,160.294,53.4256666666667,3.0,3.0,,,3.0,3.0,0.0,0.0,9.0,0.0,0.0,0.0,0.0,1.0,,,,,,6265759
PSAU88D,766255,2020-09-24 08:25:00-04:00,2020-09-24 22:00:00-04:00,2020-09-24 09:46:05.086000-04:00,2020-09-24 10:51:26.797000-04:00,3,,,,,,Control 1,3794.768,159.043,9.0,7.0,2.0,,9.0,11.0,9.0,0.0,0.0,0.0,0.0,0.0,0.0,2.0,,,,,,6274452
PSAU88D,766258,2020-09-24 08:25:00-04:00,2020-09-24 22:00:00-04:00,2020-09-24 09:44:06.025000-04:00,2020-09-24 15:02:32.557000-04:00,2,,,,,,Control 1,18636.142,2052.40711111111,9.0,5.0,3.0,,9.0,13.0,9.0,0.0,0.0,0.0,0.0,0.0,3.0,2.0,,,,,,6274035
PSAU88D,766263,2020-09-24 08:25:00-04:00,2020-09-24 22:00:00-04:00,2020-09-24 11:07:24.297000-04:00,,1,,,,,,Treatment 1,3375.067,819.24825,4.0,3.0,1.0,,4.0,5.0,4.0,0.0,0.0,0.0,0.0,0.0,0.0,1.0,,,,,,6293616
PSAU88D,766293,2020-09-25 09:03:02.155000-04:00,2020-09-25 22:04:00-04:00,2020-10-01 08:07:54.284000-04:00,,1,,,,,,Treatment 2,,,1.0,,,,,0.0,0.0,0.0,3.0,0.0,0.0,0.0,0.0,1.0,,,,,,6847702
PSAU88D,766332,2020-09-24 08:25:00-04:00,2020-09-24 22:00:00-04:00,2020-09-24 13:15:49.042000-04:00,2020-09-24 19:09:08.294000-04:00,2,,,,,,Control 1,1952.734,441.41175,4.0,3.0,1.0,,4.0,8.0,4.0,0.0,0.0,0.0,0.0,0.0,1.0,1.0,,,,,,6325416
PSAU88D,766377,2020-09-24 08:25:00-04:00,2020-09-24 22:00:00-04:00,2020-09-24 21:34:47.286000-04:00,2020-09-24 22:06:17.756000-04:00,1,,,,,,Treatment 3,1631.016,119.2305,7.0,4.0,2.0,2.0,6.0,6.0,0.0,0.0,21.0,9.0,0.0,0.0,0.0,1.0,,,,,,6380402
PSAU88D,766379,2020-09-24 08:25:00-04:00,2020-09-24 22:00:00-04:00,2020-09-24 13:23:59.944000-04:00,,5,,,,,,Control 1,97961.438,23150.00025,5.0,2.0,2.0,,4.0,6.0,5.0,0.0,0.0,0.0,0.0,0.0,1.0,3.0,,,,,,6327587
PSAU88D,766380,2020-09-24 08:25:00-04:00,2020-09-24 22:00:00-04:00,2020-09-24 09:53:35.542000-04:00,,2,,,,,,Treatment 2,80268.246,39948.9115,3.0,0.0,0.0,0.0,2.0,4.0,0.0,0.0,9.0,9.0,0.0,0.0,0.0,2.0,,,,,,6276193
PSAU88D,766381,2020-09-25 09:03:02.155000-04:00,2020-09-25 22:04:00-04:00,2020-09-25 09:47:53.141000-04:00,,1,,,,,,Not Assigned,,,,,,,,,,,,,,,,,,,,,,6399551
PSAU88D,766382,2020-09-25 09:03:02.155000-04:00,2020-09-25 22:04:00-04:00,2020-09-27 17:50:26.477000-04:00,2020-09-27 17:56:30.035000-04:00,1,,,,,,Treatment 1,213.883,71.291,3.0,3.0,,,3.0,3.0,3.0,0.0,0.0,0.0,0.0,0.0,0.0,1.0,,,,,,6486318
PSAU88D,766688,2020-09-22 09:00:00-04:00,2020-09-28 07:00:00-04:00,2020-09-24 13:27:34.535000-04:00,2020-09-24 13:32:51.324000-04:00,1,,,,,,Treatment 1,269.236,89.7416666666667,3.0,3.0,,,3.0,3.0,3.0,0.0,0.0,0.0,0.0,0.0,0.0,1.0,,,,,,6328478
PSAU88D,766689,2020-09-22 09:00:00-04:00,2020-09-28 07:00:00-04:00,2020-09-22 10:29:52.252000-04:00,2020-09-24 13:22:55.166000-04:00,6,,,,,,Control 1,81441.954,30.2555,16.0,11.0,4.0,,16.0,28.0,16.0,0.0,0.0,0.0,0.0,0.0,0.0,3.0,,,,,,6029119
PSAU88D,766690,2020-09-22 09:00:00-04:00,2020-09-28 07:00:00-04:00,2020-09-23 12:39:46.816000-04:00,2020-10-07 09:20:55.795000-04:00,3,,,,,,Treatment 1,1197585.592,299324.6025,4.0,3.0,1.0,1.0,4.0,7.0,4.0,1.0,0.0,0.0,0.0,0.0,1.0,2.0,,,,,,6192664
PSAU88D,766691,2020-09-22 09:00:00-04:00,2020-09-28 07:00:00-04:00,2020-09-28 19:21:50.811000-04:00,2020-09-28 19:25:09.051000-04:00,1,,,,,,Treatment 1,124.258,41.3896666666667,3.0,3.0,,,3.0,3.0,3.0,0.0,0.0,0.0,0.0,0.0,0.0,1.0,,,,,,6593373
PSAU88D,766692,2020-09-22 09:00:00-04:00,2020-09-28 07:00:00-04:00,2020-09-23 13:12:01.635000-04:00,2020-09-27 18:08:36.682000-04:00,2,,,,,,Treatment 1,363146.24,40308.8337777778,9.0,5.0,3.0,1.0,9.0,14.0,9.0,1.0,0.0,0.0,0.0,0.0,0.0,2.0,,,,,,6200326
PSAU88D,766693,2020-09-22 09:00:00-04:00,2020-09-28 07:00:00-04:00,2020-09-25 15:59:45.023000-04:00,2020-09-25 16:06:58.386000-04:00,1,,,,,,Treatment 1,373.863,60.85525,4.0,3.0,1.0,,4.0,7.0,4.0,0.0,0.0,0.0,0.0,0.0,0.0,1.0,,,,,,6463206
PSAU88D,766697,2020-09-22 09:00:00-04:00,2020-09-28 07:00:00-04:00,2020-09-23 11:21:02.730000-04:00,2020-09-25 07:15:11.149000-04:00,2,,,,,,Control 1,157982.438,22563.1041428571,7.0,5.0,2.0,,7.0,9.0,7.0,0.0,0.0,0.0,0.0,0.0,0.0,2.0,,,,,,6173780
PSAU88D,766700,2020-09-22 09:00:00-04:00,2020-09-28 07:00:00-04:00,2020-10-06 10:20:09.554000-04:00,2020-10-06 11:40:56.108000-04:00,3,,,,,,Treatment 2,4763.703,89.8298333333333,6.0,3.0,1.0,1.0,6.0,6.0,0.0,0.0,18.0,9.0,0.0,0.0,0.0,3.0,,,,,,7194437
PSAU88D,766702,2020-09-22 09:00:00-04:00,2020-09-28 07:00:00-04:00,2020-09-28 20:43:33.776000-04:00,2020-09-28 20:47:10.498000-04:00,1,,,,,,Treatment 3,128.99,42.986,3.0,3.0,,,3.0,3.0,0.0,0.0,9.0,0.0,0.0,0.0,0.0,1.0,,,,,,6596726
PSAU88D,766853,2020-09-24 08:25:00-04:00,2020-09-24 22:00:00-04:00,2020-09-24 12:53:56.269000-04:00,,2,,,,,,Treatment 1,1791.545,88.7964166666666,12.0,6.0,4.0,3.0,11.0,21.0,12.0,3.0,0.0,0.0,0.0,0.0,3.0,2.0,,,,,,6319951
PSAU88D,767560,2020-09-24 08:25:00-04:00,2020-09-24 22:00:00-04:00,2020-09-24 09:39:54.514000-04:00,2020-09-24 17:29:28.987000-04:00,4,,,,,,Control 1,28099.004,230.778,4.0,3.0,1.0,,4.0,8.0,4.0,0.0,0.0,0.0,0.0,0.0,1.0,2.0,,,,,,6273130
PSAU88D,767778,2020-09-24 08:25:00-04:00,2020-09-24 22:00:00-04:00,2020-09-24 09:20:40.505000-04:00,,1,,,,,,Treatment 2,10179.148,3393.04133333333,3.0,3.0,,,3.0,3.0,0.0,0.0,9.0,0.0,0.0,0.0,0.0,1.0,,,,,,6269428
PSAU88D,767834,2020-09-24 08:25:00-04:00,2020-09-24 22:00:00-04:00,2020-09-24 19:29:36.877000-04:00,2020-09-24 19:33:01.137000-04:00,1,,,,,,Treatment 1,139.817,29.75175,4.0,3.0,1.0,,4.0,5.0,4.0,0.0,0.0,0.0,0.0,0.0,0.0,1.0,,,,,,6375879
PSAU88D,767960,2020-09-25 09:03:02.155000-04:00,2020-09-25 22:04:00-04:00,2020-09-25 10:37:16.954000-04:00,2020-09-25 10:50:04.249000-04:00,1,,,,,,Treatment 3,549.662,74.999,6.0,5.0,1.0,1.0,6.0,6.0,0.0,0.0,18.0,3.0,0.0,0.0,0.0,1.0,,,,,,6408541
PSAU88D,767964,2020-09-24 08:25:00-04:00,2020-09-24 22:00:00-04:00,2020-09-24 09:35:48.125000-04:00,,1,,,,,,Not Assigned,,,,,,,,,,,,,,,,,,,,,,6272211
PSAU88D,768002,2020-09-24 08:25:00-04:00,2020-09-24 22:00:00-04:00,2020-09-24 09:19:04.595000-04:00,,1,,,,,,Not Assigned,,,,,,,,,,,,,,,,,,,,,,6269151
PSAU88D,768003,2020-09-24 08:25:00-04:00,2020-09-24 22:00:00-04:00,2020-09-24 09:16:20.957000-04:00,2020-09-24 09:36:34.208000-04:00,1,,,,,,Treatment 1,1080.668,239.4715,4.0,3.0,1.0,,4.0,5.0,4.0,0.0,0.0,0.0,0.0,0.0,0.0,1.0,,,,,,6268695
PSAU88D,768004,2020-09-24 08:25:00-04:00,2020-09-24 22:00:00-04:00,2020-09-24 09:17:16.698000-04:00,2020-09-24 09:26:05.173000-04:00,1,,,,,,Treatment 3,288.531,44.32775,4.0,3.0,1.0,1.0,4.0,4.0,0.0,0.0,12.0,3.0,0.0,0.0,0.0,1.0,,,,,,6268837
PSAU88D,768016,2020-09-24 08:25:00-04:00,2020-09-24 22:00:00-04:00,2020-09-24 09:16:20.462000-04:00,2020-09-24 09:27:27.119000-04:00,1,,,,,,Treatment 3,608.195,63.2491666666667,6.0,5.0,1.0,1.0,6.0,6.0,0.0,0.0,18.0,3.0,0.0,0.0,0.0,1.0,,,,,,6268696
PSAU88D,768291,2020-09-22 09:00:00-04:00,2020-09-28 07:00:00-04:00,2020-09-29 11:35:53.262000-04:00,,1,,,,,,Treatment 3,123.967,42.628,1.0,0.0,,,1.0,1.0,0.0,0.0,3.0,3.0,0.0,0.0,0.0,1.0,,,,,,6644872
PSAU88D,768561,2020-09-22 09:00:00-04:00,2020-09-28 07:00:00-04:00,2020-09-28 12:26:31.962000-04:00,2020-10-01 13:12:10.093000-04:00,4,,,,,,Not Assigned,,,,,,,,,,,,,,,,,,,,,,6537414
PSAU88D,769992,2020-09-22 09:00:00-04:00,2020-09-28 07:00:00-04:00,2020-09-23 10:13:55.915000-04:00,2020-09-23 11:11:29.780000-04:00,1,,,,,,Not Assigned,,,,,,,,,,,,,,,,,,,,,,6157510
PSAU88D,769993,2020-09-22 09:00:00-04:00,2020-09-28 07:00:00-04:00,2020-09-22 14:31:23.222000-04:00,2020-09-22 14:36:59.497000-04:00,1,,,,,,Treatment 2,245.872,81.9536666666667,3.0,3.0,,,3.0,3.0,0.0,0.0,9.0,0.0,0.0,0.0,0.0,1.0,,,,,,6092137
PSAU88D,769994,2020-09-22 09:00:00-04:00,2020-09-28 07:00:00-04:00,2020-09-27 13:34:49.315000-04:00,2020-09-27 13:43:31.010000-04:00,2,,,,,,Treatment 3,331.076,49.189,4.0,3.0,1.0,1.0,3.0,3.0,0.0,0.0,12.0,3.0,0.0,0.0,0.0,3.0,,,,,,6483438
PSAU88D,769995,2020-09-22 09:00:00-04:00,2020-09-28 07:00:00-04:00,2020-09-23 08:55:09.343000-04:00,2020-09-23 09:14:25.769000-04:00,1,,,,,,Treatment 3,1050.895,113.744142857143,8.0,6.0,2.0,2.0,7.0,7.0,0.0,0.0,24.0,6.0,0.0,0.0,0.0,1.0,,,,,,6142230
PSAU88D,769996,2020-09-22 09:00:00-04:00,2020-09-28 07:00:00-04:00,2020-10-06 11:57:05.492000-04:00,,1,,,,,,Treatment 2,,,1.0,,,,,0.0,0.0,0.0,3.0,0.0,0.0,0.0,0.0,1.0,,,,,,7215768
PSAU88D,769998,2020-09-22 09:00:00-04:00,2020-09-28 07:00:00-04:00,2020-09-23 09:54:46.867000-04:00,2020-09-23 12:29:50.366000-04:00,2,,,,,,Treatment 2,9227.596,1806.2848,5.0,4.0,1.0,1.0,5.0,5.0,0.0,0.0,15.0,3.0,0.0,0.0,0.0,2.0,,,,,,6153235
PSAU88D,769999,2020-09-22 09:00:00-04:00,2020-09-28 07:00:00-04:00,2020-09-22 17:14:29.709000-04:00,2020-09-22 17:17:58.876000-04:00,1,,,,,,Control 1,163.099,54.363,3.0,3.0,,,3.0,3.0,3.0,0.0,0.0,0.0,0.0,0.0,0.0,1.0,,,,,,6116594
PSAU88D,770000,2020-09-22 09:00:00-04:00,2020-09-28 07:00:00-04:00,2020-09-22 17:22:50.775000-04:00,2020-09-22 17:39:21.952000-04:00,1,,,,,,Treatment 2,914.409,68.8968888888889,9.0,6.0,3.0,3.0,9.0,9.0,0.0,0.0,27.0,9.0,0.0,0.0,0.0,1.0,,,,,,6117270
PSAU88D,770001,2020-09-22 09:00:00-04:00,2020-09-28 07:00:00-04:00,2020-09-28 12:39:59.421000-04:00,2020-09-28 12:43:36.747000-04:00,1,,,,,,Not Assigned,,,,,,,,,,,,,,,,,,,,,,6540195
PSAU88D,771248,2020-09-22 09:00:00-04:00,2020-09-28 07:00:00-04:00,2020-09-23 11:53:52.856000-04:00,2020-09-23 12:54:45.317000-04:00,1,,,,,,Control 1,3496.864,308.496727272727,11.0,7.0,3.0,,11.0,15.0,11.0,0.0,0.0,0.0,0.0,0.0,4.0,1.0,,,,,,6181581
PSAU88D,771862,2020-09-22 09:00:00-04:00,2020-09-28 07:00:00-04:00,2020-09-23 10:54:03.667000-04:00,2020-09-23 10:56:18.004000-04:00,1,,,,,,Treatment 3,67.676,22.5553333333333,3.0,3.0,,,3.0,3.0,0.0,0.0,9.0,0.0,0.0,0.0,0.0,1.0,,,,,,6167153
PSAU88D,771865,2020-09-22 09:00:00-04:00,2020-09-28 07:00:00-04:00,2020-09-23 13:51:05.065000-04:00,2020-09-23 14:35:54.468000-04:00,1,,,,,,Treatment 1,2463.343,454.879,4.0,3.0,1.0,,3.0,5.0,4.0,0.0,0.0,0.0,0.0,0.0,0.0,1.0,,,,,,6209605
PSAU88D,771866,2020-09-22 09:00:00-04:00,2020-09-28 07:00:00-04:00,2020-09-23 10:01:46.376000-04:00,2020-09-23 10:06:21.609000-04:00,1,,,,,,Treatment 3,213.167,26.602,4.0,3.0,1.0,1.0,4.0,4.0,0.0,0.0,12.0,3.0,0.0,0.0,0.0,1.0,,,,,,6154856
PSAU88D,771888,2020-09-22 09:00:00-04:00,2020-09-28 07:00:00-04:00,2020-09-22 16:01:10.001000-04:00,2020-09-22 16:19:38.940000-04:00,1,,,,,,Control 1,622.729,207.572333333333,3.0,3.0,,,3.0,3.0,3.0,0.0,0.0,0.0,0.0,0.0,0.0,1.0,,,,,,6108340
PSAU88D,771891,2020-09-22 09:00:00-04:00,2020-09-28 07:00:00-04:00,2020-10-06 14:01:57.095000-04:00,2020-10-06 14:06:46.085000-04:00,1,,,,,,Control 1,145.634,48.5333333333333,3.0,3.0,,,3.0,3.0,3.0,0.0,0.0,0.0,0.0,0.0,0.0,1.0,,,,,,7244178
PSAU88D,771893,2020-09-22 09:00:00-04:00,2020-09-28 07:00:00-04:00,2020-09-28 21:28:01.498000-04:00,2020-10-19 11:26:50.965000-04:00,3,,,,,,Not Assigned,,,,,,,,,,,,,,,,,,,,,,6598399
PSAU88D,771910,2020-09-22 09:00:00-04:00,2020-09-28 07:00:00-04:00,2020-10-06 17:17:05.010000-04:00,2020-10-06 17:49:39.678000-04:00,1,,,,,,Treatment 2,1722.419,574.12,3.0,3.0,,,3.0,3.0,0.0,0.0,9.0,0.0,0.0,0.0,0.0,1.0,,,,,,7272758
PSAU88D,772470,2020-10-06 10:17:00-04:00,2020-10-07 00:59:00-04:00,2020-10-06 14:10:57.818000-04:00,2020-10-06 14:27:49.608000-04:00,1,,,,,,Control 1,840.748,95.0006666666667,6.0,4.0,2.0,,6.0,11.0,6.0,0.0,0.0,0.0,0.0,0.0,0.0,1.0,,,,,,7246418
PSAU88D,774059,2020-09-24 08:25:00-04:00,2020-09-24 22:00:00-04:00,2020-09-24 09:23:44.229000-04:00,2020-09-28 21:01:36.776000-04:00,7,,,,,,Treatment 3,295918.583,26817.4528181818,12.0,8.0,3.0,3.0,11.0,11.0,0.0,0.0,36.0,12.0,0.0,0.0,0.0,3.0,,,,,,6269926
PSAU88D,775324,2020-09-23 07:33:11.008000-04:00,2020-09-23 11:00:00-04:00,2020-09-23 07:40:28.707000-04:00,,1,,,,,,Treatment 2,7967.262,95.3253333333333,4.0,2.0,1.0,1.0,3.0,3.0,0.0,0.0,12.0,3.0,0.0,0.0,0.0,1.0,,,,,,6136779
PSAU88D,775329,2020-09-23 07:33:11.004000-04:00,2020-09-23 11:00:00-04:00,2020-09-23 08:38:54.042000-04:00,2020-09-23 08:42:40.600000-04:00,1,,,,,,Control 1,145.171,48.3883333333333,3.0,3.0,,,3.0,3.0,3.0,0.0,0.0,0.0,0.0,0.0,0.0,1.0,,,,,,6140403
PSAU88D,775382,2020-09-23 07:33:11.002000-04:00,2020-09-23 11:00:00-04:00,2020-09-23 08:05:34.697000-04:00,,1,,,,,,Not Assigned,,,,,,,,,,,,,,,,,,,,,,6137674
PSAU88D,775393,2020-09-23 07:33:11.002000-04:00,2020-09-23 11:00:00-04:00,2020-09-23 08:10:56.801000-04:00,2020-09-23 08:13:45.755000-04:00,1,,,,,,Control 1,126.308,10.419,4.0,3.0,1.0,,4.0,5.0,4.0,0.0,0.0,0.0,0.0,0.0,1.0,1.0,,,,,,6138041
PSAU88D,775396,2020-09-23 07:33:11.003000-04:00,2020-09-23 11:00:00-04:00,2020-09-23 08:22:35.349000-04:00,2020-09-23 08:33:47.587000-04:00,1,,,,,,Treatment 1,519.781,18.2833,10.0,7.0,3.0,3.0,9.0,19.0,10.0,3.0,0.0,0.0,0.0,0.0,3.0,1.0,,,,,,6138897
PSAU88D,775401,2020-09-23 07:33:11.003000-04:00,2020-09-23 11:00:00-04:00,2020-09-23 08:11:47.760000-04:00,2020-09-23 08:18:06.250000-04:00,1,,,,,,Control 1,318.391,24.206,9.0,6.0,3.0,,9.0,15.0,9.0,0.0,0.0,0.0,0.0,0.0,2.0,1.0,,,,,,6138102
PSAU88D,775403,2020-09-23 07:33:11.002000-04:00,2020-09-23 11:00:00-04:00,2020-09-23 08:45:18.406000-04:00,,2,,,,,,Treatment 3,9097.733,665.502,1.0,0.0,,,1.0,1.0,0.0,0.0,3.0,3.0,0.0,0.0,0.0,3.0,,,,,,6141067
PSAU88D,775405,2020-09-23 07:33:11-04:00,2020-09-23 11:00:00-04:00,2020-09-23 08:15:12.961000-04:00,2020-09-23 08:22:30.488000-04:00,1,,,,,,Treatment 1,368.568,64.63,4.0,3.0,1.0,1.0,4.0,8.0,4.0,1.0,0.0,0.0,0.0,0.0,0.0,1.0,,,,,,6138347
PSAU88D,775407,2020-09-23 07:33:11-04:00,2020-09-23 11:00:00-04:00,2020-09-23 08:25:41.703000-04:00,2020-09-23 08:33:38.151000-04:00,1,,,,,,Treatment 1,263.397,42.2653333333333,6.0,5.0,1.0,,6.0,7.0,6.0,0.0,0.0,0.0,0.0,0.0,0.0,1.0,,,,,,6139139
PSAU88D,775409,2020-09-23 07:33:11.004000-04:00,2020-09-23 11:00:00-04:00,2020-09-23 08:15:21.581000-04:00,2020-09-23 08:25:11.060000-04:00,1,,,,,,Treatment 2,506.191,56.1433333333333,6.0,5.0,1.0,1.0,6.0,6.0,0.0,0.0,18.0,3.0,0.0,0.0,0.0,1.0,,,,,,6138359
PSAU88D,775412,2020-09-23 07:33:11-04:00,2020-09-23 11:00:00-04:00,2020-09-23 08:52:32.878000-04:00,,2,,,,,,Control 1,8574.615,686.708916666667,12.0,6.0,4.0,,10.0,18.0,12.0,0.0,0.0,0.0,0.0,0.0,3.0,2.0,,,,,,6141877
PSAU88D,775415,2020-09-23 07:33:11.003000-04:00,2020-09-23 11:00:00-04:00,2020-09-23 08:18:04.380000-04:00,2020-09-23 08:27:30.070000-04:00,1,,,,,,Treatment 3,397.402,34.2058333333333,6.0,5.0,1.0,1.0,6.0,6.0,0.0,0.0,18.0,3.0,0.0,0.0,0.0,1.0,,,,,,6138534
PSAU88D,775418,2020-09-23 07:33:11.003000-04:00,2020-09-23 11:00:00-04:00,2020-09-23 08:44:51.140000-04:00,2020-09-23 08:51:01.606000-04:00,1,,,,,,Treatment 3,299.243,99.738,3.0,3.0,,,3.0,3.0,0.0,0.0,9.0,0.0,0.0,0.0,0.0,1.0,,,,,,6141015
PSAU88D,775421,2020-09-23 07:33:11.004000-04:00,2020-09-23 11:00:00-04:00,2020-09-23 09:01:10.775000-04:00,2020-09-23 09:26:36.875000-04:00,1,,,,,,Treatment 2,1361.733,159.832666666667,6.0,4.0,2.0,2.0,6.0,11.0,0.0,0.0,18.0,2.0,0.0,0.0,0.0,1.0,,,,,,6143072
PSAU88D,775423,2020-09-23 07:33:11-04:00,2020-09-23 11:00:00-04:00,2020-09-23 08:25:22.037000-04:00,2020-09-23 08:31:07.788000-04:00,1,,,,,,Control 1,264.656,41.7626666666667,6.0,5.0,1.0,,6.0,7.0,6.0,0.0,0.0,0.0,0.0,0.0,1.0,1.0,,,,,,6139120
PSAU88D,775425,2020-09-23 07:33:11.002000-04:00,2020-09-23 11:00:00-04:00,2020-09-23 08:33:18.119000-04:00,2020-09-23 08:46:56.973000-04:00,2,,,,,,Control 1,728.432,40.43875,4.0,3.0,1.0,,4.0,5.0,4.0,0.0,0.0,0.0,0.0,0.0,1.0,2.0,,,,,,6139818
PSAU88D,775430,2020-09-23 07:33:11-04:00,2020-09-23 11:00:00-04:00,2020-09-23 16:50:27.777000-04:00,2020-09-23 17:08:56.174000-04:00,1,,,,,,Not Assigned,,,,,,,,,,,,,,,,,,,,,,6238926
PSAU88D,775437,2020-09-23 07:33:11-04:00,2020-09-23 11:00:00-04:00,2020-09-23 08:21:58.757000-04:00,2020-09-23 08:27:15.562000-04:00,1,,,,,,Treatment 3,173.707,57.8936666666667,3.0,3.0,,,3.0,3.0,0.0,0.0,9.0,0.0,0.0,0.0,0.0,1.0,,,,,,6138833
PSAU88D,775438,2020-09-23 07:33:11.004000-04:00,2020-09-23 11:00:00-04:00,2020-09-23 08:04:12.012000-04:00,2020-09-23 14:24:10.272000-04:00,4,,,,,,Not Assigned,,,,,,,,,,,,,,,,,,,,,,6137591
PSAU88D,775440,2020-09-23 07:33:11.003000-04:00,2020-09-23 11:00:00-04:00,2020-09-23 08:33:56.133000-04:00,,1,,,,,,Treatment 1,480.485,163.1855,3.0,1.0,1.0,1.0,2.0,5.0,3.0,1.0,0.0,0.0,0.0,0.0,0.0,1.0,,,,,,6139880
PSAU88D,775442,2020-09-23 07:33:11-04:00,2020-09-23 11:00:00-04:00,2020-09-23 08:20:59.666000-04:00,2020-09-23 08:31:46.641000-04:00,1,,,,,,Treatment 2,445.036,148.343,3.0,3.0,,,3.0,3.0,0.0,0.0,9.0,0.0,0.0,0.0,0.0,1.0,,,,,,6138730
PSAU88D,775444,2020-09-23 07:33:11.004000-04:00,2020-09-23 11:00:00-04:00,2020-09-23 08:20:51.978000-04:00,2020-09-23 08:23:43.172000-04:00,1,,,,,,Not Assigned,,,,,,,,,,,,,,,,,,,,,,6138723
PSAU88D,775445,2020-09-23 07:33:11.003000-04:00,2020-09-23 11:00:00-04:00,2020-09-23 08:39:41.067000-04:00,2020-09-23 08:53:48.326000-04:00,1,,,,,,Control 1,705.082,74.961,7.0,5.0,2.0,,7.0,12.0,7.0,0.0,0.0,0.0,0.0,0.0,1.0,1.0,,,,,,6140489
PSAU88D,775449,2020-09-23 07:33:11.004000-04:00,2020-09-23 11:00:00-04:00,2020-09-23 08:14:46.016000-04:00,2020-09-23 08:23:34.645000-04:00,2,,,,,,Not Assigned,,,,,,,,,,,,,,,,,,,,,,6138319
PSAU88D,775458,2020-09-23 07:33:11.003000-04:00,2020-09-23 11:00:00-04:00,2020-09-23 08:06:50.570000-04:00,2020-09-23 08:38:32.149000-04:00,1,,,,,,Treatment 2,1723.95,574.628666666667,3.0,3.0,,,3.0,3.0,0.0,0.0,9.0,0.0,0.0,0.0,0.0,1.0,,,,,,6137770
PSAU88D,775475,2020-09-23 07:33:11.002000-04:00,2020-09-23 11:00:00-04:00,2020-09-23 10:48:56.253000-04:00,,1,,,,,,Treatment 1,460.548,460.548,1.0,0.0,,,1.0,1.0,1.0,0.0,0.0,0.0,0.0,0.0,0.0,1.0,,,,,,6165875
PSAU88D,775511,2020-09-23 07:33:11.004000-04:00,2020-09-23 11:00:00-04:00,2020-09-23 08:30:42.962000-04:00,2020-09-23 08:40:03.367000-04:00,1,,,,,,Not Assigned,,,,,,,,,,,,,,,,,,,,,,6139598
PSAU88D,775548,2020-09-23 07:33:11.008000-04:00,2020-09-23 11:00:00-04:00,2020-09-23 08:35:33.678000-04:00,,1,,,,,,Not Assigned,,,,,,,,,,,,,,,,,,,,,,6140030
PSAU88D,775559,2020-09-23 07:33:11.003000-04:00,2020-09-23 11:00:00-04:00,2020-09-23 08:49:31.004000-04:00,,2,,,,,,Treatment 2,6176.306,74.656,1.0,0.0,,,1.0,1.0,0.0,0.0,3.0,3.0,0.0,0.0,0.0,3.0,,,,,,6141531
PSAU88D,775571,2020-09-23 07:33:11-04:00,2020-09-23 11:00:00-04:00,2020-09-23 08:39:17.320000-04:00,2020-09-23 08:42:45.172000-04:00,1,,,,,,Not Assigned,,,,,,,,,,,,,,,,,,,,,,6140444
PSAU88D,775982,2020-09-23 07:33:11.002000-04:00,2020-09-23 11:00:00-04:00,2020-09-23 09:11:03.146000-04:00,,1,,,,,,Control 1,607.99,48.9488,10.0,4.0,3.0,,9.0,16.0,10.0,0.0,0.0,0.0,0.0,0.0,3.0,1.0,,,,,,6144847
PSAU88D,776023,2020-09-23 07:33:11.009000-04:00,2020-09-23 11:00:00-04:00,2020-09-23 10:20:15.603000-04:00,2020-09-23 10:32:02.483000-04:00,1,,,,,,Treatment 3,533.548,82.759,4.0,3.0,1.0,1.0,4.0,6.0,0.0,0.0,12.0,3.0,0.0,0.0,0.0,1.0,,,,,,6158825
PSAU88D,776233,2020-09-23 07:33:11.006000-04:00,2020-09-23 11:00:00-04:00,2020-09-23 09:28:32.303000-04:00,2020-09-23 09:43:48.636000-04:00,1,,,,,,Control 1,830.623,276.87,3.0,3.0,,,3.0,3.0,3.0,0.0,0.0,0.0,0.0,0.0,0.0,1.0,,,,,,6147900
PSAU88D,776418,2020-09-23 07:33:11.009000-04:00,2020-09-23 11:00:00-04:00,2020-09-23 10:03:02.916000-04:00,,2,,,,,,Treatment 2,649.978,39.8966,10.0,4.0,3.0,3.0,10.0,15.0,0.0,0.0,30.0,9.0,0.0,0.0,0.0,2.0,,,,,,6155195
PSAU88D,776438,2020-09-23 07:33:11.009000-04:00,2020-09-23 11:00:00-04:00,2020-09-23 10:14:04.687000-04:00,2020-09-23 10:17:51.074000-04:00,1,,,,,,Treatment 3,101.22,33.7326666666667,3.0,3.0,,,3.0,3.0,0.0,0.0,9.0,0.0,0.0,0.0,0.0,1.0,,,,,,6157541
PSAU88D,776526,2020-09-23 07:33:11.007000-04:00,2020-09-23 11:00:00-04:00,2020-09-23 09:52:57.235000-04:00,,3,,,,,,Treatment 2,335.442,72.8035,2.0,1.0,,,2.0,2.0,0.0,0.0,6.0,3.0,0.0,0.0,0.0,1.0,,,,,,6152767
PSAU88D,776652,2020-09-23 07:33:11.008000-04:00,2020-09-23 11:00:00-04:00,2020-09-23 10:12:27.657000-04:00,,1,,,,,,Treatment 3,827.205,31.6116,10.0,5.0,4.0,4.0,10.0,10.0,0.0,0.0,30.0,15.0,0.0,0.0,0.0,1.0,,,,,,6157209
PSAU88D,776656,2020-11-18 08:52:00-05:00,2020-11-18 13:55:00-05:00,2020-11-18 09:20:04.635000-05:00,2020-11-18 09:28:53.662000-05:00,1,,,,,,Treatment 3,274.019,91.333,3.0,3.0,,,3.0,3.0,0.0,0.0,9.0,0.0,0.0,0.0,0.0,1.0,,,,,,9964678
PSAU88D,776692,2020-09-23 07:33:11.007000-04:00,2020-09-23 11:00:00-04:00,2020-09-23 10:09:26.355000-04:00,,1,,,,,,Treatment 1,292.127,59.1983333333333,3.0,0.0,0.0,0.0,1.0,4.0,3.0,2.0,0.0,0.0,0.0,0.0,2.0,1.0,,,,,,6156565
PSAU88D,776706,2020-09-23 07:33:11.006000-04:00,2020-09-23 11:00:00-04:00,2020-09-23 10:02:15.884000-04:00,2020-09-23 10:10:07.757000-04:00,1,,,,,,Control 1,275.86,91.95,3.0,3.0,,,3.0,3.0,3.0,0.0,0.0,0.0,0.0,0.0,0.0,1.0,,,,,,6154964
PSAU88D,776707,2020-09-23 07:33:11.008000-04:00,2020-09-23 11:00:00-04:00,2020-09-23 10:11:05.010000-04:00,2020-09-23 10:14:40.580000-04:00,2,,,,,,Treatment 3,127.832,42.6006666666667,3.0,3.0,,,3.0,3.0,0.0,0.0,9.0,0.0,0.0,0.0,0.0,2.0,,,,,,6156906
PSAU88D,776711,2020-09-23 07:33:11.009000-04:00,2020-09-23 11:00:00-04:00,2020-09-23 10:15:43.305000-04:00,2020-09-23 10:18:19.685000-04:00,1,,,,,,Treatment 3,82.014,27.3253333333333,3.0,3.0,,,3.0,3.0,0.0,0.0,9.0,0.0,0.0,0.0,0.0,1.0,,,,,,6157853
PSAU88D,776722,2020-09-23 07:33:11.006000-04:00,2020-09-23 11:00:00-04:00,2020-09-23 10:21:27.851000-04:00,2020-09-23 10:35:03.186000-04:00,1,,,,,,Treatment 2,716.129,86.9083333333333,6.0,4.0,2.0,2.0,6.0,6.0,0.0,0.0,18.0,6.0,0.0,0.0,0.0,1.0,,,,,,6159085
PSAU88D,776731,2020-09-23 07:33:11.008000-04:00,2020-09-23 11:00:00-04:00,2020-09-23 10:04:12.933000-04:00,2020-09-23 10:33:46.179000-04:00,1,,,,,,Not Assigned,,,,,,,,,,,,,,,,,,,,,,6155470
PSAU88D,776734,2020-09-23 07:33:11.009000-04:00,2020-09-23 11:00:00-04:00,2020-09-23 11:27:32.171000-04:00,2020-09-23 11:50:53.957000-04:00,1,,,,,,Treatment 2,1231.132,410.373666666667,3.0,3.0,,,3.0,3.0,0.0,0.0,9.0,0.0,0.0,0.0,0.0,1.0,,,,,,6175412
PSAU88D,776737,2020-09-23 07:33:11.006000-04:00,2020-09-23 11:00:00-04:00,2020-09-23 10:18:43.168000-04:00,,2,,,,,,Treatment 2,1555.366,25.7666363636364,12.0,6.0,4.0,4.0,11.0,13.0,0.0,0.0,36.0,14.0,0.0,0.0,0.0,2.0,,,,,,6158496
PSAU88D,776744,2020-09-23 07:33:11.009000-04:00,2020-09-23 11:00:00-04:00,2020-09-23 10:14:13.023000-04:00,2020-09-23 10:19:41.035000-04:00,1,,,,,,Control 1,274.572,91.52,3.0,3.0,,,3.0,3.0,3.0,0.0,0.0,0.0,0.0,0.0,0.0,1.0,,,,,,6157564
PSAU88D,776748,2020-09-23 07:33:11.009000-04:00,2020-09-23 11:00:00-04:00,2020-09-23 10:14:54.516000-04:00,2020-09-23 10:24:31.347000-04:00,1,,,,,,Control 1,492.964,60.1764285714286,7.0,4.0,2.0,,6.0,10.0,7.0,0.0,0.0,0.0,0.0,0.0,3.0,1.0,,,,,,6157688
PSAU88D,776758,2020-09-23 07:33:11.006000-04:00,2020-09-23 11:00:00-04:00,2020-09-23 10:27:58.948000-04:00,,2,,,,,,Not Assigned,,,,,,,,,,,,,,,,,,,,,,6160746
PSAU88D,776759,2020-09-23 07:33:11.007000-04:00,2020-09-23 11:00:00-04:00,2020-09-23 10:54:15.387000-04:00,2020-09-23 11:19:06.381000-04:00,1,,,,,,Treatment 2,1399.784,178.282666666667,6.0,5.0,1.0,1.0,6.0,6.0,0.0,0.0,18.0,3.0,0.0,0.0,0.0,1.0,,,,,,6167207
PSAU88D,776772,2020-09-23 07:33:11.007000-04:00,2020-09-23 11:00:00-04:00,2020-09-23 10:14:26.683000-04:00,2020-09-23 10:33:24.726000-04:00,1,,,,,,Treatment 3,1048.305,54.8503333333333,12.0,7.0,4.0,4.0,12.0,12.0,0.0,0.0,36.0,15.0,0.0,0.0,0.0,1.0,,,,,,6157601
PSAU88D,776774,2020-09-23 07:33:11.007000-04:00,2020-09-23 11:00:00-04:00,2020-09-23 12:03:46.477000-04:00,,1,,,,,,Not Assigned,,,,,,,,,,,,,,,,,,,,,,6184121
PSAU88D,776784,2020-09-23 07:33:11.007000-04:00,2020-09-23 11:00:00-04:00,2020-09-23 10:15:43.493000-04:00,2020-09-23 10:24:19.899000-04:00,1,,,,,,Treatment 1,407.025,55.0538,5.0,3.0,1.0,,5.0,10.0,5.0,0.0,0.0,0.0,0.0,0.0,0.0,1.0,,,,,,6157850
PSAU88D,776794,2020-11-18 08:52:00-05:00,2020-11-18 13:55:00-05:00,2020-11-18 09:52:46.978000-05:00,2020-11-18 10:06:32.236000-05:00,1,,,,,,Not Assigned,,,,,,,,,,,,,,,,,,,,,,9969549
PSAU88D,776814,2020-09-23 07:33:11.006000-04:00,2020-09-23 11:00:00-04:00,2020-09-23 10:45:57.236000-04:00,,1,,,,,,Treatment 1,281.654,29.4542857142857,7.0,5.0,2.0,2.0,6.0,10.0,7.0,2.0,0.0,0.0,0.0,0.0,2.0,1.0,,,,,,6165081
PSAU88D,776817,2020-09-23 07:33:11.006000-04:00,2020-09-23 11:00:00-04:00,2020-09-23 10:46:42.908000-04:00,2020-09-23 10:52:47.524000-04:00,1,,,,,,Treatment 2,199.217,66.3996666666667,3.0,3.0,,,3.0,3.0,0.0,0.0,9.0,0.0,0.0,0.0,0.0,1.0,,,,,,6165264
PSAU88D,776827,2020-09-23 07:33:11.009000-04:00,2020-09-23 11:00:00-04:00,2020-09-23 10:34:27.911000-04:00,2020-09-23 10:40:39.049000-04:00,1,,,,,,Treatment 2,206.74,68.9086666666667,3.0,3.0,,,3.0,3.0,0.0,0.0,9.0,0.0,0.0,0.0,0.0,1.0,,,,,,6162257
PSAU88D,776866,2020-09-23 07:33:11.008000-04:00,2020-09-23 11:00:00-04:00,2020-09-23 10:54:30.274000-04:00,2020-09-23 11:00:27.312000-04:00,1,,,,,,Treatment 3,243.57,81.1856666666667,3.0,3.0,,,3.0,3.0,0.0,0.0,9.0,0.0,0.0,0.0,0.0,1.0,,,,,,6167277
PSAU88D,776883,2020-09-23 07:33:11.008000-04:00,2020-09-23 11:00:00-04:00,2020-09-23 10:01:19.367000-04:00,2020-09-23 10:34:01.206000-04:00,1,,,,,,Treatment 2,1653.135,330.50275,4.0,3.0,1.0,1.0,4.0,4.0,0.0,0.0,12.0,3.0,0.0,0.0,0.0,1.0,,,,,,6154760
PSAU88D,776922,2020-09-23 07:33:11.007000-04:00,2020-09-23 11:00:00-04:00,2020-09-23 11:57:08.266000-04:00,,4,,,,,,Treatment 1,2034.717,226.0845,3.0,0.0,0.0,,2.0,13.0,3.0,0.0,0.0,0.0,0.0,0.0,0.0,3.0,,,,,,6182406
PSAU88D,777006,2020-09-23 07:33:11.007000-04:00,2020-09-23 11:00:00-04:00,2020-09-23 11:13:31.324000-04:00,,3,,,,,,Treatment 3,1035048.417,1034961.429,1.0,0.0,,,1.0,1.0,0.0,0.0,3.0,3.0,0.0,0.0,0.0,2.0,,,,,,6171778
PSAU88D,777027,2020-09-22 09:00:00-04:00,2020-09-28 07:00:00-04:00,2020-09-23 11:13:03.659000-04:00,2020-09-23 11:17:01.503000-04:00,1,,,,,,Treatment 3,179.038,59.678,3.0,3.0,,,3.0,3.0,0.0,0.0,9.0,0.0,0.0,0.0,0.0,1.0,,,,,,6171665
PSAU88D,777058,2020-09-23 07:33:11.008000-04:00,2020-09-23 11:00:00-04:00,2020-09-23 16:38:20.926000-04:00,2020-09-23 17:23:42.689000-04:00,1,,,,,,Control 1,2028.135,154.027666666667,9.0,5.0,3.0,,9.0,27.0,9.0,0.0,0.0,0.0,0.0,0.0,1.0,1.0,,,,,,6237803
PSAU88D,777099,2020-09-23 07:33:11.007000-04:00,2020-09-23 11:00:00-04:00,2020-09-23 10:36:36.607000-04:00,2020-09-23 10:46:25.787000-04:00,1,,,,,,Treatment 3,440.658,57.54725,4.0,3.0,1.0,1.0,4.0,4.0,0.0,0.0,12.0,3.0,0.0,0.0,0.0,1.0,,,,,,6162795
PSAU88D,777130,2020-09-22 09:00:00-04:00,2020-09-28 07:00:00-04:00,2020-09-24 08:24:09.166000-04:00,,3,,,,,,Treatment 2,109886.073,27430.8365,4.0,3.0,1.0,1.0,4.0,4.0,0.0,0.0,12.0,3.0,0.0,0.0,0.0,2.0,,,,,,6261503
PSAU88D,778877,2020-09-23 07:33:11.006000-04:00,2020-09-23 11:00:00-04:00,2020-09-23 11:50:16.916000-04:00,,1,,,,,,Not Assigned,,,,,,,,,,,,,,,,,,,,,,6180737
PSAU88D,784839,2020-09-25 13:35:22.482000-04:00,,2020-10-02 08:21:11.054000-04:00,2020-10-02 08:52:06.021000-04:00,1,,,,,,Treatment 3,1700.854,566.924666666667,3.0,3.0,,,3.0,3.0,0.0,0.0,9.0,0.0,0.0,0.0,0.0,1.0,,,,,,6964196
PSAU88D,784842,2020-09-25 13:35:22.482000-04:00,,2020-09-30 08:35:43.539000-04:00,2020-09-30 08:51:40.053000-04:00,1,,,,,,Treatment 3,377.546,125.843666666667,3.0,3.0,,,3.0,3.0,0.0,0.0,9.0,0.0,0.0,0.0,0.0,1.0,,,,,,6732257
PSAU88D,784861,2020-09-25 13:35:22.482000-04:00,,2020-10-02 08:32:47.696000-04:00,,1,,,,,,Not Assigned,,,,,,,,,,,,,,,,,,,,,,6965082
PSAU88D,784862,2020-09-25 13:35:22.482000-04:00,,2020-10-10 21:25:08.561000-04:00,2020-10-10 21:28:45.862000-04:00,1,,,,,,Control 1,117.677,39.22,3.0,3.0,,,3.0,3.0,3.0,0.0,0.0,0.0,0.0,0.0,0.0,1.0,,,,,,7563647
PSAU88D,784872,2020-09-25 13:35:22.482000-04:00,,2020-09-28 09:15:38.417000-04:00,2020-09-30 09:04:08.324000-04:00,2,,,,,,Treatment 1,1783.469,594.393,3.0,3.0,,,3.0,3.0,3.0,0.0,0.0,0.0,0.0,0.0,0.0,1.0,,,,,,6499955
PSAU88D,784875,2020-09-25 13:35:22.482000-04:00,,2020-09-30 08:39:39.089000-04:00,2020-09-30 09:21:52.519000-04:00,1,,,,,,Not Assigned,,,,,,,,,,,,,,,,,,,,,,6732610
PSAU88D,786707,2020-09-28 09:45:39.643000-04:00,2020-09-28 11:05:00-04:00,2020-09-28 10:56:15.491000-04:00,2020-09-29 10:08:08.372000-04:00,2,,,,,,Treatment 2,83414.364,71.1143333333333,9.0,6.0,3.0,3.0,9.0,9.0,0.0,0.0,27.0,9.0,0.0,0.0,0.0,3.0,,,,,,6518342
PSAU88D,786742,2020-09-28 09:45:39.643000-04:00,2020-09-28 11:05:00-04:00,2020-10-06 10:06:04.419000-04:00,2020-10-06 10:20:40.064000-04:00,1,,,,,,Treatment 1,566.932,136.74975,4.0,3.0,1.0,,4.0,5.0,4.0,0.0,0.0,0.0,0.0,0.0,0.0,1.0,,,,,,7191663
PSAU88D,786749,2020-09-28 09:45:39.643000-04:00,2020-09-28 11:05:00-04:00,2020-09-30 10:34:25.707000-04:00,,1,,,,,,Not Assigned,,,,,,,,,,,,,,,,,,,,,,6753850
PSAU88D,786750,2020-09-28 09:45:39.643000-04:00,2020-09-28 11:05:00-04:00,2020-09-30 10:12:17.949000-04:00,2020-09-30 10:39:44.495000-04:00,1,,,,,,Treatment 1,1523.834,149.115111111111,9.0,6.0,3.0,1.0,9.0,14.0,9.0,1.0,0.0,0.0,0.0,0.0,1.0,1.0,,,,,,6748967
PSAU88D,786754,2020-09-28 09:45:39.643000-04:00,2020-09-28 11:05:00-04:00,2020-10-02 10:59:21.994000-04:00,2020-10-08 09:58:56.191000-04:00,3,,,,,,Treatment 3,514605.006,171534.989666667,3.0,3.0,,,3.0,3.0,0.0,0.0,9.0,0.0,0.0,0.0,0.0,3.0,,,,,,6987194
PSAU88D,786757,2020-09-28 09:45:39.643000-04:00,2020-09-28 11:05:00-04:00,2020-09-30 10:21:52.306000-04:00,2020-09-30 10:36:12.135000-04:00,1,,,,,,Treatment 3,558.568,186.168666666667,3.0,3.0,,,3.0,3.0,0.0,0.0,9.0,0.0,0.0,0.0,0.0,1.0,,,,,,6751101
PSAU88D,786786,2020-09-28 09:45:39.643000-04:00,2020-09-28 11:05:00-04:00,2020-09-30 10:50:58.449000-04:00,2020-10-08 10:49:19.286000-04:00,2,,,,,,Treatment 3,691024.222,99.1716666666667,6.0,4.0,1.0,1.0,6.0,6.0,0.0,0.0,18.0,6.0,0.0,0.0,0.0,3.0,,,,,,6757395
PSAU88D,786796,2020-09-28 09:45:39.643000-04:00,2020-09-28 11:05:00-04:00,2020-09-30 10:19:07.329000-04:00,2020-09-30 10:36:37.937000-04:00,1,,,,,,Control 1,375.261,68.52825,4.0,3.0,1.0,,4.0,5.0,4.0,0.0,0.0,0.0,0.0,0.0,0.0,1.0,,,,,,6750431
PSAU88D,786958,2020-09-28 09:45:39.643000-04:00,2020-09-28 11:05:00-04:00,2020-09-30 23:31:40.404000-04:00,2020-10-01 00:06:21.580000-04:00,1,,,,,,Control 1,871.776,209.90625,4.0,3.0,1.0,,4.0,5.0,4.0,0.0,0.0,0.0,0.0,0.0,1.0,1.0,,,,,,6844297
PSAU88D,788977,2020-09-25 13:35:22.483000-04:00,,2020-09-30 12:12:25.347000-04:00,2020-09-30 12:26:58.817000-04:00,1,,,,,,Treatment 1,702.095,234.017666666667,3.0,3.0,,,3.0,3.0,3.0,0.0,0.0,0.0,0.0,0.0,0.0,1.0,,,,,,6776909
PSAU88D,788978,2020-09-25 13:35:22.483000-04:00,,2020-09-28 12:30:51.273000-04:00,2020-10-02 12:50:20.185000-04:00,2,,,,,,Treatment 3,346494.417,57643.7381666667,6.0,3.0,1.0,1.0,6.0,7.0,0.0,0.0,18.0,9.0,0.0,0.0,0.0,2.0,,,,,,6538299
PSAU88D,788979,2020-09-24 10:18:42.974000-04:00,,2020-10-02 12:21:36.343000-04:00,2020-10-02 12:32:00.077000-04:00,1,,,,,,Control 1,438.149,53.76875,4.0,3.0,1.0,,4.0,7.0,4.0,0.0,0.0,0.0,0.0,0.0,1.0,1.0,,,,,,7002706
PSAU88D,788981,2020-09-24 10:18:42.974000-04:00,,2020-10-02 12:20:40.725000-04:00,,1,,,,,,Treatment 2,1304.724,98.661,4.0,1.0,1.0,1.0,3.0,3.0,0.0,0.0,12.0,9.0,0.0,0.0,0.0,1.0,,,,,,7002541
PSAU88D,788997,2020-09-24 10:18:42.974000-04:00,,2020-09-28 12:43:15.378000-04:00,2020-09-28 12:47:55.568000-04:00,1,,,,,,Not Assigned,,,,,,,,,,,,,,,,,,,,,,6540918
PSAU88D,789005,2020-09-24 10:18:42.974000-04:00,,2020-09-30 12:08:38.196000-04:00,,4,,,,,,Treatment 2,692583.391,65092.121125,8.0,4.0,2.0,2.0,8.0,14.0,0.0,0.0,24.0,10.0,0.0,0.0,0.0,4.0,,,,,,6776048
PSAU88D,789014,2020-09-24 10:18:42.974000-04:00,,2020-09-28 12:43:54.279000-04:00,2020-09-28 12:50:11.128000-04:00,1,,,,,,Not Assigned,,,,,,,,,,,,,,,,,,,,,,6541089
PSAU88D,789020,2020-09-24 10:18:42.974000-04:00,,2020-09-30 12:36:10.866000-04:00,2020-10-02 12:28:46.233000-04:00,2,,,,,,Treatment 3,1041.84,127.2965,4.0,3.0,1.0,1.0,4.0,4.0,0.0,0.0,12.0,3.0,0.0,0.0,0.0,1.0,,,,,,6782700
PSAU88D,789023,2020-09-25 13:35:22.483000-04:00,,2020-10-08 12:43:38.241000-04:00,2020-10-08 12:51:17.782000-04:00,1,,,,,,Not Assigned,,,,,,,,,,,,,,,,,,,,,,7438929
PSAU88D,789038,2020-09-25 13:35:22.483000-04:00,,2020-09-28 12:59:10.553000-04:00,2020-09-30 12:52:51.499000-04:00,5,,,,,,Control 1,172216.834,19112.9102222222,9.0,5.0,2.0,,9.0,13.0,9.0,0.0,0.0,0.0,0.0,0.0,4.0,2.0,,,,,,6544592
PSAU88D,789043,2020-09-24 10:18:42.974000-04:00,,2020-09-30 12:08:39.757000-04:00,,5,,,,,,Treatment 3,173909.832,34408.1892,5.0,3.0,1.0,1.0,5.0,6.0,0.0,0.0,15.0,6.0,0.0,0.0,0.0,2.0,,,,,,6776064
PSAU88D,789061,2020-09-25 13:35:22.483000-04:00,,2020-09-28 12:34:02.897000-04:00,2020-10-13 12:16:32.416000-04:00,3,,,,,,Treatment 2,864999.06,133.1415,4.0,3.0,1.0,1.0,4.0,5.0,0.0,0.0,12.0,3.0,0.0,0.0,0.0,3.0,,,,,,6538918
PSAU88D,789095,2020-09-25 13:35:22.483000-04:00,,2020-10-02 12:35:08.299000-04:00,2020-10-02 12:50:27.502000-04:00,1,,,,,,Treatment 1,820.079,188.2795,4.0,3.0,1.0,,4.0,5.0,4.0,0.0,0.0,0.0,0.0,0.0,0.0,1.0,,,,,,7005388
PSAU88D,789161,2020-09-25 13:35:22.483000-04:00,,2020-10-02 12:24:41.400000-04:00,2020-10-02 12:55:38.681000-04:00,1,,,,,,Treatment 3,1730.572,371.41675,4.0,3.0,1.0,1.0,4.0,4.0,0.0,0.0,12.0,3.0,0.0,0.0,0.0,1.0,,,,,,7003261
PSAU88D,794290,2020-12-08 07:44:55.885000-05:00,,2020-12-08 09:21:59.224000-05:00,2020-12-08 09:36:41.598000-05:00,1,,,,,,Control 1,366.664,60.148,6.0,5.0,1.0,,6.0,7.0,6.0,0.0,0.0,0.0,0.0,0.0,0.0,1.0,,,,,,10858128
PSAU88D,794981,2020-09-24 10:18:42.973000-04:00,,2020-09-29 10:51:52.134000-04:00,2020-09-29 10:55:05.742000-04:00,1,,,,,,Not Assigned,,,,,,,,,,,,,,,,,,,,,,6633798
PSAU88D,794983,2020-09-24 10:18:42.973000-04:00,,2020-10-01 10:11:20.499000-04:00,,2,,,,,,Treatment 1,2317.684,163.897454545455,12.0,6.0,4.0,4.0,10.0,20.0,12.0,5.0,0.0,0.0,0.0,0.0,5.0,2.0,,,,,,6865208
PSAU88D,794984,2020-09-24 10:18:42.973000-04:00,,2020-10-01 10:13:49.351000-04:00,2020-10-01 10:22:46.883000-04:00,1,,,,,,Treatment 1,236.207,30.504,4.0,3.0,1.0,1.0,4.0,5.0,4.0,1.0,0.0,0.0,0.0,0.0,1.0,1.0,,,,,,6865762
PSAU88D,794987,2020-09-24 10:18:42.973000-04:00,,2020-10-01 10:14:20.156000-04:00,2020-10-01 10:46:09.602000-04:00,1,,,,,,Treatment 1,1604.525,398.20425,4.0,3.0,1.0,,4.0,5.0,4.0,0.0,0.0,0.0,0.0,0.0,0.0,1.0,,,,,,6865848
PSAU88D,795000,2020-09-24 10:18:42.973000-04:00,,2020-10-01 10:34:46.515000-04:00,2020-10-01 10:41:42.552000-04:00,1,,,,,,Not Assigned,,,,,,,,,,,,,,,,,,,,,,6870018
PSAU88D,795004,2020-09-24 10:18:42.973000-04:00,,2020-10-01 10:10:02.571000-04:00,2020-10-01 10:23:17.089000-04:00,1,,,,,,Treatment 1,611.421,142.4985,4.0,3.0,1.0,,4.0,5.0,4.0,0.0,0.0,0.0,0.0,0.0,0.0,1.0,,,,,,6864913
PSAU88D,795009,2020-09-24 10:18:42.973000-04:00,,2020-10-01 10:08:41.126000-04:00,2020-10-01 10:38:34.883000-04:00,2,,,,,,Treatment 3,299.658,99.88,3.0,3.0,,,3.0,3.0,0.0,0.0,9.0,0.0,0.0,0.0,0.0,1.0,,,,,,6864622
PSAU88D,795014,2020-09-24 10:18:42.973000-04:00,,2020-09-29 10:54:49.139000-04:00,2020-10-01 10:29:16.209000-04:00,2,,,,,,Control 1,171075.643,42734.8635,4.0,3.0,1.0,,4.0,5.0,4.0,0.0,0.0,0.0,0.0,0.0,0.0,2.0,,,,,,6634589
PSAU88D,795103,2020-09-24 10:18:42.973000-04:00,,2020-10-07 10:03:44.637000-04:00,2020-10-07 20:01:44.308000-04:00,3,,,,,,Control 1,35539.39,3637.29988888889,9.0,4.0,2.0,,9.0,14.0,9.0,0.0,0.0,0.0,0.0,0.0,0.0,2.0,,,,,,7305116
PSAU88D,795490,2020-12-08 07:44:55.884000-05:00,,2020-12-08 13:26:47.182000-05:00,,1,,,,,,Not Assigned,,,,,,,,,,,,,,,,,,,,,,10900934
PSAU88D,795543,2020-09-25 09:50:00-04:00,2020-09-25 11:05:00-04:00,2020-09-29 10:38:59.354000-04:00,2020-10-01 10:08:35.361000-04:00,2,,,,,,Not Assigned,,,,,,,,,,,,,,,,,,,,,,6630696
PSAU88D,795586,2020-12-08 07:44:55.884000-05:00,,2020-12-08 12:42:02.011000-05:00,2020-12-08 13:06:59.744000-05:00,1,,,,,,Treatment 3,1359.927,69.14925,12.0,7.0,3.0,3.0,12.0,12.0,0.0,0.0,36.0,15.0,0.0,0.0,0.0,1.0,,,,,,10893027
PSAU88D,796245,2020-09-25 09:03:02.155000-04:00,2020-09-25 22:04:00-04:00,2020-09-25 11:56:44.769000-04:00,2020-09-25 12:23:31.225000-04:00,4,,,,,,Treatment 2,1376.469,135.394333333333,7.0,5.0,2.0,2.0,6.0,6.0,0.0,0.0,21.0,6.0,0.0,0.0,0.0,5.0,,,,,,6423485
PSAU88D,799866,2020-09-23 07:33:11.006000-04:00,2020-09-23 11:00:00-04:00,2020-09-27 11:42:03.255000-04:00,,1,,,,,,Treatment 3,150.304,50.097,3.0,3.0,,,3.0,3.0,0.0,0.0,9.0,0.0,0.0,0.0,0.0,1.0,,,,,,6482428
PSAU88D,800750,2020-09-24 10:18:42.973000-04:00,,2020-10-22 10:00:17.029000-04:00,2020-10-22 10:10:00.934000-04:00,1,,,,,,Not Assigned,,,,,,,,,,,,,,,,,,,,,,8335208
PSAU88D,802106,2020-12-09 10:30:00-05:00,2020-12-09 23:59:00-05:00,2020-12-10 09:39:56.724000-05:00,,5,,,,,,Treatment 1,106633.198,24.23325,4.0,1.0,1.0,1.0,2.0,12.0,4.0,3.0,0.0,0.0,0.0,0.0,3.0,2.0,,,,,,11027501
PSAU88D,802407,2020-12-08 07:44:55.885000-05:00,,2020-12-08 11:48:19.479000-05:00,,1,,,,,,Not Assigned,,,,,,,,,,,,,,,,,,,,,,10883339
PSAU88D,802541,2020-09-28 09:45:39.643000-04:00,2020-09-28 11:05:00-04:00,2020-09-30 10:28:47.261000-04:00,2020-09-30 10:48:10.640000-04:00,1,,,,,,Treatment 3,1010.96,52.033375,8.0,5.0,2.0,2.0,8.0,8.0,0.0,0.0,24.0,9.0,0.0,0.0,0.0,1.0,,,,,,6752666
PSAU88D,802586,2020-09-28 09:45:39.643000-04:00,2020-09-28 11:05:00-04:00,2020-09-30 10:13:03.773000-04:00,2020-09-30 10:41:16.752000-04:00,2,,,,,,Not Assigned,,,,,,,,,,,,,,,,,,,,,,6749105
PSAU88D,802599,2020-09-28 09:45:39.643000-04:00,2020-09-28 11:05:00-04:00,2020-09-30 10:11:16.114000-04:00,2020-10-02 11:01:57.891000-04:00,8,,,,,,Treatment 3,175695.918,43803.564,4.0,3.0,1.0,1.0,4.0,4.0,0.0,0.0,12.0,3.0,0.0,0.0,0.0,2.0,,,,,,6748701
PSAU88D,802819,2020-11-18 08:52:00-05:00,2020-11-18 13:55:00-05:00,2020-11-18 09:20:01.821000-05:00,,1,,,,,,Treatment 3,340.675,68.635,1.0,0.0,,,1.0,1.0,0.0,0.0,3.0,3.0,0.0,0.0,0.0,1.0,,,,,,9964668
PSAU88D,803944,2020-09-24 10:18:42.974000-04:00,,2020-09-30 12:32:47.652000-04:00,2020-10-06 12:20:13.396000-04:00,2,,,,,,Treatment 2,517366.619,86163.3306666667,6.0,4.0,2.0,2.0,6.0,6.0,0.0,0.0,18.0,6.0,0.0,0.0,0.0,2.0,,,,,,6781880
PSAU88D,808753,2020-12-08 07:44:55.886000-05:00,,2020-12-08 12:02:31.523000-05:00,2020-12-08 12:13:24.642000-05:00,1,,,,,,Control 1,537.212,85.6772,5.0,3.0,1.0,,5.0,9.0,5.0,0.0,0.0,0.0,0.0,0.0,2.0,1.0,,,,,,10886053
PSAU88D,809948,2020-09-25 09:50:00-04:00,2020-09-25 11:05:00-04:00,2020-09-29 10:15:15.864000-04:00,2020-10-08 18:40:05.805000-04:00,3,,,,,,Not Assigned,,,,,,,,,,,,,,,,,,,,,,6625480
PSAU88D,809986,2020-09-25 09:50:00-04:00,2020-09-25 11:05:00-04:00,2020-10-01 10:27:49.040000-04:00,2020-10-01 10:41:18.590000-04:00,1,,,,,,Treatment 3,405.581,135.17,3.0,3.0,,,3.0,3.0,0.0,0.0,9.0,0.0,0.0,0.0,0.0,1.0,,,,,,6868517
PSAU88D,810271,2020-09-25 09:50:00-04:00,2020-09-25 11:05:00-04:00,2020-09-29 10:54:27.582000-04:00,,1,,,,,,Treatment 3,502.099,42.2295,4.0,3.0,1.0,1.0,4.0,4.0,0.0,0.0,12.0,3.0,0.0,0.0,0.0,1.0,,,,,,6634486
PSAU88D,810314,2020-09-25 09:50:00-04:00,2020-09-25 11:05:00-04:00,2020-09-29 10:37:06.311000-04:00,2020-10-05 12:25:05.349000-04:00,3,,,,,,Treatment 2,524757.794,174919.256666667,3.0,3.0,,,3.0,3.0,0.0,0.0,9.0,0.0,0.0,0.0,0.0,2.0,,,,,,6630264
PSAU88D,810442,2020-09-25 09:50:00-04:00,2020-09-25 11:05:00-04:00,2020-10-05 10:26:20.524000-04:00,2020-10-09 10:16:55.773000-04:00,3,,,,,,Control 1,344611.637,26375.4024615385,13.0,8.0,4.0,,13.0,24.0,13.0,0.0,0.0,0.0,0.0,0.0,0.0,3.0,,,,,,7083054
PSAU88D,810444,2020-09-25 09:50:00-04:00,2020-09-25 11:05:00-04:00,2020-10-02 08:57:48.618000-04:00,2020-10-09 10:34:45.834000-04:00,6,,,,,,Treatment 2,610352.166,50816.79625,12.0,8.0,3.0,3.0,12.0,16.0,0.0,0.0,36.0,10.0,0.0,0.0,0.0,3.0,,,,,,6967595
PSAU88D,810453,2020-12-08 07:44:55.884000-05:00,,2020-12-08 11:52:54.258000-05:00,2020-12-08 12:14:13.708000-05:00,1,,,,,,Treatment 3,1070.211,205.79075,5.0,3.0,1.0,1.0,3.0,4.0,0.0,0.0,15.0,4.0,0.0,0.0,0.0,1.0,,,,,,10884212
PSAU88D,817187,2020-12-10 07:52:00-05:00,2020-12-10 14:54:00-05:00,2020-12-10 10:02:34.810000-05:00,2020-12-10 10:07:36.559000-05:00,1,,,,,,Treatment 3,118.658,39.5343333333333,3.0,3.0,,,3.0,3.0,0.0,0.0,9.0,0.0,0.0,0.0,0.0,1.0,,,,,,11030663
PSAU88D,817645,2020-11-17 08:00:00-05:00,2020-11-23 13:12:00-05:00,2020-11-17 12:13:41.903000-05:00,,1,,,,,,Treatment 2,,,1.0,,,,,0.0,0.0,0.0,3.0,0.0,0.0,0.0,0.0,1.0,,,,,,9899058
PSAU88D,817651,2020-11-17 08:00:00-05:00,2020-11-23 13:12:00-05:00,2020-11-17 12:18:30.009000-05:00,,1,,,,,,Treatment 3,,,1.0,,,,,0.0,0.0,0.0,3.0,0.0,0.0,0.0,0.0,1.0,,,,,,9899960
PSAU88D,822576,2020-11-12 08:55:00-05:00,2020-11-12 16:17:00-05:00,2020-11-15 21:54:36.466000-05:00,2020-11-15 23:47:46.537000-05:00,2,,,,,,Treatment 3,6324.299,1091.1388,5.0,3.0,1.0,1.0,5.0,5.0,0.0,0.0,15.0,6.0,0.0,0.0,0.0,3.0,,,,,,9763802
PSAU88D,822726,2020-12-09 10:30:00-05:00,2020-12-09 23:59:00-05:00,2020-12-10 09:39:03.021000-05:00,,2,,,,,,Not Assigned,,,,,,,,,,,,,,,,,,,,,,11027383
PSAU88D,823968,2021-03-17 10:15:00-04:00,2021-03-18 10:15:00-04:00,2021-03-18 11:24:21.513000-04:00,,1,,,,,,Not Assigned,,,,,,,,,,,,,,,,,,,,,,14793578
PSAU88D,824240,2021-03-17 10:15:00-04:00,2021-03-18 10:15:00-04:00,2021-03-17 10:48:25.755000-04:00,2021-03-17 13:45:59.656000-04:00,2,,,,,,Not Assigned,,,,,,,,,,,,,,,,,,,,,,14744640
PSAU88D,824310,2021-03-17 10:15:00-04:00,2021-03-18 10:15:00-04:00,2021-03-17 10:57:58.382000-04:00,,1,,,,,,Not Assigned,,,,,,,,,,,,,,,,,,,,,,14745501
PSAU88D,824437,2021-03-17 10:15:00-04:00,2021-03-18 10:15:00-04:00,2021-03-17 15:58:30.429000-04:00,2021-03-17 16:10:17.524000-04:00,2,,,,,,Treatment 3,539.463,38.3674285714286,7.0,5.0,2.0,2.0,7.0,9.0,0.0,0.0,21.0,6.0,0.0,0.0,0.0,2.0,,,,,,14769283
PSAU88D,825680,2021-03-17 10:15:00-04:00,2021-03-18 10:15:00-04:00,2021-03-18 13:43:25.556000-04:00,2021-03-18 14:04:45.050000-04:00,1,,,,,,Treatment 2,1175.866,218.736,5.0,3.0,1.0,1.0,3.0,3.0,0.0,0.0,15.0,6.0,0.0,0.0,0.0,1.0,,,,,,14808010
PSAU88D,826233,2021-03-17 10:15:00-04:00,2021-03-18 10:15:00-04:00,2021-03-17 12:30:27.658000-04:00,,2,,,,,,Treatment 2,,,1.0,,,,,0.0,0.0,0.0,3.0,0.0,0.0,0.0,0.0,1.0,,,,,,14754351
PSAU88D,826240,2021-03-17 10:15:00-04:00,2021-03-18 10:15:00-04:00,2021-03-17 10:38:04.073000-04:00,,1,,,,,,Treatment 1,7642.323,7642.323,1.0,0.0,,,1.0,1.0,1.0,0.0,0.0,0.0,0.0,0.0,0.0,1.0,,,,,,14743643
PSAU88D,826303,2020-11-18 08:52:00-05:00,2020-11-18 13:55:00-05:00,2020-11-18 10:06:56.033000-05:00,2020-11-18 10:27:16.718000-05:00,1,,,,,,Treatment 2,167.624,55.871,3.0,3.0,,,3.0,3.0,0.0,0.0,9.0,0.0,0.0,0.0,0.0,1.0,,,,,,9971923
PSAU88D,826772,2021-03-17 10:15:00-04:00,2021-03-18 10:15:00-04:00,2021-03-18 15:26:45.340000-04:00,,2,,,,,,Treatment 2,1318855.088,263716.4852,5.0,4.0,1.0,1.0,5.0,5.0,0.0,0.0,15.0,3.0,0.0,0.0,0.0,2.0,,,,,,14816332
PSAU88D,828515,2020-11-05 09:50:00-05:00,2020-11-09 09:52:00-05:00,2020-11-05 10:03:55.156000-05:00,2020-11-05 10:13:14.687000-05:00,1,,,,,,Treatment 2,461.957,51.794,4.0,3.0,1.0,1.0,3.0,3.0,0.0,0.0,12.0,3.0,0.0,0.0,0.0,1.0,,,,,,9188052
PSAU88D,828640,2020-11-05 09:50:00-05:00,2020-11-09 09:52:00-05:00,2020-11-05 09:53:04.398000-05:00,2020-11-05 10:26:04.964000-05:00,2,,,,,,Treatment 1,1337.101,19.89925,4.0,3.0,1.0,,4.0,10.0,4.0,0.0,0.0,0.0,0.0,0.0,0.0,2.0,,,,,,9186321
PSAU88D,828719,2020-11-05 09:50:00-05:00,2020-11-09 09:52:00-05:00,2020-11-05 10:03:24.527000-05:00,,1,,,,,,Treatment 2,199.836,68.442,1.0,0.0,,,1.0,1.0,0.0,0.0,3.0,3.0,0.0,0.0,0.0,1.0,,,,,,9187974
PSAU88D,828756,2020-11-05 09:50:00-05:00,2020-11-09 09:52:00-05:00,2020-11-05 10:24:32.190000-05:00,2020-11-05 10:57:51.915000-05:00,2,,,,,,Not Assigned,,,,,,,,,,,,,,,,,,,,,,9191760
PSAU88D,828794,2020-11-05 09:50:00-05:00,2020-11-09 09:52:00-05:00,2020-11-05 10:11:47.533000-05:00,2020-11-05 10:17:23.529000-05:00,1,,,,,,Control 1,263.675,28.3108571428571,7.0,5.0,1.0,,7.0,9.0,7.0,0.0,0.0,0.0,0.0,0.0,0.0,1.0,,,,,,9189400
PSAU88D,828829,2020-11-05 09:50:00-05:00,2020-11-09 09:52:00-05:00,2020-11-06 06:04:36.652000-05:00,2020-11-06 06:22:57.845000-05:00,1,,,,,,Control 1,635.813,88.729,6.0,4.0,2.0,,6.0,8.0,6.0,0.0,0.0,0.0,0.0,0.0,0.0,1.0,,,,,,9267712
PSAU88D,828864,2021-03-17 10:15:00-04:00,2021-03-18 10:15:00-04:00,2021-03-18 11:19:02.335000-04:00,2021-03-18 13:37:57.173000-04:00,3,,,,,,Not Assigned,,,,,,,,,,,,,,,,,,,,,,14793143
PSAU88D,828876,2020-11-05 09:50:00-05:00,2020-11-09 09:52:00-05:00,2020-11-09 20:35:13.528000-05:00,2020-11-09 20:41:56.005000-05:00,1,,,,,,Control 1,254.486,20.1526666666667,6.0,4.0,2.0,,6.0,9.0,6.0,0.0,0.0,0.0,0.0,0.0,0.0,1.0,,,,,,9434996
PSAU88D,829180,2021-03-17 10:15:00-04:00,2021-03-18 10:15:00-04:00,2021-03-17 11:13:56.036000-04:00,,1,,,,,,Treatment 2,,,1.0,,,,,0.0,0.0,0.0,3.0,0.0,0.0,0.0,0.0,1.0,,,,,,14746889
PSAU88D,829621,2021-03-17 10:15:00-04:00,2021-03-18 10:15:00-04:00,2021-03-19 12:08:26.321000-04:00,,1,,,,,,Treatment 2,96.923,,1.0,,,,0.0,0.0,0.0,0.0,3.0,1.0,0.0,0.0,0.0,1.0,,,,,,14844195
PSAU88D,833363,2020-11-05 09:50:00-05:00,2020-11-09 09:52:00-05:00,2020-11-16 16:22:30.721000-05:00,,1,,,,,,Not Assigned,,,,,,,,,,,,,,,,,,,,,,9842033
PSAU88D,833417,2020-11-05 09:50:00-05:00,2020-11-09 09:52:00-05:00,2020-11-05 10:00:00.106000-05:00,,2,,,,,,Control 1,586.875,31.6725,10.0,2.0,2.0,,9.0,19.0,10.0,0.0,0.0,0.0,0.0,0.0,8.0,1.0,,,,,,9196680
PSAU88D,833494,2020-09-24 10:18:42.973000-04:00,,2020-10-05 10:14:09.954000-04:00,2020-10-05 10:21:49.454000-04:00,1,,,,,,Control 1,200.669,66.8736666666667,3.0,3.0,,,3.0,3.0,3.0,0.0,0.0,0.0,0.0,0.0,0.0,1.0,,,,,,7080704
PSAU88D,839808,2020-11-05 09:50:00-05:00,2020-11-09 09:52:00-05:00,2020-11-05 10:15:26.259000-05:00,2020-11-05 10:29:06.204000-05:00,1,,,,,,Control 1,591.839,74.1462857142857,7.0,5.0,2.0,,7.0,9.0,7.0,0.0,0.0,0.0,0.0,0.0,1.0,1.0,,,,,,9190034
PSAU88D,841048,2020-10-06 10:17:00-04:00,2020-10-07 00:59:00-04:00,2020-10-07 12:13:21.982000-04:00,2020-10-07 12:59:38.177000-04:00,1,,,,,,Treatment 2,2433.613,287.546142857143,7.0,5.0,2.0,2.0,7.0,7.0,0.0,0.0,21.0,6.0,0.0,0.0,0.0,1.0,,,,,,7331336
PSAU88D,841654,2020-10-06 10:17:00-04:00,2020-10-07 00:59:00-04:00,2020-10-06 13:26:48.730000-04:00,2020-10-06 20:14:05.163000-04:00,2,,,,,,Treatment 2,23846.775,226.5376,5.0,3.0,1.0,1.0,5.0,8.0,0.0,0.0,15.0,4.0,0.0,0.0,0.0,2.0,,,,,,7235756
PSAU88D,841771,2020-11-05 09:50:00-05:00,2020-11-09 09:52:00-05:00,2020-11-05 10:02:25.956000-05:00,2020-11-05 10:24:14.202000-05:00,1,,,,,,Treatment 2,1139.273,258.87275,4.0,3.0,1.0,1.0,4.0,4.0,0.0,0.0,12.0,3.0,0.0,0.0,0.0,1.0,,,,,,9187802
PSAU88D,845103,2020-09-24 10:18:42.973000-04:00,,2020-10-09 10:05:58.963000-04:00,2020-10-09 10:12:54.462000-04:00,1,,,,,,Treatment 1,210.228,70.071,3.0,3.0,,,3.0,3.0,3.0,0.0,0.0,0.0,0.0,0.0,0.0,1.0,,,,,,7506241
PSAU88D,853633,2021-03-17 10:15:00-04:00,2021-03-18 10:15:00-04:00,2021-03-17 10:25:05.723000-04:00,,1,,,,,,Not Assigned,,,,,,,,,,,,,,,,,,,,,,14742336
PSAU88D,865946,2020-11-05 09:50:00-05:00,2020-11-09 09:52:00-05:00,2020-11-05 10:10:29.749000-05:00,,2,,,,,,Treatment 2,,,1.0,,,,,0.0,0.0,0.0,3.0,0.0,0.0,0.0,0.0,1.0,,,,,,9189168
PSAU88D,867592,2020-11-05 09:50:00-05:00,2020-11-09 09:52:00-05:00,2020-11-05 10:17:19.396000-05:00,2020-11-05 10:35:24.887000-05:00,1,,,,,,Control 1,1015.904,245.06125,4.0,3.0,1.0,,4.0,5.0,4.0,0.0,0.0,0.0,0.0,0.0,0.0,1.0,,,,,,9190392
PSAU88D,871389,2020-12-09 10:30:00-05:00,2020-12-09 23:59:00-05:00,2020-12-10 09:39:06.051000-05:00,,1,,,,,,Control 1,1423.09,201.406166666667,7.0,1.0,1.0,,5.0,12.0,7.0,0.0,0.0,0.0,0.0,0.0,5.0,1.0,,,,,,11027388
PSAU88D,873004,2020-12-09 10:30:00-05:00,2020-12-09 23:59:00-05:00,2020-12-10 09:39:12.103000-05:00,,1,,,,,,Treatment 3,609.434,432.621,1.0,0.0,,,1.0,1.0,0.0,0.0,3.0,1.0,0.0,0.0,0.0,1.0,,,,,,11027397
PSAU88D,873566,2020-12-08 07:44:55.885000-05:00,,2020-12-08 11:49:44.770000-05:00,,3,,,,,,Treatment 3,1316.396,72.3043333333333,4.0,1.0,1.0,1.0,3.0,3.0,0.0,0.0,12.0,9.0,0.0,0.0,0.0,5.0,,,,,,10883604
PSAU88D,873766,2020-09-28 09:45:39.643000-04:00,2020-09-28 11:05:00-04:00,2021-03-17 08:01:19.792000-04:00,2021-03-17 08:14:31.111000-04:00,1,,,,,,Treatment 1,583.537,128.4965,4.0,3.0,1.0,,4.0,5.0,4.0,0.0,0.0,0.0,0.0,0.0,0.0,1.0,,,,,,14733515
PSAU88D,876087,2020-12-09 10:30:00-05:00,2020-12-09 23:59:00-05:00,2020-12-09 14:43:37.721000-05:00,,5,,,,,,Treatment 1,607192.32,18.4038235294118,17.0,0.0,0.0,0.0,2.0,25.0,17.0,17.0,0.0,0.0,0.0,0.0,17.0,3.0,,,,,,10996089
PSAU88D,881367,2021-05-05 10:48:43.138000-04:00,2021-05-05 18:00:00-04:00,2021-05-18 20:58:02.404000-04:00,2021-05-18 21:09:11.311000-04:00,1,,,,,,Treatment 1,568.221,61.6453333333333,6.0,4.0,2.0,1.0,5.0,9.0,6.0,1.0,0.0,0.0,0.0,0.0,0.0,1.0,,,,,,16489854
PSAU88D,888438,2020-11-03 10:23:35.965000-05:00,2020-11-04 10:25:00-05:00,2020-11-03 11:58:23.206000-05:00,2020-11-03 12:10:10.705000-05:00,1,,,,,,Treatment 2,629.211,19.1505555555556,9.0,6.0,3.0,3.0,9.0,9.0,0.0,0.0,27.0,9.0,0.0,0.0,0.0,1.0,,,,,,9045536
PSAU88D,888439,2020-11-03 10:23:35.965000-05:00,2020-11-04 10:25:00-05:00,2020-11-03 10:32:50.088000-05:00,2020-11-03 10:38:06.507000-05:00,2,,,,,,Treatment 3,204.132,21.5885,4.0,3.0,1.0,1.0,4.0,4.0,0.0,0.0,12.0,3.0,0.0,0.0,0.0,2.0,,,,,,9035085
PSAU88D,888447,2020-11-03 10:23:35.965000-05:00,2020-11-04 10:25:00-05:00,2020-11-04 08:15:01.164000-05:00,2020-11-04 08:23:47.134000-05:00,1,,,,,,Treatment 1,313.422,104.468333333333,3.0,3.0,,,3.0,3.0,3.0,0.0,0.0,0.0,0.0,0.0,0.0,1.0,,,,,,9088220
PSAU88D,888448,2020-11-03 10:23:35.965000-05:00,2020-11-04 10:25:00-05:00,2020-11-03 10:53:33.265000-05:00,,1,,,,,,Not Assigned,,,,,,,,,,,,,,,,,,,,,,9037594
PSAU88D,888463,2020-11-03 10:23:35.965000-05:00,2020-11-04 10:25:00-05:00,2020-11-03 13:56:32.937000-05:00,,2,,,,,,Treatment 2,2030.793,94.24775,11.0,3.0,2.0,2.0,8.0,8.0,0.0,0.0,33.0,21.0,0.0,0.0,0.0,2.0,,,,,,9060329
PSAU88D,888469,2020-11-03 10:23:35.965000-05:00,2020-11-04 10:25:00-05:00,2020-11-04 09:53:38.508000-05:00,,2,,,,,,Treatment 2,,,1.0,,,,,0.0,0.0,0.0,3.0,0.0,0.0,0.0,0.0,1.0,,,,,,9099710
PSAU88D,889130,2020-11-03 10:23:35.965000-05:00,2020-11-04 10:25:00-05:00,2020-11-03 10:33:41.595000-05:00,2020-11-03 10:37:41.176000-05:00,1,,,,,,Control 1,162.141,54.041,3.0,3.0,,,3.0,3.0,3.0,0.0,0.0,0.0,0.0,0.0,0.0,1.0,,,,,,9035186
PSAU88D,889134,2020-11-03 10:23:35.965000-05:00,2020-11-04 10:25:00-05:00,2020-11-03 16:35:13.238000-05:00,2020-11-03 16:53:33.541000-05:00,1,,,,,,Treatment 1,890.483,296.822666666667,3.0,3.0,,,3.0,3.0,3.0,0.0,0.0,0.0,0.0,0.0,0.0,1.0,,,,,,9074655
PSAU88D,889135,2020-11-03 10:23:35.965000-05:00,2020-11-04 10:25:00-05:00,2020-11-05 10:35:46.708000-05:00,,2,,,,,,Not Assigned,,,,,,,,,,,,,,,,,,,,,,9193635
PSAU88D,889138,2020-11-03 10:23:35.965000-05:00,2020-11-04 10:25:00-05:00,2020-11-03 10:24:52.572000-05:00,,1,,,,,,Not Assigned,,,,,,,,,,,,,,,,,,,,,,9034226
PSAU88D,889145,2020-11-03 10:23:35.965000-05:00,2020-11-04 10:25:00-05:00,2020-11-03 15:53:50.016000-05:00,2020-11-04 11:47:09.492000-05:00,5,,,,,,Treatment 1,3856.254,167.524428571429,21.0,15.0,6.0,4.0,20.0,31.0,21.0,4.0,0.0,0.0,0.0,0.0,4.0,2.0,,,,,,9072133
PSAU88D,889147,2020-11-03 10:23:35.965000-05:00,2020-11-04 10:25:00-05:00,2020-11-03 10:33:06.325000-05:00,,1,,,,,,Treatment 3,1055.524,15.751,2.0,0.0,0.0,0.0,1.0,1.0,0.0,0.0,6.0,4.0,0.0,0.0,0.0,1.0,,,,,,9035125
PSAU88D,889148,2020-11-03 10:23:35.965000-05:00,2020-11-04 10:25:00-05:00,2020-11-03 12:18:37.632000-05:00,2020-11-03 12:23:55.641000-05:00,2,,,,,,Treatment 2,135.793,45.2603333333333,3.0,3.0,,,3.0,3.0,0.0,0.0,9.0,0.0,0.0,0.0,0.0,1.0,,,,,,9048088
PSAU88D,889166,2020-11-03 10:23:35.965000-05:00,2020-11-04 10:25:00-05:00,2020-11-03 15:59:23.768000-05:00,2020-11-03 16:33:46.424000-05:00,2,,,,,,Not Assigned,,,,,,,,,,,,,,,,,,,,,,9072531
PSAU88D,889187,2020-11-30 09:00:00-05:00,2020-12-07 09:00:00-05:00,2020-11-30 16:58:26.869000-05:00,2020-11-30 17:10:45.091000-05:00,1,,,,,,Treatment 1,648.328,87.451,6.0,5.0,1.0,,6.0,7.0,6.0,0.0,0.0,0.0,0.0,0.0,0.0,1.0,,,,,,10391433
PSAU88D,889188,2020-11-30 09:00:00-05:00,2020-12-07 09:00:00-05:00,2020-12-06 21:30:37.594000-05:00,,1,,,,,,Treatment 2,1347.138,50.66425,10.0,4.0,2.0,2.0,8.0,8.0,0.0,0.0,30.0,18.0,0.0,0.0,0.0,1.0,,,,,,10761075
PSAU88D,889189,2020-11-30 09:00:00-05:00,2020-12-07 09:00:00-05:00,2020-12-06 15:55:08.497000-05:00,,1,,,,,,Treatment 3,1753.612,57.2813,10.0,5.0,3.0,3.0,10.0,10.0,0.0,0.0,30.0,15.0,0.0,0.0,0.0,1.0,,,,,,10757499
PSAU88D,889190,2020-11-30 09:00:00-05:00,2020-12-07 09:00:00-05:00,2020-12-02 18:06:45.848000-05:00,2020-12-02 18:09:55.904000-05:00,1,,,,,,Treatment 2,84.664,28.2153333333333,3.0,3.0,,,3.0,3.0,0.0,0.0,9.0,0.0,0.0,0.0,0.0,1.0,,,,,,10581001
PSAU88D,889193,2020-11-30 09:00:00-05:00,2020-12-07 09:00:00-05:00,2020-11-30 17:47:59.831000-05:00,2020-11-30 17:57:17.643000-05:00,1,,,,,,Control 1,495.613,30.2059,10.0,7.0,2.0,,10.0,13.0,10.0,0.0,0.0,0.0,0.0,0.0,1.0,1.0,,,,,,10394044
PSAU88D,890945,2020-11-30 09:00:00-05:00,2020-12-07 09:00:00-05:00,2020-11-30 18:04:07.297000-05:00,2020-11-30 18:13:52.790000-05:00,2,,,,,,Control 1,532.946,24.331,9.0,6.0,3.0,,9.0,12.0,9.0,0.0,0.0,0.0,0.0,0.0,2.0,2.0,,,,,,10394761
PSAU88D,891293,2020-11-03 10:23:35.965000-05:00,2020-11-04 10:25:00-05:00,2020-11-03 10:24:54.976000-05:00,2020-11-03 10:34:55.872000-05:00,1,,,,,,Treatment 3,516.482,83.8711666666667,6.0,5.0,1.0,1.0,6.0,7.0,0.0,0.0,18.0,1.0,0.0,0.0,0.0,1.0,,,,,,9034230
PSAU88D,891719,2020-11-03 10:23:35.965000-05:00,2020-11-04 10:25:00-05:00,2020-11-05 06:36:54.185000-05:00,,6,,,,,,Treatment 1,15456.159,1461.29128571429,7.0,5.0,2.0,,7.0,10.0,7.0,0.0,0.0,0.0,0.0,0.0,0.0,3.0,,,,,,9174139
PSAU88D,891726,2020-11-05 09:50:00-05:00,2020-11-09 09:52:00-05:00,2020-11-05 10:03:01.050000-05:00,,1,,,,,,Treatment 3,,,1.0,,,,,0.0,0.0,0.0,3.0,0.0,0.0,0.0,0.0,1.0,,,,,,9187904
PSAU88D,892638,2020-11-03 10:23:35.965000-05:00,2020-11-04 10:25:00-05:00,2020-11-05 08:04:11.228000-05:00,,4,,,,,,Treatment 2,9945.66,9926.303,1.0,0.0,,,1.0,1.0,0.0,0.0,3.0,2.0,0.0,0.0,0.0,2.0,,,,,,9175031
PSAU88D,896465,2021-03-19 08:36:05.417000-04:00,,2021-03-22 11:06:48.497000-04:00,2021-03-22 11:12:10.296000-04:00,1,,,,,,Treatment 1,198.499,66.1603333333333,3.0,3.0,,,3.0,3.0,3.0,0.0,0.0,0.0,0.0,0.0,0.0,1.0,,,,,,14882854
PSAU88D,896470,2021-03-19 08:36:05.417000-04:00,,2021-03-22 11:06:17.494000-04:00,,1,,,,,,Treatment 2,1372.187,55.8044,11.0,6.0,4.0,4.0,10.0,10.0,0.0,0.0,33.0,15.0,0.0,0.0,0.0,1.0,,,,,,14882794
PSAU88D,896474,2021-03-19 08:36:05.417000-04:00,,2021-03-22 11:19:47.554000-04:00,2021-03-22 11:23:15.630000-04:00,1,,,,,,Treatment 2,150.683,50.22,3.0,3.0,,,3.0,3.0,0.0,0.0,9.0,0.0,0.0,0.0,0.0,1.0,,,,,,14884154
PSAU88D,896490,2021-03-19 08:36:05.417000-04:00,,2021-03-22 11:06:09.893000-04:00,2021-03-22 11:27:29.269000-04:00,1,,,,,,Treatment 1,1172.743,112.844333333333,6.0,4.0,2.0,1.0,6.0,12.0,6.0,1.0,0.0,0.0,0.0,0.0,1.0,1.0,,,,,,14882772
PSAU88D,896492,2021-03-19 08:36:05.417000-04:00,,2021-03-22 11:05:49.076000-04:00,2021-03-22 11:29:01.980000-04:00,1,,,,,,Treatment 1,1232.369,230.58225,4.0,3.0,1.0,,4.0,5.0,4.0,0.0,0.0,0.0,0.0,0.0,0.0,1.0,,,,,,14882741
PSAU88D,896495,2021-03-19 08:36:05.417000-04:00,,2021-03-22 11:05:13.256000-04:00,2021-03-22 11:14:35.431000-04:00,2,,,,,,Treatment 3,154.432,51.4706666666667,3.0,3.0,,,3.0,3.0,0.0,0.0,9.0,0.0,0.0,0.0,0.0,1.0,,,,,,14882666
PSAU88D,896508,2021-03-19 08:36:05.417000-04:00,,2021-03-22 11:07:42.858000-04:00,2021-03-22 11:13:55.920000-04:00,1,,,,,,Not Assigned,,,,,,,,,,,,,,,,,,,,,,14882938
PSAU88D,896509,2021-03-19 08:36:05.417000-04:00,,2021-03-22 11:06:11.962000-04:00,2021-03-22 11:12:08.704000-04:00,1,,,,,,Control 1,197.53,65.838,3.0,3.0,,,3.0,3.0,3.0,0.0,0.0,0.0,0.0,0.0,0.0,1.0,,,,,,14882781
PSAU88D,896513,2021-03-19 08:36:05.417000-04:00,,2021-03-22 11:05:59.245000-04:00,2021-03-22 11:16:51.028000-04:00,1,,,,,,Not Assigned,,,,,,,,,,,,,,,,,,,,,,14882751
PSAU88D,896999,2021-03-19 08:36:05.414000-04:00,,2021-03-22 12:07:09.672000-04:00,2021-03-22 12:29:45.357000-04:00,1,,,,,,Treatment 1,1088.254,92.0255,6.0,3.0,1.0,,6.0,11.0,6.0,0.0,0.0,0.0,0.0,0.0,0.0,1.0,,,,,,14888742
PSAU88D,897005,2021-03-19 08:36:05.414000-04:00,,2021-03-22 12:02:21.808000-04:00,,1,,,,,,Not Assigned,,,,,,,,,,,,,,,,,,,,,,14888292
PSAU88D,897011,2021-03-19 08:36:05.414000-04:00,,2021-03-22 12:03:50.173000-04:00,2021-03-22 12:09:05.041000-04:00,1,,,,,,Treatment 3,185.016,61.6643333333333,3.0,3.0,,,3.0,3.0,0.0,0.0,9.0,0.0,0.0,0.0,0.0,1.0,,,,,,14888426
PSAU88D,897223,2021-03-19 08:36:05.419000-04:00,,2021-03-22 14:17:47.797000-04:00,2021-03-22 14:25:51.043000-04:00,1,,,,,,Treatment 1,437.027,33.4678,5.0,3.0,1.0,1.0,4.0,10.0,5.0,2.0,0.0,0.0,0.0,0.0,2.0,1.0,,,,,,14901812
PSAU88D,897225,2021-03-19 08:36:05.419000-04:00,,2021-03-22 13:58:40.228000-04:00,2021-03-22 14:04:35.579000-04:00,1,,,,,,Treatment 3,297.782,99.254,3.0,3.0,,,3.0,3.0,0.0,0.0,9.0,0.0,0.0,0.0,0.0,1.0,,,,,,14899911
PSAU88D,897230,2021-03-19 08:36:05.419000-04:00,,2021-03-22 14:26:27.767000-04:00,,2,,,,,,Treatment 2,413.761,101.692,4.0,1.0,1.0,1.0,2.0,6.0,0.0,0.0,12.0,6.0,0.0,0.0,0.0,3.0,,,,,,14902630
PSAU88D,897240,2021-03-19 08:36:05.419000-04:00,,2021-03-22 13:58:27.439000-04:00,2021-03-22 14:07:56.626000-04:00,1,,,,,,Control 1,333.639,47.1608333333333,6.0,5.0,1.0,,6.0,7.0,6.0,0.0,0.0,0.0,0.0,0.0,0.0,1.0,,,,,,14899875
PSAU88D,897241,2021-03-19 08:36:05.419000-04:00,,2021-03-22 14:22:20.685000-04:00,,1,,,,,,Treatment 2,658.868,146.7585,3.0,1.0,1.0,1.0,2.0,2.0,0.0,0.0,9.0,3.0,0.0,0.0,0.0,1.0,,,,,,14902224
PSAU88D,897247,2021-03-19 08:36:05.419000-04:00,,2021-03-22 14:03:55.230000-04:00,2021-03-22 14:08:00.615000-04:00,1,,,,,,Treatment 1,164.91,54.9626666666667,3.0,3.0,,,3.0,3.0,3.0,0.0,0.0,0.0,0.0,0.0,0.0,1.0,,,,,,14900491
PSAU88D,897260,2021-03-19 08:36:05.419000-04:00,,2021-03-22 13:59:46.734000-04:00,2021-03-22 14:09:56-04:00,1,,,,,,Treatment 3,466.244,155.408,3.0,3.0,,,3.0,3.0,0.0,0.0,9.0,0.0,0.0,0.0,0.0,1.0,,,,,,14900039
PSAU88D,897261,2021-03-19 08:36:05.419000-04:00,,2021-03-22 14:13:08.440000-04:00,2021-03-22 14:25:18.423000-04:00,1,,,,,,Treatment 1,445.989,90.03225,4.0,3.0,1.0,1.0,4.0,7.0,4.0,1.0,0.0,0.0,0.0,0.0,1.0,1.0,,,,,,14901384
PSAU88D,897263,2021-03-19 08:36:05.419000-04:00,,2021-03-22 14:35:48.381000-04:00,,1,,,,,,Not Assigned,,,,,,,,,,,,,,,,,,,,,,14903518
PSAU88D,897270,2021-03-19 08:36:05.419000-04:00,,2021-03-22 14:00:03.731000-04:00,2021-03-22 14:24:35.633000-04:00,2,,,,,,Treatment 1,959.39,89.87875,8.0,5.0,2.0,1.0,8.0,17.0,8.0,2.0,0.0,0.0,0.0,0.0,2.0,2.0,,,,,,14900072
PSAU88D,897277,2021-03-19 08:36:05.419000-04:00,,2021-03-22 14:30:01.020000-04:00,,1,,,,,,Control 1,169.974,103.613,1.0,0.0,,,1.0,2.0,1.0,0.0,0.0,0.0,0.0,0.0,0.0,1.0,,,,,,14902980
PSAU88D,897650,2021-03-19 08:36:05.412000-04:00,,2021-03-22 15:00:26.782000-04:00,2021-03-22 15:09:53.126000-04:00,1,,,,,,Not Assigned,,,,,,,,,,,,,,,,,,,,,,14905549
PSAU88D,897651,2021-03-19 08:36:05.412000-04:00,,2021-03-22 15:02:59.051000-04:00,2021-03-22 15:11:11.158000-04:00,1,,,,,,Control 1,412.605,137.527333333333,3.0,3.0,,,3.0,3.0,3.0,0.0,0.0,0.0,0.0,0.0,0.0,1.0,,,,,,14905750
PSAU88D,897652,2021-03-19 08:36:05.412000-04:00,,2021-03-19 14:23:55.165000-04:00,2021-03-22 15:10:00.499000-04:00,3,,,,,,Treatment 3,391.373,130.452333333333,3.0,3.0,,,3.0,3.0,0.0,0.0,9.0,0.0,0.0,0.0,0.0,1.0,,,,,,14854494
PSAU88D,897654,2021-03-19 08:36:05.412000-04:00,,2021-03-22 15:03:22.759000-04:00,2021-03-22 15:14:23.743000-04:00,1,,,,,,Treatment 3,469.933,66.8898333333333,6.0,5.0,1.0,1.0,6.0,6.0,0.0,0.0,18.0,3.0,0.0,0.0,0.0,1.0,,,,,,14905779
PSAU88D,897658,2021-03-19 08:36:05.412000-04:00,,2021-03-22 15:07:11.285000-04:00,2021-03-22 15:15:11.659000-04:00,1,,,,,,Control 1,425.522,49.8166666666667,6.0,4.0,2.0,,6.0,10.0,6.0,0.0,0.0,0.0,0.0,0.0,2.0,1.0,,,,,,14906020
PSAU88D,897660,2021-03-19 08:36:05.412000-04:00,,2021-03-22 15:04:39.828000-04:00,,1,,,,,,Not Assigned,,,,,,,,,,,,,,,,,,,,,,14905856
PSAU88D,897662,2021-03-19 08:36:05.412000-04:00,,2021-03-22 15:31:56.536000-04:00,,1,,,,,,Treatment 1,,,1.0,,,,,0.0,1.0,0.0,0.0,0.0,0.0,0.0,0.0,1.0,,,,,,14907540
PSAU88D,897663,2021-03-19 08:36:05.412000-04:00,,2021-03-22 15:01:00.757000-04:00,2021-03-22 15:09:52.820000-04:00,1,,,,,,Control 1,272.304,36.9655,6.0,4.0,2.0,,6.0,8.0,6.0,0.0,0.0,0.0,0.0,0.0,0.0,1.0,,,,,,14905589
PSAU88D,897665,2021-03-19 08:36:05.412000-04:00,,2021-03-22 15:04:25.195000-04:00,2021-03-22 15:07:20.226000-04:00,1,,,,,,Treatment 2,103.314,34.43,3.0,3.0,,,3.0,3.0,0.0,0.0,9.0,0.0,0.0,0.0,0.0,1.0,,,,,,14905845
PSAU88D,897678,2021-03-19 08:36:05.412000-04:00,,2021-03-22 15:05:32.201000-04:00,2021-03-22 15:13:51.845000-04:00,1,,,,,,Treatment 1,316.053,105.342333333333,3.0,3.0,,,3.0,3.0,3.0,0.0,0.0,0.0,0.0,0.0,0.0,1.0,,,,,,14905922
PSAU88D,897683,2021-03-19 08:36:05.412000-04:00,,2021-03-22 15:08:02.015000-04:00,,2,,,,,,Control 1,1465.85,1465.836,2.0,1.0,,,1.0,1.0,2.0,0.0,0.0,0.0,0.0,0.0,0.0,2.0,,,,,,14906065
PSAU88D,897698,2021-03-19 08:36:05.412000-04:00,,2021-03-22 15:18:47.196000-04:00,,1,,,,,,Treatment 3,497.652,248.466,2.0,1.0,,,2.0,2.0,0.0,0.0,6.0,1.0,0.0,0.0,0.0,1.0,,,,,,14906752
PSAU88D,897700,2021-03-19 08:36:05.412000-04:00,,2021-03-22 15:03:20.876000-04:00,,2,,,,,,Treatment 2,1535.888,123.258909090909,11.0,7.0,3.0,3.0,11.0,11.0,0.0,0.0,33.0,12.0,0.0,0.0,0.0,3.0,,,,,,14905777
PSAU88D,899928,2021-03-19 08:36:05.409000-04:00,,2021-03-22 09:49:55.100000-04:00,,1,,,,,,Not Assigned,,,,,,,,,,,,,,,,,,,,,,14875272
PSAU88D,899929,2021-03-19 08:36:05.409000-04:00,,2021-03-22 09:45:19.300000-04:00,,1,,,,,,Not Assigned,,,,,,,,,,,,,,,,,,,,,,14874880
PSAU88D,899933,2021-03-19 08:36:05.409000-04:00,,2021-03-22 09:44:45.807000-04:00,,1,,,,,,Not Assigned,,,,,,,,,,,,,,,,,,,,,,14874840
PSAU88D,899934,2021-03-19 08:36:05.409000-04:00,,2021-03-22 09:45:14.356000-04:00,2021-03-22 09:56:44.429000-04:00,1,,,,,,Not Assigned,,,,,,,,,,,,,,,,,,,,,,14874870
PSAU88D,899940,2021-03-19 08:36:05.409000-04:00,,2021-03-22 09:45:20.816000-04:00,,1,,,,,,Not Assigned,,,,,,,,,,,,,,,,,,,,,,14874882
PSAU88D,899942,2021-03-19 08:36:05.409000-04:00,,2021-03-22 09:43:58.397000-04:00,,1,,,,,,Not Assigned,,,,,,,,,,,,,,,,,,,,,,14874777
PSAU88D,899944,2021-03-19 08:36:05.409000-04:00,,2021-03-22 09:46:01.737000-04:00,,1,,,,,,Not Assigned,,,,,,,,,,,,,,,,,,,,,,14874947
PSAU88D,899954,2021-03-19 08:36:05.409000-04:00,,2021-03-22 09:44:39.112000-04:00,2021-03-22 09:56:33.632000-04:00,2,,,,,,Treatment 1,460.418,17.50825,4.0,3.0,1.0,1.0,4.0,11.0,4.0,1.0,0.0,0.0,0.0,0.0,0.0,2.0,,,,,,14874828
PSAU88D,900009,2021-03-19 08:36:05.409000-04:00,,2021-03-22 09:51:53.268000-04:00,,1,,,,,,Treatment 1,389.343,81.397,4.0,3.0,1.0,,3.0,4.0,4.0,0.0,0.0,0.0,0.0,0.0,0.0,1.0,,,,,,14875439
PSAU88D,900344,2021-03-19 08:36:05.417000-04:00,,2021-03-22 11:06:04.367000-04:00,2021-03-22 11:11:14.597000-04:00,1,,,,,,Not Assigned,,,,,,,,,,,,,,,,,,,,,,14882761
PSAU88D,900345,2020-11-03 10:23:35.965000-05:00,2020-11-04 10:25:00-05:00,2020-11-05 10:26:16.401000-05:00,,2,,,,,,Not Assigned,,,,,,,,,,,,,,,,,,,,,,9192042
PSAU88D,900350,2021-03-19 08:36:05.417000-04:00,,2021-03-22 11:21:19.331000-04:00,2021-03-22 11:24:05.167000-04:00,1,,,,,,Control 1,139.475,46.4853333333333,3.0,3.0,,,3.0,3.0,3.0,0.0,0.0,0.0,0.0,0.0,0.0,1.0,,,,,,14884258
PSAU88D,900404,2021-03-19 08:36:05.417000-04:00,,2021-03-22 11:05:55.271000-04:00,2021-03-22 11:14:11.517000-04:00,1,,,,,,Not Assigned,,,,,,,,,,,,,,,,,,,,,,14882747
PSAU88D,900518,2021-03-19 08:36:05.417000-04:00,,2021-03-22 11:13:45.407000-04:00,2021-03-22 11:21:52.372000-04:00,1,,,,,,Not Assigned,,,,,,,,,,,,,,,,,,,,,,14883491
PSAU88D,900649,2021-03-19 08:36:05.414000-04:00,,2021-03-22 12:05:38.275000-04:00,2021-03-22 12:13:01.986000-04:00,1,,,,,,Not Assigned,,,,,,,,,,,,,,,,,,,,,,14888584
PSAU88D,900669,2021-03-19 08:36:05.414000-04:00,,2021-03-22 12:04:24.882000-04:00,,1,,,,,,Treatment 2,1571.675,166.143285714286,8.0,4.0,3.0,3.0,7.0,7.0,0.0,0.0,24.0,9.0,0.0,0.0,0.0,1.0,,,,,,14888490
PSAU88D,900695,2021-03-19 08:36:05.414000-04:00,,2021-03-22 12:04:10.303000-04:00,2021-03-22 12:10:27.701000-04:00,1,,,,,,Control 1,234.844,78.2723333333333,3.0,3.0,,,3.0,3.0,3.0,0.0,0.0,0.0,0.0,0.0,0.0,1.0,,,,,,14888464
PSAU88D,900718,2021-03-19 08:36:05.414000-04:00,,2021-03-22 12:07:00.330000-04:00,2021-03-22 12:14:19.375000-04:00,2,,,,,,Not Assigned,,,,,,,,,,,,,,,,,,,,,,14888725
PSAU88D,900733,2021-03-19 08:36:05.414000-04:00,,2021-03-22 12:02:33.571000-04:00,,2,,,,,,Treatment 2,1620.738,238.972,5.0,1.0,1.0,1.0,5.0,5.0,0.0,0.0,15.0,10.0,0.0,0.0,0.0,2.0,,,,,,14888311
PSAU88D,900776,2021-03-19 08:36:05.414000-04:00,,2021-03-22 12:04:54.626000-04:00,2021-03-22 12:10:03.645000-04:00,1,,,,,,Treatment 2,212.472,70.817,3.0,3.0,,,3.0,3.0,0.0,0.0,9.0,0.0,0.0,0.0,0.0,1.0,,,,,,14888530
PSAU88D,901279,2021-03-19 08:36:05.419000-04:00,,2021-03-22 14:02:52.937000-04:00,2021-03-22 14:31:10.843000-04:00,1,,,,,,Not Assigned,,,,,,,,,,,,,,,,,,,,,,14900366
PSAU88D,901300,2021-03-19 08:36:05.419000-04:00,,2021-03-22 13:59:16.665000-04:00,2021-03-22 14:07:16.554000-04:00,2,,,,,,Treatment 2,228.519,76.166,3.0,3.0,,,3.0,3.0,0.0,0.0,9.0,0.0,0.0,0.0,0.0,1.0,,,,,,14899982
PSAU88D,901301,2021-03-19 08:36:05.419000-04:00,,2021-03-22 14:32:22.795000-04:00,,2,,,,,,Treatment 1,136.239,136.229,2.0,1.0,,,1.0,1.0,2.0,0.0,0.0,0.0,0.0,0.0,0.0,2.0,,,,,,14903171
PSAU88D,901452,2021-03-19 08:36:05.412000-04:00,,2021-03-22 15:00:58.283000-04:00,2021-03-22 15:16:18.920000-04:00,1,,,,,,Control 1,760.027,102.389833333333,6.0,4.0,1.0,,6.0,10.0,6.0,0.0,0.0,0.0,0.0,0.0,0.0,1.0,,,,,,14905586
PSAU88D,902350,2020-11-03 10:23:35.965000-05:00,2020-11-04 10:25:00-05:00,2020-11-03 11:10:48.586000-05:00,,1,,,,,,Not Assigned,,,,,,,,,,,,,,,,,,,,,,9039678
PSAU88D,906941,2021-05-05 10:48:43.138000-04:00,2021-05-05 18:00:00-04:00,2021-05-06 06:58:24.399000-04:00,2021-05-06 07:05:57.024000-04:00,1,,,,,,Control 1,262.215,51.8476,5.0,4.0,1.0,,5.0,6.0,5.0,0.0,0.0,0.0,0.0,0.0,0.0,1.0,,,,,,16182436
PSAU88D,912686,2021-03-19 08:36:05.419000-04:00,,2021-03-22 14:25:38.800000-04:00,2021-03-22 16:27:17.842000-04:00,2,,,,,,Treatment 2,6817.318,812.6495,8.0,5.0,2.0,2.0,8.0,10.0,0.0,0.0,24.0,5.0,0.0,0.0,0.0,2.0,,,,,,14902548
PSAU88D,914420,2021-03-19 08:36:05.417000-04:00,,2021-03-22 11:05:52.785000-04:00,2021-03-22 11:18:57.315000-04:00,1,,,,,,Treatment 3,655.155,124.63,4.0,3.0,1.0,1.0,4.0,4.0,0.0,0.0,12.0,3.0,0.0,0.0,0.0,1.0,,,,,,14882744
PSAU88D,915427,2021-03-19 08:36:05.412000-04:00,,2021-03-22 15:01:57.675000-04:00,2021-03-22 15:06:29.132000-04:00,1,,,,,,Treatment 3,195.574,65.185,3.0,3.0,,,3.0,3.0,0.0,0.0,9.0,0.0,0.0,0.0,0.0,1.0,,,,,,14905662
PSAU88D,917798,2021-03-17 10:15:00-04:00,2021-03-18 10:15:00-04:00,2021-03-18 00:13:22.719000-04:00,,1,,,,,,Treatment 3,,,1.0,,,,,0.0,0.0,0.0,3.0,0.0,0.0,0.0,0.0,1.0,,,,,,14776789
PSAU88D,921845,2021-03-19 08:36:05.412000-04:00,,2021-03-22 15:04:23.902000-04:00,2021-03-22 15:19:09.244000-04:00,1,,,,,,Not Assigned,,,,,,,,,,,,,,,,,,,,,,14905841
PSAU88D,922473,2021-01-04 08:40:00-05:00,2021-01-04 20:00:00-05:00,2021-01-04 08:50:48.390000-05:00,2021-01-04 13:18:46.212000-05:00,2,,,,,,Treatment 2,13629.587,4543.18633333333,3.0,3.0,,,3.0,3.0,0.0,0.0,9.0,0.0,0.0,0.0,0.0,2.0,,,,,,11514149
PSAU88D,922615,2021-01-04 08:40:00-05:00,2021-01-04 20:00:00-05:00,2021-01-04 08:49:06.167000-05:00,2021-01-04 09:32:50.777000-05:00,2,,,,,,Treatment 1,382.342,127.442,3.0,3.0,,,3.0,3.0,3.0,0.0,0.0,0.0,0.0,0.0,0.0,1.0,,,,,,11514067
PSAU88D,922616,2021-01-04 08:40:00-05:00,2021-01-04 20:00:00-05:00,2021-01-05 08:47:48.532000-05:00,,1,,,,,,Treatment 3,8400.089,53.462,5.0,1.0,1.0,1.0,3.0,3.0,0.0,0.0,15.0,9.0,0.0,0.0,0.0,1.0,,,,,,11566049
PSAU88D,922617,2021-01-04 08:40:00-05:00,2021-01-04 20:00:00-05:00,2021-01-05 10:20:09.715000-05:00,2021-01-05 14:39:21.625000-05:00,4,,,,,,Treatment 3,14860.039,90.755,4.0,3.0,1.0,1.0,3.0,5.0,0.0,0.0,12.0,3.0,0.0,0.0,0.0,4.0,,,,,,11577419
PSAU88D,922618,2021-01-04 08:40:00-05:00,2021-01-04 20:00:00-05:00,2021-01-04 12:48:20.377000-05:00,2021-01-04 12:53:05.880000-05:00,1,,,,,,Treatment 3,166.764,55.5826666666667,3.0,3.0,,,3.0,3.0,0.0,0.0,9.0,0.0,0.0,0.0,0.0,1.0,,,,,,11536253
PSAU88D,922622,2021-01-04 08:40:00-05:00,2021-01-04 20:00:00-05:00,2021-01-05 08:59:48.701000-05:00,,1,,,,,,Not Assigned,,,,,,,,,,,,,,,,,,,,,,11567220
PSAU88D,922627,2021-01-04 08:40:00-05:00,2021-01-04 20:00:00-05:00,2021-01-05 09:10:42.854000-05:00,2021-01-05 09:18:23.625000-05:00,1,,,,,,Treatment 1,301.155,100.378,3.0,3.0,,,3.0,3.0,3.0,0.0,0.0,0.0,0.0,0.0,0.0,1.0,,,,,,11568450
PSAU88D,922644,2021-01-04 08:40:00-05:00,2021-01-04 20:00:00-05:00,2021-01-04 13:12:48.054000-05:00,2021-01-04 13:34:57.252000-05:00,1,,,,,,Not Assigned,,,,,,,,,,,,,,,,,,,,,,11538656
PSAU88D,922863,2021-01-04 08:40:00-05:00,2021-01-04 20:00:00-05:00,2021-01-04 09:46:57.683000-05:00,,1,,,,,,Treatment 2,714.251,,10.0,0.0,0.0,0.0,0.0,0.0,0.0,0.0,30.0,30.0,0.0,0.0,0.0,1.0,,,,,,11518253
PSAU88D,922872,2021-01-04 08:40:00-05:00,2021-01-04 20:00:00-05:00,2021-01-05 08:21:08.181000-05:00,,1,,,,,,Not Assigned,,,,,,,,,,,,,,,,,,,,,,11564332
PSAU88D,922894,2021-01-04 08:40:00-05:00,2021-01-04 20:00:00-05:00,2021-01-05 09:33:32.925000-05:00,2021-01-05 09:56:09.939000-05:00,1,,,,,,Not Assigned,,,,,,,,,,,,,,,,,,,,,,11570904
PSAU88D,922901,2021-01-04 08:40:00-05:00,2021-01-04 20:00:00-05:00,2021-01-04 09:48:13.115000-05:00,2021-01-04 10:15:40.530000-05:00,1,,,,,,Control 1,1237.116,225.6506,5.0,4.0,1.0,,5.0,7.0,5.0,0.0,0.0,0.0,0.0,0.0,1.0,1.0,,,,,,11518397
PSAU88D,922904,2021-01-04 08:40:00-05:00,2021-01-04 20:00:00-05:00,2021-01-04 09:46:33.946000-05:00,2021-01-06 14:51:06.493000-05:00,2,,,,,,Treatment 1,190719.748,31785.2356666667,6.0,5.0,1.0,,6.0,7.0,6.0,0.0,0.0,0.0,0.0,0.0,0.0,2.0,,,,,,11518211
PSAU88D,922913,2021-01-04 08:40:00-05:00,2021-01-04 20:00:00-05:00,2021-01-04 11:37:30.250000-05:00,2021-01-04 12:06:50.174000-05:00,2,,,,,,Treatment 2,1662.322,56.7535,5.0,3.0,1.0,1.0,4.0,4.0,0.0,0.0,15.0,6.0,0.0,0.0,0.0,3.0,,,,,,11529127
PSAU88D,923047,2021-01-04 08:40:00-05:00,2021-01-04 20:00:00-05:00,2021-01-07 10:08:46.470000-05:00,2021-01-11 14:12:39.832000-05:00,5,,,,,,Not Assigned,,,,,,,,,,,,,,,,,,,,,,11723067
PSAU88D,923142,2021-01-04 08:40:00-05:00,2021-01-04 20:00:00-05:00,2021-01-04 10:31:49.685000-05:00,2021-01-14 17:42:20.120000-05:00,5,,,,,,Not Assigned,,,,,,,,,,,,,,,,,,,,,,11522387
PSAU88D,923144,2021-01-04 08:40:00-05:00,2021-01-04 20:00:00-05:00,2021-01-04 10:30:13.756000-05:00,2021-02-22 11:41:57.809000-05:00,5,,,,,,Treatment 3,693321.164,108.962636363636,22.0,13.0,7.0,6.0,22.0,28.0,4.0,0.0,54.0,20.0,0.0,0.0,1.0,6.0,,,,,,11522282
PSAU88D,923147,2021-01-04 08:40:00-05:00,2021-01-04 20:00:00-05:00,2021-01-04 10:31:32.538000-05:00,2021-01-04 10:44:21.748000-05:00,1,,,,,,Not Assigned,,,,,,,,,,,,,,,,,,,,,,11522370
PSAU88D,923148,2021-01-04 08:40:00-05:00,2021-01-04 20:00:00-05:00,2021-01-05 18:45:07.744000-05:00,2021-01-05 18:53:27.046000-05:00,1,,,,,,Treatment 2,305.879,101.955,3.0,3.0,,,3.0,3.0,0.0,0.0,9.0,0.0,0.0,0.0,0.0,1.0,,,,,,11632560
PSAU88D,923153,2021-01-04 08:40:00-05:00,2021-01-04 20:00:00-05:00,2021-01-04 10:30:21.417000-05:00,2021-01-04 11:19:48.838000-05:00,1,,,,,,Treatment 1,924.958,148.616666666667,6.0,5.0,1.0,,6.0,8.0,6.0,0.0,0.0,0.0,0.0,0.0,0.0,1.0,,,,,,11522295
PSAU88D,923156,2021-01-04 08:40:00-05:00,2021-01-04 20:00:00-05:00,2021-01-04 17:17:43.096000-05:00,,1,,,,,,Treatment 1,47.808,39.885,1.0,0.0,,,1.0,3.0,1.0,0.0,0.0,0.0,0.0,0.0,0.0,1.0,,,,,,11556521
PSAU88D,923159,2021-01-04 08:40:00-05:00,2021-01-04 20:00:00-05:00,2021-01-04 10:29:47.529000-05:00,2021-01-04 11:28:31.262000-05:00,1,,,,,,Control 1,3191.835,480.414333333333,6.0,5.0,1.0,,6.0,8.0,6.0,0.0,0.0,0.0,0.0,0.0,0.0,1.0,,,,,,11522266
PSAU88D,924369,2021-01-04 08:40:00-05:00,2021-01-04 20:00:00-05:00,2021-01-04 10:28:46.941000-05:00,2021-01-04 11:18:38.878000-05:00,2,,,,,,Treatment 2,1299.045,433.010666666667,3.0,3.0,,,3.0,3.0,0.0,0.0,9.0,0.0,0.0,0.0,0.0,2.0,,,,,,11522200
PSAU88D,924594,2021-01-04 08:40:00-05:00,2021-01-04 20:00:00-05:00,2021-01-11 11:26:12.730000-05:00,,2,,,,,,Treatment 2,353974.027,117981.851,3.0,2.0,,,3.0,3.0,0.0,0.0,9.0,3.0,0.0,0.0,0.0,2.0,,,,,,11879626
PSAU88D,925338,2021-03-19 08:36:05.417000-04:00,,2021-03-22 11:06:48.949000-04:00,2021-03-22 11:22:44.311000-04:00,1,,,,,,Control 1,791.783,263.916666666667,3.0,3.0,,,3.0,3.0,3.0,0.0,0.0,0.0,0.0,0.0,0.0,1.0,,,,,,14882858
PSAU88D,928974,2021-01-04 08:40:00-05:00,2021-01-04 20:00:00-05:00,2021-01-06 09:15:28.114000-05:00,2021-01-06 14:35:00.467000-05:00,3,,,,,,Treatment 1,19087.186,2088.56222222222,9.0,6.0,3.0,2.0,9.0,18.0,9.0,2.0,0.0,0.0,0.0,0.0,2.0,2.0,,,,,,11643788
PSAU88D,929024,2020-11-19 09:00:00-05:00,2020-11-20 09:00:00-05:00,2020-11-19 09:26:52.190000-05:00,2020-11-19 09:30:53.486000-05:00,1,,,,,,Not Assigned,,,,,,,,,,,,,,,,,,,,,,10048572
PSAU88D,929026,2020-11-19 09:00:00-05:00,2020-11-20 09:00:00-05:00,2020-11-19 17:31:14.624000-05:00,2020-11-19 17:35:34.897000-05:00,1,,,,,,Control 1,194.222,64.735,3.0,3.0,,,3.0,3.0,3.0,0.0,0.0,0.0,0.0,0.0,0.0,1.0,,,,,,10119110
PSAU88D,929027,2020-11-19 09:00:00-05:00,2020-11-20 09:00:00-05:00,2020-11-19 09:23:38.975000-05:00,2020-11-19 09:32:06.470000-05:00,1,,,,,,Not Assigned,,,,,,,,,,,,,,,,,,,,,,10048084
PSAU88D,929030,2020-11-19 09:00:00-05:00,2020-11-20 09:00:00-05:00,2020-11-19 09:24:35.673000-05:00,2020-11-19 09:31:55.274000-05:00,1,,,,,,Not Assigned,,,,,,,,,,,,,,,,,,,,,,10048216
PSAU88D,929031,2020-11-19 09:00:00-05:00,2020-11-20 09:00:00-05:00,2020-11-19 09:21:30.207000-05:00,2020-11-20 09:15:30.871000-05:00,6,,,,,,Not Assigned,,,,,,,,,,,,,,,,,,,,,,10047825
PSAU88D,929032,2020-11-19 09:00:00-05:00,2020-11-20 09:00:00-05:00,2020-11-19 09:23:22.589000-05:00,2020-11-19 09:28:26.201000-05:00,1,,,,,,Not Assigned,,,,,,,,,,,,,,,,,,,,,,10048048
PSAU88D,929036,2020-11-19 09:00:00-05:00,2020-11-20 09:00:00-05:00,2020-11-19 09:18:56.416000-05:00,2020-11-19 09:29:42.461000-05:00,1,,,,,,Not Assigned,,,,,,,,,,,,,,,,,,,,,,10047493
PSAU88D,929038,2020-11-19 09:00:00-05:00,2020-11-20 09:00:00-05:00,2020-11-19 15:52:12.435000-05:00,2020-11-19 20:53:23.903000-05:00,3,,,,,,Not Assigned,,,,,,,,,,,,,,,,,,,,,,10112977
PSAU88D,929039,2020-11-19 09:00:00-05:00,2020-11-20 09:00:00-05:00,2020-11-19 09:12:15.759000-05:00,2020-11-19 09:18:43.301000-05:00,1,,,,,,Treatment 2,224.83,33.65225,4.0,3.0,1.0,1.0,4.0,4.0,0.0,0.0,12.0,3.0,0.0,0.0,0.0,1.0,,,,,,10046602
PSAU88D,929041,2020-11-19 09:00:00-05:00,2020-11-20 09:00:00-05:00,2020-11-19 09:24:10.195000-05:00,2020-11-19 09:28:29.113000-05:00,1,,,,,,Not Assigned,,,,,,,,,,,,,,,,,,,,,,10048151
PSAU88D,929042,2020-11-19 09:00:00-05:00,2020-11-20 09:00:00-05:00,2020-11-19 09:31:14.219000-05:00,2020-11-19 09:37:33.781000-05:00,1,,,,,,Not Assigned,,,,,,,,,,,,,,,,,,,,,,10049186
PSAU88D,929043,2020-11-19 09:00:00-05:00,2020-11-20 09:00:00-05:00,2020-11-19 20:40:45.491000-05:00,2020-11-19 20:50:24.265000-05:00,1,,,,,,Treatment 1,370.599,26.8176,10.0,6.0,3.0,,10.0,14.0,10.0,0.0,0.0,0.0,0.0,0.0,0.0,1.0,,,,,,10125265
PSAU88D,929044,2020-11-19 09:00:00-05:00,2020-11-20 09:00:00-05:00,2020-11-19 09:23:52.628000-05:00,2020-11-19 09:32:44.187000-05:00,1,,,,,,Not Assigned,,,,,,,,,,,,,,,,,,,,,,10048112
PSAU88D,929048,2020-11-19 09:00:00-05:00,2020-11-20 09:00:00-05:00,2020-11-19 09:27:19.036000-05:00,2020-11-20 09:40:24.460000-05:00,2,,,,,,Not Assigned,,,,,,,,,,,,,,,,,,,,,,10048627
PSAU88D,929051,2020-11-19 09:00:00-05:00,2020-11-20 09:00:00-05:00,2020-11-19 09:25:24.954000-05:00,2020-11-19 09:30:50.144000-05:00,1,,,,,,Not Assigned,,,,,,,,,,,,,,,,,,,,,,10048347
PSAU88D,929053,2020-11-19 09:00:00-05:00,2020-11-20 09:00:00-05:00,2020-11-19 09:29:16.321000-05:00,2020-11-19 09:34:09.438000-05:00,1,,,,,,Not Assigned,,,,,,,,,,,,,,,,,,,,,,10048879
PSAU88D,929587,2020-11-19 09:00:00-05:00,2020-11-20 09:00:00-05:00,2020-11-19 11:35:34.821000-05:00,2020-11-19 11:40:44.527000-05:00,1,,,,,,Treatment 2,175.571,27.56425,4.0,3.0,1.0,1.0,4.0,4.0,0.0,0.0,12.0,3.0,0.0,0.0,0.0,1.0,,,,,,10071008
PSAU88D,929748,2021-03-19 08:36:05.414000-04:00,,2021-03-22 12:02:39.641000-04:00,,1,,,,,,Not Assigned,,,,,,,,,,,,,,,,,,,,,,14888326
PSAU88D,931364,2020-11-19 09:00:00-05:00,2020-11-20 09:00:00-05:00,2020-11-20 17:45:37.648000-05:00,,1,,,,,,Treatment 2,,,1.0,,,,,0.0,0.0,0.0,3.0,0.0,0.0,0.0,0.0,1.0,,,,,,10186418
PSAU88D,931535,2021-03-19 08:36:05.417000-04:00,,2021-03-22 11:20:52.320000-04:00,,1,,,,,,Treatment 1,1195.156,119.260875,9.0,5.0,3.0,,8.0,11.0,9.0,0.0,0.0,0.0,0.0,0.0,0.0,1.0,,,,,,14884231
PSAU88D,931541,2021-03-19 08:36:05.417000-04:00,,2021-03-22 11:16:16.623000-04:00,,1,,,,,,Treatment 1,195.248,195.248,1.0,0.0,,,1.0,1.0,1.0,0.0,0.0,0.0,0.0,0.0,0.0,1.0,,,,,,14883796
PSAU88D,931686,2021-03-19 08:36:05.414000-04:00,,2021-03-22 12:09:40.849000-04:00,,2,,,,,,Not Assigned,,,,,,,,,,,,,,,,,,,,,,14889021
PSAU88D,931712,2021-03-19 08:36:05.414000-04:00,,2021-03-22 12:21:36.111000-04:00,,1,,,,,,Not Assigned,,,,,,,,,,,,,,,,,,,,,,14890199
PSAU88D,931730,2021-03-19 08:36:05.414000-04:00,,2021-03-22 12:02:36.973000-04:00,2021-03-22 12:30:54.959000-04:00,1,,,,,,Control 1,1011.222,239.6705,4.0,3.0,1.0,,4.0,6.0,4.0,0.0,0.0,0.0,0.0,0.0,0.0,1.0,,,,,,14888319
PSAU88D,931731,2021-03-19 08:36:05.414000-04:00,,2021-03-22 12:14:18.975000-04:00,,1,,,,,,Treatment 2,194.432,33.318,1.0,0.0,,,1.0,1.0,0.0,0.0,3.0,3.0,0.0,0.0,0.0,1.0,,,,,,14889460
PSAU88D,931736,2021-03-19 08:36:05.414000-04:00,,2021-03-19 11:46:00.332000-04:00,,1,,,,,,Not Assigned,,,,,,,,,,,,,,,,,,,,,,14842328
PSAU88D,932144,2021-03-19 08:36:05.419000-04:00,,2021-03-22 14:16:08.847000-04:00,,1,,,,,,Not Assigned,,,,,,,,,,,,,,,,,,,,,,14901659
PSAU88D,935641,2021-03-19 08:36:05.409000-04:00,,2021-03-22 09:45:39.781000-04:00,,1,,,,,,Not Assigned,,,,,,,,,,,,,,,,,,,,,,14874915
PSAU88D,949067,2020-12-10 11:00:00-05:00,2020-12-11 16:00:00-05:00,2020-12-10 11:13:05.400000-05:00,2020-12-10 14:09:48.520000-05:00,3,,,,,,Not Assigned,,,,,,,,,,,,,,,,,,,,,,11041857
PSAU88D,949073,2020-12-10 11:00:00-05:00,2020-12-11 16:00:00-05:00,2020-12-10 11:20:32.751000-05:00,2020-12-10 11:59:06.754000-05:00,4,,,,,,Not Assigned,,,,,,,,,,,,,,,,,,,,,,11043183
PSAU88D,949074,2020-12-10 11:00:00-05:00,2020-12-11 16:00:00-05:00,2020-12-11 11:06:56.942000-05:00,2020-12-11 11:26:57.597000-05:00,6,,,,,,Not Assigned,,,,,,,,,,,,,,,,,,,,,,11120073
PSAU88D,949080,2020-12-10 11:00:00-05:00,2020-12-11 16:00:00-05:00,2020-12-10 11:22:12.876000-05:00,2020-12-10 12:05:49.057000-05:00,3,,,,,,Not Assigned,,,,,,,,,,,,,,,,,,,,,,11043477
PSAU88D,949081,2020-12-10 11:00:00-05:00,2020-12-11 16:00:00-05:00,2020-12-10 11:19:38.354000-05:00,2020-12-10 11:29:47.356000-05:00,1,,,,,,Not Assigned,,,,,,,,,,,,,,,,,,,,,,11043043
PSAU88D,949085,2020-12-10 11:00:00-05:00,2020-12-11 16:00:00-05:00,2020-12-10 11:38:46.132000-05:00,2021-01-04 09:52:25.692000-05:00,5,,,,,,Not Assigned,,,,,,,,,,,,,,,,,,,,,,11046281
PSAU88D,949086,2020-12-10 11:00:00-05:00,2020-12-11 16:00:00-05:00,2020-12-10 11:35:08.227000-05:00,2020-12-10 12:13:46.643000-05:00,2,,,,,,Not Assigned,,,,,,,,,,,,,,,,,,,,,,11045684
PSAU88D,949094,2020-12-10 11:00:00-05:00,2020-12-11 16:00:00-05:00,2020-12-10 11:27:29.051000-05:00,2020-12-11 08:19:12.980000-05:00,6,,,,,,Not Assigned,,,,,,,,,,,,,,,,,,,,,,11044429
PSAU88D,949096,2020-12-10 11:00:00-05:00,2020-12-11 16:00:00-05:00,2020-12-10 11:28:52.055000-05:00,2020-12-10 11:39:30.220000-05:00,1,,,,,,Not Assigned,,,,,,,,,,,,,,,,,,,,,,11044656
PSAU88D,949103,2020-12-10 11:00:00-05:00,2020-12-11 16:00:00-05:00,2020-12-10 11:21:52.365000-05:00,2020-12-11 11:23:58.461000-05:00,3,,,,,,Not Assigned,,,,,,,,,,,,,,,,,,,,,,11043430
PSAU88D,949106,2020-12-10 11:00:00-05:00,2020-12-11 16:00:00-05:00,2020-12-10 11:32:20.887000-05:00,2020-12-10 11:42:04.602000-05:00,1,,,,,,Not Assigned,,,,,,,,,,,,,,,,,,,,,,11045258
PSAU88D,949107,2020-12-10 11:00:00-05:00,2020-12-11 16:00:00-05:00,2020-12-10 11:24:35.940000-05:00,2020-12-10 19:41:24.817000-05:00,1,,,,,,Not Assigned,,,,,,,,,,,,,,,,,,,,,,11043888
PSAU88D,949115,2020-12-10 11:00:00-05:00,2020-12-11 16:00:00-05:00,2020-12-10 11:28:58.773000-05:00,2020-12-10 20:11:27.188000-05:00,2,,,,,,Not Assigned,,,,,,,,,,,,,,,,,,,,,,11044674
PSAU88D,949124,2020-12-10 11:00:00-05:00,2020-12-11 16:00:00-05:00,2020-12-10 11:29:37.702000-05:00,2020-12-10 16:39:10.241000-05:00,3,,,,,,Not Assigned,,,,,,,,,,,,,,,,,,,,,,11044777
PSAU88D,949179,2020-12-10 11:00:00-05:00,2020-12-11 16:00:00-05:00,2020-12-10 12:13:36.212000-05:00,2020-12-10 17:54:12.468000-05:00,2,,,,,,Not Assigned,,,,,,,,,,,,,,,,,,,,,,11052371
PSAU88D,949180,2020-12-10 11:00:00-05:00,2020-12-11 16:00:00-05:00,2020-12-10 12:02:43.648000-05:00,2020-12-10 19:37:12.378000-05:00,1,,,,,,Not Assigned,,,,,,,,,,,,,,,,,,,,,,11050370
PSAU88D,949181,2020-12-10 11:00:00-05:00,2020-12-11 16:00:00-05:00,2020-12-11 08:27:17.885000-05:00,2020-12-11 08:36:32.299000-05:00,1,,,,,,Not Assigned,,,,,,,,,,,,,,,,,,,,,,11102235
PSAU88D,949182,2020-12-10 11:00:00-05:00,2020-12-11 16:00:00-05:00,2020-12-10 12:04:53.429000-05:00,2020-12-10 12:12:04.977000-05:00,1,,,,,,Not Assigned,,,,,,,,,,,,,,,,,,,,,,11050804
PSAU88D,949183,2020-12-10 11:00:00-05:00,2020-12-11 16:00:00-05:00,2020-12-11 11:57:27.103000-05:00,2021-01-06 15:48:58.204000-05:00,3,,,,,,Not Assigned,,,,,,,,,,,,,,,,,,,,,,11126929
PSAU88D,949184,2020-12-10 11:00:00-05:00,2020-12-11 16:00:00-05:00,2020-12-11 11:52:53.176000-05:00,2020-12-15 12:14:04.102000-05:00,3,,,,,,Not Assigned,,,,,,,,,,,,,,,,,,,,,,11126306
PSAU88D,949185,2020-12-10 11:00:00-05:00,2020-12-11 16:00:00-05:00,2020-12-10 12:17:09.174000-05:00,2020-12-11 12:00:23.390000-05:00,2,,,,,,Not Assigned,,,,,,,,,,,,,,,,,,,,,,11052981
PSAU88D,949186,2020-12-10 11:00:00-05:00,2020-12-11 16:00:00-05:00,2020-12-15 12:09:54.962000-05:00,2020-12-16 13:23:04.651000-05:00,1,,,,,,Not Assigned,,,,,,,,,,,,,,,,,,,,,,11280216
PSAU88D,949187,2020-12-10 11:00:00-05:00,2020-12-11 16:00:00-05:00,2020-12-10 12:03:27.590000-05:00,2020-12-10 17:30:05.405000-05:00,5,,,,,,Not Assigned,,,,,,,,,,,,,,,,,,,,,,11050516
PSAU88D,949188,2020-12-10 11:00:00-05:00,2020-12-11 16:00:00-05:00,2020-12-10 12:12:58.856000-05:00,2020-12-11 12:09:08.122000-05:00,6,,,,,,Not Assigned,,,,,,,,,,,,,,,,,,,,,,11052258
PSAU88D,949189,2020-12-10 11:00:00-05:00,2020-12-11 16:00:00-05:00,2020-12-10 14:37:58.522000-05:00,,3,,,,,,Not Assigned,,,,,,,,,,,,,,,,,,,,,,11076081
PSAU88D,949190,2020-12-10 11:00:00-05:00,2020-12-11 16:00:00-05:00,2020-12-10 12:11:40.773000-05:00,,1,,,,,,Not Assigned,,,,,,,,,,,,,,,,,,,,,,11052047
PSAU88D,949191,2020-12-10 11:00:00-05:00,2020-12-11 16:00:00-05:00,2020-12-10 12:12:28.387000-05:00,2020-12-11 12:06:40.785000-05:00,4,,,,,,Not Assigned,,,,,,,,,,,,,,,,,,,,,,11052177
PSAU88D,949192,2020-12-10 11:00:00-05:00,2020-12-11 16:00:00-05:00,2020-12-10 12:08:03.592000-05:00,2020-12-10 12:14:07.690000-05:00,1,,,,,,Not Assigned,,,,,,,,,,,,,,,,,,,,,,11051436
PSAU88D,949193,2020-12-10 11:00:00-05:00,2020-12-11 16:00:00-05:00,2020-12-10 12:09:39.322000-05:00,2020-12-10 12:16:23.342000-05:00,2,,,,,,Not Assigned,,,,,,,,,,,,,,,,,,,,,,11051723
PSAU88D,949194,2020-12-10 11:00:00-05:00,2020-12-11 16:00:00-05:00,2020-12-10 12:04:33.258000-05:00,2020-12-10 12:16:44.265000-05:00,2,,,,,,Not Assigned,,,,,,,,,,,,,,,,,,,,,,11050735
PSAU88D,949720,2020-12-10 11:00:00-05:00,2020-12-11 16:00:00-05:00,2020-12-10 17:52:56.341000-05:00,2020-12-10 18:09:01.940000-05:00,1,,,,,,Not Assigned,,,,,,,,,,,,,,,,,,,,,,11091336
PSAU88D,949783,2020-12-10 11:00:00-05:00,2020-12-11 16:00:00-05:00,2020-12-10 20:41:39.637000-05:00,2020-12-10 20:50:14.675000-05:00,1,,,,,,Not Assigned,,,,,,,,,,,,,,,,,,,,,,11096409
PSAU88D,950242,2020-12-10 11:00:00-05:00,2020-12-11 16:00:00-05:00,2020-12-11 11:31:11.564000-05:00,2020-12-15 11:23:18.097000-05:00,2,,,,,,Not Assigned,,,,,,,,,,,,,,,,,,,,,,11123171
PSAU88D,950367,2020-12-10 11:00:00-05:00,2020-12-11 16:00:00-05:00,2021-01-08 10:09:48.480000-05:00,2021-01-10 18:52:58.882000-05:00,1,,,,,,Not Assigned,,,,,,,,,,,,,,,,,,,,,,11800991
PSAU88D,952896,2020-12-10 11:00:00-05:00,2020-12-11 16:00:00-05:00,2020-12-15 12:31:33.186000-05:00,2020-12-17 17:35:51.658000-05:00,4,,,,,,Not Assigned,,,,,,,,,,,,,,,,,,,,,,11283367
PSAU88D,961660,2021-03-19 08:36:05.419000-04:00,,2021-03-22 14:02:10.959000-04:00,,1,,,,,,Not Assigned,,,,,,,,,,,,,,,,,,,,,,14900292
PSAU88D,961800,2021-03-19 08:36:05.412000-04:00,,2021-03-22 15:21:27.221000-04:00,,1,,,,,,Treatment 2,289.238,241.143,2.0,0.0,,,1.0,2.0,0.0,0.0,6.0,1.0,0.0,0.0,0.0,1.0,,,,,,14906929
PSAU88D,965041,2021-02-01 10:25:12.808000-05:00,2021-02-07 00:00:00-05:00,2021-02-17 09:59:53.139000-05:00,2021-02-19 09:58:40.562000-05:00,2,,,,,,Not Assigned,,,,,,,,,,,,,,,,,,,,,,13556323
PSAU88D,975452,2021-01-04 08:40:00-05:00,2021-01-04 20:00:00-05:00,2021-03-01 08:32:19.663000-05:00,,1,,,,,,Not Assigned,,,,,,,,,,,,,,,,,,,,,,14021647
PSAU88D,975603,2021-01-04 08:40:00-05:00,2021-01-04 20:00:00-05:00,2021-05-28 09:25:11.647000-04:00,,1,,,,,,Not Assigned,,,,,,,,,,,,,,,,,,,,,,16648957
PSAU88D,975825,2021-01-25 08:45:00-05:00,2021-01-26 08:00:00-05:00,2021-01-26 08:01:00.901000-05:00,,2,,,,,,Not Assigned,,,,,,,,,,,,,,,,,,,,,,12577885
PSAU88D,997604,2021-03-26 06:49:09.095000-04:00,2021-03-26 06:51:00-04:00,2021-03-26 07:50:33.830000-04:00,,1,,,,,,Treatment 3,577.675,123.835,3.0,1.0,0.0,0.0,3.0,5.0,0.0,0.0,9.0,2.0,0.0,0.0,0.0,1.0,,,,,,15061590
PSAU88D,997605,2021-04-07 06:24:39.018000-04:00,2021-04-07 06:26:00-04:00,2021-04-07 07:57:32.053000-04:00,2021-04-07 07:59:34.724000-04:00,1,,,,,,Control 1,64.82,21.601,3.0,3.0,,,3.0,3.0,3.0,0.0,0.0,0.0,0.0,0.0,0.0,1.0,,,,,,15308244
PSAU88D,997606,2021-03-26 06:49:09.095000-04:00,2021-03-26 06:51:00-04:00,2021-04-04 20:28:25.195000-04:00,,1,,,,,,Treatment 2,,,1.0,,,,,0.0,0.0,0.0,3.0,0.0,0.0,0.0,0.0,1.0,,,,,,15244084
PSAU88D,997607,2021-03-26 06:49:09.095000-04:00,2021-03-26 06:51:00-04:00,2021-03-26 07:51:12.463000-04:00,2021-03-26 07:57:25.061000-04:00,1,,,,,,Treatment 3,312.481,30.0346,5.0,3.0,1.0,1.0,5.0,8.0,0.0,0.0,15.0,3.0,0.0,0.0,0.0,1.0,,,,,,15061597
PSAU88D,997608,2021-03-26 06:49:09.095000-04:00,2021-03-26 06:51:00-04:00,2021-03-26 07:50:17.956000-04:00,,1,,,,,,Control 1,616.097,52.617375,9.0,3.0,2.0,,8.0,16.0,9.0,0.0,0.0,0.0,0.0,0.0,2.0,1.0,,,,,,15061586
PSAU88D,997609,2021-03-26 06:49:09.095000-04:00,2021-03-26 06:51:00-04:00,2021-03-26 07:50:45.919000-04:00,,1,,,,,,Treatment 2,520.79,185.2305,3.0,1.0,1.0,1.0,2.0,2.0,0.0,0.0,9.0,3.0,0.0,0.0,0.0,1.0,,,,,,15061593
PSAU88D,997610,2021-03-26 06:49:09.095000-04:00,2021-03-26 06:51:00-04:00,2021-03-29 21:17:43.587000-04:00,,1,,,,,,Treatment 2,167.662,64.046,1.0,0.0,,,1.0,1.0,0.0,0.0,3.0,3.0,0.0,0.0,0.0,1.0,,,,,,15133141
PSAU88D,997611,2021-03-26 06:49:09.095000-04:00,2021-03-26 06:51:00-04:00,2021-03-26 07:50:42.298000-04:00,2021-03-26 07:56:47.796000-04:00,1,,,,,,Control 1,230.765,76.915,3.0,3.0,,,3.0,3.0,3.0,0.0,0.0,0.0,0.0,0.0,0.0,1.0,,,,,,15061592
PSAU88D,997612,2021-04-07 06:24:39.018000-04:00,2021-04-07 06:26:00-04:00,2021-04-07 07:55:14.443000-04:00,,1,,,,,,Treatment 2,730.839,41.1031,10.0,5.0,3.0,3.0,10.0,12.0,0.0,0.0,30.0,12.0,0.0,0.0,0.0,1.0,,,,,,15308212
PSAU88D,997613,2021-04-07 06:24:39.018000-04:00,2021-04-07 06:26:00-04:00,2021-04-07 07:58:14.983000-04:00,,1,,,,,,Treatment 1,507.928,148.298333333333,3.0,1.0,0.0,,3.0,4.0,3.0,0.0,0.0,0.0,0.0,0.0,0.0,1.0,,,,,,15308250
PSAU88D,1005411,2021-03-19 08:00:00-04:00,2021-04-09 15:30:00-04:00,2021-03-19 09:21:22.318000-04:00,2021-03-19 09:34:00.937000-04:00,1,,,,,,Treatment 3,662.097,220.691333333333,3.0,3.0,,,3.0,3.0,0.0,0.0,9.0,0.0,0.0,0.0,0.0,1.0,,,,,,14831628
PSAU88D,1005426,2021-03-19 08:00:00-04:00,2021-04-09 15:30:00-04:00,2021-03-25 10:22:49.639000-04:00,,1,,,,,,Not Assigned,,,,,,,,,,,,,,,,,,,,,,15023530
PSAU88D,1005427,2021-03-19 08:00:00-04:00,2021-04-09 15:30:00-04:00,2021-03-19 10:16:07.970000-04:00,,4,,,,,,Not Assigned,,,,,,,,,,,,,,,,,,,,,,14835601
PSAU88D,1005428,2021-03-19 08:00:00-04:00,2021-04-09 15:30:00-04:00,2021-04-12 09:43:49.404000-04:00,,1,,,,,,Treatment 2,787.519,164.63125,6.0,2.0,1.0,1.0,4.0,4.0,0.0,0.0,18.0,9.0,0.0,0.0,0.0,1.0,,,,,,15426385
PSAU88D,1005429,2021-03-19 08:00:00-04:00,2021-04-09 15:30:00-04:00,2021-03-19 10:14:43.132000-04:00,,1,,,,,,Not Assigned,,,,,,,,,,,,,,,,,,,,,,14835471
PSAU88D,1005430,2021-03-19 08:00:00-04:00,2021-04-09 15:30:00-04:00,2021-03-19 10:17:15.569000-04:00,,1,,,,,,Not Assigned,,,,,,,,,,,,,,,,,,,,,,14835704
PSAU88D,1005432,2021-03-19 08:00:00-04:00,2021-04-09 15:30:00-04:00,2021-04-12 10:10:33.580000-04:00,,3,,,,,,Not Assigned,,,,,,,,,,,,,,,,,,,,,,15428774
PSAU88D,1005433,2021-03-19 08:00:00-04:00,2021-04-09 15:30:00-04:00,2021-03-25 09:59:31.902000-04:00,,1,,,,,,Not Assigned,,,,,,,,,,,,,,,,,,,,,,15021472
PSAU88D,1005436,2021-03-19 08:00:00-04:00,2021-04-09 15:30:00-04:00,2021-03-25 10:04:13.826000-04:00,,2,,,,,,Not Assigned,,,,,,,,,,,,,,,,,,,,,,15021914
PSAU88D,1005437,2021-03-19 08:00:00-04:00,2021-04-09 15:30:00-04:00,2021-03-25 09:54:41.860000-04:00,,1,,,,,,Not Assigned,,,,,,,,,,,,,,,,,,,,,,15021061
PSAU88D,1005438,2021-03-19 08:00:00-04:00,2021-04-09 15:30:00-04:00,2021-04-12 10:03:01.089000-04:00,,1,,,,,,Not Assigned,,,,,,,,,,,,,,,,,,,,,,15428030
PSAU88D,1005500,2021-03-19 08:00:00-04:00,2021-04-09 15:30:00-04:00,2021-03-22 11:29:40.042000-04:00,2021-03-22 11:37:55.424000-04:00,1,,,,,,Not Assigned,,,,,,,,,,,,,,,,,,,,,,14885089
PSAU88D,1005507,2021-03-19 08:00:00-04:00,2021-04-09 15:30:00-04:00,2021-03-19 12:32:01.545000-04:00,2021-03-19 12:40:46.534000-04:00,1,,,,,,Treatment 3,456.66,35.637,4.0,3.0,1.0,1.0,4.0,4.0,0.0,0.0,12.0,3.0,0.0,0.0,0.0,1.0,,,,,,14845929
PSAU88D,1005508,2021-03-19 08:00:00-04:00,2021-04-09 15:30:00-04:00,2021-03-22 12:27:54.138000-04:00,,2,,,,,,Not Assigned,,,,,,,,,,,,,,,,,,,,,,14890773
PSAU88D,1005517,2021-03-19 08:00:00-04:00,2021-04-09 15:30:00-04:00,2021-03-24 12:34:07.424000-04:00,2021-03-24 12:37:00.077000-04:00,1,,,,,,Not Assigned,,,,,,,,,,,,,,,,,,,,,,14991503
PSAU88D,1005518,2021-03-19 08:00:00-04:00,2021-04-09 15:30:00-04:00,2021-03-22 12:27:11.402000-04:00,,2,,,,,,Not Assigned,,,,,,,,,,,,,,,,,,,,,,14890733
PSAU88D,1005520,2021-03-19 08:00:00-04:00,2021-04-09 15:30:00-04:00,2021-04-12 12:27:13.256000-04:00,,2,,,,,,Not Assigned,,,,,,,,,,,,,,,,,,,,,,15441301
PSAU88D,1005522,2021-03-19 08:00:00-04:00,2021-04-09 15:30:00-04:00,2021-03-25 12:45:45.039000-04:00,,2,,,,,,Not Assigned,,,,,,,,,,,,,,,,,,,,,,15037125
PSAU88D,1005523,2021-03-19 08:00:00-04:00,2021-04-09 15:30:00-04:00,2021-04-12 12:33:11.296000-04:00,,1,,,,,,Not Assigned,,,,,,,,,,,,,,,,,,,,,,15441976
PSAU88D,1005524,2021-03-19 08:00:00-04:00,2021-04-09 15:30:00-04:00,2021-04-12 11:50:37.457000-04:00,,1,,,,,,Not Assigned,,,,,,,,,,,,,,,,,,,,,,15437647
PSAU88D,1005525,2021-03-19 08:00:00-04:00,2021-04-09 15:30:00-04:00,2021-03-24 12:24:18.147000-04:00,2021-03-24 12:43:59.510000-04:00,2,,,,,,Treatment 3,1053.689,138.3185,6.0,5.0,1.0,1.0,6.0,6.0,0.0,0.0,18.0,3.0,0.0,0.0,0.0,2.0,,,,,,14990616
PSAU88D,1005526,2021-03-19 08:00:00-04:00,2021-04-09 15:30:00-04:00,2021-03-25 12:30:24.706000-04:00,,2,,,,,,Not Assigned,,,,,,,,,,,,,,,,,,,,,,15035540
PSAU88D,1005527,2021-03-19 08:00:00-04:00,2021-04-09 15:30:00-04:00,2021-03-24 12:17:33.036000-04:00,,2,,,,,,Not Assigned,,,,,,,,,,,,,,,,,,,,,,14989976
PSAU88D,1005528,2021-03-19 08:00:00-04:00,2021-04-09 15:30:00-04:00,2021-03-25 12:16:24.508000-04:00,,1,,,,,,Not Assigned,,,,,,,,,,,,,,,,,,,,,,15034204
PSAU88D,1005529,2021-03-19 08:00:00-04:00,2021-04-09 15:30:00-04:00,2021-03-24 12:18:09.380000-04:00,2021-03-24 12:27:52.966000-04:00,1,,,,,,Not Assigned,,,,,,,,,,,,,,,,,,,,,,14990034
PSAU88D,1005530,2021-03-19 08:00:00-04:00,2021-04-09 15:30:00-04:00,2021-04-12 12:35:43.018000-04:00,,1,,,,,,Not Assigned,,,,,,,,,,,,,,,,,,,,,,15442223
PSAU88D,1005542,2021-03-19 08:00:00-04:00,2021-04-09 15:30:00-04:00,2021-03-24 14:58:26.238000-04:00,,3,,,,,,Not Assigned,,,,,,,,,,,,,,,,,,,,,,15002837
PSAU88D,1005543,2021-03-19 08:00:00-04:00,2021-04-09 15:30:00-04:00,2021-03-24 13:22:42.943000-04:00,,1,,,,,,Not Assigned,,,,,,,,,,,,,,,,,,,,,,14995418
PSAU88D,1005545,2021-03-19 08:00:00-04:00,2021-04-09 15:30:00-04:00,2021-03-24 13:03:29.371000-04:00,,2,,,,,,Not Assigned,,,,,,,,,,,,,,,,,,,,,,14994001
PSAU88D,1005546,2021-03-19 08:00:00-04:00,2021-04-09 15:30:00-04:00,2021-03-24 12:41:34.099000-04:00,,5,,,,,,Not Assigned,,,,,,,,,,,,,,,,,,,,,,14992136
PSAU88D,1005547,2021-03-19 08:00:00-04:00,2021-04-09 15:30:00-04:00,2021-03-24 13:34:20.424000-04:00,,1,,,,,,Not Assigned,,,,,,,,,,,,,,,,,,,,,,14996511
PSAU88D,1005549,2021-03-19 08:00:00-04:00,2021-04-09 15:30:00-04:00,2021-04-12 13:32:14.087000-04:00,,1,,,,,,Not Assigned,,,,,,,,,,,,,,,,,,,,,,15448196
PSAU88D,1005550,2021-03-19 08:00:00-04:00,2021-04-09 15:30:00-04:00,2021-04-09 09:14:39.894000-04:00,2021-04-09 09:21:31.703000-04:00,1,,,,,,Treatment 1,283.764,41.9296666666667,6.0,5.0,1.0,,6.0,7.0,6.0,0.0,0.0,0.0,0.0,0.0,0.0,1.0,,,,,,15388153
PSAU88D,1005551,2021-03-19 08:00:00-04:00,2021-04-09 15:30:00-04:00,2021-03-24 13:28:13.805000-04:00,,1,,,,,,Not Assigned,,,,,,,,,,,,,,,,,,,,,,14995870
PSAU88D,1005552,2021-03-19 08:00:00-04:00,2021-04-09 15:30:00-04:00,2021-03-24 13:13:13.790000-04:00,2021-04-12 13:33:58.018000-04:00,3,,,,,,Not Assigned,,,,,,,,,,,,,,,,,,,,,,14994720
PSAU88D,1005555,2021-03-19 08:00:00-04:00,2021-04-09 15:30:00-04:00,2021-03-24 13:20:22.015000-04:00,,1,,,,,,Treatment 2,521.51,119.541,1.0,0.0,,,1.0,1.0,0.0,0.0,3.0,3.0,0.0,0.0,0.0,1.0,,,,,,14995280
PSAU88D,1005556,2021-03-19 08:00:00-04:00,2021-04-09 15:30:00-04:00,2021-03-24 13:28:00.011000-04:00,,1,,,,,,Not Assigned,,,,,,,,,,,,,,,,,,,,,,14995847
PSAU88D,1005557,2021-03-19 08:00:00-04:00,2021-04-09 15:30:00-04:00,2021-04-07 13:32:24.098000-04:00,,1,,,,,,Not Assigned,,,,,,,,,,,,,,,,,,,,,,15329564
PSAU88D,1005602,2021-03-19 08:00:00-04:00,2021-04-09 15:30:00-04:00,2021-03-19 16:08:47.314000-04:00,2021-03-19 16:51:01.956000-04:00,6,,,,,,Treatment 3,2336.731,91.8826666666667,12.0,8.0,4.0,4.0,12.0,12.0,0.0,0.0,36.0,12.0,0.0,0.0,0.0,7.0,,,,,,14858804
PSAU88D,1005739,2021-03-19 08:00:00-04:00,2021-04-09 15:30:00-04:00,2021-03-22 09:10:58.201000-04:00,2021-04-12 09:22:53.579000-04:00,4,,,,,,Control 1,1643881.297,86509.7661052632,19.0,10.0,6.0,,17.0,28.0,19.0,0.0,0.0,0.0,0.0,0.0,7.0,3.0,,,,,,14872334
PSAU88D,1005751,2021-03-19 08:00:00-04:00,2021-04-09 15:30:00-04:00,2021-03-24 08:59:26.840000-04:00,,1,,,,,,Control 1,,,1.0,,,,,0.0,1.0,0.0,0.0,0.0,0.0,0.0,0.0,1.0,,,,,,14972379
PSAU88D,1005759,2021-03-19 08:00:00-04:00,2021-04-09 15:30:00-04:00,2021-03-22 09:21:46.540000-04:00,,1,,,,,,Control 1,353.714,33.2311666666667,7.0,2.0,1.0,,5.0,12.0,7.0,0.0,0.0,0.0,0.0,0.0,3.0,1.0,,,,,,14873063
PSAU88D,1005769,2021-03-19 08:00:00-04:00,2021-04-09 15:30:00-04:00,2021-03-24 08:52:49.189000-04:00,,1,,,,,,Not Assigned,,,,,,,,,,,,,,,,,,,,,,14971986
PSAU88D,1005858,2021-03-19 08:00:00-04:00,2021-04-09 15:30:00-04:00,2021-03-22 11:30:44.174000-04:00,2021-03-22 11:35:54.261000-04:00,1,,,,,,Not Assigned,,,,,,,,,,,,,,,,,,,,,,14885213
PSAU88D,1005859,2021-03-19 08:00:00-04:00,2021-04-09 15:30:00-04:00,2021-03-22 11:48:47.622000-04:00,,1,,,,,,Not Assigned,,,,,,,,,,,,,,,,,,,,,,14886904
PSAU88D,1005860,2021-03-19 08:00:00-04:00,2021-04-09 15:30:00-04:00,2021-04-12 11:25:14.215000-04:00,,1,,,,,,Not Assigned,,,,,,,,,,,,,,,,,,,,,,15435243
PSAU88D,1005861,2021-03-19 08:00:00-04:00,2021-04-09 15:30:00-04:00,2021-03-22 11:32:47.059000-04:00,2021-04-09 10:47:50.961000-04:00,2,,,,,,Not Assigned,,,,,,,,,,,,,,,,,,,,,,14885428
PSAU88D,1005863,2021-03-19 08:00:00-04:00,2021-04-09 15:30:00-04:00,2021-03-22 11:47:54.878000-04:00,2021-03-22 11:53:13.035000-04:00,1,,,,,,Not Assigned,,,,,,,,,,,,,,,,,,,,,,14886819
PSAU88D,1005866,2021-03-19 08:00:00-04:00,2021-04-09 15:30:00-04:00,2021-03-22 11:40:45.248000-04:00,2021-03-22 11:44:57.868000-04:00,1,,,,,,Not Assigned,,,,,,,,,,,,,,,,,,,,,,14886115
PSAU88D,1005867,2021-03-19 08:00:00-04:00,2021-04-09 15:30:00-04:00,2021-03-22 11:43:58.808000-04:00,2021-03-22 11:52:11.831000-04:00,2,,,,,,Not Assigned,,,,,,,,,,,,,,,,,,,,,,14886396
PSAU88D,1005868,2021-03-19 08:00:00-04:00,2021-04-09 15:30:00-04:00,2021-03-24 11:35:32.167000-04:00,,2,,,,,,Not Assigned,,,,,,,,,,,,,,,,,,,,,,14986068
PSAU88D,1005873,2021-03-19 08:00:00-04:00,2021-04-09 15:30:00-04:00,2021-04-09 10:42:50.072000-04:00,2021-04-09 10:47:30.577000-04:00,1,,,,,,Not Assigned,,,,,,,,,,,,,,,,,,,,,,15393510
PSAU88D,1005885,2021-03-19 08:00:00-04:00,2021-04-09 15:30:00-04:00,2021-03-22 12:30:31.394000-04:00,,5,,,,,,Not Assigned,,,,,,,,,,,,,,,,,,,,,,14890998
PSAU88D,1006756,2021-03-19 08:00:00-04:00,2021-04-09 15:30:00-04:00,2021-03-24 08:54:29.453000-04:00,,1,,,,,,Treatment 3,1625.539,111.151333333333,10.0,5.0,3.0,3.0,9.0,11.0,0.0,0.0,30.0,13.0,0.0,0.0,0.0,1.0,,,,,,14972067
PSAU88D,1006757,2021-03-19 08:00:00-04:00,2021-04-09 15:30:00-04:00,2021-03-25 09:11:38.301000-04:00,2021-03-25 09:23:09.251000-04:00,1,,,,,,Not Assigned,,,,,,,,,,,,,,,,,,,,,,15017607
PSAU88D,1006758,2021-03-19 08:00:00-04:00,2021-04-09 15:30:00-04:00,2021-03-24 08:55:09.397000-04:00,,1,,,,,,Not Assigned,,,,,,,,,,,,,,,,,,,,,,14972105
PSAU88D,1006759,2021-03-19 08:00:00-04:00,2021-04-09 15:30:00-04:00,2021-04-09 18:48:22.263000-04:00,,1,,,,,,Control 1,430.892,33.1794,10.0,3.0,2.0,,5.0,13.0,10.0,0.0,0.0,0.0,0.0,0.0,6.0,1.0,,,,,,15414368
PSAU88D,1006760,2021-03-19 08:00:00-04:00,2021-04-09 15:30:00-04:00,2021-03-24 09:07:51.658000-04:00,,1,,,,,,Not Assigned,,,,,,,,,,,,,,,,,,,,,,14972944
PSAU88D,1006794,2021-03-19 08:00:00-04:00,2021-04-09 15:30:00-04:00,2021-04-12 10:17:59.450000-04:00,,1,,,,,,Not Assigned,,,,,,,,,,,,,,,,,,,,,,15429415
PSAU88D,1006888,2021-03-19 08:00:00-04:00,2021-04-09 15:30:00-04:00,2021-03-24 11:36:55.777000-04:00,,1,,,,,,Not Assigned,,,,,,,,,,,,,,,,,,,,,,14986184
PSAU88D,1006889,2021-03-19 08:00:00-04:00,2021-04-09 15:30:00-04:00,2021-03-24 11:31:52.501000-04:00,,1,,,,,,Treatment 2,1121.129,48.772,10.0,5.0,3.0,3.0,8.0,8.0,0.0,0.0,30.0,15.0,0.0,0.0,0.0,1.0,,,,,,14985743
PSAU88D,1006891,2021-03-19 08:00:00-04:00,2021-04-09 15:30:00-04:00,2021-03-24 11:37:32.801000-04:00,2021-04-11 22:40:23.467000-04:00,2,,,,,,Not Assigned,,,,,,,,,,,,,,,,,,,,,,14986240
PSAU88D,1006893,2021-03-19 08:00:00-04:00,2021-04-09 15:30:00-04:00,2021-03-24 11:48:26.391000-04:00,,1,,,,,,Not Assigned,,,,,,,,,,,,,,,,,,,,,,14987202
PSAU88D,1006896,2021-03-19 08:00:00-04:00,2021-04-09 15:30:00-04:00,2021-04-12 11:24:50.931000-04:00,,1,,,,,,Not Assigned,,,,,,,,,,,,,,,,,,,,,,15435210
PSAU88D,1006897,2021-03-19 08:00:00-04:00,2021-04-09 15:30:00-04:00,2021-03-24 11:46:41.424000-04:00,2021-03-24 11:56:06.277000-04:00,1,,,,,,Not Assigned,,,,,,,,,,,,,,,,,,,,,,14987015
PSAU88D,1006930,2021-03-19 08:00:00-04:00,2021-04-09 15:30:00-04:00,2021-03-24 12:24:58.924000-04:00,2021-03-25 12:31:52.192000-04:00,4,,,,,,Not Assigned,,,,,,,,,,,,,,,,,,,,,,14990684
PSAU88D,1006954,2021-03-19 08:00:00-04:00,2021-04-09 15:30:00-04:00,2021-04-12 13:24:57.883000-04:00,,1,,,,,,Not Assigned,,,,,,,,,,,,,,,,,,,,,,15447390
PSAU88D,1006955,2021-03-19 08:00:00-04:00,2021-04-09 15:30:00-04:00,2021-04-12 13:27:26.067000-04:00,,1,,,,,,Treatment 2,138.021,,1.0,0.0,,,0.0,0.0,0.0,0.0,3.0,3.0,0.0,0.0,0.0,1.0,,,,,,15447682
PSAU88D,1006956,2021-03-19 08:00:00-04:00,2021-04-09 15:30:00-04:00,2021-03-24 13:33:25.452000-04:00,,1,,,,,,Not Assigned,,,,,,,,,,,,,,,,,,,,,,14996394
PSAU88D,1006978,2021-03-19 08:00:00-04:00,2021-04-09 15:30:00-04:00,2021-04-08 16:05:34.206000-04:00,2021-04-08 16:12:27.625000-04:00,1,,,,,,Control 1,350.671,44.7975714285714,7.0,5.0,1.0,,7.0,9.0,7.0,0.0,0.0,0.0,0.0,0.0,2.0,1.0,,,,,,15378518
PSAU88D,1007154,2021-03-19 08:00:00-04:00,2021-04-09 15:30:00-04:00,2021-03-25 08:55:03.989000-04:00,,1,,,,,,Not Assigned,,,,,,,,,,,,,,,,,,,,,,15016425
PSAU88D,1016534,2021-05-05 10:48:43.138000-04:00,2021-05-05 18:00:00-04:00,2021-05-05 11:43:52.234000-04:00,,2,,,,,,Not Assigned,,,,,,,,,,,,,,,,,,,,,,16160410
PSAU88D,1016566,2021-05-05 10:48:43.140000-04:00,2021-05-05 18:00:00-04:00,2021-05-05 12:55:20.645000-04:00,,1,,,,,,Treatment 2,,,1.0,,,,,0.0,0.0,0.0,3.0,0.0,0.0,0.0,0.0,1.0,,,,,,16165955
PSAU88D,1016571,2021-05-05 10:48:43.140000-04:00,2021-05-05 18:00:00-04:00,2021-05-05 17:10:05.006000-04:00,2021-05-05 17:39:35.805000-04:00,3,,,,,,Treatment 1,1607.109,259.2236,5.0,3.0,1.0,0.0,5.0,9.0,5.0,1.0,0.0,0.0,0.0,0.0,1.0,2.0,,,,,,16177761
