experiment_id,student_id,release_date,due_date,start_time,end_time,assignment_session_count,pretest_problem_count,pretest_correct,pretest_time_on_task,pretest_average_first_response_time,pretest_session_count,assigned_condition,condition_time_on_task,condition_average_first_response_or_request_time,condition_problem_count,condition_total_correct,condition_total_correct_after_wrong_response,condition_total_correct_after_tutoring,condition_total_answers_before_tutoring,condition_total_attempt_count,condition_total_hints_available,condition_total_hints_given,condition_total_scaffold_problems_available,condition_total_scaffold_problems_given,condition_total_explanations_available,condition_total_explanations_given,condition_total_answers_given,condition_session_count,posttest_problem_count,posttest_correct,posttest_time_on_task,posttest_average_first_response_time,posttest_session_count,assistments_reference_assignment_log_id
PSAVTMK,50998,2021-04-11 22:48:55.044000-04:00,2021-04-15 02:50:00-04:00,2021-04-12 13:06:45.509000-04:00,2021-04-12 13:15:55.327000-04:00,1,,,,,,Treatment 3,438.486,58.0465,4.0,2.0,1.0,0.0,4.0,10.0,4.0,1.0,0.0,0.0,0.0,0.0,0.0,1.0,2.0,2.0,95.683,47.836,1.0,15445541
PSAVTMK,80143,2021-03-29 07:00:00-04:00,,2021-03-29 07:33:35.501000-04:00,,1,,,,,,Treatment 2,1429.23,301.099,5.0,1.0,1.0,1.0,3.0,8.0,5.0,2.0,0.0,0.0,0.0,0.0,2.0,1.0,,,,,,15097458
PSAVTMK,81852,2021-03-29 07:00:00-04:00,,2021-03-29 07:40:14.241000-04:00,2021-03-29 17:11:02.135000-04:00,4,,,,,,Treatment 1,725.04,139.4846,5.0,4.0,1.0,1.0,5.0,6.0,5.0,1.0,0.0,0.0,0.0,0.0,1.0,2.0,2.0,0.0,33511.761,16733.4775,2.0,15097485
PSAVTMK,87606,2021-03-29 07:00:00-04:00,,2021-03-29 07:36:08.806000-04:00,,1,,,,,,Treatment 2,14896.813,1589.47422222222,9.0,5.0,1.0,1.0,9.0,18.0,9.0,2.0,0.0,0.0,0.0,0.0,2.0,1.0,1.0,,,,1.0,15097468
PSAVTMK,98159,2020-10-26 20:29:53.141000-04:00,,2021-03-27 02:33:32.318000-04:00,,1,,,,,,Treatment 3,,,1.0,,,,,0.0,1.0,0.0,0.0,0.0,0.0,0.0,0.0,1.0,,,,,,15092743
PSAVTMK,114230,2020-11-16 09:00:00-05:00,2020-11-20 17:00:00-05:00,2020-11-20 12:58:36.655000-05:00,,2,,,,,,Treatment 3,230.081,100.027,3.0,0.0,0.0,0.0,0.0,2.0,3.0,2.0,0.0,0.0,0.0,0.0,2.0,2.0,,,,,,10164935
PSAVTMK,114234,2020-11-16 09:00:00-05:00,2020-11-20 17:00:00-05:00,2020-11-20 09:26:02.170000-05:00,,1,,,,,,Control,1599.875,357.28175,4.0,3.0,1.0,,4.0,7.0,4.0,0.0,0.0,0.0,0.0,0.0,0.0,1.0,2.0,0.0,643.137,626.858,1.0,10136355
PSAVTMK,114235,2020-11-16 09:00:00-05:00,2020-11-20 17:00:00-05:00,2020-11-19 15:12:56.665000-05:00,,1,,,,,,Treatment 3,109.059,109.059,1.0,0.0,,,1.0,1.0,1.0,0.0,0.0,0.0,0.0,0.0,0.0,1.0,,,,,,10108809
PSAVTMK,114865,2020-11-16 09:00:00-05:00,2020-11-20 17:00:00-05:00,2020-11-19 10:18:34.688000-05:00,,2,,,,,,Treatment 2,92690.622,47.4386666666667,3.0,0.0,0.0,0.0,3.0,9.0,3.0,3.0,0.0,0.0,0.0,0.0,3.0,2.0,,,,,,10056788
PSAVTMK,116284,2020-11-16 09:00:00-05:00,2020-11-20 17:00:00-05:00,2020-11-18 10:17:26.029000-05:00,,1,,,,,,Control,100.139,29.6335,3.0,0.0,0.0,0.0,2.0,4.0,3.0,2.0,0.0,0.0,0.0,0.0,2.0,1.0,,,,,,9973875
PSAVTMK,117824,2020-11-16 09:00:00-05:00,2020-11-20 17:00:00-05:00,2020-11-20 15:49:00.571000-05:00,2020-11-20 15:56:01.074000-05:00,1,,,,,,Control,235.542,78.5103333333333,3.0,3.0,,,3.0,3.0,3.0,0.0,0.0,0.0,0.0,0.0,0.0,1.0,2.0,1.0,175.935,62.772,1.0,10182522
PSAVTMK,123602,2020-05-20 10:00:00-04:00,2020-05-21 08:02:00-04:00,2020-05-20 10:18:37.626000-04:00,2020-05-20 10:31:03.133000-04:00,2,,,,,,Treatment 1,556.457,84.5358333333333,6.0,5.0,1.0,1.0,6.0,8.0,6.0,1.0,0.0,0.0,0.0,0.0,1.0,2.0,2.0,0.0,182.666,71.3155,1.0,3468122
PSAVTMK,123603,2020-05-20 10:00:00-04:00,2020-05-21 08:02:00-04:00,2020-05-20 10:21:28.683000-04:00,2020-05-20 10:31:03.953000-04:00,1,,,,,,Treatment 1,363.115,90.776,4.0,4.0,,,4.0,4.0,4.0,0.0,0.0,0.0,0.0,0.0,0.0,1.0,2.0,1.0,207.093,83.5455,1.0,3468359
PSAVTMK,123738,2020-05-20 10:00:00-04:00,2020-05-21 08:02:00-04:00,2020-05-20 10:04:57.394000-04:00,2020-05-20 10:14:18.290000-04:00,1,,,,,,Control,483.488,29.3053333333333,9.0,5.0,2.0,2.0,9.0,23.0,9.0,4.0,0.0,0.0,0.0,0.0,4.0,1.0,2.0,1.0,61.505,26.395,1.0,3467076
PSAVTMK,123743,2020-05-20 10:00:00-04:00,2020-05-21 08:02:00-04:00,2020-05-20 12:11:29.195000-04:00,2020-05-20 12:13:40.071000-04:00,1,,,,,,Control,78.788,26.2586666666667,3.0,3.0,,,3.0,3.0,3.0,0.0,0.0,0.0,0.0,0.0,0.0,1.0,2.0,2.0,44.301,22.1475,1.0,3477515
PSAVTMK,123778,2020-05-20 10:00:00-04:00,2020-05-21 08:02:00-04:00,2020-05-20 10:13:28.974000-04:00,2020-05-20 10:15:25.943000-04:00,1,,,,,,Control,52.552,17.513,3.0,3.0,,,3.0,3.0,3.0,0.0,0.0,0.0,0.0,0.0,0.0,1.0,2.0,2.0,61.658,30.8265,1.0,3467715
PSAVTMK,123835,2020-05-20 10:00:00-04:00,2020-05-21 08:02:00-04:00,2020-05-20 10:24:29.926000-04:00,2020-05-20 10:29:05.279000-04:00,1,,,,,,Treatment 1,157.857,39.461,4.0,4.0,,,4.0,4.0,4.0,0.0,0.0,0.0,0.0,0.0,0.0,1.0,2.0,2.0,107.171,53.582,1.0,3468590
PSAVTMK,123864,2020-05-20 10:00:00-04:00,2020-05-21 08:02:00-04:00,2020-05-20 10:42:46.525000-04:00,2020-05-20 10:51:46.612000-04:00,1,,,,,,Treatment 3,206.885,54.646,3.0,2.0,1.0,1.0,3.0,5.0,3.0,1.0,0.0,0.0,0.0,0.0,1.0,1.0,2.0,0.0,328.967,81.015,1.0,3470127
PSAVTMK,123892,2020-05-20 10:00:00-04:00,2020-05-21 08:02:00-04:00,2020-05-20 10:14:54.881000-04:00,2020-05-20 10:34:00.184000-04:00,1,,,,,,Control,803.748,68.0802,10.0,3.0,1.0,1.0,10.0,23.0,10.0,4.0,0.0,0.0,0.0,0.0,4.0,1.0,2.0,0.0,326.076,84.893,1.0,3467822
PSAVTMK,123893,2020-05-20 10:00:00-04:00,2020-05-21 08:02:00-04:00,2020-05-21 08:05:19.483000-04:00,2020-05-21 08:13:13.503000-04:00,1,,,,,,Control,390.301,30.5517,10.0,6.0,3.0,1.0,10.0,17.0,10.0,1.0,0.0,0.0,0.0,0.0,1.0,1.0,2.0,0.0,73.141,19.6195,1.0,3503911
PSAVTMK,123911,2020-05-20 10:00:00-04:00,2020-05-21 08:02:00-04:00,2020-05-20 10:05:18.319000-04:00,2020-05-20 10:12:30.537000-04:00,1,,,,,,Treatment 1,226.252,56.5615,4.0,4.0,,,4.0,4.0,4.0,0.0,0.0,0.0,0.0,0.0,0.0,1.0,2.0,2.0,199.833,99.9155,1.0,3467104
PSAVTMK,123942,2020-05-20 10:00:00-04:00,2020-05-21 08:02:00-04:00,2020-05-20 11:05:43.888000-04:00,2020-05-20 11:16:05.655000-04:00,1,,,,,,Treatment 2,496.844,60.10675,8.0,6.0,2.0,,8.0,10.0,8.0,0.0,0.0,0.0,0.0,0.0,0.0,1.0,2.0,1.0,115.101,38.6835,1.0,3471920
PSAVTMK,124030,2020-05-20 10:00:00-04:00,2020-05-21 08:02:00-04:00,2020-05-20 10:20:46.594000-04:00,2020-05-20 10:31:39.264000-04:00,1,,,,,,Treatment 1,352.459,88.11175,4.0,4.0,,,4.0,4.0,4.0,0.0,0.0,0.0,0.0,0.0,0.0,1.0,2.0,0.0,292.03,105.4795,1.0,3468296
PSAVTMK,124046,2020-05-20 10:00:00-04:00,2020-05-21 08:02:00-04:00,2020-05-20 10:16:35.624000-04:00,2020-05-20 10:21:11.879000-04:00,1,,,,,,Treatment 1,109.745,27.4335,4.0,4.0,,,4.0,4.0,4.0,0.0,0.0,0.0,0.0,0.0,0.0,1.0,2.0,1.0,161.522,24.37,1.0,3467976
PSAVTMK,124106,2020-05-20 10:00:00-04:00,2020-05-21 08:02:00-04:00,2020-05-20 10:16:29.859000-04:00,2020-05-20 10:21:40.048000-04:00,1,,,,,,Treatment 2,181.075,36.2124,5.0,5.0,,,5.0,5.0,5.0,0.0,0.0,0.0,0.0,0.0,0.0,1.0,2.0,1.0,118.43,46.6405,1.0,3467966
PSAVTMK,124110,2020-05-20 10:00:00-04:00,2020-05-21 08:02:00-04:00,2020-05-20 10:56:07.544000-04:00,2020-05-20 11:16:20.180000-04:00,1,,,,,,Treatment 2,1156.779,101.437636363636,11.0,6.0,2.0,1.0,11.0,16.0,11.0,2.0,0.0,0.0,0.0,0.0,2.0,1.0,2.0,0.0,46.316,16.284,1.0,3471132
PSAVTMK,124160,2020-05-20 10:00:00-04:00,2020-05-21 08:02:00-04:00,2020-05-20 11:55:21.945000-04:00,,2,,,,,,Treatment 1,621.521,45.775,13.0,8.0,3.0,2.0,12.0,17.0,13.0,2.0,0.0,0.0,0.0,0.0,2.0,2.0,,,,,,3476200
PSAVTMK,124165,2020-05-20 10:00:00-04:00,2020-05-21 08:02:00-04:00,2020-05-20 11:49:36.456000-04:00,2020-05-20 12:08:50.199000-04:00,1,,,,,,Treatment 2,1027.812,64.8555,6.0,5.0,1.0,1.0,6.0,7.0,6.0,1.0,0.0,0.0,0.0,0.0,1.0,1.0,2.0,0.0,105.997,31.372,1.0,3475701
PSAVTMK,124216,2020-05-20 10:00:00-04:00,2020-05-21 08:02:00-04:00,2020-05-20 12:06:36.816000-04:00,2020-05-20 12:59:47.406000-04:00,1,,,,,,Treatment 2,2694.332,298.856555555556,9.0,8.0,1.0,,9.0,10.0,9.0,0.0,0.0,0.0,0.0,0.0,0.0,1.0,2.0,1.0,454.97,80.856,1.0,3477103
PSAVTMK,124404,2020-05-20 10:00:00-04:00,2020-05-21 08:02:00-04:00,2020-05-20 16:07:58.126000-04:00,2020-05-20 16:10:00.370000-04:00,1,,,,,,Treatment 3,65.007,32.498,2.0,2.0,,,2.0,2.0,2.0,0.0,0.0,0.0,0.0,0.0,0.0,1.0,2.0,2.0,52.755,26.3735,1.0,3492336
PSAVTMK,124464,2020-05-20 10:00:00-04:00,2020-05-21 08:02:00-04:00,2020-05-20 10:10:01.095000-04:00,2020-05-20 10:23:28.659000-04:00,1,,,,,,Treatment 1,357.143,89.284,4.0,4.0,,,4.0,4.0,4.0,0.0,0.0,0.0,0.0,0.0,0.0,1.0,2.0,1.0,445.893,163.4525,1.0,3467488
PSAVTMK,124467,2020-05-20 10:00:00-04:00,2020-05-21 08:02:00-04:00,2020-05-20 15:13:54.679000-04:00,2020-05-30 13:22:47.589000-04:00,3,,,,,,Treatment 1,857129.886,31.6280833333333,12.0,7.0,3.0,0.0,11.0,17.0,12.0,1.0,0.0,0.0,0.0,0.0,1.0,2.0,2.0,0.0,188.047,40.301,1.0,3490001
PSAVTMK,124472,2020-05-20 10:00:00-04:00,2020-05-21 08:02:00-04:00,2020-05-21 08:05:36.400000-04:00,2020-05-21 08:14:09.241000-04:00,1,,,,,,Control,392.69,51.529,6.0,3.0,1.0,1.0,5.0,8.0,6.0,3.0,0.0,0.0,0.0,0.0,3.0,1.0,2.0,0.0,112.928,38.0235,1.0,3503918
PSAVTMK,124548,2020-05-20 10:00:00-04:00,2020-05-21 08:02:00-04:00,2020-05-20 10:10:45.086000-04:00,2020-05-20 10:14:17.755000-04:00,1,,,,,,Treatment 3,92.15,28.4676666666667,3.0,2.0,1.0,,3.0,4.0,3.0,0.0,0.0,0.0,0.0,0.0,0.0,1.0,2.0,1.0,114.229,33.112,1.0,3467538
PSAVTMK,124588,2020-05-20 10:00:00-04:00,2020-05-21 08:02:00-04:00,2020-05-20 13:55:29.099000-04:00,2020-05-20 14:07:26.909000-04:00,1,,,,,,Control,642.577,53.190625,8.0,5.0,2.0,1.0,8.0,11.0,8.0,1.0,0.0,0.0,0.0,0.0,1.0,1.0,2.0,2.0,68.836,34.4145,1.0,3485526
PSAVTMK,124589,2020-05-20 10:00:00-04:00,2020-05-21 08:02:00-04:00,2020-05-20 10:35:48.807000-04:00,2020-05-21 12:05:20.840000-04:00,5,,,,,,Treatment 1,91693.484,26.789,12.0,9.0,3.0,1.0,12.0,17.0,12.0,1.0,0.0,0.0,0.0,0.0,0.0,2.0,2.0,0.0,61.992,18.086,1.0,3469558
PSAVTMK,124725,2020-05-20 10:00:00-04:00,2020-05-21 08:02:00-04:00,2020-05-20 13:12:06.972000-04:00,2020-05-20 13:15:37.640000-04:00,1,,,,,,Treatment 2,122.187,24.4356,5.0,5.0,,,5.0,5.0,5.0,0.0,0.0,0.0,0.0,0.0,0.0,1.0,2.0,1.0,78.93,31.4845,1.0,3482420
PSAVTMK,124804,2020-05-20 10:00:00-04:00,2020-05-21 08:02:00-04:00,2020-05-21 09:51:53.313000-04:00,,1,,,,,,Treatment 3,578.735,37.1158181818182,11.0,4.0,4.0,2.0,11.0,29.0,11.0,5.0,0.0,0.0,0.0,0.0,5.0,1.0,,,,,,3509789
PSAVTMK,124840,2020-05-20 10:00:00-04:00,2020-05-21 08:02:00-04:00,2020-05-21 08:09:46.329000-04:00,2020-05-21 08:17:47.816000-04:00,1,,,,,,Treatment 1,256.932,64.2215,4.0,4.0,,,4.0,4.0,4.0,0.0,0.0,0.0,0.0,0.0,0.0,1.0,2.0,0.0,216.409,90.389,1.0,3504046
PSAVTMK,124918,2020-05-20 10:00:00-04:00,2020-05-21 08:02:00-04:00,2020-05-22 10:16:54.193000-04:00,2020-05-22 10:23:15.060000-04:00,1,,,,,,Treatment 1,73.232,18.3045,4.0,4.0,,,4.0,4.0,4.0,0.0,0.0,0.0,0.0,0.0,0.0,1.0,2.0,0.0,302.163,59.213,1.0,3552104
PSAVTMK,125006,2020-05-20 10:00:00-04:00,2020-05-21 08:02:00-04:00,2020-05-20 12:04:14.564000-04:00,2020-05-20 12:07:37.876000-04:00,1,,,,,,Control,121.718,40.5683333333333,3.0,3.0,,,3.0,3.0,3.0,0.0,0.0,0.0,0.0,0.0,0.0,1.0,2.0,1.0,74.385,28.317,1.0,3476908
PSAVTMK,125155,2020-05-20 10:00:00-04:00,2020-05-21 08:02:00-04:00,2020-05-20 11:32:41.980000-04:00,2020-05-20 13:16:52.855000-04:00,1,,,,,,Treatment 2,864.22,172.8406,5.0,5.0,,,5.0,5.0,5.0,0.0,0.0,0.0,0.0,0.0,0.0,1.0,2.0,0.0,5354.404,139.547,1.0,3474278
PSAVTMK,125312,2020-05-20 10:00:00-04:00,2020-05-21 08:02:00-04:00,2020-05-20 10:05:37.487000-04:00,2020-05-20 10:14:36.254000-04:00,1,,,,,,Treatment 3,77.02,38.505,2.0,2.0,,,2.0,2.0,2.0,0.0,0.0,0.0,0.0,0.0,0.0,1.0,2.0,0.0,458.112,54.3275,1.0,3467135
PSAVTMK,125377,2020-05-20 10:00:00-04:00,2020-05-21 08:02:00-04:00,2020-05-20 10:48:38.375000-04:00,2020-05-20 11:01:18.968000-04:00,2,,,,,,Treatment 1,490.426,122.60325,4.0,4.0,,,4.0,4.0,4.0,0.0,0.0,0.0,0.0,0.0,0.0,1.0,2.0,1.0,260.831,121.909,2.0,3470561
PSAVTMK,125925,2020-05-20 10:00:00-04:00,2020-05-21 08:02:00-04:00,2020-05-20 10:48:41.609000-04:00,,1,,,,,,Treatment 1,,,1.0,,,,,0.0,1.0,0.0,0.0,0.0,0.0,0.0,0.0,1.0,,,,,,3470571
PSAVTMK,126592,2020-05-20 10:00:00-04:00,2020-05-21 08:02:00-04:00,2020-05-21 08:08:23.043000-04:00,2020-05-21 08:14:10.175000-04:00,1,,,,,,Treatment 1,163.45,25.7411666666667,6.0,5.0,1.0,,6.0,7.0,6.0,0.0,0.0,0.0,0.0,0.0,0.0,1.0,2.0,0.0,176.543,67.1745,1.0,3504000
PSAVTMK,127133,2020-05-20 10:00:00-04:00,2020-05-21 08:02:00-04:00,2020-05-26 13:51:27.339000-04:00,2020-05-27 10:31:31.804000-04:00,2,,,,,,Control,74265.674,24755.2203333333,3.0,3.0,,,3.0,3.0,3.0,0.0,0.0,0.0,0.0,0.0,0.0,2.0,2.0,0.0,135.062,29.925,1.0,3607599
PSAVTMK,128163,2020-05-20 10:00:00-04:00,2020-05-21 08:02:00-04:00,2020-05-20 10:24:02.967000-04:00,2020-05-20 11:04:41.816000-04:00,1,,,,,,Treatment 2,2093.009,296.5355,6.0,5.0,1.0,,6.0,8.0,6.0,0.0,0.0,0.0,0.0,0.0,0.0,1.0,2.0,2.0,312.459,156.188,1.0,3468555
PSAVTMK,128166,2020-05-20 10:00:00-04:00,2020-05-21 08:02:00-04:00,2020-05-20 10:16:11.206000-04:00,2020-05-20 10:31:31.392000-04:00,1,,,,,,Treatment 3,814.208,125.746333333333,6.0,4.0,2.0,2.0,6.0,8.0,6.0,2.0,0.0,0.0,0.0,0.0,2.0,1.0,2.0,0.0,96.426,28.2095,1.0,3467932
PSAVTMK,128827,2020-05-20 10:00:00-04:00,2020-05-21 08:02:00-04:00,2020-05-20 10:24:09.518000-04:00,,1,,,,,,Treatment 2,660.19,50.2706,10.0,5.0,2.0,0.0,10.0,18.0,10.0,2.0,0.0,0.0,0.0,0.0,2.0,1.0,,,,,,3468562
PSAVTMK,130496,2020-11-16 09:00:00-05:00,2020-11-20 17:00:00-05:00,2020-11-17 11:45:08.116000-05:00,,3,,,,,,Treatment 3,274108.936,137054.4555,2.0,2.0,,,2.0,2.0,2.0,0.0,0.0,0.0,0.0,0.0,0.0,2.0,1.0,0.0,56.05,56.05,1.0,9893020
PSAVTMK,131130,2020-05-20 10:00:00-04:00,2020-05-21 08:02:00-04:00,2020-05-20 12:04:44.726000-04:00,,1,,,,,,Treatment 2,5087.897,1017.5756,5.0,5.0,,,5.0,5.0,5.0,0.0,0.0,0.0,0.0,0.0,0.0,1.0,1.0,,,,1.0,3476937
PSAVTMK,133963,2021-04-11 22:48:55.044000-04:00,2021-04-15 02:50:00-04:00,2021-04-12 12:48:57.080000-04:00,2021-04-12 12:53:37.647000-04:00,1,,,,,,Control,115.558,38.5123333333333,3.0,3.0,,,3.0,3.0,3.0,0.0,0.0,0.0,0.0,0.0,0.0,1.0,2.0,1.0,146.07,61.468,1.0,15443726
PSAVTMK,148678,2020-05-20 10:00:00-04:00,2020-05-21 08:02:00-04:00,2020-05-20 10:16:52.890000-04:00,2020-05-20 10:25:55.312000-04:00,1,,,,,,Control,327.386,59.003,4.0,3.0,1.0,,4.0,5.0,4.0,0.0,0.0,0.0,0.0,0.0,0.0,1.0,2.0,0.0,209.518,88.9415,1.0,3468001
PSAVTMK,168838,2021-04-11 22:48:55.041000-04:00,2021-04-15 02:50:00-04:00,2021-04-12 14:02:31.473000-04:00,2021-04-12 14:12:45.265000-04:00,1,,,,,,Control,517.897,56.3818333333333,6.0,4.0,2.0,1.0,6.0,11.0,6.0,1.0,0.0,0.0,0.0,0.0,1.0,1.0,2.0,1.0,81.804,35.577,1.0,15451254
PSAVTMK,187466,2020-09-21 12:45:00-04:00,2020-09-22 01:59:00-04:00,2020-09-24 11:35:09.209000-04:00,2020-09-24 11:44:07.346000-04:00,1,,,,,,Control,391.055,61.0322,5.0,3.0,1.0,,5.0,7.0,5.0,0.0,0.0,0.0,0.0,0.0,0.0,1.0,2.0,0.0,134.855,36.2165,1.0,6300469
PSAVTMK,187559,2020-09-21 12:45:00-04:00,2020-09-22 01:59:00-04:00,2020-09-30 16:10:29.454000-04:00,2020-10-09 11:08:19.135000-04:00,5,,,,,,Control,676296.681,115.241866666667,15.0,7.0,3.0,2.0,15.0,31.0,15.0,3.0,0.0,0.0,0.0,0.0,3.0,3.0,2.0,2.0,200.053,100.0235,1.0,6823202
PSAVTMK,187668,2020-09-21 12:45:00-04:00,2020-09-22 01:59:00-04:00,2020-09-23 15:44:14.999000-04:00,2020-10-06 11:35:15.328000-04:00,2,,,,,,Treatment 1,826.997,76.1668571428571,7.0,5.0,2.0,1.0,7.0,13.0,7.0,1.0,0.0,0.0,0.0,0.0,1.0,1.0,2.0,2.0,1107415.149,553707.5655,2.0,6231622
PSAVTMK,187707,2020-09-21 12:45:00-04:00,2020-09-22 01:59:00-04:00,2020-09-23 15:45:26.637000-04:00,2020-09-23 23:43:51.641000-04:00,2,,,,,,Treatment 2,28170.843,5634.1646,5.0,5.0,,,5.0,5.0,5.0,0.0,0.0,0.0,0.0,0.0,0.0,2.0,2.0,2.0,526.138,263.0645,1.0,6231797
PSAVTMK,187753,2020-09-21 12:45:00-04:00,2020-09-22 01:59:00-04:00,2020-09-21 15:25:55.916000-04:00,2020-09-25 11:39:41.596000-04:00,3,,,,,,Treatment 1,331845.405,67.49,7.0,4.0,1.0,1.0,7.0,13.0,7.0,3.0,0.0,0.0,0.0,0.0,3.0,2.0,2.0,0.0,161.256,36.2655,1.0,5969157
PSAVTMK,187971,2020-09-21 12:45:00-04:00,2020-09-22 01:59:00-04:00,2020-09-21 13:10:53.028000-04:00,,1,,,,,,Treatment 1,,,1.0,,,,,0.0,1.0,0.0,0.0,0.0,0.0,0.0,0.0,1.0,,,,,,5937422
PSAVTMK,188240,2020-09-21 12:45:00-04:00,2020-09-22 01:59:00-04:00,2020-09-23 15:39:16.359000-04:00,2020-09-23 15:52:06.456000-04:00,1,,,,,,Control,466.689,41.1804444444444,9.0,5.0,2.0,0.0,9.0,14.0,9.0,1.0,0.0,0.0,0.0,0.0,1.0,1.0,2.0,0.0,287.841,89.8595,1.0,6230953
PSAVTMK,189458,2020-09-21 12:45:00-04:00,2020-09-22 01:59:00-04:00,2020-10-04 13:59:01.904000-04:00,2020-10-04 14:13:08.324000-04:00,2,,,,,,Treatment 2,577.79,115.5528,5.0,5.0,,,5.0,5.0,5.0,0.0,0.0,0.0,0.0,0.0,0.0,2.0,2.0,1.0,246.824,90.8785,1.0,7053854
PSAVTMK,189734,2020-09-21 12:45:00-04:00,2020-09-22 01:59:00-04:00,2020-09-21 15:39:46.069000-04:00,2020-10-04 13:12:27.979000-04:00,3,,,,,,Treatment 2,1301.103,80.2581666666667,12.0,7.0,3.0,2.0,12.0,23.0,12.0,4.0,0.0,0.0,0.0,0.0,4.0,1.0,2.0,0.0,1113032.195,556495.404,2.0,5971262
PSAVTMK,189901,2020-09-21 12:45:00-04:00,2020-09-22 01:59:00-04:00,2020-09-21 13:02:57.259000-04:00,2020-09-21 13:08:14.104000-04:00,1,,,,,,Treatment 3,218.885,60.5286666666667,3.0,2.0,1.0,1.0,3.0,4.0,3.0,1.0,0.0,0.0,0.0,0.0,1.0,1.0,2.0,2.0,83.073,41.531,1.0,5935295
PSAVTMK,190165,2020-09-21 12:45:00-04:00,2020-09-22 01:59:00-04:00,2020-09-21 20:23:48.234000-04:00,2020-09-21 21:18:55.517000-04:00,2,,,,,,Treatment 1,2961.486,356.614285714286,7.0,4.0,1.0,1.0,4.0,7.0,7.0,3.0,0.0,0.0,0.0,0.0,3.0,2.0,2.0,1.0,316.033,107.799,1.0,5993938
PSAVTMK,191657,2020-09-21 12:45:00-04:00,2020-09-22 01:59:00-04:00,2020-09-23 21:57:16.160000-04:00,,2,,,,,,Control,243.231,32.7334,5.0,3.0,1.0,0.0,5.0,7.0,5.0,1.0,0.0,0.0,0.0,0.0,1.0,1.0,1.0,0.0,1215012.393,1215012.393,2.0,6254129
PSAVTMK,192404,2020-09-21 12:45:00-04:00,2020-09-22 01:59:00-04:00,2020-09-23 15:50:41.374000-04:00,2020-09-23 23:40:46.591000-04:00,4,,,,,,Treatment 3,27425.985,4439.982,6.0,3.0,2.0,1.0,5.0,10.0,6.0,1.0,0.0,0.0,0.0,0.0,1.0,3.0,2.0,0.0,288.399,99.055,1.0,6232498
PSAVTMK,192440,2020-09-21 12:45:00-04:00,2020-09-22 01:59:00-04:00,2020-09-21 13:19:29.730000-04:00,2020-09-21 13:26:17.049000-04:00,1,,,,,,Treatment 3,194.179,97.084,2.0,2.0,,,2.0,2.0,2.0,0.0,0.0,0.0,0.0,0.0,0.0,1.0,2.0,1.0,208.568,81.4805,1.0,5939364
PSAVTMK,193414,2020-09-21 12:45:00-04:00,2020-09-22 01:59:00-04:00,2020-09-22 00:25:17.864000-04:00,,1,,,,,,Treatment 3,33.296,33.296,1.0,0.0,,,1.0,1.0,1.0,0.0,0.0,0.0,0.0,0.0,0.0,1.0,,,,,,6001071
PSAVTMK,197265,2020-09-21 12:45:00-04:00,2020-09-22 01:59:00-04:00,2020-10-20 15:20:21.012000-04:00,2020-10-20 15:36:22.990000-04:00,1,,,,,,Control,745.681,74.6118888888889,9.0,6.0,3.0,1.0,9.0,17.0,9.0,1.0,0.0,0.0,0.0,0.0,1.0,1.0,2.0,2.0,204.141,102.067,1.0,8198459
PSAVTMK,197266,2020-09-21 12:45:00-04:00,2020-09-22 01:59:00-04:00,2020-09-22 10:27:32.860000-04:00,2020-09-22 10:36:26.611000-04:00,1,,,,,,Treatment 2,433.718,17.8734545454545,11.0,8.0,3.0,1.0,11.0,17.0,11.0,1.0,0.0,0.0,0.0,0.0,0.0,1.0,2.0,1.0,86.877,20.011,1.0,6028560
PSAVTMK,197276,2020-09-21 12:45:00-04:00,2020-09-22 01:59:00-04:00,2020-09-23 19:49:17.315000-04:00,2020-12-02 18:13:31.493000-05:00,3,,,,,,Treatment 2,6045759.121,79.5527,10.0,6.0,2.0,1.0,10.0,18.0,10.0,3.0,0.0,0.0,0.0,0.0,3.0,2.0,2.0,2.0,78.455,39.222,1.0,6249203
PSAVTMK,199157,2020-09-21 12:45:00-04:00,2020-09-22 01:59:00-04:00,2020-09-23 15:49:01.344000-04:00,2020-09-23 22:25:59.198000-04:00,2,,,,,,Treatment 1,23324.52,123.723333333333,6.0,4.0,1.0,0.0,6.0,9.0,6.0,1.0,0.0,0.0,0.0,0.0,1.0,2.0,2.0,2.0,479.777,239.8855,1.0,6232266
PSAVTMK,209635,2020-09-21 12:45:00-04:00,2020-09-22 01:59:00-04:00,2020-09-22 01:28:19.642000-04:00,2020-09-22 01:37:59.338000-04:00,1,,,,,,Treatment 3,402.726,110.786,3.0,2.0,1.0,1.0,3.0,4.0,3.0,1.0,0.0,0.0,0.0,0.0,0.0,1.0,2.0,2.0,163.488,81.7385,1.0,6001571
PSAVTMK,209741,2020-09-21 12:45:00-04:00,2020-09-22 01:59:00-04:00,2020-09-21 15:37:25.551000-04:00,2020-09-21 15:42:46.189000-04:00,1,,,,,,Treatment 3,126.163,63.063,2.0,2.0,,,2.0,2.0,2.0,0.0,0.0,0.0,0.0,0.0,0.0,1.0,2.0,1.0,189.761,65.838,1.0,5970873
PSAVTMK,210079,2020-09-21 12:45:00-04:00,2020-09-22 01:59:00-04:00,2020-09-21 13:04:19.061000-04:00,2020-09-21 13:08:38.651000-04:00,1,,,,,,Treatment 2,164.008,32.799,5.0,5.0,,,5.0,5.0,5.0,0.0,0.0,0.0,0.0,0.0,0.0,1.0,2.0,0.0,88.558,18.528,1.0,5935686
PSAVTMK,210234,2020-09-21 12:45:00-04:00,2020-09-22 01:59:00-04:00,2020-09-21 15:41:19.424000-04:00,2020-09-21 15:54:27.500000-04:00,1,,,,,,Treatment 2,611.633,77.8045,6.0,5.0,1.0,1.0,6.0,8.0,6.0,1.0,0.0,0.0,0.0,0.0,1.0,1.0,2.0,0.0,161.132,46.4795,1.0,5971519
PSAVTMK,210330,2020-09-21 12:45:00-04:00,2020-09-22 01:59:00-04:00,2020-09-21 21:08:46.153000-04:00,2020-09-21 21:22:43.551000-04:00,1,,,,,,Control,259.268,86.4143333333333,3.0,3.0,,,3.0,3.0,3.0,0.0,0.0,0.0,0.0,0.0,0.0,1.0,2.0,1.0,549.654,89.5805,1.0,5995943
PSAVTMK,210696,2020-09-21 12:45:00-04:00,2020-09-22 01:59:00-04:00,2020-09-21 12:59:30.403000-04:00,2020-09-21 13:09:54.524000-04:00,1,,,,,,Treatment 1,415.434,82.0474,5.0,4.0,1.0,,5.0,6.0,5.0,0.0,0.0,0.0,0.0,0.0,0.0,1.0,2.0,1.0,200.697,90.988,1.0,5934367
PSAVTMK,210760,2020-09-21 12:45:00-04:00,2020-09-22 01:59:00-04:00,2020-09-23 15:43:20.459000-04:00,2020-09-23 15:52:04.136000-04:00,1,,,,,,Treatment 1,326.598,49.707,5.0,4.0,1.0,1.0,5.0,7.0,5.0,1.0,0.0,0.0,0.0,0.0,1.0,1.0,2.0,2.0,186.99,93.4905,1.0,6231515
PSAVTMK,210851,2020-09-21 12:45:00-04:00,2020-09-22 01:59:00-04:00,2020-09-23 17:10:23.594000-04:00,2020-09-23 17:18:51.180000-04:00,1,,,,,,Control,300.152,43.233,6.0,5.0,1.0,,6.0,7.0,6.0,0.0,0.0,0.0,0.0,0.0,0.0,1.0,2.0,2.0,198.522,99.257,1.0,6240519
PSAVTMK,211096,2020-09-21 12:45:00-04:00,2020-09-22 01:59:00-04:00,2020-09-21 15:33:06.119000-04:00,2020-09-21 15:39:59.229000-04:00,1,,,,,,Treatment 3,148.269,74.12,2.0,2.0,,,2.0,2.0,2.0,0.0,0.0,0.0,0.0,0.0,0.0,1.0,2.0,1.0,245.736,106.6615,1.0,5970234
PSAVTMK,211105,2020-09-21 12:45:00-04:00,2020-09-22 01:59:00-04:00,2020-09-22 01:04:57.828000-04:00,2020-09-22 01:11:02.693000-04:00,1,,,,,,Treatment 3,236.488,118.2265,2.0,2.0,,,2.0,2.0,2.0,0.0,0.0,0.0,0.0,0.0,0.0,1.0,2.0,1.0,120.416,52.3285,1.0,6001411
PSAVTMK,211122,2020-09-21 12:45:00-04:00,2020-09-22 01:59:00-04:00,2020-09-23 16:59:28.488000-04:00,2020-09-23 17:09:22.374000-04:00,1,,,,,,Treatment 3,320.509,70.896,4.0,3.0,1.0,,4.0,5.0,4.0,0.0,0.0,0.0,0.0,0.0,0.0,1.0,2.0,1.0,268.847,86.4065,1.0,6239679
PSAVTMK,211302,2020-09-21 12:45:00-04:00,2020-09-22 01:59:00-04:00,2020-09-21 20:19:52.810000-04:00,2020-09-21 20:27:53.934000-04:00,1,,,,,,Treatment 3,135.087,67.537,2.0,2.0,,,2.0,2.0,2.0,0.0,0.0,0.0,0.0,0.0,0.0,1.0,2.0,1.0,340.762,110.3585,1.0,5993743
PSAVTMK,211582,2020-09-21 12:45:00-04:00,2020-09-22 01:59:00-04:00,2020-09-21 15:39:39.881000-04:00,2020-09-21 15:52:20.718000-04:00,1,,,,,,Treatment 2,525.19,67.3834285714286,7.0,6.0,1.0,,7.0,8.0,7.0,0.0,0.0,0.0,0.0,0.0,0.0,1.0,2.0,0.0,223.169,70.1495,1.0,5971248
PSAVTMK,211688,2020-09-21 12:45:00-04:00,2020-09-22 01:59:00-04:00,2020-09-21 13:19:06.227000-04:00,2020-09-21 18:18:31.941000-04:00,2,,,,,,Treatment 2,17673.925,1354.74430769231,13.0,10.0,3.0,,13.0,16.0,13.0,0.0,0.0,0.0,0.0,0.0,0.0,2.0,2.0,0.0,259.018,74.8015,1.0,5939279
PSAVTMK,211719,2020-09-21 12:45:00-04:00,2020-09-22 01:59:00-04:00,2020-09-21 15:42:42.649000-04:00,2020-09-21 17:25:34.843000-04:00,1,,,,,,Treatment 3,551.239,61.8623333333333,6.0,3.0,2.0,2.0,6.0,12.0,6.0,3.0,0.0,0.0,0.0,0.0,3.0,1.0,2.0,0.0,5607.746,2793.8275,1.0,5971739
PSAVTMK,211783,2020-09-21 12:45:00-04:00,2020-09-22 01:59:00-04:00,2020-09-23 21:12:39.144000-04:00,2020-09-23 21:21:44.032000-04:00,1,,,,,,Control,241.482,45.297,4.0,3.0,1.0,1.0,4.0,5.0,4.0,1.0,0.0,0.0,0.0,0.0,0.0,1.0,2.0,0.0,176.125,58.9775,1.0,6252634
PSAVTMK,211994,2020-09-21 12:45:00-04:00,2020-09-22 01:59:00-04:00,2020-10-09 17:41:46.957000-04:00,2020-10-09 17:44:28.781000-04:00,1,,,,,,Control,82.263,27.4133333333333,3.0,3.0,,,3.0,3.0,3.0,0.0,0.0,0.0,0.0,0.0,0.0,1.0,2.0,2.0,72.772,36.3815,1.0,7555293
PSAVTMK,212955,2020-09-21 12:45:00-04:00,2020-09-22 01:59:00-04:00,2020-09-23 16:49:23.150000-04:00,2020-09-23 16:59:33.216000-04:00,1,,,,,,Treatment 1,351.592,87.89275,4.0,4.0,,,4.0,4.0,4.0,0.0,0.0,0.0,0.0,0.0,0.0,1.0,2.0,1.0,251.89,76.4555,1.0,6238821
PSAVTMK,213196,2020-09-21 12:45:00-04:00,2020-09-22 01:59:00-04:00,2020-09-23 10:29:08.895000-04:00,2020-09-23 10:35:08.462000-04:00,1,,,,,,Control,231.616,26.6298333333333,6.0,4.0,1.0,1.0,6.0,11.0,6.0,2.0,0.0,0.0,0.0,0.0,2.0,1.0,2.0,0.0,114.233,24.1455,1.0,6160966
PSAVTMK,213789,2020-09-21 12:45:00-04:00,2020-09-22 01:59:00-04:00,2020-09-23 17:56:29.673000-04:00,2020-09-23 18:06:10.022000-04:00,1,,,,,,Treatment 3,378.698,78.2285,4.0,3.0,1.0,,4.0,6.0,4.0,0.0,0.0,0.0,0.0,0.0,0.0,1.0,2.0,2.0,173.728,86.858,1.0,6243576
PSAVTMK,214348,2020-09-21 12:45:00-04:00,2020-09-22 01:59:00-04:00,2020-09-21 22:37:35.792000-04:00,2020-09-21 23:06:03.690000-04:00,1,,,,,,Treatment 1,1543.344,385.8345,4.0,4.0,,,4.0,4.0,4.0,0.0,0.0,0.0,0.0,0.0,0.0,1.0,2.0,0.0,156.497,59.818,1.0,5999071
PSAVTMK,214374,2020-09-21 12:45:00-04:00,2020-09-22 01:59:00-04:00,2020-09-21 15:41:09.590000-04:00,2020-09-21 15:54:15.506000-04:00,1,,,,,,Treatment 2,626.414,43.0534166666667,12.0,7.0,2.0,,12.0,17.0,12.0,0.0,0.0,0.0,0.0,0.0,0.0,1.0,2.0,0.0,124.107,46.07,1.0,5971476
PSAVTMK,215025,2020-09-21 12:45:00-04:00,2020-09-22 01:59:00-04:00,2020-09-21 13:05:44.907000-04:00,2020-09-21 13:10:10.818000-04:00,1,,,,,,Treatment 1,144.913,36.216,4.0,4.0,,,4.0,4.0,4.0,0.0,0.0,0.0,0.0,0.0,0.0,1.0,2.0,1.0,108.186,40.6105,1.0,5936052
PSAVTMK,215751,2020-09-21 12:45:00-04:00,2020-09-22 01:59:00-04:00,2020-09-21 13:10:18.897000-04:00,2020-09-21 13:50:48.314000-04:00,3,,,,,,Treatment 1,2248.659,216.7202,10.0,7.0,3.0,,10.0,13.0,10.0,0.0,0.0,0.0,0.0,0.0,0.0,2.0,2.0,0.0,168.504,45.8435,1.0,5937291
PSAVTMK,216139,2020-09-21 12:45:00-04:00,2020-09-22 01:59:00-04:00,2020-09-21 13:27:38.716000-04:00,2020-09-21 14:11:37.732000-04:00,1,,,,,,Control,2157.049,228.137714285714,7.0,3.0,1.0,0.0,6.0,12.0,7.0,2.0,0.0,0.0,0.0,0.0,2.0,1.0,2.0,0.0,328.807,147.731,1.0,5941297
PSAVTMK,216483,2020-09-21 12:45:00-04:00,2020-09-22 01:59:00-04:00,2020-09-21 15:41:13.770000-04:00,2020-09-21 16:39:34.529000-04:00,1,,,,,,Control,1194.312,82.6718,5.0,4.0,1.0,1.0,5.0,7.0,5.0,1.0,0.0,0.0,0.0,0.0,1.0,1.0,2.0,1.0,2277.183,1102.6475,1.0,5971509
PSAVTMK,217094,2020-09-21 12:45:00-04:00,2020-09-22 01:59:00-04:00,2020-09-21 17:41:30.090000-04:00,2020-09-21 22:45:15.873000-04:00,3,,,,,,Treatment 3,18091.519,4473.59875,4.0,2.0,1.0,1.0,4.0,10.0,4.0,2.0,0.0,0.0,0.0,0.0,2.0,2.0,2.0,1.0,125.187,28.8555,1.0,5984755
PSAVTMK,217596,2020-09-21 12:45:00-04:00,2020-09-22 01:59:00-04:00,2020-09-21 15:56:16.456000-04:00,2020-09-21 16:13:16.595000-04:00,2,,,,,,Treatment 3,695.711,92.6646666666667,6.0,3.0,2.0,2.0,6.0,10.0,6.0,3.0,0.0,0.0,0.0,0.0,3.0,1.0,2.0,0.0,314.993,142.431,2.0,5973640
PSAVTMK,218913,2020-09-21 12:45:00-04:00,2020-09-22 01:59:00-04:00,2020-09-23 21:34:28.971000-04:00,2020-09-23 21:48:00.833000-04:00,1,,,,,,Treatment 1,284.798,71.197,4.0,4.0,,,4.0,4.0,4.0,0.0,0.0,0.0,0.0,0.0,0.0,1.0,2.0,2.0,517.576,258.7865,1.0,6253394
PSAVTMK,218965,2020-09-21 12:45:00-04:00,2020-09-22 01:59:00-04:00,2020-09-21 13:06:20.297000-04:00,2020-09-21 13:42:29.109000-04:00,1,,,,,,Treatment 1,660.951,49.8248,10.0,7.0,2.0,0.0,10.0,13.0,10.0,1.0,0.0,0.0,0.0,0.0,1.0,1.0,2.0,0.0,1494.816,644.298,1.0,5936212
PSAVTMK,219036,2020-09-21 12:45:00-04:00,2020-09-22 01:59:00-04:00,2020-09-23 18:29:16.406000-04:00,2020-09-24 03:07:26.672000-04:00,1,,,,,,Treatment 2,30919.539,3856.624,8.0,6.0,1.0,1.0,8.0,10.0,8.0,1.0,0.0,0.0,0.0,0.0,1.0,1.0,2.0,1.0,159.671,58.6805,1.0,6245422
PSAVTMK,219379,2020-09-21 12:45:00-04:00,2020-09-22 01:59:00-04:00,2020-09-21 16:15:35.240000-04:00,2020-09-21 16:28:38.566000-04:00,1,,,,,,Treatment 2,714.885,40.6935714285714,14.0,9.0,3.0,2.0,14.0,26.0,14.0,4.0,0.0,0.0,0.0,0.0,4.0,1.0,2.0,2.0,49.574,24.785,1.0,5976281
PSAVTMK,219529,2020-09-21 12:45:00-04:00,2020-09-22 01:59:00-04:00,2020-09-23 15:35:33.715000-04:00,2020-09-23 21:19:53.566000-04:00,2,,,,,,Control,20054.805,78.6257272727273,11.0,5.0,2.0,0.0,11.0,22.0,11.0,2.0,0.0,0.0,0.0,0.0,0.0,2.0,2.0,1.0,537.21,86.262,1.0,6230474
PSAVTMK,220077,2020-09-21 12:45:00-04:00,2020-09-22 01:59:00-04:00,2020-09-21 13:18:09.602000-04:00,2020-09-21 13:35:58.951000-04:00,1,,,,,,Control,713.015,173.36675,4.0,3.0,1.0,,4.0,5.0,4.0,0.0,0.0,0.0,0.0,0.0,0.0,1.0,2.0,0.0,346.527,100.911,1.0,5939026
PSAVTMK,220753,2020-09-21 12:45:00-04:00,2020-09-22 01:59:00-04:00,2020-09-21 13:09:04.009000-04:00,2020-09-21 13:19:16.706000-04:00,1,,,,,,Treatment 1,332.637,56.5198,5.0,4.0,1.0,,5.0,6.0,5.0,0.0,0.0,0.0,0.0,0.0,0.0,1.0,2.0,0.0,269.929,52.832,1.0,5936971
PSAVTMK,223519,2021-05-27 08:19:21.514000-04:00,2021-06-04 23:59:00-04:00,2021-06-03 09:51:55.891000-04:00,2021-06-07 10:01:55.035000-04:00,3,,,,,,Treatment 1,345782.779,14080.0055,6.0,4.0,1.0,,6.0,13.0,6.0,0.0,0.0,0.0,0.0,0.0,0.0,2.0,2.0,0.0,411.47,92.2805,1.0,16693530
PSAVTMK,223940,2020-09-21 12:45:00-04:00,2020-09-22 01:59:00-04:00,2020-09-21 15:41:50.059000-04:00,2020-09-21 22:00:42.251000-04:00,2,,,,,,Treatment 1,22581.419,338.0924,5.0,4.0,1.0,1.0,5.0,8.0,5.0,1.0,0.0,0.0,0.0,0.0,1.0,2.0,2.0,0.0,142.927,35.2185,1.0,5971607
PSAVTMK,231058,2020-09-21 12:45:00-04:00,2020-09-22 01:59:00-04:00,2020-10-08 18:12:11.726000-04:00,2020-10-08 18:19:32.445000-04:00,1,,,,,,Treatment 2,345.968,25.5844166666667,12.0,8.0,3.0,,12.0,16.0,12.0,0.0,0.0,0.0,0.0,0.0,0.0,1.0,2.0,2.0,60.849,30.4235,1.0,7482654
PSAVTMK,235999,2020-09-21 12:45:00-04:00,2020-09-22 01:59:00-04:00,2020-09-21 15:40:26.962000-04:00,2020-09-21 15:44:16.149000-04:00,1,,,,,,Treatment 3,58.39,29.191,2.0,2.0,,,2.0,2.0,2.0,0.0,0.0,0.0,0.0,0.0,0.0,1.0,2.0,0.0,165.919,29.5885,1.0,5971359
PSAVTMK,236723,2020-09-21 12:45:00-04:00,2020-09-22 01:59:00-04:00,2020-09-23 15:44:33.902000-04:00,2020-09-23 15:53:02.502000-04:00,1,,,,,,Treatment 3,260.766,69.714,3.0,2.0,1.0,,3.0,4.0,3.0,0.0,0.0,0.0,0.0,0.0,0.0,1.0,2.0,1.0,241.755,90.645,1.0,6231674
PSAVTMK,243686,2021-01-25 22:58:20.298000-05:00,,2021-01-25 22:59:51.593000-05:00,2021-01-25 23:02:39.331000-05:00,1,,,,,,Treatment 1,76.409,19.095,4.0,4.0,,,4.0,4.0,4.0,0.0,0.0,0.0,0.0,0.0,0.0,1.0,2.0,2.0,59.839,29.9135,1.0,12575763
PSAVTMK,257410,2020-09-21 12:45:00-04:00,2020-09-22 01:59:00-04:00,2020-10-05 10:25:08.348000-04:00,,1,,,,,,Treatment 1,1712.061,121.4794,10.0,4.0,3.0,,10.0,19.0,10.0,0.0,0.0,0.0,0.0,0.0,0.0,1.0,,,,,,7082839
PSAVTMK,323164,2021-03-01 09:17:25.443000-05:00,2021-03-01 17:00:00-05:00,2021-03-01 10:39:55.006000-05:00,2021-03-01 10:55:26.923000-05:00,1,,,,,,Treatment 2,253.508,33.2673333333333,6.0,5.0,1.0,1.0,6.0,8.0,6.0,1.0,0.0,0.0,0.0,0.0,1.0,1.0,2.0,0.0,668.647,319.5275,1.0,14034284
PSAVTMK,324588,2021-03-01 09:51:58.026000-05:00,2021-03-01 17:00:00-05:00,2021-03-01 13:38:12.335000-05:00,,1,,,,,,Treatment 2,135.381,25.9333333333333,3.0,0.0,0.0,0.0,1.0,3.0,3.0,2.0,0.0,0.0,0.0,0.0,2.0,1.0,,,,,,14057513
PSAVTMK,328314,2021-03-01 08:36:13.055000-05:00,2021-03-04 02:00:00-05:00,2021-03-01 11:25:24.279000-05:00,,2,,,,,,Treatment 2,81342.527,51.666,1.0,0.0,,,1.0,6.0,1.0,1.0,0.0,0.0,0.0,0.0,0.0,2.0,,,,,,14039999
PSAVTMK,333322,2021-03-01 08:36:13.052000-05:00,2021-03-04 02:00:00-05:00,2021-03-02 08:25:53.872000-05:00,2021-03-02 11:50:11.559000-05:00,2,,,,,,Treatment 2,12032.684,135.331363636364,11.0,8.0,2.0,,11.0,16.0,11.0,0.0,0.0,0.0,0.0,0.0,0.0,2.0,2.0,2.0,202.674,101.3355,1.0,14087327
PSAVTMK,333458,2021-03-01 08:36:13.055000-05:00,2021-03-04 02:00:00-05:00,2021-03-03 13:09:52.441000-05:00,,1,,,,,,Treatment 1,755.994,146.236,2.0,0.0,0.0,0.0,2.0,5.0,2.0,1.0,0.0,0.0,0.0,0.0,1.0,1.0,,,,,,14188611
PSAVTMK,334826,2021-03-01 08:36:13.055000-05:00,2021-03-04 02:00:00-05:00,2021-03-03 14:41:58.192000-05:00,,1,,,,,,Control,47.375,47.375,1.0,0.0,,,1.0,1.0,1.0,0.0,0.0,0.0,0.0,0.0,0.0,1.0,,,,,,14199077
PSAVTMK,339995,2021-03-01 08:36:13.052000-05:00,2021-03-04 02:00:00-05:00,2021-03-03 13:25:15.719000-05:00,2021-03-03 15:10:44.791000-05:00,2,,,,,,Treatment 1,6111.245,39.1395555555556,9.0,6.0,2.0,,9.0,17.0,9.0,0.0,0.0,0.0,0.0,0.0,0.0,2.0,2.0,2.0,205.133,102.5645,1.0,14190348
PSAVTMK,340010,2021-03-01 08:36:13.055000-05:00,2021-03-04 02:00:00-05:00,2021-03-03 03:15:57.824000-05:00,2021-03-03 11:13:47.380000-05:00,3,,,,,,Treatment 3,22767.078,2037.10118181818,11.0,5.0,3.0,1.0,11.0,22.0,11.0,3.0,0.0,0.0,0.0,0.0,3.0,2.0,2.0,0.0,5872.002,2918.85,2.0,14155739
PSAVTMK,340011,2021-03-01 08:36:13.052000-05:00,2021-03-04 02:00:00-05:00,2021-03-03 15:11:21.554000-05:00,,2,,,,,,Treatment 2,67432.682,63.665,2.0,0.0,,,0.0,4.0,2.0,1.0,0.0,0.0,0.0,0.0,1.0,2.0,,,,,,14201432
PSAVTMK,340022,2021-03-01 08:36:13.055000-05:00,2021-03-04 02:00:00-05:00,2021-03-02 06:50:57.185000-05:00,2021-03-02 09:46:08.544000-05:00,2,,,,,,Treatment 1,10286.965,1022.5434,10.0,7.0,2.0,,10.0,14.0,10.0,0.0,0.0,0.0,0.0,0.0,0.0,2.0,2.0,2.0,186.13,93.06,1.0,14085785
PSAVTMK,340027,2021-03-01 08:36:13.055000-05:00,2021-03-04 02:00:00-05:00,2021-03-02 09:35:21.132000-05:00,,4,,,,,,Treatment 2,2034.772,35.2997142857143,14.0,3.0,1.0,1.0,14.0,51.0,14.0,3.0,0.0,0.0,0.0,0.0,2.0,3.0,,,,,,14093389
PSAVTMK,340031,2021-03-01 08:36:13.052000-05:00,2021-03-04 02:00:00-05:00,2021-03-03 08:18:27.844000-05:00,2021-03-03 11:27:30.852000-05:00,2,,,,,,Treatment 1,9609.224,1346.62428571429,7.0,6.0,1.0,,7.0,8.0,7.0,0.0,0.0,0.0,0.0,0.0,0.0,2.0,2.0,2.0,1720.624,860.303,1.0,14157178
PSAVTMK,340035,2021-03-01 08:36:13.055000-05:00,2021-03-04 02:00:00-05:00,2021-03-04 06:36:25.747000-05:00,,2,,,,,,Control,1748.063,86.1990909090909,11.0,5.0,4.0,2.0,11.0,23.0,11.0,3.0,0.0,0.0,0.0,0.0,3.0,2.0,,,,,,14215027
PSAVTMK,340047,2021-03-01 08:36:13.055000-05:00,2021-03-04 02:00:00-05:00,2021-03-02 06:45:37.396000-05:00,2021-03-02 07:04:10.151000-05:00,2,,,,,,Control,976.496,114.794857142857,7.0,4.0,2.0,2.0,7.0,12.0,7.0,3.0,0.0,0.0,0.0,0.0,3.0,2.0,2.0,2.0,94.046,47.0215,1.0,14085778
PSAVTMK,340050,2021-03-01 08:36:13.055000-05:00,2021-03-04 02:00:00-05:00,2021-03-01 10:58:12.533000-05:00,,2,,,,,,Treatment 1,553.374,244.843,2.0,1.0,,,2.0,6.0,2.0,1.0,0.0,0.0,0.0,0.0,1.0,2.0,,,,,,14036657
PSAVTMK,340051,2021-03-01 08:36:13.052000-05:00,2021-03-04 02:00:00-05:00,2021-03-03 14:07:34.294000-05:00,2021-03-15 15:44:23.860000-04:00,2,,,,,,Treatment 1,1038883.778,86565.86225,12.0,7.0,2.0,1.0,9.0,18.0,12.0,4.0,0.0,0.0,0.0,0.0,4.0,2.0,2.0,2.0,115.583,57.7905,1.0,14195601
PSAVTMK,340054,2021-03-01 08:36:13.055000-05:00,2021-03-04 02:00:00-05:00,2021-03-02 06:47:52.648000-05:00,2021-03-02 07:46:32.658000-05:00,2,,,,,,Treatment 2,949.749,74.4051,10.0,6.0,1.0,1.0,10.0,21.0,10.0,3.0,0.0,0.0,0.0,0.0,3.0,1.0,2.0,1.0,2546.86,1236.7865,2.0,14085781
PSAVTMK,340061,2021-03-01 08:36:13.052000-05:00,2021-03-04 02:00:00-05:00,2021-03-01 08:40:49.138000-05:00,,3,,,,,,Control,244601.286,244601.286,1.0,0.0,,,1.0,1.0,1.0,0.0,0.0,0.0,0.0,0.0,0.0,2.0,,,,,,14022108
PSAVTMK,340094,2021-03-01 08:36:13.052000-05:00,2021-03-04 02:00:00-05:00,2021-03-03 14:59:16.651000-05:00,,2,,,,,,Treatment 3,844.686,44.9574,10.0,3.0,2.0,0.0,10.0,21.0,10.0,4.0,0.0,0.0,0.0,0.0,4.0,2.0,2.0,0.0,410.75,134.751,1.0,14200535
PSAVTMK,340108,2021-03-01 08:36:13.052000-05:00,2021-03-04 02:00:00-05:00,2021-03-03 08:44:11.021000-05:00,,2,,,,,,Treatment 2,18848.952,1254.41685714286,8.0,4.0,2.0,1.0,7.0,15.0,8.0,2.0,0.0,0.0,0.0,0.0,2.0,2.0,,,,,,14158362
PSAVTMK,340127,2021-03-01 08:36:13.055000-05:00,2021-03-04 02:00:00-05:00,2021-03-02 06:45:58.035000-05:00,,3,,,,,,Treatment 1,933.312,933.312,1.0,0.0,,,1.0,1.0,1.0,0.0,0.0,0.0,0.0,0.0,0.0,2.0,,,,,,14085779
PSAVTMK,379819,2021-03-01 08:36:13.052000-05:00,2021-03-04 02:00:00-05:00,2021-03-06 04:12:53.867000-05:00,,1,,,,,,Treatment 1,426.903,25.0784545454546,11.0,2.0,2.0,0.0,8.0,24.0,11.0,5.0,0.0,0.0,0.0,0.0,5.0,1.0,,,,,,14322411
PSAVTMK,381287,2020-09-21 12:45:00-04:00,2020-09-22 01:59:00-04:00,2020-09-28 16:43:01.951000-04:00,2020-09-28 16:51:20.040000-04:00,1,,,,,,Treatment 2,345.69,69.1356,5.0,5.0,,,5.0,5.0,5.0,0.0,0.0,0.0,0.0,0.0,0.0,1.0,2.0,2.0,131.938,65.967,1.0,6584020
PSAVTMK,382971,2020-10-22 22:55:38.675000-04:00,2020-10-30 22:57:00-04:00,2020-10-29 22:44:02.051000-04:00,2020-10-29 22:58:01.376000-04:00,1,,,,,,Treatment 2,457.907,49.6242222222222,9.0,8.0,1.0,,9.0,10.0,9.0,0.0,0.0,0.0,0.0,0.0,0.0,1.0,2.0,2.0,352.12,176.056,1.0,8874623
PSAVTMK,383261,2021-04-11 22:48:55.041000-04:00,2021-04-15 02:50:00-04:00,2021-04-12 14:33:20.933000-04:00,2021-04-14 12:17:19.007000-04:00,2,,,,,,Treatment 3,164587.37,54844.793,3.0,2.0,1.0,,3.0,4.0,3.0,0.0,0.0,0.0,0.0,0.0,0.0,2.0,2.0,2.0,43.179,21.584,1.0,15454077
PSAVTMK,391730,2021-01-20 13:23:17.128000-05:00,,2021-01-20 13:37:34.102000-05:00,,1,,,,,,Treatment 2,148.758,16.3603333333333,4.0,2.0,,,3.0,5.0,4.0,1.0,0.0,0.0,0.0,0.0,1.0,1.0,,,,,,12337848
PSAVTMK,392053,2021-01-20 13:23:17.128000-05:00,,2021-01-20 13:42:16.417000-05:00,,1,,,,,,Treatment 2,502.202,56.645,7.0,4.0,2.0,2.0,5.0,8.0,7.0,2.0,0.0,0.0,0.0,0.0,2.0,1.0,,,,,,12338564
PSAVTMK,395265,2021-01-20 10:52:32.859000-05:00,,2021-01-20 12:40:51.130000-05:00,2021-01-20 18:22:35.594000-05:00,3,,,,,,Treatment 1,9149.726,2287.4225,4.0,4.0,,,4.0,4.0,4.0,0.0,0.0,0.0,0.0,0.0,0.0,2.0,2.0,1.0,11348.203,50.2595,2.0,12330699
PSAVTMK,402175,2021-05-03 11:00:00-04:00,2021-05-07 19:00:00-04:00,2021-05-04 11:35:41.425000-04:00,2021-05-04 11:41:26.341000-04:00,1,,,,,,Treatment 2,294.357,33.5626666666667,6.0,5.0,1.0,,6.0,7.0,6.0,0.0,0.0,0.0,0.0,0.0,0.0,1.0,2.0,0.0,35.653,6.6015,1.0,16121061
PSAVTMK,404125,2021-05-03 11:00:00-04:00,2021-05-07 19:00:00-04:00,2021-05-03 11:40:51.893000-04:00,,1,,,,,,Treatment 2,1625.358,1559.786,2.0,0.0,,,1.0,2.0,2.0,1.0,0.0,0.0,0.0,0.0,1.0,1.0,,,,,,16081207
PSAVTMK,405001,2021-05-03 11:00:00-04:00,2021-05-07 19:00:00-04:00,2021-05-03 11:46:55.736000-04:00,2021-05-03 12:18:48.580000-04:00,2,,,,,,Control,502.018,32.9063333333333,12.0,8.0,4.0,1.0,12.0,27.0,12.0,1.0,0.0,0.0,0.0,0.0,0.0,2.0,2.0,1.0,1389.475,282.758,1.0,16081738
PSAVTMK,405004,2021-05-03 11:00:00-04:00,2021-05-07 19:00:00-04:00,2021-05-13 11:41:37.385000-04:00,2021-05-13 11:45:58.912000-04:00,1,,,,,,Treatment 2,187.93,22.13875,8.0,7.0,1.0,,8.0,9.0,8.0,0.0,0.0,0.0,0.0,0.0,0.0,1.0,2.0,1.0,58.506,24.788,1.0,16374983
PSAVTMK,405018,2021-05-03 11:00:00-04:00,2021-05-07 19:00:00-04:00,2021-05-03 11:28:37.230000-04:00,2021-05-03 12:13:21.561000-04:00,1,,,,,,Treatment 2,2203.958,203.9175,10.0,6.0,2.0,1.0,10.0,18.0,10.0,3.0,0.0,0.0,0.0,0.0,3.0,1.0,2.0,2.0,443.971,221.9815,1.0,16080160
PSAVTMK,405019,2021-05-03 11:00:00-04:00,2021-05-07 19:00:00-04:00,2021-05-14 14:50:06.275000-04:00,,1,,,,,,Treatment 2,908.776,97.1145714285714,8.0,1.0,1.0,1.0,4.0,15.0,8.0,5.0,0.0,0.0,0.0,0.0,5.0,1.0,,,,,,16415697
PSAVTMK,405020,2021-05-03 11:00:00-04:00,2021-05-07 19:00:00-04:00,2021-05-03 11:37:50.806000-04:00,2021-05-03 12:16:00.822000-04:00,2,,,,,,Treatment 3,2158.097,27.6215,6.0,3.0,2.0,0.0,6.0,13.0,6.0,1.0,0.0,0.0,0.0,0.0,1.0,2.0,2.0,0.0,117.18,43.903,1.0,16080954
PSAVTMK,405033,2021-05-03 11:00:00-04:00,2021-05-07 19:00:00-04:00,2021-05-03 11:31:00.048000-04:00,2021-05-03 11:46:57.839000-04:00,1,,,,,,Treatment 3,614.926,197.674333333333,3.0,2.0,1.0,1.0,3.0,5.0,3.0,1.0,0.0,0.0,0.0,0.0,1.0,1.0,2.0,1.0,338.461,60.9215,1.0,16080331
PSAVTMK,405044,2021-05-03 11:00:00-04:00,2021-05-07 19:00:00-04:00,2021-05-03 11:42:02.215000-04:00,,1,,,,,,Control,565.234,73.265,2.0,0.0,,,1.0,5.0,2.0,0.0,0.0,0.0,0.0,0.0,0.0,1.0,,,,,,16081303
PSAVTMK,405131,2021-05-03 11:00:00-04:00,2021-05-07 19:00:00-04:00,2021-05-03 13:07:50.215000-04:00,,2,,,,,,Treatment 3,1307.736,1270.499,2.0,0.0,,,1.0,3.0,2.0,1.0,0.0,0.0,0.0,0.0,1.0,2.0,,,,,,16088503
PSAVTMK,405137,2021-05-03 11:00:00-04:00,2021-05-07 19:00:00-04:00,2021-05-03 14:13:20.553000-04:00,,1,,,,,,Treatment 1,,,1.0,,,,,0.0,1.0,0.0,0.0,0.0,0.0,0.0,0.0,1.0,,,,,,16094205
PSAVTMK,405139,2021-05-03 11:00:00-04:00,2021-05-07 19:00:00-04:00,2021-05-03 13:09:43.271000-04:00,,1,,,,,,Treatment 1,290.962,122.712,3.0,0.0,0.0,0.0,0.0,2.0,3.0,2.0,0.0,0.0,0.0,0.0,2.0,1.0,,,,,,16088689
PSAVTMK,405141,2021-05-03 11:00:00-04:00,2021-05-07 19:00:00-04:00,2021-05-03 13:15:35.264000-04:00,,1,,,,,,Treatment 3,,,1.0,,,,,0.0,1.0,0.0,0.0,0.0,0.0,0.0,0.0,1.0,,,,,,16089188
PSAVTMK,405142,2021-05-03 11:00:00-04:00,2021-05-07 19:00:00-04:00,2021-05-03 13:13:12.672000-04:00,2021-05-03 13:23:08.869000-04:00,1,,,,,,Treatment 3,350.894,95.813,3.0,2.0,1.0,,3.0,4.0,3.0,0.0,0.0,0.0,0.0,0.0,0.0,1.0,2.0,2.0,239.552,119.773,1.0,16088974
PSAVTMK,405144,2021-05-03 11:00:00-04:00,2021-05-07 19:00:00-04:00,2021-05-15 02:29:47.792000-04:00,2021-05-15 02:33:47.798000-04:00,1,,,,,,Control,138.592,46.1893333333333,3.0,3.0,,,3.0,3.0,3.0,0.0,0.0,0.0,0.0,0.0,0.0,1.0,2.0,1.0,60.5,26.341,1.0,16420649
PSAVTMK,405145,2021-05-03 11:00:00-04:00,2021-05-07 19:00:00-04:00,2021-05-03 13:13:09.767000-04:00,2021-05-03 13:19:54.528000-04:00,1,,,,,,Treatment 3,316.087,83.438,3.0,2.0,1.0,1.0,3.0,5.0,3.0,1.0,0.0,0.0,0.0,0.0,1.0,1.0,2.0,2.0,83.23,41.594,1.0,16088967
PSAVTMK,405146,2021-05-03 11:00:00-04:00,2021-05-07 19:00:00-04:00,2021-05-03 13:20:05.232000-04:00,,1,,,,,,Treatment 1,637.773,157.43175,4.0,2.0,1.0,,4.0,5.0,4.0,0.0,0.0,0.0,0.0,0.0,0.0,1.0,,,,,,16089578
PSAVTMK,405287,2021-05-03 11:00:00-04:00,2021-05-07 19:00:00-04:00,2021-05-03 15:30:00.551000-04:00,2021-05-04 13:31:19.157000-04:00,5,,,,,,Treatment 3,78761.036,206.913272727273,11.0,5.0,4.0,1.0,11.0,18.0,11.0,2.0,0.0,0.0,0.0,0.0,2.0,5.0,2.0,2.0,481.2,240.5875,1.0,16099011
PSAVTMK,405300,2021-05-03 11:00:00-04:00,2021-05-07 19:00:00-04:00,2021-05-03 15:54:19.095000-04:00,,5,,,,,,Treatment 1,1134.478,38.1712,20.0,5.0,5.0,4.0,18.0,41.0,20.0,11.0,0.0,0.0,0.0,0.0,11.0,3.0,,,,,,16100079
PSAVTMK,405315,2021-05-03 11:00:00-04:00,2021-05-07 19:00:00-04:00,2021-05-03 15:29:12.757000-04:00,2021-05-03 16:02:11.030000-04:00,3,,,,,,Control,1458.995,161.965428571429,7.0,3.0,1.0,1.0,6.0,15.0,7.0,4.0,0.0,0.0,0.0,0.0,4.0,2.0,2.0,1.0,498.697,243.8795,1.0,16098969
PSAVTMK,405362,2021-05-03 11:00:00-04:00,2021-05-07 19:00:00-04:00,2021-05-03 15:37:08.748000-04:00,,5,,,,,,Control,3379.398,677.69775,5.0,2.0,1.0,,4.0,9.0,5.0,0.0,0.0,0.0,0.0,0.0,0.0,3.0,,,,,,16099447
PSAVTMK,405505,2021-05-03 11:00:00-04:00,2021-05-07 19:00:00-04:00,2021-05-03 15:54:14.852000-04:00,,1,,,,,,Control,,,1.0,,,,,0.0,1.0,0.0,0.0,0.0,0.0,0.0,0.0,1.0,,,,,,16100075
PSAVTMK,405611,2021-05-03 11:00:00-04:00,2021-05-07 19:00:00-04:00,2021-05-03 11:30:30.452000-04:00,,1,,,,,,Treatment 2,275.436,28.612,8.0,3.0,2.0,1.0,8.0,15.0,8.0,2.0,0.0,0.0,0.0,0.0,2.0,1.0,,,,,,16080293
PSAVTMK,405736,2021-05-03 11:00:00-04:00,2021-05-07 19:00:00-04:00,2021-05-03 11:36:06.117000-04:00,2021-05-07 14:25:25.547000-04:00,3,,,,,,Control,355699.423,50809.6024285714,7.0,5.0,2.0,2.0,7.0,11.0,7.0,2.0,0.0,0.0,0.0,0.0,2.0,2.0,2.0,1.0,48.702,20.0455,1.0,16080787
PSAVTMK,406610,2021-05-03 11:00:00-04:00,2021-05-07 19:00:00-04:00,2021-05-07 12:36:49.506000-04:00,,1,,,,,,Control,,,1.0,,,,,0.0,1.0,0.0,0.0,0.0,0.0,0.0,0.0,1.0,,,,,,16236595
PSAVTMK,406697,2021-05-03 11:00:00-04:00,2021-05-07 19:00:00-04:00,2021-05-03 13:15:22.022000-04:00,,1,,,,,,Treatment 1,950.821,251.8035,2.0,0.0,0.0,,2.0,5.0,2.0,0.0,0.0,0.0,0.0,0.0,0.0,1.0,,,,,,16089171
PSAVTMK,407193,2021-05-03 11:00:00-04:00,2021-05-07 19:00:00-04:00,2021-05-03 11:43:33.965000-04:00,,2,,,,,,Treatment 2,3014.357,96.0424166666667,12.0,7.0,3.0,1.0,12.0,21.0,12.0,2.0,0.0,0.0,0.0,0.0,2.0,2.0,,,,,,16081444
PSAVTMK,407211,2021-05-03 11:00:00-04:00,2021-05-07 19:00:00-04:00,2021-05-03 11:38:03.450000-04:00,2021-05-03 12:02:53.910000-04:00,1,,,,,,Treatment 2,1199.132,92.1858,10.0,8.0,2.0,1.0,10.0,15.0,10.0,1.0,0.0,0.0,0.0,0.0,1.0,1.0,2.0,1.0,272.732,127.748,1.0,16080968
PSAVTMK,407286,2021-05-03 11:00:00-04:00,2021-05-07 19:00:00-04:00,2021-05-03 11:37:44.094000-04:00,,1,,,,,,Treatment 2,829.527,178.804,1.0,0.0,,,0.0,0.0,1.0,1.0,0.0,0.0,0.0,0.0,1.0,1.0,,,,,,16080948
PSAVTMK,407775,2021-05-03 11:00:00-04:00,2021-05-07 19:00:00-04:00,2021-05-03 15:40:59.352000-04:00,,1,,,,,,Treatment 3,,,1.0,,,,,0.0,1.0,0.0,0.0,0.0,0.0,0.0,0.0,1.0,,,,,,16099611
PSAVTMK,407780,2021-05-03 11:00:00-04:00,2021-05-07 19:00:00-04:00,2021-05-03 15:54:15.744000-04:00,,1,,,,,,Control,748.97,249.649,3.0,3.0,,,3.0,3.0,3.0,0.0,0.0,0.0,0.0,0.0,0.0,1.0,1.0,,,,1.0,16100077
PSAVTMK,409757,2021-05-03 11:00:00-04:00,2021-05-07 19:00:00-04:00,2021-05-03 13:27:29.756000-04:00,,1,,,,,,Treatment 3,1132.194,115.865285714286,7.0,3.0,2.0,,7.0,11.0,7.0,0.0,0.0,0.0,0.0,0.0,0.0,1.0,1.0,,,,1.0,16090245
PSAVTMK,410809,2021-05-03 11:00:00-04:00,2021-05-07 19:00:00-04:00,2021-05-03 11:33:01.149000-04:00,2021-05-03 12:18:19.852000-04:00,1,,,,,,Control,2295.467,163.154583333333,12.0,4.0,2.0,2.0,11.0,21.0,12.0,6.0,0.0,0.0,0.0,0.0,6.0,1.0,2.0,2.0,327.153,163.5685,1.0,16080515
PSAVTMK,411784,2021-05-03 11:00:00-04:00,2021-05-07 19:00:00-04:00,2021-05-03 13:20:51.215000-04:00,,2,,,,,,Treatment 3,2848.137,423.551333333333,7.0,3.0,2.0,1.0,6.0,13.0,7.0,2.0,0.0,0.0,0.0,0.0,2.0,2.0,,,,,,16089658
PSAVTMK,411786,2021-05-03 11:00:00-04:00,2021-05-07 19:00:00-04:00,2021-05-03 13:15:22.818000-04:00,2021-05-03 14:12:13.445000-04:00,2,,,,,,Treatment 3,2062.115,1031.042,2.0,2.0,,,2.0,2.0,2.0,0.0,0.0,0.0,0.0,0.0,0.0,2.0,2.0,0.0,1342.764,345.6595,1.0,16089173
PSAVTMK,411805,2021-05-03 11:00:00-04:00,2021-05-07 19:00:00-04:00,2021-05-03 13:11:29.893000-04:00,,1,,,,,,Treatment 1,2573.75,643.4175,4.0,4.0,,,4.0,4.0,4.0,0.0,0.0,0.0,0.0,0.0,0.0,1.0,1.0,,,,1.0,16088809
PSAVTMK,414333,2021-05-03 11:00:00-04:00,2021-05-07 19:00:00-04:00,2021-05-03 15:40:03.104000-04:00,2021-05-03 16:15:21.611000-04:00,1,,,,,,Control,459.301,153.092,3.0,3.0,,,3.0,3.0,3.0,0.0,0.0,0.0,0.0,0.0,0.0,1.0,2.0,2.0,1588.536,794.2485,1.0,16099587
PSAVTMK,416106,2021-05-03 11:00:00-04:00,2021-05-07 19:00:00-04:00,2021-05-03 13:13:42.281000-04:00,,2,,,,,,Treatment 2,1803.822,172.0788,10.0,7.0,2.0,1.0,10.0,15.0,10.0,1.0,0.0,0.0,0.0,0.0,1.0,2.0,,,,,,16089007
PSAVTMK,425853,2021-04-12 09:00:00-04:00,2021-05-03 21:00:00-04:00,2021-04-12 14:19:36.590000-04:00,,1,,,,,,Treatment 3,,,1.0,,,,,0.0,1.0,0.0,0.0,0.0,0.0,0.0,0.0,1.0,,,,,,15452970
PSAVTMK,439345,2021-01-25 22:38:50.701000-05:00,2021-01-26 18:00:00-05:00,2021-01-26 13:45:11.943000-05:00,,1,,,,,,Treatment 2,843.617,57.3347,10.0,6.0,2.0,1.0,10.0,18.0,10.0,1.0,0.0,0.0,0.0,0.0,0.0,1.0,,,,,,12621222
PSAVTMK,439349,2021-01-25 22:38:50.701000-05:00,2021-01-26 18:00:00-05:00,2021-01-26 13:05:23.489000-05:00,,1,,,,,,Treatment 2,519.477,37.5209,10.0,6.0,2.0,1.0,10.0,17.0,10.0,1.0,0.0,0.0,0.0,0.0,1.0,1.0,,,,,,12614918
PSAVTMK,439357,2021-01-25 22:38:50.701000-05:00,2021-01-26 18:00:00-05:00,2021-01-26 13:25:53.830000-05:00,,1,,,,,,Treatment 2,692.465,44.1927,10.0,6.0,2.0,1.0,10.0,17.0,10.0,2.0,0.0,0.0,0.0,0.0,2.0,1.0,,,,,,12618110
PSAVTMK,439371,2021-01-25 22:38:50.701000-05:00,2021-01-26 18:00:00-05:00,2021-01-26 11:57:29.127000-05:00,,3,,,,,,Treatment 1,1918.919,124.9795,10.0,5.0,3.0,,10.0,24.0,10.0,0.0,0.0,0.0,0.0,0.0,0.0,2.0,,,,,,12604867
PSAVTMK,439372,2021-01-25 22:38:50.701000-05:00,2021-01-26 18:00:00-05:00,2021-01-26 17:26:56.214000-05:00,2021-01-26 17:51:35.451000-05:00,1,,,,,,Treatment 1,935.255,114.49975,8.0,7.0,1.0,,8.0,10.0,8.0,0.0,0.0,0.0,0.0,0.0,0.0,1.0,2.0,2.0,521.921,260.949,1.0,12642540
PSAVTMK,439398,2021-01-25 22:38:50.701000-05:00,2021-01-26 18:00:00-05:00,2021-01-26 11:58:34.278000-05:00,2021-01-26 12:09:08.645000-05:00,1,,,,,,Treatment 1,511.826,45.4456666666667,9.0,6.0,2.0,1.0,9.0,13.0,9.0,1.0,0.0,0.0,0.0,0.0,1.0,1.0,2.0,1.0,100.678,38.1655,1.0,12605008
PSAVTMK,439402,2021-01-25 22:38:50.701000-05:00,2021-01-26 18:00:00-05:00,2021-01-26 11:57:52.966000-05:00,2021-01-26 12:03:53.616000-05:00,1,,,,,,Treatment 2,198.957,39.7834,5.0,5.0,,,5.0,5.0,5.0,0.0,0.0,0.0,0.0,0.0,0.0,1.0,2.0,0.0,154.965,25.997,1.0,12604921
PSAVTMK,439433,2021-01-25 22:38:50.701000-05:00,2021-01-26 18:00:00-05:00,2021-01-26 12:58:13.749000-05:00,2021-01-26 13:45:20.403000-05:00,2,,,,,,Treatment 2,2475.86,495.1654,5.0,5.0,,,5.0,5.0,5.0,0.0,0.0,0.0,0.0,0.0,0.0,2.0,2.0,0.0,339.308,125.7725,1.0,12613766
PSAVTMK,439436,2021-01-25 22:38:50.701000-05:00,2021-01-26 18:00:00-05:00,2021-01-26 11:57:45.133000-05:00,2021-01-27 15:06:16.518000-05:00,2,,,,,,Treatment 3,97525.061,24099.5305,4.0,2.0,1.0,1.0,4.0,9.0,4.0,1.0,0.0,0.0,0.0,0.0,1.0,2.0,2.0,1.0,180.007,51.0165,1.0,12604905
PSAVTMK,439778,2021-01-25 22:38:50.701000-05:00,2021-01-26 18:00:00-05:00,2021-01-26 13:28:50.910000-05:00,2021-01-26 13:39:41.025000-05:00,1,,,,,,Treatment 2,303.85,17.9892307692308,13.0,8.0,1.0,,13.0,18.0,13.0,0.0,0.0,0.0,0.0,0.0,0.0,1.0,2.0,1.0,338.669,155.867,1.0,12618542
PSAVTMK,439901,2021-01-25 22:38:50.701000-05:00,2021-01-26 18:00:00-05:00,2021-01-26 13:29:47.344000-05:00,,1,,,,,,Treatment 2,1256.908,52.8208,10.0,2.0,2.0,1.0,10.0,23.0,10.0,3.0,0.0,0.0,0.0,0.0,3.0,1.0,,,,,,12618700
PSAVTMK,440152,2021-01-25 22:38:50.701000-05:00,2021-01-26 18:00:00-05:00,2021-01-26 12:01:48.248000-05:00,2021-01-26 12:15:40.654000-05:00,1,,,,,,Treatment 3,127.761,63.876,2.0,2.0,,,2.0,2.0,2.0,0.0,0.0,0.0,0.0,0.0,0.0,1.0,2.0,1.0,700.362,292.466,1.0,12605549
PSAVTMK,440157,2021-01-25 22:38:50.701000-05:00,2021-01-26 18:00:00-05:00,2021-01-26 12:00:47.322000-05:00,2021-01-26 12:15:23.432000-05:00,1,,,,,,Treatment 3,258.277,33.341,4.0,3.0,1.0,1.0,4.0,9.0,4.0,1.0,0.0,0.0,0.0,0.0,1.0,1.0,2.0,1.0,600.919,233.6205,1.0,12605383
PSAVTMK,440172,2021-01-25 22:38:50.701000-05:00,2021-01-26 18:00:00-05:00,2021-02-01 12:08:49.737000-05:00,2021-02-01 12:19:29.217000-05:00,1,,,,,,Treatment 3,328.181,69.4716666666667,3.0,2.0,1.0,1.0,3.0,7.0,3.0,1.0,0.0,0.0,0.0,0.0,1.0,1.0,2.0,1.0,305.071,109.439,1.0,12881681
PSAVTMK,440174,2021-01-25 22:38:50.701000-05:00,2021-01-26 18:00:00-05:00,2021-01-26 21:56:02.311000-05:00,2021-01-26 22:17:54.754000-05:00,1,,,,,,Treatment 1,471.149,43.77125,8.0,6.0,1.0,0.0,8.0,11.0,8.0,1.0,0.0,0.0,0.0,0.0,1.0,1.0,2.0,0.0,829.397,51.5665,1.0,12649541
PSAVTMK,440175,2021-01-25 22:38:50.701000-05:00,2021-01-26 18:00:00-05:00,2021-02-11 02:33:24.968000-05:00,,1,,,,,,Treatment 1,,,1.0,,,,,0.0,1.0,0.0,0.0,0.0,0.0,0.0,0.0,1.0,,,,,,13388271
PSAVTMK,440176,2021-01-25 22:38:50.701000-05:00,2021-01-26 18:00:00-05:00,2021-01-26 11:59:06.199000-05:00,2021-01-26 12:15:25.978000-05:00,1,,,,,,Treatment 3,576.241,124.313,4.0,3.0,1.0,1.0,4.0,6.0,4.0,1.0,0.0,0.0,0.0,0.0,1.0,1.0,2.0,0.0,391.563,85.153,1.0,12605083
PSAVTMK,440178,2021-01-25 22:38:50.701000-05:00,2021-01-26 18:00:00-05:00,2021-01-26 12:06:28.921000-05:00,2021-01-26 15:43:58.273000-05:00,1,,,,,,Treatment 2,1152.637,111.724333333333,9.0,7.0,2.0,,9.0,11.0,9.0,0.0,0.0,0.0,0.0,0.0,0.0,1.0,2.0,2.0,11103.651,5551.8005,1.0,12606279
PSAVTMK,440180,2021-01-25 22:38:50.701000-05:00,2021-01-26 18:00:00-05:00,2021-01-26 11:58:01.789000-05:00,2021-01-26 12:09:45.592000-05:00,1,,,,,,Treatment 2,502.129,44.506125,8.0,5.0,1.0,,8.0,11.0,8.0,0.0,0.0,0.0,0.0,0.0,0.0,1.0,2.0,1.0,192.334,61.038,1.0,12604942
PSAVTMK,440182,2021-01-25 22:38:50.701000-05:00,2021-01-26 18:00:00-05:00,2021-01-27 16:49:45.977000-05:00,2021-03-02 21:56:10.425000-05:00,8,,,,,,Treatment 3,2955747.165,328409.139222222,9.0,4.0,3.0,,9.0,15.0,9.0,0.0,0.0,0.0,0.0,0.0,0.0,2.0,2.0,1.0,197.301,54.1115,1.0,12710990
PSAVTMK,440184,2021-01-25 22:38:50.701000-05:00,2021-01-26 18:00:00-05:00,2021-01-26 22:33:18.775000-05:00,,1,,,,,,Treatment 1,1182.956,72.8642727272727,11.0,5.0,3.0,1.0,11.0,26.0,11.0,2.0,0.0,0.0,0.0,0.0,2.0,1.0,,,,,,12650099
PSAVTMK,440185,2021-01-25 22:38:50.701000-05:00,2021-01-26 18:00:00-05:00,2021-01-26 11:58:58.716000-05:00,2021-01-26 12:15:22.643000-05:00,1,,,,,,Treatment 1,316.027,78.99875,4.0,4.0,,,4.0,4.0,4.0,0.0,0.0,0.0,0.0,0.0,0.0,1.0,2.0,1.0,661.161,43.8875,1.0,12605065
PSAVTMK,440189,2021-01-25 22:38:50.701000-05:00,2021-01-26 18:00:00-05:00,2021-01-26 17:51:07.107000-05:00,2021-01-26 18:15:45.048000-05:00,1,,,,,,Treatment 1,435.247,108.8105,4.0,4.0,,,4.0,4.0,4.0,0.0,0.0,0.0,0.0,0.0,0.0,1.0,2.0,1.0,1037.596,161.684,1.0,12643445
PSAVTMK,440194,2021-01-25 22:38:50.701000-05:00,2021-01-26 18:00:00-05:00,2021-01-26 16:58:30.088000-05:00,2021-01-26 17:09:26.941000-05:00,1,,,,,,Treatment 3,343.325,77.1695,4.0,2.0,1.0,,4.0,6.0,4.0,0.0,0.0,0.0,0.0,0.0,0.0,1.0,2.0,1.0,295.498,75.868,1.0,12641182
PSAVTMK,440205,2021-01-25 22:38:50.701000-05:00,2021-01-26 18:00:00-05:00,2021-01-26 11:58:11.949000-05:00,2021-01-26 12:05:40.182000-05:00,1,,,,,,Control,258.621,33.1124,5.0,4.0,1.0,1.0,5.0,8.0,5.0,1.0,0.0,0.0,0.0,0.0,1.0,1.0,2.0,1.0,176.536,39.1485,1.0,12604965
PSAVTMK,440449,2021-01-25 22:38:50.701000-05:00,2021-01-26 18:00:00-05:00,2021-01-26 11:58:20.901000-05:00,,1,,,,,,Treatment 2,,,1.0,,,,,0.0,1.0,0.0,0.0,0.0,0.0,0.0,0.0,1.0,,,,,,12604984
PSAVTMK,441070,2021-01-25 22:38:50.701000-05:00,2021-01-26 18:00:00-05:00,2021-01-29 12:43:24.590000-05:00,2021-01-29 12:54:19.945000-05:00,1,,,,,,Control,408.176,27.5232222222222,9.0,4.0,1.0,1.0,9.0,25.0,9.0,4.0,0.0,0.0,0.0,0.0,4.0,1.0,2.0,0.0,229.484,38.407,1.0,12821065
PSAVTMK,441478,2021-01-25 22:38:50.701000-05:00,2021-01-26 18:00:00-05:00,2021-01-26 16:21:03.136000-05:00,,1,,,,,,Control,,,1.0,,,,,0.0,1.0,0.0,0.0,0.0,0.0,0.0,0.0,1.0,,,,,,12639124
PSAVTMK,442585,2021-01-25 22:38:50.701000-05:00,2021-01-26 18:00:00-05:00,2021-01-26 13:43:35.667000-05:00,2021-01-26 14:03:30.669000-05:00,1,,,,,,Treatment 1,1088.336,272.079,4.0,4.0,,,4.0,4.0,4.0,0.0,0.0,0.0,0.0,0.0,0.0,1.0,2.0,1.0,101.788,23.0845,1.0,12620972
PSAVTMK,442592,2021-01-25 22:38:50.701000-05:00,2021-01-26 18:00:00-05:00,2021-01-26 13:26:27.587000-05:00,2021-01-26 13:30:28.751000-05:00,1,,,,,,Treatment 3,113.133,56.564,2.0,2.0,,,2.0,2.0,2.0,0.0,0.0,0.0,0.0,0.0,0.0,1.0,2.0,1.0,121.709,55.6175,1.0,12618192
PSAVTMK,442615,2021-01-25 22:38:50.701000-05:00,2021-01-26 18:00:00-05:00,2021-01-26 16:41:36.502000-05:00,2021-01-26 16:57:43.329000-05:00,1,,,,,,Treatment 2,256.12,51.217,5.0,5.0,,,5.0,5.0,5.0,0.0,0.0,0.0,0.0,0.0,0.0,1.0,2.0,1.0,521.431,115.9445,1.0,12640287
PSAVTMK,442617,2021-01-25 22:38:50.701000-05:00,2021-01-26 18:00:00-05:00,2021-01-26 13:14:39.820000-05:00,2021-01-26 13:32:08.511000-05:00,1,,,,,,Treatment 2,693.986,84.267,6.0,5.0,1.0,1.0,6.0,8.0,6.0,1.0,0.0,0.0,0.0,0.0,1.0,1.0,2.0,2.0,336.505,168.2465,1.0,12616439
PSAVTMK,442618,2021-01-25 22:38:50.701000-05:00,2021-01-26 18:00:00-05:00,2021-01-26 12:45:32.862000-05:00,2021-01-26 13:34:04.783000-05:00,2,,,,,,Treatment 1,2772.244,693.05325,4.0,4.0,,,4.0,4.0,4.0,0.0,0.0,0.0,0.0,0.0,0.0,2.0,2.0,2.0,100.581,50.285,1.0,12611858
PSAVTMK,442619,2021-01-25 22:38:50.701000-05:00,2021-01-26 18:00:00-05:00,2021-01-26 14:02:47.565000-05:00,2021-01-26 14:10:46.376000-05:00,1,,,,,,Control,393.415,84.2145,4.0,3.0,1.0,1.0,4.0,6.0,4.0,1.0,0.0,0.0,0.0,0.0,1.0,1.0,2.0,2.0,78.501,39.249,1.0,12623927
PSAVTMK,442620,2021-01-25 22:38:50.701000-05:00,2021-01-26 18:00:00-05:00,2021-01-26 13:29:22.176000-05:00,2021-01-26 13:42:35.292000-05:00,1,,,,,,Control,439.449,146.480666666667,3.0,3.0,,,3.0,3.0,3.0,0.0,0.0,0.0,0.0,0.0,0.0,1.0,2.0,1.0,349.517,111.2875,1.0,12618636
PSAVTMK,442621,2021-01-25 22:38:50.701000-05:00,2021-01-26 18:00:00-05:00,2021-01-26 12:58:35.018000-05:00,2021-01-26 13:40:03.157000-05:00,2,,,,,,Treatment 3,2239.487,281.112857142857,7.0,3.0,2.0,2.0,6.0,16.0,7.0,4.0,0.0,0.0,0.0,0.0,4.0,2.0,2.0,0.0,178.444,40.6445,1.0,12613817
PSAVTMK,442626,2021-01-25 22:38:50.701000-05:00,2021-01-26 18:00:00-05:00,2021-01-26 11:58:17.978000-05:00,2021-01-26 12:08:43.985000-05:00,1,,,,,,Control,446.964,64.2212,5.0,3.0,1.0,1.0,5.0,9.0,5.0,1.0,0.0,0.0,0.0,0.0,1.0,1.0,2.0,1.0,151.536,47.561,1.0,12604976
PSAVTMK,442629,2021-01-25 22:38:50.701000-05:00,2021-01-26 18:00:00-05:00,2021-01-26 13:28:28.305000-05:00,2021-01-26 13:32:44.170000-05:00,1,,,,,,Treatment 3,91.518,45.7495,2.0,2.0,,,2.0,2.0,2.0,0.0,0.0,0.0,0.0,0.0,0.0,1.0,2.0,2.0,156.486,78.236,1.0,12618487
PSAVTMK,442634,2021-01-25 22:38:50.701000-05:00,2021-01-26 18:00:00-05:00,2021-01-26 15:36:54.537000-05:00,2021-01-26 15:52:19.969000-05:00,1,,,,,,Treatment 1,711.567,57.7044444444444,9.0,6.0,2.0,1.0,9.0,13.0,9.0,1.0,0.0,0.0,0.0,0.0,1.0,1.0,2.0,2.0,202.428,101.2085,1.0,12635790
PSAVTMK,442642,2021-01-25 22:38:50.701000-05:00,2021-01-26 18:00:00-05:00,2021-01-26 16:37:21.935000-05:00,2021-01-26 16:50:25.253000-05:00,1,,,,,,Treatment 3,630.17,112.426,4.0,3.0,1.0,1.0,4.0,8.0,4.0,1.0,0.0,0.0,0.0,0.0,1.0,1.0,2.0,2.0,148.477,74.2365,1.0,12640008
PSAVTMK,453747,2021-01-12 08:05:49.426000-05:00,2021-01-13 08:07:00-05:00,2021-01-12 15:33:33.643000-05:00,2021-01-21 16:06:16.467000-05:00,4,,,,,,Treatment 2,2773.101,157.90125,16.0,11.0,4.0,,16.0,24.0,16.0,0.0,0.0,0.0,0.0,0.0,0.0,3.0,2.0,2.0,252.85,126.4185,1.0,11998828
PSAVTMK,467830,2020-09-08 13:09:00-04:00,,2020-09-09 09:31:03.019000-04:00,2020-09-09 09:36:27.306000-04:00,1,,,,,,Treatment 1,229.679,18.8454545454545,11.0,9.0,2.0,,11.0,14.0,11.0,0.0,0.0,0.0,0.0,0.0,0.0,1.0,2.0,1.0,85.128,32.168,1.0,4958877
PSAVTMK,467866,2020-09-08 13:09:00-04:00,,2020-09-11 15:22:45.310000-04:00,,1,,,,,,Treatment 3,885.117,29.0828,10.0,0.0,0.0,0.0,0.0,11.0,10.0,10.0,0.0,0.0,0.0,0.0,10.0,1.0,,,,,,5228979
PSAVTMK,467917,2020-09-08 09:46:23.559000-04:00,,2020-09-28 13:14:16.251000-04:00,,1,,,,,,Control,,,1.0,,,,,0.0,1.0,0.0,0.0,0.0,0.0,0.0,0.0,1.0,,,,,,6547965
PSAVTMK,467924,2020-09-08 13:09:00-04:00,,2020-09-08 13:34:23.708000-04:00,,1,,,,,,Treatment 2,1407.692,65.8987857142857,14.0,7.0,3.0,0.0,14.0,28.0,14.0,3.0,0.0,0.0,0.0,0.0,3.0,1.0,,,,,,4905087
PSAVTMK,467994,2020-09-08 09:46:23.559000-04:00,,2020-09-08 09:46:34.859000-04:00,2020-10-06 16:43:05.203000-04:00,2,,,,,,Control,2443538.417,244336.7467,10.0,5.0,2.0,1.0,9.0,17.0,10.0,3.0,0.0,0.0,0.0,0.0,3.0,2.0,2.0,1.0,608.378,294.284,1.0,4866155
PSAVTMK,468305,2020-09-08 13:09:00-04:00,,2020-09-11 11:05:03.271000-04:00,,3,,,,,,Control,4582577.232,13.228,1.0,0.0,,,1.0,1.0,1.0,0.0,0.0,0.0,0.0,0.0,0.0,2.0,,,,,,5185469
PSAVTMK,468475,2020-09-08 13:09:00-04:00,,2020-09-09 09:44:14.267000-04:00,2020-09-10 11:27:46.210000-04:00,2,,,,,,Treatment 1,92124.307,69.3107,10.0,6.0,2.0,1.0,8.0,13.0,10.0,2.0,0.0,0.0,0.0,0.0,3.0,2.0,2.0,2.0,397.473,198.7255,1.0,4960920
PSAVTMK,468793,2020-09-08 13:09:00-04:00,,2020-09-11 11:16:35.807000-04:00,,2,,,,,,Treatment 1,,,1.0,,,,,0.0,1.0,0.0,0.0,0.0,0.0,0.0,0.0,1.0,,,,,,5187538
PSAVTMK,469058,2021-03-29 07:00:00-04:00,,2021-03-29 07:44:54.315000-04:00,2021-03-29 07:59:22.537000-04:00,1,,,,,,Control,777.225,81.373,6.0,4.0,2.0,2.0,6.0,10.0,6.0,2.0,0.0,0.0,0.0,0.0,2.0,1.0,2.0,2.0,82.177,41.076,1.0,15097514
PSAVTMK,469252,2020-09-08 09:46:23.559000-04:00,,2020-09-13 18:39:48.583000-04:00,2020-09-13 19:00:32.438000-04:00,2,,,,,,Treatment 3,488.975,80.2846666666667,3.0,2.0,1.0,1.0,3.0,5.0,3.0,1.0,0.0,0.0,0.0,0.0,1.0,1.0,2.0,0.0,742.947,141.4045,2.0,5255628
PSAVTMK,469273,2020-09-08 13:09:00-04:00,,2020-09-08 17:39:15.574000-04:00,2020-09-08 18:26:48.848000-04:00,1,,,,,,Treatment 1,1998.225,130.595,11.0,7.0,3.0,1.0,11.0,24.0,11.0,1.0,0.0,0.0,0.0,0.0,0.0,1.0,2.0,0.0,754.083,227.1395,1.0,4936797
PSAVTMK,469432,2020-09-08 13:09:00-04:00,,2020-09-08 14:31:03.171000-04:00,,1,,,,,,Treatment 1,1089.711,286.481333333333,3.0,2.0,,,3.0,8.0,3.0,0.0,0.0,0.0,0.0,0.0,0.0,1.0,,,,,,4915445
PSAVTMK,470021,2021-03-29 07:00:00-04:00,,2021-03-29 07:32:41.307000-04:00,2021-03-29 07:45:46.427000-04:00,1,,,,,,Treatment 3,238.036,47.9666666666667,3.0,2.0,1.0,1.0,3.0,5.0,3.0,1.0,0.0,0.0,0.0,0.0,0.0,1.0,2.0,0.0,542.172,162.156,1.0,15097451
PSAVTMK,470209,2020-09-08 13:09:00-04:00,,2020-10-12 15:08:37.050000-04:00,2020-10-12 15:16:52.684000-04:00,1,,,,,,Treatment 3,169.991,84.9875,2.0,2.0,,,2.0,2.0,2.0,0.0,0.0,0.0,0.0,0.0,0.0,1.0,2.0,0.0,319.12,51.0025,1.0,7617530
PSAVTMK,470471,2020-09-08 13:09:00-04:00,,2020-09-08 15:18:42.464000-04:00,,1,,,,,,Treatment 1,393.514,36.2886,5.0,4.0,1.0,,4.0,5.0,5.0,0.0,0.0,0.0,0.0,0.0,0.0,1.0,1.0,0.0,54.497,54.497,1.0,4923361
PSAVTMK,470655,2020-09-08 13:09:00-04:00,,2020-09-11 16:23:48.202000-04:00,,1,,,,,,Treatment 2,,,1.0,,,,,0.0,1.0,0.0,0.0,0.0,0.0,0.0,0.0,1.0,,,,,,5234261
PSAVTMK,470673,2020-09-08 09:46:23.559000-04:00,,2020-09-09 09:09:37.154000-04:00,2020-09-09 10:42:54.324000-04:00,3,,,,,,Treatment 2,5469.71,34.2164285714286,7.0,5.0,1.0,1.0,7.0,9.0,7.0,2.0,0.0,0.0,0.0,0.0,1.0,2.0,2.0,0.0,121.794,45.38,1.0,4955827
PSAVTMK,470749,2021-03-29 07:00:00-04:00,,2021-03-29 07:33:17.077000-04:00,2021-03-29 07:44:04.765000-04:00,1,,,,,,Treatment 2,469.266,49.8213333333333,9.0,8.0,1.0,,9.0,10.0,9.0,0.0,0.0,0.0,0.0,0.0,0.0,1.0,2.0,1.0,164.144,55.6435,1.0,15097456
PSAVTMK,470750,2021-01-12 08:05:49.428000-05:00,2021-01-13 08:07:00-05:00,2021-01-12 14:52:41.186000-05:00,2021-01-12 15:01:08.267000-05:00,1,,,,,,Treatment 1,358.252,48.7601428571429,7.0,6.0,1.0,,7.0,9.0,7.0,0.0,0.0,0.0,0.0,0.0,0.0,1.0,2.0,1.0,125.529,38.497,1.0,11993888
PSAVTMK,470808,2020-09-08 13:09:00-04:00,,2020-09-09 16:30:47.383000-04:00,2020-09-15 19:16:57.361000-04:00,6,,,,,,Control,509253.052,507.330357142857,14.0,7.0,3.0,1.0,13.0,39.0,14.0,4.0,0.0,0.0,0.0,0.0,4.0,4.0,2.0,1.0,18907.15,9434.634,2.0,5031409
PSAVTMK,471017,2020-09-08 09:46:23.559000-04:00,,2020-09-14 09:32:27.488000-04:00,2020-09-14 09:34:17.125000-04:00,1,,,,,,Treatment 3,40.028,20.01,2.0,2.0,,,2.0,2.0,2.0,0.0,0.0,0.0,0.0,0.0,0.0,1.0,2.0,1.0,66.428,20.4195,1.0,5271998
PSAVTMK,471439,2021-01-12 08:05:49.428000-05:00,2021-01-13 08:07:00-05:00,2021-01-12 14:26:41.443000-05:00,2021-01-12 14:32:25.307000-05:00,1,,,,,,Control,163.656,23.813,5.0,3.0,1.0,,5.0,7.0,5.0,0.0,0.0,0.0,0.0,0.0,0.0,1.0,2.0,2.0,160.913,80.44,1.0,11990094
PSAVTMK,471447,2021-01-12 08:05:49.428000-05:00,2021-01-13 08:07:00-05:00,2021-01-12 14:42:43.769000-05:00,,5,,,,,,Treatment 2,2010.763,110.6415625,16.0,11.0,4.0,4.0,16.0,30.0,16.0,4.0,0.0,0.0,0.0,0.0,4.0,2.0,,,,,,11992613
PSAVTMK,471463,2021-01-12 08:05:49.428000-05:00,2021-01-13 08:07:00-05:00,2021-01-22 13:47:53.282000-05:00,2021-03-12 11:53:11.880000-05:00,5,,,,,,Control,4226657.339,529767.349,7.0,3.0,1.0,0.0,7.0,15.0,7.0,3.0,0.0,0.0,0.0,0.0,3.0,5.0,2.0,1.0,44.658,14.123,1.0,12477266
PSAVTMK,471466,2021-01-12 08:05:49.428000-05:00,2021-01-13 08:07:00-05:00,2021-01-12 14:45:21.824000-05:00,2021-01-12 15:02:51.116000-05:00,1,,,,,,Treatment 1,779.041,93.37575,8.0,6.0,2.0,2.0,8.0,10.0,8.0,2.0,0.0,0.0,0.0,0.0,2.0,1.0,2.0,1.0,189.547,91.069,1.0,11992981
PSAVTMK,471471,2021-01-12 08:05:49.428000-05:00,2021-01-13 08:07:00-05:00,2021-01-12 14:43:14.338000-05:00,2021-02-17 02:44:37.589000-05:00,11,,,,,,Treatment 2,2615701.066,15152.7431034483,58.0,30.0,14.0,8.0,58.0,121.0,58.0,17.0,0.0,0.0,0.0,0.0,17.0,9.0,2.0,1.0,691.038,322.202,1.0,11992690
PSAVTMK,471476,2021-01-12 08:05:49.428000-05:00,2021-01-13 08:07:00-05:00,2021-01-12 12:56:14.200000-05:00,2021-01-12 14:41:27.400000-05:00,2,,,,,,Treatment 3,6251.103,3125.5185,2.0,2.0,,,2.0,2.0,2.0,0.0,0.0,0.0,0.0,0.0,0.0,2.0,2.0,1.0,56.256,23.1355,1.0,11974691
PSAVTMK,471489,2021-01-12 08:05:49.428000-05:00,2021-01-13 08:07:00-05:00,2021-01-12 14:09:32.659000-05:00,2021-01-12 14:18:23.168000-05:00,1,,,,,,Control,404.536,70.9942,5.0,4.0,1.0,,5.0,6.0,5.0,0.0,0.0,0.0,0.0,0.0,0.0,1.0,2.0,0.0,98.359,24.836,1.0,11987182
PSAVTMK,471524,2021-01-12 08:05:49.428000-05:00,2021-01-13 08:07:00-05:00,2021-01-12 14:45:36.128000-05:00,2021-01-12 23:56:27.657000-05:00,2,,,,,,Control,32878.589,4678.51457142857,7.0,4.0,2.0,,7.0,10.0,7.0,0.0,0.0,0.0,0.0,0.0,0.0,2.0,2.0,2.0,128.559,64.273,1.0,11992993
PSAVTMK,471533,2021-01-12 08:05:49.428000-05:00,2021-01-13 08:07:00-05:00,2021-01-12 14:47:46.468000-05:00,,1,,,,,,Control,297.205,35.449,1.0,0.0,,,1.0,3.0,1.0,1.0,0.0,0.0,0.0,0.0,1.0,1.0,,,,,,11993302
PSAVTMK,471538,2021-01-12 08:05:49.428000-05:00,2021-01-13 08:07:00-05:00,2021-01-12 14:46:03.499000-05:00,2021-01-12 14:59:27.949000-05:00,1,,,,,,Control,214.707,71.4686666666667,3.0,3.0,,,3.0,3.0,3.0,0.0,0.0,0.0,0.0,0.0,0.0,1.0,2.0,2.0,571.226,285.5235,1.0,11993050
PSAVTMK,471542,2021-01-12 08:05:49.428000-05:00,2021-01-13 08:07:00-05:00,2021-01-13 11:05:16.418000-05:00,2021-02-05 20:37:18.791000-05:00,6,,,,,,Treatment 3,187096.391,93548.1865,2.0,2.0,,,2.0,2.0,2.0,0.0,0.0,0.0,0.0,0.0,0.0,2.0,2.0,0.0,1834409.175,265263.451,2.0,12036139
PSAVTMK,472775,2021-01-12 08:05:49.428000-05:00,2021-01-13 08:07:00-05:00,2021-01-13 14:49:15.152000-05:00,,1,,,,,,Treatment 1,,,1.0,,,,,0.0,1.0,0.0,0.0,0.0,0.0,0.0,0.0,1.0,,,,,,12066461
PSAVTMK,473828,2020-09-08 13:09:00-04:00,,2020-09-11 12:27:05.632000-04:00,,1,,,,,,Treatment 2,559.264,119.6975,4.0,2.0,1.0,,4.0,8.0,4.0,0.0,0.0,0.0,0.0,0.0,0.0,1.0,,,,,,5200344
PSAVTMK,473963,2021-01-12 08:05:49.423000-05:00,2021-01-13 08:07:00-05:00,2021-02-05 12:09:29.509000-05:00,,1,,,,,,Treatment 3,,,1.0,,,,,0.0,1.0,0.0,0.0,0.0,0.0,0.0,0.0,1.0,,,,,,13149095
PSAVTMK,474240,2021-07-13 08:00:00-04:00,,2021-07-13 12:20:35.307000-04:00,2021-07-13 12:36:58.251000-04:00,1,,,,,,Treatment 2,415.829,83.1604,5.0,5.0,,,5.0,5.0,5.0,0.0,0.0,0.0,0.0,0.0,0.0,1.0,2.0,2.0,560.957,280.476,1.0,16779749
PSAVTMK,474672,2021-07-13 08:00:00-04:00,,2021-07-13 12:23:26.227000-04:00,2021-07-13 12:39:42.985000-04:00,1,,,,,,Treatment 1,707.642,64.5991111111111,9.0,6.0,3.0,,9.0,12.0,9.0,0.0,0.0,0.0,0.0,0.0,0.0,1.0,2.0,1.0,256.702,94.4055,1.0,16779755
PSAVTMK,476328,2021-07-13 08:00:00-04:00,,2021-07-13 12:23:45.853000-04:00,2021-07-13 12:46:11.017000-04:00,1,,,,,,Treatment 3,618.557,42.394,4.0,2.0,1.0,1.0,4.0,7.0,4.0,1.0,0.0,0.0,0.0,0.0,1.0,1.0,2.0,2.0,710.094,355.0435,1.0,16779756
PSAVTMK,476338,2021-01-12 08:05:49.428000-05:00,2021-01-13 08:07:00-05:00,2021-01-12 14:53:59.327000-05:00,,4,,,,,,Treatment 1,694776.909,99227.0782857143,7.0,0.0,0.0,0.0,6.0,16.0,7.0,7.0,0.0,0.0,0.0,0.0,7.0,3.0,,,,,,11994046
PSAVTMK,476481,2021-03-29 07:00:00-04:00,,2021-03-29 07:09:25.533000-04:00,2021-03-29 07:21:16.823000-04:00,1,,,,,,Control,530.196,59.354875,8.0,5.0,3.0,1.0,7.0,10.0,8.0,1.0,0.0,0.0,0.0,0.0,1.0,1.0,2.0,0.0,151.873,62.5725,1.0,15097396
PSAVTMK,476510,2021-03-29 07:00:00-04:00,,2021-03-29 07:46:52.528000-04:00,2021-03-29 07:57:46.098000-04:00,1,,,,,,Treatment 2,518.262,36.5567272727273,11.0,8.0,2.0,1.0,11.0,15.0,11.0,2.0,0.0,0.0,0.0,0.0,1.0,1.0,2.0,0.0,111.952,40.971,1.0,15097535
PSAVTMK,477045,2021-03-29 07:00:00-04:00,,2021-03-29 07:46:46.244000-04:00,,1,,,,,,Treatment 2,879.198,41.4158181818182,11.0,4.0,3.0,3.0,11.0,32.0,11.0,5.0,0.0,0.0,0.0,0.0,5.0,1.0,,,,,,15097534
PSAVTMK,477297,2021-03-29 07:00:00-04:00,,2021-03-29 07:42:59.462000-04:00,2021-03-29 08:02:08.660000-04:00,1,,,,,,Treatment 1,632.925,158.2205,4.0,4.0,,,4.0,4.0,4.0,0.0,0.0,0.0,0.0,0.0,0.0,1.0,2.0,1.0,509.279,246.668,1.0,15097507
PSAVTMK,477963,2021-01-12 08:05:49.428000-05:00,2021-01-13 08:07:00-05:00,2021-01-12 14:20:34.908000-05:00,2021-01-12 17:51:13.837000-05:00,2,,,,,,Treatment 3,12522.248,358.275666666667,3.0,2.0,1.0,,3.0,4.0,3.0,0.0,0.0,0.0,0.0,0.0,0.0,2.0,2.0,2.0,110.973,55.4845,1.0,11988948
PSAVTMK,477964,2021-01-12 08:05:49.428000-05:00,2021-01-13 08:07:00-05:00,2021-01-12 14:33:55.676000-05:00,2021-01-12 14:55:42.455000-05:00,2,,,,,,Control,355.53,118.490666666667,3.0,3.0,,,3.0,3.0,3.0,0.0,0.0,0.0,0.0,0.0,0.0,2.0,2.0,2.0,98.334,49.1525,1.0,11991645
PSAVTMK,477980,2021-01-12 08:05:49.428000-05:00,2021-01-13 08:07:00-05:00,2021-01-12 16:51:17.660000-05:00,2021-03-12 23:04:08.644000-05:00,4,,,,,,Treatment 3,5119484.273,365650.989785714,14.0,5.0,4.0,2.0,10.0,23.0,14.0,7.0,0.0,0.0,0.0,0.0,7.0,3.0,2.0,1.0,439.321,145.963,1.0,12004673
PSAVTMK,478022,2021-01-12 08:05:49.428000-05:00,2021-01-13 08:07:00-05:00,2021-01-12 14:23:18.349000-05:00,,5,,,,,,Treatment 2,46460.402,338.40064516129,31.0,8.0,5.0,3.0,26.0,89.0,31.0,17.0,0.0,0.0,0.0,0.0,17.0,4.0,,,,,,11989430
PSAVTMK,478036,2021-01-12 08:05:49.428000-05:00,2021-01-13 08:07:00-05:00,2021-01-13 19:52:25.593000-05:00,2021-01-13 20:06:10.781000-05:00,1,,,,,,Control,548.363,182.770666666667,3.0,3.0,,,3.0,3.0,3.0,0.0,0.0,0.0,0.0,0.0,0.0,1.0,2.0,2.0,249.093,124.5355,1.0,12080524
PSAVTMK,478424,2021-01-12 08:05:49.428000-05:00,2021-01-13 08:07:00-05:00,2021-01-12 14:17:12.798000-05:00,2021-01-13 08:03:42.055000-05:00,3,,,,,,Control,3840.238,220.877,13.0,5.0,3.0,0.0,13.0,38.0,13.0,3.0,0.0,0.0,0.0,0.0,3.0,2.0,2.0,0.0,305.364,92.812,1.0,11988608
PSAVTMK,478431,2021-01-12 08:05:49.428000-05:00,2021-01-13 08:07:00-05:00,2021-01-12 11:15:46.126000-05:00,,2,,,,,,Treatment 2,1206.44,100.2054,10.0,6.0,2.0,2.0,9.0,13.0,10.0,4.0,0.0,0.0,0.0,0.0,4.0,1.0,,,,,,11957872
PSAVTMK,479068,2021-07-13 08:00:00-04:00,,2021-07-13 12:32:04.523000-04:00,,1,,,,,,Treatment 2,751.01,119.6662,5.0,1.0,0.0,,5.0,11.0,5.0,0.0,0.0,0.0,0.0,0.0,0.0,1.0,,,,,,16779766
PSAVTMK,479406,2021-05-03 11:00:00-04:00,2021-05-07 19:00:00-04:00,2021-05-03 13:11:55.244000-04:00,,2,,,,,,Treatment 2,1607.365,128.065333333333,9.0,6.0,2.0,,9.0,13.0,9.0,0.0,0.0,0.0,0.0,0.0,0.0,2.0,,,,,,16088855
PSAVTMK,479561,2020-09-08 13:09:00-04:00,,2020-09-09 08:35:28.701000-04:00,,1,,,,,,Treatment 1,22.369,16.945,1.0,0.0,,,0.0,0.0,1.0,1.0,0.0,0.0,0.0,0.0,1.0,1.0,,,,,,4952584
PSAVTMK,481401,2021-03-29 07:00:00-04:00,,2021-03-29 07:47:04.932000-04:00,2021-03-29 07:50:42.335000-04:00,1,,,,,,Treatment 1,158.282,21.7682857142857,7.0,6.0,1.0,,7.0,8.0,7.0,0.0,0.0,0.0,0.0,0.0,0.0,1.0,2.0,2.0,45.981,22.9845,1.0,15097538
PSAVTMK,482437,2020-09-08 09:46:23.559000-04:00,,2020-09-13 22:31:32.174000-04:00,2020-09-13 23:18:18.160000-04:00,1,,,,,,Treatment 3,2404.84,778.336666666667,3.0,2.0,1.0,1.0,3.0,5.0,3.0,1.0,0.0,0.0,0.0,0.0,1.0,1.0,2.0,1.0,390.948,112.946,1.0,5259204
PSAVTMK,483159,2020-09-08 13:09:00-04:00,,2020-09-11 12:04:26.465000-04:00,2020-09-17 10:21:21.048000-04:00,2,,,,,,Treatment 2,507132.501,86.4138333333333,6.0,5.0,1.0,,6.0,8.0,6.0,0.0,0.0,0.0,0.0,0.0,0.0,2.0,2.0,1.0,5063.518,2504.0645,1.0,5196317
PSAVTMK,483391,2021-03-29 07:00:00-04:00,,2021-03-29 07:46:58.051000-04:00,,1,,,,,,Treatment 3,1015.005,113.582142857143,7.0,2.0,1.0,1.0,5.0,12.0,7.0,5.0,0.0,0.0,0.0,0.0,5.0,1.0,1.0,,,,1.0,15097537
PSAVTMK,483407,2020-09-08 13:09:00-04:00,,2020-09-09 09:09:39.124000-04:00,2020-09-09 09:31:35.687000-04:00,1,,,,,,Control,1183.929,59.0565833333333,12.0,5.0,2.0,0.0,12.0,29.0,12.0,2.0,0.0,0.0,0.0,0.0,2.0,1.0,2.0,0.0,113.179,29.175,1.0,4955837
PSAVTMK,483455,2020-09-08 13:09:00-04:00,,2020-09-08 13:16:47.437000-04:00,,1,,,,,,Control,642.657,35.5753,10.0,2.0,2.0,1.0,10.0,29.0,10.0,6.0,0.0,0.0,0.0,0.0,5.0,1.0,,,,,,4902065
PSAVTMK,483456,2021-01-12 08:05:49.426000-05:00,2021-01-13 08:07:00-05:00,2021-01-12 15:33:44.600000-05:00,,3,,,,,,Control,261787.188,65428.599,4.0,3.0,1.0,1.0,4.0,9.0,4.0,1.0,0.0,0.0,0.0,0.0,1.0,2.0,2.0,0.0,45.651,22.192,1.0,11998854
PSAVTMK,483570,2021-01-12 08:05:49.428000-05:00,2021-01-13 08:07:00-05:00,2021-01-12 11:34:18.884000-05:00,2021-01-12 11:42:46.132000-05:00,1,,,,,,Treatment 3,211.978,21.3111666666667,6.0,2.0,1.0,0.0,6.0,13.0,6.0,1.0,0.0,0.0,0.0,0.0,1.0,1.0,2.0,1.0,275.591,130.3455,1.0,11961173
PSAVTMK,483628,2020-09-08 13:09:00-04:00,,2020-10-07 11:13:34.472000-04:00,,1,,,,,,Treatment 2,,,1.0,,,,,0.0,1.0,0.0,0.0,0.0,0.0,0.0,0.0,1.0,,,,,,7319041
PSAVTMK,484477,2020-09-08 09:46:23.559000-04:00,,2020-09-11 11:40:07.155000-04:00,,1,,,,,,Treatment 3,,,1.0,,,,,0.0,1.0,0.0,0.0,0.0,0.0,0.0,0.0,1.0,,,,,,5192011
PSAVTMK,484529,2020-09-08 13:09:00-04:00,,2020-09-10 18:10:06.713000-04:00,,1,,,,,,Control,,,1.0,,,,,0.0,1.0,0.0,0.0,0.0,0.0,0.0,0.0,1.0,,,,,,5147136
PSAVTMK,485286,2021-01-12 08:05:49.423000-05:00,2021-01-13 08:07:00-05:00,2021-01-12 11:26:38.937000-05:00,,7,,,,,,Treatment 2,1243097.204,112989.462181818,11.0,0.0,0.0,0.0,2.0,13.0,11.0,11.0,0.0,0.0,0.0,0.0,11.0,3.0,,,,,,11959821
PSAVTMK,486412,2020-12-10 10:48:00-05:00,2020-12-11 10:40:00-05:00,2020-12-10 11:34:23.304000-05:00,2020-12-10 11:44:54.857000-05:00,1,,,,,,Treatment 2,339.899,67.9786,5.0,5.0,,,5.0,5.0,5.0,0.0,0.0,0.0,0.0,0.0,0.0,1.0,2.0,1.0,281.323,112.7355,1.0,11045554
PSAVTMK,487223,2021-01-12 08:05:49.423000-05:00,2021-01-13 08:07:00-05:00,2021-03-23 00:26:39.010000-04:00,,3,,,,,,Control,234.911,78.298,3.0,3.0,,,3.0,3.0,3.0,0.0,0.0,0.0,0.0,0.0,0.0,2.0,2.0,0.0,486.988,63.99,2.0,14917489
PSAVTMK,487251,2020-12-10 10:48:00-05:00,2020-12-11 10:40:00-05:00,2020-12-10 11:23:52.237000-05:00,2020-12-10 11:30:53.905000-05:00,1,,,,,,Treatment 1,109.028,27.25325,4.0,4.0,,,4.0,4.0,4.0,0.0,0.0,0.0,0.0,0.0,0.0,1.0,2.0,1.0,306.372,84.921,1.0,11043750
PSAVTMK,487268,2020-12-10 10:48:00-05:00,2020-12-11 10:40:00-05:00,2020-12-10 11:24:15.339000-05:00,2020-12-10 11:26:31.371000-05:00,1,,,,,,Treatment 3,47.186,23.5895,2.0,2.0,,,2.0,2.0,2.0,0.0,0.0,0.0,0.0,0.0,0.0,1.0,2.0,1.0,84.328,20.501,1.0,11043808
PSAVTMK,487275,2020-12-10 10:48:00-05:00,2020-12-11 10:40:00-05:00,2020-12-10 11:28:24.707000-05:00,,1,,,,,,Treatment 1,507.295,34.5951818181818,11.0,7.0,3.0,,11.0,15.0,11.0,0.0,0.0,0.0,0.0,0.0,0.0,1.0,,,,,,11044595
PSAVTMK,487280,2020-12-10 10:48:00-05:00,2020-12-11 10:40:00-05:00,2020-12-10 11:30:02.385000-05:00,2020-12-10 11:39:08.486000-05:00,1,,,,,,Control,394.543,46.399,8.0,6.0,2.0,,8.0,10.0,8.0,0.0,0.0,0.0,0.0,0.0,0.0,1.0,2.0,1.0,137.047,57.7215,1.0,11044856
PSAVTMK,487281,2020-12-10 10:48:00-05:00,2020-12-11 10:40:00-05:00,2020-12-10 11:20:59.630000-05:00,2020-12-10 11:43:42.362000-05:00,3,,,,,,Treatment 2,1177.632,146.62,6.0,5.0,1.0,1.0,6.0,7.0,6.0,1.0,0.0,0.0,0.0,0.0,1.0,2.0,2.0,2.0,169.852,84.913,1.0,11043277
PSAVTMK,487283,2020-12-10 10:48:00-05:00,2020-12-11 10:40:00-05:00,2020-12-10 11:25:32.217000-05:00,2020-12-10 21:10:58.627000-05:00,2,,,,,,Treatment 3,656.617,187.269,3.0,2.0,1.0,,3.0,4.0,3.0,0.0,0.0,0.0,0.0,0.0,0.0,1.0,2.0,2.0,34449.058,17224.5115,2.0,11044089
PSAVTMK,487286,2020-12-10 10:48:00-05:00,2020-12-11 10:40:00-05:00,2020-12-10 11:31:55.330000-05:00,2020-12-10 11:36:07.442000-05:00,1,,,,,,Control,151.679,50.552,3.0,3.0,,,3.0,3.0,3.0,0.0,0.0,0.0,0.0,0.0,0.0,1.0,2.0,2.0,93.061,46.5255,1.0,11045197
PSAVTMK,487287,2020-12-10 10:48:00-05:00,2020-12-11 10:40:00-05:00,2020-12-10 11:19:57.471000-05:00,,1,,,,,,Treatment 2,552.397,49.4126,10.0,6.0,2.0,2.0,10.0,14.0,10.0,4.0,0.0,0.0,0.0,0.0,4.0,1.0,,,,,,11043092
PSAVTMK,487289,2020-12-10 10:48:00-05:00,2020-12-11 10:40:00-05:00,2020-12-10 11:20:09.164000-05:00,2020-12-10 11:24:17.007000-05:00,1,,,,,,Control,162.889,54.29,3.0,3.0,,,3.0,3.0,3.0,0.0,0.0,0.0,0.0,0.0,0.0,1.0,2.0,1.0,75.685,17.9885,1.0,11043116
PSAVTMK,487302,2020-12-10 10:48:00-05:00,2020-12-11 10:40:00-05:00,2020-12-13 14:58:54.532000-05:00,,1,,,,,,Treatment 1,28.68,8.724,2.0,0.0,,,1.0,2.0,2.0,1.0,0.0,0.0,0.0,0.0,1.0,1.0,,,,,,11166187
PSAVTMK,487308,2020-12-10 10:48:00-05:00,2020-12-11 10:40:00-05:00,2020-12-10 11:24:04.722000-05:00,2020-12-10 20:02:35.273000-05:00,2,,,,,,Treatment 2,31018.489,2812.12090909091,11.0,9.0,2.0,,11.0,13.0,11.0,0.0,0.0,0.0,0.0,0.0,0.0,2.0,2.0,2.0,63.683,31.8375,1.0,11043778
PSAVTMK,487317,2020-12-10 10:48:00-05:00,2020-12-11 10:40:00-05:00,2020-12-10 11:37:36.376000-05:00,,3,,,,,,Control,,,1.0,,,,,0.0,1.0,0.0,0.0,0.0,0.0,0.0,0.0,1.0,,,,,,11046110
PSAVTMK,487327,2020-12-10 10:48:00-05:00,2020-12-11 10:40:00-05:00,2020-12-11 09:54:09.100000-05:00,,1,,,,,,Treatment 3,174.28,35.2816666666667,3.0,0.0,0.0,0.0,0.0,4.0,3.0,3.0,0.0,0.0,0.0,0.0,3.0,1.0,,,,,,11110529
PSAVTMK,487792,2021-01-12 08:05:49.423000-05:00,2021-01-13 08:07:00-05:00,2021-01-12 12:13:00.703000-05:00,2021-01-12 12:29:18.527000-05:00,1,,,,,,Treatment 1,738.39,96.2138571428571,7.0,4.0,1.0,0.0,7.0,12.0,7.0,1.0,0.0,0.0,0.0,0.0,1.0,1.0,2.0,0.0,222.532,92.273,1.0,11967742
PSAVTMK,487830,2021-01-12 08:05:49.423000-05:00,2021-01-13 08:07:00-05:00,2021-01-12 23:45:48.535000-05:00,2021-01-12 23:55:22.391000-05:00,1,,,,,,Control,517.769,50.5301666666667,6.0,3.0,1.0,1.0,6.0,11.0,6.0,1.0,0.0,0.0,0.0,0.0,1.0,1.0,2.0,2.0,39.951,19.9745,1.0,12014979
PSAVTMK,487831,2021-01-12 08:05:49.423000-05:00,2021-01-13 08:07:00-05:00,2021-02-04 20:09:58.660000-05:00,2021-02-04 20:41:14.461000-05:00,3,,,,,,Control,957.725,170.8262,5.0,3.0,1.0,,5.0,8.0,5.0,0.0,0.0,0.0,0.0,0.0,1.0,2.0,2.0,1.0,889.297,349.59,1.0,13123794
PSAVTMK,487833,2021-01-12 08:05:49.423000-05:00,2021-01-13 08:07:00-05:00,2021-01-12 08:25:13.241000-05:00,2021-01-12 08:29:48.330000-05:00,1,,,,,,Control,212.276,48.9135,4.0,3.0,1.0,,4.0,5.0,4.0,0.0,0.0,0.0,0.0,0.0,0.0,1.0,2.0,2.0,47.914,23.9505,1.0,11935906
PSAVTMK,487850,2021-01-12 08:05:49.423000-05:00,2021-01-13 08:07:00-05:00,2021-01-12 12:22:59.679000-05:00,2021-01-12 12:46:31.521000-05:00,1,,,,,,Treatment 2,1238.665,193.095,6.0,5.0,1.0,1.0,6.0,8.0,6.0,1.0,0.0,0.0,0.0,0.0,1.0,1.0,2.0,2.0,125.571,62.782,1.0,11969396
PSAVTMK,487855,2021-01-12 08:05:49.423000-05:00,2021-01-13 08:07:00-05:00,2021-01-13 14:42:44.386000-05:00,2021-01-13 14:45:42-05:00,1,,,,,,Treatment 3,114.788,57.3815,2.0,2.0,,,2.0,2.0,2.0,0.0,0.0,0.0,0.0,0.0,0.0,1.0,2.0,2.0,54.404,27.189,1.0,12065892
PSAVTMK,487869,2021-01-12 08:05:49.423000-05:00,2021-01-13 08:07:00-05:00,2021-01-12 11:25:45.600000-05:00,2021-01-12 11:46:32.941000-05:00,2,,,,,,Control,399.353,89.99,4.0,3.0,1.0,1.0,3.0,4.0,4.0,1.0,0.0,0.0,0.0,0.0,1.0,1.0,2.0,1.0,817.751,398.8355,2.0,11959645
PSAVTMK,487882,2021-01-12 08:05:49.423000-05:00,2021-01-13 08:07:00-05:00,2021-01-21 13:06:25.432000-05:00,2021-01-21 13:54:39.507000-05:00,2,,,,,,Treatment 3,2796.666,435.747666666667,6.0,3.0,2.0,2.0,6.0,11.0,6.0,3.0,0.0,0.0,0.0,0.0,3.0,2.0,2.0,2.0,90.784,45.3885,1.0,12405723
PSAVTMK,487888,2021-01-12 08:05:49.423000-05:00,2021-01-13 08:07:00-05:00,2021-03-10 14:00:56.329000-05:00,2021-03-10 14:04:11.048000-05:00,1,,,,,,Treatment 3,90.073,45.0245,2.0,2.0,,,2.0,2.0,2.0,0.0,0.0,0.0,0.0,0.0,0.0,1.0,2.0,1.0,96.627,33.883,1.0,14497109
PSAVTMK,487940,2021-01-12 08:05:49.423000-05:00,2021-01-13 08:07:00-05:00,2021-01-21 13:28:40.370000-05:00,2021-01-21 13:34:58.957000-05:00,1,,,,,,Treatment 2,284.316,19.915,11.0,8.0,3.0,,11.0,15.0,11.0,0.0,0.0,0.0,0.0,0.0,0.0,1.0,2.0,2.0,69.663,34.8205,1.0,12409085
PSAVTMK,487945,2021-01-12 08:05:49.423000-05:00,2021-01-13 08:07:00-05:00,2021-01-12 08:38:23.456000-05:00,2021-01-20 15:55:34.075000-05:00,2,,,,,,Control,716954.624,238984.866333333,3.0,3.0,,,3.0,3.0,3.0,0.0,0.0,0.0,0.0,0.0,0.0,2.0,2.0,2.0,462.697,231.3425,1.0,11936730
PSAVTMK,487961,2021-01-12 08:05:49.423000-05:00,2021-01-13 08:07:00-05:00,2021-01-13 23:09:42.069000-05:00,2021-01-13 23:17:50.862000-05:00,1,,,,,,Treatment 1,364.871,60.1318333333333,6.0,5.0,1.0,,6.0,7.0,6.0,0.0,0.0,0.0,0.0,0.0,0.0,1.0,2.0,1.0,112.354,25.691,1.0,12083935
PSAVTMK,488024,2021-01-12 08:05:49.423000-05:00,2021-01-13 08:07:00-05:00,2021-01-13 08:16:57.128000-05:00,,1,,,,,,Control,,,1.0,,,,,0.0,1.0,0.0,0.0,0.0,0.0,0.0,0.0,1.0,,,,,,12017185
PSAVTMK,488040,2021-01-12 08:05:49.423000-05:00,2021-01-13 08:07:00-05:00,2021-01-12 08:51:52.970000-05:00,2021-01-12 09:01:04.661000-05:00,1,,,,,,Treatment 3,87.205,43.5885,2.0,2.0,,,2.0,2.0,2.0,0.0,0.0,0.0,0.0,0.0,0.0,1.0,2.0,1.0,387.096,180.883,1.0,11937655
PSAVTMK,488112,2021-01-12 08:05:49.423000-05:00,2021-01-13 08:07:00-05:00,2021-01-12 11:25:15.376000-05:00,2021-01-12 11:46:57.291000-05:00,1,,,,,,Treatment 2,224.596,28.2592857142857,7.0,6.0,1.0,,7.0,8.0,7.0,0.0,0.0,0.0,0.0,0.0,0.0,1.0,2.0,0.0,1055.931,30.2515,1.0,11959552
PSAVTMK,488134,2021-01-12 08:05:49.423000-05:00,2021-01-13 08:07:00-05:00,2021-01-14 23:18:49.251000-05:00,2021-01-21 13:22:00.589000-05:00,3,,,,,,Treatment 2,418681.321,83736.2558,5.0,5.0,,,5.0,5.0,5.0,0.0,0.0,0.0,0.0,0.0,0.0,2.0,2.0,1.0,150299.597,75132.722,2.0,12159489
PSAVTMK,488149,2021-01-12 08:05:49.423000-05:00,2021-01-13 08:07:00-05:00,2021-03-03 12:50:20.893000-05:00,,1,,,,,,Treatment 2,801.793,107.280857142857,8.0,4.0,2.0,0.0,7.0,10.0,8.0,1.0,0.0,0.0,0.0,0.0,2.0,1.0,,,,,,14186324
PSAVTMK,488286,2021-01-12 08:05:49.423000-05:00,2021-01-13 08:07:00-05:00,2021-01-12 12:27:56.181000-05:00,,3,,,,,,Treatment 1,80395.675,7973.7276,11.0,4.0,3.0,,10.0,23.0,11.0,0.0,0.0,0.0,0.0,0.0,0.0,3.0,,,,,,11970188
PSAVTMK,488963,2021-01-12 08:05:49.423000-05:00,2021-01-13 08:07:00-05:00,2021-02-03 11:56:30.091000-05:00,,1,,,,,,Treatment 1,,,1.0,,,,,0.0,1.0,0.0,0.0,0.0,0.0,0.0,0.0,1.0,,,,,,13019584
PSAVTMK,489480,2020-09-08 13:09:00-04:00,,2020-09-08 16:23:25.703000-04:00,,1,,,,,,Treatment 2,,,1.0,,,,,0.0,1.0,0.0,0.0,0.0,0.0,0.0,0.0,1.0,,,,,,4931138
PSAVTMK,490960,2021-01-12 08:05:49.426000-05:00,2021-01-13 08:07:00-05:00,2021-01-12 15:38:23.524000-05:00,,1,,,,,,Treatment 3,,,1.0,,,,,0.0,1.0,0.0,0.0,0.0,0.0,0.0,0.0,1.0,,,,,,11999323
PSAVTMK,492005,2021-01-12 08:05:49.428000-05:00,2021-01-13 08:07:00-05:00,2021-01-12 14:46:10.098000-05:00,2021-01-12 14:59:12.868000-05:00,1,,,,,,Treatment 3,679.186,215.088333333333,3.0,2.0,1.0,1.0,3.0,4.0,3.0,1.0,0.0,0.0,0.0,0.0,1.0,1.0,2.0,2.0,85.22,42.514,1.0,11993060
PSAVTMK,492071,2020-12-10 10:48:00-05:00,2020-12-11 10:40:00-05:00,2020-12-10 14:29:18.927000-05:00,2020-12-10 14:40:28.232000-05:00,1,,,,,,Treatment 2,370.26,74.0452,5.0,5.0,,,5.0,5.0,5.0,0.0,0.0,0.0,0.0,0.0,0.0,1.0,2.0,0.0,291.23,122.023,1.0,11074742
PSAVTMK,492156,2020-12-10 10:48:00-05:00,2020-12-11 10:40:00-05:00,2020-12-10 14:09:42.580000-05:00,2020-12-10 14:14:55.646000-05:00,1,,,,,,Treatment 2,125.717,25.1354,5.0,5.0,,,5.0,5.0,5.0,0.0,0.0,0.0,0.0,0.0,0.0,1.0,2.0,0.0,174.73,31.731,1.0,11071447
PSAVTMK,492169,2020-12-10 10:48:00-05:00,2020-12-11 10:40:00-05:00,2020-12-10 11:35:16.957000-05:00,,1,,,,,,Treatment 1,466.119,39.2416,10.0,6.0,3.0,3.0,10.0,15.0,10.0,4.0,0.0,0.0,0.0,0.0,4.0,1.0,,,,,,11045709
PSAVTMK,492172,2020-12-10 10:48:00-05:00,2020-12-11 10:40:00-05:00,2020-12-11 13:14:48.063000-05:00,2020-12-11 13:23:15.642000-05:00,1,,,,,,Treatment 1,249.291,22.133,9.0,7.0,2.0,,9.0,12.0,9.0,0.0,0.0,0.0,0.0,0.0,0.0,1.0,2.0,0.0,234.056,26.9645,1.0,11137156
PSAVTMK,492177,2020-12-10 10:48:00-05:00,2020-12-11 10:40:00-05:00,2020-12-10 11:55:59.480000-05:00,2020-12-10 12:12:44.150000-05:00,1,,,,,,Treatment 2,940.825,78.4725454545455,11.0,7.0,2.0,2.0,9.0,16.0,11.0,3.0,0.0,0.0,0.0,0.0,4.0,1.0,2.0,0.0,55.316,13.627,1.0,11049176
PSAVTMK,492181,2020-12-10 10:48:00-05:00,2020-12-11 10:40:00-05:00,2020-12-12 13:16:47.214000-05:00,,1,,,,,,Treatment 1,,,1.0,,,,,0.0,1.0,0.0,0.0,0.0,0.0,0.0,0.0,1.0,,,,,,11161611
PSAVTMK,492189,2020-12-10 10:48:00-05:00,2020-12-11 10:40:00-05:00,2020-12-21 22:15:13.739000-05:00,,1,,,,,,Treatment 1,27.282,9.999,1.0,0.0,,,1.0,3.0,1.0,1.0,0.0,0.0,0.0,0.0,1.0,1.0,,,,,,11486788
PSAVTMK,492190,2020-12-10 10:48:00-05:00,2020-12-11 10:40:00-05:00,2020-12-10 14:09:41.505000-05:00,,1,,,,,,Treatment 3,,,1.0,,,,,0.0,1.0,0.0,0.0,0.0,0.0,0.0,0.0,1.0,,,,,,11071444
PSAVTMK,492192,2020-12-10 10:48:00-05:00,2020-12-11 10:40:00-05:00,2020-12-10 14:19:44.880000-05:00,2020-12-10 14:23:17.021000-05:00,1,,,,,,Treatment 3,62.223,31.104,2.0,2.0,,,2.0,2.0,2.0,0.0,0.0,0.0,0.0,0.0,0.0,1.0,2.0,0.0,142.947,52.1485,1.0,11073080
PSAVTMK,492196,2020-12-10 10:48:00-05:00,2020-12-11 10:40:00-05:00,2020-12-10 21:06:09.593000-05:00,2020-12-11 12:45:59.993000-05:00,2,,,,,,Treatment 3,56247.55,14060.023,4.0,3.0,1.0,,4.0,5.0,4.0,0.0,0.0,0.0,0.0,0.0,0.0,2.0,2.0,0.0,134.098,38.978,1.0,11096982
PSAVTMK,492220,2020-12-10 10:48:00-05:00,2020-12-11 10:40:00-05:00,2020-12-10 14:13:49.948000-05:00,2020-12-10 14:17:16.122000-05:00,1,,,,,,Treatment 1,98.08,24.518,4.0,4.0,,,4.0,4.0,4.0,0.0,0.0,0.0,0.0,0.0,0.0,1.0,2.0,0.0,99.086,32.294,1.0,11072094
PSAVTMK,492231,2020-12-10 10:48:00-05:00,2020-12-11 10:40:00-05:00,2020-12-10 11:20:22.176000-05:00,2020-12-10 11:29:14.590000-05:00,1,,,,,,Treatment 3,426.164,25.4572857142857,7.0,3.0,2.0,1.0,7.0,13.0,7.0,1.0,0.0,0.0,0.0,0.0,1.0,1.0,2.0,2.0,88.975,44.4855,1.0,11043147
PSAVTMK,492260,2020-12-10 10:48:00-05:00,2020-12-11 10:40:00-05:00,2020-12-11 13:05:19.512000-05:00,2020-12-11 13:40:56.667000-05:00,1,,,,,,Treatment 2,1371.133,50.1652142857143,14.0,9.0,2.0,1.0,13.0,20.0,14.0,2.0,0.0,0.0,0.0,0.0,2.0,1.0,2.0,1.0,728.092,360.1525,1.0,11135822
PSAVTMK,492328,2021-01-12 08:05:49.426000-05:00,2021-01-13 08:07:00-05:00,2021-02-04 10:08:51.294000-05:00,,1,,,,,,Treatment 1,,,1.0,,,,,0.0,1.0,0.0,0.0,0.0,0.0,0.0,0.0,1.0,,,,,,13071808
PSAVTMK,492414,2021-04-23 14:07:13.689000-04:00,2021-04-23 16:05:00-04:00,2021-04-23 14:09:12.179000-04:00,2021-04-23 14:11:47.108000-04:00,1,,,,,,Control,120.44,19.1048333333333,6.0,5.0,1.0,,6.0,7.0,6.0,0.0,0.0,0.0,0.0,0.0,0.0,1.0,2.0,0.0,22.98,6.0675,1.0,15844717
PSAVTMK,492457,2021-04-23 14:07:13.689000-04:00,2021-04-23 16:05:00-04:00,2021-04-23 14:09:54.417000-04:00,2021-04-23 14:15:01.482000-04:00,1,,,,,,Control,137.254,45.7383333333333,3.0,3.0,,,3.0,3.0,3.0,0.0,0.0,0.0,0.0,0.0,0.0,1.0,2.0,1.0,165.667,78.5855,1.0,15844760
PSAVTMK,492498,2021-03-29 07:00:00-04:00,,2021-03-29 07:46:39.688000-04:00,,1,,,,,,Treatment 2,,,1.0,,,,,0.0,1.0,0.0,0.0,0.0,0.0,0.0,0.0,1.0,,,,,,15097533
PSAVTMK,492515,2021-04-23 14:07:13.689000-04:00,2021-04-23 16:05:00-04:00,2021-04-23 14:07:20.568000-04:00,,2,,,,,,Treatment 1,2229839.857,222966.0146,10.0,2.0,2.0,2.0,8.0,29.0,10.0,4.0,0.0,0.0,0.0,0.0,4.0,2.0,,,,,,15844634
PSAVTMK,492519,2021-04-23 14:07:13.689000-04:00,2021-04-23 16:05:00-04:00,2021-04-23 14:08:24.384000-04:00,,1,,,,,,Treatment 2,,,1.0,,,,,0.0,1.0,0.0,0.0,0.0,0.0,0.0,0.0,1.0,,,,,,15844685
PSAVTMK,492560,2020-12-10 10:48:00-05:00,2020-12-11 10:40:00-05:00,2020-12-10 14:09:22.059000-05:00,2020-12-10 14:12:37.704000-05:00,1,,,,,,Treatment 3,121.952,60.973,2.0,2.0,,,2.0,2.0,2.0,0.0,0.0,0.0,0.0,0.0,0.0,1.0,2.0,2.0,67.414,33.706,1.0,11071388
PSAVTMK,492589,2020-09-08 13:09:00-04:00,,2020-09-15 12:39:56.777000-04:00,2020-09-15 13:33:22.581000-04:00,1,,,,,,Treatment 1,2707.973,676.986,4.0,4.0,,,4.0,4.0,4.0,0.0,0.0,0.0,0.0,0.0,0.0,1.0,2.0,0.0,480.54,171.8545,1.0,5439777
PSAVTMK,493050,2021-01-12 08:05:49.426000-05:00,2021-01-13 08:07:00-05:00,2021-01-12 09:15:14.139000-05:00,2021-01-12 15:49:59.529000-05:00,2,,,,,,Treatment 3,23212.799,11606.3565,2.0,2.0,,,2.0,2.0,2.0,0.0,0.0,0.0,0.0,0.0,0.0,2.0,2.0,1.0,460.39,221.848,1.0,11940099
PSAVTMK,493198,2021-01-12 08:05:49.426000-05:00,2021-01-13 08:07:00-05:00,2021-01-12 15:03:13.957000-05:00,2021-01-15 15:57:51.025000-05:00,3,,,,,,Treatment 1,2981.732,495.034333333333,6.0,5.0,1.0,,6.0,7.0,6.0,0.0,0.0,0.0,0.0,0.0,0.0,2.0,2.0,0.0,259480.277,34.063,2.0,11995303
PSAVTMK,493708,2020-12-10 10:48:00-05:00,2020-12-11 10:40:00-05:00,2020-12-11 12:21:57.397000-05:00,2020-12-11 12:31:23.749000-05:00,1,,,,,,Treatment 3,308.747,41.3795,6.0,3.0,2.0,,6.0,11.0,6.0,0.0,0.0,0.0,0.0,0.0,0.0,1.0,2.0,2.0,238.08,119.0345,1.0,11130210
PSAVTMK,493820,2020-12-10 10:48:00-05:00,2020-12-11 10:40:00-05:00,2020-12-11 14:29:06-05:00,,3,,,,,,Treatment 2,4675539.617,105.993875,16.0,10.0,3.0,3.0,16.0,28.0,16.0,5.0,0.0,0.0,0.0,0.0,5.0,2.0,,,,,,11146498
PSAVTMK,493951,2020-12-10 10:48:00-05:00,2020-12-11 10:40:00-05:00,2020-12-11 14:25:25.638000-05:00,,1,,,,,,Treatment 1,870.5,870.485,2.0,1.0,,,1.0,1.0,2.0,0.0,0.0,0.0,0.0,0.0,0.0,1.0,,,,,,11146084
PSAVTMK,493984,2021-01-12 08:05:49.426000-05:00,2021-01-13 08:07:00-05:00,2021-01-13 16:51:12.270000-05:00,,1,,,,,,Control,775.576,61.679,8.0,0.0,0.0,0.0,6.0,21.0,8.0,7.0,0.0,0.0,0.0,0.0,7.0,1.0,,,,,,12075115
PSAVTMK,493987,2021-01-12 08:05:49.426000-05:00,2021-01-13 08:07:00-05:00,2021-01-12 15:35:17.363000-05:00,2021-01-12 15:49:09.181000-05:00,1,,,,,,Treatment 1,720.546,69.6037777777778,9.0,6.0,3.0,1.0,9.0,14.0,9.0,1.0,0.0,0.0,0.0,0.0,1.0,1.0,2.0,0.0,85.699,28.561,1.0,11999034
PSAVTMK,494008,2021-01-12 08:05:49.426000-05:00,2021-01-13 08:07:00-05:00,2021-01-12 15:36:48.744000-05:00,,1,,,,,,Treatment 1,,,1.0,,,,,0.0,1.0,0.0,0.0,0.0,0.0,0.0,0.0,1.0,,,,,,11999178
PSAVTMK,494020,2021-01-12 08:05:49.426000-05:00,2021-01-13 08:07:00-05:00,2021-01-12 15:48:55.250000-05:00,2021-01-12 16:01:24.513000-05:00,1,,,,,,Control,537.643,179.157666666667,3.0,3.0,,,3.0,3.0,3.0,0.0,0.0,0.0,0.0,0.0,0.0,1.0,2.0,2.0,194.602,97.2535,1.0,12000228
PSAVTMK,494022,2021-01-12 08:05:49.426000-05:00,2021-01-13 08:07:00-05:00,2021-01-12 11:56:21.288000-05:00,2021-01-12 15:32:26.889000-05:00,2,,,,,,Treatment 3,12784.716,4245.45033333333,3.0,2.0,1.0,1.0,2.0,3.0,3.0,1.0,0.0,0.0,0.0,0.0,1.0,2.0,2.0,0.0,174.448,23.8785,1.0,11964970
PSAVTMK,494025,2021-01-12 08:05:49.426000-05:00,2021-01-13 08:07:00-05:00,2021-01-12 15:38:13.114000-05:00,2021-01-12 16:00:46.418000-05:00,1,,,,,,Treatment 2,1128.397,147.931571428571,7.0,5.0,1.0,1.0,6.0,10.0,7.0,2.0,0.0,0.0,0.0,0.0,2.0,1.0,2.0,1.0,185.606,57.743,1.0,11999304
PSAVTMK,494026,2021-01-12 08:05:49.426000-05:00,2021-01-13 08:07:00-05:00,2021-01-12 15:36:31.324000-05:00,2021-01-21 15:14:41.996000-05:00,2,,,,,,Control,997.489,56.854375,8.0,3.0,1.0,1.0,8.0,20.0,8.0,4.0,0.0,0.0,0.0,0.0,4.0,1.0,2.0,1.0,775261.66,364536.788,2.0,11999152
PSAVTMK,494027,2021-01-12 08:05:49.426000-05:00,2021-01-13 08:07:00-05:00,2021-01-12 15:36:33.756000-05:00,,1,,,,,,Treatment 2,,,1.0,,,,,0.0,1.0,0.0,0.0,0.0,0.0,0.0,0.0,1.0,,,,,,11999156
PSAVTMK,494028,2021-01-12 08:05:49.426000-05:00,2021-01-13 08:07:00-05:00,2021-01-12 15:37:31.087000-05:00,,3,,,,,,Treatment 2,87819.155,8751.8899,10.0,2.0,1.0,0.0,6.0,18.0,10.0,6.0,0.0,0.0,0.0,0.0,6.0,2.0,,,,,,11999237
PSAVTMK,494051,2021-01-12 08:05:49.426000-05:00,2021-01-13 08:07:00-05:00,2021-01-12 15:55:37.373000-05:00,,2,,,,,,Treatment 2,3207610.997,23.021,3.0,0.0,0.0,0.0,1.0,5.0,3.0,2.0,0.0,0.0,0.0,0.0,2.0,2.0,,,,,,12000777
PSAVTMK,494057,2021-01-12 08:05:49.426000-05:00,2021-01-13 08:07:00-05:00,2021-01-12 15:32:28.698000-05:00,2021-01-12 15:49:48.139000-05:00,1,,,,,,Treatment 1,851.207,103.645625,8.0,7.0,1.0,,8.0,9.0,8.0,0.0,0.0,0.0,0.0,0.0,0.0,1.0,2.0,1.0,142.558,41.386,1.0,11998687
PSAVTMK,494060,2021-01-12 08:05:49.426000-05:00,2021-01-13 08:07:00-05:00,2021-01-12 15:33:51.133000-05:00,2021-01-12 15:36:45.036000-05:00,1,,,,,,Control,71.034,23.6753333333333,3.0,3.0,,,3.0,3.0,3.0,0.0,0.0,0.0,0.0,0.0,0.0,1.0,2.0,1.0,96.954,38.3315,1.0,11998874
PSAVTMK,494061,2021-01-12 08:05:49.426000-05:00,2021-01-13 08:07:00-05:00,2021-01-12 09:00:37.150000-05:00,,4,,,,,,Treatment 1,24153.323,2382.8386,10.0,2.0,2.0,2.0,10.0,22.0,10.0,6.0,0.0,0.0,0.0,0.0,6.0,3.0,,,,,,11938413
PSAVTMK,494062,2021-01-12 08:05:49.426000-05:00,2021-01-13 08:07:00-05:00,2021-01-14 00:38:47.352000-05:00,,1,,,,,,Control,417.514,254.011,2.0,0.0,,,1.0,2.0,2.0,1.0,0.0,0.0,0.0,0.0,1.0,1.0,,,,,,12084673
PSAVTMK,494064,2021-01-12 08:05:49.426000-05:00,2021-01-13 08:07:00-05:00,2021-03-17 22:19:00.437000-04:00,2021-03-17 22:31:36.256000-04:00,1,,,,,,Treatment 2,632.649,126.5276,5.0,5.0,,,5.0,5.0,5.0,0.0,0.0,0.0,0.0,0.0,0.0,1.0,2.0,2.0,81.83,40.913,1.0,14775839
PSAVTMK,494071,2021-01-12 08:05:49.426000-05:00,2021-01-13 08:07:00-05:00,2021-01-12 15:09:40.538000-05:00,,3,,,,,,Treatment 2,778672.638,142.698166666667,7.0,0.0,0.0,0.0,3.0,13.0,7.0,6.0,0.0,0.0,0.0,0.0,6.0,3.0,,,,,,11996058
PSAVTMK,494079,2021-01-12 08:05:49.426000-05:00,2021-01-13 08:07:00-05:00,2021-01-12 15:49:51.475000-05:00,2021-01-19 15:42:14.624000-05:00,2,,,,,,Treatment 3,604230.668,302115.325,2.0,2.0,,,2.0,2.0,2.0,0.0,0.0,0.0,0.0,0.0,0.0,2.0,2.0,1.0,99.155,45.043,1.0,12000304
PSAVTMK,494147,2021-01-12 08:05:49.426000-05:00,2021-01-13 08:07:00-05:00,2021-01-15 15:07:10.555000-05:00,,1,,,,,,Control,,,1.0,,,,,0.0,1.0,0.0,0.0,0.0,0.0,0.0,0.0,1.0,,,,,,12203565
PSAVTMK,494152,2021-01-12 08:05:49.426000-05:00,2021-01-13 08:07:00-05:00,2021-01-13 12:07:55.807000-05:00,2021-01-21 15:22:39.190000-05:00,2,,,,,,Treatment 2,702819.875,63854.8193636363,11.0,6.0,2.0,1.0,11.0,18.0,11.0,2.0,0.0,0.0,0.0,0.0,2.0,2.0,2.0,2.0,41.326,20.6565,1.0,12045469
PSAVTMK,494158,2021-01-12 08:05:49.426000-05:00,2021-01-13 08:07:00-05:00,2021-01-12 15:45:59.515000-05:00,,1,,,,,,Treatment 3,1378.23,72.7391,10.0,1.0,1.0,1.0,7.0,24.0,10.0,8.0,0.0,0.0,0.0,0.0,8.0,1.0,,,,,,11999996
PSAVTMK,494169,2020-12-10 10:48:00-05:00,2020-12-11 10:40:00-05:00,2020-12-10 15:32:29.292000-05:00,2020-12-10 15:39:47.295000-05:00,1,,,,,,Treatment 2,181.787,36.3538,5.0,5.0,,,5.0,5.0,5.0,0.0,0.0,0.0,0.0,0.0,0.0,1.0,2.0,1.0,251.36,89.1625,1.0,11082628
PSAVTMK,494171,2020-12-10 10:48:00-05:00,2020-12-11 10:40:00-05:00,2020-12-10 15:42:50.029000-05:00,2020-12-10 15:53:25.930000-05:00,1,,,,,,Treatment 3,282.572,141.2815,2.0,2.0,,,2.0,2.0,2.0,0.0,0.0,0.0,0.0,0.0,0.0,1.0,2.0,1.0,347.433,113.177,1.0,11083641
PSAVTMK,494172,2020-12-10 10:48:00-05:00,2020-12-11 10:40:00-05:00,2020-12-10 15:29:09.398000-05:00,2020-12-10 16:12:40.031000-05:00,1,,,,,,Treatment 2,2291.007,458.1942,5.0,5.0,,,5.0,5.0,5.0,0.0,0.0,0.0,0.0,0.0,0.0,1.0,2.0,0.0,145.618,24.0385,1.0,11082354
PSAVTMK,494179,2020-12-10 10:48:00-05:00,2020-12-11 10:40:00-05:00,2020-12-10 15:08:14.966000-05:00,2020-12-12 01:57:04.125000-05:00,2,,,,,,Treatment 2,44278.83,3683.27783333333,12.0,8.0,2.0,1.0,11.0,17.0,12.0,3.0,0.0,0.0,0.0,0.0,3.0,1.0,2.0,0.0,81007.758,73.8265,2.0,11079995
PSAVTMK,494182,2020-12-10 10:48:00-05:00,2020-12-11 10:40:00-05:00,2020-12-10 15:25:48.731000-05:00,2020-12-10 15:28:57.418000-05:00,1,,,,,,Control,115.089,27.97825,4.0,3.0,1.0,,4.0,5.0,4.0,0.0,0.0,0.0,0.0,0.0,0.0,1.0,2.0,0.0,66.351,20.3325,1.0,11081995
PSAVTMK,494187,2020-12-10 10:48:00-05:00,2020-12-11 10:40:00-05:00,2020-12-10 18:55:29.837000-05:00,2020-12-11 07:55:14.573000-05:00,2,,,,,,Treatment 2,346.912,36.3035714285714,7.0,5.0,1.0,1.0,7.0,11.0,7.0,2.0,0.0,0.0,0.0,0.0,2.0,1.0,2.0,0.0,46425.687,23202.3975,2.0,11093477
PSAVTMK,494192,2020-12-10 10:48:00-05:00,2020-12-11 10:40:00-05:00,2020-12-10 15:02:41.902000-05:00,2020-12-10 15:30:57.205000-05:00,2,,,,,,Control,1498.946,372.8535,4.0,3.0,1.0,,4.0,5.0,4.0,0.0,0.0,0.0,0.0,0.0,0.0,2.0,2.0,1.0,189.028,22.6905,1.0,11079323
PSAVTMK,494193,2020-12-10 10:48:00-05:00,2020-12-11 10:40:00-05:00,2020-12-10 15:29:34.047000-05:00,2020-12-10 15:31:49.796000-05:00,1,,,,,,Treatment 2,67.244,13.4292,5.0,5.0,,,5.0,5.0,5.0,0.0,0.0,0.0,0.0,0.0,0.0,1.0,2.0,1.0,58.731,13.1235,1.0,11082390
PSAVTMK,494195,2020-12-10 10:48:00-05:00,2020-12-11 10:40:00-05:00,2020-12-10 15:21:13.182000-05:00,2020-12-10 15:27:21.752000-05:00,1,,,,,,Control,225.787,41.1265,4.0,3.0,1.0,,4.0,6.0,4.0,0.0,0.0,0.0,0.0,0.0,0.0,1.0,2.0,0.0,136.335,35.8745,1.0,11081459
PSAVTMK,494235,2020-12-10 10:48:00-05:00,2020-12-11 10:40:00-05:00,2020-12-10 16:39:36.009000-05:00,2020-12-10 16:43:18.100000-05:00,1,,,,,,Treatment 2,99.55,19.9048,5.0,5.0,,,5.0,5.0,5.0,0.0,0.0,0.0,0.0,0.0,0.0,1.0,2.0,0.0,91.369,22.8385,1.0,11087984
PSAVTMK,494378,2020-12-10 10:48:00-05:00,2020-12-11 10:40:00-05:00,2020-12-10 20:40:49.993000-05:00,2020-12-10 21:19:30.540000-05:00,1,,,,,,Treatment 2,1949.496,319.330333333333,6.0,5.0,1.0,,6.0,7.0,6.0,0.0,0.0,0.0,0.0,0.0,0.0,1.0,2.0,1.0,365.766,126.4825,1.0,11096383
PSAVTMK,494507,2021-01-12 08:05:49.423000-05:00,2021-01-13 08:07:00-05:00,2021-01-12 12:12:00.941000-05:00,2021-01-12 12:40:59.857000-05:00,1,,,,,,Treatment 2,1386.39,104.397666666667,12.0,9.0,2.0,2.0,12.0,16.0,12.0,3.0,0.0,0.0,0.0,0.0,1.0,1.0,2.0,1.0,333.436,147.743,1.0,11967585
PSAVTMK,494959,2020-12-10 10:48:00-05:00,2020-12-11 10:40:00-05:00,2020-12-10 22:56:19.270000-05:00,2020-12-10 23:03:19.040000-05:00,2,,,,,,Treatment 1,154.469,38.6095,4.0,4.0,,,4.0,4.0,4.0,0.0,0.0,0.0,0.0,0.0,0.0,2.0,2.0,0.0,256.865,51.7155,1.0,11098896
PSAVTMK,495563,2020-12-10 10:48:00-05:00,2020-12-11 10:40:00-05:00,2020-12-10 11:23:16.254000-05:00,2020-12-10 11:25:32.435000-05:00,1,,,,,,Control,59.164,19.7136666666667,3.0,3.0,,,3.0,3.0,3.0,0.0,0.0,0.0,0.0,0.0,0.0,1.0,2.0,1.0,68.37,22.2095,1.0,11043662
PSAVTMK,496672,2021-01-12 08:05:49.423000-05:00,2021-01-13 08:07:00-05:00,2021-01-12 12:22:00.456000-05:00,,1,,,,,,Treatment 2,472.411,23.6597,10.0,5.0,1.0,1.0,10.0,21.0,10.0,4.0,0.0,0.0,0.0,0.0,4.0,1.0,,,,,,11969209
PSAVTMK,498106,2021-01-12 08:05:49.423000-05:00,2021-01-13 08:07:00-05:00,2021-01-13 08:29:26.977000-05:00,,2,,,,,,Treatment 2,4249638.015,607030.791,8.0,1.0,1.0,1.0,6.0,20.0,8.0,6.0,0.0,0.0,0.0,0.0,6.0,2.0,,,,,,12017740
PSAVTMK,498647,2020-12-10 10:48:00-05:00,2020-12-11 10:40:00-05:00,2020-12-10 14:59:26.017000-05:00,2020-12-10 15:41:30.682000-05:00,2,,,,,,Control,2437.917,812.632666666667,3.0,3.0,,,3.0,3.0,3.0,0.0,0.0,0.0,0.0,0.0,0.0,2.0,2.0,2.0,80.871,40.4335,1.0,11078847
PSAVTMK,498974,2021-03-29 07:00:00-04:00,,2021-03-29 07:35:44.064000-04:00,,1,,,,,,Treatment 1,439.631,87.16,4.0,0.0,0.0,0.0,2.0,8.0,4.0,3.0,0.0,0.0,0.0,0.0,3.0,1.0,,,,,,15097467
PSAVTMK,499058,2021-03-29 07:00:00-04:00,,2021-03-29 09:33:20.174000-04:00,2021-04-12 14:25:43.519000-04:00,3,,,,,,Treatment 2,1226352.594,173460.820285714,7.0,5.0,1.0,0.0,6.0,11.0,7.0,1.0,0.0,0.0,0.0,0.0,0.0,2.0,2.0,0.0,781.048,271.485,1.0,15101045
PSAVTMK,499082,2021-03-29 07:00:00-04:00,,2021-03-29 07:39:08.007000-04:00,,3,,,,,,Control,,,1.0,,,,,0.0,1.0,0.0,0.0,0.0,0.0,0.0,0.0,1.0,,,,,,15097479
PSAVTMK,499189,2021-03-29 07:00:00-04:00,,2021-03-29 07:33:49.775000-04:00,2021-03-29 07:41:52.388000-04:00,1,,,,,,Control,307.209,102.393,3.0,3.0,,,3.0,3.0,3.0,0.0,0.0,0.0,0.0,0.0,0.0,1.0,2.0,1.0,144.062,65.4225,1.0,15097459
PSAVTMK,499541,2021-03-29 07:00:00-04:00,,2021-03-29 07:35:33.118000-04:00,2021-03-29 07:51:36.187000-04:00,1,,,,,,Treatment 1,559.927,139.9665,4.0,4.0,,,4.0,4.0,4.0,0.0,0.0,0.0,0.0,0.0,0.0,1.0,2.0,1.0,353.502,138.2495,1.0,15097465
PSAVTMK,503970,2020-09-08 13:09:00-04:00,,2020-10-06 10:27:53.625000-04:00,,1,,,,,,Treatment 1,,,1.0,,,,,0.0,1.0,0.0,0.0,0.0,0.0,0.0,0.0,1.0,,,,,,7196064
PSAVTMK,506255,2020-09-08 09:46:23.559000-04:00,,2020-09-16 14:28:32.186000-04:00,2020-09-16 15:41:47.963000-04:00,2,,,,,,Treatment 3,3998.783,1999.3835,2.0,2.0,,,2.0,2.0,2.0,0.0,0.0,0.0,0.0,0.0,0.0,2.0,2.0,2.0,302.654,151.3205,1.0,5593404
PSAVTMK,507594,2021-01-12 08:05:49.423000-05:00,2021-01-13 08:07:00-05:00,2021-01-12 16:41:20.232000-05:00,,3,,,,,,Treatment 3,4757208.017,1585717.83766667,3.0,0.0,0.0,0.0,2.0,5.0,3.0,3.0,0.0,0.0,0.0,0.0,3.0,2.0,,,,,,12004132
PSAVTMK,508141,2021-03-29 07:00:00-04:00,,2021-03-29 07:41:14.193000-04:00,2021-03-29 07:57:22.337000-04:00,1,,,,,,Treatment 3,747.356,184.06325,4.0,3.0,1.0,,4.0,5.0,4.0,0.0,0.0,0.0,0.0,0.0,0.0,1.0,2.0,0.0,209.638,87.7725,1.0,15097493
PSAVTMK,511234,2021-01-12 08:05:49.428000-05:00,2021-01-13 08:07:00-05:00,2021-01-12 14:43:43.428000-05:00,,1,,,,,,Treatment 2,160.109,8.392,2.0,0.0,0.0,0.0,0.0,4.0,2.0,2.0,0.0,0.0,0.0,0.0,1.0,1.0,,,,,,11992759
PSAVTMK,511241,2021-04-07 13:17:24.305000-04:00,2021-04-09 13:17:00-04:00,2021-04-08 12:10:48.424000-04:00,,3,,,,,,Treatment 2,86309.532,7180.98275,12.0,5.0,3.0,2.0,12.0,21.0,12.0,4.0,0.0,0.0,0.0,0.0,4.0,3.0,,,,,,15361178
PSAVTMK,511577,2020-09-08 13:09:00-04:00,,2020-09-15 20:30:16.234000-04:00,2020-09-17 15:42:35.817000-04:00,4,,,,,,Treatment 3,155477.811,12029.86275,4.0,3.0,1.0,,4.0,5.0,4.0,0.0,0.0,0.0,0.0,0.0,0.0,3.0,2.0,2.0,52.848,26.4185,1.0,5505125
PSAVTMK,511588,2020-12-10 10:48:00-05:00,2020-12-11 10:40:00-05:00,2020-12-10 14:13:44.343000-05:00,,1,,,,,,Control,6257.561,559.4294,10.0,3.0,2.0,0.0,10.0,29.0,10.0,2.0,0.0,0.0,0.0,0.0,2.0,1.0,,,,,,11072079
PSAVTMK,512236,2021-03-29 07:00:00-04:00,,2021-03-29 07:34:35.826000-04:00,2021-03-29 07:45:35.643000-04:00,1,,,,,,Treatment 3,579.064,50.6983333333333,6.0,3.0,2.0,2.0,6.0,14.0,6.0,3.0,0.0,0.0,0.0,0.0,3.0,1.0,2.0,2.0,64.185,32.0855,1.0,15097461
PSAVTMK,512365,2021-03-29 07:00:00-04:00,,2021-03-29 07:34:56.554000-04:00,2021-03-29 07:44:15.405000-04:00,1,,,,,,Treatment 2,157.534,31.4972,5.0,5.0,,,5.0,5.0,5.0,0.0,0.0,0.0,0.0,0.0,0.0,1.0,2.0,1.0,390.704,150.5985,1.0,15097462
PSAVTMK,512403,2021-03-29 07:00:00-04:00,,2021-04-12 10:54:16.294000-04:00,,1,,,,,,Treatment 2,191.122,60.4875,3.0,0.0,0.0,0.0,1.0,4.0,3.0,2.0,0.0,0.0,0.0,0.0,2.0,1.0,,,,,,15432391
PSAVTMK,512529,2021-01-12 08:05:49.423000-05:00,2021-01-13 08:07:00-05:00,2021-01-21 13:13:08.358000-05:00,,7,,,,,,Treatment 2,1496189.541,356.631294117647,17.0,8.0,2.0,0.0,16.0,41.0,17.0,6.0,0.0,0.0,0.0,0.0,6.0,4.0,1.0,,,,1.0,12406770
PSAVTMK,513717,2021-01-12 08:05:49.423000-05:00,2021-01-13 08:07:00-05:00,2021-01-12 12:32:06.008000-05:00,2021-01-12 12:50:17.825000-05:00,1,,,,,,Treatment 3,722.749,116.1174,5.0,3.0,2.0,1.0,5.0,8.0,5.0,1.0,0.0,0.0,0.0,0.0,1.0,1.0,2.0,1.0,351.42,121.3385,1.0,11970813
PSAVTMK,515550,2021-01-12 08:05:49.428000-05:00,2021-01-13 08:07:00-05:00,2021-01-12 14:44:36.382000-05:00,2021-01-12 14:50:19.875000-05:00,1,,,,,,Treatment 3,213.307,65.642,3.0,2.0,1.0,,3.0,4.0,3.0,0.0,0.0,0.0,0.0,0.0,0.0,1.0,2.0,2.0,109.269,54.6185,1.0,11992871
PSAVTMK,515569,2021-01-12 08:05:49.428000-05:00,2021-01-13 08:07:00-05:00,2021-01-12 14:49:56.863000-05:00,2021-01-13 09:31:03.238000-05:00,2,,,,,,Treatment 3,67051.547,76.918625,8.0,2.0,1.0,0.0,8.0,24.0,8.0,3.0,0.0,0.0,0.0,0.0,3.0,2.0,2.0,0.0,152.306,41.2255,1.0,11993577
PSAVTMK,515623,2021-01-12 08:05:49.428000-05:00,2021-01-13 08:07:00-05:00,2021-03-13 17:08:32.070000-05:00,2021-03-13 17:25:11.323000-05:00,1,,,,,,Treatment 1,734.79,69.779,9.0,6.0,2.0,0.0,8.0,12.0,9.0,1.0,0.0,0.0,0.0,0.0,1.0,1.0,2.0,1.0,235.296,101.418,1.0,14618523
PSAVTMK,516523,2021-01-12 08:05:49.423000-05:00,2021-01-13 08:07:00-05:00,2021-03-15 12:42:44.715000-04:00,,10,,,,,,Control,3183785.635,1060725.47333333,4.0,0.0,0.0,0.0,1.0,5.0,4.0,3.0,0.0,0.0,0.0,0.0,3.0,4.0,,,,,,14647191
PSAVTMK,516631,2020-09-08 13:09:00-04:00,,2020-10-03 15:34:18.499000-04:00,2020-10-03 17:24:53.177000-04:00,2,,,,,,Treatment 2,6522.577,1304.5074,5.0,5.0,,,5.0,5.0,5.0,0.0,0.0,0.0,0.0,0.0,0.0,2.0,2.0,1.0,95.747,27.8475,1.0,7048680
PSAVTMK,518188,2020-09-08 09:46:23.559000-04:00,,2020-10-16 16:52:54.402000-04:00,,2,,,,,,Treatment 3,962.322,167.6242,6.0,0.0,0.0,0.0,3.0,8.0,6.0,5.0,0.0,0.0,0.0,0.0,5.0,2.0,,,,,,7996508
PSAVTMK,518373,2021-04-07 13:17:24.305000-04:00,2021-04-09 13:17:00-04:00,2021-04-12 13:20:44.203000-04:00,2021-04-12 14:07:18.662000-04:00,2,,,,,,Treatment 1,2636.015,517.7242,5.0,4.0,1.0,1.0,5.0,6.0,5.0,1.0,0.0,0.0,0.0,0.0,1.0,2.0,2.0,0.0,144.94,37.371,1.0,15446990
PSAVTMK,519343,2020-09-08 13:09:00-04:00,,2020-09-11 08:55:23.301000-04:00,2020-09-11 09:26:30.007000-04:00,2,,,,,,Treatment 1,1509.519,237.2365,6.0,5.0,1.0,1.0,6.0,10.0,6.0,1.0,0.0,0.0,0.0,0.0,1.0,2.0,2.0,0.0,323.379,106.899,1.0,5164809
PSAVTMK,519826,2021-07-13 08:00:00-04:00,,2021-07-13 12:22:00.533000-04:00,2021-07-13 12:45:09.951000-04:00,1,,,,,,Control,1095.397,160.8115,6.0,4.0,1.0,,5.0,7.0,6.0,0.0,0.0,0.0,0.0,0.0,0.0,1.0,2.0,1.0,277.068,114.0715,1.0,16779752
PSAVTMK,521754,2020-09-08 09:46:23.559000-04:00,,2020-09-09 15:42:15.246000-04:00,2020-09-09 16:29:53.401000-04:00,1,,,,,,Control,2562.93,263.364555555556,9.0,5.0,2.0,,9.0,15.0,9.0,0.0,0.0,0.0,0.0,0.0,0.0,1.0,2.0,2.0,217.846,108.917,1.0,5026527
PSAVTMK,523035,2021-04-07 13:17:24.308000-04:00,2021-04-09 13:17:00-04:00,2021-04-12 14:07:55.448000-04:00,,1,,,,,,Treatment 1,402.13,92.40825,4.0,2.0,1.0,,4.0,6.0,4.0,0.0,0.0,0.0,0.0,0.0,0.0,1.0,,,,,,15451812
PSAVTMK,524033,2021-04-07 13:17:24.308000-04:00,2021-04-09 13:17:00-04:00,2021-04-09 13:18:52.311000-04:00,,1,,,,,,Treatment 1,200.871,200.853,2.0,1.0,,,1.0,1.0,2.0,0.0,0.0,0.0,0.0,0.0,0.0,1.0,,,,,,15404219
PSAVTMK,525708,2021-01-12 08:05:49.423000-05:00,2021-01-13 08:07:00-05:00,2021-01-21 13:07:18.946000-05:00,2021-01-21 13:21:52.556000-05:00,1,,,,,,Treatment 1,759.703,72.6165,10.0,7.0,1.0,,10.0,13.0,10.0,0.0,0.0,0.0,0.0,0.0,0.0,1.0,2.0,2.0,70.061,34.9895,1.0,12405870
PSAVTMK,525861,2021-01-12 08:05:49.426000-05:00,2021-01-13 08:07:00-05:00,2021-01-12 15:36:59.953000-05:00,2021-01-12 15:55:03.895000-05:00,1,,,,,,Treatment 2,973.864,64.464,13.0,8.0,3.0,3.0,13.0,23.0,13.0,5.0,0.0,0.0,0.0,0.0,5.0,1.0,2.0,2.0,90.37,45.183,1.0,11999194
PSAVTMK,526396,2021-04-07 13:17:24.308000-04:00,2021-04-09 13:17:00-04:00,2021-04-09 10:54:45.226000-04:00,,1,,,,,,Control,82.722,27.5693333333333,3.0,3.0,,,3.0,3.0,3.0,0.0,0.0,0.0,0.0,0.0,0.0,1.0,1.0,,,,1.0,15394272
PSAVTMK,527196,2021-01-12 08:05:49.426000-05:00,2021-01-13 08:07:00-05:00,2021-01-21 15:19:17.090000-05:00,2021-01-21 15:28:29.088000-05:00,1,,,,,,Treatment 1,203.447,50.846,4.0,4.0,,,4.0,4.0,4.0,0.0,0.0,0.0,0.0,0.0,0.0,1.0,2.0,0.0,323.83,114.7815,1.0,12424756
PSAVTMK,527847,2021-01-12 08:05:49.423000-05:00,2021-01-13 08:07:00-05:00,2021-01-16 13:25:25.436000-05:00,2021-01-19 13:50:15.615000-05:00,2,,,,,,Treatment 3,260361.021,43254.8481666667,6.0,2.0,1.0,0.0,4.0,9.0,6.0,2.0,0.0,0.0,0.0,0.0,2.0,2.0,2.0,2.0,307.577,153.7735,1.0,12213842
PSAVTMK,530774,2021-01-12 08:05:49.426000-05:00,2021-01-13 08:07:00-05:00,2021-01-19 15:35:20.781000-05:00,2021-01-28 11:21:58.920000-05:00,4,,,,,,Treatment 1,732919.758,56363.8575384615,13.0,9.0,3.0,3.0,12.0,18.0,13.0,4.0,0.0,0.0,0.0,0.0,4.0,3.0,2.0,0.0,201.32,86.8455,1.0,12287678
PSAVTMK,532195,2021-01-12 08:05:49.426000-05:00,2021-01-13 08:07:00-05:00,2021-01-20 18:29:29.992000-05:00,,23,,,,,,Treatment 2,191649.167,10017.0431052632,20.0,4.0,4.0,3.0,9.0,29.0,20.0,14.0,0.0,0.0,0.0,0.0,14.0,10.0,,,,,,12359414
PSAVTMK,534767,2020-09-08 09:46:23.559000-04:00,,2020-09-18 17:19:41.858000-04:00,2020-09-18 17:20:55.939000-04:00,1,,,,,,Control,48.365,16.1136666666667,3.0,3.0,,,3.0,3.0,3.0,0.0,0.0,0.0,0.0,0.0,0.0,1.0,2.0,2.0,21.303,10.6455,1.0,5847763
PSAVTMK,536039,2020-11-16 09:00:00-05:00,2020-11-20 17:00:00-05:00,2020-11-16 14:22:20.661000-05:00,2020-11-16 14:28:25.582000-05:00,1,,,,,,Treatment 1,149.937,37.48,4.0,4.0,,,4.0,4.0,4.0,0.0,0.0,0.0,0.0,0.0,0.0,1.0,2.0,0.0,205.003,68.456,1.0,9826473
PSAVTMK,536153,2020-11-16 09:00:00-05:00,2020-11-20 17:00:00-05:00,2020-11-18 10:49:00.925000-05:00,2020-11-18 11:05:49.674000-05:00,1,,,,,,Control,773.133,73.068,10.0,7.0,3.0,1.0,9.0,12.0,10.0,1.0,0.0,0.0,0.0,0.0,1.0,1.0,2.0,1.0,221.262,32.062,1.0,9979075
PSAVTMK,536181,2020-11-16 09:00:00-05:00,2020-11-20 17:00:00-05:00,2020-11-30 09:43:12.744000-05:00,,2,,,,,,Control,1340693.392,335077.39525,5.0,0.0,0.0,0.0,4.0,14.0,5.0,4.0,0.0,0.0,0.0,0.0,4.0,2.0,,,,,,10322769
PSAVTMK,536204,2020-11-16 09:00:00-05:00,2020-11-20 17:00:00-05:00,2020-12-04 09:45:21.255000-05:00,,3,,,,,,Treatment 1,8485.2,2814.15466666667,3.0,0.0,0.0,0.0,1.0,5.0,3.0,3.0,0.0,0.0,0.0,0.0,3.0,3.0,,,,,,10694548
PSAVTMK,537117,2020-11-16 09:00:00-05:00,2020-11-20 17:00:00-05:00,2020-11-29 18:59:55.391000-05:00,2020-11-30 09:44:35.919000-05:00,3,,,,,,Treatment 2,5548.049,210.1341,20.0,13.0,5.0,2.0,20.0,30.0,20.0,4.0,0.0,0.0,0.0,0.0,4.0,2.0,2.0,0.0,362.465,138.894,1.0,10310710
PSAVTMK,538006,2020-11-16 09:00:00-05:00,2020-11-20 17:00:00-05:00,2020-11-20 16:42:49.667000-05:00,2020-11-20 16:59:07.304000-05:00,1,,,,,,Treatment 1,856.944,47.6921538461539,13.0,7.0,4.0,3.0,13.0,27.0,13.0,4.0,0.0,0.0,0.0,0.0,4.0,1.0,2.0,0.0,88.173,23.927,1.0,10184757
PSAVTMK,538247,2020-11-16 09:00:00-05:00,2020-11-20 17:00:00-05:00,2020-12-16 16:39:52.663000-05:00,2020-12-16 16:54:55.999000-05:00,1,,,,,,Control,496.961,165.645666666667,3.0,3.0,,,3.0,3.0,3.0,0.0,0.0,0.0,0.0,0.0,0.0,1.0,2.0,1.0,336.038,81.175,1.0,11374388
PSAVTMK,539127,2021-04-07 13:17:24.305000-04:00,2021-04-09 13:17:00-04:00,2021-04-29 14:05:17.623000-04:00,,1,,,,,,Treatment 2,,,1.0,,,,,0.0,1.0,0.0,0.0,0.0,0.0,0.0,0.0,1.0,,,,,,16016982
PSAVTMK,539625,2020-11-16 09:00:00-05:00,2020-11-20 17:00:00-05:00,2020-11-19 09:18:30.298000-05:00,2020-11-19 09:31:13.359000-05:00,1,,,,,,Treatment 3,705.32,179.272333333333,3.0,2.0,1.0,1.0,3.0,4.0,3.0,1.0,0.0,0.0,0.0,0.0,1.0,1.0,2.0,2.0,49.104,24.5475,1.0,10047446
PSAVTMK,539838,2020-11-16 09:00:00-05:00,2020-11-20 17:00:00-05:00,2020-11-20 09:55:52.831000-05:00,,2,,,,,,Treatment 1,890298.541,98878.0872222222,10.0,1.0,1.0,1.0,3.0,16.0,10.0,7.0,0.0,0.0,0.0,0.0,8.0,2.0,,,,,,10140007
PSAVTMK,539877,2020-11-16 09:00:00-05:00,2020-11-20 17:00:00-05:00,2020-11-17 18:33:58.158000-05:00,2020-11-17 18:39:35.573000-05:00,1,,,,,,Control,259.763,33.4888571428571,7.0,5.0,2.0,,7.0,9.0,7.0,0.0,0.0,0.0,0.0,0.0,0.0,1.0,2.0,2.0,59.095,29.5415,1.0,9948524
PSAVTMK,540185,2020-09-08 13:09:00-04:00,,2020-09-09 09:29:17.166000-04:00,2020-09-09 15:37:58.903000-04:00,2,,,,,,Control,20991.373,5219.32325,4.0,3.0,1.0,,3.0,5.0,4.0,0.0,0.0,0.0,0.0,0.0,0.0,2.0,2.0,1.0,1108.221,431.5255,1.0,4958611
PSAVTMK,540363,2020-11-16 09:00:00-05:00,2020-11-20 17:00:00-05:00,2020-11-20 16:05:27.689000-05:00,,2,,,,,,Treatment 3,417.455,40.4815,8.0,2.0,2.0,,8.0,13.0,8.0,0.0,0.0,0.0,0.0,0.0,0.0,2.0,,,,,,10183354
PSAVTMK,540426,2020-11-16 09:00:00-05:00,2020-11-20 17:00:00-05:00,2020-11-18 22:27:01.791000-05:00,2020-11-18 22:33:25.837000-05:00,1,,,,,,Treatment 3,297.02,34.8258333333333,6.0,4.0,2.0,2.0,6.0,10.0,6.0,2.0,0.0,0.0,0.0,0.0,2.0,1.0,2.0,0.0,72.906,24.585,1.0,10038024
PSAVTMK,540641,2020-11-16 09:00:00-05:00,2020-11-20 17:00:00-05:00,2020-11-20 10:58:13.674000-05:00,,1,,,,,,Treatment 3,,,1.0,,,,,0.0,1.0,0.0,0.0,0.0,0.0,0.0,0.0,1.0,,,,,,10148276
PSAVTMK,541561,2020-11-16 09:00:00-05:00,2020-11-20 17:00:00-05:00,2020-11-20 16:22:34.748000-05:00,,1,,,,,,Treatment 1,,,1.0,,,,,0.0,1.0,0.0,0.0,0.0,0.0,0.0,0.0,1.0,,,,,,10184042
PSAVTMK,541785,2020-11-16 09:00:00-05:00,2020-11-20 17:00:00-05:00,2020-11-20 11:41:43.990000-05:00,2020-11-20 11:55:35.999000-05:00,1,,,,,,Control,584.363,132.2735,4.0,3.0,1.0,1.0,4.0,6.0,4.0,1.0,0.0,0.0,0.0,0.0,1.0,1.0,2.0,2.0,240.435,120.2145,1.0,10154155
PSAVTMK,541794,2020-11-16 09:00:00-05:00,2020-11-20 17:00:00-05:00,2020-11-16 21:33:03.505000-05:00,2020-11-16 21:37:39.946000-05:00,1,,,,,,Control,140.036,46.67,3.0,3.0,,,3.0,3.0,3.0,0.0,0.0,0.0,0.0,0.0,0.0,1.0,2.0,1.0,124.687,45.633,1.0,9854913
PSAVTMK,541919,2020-11-16 09:00:00-05:00,2020-11-20 17:00:00-05:00,2020-11-30 19:50:22.649000-05:00,,1,,,,,,Treatment 2,559.375,528.546,2.0,0.0,,,0.0,1.0,2.0,1.0,0.0,0.0,0.0,0.0,1.0,1.0,,,,,,10398479
PSAVTMK,542101,2021-04-07 13:17:24.305000-04:00,2021-04-09 13:17:00-04:00,2021-04-09 11:27:24.713000-04:00,2021-04-09 11:32:34.212000-04:00,1,,,,,,Treatment 3,142.195,71.092,2.0,2.0,,,2.0,2.0,2.0,0.0,0.0,0.0,0.0,0.0,0.0,1.0,2.0,0.0,154.971,53.9035,1.0,15396508
PSAVTMK,542294,2021-04-07 13:17:24.305000-04:00,2021-04-09 13:17:00-04:00,2021-04-08 12:10:18.015000-04:00,,1,,,,,,Treatment 2,130.02,43.336,4.0,3.0,,,3.0,3.0,4.0,0.0,0.0,0.0,0.0,0.0,0.0,1.0,,,,,,15361140
PSAVTMK,542841,2020-11-16 09:00:00-05:00,2020-11-20 17:00:00-05:00,2020-11-20 15:04:18.803000-05:00,2020-11-20 15:11:49.724000-05:00,1,,,,,,Treatment 2,217.63,43.5228,5.0,5.0,,,5.0,5.0,5.0,0.0,0.0,0.0,0.0,0.0,0.0,1.0,2.0,2.0,202.209,101.1015,1.0,10179845
PSAVTMK,544101,2020-11-16 09:00:00-05:00,2020-11-20 17:00:00-05:00,2020-11-20 11:58:39.507000-05:00,2020-12-16 12:22:04.776000-05:00,2,,,,,,Treatment 1,2247654.861,321080.230428571,7.0,4.0,1.0,1.0,7.0,13.0,7.0,3.0,0.0,0.0,0.0,0.0,3.0,2.0,2.0,1.0,137.716,65.073,1.0,10156656
PSAVTMK,544901,2020-12-10 10:48:00-05:00,2020-12-11 10:40:00-05:00,2020-12-11 13:15:05.214000-05:00,,3,,,,,,Treatment 3,3889.628,938.65325,4.0,2.0,1.0,1.0,4.0,8.0,4.0,2.0,0.0,0.0,0.0,0.0,2.0,3.0,1.0,0.0,293.911,293.911,1.0,11137187
PSAVTMK,545998,2020-11-16 09:00:00-05:00,2020-11-20 17:00:00-05:00,2020-11-18 10:03:44.473000-05:00,,2,,,,,,Treatment 2,,,1.0,,,,,0.0,1.0,0.0,0.0,0.0,0.0,0.0,0.0,1.0,,,,,,9971398
PSAVTMK,549393,2021-01-12 08:05:49.423000-05:00,2021-01-13 08:07:00-05:00,2021-01-21 13:13:05.097000-05:00,2021-01-29 18:12:54.063000-05:00,2,,,,,,Control,709044.161,236348.036666667,3.0,3.0,,,3.0,3.0,3.0,0.0,0.0,0.0,0.0,0.0,0.0,2.0,2.0,1.0,122.09,39.1735,1.0,12406766
PSAVTMK,550058,2021-04-07 13:17:24.308000-04:00,2021-04-09 13:17:00-04:00,2021-04-08 15:31:26.637000-04:00,,1,,,,,,Treatment 1,648.84,162.20675,4.0,3.0,,,4.0,4.0,4.0,0.0,0.0,0.0,0.0,0.0,0.0,1.0,,,,,,15377042
PSAVTMK,550059,2021-04-07 13:17:24.308000-04:00,2021-04-09 13:17:00-04:00,2021-04-09 19:48:00.131000-04:00,,2,,,,,,Treatment 2,238278.935,47655.7804,5.0,5.0,,,5.0,5.0,5.0,0.0,0.0,0.0,0.0,0.0,0.0,2.0,1.0,,,,1.0,15414642
PSAVTMK,550076,2021-04-07 13:17:24.308000-04:00,2021-04-09 13:17:00-04:00,2021-04-08 15:30:35.695000-04:00,,1,,,,,,Treatment 3,458.92,145.044666666667,3.0,2.0,1.0,1.0,2.0,3.0,3.0,1.0,0.0,0.0,0.0,0.0,1.0,1.0,2.0,1.0,146.307,146.303,1.0,15377001
PSAVTMK,550094,2021-04-07 13:17:24.308000-04:00,2021-04-09 13:17:00-04:00,2021-04-08 15:37:33.744000-04:00,,1,,,,,,Treatment 1,139.92,34.97175,4.0,4.0,,,4.0,4.0,4.0,0.0,0.0,0.0,0.0,0.0,0.0,1.0,1.0,,,,1.0,15377274
PSAVTMK,550628,2021-03-05 10:45:00-05:00,,2021-03-05 12:25:26.688000-05:00,,1,,,,,,Treatment 1,388.48,41.052625,9.0,4.0,2.0,,8.0,14.0,9.0,1.0,0.0,0.0,0.0,0.0,1.0,1.0,,,,,,14299879
PSAVTMK,550659,2020-12-10 10:48:00-05:00,2020-12-11 10:40:00-05:00,2020-12-10 14:06:52.099000-05:00,2020-12-10 14:12:16.842000-05:00,1,,,,,,Treatment 2,136.673,27.3312,5.0,5.0,,,5.0,5.0,5.0,0.0,0.0,0.0,0.0,0.0,0.0,1.0,2.0,0.0,145.038,33.6585,1.0,11070970
PSAVTMK,550899,2021-04-07 13:17:24.308000-04:00,2021-04-09 13:17:00-04:00,2021-04-09 10:50:22.459000-04:00,,1,,,,,,Treatment 2,129.416,25.875,5.0,5.0,,,5.0,5.0,5.0,0.0,0.0,0.0,0.0,0.0,0.0,1.0,1.0,,,,1.0,15393988
PSAVTMK,550900,2021-04-07 13:17:24.308000-04:00,2021-04-09 13:17:00-04:00,2021-04-09 10:53:44.145000-04:00,2021-04-09 11:05:19.614000-04:00,1,,,,,,Treatment 3,212.029,69.235,3.0,2.0,1.0,,3.0,4.0,3.0,0.0,0.0,0.0,0.0,0.0,0.0,1.0,2.0,1.0,478.844,93.664,1.0,15394205
PSAVTMK,550915,2021-04-07 13:17:24.308000-04:00,2021-04-09 13:17:00-04:00,2021-04-08 16:13:48.435000-04:00,2021-04-08 22:10:30.164000-04:00,2,,,,,,Control,21156.861,7052.28233333333,3.0,3.0,,,3.0,3.0,3.0,0.0,0.0,0.0,0.0,0.0,0.0,2.0,2.0,2.0,239.199,119.5965,1.0,15378787
PSAVTMK,550924,2021-04-07 13:17:24.308000-04:00,2021-04-09 13:17:00-04:00,2021-04-09 10:58:04.744000-04:00,,1,,,,,,Treatment 2,170.574,34.1092,5.0,5.0,,,5.0,5.0,5.0,0.0,0.0,0.0,0.0,0.0,0.0,1.0,1.0,,,,1.0,15394493
PSAVTMK,550930,2021-04-07 13:17:24.308000-04:00,2021-04-09 13:17:00-04:00,2021-04-14 13:09:52.919000-04:00,,1,,,,,,Treatment 1,383.629,38.2365,6.0,4.0,1.0,1.0,6.0,12.0,6.0,2.0,0.0,0.0,0.0,0.0,1.0,1.0,1.0,,,,1.0,15543860
PSAVTMK,550933,2021-04-07 13:17:24.308000-04:00,2021-04-09 13:17:00-04:00,2021-04-12 21:06:47.829000-04:00,2021-04-12 21:16:30.540000-04:00,1,,,,,,Treatment 2,481.849,29.568875,8.0,6.0,2.0,,8.0,10.0,8.0,0.0,0.0,0.0,0.0,0.0,0.0,1.0,2.0,2.0,91.974,45.982,1.0,15467041
PSAVTMK,550938,2021-04-07 13:17:24.308000-04:00,2021-04-09 13:17:00-04:00,2021-04-19 14:02:20.925000-04:00,,1,,,,,,Control,172.09,152.97,2.0,0.0,,,0.0,1.0,2.0,1.0,0.0,0.0,0.0,0.0,1.0,1.0,,,,,,15677141
PSAVTMK,552377,2021-05-03 11:00:00-04:00,2021-05-07 19:00:00-04:00,2021-05-03 13:06:14.668000-04:00,,2,,,,,,Control,1147.714,635.283,2.0,0.0,,,0.0,1.0,2.0,0.0,0.0,0.0,0.0,0.0,0.0,2.0,,,,,,16088359
PSAVTMK,552806,2020-11-16 09:00:00-05:00,2020-11-20 17:00:00-05:00,2020-11-19 23:02:38.512000-05:00,,1,,,,,,Treatment 2,,,1.0,,,,,0.0,1.0,0.0,0.0,0.0,0.0,0.0,0.0,1.0,,,,,,10127925
PSAVTMK,553619,2021-04-07 13:17:24.308000-04:00,2021-04-09 13:17:00-04:00,2021-04-09 13:45:57.961000-04:00,2021-04-09 13:57:53.415000-04:00,1,,,,,,Treatment 3,559.623,279.8065,2.0,2.0,,,2.0,2.0,2.0,0.0,0.0,0.0,0.0,0.0,0.0,1.0,2.0,0.0,150.915,48.9515,1.0,15406257
PSAVTMK,553721,2021-04-07 13:17:24.305000-04:00,2021-04-09 13:17:00-04:00,2021-04-09 11:33:36.247000-04:00,,1,,,,,,Control,185.748,61.9076666666667,3.0,3.0,,,3.0,3.0,3.0,0.0,0.0,0.0,0.0,0.0,0.0,1.0,1.0,,,,1.0,15396960
PSAVTMK,553751,2021-04-07 13:17:24.305000-04:00,2021-04-09 13:17:00-04:00,2021-04-08 12:38:34.054000-04:00,2021-04-08 12:42:26.238000-04:00,1,,,,,,Control,117.118,39.0333333333333,3.0,3.0,,,3.0,3.0,3.0,0.0,0.0,0.0,0.0,0.0,0.0,1.0,2.0,0.0,110.815,35.246,1.0,15363467
PSAVTMK,554358,2021-03-29 07:00:00-04:00,,2021-03-29 07:55:03.361000-04:00,2021-03-29 08:01:16.833000-04:00,1,,,,,,Control,241.619,39.0904,5.0,3.0,1.0,1.0,4.0,8.0,5.0,2.0,0.0,0.0,0.0,0.0,2.0,1.0,2.0,0.0,118.708,46.049,1.0,15097586
PSAVTMK,555756,2021-04-07 13:17:24.308000-04:00,2021-04-09 13:17:00-04:00,2021-04-08 14:52:39.014000-04:00,2021-04-08 14:56:50.864000-04:00,1,,,,,,Treatment 1,122.305,30.56875,4.0,4.0,,,4.0,4.0,4.0,0.0,0.0,0.0,0.0,0.0,0.0,1.0,2.0,2.0,120.629,60.3085,1.0,15374844
PSAVTMK,555848,2020-11-16 09:00:00-05:00,2020-11-20 17:00:00-05:00,2020-11-23 18:03:08.139000-05:00,2020-11-23 18:16:32.902000-05:00,1,,,,,,Treatment 1,517.072,68.5342857142857,7.0,5.0,2.0,,7.0,9.0,7.0,0.0,0.0,0.0,0.0,0.0,0.0,1.0,2.0,1.0,272.136,69.835,1.0,10247058
PSAVTMK,555926,2020-11-16 09:00:00-05:00,2020-11-20 17:00:00-05:00,2020-11-20 10:40:22.682000-05:00,,1,,,,,,Treatment 1,402.72,88.241,5.0,2.0,1.0,1.0,4.0,8.0,5.0,1.0,0.0,0.0,0.0,0.0,1.0,1.0,,,,,,10145842
PSAVTMK,556065,2020-11-16 09:00:00-05:00,2020-11-20 17:00:00-05:00,2020-11-19 09:30:44.733000-05:00,2020-11-19 09:35:10.272000-05:00,1,,,,,,Control,149.106,49.694,3.0,3.0,,,3.0,3.0,3.0,0.0,0.0,0.0,0.0,0.0,0.0,1.0,2.0,2.0,108.291,54.1385,1.0,10049102
PSAVTMK,556396,2020-11-16 09:00:00-05:00,2020-11-20 17:00:00-05:00,2020-11-17 10:27:39.858000-05:00,,1,,,,,,Treatment 3,14.023,14.023,1.0,0.0,,,0.0,0.0,1.0,0.0,0.0,0.0,0.0,0.0,0.0,1.0,,,,,,9877276
PSAVTMK,556660,2020-11-16 09:00:00-05:00,2020-11-20 17:00:00-05:00,2020-11-19 10:41:04.634000-05:00,2020-11-19 10:46:12.026000-05:00,1,,,,,,Control,221.528,73.8353333333333,3.0,3.0,,,3.0,3.0,3.0,0.0,0.0,0.0,0.0,0.0,0.0,1.0,2.0,2.0,77.896,38.9425,1.0,10060970
PSAVTMK,557023,2020-11-16 09:00:00-05:00,2020-11-20 17:00:00-05:00,2020-11-20 16:49:50.537000-05:00,,1,,,,,,Treatment 1,,,1.0,,,,,0.0,1.0,0.0,0.0,0.0,0.0,0.0,0.0,1.0,,,,,,10184971
PSAVTMK,557085,2020-11-16 09:00:00-05:00,2020-11-20 17:00:00-05:00,2020-11-20 13:56:54.890000-05:00,2020-11-20 14:09:20.053000-05:00,1,,,,,,Treatment 1,439.112,56.8001666666667,6.0,4.0,1.0,0.0,6.0,11.0,6.0,1.0,0.0,0.0,0.0,0.0,1.0,1.0,2.0,1.0,266.269,91.1575,1.0,10172384
PSAVTMK,558518,2021-01-12 08:05:49.426000-05:00,2021-01-13 08:07:00-05:00,2021-01-21 15:16:10.917000-05:00,2021-02-25 22:11:08.129000-05:00,3,,,,,,Treatment 2,3048498.1,135.447833333333,6.0,5.0,1.0,,6.0,7.0,6.0,0.0,0.0,0.0,0.0,0.0,0.0,2.0,2.0,1.0,383.59,166.891,2.0,12424401
PSAVTMK,558993,2020-11-16 09:00:00-05:00,2020-11-20 17:00:00-05:00,2020-11-20 23:46:44.647000-05:00,,1,,,,,,Control,801.847,188.506,4.0,3.0,1.0,,4.0,5.0,4.0,0.0,0.0,0.0,0.0,0.0,0.0,1.0,1.0,0.0,119.287,100.789,1.0,10190110
PSAVTMK,562916,2020-11-16 09:00:00-05:00,2020-11-20 17:00:00-05:00,2020-11-19 16:24:23.688000-05:00,2020-11-19 16:34:43.461000-05:00,2,,,,,,Control,573.658,53.263,8.0,4.0,1.0,0.0,8.0,16.0,8.0,2.0,0.0,0.0,0.0,0.0,2.0,2.0,2.0,2.0,28.16,14.077,1.0,10115532
PSAVTMK,562963,2020-11-16 09:00:00-05:00,2020-11-20 17:00:00-05:00,2020-11-20 16:55:03.592000-05:00,2020-11-20 17:03:55.782000-05:00,1,,,,,,Control,373.95,89.75175,4.0,3.0,1.0,,4.0,5.0,4.0,0.0,0.0,0.0,0.0,0.0,0.0,1.0,2.0,0.0,138.347,45.9375,1.0,10185156
PSAVTMK,563389,2020-11-16 09:00:00-05:00,2020-11-20 17:00:00-05:00,2020-11-19 21:02:21.151000-05:00,,1,,,,,,Treatment 3,1350.426,136.661,7.0,4.0,3.0,3.0,7.0,15.0,7.0,3.0,0.0,0.0,0.0,0.0,3.0,1.0,2.0,0.0,76.543,44.636,1.0,10125742
PSAVTMK,564662,2021-04-07 13:17:24.308000-04:00,2021-04-09 13:17:00-04:00,2021-04-08 14:53:25.069000-04:00,,1,,,,,,Treatment 1,235.935,235.935,1.0,0.0,,,1.0,1.0,1.0,0.0,0.0,0.0,0.0,0.0,0.0,1.0,,,,,,15374885
PSAVTMK,564685,2020-11-16 09:00:00-05:00,2020-11-20 17:00:00-05:00,2020-11-20 11:13:06.653000-05:00,2020-11-20 11:19:40.532000-05:00,1,,,,,,Control,268.596,43.8423333333333,6.0,5.0,1.0,,6.0,7.0,6.0,0.0,0.0,0.0,0.0,0.0,0.0,1.0,2.0,2.0,112.084,56.04,1.0,10150268
PSAVTMK,564986,2020-11-16 09:00:00-05:00,2020-11-20 17:00:00-05:00,2020-11-20 17:14:54.685000-05:00,2020-11-20 17:24:08.637000-05:00,1,,,,,,Treatment 1,370.655,45.6566666666667,6.0,5.0,1.0,1.0,6.0,7.0,6.0,1.0,0.0,0.0,0.0,0.0,1.0,1.0,2.0,2.0,174.656,87.325,1.0,10185687
PSAVTMK,566658,2020-11-16 09:00:00-05:00,2020-11-20 17:00:00-05:00,2020-11-19 15:46:17.199000-05:00,,1,,,,,,Treatment 2,,,1.0,,,,,0.0,1.0,0.0,0.0,0.0,0.0,0.0,0.0,1.0,,,,,,10112381
PSAVTMK,566678,2020-11-16 09:00:00-05:00,2020-11-20 17:00:00-05:00,2020-11-18 12:54:09.462000-05:00,2020-11-18 13:08:16.420000-05:00,1,,,,,,Treatment 1,714.02,107.147333333333,6.0,4.0,1.0,1.0,6.0,15.0,6.0,2.0,0.0,0.0,0.0,0.0,2.0,1.0,2.0,0.0,121.615,38.484,1.0,10000710
PSAVTMK,569892,2021-01-12 08:05:49.426000-05:00,2021-01-13 08:07:00-05:00,2021-01-21 14:46:24.255000-05:00,2021-01-21 15:48:09.419000-05:00,2,,,,,,Treatment 1,3444.992,43.8161428571429,7.0,4.0,1.0,1.0,4.0,8.0,7.0,3.0,0.0,0.0,0.0,0.0,3.0,2.0,2.0,0.0,236.411,68.883,1.0,12420935
PSAVTMK,571450,2020-11-16 09:00:00-05:00,2020-11-20 17:00:00-05:00,2020-11-20 12:21:54.458000-05:00,2020-11-20 12:25:48.401000-05:00,1,,,,,,Treatment 1,125.559,17.6582,5.0,4.0,1.0,1.0,5.0,7.0,5.0,1.0,0.0,0.0,0.0,0.0,1.0,1.0,2.0,2.0,88.506,44.2515,1.0,10159958
PSAVTMK,571468,2020-11-16 09:00:00-05:00,2020-11-20 17:00:00-05:00,2020-12-01 17:16:16.535000-05:00,,1,,,,,,Treatment 1,197.321,125.313,2.0,0.0,,,1.0,5.0,2.0,1.0,0.0,0.0,0.0,0.0,1.0,1.0,,,,,,10490760
PSAVTMK,571569,2020-11-16 09:00:00-05:00,2020-11-20 17:00:00-05:00,2020-11-20 15:34:14.666000-05:00,2020-11-20 15:38:18.569000-05:00,1,,,,,,Control,189.201,44.02725,4.0,3.0,1.0,1.0,4.0,5.0,4.0,1.0,0.0,0.0,0.0,0.0,1.0,1.0,2.0,0.0,46.538,13.3245,1.0,10181764
PSAVTMK,571633,2020-11-16 09:00:00-05:00,2020-11-20 17:00:00-05:00,2020-11-16 09:39:37.626000-05:00,2020-11-16 09:45:47.006000-05:00,1,,,,,,Control,305.425,44.9901666666667,6.0,4.0,1.0,,6.0,8.0,6.0,0.0,0.0,0.0,0.0,0.0,0.0,1.0,2.0,2.0,52.412,26.2035,1.0,9775060
PSAVTMK,575968,2020-11-16 09:00:00-05:00,2020-11-20 17:00:00-05:00,2020-11-20 09:44:52.456000-05:00,,1,,,,,,Control,345.842,77.781,4.0,3.0,1.0,1.0,4.0,5.0,4.0,1.0,0.0,0.0,0.0,0.0,1.0,1.0,1.0,0.0,19.041,19.041,1.0,10138648
PSAVTMK,576317,2020-11-16 09:00:00-05:00,2020-11-20 17:00:00-05:00,2020-11-20 20:40:15.462000-05:00,,3,,,,,,Treatment 2,2347572.329,213375.093909091,11.0,3.0,3.0,3.0,11.0,28.0,11.0,8.0,0.0,0.0,0.0,0.0,8.0,2.0,,,,,,10188761
PSAVTMK,576369,2020-11-16 09:00:00-05:00,2020-11-20 17:00:00-05:00,2020-12-18 16:41:54.371000-05:00,2020-12-18 16:53:00.385000-05:00,1,,,,,,Treatment 1,394.584,98.639,4.0,4.0,,,4.0,4.0,4.0,0.0,0.0,0.0,0.0,0.0,0.0,1.0,2.0,1.0,263.748,123.615,1.0,11460280
PSAVTMK,578407,2020-11-16 09:00:00-05:00,2020-11-20 17:00:00-05:00,2020-11-20 11:19:58.210000-05:00,2020-11-20 20:21:00.821000-05:00,2,,,,,,Treatment 2,31910.129,140.678166666667,6.0,5.0,1.0,1.0,6.0,9.0,6.0,1.0,0.0,0.0,0.0,0.0,0.0,2.0,2.0,1.0,533.096,243.152,1.0,10151100
PSAVTMK,578446,2020-11-16 09:00:00-05:00,2020-11-20 17:00:00-05:00,2020-11-20 14:45:05.282000-05:00,,2,,,,,,Treatment 1,8803.099,2861.765,3.0,0.0,0.0,0.0,0.0,2.0,3.0,2.0,0.0,0.0,0.0,0.0,2.0,2.0,,,,,,10178140
PSAVTMK,580372,2020-11-16 09:00:00-05:00,2020-11-20 17:00:00-05:00,2020-11-20 17:04:02.251000-05:00,,1,,,,,,Treatment 1,,,1.0,,,,,0.0,1.0,0.0,0.0,0.0,0.0,0.0,0.0,1.0,,,,,,10185404
PSAVTMK,580787,2020-11-16 09:00:00-05:00,2020-11-20 17:00:00-05:00,2020-11-20 16:36:34.342000-05:00,2020-11-21 00:22:42.516000-05:00,2,,,,,,Treatment 3,202.965,101.467,2.0,2.0,,,2.0,2.0,2.0,0.0,0.0,0.0,0.0,0.0,0.0,1.0,2.0,0.0,27624.545,46.1215,2.0,10184538
PSAVTMK,583079,2020-11-16 09:00:00-05:00,2020-11-20 17:00:00-05:00,2020-11-19 02:14:58.703000-05:00,2020-11-19 02:20:06.255000-05:00,1,,,,,,Treatment 3,77.345,38.6675,2.0,2.0,,,2.0,2.0,2.0,0.0,0.0,0.0,0.0,0.0,0.0,1.0,2.0,0.0,225.511,52.934,1.0,10039819
PSAVTMK,583497,2020-11-16 09:00:00-05:00,2020-11-20 17:00:00-05:00,2020-11-30 17:44:18.752000-05:00,,3,,,,,,Control,451780.971,112863.8445,5.0,0.0,0.0,0.0,4.0,13.0,5.0,4.0,0.0,0.0,0.0,0.0,3.0,2.0,,,,,,10393869
PSAVTMK,583959,2020-11-16 09:00:00-05:00,2020-11-20 17:00:00-05:00,2020-12-03 12:38:35.175000-05:00,,1,,,,,,Treatment 3,,,1.0,,,,,0.0,1.0,0.0,0.0,0.0,0.0,0.0,0.0,1.0,,,,,,10635052
PSAVTMK,585322,2021-01-25 22:38:50.701000-05:00,2021-01-26 18:00:00-05:00,2021-01-26 11:57:53.265000-05:00,2021-01-26 12:15:31.440000-05:00,1,,,,,,Treatment 2,523.332,104.6592,5.0,5.0,,,5.0,5.0,5.0,0.0,0.0,0.0,0.0,0.0,0.0,1.0,2.0,2.0,523.141,261.5605,1.0,12604919
PSAVTMK,586240,2020-11-16 09:00:00-05:00,2020-11-20 17:00:00-05:00,2020-11-19 12:24:59.142000-05:00,2020-11-19 12:40:29.676000-05:00,1,,,,,,Treatment 1,763.168,54.5635833333333,12.0,8.0,3.0,3.0,12.0,18.0,12.0,4.0,0.0,0.0,0.0,0.0,4.0,1.0,2.0,0.0,149.91,57.3025,1.0,10080168
PSAVTMK,587853,2020-11-16 09:00:00-05:00,2020-11-20 17:00:00-05:00,2020-11-20 11:02:13.091000-05:00,,2,,,,,,Treatment 1,1930670.066,137869.583857143,14.0,9.0,5.0,1.0,13.0,19.0,14.0,1.0,0.0,0.0,0.0,0.0,1.0,2.0,2.0,0.0,216.809,95.519,1.0,10148771
PSAVTMK,589154,2020-11-16 09:00:00-05:00,2020-11-20 17:00:00-05:00,2020-12-04 15:38:40.932000-05:00,2020-12-04 15:48:05.473000-05:00,1,,,,,,Treatment 1,226.029,56.49725,4.0,4.0,,,4.0,4.0,4.0,0.0,0.0,0.0,0.0,0.0,0.0,1.0,2.0,2.0,326.366,163.176,1.0,10741266
PSAVTMK,589650,2020-11-16 09:00:00-05:00,2020-11-20 17:00:00-05:00,2020-11-17 20:51:29.456000-05:00,2020-11-19 13:58:41-05:00,3,,,,,,Control,147970.719,23228.352,4.0,3.0,1.0,1.0,4.0,5.0,4.0,1.0,0.0,0.0,0.0,0.0,1.0,2.0,2.0,2.0,50.584,25.2825,1.0,9953080
PSAVTMK,590020,2020-11-16 09:00:00-05:00,2020-11-20 17:00:00-05:00,2020-11-22 12:08:47.102000-05:00,2020-11-22 12:27:39.686000-05:00,1,,,,,,Control,772.097,125.011166666667,6.0,4.0,2.0,,6.0,8.0,6.0,0.0,0.0,0.0,0.0,0.0,0.0,1.0,2.0,2.0,347.702,173.847,1.0,10195100
PSAVTMK,590822,2021-01-12 08:05:49.428000-05:00,2021-01-13 08:07:00-05:00,2021-01-12 14:44:41.525000-05:00,2021-01-22 15:11:18.642000-05:00,2,,,,,,Treatment 3,865502.663,144200.936166667,6.0,2.0,1.0,0.0,5.0,10.0,6.0,3.0,0.0,0.0,0.0,0.0,3.0,2.0,2.0,0.0,59.069,17.7565,1.0,11992876
PSAVTMK,591287,2020-11-16 09:00:00-05:00,2020-11-20 17:00:00-05:00,2020-12-07 21:17:33.252000-05:00,2020-12-07 21:23:32.479000-05:00,1,,,,,,Treatment 3,73.677,36.833,2.0,2.0,,,2.0,2.0,2.0,0.0,0.0,0.0,0.0,0.0,0.0,1.0,2.0,0.0,279.634,72.9135,1.0,10847562
PSAVTMK,591890,2020-09-08 09:46:23.559000-04:00,,2020-09-17 12:53:42.213000-04:00,2020-09-17 13:19:03.562000-04:00,1,,,,,,Treatment 3,1421.667,710.8105,2.0,2.0,,,2.0,2.0,2.0,0.0,0.0,0.0,0.0,0.0,0.0,1.0,2.0,0.0,91.022,34.305,1.0,5693748
PSAVTMK,592754,2021-07-13 08:00:00-04:00,,2021-07-13 12:20:25.142000-04:00,,1,,,,,,Treatment 1,944.111,56.9410833333333,12.0,8.0,3.0,,12.0,17.0,12.0,0.0,0.0,0.0,0.0,0.0,0.0,1.0,,,,,,16779748
PSAVTMK,593313,2020-11-16 09:00:00-05:00,2020-11-20 17:00:00-05:00,2020-11-28 19:52:48.968000-05:00,2020-11-28 20:03:40.740000-05:00,1,,,,,,Treatment 2,322.205,64.4388,5.0,5.0,,,5.0,5.0,5.0,0.0,0.0,0.0,0.0,0.0,0.0,1.0,2.0,2.0,322.255,161.126,1.0,10307563
PSAVTMK,594122,2020-11-16 09:00:00-05:00,2020-11-20 17:00:00-05:00,2020-11-19 22:59:29.562000-05:00,2020-11-19 23:03:50.918000-05:00,1,,,,,,Treatment 2,152.812,30.5592,5.0,5.0,,,5.0,5.0,5.0,0.0,0.0,0.0,0.0,0.0,0.0,1.0,2.0,2.0,102.267,51.13,1.0,10127884
PSAVTMK,594786,2020-11-16 09:00:00-05:00,2020-11-20 17:00:00-05:00,2020-11-23 14:12:32.250000-05:00,,1,,,,,,Treatment 2,726.929,57.7198,10.0,2.0,1.0,0.0,9.0,24.0,10.0,6.0,0.0,0.0,0.0,0.0,6.0,1.0,,,,,,10236002
PSAVTMK,595760,2020-11-16 09:00:00-05:00,2020-11-20 17:00:00-05:00,2020-11-20 11:55:40.603000-05:00,,1,,,,,,Treatment 2,22.183,3.554,2.0,0.0,,,0.0,1.0,2.0,1.0,0.0,0.0,0.0,0.0,1.0,1.0,,,,,,10156242
PSAVTMK,596194,2020-11-16 09:00:00-05:00,2020-11-20 17:00:00-05:00,2020-11-20 12:41:12.682000-05:00,2020-11-24 21:45:53.782000-05:00,3,,,,,,Control,377986.932,53965.1832857143,7.0,4.0,2.0,2.0,7.0,15.0,7.0,3.0,0.0,0.0,0.0,0.0,3.0,3.0,2.0,0.0,211.518,44.439,1.0,10162844
PSAVTMK,596471,2020-11-16 09:00:00-05:00,2020-11-20 17:00:00-05:00,2020-11-20 15:41:29.008000-05:00,,1,,,,,,Treatment 1,229.543,164.865,2.0,0.0,,,1.0,4.0,2.0,1.0,0.0,0.0,0.0,0.0,1.0,1.0,,,,,,10182141
PSAVTMK,596906,2020-11-16 09:00:00-05:00,2020-11-20 17:00:00-05:00,2020-11-30 13:16:46.294000-05:00,,1,,,,,,Treatment 3,,,1.0,,,,,0.0,1.0,0.0,0.0,0.0,0.0,0.0,0.0,1.0,,,,,,10361134
PSAVTMK,599713,2020-11-16 09:00:00-05:00,2020-11-20 17:00:00-05:00,2020-12-03 21:24:50.781000-05:00,2020-12-03 21:27:53.999000-05:00,1,,,,,,Treatment 1,119.629,29.9,4.0,4.0,,,4.0,4.0,4.0,0.0,0.0,0.0,0.0,0.0,0.0,1.0,2.0,1.0,52.639,17.9285,1.0,10681536
PSAVTMK,599936,2020-11-16 09:00:00-05:00,2020-11-20 17:00:00-05:00,2020-11-19 21:21:25.458000-05:00,,4,,,,,,Treatment 3,56334.909,1096.321,3.0,0.0,0.0,0.0,3.0,5.0,3.0,1.0,0.0,0.0,0.0,0.0,1.0,3.0,,,,,,10126177
PSAVTMK,602502,2021-03-01 08:36:13.055000-05:00,2021-03-04 02:00:00-05:00,2021-03-01 12:09:35.726000-05:00,2021-03-01 13:19:44.011000-05:00,2,,,,,,Treatment 3,2487.056,1243.5245,2.0,2.0,,,2.0,2.0,2.0,0.0,0.0,0.0,0.0,0.0,0.0,2.0,2.0,1.0,1717.482,781.068,1.0,14045833
PSAVTMK,603351,2020-09-11 08:48:00-04:00,2020-09-11 09:10:00-04:00,2020-09-11 08:59:40.828000-04:00,2020-09-11 09:06:25.195000-04:00,1,,,,,,Control,90.427,30.1373333333333,3.0,3.0,,,3.0,3.0,3.0,0.0,0.0,0.0,0.0,0.0,0.0,1.0,2.0,1.0,308.531,142.648,1.0,5165273
PSAVTMK,603352,2020-09-11 08:48:00-04:00,2020-09-11 09:10:00-04:00,2020-09-11 08:52:33.771000-04:00,2020-09-11 09:05:40.559000-04:00,1,,,,,,Treatment 1,516.63,27.3504545454545,11.0,7.0,4.0,,11.0,19.0,11.0,0.0,0.0,0.0,0.0,0.0,0.0,1.0,2.0,1.0,243.021,53.2635,1.0,5164513
PSAVTMK,603459,2020-09-11 08:48:00-04:00,2020-09-11 09:10:00-04:00,2020-09-11 08:55:40.889000-04:00,2020-09-11 09:05:09.529000-04:00,1,,,,,,Treatment 3,91.099,45.5365,2.0,2.0,,,2.0,2.0,2.0,0.0,0.0,0.0,0.0,0.0,0.0,1.0,2.0,2.0,420.153,210.0665,1.0,5164844
PSAVTMK,603464,2020-09-11 08:48:00-04:00,2020-09-11 09:10:00-04:00,2020-09-11 08:53:04.696000-04:00,2020-09-11 08:59:56.553000-04:00,1,,,,,,Treatment 2,330.693,35.2986666666667,9.0,8.0,1.0,,9.0,10.0,9.0,0.0,0.0,0.0,0.0,0.0,0.0,1.0,2.0,2.0,69.148,34.5725,1.0,5164556
PSAVTMK,603465,2020-09-11 08:48:00-04:00,2020-09-11 09:10:00-04:00,2020-09-11 08:52:19.717000-04:00,2020-09-11 08:56:38.406000-04:00,1,,,,,,Control,168.577,18.4465,8.0,6.0,2.0,,8.0,11.0,8.0,0.0,0.0,0.0,0.0,0.0,0.0,1.0,2.0,0.0,74.451,17.6605,1.0,5164481
PSAVTMK,603468,2020-09-11 08:48:00-04:00,2020-09-11 09:10:00-04:00,2020-09-11 08:53:03.919000-04:00,2020-09-11 08:55:02.573000-04:00,1,,,,,,Treatment 3,37.688,18.8245,2.0,2.0,,,2.0,2.0,2.0,0.0,0.0,0.0,0.0,0.0,0.0,1.0,2.0,2.0,74.775,37.3715,1.0,5164553
PSAVTMK,603469,2020-09-11 08:48:00-04:00,2020-09-11 09:10:00-04:00,2020-09-11 08:51:41.550000-04:00,2020-09-11 09:02:08.486000-04:00,1,,,,,,Treatment 1,507.991,77.9313333333333,6.0,5.0,1.0,1.0,6.0,8.0,6.0,1.0,0.0,0.0,0.0,0.0,1.0,1.0,2.0,2.0,105.849,52.9095,1.0,5164409
PSAVTMK,603474,2020-09-11 08:48:00-04:00,2020-09-11 09:10:00-04:00,2020-09-11 08:53:31.826000-04:00,2020-09-11 08:57:26.596000-04:00,1,,,,,,Treatment 2,109.341,21.865,5.0,5.0,,,5.0,5.0,5.0,0.0,0.0,0.0,0.0,0.0,0.0,1.0,2.0,1.0,115.808,42.2385,1.0,5164606
PSAVTMK,603475,2020-09-11 08:48:00-04:00,2020-09-11 09:10:00-04:00,2020-09-11 08:54:14.607000-04:00,2020-09-11 09:01:11.814000-04:00,1,,,,,,Treatment 3,128.354,64.1735,2.0,2.0,,,2.0,2.0,2.0,0.0,0.0,0.0,0.0,0.0,0.0,1.0,2.0,0.0,281.962,85.0395,1.0,5164680
PSAVTMK,603476,2020-09-11 08:48:00-04:00,2020-09-11 09:10:00-04:00,2020-09-11 08:59:37.184000-04:00,2020-09-11 09:04:38.841000-04:00,1,,,,,,Control,128.33,42.7626666666667,3.0,3.0,,,3.0,3.0,3.0,0.0,0.0,0.0,0.0,0.0,0.0,1.0,2.0,1.0,129.385,30.5625,1.0,5165267
PSAVTMK,603481,2020-09-11 08:48:00-04:00,2020-09-11 09:10:00-04:00,2020-09-11 08:56:24.679000-04:00,2020-09-11 09:10:10.338000-04:00,1,,,,,,Control,179.954,27.5605,6.0,5.0,1.0,,6.0,7.0,6.0,0.0,0.0,0.0,0.0,0.0,0.0,1.0,2.0,1.0,631.924,298.6395,1.0,5164906
PSAVTMK,603484,2020-09-11 08:48:00-04:00,2020-09-11 09:10:00-04:00,2020-09-11 08:52:25.328000-04:00,2020-09-11 09:00:32.866000-04:00,1,,,,,,Treatment 2,214.954,42.9832,5.0,5.0,,,5.0,5.0,5.0,0.0,0.0,0.0,0.0,0.0,0.0,1.0,2.0,2.0,265.448,132.7185,1.0,5164487
PSAVTMK,603487,2020-09-11 08:48:00-04:00,2020-09-11 09:10:00-04:00,2020-09-11 08:56:13.398000-04:00,2020-09-11 09:05:43.689000-04:00,1,,,,,,Treatment 3,79.188,39.586,2.0,2.0,,,2.0,2.0,2.0,0.0,0.0,0.0,0.0,0.0,0.0,1.0,2.0,1.0,463.37,118.226,1.0,5164897
PSAVTMK,603489,2020-09-11 08:48:00-04:00,2020-09-11 09:10:00-04:00,2020-09-11 08:53:09.829000-04:00,2020-09-11 09:07:32.912000-04:00,1,,,,,,Control,432.623,144.195333333333,3.0,3.0,,,3.0,3.0,3.0,0.0,0.0,0.0,0.0,0.0,0.0,1.0,2.0,2.0,420.585,210.2845,1.0,5164561
PSAVTMK,603491,2020-09-11 08:48:00-04:00,2020-09-11 09:10:00-04:00,2020-09-11 08:51:58.832000-04:00,2020-09-11 09:02:09.065000-04:00,1,,,,,,Treatment 2,280.398,56.0598,5.0,5.0,,,5.0,5.0,5.0,0.0,0.0,0.0,0.0,0.0,0.0,1.0,2.0,2.0,290.554,145.263,1.0,5164489
PSAVTMK,603495,2020-09-11 08:48:00-04:00,2020-09-11 09:10:00-04:00,2020-09-11 08:51:24.300000-04:00,2020-09-11 08:57:16.950000-04:00,1,,,,,,Treatment 2,229.589,45.9104,5.0,5.0,,,5.0,5.0,5.0,0.0,0.0,0.0,0.0,0.0,0.0,1.0,2.0,1.0,98.465,41.6685,1.0,5164383
PSAVTMK,603496,2020-09-11 08:48:00-04:00,2020-09-11 09:10:00-04:00,2020-09-11 08:59:10.355000-04:00,2020-09-11 09:01:56.434000-04:00,1,,,,,,Treatment 1,75.518,18.8755,4.0,4.0,,,4.0,4.0,4.0,0.0,0.0,0.0,0.0,0.0,0.0,1.0,2.0,0.0,83.888,29.844,1.0,5165210
PSAVTMK,603500,2020-09-11 08:48:00-04:00,2020-09-11 09:10:00-04:00,2020-09-11 08:58:58.220000-04:00,2020-09-11 09:02:31.733000-04:00,1,,,,,,Treatment 3,88.998,14.3902,5.0,3.0,1.0,,5.0,7.0,5.0,0.0,0.0,0.0,0.0,0.0,0.0,1.0,2.0,1.0,116.431,39.9495,1.0,5165180
PSAVTMK,603509,2020-09-11 08:48:00-04:00,2020-09-11 09:10:00-04:00,2020-09-11 08:52:51.599000-04:00,2020-09-11 09:00:33.426000-04:00,1,,,,,,Treatment 3,152.77,76.383,2.0,2.0,,,2.0,2.0,2.0,0.0,0.0,0.0,0.0,0.0,0.0,1.0,2.0,1.0,304.996,64.386,1.0,5164535
PSAVTMK,603513,2020-09-11 08:48:00-04:00,2020-09-11 09:10:00-04:00,2020-09-11 08:54:53.270000-04:00,2020-09-11 08:59:14.246000-04:00,1,,,,,,Control,94.544,31.5033333333333,3.0,3.0,,,3.0,3.0,3.0,0.0,0.0,0.0,0.0,0.0,0.0,1.0,2.0,1.0,157.293,42.3835,1.0,5164749
PSAVTMK,603529,2020-09-11 08:48:00-04:00,2020-09-11 09:10:00-04:00,2020-09-11 08:53:00.495000-04:00,2020-09-11 08:59:25.477000-04:00,1,,,,,,Treatment 3,88.055,44.023,2.0,2.0,,,2.0,2.0,2.0,0.0,0.0,0.0,0.0,0.0,0.0,1.0,2.0,2.0,292.363,146.179,1.0,5164546
PSAVTMK,603565,2020-09-11 08:48:00-04:00,2020-09-11 09:10:00-04:00,2020-09-11 08:55:45.775000-04:00,2020-09-11 09:00:28.922000-04:00,1,,,,,,Control,88.789,29.594,3.0,3.0,,,3.0,3.0,3.0,0.0,0.0,0.0,0.0,0.0,0.0,1.0,2.0,0.0,172.771,47.7315,1.0,5164852
PSAVTMK,603628,2020-09-11 08:48:00-04:00,2020-09-11 09:10:00-04:00,2020-09-11 08:57:03.490000-04:00,2020-09-11 09:09:35.998000-04:00,1,,,,,,Treatment 1,133.904,25.2608,5.0,4.0,1.0,,5.0,6.0,5.0,0.0,0.0,0.0,0.0,0.0,0.0,1.0,2.0,2.0,513.05,256.516,1.0,5165058
PSAVTMK,606979,2020-09-11 08:48:00-04:00,2020-09-11 09:10:00-04:00,2020-09-11 09:00:31.101000-04:00,2020-09-11 09:09:13.433000-04:00,1,,,,,,Treatment 2,256.421,51.253,5.0,5.0,,,5.0,5.0,5.0,0.0,0.0,0.0,0.0,0.0,0.0,1.0,2.0,0.0,249.376,75.4875,1.0,5165373
PSAVTMK,608442,2021-01-12 08:05:49.423000-05:00,2021-01-13 08:07:00-05:00,2021-01-21 13:28:01.361000-05:00,,1,,,,,,Treatment 3,1587.198,277.2076,6.0,0.0,0.0,0.0,3.0,10.0,6.0,5.0,0.0,0.0,0.0,0.0,5.0,1.0,,,,,,12408994
PSAVTMK,612069,2021-04-19 13:45:00-04:00,2021-04-23 16:00:00-04:00,2021-04-22 12:33:47.636000-04:00,,1,,,,,,Treatment 2,393.075,334.734,1.0,0.0,,,1.0,5.0,1.0,1.0,0.0,0.0,0.0,0.0,1.0,1.0,,,,,,15798520
PSAVTMK,612086,2021-04-19 13:45:00-04:00,2021-04-23 16:00:00-04:00,2021-04-21 13:58:09.850000-04:00,,1,,,,,,Treatment 2,252.702,101.606,2.0,0.0,,,1.0,4.0,2.0,1.0,0.0,0.0,0.0,0.0,1.0,1.0,,,,,,15765205
PSAVTMK,612110,2021-04-19 13:45:00-04:00,2021-04-23 16:00:00-04:00,2021-04-26 12:37:53.259000-04:00,2021-04-26 12:47:14.908000-04:00,1,,,,,,Treatment 3,287.617,73.299,3.0,2.0,1.0,1.0,3.0,5.0,3.0,1.0,0.0,0.0,0.0,0.0,1.0,1.0,2.0,0.0,261.646,114.6195,1.0,15878458
PSAVTMK,612125,2021-04-19 13:45:00-04:00,2021-04-23 16:00:00-04:00,2021-05-07 11:22:35.860000-04:00,,1,,,,,,Treatment 3,,,1.0,,,,,0.0,1.0,0.0,0.0,0.0,0.0,0.0,0.0,1.0,,,,,,16231927
PSAVTMK,612223,2021-04-19 13:45:00-04:00,2021-04-23 16:00:00-04:00,2021-04-20 13:51:33.706000-04:00,2021-04-20 13:56:16.224000-04:00,1,,,,,,Treatment 1,178.493,24.084,5.0,4.0,1.0,,4.0,5.0,5.0,0.0,0.0,0.0,0.0,0.0,0.0,1.0,2.0,2.0,100.072,50.0345,1.0,15722808
PSAVTMK,612234,2021-04-19 13:45:00-04:00,2021-04-23 16:00:00-04:00,2021-04-22 11:57:53.752000-04:00,2021-04-23 12:24:19.931000-04:00,5,,,,,,Treatment 3,2574.729,495.7336,5.0,2.0,1.0,1.0,5.0,11.0,5.0,3.0,0.0,0.0,0.0,0.0,3.0,2.0,2.0,0.0,85408.254,42686.6405,2.0,15795439
PSAVTMK,612245,2021-04-19 13:45:00-04:00,2021-04-23 16:00:00-04:00,2021-04-22 13:01:36.933000-04:00,,1,,,,,,Treatment 1,,,1.0,,,,,0.0,1.0,0.0,0.0,0.0,0.0,0.0,0.0,1.0,,,,,,15801155
PSAVTMK,612519,2021-04-19 13:45:00-04:00,2021-04-23 16:00:00-04:00,2021-04-23 13:51:26.188000-04:00,,2,,,,,,Treatment 2,21437.252,10168.0635,2.0,0.0,0.0,0.0,2.0,7.0,2.0,1.0,0.0,0.0,0.0,0.0,1.0,2.0,,,,,,15843846
PSAVTMK,612964,2021-04-19 13:45:00-04:00,2021-04-23 16:00:00-04:00,2021-04-23 09:27:50.476000-04:00,2021-04-23 10:18:51.550000-04:00,2,,,,,,Treatment 2,2472.491,151.796538461538,13.0,7.0,2.0,0.0,12.0,27.0,13.0,3.0,0.0,0.0,0.0,0.0,3.0,2.0,2.0,1.0,545.36,176.979,1.0,15826266
PSAVTMK,613072,2021-04-19 13:45:00-04:00,2021-04-23 16:00:00-04:00,2021-04-29 12:53:46.430000-04:00,,5,,,,,,Control,90014.378,90014.378,1.0,0.0,,,0.0,0.0,1.0,0.0,0.0,0.0,0.0,0.0,0.0,2.0,,,,,,16010276
PSAVTMK,613467,2021-04-19 13:45:00-04:00,2021-04-23 16:00:00-04:00,2021-04-22 13:58:01.795000-04:00,2021-04-25 21:38:10.324000-04:00,3,,,,,,Control,286480.936,95493.632,3.0,3.0,,,3.0,3.0,3.0,0.0,0.0,0.0,0.0,0.0,0.0,2.0,2.0,1.0,319.811,121.7575,1.0,15806418
PSAVTMK,613852,2021-04-19 13:45:00-04:00,2021-04-23 16:00:00-04:00,2021-04-22 12:58:40.971000-04:00,,4,,,,,,Treatment 2,75.947,75.93,2.0,1.0,,,1.0,1.0,2.0,0.0,0.0,0.0,0.0,0.0,0.0,1.0,,,,,,15800909
PSAVTMK,613854,2021-04-19 13:45:00-04:00,2021-04-23 16:00:00-04:00,2021-04-23 18:39:30.552000-04:00,2021-04-23 19:31:14.141000-04:00,1,,,,,,Treatment 3,2237.253,294.1595,6.0,2.0,1.0,1.0,6.0,18.0,6.0,3.0,0.0,0.0,0.0,0.0,3.0,1.0,2.0,0.0,801.834,222.8845,1.0,15851957
PSAVTMK,614000,2021-04-19 13:45:00-04:00,2021-04-23 16:00:00-04:00,2021-04-25 12:05:30.483000-04:00,,1,,,,,,Treatment 3,388.934,98.435,3.0,0.0,0.0,0.0,2.0,4.0,3.0,2.0,0.0,0.0,0.0,0.0,2.0,1.0,,,,,,15855769
PSAVTMK,614029,2021-04-19 13:45:00-04:00,2021-04-23 16:00:00-04:00,2021-04-23 13:52:39.220000-04:00,2021-04-23 14:10:00.467000-04:00,1,,,,,,Treatment 1,745.475,107.041333333333,6.0,4.0,1.0,,6.0,8.0,6.0,0.0,0.0,0.0,0.0,0.0,0.0,1.0,2.0,0.0,201.783,50.8795,1.0,15843911
PSAVTMK,614121,2021-04-19 13:45:00-04:00,2021-04-23 16:00:00-04:00,2021-04-22 14:34:12.060000-04:00,,1,,,,,,Treatment 3,,,1.0,,,,,0.0,1.0,0.0,0.0,0.0,0.0,0.0,0.0,1.0,,,,,,15809739
PSAVTMK,614137,2021-04-19 13:45:00-04:00,2021-04-23 16:00:00-04:00,2021-04-23 13:51:06.300000-04:00,,1,,,,,,Treatment 2,,,1.0,,,,,0.0,1.0,0.0,0.0,0.0,0.0,0.0,0.0,1.0,,,,,,15843774
PSAVTMK,614569,2021-04-19 13:45:00-04:00,2021-04-23 16:00:00-04:00,2021-04-26 17:45:24.965000-04:00,,2,,,,,,Treatment 2,73243.752,73211.392,2.0,0.0,,,0.0,1.0,2.0,1.0,0.0,0.0,0.0,0.0,1.0,2.0,,,,,,15898216
PSAVTMK,617179,2021-04-23 14:44:00-04:00,2021-04-23 16:05:00-04:00,2021-04-23 14:57:34.230000-04:00,2021-04-23 15:04:00.234000-04:00,2,,,,,,Treatment 2,269.955,40.1211666666667,6.0,5.0,1.0,1.0,5.0,7.0,6.0,1.0,0.0,0.0,0.0,0.0,1.0,2.0,2.0,0.0,106.786,44.081,1.0,15847280
PSAVTMK,617750,2021-04-19 13:45:00-04:00,2021-04-23 16:00:00-04:00,2021-04-20 14:01:00.906000-04:00,,1,,,,,,Treatment 3,,,1.0,,,,,0.0,1.0,0.0,0.0,0.0,0.0,0.0,0.0,1.0,,,,,,15723698
PSAVTMK,619285,2020-09-08 09:46:23.559000-04:00,,2020-10-05 13:11:06.590000-04:00,2020-10-05 13:23:40.218000-04:00,1,,,,,,Treatment 2,599.617,43.8757,10.0,7.0,3.0,2.0,9.0,15.0,10.0,2.0,0.0,0.0,0.0,0.0,2.0,1.0,2.0,0.0,134.23,35.66,1.0,7118061
PSAVTMK,619450,2021-04-19 13:45:00-04:00,2021-04-23 16:00:00-04:00,2021-04-26 13:01:54.493000-04:00,,4,,,,,,Treatment 2,1947663.229,973789.1715,3.0,0.0,0.0,0.0,2.0,5.0,3.0,2.0,0.0,0.0,0.0,0.0,2.0,2.0,,,,,,15880763
PSAVTMK,621453,2021-03-01 08:36:13.052000-05:00,2021-03-04 02:00:00-05:00,2021-03-03 08:02:19.392000-05:00,,1,,,,,,Control,,,1.0,,,,,0.0,1.0,0.0,0.0,0.0,0.0,0.0,0.0,1.0,,,,,,14156632
PSAVTMK,627779,2021-03-05 10:45:00-05:00,,2021-03-09 17:33:34.060000-05:00,,2,,,,,,Control,83540.107,83540.107,1.0,0.0,,,0.0,0.0,1.0,0.0,0.0,0.0,0.0,0.0,0.0,2.0,,,,,,14452829
PSAVTMK,628242,2021-03-05 10:45:00-05:00,,2021-03-09 16:42:22.758000-05:00,2021-03-09 23:14:16.197000-05:00,4,,,,,,Control,23162.793,2831.58028571429,7.0,5.0,2.0,,7.0,10.0,7.0,0.0,0.0,0.0,0.0,0.0,0.0,3.0,2.0,2.0,336.892,168.4425,1.0,14450876
PSAVTMK,628249,2021-03-05 10:45:00-05:00,,2021-03-05 13:07:37.261000-05:00,2021-03-05 17:07:22.792000-05:00,2,,,,,,Treatment 3,7130.882,878.564875,8.0,4.0,3.0,3.0,7.0,15.0,8.0,3.0,0.0,0.0,0.0,0.0,3.0,2.0,2.0,0.0,7084.319,3532.3845,1.0,14304135
PSAVTMK,628259,2021-03-05 10:45:00-05:00,,2021-03-05 12:59:25.093000-05:00,,1,,,,,,Treatment 2,475.336,34.1162,10.0,5.0,3.0,2.0,10.0,17.0,10.0,3.0,0.0,0.0,0.0,0.0,3.0,1.0,,,,,,14303269
PSAVTMK,628260,2021-03-05 10:45:00-05:00,,2021-03-05 21:07:19.769000-05:00,,1,,,,,,Treatment 3,,,1.0,,,,,0.0,1.0,0.0,0.0,0.0,0.0,0.0,0.0,1.0,,,,,,14321207
PSAVTMK,628336,2021-03-05 10:45:00-05:00,,2021-03-05 15:04:08.943000-05:00,2021-03-05 15:07:51.900000-05:00,1,,,,,,Treatment 3,122.921,61.4505,2.0,2.0,,,2.0,2.0,2.0,0.0,0.0,0.0,0.0,0.0,0.0,1.0,2.0,2.0,92.256,46.119,1.0,14314388
PSAVTMK,628652,2021-03-05 10:45:00-05:00,,2021-03-05 11:00:04.525000-05:00,2021-03-05 13:33:46.715000-05:00,2,,,,,,Treatment 1,8804.692,2201.16575,4.0,4.0,,,4.0,4.0,4.0,0.0,0.0,0.0,0.0,0.0,0.0,2.0,2.0,1.0,405.994,110.0285,1.0,14291350
PSAVTMK,628724,2021-03-05 10:45:00-05:00,,2021-03-09 20:10:15.254000-05:00,2021-03-09 20:16:21.760000-05:00,1,,,,,,Treatment 3,139.828,39.315,3.0,2.0,1.0,1.0,3.0,4.0,3.0,1.0,0.0,0.0,0.0,0.0,1.0,1.0,2.0,0.0,222.187,97.6725,1.0,14456712
PSAVTMK,630380,2021-03-05 10:45:00-05:00,,2021-03-05 11:04:23.393000-05:00,2021-03-05 11:11:07.345000-05:00,1,,,,,,Treatment 3,184.864,92.423,2.0,2.0,,,2.0,2.0,2.0,0.0,0.0,0.0,0.0,0.0,0.0,1.0,2.0,0.0,210.869,60.2605,1.0,14291820
PSAVTMK,630411,2021-03-05 10:45:00-05:00,,2021-03-05 11:05:47.305000-05:00,2021-03-05 14:35:49.515000-05:00,2,,,,,,Control,12131.875,1185.6535,4.0,3.0,1.0,,4.0,5.0,4.0,0.0,0.0,0.0,0.0,0.0,0.0,2.0,2.0,1.0,459.979,203.806,1.0,14291974
PSAVTMK,631030,2021-03-05 10:45:00-05:00,,2021-06-02 14:22:37.386000-04:00,,1,,,,,,Treatment 2,,,1.0,,,,,0.0,1.0,0.0,0.0,0.0,0.0,0.0,0.0,1.0,,,,,,16687885
PSAVTMK,631036,2021-03-05 10:45:00-05:00,,2021-03-05 13:07:54.421000-05:00,2021-03-09 14:48:54.529000-05:00,4,,,,,,Treatment 2,341178.154,48735.662,7.0,5.0,1.0,0.0,6.0,8.0,7.0,1.0,0.0,0.0,0.0,0.0,1.0,2.0,2.0,0.0,10471.398,5216.609,2.0,14304164
PSAVTMK,631044,2021-03-05 10:45:00-05:00,,2021-03-05 12:15:11.346000-05:00,2021-03-05 20:34:19.516000-05:00,2,,,,,,Treatment 1,761.623,190.38525,4.0,4.0,,,4.0,4.0,4.0,0.0,0.0,0.0,0.0,0.0,0.0,1.0,2.0,1.0,29179.366,153.237,2.0,14299021
PSAVTMK,631050,2021-03-05 10:45:00-05:00,,2021-03-05 15:14:37.415000-05:00,,1,,,,,,Treatment 2,512.172,40.727,11.0,7.0,3.0,1.0,11.0,16.0,11.0,1.0,0.0,0.0,0.0,0.0,1.0,1.0,,,,,,14314985
PSAVTMK,631053,2021-03-05 10:45:00-05:00,,2021-03-15 21:53:12.909000-04:00,2021-03-16 12:47:07.244000-04:00,2,,,,,,Treatment 2,53241.721,6627.773125,8.0,5.0,1.0,0.0,8.0,11.0,8.0,1.0,0.0,0.0,0.0,0.0,1.0,2.0,2.0,1.0,379.222,120.916,1.0,14673956
PSAVTMK,631055,2021-03-05 10:45:00-05:00,,2021-03-06 11:49:52.390000-05:00,2021-03-08 15:59:49.769000-05:00,2,,,,,,Treatment 1,861.236,85.9834,5.0,4.0,1.0,1.0,5.0,8.0,5.0,1.0,0.0,0.0,0.0,0.0,1.0,2.0,2.0,2.0,63.725,31.8565,1.0,14322963
PSAVTMK,631058,2021-03-05 10:45:00-05:00,,2021-03-07 18:50:43.138000-05:00,2021-03-07 19:06:34.628000-05:00,1,,,,,,Treatment 1,650.561,104.310166666667,6.0,5.0,1.0,1.0,6.0,7.0,6.0,1.0,0.0,0.0,0.0,0.0,1.0,1.0,2.0,2.0,285.331,142.6595,1.0,14327370
PSAVTMK,631090,2021-03-05 10:45:00-05:00,,2021-03-05 12:57:21.502000-05:00,2021-03-05 13:54:11.246000-05:00,1,,,,,,Treatment 3,63.187,31.583,2.0,2.0,,,2.0,2.0,2.0,0.0,0.0,0.0,0.0,0.0,0.0,1.0,2.0,0.0,3342.083,1644.3125,1.0,14303095
PSAVTMK,631270,2021-03-05 10:45:00-05:00,,2021-03-05 12:38:10.726000-05:00,2021-03-05 13:00:51.540000-05:00,1,,,,,,Treatment 3,157.344,78.6525,2.0,2.0,,,2.0,2.0,2.0,0.0,0.0,0.0,0.0,0.0,0.0,1.0,2.0,1.0,1194.803,540.905,1.0,14301198
PSAVTMK,633245,2021-03-05 10:45:00-05:00,,2021-03-05 21:47:55.046000-05:00,2021-03-05 22:17:00.213000-05:00,1,,,,,,Treatment 2,1190.627,154.397,6.0,5.0,1.0,,6.0,8.0,6.0,0.0,0.0,0.0,0.0,0.0,0.0,1.0,2.0,0.0,513.056,180.4435,1.0,14321464
PSAVTMK,637952,2021-03-05 10:45:00-05:00,,2021-03-05 11:43:19.875000-05:00,,1,,,,,,Treatment 1,137.568,86.389,2.0,0.0,,,1.0,2.0,2.0,1.0,0.0,0.0,0.0,0.0,1.0,1.0,,,,,,14295717
PSAVTMK,637965,2021-03-01 08:36:13.052000-05:00,2021-03-04 02:00:00-05:00,2021-03-02 08:43:54.650000-05:00,,1,,,,,,Treatment 1,122.269,80.936,1.0,0.0,,,1.0,3.0,1.0,1.0,0.0,0.0,0.0,0.0,0.0,1.0,,,,,,14088315
PSAVTMK,638060,2021-03-01 08:36:13.055000-05:00,2021-03-04 02:00:00-05:00,2021-03-05 03:10:10.172000-05:00,,1,,,,,,Control,62.962,19.865,1.0,0.0,,,0.0,3.0,1.0,1.0,0.0,0.0,0.0,0.0,0.0,1.0,,,,,,14277233
PSAVTMK,638096,2021-03-01 08:36:13.052000-05:00,2021-03-04 02:00:00-05:00,2021-03-18 12:18:56.596000-04:00,2021-03-18 12:24:19.371000-04:00,1,,,,,,Treatment 2,182.021,36.3944,5.0,5.0,,,5.0,5.0,5.0,0.0,0.0,0.0,0.0,0.0,0.0,1.0,2.0,0.0,125.03,32.054,1.0,14799278
PSAVTMK,640154,2021-01-20 10:52:32.859000-05:00,,2021-01-20 16:00:01.013000-05:00,,1,,,,,,Treatment 1,613.724,51.8465,10.0,3.0,2.0,1.0,7.0,17.0,10.0,5.0,0.0,0.0,0.0,0.0,6.0,1.0,,,,,,12353152
PSAVTMK,641162,2021-01-20 10:52:32.859000-05:00,,2021-01-20 12:49:59.489000-05:00,2021-01-20 13:22:52.719000-05:00,2,,,,,,Treatment 2,1868.97,205.468444444444,9.0,7.0,2.0,,9.0,11.0,9.0,0.0,0.0,0.0,0.0,0.0,0.0,2.0,2.0,0.0,94.79,35.9275,1.0,12331759
PSAVTMK,641185,2021-01-20 10:52:32.859000-05:00,,2021-01-21 08:00:42.743000-05:00,2021-01-21 17:37:02.086000-05:00,2,,,,,,Treatment 2,34535.406,3829.17388888889,9.0,7.0,2.0,2.0,9.0,12.0,9.0,2.0,0.0,0.0,0.0,0.0,2.0,2.0,2.0,2.0,36.032,18.004,1.0,12366920
PSAVTMK,641188,2021-01-20 10:52:32.859000-05:00,,2021-01-20 15:17:28.895000-05:00,,1,,,,,,Treatment 2,,,1.0,,,,,0.0,1.0,0.0,0.0,0.0,0.0,0.0,0.0,1.0,,,,,,12349871
PSAVTMK,641195,2021-01-20 10:52:32.859000-05:00,,2021-01-20 11:55:16.038000-05:00,2021-01-20 14:21:46.287000-05:00,1,,,,,,Control,437.711,69.1292,5.0,3.0,1.0,1.0,5.0,9.0,5.0,1.0,0.0,0.0,0.0,0.0,1.0,1.0,2.0,0.0,8342.908,4152.4095,1.0,12325252
PSAVTMK,641200,2021-01-20 10:52:32.859000-05:00,,2021-01-21 17:25:47.839000-05:00,2021-01-21 17:42:04.379000-05:00,1,,,,,,Control,717.933,82.95825,8.0,6.0,2.0,,8.0,10.0,8.0,0.0,0.0,0.0,0.0,0.0,0.0,1.0,2.0,2.0,245.802,122.9,1.0,12433020
PSAVTMK,641210,2021-01-20 10:52:32.859000-05:00,,2021-01-27 16:56:28.537000-05:00,2021-01-27 17:12:02.319000-05:00,1,,,,,,Control,428.635,70.6396666666667,6.0,5.0,1.0,,6.0,7.0,6.0,0.0,0.0,0.0,0.0,0.0,0.0,1.0,2.0,0.0,498.226,93.425,1.0,12711254
PSAVTMK,641216,2021-01-20 10:52:32.859000-05:00,,2021-01-20 12:08:10.429000-05:00,,2,,,,,,Control,11122.722,2744.57575,4.0,3.0,1.0,1.0,3.0,6.0,4.0,1.0,0.0,0.0,0.0,0.0,1.0,2.0,1.0,,,,1.0,12326900
PSAVTMK,641219,2021-01-20 10:52:32.859000-05:00,,2021-01-21 22:03:12.099000-05:00,2021-01-21 22:15:40.116000-05:00,1,,,,,,Control,609.827,203.265666666667,3.0,3.0,,,3.0,3.0,3.0,0.0,0.0,0.0,0.0,0.0,0.0,1.0,2.0,1.0,132.698,32.1245,1.0,12439328
PSAVTMK,641229,2021-01-20 10:52:32.859000-05:00,,2021-01-20 10:52:47.579000-05:00,2021-01-20 15:12:40.355000-05:00,3,,,,,,Treatment 2,15280.779,1886.210125,8.0,5.0,1.0,,8.0,12.0,8.0,0.0,0.0,0.0,0.0,0.0,0.0,2.0,2.0,0.0,293.974,45.831,1.0,12317247
PSAVTMK,641232,2021-01-20 10:52:32.859000-05:00,,2021-01-21 07:57:59.519000-05:00,,1,,,,,,Treatment 3,,,1.0,,,,,0.0,1.0,0.0,0.0,0.0,0.0,0.0,0.0,1.0,,,,,,12366863
PSAVTMK,641234,2021-01-20 10:52:32.859000-05:00,,2021-01-20 19:27:50.550000-05:00,2021-01-20 19:32:15.242000-05:00,1,,,,,,Treatment 1,123.087,30.76875,4.0,4.0,,,4.0,4.0,4.0,0.0,0.0,0.0,0.0,0.0,0.0,1.0,2.0,0.0,135.075,45.772,1.0,12360927
PSAVTMK,642917,2021-01-20 11:52:39.081000-05:00,,2021-01-20 11:53:16.269000-05:00,,2,,,,,,Treatment 1,969.201,147.264,6.0,2.0,2.0,1.0,4.0,10.0,6.0,2.0,0.0,0.0,0.0,0.0,2.0,2.0,,,,,,12324989
PSAVTMK,644322,2021-01-20 10:52:32.859000-05:00,,2021-01-20 18:49:40.719000-05:00,2021-01-20 18:58:59.689000-05:00,1,,,,,,Treatment 1,354.578,88.638,4.0,4.0,,,4.0,4.0,4.0,0.0,0.0,0.0,0.0,0.0,0.0,1.0,2.0,2.0,198.962,99.4755,1.0,12359967
PSAVTMK,644323,2021-01-20 11:52:39.081000-05:00,,2021-01-21 12:15:46.296000-05:00,,1,,,,,,Control,,,1.0,,,,,0.0,1.0,0.0,0.0,0.0,0.0,0.0,0.0,1.0,,,,,,12398461
PSAVTMK,644328,2021-01-20 11:52:39.081000-05:00,,2021-01-20 12:10:54.949000-05:00,2021-01-20 14:41:32.596000-05:00,2,,,,,,Treatment 1,8817.77,1460.19416666667,6.0,4.0,1.0,0.0,5.0,7.0,6.0,1.0,0.0,0.0,0.0,0.0,0.0,2.0,2.0,1.0,212.617,50.372,1.0,12327237
PSAVTMK,644333,2021-01-20 13:23:17.128000-05:00,,2021-01-20 13:29:15.467000-05:00,2021-01-20 20:56:52.590000-05:00,2,,,,,,Treatment 1,26789.569,4429.637,6.0,4.0,1.0,0.0,5.0,8.0,6.0,1.0,0.0,0.0,0.0,0.0,1.0,2.0,2.0,2.0,55.249,27.618,1.0,12336676
PSAVTMK,644369,2021-01-20 11:52:39.081000-05:00,,2021-01-20 11:55:48.842000-05:00,,4,,,,,,Treatment 2,14073.644,1215.03272727273,11.0,4.0,4.0,2.0,10.0,29.0,11.0,4.0,0.0,0.0,0.0,0.0,4.0,3.0,,,,,,12325293
PSAVTMK,644417,2021-01-20 11:52:39.081000-05:00,,2021-01-22 16:41:35.604000-05:00,,1,,,,,,Treatment 3,,,1.0,,,,,0.0,1.0,0.0,0.0,0.0,0.0,0.0,0.0,1.0,,,,,,12489898
PSAVTMK,644556,2021-01-20 11:52:39.081000-05:00,,2021-01-20 11:52:59.801000-05:00,,1,,,,,,Treatment 1,163.458,12.35075,5.0,0.0,0.0,0.0,0.0,5.0,5.0,4.0,0.0,0.0,0.0,0.0,4.0,1.0,,,,,,12324950
PSAVTMK,648941,2021-01-20 13:23:17.128000-05:00,,2021-01-20 14:02:30.520000-05:00,,1,,,,,,Treatment 3,198.53,99.248,2.0,2.0,,,2.0,2.0,2.0,0.0,0.0,0.0,0.0,0.0,0.0,1.0,2.0,0.0,146.444,97.849,1.0,12341405
PSAVTMK,648942,2021-01-20 13:23:17.128000-05:00,,2021-01-20 13:33:31.917000-05:00,,1,,,,,,Treatment 3,,,1.0,,,,,0.0,1.0,0.0,0.0,0.0,0.0,0.0,0.0,1.0,,,,,,12337282
PSAVTMK,648943,2021-01-20 13:23:17.128000-05:00,,2021-01-20 13:37:10.491000-05:00,,1,,,,,,Treatment 1,777.732,93.755375,8.0,7.0,1.0,1.0,8.0,9.0,8.0,1.0,0.0,0.0,0.0,0.0,1.0,1.0,1.0,,,,1.0,12337760
PSAVTMK,648984,2021-01-20 13:23:17.128000-05:00,,2021-01-20 22:52:40.197000-05:00,2021-01-20 23:13:42.727000-05:00,1,,,,,,Treatment 3,931.681,54.7132,5.0,2.0,1.0,,5.0,8.0,5.0,0.0,0.0,0.0,0.0,0.0,0.0,1.0,2.0,2.0,205.517,102.7565,1.0,12364643
PSAVTMK,648985,2021-01-20 13:23:17.128000-05:00,,2021-01-20 13:23:18.428000-05:00,2021-01-20 13:25:45.595000-05:00,1,,,,,,Control,80.488,26.8276666666667,3.0,3.0,,,3.0,3.0,3.0,0.0,0.0,0.0,0.0,0.0,0.0,1.0,2.0,2.0,62.732,31.365,1.0,12335828
PSAVTMK,649004,2021-01-20 13:23:17.128000-05:00,,2021-01-21 18:27:50.730000-05:00,,1,,,,,,Control,,,1.0,,,,,0.0,1.0,0.0,0.0,0.0,0.0,0.0,0.0,1.0,,,,,,12435222
PSAVTMK,649020,2021-01-20 13:23:17.128000-05:00,,2021-01-20 13:30:52.519000-05:00,,1,,,,,,Control,,,1.0,,,,,0.0,1.0,0.0,0.0,0.0,0.0,0.0,0.0,1.0,,,,,,12336881
PSAVTMK,649128,2021-01-20 13:23:17.128000-05:00,,2021-01-20 13:24:41.109000-05:00,,1,,,,,,Treatment 1,66.771,66.771,1.0,0.0,,,0.0,0.0,1.0,0.0,0.0,0.0,0.0,0.0,0.0,1.0,,,,,,12335990
PSAVTMK,650860,2021-01-25 22:38:50.701000-05:00,2021-01-26 18:00:00-05:00,2021-01-26 13:32:53.496000-05:00,2021-01-31 20:25:50.728000-05:00,4,,,,,,Treatment 1,456575.13,50694.3641111111,9.0,4.0,1.0,0.0,8.0,17.0,9.0,2.0,0.0,0.0,0.0,0.0,2.0,3.0,2.0,0.0,182.338,28.728,1.0,12619199
PSAVTMK,661515,2021-04-19 13:45:00-04:00,2021-04-23 16:00:00-04:00,2021-04-22 12:51:56.835000-04:00,,1,,,,,,Treatment 1,,,1.0,,,,,0.0,1.0,0.0,0.0,0.0,0.0,0.0,0.0,1.0,,,,,,15800319
PSAVTMK,662389,2021-04-19 13:45:00-04:00,2021-04-23 16:00:00-04:00,2021-04-26 13:00:15.981000-04:00,,2,,,,,,Treatment 1,217.144,208.902,1.0,0.0,,,1.0,1.0,1.0,0.0,0.0,0.0,0.0,0.0,0.0,1.0,,,,,,15880595
PSAVTMK,663875,2021-04-19 13:45:00-04:00,2021-04-23 16:00:00-04:00,2021-04-21 19:41:27.492000-04:00,2021-04-21 19:46:42.165000-04:00,1,,,,,,Treatment 3,224.937,112.459,2.0,2.0,,,2.0,2.0,2.0,0.0,0.0,0.0,0.0,0.0,0.0,1.0,2.0,2.0,82.83,41.4105,1.0,15776713
PSAVTMK,670123,2020-09-08 13:09:00-04:00,,2020-09-30 11:46:31.238000-04:00,,1,,,,,,Treatment 3,,,1.0,,,,,0.0,1.0,0.0,0.0,0.0,0.0,0.0,0.0,1.0,,,,,,6770670
PSAVTMK,670992,2021-05-05 09:39:41.406000-04:00,,2021-05-05 10:31:30.859000-04:00,,2,,,,,,Control,425.97,54.1593333333333,7.0,2.0,1.0,0.0,6.0,13.0,7.0,2.0,0.0,0.0,0.0,0.0,2.0,2.0,,,,,,16155264
PSAVTMK,671339,2021-05-05 09:39:41.403000-04:00,,2021-05-05 10:06:09.218000-04:00,,1,,,,,,Treatment 3,186.213,77.212,3.0,0.0,0.0,0.0,2.0,5.0,3.0,1.0,0.0,0.0,0.0,0.0,1.0,1.0,,,,,,16153646
PSAVTMK,671401,2021-05-05 09:39:41.403000-04:00,,2021-05-05 16:08:45.371000-04:00,2021-05-19 17:48:54.474000-04:00,4,,,,,,Treatment 1,1215507.834,24.1768333333333,12.0,7.0,3.0,1.0,12.0,19.0,12.0,1.0,0.0,0.0,0.0,0.0,1.0,2.0,2.0,0.0,90.773,31.084,1.0,16176437
PSAVTMK,671413,2021-05-05 09:39:41.403000-04:00,,2021-05-05 09:57:13.579000-04:00,2021-05-05 10:00:49.877000-04:00,1,,,,,,Control,118.802,39.5983333333333,3.0,3.0,,,3.0,3.0,3.0,0.0,0.0,0.0,0.0,0.0,0.0,1.0,2.0,0.0,94.585,30.5505,1.0,16153127
PSAVTMK,671416,2021-05-05 09:39:41.403000-04:00,,2021-05-05 09:59:10.104000-04:00,2021-05-05 10:03:09.517000-04:00,1,,,,,,Control,123.182,41.0356666666667,3.0,3.0,,,3.0,3.0,3.0,0.0,0.0,0.0,0.0,0.0,0.0,1.0,2.0,0.0,110.887,48.924,1.0,16153248
PSAVTMK,671418,2021-05-05 09:39:41.403000-04:00,,2021-05-12 18:56:50.513000-04:00,2021-05-12 18:58:33.258000-04:00,1,,,,,,Treatment 3,44.671,22.324,2.0,2.0,,,2.0,2.0,2.0,0.0,0.0,0.0,0.0,0.0,0.0,1.0,2.0,1.0,54.502,19.7835,1.0,16360787
PSAVTMK,671424,2021-05-05 09:39:41.403000-04:00,,2021-05-05 10:19:02.940000-04:00,2021-05-05 10:21:09.414000-04:00,1,,,,,,Treatment 3,75.37,37.6795,2.0,2.0,,,2.0,2.0,2.0,0.0,0.0,0.0,0.0,0.0,0.0,1.0,2.0,2.0,46.198,23.097,1.0,16154359
PSAVTMK,671427,2021-05-05 09:39:41.403000-04:00,,2021-05-05 09:56:59.809000-04:00,2021-06-02 10:59:36.785000-04:00,2,,,,,,Treatment 3,1015.534,161.0426,5.0,2.0,1.0,1.0,5.0,14.0,5.0,2.0,0.0,0.0,0.0,0.0,2.0,1.0,2.0,1.0,2421932.362,1210954.2735,2.0,16153112
PSAVTMK,671432,2021-05-05 09:39:41.403000-04:00,,2021-05-05 10:02:46.899000-04:00,,1,,,,,,Control,,,1.0,,,,,0.0,1.0,0.0,0.0,0.0,0.0,0.0,0.0,1.0,,,,,,16153474
PSAVTMK,671433,2021-06-02 09:18:57.654000-04:00,,2021-06-02 09:57:33.811000-04:00,,1,,,,,,Treatment 3,150.827,42.47,3.0,2.0,1.0,,3.0,4.0,3.0,0.0,0.0,0.0,0.0,0.0,0.0,1.0,1.0,,,,1.0,16680986
PSAVTMK,671437,2021-05-05 09:39:41.403000-04:00,,2021-05-05 10:02:05.535000-04:00,,1,,,,,,Control,25.477,25.477,1.0,0.0,,,1.0,1.0,1.0,0.0,0.0,0.0,0.0,0.0,0.0,1.0,,,,,,16153435
PSAVTMK,671445,2021-05-05 09:39:41.403000-04:00,,2021-05-05 09:57:25.166000-04:00,,1,,,,,,Treatment 1,692.255,50.5255,10.0,5.0,3.0,2.0,10.0,24.0,10.0,3.0,0.0,0.0,0.0,0.0,3.0,1.0,,,,,,16153141
PSAVTMK,671447,2021-06-02 09:18:57.654000-04:00,,2021-06-04 10:42:19.307000-04:00,,1,,,,,,Control,,,1.0,,,,,0.0,1.0,0.0,0.0,0.0,0.0,0.0,0.0,1.0,,,,,,16707480
PSAVTMK,671449,2021-05-05 09:39:41.403000-04:00,,2021-05-05 09:56:41.086000-04:00,2021-05-05 10:02:40.669000-04:00,1,,,,,,Control,251.942,47.3788,5.0,4.0,1.0,,5.0,6.0,5.0,0.0,0.0,0.0,0.0,0.0,0.0,1.0,2.0,2.0,78.479,39.226,1.0,16153097
PSAVTMK,671453,2021-05-05 09:39:41.403000-04:00,,2021-05-11 21:31:26.149000-04:00,,1,,,,,,Treatment 2,,,1.0,,,,,0.0,1.0,0.0,0.0,0.0,0.0,0.0,0.0,1.0,,,,,,16329330
PSAVTMK,671456,2021-05-05 09:39:41.403000-04:00,,2021-05-05 10:09:47.800000-04:00,2021-05-05 10:14:30.646000-04:00,1,,,,,,Treatment 1,215.983,53.991,4.0,4.0,,,4.0,4.0,4.0,0.0,0.0,0.0,0.0,0.0,0.0,1.0,2.0,2.0,62.075,31.035,1.0,16153859
PSAVTMK,671459,2021-06-02 09:18:57.654000-04:00,,2021-06-02 09:59:11.957000-04:00,2021-06-04 10:35:57.774000-04:00,2,,,,,,Treatment 2,174498.432,10253.5757647059,17.0,8.0,3.0,2.0,17.0,34.0,17.0,5.0,0.0,0.0,0.0,0.0,5.0,2.0,2.0,0.0,462.794,161.9395,1.0,16681042
PSAVTMK,671461,2021-05-05 09:39:41.403000-04:00,,2021-05-05 09:59:36.859000-04:00,2021-05-05 10:04:28.412000-04:00,2,,,,,,Treatment 2,228.342,45.6564,5.0,5.0,,,5.0,5.0,5.0,0.0,0.0,0.0,0.0,0.0,0.0,2.0,2.0,2.0,56.723,28.3535,1.0,16153280
PSAVTMK,671464,2021-06-02 09:18:57.654000-04:00,,2021-06-02 10:10:58.015000-04:00,,3,,,,,,Treatment 2,173946.204,86940.619,2.0,0.0,0.0,0.0,2.0,5.0,2.0,1.0,0.0,0.0,0.0,0.0,1.0,3.0,,,,,,16681404
PSAVTMK,671471,2021-06-02 09:18:57.654000-04:00,,2021-06-02 09:58:19.498000-04:00,2021-06-02 10:03:45.188000-04:00,1,,,,,,Control,108.119,17.5618,5.0,3.0,1.0,,5.0,7.0,5.0,0.0,0.0,0.0,0.0,0.0,0.0,1.0,2.0,0.0,191.881,45.3925,1.0,16681005
PSAVTMK,671478,2021-05-05 09:39:41.403000-04:00,,2021-05-05 09:57:16.808000-04:00,2021-05-05 10:01:36.634000-04:00,1,,,,,,Treatment 3,123.884,61.9395,2.0,2.0,,,2.0,2.0,2.0,0.0,0.0,0.0,0.0,0.0,0.0,1.0,2.0,2.0,127.316,63.656,1.0,16153132
PSAVTMK,671498,2021-05-05 09:39:41.403000-04:00,,2021-05-05 10:12:44.296000-04:00,2021-05-05 10:19:02.064000-04:00,1,,,,,,Treatment 3,116.953,58.467,2.0,2.0,,,2.0,2.0,2.0,0.0,0.0,0.0,0.0,0.0,0.0,1.0,2.0,0.0,254.017,102.787,1.0,16154014
PSAVTMK,671504,2021-05-05 09:39:41.403000-04:00,,2021-05-05 10:02:28.217000-04:00,2021-05-05 10:07:37.137000-04:00,1,,,,,,Treatment 2,196.99,39.3962,5.0,5.0,,,5.0,5.0,5.0,0.0,0.0,0.0,0.0,0.0,0.0,1.0,2.0,0.0,101.216,28.047,1.0,16153458
PSAVTMK,671507,2021-06-02 09:18:57.654000-04:00,,2021-06-02 10:07:05.269000-04:00,,1,,,,,,Treatment 2,357.537,25.0453,10.0,5.0,1.0,,10.0,15.0,10.0,0.0,0.0,0.0,0.0,0.0,0.0,1.0,,,,,,16681266
PSAVTMK,671540,2021-05-05 09:39:41.403000-04:00,,2021-05-05 09:56:00.278000-04:00,2021-05-05 10:09:00.400000-04:00,2,,,,,,Control,631.929,210.640666666667,3.0,3.0,,,3.0,3.0,3.0,0.0,0.0,0.0,0.0,0.0,0.0,2.0,2.0,0.0,144.381,28.5965,1.0,16153018
PSAVTMK,671590,2021-06-02 09:18:57.654000-04:00,,2021-06-04 10:05:11.255000-04:00,2021-06-04 10:43:56.565000-04:00,2,,,,,,Control,2241.67,747.216333333333,3.0,3.0,,,3.0,3.0,3.0,0.0,0.0,0.0,0.0,0.0,0.0,2.0,2.0,0.0,80.463,22.1065,1.0,16706762
PSAVTMK,671639,2021-05-05 09:39:41.403000-04:00,,2021-05-05 10:07:42.092000-04:00,,1,,,,,,Treatment 3,,,1.0,,,,,0.0,1.0,0.0,0.0,0.0,0.0,0.0,0.0,1.0,,,,,,16153749
PSAVTMK,671642,2021-05-05 09:39:41.403000-04:00,,2021-05-06 09:53:21.239000-04:00,2021-05-06 09:59:28.096000-04:00,1,,,,,,Control,118.083,39.3573333333333,3.0,3.0,,,3.0,3.0,3.0,0.0,0.0,0.0,0.0,0.0,0.0,1.0,2.0,0.0,245.386,53.4005,1.0,16187890
PSAVTMK,671668,2020-09-29 09:00:00-04:00,2020-09-30 21:02:00-04:00,2020-09-29 09:03:07.331000-04:00,2020-11-05 15:26:33.661000-05:00,11,,,,,,Treatment 2,3223076.206,102449.167222222,9.0,5.0,1.0,0.0,9.0,14.0,9.0,3.0,0.0,0.0,0.0,0.0,3.0,3.0,2.0,1.0,292.681,78.051,2.0,6610941
PSAVTMK,671699,2020-09-29 09:00:00-04:00,2020-09-30 21:02:00-04:00,2020-09-29 17:48:13.946000-04:00,2020-09-29 17:52:27.102000-04:00,1,,,,,,Treatment 3,203.752,55.919,3.0,2.0,1.0,,3.0,4.0,3.0,0.0,0.0,0.0,0.0,0.0,0.0,1.0,2.0,2.0,40.027,20.0105,1.0,6713229
PSAVTMK,671700,2020-09-29 09:00:00-04:00,2020-09-30 21:02:00-04:00,2020-09-30 07:32:51.489000-04:00,2020-09-30 09:08:24.859000-04:00,4,,,,,,Control,5678.807,58.00025,4.0,3.0,1.0,1.0,4.0,6.0,4.0,1.0,0.0,0.0,0.0,0.0,1.0,2.0,2.0,2.0,44.832,22.4125,1.0,6729024
PSAVTMK,671704,2020-09-29 09:00:00-04:00,2020-09-30 21:02:00-04:00,2020-09-29 10:30:02.599000-04:00,2020-09-29 10:59:53.078000-04:00,3,,,,,,Treatment 3,1385.578,64.6831818181818,11.0,3.0,2.0,1.0,11.0,40.0,11.0,6.0,0.0,0.0,0.0,0.0,6.0,2.0,2.0,0.0,388.819,72.3065,1.0,6628602
PSAVTMK,671726,2020-09-29 09:00:00-04:00,2020-09-30 21:02:00-04:00,2020-09-29 11:25:21.525000-04:00,,1,,,,,,Control,331.343,16.9458181818182,11.0,2.0,2.0,1.0,10.0,24.0,11.0,5.0,0.0,0.0,0.0,0.0,5.0,1.0,,,,,,6642300
PSAVTMK,671728,2020-09-29 09:00:00-04:00,2020-09-30 21:02:00-04:00,2020-09-30 09:33:17.109000-04:00,2020-09-30 10:48:58.417000-04:00,2,,,,,,Treatment 2,4242.244,53.6017,10.0,8.0,2.0,1.0,10.0,18.0,10.0,1.0,0.0,0.0,0.0,0.0,1.0,2.0,2.0,1.0,279.624,130.9545,1.0,6740774
PSAVTMK,671741,2020-09-29 09:00:00-04:00,2020-09-30 21:02:00-04:00,2020-09-29 09:03:30.207000-04:00,2020-09-29 20:09:45.790000-04:00,2,,,,,,Treatment 2,1168.905,42.21625,12.0,5.0,1.0,0.0,11.0,31.0,12.0,3.0,0.0,0.0,0.0,0.0,3.0,2.0,2.0,0.0,124.554,41.0305,1.0,6611008
PSAVTMK,671750,2020-09-29 09:00:00-04:00,2020-09-30 21:02:00-04:00,2020-09-29 14:44:20.962000-04:00,,1,,,,,,Treatment 2,1199.986,32.7545454545455,11.0,5.0,2.0,2.0,10.0,25.0,11.0,5.0,0.0,0.0,0.0,0.0,5.0,1.0,,,,,,6690321
PSAVTMK,671760,2020-09-29 09:00:00-04:00,2020-09-30 21:02:00-04:00,2020-09-29 09:03:21.884000-04:00,,5,,,,,,Control,196608.088,19264.9159,11.0,3.0,2.0,1.0,9.0,24.0,11.0,4.0,0.0,0.0,0.0,0.0,4.0,4.0,,,,,,6610982
PSAVTMK,671770,2020-09-29 09:00:00-04:00,2020-09-30 21:02:00-04:00,2020-09-29 09:06:27.948000-04:00,2020-09-29 09:50:43.612000-04:00,2,,,,,,Treatment 1,2566.352,49.8607777777778,9.0,7.0,2.0,,9.0,14.0,9.0,0.0,0.0,0.0,0.0,0.0,0.0,2.0,2.0,2.0,77.737,38.8645,1.0,6611611
PSAVTMK,671938,2020-09-29 09:00:00-04:00,2020-09-30 21:02:00-04:00,2020-10-04 17:05:18.837000-04:00,,4,,,,,,Treatment 2,349704.482,5794.7479,11.0,2.0,2.0,2.0,10.0,29.0,11.0,8.0,0.0,0.0,0.0,0.0,8.0,3.0,,,,,,7055874
PSAVTMK,672612,2020-09-29 09:00:00-04:00,2020-09-30 21:02:00-04:00,2020-09-29 15:59:17.072000-04:00,2020-09-29 17:29:12.114000-04:00,1,,,,,,Control,4935.143,392.1449,10.0,5.0,1.0,1.0,8.0,14.0,10.0,4.0,0.0,0.0,0.0,0.0,4.0,1.0,2.0,1.0,405.499,160.5825,1.0,6702623
PSAVTMK,675490,2020-09-29 09:00:00-04:00,2020-09-30 21:02:00-04:00,2020-09-29 15:16:55.055000-04:00,,6,,,,,,Control,104823.059,173.382090909091,11.0,5.0,2.0,0.0,10.0,28.0,11.0,3.0,0.0,0.0,0.0,0.0,3.0,2.0,1.0,,,,1.0,6696253
PSAVTMK,676329,2021-05-05 09:39:41.406000-04:00,,2021-05-05 14:51:38.654000-04:00,2021-05-05 15:07:48.922000-04:00,1,,,,,,Treatment 3,627.369,313.681,2.0,2.0,,,2.0,2.0,2.0,0.0,0.0,0.0,0.0,0.0,0.0,1.0,2.0,0.0,334.608,121.426,1.0,16173416
PSAVTMK,676341,2021-05-05 09:39:41.406000-04:00,,2021-05-05 10:23:40.918000-04:00,,3,,,,,,Treatment 3,1899.678,128.397833333333,12.0,4.0,3.0,2.0,12.0,28.0,12.0,6.0,0.0,0.0,0.0,0.0,6.0,2.0,2.0,0.0,206.575,185.321,1.0,16154734
PSAVTMK,676342,2021-05-05 09:39:41.406000-04:00,,2021-05-05 10:19:17.821000-04:00,2021-05-05 10:24:09.454000-04:00,1,,,,,,Control,104.105,34.6986666666667,3.0,3.0,,,3.0,3.0,3.0,0.0,0.0,0.0,0.0,0.0,0.0,1.0,2.0,1.0,183.589,72.871,1.0,16154377
PSAVTMK,676344,2021-06-02 09:18:57.656000-04:00,,2021-06-02 10:21:43.202000-04:00,2021-06-02 10:36:37.384000-04:00,1,,,,,,Control,777.17,81.2551111111111,9.0,5.0,2.0,,9.0,13.0,9.0,0.0,0.0,0.0,0.0,0.0,0.0,1.0,2.0,0.0,111.689,42.031,1.0,16681735
PSAVTMK,676348,2021-06-02 09:18:57.656000-04:00,,2021-06-02 10:21:00.801000-04:00,2021-06-02 10:25:38.876000-04:00,1,,,,,,Treatment 3,89.628,44.805,2.0,2.0,,,2.0,2.0,2.0,0.0,0.0,0.0,0.0,0.0,0.0,1.0,2.0,1.0,183.715,78.0775,1.0,16681683
PSAVTMK,676350,2021-05-05 09:39:41.406000-04:00,,2021-05-05 10:25:41.566000-04:00,2021-05-05 10:33:37.840000-04:00,1,,,,,,Treatment 2,331.112,34.86475,8.0,6.0,1.0,,8.0,11.0,8.0,0.0,0.0,0.0,0.0,0.0,0.0,1.0,2.0,1.0,140.426,56.553,1.0,16154894
PSAVTMK,676351,2021-06-02 09:18:57.656000-04:00,,2021-06-02 10:22:35.693000-04:00,2021-06-02 10:41:03.495000-04:00,1,,,,,,Treatment 1,153.479,38.36025,4.0,4.0,,,4.0,4.0,4.0,0.0,0.0,0.0,0.0,0.0,0.0,1.0,2.0,0.0,946.596,184.3185,1.0,16681773
PSAVTMK,676361,2021-05-05 09:39:41.406000-04:00,,2021-05-05 10:20:55.512000-04:00,2021-05-05 10:26:09.492000-04:00,1,,,,,,Treatment 3,142.199,21.9701666666667,6.0,4.0,2.0,,6.0,8.0,6.0,0.0,0.0,0.0,0.0,0.0,0.0,1.0,2.0,1.0,167.488,77.4685,1.0,16154513
PSAVTMK,676363,2021-05-05 09:39:41.406000-04:00,,2021-05-05 10:22:51.309000-04:00,,1,,,,,,Treatment 1,1152.297,1152.214,2.0,1.0,,,1.0,1.0,2.0,0.0,0.0,0.0,0.0,0.0,0.0,1.0,,,,,,16154657
PSAVTMK,676391,2021-05-05 09:39:41.406000-04:00,,2021-05-05 10:20:41.394000-04:00,2021-05-05 10:22:38.195000-04:00,1,,,,,,Treatment 1,71.703,17.92175,4.0,4.0,,,4.0,4.0,4.0,0.0,0.0,0.0,0.0,0.0,0.0,1.0,2.0,2.0,41.575,20.783,1.0,16154491
PSAVTMK,676395,2021-05-05 09:39:41.406000-04:00,,2021-05-05 10:25:47.087000-04:00,,1,,,,,,Treatment 1,538.27,49.416,8.0,6.0,2.0,,8.0,15.0,8.0,0.0,0.0,0.0,0.0,0.0,0.0,1.0,1.0,0.0,104.001,104.001,1.0,16154901
PSAVTMK,676416,2021-05-05 09:39:41.406000-04:00,,2021-05-05 10:21:52.794000-04:00,2021-05-05 10:40:45.159000-04:00,1,,,,,,Treatment 3,903.433,278.861666666667,3.0,2.0,1.0,1.0,3.0,4.0,3.0,1.0,0.0,0.0,0.0,0.0,0.0,1.0,2.0,0.0,219.206,90.803,1.0,16154575
PSAVTMK,676432,2021-05-05 09:39:41.406000-04:00,,2021-05-05 10:22:20.878000-04:00,,1,,,,,,Treatment 1,,,1.0,,,,,0.0,1.0,0.0,0.0,0.0,0.0,0.0,0.0,1.0,,,,,,16154613
PSAVTMK,676447,2021-05-05 09:39:41.406000-04:00,,2021-05-05 10:45:01.227000-04:00,2021-05-05 17:33:50.072000-04:00,2,,,,,,Treatment 2,24027.242,4805.4456,5.0,5.0,,,5.0,5.0,5.0,0.0,0.0,0.0,0.0,0.0,0.0,2.0,2.0,0.0,494.454,50.9905,1.0,16156225
PSAVTMK,676452,2021-05-05 09:39:41.406000-04:00,,2021-05-05 10:26:18.331000-04:00,,2,,,,,,Control,815.115,153.0852,5.0,4.0,1.0,,5.0,7.0,5.0,0.0,0.0,0.0,0.0,0.0,0.0,2.0,2.0,0.0,257.842,135.141,1.0,16154925
PSAVTMK,676507,2021-05-05 09:39:41.406000-04:00,,2021-05-05 10:44:53.216000-04:00,2021-05-06 08:08:47.408000-04:00,2,,,,,,Treatment 3,76926.482,38463.238,2.0,2.0,,,2.0,2.0,2.0,0.0,0.0,0.0,0.0,0.0,0.0,2.0,2.0,1.0,105.116,49.043,1.0,16156216
PSAVTMK,676533,2021-06-02 09:18:57.656000-04:00,,2021-06-04 11:33:12.611000-04:00,2021-06-04 11:42:00.825000-04:00,1,,,,,,Treatment 3,259.277,83.8103333333333,3.0,2.0,1.0,,3.0,4.0,3.0,0.0,0.0,0.0,0.0,0.0,0.0,1.0,2.0,2.0,264.522,132.2585,1.0,16708752
PSAVTMK,676544,2021-05-05 09:39:41.406000-04:00,,2021-05-05 10:23:23.439000-04:00,,1,,,,,,Treatment 3,926.424,158.071,4.0,1.0,0.0,0.0,3.0,10.0,4.0,1.0,0.0,0.0,0.0,0.0,0.0,1.0,,,,,,16154701
PSAVTMK,676579,2021-05-05 09:39:41.406000-04:00,,2021-05-05 10:36:27.857000-04:00,,1,,,,,,Control,507.212,168.713,2.0,0.0,0.0,0.0,2.0,5.0,2.0,1.0,0.0,0.0,0.0,0.0,1.0,1.0,,,,,,16155598
PSAVTMK,676595,2021-05-05 09:39:41.406000-04:00,,2021-05-05 10:25:43.651000-04:00,,2,,,,,,Control,692448.368,173096.40175,5.0,2.0,2.0,1.0,4.0,8.0,5.0,1.0,0.0,0.0,0.0,0.0,1.0,2.0,,,,,,16154896
PSAVTMK,676606,2021-05-05 09:39:41.406000-04:00,,2021-05-05 10:20:57.052000-04:00,2021-05-06 10:14:55.758000-04:00,4,,,,,,Control,1749.402,89.6938125,16.0,7.0,4.0,2.0,16.0,32.0,16.0,5.0,0.0,0.0,0.0,0.0,5.0,3.0,2.0,0.0,208.829,51.8575,1.0,16154515
PSAVTMK,676687,2021-05-05 09:39:41.406000-04:00,,2021-05-05 10:25:00.814000-04:00,,1,,,,,,Treatment 3,,,1.0,,,,,0.0,1.0,0.0,0.0,0.0,0.0,0.0,0.0,1.0,,,,,,16154844
PSAVTMK,677321,2020-09-29 09:00:00-04:00,2020-09-30 21:02:00-04:00,2020-09-29 11:33:03.094000-04:00,2020-09-29 16:28:26.783000-04:00,3,,,,,,Treatment 2,17562.592,1450.90375,12.0,7.0,3.0,3.0,12.0,22.0,12.0,4.0,0.0,0.0,0.0,0.0,4.0,3.0,2.0,0.0,137.247,44.118,1.0,6644174
PSAVTMK,677461,2020-09-29 09:00:00-04:00,2020-09-30 21:02:00-04:00,2020-09-29 11:27:58.086000-04:00,2020-09-29 11:30:30.342000-04:00,1,,,,,,Treatment 3,34.009,16.998,2.0,2.0,,,2.0,2.0,2.0,0.0,0.0,0.0,0.0,0.0,0.0,1.0,2.0,1.0,110.599,25.991,1.0,6642902
PSAVTMK,677486,2020-09-29 09:00:00-04:00,2020-09-30 21:02:00-04:00,2020-09-29 11:15:09.641000-04:00,,1,,,,,,Treatment 1,842.849,75.0492,6.0,3.0,1.0,0.0,5.0,13.0,6.0,1.0,0.0,0.0,0.0,0.0,0.0,1.0,,,,,,6639760
PSAVTMK,677535,2020-09-29 09:00:00-04:00,2020-09-30 21:02:00-04:00,2020-09-29 20:52:56.065000-04:00,,1,,,,,,Treatment 3,686.648,36.3124285714286,7.0,2.0,1.0,,7.0,18.0,7.0,0.0,0.0,0.0,0.0,0.0,0.0,1.0,1.0,0.0,42.895,33.896,1.0,6722334
PSAVTMK,677537,2020-09-29 09:00:00-04:00,2020-09-30 21:02:00-04:00,2020-09-30 09:02:29.050000-04:00,2020-09-30 18:41:08.988000-04:00,2,,,,,,Treatment 3,34556.855,42.3926666666667,6.0,3.0,2.0,,6.0,10.0,6.0,0.0,0.0,0.0,0.0,0.0,0.0,2.0,2.0,1.0,140.59,46.4295,1.0,6735505
PSAVTMK,677575,2020-09-29 09:00:00-04:00,2020-09-30 21:02:00-04:00,2020-09-29 11:17:10.705000-04:00,,1,,,,,,Control,220.802,35.3284,5.0,3.0,1.0,,5.0,7.0,5.0,0.0,0.0,0.0,0.0,0.0,0.0,1.0,1.0,,,,1.0,6640252
PSAVTMK,677583,2020-09-29 09:00:00-04:00,2020-09-30 21:02:00-04:00,2020-09-29 11:54:52.799000-04:00,,3,,,,,,Treatment 1,97546.77,151.27275,9.0,3.0,2.0,1.0,6.0,19.0,9.0,4.0,0.0,0.0,0.0,0.0,4.0,3.0,,,,,,6649617
PSAVTMK,677639,2020-09-29 09:00:00-04:00,2020-09-30 21:02:00-04:00,2020-09-29 13:04:49.953000-04:00,2020-10-01 18:07:40.616000-04:00,2,,,,,,Treatment 3,190751.477,95375.722,2.0,2.0,,,2.0,2.0,2.0,0.0,0.0,0.0,0.0,0.0,0.0,2.0,2.0,2.0,208.291,104.1415,1.0,6666515
PSAVTMK,677973,2020-09-29 09:00:00-04:00,2020-09-30 21:02:00-04:00,2020-09-30 21:10:06.308000-04:00,2020-11-17 12:00:20.407000-05:00,6,,,,,,Treatment 1,3694732.855,52.079,5.0,4.0,1.0,1.0,4.0,12.0,5.0,1.0,0.0,0.0,0.0,0.0,1.0,2.0,2.0,2.0,423041.319,211520.6315,2.0,6840378
PSAVTMK,678062,2020-09-29 09:00:00-04:00,2020-09-30 21:02:00-04:00,2020-09-30 07:31:45.062000-04:00,,1,,,,,,Treatment 2,6610.698,295.3629,10.0,1.0,1.0,1.0,6.0,32.0,10.0,7.0,0.0,0.0,0.0,0.0,5.0,1.0,,,,,,6729005
PSAVTMK,678095,2020-09-29 09:00:00-04:00,2020-09-30 21:02:00-04:00,2020-09-29 11:04:39.002000-04:00,,4,,,,,,Treatment 3,21722.607,2142.5421,10.0,0.0,0.0,0.0,8.0,22.0,10.0,10.0,0.0,0.0,0.0,0.0,10.0,3.0,,,,,,6636993
PSAVTMK,678112,2021-05-05 09:39:41.406000-04:00,,2021-05-07 10:53:41.227000-04:00,,1,,,,,,Treatment 1,,,1.0,,,,,0.0,1.0,0.0,0.0,0.0,0.0,0.0,0.0,1.0,,,,,,16230085
PSAVTMK,678990,2021-01-20 11:52:39.081000-05:00,,2021-01-20 18:45:21.367000-05:00,2021-01-20 19:13:47.438000-05:00,1,,,,,,Treatment 1,1209.474,114.1312,10.0,7.0,2.0,1.0,10.0,14.0,10.0,2.0,0.0,0.0,0.0,0.0,2.0,1.0,2.0,2.0,476.526,238.26,1.0,12359849
PSAVTMK,679414,2020-09-29 09:00:00-04:00,2020-09-30 21:02:00-04:00,2020-10-01 13:03:22.419000-04:00,,5,,,,,,Treatment 3,550229.335,66901.7581428571,7.0,3.0,2.0,1.0,7.0,19.0,7.0,3.0,0.0,0.0,0.0,0.0,3.0,4.0,1.0,,,,1.0,6904098
PSAVTMK,679473,2020-09-29 09:00:00-04:00,2020-09-30 21:02:00-04:00,2020-09-30 20:42:20.234000-04:00,2020-10-05 18:45:51.746000-04:00,3,,,,,,Control,424952.907,84935.0924,5.0,3.0,1.0,1.0,4.0,7.0,5.0,1.0,0.0,0.0,0.0,0.0,1.0,2.0,2.0,2.0,43.366,21.6795,1.0,6839260
PSAVTMK,681678,2020-09-29 09:00:00-04:00,2020-09-30 21:02:00-04:00,2020-09-29 14:16:26.819000-04:00,,1,,,,,,Treatment 2,1791.855,287.4382,5.0,0.0,0.0,0.0,4.0,8.0,5.0,5.0,0.0,0.0,0.0,0.0,5.0,1.0,,,,,,6684010
PSAVTMK,682887,2020-09-29 09:00:00-04:00,2020-09-30 21:02:00-04:00,2020-09-30 11:53:48.616000-04:00,2020-10-13 11:41:19.765000-04:00,7,,,,,,Treatment 3,1122184.876,66444.7891111111,9.0,2.0,1.0,0.0,7.0,16.0,9.0,6.0,0.0,0.0,0.0,0.0,6.0,4.0,2.0,1.0,247.109,86.2075,1.0,6772392
PSAVTMK,683302,2020-09-29 09:00:00-04:00,2020-09-30 21:02:00-04:00,2020-09-29 11:26:52.695000-04:00,2020-09-29 11:35:45.170000-04:00,1,,,,,,Treatment 3,342.882,64.04625,4.0,3.0,1.0,,4.0,5.0,4.0,0.0,0.0,0.0,0.0,0.0,0.0,1.0,2.0,0.0,172.569,42.764,1.0,6642646
PSAVTMK,685466,2020-09-29 09:00:00-04:00,2020-09-30 21:02:00-04:00,2020-09-30 18:57:54.939000-04:00,2020-10-15 13:30:22.664000-04:00,3,,,,,,Treatment 2,1275993.411,255198.6726,5.0,5.0,,,5.0,5.0,5.0,0.0,0.0,0.0,0.0,0.0,0.0,2.0,2.0,2.0,335.05,167.514,1.0,6834667
PSAVTMK,685525,2020-09-29 09:00:00-04:00,2020-09-30 21:02:00-04:00,2020-09-30 10:29:45.548000-04:00,2020-09-30 15:38:12.937000-04:00,3,,,,,,Treatment 3,18352.343,167.853,5.0,2.0,1.0,0.0,5.0,9.0,5.0,1.0,0.0,0.0,0.0,0.0,1.0,2.0,2.0,2.0,142.816,71.405,1.0,6752857
PSAVTMK,688512,2020-09-29 09:00:00-04:00,2020-09-30 21:02:00-04:00,2020-09-29 10:31:39.625000-04:00,,2,,,,,,Treatment 2,27298.629,38.1529090909091,11.0,6.0,2.0,2.0,11.0,21.0,11.0,2.0,0.0,0.0,0.0,0.0,2.0,2.0,,,,,,6628964
PSAVTMK,688883,2020-09-29 09:00:00-04:00,2020-09-30 21:02:00-04:00,2020-09-29 15:36:17.576000-04:00,2020-09-29 17:09:18.873000-04:00,1,,,,,,Treatment 3,4396.582,333.6995,8.0,4.0,3.0,1.0,8.0,14.0,8.0,1.0,0.0,0.0,0.0,0.0,1.0,1.0,2.0,0.0,574.985,203.179,1.0,6700859
PSAVTMK,691200,2020-09-29 09:00:00-04:00,2020-09-30 21:02:00-04:00,2020-09-30 07:16:09.703000-04:00,2020-09-30 07:30:23.990000-04:00,1,,,,,,Treatment 1,599.879,52.2797777777778,9.0,5.0,2.0,1.0,9.0,16.0,9.0,2.0,0.0,0.0,0.0,0.0,2.0,1.0,2.0,2.0,230.939,115.4645,1.0,6728839
PSAVTMK,691319,2020-09-29 09:00:00-04:00,2020-09-30 21:02:00-04:00,2020-09-29 21:22:55.689000-04:00,2020-09-29 21:27:38.468000-04:00,1,,,,,,Treatment 3,149.004,74.495,2.0,2.0,,,2.0,2.0,2.0,0.0,0.0,0.0,0.0,0.0,0.0,1.0,2.0,1.0,125.391,54.3345,1.0,6723391
PSAVTMK,692256,2020-09-29 09:00:00-04:00,2020-09-30 21:02:00-04:00,2020-09-30 20:53:04.127000-04:00,,3,,,,,,Treatment 3,263916.046,43939.4158333333,6.0,3.0,1.0,1.0,5.0,10.0,6.0,3.0,0.0,0.0,0.0,0.0,3.0,2.0,1.0,,,,1.0,6839694
PSAVTMK,692322,2020-09-15 15:11:17.412000-04:00,,2020-09-17 14:18:14.522000-04:00,2020-09-28 03:01:04.241000-04:00,2,,,,,,Control,908604.347,302868.114,3.0,3.0,,,3.0,3.0,3.0,0.0,0.0,0.0,0.0,0.0,0.0,2.0,2.0,0.0,1154.304,540.0495,1.0,5715775
PSAVTMK,692438,2020-09-29 09:00:00-04:00,2020-09-30 21:02:00-04:00,2020-09-30 06:54:32.957000-04:00,,3,,,,,,Treatment 2,1300707.7,130024.308,10.0,6.0,3.0,2.0,9.0,20.0,10.0,3.0,0.0,0.0,0.0,0.0,3.0,2.0,,,,,,6728728
PSAVTMK,692473,2020-09-29 09:00:00-04:00,2020-09-30 21:02:00-04:00,2020-09-30 14:32:08.855000-04:00,,2,,,,,,Control,2860428.507,2860369.492,2.0,0.0,,,1.0,3.0,2.0,0.0,0.0,0.0,0.0,0.0,0.0,2.0,,,,,,6808267
PSAVTMK,692497,2020-09-29 09:00:00-04:00,2020-09-30 21:02:00-04:00,2020-10-06 22:25:28.353000-04:00,,1,,,,,,Treatment 3,525.566,279.425,1.0,0.0,,,1.0,3.0,1.0,0.0,0.0,0.0,0.0,0.0,0.0,1.0,,,,,,7285822
PSAVTMK,692505,2020-09-29 09:00:00-04:00,2020-09-30 21:02:00-04:00,2020-09-29 10:30:21.549000-04:00,2020-09-29 10:33:59.374000-04:00,1,,,,,,Treatment 2,169.096,33.8116,5.0,5.0,,,5.0,5.0,5.0,0.0,0.0,0.0,0.0,0.0,0.0,1.0,2.0,2.0,42.245,21.1165,1.0,6628685
PSAVTMK,696962,2020-09-29 09:00:00-04:00,2020-09-30 21:02:00-04:00,2020-09-30 17:18:55.686000-04:00,2020-10-05 10:38:59.327000-04:00,4,,,,,,Treatment 3,407535.021,10575.8011666667,6.0,3.0,2.0,2.0,6.0,15.0,6.0,3.0,0.0,0.0,0.0,0.0,3.0,3.0,2.0,1.0,454.359,218.9915,1.0,6829320
PSAVTMK,697972,2020-09-15 15:11:17.412000-04:00,,2020-09-15 21:07:35.302000-04:00,2020-09-15 21:22:58.100000-04:00,1,,,,,,Treatment 2,399.771,79.9476,5.0,5.0,,,5.0,5.0,5.0,0.0,0.0,0.0,0.0,0.0,0.0,1.0,2.0,1.0,503.453,153.782,1.0,5506720
PSAVTMK,699017,2020-09-29 09:00:00-04:00,2020-09-30 21:02:00-04:00,2020-10-01 20:37:11.823000-04:00,2020-10-01 20:40:56.384000-04:00,1,,,,,,Control,110.549,36.8443333333333,3.0,3.0,,,3.0,3.0,3.0,0.0,0.0,0.0,0.0,0.0,0.0,1.0,2.0,0.0,107.46,36.013,1.0,6955653
PSAVTMK,700150,2020-09-15 15:11:17.412000-04:00,,2020-09-15 15:29:17.820000-04:00,2020-09-15 15:33:29.934000-04:00,1,,,,,,Control,131.345,43.7803333333333,3.0,3.0,,,3.0,3.0,3.0,0.0,0.0,0.0,0.0,0.0,0.0,1.0,2.0,1.0,113.937,36.477,1.0,5480860
PSAVTMK,700330,2020-11-04 08:45:00-05:00,2020-11-06 00:00:00-05:00,2020-11-04 14:53:57.854000-05:00,2020-11-04 15:15:37.250000-05:00,1,,,,,,Control,934.039,46.0635,6.0,3.0,1.0,0.0,6.0,16.0,6.0,1.0,0.0,0.0,0.0,0.0,0.0,1.0,2.0,1.0,312.847,79.709,1.0,9150835
PSAVTMK,700482,2020-11-04 08:45:00-05:00,2020-11-06 00:00:00-05:00,2020-11-04 12:17:44.355000-05:00,2020-11-04 12:40:04.862000-05:00,1,,,,,,Treatment 3,1174.157,155.607833333333,6.0,3.0,2.0,0.0,6.0,12.0,6.0,1.0,0.0,0.0,0.0,0.0,1.0,1.0,2.0,0.0,132.861,42.455,1.0,9125304
PSAVTMK,700559,2020-11-04 08:45:00-05:00,2020-11-06 00:00:00-05:00,2020-11-04 12:24:02.924000-05:00,2020-11-04 12:35:31.503000-05:00,1,,,,,,Treatment 2,523.215,36.127,13.0,10.0,2.0,,13.0,17.0,13.0,0.0,0.0,0.0,0.0,0.0,0.0,1.0,2.0,0.0,141.41,40.862,1.0,9126272
PSAVTMK,700603,2020-11-04 08:45:00-05:00,2020-11-06 00:00:00-05:00,2020-11-04 12:24:13.876000-05:00,2020-11-05 12:25:19.421000-05:00,3,,,,,,Treatment 2,1839.934,77.8687,20.0,9.0,5.0,5.0,20.0,39.0,20.0,11.0,0.0,0.0,0.0,0.0,11.0,2.0,2.0,1.0,445.66,210.0525,1.0,9126302
PSAVTMK,700605,2020-11-04 08:45:00-05:00,2020-11-06 00:00:00-05:00,2020-11-04 21:59:36.694000-05:00,2020-11-04 22:03:55.319000-05:00,1,,,,,,Treatment 3,123.052,34.578,3.0,2.0,1.0,1.0,2.0,3.0,3.0,1.0,0.0,0.0,0.0,0.0,0.0,1.0,2.0,1.0,114.903,45.246,1.0,9171420
PSAVTMK,700646,2020-09-29 09:00:00-04:00,2020-09-30 21:02:00-04:00,2020-09-30 14:51:53.893000-04:00,2020-10-04 15:02:09.042000-04:00,3,,,,,,Treatment 1,345315.073,96.8067,10.0,6.0,2.0,,9.0,15.0,10.0,0.0,0.0,0.0,0.0,0.0,0.0,2.0,2.0,1.0,874.713,152.3475,1.0,6811905
PSAVTMK,700783,2020-11-04 08:45:00-05:00,2020-11-06 00:00:00-05:00,2020-11-04 14:33:26.990000-05:00,,5,,,,,,Treatment 2,2084.3,106.06275,12.0,5.0,2.0,2.0,12.0,27.0,12.0,4.0,0.0,0.0,0.0,0.0,4.0,4.0,,,,,,9147934
PSAVTMK,700971,2020-09-15 15:11:17.412000-04:00,,2020-09-15 16:07:35.228000-04:00,2020-09-17 12:17:18.519000-04:00,2,,,,,,Treatment 1,256.66,37.323,6.0,5.0,1.0,,6.0,7.0,6.0,0.0,0.0,0.0,0.0,0.0,0.0,1.0,2.0,0.0,158708.293,33.717,2.0,5486849
PSAVTMK,700990,2020-09-15 15:11:17.412000-04:00,,2020-09-17 11:25:21.824000-04:00,2020-09-17 12:16:19.718000-04:00,1,,,,,,Treatment 3,246.351,123.173,2.0,2.0,,,2.0,2.0,2.0,0.0,0.0,0.0,0.0,0.0,0.0,1.0,2.0,1.0,2804.648,1019.926,1.0,5671316
PSAVTMK,700996,2020-09-15 15:11:17.412000-04:00,,2020-09-15 16:02:21.173000-04:00,2020-09-15 16:06:58.935000-04:00,1,,,,,,Control,56.61,18.8676666666667,3.0,3.0,,,3.0,3.0,3.0,0.0,0.0,0.0,0.0,0.0,0.0,1.0,2.0,1.0,216.426,93.7435,1.0,5486135
PSAVTMK,700999,2020-09-15 15:11:17.412000-04:00,,2020-09-15 16:01:20.682000-04:00,2020-09-15 16:12:50.066000-04:00,1,,,,,,Treatment 1,573.662,38.4228181818182,11.0,8.0,2.0,0.0,10.0,13.0,11.0,1.0,0.0,0.0,0.0,0.0,0.0,1.0,2.0,2.0,81.748,40.873,1.0,5485997
PSAVTMK,701027,2020-11-04 08:45:00-05:00,2020-11-06 00:00:00-05:00,2020-11-05 12:58:47.496000-05:00,2020-11-05 15:34:38.211000-05:00,5,,,,,,Treatment 1,9000.472,797.176,11.0,5.0,2.0,2.0,11.0,25.0,11.0,3.0,0.0,0.0,0.0,0.0,3.0,2.0,2.0,2.0,331.596,165.787,1.0,9219914
PSAVTMK,701100,2020-11-04 08:45:00-05:00,2020-11-06 00:00:00-05:00,2020-11-04 12:25:50.895000-05:00,2020-11-04 13:54:28.622000-05:00,2,,,,,,Treatment 2,1125.463,128.099714285714,7.0,5.0,1.0,,7.0,9.0,7.0,0.0,0.0,0.0,0.0,0.0,0.0,2.0,2.0,1.0,4178.224,2075.9605,1.0,9126600
PSAVTMK,701154,2020-11-04 08:45:00-05:00,2020-11-06 00:00:00-05:00,2020-11-05 11:27:43.293000-05:00,2020-11-05 11:47:40.529000-05:00,1,,,,,,Treatment 3,1026.571,128.358833333333,6.0,4.0,2.0,2.0,6.0,10.0,6.0,2.0,0.0,0.0,0.0,0.0,2.0,1.0,2.0,2.0,145.373,72.6825,1.0,9203004
PSAVTMK,701232,2020-11-04 08:45:00-05:00,2020-11-06 00:00:00-05:00,2020-11-04 16:19:35.972000-05:00,2020-11-04 16:29:05.180000-05:00,1,,,,,,Treatment 3,239.633,119.8105,2.0,2.0,,,2.0,2.0,2.0,0.0,0.0,0.0,0.0,0.0,0.0,1.0,2.0,2.0,323.823,161.907,1.0,9159370
PSAVTMK,701254,2020-11-04 08:45:00-05:00,2020-11-06 00:00:00-05:00,2020-11-04 10:06:40.669000-05:00,2020-11-04 10:26:30.629000-05:00,1,,,,,,Treatment 3,888.696,444.328,2.0,2.0,,,2.0,2.0,2.0,0.0,0.0,0.0,0.0,0.0,0.0,1.0,2.0,0.0,267.0,95.1545,1.0,9101929
PSAVTMK,701327,2020-11-04 08:45:00-05:00,2020-11-06 00:00:00-05:00,2020-11-04 14:14:09.535000-05:00,,16,,,,,,Control,952048.497,45254.9981904762,22.0,3.0,3.0,2.0,21.0,42.0,22.0,12.0,0.0,0.0,0.0,0.0,12.0,3.0,,,,,,9145074
PSAVTMK,701534,2020-11-04 08:45:00-05:00,2020-11-06 00:00:00-05:00,2020-11-04 17:30:05.610000-05:00,2020-11-04 17:44:37.911000-05:00,1,,,,,,Control,484.779,89.04125,4.0,3.0,1.0,1.0,4.0,7.0,4.0,1.0,0.0,0.0,0.0,0.0,1.0,1.0,2.0,0.0,370.336,114.797,1.0,9163367
PSAVTMK,701672,2020-11-04 08:45:00-05:00,2020-11-06 00:00:00-05:00,2020-11-04 13:02:00.262000-05:00,2020-11-04 13:30:49.545000-05:00,1,,,,,,Treatment 2,1290.588,258.111,5.0,5.0,,,5.0,5.0,5.0,0.0,0.0,0.0,0.0,0.0,0.0,1.0,2.0,1.0,427.227,206.1385,1.0,9132900
PSAVTMK,701885,2020-11-04 08:45:00-05:00,2020-11-06 00:00:00-05:00,2020-11-11 20:34:29.134000-05:00,2020-11-12 16:43:59.652000-05:00,2,,,,,,Control,72436.794,5496.09446153846,13.0,6.0,3.0,0.0,12.0,23.0,13.0,4.0,0.0,0.0,0.0,0.0,4.0,2.0,2.0,0.0,79.59,26.6485,1.0,9588602
PSAVTMK,702140,2020-11-04 08:45:00-05:00,2020-11-06 00:00:00-05:00,2020-11-05 15:29:39.713000-05:00,2020-11-05 17:47:42.465000-05:00,1,,,,,,Treatment 2,8038.161,355.111818181818,11.0,6.0,2.0,1.0,11.0,36.0,11.0,3.0,0.0,0.0,0.0,0.0,3.0,1.0,2.0,0.0,207.116,83.086,1.0,9246365
PSAVTMK,702315,2020-09-15 15:11:17.412000-04:00,,2020-09-17 12:19:08.744000-04:00,2020-09-17 12:30:39.488000-04:00,1,,,,,,Treatment 2,457.978,70.6895,6.0,5.0,1.0,,6.0,7.0,6.0,0.0,0.0,0.0,0.0,0.0,0.0,1.0,2.0,1.0,223.207,81.8975,1.0,5684823
PSAVTMK,702365,2020-11-04 08:45:00-05:00,2020-11-06 00:00:00-05:00,2020-11-04 18:46:59.934000-05:00,2020-11-04 18:57:50.269000-05:00,1,,,,,,Treatment 2,381.573,76.307,5.0,5.0,,,5.0,5.0,5.0,0.0,0.0,0.0,0.0,0.0,0.0,1.0,2.0,0.0,258.509,100.045,1.0,9166357
PSAVTMK,702392,2020-11-04 08:45:00-05:00,2020-11-06 00:00:00-05:00,2020-11-04 13:43:03.440000-05:00,2020-11-14 15:58:57.727000-05:00,4,,,,,,Treatment 2,871354.964,72363.2050833333,12.0,5.0,1.0,0.0,11.0,28.0,12.0,6.0,0.0,0.0,0.0,0.0,6.0,4.0,2.0,1.0,765.941,242.236,1.0,9139622
PSAVTMK,702422,2020-11-04 08:45:00-05:00,2020-11-06 00:00:00-05:00,2020-11-04 13:33:20.225000-05:00,2020-11-04 13:50:21.977000-05:00,1,,,,,,Treatment 3,721.613,49.4172222222222,9.0,4.0,2.0,,9.0,17.0,9.0,0.0,0.0,0.0,0.0,0.0,0.0,1.0,2.0,1.0,284.62,117.295,1.0,9138127
PSAVTMK,702533,2020-11-04 08:45:00-05:00,2020-11-06 00:00:00-05:00,2020-11-05 22:59:16.341000-05:00,2020-11-05 23:13:47.891000-05:00,1,,,,,,Treatment 3,707.795,40.0835,8.0,2.0,1.0,1.0,8.0,16.0,8.0,4.0,0.0,0.0,0.0,0.0,4.0,1.0,2.0,0.0,146.727,52.168,1.0,9265809
PSAVTMK,702600,2020-11-04 08:45:00-05:00,2020-11-06 00:00:00-05:00,2020-11-18 08:20:35.542000-05:00,2020-11-18 14:58:15.843000-05:00,2,,,,,,Treatment 3,23585.415,3926.84933333333,6.0,4.0,2.0,,6.0,8.0,6.0,0.0,0.0,0.0,0.0,0.0,0.0,2.0,2.0,2.0,260.074,130.029,1.0,9958947
PSAVTMK,702658,2020-11-04 08:45:00-05:00,2020-11-06 00:00:00-05:00,2020-11-05 11:10:37.191000-05:00,2020-11-06 17:23:14.354000-05:00,3,,,,,,Treatment 2,107807.181,8964.22908333333,12.0,8.0,2.0,1.0,12.0,17.0,12.0,3.0,0.0,0.0,0.0,0.0,3.0,2.0,2.0,2.0,913.269,456.629,1.0,9200005
PSAVTMK,702790,2020-09-15 15:11:17.412000-04:00,,2020-09-17 14:38:56.440000-04:00,2020-09-17 14:49:50.675000-04:00,1,,,,,,Treatment 3,287.031,43.3806,5.0,3.0,2.0,,5.0,12.0,5.0,0.0,0.0,0.0,0.0,0.0,0.0,1.0,2.0,0.0,350.337,139.004,1.0,5720591
PSAVTMK,702965,2020-09-15 15:11:17.412000-04:00,,2020-09-15 15:28:54.656000-04:00,2020-09-15 15:31:11.538000-04:00,1,,,,,,Treatment 2,59.323,11.8554,5.0,5.0,,,5.0,5.0,5.0,0.0,0.0,0.0,0.0,0.0,0.0,1.0,2.0,1.0,68.049,20.5645,1.0,5480796
PSAVTMK,702971,2020-09-15 15:11:17.412000-04:00,,2020-09-15 16:02:57.537000-04:00,2020-09-15 16:09:05.902000-04:00,1,,,,,,Control,81.181,27.0486666666667,3.0,3.0,,,3.0,3.0,3.0,0.0,0.0,0.0,0.0,0.0,0.0,1.0,2.0,1.0,278.154,113.085,1.0,5486228
PSAVTMK,703028,2020-11-04 08:45:00-05:00,2020-11-06 00:00:00-05:00,2020-11-04 10:14:55.727000-05:00,2020-11-04 10:19:41.898000-05:00,1,,,,,,Treatment 1,143.611,35.895,4.0,4.0,,,4.0,4.0,4.0,0.0,0.0,0.0,0.0,0.0,0.0,1.0,2.0,1.0,131.102,31.4665,1.0,9103453
PSAVTMK,703344,2020-11-04 08:45:00-05:00,2020-11-06 00:00:00-05:00,2020-11-05 15:25:54.650000-05:00,2020-11-05 16:04:52.450000-05:00,1,,,,,,Treatment 3,1903.522,405.066,4.0,2.0,1.0,1.0,3.0,8.0,4.0,2.0,0.0,0.0,0.0,0.0,2.0,1.0,2.0,0.0,423.32,126.6125,1.0,9245899
PSAVTMK,703901,2020-09-15 15:11:17.412000-04:00,,2020-09-15 16:00:54.492000-04:00,2020-09-15 16:08:12.852000-04:00,1,,,,,,Control,168.198,56.0646666666667,3.0,3.0,,,3.0,3.0,3.0,0.0,0.0,0.0,0.0,0.0,0.0,1.0,2.0,2.0,265.791,132.8945,1.0,5485936
PSAVTMK,703979,2020-11-04 08:45:00-05:00,2020-11-06 00:00:00-05:00,2020-11-04 14:21:27.456000-05:00,2020-11-04 14:44:06.943000-05:00,2,,,,,,Treatment 1,1116.72,79.2696666666667,6.0,4.0,1.0,0.0,6.0,10.0,6.0,1.0,0.0,0.0,0.0,0.0,0.0,2.0,2.0,0.0,226.528,87.4325,1.0,9146211
PSAVTMK,704203,2020-11-04 08:45:00-05:00,2020-11-06 00:00:00-05:00,2020-11-04 18:57:58.084000-05:00,2020-11-04 19:18:50.085000-05:00,1,,,,,,Treatment 3,355.883,177.9305,2.0,2.0,,,2.0,2.0,2.0,0.0,0.0,0.0,0.0,0.0,0.0,1.0,2.0,1.0,888.233,186.9175,1.0,9166734
PSAVTMK,704548,2020-09-29 09:00:00-04:00,2020-09-30 21:02:00-04:00,2020-10-08 11:57:30.397000-04:00,2020-10-08 12:08:37.483000-04:00,1,,,,,,Treatment 3,205.903,54.286,3.0,2.0,1.0,,2.0,3.0,3.0,0.0,0.0,0.0,0.0,0.0,0.0,1.0,2.0,1.0,457.019,223.4125,1.0,7429561
PSAVTMK,704566,2020-09-15 15:11:17.412000-04:00,,2020-09-15 18:49:02.674000-04:00,2020-09-15 19:00:14.477000-04:00,1,,,,,,Treatment 1,181.302,45.32075,4.0,4.0,,,4.0,4.0,4.0,0.0,0.0,0.0,0.0,0.0,0.0,1.0,2.0,0.0,471.657,56.651,1.0,5500021
PSAVTMK,704920,2020-11-04 08:45:00-05:00,2020-11-06 00:00:00-05:00,2020-11-12 15:05:14.351000-05:00,,2,,,,,,Control,88.344,88.344,1.0,0.0,,,0.0,0.0,1.0,0.0,0.0,0.0,0.0,0.0,0.0,1.0,,,,,,9661748
PSAVTMK,704930,2020-11-04 08:45:00-05:00,2020-11-06 00:00:00-05:00,2020-11-04 15:01:36.310000-05:00,2020-11-09 09:17:40.705000-05:00,4,,,,,,Control,85275.583,170.787736842105,19.0,7.0,5.0,3.0,17.0,48.0,19.0,9.0,0.0,0.0,0.0,0.0,9.0,4.0,2.0,0.0,133.173,35.7525,1.0,9151879
PSAVTMK,704974,2020-09-15 15:11:17.412000-04:00,,2020-09-15 17:20:37.333000-04:00,,1,,,,,,Treatment 2,1188.509,88.8856363636364,11.0,4.0,2.0,0.0,11.0,22.0,11.0,2.0,0.0,0.0,0.0,0.0,2.0,1.0,,,,,,5494492
PSAVTMK,705102,2020-09-15 15:11:17.412000-04:00,,2020-09-15 15:35:38.767000-04:00,2020-09-15 15:44:04.807000-04:00,1,,,,,,Control,272.472,90.8223333333333,3.0,3.0,,,3.0,3.0,3.0,0.0,0.0,0.0,0.0,0.0,0.0,1.0,2.0,1.0,226.42,78.8515,1.0,5482020
PSAVTMK,705103,2020-09-15 15:11:17.412000-04:00,,2020-09-17 02:15:52.440000-04:00,2020-09-17 02:25:43.657000-04:00,1,,,,,,Treatment 2,369.165,43.8894285714286,7.0,5.0,1.0,,7.0,9.0,7.0,0.0,0.0,0.0,0.0,0.0,0.0,1.0,2.0,0.0,207.959,69.833,1.0,5631944
PSAVTMK,705128,2020-11-04 08:45:00-05:00,2020-11-06 00:00:00-05:00,2020-11-05 19:15:25.302000-05:00,2020-11-05 20:18:06.346000-05:00,2,,,,,,Treatment 3,3409.7,1056.35366666667,3.0,2.0,1.0,1.0,3.0,7.0,3.0,1.0,0.0,0.0,0.0,0.0,1.0,2.0,2.0,0.0,344.731,141.2775,1.0,9260328
PSAVTMK,705152,2020-09-15 15:11:17.412000-04:00,,2020-09-15 15:24:53.116000-04:00,2020-09-15 15:34:45.564000-04:00,1,,,,,,Treatment 2,421.913,26.4450833333333,12.0,9.0,2.0,,12.0,16.0,12.0,0.0,0.0,0.0,0.0,0.0,0.0,1.0,2.0,0.0,156.727,32.616,1.0,5480055
PSAVTMK,705183,2020-09-15 15:11:17.412000-04:00,,2020-09-15 16:18:06.730000-04:00,2020-09-15 16:39:47.728000-04:00,1,,,,,,Treatment 2,664.784,72.9848333333333,6.0,5.0,1.0,,6.0,7.0,6.0,0.0,0.0,0.0,0.0,0.0,0.0,1.0,2.0,1.0,618.278,243.1255,1.0,5488211
PSAVTMK,705235,2020-09-15 15:11:17.412000-04:00,,2020-09-15 16:31:07.715000-04:00,2020-09-15 16:36:13.393000-04:00,1,,,,,,Treatment 3,40.571,20.2835,2.0,2.0,,,2.0,2.0,2.0,0.0,0.0,0.0,0.0,0.0,0.0,1.0,2.0,2.0,258.132,129.065,1.0,5489790
PSAVTMK,705250,2020-09-15 15:11:17.412000-04:00,,2020-09-15 15:44:39.495000-04:00,2020-09-15 15:50:36.089000-04:00,1,,,,,,Treatment 2,270.298,54.058,5.0,5.0,,,5.0,5.0,5.0,0.0,0.0,0.0,0.0,0.0,0.0,1.0,2.0,0.0,78.764,28.3015,1.0,5483523
PSAVTMK,705274,2020-09-15 15:11:17.412000-04:00,,2020-09-16 11:55:47.069000-04:00,2020-09-16 12:20:43.748000-04:00,1,,,,,,Control,36.859,12.2843333333333,3.0,3.0,,,3.0,3.0,3.0,0.0,0.0,0.0,0.0,0.0,0.0,1.0,2.0,0.0,1453.964,38.02,1.0,5557492
PSAVTMK,705278,2020-09-15 15:11:17.412000-04:00,,2020-09-16 01:29:58.160000-04:00,2020-09-17 14:25:01.921000-04:00,4,,,,,,Control,255.752,85.2486666666667,3.0,3.0,,,3.0,3.0,3.0,0.0,0.0,0.0,0.0,0.0,0.0,1.0,2.0,0.0,132640.534,290.484,2.0,5512504
PSAVTMK,705281,2020-09-15 15:11:17.412000-04:00,,2020-09-16 15:36:57.110000-04:00,2020-09-16 15:43:19.906000-04:00,1,,,,,,Treatment 2,136.677,27.334,5.0,5.0,,,5.0,5.0,5.0,0.0,0.0,0.0,0.0,0.0,0.0,1.0,2.0,0.0,236.257,26.976,1.0,5605223
PSAVTMK,705282,2020-09-15 15:11:17.412000-04:00,,2020-09-15 15:33:51.868000-04:00,2020-09-15 15:43:09.314000-04:00,1,,,,,,Treatment 1,425.915,26.9534285714286,7.0,5.0,2.0,1.0,7.0,11.0,7.0,1.0,0.0,0.0,0.0,0.0,2.0,1.0,2.0,0.0,115.938,30.9745,1.0,5481717
PSAVTMK,705293,2020-09-15 15:11:17.412000-04:00,,2020-09-15 15:41:01.893000-04:00,2020-09-15 15:50:34.787000-04:00,1,,,,,,Treatment 1,251.91,62.97575,4.0,4.0,,,4.0,4.0,4.0,0.0,0.0,0.0,0.0,0.0,0.0,1.0,2.0,0.0,309.218,64.5165,1.0,5482912
PSAVTMK,705309,2020-09-15 15:11:17.412000-04:00,,2020-09-16 00:21:22.086000-04:00,2020-09-16 00:36:19.996000-04:00,1,,,,,,Treatment 3,238.825,119.4105,2.0,2.0,,,2.0,2.0,2.0,0.0,0.0,0.0,0.0,0.0,0.0,1.0,2.0,0.0,637.795,77.824,1.0,5511906
PSAVTMK,705313,2020-11-04 08:45:00-05:00,2020-11-06 00:00:00-05:00,2020-11-04 18:33:15.348000-05:00,2020-11-04 20:14:14.663000-05:00,3,,,,,,Treatment 1,5941.113,224.563272727273,11.0,6.0,2.0,1.0,11.0,18.0,11.0,4.0,0.0,0.0,0.0,0.0,4.0,3.0,2.0,1.0,64.116,21.5815,1.0,9165883
PSAVTMK,705320,2020-09-15 15:11:17.412000-04:00,,2020-09-15 16:35:03.343000-04:00,2020-09-15 16:44:29.813000-04:00,1,,,,,,Treatment 1,107.631,26.9035,4.0,4.0,,,4.0,4.0,4.0,0.0,0.0,0.0,0.0,0.0,0.0,1.0,2.0,0.0,454.092,95.4595,1.0,5490294
PSAVTMK,705342,2020-09-15 15:11:17.412000-04:00,,2020-09-15 15:48:35.130000-04:00,2020-09-15 15:57:43.723000-04:00,1,,,,,,Treatment 1,289.442,43.9425,6.0,5.0,1.0,,6.0,7.0,6.0,0.0,0.0,0.0,0.0,0.0,0.0,1.0,2.0,0.0,249.714,61.591,1.0,5484100
PSAVTMK,705393,2020-09-15 15:11:17.412000-04:00,,2020-09-15 16:20:01.614000-04:00,2020-09-15 20:25:34.675000-04:00,2,,,,,,Treatment 2,14614.731,1213.1575,12.0,10.0,2.0,1.0,12.0,14.0,12.0,1.0,0.0,0.0,0.0,0.0,0.0,2.0,2.0,0.0,106.962,40.6305,1.0,5488467
PSAVTMK,705438,2020-09-15 15:11:17.412000-04:00,,2020-09-15 15:56:56.241000-04:00,2020-09-15 16:04:00.314000-04:00,1,,,,,,Treatment 1,314.948,33.088375,8.0,6.0,2.0,,8.0,11.0,8.0,0.0,0.0,0.0,0.0,0.0,0.0,1.0,2.0,0.0,87.979,33.465,1.0,5485408
PSAVTMK,705550,2020-09-15 15:11:17.412000-04:00,,2020-09-16 11:06:05.789000-04:00,2020-09-17 10:41:18.537000-04:00,2,,,,,,Treatment 1,280.589,70.1455,4.0,4.0,,,4.0,4.0,4.0,0.0,0.0,0.0,0.0,0.0,0.0,1.0,2.0,0.0,84625.009,42276.1445,2.0,5545840
PSAVTMK,705582,2020-09-15 15:11:17.412000-04:00,,2020-09-17 12:13:06.330000-04:00,2020-09-17 12:18:12.497000-04:00,1,,,,,,Control,160.194,29.625,4.0,3.0,1.0,,4.0,5.0,4.0,0.0,0.0,0.0,0.0,0.0,0.0,1.0,2.0,0.0,140.295,42.346,1.0,5683269
PSAVTMK,705714,2020-09-15 15:11:17.412000-04:00,,2020-09-15 15:33:08.332000-04:00,2020-09-15 15:47:24.072000-04:00,1,,,,,,Treatment 1,155.885,38.96975,4.0,4.0,,,4.0,4.0,4.0,0.0,0.0,0.0,0.0,0.0,0.0,1.0,2.0,1.0,691.373,289.025,1.0,5481614
PSAVTMK,705868,2020-09-15 15:11:17.412000-04:00,,2020-09-15 16:01:11.446000-04:00,2020-09-15 16:24:03.105000-04:00,1,,,,,,Control,1103.732,53.2604166666667,12.0,5.0,3.0,2.0,12.0,25.0,12.0,4.0,0.0,0.0,0.0,0.0,4.0,1.0,2.0,0.0,239.861,78.367,1.0,5485970
PSAVTMK,705878,2020-09-15 15:11:17.412000-04:00,,2020-09-16 03:53:53.002000-04:00,2020-09-23 22:22:55.336000-04:00,2,,,,,,Treatment 2,2640.357,124.7322,20.0,15.0,5.0,,20.0,26.0,20.0,0.0,0.0,0.0,0.0,0.0,0.0,2.0,2.0,1.0,164.896,59.067,1.0,5513143
PSAVTMK,706179,2020-09-15 15:11:17.412000-04:00,,2020-09-15 18:47:36.292000-04:00,,1,,,,,,Control,405.397,27.2815,8.0,6.0,2.0,1.0,8.0,12.0,8.0,1.0,0.0,0.0,0.0,0.0,1.0,1.0,2.0,0.0,75.544,32.858,1.0,5499927
PSAVTMK,706430,2020-09-15 15:11:17.412000-04:00,,2020-09-15 23:04:15.523000-04:00,2020-09-17 01:16:15.706000-04:00,2,,,,,,Control,101.63,33.875,3.0,3.0,,,3.0,3.0,3.0,0.0,0.0,0.0,0.0,0.0,0.0,1.0,2.0,2.0,94212.796,47106.3965,2.0,5510529
PSAVTMK,706507,2020-09-15 15:11:17.412000-04:00,,2020-09-17 14:11:44.029000-04:00,,1,,,,,,Treatment 1,591.451,60.0265714285714,7.0,5.0,1.0,,7.0,9.0,7.0,0.0,0.0,0.0,0.0,0.0,0.0,1.0,1.0,,,,1.0,5714232
PSAVTMK,706567,2020-11-04 08:45:00-05:00,2020-11-06 00:00:00-05:00,2020-11-04 22:39:24.277000-05:00,2020-11-05 22:46:17.169000-05:00,3,,,,,,Treatment 2,86215.966,120.3425,6.0,5.0,1.0,1.0,6.0,14.0,6.0,1.0,0.0,0.0,0.0,0.0,0.0,2.0,2.0,0.0,582.552,156.9095,1.0,9172055
PSAVTMK,706596,2020-09-15 15:11:17.412000-04:00,,2020-09-15 15:38:32.838000-04:00,2020-09-15 15:49:50.533000-04:00,1,,,,,,Treatment 2,322.779,64.5512,5.0,5.0,,,5.0,5.0,5.0,0.0,0.0,0.0,0.0,0.0,0.0,1.0,2.0,1.0,334.812,72.299,1.0,5482486
PSAVTMK,706714,2020-11-04 08:45:00-05:00,2020-11-06 00:00:00-05:00,2020-11-04 14:13:12.018000-05:00,2020-11-04 15:44:00.593000-05:00,3,,,,,,Treatment 1,3956.893,270.404,9.0,6.0,2.0,,9.0,17.0,9.0,0.0,0.0,0.0,0.0,0.0,0.0,2.0,2.0,0.0,1023.015,423.3215,1.0,9144972
PSAVTMK,707112,2020-09-15 15:11:17.412000-04:00,,2020-09-15 15:58:02.689000-04:00,2020-09-15 16:07:19.827000-04:00,1,,,,,,Treatment 3,216.532,50.7616666666667,3.0,2.0,1.0,,3.0,4.0,3.0,0.0,0.0,0.0,0.0,0.0,0.0,1.0,2.0,1.0,332.118,68.289,1.0,5485556
PSAVTMK,707274,2020-09-15 15:11:17.412000-04:00,,2020-09-15 16:15:49.017000-04:00,2020-09-15 16:29:46.145000-04:00,1,,,,,,Treatment 3,459.392,57.0128,5.0,3.0,2.0,,5.0,9.0,5.0,0.0,0.0,0.0,0.0,0.0,0.0,1.0,2.0,0.0,354.093,45.7415,1.0,5487941
PSAVTMK,707404,2020-09-15 15:11:17.412000-04:00,,2020-09-15 16:11:04.807000-04:00,2020-09-21 17:09:46.991000-04:00,5,,,,,,Treatment 3,253106.056,41.4526,5.0,3.0,1.0,1.0,5.0,19.0,5.0,1.0,0.0,0.0,0.0,0.0,0.0,3.0,2.0,1.0,268799.213,134389.985,2.0,5487371
PSAVTMK,707720,2020-09-15 15:11:17.412000-04:00,,2020-09-15 16:37:51.214000-04:00,2020-09-15 16:49:10.291000-04:00,1,,,,,,Control,289.209,96.401,3.0,3.0,,,3.0,3.0,3.0,0.0,0.0,0.0,0.0,0.0,0.0,1.0,2.0,0.0,382.898,84.26,1.0,5490644
PSAVTMK,707851,2020-11-04 08:45:00-05:00,2020-11-06 00:00:00-05:00,2020-11-05 15:08:17.098000-05:00,2020-11-13 18:51:35.459000-05:00,4,,,,,,Treatment 2,704316.397,48.8681111111111,9.0,5.0,1.0,1.0,7.0,19.0,9.0,4.0,0.0,0.0,0.0,0.0,4.0,2.0,2.0,0.0,239.175,67.337,1.0,9243701
PSAVTMK,707923,2020-09-15 15:11:17.412000-04:00,,2020-09-19 17:11:48.320000-04:00,2020-09-19 19:38:22.161000-04:00,1,,,,,,Treatment 3,8440.221,1678.9518,5.0,3.0,2.0,1.0,4.0,6.0,5.0,1.0,0.0,0.0,0.0,0.0,1.0,1.0,2.0,1.0,328.386,134.132,1.0,5858848
PSAVTMK,708007,2020-09-15 15:11:17.412000-04:00,,2020-09-15 17:31:20.119000-04:00,2020-09-17 12:18:10.140000-04:00,2,,,,,,Treatment 3,149625.901,49777.2873333333,3.0,2.0,1.0,,3.0,4.0,3.0,0.0,0.0,0.0,0.0,0.0,0.0,2.0,2.0,0.0,4327.103,1700.3885,1.0,5495302
PSAVTMK,708044,2020-09-15 15:11:17.412000-04:00,,2020-09-15 17:18:18.519000-04:00,2020-09-15 17:26:05.200000-04:00,1,,,,,,Treatment 3,182.553,91.275,2.0,2.0,,,2.0,2.0,2.0,0.0,0.0,0.0,0.0,0.0,0.0,1.0,2.0,2.0,278.4,139.199,1.0,5494305
PSAVTMK,708116,2020-09-15 15:11:17.412000-04:00,,2020-09-15 17:24:12.618000-04:00,2020-09-15 23:52:56.150000-04:00,1,,,,,,Control,158.277,52.7526666666667,3.0,3.0,,,3.0,3.0,3.0,0.0,0.0,0.0,0.0,0.0,0.0,1.0,2.0,1.0,23158.328,11265.0795,1.0,5494754
PSAVTMK,708153,2020-09-15 15:11:17.412000-04:00,,2020-09-15 17:25:09.149000-04:00,2020-09-15 17:28:38.023000-04:00,1,,,,,,Control,66.38,22.125,3.0,3.0,,,3.0,3.0,3.0,0.0,0.0,0.0,0.0,0.0,0.0,1.0,2.0,0.0,138.008,16.091,1.0,5494828
PSAVTMK,708338,2020-11-04 08:45:00-05:00,2020-11-06 00:00:00-05:00,2020-11-04 14:50:17.885000-05:00,2020-11-04 18:54:28.513000-05:00,2,,,,,,Treatment 2,14162.035,1078.10153846154,13.0,10.0,3.0,1.0,13.0,18.0,13.0,1.0,0.0,0.0,0.0,0.0,0.0,2.0,2.0,0.0,461.715,142.696,1.0,9150315
PSAVTMK,708525,2020-09-15 15:11:17.412000-04:00,,2020-09-16 20:44:31.012000-04:00,,1,,,,,,Control,356.877,118.955666666667,3.0,3.0,,,3.0,3.0,3.0,0.0,0.0,0.0,0.0,0.0,0.0,1.0,1.0,,,,1.0,5625331
PSAVTMK,708602,2020-11-04 08:45:00-05:00,2020-11-06 00:00:00-05:00,2020-11-05 21:17:43.936000-05:00,,2,,,,,,Treatment 2,5836.304,243.1475,10.0,1.0,1.0,1.0,9.0,26.0,10.0,7.0,0.0,0.0,0.0,0.0,7.0,2.0,,,,,,9263897
PSAVTMK,709295,2020-11-04 08:45:00-05:00,2020-11-06 00:00:00-05:00,2020-11-05 21:34:11.888000-05:00,2020-11-05 21:54:24.794000-05:00,2,,,,,,Control,959.705,237.8615,4.0,3.0,1.0,,4.0,5.0,4.0,0.0,0.0,0.0,0.0,0.0,0.0,2.0,2.0,1.0,225.561,59.9555,1.0,9264292
PSAVTMK,709699,2020-11-04 08:45:00-05:00,2020-11-06 00:00:00-05:00,2020-11-04 18:00:11.185000-05:00,2020-11-04 18:04:42.623000-05:00,1,,,,,,Treatment 2,142.496,28.497,5.0,5.0,,,5.0,5.0,5.0,0.0,0.0,0.0,0.0,0.0,0.0,1.0,2.0,0.0,124.2,28.0955,1.0,9164624
PSAVTMK,709824,2020-11-04 08:45:00-05:00,2020-11-06 00:00:00-05:00,2020-11-04 09:08:59.818000-05:00,2020-11-04 09:39:13.549000-05:00,1,,,,,,Control,1729.527,122.465625,8.0,4.0,2.0,2.0,8.0,14.0,8.0,4.0,0.0,0.0,0.0,0.0,4.0,1.0,2.0,0.0,74.206,21.561,1.0,9093050
PSAVTMK,710106,2020-09-15 15:11:17.412000-04:00,,2020-09-16 06:09:43.851000-04:00,2020-10-02 12:45:13.523000-04:00,3,,,,,,Treatment 2,1406014.426,234332.327333333,6.0,5.0,1.0,1.0,5.0,6.0,6.0,1.0,0.0,0.0,0.0,0.0,1.0,2.0,2.0,0.0,102.513,34.5315,1.0,5513403
PSAVTMK,710452,2021-01-20 13:23:17.128000-05:00,,2021-01-20 13:24:29.222000-05:00,2021-01-20 13:30:51.174000-05:00,1,,,,,,Treatment 2,103.555,20.7064,5.0,5.0,,,5.0,5.0,5.0,0.0,0.0,0.0,0.0,0.0,0.0,1.0,2.0,0.0,270.006,39.667,1.0,12335963
PSAVTMK,710611,2020-10-20 08:24:00-04:00,2020-11-06 08:26:00-05:00,2020-10-20 12:41:43.045000-04:00,2020-11-05 19:34:20.735000-05:00,4,,,,,,Treatment 3,1410615.069,705307.52,2.0,2.0,,,2.0,2.0,2.0,0.0,0.0,0.0,0.0,0.0,0.0,2.0,2.0,2.0,107.67,53.821,1.0,8166086
PSAVTMK,711323,2020-11-04 08:45:00-05:00,2020-11-06 00:00:00-05:00,2020-11-04 10:31:36.745000-05:00,2020-12-17 17:33:52.231000-05:00,5,,,,,,Treatment 2,3739903.484,747980.69,5.0,5.0,,,5.0,5.0,5.0,0.0,0.0,0.0,0.0,0.0,0.0,2.0,2.0,1.0,617.938,146.32,1.0,9106303
PSAVTMK,711367,2020-11-04 08:45:00-05:00,2020-11-06 00:00:00-05:00,2020-11-05 09:16:00.853000-05:00,2020-11-08 23:28:42.683000-05:00,2,,,,,,Treatment 2,310134.171,51682.1466666667,6.0,5.0,1.0,1.0,6.0,8.0,6.0,1.0,0.0,0.0,0.0,0.0,1.0,2.0,2.0,0.0,215.045,81.1645,1.0,9181129
PSAVTMK,711407,2020-11-04 08:45:00-05:00,2020-11-06 00:00:00-05:00,2020-11-04 08:53:16.866000-05:00,2020-11-04 09:04:54.481000-05:00,1,,,,,,Treatment 2,543.766,45.1177142857143,7.0,5.0,1.0,1.0,7.0,12.0,7.0,2.0,0.0,0.0,0.0,0.0,2.0,1.0,2.0,0.0,132.013,47.5865,1.0,9091189
PSAVTMK,711416,2020-11-04 08:45:00-05:00,2020-11-06 00:00:00-05:00,2020-11-05 10:06:25.684000-05:00,2020-11-18 15:24:16.678000-05:00,2,,,,,,Treatment 2,1142050.356,81546.6292142857,14.0,5.0,1.0,0.0,14.0,32.0,14.0,6.0,0.0,0.0,0.0,0.0,6.0,2.0,2.0,2.0,122.478,61.233,1.0,9188521
PSAVTMK,711479,2020-11-04 08:45:00-05:00,2020-11-06 00:00:00-05:00,2020-11-04 09:12:56.200000-05:00,2020-11-04 14:32:53.913000-05:00,2,,,,,,Treatment 3,705.844,72.08775,8.0,5.0,3.0,3.0,8.0,16.0,8.0,3.0,0.0,0.0,0.0,0.0,3.0,1.0,2.0,0.0,18476.219,9202.612,2.0,9093592
PSAVTMK,711561,2020-11-04 08:45:00-05:00,2020-11-06 00:00:00-05:00,2020-11-04 16:35:56.658000-05:00,2020-11-10 14:09:08.862000-05:00,4,,,,,,Control,509273.556,169757.843333333,3.0,3.0,,,3.0,3.0,3.0,0.0,0.0,0.0,0.0,0.0,0.0,2.0,2.0,0.0,311.02,138.9735,1.0,9160497
PSAVTMK,711603,2020-09-29 09:00:00-04:00,2020-09-30 21:02:00-04:00,2020-09-30 09:19:25.557000-04:00,2020-10-01 20:43:41.438000-04:00,2,,,,,,Control,127398.768,21231.6553333333,6.0,5.0,1.0,,6.0,7.0,6.0,0.0,0.0,0.0,0.0,0.0,0.0,2.0,2.0,2.0,43.701,21.8455,1.0,6738335
PSAVTMK,711625,2020-11-04 08:45:00-05:00,2020-11-06 00:00:00-05:00,2020-11-05 09:22:19.768000-05:00,2020-11-05 09:47:56.376000-05:00,2,,,,,,Treatment 3,1241.227,75.948,8.0,3.0,2.0,,8.0,18.0,8.0,0.0,0.0,0.0,0.0,0.0,0.0,2.0,2.0,0.0,278.601,45.431,1.0,9182026
PSAVTMK,711655,2020-11-04 08:45:00-05:00,2020-11-06 00:00:00-05:00,2020-11-04 09:45:55.619000-05:00,2020-11-04 14:03:40.308000-05:00,2,,,,,,Control,15000.869,1212.95609090909,11.0,5.0,2.0,0.0,10.0,26.0,11.0,4.0,0.0,0.0,0.0,0.0,4.0,2.0,2.0,0.0,434.278,149.68,1.0,9098396
PSAVTMK,711676,2020-11-04 08:45:00-05:00,2020-11-06 00:00:00-05:00,2020-11-04 09:15:29.726000-05:00,2020-11-10 20:57:41.255000-05:00,1,,,,,,Control,560113.091,93329.1983333333,6.0,4.0,2.0,2.0,6.0,11.0,6.0,2.0,0.0,0.0,0.0,0.0,2.0,1.0,2.0,0.0,404.055,39.8885,1.0,9093940
PSAVTMK,711718,2020-11-04 08:45:00-05:00,2020-11-06 00:00:00-05:00,2020-11-04 09:05:44.190000-05:00,2020-11-04 09:09:31.082000-05:00,1,,,,,,Control,95.84,31.9386666666667,3.0,3.0,,,3.0,3.0,3.0,0.0,0.0,0.0,0.0,0.0,0.0,1.0,2.0,0.0,115.5,36.206,1.0,9092650
PSAVTMK,711769,2020-11-04 08:45:00-05:00,2020-11-06 00:00:00-05:00,2020-11-04 09:31:22.965000-05:00,2020-11-04 10:14:51.198000-05:00,1,,,,,,Control,2236.909,532.35975,4.0,3.0,1.0,,4.0,6.0,4.0,0.0,0.0,0.0,0.0,0.0,0.0,1.0,2.0,0.0,333.267,146.6225,1.0,9096169
PSAVTMK,711799,2020-11-04 08:45:00-05:00,2020-11-06 00:00:00-05:00,2020-11-04 18:38:41.322000-05:00,2020-11-04 18:54:27.725000-05:00,1,,,,,,Treatment 3,520.98,260.48,2.0,2.0,,,2.0,2.0,2.0,0.0,0.0,0.0,0.0,0.0,0.0,1.0,2.0,2.0,418.917,209.4535,1.0,9166084
PSAVTMK,711902,2020-11-04 08:45:00-05:00,2020-11-06 00:00:00-05:00,2020-11-05 14:01:01.639000-05:00,2020-11-05 14:13:39.295000-05:00,1,,,,,,Control,635.837,43.847,8.0,4.0,2.0,2.0,8.0,19.0,8.0,3.0,0.0,0.0,0.0,0.0,3.0,1.0,2.0,0.0,112.346,29.8735,1.0,9231668
PSAVTMK,712112,2020-11-04 08:45:00-05:00,2020-11-06 00:00:00-05:00,2020-11-04 14:49:33.063000-05:00,2020-11-04 15:02:38.748000-05:00,1,,,,,,Treatment 1,670.539,82.5077142857143,7.0,5.0,2.0,1.0,7.0,10.0,7.0,1.0,0.0,0.0,0.0,0.0,1.0,1.0,2.0,0.0,100.597,37.248,1.0,9150204
PSAVTMK,712115,2020-11-04 08:45:00-05:00,2020-11-06 00:00:00-05:00,2020-11-05 10:02:45.649000-05:00,2020-11-05 10:07:38.901000-05:00,1,,,,,,Control,211.008,36.7036,5.0,4.0,1.0,,5.0,6.0,5.0,0.0,0.0,0.0,0.0,0.0,0.0,1.0,2.0,1.0,72.45,28.453,1.0,9187862
PSAVTMK,712117,2020-11-04 08:45:00-05:00,2020-11-06 00:00:00-05:00,2020-11-04 09:10:52.431000-05:00,2020-11-15 17:10:57.307000-05:00,4,,,,,,Control,2948.036,116.239772727273,22.0,5.0,2.0,2.0,12.0,37.0,22.0,16.0,0.0,0.0,0.0,0.0,16.0,4.0,2.0,0.0,76.645,24.9275,1.0,9093317
PSAVTMK,712123,2020-11-04 08:45:00-05:00,2020-11-06 00:00:00-05:00,2020-11-04 09:08:34.534000-05:00,2020-11-05 10:07:04.370000-05:00,2,,,,,,Treatment 3,89806.027,49.4754,5.0,2.0,1.0,0.0,4.0,11.0,5.0,1.0,0.0,0.0,0.0,0.0,1.0,2.0,2.0,2.0,90.585,45.2895,1.0,9093013
PSAVTMK,712140,2020-11-04 08:45:00-05:00,2020-11-06 00:00:00-05:00,2020-11-04 11:18:21.355000-05:00,2020-11-04 12:10:22.869000-05:00,2,,,,,,Control,968.226,108.24925,8.0,6.0,2.0,,8.0,13.0,8.0,0.0,0.0,0.0,0.0,0.0,0.0,2.0,2.0,0.0,2130.605,1023.9535,1.0,9114715
PSAVTMK,712305,2020-11-04 08:45:00-05:00,2020-11-06 00:00:00-05:00,2020-11-04 09:17:43.016000-05:00,2020-11-04 10:18:26.749000-05:00,2,,,,,,Control,862.194,287.39,3.0,3.0,,,3.0,3.0,3.0,0.0,0.0,0.0,0.0,0.0,0.0,1.0,2.0,1.0,2772.788,348.9495,2.0,9094250
PSAVTMK,712365,2020-11-04 08:45:00-05:00,2020-11-06 00:00:00-05:00,2020-11-04 09:50:58.945000-05:00,2020-11-04 10:53:32.449000-05:00,3,,,,,,Treatment 3,2843.824,1421.9035,2.0,2.0,,,2.0,2.0,2.0,0.0,0.0,0.0,0.0,0.0,0.0,2.0,2.0,1.0,856.021,397.4775,1.0,9099226
PSAVTMK,712474,2020-11-04 08:45:00-05:00,2020-11-06 00:00:00-05:00,2020-11-04 09:39:33.783000-05:00,2020-11-04 09:49:57.513000-05:00,1,,,,,,Treatment 3,444.899,62.604,5.0,3.0,1.0,1.0,5.0,9.0,5.0,2.0,0.0,0.0,0.0,0.0,2.0,1.0,2.0,1.0,168.074,47.2975,1.0,9097415
PSAVTMK,712553,2020-11-04 08:45:00-05:00,2020-11-06 00:00:00-05:00,2020-11-04 09:44:18.063000-05:00,2020-11-04 10:35:24.321000-05:00,1,,,,,,Control,2983.27,736.73625,4.0,3.0,1.0,,4.0,5.0,4.0,0.0,0.0,0.0,0.0,0.0,0.0,1.0,2.0,2.0,65.71,32.85,1.0,9098168
PSAVTMK,712745,2020-11-04 08:45:00-05:00,2020-11-06 00:00:00-05:00,2020-11-04 22:00:05.567000-05:00,2020-11-04 22:07:56.656000-05:00,1,,,,,,Control,213.404,71.1283333333333,3.0,3.0,,,3.0,3.0,3.0,0.0,0.0,0.0,0.0,0.0,0.0,1.0,2.0,2.0,246.87,123.431,1.0,9171426
PSAVTMK,712961,2020-11-04 08:45:00-05:00,2020-11-06 00:00:00-05:00,2020-11-04 10:19:47.855000-05:00,2020-11-05 10:16:30.442000-05:00,2,,,,,,Treatment 1,85709.56,4997.8574117647,17.0,6.0,3.0,3.0,17.0,53.0,17.0,7.0,0.0,0.0,0.0,0.0,7.0,2.0,2.0,1.0,444.88,121.502,1.0,9104285
PSAVTMK,713310,2020-11-04 08:45:00-05:00,2020-11-06 00:00:00-05:00,2020-11-05 09:09:58.630000-05:00,,3,,,,,,Treatment 3,51126.859,488.581,3.0,0.0,0.0,0.0,2.0,4.0,3.0,2.0,0.0,0.0,0.0,0.0,2.0,2.0,,,,,,9180315
PSAVTMK,713417,2020-11-04 08:45:00-05:00,2020-11-06 00:00:00-05:00,2020-11-04 09:37:36.007000-05:00,2020-11-04 15:18:18.675000-05:00,1,,,,,,Treatment 2,19805.829,3961.1618,5.0,5.0,,,5.0,5.0,5.0,0.0,0.0,0.0,0.0,0.0,0.0,1.0,2.0,1.0,617.724,279.4325,1.0,9097118
PSAVTMK,715346,2020-10-20 08:24:00-04:00,2020-11-06 08:26:00-05:00,2020-11-02 18:22:32.318000-05:00,,1,,,,,,Treatment 3,,,1.0,,,,,0.0,1.0,0.0,0.0,0.0,0.0,0.0,0.0,1.0,,,,,,9016321
PSAVTMK,716902,2020-10-20 08:24:00-04:00,2020-11-06 08:26:00-05:00,2020-10-20 12:41:46.786000-04:00,2020-11-11 12:46:14.134000-05:00,2,,,,,,Treatment 3,1904568.94,952284.4555,2.0,2.0,,,2.0,2.0,2.0,0.0,0.0,0.0,0.0,0.0,0.0,2.0,2.0,2.0,91.413,45.703,1.0,8166094
PSAVTMK,717210,2020-09-15 15:11:17.412000-04:00,,2020-09-16 12:49:30.896000-04:00,2020-09-16 12:54:47.177000-04:00,1,,,,,,Treatment 3,106.891,25.3685,4.0,3.0,1.0,,4.0,5.0,4.0,0.0,0.0,0.0,0.0,0.0,0.0,1.0,2.0,0.0,199.408,51.8395,1.0,5570621
PSAVTMK,718788,2021-05-27 08:19:21.508000-04:00,2021-06-04 23:59:00-04:00,2021-06-01 13:25:56.460000-04:00,,2,,,,,,Treatment 3,258979.825,129480.841,2.0,1.0,,,2.0,5.0,2.0,0.0,0.0,0.0,0.0,0.0,0.0,2.0,,,,,,16671742
PSAVTMK,719874,2020-11-04 08:45:00-05:00,2020-11-06 00:00:00-05:00,2020-11-04 15:04:02.036000-05:00,2020-11-04 15:10:17.798000-05:00,1,,,,,,Control,116.004,18.435,5.0,4.0,1.0,,5.0,6.0,5.0,0.0,0.0,0.0,0.0,0.0,0.0,1.0,2.0,1.0,247.435,49.1205,1.0,9152187
PSAVTMK,719877,2020-11-04 08:45:00-05:00,2020-11-06 00:00:00-05:00,2020-11-10 10:57:33.645000-05:00,,1,,,,,,Control,43.034,34.643,1.0,0.0,,,0.0,0.0,1.0,1.0,0.0,0.0,0.0,0.0,1.0,1.0,,,,,,9465538
PSAVTMK,720257,2020-11-04 08:45:00-05:00,2020-11-06 00:00:00-05:00,2020-11-04 13:39:11.554000-05:00,2020-11-04 13:48:45.996000-05:00,1,,,,,,Control,438.999,69.2346,5.0,3.0,1.0,0.0,5.0,8.0,5.0,1.0,0.0,0.0,0.0,0.0,1.0,1.0,2.0,0.0,125.915,42.1345,1.0,9138970
PSAVTMK,720430,2020-11-04 08:45:00-05:00,2020-11-06 00:00:00-05:00,2020-11-04 16:01:23.790000-05:00,2020-11-05 21:16:42.608000-05:00,2,,,,,,Treatment 1,95357.62,23839.4025,4.0,4.0,,,4.0,4.0,4.0,0.0,0.0,0.0,0.0,0.0,0.0,2.0,2.0,1.0,9944.709,4908.794,1.0,9157956
PSAVTMK,720772,2020-11-04 08:45:00-05:00,2020-11-06 00:00:00-05:00,2020-11-05 09:09:56.944000-05:00,2020-11-20 13:58:54.144000-05:00,3,,,,,,Control,1152.68,164.883,5.0,3.0,1.0,0.0,5.0,9.0,5.0,1.0,0.0,0.0,0.0,0.0,1.0,1.0,2.0,0.0,1312176.774,656029.119,2.0,9180312
PSAVTMK,720891,2020-11-04 08:45:00-05:00,2020-11-06 00:00:00-05:00,2020-11-05 14:34:59.243000-05:00,2020-11-06 09:49:02.408000-05:00,3,,,,,,Treatment 3,275.249,137.616,2.0,2.0,,,2.0,2.0,2.0,0.0,0.0,0.0,0.0,0.0,0.0,1.0,2.0,2.0,68958.054,34479.009,2.0,9238128
PSAVTMK,720987,2020-11-04 08:45:00-05:00,2020-11-06 00:00:00-05:00,2020-11-10 13:29:54.126000-05:00,2020-11-10 13:43:46.062000-05:00,1,,,,,,Control,610.532,50.5716,10.0,5.0,2.0,,10.0,15.0,10.0,0.0,0.0,0.0,0.0,0.0,0.0,1.0,2.0,1.0,197.154,40.585,1.0,9495824
PSAVTMK,721033,2020-11-04 08:45:00-05:00,2020-11-06 00:00:00-05:00,2020-11-05 10:34:09.180000-05:00,,2,,,,,,Treatment 2,742.232,67.178,1.0,0.0,,,1.0,4.0,1.0,1.0,0.0,0.0,0.0,0.0,0.0,2.0,,,,,,9193423
PSAVTMK,721487,2020-09-15 15:11:17.412000-04:00,,2020-09-16 17:53:22.035000-04:00,2020-09-16 18:07:53.563000-04:00,1,,,,,,Treatment 1,581.239,145.30025,4.0,4.0,,,4.0,4.0,4.0,0.0,0.0,0.0,0.0,0.0,0.0,1.0,2.0,1.0,280.177,102.03,1.0,5617544
PSAVTMK,722337,2020-09-15 15:11:17.412000-04:00,,2020-09-16 18:08:56.671000-04:00,2020-09-16 18:24:11.787000-04:00,1,,,,,,Control,686.246,75.85,6.0,3.0,1.0,,6.0,9.0,6.0,0.0,0.0,0.0,0.0,0.0,0.0,1.0,2.0,1.0,208.289,39.381,1.0,5618397
PSAVTMK,722517,2020-11-04 08:45:00-05:00,2020-11-06 00:00:00-05:00,2020-11-04 12:25:28.525000-05:00,2020-11-04 15:05:11.910000-05:00,3,,,,,,Treatment 3,9093.83,2115.77475,4.0,2.0,1.0,1.0,3.0,5.0,4.0,2.0,0.0,0.0,0.0,0.0,1.0,2.0,2.0,2.0,476.901,238.4455,1.0,9126536
PSAVTMK,722538,2020-09-15 15:11:17.412000-04:00,,2020-09-16 18:56:16.930000-04:00,2020-09-16 19:07:50.297000-04:00,1,,,,,,Treatment 2,424.393,51.613,7.0,6.0,1.0,,7.0,8.0,7.0,0.0,0.0,0.0,0.0,0.0,0.0,1.0,2.0,0.0,255.294,54.395,1.0,5620695
PSAVTMK,722566,2020-11-04 08:45:00-05:00,2020-11-06 00:00:00-05:00,2020-11-04 09:52:06.243000-05:00,2020-11-05 12:12:57.331000-05:00,4,,,,,,Control,94563.821,31521.267,3.0,3.0,,,3.0,3.0,3.0,0.0,0.0,0.0,0.0,0.0,0.0,2.0,2.0,2.0,278.267,139.1285,1.0,9099429
PSAVTMK,722835,2020-09-15 15:11:17.412000-04:00,,2020-09-16 20:00:25.740000-04:00,2020-09-16 20:10:59.432000-04:00,1,,,,,,Control,187.734,62.5696666666667,3.0,3.0,,,3.0,3.0,3.0,0.0,0.0,0.0,0.0,0.0,0.0,1.0,2.0,1.0,430.354,70.4415,1.0,5623560
PSAVTMK,722956,2020-11-04 08:45:00-05:00,2020-11-06 00:00:00-05:00,2020-11-10 10:06:34.355000-05:00,2020-11-23 10:26:02.757000-05:00,11,,,,,,Treatment 1,863980.33,39257.3896818182,22.0,13.0,6.0,2.0,20.0,31.0,22.0,5.0,0.0,0.0,0.0,0.0,6.0,6.0,2.0,0.0,174.9,68.3715,1.0,9455685
PSAVTMK,723325,2020-11-04 08:45:00-05:00,2020-11-06 00:00:00-05:00,2020-12-04 10:16:35.029000-05:00,2020-12-04 10:35:32.203000-05:00,1,,,,,,Treatment 1,868.676,114.608,7.0,5.0,2.0,,7.0,9.0,7.0,0.0,0.0,0.0,0.0,0.0,0.0,1.0,2.0,2.0,246.898,123.4455,1.0,10698605
PSAVTMK,723375,2020-11-04 08:45:00-05:00,2020-11-06 00:00:00-05:00,2020-11-04 14:52:28.261000-05:00,,3,,,,,,Treatment 2,1232498.33,22.0942727272727,11.0,5.0,2.0,0.0,10.0,21.0,11.0,2.0,0.0,0.0,0.0,0.0,2.0,2.0,,,,,,9150614
PSAVTMK,723521,2020-11-04 08:45:00-05:00,2020-11-06 00:00:00-05:00,2020-11-09 09:12:53.411000-05:00,,1,,,,,,Treatment 1,656.447,43.4895,10.0,4.0,2.0,1.0,9.0,20.0,10.0,4.0,0.0,0.0,0.0,0.0,4.0,1.0,,,,,,9352066
PSAVTMK,723924,2020-11-04 08:45:00-05:00,2020-11-06 00:00:00-05:00,2020-11-06 11:43:02.570000-05:00,2020-11-08 21:22:56.142000-05:00,3,,,,,,Treatment 3,207463.842,1236.89033333333,3.0,2.0,1.0,1.0,3.0,9.0,3.0,1.0,0.0,0.0,0.0,0.0,1.0,2.0,2.0,0.0,120.474,25.6895,1.0,9293957
PSAVTMK,724082,2020-11-04 08:45:00-05:00,2020-11-06 00:00:00-05:00,2020-11-04 12:13:05.359000-05:00,,1,,,,,,Treatment 1,693.201,46.2022307692308,13.0,8.0,2.0,,13.0,19.0,13.0,1.0,0.0,0.0,0.0,0.0,1.0,1.0,,,,,,9124535
PSAVTMK,726432,2020-11-04 08:45:00-05:00,2020-11-06 00:00:00-05:00,2020-11-04 09:22:30.313000-05:00,2020-11-09 09:29:47.692000-05:00,4,,,,,,Treatment 2,432161.633,39161.8715454545,11.0,7.0,3.0,3.0,10.0,17.0,11.0,4.0,0.0,0.0,0.0,0.0,4.0,3.0,2.0,0.0,138.29,47.9845,1.0,9094923
PSAVTMK,726465,2020-11-04 08:45:00-05:00,2020-11-06 00:00:00-05:00,2020-11-05 09:11:13.147000-05:00,2020-12-17 15:04:54.766000-05:00,2,,,,,,Treatment 3,3649834.446,521378.852,7.0,4.0,3.0,,6.0,10.0,7.0,0.0,0.0,0.0,0.0,0.0,0.0,2.0,2.0,1.0,154.483,32.489,1.0,9180492
PSAVTMK,726655,2020-11-04 08:45:00-05:00,2020-11-06 00:00:00-05:00,2020-11-05 09:24:00.885000-05:00,2020-11-05 16:46:42.371000-05:00,2,,,,,,Treatment 3,26484.504,13242.2425,2.0,2.0,,,2.0,2.0,2.0,0.0,0.0,0.0,0.0,0.0,0.0,2.0,2.0,2.0,68.553,34.271,1.0,9182281
PSAVTMK,728290,2020-11-04 08:45:00-05:00,2020-11-06 00:00:00-05:00,2020-11-04 09:34:40.948000-05:00,,4,,,,,,Treatment 1,85517.542,8538.2885,10.0,3.0,2.0,1.0,10.0,22.0,10.0,3.0,0.0,0.0,0.0,0.0,3.0,2.0,,,,,,9096620
PSAVTMK,729106,2020-09-15 15:11:17.412000-04:00,,2020-09-20 09:08:56.492000-04:00,2020-09-20 09:18:45.209000-04:00,1,,,,,,Treatment 1,359.848,54.6062,5.0,4.0,1.0,1.0,5.0,6.0,5.0,1.0,0.0,0.0,0.0,0.0,1.0,1.0,2.0,2.0,217.933,108.9645,1.0,5861968
PSAVTMK,729187,2020-09-15 15:11:17.412000-04:00,,2020-09-18 00:10:11.527000-04:00,2020-09-18 00:15:53.504000-04:00,1,,,,,,Treatment 3,192.732,60.37,3.0,2.0,1.0,,3.0,4.0,3.0,0.0,0.0,0.0,0.0,0.0,0.0,1.0,2.0,2.0,143.13,71.564,1.0,5759635
PSAVTMK,729191,2020-09-15 15:11:17.412000-04:00,,2020-09-24 11:44:34.022000-04:00,2020-09-24 11:54:39.941000-04:00,1,,,,,,Treatment 1,281.032,32.644,6.0,5.0,1.0,,6.0,8.0,6.0,0.0,0.0,0.0,0.0,0.0,0.0,1.0,2.0,0.0,307.155,23.73,1.0,6302811
PSAVTMK,729285,2020-09-15 15:11:17.412000-04:00,,2020-09-17 15:56:44.377000-04:00,2020-09-17 16:05:39.313000-04:00,1,,,,,,Control,314.9,53.09975,4.0,3.0,1.0,,4.0,6.0,4.0,0.0,0.0,0.0,0.0,0.0,0.0,1.0,2.0,1.0,208.658,53.499,1.0,5734401
PSAVTMK,729722,2020-10-20 08:24:00-04:00,2020-11-06 08:26:00-05:00,2020-10-20 12:41:44.317000-04:00,,2,,,,,,Treatment 2,160014.336,15.596,1.0,0.0,,,1.0,2.0,1.0,1.0,0.0,0.0,0.0,0.0,0.0,2.0,,,,,,8166090
PSAVTMK,729757,2020-10-20 08:24:00-04:00,2020-11-06 08:26:00-05:00,2020-10-20 12:41:05.979000-04:00,2020-10-30 12:20:08.310000-04:00,5,,,,,,Treatment 2,774629.612,47.3332857142857,21.0,9.0,4.0,2.0,20.0,56.0,21.0,10.0,0.0,0.0,0.0,0.0,10.0,3.0,2.0,2.0,101.428,50.71,1.0,8165963
PSAVTMK,729758,2020-10-20 08:24:00-04:00,2020-11-06 08:26:00-05:00,2020-10-20 12:42:53.831000-04:00,,2,,,,,,Treatment 3,1404605.553,702210.7265,2.0,0.0,0.0,,2.0,3.0,2.0,0.0,0.0,0.0,0.0,0.0,0.0,2.0,,,,,,8166336
PSAVTMK,729772,2020-10-20 08:24:00-04:00,2020-11-06 08:26:00-05:00,2020-10-20 12:41:54.761000-04:00,,1,,,,,,Treatment 3,40.922,40.922,1.0,0.0,,,1.0,1.0,1.0,0.0,0.0,0.0,0.0,0.0,0.0,1.0,,,,,,8166121
PSAVTMK,729776,2020-10-20 08:24:00-04:00,2020-11-06 08:26:00-05:00,2020-11-04 12:39:31.508000-05:00,,1,,,,,,Treatment 2,180.48,134.636,2.0,0.0,,,1.0,3.0,2.0,1.0,0.0,0.0,0.0,0.0,1.0,1.0,,,,,,9129096
PSAVTMK,729788,2020-10-20 08:24:00-04:00,2020-11-06 08:26:00-05:00,2020-10-20 12:42:42.664000-04:00,,1,,,,,,Treatment 2,16.55,16.55,1.0,0.0,,,0.0,0.0,1.0,0.0,0.0,0.0,0.0,0.0,0.0,1.0,,,,,,8166300
PSAVTMK,729817,2020-10-20 08:24:00-04:00,2020-11-06 08:26:00-05:00,2020-10-20 12:41:12.991000-04:00,,1,,,,,,Treatment 1,,,1.0,,,,,0.0,1.0,0.0,0.0,0.0,0.0,0.0,0.0,1.0,,,,,,8165989
PSAVTMK,729871,2020-10-20 08:24:00-04:00,2020-11-06 08:26:00-05:00,2020-10-20 12:40:54.179000-04:00,,1,,,,,,Treatment 1,,,1.0,,,,,0.0,1.0,0.0,0.0,0.0,0.0,0.0,0.0,1.0,,,,,,8165920
PSAVTMK,730450,2020-09-15 15:11:17.412000-04:00,,2020-09-18 13:31:46.320000-04:00,2020-09-18 15:23:22.321000-04:00,2,,,,,,Treatment 3,191.617,95.8065,2.0,2.0,,,2.0,2.0,2.0,0.0,0.0,0.0,0.0,0.0,0.0,1.0,2.0,0.0,6496.062,172.766,2.0,5819807
PSAVTMK,730632,2020-09-15 15:11:17.412000-04:00,,2020-09-21 10:55:31.807000-04:00,2020-09-29 12:20:22.219000-04:00,3,,,,,,Treatment 3,696221.799,98.0903333333333,3.0,2.0,1.0,,3.0,6.0,3.0,0.0,0.0,0.0,0.0,0.0,0.0,2.0,2.0,2.0,63.601,31.7985,1.0,5904135
PSAVTMK,730682,2020-09-15 15:11:17.412000-04:00,,2020-09-17 14:44:58.470000-04:00,2020-09-17 14:54:35.366000-04:00,1,,,,,,Control,423.607,97.2695,4.0,3.0,1.0,,4.0,5.0,4.0,0.0,0.0,0.0,0.0,0.0,0.0,1.0,2.0,1.0,143.154,39.2525,1.0,5721814
PSAVTMK,730687,2020-09-15 15:11:17.412000-04:00,,2020-09-17 13:49:54.653000-04:00,2020-09-17 17:28:39.763000-04:00,1,,,,,,Control,12776.344,2545.69,5.0,4.0,1.0,1.0,5.0,6.0,5.0,1.0,0.0,0.0,0.0,0.0,1.0,1.0,2.0,0.0,334.672,135.8185,1.0,5707975
PSAVTMK,730814,2020-09-15 15:11:17.412000-04:00,,2020-09-18 16:53:35.626000-04:00,2020-09-18 18:27:16.070000-04:00,1,,,,,,Treatment 3,5238.873,2619.4345,2.0,2.0,,,2.0,2.0,2.0,0.0,0.0,0.0,0.0,0.0,0.0,1.0,2.0,2.0,377.738,188.8675,1.0,5846473
PSAVTMK,731420,2020-09-15 15:11:17.412000-04:00,,2020-09-17 13:38:38.547000-04:00,2020-09-17 13:41:32.660000-04:00,1,,,,,,Treatment 3,59.512,29.7545,2.0,2.0,,,2.0,2.0,2.0,0.0,0.0,0.0,0.0,0.0,0.0,1.0,2.0,1.0,109.245,47.6475,1.0,5704745
PSAVTMK,732302,2020-09-15 15:11:17.412000-04:00,,2020-09-17 14:27:13.133000-04:00,2020-09-17 14:34:06.852000-04:00,1,,,,,,Treatment 1,316.318,30.9748,5.0,4.0,1.0,,5.0,6.0,5.0,0.0,0.0,0.0,0.0,0.0,0.0,1.0,2.0,2.0,77.521,38.7595,1.0,5717971
PSAVTMK,732404,2020-09-29 09:00:00-04:00,2020-09-30 21:02:00-04:00,2020-09-30 14:28:54.999000-04:00,,2,,,,,,Control,619723.684,51606.1501666667,12.0,2.0,2.0,0.0,12.0,33.0,12.0,3.0,0.0,0.0,0.0,0.0,3.0,2.0,,,,,,6807701
PSAVTMK,732652,2020-09-15 15:11:17.412000-04:00,,2020-09-17 14:54:31.805000-04:00,2020-09-17 15:01:31.294000-04:00,1,,,,,,Control,207.238,69.0776666666667,3.0,3.0,,,3.0,3.0,3.0,0.0,0.0,0.0,0.0,0.0,0.0,1.0,2.0,1.0,192.744,48.3535,1.0,5723778
PSAVTMK,732958,2020-11-04 08:45:00-05:00,2020-11-06 00:00:00-05:00,2020-11-04 09:22:15.192000-05:00,2020-11-04 09:25:49.357000-05:00,1,,,,,,Treatment 3,90.099,45.0415,2.0,2.0,,,2.0,2.0,2.0,0.0,0.0,0.0,0.0,0.0,0.0,1.0,2.0,1.0,117.305,33.6205,1.0,9094862
PSAVTMK,733891,2020-11-04 08:45:00-05:00,2020-11-06 00:00:00-05:00,2020-11-18 11:59:33.980000-05:00,,1,,,,,,Treatment 1,584.8,545.438,2.0,0.0,,,1.0,3.0,2.0,0.0,0.0,0.0,0.0,0.0,0.0,1.0,,,,,,9991891
PSAVTMK,735233,2020-11-04 08:45:00-05:00,2020-11-06 00:00:00-05:00,2020-11-04 13:23:37.311000-05:00,2020-11-04 13:34:07.066000-05:00,2,,,,,,Treatment 2,410.21,61.2066666666667,6.0,5.0,1.0,1.0,6.0,9.0,6.0,1.0,0.0,0.0,0.0,0.0,1.0,1.0,2.0,0.0,204.036,90.246,2.0,9136422
PSAVTMK,735571,2020-09-15 15:11:17.412000-04:00,,2020-09-17 23:10:12.459000-04:00,,1,,,,,,Treatment 2,3333.61,267.564454545455,11.0,7.0,3.0,,11.0,15.0,11.0,0.0,0.0,0.0,0.0,0.0,0.0,1.0,,,,,,5758576
PSAVTMK,737974,2020-11-04 08:45:00-05:00,2020-11-06 00:00:00-05:00,2020-11-05 11:37:50.035000-05:00,2020-11-05 12:38:18.470000-05:00,2,,,,,,Treatment 3,2138.917,510.74575,4.0,2.0,1.0,0.0,4.0,8.0,4.0,1.0,0.0,0.0,0.0,0.0,1.0,2.0,2.0,0.0,1477.963,686.7475,1.0,9204783
PSAVTMK,738818,2020-12-03 12:58:00-05:00,2020-12-03 14:06:00-05:00,2020-12-03 13:22:08.487000-05:00,,1,,,,,,Treatment 2,2107.873,175.618636363636,11.0,6.0,2.0,1.0,11.0,20.0,11.0,3.0,0.0,0.0,0.0,0.0,3.0,1.0,1.0,,,,1.0,10643383
PSAVTMK,738826,2020-11-16 13:00:00-05:00,2020-11-16 14:02:00-05:00,2020-11-17 09:59:41.101000-05:00,,1,,,,,,Treatment 2,,,1.0,,,,,0.0,1.0,0.0,0.0,0.0,0.0,0.0,0.0,1.0,,,,,,9872293
PSAVTMK,738838,2020-11-16 13:00:00-05:00,2020-11-16 14:02:00-05:00,2020-11-16 13:55:20.059000-05:00,,1,,,,,,Control,157.734,22.315,4.0,0.0,0.0,0.0,1.0,4.0,4.0,3.0,0.0,0.0,0.0,0.0,3.0,1.0,,,,,,9821135
PSAVTMK,738878,2020-11-16 13:00:00-05:00,2020-11-16 14:02:00-05:00,2020-11-16 13:09:07.029000-05:00,2020-11-16 15:38:07.387000-05:00,2,,,,,,Treatment 1,8845.445,1262.81771428571,7.0,6.0,1.0,,7.0,8.0,7.0,0.0,0.0,0.0,0.0,0.0,0.0,2.0,2.0,2.0,83.34,41.66,1.0,9812298
PSAVTMK,739425,2021-02-26 14:42:00-05:00,2021-02-26 15:15:00-05:00,2021-02-26 14:50:28.357000-05:00,2021-02-26 14:55:23.490000-05:00,1,,,,,,Control,209.737,69.902,3.0,3.0,,,3.0,3.0,3.0,0.0,0.0,0.0,0.0,0.0,0.0,1.0,2.0,1.0,79.808,20.8265,1.0,14002316
PSAVTMK,739679,2020-11-04 08:45:00-05:00,2020-11-06 00:00:00-05:00,2020-11-04 12:35:21.353000-05:00,,8,,,,,,Treatment 1,92752.192,1604.74270833333,25.0,9.0,4.0,3.0,24.0,50.0,25.0,13.0,0.0,0.0,0.0,0.0,13.0,5.0,,,,,,9128325
PSAVTMK,739773,2021-05-27 08:19:21.508000-04:00,2021-06-04 23:59:00-04:00,2021-06-04 13:29:03.919000-04:00,,1,,,,,,Treatment 1,,,1.0,,,,,0.0,1.0,0.0,0.0,0.0,0.0,0.0,0.0,1.0,,,,,,16711092
PSAVTMK,741131,2020-11-16 13:00:00-05:00,2020-11-16 14:02:00-05:00,2020-11-16 13:24:22.991000-05:00,,1,,,,,,Control,2227.321,252.494,8.0,2.0,2.0,2.0,7.0,17.0,8.0,6.0,0.0,0.0,0.0,0.0,6.0,1.0,,,,,,9815107
PSAVTMK,741284,2020-11-16 13:00:00-05:00,2020-11-16 14:02:00-05:00,2020-11-16 13:54:13.539000-05:00,2020-11-16 14:00:30.770000-05:00,1,,,,,,Treatment 1,208.965,52.234,4.0,4.0,,,4.0,4.0,4.0,0.0,0.0,0.0,0.0,0.0,0.0,1.0,2.0,2.0,97.22,48.602,1.0,9821010
PSAVTMK,741287,2020-11-16 13:00:00-05:00,2020-11-16 14:02:00-05:00,2020-11-19 13:21:14.701000-05:00,2020-11-19 13:24:13.241000-05:00,1,,,,,,Treatment 1,123.515,30.8715,4.0,4.0,,,4.0,4.0,4.0,0.0,0.0,0.0,0.0,0.0,0.0,1.0,2.0,2.0,47.815,23.9,1.0,10090712
PSAVTMK,741291,2020-11-16 13:00:00-05:00,2020-11-16 14:02:00-05:00,2020-11-16 19:16:57.833000-05:00,,1,,,,,,Control,,,1.0,,,,,0.0,1.0,0.0,0.0,0.0,0.0,0.0,0.0,1.0,,,,,,9850895
PSAVTMK,741302,2020-11-16 13:00:00-05:00,2020-11-16 14:02:00-05:00,2020-11-19 12:05:15.839000-05:00,,1,,,,,,Treatment 1,,,1.0,,,,,0.0,1.0,0.0,0.0,0.0,0.0,0.0,0.0,1.0,,,,,,10076682
PSAVTMK,741325,2020-11-16 13:00:00-05:00,2020-11-16 14:02:00-05:00,2020-11-16 13:54:02.071000-05:00,,1,,,,,,Treatment 2,203.384,67.7856666666667,4.0,3.0,,,3.0,3.0,4.0,0.0,0.0,0.0,0.0,0.0,0.0,1.0,,,,,,9820916
PSAVTMK,741334,2020-11-16 13:00:00-05:00,2020-11-16 14:02:00-05:00,2020-11-16 13:53:58.295000-05:00,,1,,,,,,Treatment 3,431.809,128.3945,2.0,1.0,,,2.0,4.0,2.0,0.0,0.0,0.0,0.0,0.0,0.0,1.0,,,,,,9820920
PSAVTMK,741484,2020-10-20 08:24:00-04:00,2020-11-06 08:26:00-05:00,2020-10-20 12:41:08.014000-04:00,,1,,,,,,Control,,,1.0,,,,,0.0,1.0,0.0,0.0,0.0,0.0,0.0,0.0,1.0,,,,,,8165969
PSAVTMK,742777,2020-11-16 13:00:00-05:00,2020-11-16 14:02:00-05:00,2020-11-16 13:28:24.478000-05:00,,1,,,,,,Treatment 3,1965.366,1746.39,2.0,0.0,,,1.0,5.0,2.0,1.0,0.0,0.0,0.0,0.0,1.0,1.0,,,,,,9815924
PSAVTMK,743995,2021-05-27 08:19:21.508000-04:00,2021-06-04 23:59:00-04:00,2021-05-28 13:51:38.826000-04:00,,1,,,,,,Treatment 1,,,1.0,,,,,0.0,1.0,0.0,0.0,0.0,0.0,0.0,0.0,1.0,,,,,,16655957
PSAVTMK,743997,2021-05-27 08:19:21.508000-04:00,2021-06-04 23:59:00-04:00,2021-05-28 21:20:32.514000-04:00,2021-05-28 21:26:18.653000-04:00,1,,,,,,Control,260.358,25.917,7.0,4.0,2.0,2.0,6.0,11.0,7.0,3.0,0.0,0.0,0.0,0.0,3.0,1.0,2.0,0.0,79.362,25.464,1.0,16658612
PSAVTMK,743999,2021-05-27 08:19:21.508000-04:00,2021-06-04 23:59:00-04:00,2021-05-28 13:01:43.371000-04:00,2021-06-04 11:44:27.188000-04:00,3,,,,,,Treatment 1,599695.821,66616.6183333333,9.0,6.0,2.0,,9.0,16.0,9.0,0.0,0.0,0.0,0.0,0.0,0.0,2.0,2.0,0.0,459.75,77.9675,1.0,16654730
PSAVTMK,744031,2021-05-27 08:19:21.508000-04:00,2021-06-04 23:59:00-04:00,2021-06-10 09:20:34.730000-04:00,,1,,,,,,Control,83.938,38.22,1.0,0.0,,,0.0,1.0,1.0,1.0,0.0,0.0,0.0,0.0,0.0,1.0,,,,,,16741093
PSAVTMK,744036,2021-05-27 08:19:21.508000-04:00,2021-06-04 23:59:00-04:00,2021-05-28 13:34:05.418000-04:00,,1,,,,,,Control,,,1.0,,,,,0.0,1.0,0.0,0.0,0.0,0.0,0.0,0.0,1.0,,,,,,16655526
PSAVTMK,744046,2021-05-27 08:19:21.508000-04:00,2021-06-04 23:59:00-04:00,2021-06-02 11:30:22.851000-04:00,,3,,,,,,Treatment 2,519836.771,249.380411764706,17.0,8.0,2.0,0.0,16.0,29.0,17.0,4.0,0.0,0.0,0.0,0.0,4.0,3.0,,,,,,16683745
PSAVTMK,744206,2021-02-26 14:42:00-05:00,2021-02-26 15:15:00-05:00,2021-02-26 14:48:56.879000-05:00,2021-02-26 14:52:02.419000-05:00,1,,,,,,Control,72.995,24.3236666666667,3.0,3.0,,,3.0,3.0,3.0,0.0,0.0,0.0,0.0,0.0,0.0,1.0,2.0,2.0,108.724,54.36,1.0,14002211
PSAVTMK,744240,2021-02-26 14:42:00-05:00,2021-02-26 15:15:00-05:00,2021-02-26 15:05:20.443000-05:00,2021-02-26 15:12:28.884000-05:00,1,,,,,,Treatment 3,293.299,48.5472,5.0,3.0,2.0,2.0,5.0,8.0,5.0,2.0,0.0,0.0,0.0,0.0,2.0,1.0,2.0,1.0,124.111,56.2585,1.0,14003261
PSAVTMK,744241,2021-02-26 14:42:00-05:00,2021-02-26 15:15:00-05:00,2021-02-26 14:43:16.839000-05:00,2021-02-26 15:03:09.433000-05:00,4,,,,,,Treatment 2,962.786,102.645555555556,9.0,7.0,2.0,,9.0,11.0,9.0,0.0,0.0,0.0,0.0,0.0,0.0,2.0,2.0,1.0,222.244,85.3025,1.0,14001798
PSAVTMK,744249,2021-02-26 14:42:00-05:00,2021-02-26 15:15:00-05:00,2021-03-09 23:25:23.674000-05:00,,1,,,,,,Treatment 1,271.886,22.0365555555556,10.0,4.0,3.0,3.0,6.0,11.0,10.0,4.0,0.0,0.0,0.0,0.0,4.0,1.0,,,,,,14459520
PSAVTMK,744252,2021-02-26 14:42:00-05:00,2021-02-26 15:15:00-05:00,2021-02-26 14:43:33.455000-05:00,2021-02-26 14:49:06.894000-05:00,1,,,,,,Treatment 3,142.827,71.4045,2.0,2.0,,,2.0,2.0,2.0,0.0,0.0,0.0,0.0,0.0,0.0,1.0,2.0,1.0,178.206,62.62,1.0,14001820
PSAVTMK,744263,2021-02-26 14:42:00-05:00,2021-02-26 15:15:00-05:00,2021-02-26 14:47:41.932000-05:00,2021-02-26 15:15:41.477000-05:00,1,,,,,,Treatment 2,495.297,45.7766666666667,6.0,5.0,1.0,1.0,6.0,8.0,6.0,1.0,0.0,0.0,0.0,0.0,1.0,1.0,2.0,2.0,1167.502,583.736,1.0,14002112
PSAVTMK,744287,2021-02-26 14:42:00-05:00,2021-02-26 15:15:00-05:00,2021-02-26 14:43:45.771000-05:00,2021-02-26 14:49:13.006000-05:00,1,,,,,,Treatment 2,168.082,33.6074,5.0,5.0,,,5.0,5.0,5.0,0.0,0.0,0.0,0.0,0.0,0.0,1.0,2.0,2.0,151.276,75.6345,1.0,14001835
PSAVTMK,744289,2021-02-26 14:42:00-05:00,2021-02-26 15:15:00-05:00,2021-02-26 14:42:55.788000-05:00,2021-02-26 14:50:57.774000-05:00,2,,,,,,Treatment 3,180.471,90.228,2.0,2.0,,,2.0,2.0,2.0,0.0,0.0,0.0,0.0,0.0,0.0,2.0,2.0,2.0,291.687,145.8385,1.0,14001772
PSAVTMK,744309,2021-02-26 14:42:00-05:00,2021-02-26 15:15:00-05:00,2021-02-26 14:49:10.017000-05:00,2021-02-26 14:53:15.635000-05:00,1,,,,,,Treatment 2,178.097,35.6164,5.0,5.0,,,5.0,5.0,5.0,0.0,0.0,0.0,0.0,0.0,0.0,1.0,2.0,2.0,45.635,22.8145,1.0,14002231
PSAVTMK,744327,2021-02-26 14:42:00-05:00,2021-02-26 15:15:00-05:00,2021-02-26 14:44:00.737000-05:00,2021-02-26 15:15:07.425000-05:00,4,,,,,,Treatment 2,1781.303,176.5357,10.0,8.0,1.0,,10.0,13.0,10.0,0.0,0.0,0.0,0.0,0.0,0.0,2.0,2.0,1.0,75.571,21.794,1.0,14001849
PSAVTMK,744331,2021-02-26 14:42:00-05:00,2021-02-26 15:15:00-05:00,2021-02-26 14:59:09.651000-05:00,,1,,,,,,Treatment 3,200.81,31.13,2.0,0.0,,,0.0,1.0,2.0,1.0,0.0,0.0,0.0,0.0,1.0,1.0,,,,,,14002889
PSAVTMK,744388,2021-02-26 14:42:00-05:00,2021-02-26 15:15:00-05:00,2021-02-26 14:46:44.227000-05:00,2021-02-26 15:12:12.560000-05:00,3,,,,,,Treatment 2,1079.813,66.511,6.0,5.0,1.0,1.0,6.0,8.0,6.0,1.0,0.0,0.0,0.0,0.0,1.0,2.0,2.0,2.0,386.381,193.1755,1.0,14002024
PSAVTMK,744418,2021-02-26 14:42:00-05:00,2021-02-26 15:15:00-05:00,2021-02-26 14:51:59.477000-05:00,2021-02-26 15:17:58.584000-05:00,2,,,,,,Treatment 2,1436.851,46.818,11.0,9.0,2.0,,11.0,15.0,11.0,0.0,0.0,0.0,0.0,0.0,0.0,2.0,2.0,2.0,73.152,36.5665,1.0,14002397
PSAVTMK,744446,2020-09-15 15:11:17.412000-04:00,,2020-09-18 15:20:37.528000-04:00,2020-09-18 15:39:50.278000-04:00,1,,,,,,Control,983.708,86.3861,10.0,7.0,2.0,1.0,10.0,14.0,10.0,1.0,0.0,0.0,0.0,0.0,1.0,1.0,2.0,0.0,160.009,65.1875,1.0,5838645
PSAVTMK,744457,2021-02-26 14:42:00-05:00,2021-02-26 15:15:00-05:00,2021-02-26 14:54:30.915000-05:00,,1,,,,,,Treatment 3,1621.707,158.255,7.0,2.0,1.0,0.0,4.0,9.0,7.0,2.0,0.0,0.0,0.0,0.0,3.0,1.0,,,,,,14002598
PSAVTMK,744458,2021-02-26 14:42:00-05:00,2021-02-26 15:15:00-05:00,2021-02-26 15:30:33.481000-05:00,2021-02-26 15:40:14.199000-05:00,1,,,,,,Treatment 3,507.299,43.501,5.0,3.0,2.0,1.0,5.0,10.0,5.0,1.0,0.0,0.0,0.0,0.0,1.0,1.0,2.0,2.0,59.883,29.9365,1.0,14004499
PSAVTMK,745173,2020-11-16 13:00:00-05:00,2020-11-16 14:02:00-05:00,2020-11-16 13:06:34.640000-05:00,,2,,,,,,Control,3193.881,1478.049,3.0,0.0,0.0,0.0,1.0,6.0,3.0,2.0,0.0,0.0,0.0,0.0,2.0,2.0,,,,,,9811832
PSAVTMK,745344,2020-11-04 08:45:00-05:00,2020-11-06 00:00:00-05:00,2020-11-05 13:27:20.267000-05:00,2020-11-05 17:33:16.428000-05:00,1,,,,,,Control,14376.448,2006.9614,5.0,3.0,1.0,,5.0,9.0,5.0,0.0,0.0,0.0,0.0,0.0,0.0,1.0,2.0,1.0,359.299,46.0195,1.0,9225025
PSAVTMK,745826,2020-11-04 08:45:00-05:00,2020-11-06 00:00:00-05:00,2020-11-05 17:54:39.268000-05:00,,3,,,,,,Treatment 1,16893.052,1639.9444,10.0,1.0,0.0,0.0,2.0,16.0,10.0,9.0,0.0,0.0,0.0,0.0,9.0,3.0,,,,,,9257189
PSAVTMK,745941,2020-09-15 15:11:17.412000-04:00,,2020-09-29 17:55:29.030000-04:00,2020-09-29 18:03:51.594000-04:00,1,,,,,,Treatment 1,400.546,28.9802,10.0,7.0,2.0,1.0,10.0,15.0,10.0,2.0,0.0,0.0,0.0,0.0,2.0,1.0,2.0,1.0,93.834,30.0885,1.0,6713728
PSAVTMK,746120,2020-11-04 08:45:00-05:00,2020-11-06 00:00:00-05:00,2020-11-06 14:57:11.677000-05:00,2020-11-06 15:04:44.046000-05:00,1,,,,,,Treatment 3,176.283,88.0805,2.0,2.0,,,2.0,2.0,2.0,0.0,0.0,0.0,0.0,0.0,0.0,1.0,2.0,2.0,262.251,131.1075,1.0,9320329
PSAVTMK,746356,2020-11-04 08:45:00-05:00,2020-11-06 00:00:00-05:00,2020-11-04 10:31:45-05:00,2020-11-12 19:07:11.803000-05:00,3,,,,,,Treatment 2,643914.527,33865.6644210526,19.0,9.0,2.0,2.0,17.0,35.0,19.0,9.0,0.0,0.0,0.0,0.0,9.0,3.0,2.0,0.0,411.244,162.014,1.0,9106320
PSAVTMK,747129,2020-09-15 15:11:17.412000-04:00,,2020-09-20 18:48:42.011000-04:00,2020-09-20 19:00:43.142000-04:00,1,,,,,,Control,282.341,62.2225,4.0,3.0,1.0,,4.0,5.0,4.0,0.0,0.0,0.0,0.0,0.0,0.0,1.0,2.0,1.0,430.583,76.969,1.0,5867784
PSAVTMK,747228,2020-11-04 08:45:00-05:00,2020-11-06 00:00:00-05:00,2020-11-08 22:23:28.381000-05:00,2020-11-13 11:28:54.678000-05:00,5,,,,,,Treatment 2,142814.075,7112.67105,20.0,9.0,3.0,0.0,20.0,37.0,20.0,4.0,0.0,0.0,0.0,0.0,4.0,5.0,2.0,0.0,280.923,112.137,1.0,9344065
PSAVTMK,747637,2020-09-15 15:11:17.412000-04:00,,2020-10-29 15:20:25.891000-04:00,2020-10-29 15:45:14.852000-04:00,1,,,,,,Treatment 2,1084.78,80.7024166666667,12.0,9.0,3.0,1.0,12.0,17.0,12.0,1.0,0.0,0.0,0.0,0.0,1.0,1.0,2.0,2.0,373.121,186.5595,1.0,8855549
PSAVTMK,750576,2021-05-27 08:19:21.514000-04:00,2021-06-04 23:59:00-04:00,2021-05-27 08:31:03.871000-04:00,,1,,,,,,Control,,,1.0,,,,,0.0,1.0,0.0,0.0,0.0,0.0,0.0,0.0,1.0,,,,,,16629523
PSAVTMK,750617,2021-05-27 08:19:21.514000-04:00,2021-06-04 23:59:00-04:00,2021-06-07 09:30:52.578000-04:00,,2,,,,,,Control,1315.451,116.9062,10.0,4.0,3.0,2.0,10.0,21.0,10.0,4.0,0.0,0.0,0.0,0.0,4.0,2.0,,,,,,16717280
PSAVTMK,750619,2021-05-27 08:19:21.514000-04:00,2021-06-04 23:59:00-04:00,2021-06-03 09:31:28.927000-04:00,,2,,,,,,Treatment 1,351284.701,351236.938,1.0,0.0,,,0.0,1.0,1.0,1.0,0.0,0.0,0.0,0.0,0.0,2.0,,,,,,16693113
PSAVTMK,750629,2021-05-27 08:19:21.514000-04:00,2021-06-04 23:59:00-04:00,2021-05-27 08:22:59.041000-04:00,2021-06-07 08:42:16.725000-04:00,2,,,,,,Treatment 3,951421.76,475710.876,2.0,2.0,,,2.0,2.0,2.0,0.0,0.0,0.0,0.0,0.0,0.0,2.0,2.0,2.0,132.757,66.376,1.0,16629426
PSAVTMK,750644,2021-05-27 08:19:21.514000-04:00,2021-06-04 23:59:00-04:00,2021-06-03 11:22:30.570000-04:00,,1,,,,,,Control,,,1.0,,,,,0.0,1.0,0.0,0.0,0.0,0.0,0.0,0.0,1.0,,,,,,16695951
PSAVTMK,753387,2021-05-03 11:00:00-04:00,2021-05-07 19:00:00-04:00,2021-05-03 13:12:20.068000-04:00,,1,,,,,,Treatment 1,,,1.0,,,,,0.0,1.0,0.0,0.0,0.0,0.0,0.0,0.0,1.0,,,,,,16088889
PSAVTMK,753518,2020-11-16 09:00:00-05:00,2020-11-20 17:00:00-05:00,2020-11-20 13:05:32.327000-05:00,,1,,,,,,Treatment 1,276.555,69.13425,4.0,4.0,,,4.0,4.0,4.0,0.0,0.0,0.0,0.0,0.0,0.0,1.0,1.0,,,,1.0,10165853
PSAVTMK,755322,2020-11-04 08:45:00-05:00,2020-11-06 00:00:00-05:00,2020-11-04 13:34:08.338000-05:00,,3,,,,,,Treatment 1,1653921.98,7937.881,10.0,6.0,3.0,3.0,10.0,19.0,10.0,4.0,0.0,0.0,0.0,0.0,3.0,2.0,,,,,,9138256
PSAVTMK,755970,2020-10-20 08:24:00-04:00,2020-11-06 08:26:00-05:00,2020-10-20 12:41:00.485000-04:00,,1,,,,,,Treatment 1,36.848,16.616,2.0,0.0,,,0.0,1.0,2.0,1.0,0.0,0.0,0.0,0.0,1.0,1.0,,,,,,8165948
PSAVTMK,756674,2020-09-21 12:45:00-04:00,2020-09-22 01:59:00-04:00,2020-09-21 17:15:36.257000-04:00,2020-09-21 17:28:07.651000-04:00,1,,,,,,Treatment 3,179.45,89.721,2.0,2.0,,,2.0,2.0,2.0,0.0,0.0,0.0,0.0,0.0,0.0,1.0,2.0,0.0,565.707,133.7905,1.0,5982687
PSAVTMK,756711,2020-09-21 12:45:00-04:00,2020-09-22 01:59:00-04:00,2020-09-21 13:25:10.542000-04:00,2020-09-21 13:30:02.604000-04:00,1,,,,,,Treatment 3,110.547,55.271,2.0,2.0,,,2.0,2.0,2.0,0.0,0.0,0.0,0.0,0.0,0.0,1.0,2.0,0.0,171.825,61.8655,1.0,5940699
PSAVTMK,762009,2020-09-21 12:45:00-04:00,2020-09-22 01:59:00-04:00,2020-09-21 17:16:14.679000-04:00,,1,,,,,,Control,,,1.0,,,,,0.0,1.0,0.0,0.0,0.0,0.0,0.0,0.0,1.0,,,,,,5982736
PSAVTMK,763573,2020-11-04 08:45:00-05:00,2020-11-06 00:00:00-05:00,2020-12-15 16:28:23.017000-05:00,2020-12-15 16:43:40.025000-05:00,1,,,,,,Treatment 1,429.734,107.42725,4.0,4.0,,,4.0,4.0,4.0,0.0,0.0,0.0,0.0,0.0,0.0,1.0,2.0,2.0,475.631,237.8105,1.0,11312512
PSAVTMK,763606,2020-11-04 08:45:00-05:00,2020-11-06 00:00:00-05:00,2020-11-05 22:26:17.208000-05:00,2020-11-05 22:44:29.247000-05:00,1,,,,,,Treatment 3,351.859,53.8865,4.0,3.0,1.0,1.0,4.0,6.0,4.0,1.0,0.0,0.0,0.0,0.0,1.0,1.0,2.0,0.0,728.0,289.717,1.0,9265307
PSAVTMK,763871,2021-03-01 08:36:13.052000-05:00,2021-03-04 02:00:00-05:00,2021-03-01 09:38:59.500000-05:00,2021-03-02 09:27:26.004000-05:00,3,,,,,,Treatment 1,85513.574,10669.296,8.0,6.0,2.0,,8.0,11.0,8.0,0.0,0.0,0.0,0.0,0.0,0.0,2.0,2.0,2.0,156.61,78.2995,1.0,14026951
PSAVTMK,765152,2021-03-03 14:54:38.632000-05:00,2021-03-04 14:56:00-05:00,2021-03-04 07:56:39.260000-05:00,2021-03-04 08:10:43.437000-05:00,1,,,,,,Treatment 3,599.055,90.5312,5.0,3.0,2.0,1.0,5.0,18.0,5.0,1.0,0.0,0.0,0.0,0.0,1.0,1.0,2.0,0.0,237.581,70.0585,1.0,14215512
PSAVTMK,765155,2021-03-03 14:54:38.632000-05:00,2021-03-04 14:56:00-05:00,2021-03-04 08:54:48.030000-05:00,2021-03-04 09:25:10.232000-05:00,1,,,,,,Control,1667.168,153.9462,10.0,7.0,3.0,3.0,10.0,16.0,10.0,3.0,0.0,0.0,0.0,0.0,3.0,1.0,2.0,2.0,141.601,70.7985,1.0,14218122
PSAVTMK,765156,2021-03-03 14:54:38.632000-05:00,2021-03-04 14:56:00-05:00,2021-03-04 08:09:54.875000-05:00,2021-03-04 08:17:33.464000-05:00,1,,,,,,Treatment 1,293.44,49.3804,5.0,4.0,1.0,,5.0,6.0,5.0,0.0,0.0,0.0,0.0,0.0,0.0,1.0,2.0,1.0,159.587,72.9235,1.0,14215907
PSAVTMK,765158,2021-03-03 14:54:38.632000-05:00,2021-03-04 14:56:00-05:00,2021-03-04 08:24:35.216000-05:00,,1,,,,,,Treatment 1,419.255,23.85475,12.0,5.0,3.0,1.0,12.0,23.0,12.0,3.0,0.0,0.0,0.0,0.0,3.0,1.0,,,,,,14216390
PSAVTMK,765160,2021-03-03 14:54:38.632000-05:00,2021-03-04 14:56:00-05:00,2021-03-04 08:17:13.705000-05:00,2021-03-04 08:22:52.196000-05:00,1,,,,,,Treatment 3,128.72,34.339,3.0,2.0,1.0,,3.0,4.0,3.0,0.0,0.0,0.0,0.0,0.0,0.0,1.0,2.0,2.0,202.414,101.2055,1.0,14216133
PSAVTMK,765161,2021-03-03 14:54:38.632000-05:00,2021-03-04 14:56:00-05:00,2021-03-04 08:18:34.218000-05:00,,1,,,,,,Treatment 3,,,1.0,,,,,0.0,1.0,0.0,0.0,0.0,0.0,0.0,0.0,1.0,,,,,,14216164
PSAVTMK,765164,2021-03-03 14:54:38.632000-05:00,2021-03-04 14:56:00-05:00,2021-03-04 08:13:40.457000-05:00,2021-03-04 08:16:55.198000-05:00,1,,,,,,Treatment 3,53.907,26.9515,2.0,2.0,,,2.0,2.0,2.0,0.0,0.0,0.0,0.0,0.0,0.0,1.0,2.0,1.0,134.194,41.4955,1.0,14216039
PSAVTMK,765167,2021-03-03 14:54:38.632000-05:00,2021-03-04 14:56:00-05:00,2021-03-04 08:17:41.623000-05:00,,4,,,,,,Treatment 3,559.364,43.6555,7.0,1.0,0.0,0.0,6.0,23.0,7.0,4.0,0.0,0.0,0.0,0.0,4.0,4.0,,,,,,14216143
PSAVTMK,765168,2021-03-03 14:54:38.632000-05:00,2021-03-04 14:56:00-05:00,2021-03-04 08:22:39.212000-05:00,2021-03-04 08:26:21.272000-05:00,1,,,,,,Treatment 2,125.062,25.011,5.0,5.0,,,5.0,5.0,5.0,0.0,0.0,0.0,0.0,0.0,0.0,1.0,2.0,0.0,90.96,25.086,1.0,14216305
PSAVTMK,765173,2021-03-03 14:54:38.632000-05:00,2021-03-04 14:56:00-05:00,2021-03-04 08:24:05.615000-05:00,2021-03-04 08:57:42.430000-05:00,2,,,,,,Control,1882.111,58.1815714285714,7.0,4.0,1.0,1.0,7.0,14.0,7.0,2.0,0.0,0.0,0.0,0.0,2.0,2.0,2.0,0.0,118.243,36.9405,1.0,14216365
PSAVTMK,765174,2021-03-03 14:54:38.632000-05:00,2021-03-04 14:56:00-05:00,2021-03-04 08:08:42.514000-05:00,,2,,,,,,Treatment 2,382.425,36.426,1.0,0.0,,,1.0,3.0,1.0,0.0,0.0,0.0,0.0,0.0,0.0,2.0,,,,,,14215856
PSAVTMK,765187,2021-03-03 14:54:38.632000-05:00,2021-03-04 14:56:00-05:00,2021-03-04 08:06:06.147000-05:00,2021-03-04 08:12:08.168000-05:00,1,,,,,,Control,154.683,24.60875,4.0,3.0,1.0,1.0,4.0,7.0,4.0,1.0,0.0,0.0,0.0,0.0,1.0,1.0,2.0,0.0,197.612,51.6605,1.0,14215762
PSAVTMK,765290,2021-03-03 14:54:38.632000-05:00,2021-03-04 14:56:00-05:00,2021-03-04 08:21:34.885000-05:00,2021-03-04 08:33:37.992000-05:00,1,,,,,,Control,469.849,80.712,4.0,3.0,1.0,,4.0,5.0,4.0,0.0,0.0,0.0,0.0,0.0,0.0,1.0,2.0,0.0,244.956,78.2685,1.0,14216274
PSAVTMK,765912,2021-03-01 09:17:25.443000-05:00,2021-03-01 17:00:00-05:00,2021-03-07 15:01:40.987000-05:00,2021-03-07 15:17:48.986000-05:00,1,,,,,,Treatment 1,545.068,62.148,7.0,4.0,1.0,1.0,7.0,13.0,7.0,2.0,0.0,0.0,0.0,0.0,2.0,1.0,2.0,1.0,411.939,148.98,1.0,14326159
PSAVTMK,766001,2021-05-27 08:19:21.511000-04:00,2021-06-04 23:59:00-04:00,2021-06-04 08:46:41.261000-04:00,2021-06-08 09:38:22.862000-04:00,2,,,,,,Treatment 3,348605.148,20.8682,5.0,2.0,1.0,1.0,5.0,22.0,5.0,2.0,0.0,0.0,0.0,0.0,0.0,2.0,2.0,1.0,94.288,13.4305,1.0,16705296
PSAVTMK,766298,2021-03-01 09:51:58.026000-05:00,2021-03-01 17:00:00-05:00,2021-03-01 09:54:59.790000-05:00,2021-03-01 10:23:03.365000-05:00,1,,,,,,Treatment 3,1217.578,218.831,5.0,2.0,1.0,1.0,5.0,9.0,5.0,3.0,0.0,0.0,0.0,0.0,3.0,1.0,2.0,0.0,454.835,198.35,1.0,14028708
PSAVTMK,766376,2021-03-01 09:51:58.026000-05:00,2021-03-01 17:00:00-05:00,2021-03-01 21:30:59.020000-05:00,,1,,,,,,Control,1525.366,1458.089,2.0,0.0,,,0.0,1.0,2.0,1.0,0.0,0.0,0.0,0.0,1.0,1.0,,,,,,14083209
PSAVTMK,766393,2021-03-01 09:51:58.026000-05:00,2021-03-01 17:00:00-05:00,2021-03-01 11:54:35.206000-05:00,2021-03-01 12:00:45.550000-05:00,1,,,,,,Treatment 3,231.429,20.9881666666667,6.0,2.0,1.0,1.0,6.0,14.0,6.0,3.0,0.0,0.0,0.0,0.0,3.0,1.0,2.0,0.0,130.017,27.6785,1.0,14043760
PSAVTMK,766407,2021-03-01 09:51:58.026000-05:00,2021-03-01 17:00:00-05:00,2021-03-01 09:56:19.395000-05:00,2021-03-01 10:08:15.845000-05:00,1,,,,,,Treatment 1,541.187,61.2071666666667,6.0,4.0,1.0,1.0,6.0,8.0,6.0,1.0,0.0,0.0,0.0,0.0,1.0,1.0,2.0,1.0,167.119,67.0815,1.0,14028881
PSAVTMK,766481,2021-03-01 09:51:58.026000-05:00,2021-03-01 17:00:00-05:00,2021-03-01 13:29:04.758000-05:00,,1,,,,,,Treatment 1,144.854,3.841,7.0,0.0,0.0,0.0,0.0,7.0,7.0,6.0,0.0,0.0,0.0,0.0,6.0,1.0,,,,,,14056243
PSAVTMK,766527,2021-03-01 09:51:58.026000-05:00,2021-03-01 17:00:00-05:00,2021-03-01 14:50:40.825000-05:00,,1,,,,,,Treatment 1,965.216,56.9306,10.0,4.0,2.0,2.0,10.0,28.0,10.0,5.0,0.0,0.0,0.0,0.0,5.0,1.0,,,,,,14066818
PSAVTMK,766567,2020-11-04 08:45:00-05:00,2020-11-06 00:00:00-05:00,2020-11-04 12:02:55.507000-05:00,,5,,,,,,Treatment 1,1296230.459,162006.18425,9.0,4.0,1.0,0.0,8.0,14.0,9.0,1.0,0.0,0.0,0.0,0.0,1.0,3.0,,,,,,9122683
PSAVTMK,766605,2021-03-01 09:51:58.026000-05:00,2021-03-01 17:00:00-05:00,2021-03-01 13:55:35.712000-05:00,,1,,,,,,Control,662.65,28.4332857142857,8.0,1.0,1.0,0.0,7.0,21.0,8.0,1.0,0.0,0.0,0.0,0.0,1.0,1.0,,,,,,14059967
PSAVTMK,766677,2021-03-01 09:17:25.443000-05:00,2021-03-01 17:00:00-05:00,2021-03-01 10:05:42.368000-05:00,,2,,,,,,Treatment 2,5368.989,426.490583333333,12.0,7.0,4.0,,12.0,20.0,12.0,0.0,0.0,0.0,0.0,0.0,0.0,2.0,,,,,,14030012
PSAVTMK,767347,2021-05-27 08:19:21.511000-04:00,2021-06-04 23:59:00-04:00,2021-05-28 11:32:45.254000-04:00,,1,,,,,,Treatment 3,,,1.0,,,,,0.0,1.0,0.0,0.0,0.0,0.0,0.0,0.0,1.0,,,,,,16652313
PSAVTMK,767397,2021-05-27 08:19:21.511000-04:00,2021-06-04 23:59:00-04:00,2021-06-02 12:43:24.323000-04:00,,1,,,,,,Treatment 1,729.571,722.967,1.0,0.0,,,1.0,2.0,1.0,0.0,0.0,0.0,0.0,0.0,0.0,1.0,,,,,,16685780
PSAVTMK,767399,2021-05-27 08:19:21.511000-04:00,2021-06-04 23:59:00-04:00,2021-06-03 13:59:52.247000-04:00,,1,,,,,,Treatment 1,43.774,37.175,1.0,0.0,,,0.0,0.0,1.0,1.0,0.0,0.0,0.0,0.0,0.0,1.0,,,,,,16699970
PSAVTMK,767654,2021-03-01 09:19:14.157000-05:00,2021-03-01 17:00:00-05:00,2021-03-01 13:54:37.885000-05:00,,1,,,,,,Treatment 1,1146.607,86.5554,10.0,4.0,1.0,1.0,10.0,22.0,10.0,3.0,0.0,0.0,0.0,0.0,3.0,1.0,,,,,,14059848
PSAVTMK,767676,2021-03-01 09:19:14.157000-05:00,2021-03-01 17:00:00-05:00,2021-03-01 11:32:13.581000-05:00,,1,,,,,,Control,,,1.0,,,,,0.0,1.0,0.0,0.0,0.0,0.0,0.0,0.0,1.0,,,,,,14040882
PSAVTMK,767736,2021-03-03 14:54:38.629000-05:00,2021-03-04 14:56:00-05:00,2021-03-04 09:50:43.705000-05:00,2021-03-04 10:03:18.142000-05:00,1,,,,,,Treatment 3,360.841,180.4185,2.0,2.0,,,2.0,2.0,2.0,0.0,0.0,0.0,0.0,0.0,0.0,1.0,2.0,1.0,389.345,178.335,1.0,14223138
PSAVTMK,767740,2021-03-03 14:54:38.629000-05:00,2021-03-04 14:56:00-05:00,2021-03-04 09:56:57.584000-05:00,2021-03-04 10:03:41.789000-05:00,1,,,,,,Treatment 3,228.286,32.9226,5.0,3.0,2.0,2.0,5.0,7.0,5.0,2.0,0.0,0.0,0.0,0.0,2.0,1.0,2.0,0.0,168.916,69.804,1.0,14223872
PSAVTMK,767744,2021-03-03 14:54:38.629000-05:00,2021-03-04 14:56:00-05:00,2021-03-04 10:09:16.132000-05:00,2021-03-04 10:23:27.703000-05:00,2,,,,,,Treatment 3,599.736,75.2577142857143,7.0,4.0,3.0,2.0,7.0,12.0,7.0,2.0,0.0,0.0,0.0,0.0,2.0,2.0,2.0,2.0,242.727,121.362,1.0,14225392
PSAVTMK,767745,2021-03-03 14:54:38.629000-05:00,2021-03-04 14:56:00-05:00,2021-03-04 09:51:39.462000-05:00,2021-03-04 10:10:03.063000-05:00,1,,,,,,Treatment 1,900.497,49.9325555555556,9.0,6.0,2.0,0.0,9.0,13.0,9.0,1.0,0.0,0.0,0.0,0.0,1.0,1.0,2.0,0.0,189.185,46.1875,1.0,14223245
PSAVTMK,767746,2021-03-03 14:54:38.629000-05:00,2021-03-04 14:56:00-05:00,2021-03-04 10:15:45.271000-05:00,2021-03-04 10:23:10.390000-05:00,1,,,,,,Treatment 1,148.786,28.92,5.0,4.0,1.0,,5.0,6.0,5.0,0.0,0.0,0.0,0.0,0.0,0.0,1.0,2.0,2.0,290.212,145.105,1.0,14226163
PSAVTMK,767747,2021-03-03 14:54:38.629000-05:00,2021-03-04 14:56:00-05:00,2021-03-04 09:59:45.384000-05:00,2021-03-04 10:05:40.132000-05:00,1,,,,,,Treatment 1,221.278,33.465,6.0,5.0,1.0,,6.0,7.0,6.0,0.0,0.0,0.0,0.0,0.0,0.0,1.0,2.0,1.0,127.906,55.032,1.0,14224169
PSAVTMK,767749,2021-03-03 14:54:38.629000-05:00,2021-03-04 14:56:00-05:00,2021-03-04 09:55:46.337000-05:00,,2,,,,,,Treatment 3,904.604,74.5394,10.0,3.0,2.0,0.0,10.0,23.0,10.0,3.0,0.0,0.0,0.0,0.0,3.0,1.0,,,,,,14223717
PSAVTMK,767750,2021-03-03 14:54:38.629000-05:00,2021-03-04 14:56:00-05:00,2021-03-04 09:49:52.072000-05:00,,2,,,,,,Treatment 2,1093.537,289.581666666667,4.0,0.0,0.0,0.0,3.0,8.0,4.0,3.0,0.0,0.0,0.0,0.0,3.0,2.0,,,,,,14223021
PSAVTMK,767757,2021-03-03 14:54:38.629000-05:00,2021-03-04 14:56:00-05:00,2021-03-04 10:33:32.764000-05:00,2021-03-04 10:50:07.875000-05:00,1,,,,,,Treatment 1,871.6,173.2648,5.0,4.0,1.0,,5.0,6.0,5.0,0.0,0.0,0.0,0.0,0.0,0.0,1.0,2.0,0.0,115.841,44.0855,1.0,14228474
PSAVTMK,767770,2021-03-03 14:54:38.629000-05:00,2021-03-04 14:56:00-05:00,2021-03-04 10:22:16.804000-05:00,2021-03-04 10:34:37.625000-05:00,1,,,,,,Control,461.467,153.821,3.0,3.0,,,3.0,3.0,3.0,0.0,0.0,0.0,0.0,0.0,0.0,1.0,2.0,2.0,273.919,136.958,1.0,14226911
PSAVTMK,767843,2021-03-03 14:54:38.629000-05:00,2021-03-04 14:56:00-05:00,2021-03-04 10:21:34.355000-05:00,2021-03-04 10:24:37.006000-05:00,1,,,,,,Treatment 3,44.27,22.133,2.0,2.0,,,2.0,2.0,2.0,0.0,0.0,0.0,0.0,0.0,0.0,1.0,2.0,1.0,133.031,44.303,1.0,14226830
PSAVTMK,767846,2021-03-03 14:54:38.629000-05:00,2021-03-04 14:56:00-05:00,2021-03-04 09:50:40.274000-05:00,2021-03-04 10:07:15.060000-05:00,2,,,,,,Treatment 1,863.55,138.3255,6.0,5.0,1.0,,6.0,7.0,6.0,0.0,0.0,0.0,0.0,0.0,0.0,2.0,2.0,2.0,124.744,62.371,1.0,14223126
PSAVTMK,767886,2021-03-03 14:54:38.629000-05:00,2021-03-04 14:56:00-05:00,2021-03-04 09:57:30.968000-05:00,2021-03-04 10:07:16.574000-05:00,1,,,,,,Control,309.603,103.198666666667,3.0,3.0,,,3.0,3.0,3.0,0.0,0.0,0.0,0.0,0.0,0.0,1.0,2.0,0.0,271.693,104.301,1.0,14223923
PSAVTMK,767958,2021-03-03 14:54:38.629000-05:00,2021-03-04 14:56:00-05:00,2021-03-04 09:58:49.866000-05:00,2021-03-04 10:20:10.337000-05:00,2,,,,,,Treatment 3,1070.585,535.2905,2.0,2.0,,,2.0,2.0,2.0,0.0,0.0,0.0,0.0,0.0,0.0,2.0,2.0,1.0,206.566,69.75,1.0,14224071
PSAVTMK,768401,2021-03-01 09:17:25.443000-05:00,2021-03-01 17:00:00-05:00,2021-03-04 13:00:32.059000-05:00,,1,,,,,,Treatment 2,1815.351,158.427454545455,11.0,7.0,2.0,2.0,10.0,17.0,11.0,3.0,0.0,0.0,0.0,0.0,3.0,1.0,,,,,,14246942
PSAVTMK,770338,2021-03-03 14:54:38.632000-05:00,2021-03-04 14:56:00-05:00,2021-03-04 08:16:34.897000-05:00,2021-03-04 08:22:03.390000-05:00,1,,,,,,Treatment 1,205.848,27.99,5.0,4.0,1.0,1.0,5.0,8.0,5.0,1.0,0.0,0.0,0.0,0.0,1.0,1.0,2.0,1.0,111.898,31.224,1.0,14216113
PSAVTMK,770473,2021-05-27 08:19:21.508000-04:00,2021-06-04 23:59:00-04:00,2021-05-28 13:32:13.867000-04:00,,3,,,,,,Treatment 3,941006.831,313653.652333333,3.0,0.0,0.0,0.0,3.0,8.0,3.0,2.0,0.0,0.0,0.0,0.0,2.0,3.0,,,,,,16655461
PSAVTMK,774031,2021-03-05 10:45:00-05:00,,2021-03-10 18:10:25.819000-05:00,2021-03-13 14:14:54.690000-05:00,2,,,,,,Control,244689.423,34912.5211428571,7.0,3.0,1.0,0.0,7.0,20.0,7.0,2.0,0.0,0.0,0.0,0.0,2.0,2.0,2.0,0.0,363.369,43.3995,1.0,14511195
PSAVTMK,774118,2021-03-01 09:17:25.443000-05:00,2021-03-01 17:00:00-05:00,2021-03-01 12:41:02.058000-05:00,,1,,,,,,Treatment 3,126.639,4.18,1.0,0.0,,,0.0,2.0,1.0,1.0,0.0,0.0,0.0,0.0,0.0,1.0,,,,,,14050032
PSAVTMK,781958,2020-10-20 08:24:00-04:00,2020-11-06 08:26:00-05:00,2020-10-20 14:56:40.146000-04:00,,1,,,,,,Treatment 2,,,1.0,,,,,0.0,1.0,0.0,0.0,0.0,0.0,0.0,0.0,1.0,,,,,,8194826
PSAVTMK,781961,2020-10-20 08:24:00-04:00,2020-11-06 08:26:00-05:00,2020-11-06 10:28:24.915000-05:00,,1,,,,,,Treatment 3,,,1.0,,,,,0.0,1.0,0.0,0.0,0.0,0.0,0.0,0.0,1.0,,,,,,9283263
PSAVTMK,781967,2020-10-20 08:24:00-04:00,2020-11-06 08:26:00-05:00,2020-11-03 09:01:49.988000-05:00,2021-01-12 12:21:23.278000-05:00,2,,,,,,Treatment 2,6059648.053,1211929.6058,5.0,5.0,,,5.0,5.0,5.0,0.0,0.0,0.0,0.0,0.0,0.0,2.0,2.0,1.0,296.989,144.262,1.0,9026848
PSAVTMK,781975,2020-10-20 08:24:00-04:00,2020-11-06 08:26:00-05:00,2020-10-20 14:53:09.822000-04:00,2020-11-05 19:44:57.657000-05:00,4,,,,,,Treatment 2,1402852.283,107708.244846154,13.0,8.0,2.0,2.0,13.0,31.0,13.0,4.0,0.0,0.0,0.0,0.0,3.0,2.0,2.0,0.0,619.595,288.0965,1.0,8194245
PSAVTMK,782217,2020-11-16 09:00:00-05:00,2020-11-20 17:00:00-05:00,2020-11-18 16:51:50.178000-05:00,,3,,,,,,Treatment 1,84429.915,139.694,2.0,0.0,,,1.0,4.0,2.0,1.0,0.0,0.0,0.0,0.0,1.0,2.0,,,,,,10027961
PSAVTMK,782425,2020-09-21 12:45:00-04:00,2020-09-22 01:59:00-04:00,2020-09-23 16:02:13.163000-04:00,2020-09-23 16:15:56.747000-04:00,1,,,,,,Treatment 1,712.99,85.0605,8.0,6.0,2.0,,8.0,10.0,8.0,0.0,0.0,0.0,0.0,0.0,0.0,1.0,2.0,2.0,77.149,38.5665,1.0,6233901
PSAVTMK,782454,2020-09-21 12:45:00-04:00,2020-09-22 01:59:00-04:00,2020-09-23 15:45:25.917000-04:00,2020-09-25 20:09:57.754000-04:00,2,,,,,,Treatment 2,187858.758,63.2441666666667,6.0,5.0,1.0,,5.0,6.0,6.0,0.0,0.0,0.0,0.0,0.0,0.0,2.0,2.0,1.0,793.427,339.4855,1.0,6231795
PSAVTMK,783731,2021-03-05 10:45:00-05:00,,2021-03-07 22:18:48.002000-05:00,,1,,,,,,Not Assigned,,,,,,,,,,,,,,,,,,,,,,14328939
PSAVTMK,788277,2021-05-27 08:19:21.514000-04:00,2021-06-04 23:59:00-04:00,2021-06-07 11:20:32.041000-04:00,,1,,,,,,Treatment 1,,,1.0,,,,,0.0,1.0,0.0,0.0,0.0,0.0,0.0,0.0,1.0,,,,,,16719196
PSAVTMK,789081,2020-10-20 08:24:00-04:00,2020-11-06 08:26:00-05:00,2020-10-20 12:41:06.675000-04:00,,2,,,,,,Treatment 2,126.954,62.29,2.0,0.0,,,0.0,4.0,2.0,1.0,0.0,0.0,0.0,0.0,1.0,2.0,,,,,,8165962
PSAVTMK,789238,2020-09-29 09:00:00-04:00,2020-09-30 21:02:00-04:00,2020-10-09 14:47:02.187000-04:00,,2,,,,,,Treatment 3,1738384.083,579448.441666667,3.0,2.0,1.0,1.0,2.0,3.0,3.0,1.0,0.0,0.0,0.0,0.0,1.0,2.0,2.0,0.0,75.33,27.3275,1.0,7545867
PSAVTMK,790490,2020-09-15 15:11:17.412000-04:00,,2020-10-01 03:28:35.644000-04:00,2020-10-01 03:39:01.125000-04:00,1,,,,,,Control,157.025,52.3396666666667,3.0,3.0,,,3.0,3.0,3.0,0.0,0.0,0.0,0.0,0.0,0.0,1.0,2.0,1.0,461.612,55.9345,1.0,6846134
PSAVTMK,793100,2020-11-04 08:45:00-05:00,2020-11-06 00:00:00-05:00,2020-11-05 11:21:08.777000-05:00,2020-11-05 11:27:49.353000-05:00,1,,,,,,Control,210.813,70.2673333333333,3.0,3.0,,,3.0,3.0,3.0,0.0,0.0,0.0,0.0,0.0,0.0,1.0,2.0,1.0,184.238,65.805,1.0,9201876
PSAVTMK,795347,2021-04-07 13:17:24.305000-04:00,2021-04-09 13:17:00-04:00,2021-04-21 14:09:38.665000-04:00,,1,,,,,,Treatment 3,,,1.0,,,,,0.0,1.0,0.0,0.0,0.0,0.0,0.0,0.0,1.0,,,,,,15766065
PSAVTMK,795640,2021-05-27 08:19:21.511000-04:00,2021-06-04 23:59:00-04:00,2021-05-27 13:43:50.495000-04:00,,1,,,,,,Control,,,1.0,,,,,0.0,1.0,0.0,0.0,0.0,0.0,0.0,0.0,1.0,,,,,,16640609
PSAVTMK,799057,2021-05-27 08:19:21.511000-04:00,2021-06-04 23:59:00-04:00,2021-05-27 13:18:51.554000-04:00,2021-05-27 13:39:29.033000-04:00,1,,,,,,Treatment 3,642.971,77.1371666666667,6.0,2.0,1.0,1.0,5.0,9.0,6.0,4.0,0.0,0.0,0.0,0.0,4.0,1.0,2.0,2.0,365.047,182.5215,1.0,16639594
PSAVTMK,800065,2020-11-04 08:45:00-05:00,2020-11-06 00:00:00-05:00,2020-11-05 12:08:36.936000-05:00,2020-11-05 12:23:25.956000-05:00,1,,,,,,Control,617.915,63.1483333333333,9.0,6.0,3.0,,9.0,12.0,9.0,0.0,0.0,0.0,0.0,0.0,0.0,1.0,2.0,2.0,249.131,124.561,1.0,9210591
PSAVTMK,811655,2020-11-04 08:45:00-05:00,2020-11-06 00:00:00-05:00,2020-12-09 10:37:53.365000-05:00,2020-12-16 13:46:49.543000-05:00,2,,,,,,Treatment 3,610333.907,122063.1498,5.0,3.0,2.0,,5.0,7.0,5.0,0.0,0.0,0.0,0.0,0.0,0.0,2.0,2.0,0.0,5775.382,2702.9925,1.0,10957618
PSAVTMK,813312,2020-11-04 08:45:00-05:00,2020-11-06 00:00:00-05:00,2020-11-05 11:59:09.983000-05:00,2020-11-14 18:47:37.418000-05:00,2,,,,,,Treatment 1,801707.134,89050.3914444445,9.0,7.0,2.0,,9.0,11.0,9.0,0.0,0.0,0.0,0.0,0.0,0.0,2.0,2.0,2.0,372.599,186.2985,1.0,9208722
PSAVTMK,816610,2020-09-29 09:00:00-04:00,2020-09-30 21:02:00-04:00,2020-10-02 10:46:28.996000-04:00,2020-10-02 10:50:20.954000-04:00,1,,,,,,Treatment 3,152.715,27.717,3.0,2.0,1.0,,2.0,3.0,3.0,0.0,0.0,0.0,0.0,0.0,0.0,1.0,2.0,1.0,71.713,30.4905,1.0,6984791
PSAVTMK,823791,2021-01-12 08:05:49.428000-05:00,2021-01-13 08:07:00-05:00,2021-03-17 09:35:37.686000-04:00,2021-04-14 09:13:49.294000-04:00,4,,,,,,Treatment 3,2417796.115,483484.6926,5.0,2.0,1.0,1.0,4.0,11.0,5.0,3.0,0.0,0.0,0.0,0.0,3.0,3.0,2.0,2.0,86.143,43.0625,1.0,14738378
PSAVTMK,831287,2020-11-04 08:45:00-05:00,2020-11-06 00:00:00-05:00,2020-11-04 10:40:36.678000-05:00,2020-11-06 10:11:03.597000-05:00,2,,,,,,Treatment 1,170798.625,34107.8038,5.0,4.0,1.0,,4.0,5.0,5.0,0.0,0.0,0.0,0.0,0.0,0.0,2.0,2.0,2.0,209.843,104.91,1.0,9107927
PSAVTMK,837084,2021-01-12 08:05:49.426000-05:00,2021-01-13 08:07:00-05:00,2021-01-12 12:01:28.006000-05:00,2021-01-12 15:54:12.240000-05:00,2,,,,,,Treatment 3,13798.27,1926.42542857143,7.0,2.0,1.0,1.0,6.0,16.0,7.0,5.0,0.0,0.0,0.0,0.0,5.0,2.0,2.0,0.0,132.518,27.9855,1.0,11965752
PSAVTMK,838887,2021-02-03 09:01:21.056000-05:00,2021-02-05 09:03:00-05:00,2021-02-03 09:51:42.328000-05:00,,2,,,,,,Treatment 3,17675.178,5889.585,3.0,2.0,1.0,,3.0,4.0,3.0,0.0,0.0,0.0,0.0,0.0,0.0,2.0,1.0,,,,1.0,13002183
PSAVTMK,838908,2021-02-03 09:01:21.056000-05:00,2021-02-05 09:03:00-05:00,2021-02-05 10:58:36.580000-05:00,,1,,,,,,Treatment 3,,,1.0,,,,,0.0,1.0,0.0,0.0,0.0,0.0,0.0,0.0,1.0,,,,,,13141466
PSAVTMK,838914,2021-02-03 09:01:21.056000-05:00,2021-02-05 09:03:00-05:00,2021-02-03 09:29:08.207000-05:00,,2,,,,,,Treatment 2,444.175,57.4962857142857,7.0,6.0,1.0,,7.0,8.0,7.0,0.0,0.0,0.0,0.0,0.0,0.0,2.0,1.0,,,,1.0,12999689
PSAVTMK,838915,2021-02-03 09:01:21.056000-05:00,2021-02-05 09:03:00-05:00,2021-02-03 09:39:21.953000-05:00,,1,,,,,,Treatment 3,709.437,165.47675,4.0,2.0,1.0,,4.0,9.0,4.0,0.0,0.0,0.0,0.0,0.0,0.0,1.0,1.0,0.0,50.133,50.133,1.0,13000784
PSAVTMK,838917,2021-02-03 09:01:21.056000-05:00,2021-02-05 09:03:00-05:00,2021-02-03 09:37:28.442000-05:00,,2,,,,,,Control,164.423,39.955,2.0,0.0,,,1.0,5.0,2.0,1.0,0.0,0.0,0.0,0.0,1.0,2.0,,,,,,13000534
PSAVTMK,838918,2021-02-03 09:01:21.056000-05:00,2021-02-05 09:03:00-05:00,2021-02-03 19:26:26.872000-05:00,2021-02-03 20:23:24.812000-05:00,1,,,,,,Treatment 1,3335.655,53.574,5.0,4.0,1.0,1.0,5.0,7.0,5.0,1.0,0.0,0.0,0.0,0.0,1.0,1.0,2.0,2.0,72.719,36.356,1.0,13055040
PSAVTMK,838920,2021-02-03 09:01:21.056000-05:00,2021-02-05 09:03:00-05:00,2021-02-03 09:35:59.270000-05:00,,1,,,,,,Treatment 2,706.095,295.927,2.0,0.0,,,1.0,6.0,2.0,1.0,0.0,0.0,0.0,0.0,0.0,1.0,,,,,,13000387
PSAVTMK,838934,2021-02-03 09:01:21.056000-05:00,2021-02-05 09:03:00-05:00,2021-02-03 09:45:58.395000-05:00,,1,,,,,,Control,443.716,84.9758,5.0,4.0,1.0,,5.0,6.0,5.0,0.0,0.0,0.0,0.0,0.0,0.0,1.0,,,,,,13001544
PSAVTMK,839007,2021-02-03 09:01:21.056000-05:00,2021-02-05 09:03:00-05:00,2021-02-03 09:33:58.578000-05:00,2021-02-03 09:41:48.603000-05:00,1,,,,,,Treatment 2,339.993,29.7491,10.0,7.0,2.0,0.0,10.0,13.0,10.0,1.0,0.0,0.0,0.0,0.0,0.0,1.0,2.0,0.0,109.347,35.151,1.0,13000187
PSAVTMK,839062,2021-02-03 09:01:21.056000-05:00,2021-02-05 09:03:00-05:00,2021-02-03 09:32:48.350000-05:00,2021-02-03 09:38:17.474000-05:00,1,,,,,,Control,138.395,21.3673333333333,6.0,5.0,1.0,,6.0,7.0,6.0,0.0,0.0,0.0,0.0,0.0,0.0,1.0,2.0,0.0,171.144,59.792,1.0,13000068
PSAVTMK,839063,2021-02-03 09:01:21.056000-05:00,2021-02-05 09:03:00-05:00,2021-02-03 09:37:52.855000-05:00,,2,,,,,,Treatment 2,99888.011,11077.4446666667,9.0,7.0,1.0,1.0,9.0,16.0,9.0,2.0,0.0,0.0,0.0,0.0,2.0,2.0,1.0,,,,1.0,13000594
PSAVTMK,839069,2021-02-03 09:01:21.056000-05:00,2021-02-05 09:03:00-05:00,2021-02-03 09:32:35.376000-05:00,,3,,,,,,Treatment 1,19088.985,60.412,4.0,2.0,1.0,,2.0,3.0,4.0,0.0,0.0,0.0,0.0,0.0,0.0,3.0,,,,,,13000046
PSAVTMK,839086,2021-02-03 09:01:21.056000-05:00,2021-02-05 09:03:00-05:00,2021-02-03 09:39:48.167000-05:00,2021-02-03 09:50:41.174000-05:00,1,,,,,,Treatment 3,488.027,59.3677142857143,7.0,3.0,2.0,1.0,6.0,11.0,7.0,3.0,0.0,0.0,0.0,0.0,3.0,1.0,2.0,0.0,147.202,54.479,1.0,13000838
PSAVTMK,839091,2021-02-03 09:01:21.056000-05:00,2021-02-05 09:03:00-05:00,2021-02-05 09:31:50.208000-05:00,,2,,,,,,Treatment 3,260406.779,83.508,3.0,1.0,1.0,1.0,1.0,4.0,3.0,1.0,0.0,0.0,0.0,0.0,0.0,2.0,,,,,,13133326
PSAVTMK,839098,2021-02-03 09:01:21.056000-05:00,2021-02-05 09:03:00-05:00,2021-02-04 09:24:36.975000-05:00,2021-02-05 14:06:57.075000-05:00,2,,,,,,Treatment 2,559.476,35.6278333333333,6.0,5.0,1.0,1.0,6.0,15.0,6.0,1.0,0.0,0.0,0.0,0.0,1.0,1.0,2.0,0.0,102769.696,51329.776,2.0,13066598
PSAVTMK,839128,2021-02-03 09:01:21.054000-05:00,2021-02-05 09:03:00-05:00,2021-02-03 10:51:47.235000-05:00,,1,,,,,,Treatment 3,,,1.0,,,,,0.0,1.0,0.0,0.0,0.0,0.0,0.0,0.0,1.0,,,,,,13010509
PSAVTMK,839188,2021-02-03 09:01:21.056000-05:00,2021-02-05 09:03:00-05:00,2021-02-04 09:23:11.736000-05:00,2021-02-04 09:31:58.451000-05:00,1,,,,,,Treatment 1,380.413,20.2403076923077,13.0,9.0,3.0,1.0,13.0,23.0,13.0,1.0,0.0,0.0,0.0,0.0,1.0,1.0,2.0,2.0,123.124,61.5595,1.0,13066435
PSAVTMK,839479,2021-02-03 09:01:21.054000-05:00,2021-02-05 09:03:00-05:00,2021-02-03 10:00:41.971000-05:00,,3,,,,,,Treatment 2,3560.856,180.249055555556,18.0,10.0,3.0,3.0,17.0,29.0,18.0,6.0,0.0,0.0,0.0,0.0,6.0,3.0,,,,,,13003366
PSAVTMK,839494,2021-02-03 09:01:21.054000-05:00,2021-02-05 09:03:00-05:00,2021-02-03 10:26:32.846000-05:00,,1,,,,,,Treatment 2,,,1.0,,,,,0.0,1.0,0.0,0.0,0.0,0.0,0.0,0.0,1.0,,,,,,13006966
PSAVTMK,839672,2021-02-03 09:01:21.054000-05:00,2021-02-05 09:03:00-05:00,2021-02-04 10:01:30.058000-05:00,,1,,,,,,Treatment 2,421.168,40.3801111111111,9.0,7.0,2.0,,9.0,13.0,9.0,0.0,0.0,0.0,0.0,0.0,0.0,1.0,1.0,,,,1.0,13070933
PSAVTMK,839685,2021-02-03 09:01:21.054000-05:00,2021-02-05 09:03:00-05:00,2021-02-03 10:52:21.186000-05:00,,1,,,,,,Control,,,1.0,,,,,0.0,1.0,0.0,0.0,0.0,0.0,0.0,0.0,1.0,,,,,,13010596
PSAVTMK,839688,2021-02-03 09:01:21.054000-05:00,2021-02-05 09:03:00-05:00,2021-02-03 12:23:00.328000-05:00,2021-02-03 12:32:48.517000-05:00,1,,,,,,Treatment 1,519.651,129.9055,4.0,4.0,,,4.0,4.0,4.0,0.0,0.0,0.0,0.0,0.0,0.0,1.0,2.0,2.0,59.996,29.993,1.0,13023225
PSAVTMK,839777,2021-02-03 09:01:21.054000-05:00,2021-02-05 09:03:00-05:00,2021-02-03 10:52:07.136000-05:00,2021-02-03 15:53:22.098000-05:00,2,,,,,,Control,17806.176,3560.1224,5.0,4.0,1.0,,5.0,6.0,5.0,0.0,0.0,0.0,0.0,0.0,0.0,2.0,2.0,0.0,257.62,37.485,1.0,13010556
PSAVTMK,839801,2021-02-03 09:01:21.054000-05:00,2021-02-05 09:03:00-05:00,2021-02-03 10:37:55.129000-05:00,2021-02-03 10:49:59.076000-05:00,3,,,,,,Treatment 3,198.266,56.7226666666667,3.0,2.0,1.0,,3.0,4.0,3.0,0.0,0.0,0.0,0.0,0.0,0.0,1.0,2.0,1.0,490.837,240.0105,3.0,13008535
PSAVTMK,839802,2021-02-03 09:01:21.054000-05:00,2021-02-05 09:03:00-05:00,2021-02-03 10:27:39.330000-05:00,,2,,,,,,Treatment 3,84986.471,535.592666666667,3.0,2.0,1.0,1.0,3.0,6.0,3.0,1.0,0.0,0.0,0.0,0.0,1.0,2.0,1.0,,,,1.0,13007103
PSAVTMK,839804,2021-02-03 09:01:21.054000-05:00,2021-02-05 09:03:00-05:00,2021-02-03 10:05:31.838000-05:00,,3,,,,,,Treatment 2,86457.631,499.1275,6.0,5.0,1.0,1.0,6.0,9.0,6.0,1.0,0.0,0.0,0.0,0.0,1.0,2.0,2.0,0.0,104.876,33.2045,1.0,13004070
PSAVTMK,839809,2021-02-03 09:01:21.054000-05:00,2021-02-05 09:03:00-05:00,2021-02-03 12:01:09.213000-05:00,,3,,,,,,Treatment 2,20172.872,1998.9926,11.0,6.0,2.0,,10.0,14.0,11.0,0.0,0.0,0.0,0.0,0.0,0.0,3.0,,,,,,13020267
PSAVTMK,839837,2021-02-03 09:01:21.054000-05:00,2021-02-05 09:03:00-05:00,2021-02-05 08:39:05.302000-05:00,,1,,,,,,Treatment 1,49.181,35.503,1.0,0.0,,,1.0,2.0,1.0,0.0,0.0,0.0,0.0,0.0,0.0,1.0,,,,,,13129547
PSAVTMK,839882,2021-02-03 09:01:21.054000-05:00,2021-02-05 09:03:00-05:00,2021-02-03 10:37:51.196000-05:00,2021-02-03 10:40:58.698000-05:00,1,,,,,,Control,76.516,25.5006666666667,3.0,3.0,,,3.0,3.0,3.0,0.0,0.0,0.0,0.0,0.0,0.0,1.0,2.0,2.0,104.154,52.074,1.0,13008524
PSAVTMK,839885,2021-02-03 09:01:21.054000-05:00,2021-02-05 09:03:00-05:00,2021-02-03 10:52:38.261000-05:00,,1,,,,,,Not Assigned,,,,,,,,,,,,,,,,,,,,,,13011533
PSAVTMK,839886,2021-02-03 09:01:21.054000-05:00,2021-02-05 09:03:00-05:00,2021-02-03 10:52:48.743000-05:00,,2,,,,,,Control,210941.435,42183.9888,5.0,3.0,1.0,,5.0,7.0,5.0,0.0,0.0,0.0,0.0,0.0,0.0,2.0,,,,,,13010647
PSAVTMK,840135,2021-02-03 09:01:21.052000-05:00,2021-02-05 09:03:00-05:00,2021-02-03 11:57:24.784000-05:00,,1,,,,,,Treatment 3,176.693,88.3415,2.0,2.0,,,2.0,2.0,2.0,0.0,0.0,0.0,0.0,0.0,0.0,1.0,1.0,,,,1.0,13019714
PSAVTMK,840246,2021-02-03 09:01:21.054000-05:00,2021-02-05 09:03:00-05:00,2021-02-04 10:05:03.683000-05:00,,1,,,,,,Control,,,1.0,,,,,0.0,1.0,0.0,0.0,0.0,0.0,0.0,0.0,1.0,,,,,,13071351
PSAVTMK,840324,2021-02-03 09:01:21.054000-05:00,2021-02-05 09:03:00-05:00,2021-02-03 10:23:56.033000-05:00,2021-02-03 10:52:11.956000-05:00,1,,,,,,Treatment 3,1425.694,337.1035,4.0,3.0,1.0,,4.0,7.0,4.0,0.0,0.0,0.0,0.0,0.0,0.0,1.0,2.0,0.0,229.061,91.476,1.0,13006633
PSAVTMK,840734,2021-02-03 09:01:21.052000-05:00,2021-02-05 09:03:00-05:00,2021-02-03 12:48:46.531000-05:00,2021-02-04 11:53:07.582000-05:00,2,,,,,,Treatment 3,82903.106,27593.847,3.0,2.0,1.0,1.0,3.0,7.0,3.0,1.0,0.0,0.0,0.0,0.0,1.0,2.0,2.0,1.0,145.972,52.9025,1.0,13026576
PSAVTMK,840741,2021-02-03 09:01:21.052000-05:00,2021-02-05 09:03:00-05:00,2021-02-03 10:19:55.871000-05:00,,2,,,,,,Treatment 2,6123.739,6095.767,2.0,0.0,,,1.0,3.0,2.0,1.0,0.0,0.0,0.0,0.0,1.0,2.0,,,,,,13006122
PSAVTMK,840746,2021-02-03 09:01:21.052000-05:00,2021-02-05 09:03:00-05:00,2021-02-03 12:05:01.955000-05:00,,2,,,,,,Treatment 3,180810.174,126.4255,2.0,1.0,,,2.0,4.0,2.0,1.0,0.0,0.0,0.0,0.0,0.0,2.0,,,,,,13020878
PSAVTMK,840751,2021-02-03 09:01:21.052000-05:00,2021-02-05 09:03:00-05:00,2021-02-03 11:56:35.866000-05:00,,1,,,,,,Treatment 1,625.58,591.976,2.0,0.0,,,0.0,1.0,2.0,1.0,0.0,0.0,0.0,0.0,1.0,1.0,,,,,,13019590
PSAVTMK,840753,2021-02-03 09:01:21.052000-05:00,2021-02-05 09:03:00-05:00,2021-02-03 11:57:05.844000-05:00,,1,,,,,,Treatment 1,359.712,41.3314285714286,7.0,5.0,2.0,2.0,6.0,10.0,7.0,2.0,0.0,0.0,0.0,0.0,2.0,1.0,1.0,,,,1.0,13019665
PSAVTMK,840754,2021-02-03 09:01:21.052000-05:00,2021-02-05 09:03:00-05:00,2021-02-03 11:01:38.912000-05:00,,2,,,,,,Treatment 1,4054.78,988.9815,5.0,3.0,1.0,1.0,4.0,7.0,5.0,1.0,0.0,0.0,0.0,0.0,1.0,2.0,,,,,,13011752
PSAVTMK,840770,2021-02-03 09:01:21.052000-05:00,2021-02-05 09:03:00-05:00,2021-02-03 11:57:19.962000-05:00,,1,,,,,,Treatment 1,713.032,197.134,3.0,1.0,1.0,1.0,2.0,4.0,3.0,1.0,0.0,0.0,0.0,0.0,0.0,1.0,,,,,,13019697
PSAVTMK,840771,2021-02-03 09:01:21.052000-05:00,2021-02-05 09:03:00-05:00,2021-02-03 11:55:35.764000-05:00,2021-02-03 12:01:35.350000-05:00,1,,,,,,Treatment 3,97.213,48.603,2.0,2.0,,,2.0,2.0,2.0,0.0,0.0,0.0,0.0,0.0,0.0,1.0,2.0,0.0,243.387,88.9285,1.0,13019465
PSAVTMK,840777,2021-02-03 09:01:21.052000-05:00,2021-02-05 09:03:00-05:00,2021-02-03 11:57:46.794000-05:00,,1,,,,,,Treatment 1,613.987,569.402,2.0,0.0,,,0.0,1.0,2.0,1.0,0.0,0.0,0.0,0.0,1.0,1.0,,,,,,13019768
PSAVTMK,840779,2021-02-03 09:01:21.052000-05:00,2021-02-05 09:03:00-05:00,2021-02-03 11:59:32.742000-05:00,,2,,,,,,Treatment 2,496.84,159.822,3.0,0.0,0.0,0.0,1.0,3.0,3.0,2.0,0.0,0.0,0.0,0.0,1.0,2.0,,,,,,13020009
PSAVTMK,840781,2021-02-03 09:01:21.052000-05:00,2021-02-05 09:03:00-05:00,2021-02-03 11:57:32.682000-05:00,,1,,,,,,Treatment 3,349.316,174.653,2.0,2.0,,,2.0,2.0,2.0,0.0,0.0,0.0,0.0,0.0,0.0,1.0,1.0,1.0,205.071,205.071,1.0,13019738
PSAVTMK,840782,2021-02-03 09:01:21.052000-05:00,2021-02-05 09:03:00-05:00,2021-02-03 12:00:53.770000-05:00,,1,,,,,,Treatment 2,542.512,106.04275,4.0,2.0,1.0,,4.0,5.0,4.0,0.0,0.0,0.0,0.0,0.0,0.0,1.0,,,,,,13020226
PSAVTMK,840783,2021-02-03 09:01:21.052000-05:00,2021-02-05 09:03:00-05:00,2021-02-03 11:58:04.213000-05:00,,1,,,,,,Treatment 3,569.413,38.92475,4.0,2.0,1.0,0.0,4.0,9.0,4.0,1.0,0.0,0.0,0.0,0.0,0.0,1.0,2.0,0.0,24.589,14.37,1.0,13019815
PSAVTMK,840784,2021-02-03 09:01:21.052000-05:00,2021-02-05 09:03:00-05:00,2021-02-03 11:56:37.171000-05:00,,1,,,,,,Control,761.542,44.442125,8.0,5.0,2.0,,8.0,17.0,8.0,0.0,0.0,0.0,0.0,0.0,0.0,1.0,1.0,,,,1.0,13019593
PSAVTMK,840789,2021-02-03 09:01:21.052000-05:00,2021-02-05 09:03:00-05:00,2021-02-03 12:08:35.537000-05:00,,1,,,,,,Treatment 1,,,1.0,,,,,0.0,1.0,0.0,0.0,0.0,0.0,0.0,0.0,1.0,,,,,,13021387
PSAVTMK,841146,2021-02-03 09:01:21.037000-05:00,2021-02-05 09:03:00-05:00,2021-02-03 14:17:56.767000-05:00,,1,,,,,,Treatment 2,,,1.0,,,,,0.0,1.0,0.0,0.0,0.0,0.0,0.0,0.0,1.0,,,,,,13038323
PSAVTMK,841538,2021-02-03 09:01:21.037000-05:00,2021-02-05 09:03:00-05:00,2021-02-03 14:18:02.994000-05:00,,2,,,,,,Control,254.558,148.787,2.0,0.0,,,1.0,4.0,2.0,1.0,0.0,0.0,0.0,0.0,1.0,2.0,,,,,,13038335
PSAVTMK,846171,2021-02-03 09:01:21.052000-05:00,2021-02-05 09:03:00-05:00,2021-02-03 11:02:13.649000-05:00,,2,,,,,,Treatment 3,3887.858,1280.51633333333,4.0,1.0,1.0,1.0,1.0,3.0,4.0,2.0,0.0,0.0,0.0,0.0,2.0,2.0,,,,,,13011813
PSAVTMK,846750,2021-01-12 08:05:49.428000-05:00,2021-01-13 08:07:00-05:00,2021-01-12 14:53:30.395000-05:00,2021-01-12 18:19:31.799000-05:00,1,,,,,,Treatment 1,385.445,33.7531111111111,9.0,7.0,2.0,,9.0,12.0,9.0,0.0,0.0,0.0,0.0,0.0,0.0,1.0,2.0,0.0,11954.346,5930.329,1.0,11993984
PSAVTMK,847559,2021-02-26 14:42:00-05:00,2021-02-26 15:15:00-05:00,2021-02-26 14:52:50.741000-05:00,2021-02-26 15:00:43.708000-05:00,1,,,,,,Treatment 3,342.475,171.1855,2.0,2.0,,,2.0,2.0,2.0,0.0,0.0,0.0,0.0,0.0,0.0,1.0,2.0,2.0,119.796,59.8765,1.0,14002470
PSAVTMK,860469,2021-01-12 08:05:49.428000-05:00,2021-01-13 08:07:00-05:00,2021-01-13 14:06:22.899000-05:00,,1,,,,,,Treatment 3,33.121,33.121,1.0,0.0,,,1.0,1.0,1.0,0.0,0.0,0.0,0.0,0.0,0.0,1.0,,,,,,12061443
PSAVTMK,861660,2021-02-03 09:01:21.037000-05:00,2021-02-05 09:03:00-05:00,2021-02-03 14:17:43.614000-05:00,,1,,,,,,Treatment 3,167.596,167.589,2.0,1.0,,,1.0,1.0,2.0,0.0,0.0,0.0,0.0,0.0,0.0,1.0,,,,,,13038298
PSAVTMK,864878,2020-11-04 08:45:00-05:00,2020-11-06 00:00:00-05:00,2020-11-09 18:10:30.909000-05:00,2020-11-09 18:31:13.031000-05:00,1,,,,,,Treatment 2,1145.101,125.834333333333,9.0,8.0,1.0,,9.0,10.0,9.0,0.0,0.0,0.0,0.0,0.0,0.0,1.0,2.0,2.0,66.006,32.9955,1.0,9429575
PSAVTMK,865570,2020-11-04 08:45:00-05:00,2020-11-06 00:00:00-05:00,2020-11-04 13:36:48.276000-05:00,,1,,,,,,Treatment 2,694.635,47.2968,10.0,5.0,1.0,0.0,9.0,25.0,10.0,3.0,0.0,0.0,0.0,0.0,3.0,1.0,,,,,,9138669
PSAVTMK,865738,2020-11-04 08:45:00-05:00,2020-11-06 00:00:00-05:00,2020-11-05 10:45:21.426000-05:00,2020-11-05 10:48:04.945000-05:00,1,,,,,,Control,41.363,13.7843333333333,3.0,3.0,,,3.0,3.0,3.0,0.0,0.0,0.0,0.0,0.0,0.0,1.0,2.0,1.0,114.773,17.558,1.0,9195254
PSAVTMK,874929,2020-11-04 08:45:00-05:00,2020-11-06 00:00:00-05:00,2020-11-04 13:26:06.650000-05:00,,1,,,,,,Treatment 1,,,1.0,,,,,0.0,1.0,0.0,0.0,0.0,0.0,0.0,0.0,1.0,,,,,,9136859
PSAVTMK,877971,2020-12-10 10:48:00-05:00,2020-12-11 10:40:00-05:00,2020-12-10 11:06:28.006000-05:00,2020-12-10 11:53:10.640000-05:00,1,,,,,,Control,1135.323,378.413,3.0,3.0,,,3.0,3.0,3.0,0.0,0.0,0.0,0.0,0.0,0.0,1.0,2.0,2.0,84.881,42.4325,1.0,11041285
PSAVTMK,881753,2020-11-05 18:49:43.965000-05:00,2020-11-13 18:49:00-05:00,2020-11-12 13:20:25.253000-05:00,,4,,,,,,Treatment 2,11490.431,353.847181818182,22.0,13.0,6.0,3.0,22.0,49.0,22.0,5.0,0.0,0.0,0.0,0.0,5.0,4.0,,,,,,9643634
PSAVTMK,881848,2020-11-05 18:49:43.965000-05:00,2020-11-13 18:49:00-05:00,2020-11-12 13:48:03.569000-05:00,2020-11-12 14:03:13.842000-05:00,1,,,,,,Control,675.439,225.139666666667,3.0,3.0,,,3.0,3.0,3.0,0.0,0.0,0.0,0.0,0.0,0.0,1.0,2.0,0.0,219.031,75.7265,1.0,9648686
PSAVTMK,881892,2020-11-05 18:49:43.965000-05:00,2020-11-13 18:49:00-05:00,2020-11-12 13:10:14.562000-05:00,,2,,,,,,Treatment 3,2116.081,221.229,3.0,2.0,1.0,,3.0,6.0,3.0,0.0,0.0,0.0,0.0,0.0,0.0,2.0,2.0,0.0,272.288,92.037,1.0,9641714
PSAVTMK,881908,2020-11-05 18:49:43.965000-05:00,2020-11-13 18:49:00-05:00,2020-11-12 13:12:25.289000-05:00,,1,,,,,,Treatment 3,99.714,49.848,2.0,2.0,,,2.0,2.0,2.0,0.0,0.0,0.0,0.0,0.0,0.0,1.0,1.0,,,,1.0,9642104
PSAVTMK,881915,2020-11-05 18:49:43.965000-05:00,2020-11-13 18:49:00-05:00,2020-11-12 13:14:10.167000-05:00,,3,,,,,,Treatment 2,766.734,588.448,2.0,0.0,,,0.0,1.0,2.0,1.0,0.0,0.0,0.0,0.0,1.0,2.0,,,,,,9642467
PSAVTMK,881916,2020-11-05 18:49:43.965000-05:00,2020-11-13 18:49:00-05:00,2020-11-12 13:44:31.443000-05:00,,1,,,,,,Control,274.161,260.221,1.0,0.0,,,1.0,1.0,1.0,0.0,0.0,0.0,0.0,0.0,0.0,1.0,,,,,,9648012
PSAVTMK,883340,2020-11-04 08:45:00-05:00,2020-11-06 00:00:00-05:00,2020-11-04 09:34:46.344000-05:00,,4,,,,,,Treatment 2,1877.832,51.83976,25.0,14.0,6.0,1.0,25.0,47.0,25.0,4.0,0.0,0.0,0.0,0.0,4.0,3.0,,,,,,9096637
PSAVTMK,884782,2020-11-05 18:49:43.965000-05:00,2020-11-13 18:49:00-05:00,2020-11-12 13:12:27.916000-05:00,,1,,,,,,Treatment 3,396.964,67.3645,5.0,0.0,0.0,0.0,1.0,6.0,5.0,4.0,0.0,0.0,0.0,0.0,4.0,1.0,,,,,,9642106
PSAVTMK,885472,2021-05-03 11:00:00-04:00,2021-05-07 19:00:00-04:00,2021-05-03 16:15:29.188000-04:00,,1,,,,,,Treatment 2,,,1.0,,,,,0.0,1.0,0.0,0.0,0.0,0.0,0.0,0.0,1.0,,,,,,16100899
PSAVTMK,891992,2021-01-12 08:05:49.423000-05:00,2021-01-13 08:07:00-05:00,2021-01-21 13:07:24.963000-05:00,2021-01-21 13:25:14.527000-05:00,1,,,,,,Treatment 1,822.597,74.193625,8.0,6.0,2.0,1.0,8.0,13.0,8.0,1.0,0.0,0.0,0.0,0.0,1.0,1.0,2.0,0.0,214.909,69.446,1.0,12405880
PSAVTMK,898832,2021-03-01 09:19:14.157000-05:00,2021-03-01 17:00:00-05:00,2021-03-01 11:22:11.102000-05:00,,1,,,,,,Treatment 1,,,1.0,,,,,0.0,1.0,0.0,0.0,0.0,0.0,0.0,0.0,1.0,,,,,,14039594
PSAVTMK,899743,2020-10-20 08:24:00-04:00,2020-11-06 08:26:00-05:00,2020-11-02 08:39:02.243000-05:00,,8,,,,,,Treatment 1,10357.886,540.536333333333,12.0,5.0,4.0,4.0,11.0,28.0,12.0,5.0,0.0,0.0,0.0,0.0,5.0,4.0,,,,,,8942017
PSAVTMK,902627,2021-01-25 22:38:50.701000-05:00,2021-01-26 18:00:00-05:00,2021-01-26 11:57:54.839000-05:00,2021-01-26 12:16:54.615000-05:00,1,,,,,,Treatment 1,1099.651,274.90175,4.0,4.0,,,4.0,4.0,4.0,0.0,0.0,0.0,0.0,0.0,0.0,1.0,2.0,2.0,33.207,16.595,1.0,12604929
PSAVTMK,904853,2020-11-05 18:49:43.965000-05:00,2020-11-13 18:49:00-05:00,2020-11-12 13:21:13.710000-05:00,2020-11-12 13:38:32.995000-05:00,1,,,,,,Treatment 3,941.781,189.438,4.0,3.0,1.0,1.0,4.0,10.0,4.0,1.0,0.0,0.0,0.0,0.0,1.0,1.0,2.0,2.0,79.403,39.6955,1.0,9643800
PSAVTMK,927082,2021-03-01 08:36:13.055000-05:00,2021-03-04 02:00:00-05:00,2021-03-01 08:46:28.086000-05:00,,3,,,,,,Treatment 1,86675.144,21195.88875,5.0,2.0,1.0,,4.0,6.0,5.0,0.0,0.0,0.0,0.0,0.0,0.0,2.0,,,,,,14022382
PSAVTMK,929311,2021-01-12 08:05:49.428000-05:00,2021-01-13 08:07:00-05:00,2021-03-12 13:26:58.893000-05:00,2021-03-12 13:29:48.980000-05:00,1,,,,,,Treatment 3,92.851,26.9163333333333,3.0,2.0,1.0,,3.0,4.0,3.0,0.0,0.0,0.0,0.0,0.0,0.0,1.0,2.0,2.0,65.627,32.804,1.0,14603694
PSAVTMK,929530,2021-01-12 08:05:49.426000-05:00,2021-01-13 08:07:00-05:00,2021-03-04 15:13:41.880000-05:00,,2,,,,,,Treatment 2,551.752,58.6425,4.0,0.0,0.0,0.0,3.0,14.0,4.0,4.0,0.0,0.0,0.0,0.0,4.0,2.0,,,,,,14263231
PSAVTMK,931107,2021-03-03 14:54:38.632000-05:00,2021-03-04 14:56:00-05:00,2021-03-04 08:00:40.104000-05:00,2021-03-04 08:17:44.035000-05:00,1,,,,,,Treatment 2,690.136,138.0236,5.0,5.0,,,5.0,5.0,5.0,0.0,0.0,0.0,0.0,0.0,0.0,1.0,2.0,2.0,327.657,163.827,1.0,14215587
PSAVTMK,932805,2021-03-01 08:36:13.052000-05:00,2021-03-04 02:00:00-05:00,2021-03-02 08:21:21.881000-05:00,2021-03-03 12:36:37.585000-05:00,2,,,,,,Treatment 3,98627.332,24378.27675,4.0,2.0,1.0,1.0,4.0,12.0,4.0,1.0,0.0,0.0,0.0,0.0,1.0,2.0,2.0,1.0,3073.144,1421.7175,1.0,14087129
PSAVTMK,935102,2020-11-04 08:45:00-05:00,2020-11-06 00:00:00-05:00,2020-11-27 13:50:13.031000-05:00,,5,,,,,,Treatment 1,1409.648,125.878333333333,6.0,4.0,1.0,1.0,4.0,9.0,6.0,2.0,0.0,0.0,0.0,0.0,1.0,1.0,1.0,1.0,1460997.248,1460997.233,2.0,10304735
PSAVTMK,952995,2021-05-27 08:19:21.508000-04:00,2021-06-04 23:59:00-04:00,2021-05-28 14:30:30.568000-04:00,2021-06-01 13:16:42.318000-04:00,2,,,,,,Treatment 1,769.128,50.2375714285714,14.0,8.0,3.0,,14.0,26.0,14.0,0.0,0.0,0.0,0.0,0.0,0.0,2.0,2.0,1.0,372.599,184.6015,1.0,16656516
PSAVTMK,952996,2021-05-27 08:19:21.508000-04:00,2021-06-04 23:59:00-04:00,2021-06-02 12:55:47.394000-04:00,,2,,,,,,Control,,,1.0,,,,,0.0,1.0,0.0,0.0,0.0,0.0,0.0,0.0,1.0,,,,,,16686078
PSAVTMK,953044,2021-04-01 12:15:00-04:00,2021-04-01 15:20:00-04:00,2021-04-01 12:16:35.998000-04:00,2021-04-01 12:18:50.479000-04:00,1,,,,,,Treatment 2,108.461,21.6908,5.0,5.0,,,5.0,5.0,5.0,0.0,0.0,0.0,0.0,0.0,0.0,1.0,2.0,2.0,21.349,10.673,1.0,15218784
PSAVTMK,953047,2021-04-01 12:15:00-04:00,2021-04-01 15:20:00-04:00,2021-04-01 12:19:16.970000-04:00,2021-04-01 12:21:37.454000-04:00,1,,,,,,Treatment 1,91.398,22.842,4.0,4.0,,,4.0,4.0,4.0,0.0,0.0,0.0,0.0,0.0,0.0,1.0,2.0,0.0,44.628,12.67,1.0,15218969
PSAVTMK,953048,2021-04-01 12:15:00-04:00,2021-04-01 15:20:00-04:00,2021-04-01 12:18:19.180000-04:00,2021-04-01 12:24:55.840000-04:00,1,,,,,,Control,329.222,109.737666666667,3.0,3.0,,,3.0,3.0,3.0,0.0,0.0,0.0,0.0,0.0,0.0,1.0,2.0,1.0,63.108,11.91,1.0,15218890
PSAVTMK,953049,2021-04-01 12:15:00-04:00,2021-04-01 15:20:00-04:00,2021-04-01 12:17:12.718000-04:00,2021-04-01 12:19:39.086000-04:00,1,,,,,,Treatment 2,85.683,17.1334,5.0,5.0,,,5.0,5.0,5.0,0.0,0.0,0.0,0.0,0.0,0.0,1.0,2.0,1.0,56.519,19.883,1.0,15218818
PSAVTMK,953050,2021-04-01 12:15:00-04:00,2021-04-01 15:20:00-04:00,2021-04-01 12:23:21.016000-04:00,,1,,,,,,Treatment 2,62.721,6.75,4.0,2.0,1.0,1.0,3.0,4.0,4.0,1.0,0.0,0.0,0.0,0.0,1.0,1.0,,,,,,15219193
PSAVTMK,953051,2021-04-12 12:15:00-04:00,2021-04-16 15:20:00-04:00,2021-04-14 08:45:43.626000-04:00,,1,,,,,,Treatment 2,,,1.0,,,,,0.0,1.0,0.0,0.0,0.0,0.0,0.0,0.0,1.0,,,,,,15522290
PSAVTMK,953053,2021-04-12 12:15:00-04:00,2021-04-16 15:20:00-04:00,2021-04-12 12:17:03.951000-04:00,2021-04-12 12:20:11.810000-04:00,1,,,,,,Treatment 3,159.763,79.8735,2.0,2.0,,,2.0,2.0,2.0,0.0,0.0,0.0,0.0,0.0,0.0,1.0,2.0,2.0,25.326,12.653,1.0,15440290
PSAVTMK,953056,2021-04-01 12:15:00-04:00,2021-04-01 15:20:00-04:00,2021-04-01 12:19:01.556000-04:00,2021-04-01 12:22:40.229000-04:00,1,,,,,,Treatment 3,39.702,19.8455,2.0,2.0,,,2.0,2.0,2.0,0.0,0.0,0.0,0.0,0.0,0.0,1.0,2.0,0.0,175.938,43.1865,1.0,15218945
PSAVTMK,953059,2021-04-01 12:15:00-04:00,2021-04-01 15:20:00-04:00,2021-04-01 12:19:57.894000-04:00,2021-04-01 12:22:40.005000-04:00,1,,,,,,Treatment 1,89.646,22.406,4.0,4.0,,,4.0,4.0,4.0,0.0,0.0,0.0,0.0,0.0,0.0,1.0,2.0,2.0,60.97,30.482,1.0,15219012
PSAVTMK,953062,2021-04-01 12:15:00-04:00,2021-04-01 15:20:00-04:00,2021-04-01 12:21:53.648000-04:00,2021-04-01 12:26:35.920000-04:00,1,,,,,,Control,95.218,31.736,3.0,3.0,,,3.0,3.0,3.0,0.0,0.0,0.0,0.0,0.0,0.0,1.0,2.0,1.0,183.284,76.086,1.0,15219127
PSAVTMK,953064,2021-04-01 12:15:00-04:00,2021-04-01 15:20:00-04:00,2021-04-01 12:22:04.862000-04:00,2021-04-01 12:25:19.984000-04:00,1,,,,,,Treatment 3,118.903,21.0175,4.0,3.0,1.0,1.0,4.0,6.0,4.0,1.0,0.0,0.0,0.0,0.0,1.0,1.0,2.0,2.0,68.073,34.0325,1.0,15219138
PSAVTMK,953070,2021-04-01 12:15:00-04:00,2021-04-01 15:20:00-04:00,2021-04-01 12:17:01.931000-04:00,2021-04-01 12:19:50.758000-04:00,1,,,,,,Control,123.424,41.137,3.0,3.0,,,3.0,3.0,3.0,0.0,0.0,0.0,0.0,0.0,0.0,1.0,2.0,1.0,43.34,13.028,1.0,15218806
PSAVTMK,953071,2021-04-01 12:15:00-04:00,2021-04-01 15:20:00-04:00,2021-04-01 12:16:58.557000-04:00,2021-04-01 12:22:09.096000-04:00,1,,,,,,Control,158.288,24.4628,5.0,4.0,1.0,1.0,4.0,5.0,5.0,1.0,0.0,0.0,0.0,0.0,1.0,1.0,2.0,0.0,146.303,65.1765,1.0,15218801
PSAVTMK,953072,2021-04-01 12:15:00-04:00,2021-04-01 15:20:00-04:00,2021-04-01 12:17:45.554000-04:00,2021-04-01 12:19:42.687000-04:00,1,,,,,,Treatment 3,40.273,20.1325,2.0,2.0,,,2.0,2.0,2.0,0.0,0.0,0.0,0.0,0.0,0.0,1.0,2.0,2.0,73.962,36.977,1.0,15218851
PSAVTMK,953073,2021-04-01 12:15:00-04:00,2021-04-01 15:20:00-04:00,2021-04-01 12:17:34.259000-04:00,2021-04-01 12:20:41.049000-04:00,1,,,,,,Control,62.906,20.9653333333333,3.0,3.0,,,3.0,3.0,3.0,0.0,0.0,0.0,0.0,0.0,0.0,1.0,2.0,2.0,119.957,59.9765,1.0,15218841
PSAVTMK,953078,2021-04-01 12:15:00-04:00,2021-04-01 15:20:00-04:00,2021-04-01 12:36:33.477000-04:00,2021-04-01 12:38:40.174000-04:00,1,,,,,,Treatment 2,73.166,14.6316,5.0,5.0,,,5.0,5.0,5.0,0.0,0.0,0.0,0.0,0.0,0.0,1.0,2.0,1.0,48.755,19.5205,1.0,15219873
PSAVTMK,953086,2021-04-01 12:15:00-04:00,2021-04-01 15:20:00-04:00,2021-04-01 12:18:14.891000-04:00,2021-04-01 12:20:44.467000-04:00,1,,,,,,Treatment 3,74.7,37.3395,2.0,2.0,,,2.0,2.0,2.0,0.0,0.0,0.0,0.0,0.0,0.0,1.0,2.0,2.0,70.425,35.203,1.0,15218881
PSAVTMK,953098,2021-04-01 12:15:00-04:00,2021-04-01 15:20:00-04:00,2021-04-01 12:17:43.829000-04:00,,1,,,,,,Treatment 2,377.765,25.7575,12.0,8.0,3.0,1.0,12.0,17.0,12.0,1.0,0.0,0.0,0.0,0.0,1.0,1.0,,,,,,15218850
PSAVTMK,953167,2021-04-01 12:15:00-04:00,2021-04-01 15:20:00-04:00,2021-04-01 12:18:23.520000-04:00,2021-04-01 12:23:58.543000-04:00,1,,,,,,Treatment 2,259.527,17.7316363636364,11.0,9.0,2.0,1.0,11.0,13.0,11.0,1.0,0.0,0.0,0.0,0.0,1.0,1.0,2.0,2.0,61.414,30.7045,1.0,15218895
PSAVTMK,953456,2021-04-01 12:15:00-04:00,2021-04-01 15:20:00-04:00,2021-04-01 12:22:26.124000-04:00,2021-04-01 12:26:30.050000-04:00,1,,,,,,Treatment 1,168.211,42.04575,4.0,4.0,,,4.0,4.0,4.0,0.0,0.0,0.0,0.0,0.0,0.0,1.0,2.0,1.0,68.882,26.329,1.0,15219157
PSAVTMK,954192,2021-04-01 12:15:00-04:00,2021-04-01 15:20:00-04:00,2021-04-01 12:17:34.011000-04:00,,2,,,,,,Treatment 1,271.386,59.91125,5.0,3.0,,,4.0,5.0,5.0,0.0,0.0,0.0,0.0,0.0,0.0,2.0,,,,,,15218840
PSAVTMK,954495,2020-11-16 09:00:00-05:00,2020-11-20 17:00:00-05:00,2020-12-16 14:57:47.495000-05:00,2020-12-16 15:21:45.149000-05:00,1,,,,,,Treatment 3,1155.795,60.46,8.0,4.0,2.0,1.0,8.0,16.0,8.0,2.0,0.0,0.0,0.0,0.0,2.0,1.0,2.0,0.0,254.987,72.4455,1.0,11368260
PSAVTMK,954735,2021-03-01 08:36:13.055000-05:00,2021-03-04 02:00:00-05:00,2021-03-01 09:14:00.098000-05:00,,1,,,,,,Treatment 3,,,1.0,,,,,0.0,1.0,0.0,0.0,0.0,0.0,0.0,0.0,1.0,,,,,,14024585
PSAVTMK,956361,2021-04-01 12:15:00-04:00,2021-04-01 15:20:00-04:00,2021-04-01 12:18:24.881000-04:00,2021-04-01 12:23:41.307000-04:00,1,,,,,,Treatment 1,175.387,43.8435,4.0,4.0,,,4.0,4.0,4.0,0.0,0.0,0.0,0.0,0.0,0.0,1.0,2.0,2.0,135.07,67.5315,1.0,15218899
PSAVTMK,958069,2021-04-23 14:07:13.689000-04:00,2021-04-23 16:05:00-04:00,2021-04-23 14:11:45.149000-04:00,,1,,,,,,Treatment 2,,,1.0,,,,,0.0,1.0,0.0,0.0,0.0,0.0,0.0,0.0,1.0,,,,,,15844844
PSAVTMK,960042,2021-01-25 22:38:50.701000-05:00,2021-01-26 18:00:00-05:00,2021-01-26 13:29:42.056000-05:00,,1,,,,,,Treatment 2,1034.366,65.7026363636364,11.0,6.0,3.0,1.0,11.0,21.0,11.0,3.0,0.0,0.0,0.0,0.0,3.0,1.0,,,,,,12618693
PSAVTMK,967505,2021-01-12 08:05:49.426000-05:00,2021-01-13 08:07:00-05:00,2021-01-12 15:41:33.544000-05:00,,3,,,,,,Treatment 1,332281.976,46.1664090909091,22.0,1.0,1.0,0.0,7.0,38.0,22.0,18.0,0.0,0.0,0.0,0.0,18.0,3.0,,,,,,11999623
PSAVTMK,970267,2021-01-12 08:05:49.423000-05:00,2021-01-13 08:07:00-05:00,2021-01-15 12:43:31.342000-05:00,2021-01-19 16:08:09.117000-05:00,2,,,,,,Treatment 3,344362.742,409.06,12.0,4.0,3.0,2.0,12.0,28.0,12.0,5.0,0.0,0.0,0.0,0.0,5.0,2.0,2.0,0.0,13448.927,6662.72,1.0,12188246
PSAVTMK,982849,2021-02-03 09:01:21.056000-05:00,2021-02-05 09:03:00-05:00,2021-02-03 09:32:00.772000-05:00,,2,,,,,,Treatment 3,434.519,51.077,2.0,0.0,0.0,0.0,2.0,10.0,2.0,2.0,0.0,0.0,0.0,0.0,2.0,2.0,,,,,,12999983
PSAVTMK,982850,2021-02-03 09:01:21.056000-05:00,2021-02-05 09:03:00-05:00,2021-02-03 09:31:39.562000-05:00,,1,,,,,,Control,220.746,73.5773333333333,3.0,3.0,,,3.0,3.0,3.0,0.0,0.0,0.0,0.0,0.0,0.0,1.0,1.0,,,,1.0,12999949
PSAVTMK,983115,2021-02-03 09:01:21.052000-05:00,2021-02-05 09:03:00-05:00,2021-02-03 11:28:49.487000-05:00,,4,,,,,,Treatment 1,,,1.0,,,,,0.0,1.0,0.0,0.0,0.0,0.0,0.0,0.0,1.0,,,,,,13015598
PSAVTMK,983221,2021-02-03 09:01:21.037000-05:00,2021-02-05 09:03:00-05:00,2021-02-03 12:05:25.308000-05:00,,1,,,,,,Treatment 1,,,1.0,,,,,0.0,1.0,0.0,0.0,0.0,0.0,0.0,0.0,1.0,,,,,,13020926
PSAVTMK,983490,2021-02-03 09:01:21.037000-05:00,2021-02-05 09:03:00-05:00,2021-02-03 14:18:26.118000-05:00,,3,,,,,,Control,309.402,18.377,2.0,0.0,0.0,0.0,1.0,5.0,2.0,1.0,0.0,0.0,0.0,0.0,1.0,2.0,,,,,,13038373
PSAVTMK,983492,2021-02-03 09:01:21.037000-05:00,2021-02-05 09:03:00-05:00,2021-02-03 14:18:36.199000-05:00,,1,,,,,,Control,319.462,319.462,1.0,0.0,,,1.0,1.0,1.0,0.0,0.0,0.0,0.0,0.0,0.0,1.0,,,,,,13038396
PSAVTMK,983493,2021-02-03 09:01:21.037000-05:00,2021-02-05 09:03:00-05:00,2021-02-03 14:18:32.611000-05:00,,4,,,,,,Control,633383.015,105398.019166667,6.0,1.0,1.0,0.0,3.0,19.0,6.0,4.0,0.0,0.0,0.0,0.0,4.0,3.0,,,,,,13038389
PSAVTMK,983494,2021-02-03 09:01:21.037000-05:00,2021-02-05 09:03:00-05:00,2021-02-03 14:18:26.175000-05:00,,1,,,,,,Treatment 1,223.639,207.576,1.0,0.0,,,1.0,1.0,1.0,1.0,0.0,0.0,0.0,0.0,0.0,1.0,,,,,,13038370
PSAVTMK,983495,2021-02-03 09:01:21.037000-05:00,2021-02-05 09:03:00-05:00,2021-02-03 14:18:24.363000-05:00,,1,,,,,,Treatment 1,321.822,239.021,2.0,0.0,,,1.0,2.0,2.0,1.0,0.0,0.0,0.0,0.0,0.0,1.0,,,,,,13038368
PSAVTMK,983496,2021-02-03 09:01:21.037000-05:00,2021-02-05 09:03:00-05:00,2021-02-03 14:18:31.725000-05:00,,1,,,,,,Treatment 3,278.348,131.311,1.0,0.0,,,1.0,3.0,1.0,0.0,0.0,0.0,0.0,0.0,0.0,1.0,,,,,,13038384
PSAVTMK,983497,2021-02-03 09:01:21.037000-05:00,2021-02-05 09:03:00-05:00,2021-02-03 14:18:26.678000-05:00,,1,,,,,,Treatment 1,,,1.0,,,,,0.0,1.0,0.0,0.0,0.0,0.0,0.0,0.0,1.0,,,,,,13038372
PSAVTMK,983498,2021-02-03 09:01:21.037000-05:00,2021-02-05 09:03:00-05:00,2021-02-03 14:18:41.801000-05:00,,1,,,,,,Treatment 2,325.761,162.878,2.0,1.0,,,2.0,2.0,2.0,0.0,0.0,0.0,0.0,0.0,0.0,1.0,,,,,,13038405
PSAVTMK,983504,2021-02-03 09:01:21.037000-05:00,2021-02-05 09:03:00-05:00,2021-02-03 14:20:52.306000-05:00,,1,,,,,,Treatment 3,15.195,15.195,1.0,0.0,,,1.0,1.0,1.0,0.0,0.0,0.0,0.0,0.0,0.0,1.0,,,,,,13038668
PSAVTMK,983713,2021-02-03 09:01:21.037000-05:00,2021-02-05 09:03:00-05:00,2021-02-03 19:18:13.469000-05:00,,1,,,,,,Treatment 2,,,1.0,,,,,0.0,1.0,0.0,0.0,0.0,0.0,0.0,0.0,1.0,,,,,,13054838
PSAVTMK,984514,2021-02-03 09:01:21.037000-05:00,2021-02-05 09:03:00-05:00,2021-02-04 14:00:28.531000-05:00,,1,,,,,,Treatment 1,432.544,58.01525,5.0,1.0,1.0,1.0,3.0,11.0,5.0,3.0,0.0,0.0,0.0,0.0,3.0,1.0,,,,,,13103121
PSAVTMK,985701,2021-02-03 09:01:21.037000-05:00,2021-02-05 09:03:00-05:00,2021-02-05 13:30:45.391000-05:00,,1,,,,,,Treatment 2,,,1.0,,,,,0.0,1.0,0.0,0.0,0.0,0.0,0.0,0.0,1.0,,,,,,13157353
PSAVTMK,989222,2021-01-12 08:05:49.428000-05:00,2021-01-13 08:07:00-05:00,2021-02-10 15:05:46.464000-05:00,,3,,,,,,Treatment 3,6461811.229,543968.4097,10.0,1.0,1.0,0.0,10.0,26.0,10.0,1.0,0.0,0.0,0.0,0.0,1.0,2.0,,,,,,13372480
PSAVTMK,991098,2021-04-11 22:48:55.044000-04:00,2021-04-15 02:50:00-04:00,2021-04-12 12:58:41.881000-04:00,2021-04-12 23:25:52.834000-04:00,2,,,,,,Treatment 2,293.504,58.6968,5.0,5.0,,,5.0,5.0,5.0,0.0,0.0,0.0,0.0,0.0,0.0,1.0,2.0,0.0,37330.861,18614.379,2.0,15444691
PSAVTMK,991099,2021-04-11 22:48:55.044000-04:00,2021-04-15 02:50:00-04:00,2021-04-12 20:55:30.626000-04:00,2021-04-12 21:03:49.258000-04:00,1,,,,,,Treatment 2,427.104,40.9836,10.0,9.0,1.0,,10.0,12.0,10.0,0.0,0.0,0.0,0.0,0.0,0.0,1.0,2.0,0.0,56.611,14.3755,1.0,15466884
PSAVTMK,991102,2021-04-11 22:48:55.047000-04:00,2021-04-15 02:50:00-04:00,2021-04-12 11:54:16.399000-04:00,2021-04-12 12:11:07.176000-04:00,4,,,,,,Treatment 2,795.236,64.8569090909091,11.0,7.0,2.0,1.0,11.0,17.0,11.0,1.0,0.0,0.0,0.0,0.0,0.0,2.0,2.0,2.0,184.426,92.208,1.0,15438003
PSAVTMK,991103,2021-04-11 22:48:55.047000-04:00,2021-04-15 02:50:00-04:00,2021-04-12 15:40:02.081000-04:00,2021-04-12 17:45:33.052000-04:00,1,,,,,,Treatment 3,7396.774,1462.7054,5.0,2.0,1.0,1.0,5.0,10.0,5.0,1.0,0.0,0.0,0.0,0.0,1.0,1.0,2.0,2.0,124.285,62.1395,1.0,15458880
PSAVTMK,991113,2021-04-11 22:48:55.047000-04:00,2021-04-15 02:50:00-04:00,2021-04-12 12:05:43.143000-04:00,2021-04-12 12:15:44.481000-04:00,1,,,,,,Treatment 3,382.806,55.2214,5.0,2.0,1.0,0.0,5.0,10.0,5.0,1.0,0.0,0.0,0.0,0.0,1.0,1.0,2.0,0.0,208.144,60.2425,1.0,15439247
PSAVTMK,991117,2021-04-11 22:48:55.047000-04:00,2021-04-15 02:50:00-04:00,2021-04-14 19:24:33.350000-04:00,2021-04-15 02:26:25.690000-04:00,3,,,,,,Treatment 1,25248.574,4199.9185,6.0,5.0,1.0,1.0,6.0,8.0,6.0,1.0,0.0,0.0,0.0,0.0,1.0,2.0,2.0,1.0,54.046,24.219,1.0,15560685
PSAVTMK,991128,2021-04-11 22:48:55.047000-04:00,2021-04-15 02:50:00-04:00,2021-04-12 12:10:49.228000-04:00,,1,,,,,,Treatment 1,5.366,5.366,1.0,0.0,,,0.0,0.0,1.0,0.0,0.0,0.0,0.0,0.0,0.0,1.0,,,,,,15439709
PSAVTMK,991137,2021-04-11 22:48:55.047000-04:00,2021-04-15 02:50:00-04:00,2021-04-12 12:11:11.574000-04:00,,1,,,,,,Treatment 3,682.736,252.88,3.0,0.0,0.0,0.0,1.0,5.0,3.0,2.0,0.0,0.0,0.0,0.0,2.0,1.0,,,,,,15439750
PSAVTMK,991155,2021-04-11 22:48:55.047000-04:00,2021-04-15 02:50:00-04:00,2021-04-14 12:06:18.291000-04:00,2021-04-19 11:04:24.222000-04:00,3,,,,,,Treatment 2,108574.335,6364.42329411765,17.0,12.0,4.0,1.0,17.0,24.0,17.0,1.0,0.0,0.0,0.0,0.0,0.0,3.0,2.0,0.0,540.141,234.245,1.0,15537823
PSAVTMK,991157,2021-04-11 22:48:55.047000-04:00,2021-04-15 02:50:00-04:00,2021-04-12 12:06:38.323000-04:00,2021-04-12 12:12:40.642000-04:00,1,,,,,,Control,236.959,36.0526666666667,6.0,4.0,2.0,,6.0,8.0,6.0,0.0,0.0,0.0,0.0,0.0,0.0,1.0,2.0,2.0,113.673,56.835,1.0,15439344
PSAVTMK,991158,2021-04-11 22:48:55.047000-04:00,2021-04-15 02:50:00-04:00,2021-04-12 16:17:12.708000-04:00,,1,,,,,,Treatment 3,141.828,137.454,1.0,0.0,,,1.0,1.0,1.0,1.0,0.0,0.0,0.0,0.0,0.0,1.0,,,,,,15460796
PSAVTMK,991159,2021-04-11 22:48:55.047000-04:00,2021-04-15 02:50:00-04:00,2021-04-14 19:36:46.299000-04:00,,1,,,,,,Treatment 1,998.602,82.5799090909091,11.0,6.0,3.0,2.0,11.0,21.0,11.0,4.0,0.0,0.0,0.0,0.0,4.0,1.0,,,,,,15560848
PSAVTMK,991160,2021-04-11 22:48:55.047000-04:00,2021-04-15 02:50:00-04:00,2021-04-13 17:42:38.050000-04:00,2021-04-14 13:30:54.281000-04:00,2,,,,,,Control,70530.775,324.71375,4.0,3.0,1.0,,4.0,5.0,4.0,0.0,0.0,0.0,0.0,0.0,0.0,2.0,2.0,2.0,722.779,361.3785,1.0,15514793
PSAVTMK,991163,2021-04-11 22:48:55.047000-04:00,2021-04-15 02:50:00-04:00,2021-04-12 12:05:18.563000-04:00,2021-04-14 15:41:40.204000-04:00,2,,,,,,Treatment 2,2590.355,146.461125,16.0,10.0,3.0,0.0,16.0,23.0,16.0,2.0,0.0,0.0,0.0,0.0,2.0,2.0,2.0,0.0,382.185,152.576,1.0,15439196
PSAVTMK,991164,2021-04-11 22:48:55.047000-04:00,2021-04-15 02:50:00-04:00,2021-04-12 12:07:14.469000-04:00,2021-04-12 12:29:49.342000-04:00,1,,,,,,Treatment 1,1066.789,146.8305,6.0,4.0,1.0,0.0,6.0,11.0,6.0,1.0,0.0,0.0,0.0,0.0,1.0,1.0,2.0,0.0,271.483,110.151,1.0,15439403
PSAVTMK,991169,2021-04-11 22:48:55.047000-04:00,2021-04-15 02:50:00-04:00,2021-04-12 12:09:04.459000-04:00,2021-04-12 12:19:28.677000-04:00,1,,,,,,Treatment 3,208.413,104.195,2.0,2.0,,,2.0,2.0,2.0,0.0,0.0,0.0,0.0,0.0,0.0,1.0,2.0,1.0,408.922,173.626,1.0,15439559
PSAVTMK,991194,2021-04-11 22:48:55.044000-04:00,2021-04-15 02:50:00-04:00,2021-04-14 12:40:58.316000-04:00,2021-04-14 17:27:11.640000-04:00,1,,,,,,Treatment 1,16891.694,1846.26344444444,9.0,4.0,1.0,1.0,9.0,20.0,9.0,4.0,0.0,0.0,0.0,0.0,4.0,1.0,2.0,1.0,236.215,100.9595,1.0,15541160
PSAVTMK,991203,2021-04-11 22:48:55.044000-04:00,2021-04-15 02:50:00-04:00,2021-04-12 16:28:59.784000-04:00,2021-04-12 16:53:10.602000-04:00,3,,,,,,Control,1273.205,137.358857142857,7.0,4.0,2.0,1.0,7.0,19.0,7.0,2.0,0.0,0.0,0.0,0.0,1.0,2.0,2.0,0.0,163.583,68.6195,1.0,15461279
PSAVTMK,991226,2021-04-11 22:48:55.047000-04:00,2021-04-15 02:50:00-04:00,2021-04-12 12:01:05.659000-04:00,2021-04-12 13:32:06.533000-04:00,1,,,,,,Treatment 2,5317.278,285.0005,14.0,9.0,3.0,2.0,14.0,27.0,14.0,3.0,0.0,0.0,0.0,0.0,3.0,1.0,2.0,2.0,59.679,29.835,1.0,15438743
PSAVTMK,991256,2021-04-11 22:48:55.044000-04:00,2021-04-15 02:50:00-04:00,2021-04-12 12:39:00.763000-04:00,2021-04-14 12:57:26.602000-04:00,2,,,,,,Control,408.944,84.81825,4.0,3.0,1.0,1.0,4.0,6.0,4.0,1.0,0.0,0.0,0.0,0.0,1.0,2.0,2.0,0.0,208.975,51.4625,1.0,15534429
PSAVTMK,991258,2021-04-11 22:48:55.044000-04:00,2021-04-15 02:50:00-04:00,2021-04-12 12:59:57.517000-04:00,2021-04-12 13:10:51.072000-04:00,1,,,,,,Treatment 3,499.993,81.8874,5.0,3.0,2.0,,5.0,9.0,5.0,0.0,0.0,0.0,0.0,0.0,0.0,1.0,2.0,0.0,143.578,52.9015,1.0,15444822
PSAVTMK,991259,2021-04-11 22:48:55.044000-04:00,2021-04-15 02:50:00-04:00,2021-04-12 13:04:38.670000-04:00,2021-04-12 13:30:41.866000-04:00,1,,,,,,Treatment 2,948.475,189.6928,5.0,5.0,,,5.0,5.0,5.0,0.0,0.0,0.0,0.0,0.0,0.0,1.0,2.0,1.0,609.19,227.531,1.0,15445273
PSAVTMK,991260,2021-04-11 22:48:55.044000-04:00,2021-04-15 02:50:00-04:00,2021-04-12 13:09:19.069000-04:00,2021-04-22 16:49:31.339000-04:00,4,,,,,,Control,877066.287,21213.1665384615,13.0,5.0,3.0,1.0,13.0,24.0,13.0,6.0,0.0,0.0,0.0,0.0,6.0,3.0,2.0,1.0,132.93,61.3135,1.0,15445839
PSAVTMK,991261,2021-04-11 22:48:55.044000-04:00,2021-04-15 02:50:00-04:00,2021-04-12 12:49:50.451000-04:00,2021-04-12 13:03:18.719000-04:00,1,,,,,,Treatment 3,359.858,29.3561428571429,7.0,4.0,3.0,2.0,7.0,12.0,7.0,2.0,0.0,0.0,0.0,0.0,2.0,1.0,2.0,1.0,440.06,214.082,1.0,15443801
PSAVTMK,991269,2021-04-11 22:48:55.041000-04:00,2021-04-15 02:50:00-04:00,2021-04-13 11:43:15.354000-04:00,2021-04-13 11:52:16.639000-04:00,1,,,,,,Treatment 2,435.362,54.9893333333333,6.0,5.0,1.0,1.0,5.0,8.0,6.0,1.0,0.0,0.0,0.0,0.0,1.0,1.0,2.0,0.0,98.289,40.884,1.0,15487411
PSAVTMK,991276,2021-04-11 22:48:55.047000-04:00,2021-04-15 02:50:00-04:00,2021-04-12 12:22:34.218000-04:00,2021-04-12 12:38:11.210000-04:00,1,,,,,,Treatment 2,762.486,152.4826,5.0,5.0,,,5.0,5.0,5.0,0.0,0.0,0.0,0.0,0.0,0.0,1.0,2.0,2.0,159.334,79.6615,1.0,15440873
PSAVTMK,991278,2021-04-11 22:48:55.044000-04:00,2021-04-15 02:50:00-04:00,2021-04-12 12:50:38.850000-04:00,2021-04-15 11:49:22.995000-04:00,2,,,,,,Treatment 3,255298.253,65.5363636363636,11.0,3.0,2.0,1.0,11.0,34.0,11.0,3.0,0.0,0.0,0.0,0.0,3.0,2.0,2.0,0.0,208.89,59.2795,1.0,15443876
PSAVTMK,991281,2021-04-11 22:48:55.044000-04:00,2021-04-15 02:50:00-04:00,2021-04-12 13:00:56.079000-04:00,2021-04-12 13:02:31.142000-04:00,1,,,,,,Treatment 3,57.575,28.7795,2.0,2.0,,,2.0,2.0,2.0,0.0,0.0,0.0,0.0,0.0,0.0,1.0,2.0,2.0,32.326,16.1565,1.0,15444890
PSAVTMK,991282,2021-04-11 22:48:55.044000-04:00,2021-04-15 02:50:00-04:00,2021-04-12 16:46:15.054000-04:00,,2,,,,,,Treatment 2,1009.771,485.9375,2.0,0.0,0.0,0.0,1.0,3.0,2.0,1.0,0.0,0.0,0.0,0.0,1.0,2.0,,,,,,15461982
PSAVTMK,991283,2021-04-11 22:48:55.044000-04:00,2021-04-15 02:50:00-04:00,2021-04-12 12:49:10.879000-04:00,2021-04-12 12:58:25.526000-04:00,1,,,,,,Treatment 2,474.584,46.273875,8.0,6.0,2.0,2.0,8.0,14.0,8.0,2.0,0.0,0.0,0.0,0.0,2.0,1.0,2.0,2.0,72.869,36.4295,1.0,15443746
PSAVTMK,991287,2021-04-11 22:48:55.044000-04:00,2021-04-15 02:50:00-04:00,2021-04-12 12:53:11.845000-04:00,2021-04-13 13:03:35.915000-04:00,5,,,,,,Treatment 2,19823.867,1146.16347058824,17.0,10.0,3.0,3.0,16.0,28.0,17.0,7.0,0.0,0.0,0.0,0.0,7.0,4.0,2.0,2.0,314.526,157.258,1.0,15444165
PSAVTMK,991290,2021-04-11 22:48:55.044000-04:00,2021-04-15 02:50:00-04:00,2021-04-12 12:43:32.237000-04:00,2021-04-12 12:58:34.234000-04:00,1,,,,,,Treatment 1,510.115,63.8407142857143,7.0,5.0,2.0,1.0,7.0,10.0,7.0,1.0,0.0,0.0,0.0,0.0,0.0,1.0,2.0,0.0,351.537,140.3405,1.0,15443163
PSAVTMK,991291,2021-04-11 22:48:55.044000-04:00,2021-04-15 02:50:00-04:00,2021-04-12 12:52:10.934000-04:00,2021-04-12 13:16:23.450000-04:00,1,,,,,,Treatment 3,1264.395,89.3071818181818,11.0,2.0,1.0,1.0,11.0,27.0,11.0,5.0,0.0,0.0,0.0,0.0,5.0,1.0,2.0,2.0,159.278,79.6335,1.0,15444045
PSAVTMK,991333,2021-04-11 22:48:55.047000-04:00,2021-04-15 02:50:00-04:00,2021-04-12 12:09:27.129000-04:00,2021-04-12 12:18:14.229000-04:00,1,,,,,,Treatment 3,320.508,52.1442,5.0,3.0,2.0,1.0,5.0,8.0,5.0,1.0,0.0,0.0,0.0,0.0,1.0,1.0,2.0,1.0,196.471,82.5685,1.0,15439590
PSAVTMK,991340,2021-04-11 22:48:55.041000-04:00,2021-04-15 02:50:00-04:00,2021-04-12 14:00:49.226000-04:00,2021-04-12 14:17:59.400000-04:00,1,,,,,,Control,476.507,66.2424,5.0,3.0,1.0,1.0,5.0,11.0,5.0,2.0,0.0,0.0,0.0,0.0,1.0,1.0,2.0,0.0,539.511,227.74,1.0,15451102
PSAVTMK,991357,2021-04-11 22:48:55.044000-04:00,2021-04-15 02:50:00-04:00,2021-04-14 20:18:13.457000-04:00,2021-04-15 21:08:32.629000-04:00,3,,,,,,Control,88860.914,22186.544,4.0,3.0,1.0,,4.0,5.0,4.0,0.0,0.0,0.0,0.0,0.0,0.0,2.0,2.0,1.0,549.251,42.9615,1.0,15561344
PSAVTMK,991373,2021-04-11 22:48:55.044000-04:00,2021-04-15 02:50:00-04:00,2021-04-15 01:29:14.157000-04:00,2021-04-15 01:34:05.094000-04:00,1,,,,,,Treatment 1,235.387,41.8674,5.0,4.0,1.0,1.0,5.0,6.0,5.0,1.0,0.0,0.0,0.0,0.0,1.0,1.0,2.0,2.0,49.347,24.6675,1.0,15563850
PSAVTMK,991382,2021-04-11 22:48:55.041000-04:00,2021-04-15 02:50:00-04:00,2021-04-12 15:50:40.890000-04:00,2021-04-12 16:21:11.930000-04:00,1,,,,,,Treatment 2,1603.15,71.1606428571429,14.0,9.0,3.0,1.0,13.0,19.0,14.0,3.0,0.0,0.0,0.0,0.0,3.0,1.0,2.0,0.0,210.16,87.2755,1.0,15459456
PSAVTMK,991399,2021-04-11 22:48:55.041000-04:00,2021-04-15 02:50:00-04:00,2021-04-12 14:08:06.227000-04:00,2021-04-12 14:17:13.662000-04:00,1,,,,,,Control,299.204,54.3415,4.0,3.0,1.0,,4.0,7.0,4.0,0.0,0.0,0.0,0.0,0.0,0.0,1.0,2.0,2.0,232.928,116.462,1.0,15451823
PSAVTMK,991401,2021-04-11 22:48:55.041000-04:00,2021-04-15 02:50:00-04:00,2021-04-12 14:12:39.433000-04:00,2021-04-30 17:13:09.286000-04:00,4,,,,,,Treatment 1,1565953.028,391488.25575,4.0,4.0,,,4.0,4.0,4.0,0.0,0.0,0.0,0.0,0.0,0.0,2.0,2.0,1.0,71.522,23.9635,1.0,15452300
PSAVTMK,991402,2021-04-11 22:48:55.041000-04:00,2021-04-15 02:50:00-04:00,2021-04-12 14:09:13.943000-04:00,,2,,,,,,Treatment 3,1512.604,151.250222222222,10.0,0.0,0.0,0.0,2.0,11.0,10.0,9.0,0.0,0.0,0.0,0.0,9.0,2.0,,,,,,15451961
PSAVTMK,991410,2021-04-11 22:48:55.041000-04:00,2021-04-15 02:50:00-04:00,2021-04-12 14:06:25.123000-04:00,,5,,,,,,Control,174452.974,24903.2238571429,8.0,1.0,1.0,1.0,7.0,16.0,8.0,5.0,0.0,0.0,0.0,0.0,5.0,5.0,,,,,,15451681
PSAVTMK,991437,2021-04-11 22:48:55.041000-04:00,2021-04-15 02:50:00-04:00,2021-04-12 14:19:25.177000-04:00,2021-04-14 19:56:58.822000-04:00,2,,,,,,Treatment 2,192220.551,27456.7707142857,7.0,6.0,1.0,1.0,6.0,7.0,7.0,1.0,0.0,0.0,0.0,0.0,1.0,2.0,2.0,1.0,818.468,401.8275,1.0,15452957
PSAVTMK,991440,2021-04-11 22:48:55.041000-04:00,2021-04-15 02:50:00-04:00,2021-04-12 14:27:34.731000-04:00,,2,,,,,,Control,12024.64,1325.10222222222,9.0,4.0,2.0,1.0,9.0,14.0,9.0,1.0,0.0,0.0,0.0,0.0,1.0,2.0,1.0,0.0,107.202,107.202,1.0,15453656
PSAVTMK,991444,2021-04-11 22:48:55.041000-04:00,2021-04-15 02:50:00-04:00,2021-04-12 13:51:46.291000-04:00,,1,,,,,,Treatment 2,1913.513,123.8208,10.0,0.0,0.0,0.0,3.0,20.0,10.0,10.0,0.0,0.0,0.0,0.0,10.0,1.0,,,,,,15450190
PSAVTMK,991453,2021-04-11 22:48:55.041000-04:00,2021-04-15 02:50:00-04:00,2021-04-12 13:55:29.575000-04:00,2021-04-12 14:10:42.769000-04:00,1,,,,,,Treatment 1,513.85,89.3902,5.0,4.0,1.0,,5.0,7.0,5.0,0.0,0.0,0.0,0.0,0.0,0.0,1.0,2.0,1.0,389.853,161.8645,1.0,15450567
PSAVTMK,991457,2021-04-11 22:48:55.041000-04:00,2021-04-15 02:50:00-04:00,2021-04-14 11:08:15.582000-04:00,,1,,,,,,Treatment 3,539.458,33.6924,10.0,2.0,2.0,0.0,10.0,23.0,10.0,5.0,0.0,0.0,0.0,0.0,5.0,1.0,,,,,,15532460
PSAVTMK,991461,2021-04-11 22:48:55.041000-04:00,2021-04-15 02:50:00-04:00,2021-04-12 14:13:42.161000-04:00,2021-04-12 14:17:13.631000-04:00,1,,,,,,Treatment 1,83.328,14.4642,5.0,4.0,1.0,,5.0,6.0,5.0,0.0,0.0,0.0,0.0,0.0,0.0,1.0,2.0,1.0,121.468,35.2665,1.0,15452418
PSAVTMK,991471,2021-04-11 22:48:55.041000-04:00,2021-04-15 02:50:00-04:00,2021-04-14 13:01:05.111000-04:00,2021-04-14 13:09:09.377000-04:00,1,,,,,,Treatment 1,341.819,28.81475,8.0,4.0,1.0,1.0,7.0,16.0,8.0,4.0,0.0,0.0,0.0,0.0,4.0,1.0,2.0,2.0,122.608,61.297,1.0,15543090
PSAVTMK,991484,2021-04-11 22:48:55.041000-04:00,2021-04-15 02:50:00-04:00,2021-04-13 12:45:33.035000-04:00,2021-04-14 14:58:18.328000-04:00,7,,,,,,Treatment 3,94236.704,6683.865,4.0,2.0,1.0,1.0,3.0,5.0,4.0,2.0,0.0,0.0,0.0,0.0,2.0,3.0,2.0,2.0,122.353,61.1585,1.0,15494117
PSAVTMK,991503,2021-04-11 22:48:55.041000-04:00,2021-04-15 02:50:00-04:00,2021-04-12 14:14:41.068000-04:00,,3,,,,,,Control,89206.283,17794.9128,6.0,1.0,1.0,1.0,3.0,11.0,6.0,4.0,0.0,0.0,0.0,0.0,4.0,3.0,,,,,,15452503
PSAVTMK,991515,2021-04-11 22:48:55.047000-04:00,2021-04-15 02:50:00-04:00,2021-04-12 11:31:39.275000-04:00,2021-04-12 12:15:19.049000-04:00,2,,,,,,Control,2501.205,833.733666666667,3.0,3.0,,,3.0,3.0,3.0,0.0,0.0,0.0,0.0,0.0,0.0,2.0,2.0,0.0,115.54,28.4715,1.0,15435811
PSAVTMK,991517,2021-04-11 22:48:55.041000-04:00,2021-04-15 02:50:00-04:00,2021-04-12 13:50:45.842000-04:00,2021-04-12 14:01:31.170000-04:00,1,,,,,,Treatment 2,563.384,41.2632727272727,11.0,6.0,2.0,0.0,11.0,19.0,11.0,3.0,0.0,0.0,0.0,0.0,3.0,1.0,2.0,2.0,62.514,31.2505,1.0,15450073
PSAVTMK,991536,2021-04-11 22:48:55.041000-04:00,2021-04-15 02:50:00-04:00,2021-04-14 17:34:47.899000-04:00,2021-04-14 17:37:58.122000-04:00,1,,,,,,Control,123.168,41.048,3.0,3.0,,,3.0,3.0,3.0,0.0,0.0,0.0,0.0,0.0,0.0,1.0,2.0,2.0,60.297,30.1425,1.0,15559027
PSAVTMK,991539,2021-04-11 22:48:55.041000-04:00,2021-04-15 02:50:00-04:00,2021-04-12 16:06:48.021000-04:00,,2,,,,,,Control,861.835,45.0825833333333,13.0,2.0,2.0,2.0,11.0,38.0,13.0,9.0,0.0,0.0,0.0,0.0,9.0,2.0,,,,,,15460267
PSAVTMK,991590,2021-04-11 22:48:55.044000-04:00,2021-04-15 02:50:00-04:00,2021-04-19 15:43:34.479000-04:00,2021-04-23 00:56:57.619000-04:00,2,,,,,,Treatment 1,292178.423,36520.869,8.0,7.0,1.0,,8.0,9.0,8.0,0.0,0.0,0.0,0.0,0.0,0.0,2.0,2.0,1.0,47.43,20.3325,1.0,15684798
PSAVTMK,991611,2021-04-11 22:48:55.041000-04:00,2021-04-15 02:50:00-04:00,2021-04-15 06:27:27.362000-04:00,2021-04-15 06:36:56.431000-04:00,1,,,,,,Control,377.223,53.4534,5.0,3.0,1.0,0.0,4.0,7.0,5.0,1.0,0.0,0.0,0.0,0.0,1.0,1.0,2.0,1.0,183.365,81.9445,1.0,15564131
PSAVTMK,991617,2021-04-11 22:48:55.044000-04:00,2021-04-15 02:50:00-04:00,2021-04-13 23:58:46.653000-04:00,2021-04-14 00:07:26.936000-04:00,1,,,,,,Treatment 1,223.547,55.884,4.0,4.0,,,4.0,4.0,4.0,0.0,0.0,0.0,0.0,0.0,0.0,1.0,2.0,1.0,291.545,74.2185,1.0,15519508
PSAVTMK,991619,2021-04-11 22:48:55.041000-04:00,2021-04-15 02:50:00-04:00,2021-04-12 14:05:03.265000-04:00,2021-04-12 14:12:25.911000-04:00,1,,,,,,Treatment 2,361.563,40.374,6.0,5.0,1.0,,6.0,8.0,6.0,0.0,0.0,0.0,0.0,0.0,0.0,1.0,2.0,2.0,77.136,38.5665,1.0,15451532
PSAVTMK,991664,2021-04-11 22:48:55.047000-04:00,2021-04-15 02:50:00-04:00,2021-04-12 12:23:01.608000-04:00,2021-04-13 00:43:47.896000-04:00,3,,,,,,Treatment 2,44202.96,79.529125,8.0,5.0,1.0,,8.0,12.0,8.0,0.0,0.0,0.0,0.0,0.0,0.0,2.0,2.0,1.0,169.356,75.005,1.0,15440940
PSAVTMK,991667,2021-04-11 22:48:55.044000-04:00,2021-04-15 02:50:00-04:00,2021-04-14 20:20:28.446000-04:00,2021-04-19 13:23:11.546000-04:00,6,,,,,,Treatment 1,406827.964,40519.5646,10.0,5.0,2.0,2.0,10.0,22.0,10.0,4.0,0.0,0.0,0.0,0.0,4.0,3.0,2.0,2.0,115.983,57.987,1.0,15561370
PSAVTMK,991669,2021-04-11 22:48:55.047000-04:00,2021-04-15 02:50:00-04:00,2021-04-15 02:44:06.094000-04:00,,2,,,,,,Control,570.725,37.7783636363636,11.0,1.0,1.0,1.0,6.0,21.0,11.0,10.0,0.0,0.0,0.0,0.0,10.0,2.0,,,,,,15563971
PSAVTMK,991912,2021-04-11 22:48:55.047000-04:00,2021-04-15 02:50:00-04:00,2021-04-12 12:05:43.827000-04:00,2021-04-12 12:14:56.202000-04:00,1,,,,,,Treatment 2,442.385,64.0821666666667,6.0,5.0,1.0,,5.0,6.0,6.0,0.0,0.0,0.0,0.0,0.0,0.0,1.0,2.0,1.0,95.554,45.366,1.0,15439251
PSAVTMK,991923,2021-04-11 22:48:55.044000-04:00,2021-04-15 02:50:00-04:00,2021-04-14 19:10:19.264000-04:00,2021-04-15 02:49:50.011000-04:00,3,,,,,,Treatment 3,27400.658,13700.32,2.0,2.0,,,2.0,2.0,2.0,0.0,0.0,0.0,0.0,0.0,0.0,2.0,2.0,2.0,152.563,76.276,1.0,15560515
PSAVTMK,992027,2021-04-11 22:48:55.041000-04:00,2021-04-15 02:50:00-04:00,2021-04-14 22:45:11.929000-04:00,,2,,,,,,Control,918.023,38.4108,5.0,3.0,1.0,1.0,5.0,19.0,5.0,2.0,0.0,0.0,0.0,0.0,0.0,1.0,1.0,,,,1.0,15562967
PSAVTMK,992323,2021-04-11 22:48:55.047000-04:00,2021-04-15 02:50:00-04:00,2021-04-13 15:53:53.311000-04:00,,1,,,,,,Treatment 2,398.351,55.462,5.0,0.0,0.0,0.0,5.0,11.0,5.0,4.0,0.0,0.0,0.0,0.0,5.0,1.0,,,,,,15510776
PSAVTMK,992341,2021-04-11 22:48:55.044000-04:00,2021-04-15 02:50:00-04:00,2021-04-12 12:42:48.502000-04:00,,1,,,,,,Treatment 1,,,1.0,,,,,0.0,1.0,0.0,0.0,0.0,0.0,0.0,0.0,1.0,,,,,,15443095
PSAVTMK,992402,2021-04-11 22:48:55.041000-04:00,2021-04-15 02:50:00-04:00,2021-04-14 19:11:02.602000-04:00,2021-04-14 19:23:46.913000-04:00,1,,,,,,Treatment 2,543.958,108.7858,5.0,5.0,,,5.0,5.0,5.0,0.0,0.0,0.0,0.0,0.0,0.0,1.0,2.0,2.0,208.442,104.216,1.0,15560526
PSAVTMK,992490,2021-04-11 22:48:55.041000-04:00,2021-04-15 02:50:00-04:00,2021-05-10 13:09:37.375000-04:00,,3,,,,,,Treatment 2,160969.274,68.3856,5.0,0.0,0.0,0.0,5.0,13.0,5.0,4.0,0.0,0.0,0.0,0.0,4.0,2.0,,,,,,16274430
PSAVTMK,992822,2021-04-11 22:48:55.044000-04:00,2021-04-15 02:50:00-04:00,2021-04-12 16:39:31.036000-04:00,2021-04-13 22:02:42.408000-04:00,4,,,,,,Control,599.389,51.44225,8.0,5.0,3.0,1.0,8.0,12.0,8.0,1.0,0.0,0.0,0.0,0.0,1.0,1.0,2.0,0.0,105178.24,247.0705,2.0,15461723
PSAVTMK,992894,2021-04-11 22:48:55.047000-04:00,2021-04-15 02:50:00-04:00,2021-04-12 15:45:44.439000-04:00,2021-04-12 16:11:39.703000-04:00,1,,,,,,Control,1341.725,148.511714285714,7.0,4.0,2.0,2.0,6.0,11.0,7.0,3.0,0.0,0.0,0.0,0.0,3.0,1.0,2.0,0.0,203.626,45.929,1.0,15459193
PSAVTMK,992935,2021-05-03 11:00:00-04:00,2021-05-07 19:00:00-04:00,2021-05-03 15:32:44.417000-04:00,,3,,,,,,Treatment 2,4820.302,448.8101,10.0,5.0,2.0,1.0,9.0,18.0,10.0,2.0,0.0,0.0,0.0,0.0,2.0,2.0,,,,,,16099162
PSAVTMK,993084,2021-04-11 22:48:55.041000-04:00,2021-04-15 02:50:00-04:00,2021-04-12 13:48:03.532000-04:00,2021-04-12 14:02:50.748000-04:00,3,,,,,,Treatment 3,776.419,103.0128,5.0,2.0,1.0,0.0,5.0,9.0,5.0,2.0,0.0,0.0,0.0,0.0,2.0,2.0,2.0,1.0,98.555,31.0305,1.0,15449764
PSAVTMK,994509,2021-04-11 22:48:55.041000-04:00,2021-04-15 02:50:00-04:00,2021-04-12 21:52:37.566000-04:00,2021-04-12 22:17:36.421000-04:00,1,,,,,,Treatment 2,1271.79,88.483,13.0,10.0,3.0,1.0,13.0,16.0,13.0,1.0,0.0,0.0,0.0,0.0,1.0,1.0,2.0,2.0,92.767,46.378,1.0,15467589
PSAVTMK,996505,2021-04-11 22:48:55.044000-04:00,2021-04-15 02:50:00-04:00,2021-04-12 13:01:30.976000-04:00,2021-04-12 16:53:15.337000-04:00,3,,,,,,Treatment 3,804.981,91.382,3.0,2.0,1.0,1.0,2.0,4.0,3.0,1.0,0.0,0.0,0.0,0.0,1.0,1.0,2.0,0.0,13094.546,6528.3625,2.0,15444950
PSAVTMK,997913,2021-04-11 22:48:55.044000-04:00,2021-04-15 02:50:00-04:00,2021-04-12 12:55:32.035000-04:00,2021-04-12 13:00:32.088000-04:00,1,,,,,,Treatment 1,119.064,22.3102,5.0,4.0,1.0,,5.0,6.0,5.0,0.0,0.0,0.0,0.0,0.0,0.0,1.0,2.0,0.0,170.712,57.8855,1.0,15444390
PSAVTMK,997980,2021-03-05 10:45:00-05:00,,2021-03-15 00:33:12.033000-04:00,2021-03-17 02:24:56.727000-04:00,6,,,,,,Treatment 1,178703.394,108.6431,10.0,6.0,2.0,2.0,9.0,17.0,10.0,4.0,0.0,0.0,0.0,0.0,4.0,3.0,2.0,2.0,653.201,326.594,1.0,14623326
PSAVTMK,998333,2021-05-03 11:00:00-04:00,2021-05-07 19:00:00-04:00,2021-05-03 11:33:38.197000-04:00,,1,,,,,,Treatment 1,763.761,52.9979,10.0,5.0,3.0,3.0,9.0,18.0,10.0,4.0,0.0,0.0,0.0,0.0,4.0,1.0,,,,,,16080557
PSAVTMK,999406,2021-03-03 14:54:38.632000-05:00,2021-03-04 14:56:00-05:00,2021-03-04 08:34:40.469000-05:00,2021-03-04 08:40:57.830000-05:00,1,,,,,,Treatment 3,255.468,127.7315,2.0,2.0,,,2.0,2.0,2.0,0.0,0.0,0.0,0.0,0.0,0.0,1.0,2.0,0.0,95.064,32.5545,1.0,14216856
PSAVTMK,999408,2021-03-03 14:54:38.632000-05:00,2021-03-04 14:56:00-05:00,2021-03-04 08:21:02.020000-05:00,,3,,,,,,Treatment 3,2043.421,63.5903,10.0,5.0,4.0,3.0,10.0,20.0,10.0,4.0,0.0,0.0,0.0,0.0,4.0,3.0,1.0,,,,1.0,14216249
PSAVTMK,999411,2021-03-03 14:54:38.632000-05:00,2021-03-04 14:56:00-05:00,2021-03-04 08:54:54.670000-05:00,2021-03-04 09:21:38.978000-05:00,2,,,,,,Control,1496.903,79.8393333333333,9.0,6.0,3.0,1.0,9.0,16.0,9.0,1.0,0.0,0.0,0.0,0.0,1.0,2.0,2.0,2.0,93.832,46.914,1.0,14218129
PSAVTMK,999418,2021-03-03 14:54:38.632000-05:00,2021-03-04 14:56:00-05:00,2021-03-04 08:20:51.014000-05:00,2021-03-04 08:50:22.448000-05:00,1,,,,,,Control,1677.292,141.5198,5.0,3.0,1.0,,5.0,9.0,5.0,0.0,0.0,0.0,0.0,0.0,0.0,1.0,2.0,2.0,78.28,39.139,1.0,14216242
PSAVTMK,999535,2021-03-03 14:54:38.629000-05:00,2021-03-04 14:56:00-05:00,2021-03-04 10:15:29.035000-05:00,,4,,,,,,Treatment 1,1060688.982,227.728166666667,12.0,7.0,3.0,2.0,12.0,22.0,12.0,2.0,0.0,0.0,0.0,0.0,2.0,2.0,,,,,,14226130
PSAVTMK,1001714,2021-03-05 10:45:00-05:00,,2021-03-15 12:48:17.116000-04:00,,1,,,,,,Treatment 3,,,1.0,,,,,0.0,1.0,0.0,0.0,0.0,0.0,0.0,0.0,1.0,,,,,,14647743
PSAVTMK,1002919,2021-01-12 08:05:49.428000-05:00,2021-01-13 08:07:00-05:00,2021-04-15 10:59:50.797000-04:00,,1,,,,,,Treatment 3,438.575,156.024,1.0,0.0,,,1.0,2.0,1.0,0.0,0.0,0.0,0.0,0.0,0.0,1.0,,,,,,15577031
PSAVTMK,1005235,2020-09-08 13:09:00-04:00,,2021-03-23 09:38:55.651000-04:00,,1,,,,,,Treatment 1,65.338,65.332,2.0,1.0,,,1.0,1.0,2.0,0.0,0.0,0.0,0.0,0.0,0.0,1.0,,,,,,14923606
PSAVTMK,1009752,2021-04-07 13:17:24.305000-04:00,2021-04-09 13:17:00-04:00,2021-04-08 12:44:24.494000-04:00,2021-04-08 12:51:37.255000-04:00,1,,,,,,Control,291.732,57.1575,4.0,3.0,1.0,,4.0,5.0,4.0,0.0,0.0,0.0,0.0,0.0,0.0,1.0,2.0,0.0,127.514,51.116,1.0,15363970
PSAVTMK,1010267,2021-04-07 13:17:24.305000-04:00,2021-04-09 13:17:00-04:00,2021-05-13 14:07:40.079000-04:00,,1,,,,,,Control,149.897,31.521,4.0,3.0,1.0,,4.0,5.0,4.0,0.0,0.0,0.0,0.0,0.0,0.0,1.0,1.0,,,,1.0,16385117
PSAVTMK,1010542,2021-04-19 13:45:00-04:00,2021-04-23 16:00:00-04:00,2021-04-26 12:56:42.753000-04:00,,4,,,,,,Treatment 1,1553400.805,310628.9736,6.0,0.0,0.0,0.0,4.0,13.0,6.0,5.0,0.0,0.0,0.0,0.0,5.0,3.0,,,,,,15880233
PSAVTMK,1010928,2021-04-12 09:00:00-04:00,2021-05-03 21:00:00-04:00,2021-04-12 14:36:39.110000-04:00,2021-04-12 15:25:55.552000-04:00,1,,,,,,Treatment 3,2826.78,1413.386,2.0,2.0,,,2.0,2.0,2.0,0.0,0.0,0.0,0.0,0.0,0.0,1.0,2.0,2.0,124.527,62.2615,1.0,15454351
PSAVTMK,1011942,2021-05-03 11:00:00-04:00,2021-05-07 19:00:00-04:00,2021-05-03 13:11:52.541000-04:00,2021-05-03 13:27:11.941000-04:00,1,,,,,,Treatment 3,517.212,49.2476666666667,6.0,3.0,1.0,1.0,6.0,17.0,6.0,2.0,0.0,0.0,0.0,0.0,2.0,1.0,2.0,1.0,389.303,186.349,1.0,16088853
PSAVTMK,1012191,2021-01-12 08:05:49.423000-05:00,2021-01-13 08:07:00-05:00,2021-04-16 12:47:21.570000-04:00,,1,,,,,,Treatment 2,,,1.0,,,,,0.0,1.0,0.0,0.0,0.0,0.0,0.0,0.0,1.0,,,,,,15628474
PSAVTMK,1019147,2021-05-21 08:30:00-04:00,2021-05-23 23:00:00-04:00,2021-05-23 16:33:27.518000-04:00,,2,,,,,,Treatment 2,334.718,33.0591111111111,9.0,7.0,2.0,1.0,8.0,11.0,9.0,1.0,0.0,0.0,0.0,0.0,1.0,2.0,2.0,1.0,28.006,27.997,1.0,16566674
PSAVTMK,1019148,2021-05-21 08:30:00-04:00,2021-05-23 23:00:00-04:00,2021-05-21 08:38:06.891000-04:00,2021-05-21 08:45:50.383000-04:00,1,,,,,,Control,418.656,101.65125,4.0,3.0,1.0,,3.0,4.0,4.0,0.0,0.0,0.0,0.0,0.0,0.0,1.0,2.0,2.0,31.275,15.6225,1.0,16547778
PSAVTMK,1019153,2021-05-21 08:30:00-04:00,2021-05-23 23:00:00-04:00,2021-05-21 09:01:00.343000-04:00,2021-05-21 09:04:46.014000-04:00,1,,,,,,Control,124.77,18.0998333333333,6.0,5.0,1.0,,6.0,7.0,6.0,0.0,0.0,0.0,0.0,0.0,0.0,1.0,2.0,2.0,81.954,40.9645,1.0,16548332
PSAVTMK,1019156,2021-05-21 08:30:00-04:00,2021-05-23 23:00:00-04:00,2021-05-21 09:20:39.058000-04:00,,1,,,,,,Treatment 3,,,1.0,,,,,0.0,1.0,0.0,0.0,0.0,0.0,0.0,0.0,1.0,,,,,,16548978
PSAVTMK,1019158,2021-05-21 08:30:00-04:00,2021-05-23 23:00:00-04:00,2021-05-21 11:47:28.592000-04:00,2021-05-21 11:51:47.863000-04:00,1,,,,,,Treatment 3,125.409,62.696,2.0,2.0,,,2.0,2.0,2.0,0.0,0.0,0.0,0.0,0.0,0.0,1.0,2.0,2.0,123.434,61.708,1.0,16554500
PSAVTMK,1019165,2021-05-21 08:30:00-04:00,2021-05-23 23:00:00-04:00,2021-05-23 17:06:14.898000-04:00,2021-05-23 17:23:11.155000-04:00,1,,,,,,Treatment 3,116.591,58.2875,2.0,2.0,,,2.0,2.0,2.0,0.0,0.0,0.0,0.0,0.0,0.0,1.0,2.0,0.0,880.49,198.855,1.0,16566740
PSAVTMK,1019167,2021-05-21 08:30:00-04:00,2021-05-23 23:00:00-04:00,2021-05-21 08:41:20.399000-04:00,,1,,,,,,Control,149.972,134.719,2.0,0.0,,,0.0,1.0,2.0,1.0,0.0,0.0,0.0,0.0,1.0,1.0,,,,,,16547840
PSAVTMK,1019169,2021-05-21 08:30:00-04:00,2021-05-23 23:00:00-04:00,2021-05-21 08:48:17.316000-04:00,,1,,,,,,Treatment 2,,,1.0,,,,,0.0,1.0,0.0,0.0,0.0,0.0,0.0,0.0,1.0,,,,,,16548010
PSAVTMK,1019172,2021-05-21 08:30:00-04:00,2021-05-23 23:00:00-04:00,2021-05-21 09:21:59.216000-04:00,,1,,,,,,Treatment 1,266.068,39.2588,6.0,3.0,1.0,1.0,5.0,8.0,6.0,2.0,0.0,0.0,0.0,0.0,2.0,1.0,,,,,,16549041
PSAVTMK,1019189,2021-05-21 08:30:00-04:00,2021-05-23 23:00:00-04:00,2021-05-23 12:00:44.299000-04:00,2021-05-23 12:34:03.026000-04:00,1,,,,,,Treatment 2,1870.934,62.8533636363636,11.0,6.0,2.0,1.0,11.0,32.0,11.0,3.0,0.0,0.0,0.0,0.0,2.0,1.0,2.0,2.0,73.112,36.555,1.0,16566241
PSAVTMK,1019190,2021-05-21 08:30:00-04:00,2021-05-23 23:00:00-04:00,2021-05-21 10:10:38.462000-04:00,2021-05-21 10:15:11.925000-04:00,1,,,,,,Treatment 1,207.771,22.1011428571429,7.0,5.0,2.0,,7.0,9.0,7.0,0.0,0.0,0.0,0.0,0.0,0.0,1.0,2.0,2.0,47.888,23.935,1.0,16550685
PSAVTMK,1019197,2021-05-21 08:30:00-04:00,2021-05-23 23:00:00-04:00,2021-05-21 10:10:00.530000-04:00,2021-05-21 10:14:36.012000-04:00,1,,,,,,Treatment 1,123.926,30.97625,4.0,4.0,,,4.0,4.0,4.0,0.0,0.0,0.0,0.0,0.0,0.0,1.0,2.0,0.0,133.157,40.668,1.0,16550665
PSAVTMK,1019200,2021-05-21 08:30:00-04:00,2021-05-23 23:00:00-04:00,2021-05-21 10:14:35.218000-04:00,,1,,,,,,Treatment 1,30.361,24.271,1.0,0.0,,,1.0,1.0,1.0,0.0,0.0,0.0,0.0,0.0,0.0,1.0,,,,,,16550787
PSAVTMK,1019204,2021-05-21 08:30:00-04:00,2021-05-23 23:00:00-04:00,2021-05-21 10:04:06.946000-04:00,2021-05-21 10:06:32.562000-04:00,1,,,,,,Treatment 2,82.829,16.5588,5.0,5.0,,,5.0,5.0,5.0,0.0,0.0,0.0,0.0,0.0,0.0,1.0,2.0,2.0,49.447,24.7165,1.0,16550507
PSAVTMK,1019205,2021-05-21 08:30:00-04:00,2021-05-23 23:00:00-04:00,2021-05-21 10:03:12.359000-04:00,2021-05-21 10:06:10.085000-04:00,2,,,,,,Treatment 3,32.214,16.0955,2.0,2.0,,,2.0,2.0,2.0,0.0,0.0,0.0,0.0,0.0,0.0,1.0,2.0,2.0,36.368,18.174,2.0,16550473
PSAVTMK,1019206,2021-05-21 08:30:00-04:00,2021-05-23 23:00:00-04:00,2021-05-21 10:17:31.536000-04:00,2021-05-21 16:07:17.102000-04:00,2,,,,,,Treatment 3,20886.051,56.276,4.0,3.0,1.0,,4.0,5.0,4.0,0.0,0.0,0.0,0.0,0.0,0.0,2.0,2.0,2.0,91.15,45.568,1.0,16550872
PSAVTMK,1019207,2021-05-21 08:30:00-04:00,2021-05-23 23:00:00-04:00,2021-05-21 10:11:41.560000-04:00,2021-05-21 10:17:40.731000-04:00,1,,,,,,Treatment 2,231.124,24.380375,8.0,6.0,2.0,,8.0,11.0,8.0,0.0,0.0,0.0,0.0,0.0,0.0,1.0,2.0,0.0,114.251,31.0535,1.0,16550715
PSAVTMK,1019238,2021-05-21 08:30:00-04:00,2021-05-23 23:00:00-04:00,2021-05-21 11:39:40.724000-04:00,2021-05-21 11:59:50.035000-04:00,1,,,,,,Control,841.911,54.0691,10.0,4.0,2.0,2.0,10.0,28.0,10.0,4.0,0.0,0.0,0.0,0.0,4.0,1.0,2.0,2.0,346.956,173.472,1.0,16554192
PSAVTMK,1019244,2021-05-21 08:30:00-04:00,2021-05-23 23:00:00-04:00,2021-05-21 11:55:48.990000-04:00,2021-05-21 12:03:03.216000-04:00,2,,,,,,Treatment 2,259.505,40.0925,6.0,5.0,1.0,,6.0,7.0,6.0,0.0,0.0,0.0,0.0,0.0,0.0,1.0,2.0,0.0,163.369,44.6455,2.0,16554836
PSAVTMK,1019252,2021-05-21 08:30:00-04:00,2021-05-23 23:00:00-04:00,2021-05-23 19:37:35.255000-04:00,2021-05-23 19:39:21.163000-04:00,1,,,,,,Treatment 3,31.811,15.902,2.0,2.0,,,2.0,2.0,2.0,0.0,0.0,0.0,0.0,0.0,0.0,1.0,2.0,2.0,67.755,33.8745,1.0,16567046
PSAVTMK,1019254,2021-05-21 08:30:00-04:00,2021-05-23 23:00:00-04:00,2021-05-21 12:01:48.914000-04:00,2021-05-21 12:05:00.924000-04:00,1,,,,,,Treatment 3,109.929,29.2403333333333,3.0,2.0,1.0,1.0,3.0,4.0,3.0,1.0,0.0,0.0,0.0,0.0,1.0,1.0,2.0,1.0,66.899,29.34,1.0,16555069
PSAVTMK,1019255,2021-05-21 08:30:00-04:00,2021-05-23 23:00:00-04:00,2021-05-24 17:41:36.605000-04:00,,1,,,,,,Control,87.328,87.328,1.0,0.0,,,1.0,1.0,1.0,0.0,0.0,0.0,0.0,0.0,0.0,1.0,,,,,,16588773
PSAVTMK,1019274,2021-05-21 08:30:00-04:00,2021-05-23 23:00:00-04:00,2021-05-21 12:48:11.737000-04:00,,1,,,,,,Control,,,1.0,,,,,0.0,1.0,0.0,0.0,0.0,0.0,0.0,0.0,1.0,,,,,,16556987
PSAVTMK,1019275,2021-05-21 08:30:00-04:00,2021-05-23 23:00:00-04:00,2021-05-21 12:53:52.984000-04:00,,1,,,,,,Treatment 3,,,1.0,,,,,0.0,1.0,0.0,0.0,0.0,0.0,0.0,0.0,1.0,,,,,,16557258
PSAVTMK,1019279,2021-05-21 08:30:00-04:00,2021-05-23 23:00:00-04:00,2021-05-25 19:59:19.116000-04:00,,1,,,,,,Not Assigned,,,,,,,,,,,,,,,,,,,,,,16611055
PSAVTMK,1019281,2021-05-21 08:30:00-04:00,2021-05-23 23:00:00-04:00,2021-05-21 13:25:23.579000-04:00,,1,,,,,,Treatment 1,81.222,20.2965,4.0,4.0,,,4.0,4.0,4.0,0.0,0.0,0.0,0.0,0.0,0.0,1.0,1.0,,,,1.0,16558167
PSAVTMK,1019292,2021-05-21 08:30:00-04:00,2021-05-23 23:00:00-04:00,2021-05-21 13:39:34.250000-04:00,,3,,,,,,Treatment 1,2308.439,33.943,5.0,4.0,1.0,,5.0,11.0,5.0,0.0,0.0,0.0,0.0,0.0,0.0,2.0,1.0,,,,1.0,16558719
PSAVTMK,1019296,2021-05-21 08:30:00-04:00,2021-05-23 23:00:00-04:00,2021-05-21 14:11:27.001000-04:00,2021-05-21 14:18:16.698000-04:00,1,,,,,,Treatment 1,306.774,19.7723,10.0,8.0,2.0,2.0,10.0,17.0,10.0,2.0,0.0,0.0,0.0,0.0,2.0,1.0,2.0,1.0,83.267,35.179,1.0,16559833
PSAVTMK,1019297,2021-05-21 08:30:00-04:00,2021-05-23 23:00:00-04:00,2021-05-22 17:10:05.570000-04:00,,1,,,,,,Treatment 2,272.654,20.4129,10.0,8.0,2.0,,10.0,15.0,10.0,0.0,0.0,0.0,0.0,0.0,0.0,1.0,2.0,0.0,228.093,43.61,1.0,16565544
PSAVTMK,1019299,2021-05-21 08:30:00-04:00,2021-05-23 23:00:00-04:00,2021-05-21 17:29:45.571000-04:00,2021-05-21 17:33:47.094000-04:00,1,,,,,,Control,67.032,22.3406666666667,3.0,3.0,,,3.0,3.0,3.0,0.0,0.0,0.0,0.0,0.0,0.0,1.0,2.0,1.0,168.918,53.977,1.0,16563512
PSAVTMK,1019334,2021-05-21 08:30:00-04:00,2021-05-23 23:00:00-04:00,2021-05-21 14:54:03.709000-04:00,,1,,,,,,Treatment 1,,,1.0,,,,,0.0,1.0,0.0,0.0,0.0,0.0,0.0,0.0,1.0,,,,,,16561122
PSAVTMK,1019353,2021-05-21 08:30:00-04:00,2021-05-23 23:00:00-04:00,2021-05-21 08:49:27.702000-04:00,,1,,,,,,Treatment 3,,,1.0,,,,,0.0,1.0,0.0,0.0,0.0,0.0,0.0,0.0,1.0,,,,,,16548039
