experiment_id,student_id,problem_id,problem_part,scaffold_id,problem_condition,start_time,end_time,session_count,time_on_task,first_response_or_request_time,first_answer,correct,reported_score,answer_before_tutoring,attempt_count,hints_available,hints_given,scaffold_problems_available,scaffold_problems_given,explanation_available,explanation_given,answer_given,assistments_reference_problem_log_id
PSAS25R,359750,PRAV3ZU,1,,Unknown,2020-05-13 10:17:22.680000-04:00,2020-05-13 10:17:52.891000-04:00,1,30.211,30.207,WPI,True,1.0,True,1,0,0,0,0,False,False,False,25558264
PSAS25R,359750,PRAVPH6,1,,Control,2020-05-13 10:17:54.504000-04:00,2020-05-13 10:19:06.907000-04:00,1,72.403,51.992,0.87,False,0.333333333333333,True,3,1,0,0,0,False,False,False,25558672
PSAS25R,359750,PRAVPJV,1,,Control,2020-05-13 10:19:07.735000-04:00,2020-05-13 10:19:53.871000-04:00,1,46.136,46.134,1.7319,True,1.0,True,1,1,0,0,0,False,False,False,25559636
PSAS25R,359750,PRAVPJ8,1,,Control,2020-05-13 10:19:54.626000-04:00,2020-05-13 10:20:22.612000-04:00,1,27.986,27.984,0.7072,True,1.0,True,1,1,0,0,0,False,False,False,25560208
PSAS25R,359750,PRAVPKK,1,,Control,2020-05-13 10:20:23.143000-04:00,2020-05-13 10:20:51.027000-04:00,1,27.884,27.882,0.7072,True,1.0,True,1,1,0,0,0,False,False,False,25560586
PSAS25R,360239,PRAV3ZU,1,,Unknown,2020-05-14 03:26:41.309000-04:00,2020-05-14 03:27:17.114000-04:00,1,35.805,35.8,WPI,True,1.0,True,1,0,0,0,0,False,False,False,25953368
PSAS25R,360239,PRAVPNK,1,,Treatment,2020-05-14 03:27:19.318000-04:00,2020-05-14 03:29:33.887000-04:00,1,134.569,134.565,0.8660,True,1.0,True,1,1,0,0,0,False,False,False,25953385
PSAS25R,360239,PRAVPNM,1,,Treatment,2020-05-14 03:29:35.602000-04:00,2020-05-14 03:30:41.851000-04:00,1,66.249,66.246,1.7320,True,1.0,True,1,1,0,0,0,False,False,False,25953429
PSAS25R,360239,PRAVPNN,1,,Treatment,2020-05-14 03:30:43.366000-04:00,2020-05-14 03:32:01.089000-04:00,1,77.723,77.72,0.7072,True,1.0,True,1,1,0,0,0,False,False,False,25953456
PSAS25R,360250,PRAV3ZU,1,,Unknown,2020-05-14 12:42:04.219000-04:00,2020-05-14 12:42:36.518000-04:00,1,32.299,32.292,WPI,True,1.0,True,1,0,0,0,0,False,False,False,26154925
PSAS25R,360250,PRAVPH6,1,,Control,2020-05-14 12:42:40.385000-04:00,2020-05-18 12:10:53.645000-04:00,2,343693.26,343693.247,0.8660,True,1.0,True,1,1,0,0,0,False,False,False,26155490
PSAS25R,360250,PRAVPJV,1,,Control,2020-05-18 12:10:55.729000-04:00,2020-05-18 12:13:36.380000-04:00,1,160.651,160.644,1.7320,True,1.0,True,1,1,0,0,0,False,False,False,26924214
PSAS25R,360250,PRAVPJ8,1,,Control,2020-05-18 12:13:37.149000-04:00,2020-05-18 12:15:32.470000-04:00,1,115.321,115.315,0.7072,True,1.0,True,1,1,0,0,0,False,False,False,26926348
PSAS25R,360352,PRAV3ZU,1,,Unknown,2020-05-13 12:54:46.886000-04:00,2020-05-13 12:55:23.119000-04:00,1,36.233,36.224,WPI,True,1.0,True,1,0,0,0,0,False,False,False,25692186
PSAS25R,360352,PRAVPH6,1,,Control,2020-05-13 12:55:26.341000-04:00,2020-05-13 15:45:11.113000-04:00,2,10184.772,10184.736,0.8660,True,1.0,True,1,1,0,0,0,False,False,False,25692793
PSAS25R,360352,PRAVPJV,1,,Control,2020-05-13 15:45:12.849000-04:00,2020-05-13 15:46:41.558000-04:00,1,88.709,88.699,1.7319,True,1.0,True,1,1,0,0,0,False,False,False,25819179
PSAS25R,360352,PRAVPJ8,1,,Control,2020-05-13 15:46:42.835000-04:00,2020-05-13 15:47:13.079000-04:00,1,30.244,30.237,0.7071,True,1.0,True,1,1,0,0,0,False,False,False,25819966
PSAS25R,360363,PRAV3ZU,1,,Unknown,2020-05-13 12:08:14.602000-04:00,2020-05-13 12:09:26.338000-04:00,1,71.736,71.732,WPI,True,1.0,True,1,0,0,0,0,False,False,False,25651709
PSAS25R,360363,PRAVPH6,1,,Control,2020-05-13 12:09:29.825000-04:00,2020-05-13 12:15:14.791000-04:00,1,344.966,344.964,0.8660,True,1.0,True,1,1,0,0,0,False,False,False,25652755
PSAS25R,360363,PRAVPJV,1,,Control,2020-05-13 12:15:16.217000-04:00,2020-05-13 12:16:21.568000-04:00,1,65.351,65.349,1.7319,True,1.0,True,1,1,0,0,0,False,False,False,25657792
PSAS25R,360363,PRAVPJ8,1,,Control,2020-05-13 12:16:22.564000-04:00,2020-05-13 12:17:13.358000-04:00,1,50.794,50.793,0.7071,True,1.0,True,1,1,0,0,0,False,False,False,25658992
PSAS25R,360803,PRAV3ZU,1,,Unknown,2020-05-13 13:39:53.045000-04:00,2020-05-13 13:40:20.919000-04:00,1,27.874,27.862,WPI,True,1.0,True,1,0,0,0,0,False,False,False,25732896
PSAS25R,360803,PRAVPNK,1,,Treatment,2020-05-13 13:40:23.880000-04:00,2020-05-21 17:08:50.614000-04:00,2,703706.734,47.626,28.44,False,0.0,False,3,1,0,0,0,False,False,False,25733338
PSAS25R,360803,PRAVPNM,1,,Treatment,2020-05-21 17:08:52.520000-04:00,,1,,,,,,,0,1,0,0,0,False,False,False,28270018
PSAS25R,361810,PRAV3ZU,1,,Unknown,2020-05-14 00:31:23.285000-04:00,2020-05-14 00:31:46.512000-04:00,1,23.227,23.224,WPI,True,1.0,True,1,0,0,0,0,False,False,False,25946239
PSAS25R,361810,PRAVPNK,1,,Treatment,2020-05-14 00:31:50.841000-04:00,2020-05-17 20:24:45.411000-04:00,2,330774.57,76.894,130.735,False,0.0,True,3,1,1,0,0,False,False,False,25946277
PSAS25R,361810,PRAVPNM,1,,Treatment,2020-05-17 20:24:47.292000-04:00,2020-05-17 20:26:11.526000-04:00,1,84.234,84.233,1.7320,True,1.0,True,1,1,0,0,0,False,False,False,26747640
PSAS25R,361810,PRAVPNN,1,,Treatment,2020-05-17 20:26:13.552000-04:00,2020-05-17 20:26:57.357000-04:00,1,43.805,43.804,0.7072,True,1.0,True,1,1,0,0,0,False,False,False,26747726
PSAS25R,361810,PRAVPNP,1,,Treatment,2020-05-17 20:26:58.097000-04:00,2020-05-17 20:27:41.175000-04:00,1,43.078,43.076,0.7072,True,1.0,True,1,1,0,0,0,False,False,False,26747771
PSAS25R,364287,PRAV3ZU,1,,Unknown,2020-05-13 21:33:02.744000-04:00,2020-05-13 21:33:21.997000-04:00,1,19.253,19.248,yes,False,0.0,True,1,0,0,0,0,False,False,False,25924471
PSAS25R,364287,PRAVPJ2,1,,Unknown,2020-05-13 21:33:23.451000-04:00,2020-05-24 13:27:09.293000-04:00,2,921225.842,31.555,34,False,0.0,True,6,1,1,0,0,False,False,False,25924537
PSAS25R,364287,PRAVPM6,1,,Unknown,2020-05-24 13:27:12.567000-04:00,2020-05-24 13:28:16.013000-04:00,1,63.446,63.443,.5774,True,1.0,True,1,1,0,0,0,False,False,False,28597909
PSAS25R,364287,PRAVPKH,1,,Unknown,2020-05-24 13:28:18.484000-04:00,2020-05-24 13:29:14.635000-04:00,1,56.151,56.147,.7071,True,1.0,True,1,1,0,0,0,False,False,False,28597949
PSAS25R,364287,PRAVPJ9,1,,Unknown,2020-05-24 13:29:15.901000-04:00,2020-05-24 13:29:51.875000-04:00,1,35.974,35.969,.7072,True,1.0,True,1,1,0,0,0,False,False,False,28597978
PSAS25R,364744,PRAV3ZU,1,,Unknown,2020-05-20 12:37:41.871000-04:00,2020-05-20 13:05:02.920000-04:00,1,1641.049,1640.992,WPI,True,1.0,True,1,0,0,0,0,False,False,False,27775302
PSAS25R,364744,PRAVPNK,1,,Treatment,2020-05-20 13:05:06.200000-04:00,2020-05-26 12:48:42.255000-04:00,3,517416.055,508397.638,0.8660,False,0.333333333333333,False,1,1,1,0,0,False,False,False,27793862
PSAS25R,364744,PRAVPNM,1,,Treatment,2020-05-26 12:48:43.982000-04:00,2020-05-26 12:49:23.312000-04:00,1,39.33,18.559,1.7320,False,0.666666666666667,False,1,1,0,0,0,False,False,False,28804110
PSAS25R,364744,PRAVPNN,1,,Treatment,2020-05-26 12:49:24.638000-04:00,2020-05-26 12:50:51.905000-04:00,1,87.267,55.907,1.414,False,0.333333333333333,True,2,1,0,0,0,False,False,False,28804470
PSAS25R,364744,PRAVPNP,1,,Treatment,2020-05-26 12:50:53.217000-04:00,2020-05-26 12:51:37.517000-04:00,1,44.3,44.292,0.7071,True,1.0,True,1,1,0,0,0,False,False,False,28805300
PSAS25R,364744,PRAVPNQ,1,,Treatment,2020-05-26 12:51:38.294000-04:00,2020-05-26 12:53:37.627000-04:00,1,119.333,26.27,1.154,False,0.0,True,4,1,1,0,0,False,False,False,28805666
PSAS25R,364744,PRAVPNR,1,,Treatment,2020-05-26 12:53:38.363000-04:00,2020-05-26 12:54:50.309000-04:00,1,71.946,35.382,0.326,False,0.333333333333333,True,2,1,0,0,0,False,False,False,28806737
PSAS25R,364744,PRAVPKQ,1,,Treatment,2020-05-26 12:54:51.781000-04:00,2020-05-26 12:55:26.089000-04:00,1,34.308,20.504,1.413,False,0.0,True,2,1,0,0,0,False,False,True,28807385
PSAS25R,364744,PRAVPJG,1,,Treatment,2020-05-26 12:55:27.382000-04:00,2020-05-26 13:00:15.835000-04:00,1,288.453,271.768,0.865,False,0.0,True,2,1,0,0,0,False,False,True,28807683
PSAS25R,364744,PRAVPJW,1,,Treatment,2020-05-26 13:00:17.714000-04:00,2020-05-26 13:01:16.887000-04:00,1,59.173,31.985,0.8660,False,0.0,True,2,1,0,0,0,False,False,True,28810314
PSAS25R,364744,PRAVPKE,1,,Treatment,2020-05-26 13:01:17.571000-04:00,2020-05-26 13:01:35.807000-04:00,1,18.236,18.23,0.7072,True,1.0,True,1,1,0,0,0,False,False,False,28810824
PSAS25R,364744,PRAVPJY,1,,Treatment,2020-05-26 13:01:36.484000-04:00,2020-05-26 13:02:06.424000-04:00,1,29.94,18.319,1.1547,False,0.0,True,2,1,0,0,0,False,False,True,28810993
PSAS25R,364792,PRAV3ZU,1,,Unknown,2020-05-13 15:35:27.025000-04:00,2020-05-14 17:12:24.358000-04:00,2,92217.333,92217.314,WPI,True,1.0,True,1,0,0,0,0,False,False,False,25814014
PSAS25R,364792,PRAVPH6,1,,Control,2020-05-14 17:12:27.362000-04:00,2020-05-14 17:14:55.606000-04:00,1,148.244,89.005,1.732,False,0.0,True,3,1,0,0,0,False,False,True,26326523
PSAS25R,364792,PRAVPJV,1,,Control,2020-05-14 17:14:57.716000-04:00,2020-05-14 17:15:42.988000-04:00,1,45.272,45.269,1.7319,True,1.0,True,1,1,0,0,0,False,False,False,26327387
PSAS25R,364792,PRAVPJ8,1,,Control,2020-05-14 17:15:45.959000-04:00,2020-05-14 17:16:32.712000-04:00,1,46.753,46.751,.7071,True,1.0,True,1,1,0,0,0,False,False,False,26327688
PSAS25R,364792,PRAVPKK,1,,Control,2020-05-14 17:16:34.893000-04:00,2020-05-14 17:17:15.928000-04:00,1,41.035,41.032,.7071,True,1.0,True,1,1,0,0,0,False,False,False,26327966
PSAS25R,474125,PRAV3ZU,1,,Unknown,2020-10-29 12:52:26.110000-04:00,2020-10-29 12:52:45.354000-04:00,1,19.244,19.242,Worcester Polutechnic INstitute,False,0.0,True,1,0,0,0,0,False,False,False,67559099
PSAS25R,474125,PRAVPKM,1,,Unknown,2020-10-29 12:52:47.601000-04:00,2020-10-29 13:09:52.424000-04:00,2,1024.823,1024.82,.7072,True,1.0,True,1,1,0,0,0,False,False,False,67559531
PSAS25R,474125,PRAVPK2,1,,Unknown,2020-10-29 13:09:52.911000-04:00,2020-10-29 13:10:11.114000-04:00,1,18.203,18.201,1,True,1.0,True,1,1,0,0,0,False,False,False,67581075
PSAS25R,474125,PRAVPMH,1,,Unknown,2020-10-29 13:10:15.429000-04:00,2020-10-29 13:10:47.681000-04:00,1,32.252,32.25,.5,True,1.0,True,1,1,0,0,0,False,False,False,67581553
PSAS25R,474126,PRAV3ZU,1,,Unknown,2020-10-29 12:51:25.536000-04:00,2020-10-29 12:52:44.849000-04:00,1,79.313,79.31,Worcester Polytechnic Institute,False,0.0,True,1,0,0,0,0,False,False,False,67557870
PSAS25R,474126,PRAVPJP,1,,Unknown,2020-10-29 12:52:46.545000-04:00,2020-10-29 13:17:11.659000-04:00,2,1465.114,1465.111,.5,True,1.0,True,1,1,0,0,0,False,False,False,67559506
PSAS25R,474126,PRAVPJA,1,,Unknown,2020-10-29 13:17:12.226000-04:00,2020-10-29 13:17:55.726000-04:00,1,43.5,43.499,.8660,True,1.0,True,1,1,0,0,0,False,False,False,67589764
PSAS25R,474126,PRAVPKF,1,,Unknown,2020-10-29 13:17:56.190000-04:00,2020-10-29 13:18:25.590000-04:00,1,29.4,29.398,.7073,True,1.0,True,1,1,0,0,0,False,False,False,67590599
PSAS25R,474130,PRAV3ZU,1,,Unknown,2020-10-29 12:47:16.186000-04:00,2020-10-29 12:47:36.593000-04:00,1,20.407,20.404,Worcester Polytechnic Institute,False,0.0,True,1,0,0,0,0,False,False,False,67552878
PSAS25R,474130,PRAVPJF,1,,Unknown,2020-10-29 12:47:38.298000-04:00,2020-10-29 12:52:52.724000-04:00,1,314.426,251.975,90.0164,False,0.0,True,4,1,0,0,0,False,False,True,67553285
PSAS25R,474130,PRAVPKZ,1,,Unknown,2020-10-29 12:52:53.273000-04:00,2020-10-29 12:53:38.406000-04:00,1,45.133,45.13,1,True,1.0,True,1,1,0,0,0,False,False,False,67559638
PSAS25R,474130,PRAVPKU,1,,Unknown,2020-10-29 12:53:38.816000-04:00,2020-10-29 12:53:57.766000-04:00,1,18.95,18.946,.7072,True,1.0,True,1,1,0,0,0,False,False,False,67560523
PSAS25R,474130,PRAVPMN,1,,Unknown,2020-10-29 12:53:58.229000-04:00,2020-10-29 12:54:13.675000-04:00,1,15.446,15.445,.5,True,1.0,True,1,1,0,0,0,False,False,False,67560882
PSAS25R,474131,PRAV3ZU,1,,Unknown,2020-10-29 12:56:21.117000-04:00,2020-10-29 12:56:33.304000-04:00,1,12.187,12.184,Worcester,False,0.0,True,1,0,0,0,0,False,False,False,67563700
PSAS25R,474131,PRAVPKT,1,,Unknown,2020-10-29 12:56:35.524000-04:00,2020-10-29 12:57:16.016000-04:00,1,40.492,40.49,.7072,True,1.0,True,1,1,0,0,0,False,False,False,67563988
PSAS25R,474131,PRAVPKM,1,,Unknown,2020-10-29 12:57:16.625000-04:00,2020-10-29 12:57:39.578000-04:00,1,22.953,22.952,.7071,True,1.0,True,1,1,0,0,0,False,False,False,67564893
PSAS25R,474131,PRAVPKA,1,,Unknown,2020-10-29 12:57:40.053000-04:00,2020-10-29 12:58:06.546000-04:00,1,26.493,26.492,.7072,True,1.0,True,1,1,0,0,0,False,False,False,67565388
PSAS25R,474133,PRAV3ZU,1,,Unknown,2020-10-29 23:39:32.095000-04:00,2020-10-29 23:40:34.289000-04:00,1,62.194,62.187,WPI,True,1.0,True,1,0,0,0,0,False,False,False,67918792
PSAS25R,474133,PRAVPNK,1,,Treatment,2020-10-29 23:40:36.709000-04:00,,1,,,,,,,0,1,0,0,0,False,False,False,67918915
PSAS25R,474134,PRAV3ZU,1,,Unknown,2020-10-29 12:49:31.026000-04:00,2020-10-29 12:49:41.462000-04:00,1,10.436,10.434,WPI,True,1.0,True,1,0,0,0,0,False,False,False,67555464
PSAS25R,474134,PRAVPH6,1,,Control,2020-10-29 12:49:44.233000-04:00,2020-10-29 12:54:45.196000-04:00,1,300.963,300.961,.8660,True,1.0,True,1,1,0,0,0,False,False,False,67555727
PSAS25R,474134,PRAVPJV,1,,Control,2020-10-29 12:54:46.326000-04:00,2020-10-29 12:58:33.691000-04:00,1,227.365,133.463,1.731,False,0.666666666666667,True,2,1,0,0,0,False,False,False,67561805
PSAS25R,474134,PRAVPJ8,1,,Control,2020-10-29 12:58:45.174000-04:00,2020-10-29 12:59:27.824000-04:00,2,42.65,42.647,.7071,True,1.0,True,1,1,0,0,0,False,False,False,67566733
PSAS25R,474134,PRAVPKK,1,,Control,2020-10-29 12:59:28.460000-04:00,2020-10-29 13:00:15.612000-04:00,2,47.152,47.149,.7071,True,1.0,True,1,1,0,0,0,False,False,False,67567600
PSAS25R,474134,PRAVPMP,1,,Control,2020-10-29 13:00:16.454000-04:00,2020-10-29 13:00:51.503000-04:00,1,35.049,35.047,.8660,True,1.0,True,1,1,0,0,0,False,False,False,67568544
PSAS25R,474137,PRAV3ZU,1,,Unknown,2020-10-29 12:59:18.865000-04:00,2020-10-29 12:59:23.387000-04:00,1,4.522,4.52,sc,False,0.0,True,1,0,0,0,0,False,False,False,67567390
PSAS25R,474137,PRAVPJ9,1,,Unknown,2020-10-29 12:59:25.076000-04:00,2020-10-29 13:00:39.791000-04:00,1,74.715,74.713,.7072,True,1.0,True,1,1,0,0,0,False,False,False,67567526
PSAS25R,474137,PRAVPJ6,1,,Unknown,2020-10-29 13:00:43.373000-04:00,2020-10-29 13:01:44.742000-04:00,1,61.369,61.368,1.7321,True,1.0,True,1,1,0,0,0,False,False,False,67569149
PSAS25R,474137,PRAVPMD,1,,Unknown,2020-10-29 13:01:46.865000-04:00,2020-10-29 13:02:27.326000-04:00,1,40.461,40.459,.5,True,1.0,True,1,1,0,0,0,False,False,False,67570523
PSAS25R,474138,PRAV3ZU,1,,Unknown,2020-10-29 10:42:10.597000-04:00,2020-10-29 11:01:09.722000-04:00,2,1139.125,1139.122,wpi,False,0.0,True,1,0,0,0,0,False,False,False,67409516
PSAS25R,474138,PRAVPJ6,1,,Unknown,2020-10-29 11:01:12.371000-04:00,2020-10-29 12:55:10.272000-04:00,2,6837.901,6837.897,1.7321,True,1.0,True,1,1,0,0,0,False,False,False,67431150
PSAS25R,474138,PRAVPK5,1,,Unknown,2020-10-29 12:55:13.834000-04:00,2020-10-29 12:58:54.323000-04:00,2,220.489,220.486,1,True,1.0,True,1,1,0,0,0,False,False,False,67562364
PSAS25R,474138,PRAVPK6,1,,Unknown,2020-10-29 12:58:56.417000-04:00,2020-10-29 12:59:01.414000-04:00,1,4.997,4.996,1,True,1.0,True,1,1,0,0,0,False,False,False,67566940
PSAS25R,474139,PRAV3ZU,1,,Unknown,2020-10-29 10:41:34.025000-04:00,2020-10-29 10:42:46.680000-04:00,1,72.655,72.636,Worcester Polytechnic Instituse,False,0.0,True,1,0,0,0,0,False,False,False,67408815
PSAS25R,474139,PRAVPJ4,1,,Unknown,2020-10-29 10:42:48.701000-04:00,2020-10-29 10:45:05.394000-04:00,1,136.693,136.687,1.7320,True,1.0,True,1,1,0,0,0,False,False,False,67410261
PSAS25R,474139,PRAVPJK,1,,Unknown,2020-10-29 10:45:12.557000-04:00,2020-10-29 10:46:48.047000-04:00,1,95.49,95.485,.5000,True,1.0,True,1,1,0,0,0,False,False,False,67413162
PSAS25R,474139,PRAVPMX,1,,Unknown,2020-10-29 10:46:49.382000-04:00,2020-10-29 10:49:19.470000-04:00,1,150.088,150.083,.8660,True,1.0,True,1,1,0,0,0,False,False,False,67414958
PSAS25R,474142,PRAV3ZU,1,,Unknown,2020-10-29 12:54:16.551000-04:00,2020-10-29 12:54:34.999000-04:00,1,18.448,18.445,Worcester Polytechnic Institute,False,0.0,True,1,0,0,0,0,False,False,False,67561232
PSAS25R,474142,PRAVPKY,1,,Unknown,2020-10-29 12:54:37.566000-04:00,2020-10-29 12:56:12.546000-04:00,1,94.98,94.979,1,True,1.0,True,1,1,0,0,0,False,False,False,67561633
PSAS25R,474142,PRAVPJS,1,,Unknown,2020-10-29 12:56:13.178000-04:00,2020-10-29 12:58:04.631000-04:00,1,111.453,40.415,.8660,False,0.0,True,3,1,1,0,0,False,False,True,67563545
PSAS25R,474142,PRAVPMV,1,,Unknown,2020-10-29 12:58:05.387000-04:00,2020-10-29 12:58:40.890000-04:00,1,35.503,35.501,.8658,True,1.0,True,1,1,0,0,0,False,False,False,67565898
PSAS25R,474142,PRAVPK2,1,,Unknown,2020-10-29 12:58:41.335000-04:00,2020-10-29 12:59:04.043000-04:00,1,22.708,22.707,1,True,1.0,True,1,1,0,0,0,False,False,False,67566644
PSAS25R,474142,PRAVPKC,1,,Unknown,2020-10-29 12:59:04.472000-04:00,2020-10-29 12:59:26.759000-04:00,1,22.287,22.286,.7072,True,1.0,True,1,1,0,0,0,False,False,False,67567086
PSAS25R,474174,PRAV3ZU,1,,Unknown,2020-10-29 12:50:43.207000-04:00,2020-10-29 12:51:45.204000-04:00,1,61.997,61.994,Worcester Poltechnic Institute,False,0.0,True,1,0,0,0,0,False,False,False,67556944
PSAS25R,474174,PRAVPK3,1,,Unknown,2020-10-29 12:51:47.224000-04:00,,1,,,,,,,0,1,0,0,0,False,False,False,67558321
PSAS25R,529048,PRAV3ZU,1,,Unknown,2020-10-29 14:04:36.322000-04:00,2020-10-29 14:05:06.034000-04:00,1,29.712,29.707,Worcester Polytechnic Institute,False,0.0,True,1,0,0,0,0,False,False,False,67646634
PSAS25R,529048,PRAVPK6,1,,Unknown,2020-10-29 14:05:08.764000-04:00,,1,,,,,,,0,1,0,0,0,False,False,False,67647412
PSAS25R,536581,PRAV3ZU,1,,Unknown,2021-05-19 16:17:31.276000-04:00,2021-05-19 23:45:28.958000-04:00,2,26877.682,26877.666,WPI,True,1.0,True,1,0,0,0,0,False,False,False,125961363
PSAS25R,536581,PRAVPNK,1,,Treatment,2021-05-19 23:45:30.879000-04:00,2021-05-21 17:24:23.779000-04:00,2,149932.9,2960.542,78.3741331,False,0.0,True,6,1,0,0,0,False,False,False,126001760
PSAS25R,536581,PRAVPNM,1,,Treatment,2021-05-21 17:24:25.303000-04:00,2021-05-21 17:27:25.666000-04:00,1,180.363,84.582,0.577367,False,0.666666666666667,True,2,1,0,0,0,False,False,False,126377897
PSAS25R,536581,PRAVPNN,1,,Treatment,2021-05-21 17:27:26.838000-04:00,2021-05-21 17:30:22.966000-04:00,1,176.128,176.126,0.70719300,True,1.0,True,1,1,0,0,0,False,False,False,126378175
PSAS25R,536581,PRAVPNP,1,,Treatment,2021-05-21 17:30:24.095000-04:00,2021-05-21 17:31:23.666000-04:00,1,59.571,59.569,0.7071924538,True,1.0,True,1,1,0,0,0,False,False,False,126378452
PSAS25R,536581,PRAVPNQ,1,,Treatment,2021-05-21 17:31:24.647000-04:00,2021-05-21 17:31:50.483000-04:00,1,25.836,25.834,0.8660030628,True,1.0,True,1,1,0,0,0,False,False,False,126378581
PSAS25R,551855,PRAV3ZU,1,,Unknown,2021-05-24 18:12:11.484000-04:00,2021-05-24 18:21:17.356000-04:00,1,545.872,545.866,WPI,True,1.0,True,1,0,0,0,0,False,False,False,126585729
PSAS25R,551855,PRAVPNK,1,,Treatment,2021-05-24 18:24:47.921000-04:00,2021-05-24 18:26:28.713000-04:00,2,100.792,100.787,0.8660,True,1.0,True,1,1,0,0,0,False,False,False,126586547
PSAS25R,551855,PRAVPNM,1,,Treatment,2021-05-24 18:26:29.517000-04:00,2021-05-24 18:27:30.967000-04:00,1,61.45,61.448,1.732,True,1.0,True,1,1,0,0,0,False,False,False,126586666
PSAS25R,551855,PRAVPNN,1,,Treatment,2021-05-24 18:27:31.745000-04:00,2021-05-24 18:28:18.419000-04:00,1,46.674,46.67,0.7071,True,1.0,True,1,1,0,0,0,False,False,False,126586727
PSAS25R,551860,PRAV3ZU,1,,Unknown,2021-05-24 18:00:13.958000-04:00,2021-05-24 18:00:34.327000-04:00,1,20.369,20.366,yes,False,0.0,True,1,0,0,0,0,False,False,False,126584602
PSAS25R,551860,PRAVPJ3,1,,Unknown,2021-05-24 18:00:36.363000-04:00,2021-05-24 18:35:57.558000-04:00,1,2121.195,784.284,60,False,0.0,True,3,1,0,0,0,False,False,False,126584642
PSAS25R,551860,PRAVPH7,1,,Unknown,2021-05-24 18:35:59.552000-04:00,2021-05-24 18:38:49.948000-04:00,1,170.396,170.393,0.866,True,1.0,True,1,1,0,0,0,False,False,False,126587473
PSAS25R,551860,PRAVPMN,1,,Unknown,2021-05-24 18:38:51.945000-04:00,2021-05-24 18:39:30.257000-04:00,1,38.312,38.31,0.5,True,1.0,True,1,1,0,0,0,False,False,False,126587689
PSAS25R,551860,PRAVPMB,1,,Unknown,2021-05-24 18:39:31.260000-04:00,2021-05-24 18:40:13.301000-04:00,1,42.041,42.037,0.5,True,1.0,True,1,1,0,0,0,False,False,False,126587744
PSAS25R,551862,PRAV3ZU,1,,Unknown,2021-05-24 18:10:30.871000-04:00,2021-05-24 18:11:01.361000-04:00,1,30.49,30.487,WPI,True,1.0,True,1,0,0,0,0,False,False,False,126585590
PSAS25R,551862,PRAVPNK,1,,Treatment,2021-05-24 18:11:12.130000-04:00,2021-05-24 18:20:26.657000-04:00,1,554.527,530.936,0.8660,False,0.666666666666667,False,1,1,0,0,0,False,False,False,126585647
PSAS25R,551862,PRAVPNM,1,,Treatment,2021-05-24 18:20:29.663000-04:00,2021-05-24 18:23:35.640000-04:00,1,185.977,185.976,1.7320,True,1.0,True,1,1,0,0,0,False,False,False,126586427
PSAS25R,551862,PRAVPNN,1,,Treatment,2021-05-24 18:24:20.643000-04:00,2021-05-24 18:26:29.594000-04:00,2,128.951,128.948,0.7072,True,1.0,True,1,1,0,0,0,False,False,False,126586515
PSAS25R,551862,PRAVPNP,1,,Treatment,2021-05-24 18:26:33.425000-04:00,2021-05-24 18:30:33.771000-04:00,1,240.346,240.345,0.7072,True,1.0,True,1,1,0,0,0,False,False,False,126586669
PSAS25R,551863,PRAV3ZU,1,,Unknown,2021-05-24 18:40:30.425000-04:00,2021-05-24 18:41:08.705000-04:00,1,38.28,38.278,WPI,True,1.0,True,1,0,0,0,0,False,False,False,126587815
PSAS25R,551863,PRAVPNK,1,,Treatment,2021-05-24 18:41:11.833000-04:00,2021-05-24 18:43:02.630000-04:00,1,110.797,110.794,0.8660,True,1.0,True,1,1,0,0,0,False,False,False,126587862
PSAS25R,551863,PRAVPNM,1,,Treatment,2021-05-24 18:43:03.505000-04:00,2021-05-24 18:45:34.345000-04:00,1,150.84,76.971,2.1251,False,0.666666666666667,True,2,1,0,0,0,False,False,False,126588000
PSAS25R,551863,PRAVPNN,1,,Treatment,2021-05-24 18:45:35.312000-04:00,2021-05-24 18:46:42.443000-04:00,1,67.131,67.129,0.7071,True,1.0,True,1,1,0,0,0,False,False,False,126588217
PSAS25R,551863,PRAVPNP,1,,Treatment,2021-05-24 18:46:43.290000-04:00,2021-05-24 18:47:54.135000-04:00,1,70.845,70.843,0.7071,True,1.0,True,1,1,0,0,0,False,False,False,126588347
PSAS25R,551863,PRAVPNQ,1,,Treatment,2021-05-24 18:47:54.950000-04:00,2021-05-24 18:48:57.419000-04:00,1,62.469,62.467,0.8660,True,1.0,True,1,1,0,0,0,False,False,False,126588441
PSAS25R,551871,PRAV3ZU,1,,Unknown,2021-05-24 20:13:02.318000-04:00,2021-05-24 20:17:03.263000-04:00,1,240.945,240.941,WPI,True,1.0,True,1,0,0,0,0,False,False,False,126594652
PSAS25R,551871,PRAVPNK,1,,Treatment,2021-05-24 20:17:05.946000-04:00,2021-05-24 20:22:25.669000-04:00,2,319.723,282.819,1865,False,0.0,False,1,1,1,0,0,False,False,True,126594940
PSAS25R,551871,PRAVPNM,1,,Treatment,2021-05-24 20:22:27.910000-04:00,2021-05-24 20:23:35.530000-04:00,1,67.62,57.468,2795,False,0.0,False,1,1,1,0,0,False,False,True,126595223
PSAS25R,551871,PRAVPNN,1,,Treatment,2021-05-24 20:23:37.898000-04:00,2021-05-24 20:23:45.914000-04:00,1,8.016,2.455,8672,False,0.0,False,1,1,1,0,0,False,False,True,126595295
PSAS25R,551871,PRAVPNP,1,,Treatment,2021-05-24 20:23:47.138000-04:00,2021-05-26 18:18:23.677000-04:00,2,165276.539,165202.3,1.414042238,False,0.0,True,2,1,1,0,0,False,False,True,126595301
PSAS25R,551871,PRAVPNQ,1,,Treatment,2021-05-26 18:18:25.419000-04:00,2021-05-26 18:21:20.071000-04:00,1,174.652,93.71,2,False,0.0,True,3,1,0,0,0,False,False,False,126889959
PSAS25R,551871,PRAVPNR,1,,Treatment,2021-05-26 18:21:21.440000-04:00,2021-05-26 18:23:20.350000-04:00,1,118.91,118.908,0.5773,True,1.0,True,1,1,0,0,0,False,False,False,126890141
PSAS25R,551871,PRAVPKQ,1,,Treatment,2021-05-26 18:23:22.971000-04:00,2021-05-26 18:30:20.821000-04:00,1,417.85,417.848,0.7072,True,1.0,True,1,1,0,0,0,False,False,False,126890277
PSAS25R,551871,PRAVPJG,1,,Treatment,2021-05-26 18:32:42.110000-04:00,2021-05-26 18:34:54.384000-04:00,1,132.274,132.272,0.8659,True,1.0,True,1,1,0,0,0,False,False,False,126890744
PSAS25R,551877,PRAV3ZU,1,,Unknown,2021-05-24 18:19:01.758000-04:00,2021-05-24 18:19:37.888000-04:00,1,36.13,36.124,WPI,True,1.0,True,1,0,0,0,0,False,False,False,126586293
PSAS25R,551877,PRAVPNK,1,,Treatment,2021-05-24 18:19:40.080000-04:00,2021-05-24 18:21:50.351000-04:00,1,130.271,130.269,0.8660,True,1.0,True,1,1,0,0,0,False,False,False,126586341
PSAS25R,551877,PRAVPNM,1,,Treatment,2021-05-24 18:28:13.883000-04:00,2021-05-24 18:29:24.618000-04:00,2,70.735,70.732,1.7319,True,1.0,True,1,1,0,0,0,False,False,False,126586773
PSAS25R,551877,PRAVPNN,1,,Treatment,2021-05-24 18:29:25.610000-04:00,2021-05-24 18:30:40.068000-04:00,1,74.458,16.355,1,False,0.333333333333333,True,3,1,0,0,0,False,False,False,126586872
PSAS25R,551877,PRAVPNP,1,,Treatment,2021-05-24 18:30:41.004000-04:00,2021-05-24 18:31:09.945000-04:00,1,28.941,28.939,0.7071,True,1.0,True,1,1,0,0,0,False,False,False,126586970
PSAS25R,551877,PRAVPNQ,1,,Treatment,2021-05-24 18:31:10.623000-04:00,2021-05-24 18:31:39.302000-04:00,1,28.679,28.677,0.8660,True,1.0,True,1,1,0,0,0,False,False,False,126587026
PSAS25R,551877,PRAVPNR,1,,Treatment,2021-05-24 18:31:40.006000-04:00,2021-05-24 18:32:00.722000-04:00,1,20.716,20.714,0.5773,True,1.0,True,1,1,0,0,0,False,False,False,126587085
PSAS25R,551878,PRAV3ZU,1,,Unknown,2021-05-24 20:04:27.196000-04:00,2021-05-24 20:04:47.210000-04:00,1,20.014,20.012,WPI,True,1.0,True,1,0,0,0,0,False,False,False,126594051
PSAS25R,551878,PRAVPH6,1,,Control,2021-05-24 20:04:52.957000-04:00,2021-05-24 20:12:15.680000-04:00,1,442.723,410.698,86.6007,False,0.0,True,2,1,0,0,0,False,False,True,126594091
PSAS25R,551878,PRAVPJV,1,,Control,2021-05-24 20:12:16.624000-04:00,2021-05-24 20:13:08.606000-04:00,1,51.982,51.98,1.7319,True,1.0,True,1,1,0,0,0,False,False,False,126594599
PSAS25R,551878,PRAVPJ8,1,,Control,2021-05-24 20:13:09.591000-04:00,2021-05-24 20:13:36.914000-04:00,1,27.323,27.321,0.7071,True,1.0,True,1,1,0,0,0,False,False,False,126594662
PSAS25R,551878,PRAVPKK,1,,Control,2021-05-24 20:13:38.044000-04:00,2021-05-24 20:14:02.724000-04:00,1,24.68,24.678,0.7071,True,1.0,True,1,1,0,0,0,False,False,False,126594692
PSAS25R,551884,PRAV3ZU,1,,Unknown,2021-05-24 18:08:23.998000-04:00,2021-05-24 18:08:46.624000-04:00,1,22.626,22.622,Worcester Polytechnic Institute,False,0.0,True,1,0,0,0,0,False,False,False,126585375
PSAS25R,551884,PRAVPKH,1,,Unknown,2021-05-24 18:08:56.055000-04:00,2021-05-24 18:11:20.144000-04:00,1,144.089,144.085,0.7072,True,1.0,True,1,1,0,0,0,False,False,False,126585434
PSAS25R,551884,PRAVPKU,1,,Unknown,2021-05-24 18:11:26.074000-04:00,2021-05-24 18:12:05.516000-04:00,1,39.442,39.439,0.7072,True,1.0,True,1,1,0,0,0,False,False,False,126585673
PSAS25R,551884,PRAVPK8,1,,Unknown,2021-05-24 18:12:06.859000-04:00,2021-05-24 18:12:19.101000-04:00,1,12.242,12.239,1,True,1.0,True,1,1,0,0,0,False,False,False,126585725
PSAS25R,551894,PRAV3ZU,1,,Unknown,2021-05-25 02:12:38.029000-04:00,2021-05-25 02:13:52.676000-04:00,1,74.647,74.629,WPI,True,1.0,True,1,0,0,0,0,False,False,False,126608640
PSAS25R,551894,PRAVPH6,1,,Control,2021-05-25 02:14:02.108000-04:00,2021-05-25 04:10:51.895000-04:00,1,7009.787,7009.768,0.8660,True,1.0,True,1,1,0,0,0,False,False,False,126608647
PSAS25R,551894,PRAVPJV,1,,Control,2021-05-25 04:10:54.348000-04:00,2021-05-25 04:13:25.078000-04:00,1,150.73,150.713,1.7320,True,1.0,True,1,1,0,0,0,False,False,False,126609511
PSAS25R,551894,PRAVPJ8,1,,Control,2021-05-25 04:13:26.590000-04:00,2021-05-25 04:14:43.322000-04:00,1,76.732,76.718,0.7072,True,1.0,True,1,1,0,0,0,False,False,False,126609514
PSAS25R,551898,PRAV3ZU,1,,Unknown,2021-05-24 18:08:24.184000-04:00,2021-05-24 18:08:53.822000-04:00,1,29.638,29.63,WPI,True,1.0,True,1,0,0,0,0,False,False,False,126585378
PSAS25R,551898,PRAVPH6,1,,Control,2021-05-24 18:08:58.462000-04:00,2021-05-24 18:11:13.578000-04:00,1,135.116,135.112,0.8660,True,1.0,True,1,1,0,0,0,False,False,False,126585439
PSAS25R,551898,PRAVPJV,1,,Control,2021-05-24 18:11:16.897000-04:00,2021-05-24 18:13:50.192000-04:00,1,153.295,153.287,1.7319,True,1.0,True,1,1,0,0,0,False,False,False,126585661
PSAS25R,551898,PRAVPJ8,1,,Control,2021-05-24 18:13:52.535000-04:00,2021-05-24 18:15:02.703000-04:00,1,70.168,70.165,0.7071,True,1.0,True,1,1,0,0,0,False,False,False,126585871
PSAS25R,551901,PRAV3ZU,1,,Unknown,2021-05-28 14:09:14.587000-04:00,,1,,,,,,,0,0,0,0,0,False,False,False,127115466
PSAS25R,551902,PRAV3ZU,1,,Unknown,2021-05-24 18:42:44.151000-04:00,2021-05-24 18:43:13.652000-04:00,1,29.501,29.479,WPI,True,1.0,True,1,0,0,0,0,False,False,False,126587978
PSAS25R,551902,PRAVPH6,1,,Control,2021-05-24 18:43:17.876000-04:00,2021-05-24 18:43:53.869000-04:00,1,35.993,11.311,0.86600710786668,False,0.0,False,1,1,0,0,0,False,False,True,126588014
PSAS25R,551902,PRAVPJV,1,,Control,2021-05-24 18:43:55.191000-04:00,2021-05-24 18:44:30.809000-04:00,1,35.618,32.45,1.73199764289923,False,0.0,False,1,1,0,0,0,False,False,True,126588054
PSAS25R,551902,PRAVPJ8,1,,Control,2021-05-24 18:44:32.082000-04:00,2021-05-24 18:44:38.138000-04:00,1,6.056,2.785,0.707193007594211,False,0.0,False,1,1,0,0,0,False,False,True,126588106
PSAS25R,551902,PRAVPKK,1,,Control,2021-05-24 18:44:39.494000-04:00,2021-05-24 18:44:44.069000-04:00,1,4.575,2.068,0.707192453818944,False,0.0,False,1,1,0,0,0,False,False,True,126588121
PSAS25R,551902,PRAVPMP,1,,Control,2021-05-24 18:44:45.438000-04:00,,1,,,,,,,0,1,0,0,0,False,False,False,126588135
PSAS25R,551904,PRAV3ZU,1,,Unknown,2021-05-26 18:38:24.248000-04:00,2021-05-26 18:39:05.657000-04:00,1,41.409,41.406,WPI,True,1.0,True,1,0,0,0,0,False,False,False,126891089
PSAS25R,551904,PRAVPH6,1,,Control,2021-05-26 18:39:10.071000-04:00,2021-05-26 18:58:45.964000-04:00,1,1175.893,880.542,0.8860,False,0.666666666666667,True,2,1,0,0,0,False,False,False,126891139
PSAS25R,551904,PRAVPJV,1,,Control,2021-05-26 19:12:44.391000-04:00,,2,,,,,,,0,1,0,0,0,False,False,False,126893216
PSAS25R,551917,PRAV3ZU,1,,Unknown,2021-05-24 18:56:05.348000-04:00,2021-05-24 18:56:45.721000-04:00,1,40.373,40.367,WPI,True,1.0,True,1,0,0,0,0,False,False,False,126589050
PSAS25R,551917,PRAVPNK,1,,Treatment,2021-05-24 18:56:48.466000-04:00,2021-05-24 18:57:53.762000-04:00,1,65.296,50.752,1865,False,0.0,False,1,1,1,0,0,False,False,True,126589092
PSAS25R,551917,PRAVPNM,1,,Treatment,2021-05-24 18:57:55.290000-04:00,2021-05-24 19:00:19.200000-04:00,2,143.91,132.788,2795,False,0.0,False,1,1,1,0,0,False,False,True,126589185
PSAS25R,551917,PRAVPNN,1,,Treatment,2021-05-24 19:00:21.243000-04:00,2021-05-24 19:18:43.973000-04:00,2,1102.73,1033.065,45.0069,False,0.0,True,5,1,1,0,0,False,False,True,126589376
PSAS25R,551917,PRAVPNP,1,,Treatment,2021-05-24 19:18:44.865000-04:00,2021-05-24 19:20:18.794000-04:00,1,93.929,93.926,.7072,True,1.0,True,1,1,0,0,0,False,False,False,126590847
PSAS25R,551917,PRAVPNQ,1,,Treatment,2021-05-24 19:20:19.955000-04:00,2021-05-24 19:21:55.247000-04:00,1,95.292,95.289,.8660,True,1.0,True,1,1,0,0,0,False,False,False,126590935
PSAS25R,551917,PRAVPNR,1,,Treatment,2021-05-24 19:21:56.376000-04:00,2021-05-24 19:23:40.822000-04:00,1,104.446,104.445,.5774,True,1.0,True,1,1,0,0,0,False,False,False,126591024
PSAS25R,551932,PRAV3ZU,1,,Unknown,2021-05-24 18:08:01.816000-04:00,2021-05-24 18:08:30.310000-04:00,1,28.494,28.49,WPI,True,1.0,True,1,0,0,0,0,False,False,False,126585337
PSAS25R,551932,PRAVPNK,1,,Treatment,2021-05-24 18:08:33.630000-04:00,2021-05-24 18:10:59.729000-04:00,1,146.099,108.821,53.8198,False,0.0,True,2,1,1,0,0,False,False,False,126585394
PSAS25R,551932,PRAVPNM,1,,Treatment,2021-05-24 18:11:01.608000-04:00,2021-05-24 18:11:25.735000-04:00,1,24.127,5.476,1.7320,False,0.666666666666667,False,1,1,0,0,0,False,False,False,126585634
PSAS25R,551932,PRAVPNN,1,,Treatment,2021-05-24 18:11:27.088000-04:00,2021-05-24 18:12:31.387000-04:00,1,64.299,25.534,1,False,0.333333333333333,True,2,1,0,0,0,False,False,False,126585674
PSAS25R,551932,PRAVPNP,1,,Treatment,2021-05-24 18:12:32.986000-04:00,2021-05-24 18:13:01.553000-04:00,1,28.567,28.564,0.7071,True,1.0,True,1,1,0,0,0,False,False,False,126585759
PSAS25R,551932,PRAVPNQ,1,,Treatment,2021-05-24 18:13:03.200000-04:00,2021-05-24 18:13:36.093000-04:00,1,32.893,32.891,0.8660,True,1.0,True,1,1,0,0,0,False,False,False,126585799
PSAS25R,551932,PRAVPNR,1,,Treatment,2021-05-24 18:13:36.908000-04:00,2021-05-24 18:14:29.192000-04:00,1,52.284,22.962,0.8659,False,0.666666666666667,True,2,1,0,0,0,False,False,False,126585854
PSAS25R,551932,PRAVPKQ,1,,Treatment,2021-05-24 18:14:30.705000-04:00,2021-05-24 18:14:58.121000-04:00,1,27.416,27.414,0.7072,True,1.0,True,1,1,0,0,0,False,False,False,126585919
PSAS25R,551932,PRAVPJG,1,,Treatment,2021-05-24 18:14:59.778000-04:00,2021-05-24 18:16:34.101000-04:00,1,94.323,19.698,0.5,False,0.0,True,3,1,0,0,0,False,False,True,126585962
PSAS25R,551932,PRAVPJW,1,,Treatment,2021-05-24 18:16:36.783000-04:00,2021-05-24 18:17:20.077000-04:00,1,43.294,15.978,1.7320,False,0.0,False,1,1,0,0,0,False,False,True,126586102
PSAS25R,551932,PRAVPKE,1,,Treatment,2021-05-24 18:18:34.048000-04:00,2021-05-24 18:19:06.854000-04:00,1,32.806,32.805,0.7072,True,1.0,True,1,1,0,0,0,False,False,False,126586260
PSAS25R,551932,PRAVPJY,1,,Treatment,2021-05-24 18:19:08.032000-04:00,2021-05-24 18:19:37.784000-04:00,1,29.752,20.709,1.731,False,0.0,True,2,1,0,0,0,False,False,True,126586302
PSAS25R,551984,PRAV3ZU,1,,Unknown,2021-05-09 19:12:15.452000-04:00,2021-05-09 19:12:48.114000-04:00,1,32.662,32.659,Worcester Polytechnic Institute,False,0.0,True,1,0,0,0,0,False,False,False,123846336
PSAS25R,551984,PRAVPJ5,1,,Unknown,2021-05-09 19:12:54.151000-04:00,2021-05-09 19:14:30.521000-04:00,1,96.37,96.368,1.7321,True,1.0,True,1,1,0,0,0,False,False,False,123846355
PSAS25R,551984,PRAVPMR,1,,Unknown,2021-05-09 19:14:31.377000-04:00,2021-05-09 19:15:41.883000-04:00,1,70.506,70.504,0.866,True,1.0,True,1,1,0,0,0,False,False,False,123846426
PSAS25R,551984,PRAVPK5,1,,Unknown,2021-05-09 19:15:42.383000-04:00,2021-05-09 19:17:13.660000-04:00,1,91.277,88.153,0.9997,False,0.666666666666667,True,2,1,0,0,0,False,False,False,123846479
PSAS25R,551984,PRAVPJR,1,,Unknown,2021-05-09 19:17:14.494000-04:00,2021-05-09 19:17:57.855000-04:00,1,43.361,43.359,0.5,True,1.0,True,1,1,0,0,0,False,False,False,123846558
PSAS25R,551984,PRAVPKZ,1,,Unknown,2021-05-09 19:17:58.208000-04:00,2021-05-09 19:18:36.790000-04:00,1,38.582,38.579,1,True,1.0,True,1,1,0,0,0,False,False,False,123846599
PSAS25R,551984,PRAVPM5,1,,Unknown,2021-05-09 19:18:37.209000-04:00,2021-05-09 19:19:21.622000-04:00,1,44.413,31.248,0.6,False,0.666666666666667,True,2,1,0,0,0,False,False,False,123846632
PSAS25R,551984,PRAVPKU,1,,Unknown,2021-05-09 19:19:24.863000-04:00,2021-05-09 19:20:04.516000-04:00,1,39.653,39.651,0.7072,True,1.0,True,1,1,0,0,0,False,False,False,123846669
PSAS25R,551984,PRAVPKA,1,,Unknown,2021-05-09 19:20:04.846000-04:00,2021-05-09 19:21:15.819000-04:00,1,70.973,38.175,0.707,False,0.0,True,3,1,1,0,0,False,False,True,123846696
PSAS25R,551984,PRAVPJC,1,,Unknown,2021-05-09 19:21:17.790000-04:00,,1,,,,,,,0,1,0,0,0,False,False,False,123846742
PSAS25R,552013,PRAV3ZU,1,,Unknown,2021-05-24 18:30:16.513000-04:00,2021-05-24 18:30:47.664000-04:00,1,31.151,31.149,WPI,True,1.0,True,1,0,0,0,0,False,False,False,126586932
PSAS25R,552013,PRAVPNK,1,,Treatment,2021-05-24 18:30:49.650000-04:00,2021-05-24 18:32:08.107000-04:00,1,78.457,78.455,0.8660,True,1.0,True,1,1,0,0,0,False,False,False,126586988
PSAS25R,552013,PRAVPNM,1,,Treatment,2021-05-24 18:32:08.827000-04:00,2021-05-24 18:32:54.966000-04:00,1,46.139,46.138,1.7319,True,1.0,True,1,1,0,0,0,False,False,False,126587118
PSAS25R,552013,PRAVPNN,1,,Treatment,2021-05-24 18:32:55.639000-04:00,2021-05-24 18:33:46.091000-04:00,1,50.452,22.397,1.0000,False,0.333333333333333,True,3,1,0,0,0,False,False,False,126587204
PSAS25R,552013,PRAVPNP,1,,Treatment,2021-05-24 18:33:46.698000-04:00,2021-05-24 18:34:46.707000-04:00,1,60.009,60.008,0.7071,True,1.0,True,1,1,0,0,0,False,False,False,126587292
PSAS25R,552013,PRAVPNQ,1,,Treatment,2021-05-24 18:34:47.554000-04:00,2021-05-24 18:35:07.145000-04:00,1,19.591,19.59,0.8660,True,1.0,True,1,1,0,0,0,False,False,False,126587374
PSAS25R,552013,PRAVPNR,1,,Treatment,2021-05-24 18:35:07.736000-04:00,2021-05-24 18:35:30.575000-04:00,1,22.839,22.837,0.5773,True,1.0,True,1,1,0,0,0,False,False,False,126587398
PSAS25R,552049,PRAV3ZU,1,,Unknown,2021-05-24 18:42:49.617000-04:00,2021-05-24 18:43:33.632000-04:00,1,44.015,44.013,WPI,True,1.0,True,1,0,0,0,0,False,False,False,126587982
PSAS25R,552049,PRAVPNK,1,,Treatment,2021-05-24 18:43:36.178000-04:00,2021-05-24 18:49:30.271000-04:00,1,354.093,225.365,0.8660,False,0.666666666666667,False,1,1,0,0,0,False,False,False,126588041
PSAS25R,552049,PRAVPNM,1,,Treatment,2021-05-24 18:49:31.791000-04:00,2021-05-24 18:50:52.977000-04:00,1,81.186,20.6,1.7320,False,0.666666666666667,False,1,1,0,0,0,False,False,False,126588588
PSAS25R,552049,PRAVPNN,1,,Treatment,2021-05-24 18:50:53.914000-04:00,2021-05-24 18:54:24.645000-04:00,1,210.731,45.99,0.7071,False,0.666666666666667,False,1,1,0,0,0,False,False,False,126588688
PSAS25R,552049,PRAVPNP,1,,Treatment,2021-05-24 18:54:25.742000-04:00,2021-05-25 04:11:14.807000-04:00,2,33409.065,33350.977,1.4140,False,0.333333333333333,True,2,1,0,0,0,False,False,False,126588911
PSAS25R,552049,PRAVPNQ,1,,Treatment,2021-05-25 04:11:16.804000-04:00,2021-05-25 04:14:51.268000-04:00,1,214.464,85.689,2,False,0.0,True,3,1,0,0,0,False,False,False,126609468
PSAS25R,552049,PRAVPNR,1,,Treatment,2021-05-25 04:14:52.182000-04:00,2021-05-25 04:17:01.046000-04:00,1,128.864,93.965,1.154,False,0.0,True,3,1,0,0,0,False,False,False,126609486
PSAS25R,552049,PRAVPKQ,1,,Treatment,2021-05-25 04:17:01.718000-04:00,2021-05-25 04:18:07.417000-04:00,1,65.699,65.698,0.7072,True,1.0,True,1,1,0,0,0,False,False,False,126609492
PSAS25R,552049,PRAVPJG,1,,Treatment,2021-05-25 04:18:09.522000-04:00,2021-05-25 04:18:39.335000-04:00,1,29.813,29.812,0.8659,True,1.0,True,1,1,0,0,0,False,False,False,126609501
PSAS25R,552049,PRAVPJW,1,,Treatment,2021-05-25 04:18:40.023000-04:00,2021-05-25 04:19:09.138000-04:00,1,29.115,29.114,1.7320,True,1.0,True,1,1,0,0,0,False,False,False,126609503
PSAS25R,552095,PRAV3ZU,1,,Unknown,2021-05-24 18:19:08.758000-04:00,2021-05-24 18:19:40.818000-04:00,1,32.06,32.057,Worcester Polytechnic Institute,False,0.0,True,1,0,0,0,0,False,False,False,126586303
PSAS25R,552095,PRAVPM4,1,,Unknown,2021-05-24 18:19:42.644000-04:00,2021-05-24 18:26:57.523000-04:00,1,434.879,434.876,0.5774,True,1.0,True,1,1,0,0,0,False,False,False,126586346
PSAS25R,552095,PRAVPKB,1,,Unknown,2021-05-24 18:27:02.521000-04:00,2021-05-24 18:31:30.041000-04:00,1,267.52,267.518,0.7072,True,1.0,True,1,1,0,0,0,False,False,False,126586696
PSAS25R,552095,PRAVPKA,1,,Unknown,2021-05-24 18:31:31.959000-04:00,2021-05-24 18:32:14.927000-04:00,1,42.968,42.966,0.7072,True,1.0,True,1,1,0,0,0,False,False,False,126587069
PSAS25R,557835,PRAV3ZU,1,,Unknown,2021-05-28 10:34:58.215000-04:00,2021-05-30 16:29:59.167000-04:00,2,194100.952,194100.942,WPI,True,1.0,True,1,0,0,0,0,False,False,False,127071671
PSAS25R,557835,PRAVPNK,1,,Treatment,2021-05-30 16:30:00.812000-04:00,2021-05-30 16:33:58.891000-04:00,1,238.079,108.175,59.9979,False,0.0,True,3,1,0,0,0,False,False,False,127151462
PSAS25R,557835,PRAVPNM,1,,Treatment,2021-05-30 16:33:59.366000-04:00,2021-05-30 16:35:15.896000-04:00,1,76.53,37.372,0.8659,False,0.666666666666667,True,2,1,0,0,0,False,False,False,127151478
PSAS25R,557835,PRAVPNN,1,,Treatment,2021-05-30 16:35:16.504000-04:00,2021-05-30 16:35:51.021000-04:00,1,34.517,34.515,0.7071,True,1.0,True,1,1,0,0,0,False,False,False,127151488
PSAS25R,557835,PRAVPNP,1,,Treatment,2021-05-30 16:35:51.593000-04:00,2021-05-30 16:36:17.707000-04:00,1,26.114,26.11,0.7071,True,1.0,True,1,1,0,0,0,False,False,False,127151493
PSAS25R,557835,PRAVPNQ,1,,Treatment,2021-05-30 16:36:18.391000-04:00,2021-05-30 16:36:51.966000-04:00,1,33.575,33.571,0.8660,True,1.0,True,1,1,0,0,0,False,False,False,127151498
PSAS25R,557852,PRAV3ZU,1,,Unknown,2021-05-20 18:10:27.727000-04:00,2021-05-20 18:12:18.870000-04:00,1,111.143,111.141,WPI,True,1.0,True,1,0,0,0,0,False,False,False,126216565
PSAS25R,557852,PRAVPNK,1,,Treatment,2021-05-20 18:12:21.169000-04:00,2021-05-20 18:14:16.034000-04:00,1,114.865,114.863,0.8660,True,1.0,True,1,1,0,0,0,False,False,False,126216835
PSAS25R,557852,PRAVPNM,1,,Treatment,2021-05-20 18:14:16.487000-04:00,2021-05-20 18:15:21.780000-04:00,1,65.293,65.292,1.732,True,1.0,True,1,1,0,0,0,False,False,False,126217037
PSAS25R,557852,PRAVPNN,1,,Treatment,2021-05-20 18:15:29.411000-04:00,2021-05-20 18:16:26.970000-04:00,1,57.559,57.558,0.7072,True,1.0,True,1,1,0,0,0,False,False,False,126217130
PSAS25R,557861,PRAV3ZU,1,,Unknown,2021-05-23 05:50:19.332000-04:00,2021-05-23 05:50:57.872000-04:00,1,38.54,38.536,WPI,True,1.0,True,1,0,0,0,0,False,False,False,126403979
PSAS25R,557861,PRAVPNK,1,,Treatment,2021-05-23 05:51:00.330000-04:00,2021-05-23 06:00:18.728000-04:00,1,558.398,463.474,59.9979,False,0.0,True,3,1,0,0,0,False,False,False,126403980
PSAS25R,557861,PRAVPNM,1,,Treatment,2021-05-23 06:00:19.787000-04:00,2021-05-23 06:05:52.591000-04:00,1,332.804,254.119,0.0302,False,0.333333333333333,True,2,1,0,0,0,False,False,False,126403986
PSAS25R,557861,PRAVPNN,1,,Treatment,2021-05-23 06:05:53.511000-04:00,2021-05-23 06:07:36.949000-04:00,1,103.438,103.436,0.7071,True,1.0,True,1,1,0,0,0,False,False,False,126403990
PSAS25R,557861,PRAVPNP,1,,Treatment,2021-05-23 06:07:37.762000-04:00,2021-05-23 06:09:09.644000-04:00,1,91.882,91.879,0.7071,True,1.0,True,1,1,0,0,0,False,False,False,126403993
PSAS25R,557861,PRAVPNQ,1,,Treatment,2021-05-23 06:09:11.318000-04:00,2021-05-23 06:10:15.877000-04:00,1,64.559,64.557,0.8660,True,1.0,True,1,1,0,0,0,False,False,False,126403998
PSAS25R,557862,PRAV3ZU,1,,Unknown,2021-05-17 12:00:43.552000-04:00,2021-05-18 17:13:41.124000-04:00,2,105177.572,105177.544,WPI,True,1.0,True,1,0,0,0,0,False,False,False,125350347
PSAS25R,557862,PRAVPNK,1,,Treatment,2021-05-18 17:13:43.782000-04:00,2021-05-18 17:15:31.355000-04:00,1,107.573,95.893,60,False,0.0,True,2,1,1,0,0,False,False,True,125743541
PSAS25R,557862,PRAVPNM,1,,Treatment,2021-05-18 17:15:32.079000-04:00,2021-05-18 17:28:51.261000-04:00,1,799.182,790.4,2795,False,0.0,False,1,1,1,0,0,False,False,True,125743821
PSAS25R,557862,PRAVPNN,1,,Treatment,2021-05-18 17:28:51.636000-04:00,2021-05-24 13:26:28.302000-04:00,2,503856.666,503848.034,8672,False,0.0,False,1,1,1,0,0,False,False,True,125746110
PSAS25R,557862,PRAVPNP,1,,Treatment,2021-05-24 13:26:28.763000-04:00,2021-05-24 13:35:06.331000-04:00,1,517.568,168.768,45.01,False,0.333333333333333,True,2,1,0,0,0,False,False,False,126521996
PSAS25R,557862,PRAVPNQ,1,,Treatment,2021-05-24 13:35:07.554000-04:00,2021-05-24 13:36:43.888000-04:00,1,96.334,96.332,0.8660,True,1.0,True,1,1,0,0,0,False,False,False,126525060
PSAS25R,557862,PRAVPNR,1,,Treatment,2021-05-24 13:36:44.707000-04:00,2021-05-24 13:37:54.626000-04:00,1,69.919,69.916,0.5773,True,1.0,True,1,1,0,0,0,False,False,False,126525597
PSAS25R,557862,PRAVPKQ,1,,Treatment,2021-05-24 13:37:55.172000-04:00,2021-05-24 13:38:37.148000-04:00,1,41.976,41.974,0.7072,True,1.0,True,1,1,0,0,0,False,False,False,126526089
PSAS25R,557865,PRAV3ZU,1,,Unknown,2021-05-20 18:11:48.068000-04:00,2021-05-20 18:12:50.531000-04:00,1,62.463,62.457,WPI,True,1.0,True,1,0,0,0,0,False,False,False,126216753
PSAS25R,557865,PRAVPH6,1,,Control,2021-05-20 18:12:52.525000-04:00,2021-05-20 18:14:08.848000-04:00,1,76.323,76.317,0.8660,True,1.0,True,1,1,0,0,0,False,False,False,126216892
PSAS25R,557865,PRAVPJV,1,,Control,2021-05-20 18:14:15.819000-04:00,2021-05-20 18:15:36.032000-04:00,1,80.213,80.208,1.732,True,1.0,True,1,1,0,0,0,False,False,False,126217035
PSAS25R,557865,PRAVPJ8,1,,Control,2021-05-20 18:15:38.265000-04:00,2021-05-20 18:16:38.855000-04:00,1,60.59,60.588,0.7072,True,1.0,True,1,1,0,0,0,False,False,False,126217140
PSAS25R,557867,PRAV3ZU,1,,Unknown,2021-05-17 19:29:31.935000-04:00,2021-05-17 19:30:05.468000-04:00,1,33.533,33.528,WPI,True,1.0,True,1,0,0,0,0,False,False,False,125493586
PSAS25R,557867,PRAVPNK,1,,Treatment,2021-05-17 19:30:07.361000-04:00,2021-05-17 19:33:21.862000-04:00,1,194.501,52.038,59.9979,False,0.0,True,4,1,1,0,0,False,False,False,125493646
PSAS25R,557867,PRAVPNM,1,,Treatment,2021-05-17 19:33:22.219000-04:00,2021-05-17 19:34:12.731000-04:00,1,50.512,50.509,1.7319,True,1.0,True,1,1,0,0,0,False,False,False,125493982
PSAS25R,557867,PRAVPNN,1,,Treatment,2021-05-17 19:34:13.570000-04:00,2021-05-17 19:34:42.965000-04:00,1,29.395,29.392,0.7071,True,1.0,True,1,1,0,0,0,False,False,False,125494082
PSAS25R,557867,PRAVPNP,1,,Treatment,2021-05-17 19:34:43.702000-04:00,2021-05-17 19:35:15.613000-04:00,1,31.911,31.905,0.7071,True,1.0,True,1,1,0,0,0,False,False,False,125494138
PSAS25R,558060,PRAV3ZU,1,,Unknown,2021-05-15 13:48:38.543000-04:00,2021-05-15 13:50:21.951000-04:00,1,103.408,103.401,WPI,True,1.0,True,1,0,0,0,0,False,False,False,125217185
PSAS25R,558060,PRAVPH6,1,,Control,2021-05-15 13:50:24.503000-04:00,2021-05-17 15:36:28.111000-04:00,2,179163.608,179009.946,.0151,False,0.0,True,4,1,0,0,0,False,False,True,125217201
PSAS25R,558060,PRAVPJV,1,,Control,2021-05-17 15:36:29.777000-04:00,2021-05-17 15:38:59.160000-04:00,1,149.383,149.377,1.731997643,True,1.0,True,1,1,0,0,0,False,False,False,125453949
PSAS25R,558060,PRAVPJ8,1,,Control,2021-05-17 15:39:00.238000-04:00,2021-05-17 15:40:13.314000-04:00,1,73.076,73.07,0.7071930076,True,1.0,True,1,1,0,0,0,False,False,False,125456351
PSAS25R,558060,PRAVPKK,1,,Control,2021-05-17 15:40:13.929000-04:00,2021-05-17 15:41:06.806000-04:00,1,52.877,52.872,0.7071924538,True,1.0,True,1,1,0,0,0,False,False,False,125456674
PSAS25R,558149,PRAV3ZU,1,,Unknown,2021-05-11 07:25:41.316000-04:00,2021-05-11 07:26:15.272000-04:00,1,33.956,33.947,WPI,True,1.0,True,1,0,0,0,0,False,False,False,124170908
PSAS25R,558149,PRAVPNK,1,,Treatment,2021-05-11 07:26:18.869000-04:00,2021-05-17 14:50:15.093000-04:00,2,545036.224,29.628,1865,False,0.0,False,1,1,1,0,0,False,False,True,124170936
PSAS25R,558149,PRAVPNM,1,,Treatment,2021-05-17 14:50:16.763000-04:00,2021-05-18 15:55:39.537000-04:00,2,90322.774,90311.326,2795,False,0.0,False,1,1,1,0,0,False,False,True,125434112
PSAS25R,558149,PRAVPNN,1,,Treatment,2021-05-18 15:55:39.909000-04:00,,1,,,,,,,0,1,0,0,0,False,False,False,125724466
PSAS25R,558160,PRAV3ZU,1,,Unknown,2021-05-19 18:23:41.403000-04:00,2021-05-19 18:23:56.844000-04:00,1,15.441,15.439,Worcester Polytechnic Institute,False,0.0,True,1,0,0,0,0,False,False,False,125978170
PSAS25R,558160,PRAVPMW,1,,Unknown,2021-05-19 18:23:58.712000-04:00,2021-05-19 21:45:32.017000-04:00,2,12093.305,12081.714,0.8660,False,0.0,False,1,1,1,0,0,False,False,True,125978194
PSAS25R,558160,PRAVPKA,1,,Unknown,2021-05-19 21:45:32.603000-04:00,,1,,,,,,,0,1,0,0,0,False,False,False,125994884
PSAS25R,559004,PRAV3ZU,1,,Unknown,2021-05-25 11:50:03.793000-04:00,,1,,,,,,,0,0,0,0,0,False,False,False,126663536
PSAS25R,559039,PRAV3ZU,1,,Unknown,2021-05-25 12:32:57.500000-04:00,2021-05-25 12:33:22.767000-04:00,1,25.267,25.264,WPI,True,1.0,True,1,0,0,0,0,False,False,False,126678353
PSAS25R,559039,PRAVPH6,1,,Control,2021-05-25 12:33:25.370000-04:00,2021-05-25 12:55:44.010000-04:00,1,1338.64,1314.257,0.015,False,0.0,True,2,1,0,0,0,False,False,True,126678526
PSAS25R,559039,PRAVPJV,1,,Control,2021-05-25 12:55:45.300000-04:00,2021-05-25 12:56:11.435000-04:00,1,26.135,26.132,1.7319,True,1.0,True,1,1,0,0,0,False,False,False,126686207
PSAS25R,559039,PRAVPJ8,1,,Control,2021-05-25 12:56:12.318000-04:00,2021-05-25 12:56:34.489000-04:00,1,22.171,22.17,0.7071,True,1.0,True,1,1,0,0,0,False,False,False,126686395
PSAS25R,559039,PRAVPKK,1,,Control,2021-05-25 12:56:35.525000-04:00,2021-05-25 12:57:09.245000-04:00,1,33.72,33.718,0.7071,True,1.0,True,1,1,0,0,0,False,False,False,126686525
PSAS25R,559213,PRAV3ZU,1,,Unknown,2021-05-25 12:47:05.810000-04:00,2021-05-25 12:47:32.358000-04:00,1,26.548,26.543,WPI,True,1.0,True,1,0,0,0,0,False,False,False,126683020
PSAS25R,559213,PRAVPH6,1,,Control,2021-05-25 12:47:35.271000-04:00,2021-05-25 12:48:31.192000-04:00,1,55.921,41.244,0.866,False,0.0,False,1,1,0,0,0,False,False,True,126683179
PSAS25R,559213,PRAVPJV,1,,Control,2021-05-25 12:48:32.217000-04:00,,1,226.832,226.832,,False,0.0,False,0,1,0,0,0,False,False,True,126683493
PSAS25R,559725,PRAV3ZU,1,,Unknown,2021-05-25 12:32:12.802000-04:00,2021-05-25 12:32:52.341000-04:00,1,39.539,39.535,WPI,True,1.0,True,1,0,0,0,0,False,False,False,126678085
PSAS25R,559725,PRAVPNK,1,,Treatment,2021-05-25 12:32:54.085000-04:00,2021-05-25 12:35:06.612000-04:00,1,132.527,101.476,60,False,0.333333333333333,True,2,1,0,0,0,False,False,False,126678340
PSAS25R,559725,PRAVPNM,1,,Treatment,2021-05-25 12:35:08.385000-04:00,2021-05-25 12:51:11.132000-04:00,2,962.747,851.142,0.5,False,0.333333333333333,True,3,1,0,0,0,False,False,False,126679101
PSAS25R,559725,PRAVPNN,1,,Treatment,2021-05-25 12:51:13.339000-04:00,2021-05-25 12:52:35.426000-04:00,1,82.087,82.086,0.7071,True,1.0,True,1,1,0,0,0,False,False,False,126684406
PSAS25R,559725,PRAVPNP,1,,Treatment,2021-05-25 12:52:36.586000-04:00,2021-05-25 12:55:29.206000-04:00,1,172.62,172.618,0.7071,True,1.0,True,1,1,0,0,0,False,False,False,126684927
PSAS25R,559725,PRAVPNQ,1,,Treatment,2021-05-25 12:55:30.358000-04:00,2021-05-25 12:56:45.420000-04:00,1,75.062,75.061,0.8660,True,1.0,True,1,1,0,0,0,False,False,False,126686110
PSAS25R,559737,PRAV3ZU,1,,Unknown,2021-05-25 12:40:05.213000-04:00,2021-05-25 12:40:35.247000-04:00,1,30.034,30.028,WPI,True,1.0,True,1,0,0,0,0,False,False,False,126680778
PSAS25R,559737,PRAVPH6,1,,Control,2021-05-25 12:40:39.373000-04:00,2021-05-25 12:43:13.040000-04:00,1,153.667,153.664,0.8660,True,1.0,True,1,1,0,0,0,False,False,False,126680940
PSAS25R,559737,PRAVPJV,1,,Control,2021-05-25 12:43:14.823000-04:00,2021-05-25 12:44:34.781000-04:00,1,79.958,79.956,1.7319,True,1.0,True,1,1,0,0,0,False,False,False,126681739
PSAS25R,559737,PRAVPJ8,1,,Control,2021-05-25 12:44:36.139000-04:00,2021-05-25 12:45:43.967000-04:00,1,67.828,67.826,0.7071,True,1.0,True,1,1,0,0,0,False,False,False,126682162
PSAS25R,559745,PRAV3ZU,1,,Unknown,2021-05-25 12:04:57.168000-04:00,2021-05-25 12:05:28.951000-04:00,1,31.783,31.776,WPI,True,1.0,True,1,0,0,0,0,False,False,False,126668353
PSAS25R,559745,PRAVPNK,1,,Treatment,2021-05-25 12:05:31.209000-04:00,2021-05-25 12:06:29.932000-04:00,1,58.723,58.719,0.8660,True,1.0,True,1,1,0,0,0,False,False,False,126668532
PSAS25R,559745,PRAVPNM,1,,Treatment,2021-05-25 12:06:31.187000-04:00,2021-05-25 12:07:20.833000-04:00,1,49.646,49.643,1.7319,True,1.0,True,1,1,0,0,0,False,False,False,126668897
PSAS25R,559745,PRAVPNN,1,,Treatment,2021-05-25 12:07:21.636000-04:00,2021-05-25 12:08:06.520000-04:00,1,44.884,44.881,0.7071,True,1.0,True,1,1,0,0,0,False,False,False,126669188
PSAS25R,559748,PRAV3ZU,1,,Unknown,2021-05-25 12:30:42.750000-04:00,2021-05-25 12:31:12.952000-04:00,1,30.202,30.199,WPI,True,1.0,True,1,0,0,0,0,False,False,False,126677507
PSAS25R,559748,PRAVPNK,1,,Treatment,2021-05-25 12:31:15.575000-04:00,2021-05-25 12:35:27.670000-04:00,1,252.095,252.094,0.8660,True,1.0,True,1,1,0,0,0,False,False,False,126677701
PSAS25R,559748,PRAVPNM,1,,Treatment,2021-05-25 12:35:30.683000-04:00,2021-05-25 12:36:02.919000-04:00,1,32.236,32.235,1.7319,True,1.0,True,1,1,0,0,0,False,False,False,126679231
PSAS25R,559748,PRAVPNN,1,,Treatment,2021-05-25 12:36:03.975000-04:00,2021-05-25 12:37:15.676000-04:00,1,71.701,71.7,0.7071,True,1.0,True,1,1,0,0,0,False,False,False,126679423
PSAS25R,559875,PRAV3ZU,1,,Unknown,2021-05-25 12:34:30.890000-04:00,2021-05-25 12:35:25.004000-04:00,1,54.114,54.098,WPI,True,1.0,True,1,0,0,0,0,False,False,False,126678893
PSAS25R,559875,PRAVPNK,1,,Treatment,2021-05-25 12:35:29.769000-04:00,2021-05-25 12:38:39.235000-04:00,1,189.466,189.455,0.8660,True,1.0,True,1,1,0,0,0,False,False,False,126679228
PSAS25R,559875,PRAVPNM,1,,Treatment,2021-05-25 12:38:40.590000-04:00,2021-05-25 12:39:34.591000-04:00,1,54.001,53.995,1.7320,True,1.0,True,1,1,0,0,0,False,False,False,126680369
PSAS25R,559875,PRAVPNN,1,,Treatment,2021-05-25 12:39:36.008000-04:00,2021-05-25 12:40:24-04:00,1,47.992,47.985,0.7072,True,1.0,True,1,1,0,0,0,False,False,False,126680629
PSAS25R,559897,PRAV3ZU,1,,Unknown,2021-05-25 12:28:26.631000-04:00,2021-05-25 12:40:01.170000-04:00,2,694.539,694.537,WPI,True,1.0,True,1,0,0,0,0,False,False,False,126676691
PSAS25R,559897,PRAVPH6,1,,Control,2021-05-25 12:40:03.809000-04:00,2021-05-25 12:43:36.389000-04:00,1,212.58,107.979,1.7320,False,0.0,True,2,1,0,0,0,False,False,True,126680770
PSAS25R,559897,PRAVPJV,1,,Control,2021-05-25 12:43:37.555000-04:00,2021-05-25 12:44:10.427000-04:00,1,32.872,32.87,1.7320,True,1.0,True,1,1,0,0,0,False,False,False,126681863
PSAS25R,559897,PRAVPJ8,1,,Control,2021-05-25 12:44:11.738000-04:00,2021-05-25 12:44:49.454000-04:00,1,37.716,37.714,0.7072,True,1.0,True,1,1,0,0,0,False,False,False,126682036
PSAS25R,559897,PRAVPKK,1,,Control,2021-05-25 12:44:50.432000-04:00,2021-05-25 12:45:44.515000-04:00,1,54.083,54.081,0.7072,True,1.0,True,1,1,0,0,0,False,False,False,126682240
PSAS25R,559925,PRAV3ZU,1,,Unknown,2021-05-25 12:42:49.678000-04:00,2021-05-25 12:43:41.671000-04:00,1,51.993,51.989,WPI,True,1.0,True,1,0,0,0,0,False,False,False,126681626
PSAS25R,559925,PRAVPNK,1,,Treatment,2021-05-25 12:43:43.522000-04:00,2021-05-25 12:46:23.002000-04:00,1,159.48,159.478,0.8660,True,1.0,True,1,1,0,0,0,False,False,False,126681890
PSAS25R,559925,PRAVPNM,1,,Treatment,2021-05-25 12:46:24.116000-04:00,2021-05-25 12:49:54.057000-04:00,1,209.941,209.94,1.7319,True,1.0,True,1,1,0,0,0,False,False,False,126682774
PSAS25R,559925,PRAVPNN,1,,Treatment,2021-05-25 12:49:54.934000-04:00,2021-05-25 12:50:53.493000-04:00,1,58.559,58.558,0.7071,True,1.0,True,1,1,0,0,0,False,False,False,126683965
PSAS25R,559926,PRAV3ZU,1,,Unknown,2021-05-25 12:20:02.516000-04:00,2021-05-25 12:20:49.688000-04:00,1,47.172,47.17,WPI,True,1.0,True,1,0,0,0,0,False,False,False,126673602
PSAS25R,559926,PRAVPNK,1,,Treatment,2021-05-25 12:20:52.284000-04:00,2021-05-25 12:46:45.710000-04:00,1,1553.426,1264.852,1.7320,False,0.666666666666667,True,2,1,0,0,0,False,False,False,126673922
PSAS25R,559926,PRAVPNM,1,,Treatment,2021-05-25 12:46:49.603000-04:00,2021-05-25 12:48:23.639000-04:00,1,94.036,94.034,1.732,True,1.0,True,1,1,0,0,0,False,False,False,126682928
PSAS25R,559926,PRAVPNN,1,,Treatment,2021-05-25 12:48:24.948000-04:00,2021-05-25 12:50:21.527000-04:00,1,116.579,116.578,0.7071,True,1.0,True,1,1,0,0,0,False,False,False,126683454
PSAS25R,559926,PRAVPNP,1,,Treatment,2021-05-25 12:50:22.308000-04:00,2021-05-25 12:51:34.478000-04:00,1,72.17,72.169,0.7071,True,1.0,True,1,1,0,0,0,False,False,False,126684112
PSAS25R,559927,PRAV3ZU,1,,Unknown,2021-05-25 12:05:48.883000-04:00,2021-05-25 12:07:10.662000-04:00,1,81.779,81.772,WPI,True,1.0,True,1,0,0,0,0,False,False,False,126668647
PSAS25R,559927,PRAVPNK,1,,Treatment,2021-05-25 12:07:13.826000-04:00,2021-05-25 12:07:53.615000-04:00,1,39.789,39.785,0.8660,True,1.0,True,1,1,0,0,0,False,False,False,126669159
PSAS25R,559927,PRAVPNM,1,,Treatment,2021-05-25 12:07:54.438000-04:00,2021-05-25 12:08:46.587000-04:00,1,52.149,52.147,1.7320,True,1.0,True,1,1,0,0,0,False,False,False,126669375
PSAS25R,559927,PRAVPNN,1,,Treatment,2021-05-25 12:08:47.292000-04:00,2021-05-25 12:09:22.101000-04:00,1,34.809,34.806,0.7072,True,1.0,True,1,1,0,0,0,False,False,False,126669666
PSAS25R,559928,PRAV3ZU,1,,Unknown,2021-05-25 12:38:50.316000-04:00,2021-05-25 12:39:24.259000-04:00,1,33.943,33.938,WPI,True,1.0,True,1,0,0,0,0,False,False,False,126680412
PSAS25R,559928,PRAVPH6,1,,Control,2021-05-25 12:39:30.833000-04:00,2021-05-25 12:44:02.926000-04:00,1,272.093,272.091,0.8660,True,1.0,True,1,1,0,0,0,False,False,False,126680610
PSAS25R,559928,PRAVPJV,1,,Control,2021-05-25 12:44:04.003000-04:00,2021-05-25 12:48:51.143000-04:00,1,287.14,287.139,1.7320,True,1.0,True,1,1,0,0,0,False,False,False,126681999
PSAS25R,559928,PRAVPJ8,1,,Control,2021-05-25 12:49:18.182000-04:00,2021-05-25 12:50:35.147000-04:00,1,76.965,76.963,0.7072,True,1.0,True,1,1,0,0,0,False,False,False,126683740
PSAS25R,559935,PRAV3ZU,1,,Unknown,2021-05-25 12:42:42.163000-04:00,2021-05-25 12:43:17.838000-04:00,1,35.675,35.672,WPI,True,1.0,True,1,0,0,0,0,False,False,False,126681598
PSAS25R,559935,PRAVPH6,1,,Control,2021-05-25 12:43:20.771000-04:00,2021-05-25 12:46:50.191000-04:00,1,209.42,209.417,0.8660,True,1.0,True,1,1,0,0,0,False,False,False,126681775
PSAS25R,559935,PRAVPJV,1,,Control,2021-05-25 12:47:04.516000-04:00,2021-05-25 12:50:04.430000-04:00,1,179.914,179.912,1.7319,True,1.0,True,1,1,0,0,0,False,False,False,126683014
PSAS25R,559935,PRAVPJ8,1,,Control,2021-05-25 12:50:05.525000-04:00,2021-05-25 12:50:54.830000-04:00,1,49.305,49.303,0.7071,True,1.0,True,1,1,0,0,0,False,False,False,126684023
PSAS25R,559937,PRAV3ZU,1,,Unknown,2021-05-25 12:29:34.913000-04:00,2021-05-25 12:30:02.575000-04:00,1,27.662,27.658,WPI,True,1.0,True,1,0,0,0,0,False,False,False,126677054
PSAS25R,559937,PRAVPNK,1,,Treatment,2021-05-25 12:30:04.584000-04:00,2021-05-25 12:32:41.047000-04:00,1,156.463,75.998,1.73201,False,0.0,True,3,1,0,0,0,False,False,False,126677248
PSAS25R,559937,PRAVPNM,1,,Treatment,2021-05-25 12:32:42.478000-04:00,2021-05-25 12:33:19.837000-04:00,1,37.359,37.355,1.7319,True,1.0,True,1,1,0,0,0,False,False,False,126678286
PSAS25R,559937,PRAVPNN,1,,Treatment,2021-05-25 12:33:20.619000-04:00,2021-05-25 12:33:55.973000-04:00,1,35.354,35.351,0.7071,True,1.0,True,1,1,0,0,0,False,False,False,126678490
PSAS25R,559937,PRAVPNP,1,,Treatment,2021-05-25 12:33:56.668000-04:00,2021-05-25 12:34:26.232000-04:00,1,29.564,29.561,0.7071,True,1.0,True,1,1,0,0,0,False,False,False,126678701
PSAS25R,559941,PRAV3ZU,1,,Unknown,2021-05-25 12:38:45.048000-04:00,2021-05-25 12:39:17.053000-04:00,1,32.005,31.999,WPI,True,1.0,True,1,0,0,0,0,False,False,False,126680392
PSAS25R,559941,PRAVPH6,1,,Control,2021-05-25 12:39:20.753000-04:00,2021-05-25 12:55:05.720000-04:00,1,944.967,860.253,.8660,False,0.0,False,1,1,0,0,0,False,False,True,126680563
PSAS25R,559941,PRAVPJV,1,,Control,2021-05-25 12:55:07.840000-04:00,2021-05-25 12:55:52.360000-04:00,1,44.52,5.963,1.7319,False,0.0,False,1,1,0,0,0,False,False,True,126685952
PSAS25R,559941,PRAVPJ8,1,,Control,2021-05-25 12:55:57.977000-04:00,2021-05-25 12:58:20.495000-04:00,1,142.518,96.766,.6713,False,0.0,True,2,1,0,0,0,False,False,True,126686282
PSAS25R,559941,PRAVPKK,1,,Control,2021-05-25 12:58:22.644000-04:00,2021-05-25 12:59:16.221000-04:00,1,53.577,47.5,7071,False,0.666666666666667,True,2,1,0,0,0,False,False,False,126687074
PSAS25R,559941,PRAVPMP,1,,Control,2021-05-25 12:59:17.126000-04:00,2021-05-25 13:00:16.255000-04:00,1,59.129,59.124,.8660,True,1.0,True,1,1,0,0,0,False,False,False,126687374
PSAS25R,559941,PRAVPM2,1,,Control,2021-05-25 13:00:18.485000-04:00,2021-05-25 13:01:27.583000-04:00,1,69.098,69.096,.5773,True,1.0,True,1,1,0,0,0,False,False,False,126687651
PSAS25R,559941,PRAVPKQ,1,,Control,2021-05-25 13:01:28.657000-04:00,2021-05-25 13:01:57.246000-04:00,1,28.589,28.585,.7072,True,1.0,True,1,1,0,0,0,False,False,False,126687975
PSAS25R,559945,PRAV3ZU,1,,Unknown,2021-05-25 12:29:33.274000-04:00,2021-05-25 12:30:59.345000-04:00,1,86.071,86.068,WPI,True,1.0,True,1,0,0,0,0,False,False,False,126677044
PSAS25R,559945,PRAVPH6,1,,Control,2021-05-25 12:31:02.931000-04:00,2021-05-25 12:37:39.386000-04:00,1,396.455,242.219,2.502,False,0.0,True,4,1,0,0,0,False,False,True,126677629
PSAS25R,559945,PRAVPJV,1,,Control,2021-05-25 12:37:40.967000-04:00,2021-05-25 12:39:49.761000-04:00,1,128.794,128.789,1.7320,True,1.0,True,1,1,0,0,0,False,False,False,126680028
PSAS25R,559945,PRAVPJ8,1,,Control,2021-05-25 12:39:53.991000-04:00,2021-05-25 12:41:09.935000-04:00,1,75.944,75.942,0.7072,True,1.0,True,1,1,0,0,0,False,False,False,126680728
PSAS25R,559945,PRAVPKK,1,,Control,2021-05-25 12:41:11.714000-04:00,2021-05-25 12:42:35.605000-04:00,1,83.891,83.889,0.7072,True,1.0,True,1,1,0,0,0,False,False,False,126681115
PSAS25R,559960,PRAV3ZU,1,,Unknown,2021-05-25 12:29:05.217000-04:00,2021-05-25 12:30:27.429000-04:00,1,82.212,82.203,WPI,True,1.0,True,1,0,0,0,0,False,False,False,126676875
PSAS25R,559960,PRAVPNK,1,,Treatment,2021-05-25 12:30:29.791000-04:00,2021-05-25 12:35:33.973000-04:00,2,304.182,247.733,60,False,0.333333333333333,True,2,1,0,0,0,False,False,False,126677413
PSAS25R,559960,PRAVPNM,1,,Treatment,2021-05-25 12:35:35.270000-04:00,2021-05-25 12:36:42.259000-04:00,1,66.989,66.987,1.7320,True,1.0,True,1,1,0,0,0,False,False,False,126679259
PSAS25R,559960,PRAVPNN,1,,Treatment,2021-05-25 12:36:43.127000-04:00,2021-05-25 12:37:29.329000-04:00,1,46.202,46.201,0.7072,True,1.0,True,1,1,0,0,0,False,False,False,126679660
PSAS25R,559960,PRAVPNP,1,,Treatment,2021-05-25 12:37:30.283000-04:00,2021-05-25 12:38:12.728000-04:00,1,42.445,42.443,0.7072,True,1.0,True,1,1,0,0,0,False,False,False,126679956
PSAS25R,559961,PRAV3ZU,1,,Unknown,2021-05-25 12:30:39.836000-04:00,2021-05-25 12:31:03.251000-04:00,1,23.415,23.407,WPI,True,1.0,True,1,0,0,0,0,False,False,False,126677492
PSAS25R,559961,PRAVPNK,1,,Treatment,2021-05-25 12:31:05.254000-04:00,2021-05-25 12:34:41.951000-04:00,1,216.697,59.44,0.0302,False,0.0,True,4,1,0,0,0,False,False,False,126677644
PSAS25R,559961,PRAVPNM,1,,Treatment,2021-05-25 12:34:42.739000-04:00,2021-05-25 12:35:12.564000-04:00,1,29.825,29.823,1.7319,True,1.0,True,1,1,0,0,0,False,False,False,126678951
PSAS25R,559961,PRAVPNN,1,,Treatment,2021-05-25 12:35:13.513000-04:00,2021-05-25 12:36:18.235000-04:00,1,64.722,64.719,0.7071,True,1.0,True,1,1,0,0,0,False,False,False,126679133
PSAS25R,559961,PRAVPNP,1,,Treatment,2021-05-25 12:36:18.921000-04:00,2021-05-25 12:36:37.786000-04:00,1,18.865,18.863,0.7071,True,1.0,True,1,1,0,0,0,False,False,False,126679528
PSAS25R,559964,PRAV3ZU,1,,Unknown,2021-05-25 12:31:05.210000-04:00,2021-05-25 12:31:23.802000-04:00,1,18.592,18.589,WPI,True,1.0,True,1,0,0,0,0,False,False,False,126677641
PSAS25R,559964,PRAVPH6,1,,Control,2021-05-25 12:31:27.608000-04:00,2021-05-25 12:33:01.914000-04:00,1,94.306,68.553,1.7320,False,0.666666666666667,True,2,1,0,0,0,False,False,False,126677779
PSAS25R,559964,PRAVPJV,1,,Control,2021-05-25 12:33:03.361000-04:00,2021-05-25 12:33:33.216000-04:00,1,29.855,29.854,1.7319,True,1.0,True,1,1,0,0,0,False,False,False,126678384
PSAS25R,559964,PRAVPJ8,1,,Control,2021-05-25 12:33:34.136000-04:00,2021-05-25 12:33:57.475000-04:00,1,23.339,23.337,0.7071,True,1.0,True,1,1,0,0,0,False,False,False,126678573
PSAS25R,559964,PRAVPKK,1,,Control,2021-05-25 12:33:58.411000-04:00,2021-05-25 12:34:21.983000-04:00,1,23.572,23.571,0.7071,True,1.0,True,1,1,0,0,0,False,False,False,126678709
PSAS25R,559965,PRAV3ZU,1,,Unknown,2021-05-26 18:21:27.649000-04:00,2021-05-26 18:22:15.323000-04:00,1,47.674,47.663,WPI,True,1.0,True,1,0,0,0,0,False,False,False,126890152
PSAS25R,559965,PRAVPNK,1,,Treatment,2021-05-26 18:22:19.521000-04:00,2021-05-26 18:25:03.308000-04:00,1,163.787,48.936,0.8660,False,0.666666666666667,False,1,1,0,0,0,False,False,False,126890211
PSAS25R,559965,PRAVPNM,1,,Treatment,2021-05-26 18:25:06.537000-04:00,2021-05-26 18:26:09.865000-04:00,1,63.328,63.321,1.7319,True,1.0,True,1,1,0,0,0,False,False,False,126890362
PSAS25R,559965,PRAVPNN,1,,Treatment,2021-05-26 18:26:11.432000-04:00,2021-05-26 18:26:41.820000-04:00,1,30.388,30.38,0.7071,True,1.0,True,1,1,0,0,0,False,False,False,126890411
PSAS25R,559965,PRAVPNP,1,,Treatment,2021-05-26 18:26:43.213000-04:00,2021-05-26 18:27:14.746000-04:00,1,31.533,31.524,0.7071,True,1.0,True,1,1,0,0,0,False,False,False,126890435
PSAS25R,560000,PRAV3ZU,1,,Unknown,2021-05-25 12:39:20.657000-04:00,2021-05-25 12:39:52.987000-04:00,1,32.33,32.264,WPI,True,1.0,True,1,0,0,0,0,False,False,False,126680565
PSAS25R,560000,PRAVPH6,1,,Control,2021-05-25 12:39:57.142000-04:00,2021-05-25 12:43:40.398000-04:00,1,223.256,223.24,0.8660,True,1.0,True,1,1,0,0,0,False,False,False,126680741
PSAS25R,560000,PRAVPJV,1,,Control,2021-05-25 12:43:42.123000-04:00,2021-05-25 12:45:30.399000-04:00,1,108.276,41.731,0.8656,False,0.0,True,5,1,0,0,0,False,False,True,126681885
PSAS25R,560000,PRAVPJ8,1,,Control,2021-05-25 12:45:32.029000-04:00,2021-05-25 12:46:06.598000-04:00,1,34.569,34.553,0.7071,True,1.0,True,1,1,0,0,0,False,False,False,126682474
PSAS25R,560000,PRAVPKK,1,,Control,2021-05-25 12:46:08.075000-04:00,2021-05-25 12:46:49.530000-04:00,1,41.455,41.448,0.7071,True,1.0,True,1,1,0,0,0,False,False,False,126682697
PSAS25R,560000,PRAVPMP,1,,Control,2021-05-25 12:46:50.981000-04:00,2021-05-25 12:47:21.559000-04:00,1,30.578,30.569,0.8660,True,1.0,True,1,1,0,0,0,False,False,False,126682934
PSAS25R,560005,PRAV3ZU,1,,Unknown,2021-05-25 12:30:07.124000-04:00,2021-05-25 12:31:46.479000-04:00,1,99.355,99.352,WPI,True,1.0,True,1,0,0,0,0,False,False,False,126677265
PSAS25R,560005,PRAVPNK,1,,Treatment,2021-05-25 12:31:48.450000-04:00,2021-05-25 12:38:19.251000-04:00,1,390.801,313.789,0.8660,False,0.666666666666667,False,1,1,0,0,0,False,False,False,126677913
PSAS25R,560005,PRAVPNM,1,,Treatment,2021-05-25 12:38:20.454000-04:00,2021-05-25 12:40:31.983000-04:00,1,131.529,131.528,1.73199764,True,1.0,True,1,1,0,0,0,False,False,False,126680249
PSAS25R,560005,PRAVPNN,1,,Treatment,2021-05-25 12:40:33.008000-04:00,2021-05-25 12:42:45.748000-04:00,1,132.74,132.738,0.707193008,True,1.0,True,1,1,0,0,0,False,False,False,126680906
PSAS25R,560005,PRAVPNP,1,,Treatment,2021-05-25 12:42:46.364000-04:00,2021-05-25 12:44:14.272000-04:00,1,87.908,87.907,0.707192454,True,1.0,True,1,1,0,0,0,False,False,False,126681610
PSAS25R,560467,PRAV3ZU,1,,Unknown,2021-05-25 12:29:23.633000-04:00,2021-05-25 12:29:58.046000-04:00,1,34.413,34.409,WPI,True,1.0,True,1,0,0,0,0,False,False,False,126676989
PSAS25R,560467,PRAVPNK,1,,Treatment,2021-05-25 12:30:00.219000-04:00,2021-05-25 12:35:03.394000-04:00,1,303.175,233.182,1.0471,False,0.333333333333333,True,2,1,0,0,0,False,False,False,126677221
PSAS25R,560467,PRAVPNM,1,,Treatment,2021-05-25 12:35:04.419000-04:00,2021-05-25 12:36:13.065000-04:00,1,68.646,68.645,1.7319,True,1.0,True,1,1,0,0,0,False,False,False,126679074
PSAS25R,560467,PRAVPNN,1,,Treatment,2021-05-25 12:36:13.785000-04:00,2021-05-25 12:37:51.077000-04:00,1,97.292,60.924,1,False,0.666666666666667,True,2,1,0,0,0,False,False,False,126679491
PSAS25R,560467,PRAVPNP,1,,Treatment,2021-05-25 12:37:52.482000-04:00,2021-05-25 12:39:23.223000-04:00,1,90.741,90.739,0.7071,True,1.0,True,1,1,0,0,0,False,False,False,126680092
PSAS25R,560467,PRAVPNQ,1,,Treatment,2021-05-25 12:39:24.684000-04:00,2021-05-25 12:40:18.464000-04:00,1,53.78,53.779,0.8660,True,1.0,True,1,1,0,0,0,False,False,False,126680584
PSAS25R,560467,PRAVPNR,1,,Treatment,2021-05-25 12:40:19.269000-04:00,2021-05-25 12:43:14.287000-04:00,1,175.018,36.452,1.7263,False,0.333333333333333,True,3,1,0,0,0,False,False,False,126680844
PSAS25R,560467,PRAVPKQ,1,,Treatment,2021-05-25 12:43:15.250000-04:00,2021-05-25 12:43:56.840000-04:00,1,41.59,41.589,0.7072,True,1.0,True,1,1,0,0,0,False,False,False,126681744
PSAS25R,560467,PRAVPJG,1,,Treatment,2021-05-25 12:44:00.930000-04:00,2021-05-25 12:44:37.367000-04:00,1,36.437,36.435,0.8659,True,1.0,True,1,1,0,0,0,False,False,False,126681980
PSAS25R,560467,PRAVPJW,1,,Treatment,2021-05-25 12:44:38.144000-04:00,2021-05-25 12:45:10.895000-04:00,1,32.751,32.75,1.7320,True,1.0,True,1,1,0,0,0,False,False,False,126682175
PSAS25R,560710,PRAV3ZU,1,,Unknown,2021-05-25 12:52:47.097000-04:00,2021-05-25 12:53:23.536000-04:00,1,36.439,36.433,WPI,True,1.0,True,1,0,0,0,0,False,False,False,126684994
PSAS25R,560710,PRAVPNK,1,,Treatment,2021-05-25 12:53:28.362000-04:00,,1,197.588,197.588,,False,0.666666666666667,False,0,1,0,0,0,False,False,False,126685279
PSAS25R,570143,PRAV3ZU,1,,Unknown,2021-05-19 18:28:29.105000-04:00,2021-05-19 18:28:40.831000-04:00,1,11.726,11.724,Worcester Polytechnic Institute,False,0.0,True,1,0,0,0,0,False,False,False,125978588
PSAS25R,570143,PRAVPK4,1,,Unknown,2021-05-19 18:28:42.061000-04:00,2021-05-20 16:40:20.615000-04:00,2,79898.554,79898.552,1,True,1.0,True,1,1,0,0,0,False,False,False,125978605
PSAS25R,570143,PRAVPKU,1,,Unknown,2021-05-20 16:40:34.035000-04:00,2021-05-20 16:43:50.977000-04:00,1,196.942,196.941,0.70722,True,1.0,True,1,1,0,0,0,False,False,False,126202362
PSAS25R,570143,PRAVPJS,1,,Unknown,2021-05-20 16:43:51.437000-04:00,2021-05-20 16:44:40.182000-04:00,1,48.745,48.744,0.5,True,1.0,True,1,1,0,0,0,False,False,False,126202972
PSAS25R,579216,PRAV3ZU,1,,Unknown,2021-05-19 01:17:29.201000-04:00,2021-05-19 01:18:01.090000-04:00,1,31.889,31.887,WPI,True,1.0,True,1,0,0,0,0,False,False,False,125786291
PSAS25R,579216,PRAVPH6,1,,Control,2021-05-19 01:18:02.377000-04:00,2021-05-19 01:19:36.104000-04:00,1,93.727,52.61,0.8660,False,0.0,False,1,1,0,0,0,False,False,True,125786307
PSAS25R,579216,PRAVPJV,1,,Control,2021-05-19 01:19:36.789000-04:00,2021-05-19 01:20:31.812000-04:00,1,55.023,52.251,1.731,False,0.666666666666667,True,2,1,0,0,0,False,False,False,125786346
PSAS25R,579216,PRAVPJ8,1,,Control,2021-05-19 01:20:41.299000-04:00,2021-05-19 01:26:22.684000-04:00,2,341.385,270.17,0.7058,False,0.0,True,2,1,0,0,0,False,False,True,125786397
PSAS25R,579216,PRAVPKK,1,,Control,2021-05-19 01:26:23.410000-04:00,2021-05-19 01:27:26.345000-04:00,1,62.935,62.933,0.7072,True,1.0,True,1,1,0,0,0,False,False,False,125786531
PSAS25R,579216,PRAVPMP,1,,Control,2021-05-19 01:27:27.085000-04:00,2021-05-19 01:28:34.146000-04:00,1,67.061,67.06,0.8660,True,1.0,True,1,1,0,0,0,False,False,False,125786559
PSAS25R,579216,PRAVPM2,1,,Control,2021-05-19 01:28:34.925000-04:00,2021-05-19 01:29:14.525000-04:00,1,39.6,39.599,0.5774,True,1.0,True,1,1,0,0,0,False,False,False,125786577
PSAS25R,583188,PRAV3ZU,1,,Unknown,2021-05-18 15:50:03.133000-04:00,2021-05-18 15:50:57.509000-04:00,1,54.376,54.37,WPI,True,1.0,True,1,0,0,0,0,False,False,False,125722873
PSAS25R,583188,PRAVPH6,1,,Control,2021-05-18 15:50:59.244000-04:00,2021-05-19 14:37:21.856000-04:00,2,81982.612,81807.399,0.5,False,0.0,True,2,1,0,0,0,False,False,True,125723142
PSAS25R,583188,PRAVPJV,1,,Control,2021-05-19 14:37:22.353000-04:00,2021-05-19 14:37:50.865000-04:00,1,28.512,28.51,1.7319,True,1.0,True,1,1,0,0,0,False,False,False,125935769
PSAS25R,583188,PRAVPJ8,1,,Control,2021-05-19 14:37:51.202000-04:00,2021-05-19 14:38:21.947000-04:00,1,30.745,30.743,0.7071,True,1.0,True,1,1,0,0,0,False,False,False,125935941
PSAS25R,583188,PRAVPKK,1,,Control,2021-05-19 14:38:22.244000-04:00,2021-05-19 14:38:46.329000-04:00,1,24.085,24.084,0.7071,True,1.0,True,1,1,0,0,0,False,False,False,125936175
PSAS25R,622680,PRAV3ZU,1,,Unknown,2021-03-22 08:10:53.258000-04:00,2021-03-22 08:11:12.792000-04:00,1,19.534,19.531,Worcester Polytechnic Institute,False,0.0,True,1,0,0,0,0,False,False,False,112994568
PSAS25R,622680,PRAVPM6,1,,Unknown,2021-03-22 08:11:13.834000-04:00,2021-03-22 22:20:45.762000-04:00,2,50971.928,50971.925,0.5773,True,1.0,True,1,1,0,0,0,False,False,False,112994624
PSAS25R,622680,PRAVPJZ,1,,Unknown,2021-03-22 22:20:46.605000-04:00,2021-03-22 22:21:08.551000-04:00,1,21.946,21.944,1.7320,True,1.0,True,1,1,0,0,0,False,False,False,113365637
PSAS25R,622680,PRAVPK9,1,,Unknown,2021-03-22 22:21:09.211000-04:00,2021-03-22 22:21:17.588000-04:00,1,8.377,8.375,1,True,1.0,True,1,1,0,0,0,False,False,False,113365689
PSAS25R,623281,PRAV3ZU,1,,Unknown,2021-03-22 07:49:51.785000-04:00,2021-03-22 07:50:25.259000-04:00,1,33.474,33.472,WPI,True,1.0,True,1,0,0,0,0,False,False,False,112992260
PSAS25R,623281,PRAVPH6,1,,Control,2021-03-22 07:50:27.104000-04:00,2021-03-22 07:52:05.548000-04:00,1,98.444,98.442,0.8660,True,1.0,True,1,1,0,0,0,False,False,False,112992315
PSAS25R,623281,PRAVPJV,1,,Control,2021-03-22 07:52:06.690000-04:00,2021-03-22 07:52:58.778000-04:00,1,52.088,52.087,1.7319,True,1.0,True,1,1,0,0,0,False,False,False,112992455
PSAS25R,623281,PRAVPJ8,1,,Control,2021-03-22 07:52:59.676000-04:00,2021-03-22 07:53:37.303000-04:00,1,37.627,37.626,0.7071,True,1.0,True,1,1,0,0,0,False,False,False,112992554
PSAS25R,623284,PRAV3ZU,1,,Unknown,2021-03-22 07:53:10.402000-04:00,2021-03-22 07:53:46.778000-04:00,1,36.376,36.374,WPI,True,1.0,True,1,0,0,0,0,False,False,False,112992574
PSAS25R,623284,PRAVPH6,1,,Control,2021-03-22 07:53:52.939000-04:00,2021-03-22 07:56:20.328000-04:00,1,147.389,96.014,1.1547,False,0.666666666666667,True,2,1,0,0,0,False,False,False,112992657
PSAS25R,623284,PRAVPJV,1,,Control,2021-03-22 07:56:21.202000-04:00,2021-03-22 07:56:55.701000-04:00,1,34.499,34.497,1.7319,True,1.0,True,1,1,0,0,0,False,False,False,112992865
PSAS25R,623284,PRAVPJ8,1,,Control,2021-03-22 07:56:56.157000-04:00,2021-03-22 07:58:01.534000-04:00,1,65.377,65.376,0.7071,True,1.0,True,1,1,0,0,0,False,False,False,112992908
PSAS25R,623284,PRAVPKK,1,,Control,2021-03-22 07:58:01.978000-04:00,2021-03-22 07:58:33.228000-04:00,1,31.25,31.248,0.7071,True,1.0,True,1,1,0,0,0,False,False,False,112993011
PSAS25R,623285,PRAV3ZU,1,,Unknown,2021-03-22 08:35:39.432000-04:00,2021-03-22 08:36:18.639000-04:00,1,39.207,39.197,W,False,0.0,True,1,0,0,0,0,False,False,False,112998758
PSAS25R,623285,PRAVPMQ,1,,Unknown,2021-03-22 08:36:42.070000-04:00,2021-03-22 08:39:14.879000-04:00,1,152.809,152.797,.8660,True,1.0,True,1,1,0,0,0,False,False,False,112999057
PSAS25R,623285,PRAVPKB,1,,Unknown,2021-03-22 08:39:16.702000-04:00,2021-03-22 08:40:02.801000-04:00,1,46.099,46.089,.7071,True,1.0,True,1,1,0,0,0,False,False,False,112999798
PSAS25R,623285,PRAVPJC,1,,Unknown,2021-03-22 08:40:04.428000-04:00,2021-03-22 08:41:14.953000-04:00,1,70.525,70.52,.8660,True,1.0,True,1,1,0,0,0,False,False,False,112999976
PSAS25R,623286,PRAV3ZU,1,,Unknown,2021-03-22 11:49:52.747000-04:00,2021-03-22 11:50:30.148000-04:00,1,37.401,37.396,WPI,True,1.0,True,1,0,0,0,0,False,False,False,113113104
PSAS25R,623286,PRAVPH6,1,,Control,2021-03-22 11:50:31.757000-04:00,2021-03-22 11:52:22.121000-04:00,1,110.364,110.36,0.8660,True,1.0,True,1,1,0,0,0,False,False,False,113113574
PSAS25R,623286,PRAVPJV,1,,Control,2021-03-22 11:52:22.935000-04:00,2021-03-22 11:53:32.106000-04:00,1,69.171,69.167,1.7319,True,1.0,True,1,1,0,0,0,False,False,False,113114962
PSAS25R,623286,PRAVPJ8,1,,Control,2021-03-22 11:53:32.860000-04:00,2021-03-22 11:54:30.359000-04:00,1,57.499,57.494,0.7072,True,1.0,True,1,1,0,0,0,False,False,False,113115778
PSAS25R,623287,PRAV3ZU,1,,Unknown,2021-03-22 07:52:44.264000-04:00,2021-03-22 07:53:50.529000-04:00,1,66.265,66.247,WPI,True,1.0,True,1,0,0,0,0,False,False,False,112992522
PSAS25R,623287,PRAVPNK,1,,Treatment,2021-03-22 07:53:52.064000-04:00,2021-03-22 07:58:24.916000-04:00,1,272.852,157.84,0.8660,False,0.333333333333333,False,1,1,1,0,0,False,False,False,112992655
PSAS25R,623287,PRAVPNM,1,,Treatment,2021-03-22 07:58:28.581000-04:00,2021-03-22 07:59:02.643000-04:00,1,34.062,34.037,1.7319,True,1.0,True,1,1,0,0,0,False,False,False,112993050
PSAS25R,623287,PRAVPNN,1,,Treatment,2021-03-22 08:00:44.834000-04:00,2021-03-22 08:04:05.906000-04:00,1,201.072,201.037,0.7071,True,1.0,True,1,1,0,0,0,False,False,False,112993257
PSAS25R,623287,PRAVPNP,1,,Treatment,2021-03-22 08:04:08.145000-04:00,2021-03-22 08:05:20.592000-04:00,1,72.447,72.417,0.7072,True,1.0,True,1,1,0,0,0,False,False,False,112993631
PSAS25R,623288,PRAV3ZU,1,,Unknown,2021-03-22 08:03:08.851000-04:00,2021-03-22 08:03:43.278000-04:00,1,34.427,34.424,WPI,True,1.0,True,1,0,0,0,0,False,False,False,112993531
PSAS25R,623288,PRAVPH6,1,,Control,2021-03-22 08:03:44.851000-04:00,2021-03-22 08:05:43.473000-04:00,1,118.622,118.619,0.8660,True,1.0,True,1,1,0,0,0,False,False,False,112993595
PSAS25R,623288,PRAVPJV,1,,Control,2021-03-22 08:05:45.252000-04:00,2021-03-22 08:06:27.516000-04:00,1,42.264,42.26,1.7319,True,1.0,True,1,1,0,0,0,False,False,False,112993842
PSAS25R,623288,PRAVPJ8,1,,Control,2021-03-22 08:06:28.406000-04:00,2021-03-22 08:07:04.118000-04:00,1,35.712,35.71,0.7071,True,1.0,True,1,1,0,0,0,False,False,False,112993951
PSAS25R,623289,PRAV3ZU,1,,Unknown,2021-03-22 07:50:55.549000-04:00,2021-03-22 07:51:56.010000-04:00,1,60.461,60.451,WPI,True,1.0,True,1,0,0,0,0,False,False,False,112992356
PSAS25R,623289,PRAVPH6,1,,Control,2021-03-22 07:51:58-04:00,2021-03-22 07:58:01.586000-04:00,2,363.586,300.053,9.0161,False,0.0,True,2,1,0,0,0,False,False,True,112992448
PSAS25R,623289,PRAVPJV,1,,Control,2021-03-22 07:58:04.214000-04:00,2021-03-22 08:01:48.223000-04:00,1,224.009,132.138,14.6964,False,0.0,True,3,1,0,0,0,False,False,True,112993017
PSAS25R,623289,PRAVPJ8,1,,Control,2021-03-22 08:01:51.552000-04:00,2021-03-22 13:17:37.115000-04:00,2,18945.563,99.296,6.9798,False,0.0,True,2,1,0,0,0,False,False,True,112993383
PSAS25R,623289,PRAVPKK,1,,Control,2021-03-22 13:17:38.141000-04:00,2021-03-22 13:18:13.752000-04:00,1,35.611,31.328,0.707,False,0.666666666666667,True,2,1,0,0,0,False,False,False,113175778
PSAS25R,623289,PRAVPMP,1,,Control,2021-03-22 13:18:20.955000-04:00,2021-03-22 13:19:06.905000-04:00,1,45.95,27.06,0.8774,False,0.0,True,2,1,0,0,0,False,False,True,113176312
PSAS25R,623289,PRAVPM2,1,,Control,2021-03-22 13:19:07.851000-04:00,2021-03-22 13:19:27.744000-04:00,1,19.893,19.885,0.5773,True,1.0,True,1,1,0,0,0,False,False,False,113176859
PSAS25R,623289,PRAVPKQ,1,,Control,2021-03-22 13:19:28.741000-04:00,2021-03-22 13:19:52.647000-04:00,1,23.906,23.896,0.7072,True,1.0,True,1,1,0,0,0,False,False,False,113177108
PSAS25R,623289,PRAVPJG,1,,Control,2021-03-22 13:19:53.662000-04:00,2021-03-22 13:21:05.200000-04:00,1,71.538,71.528,0.8659,True,1.0,True,1,1,0,0,0,False,False,False,113177368
PSAS25R,623290,PRAV3ZU,1,,Unknown,2021-03-22 08:19:30.683000-04:00,2021-03-22 08:20:16.234000-04:00,1,45.551,45.535,WPI,True,1.0,True,1,0,0,0,0,False,False,False,112995829
PSAS25R,623290,PRAVPH6,1,,Control,2021-03-22 08:20:17.742000-04:00,2021-03-22 08:21:09.425000-04:00,1,51.683,51.675,0.8660,True,1.0,True,1,1,0,0,0,False,False,False,112995937
PSAS25R,623290,PRAVPJV,1,,Control,2021-03-22 08:21:10.116000-04:00,2021-03-22 08:36:17.061000-04:00,1,906.945,906.903,1.7320,True,1.0,True,1,1,0,0,0,False,False,False,112996080
PSAS25R,623290,PRAVPJ8,1,,Control,2021-03-22 08:36:18.245000-04:00,2021-03-22 08:37:09.582000-04:00,1,51.337,17.653,0.7058,False,0.0,True,2,1,0,0,0,False,False,True,112998939
PSAS25R,623290,PRAVPKK,1,,Control,2021-03-22 08:37:22.840000-04:00,2021-03-22 08:37:51.160000-04:00,1,28.32,28.281,0.7072,True,1.0,True,1,1,0,0,0,False,False,False,112999298
PSAS25R,623290,PRAVPMP,1,,Control,2021-03-22 08:37:51.958000-04:00,2021-03-22 08:38:55.309000-04:00,1,63.351,42.453,0.0009,False,0.333333333333333,True,3,1,0,0,0,False,False,False,112999422
PSAS25R,623290,PRAVPM2,1,,Control,2021-03-22 08:38:56.152000-04:00,2021-03-22 08:39:24.669000-04:00,1,28.517,28.503,0.5774,True,1.0,True,1,1,0,0,0,False,False,False,112999707
PSAS25R,623290,PRAVPKQ,1,,Control,2021-03-22 08:39:25.356000-04:00,2021-03-22 08:39:45.749000-04:00,1,20.393,20.389,0.7073,True,1.0,True,1,1,0,0,0,False,False,False,112999825
PSAS25R,623290,PRAVPJG,1,,Control,2021-03-22 08:39:46.556000-04:00,2021-03-22 08:40:16.063000-04:00,1,29.507,29.5,0.8659,True,1.0,True,1,1,0,0,0,False,False,False,112999904
PSAS25R,623291,PRAV3ZU,1,,Unknown,2021-03-22 08:34:50.219000-04:00,2021-03-22 08:35:34.772000-04:00,1,44.553,44.541,WPI,True,1.0,True,1,0,0,0,0,False,False,False,112998540
PSAS25R,623291,PRAVPNK,1,,Treatment,2021-03-22 08:35:37.607000-04:00,2021-03-22 08:37:34.746000-04:00,1,117.139,73.377,1.7320,False,0.333333333333333,True,2,1,0,0,0,False,False,False,112998748
PSAS25R,623291,PRAVPNM,1,,Treatment,2021-03-22 08:37:37.635000-04:00,2021-03-22 08:38:23.964000-04:00,1,46.329,46.32,1.7319,True,1.0,True,1,1,0,0,0,False,False,False,112999357
PSAS25R,623291,PRAVPNN,1,,Treatment,2021-03-22 08:38:25.588000-04:00,2021-03-22 08:39:39.003000-04:00,1,73.415,73.408,0.7071,True,1.0,True,1,1,0,0,0,False,False,False,112999574
PSAS25R,623291,PRAVPNP,1,,Treatment,2021-03-22 08:39:44.586000-04:00,2021-03-22 08:40:24.402000-04:00,1,39.816,39.81,0.7071,True,1.0,True,1,1,0,0,0,False,False,False,112999893
PSAS25R,623292,PRAV3ZU,1,,Unknown,2021-03-22 08:28:00.471000-04:00,2021-03-22 08:28:37.530000-04:00,1,37.059,37.038,WPI,True,1.0,True,1,0,0,0,0,False,False,False,112997205
PSAS25R,623292,PRAVPNK,1,,Treatment,2021-03-22 08:28:39.347000-04:00,2021-03-22 09:35:59.621000-04:00,2,4040.274,3703.955,0.5773,False,0.0,True,5,1,0,0,0,False,False,False,112997300
PSAS25R,623292,PRAVPNM,1,,Treatment,2021-03-22 09:36:00.653000-04:00,2021-03-22 09:38:13.211000-04:00,1,132.558,109.447,0.5773,False,0.666666666666667,True,2,1,0,0,0,False,False,False,113023433
PSAS25R,623292,PRAVPNN,1,,Treatment,2021-03-22 09:38:14.172000-04:00,2021-03-22 09:58:54.256000-04:00,1,1240.084,1240.043,0.7071,True,1.0,True,1,1,0,0,0,False,False,False,113024618
PSAS25R,623292,PRAVPNP,1,,Treatment,2021-03-22 09:58:55.081000-04:00,2021-03-22 10:22:41.574000-04:00,1,1426.493,1426.457,0.7071,True,1.0,True,1,1,0,0,0,False,False,False,113035963
PSAS25R,623292,PRAVPNQ,1,,Treatment,2021-03-22 10:22:42.500000-04:00,2021-03-22 10:23:20.245000-04:00,1,37.745,37.737,0.8660,True,1.0,True,1,1,0,0,0,False,False,False,113053636
PSAS25R,623293,PRAV3ZU,1,,Unknown,2021-03-22 08:14:51.341000-04:00,2021-03-22 08:15:34.815000-04:00,1,43.474,43.457,WPI,True,1.0,True,1,0,0,0,0,False,False,False,112995064
PSAS25R,623293,PRAVPH6,1,,Control,2021-03-22 08:15:37.037000-04:00,2021-03-22 08:17:37.304000-04:00,1,120.267,120.229,0.8660,True,1.0,True,1,1,0,0,0,False,False,False,112995186
PSAS25R,623293,PRAVPJV,1,,Control,2021-03-22 08:17:45.010000-04:00,2021-03-22 08:19:15.052000-04:00,1,90.042,90.011,1.7319,True,1.0,True,1,1,0,0,0,False,False,False,112995520
PSAS25R,623293,PRAVPJ8,1,,Control,2021-03-22 08:19:16.942000-04:00,2021-03-22 08:24:27.116000-04:00,1,310.174,310.139,0.7071,True,1.0,True,1,1,0,0,0,False,False,False,112995786
PSAS25R,623294,PRAV3ZU,1,,Unknown,2021-03-22 09:23:26.094000-04:00,2021-03-22 09:24:07.737000-04:00,1,41.643,41.632,WPI,True,1.0,True,1,0,0,0,0,False,False,False,113016912
PSAS25R,623294,PRAVPH6,1,,Control,2021-03-22 09:24:09.361000-04:00,2021-03-22 09:26:21.447000-04:00,1,132.086,132.078,.8660,True,1.0,True,1,1,0,0,0,False,False,False,113017269
PSAS25R,623294,PRAVPJV,1,,Control,2021-03-22 09:26:22.665000-04:00,2021-03-22 09:29:10.457000-04:00,1,167.792,63.239,.5773,False,0.333333333333333,True,3,1,0,0,0,False,False,False,113018334
PSAS25R,623294,PRAVPJ8,1,,Control,2021-03-22 09:29:11.963000-04:00,2021-03-22 09:29:55.696000-04:00,1,43.733,43.73,.7071,True,1.0,True,1,1,0,0,0,False,False,False,113019767
PSAS25R,623294,PRAVPKK,1,,Control,2021-03-22 09:29:56.420000-04:00,2021-03-22 09:35:38.576000-04:00,1,342.156,25.875,.7090,False,0.0,True,3,1,0,0,0,False,False,True,113020205
PSAS25R,623294,PRAVPMP,1,,Control,2021-03-22 09:35:41.254000-04:00,2021-03-22 09:36:32.600000-04:00,1,51.346,51.339,.8660,True,1.0,True,1,1,0,0,0,False,False,False,113023247
PSAS25R,623294,PRAVPM2,1,,Control,2021-03-22 09:36:33.451000-04:00,2021-03-22 09:39:40.676000-04:00,1,187.225,187.217,.5773,True,1.0,True,1,1,0,0,0,False,False,False,113023742
PSAS25R,623294,PRAVPKQ,1,,Control,2021-03-22 09:39:41.672000-04:00,2021-03-22 09:40:14.382000-04:00,1,32.71,32.703,.7072,True,1.0,True,1,1,0,0,0,False,False,False,113025467
PSAS25R,623295,PRAV3ZU,1,,Unknown,2021-03-22 08:50:06.283000-04:00,2021-03-22 08:51:40.426000-04:00,1,94.143,94.135,WPI,True,1.0,True,1,0,0,0,0,False,False,False,113003342
PSAS25R,623295,PRAVPNK,1,,Treatment,2021-03-22 08:51:42.595000-04:00,2021-03-22 08:55:31.942000-04:00,1,229.347,229.341,.8660,True,1.0,True,1,1,0,0,0,False,False,False,113003981
PSAS25R,623295,PRAVPNM,1,,Treatment,2021-03-22 08:55:32.957000-04:00,2021-03-22 08:58:44.719000-04:00,1,191.762,191.756,1.7319,True,1.0,True,1,1,0,0,0,False,False,False,113005394
PSAS25R,623295,PRAVPNN,1,,Treatment,2021-03-22 08:58:45.980000-04:00,2021-03-22 08:59:57.095000-04:00,1,71.115,71.113,.7071,True,1.0,True,1,1,0,0,0,False,False,False,113006491
PSAS25R,623296,PRAV3ZU,1,,Unknown,2021-03-22 11:27:41.450000-04:00,2021-03-22 11:28:42.381000-04:00,1,60.931,60.905,WPI,True,1.0,True,1,0,0,0,0,False,False,False,113097512
PSAS25R,623296,PRAVPH6,1,,Control,2021-03-22 11:28:47.915000-04:00,2021-03-22 11:30:14.978000-04:00,1,87.063,87.053,0.8660,True,1.0,True,1,1,0,0,0,False,False,False,113098361
PSAS25R,623296,PRAVPJV,1,,Control,2021-03-22 11:30:16.779000-04:00,2021-03-22 11:31:10.395000-04:00,1,53.616,53.608,1.731998,True,1.0,True,1,1,0,0,0,False,False,False,113099535
PSAS25R,623296,PRAVPJ8,1,,Control,2021-03-22 11:31:11.453000-04:00,2021-03-22 11:35:04.801000-04:00,1,233.348,233.337,0.70719,True,1.0,True,1,1,0,0,0,False,False,False,113100264
PSAS25R,623297,PRAV3ZU,1,,Unknown,2021-03-22 09:25:29.456000-04:00,2021-03-22 09:25:55.450000-04:00,1,25.994,25.991,WPI,True,1.0,True,1,0,0,0,0,False,False,False,113017903
PSAS25R,623297,PRAVPNK,1,,Treatment,2021-03-22 09:25:56.646000-04:00,2021-03-22 09:29:09.323000-04:00,1,192.677,192.675,0.8660,True,1.0,True,1,1,0,0,0,False,False,False,113018148
PSAS25R,623297,PRAVPNM,1,,Treatment,2021-03-22 09:29:10.088000-04:00,2021-03-22 09:38:36.190000-04:00,1,566.102,525.868,1.6141,False,0.666666666666667,True,2,1,0,0,0,False,False,False,113019743
PSAS25R,623297,PRAVPNN,1,,Treatment,2021-03-22 09:38:37.579000-04:00,2021-03-22 09:39:13.091000-04:00,1,35.512,35.511,0.7071930075942112,True,1.0,True,1,1,0,0,0,False,False,False,113024842
PSAS25R,623297,PRAVPNP,1,,Treatment,2021-03-22 09:39:13.589000-04:00,2021-03-22 09:39:37.888000-04:00,1,24.299,24.297,0.7071924538189441,True,1.0,True,1,1,0,0,0,False,False,False,113025174
PSAS25R,623297,PRAVPNQ,1,,Treatment,2021-03-22 09:39:38.534000-04:00,2021-03-22 09:40:02.852000-04:00,1,24.318,24.316,0.8660030627871363,True,1.0,True,1,1,0,0,0,False,False,False,113025434
PSAS25R,623298,PRAV3ZU,1,,Unknown,2021-03-22 07:51:37.003000-04:00,2021-03-22 07:52:10.557000-04:00,1,33.554,33.552,Worcester Polytechnic Institute,False,0.0,True,1,0,0,0,0,False,False,False,112992418
PSAS25R,623298,PRAVPKT,1,,Unknown,2021-03-22 07:52:27.589000-04:00,2021-03-22 07:55:17.687000-04:00,1,170.098,170.096,.707,True,1.0,True,1,1,0,0,0,False,False,False,112992485
PSAS25R,623298,PRAVPMQ,1,,Unknown,2021-03-22 07:55:18.408000-04:00,2021-03-22 07:56:10.839000-04:00,1,52.431,52.43,.8660,True,1.0,True,1,1,0,0,0,False,False,False,112992780
PSAS25R,623298,PRAVPJ3,1,,Unknown,2021-03-22 07:56:11.493000-04:00,2021-03-22 07:57:19.080000-04:00,1,67.587,67.586,1.7320,True,1.0,True,1,1,0,0,0,False,False,False,112992854
PSAS25R,623302,PRAV3ZU,1,,Unknown,2021-03-22 09:24:48.884000-04:00,2021-03-22 09:25:30.862000-04:00,1,41.978,41.967,WPI,True,1.0,True,1,0,0,0,0,False,False,False,113017610
PSAS25R,623302,PRAVPNK,1,,Treatment,2021-03-22 09:25:34.969000-04:00,2021-03-22 09:29:40.499000-04:00,1,245.53,74.327,20.822,False,0.0,True,5,1,0,0,0,False,False,False,113017953
PSAS25R,623302,PRAVPNM,1,,Treatment,2021-03-22 09:29:41.992000-04:00,2021-03-22 09:31:26.260000-04:00,1,104.268,104.259,1.7320,True,1.0,True,1,1,0,0,0,False,False,False,113020058
PSAS25R,623302,PRAVPNN,1,,Treatment,2021-03-22 09:31:27.627000-04:00,2021-03-22 09:32:04.672000-04:00,1,37.045,37.04,0.7072,True,1.0,True,1,1,0,0,0,False,False,False,113020951
PSAS25R,623302,PRAVPNP,1,,Treatment,2021-03-22 09:32:05.879000-04:00,2021-03-22 09:32:58.875000-04:00,1,52.996,52.991,0.7072,True,1.0,True,1,1,0,0,0,False,False,False,113021253
PSAS25R,623307,PRAV3ZU,1,,Unknown,2021-03-22 09:40:12.916000-04:00,2021-03-22 09:41:14.120000-04:00,1,61.204,61.193,WPI,True,1.0,True,1,0,0,0,0,False,False,False,113025728
PSAS25R,623307,PRAVPH6,1,,Control,2021-03-22 09:41:16.002000-04:00,2021-03-22 09:42:05.088000-04:00,1,49.086,49.08,.8660,True,1.0,True,1,1,0,0,0,False,False,False,113026255
PSAS25R,623307,PRAVPJV,1,,Control,2021-03-22 09:42:14.080000-04:00,2021-03-22 09:45:37.973000-04:00,1,203.893,162.584,.8659,False,0.0,True,3,1,0,0,0,False,False,True,113026708
PSAS25R,623307,PRAVPJ8,1,,Control,2021-03-22 09:45:39.205000-04:00,2021-03-22 09:47:00.664000-04:00,1,81.459,81.455,0.7071,True,1.0,True,1,1,0,0,0,False,False,False,113028567
PSAS25R,623307,PRAVPKK,1,,Control,2021-03-22 09:47:01.865000-04:00,2021-03-22 09:48:13.586000-04:00,1,71.721,36.787,7.071,False,0.666666666666667,True,2,1,0,0,0,False,False,False,113029239
PSAS25R,623307,PRAVPMP,1,,Control,2021-03-22 09:48:14.682000-04:00,2021-03-22 09:49:11.841000-04:00,1,57.159,57.149,0.8660,True,1.0,True,1,1,0,0,0,False,False,False,113029770
PSAS25R,623307,PRAVPM2,1,,Control,2021-03-22 09:49:12.956000-04:00,2021-03-22 09:49:57.793000-04:00,1,44.837,44.833,.5773,True,1.0,True,1,1,0,0,0,False,False,False,113030208
PSAS25R,623307,PRAVPKQ,1,,Control,2021-03-22 09:49:58.820000-04:00,2021-03-22 09:50:20.646000-04:00,1,21.826,21.818,.7072,True,1.0,True,1,1,0,0,0,False,False,False,113030550
PSAS25R,623309,PRAV3ZU,1,,Unknown,2021-03-22 09:58:57.342000-04:00,2021-03-22 09:59:36.114000-04:00,1,38.772,38.763,WPI,True,1.0,True,1,0,0,0,0,False,False,False,113035864
PSAS25R,623309,PRAVPH6,1,,Control,2021-03-22 09:59:41.693000-04:00,2021-03-22 10:29:11.425000-04:00,2,1769.732,523.415,0.1542,False,0.0,True,4,1,0,0,0,False,False,False,113036424
PSAS25R,623309,PRAVPJV,1,,Control,2021-03-22 10:29:12.583000-04:00,2021-03-22 10:30:46.023000-04:00,1,93.44,48.563,0.8659,False,0.0,True,3,1,0,0,0,False,False,True,113057911
PSAS25R,623309,PRAVPJ8,1,,Control,2021-03-22 10:30:47.380000-04:00,2021-03-22 10:32:04.673000-04:00,1,77.293,77.289,0.7072,True,1.0,True,1,1,0,0,0,False,False,False,113058955
PSAS25R,623309,PRAVPKK,1,,Control,2021-03-22 10:32:06.450000-04:00,2021-03-22 10:33:15.493000-04:00,1,69.043,69.037,0.7072,True,1.0,True,1,1,0,0,0,False,False,False,113059844
PSAS25R,623309,PRAVPMP,1,,Control,2021-03-22 10:33:17.303000-04:00,2021-03-22 10:34:08.035000-04:00,1,50.732,50.726,0.8660,True,1.0,True,1,1,0,0,0,False,False,False,113060631
PSAS25R,623314,PRAV3ZU,1,,Unknown,2021-03-22 12:11:38.254000-04:00,2021-03-22 12:14:40.431000-04:00,1,182.177,182.163,WPI,True,1.0,True,1,0,0,0,0,False,False,False,113128630
PSAS25R,623314,PRAVPH6,1,,Control,2021-03-22 12:14:42.606000-04:00,2021-03-22 22:42:16.974000-04:00,2,37654.368,37557.644,30,False,0.0,True,3,1,0,0,0,False,False,True,113130857
PSAS25R,623314,PRAVPJV,1,,Control,2021-03-22 22:42:19.397000-04:00,2021-03-22 22:50:45.872000-04:00,1,506.475,506.445,1.7319976429,True,1.0,True,1,1,0,0,0,False,False,False,113367828
PSAS25R,623314,PRAVPJ8,1,,Control,2021-03-22 22:50:47.619000-04:00,2021-03-22 22:52:59.498000-04:00,1,131.879,131.865,0.70719300759,True,1.0,True,1,1,0,0,0,False,False,False,113368573
PSAS25R,623314,PRAVPKK,1,,Control,2021-03-22 22:53:01.434000-04:00,2021-03-22 22:54:35.977000-04:00,1,94.543,94.533,0.70719245381,True,1.0,True,1,1,0,0,0,False,False,False,113368778
PSAS25R,623320,PRAV3ZU,1,,Unknown,2021-03-22 14:00:05.537000-04:00,2021-03-22 14:00:31.598000-04:00,1,26.061,26.057,WPI,True,1.0,True,1,0,0,0,0,False,False,False,113208885
PSAS25R,623320,PRAVPNK,1,,Treatment,2021-03-22 14:00:33.336000-04:00,2021-03-22 14:02:36.345000-04:00,1,123.009,98.969,1.7320,False,0.666666666666667,True,2,1,0,0,0,False,False,False,113209246
PSAS25R,623320,PRAVPNM,1,,Treatment,2021-03-22 14:02:37.687000-04:00,2021-03-22 14:03:20.296000-04:00,1,42.609,42.607,1.7320,True,1.0,True,1,1,0,0,0,False,False,False,113211006
PSAS25R,623320,PRAVPNN,1,,Treatment,2021-03-22 14:03:21.318000-04:00,2021-03-22 14:03:53.838000-04:00,1,32.52,32.517,0.7072,True,1.0,True,1,1,0,0,0,False,False,False,113211642
PSAS25R,623320,PRAVPNP,1,,Treatment,2021-03-22 14:03:54.411000-04:00,2021-03-22 14:04:27.557000-04:00,1,33.146,33.145,0.7072,True,1.0,True,1,1,0,0,0,False,False,False,113212076
PSAS25R,623351,PRAV3ZU,1,,Unknown,2021-03-22 07:53:18.646000-04:00,2021-03-22 07:54:28.657000-04:00,1,70.011,70.002,WPI,True,1.0,True,1,0,0,0,0,False,False,False,112992587
PSAS25R,623351,PRAVPH6,1,,Control,2021-03-22 07:54:30.639000-04:00,2021-03-22 08:30:12.321000-04:00,2,2141.682,2109.157,60,False,0.0,True,2,1,0,0,0,False,False,True,112992716
PSAS25R,623351,PRAVPJV,1,,Control,2021-03-22 08:30:14.305000-04:00,2021-03-22 08:57:07.653000-04:00,1,1613.348,1584.792,0.3553,False,0.0,True,2,1,0,0,0,False,False,True,113015294
PSAS25R,623351,PRAVPJ8,1,,Control,2021-03-22 08:57:09.568000-04:00,2021-03-22 08:57:45.435000-04:00,1,35.867,13.56,1.000,False,0.0,True,2,1,0,0,0,False,False,True,113036510
PSAS25R,623351,PRAVPKK,1,,Control,2021-03-22 08:57:46.847000-04:00,2021-03-22 08:58:18.694000-04:00,1,31.847,31.84,0.7071,True,1.0,True,1,1,0,0,0,False,False,False,113036943
PSAS25R,623351,PRAVPMP,1,,Control,2021-03-22 08:58:21.783000-04:00,2021-03-22 09:00:03.500000-04:00,1,101.717,44.388,1.732,False,0.0,True,2,1,0,0,0,False,False,True,113037382
PSAS25R,623351,PRAVPM2,1,,Control,2021-03-22 09:00:04.987000-04:00,2021-03-22 09:01:15.189000-04:00,1,70.202,70.167,0.5773,True,1.0,True,1,1,0,0,0,False,False,False,113038486
PSAS25R,623351,PRAVPKQ,1,,Control,2021-03-22 09:01:16.788000-04:00,2021-03-22 09:01:54.142000-04:00,1,37.354,37.323,.7072,True,1.0,True,1,1,0,0,0,False,False,False,113039302
PSAS25R,623351,PRAVPJG,1,,Control,2021-03-22 09:01:55.763000-04:00,2021-03-22 09:02:40.176000-04:00,1,44.413,44.387,0.8659,True,1.0,True,1,1,0,0,0,False,False,False,113039766
PSAS25R,623383,PRAV3ZU,1,,Unknown,2021-03-22 18:43:21.192000-04:00,2021-03-22 18:43:56.585000-04:00,1,35.393,35.39,WPI,True,1.0,True,1,0,0,0,0,False,False,False,113330812
PSAS25R,623383,PRAVPH6,1,,Control,2021-03-22 18:43:58.038000-04:00,2021-03-22 18:56:05.628000-04:00,1,727.59,701.525,0.8917,False,0.666666666666667,True,2,1,0,0,0,False,False,False,113330937
PSAS25R,623383,PRAVPJV,1,,Control,2021-03-22 18:56:07.953000-04:00,2021-03-22 19:04:27.310000-04:00,1,499.357,499.356,1.7320,True,1.0,True,1,1,0,0,0,False,False,False,113333160
PSAS25R,623383,PRAVPJ8,1,,Control,2021-03-22 19:04:28.546000-04:00,2021-03-22 19:06:16.973000-04:00,1,108.427,108.425,0.7072,True,1.0,True,1,1,0,0,0,False,False,False,113334543
PSAS25R,623383,PRAVPKK,1,,Control,2021-03-22 19:06:17.901000-04:00,2021-03-22 19:07:51.978000-04:00,1,94.077,94.076,0.7072,True,1.0,True,1,1,0,0,0,False,False,False,113334862
PSAS25R,623431,PRAV3ZU,1,,Unknown,2021-03-22 08:21:17.645000-04:00,2021-03-22 08:26:59.435000-04:00,1,341.79,341.762,WPI,True,1.0,True,1,0,0,0,0,False,False,False,112996106
PSAS25R,623431,PRAVPH6,1,,Control,2021-03-22 08:27:01.590000-04:00,2021-03-22 08:35:00.273000-04:00,1,478.683,478.646,0.8660,True,1.0,True,1,1,0,0,0,False,False,False,112997029
PSAS25R,623431,PRAVPJV,1,,Control,2021-03-22 08:35:01.975000-04:00,2021-03-22 08:36:06.413000-04:00,1,64.438,51.363,1.7139,False,0.0,True,2,1,0,0,0,False,False,True,112998588
PSAS25R,623431,PRAVPJ8,1,,Control,2021-03-22 08:36:07.960000-04:00,2021-03-22 08:36:44.398000-04:00,1,36.438,36.429,0.7071,True,1.0,True,1,1,0,0,0,False,False,False,112998891
PSAS25R,623431,PRAVPKK,1,,Control,2021-03-22 08:36:45.781000-04:00,2021-03-22 08:37:42.290000-04:00,1,56.509,56.501,0.7071,True,1.0,True,1,1,0,0,0,False,False,False,112999075
PSAS25R,623431,PRAVPMP,1,,Control,2021-03-22 08:37:43.806000-04:00,2021-03-22 08:38:23.263000-04:00,1,39.457,39.446,0.8660,True,1.0,True,1,1,0,0,0,False,False,False,112999383
PSAS25R,624451,PRAV3ZU,1,,Unknown,2021-03-22 08:56:08.463000-04:00,2021-03-22 08:56:42.894000-04:00,1,34.431,34.421,WPI,True,1.0,True,1,0,0,0,0,False,False,False,113005591
PSAS25R,624451,PRAVPH6,1,,Control,2021-03-22 08:56:45.234000-04:00,2021-03-22 09:10:53.286000-04:00,1,848.052,590.628,6.4454,False,0.0,True,3,1,0,0,0,False,False,True,113005797
PSAS25R,624451,PRAVPJV,1,,Control,2021-03-22 09:10:54.719000-04:00,2021-03-22 09:12:54.980000-04:00,1,120.261,89.072,0.0302,False,0.0,True,2,1,0,0,0,False,False,True,113011531
PSAS25R,624451,PRAVPJ8,1,,Control,2021-03-22 09:12:56.291000-04:00,2021-03-22 09:13:42.717000-04:00,1,46.426,46.421,0.7071,True,1.0,True,1,1,0,0,0,False,False,False,113012433
PSAS25R,624451,PRAVPKK,1,,Control,2021-03-22 09:13:43.909000-04:00,2021-03-22 09:14:45.435000-04:00,1,61.526,61.519,0.7071,True,1.0,True,1,1,0,0,0,False,False,False,113012754
PSAS25R,624451,PRAVPMP,1,,Control,2021-03-22 09:14:46.780000-04:00,2021-03-22 09:15:16.614000-04:00,1,29.834,29.831,0.8660,True,1.0,True,1,1,0,0,0,False,False,False,113013145
PSAS25R,626313,PRAV3ZU,1,,Unknown,2021-03-22 11:24:37.889000-04:00,2021-03-22 11:25:12.199000-04:00,1,34.31,34.301,WPI,True,1.0,True,1,0,0,0,0,False,False,False,113095449
PSAS25R,626313,PRAVPNK,1,,Treatment,2021-03-22 11:25:15.447000-04:00,2021-03-22 11:42:01.189000-04:00,1,1005.742,970.979,59.9994,False,0.0,True,4,1,1,0,0,False,False,True,113095849
PSAS25R,626313,PRAVPNM,1,,Treatment,2021-03-22 11:42:24.597000-04:00,2021-03-22 11:44:43.032000-04:00,1,138.435,57.738,0.5774,False,0.0,True,2,1,1,0,0,False,False,True,113108149
PSAS25R,626313,PRAVPNN,1,,Treatment,2021-03-22 11:44:44.262000-04:00,2021-03-22 12:42:15.646000-04:00,1,3451.384,3451.34,0.7072,True,1.0,True,1,1,0,0,0,False,False,False,113109615
PSAS25R,626313,PRAVPNP,1,,Treatment,2021-03-22 12:42:17.627000-04:00,2021-03-22 13:00:14.254000-04:00,1,1076.627,1076.588,0.7072,True,1.0,True,1,1,0,0,0,False,False,False,113150405
PSAS25R,626313,PRAVPNQ,1,,Treatment,2021-03-22 13:00:15.937000-04:00,2021-03-22 13:49:37.057000-04:00,1,2961.12,2961.088,0.8660,True,1.0,True,1,1,0,0,0,False,False,False,113163319
PSAS25R,627520,PRAV3ZU,1,,Unknown,2021-03-22 16:50:11.758000-04:00,2021-03-22 16:50:39.525000-04:00,1,27.767,27.757,WPI,True,1.0,True,1,0,0,0,0,False,False,False,113302012
PSAS25R,627520,PRAVPNK,1,,Treatment,2021-03-22 16:50:42.206000-04:00,2021-03-22 16:53:57.052000-04:00,1,194.846,194.812,.8660,True,1.0,True,1,1,0,0,0,False,False,False,113302133
PSAS25R,627520,PRAVPNM,1,,Treatment,2021-03-22 16:53:58.759000-04:00,2021-03-22 16:55:27.409000-04:00,1,88.65,88.625,1.7319,True,1.0,True,1,1,0,0,0,False,False,False,113303051
PSAS25R,627520,PRAVPNN,1,,Treatment,2021-03-22 16:55:28.885000-04:00,2021-03-22 16:58:19.423000-04:00,1,170.538,170.501,.7071,True,1.0,True,1,1,0,0,0,False,False,False,113303480
PSAS25R,627521,PRAV3ZU,1,,Unknown,2021-03-22 06:33:49.349000-04:00,2021-03-22 06:34:28.698000-04:00,1,39.349,39.345,WPI,True,1.0,True,1,0,0,0,0,False,False,False,112990765
PSAS25R,627521,PRAVPH6,1,,Control,2021-03-22 06:34:32.017000-04:00,2021-03-22 06:37:45.961000-04:00,1,193.944,127.568,1.7320,False,0.0,True,2,1,0,0,0,False,False,True,112990769
PSAS25R,627521,PRAVPJV,1,,Control,2021-03-22 06:37:46.986000-04:00,2021-03-22 06:40:41.910000-04:00,1,174.924,174.921,1.7319,True,1.0,True,1,1,0,0,0,False,False,False,112990791
PSAS25R,627521,PRAVPJ8,1,,Control,2021-03-22 06:40:43.226000-04:00,2021-03-22 06:41:45.266000-04:00,1,62.04,62.037,.7071,True,1.0,True,1,1,0,0,0,False,False,False,112990806
PSAS25R,627521,PRAVPKK,1,,Control,2021-03-22 06:41:46.299000-04:00,2021-03-22 06:43:32.003000-04:00,1,105.704,105.701,.7071,True,1.0,True,1,1,0,0,0,False,False,False,112990811
PSAS25R,627544,PRAV3ZU,1,,Unknown,2021-03-22 09:19:36.831000-04:00,2021-03-22 09:20:27.410000-04:00,1,50.579,50.574,WPI,True,1.0,True,1,0,0,0,0,False,False,False,113015278
PSAS25R,627544,PRAVPH6,1,,Control,2021-03-22 09:20:28.853000-04:00,2021-03-22 09:25:13.247000-04:00,1,284.394,284.39,.8660,True,1.0,True,1,1,0,0,0,False,False,False,113015683
PSAS25R,627544,PRAVPJV,1,,Control,2021-03-22 09:25:15.105000-04:00,2021-03-22 09:26:35.705000-04:00,1,80.6,80.596,1.7319,True,1.0,True,1,1,0,0,0,False,False,False,113017789
PSAS25R,627544,PRAVPJ8,1,,Control,2021-03-22 09:26:36.729000-04:00,2021-03-22 09:27:30.417000-04:00,1,53.688,53.684,.7071,True,1.0,True,1,1,0,0,0,False,False,False,113018450
PSAS25R,627547,PRAV3ZU,1,,Unknown,2021-03-22 11:36:49.804000-04:00,2021-03-22 11:37:53.220000-04:00,1,63.416,63.405,WPI,True,1.0,True,1,0,0,0,0,False,False,False,113104341
PSAS25R,627547,PRAVPNK,1,,Treatment,2021-03-22 11:37:55.207000-04:00,2021-03-22 11:40:57.857000-04:00,1,182.65,182.64,0.8660,True,1.0,True,1,1,0,0,0,False,False,False,113105084
PSAS25R,627547,PRAVPNM,1,,Treatment,2021-03-22 11:41:01.834000-04:00,2021-03-22 11:42:35.690000-04:00,1,93.856,93.847,1.7319,True,1.0,True,1,1,0,0,0,False,False,False,113107296
PSAS25R,627547,PRAVPNN,1,,Treatment,2021-03-22 11:42:36.841000-04:00,2021-03-22 11:43:12.436000-04:00,1,35.595,35.59,0.7071,True,1.0,True,1,1,0,0,0,False,False,False,113108262
PSAS25R,627553,PRAV3ZU,1,,Unknown,2021-03-22 11:01:25.640000-04:00,2021-03-22 11:02:41.220000-04:00,1,75.58,75.576,WPI,True,1.0,True,1,0,0,0,0,False,False,False,113079284
PSAS25R,627553,PRAVPH6,1,,Control,2021-03-22 11:02:42.896000-04:00,2021-03-22 11:04:11.209000-04:00,1,88.313,88.308,0.8660,True,1.0,True,1,1,0,0,0,False,False,False,113080273
PSAS25R,627553,PRAVPJV,1,,Control,2021-03-22 11:04:13.612000-04:00,2021-03-22 11:04:57.182000-04:00,1,43.57,43.567,1.7319,True,1.0,True,1,1,0,0,0,False,False,False,113081430
PSAS25R,627553,PRAVPJ8,1,,Control,2021-03-22 11:04:58.266000-04:00,2021-03-22 11:05:56.590000-04:00,1,58.324,58.32,0.7071,True,1.0,True,1,1,0,0,0,False,False,False,113082038
PSAS25R,627554,PRAV3ZU,1,,Unknown,2021-03-22 07:47:21.445000-04:00,2021-03-22 07:48:36.933000-04:00,1,75.488,75.486,WPI,True,1.0,True,1,0,0,0,0,False,False,False,112992110
PSAS25R,627554,PRAVPNK,1,,Treatment,2021-03-22 07:48:39.347000-04:00,2021-03-22 07:49:10.885000-04:00,1,31.538,31.535,0.8660,True,1.0,True,1,1,0,0,0,False,False,False,112992191
PSAS25R,627554,PRAVPNM,1,,Treatment,2021-03-22 07:49:11.918000-04:00,2021-03-22 07:54:56.064000-04:00,1,344.146,344.143,1.7319,True,1.0,True,1,1,0,0,0,False,False,False,112992220
PSAS25R,627554,PRAVPNN,1,,Treatment,2021-03-22 07:54:57.769000-04:00,2021-03-22 07:56:05.324000-04:00,1,67.555,67.554,0.7071,True,1.0,True,1,1,0,0,0,False,False,False,112992750
PSAS25R,627556,PRAV3ZU,1,,Unknown,2021-03-22 11:52:05.813000-04:00,2021-03-22 11:52:46.324000-04:00,1,40.511,40.501,WPI,True,1.0,True,1,0,0,0,0,False,False,False,113114752
PSAS25R,627556,PRAVPH6,1,,Control,2021-03-22 11:52:48.099000-04:00,2021-03-22 11:54:47.886000-04:00,1,119.787,119.764,0.8660,True,1.0,True,1,1,0,0,0,False,False,False,113115273
PSAS25R,627556,PRAVPJV,1,,Control,2021-03-22 11:54:50.971000-04:00,2021-03-22 11:56:43.483000-04:00,1,112.512,56.323,1.7139,False,0.666666666666667,True,2,1,0,0,0,False,False,False,113116703
PSAS25R,627556,PRAVPJ8,1,,Control,2021-03-22 11:56:45.164000-04:00,2021-03-22 11:58:52.542000-04:00,1,127.378,37.991,1.0000,False,0.333333333333333,True,3,1,0,0,0,False,False,False,113118130
PSAS25R,627556,PRAVPKK,1,,Control,2021-03-22 11:58:55.297000-04:00,2021-03-22 12:01:20.359000-04:00,1,145.062,22.765,1,False,0.666666666666667,True,2,1,0,0,0,False,False,False,113119667
PSAS25R,627556,PRAVPMP,1,,Control,2021-03-22 12:01:21.683000-04:00,2021-03-22 12:01:50.909000-04:00,1,29.226,29.202,0.8660,True,1.0,True,1,1,0,0,0,False,False,False,113121394
PSAS25R,627556,PRAVPM2,1,,Control,2021-03-22 12:01:52.240000-04:00,2021-03-22 12:02:18.666000-04:00,1,26.426,26.402,0.5773,True,1.0,True,1,1,0,0,0,False,False,False,113121759
PSAS25R,627556,PRAVPKQ,1,,Control,2021-03-22 12:02:20.046000-04:00,2021-03-22 12:02:47.833000-04:00,1,27.787,27.763,0.7072,True,1.0,True,1,1,0,0,0,False,False,False,113122017
PSAS25R,627557,PRAV3ZU,1,,Unknown,2021-03-22 08:16:24.202000-04:00,2021-03-22 08:16:58.198000-04:00,1,33.996,33.984,WPI,True,1.0,True,1,0,0,0,0,False,False,False,112995304
PSAS25R,627557,PRAVPNK,1,,Treatment,2021-03-22 08:17:00.042000-04:00,2021-03-22 08:18:00.560000-04:00,1,60.518,60.511,0.8660,True,1.0,True,1,1,0,0,0,False,False,False,112995409
PSAS25R,627557,PRAVPNM,1,,Treatment,2021-03-22 08:18:01.999000-04:00,2021-03-22 08:18:57.406000-04:00,1,55.407,55.398,1.7319,True,1.0,True,1,1,0,0,0,False,False,False,112995566
PSAS25R,627557,PRAVPNN,1,,Treatment,2021-03-22 08:18:58.464000-04:00,2021-03-22 08:19:42.663000-04:00,1,44.199,19.948,1,False,0.666666666666667,True,2,1,0,0,0,False,False,False,112995726
PSAS25R,627557,PRAVPNP,1,,Treatment,2021-03-22 08:19:43.703000-04:00,2021-03-22 08:20:21.735000-04:00,1,38.032,38.028,0.7071,True,1.0,True,1,1,0,0,0,False,False,False,112995864
PSAS25R,627557,PRAVPNQ,1,,Treatment,2021-03-22 08:20:22.675000-04:00,2021-03-22 08:20:52.338000-04:00,1,29.663,29.657,0.8660,True,1.0,True,1,1,0,0,0,False,False,False,112995952
PSAS25R,627557,PRAVPNR,1,,Treatment,2021-03-22 08:20:53.494000-04:00,2021-03-22 08:21:11.678000-04:00,1,18.184,18.18,0.5773,True,1.0,True,1,1,0,0,0,False,False,False,112996038
PSAS25R,627560,PRAV3ZU,1,,Unknown,2021-03-22 08:36:48.540000-04:00,2021-03-22 08:37:47.075000-04:00,1,58.535,58.514,WPI,True,1.0,True,1,0,0,0,0,False,False,False,112999102
PSAS25R,627560,PRAVPNK,1,,Treatment,2021-03-22 08:37:49.187000-04:00,2021-03-22 08:44:00.759000-04:00,1,371.572,223.414,8660,False,0.0,False,2,1,1,0,0,False,False,True,112999408
PSAS25R,627560,PRAVPNM,1,,Treatment,2021-03-22 08:44:02.226000-04:00,2021-03-22 08:45:07.978000-04:00,1,65.752,65.713,1.7319,True,1.0,True,1,1,0,0,0,False,False,False,113001090
PSAS25R,627560,PRAVPNN,1,,Treatment,2021-03-22 08:45:09.484000-04:00,2021-03-22 08:46:19.913000-04:00,1,70.429,70.418,0.7071,True,1.0,True,1,1,0,0,0,False,False,False,113001458
PSAS25R,627560,PRAVPNP,1,,Treatment,2021-03-22 08:46:21.035000-04:00,2021-03-22 08:50:22.501000-04:00,1,241.466,41.69,0.7090,False,0.0,True,3,1,0,0,0,False,False,False,113001851
PSAS25R,627560,PRAVPNQ,1,,Treatment,2021-03-22 08:50:23.929000-04:00,2021-03-22 08:52:25.722000-04:00,1,121.793,121.763,0.8660,True,1.0,True,1,1,0,0,0,False,False,False,113003452
PSAS25R,627560,PRAVPNR,1,,Treatment,2021-03-22 08:52:27.337000-04:00,2021-03-22 08:53:39.033000-04:00,1,71.696,71.655,0.5773,True,1.0,True,1,1,0,0,0,False,False,False,113004255
PSAS25R,627560,PRAVPKQ,1,,Treatment,2021-03-22 08:53:40.571000-04:00,2021-03-22 08:54:46.617000-04:00,1,66.046,66.009,0.7072,True,1.0,True,1,1,0,0,0,False,False,False,113004687
PSAS25R,627561,PRAV3ZU,1,,Unknown,2021-03-22 20:21:49.689000-04:00,2021-03-22 20:22:30.633000-04:00,1,40.944,40.933,WPI,True,1.0,True,1,0,0,0,0,False,False,False,113347963
PSAS25R,627561,PRAVPH6,1,,Control,2021-03-22 20:22:32.890000-04:00,2021-03-22 20:24:00.337000-04:00,1,87.447,35.996,0.8660,False,0.0,False,1,1,0,0,0,False,False,True,113348075
PSAS25R,627561,PRAVPJV,1,,Control,2021-03-22 20:24:01.706000-04:00,2021-03-22 20:31:18.791000-04:00,1,437.085,75.39,0.0302,False,0.0,True,2,1,0,0,0,False,False,True,113348325
PSAS25R,627561,PRAVPJ8,1,,Control,2021-03-22 20:31:20.354000-04:00,2021-03-22 20:32:14.324000-04:00,1,53.97,53.96,0.7071,True,1.0,True,1,1,0,0,0,False,False,False,113349552
PSAS25R,627561,PRAVPKK,1,,Control,2021-03-22 20:32:15.982000-04:00,2021-03-22 20:33:13.917000-04:00,1,57.935,57.927,0.7071,True,1.0,True,1,1,0,0,0,False,False,False,113349705
PSAS25R,627561,PRAVPMP,1,,Control,2021-03-22 20:33:15.158000-04:00,2021-03-22 20:33:41.803000-04:00,1,26.645,26.641,0.8660,True,1.0,True,1,1,0,0,0,False,False,False,113349874
PSAS25R,627563,PRAV3ZU,1,,Unknown,2021-03-22 07:51:57.915000-04:00,2021-03-22 07:52:33.543000-04:00,1,35.628,35.617,WPI,True,1.0,True,1,0,0,0,0,False,False,False,112992449
PSAS25R,627563,PRAVPNK,1,,Treatment,2021-03-22 07:52:35.479000-04:00,2021-03-22 07:54:09.123000-04:00,1,93.644,76.453,0.87,False,0.0,True,2,1,1,0,0,False,False,False,112992505
PSAS25R,627563,PRAVPNM,1,,Treatment,2021-03-22 07:54:10.596000-04:00,2021-03-22 07:56:29.902000-04:00,1,139.306,40.348,0.5000,False,0.0,True,2,1,1,0,0,False,False,True,112992690
PSAS25R,627563,PRAVPNN,1,,Treatment,2021-03-22 07:56:32.724000-04:00,2021-03-22 07:57:13.864000-04:00,1,41.14,41.113,0.7071,True,1.0,True,1,1,0,0,0,False,False,False,112992879
PSAS25R,627563,PRAVPNP,1,,Treatment,2021-03-22 07:57:15.077000-04:00,2021-03-22 07:58:49.650000-04:00,1,94.573,94.548,0.7071,True,1.0,True,1,1,0,0,0,False,False,False,112992933
PSAS25R,627563,PRAVPNQ,1,,Treatment,2021-03-22 07:58:51.010000-04:00,2021-03-22 07:59:25.865000-04:00,1,34.855,34.83,0.8660,True,1.0,True,1,1,0,0,0,False,False,False,112993089
PSAS25R,627564,PRAV3ZU,1,,Unknown,2021-03-22 08:47:25.280000-04:00,2021-03-22 08:48:03.501000-04:00,1,38.221,38.219,WPI,True,1.0,True,1,0,0,0,0,False,False,False,113002244
PSAS25R,627564,PRAVPH6,1,,Control,2021-03-22 08:48:04.479000-04:00,2021-03-22 08:51:19.794000-04:00,1,195.315,195.314,0.8660,True,1.0,True,1,1,0,0,0,False,False,False,113002482
PSAS25R,627564,PRAVPJV,1,,Control,2021-03-22 08:51:20.464000-04:00,2021-03-22 08:52:21.161000-04:00,1,60.697,60.696,1.7319,True,1.0,True,1,1,0,0,0,False,False,False,113003836
PSAS25R,627564,PRAVPJ8,1,,Control,2021-03-22 08:52:21.797000-04:00,2021-03-22 08:53:16.464000-04:00,1,54.667,54.666,0.7071,True,1.0,True,1,1,0,0,0,False,False,False,113004223
PSAS25R,627565,PRAV3ZU,1,,Unknown,2021-03-22 07:35:59.060000-04:00,2021-03-22 07:36:40.063000-04:00,1,41.003,40.999,WPI,True,1.0,True,1,0,0,0,0,False,False,False,112991653
PSAS25R,627565,PRAVPH6,1,,Control,2021-03-22 07:36:41.748000-04:00,2021-03-22 07:38:41.939000-04:00,1,120.191,56.274,1.15,False,0.0,True,5,1,0,0,0,False,False,True,112991677
PSAS25R,627565,PRAVPJV,1,,Control,2021-03-22 07:38:42.831000-04:00,2021-03-22 07:42:33.857000-04:00,1,231.026,231.024,1.7319,True,1.0,True,1,1,0,0,0,False,False,False,112991750
PSAS25R,627565,PRAVPJ8,1,,Control,2021-03-22 07:42:34.381000-04:00,2021-03-22 07:43:05.092000-04:00,1,30.711,30.709,0.7071,True,1.0,True,1,1,0,0,0,False,False,False,112991891
PSAS25R,627565,PRAVPKK,1,,Control,2021-03-22 07:43:05.564000-04:00,2021-03-22 07:43:45.562000-04:00,1,39.998,39.997,0.7072,True,1.0,True,1,1,0,0,0,False,False,False,112991917
PSAS25R,627566,PRAV3ZU,1,,Unknown,2021-03-22 07:43:00.393000-04:00,2021-03-22 07:44:31.958000-04:00,1,91.565,91.561,WPI,True,1.0,True,1,0,0,0,0,False,False,False,112991911
PSAS25R,627566,PRAVPNK,1,,Treatment,2021-03-22 07:44:33.599000-04:00,2021-03-22 07:48:38.328000-04:00,1,244.729,244.727,0.8660,True,1.0,True,1,1,0,0,0,False,False,False,112991978
PSAS25R,627566,PRAVPNM,1,,Treatment,2021-03-22 07:48:40.820000-04:00,2021-03-22 08:16:01.999000-04:00,1,1641.179,310.056,1.7139,False,0.0,True,3,1,0,0,0,False,False,False,112992192
PSAS25R,627566,PRAVPNN,1,,Treatment,2021-03-22 08:16:03.115000-04:00,2021-03-22 08:18:02.865000-04:00,1,119.75,119.748,0.707,True,1.0,True,1,1,0,0,0,False,False,False,112995258
PSAS25R,627566,PRAVPNP,1,,Treatment,2021-03-22 08:18:03.905000-04:00,2021-03-22 08:20:55.740000-04:00,1,171.835,171.833,0.7071,True,1.0,True,1,1,0,0,0,False,False,False,112995571
PSAS25R,627566,PRAVPNQ,1,,Treatment,2021-03-22 08:20:57.455000-04:00,2021-03-22 08:22:20.445000-04:00,1,82.99,82.988,0.8660,True,1.0,True,1,1,0,0,0,False,False,False,112996054
PSAS25R,627568,PRAV3ZU,1,,Unknown,2021-03-22 09:23:24.038000-04:00,2021-03-22 09:24:02.570000-04:00,1,38.532,38.517,WPI,True,1.0,True,1,0,0,0,0,False,False,False,113016894
PSAS25R,627568,PRAVPH6,1,,Control,2021-03-22 09:24:04.652000-04:00,2021-03-22 09:25:14.730000-04:00,1,70.078,30.585,0.,False,0.0,True,3,1,0,0,0,False,False,True,113017240
PSAS25R,627568,PRAVPJV,1,,Control,2021-03-22 09:25:15.966000-04:00,,1,,,,,,,0,1,0,0,0,False,False,False,113017798
PSAS25R,627571,PRAV3ZU,1,,Unknown,2021-03-22 08:52:46.934000-04:00,2021-03-22 08:53:34.519000-04:00,1,47.585,47.562,WPI,True,1.0,True,1,0,0,0,0,False,False,False,113004371
PSAS25R,627571,PRAVPNK,1,,Treatment,2021-03-22 08:53:37.765000-04:00,2021-03-22 09:03:14.400000-04:00,1,576.635,576.6,.8660,True,1.0,True,1,1,0,0,0,False,False,False,113004670
PSAS25R,627571,PRAVPNM,1,,Treatment,2021-03-22 09:03:15.950000-04:00,2021-03-22 09:03:55.148000-04:00,1,39.198,39.171,1.7319,True,1.0,True,1,1,0,0,0,False,False,False,113008379
PSAS25R,627571,PRAVPNN,1,,Treatment,2021-03-22 09:03:56.571000-04:00,2021-03-22 09:04:31.883000-04:00,1,35.312,35.286,.7071,True,1.0,True,1,1,0,0,0,False,False,False,113008682
PSAS25R,627573,PRAV3ZU,1,,Unknown,2021-03-22 07:49:56.324000-04:00,2021-03-22 07:50:36.808000-04:00,1,40.484,40.46,WPI,True,1.0,True,1,0,0,0,0,False,False,False,112992269
PSAS25R,627573,PRAVPH6,1,,Control,2021-03-22 07:50:39.187000-04:00,2021-03-22 07:51:06.332000-04:00,1,27.145,27.136,0.866,True,1.0,True,1,1,0,0,0,False,False,False,112992339
PSAS25R,627573,PRAVPJV,1,,Control,2021-03-22 07:51:07.879000-04:00,2021-03-22 07:51:35.154000-04:00,1,27.275,27.27,1.7319,True,1.0,True,1,1,0,0,0,False,False,False,112992373
PSAS25R,627573,PRAVPJ8,1,,Control,2021-03-22 07:51:36.840000-04:00,2021-03-22 07:51:57.734000-04:00,1,20.894,20.885,0.7071,True,1.0,True,1,1,0,0,0,False,False,False,112992417
PSAS25R,627575,PRAV3ZU,1,,Unknown,2021-03-22 08:02:34.403000-04:00,2021-03-22 08:03:02.826000-04:00,1,28.423,28.415,Wpi,False,0.0,True,1,0,0,0,0,False,False,False,112993475
PSAS25R,627575,PRAVPMT,1,,Unknown,2021-03-22 08:03:06.259000-04:00,2021-03-22 08:04:12.578000-04:00,1,66.319,66.305,0.8660,True,1.0,True,1,1,0,0,0,False,False,False,112993527
PSAS25R,627575,PRAVPKS,1,,Unknown,2021-03-22 08:04:13.472000-04:00,2021-03-22 08:04:26.504000-04:00,1,13.032,1.819,0.7072,False,0.0,False,1,1,1,0,0,False,False,True,112993641
PSAS25R,627575,PRAVPMN,1,,Unknown,2021-03-22 08:04:27.392000-04:00,2021-03-22 08:05:01.193000-04:00,1,33.801,33.784,0.5000,True,1.0,True,1,1,0,0,0,False,False,False,112993677
PSAS25R,627575,PRAVPMY,1,,Unknown,2021-03-22 08:05:02.310000-04:00,2021-03-22 08:05:41.873000-04:00,1,39.563,39.546,0.8659,True,1.0,True,1,1,0,0,0,False,False,False,112993750
PSAS25R,627575,PRAVPJ9,1,,Unknown,2021-03-22 08:05:42.683000-04:00,2021-03-22 08:06:39.490000-04:00,1,56.807,18.19,1.0000,False,0.666666666666667,True,2,1,0,0,0,False,False,False,112993835
PSAS25R,627575,PRAVPMS,1,,Unknown,2021-03-22 08:06:40.151000-04:00,2021-03-22 08:07:14.571000-04:00,1,34.42,34.405,0.8659,True,1.0,True,1,1,0,0,0,False,False,False,112993987
PSAS25R,627575,PRAVPJF,1,,Unknown,2021-03-22 08:07:15.272000-04:00,2021-03-22 08:07:58.786000-04:00,1,43.514,43.498,0.8659,True,1.0,True,1,1,0,0,0,False,False,False,112994075
PSAS25R,627575,PRAVPKT,1,,Unknown,2021-03-22 08:07:59.584000-04:00,2021-03-22 08:08:32.893000-04:00,1,33.309,33.294,0.7072,True,1.0,True,1,1,0,0,0,False,False,False,112994178
PSAS25R,627604,PRAV3ZU,1,,Unknown,2021-03-22 08:10:38.660000-04:00,2021-03-22 08:12:55.773000-04:00,1,137.113,137.101,WPI,True,1.0,True,1,0,0,0,0,False,False,False,112994527
PSAS25R,627604,PRAVPH6,1,,Control,2021-03-22 08:12:57.014000-04:00,2021-03-22 08:19:09.774000-04:00,1,372.76,372.748,0.8660,True,1.0,True,1,1,0,0,0,False,False,False,112994845
PSAS25R,627604,PRAVPJV,1,,Control,2021-03-22 08:19:10.608000-04:00,2021-03-22 08:21:08.438000-04:00,1,117.83,117.818,1.7319,True,1.0,True,1,1,0,0,0,False,False,False,112995770
PSAS25R,627604,PRAVPJ8,1,,Control,2021-03-22 08:21:09.193000-04:00,2021-03-22 08:23:19.103000-04:00,1,129.91,129.898,0.7071,True,1.0,True,1,1,0,0,0,False,False,False,112996077
PSAS25R,629877,PRAV3ZU,1,,Unknown,2021-03-22 07:53:27.119000-04:00,2021-03-22 07:53:56.617000-04:00,1,29.498,29.496,WPI,True,1.0,True,1,0,0,0,0,False,False,False,112992605
PSAS25R,629877,PRAVPNK,1,,Treatment,2021-03-22 07:53:58.102000-04:00,2021-03-22 07:58:02.884000-04:00,1,244.782,244.781,.8660,True,1.0,True,1,1,0,0,0,False,False,False,112992664
PSAS25R,629877,PRAVPNM,1,,Treatment,2021-03-22 07:58:03.375000-04:00,2021-03-22 07:58:38.188000-04:00,1,34.813,34.812,1.7319,True,1.0,True,1,1,0,0,0,False,False,False,112993016
PSAS25R,629877,PRAVPNN,1,,Treatment,2021-03-22 07:58:38.717000-04:00,2021-03-22 07:59:06.563000-04:00,1,27.846,27.845,.7071,True,1.0,True,1,1,0,0,0,False,False,False,112993066
PSAS25R,629878,PRAV3ZU,1,,Unknown,2021-03-22 09:36:56.851000-04:00,2021-03-22 09:37:45.497000-04:00,1,48.646,48.637,WPI,True,1.0,True,1,0,0,0,0,False,False,False,113023934
PSAS25R,629878,PRAVPH6,1,,Control,2021-03-22 09:38:04.790000-04:00,2021-03-22 09:41:04.658000-04:00,1,179.868,179.866,0.866007108,True,1.0,True,1,1,0,0,0,False,False,False,113024522
PSAS25R,629878,PRAVPJV,1,,Control,2021-03-22 09:41:07.013000-04:00,2021-03-22 09:41:38.734000-04:00,1,31.721,31.72,1.731997643,True,1.0,True,1,1,0,0,0,False,False,False,113026176
PSAS25R,629878,PRAVPJ8,1,,Control,2021-03-22 09:41:39.189000-04:00,2021-03-22 09:41:58.912000-04:00,1,19.723,19.722,0.707193,True,1.0,True,1,1,0,0,0,False,False,False,113026437
PSAS25R,629880,PRAV3ZU,1,,Unknown,2021-03-22 11:32:17.714000-04:00,2021-03-22 11:33:00.637000-04:00,1,42.923,42.912,WPI,True,1.0,True,1,0,0,0,0,False,False,False,113101111
PSAS25R,629880,PRAVPH6,1,,Control,2021-03-22 11:33:04.041000-04:00,,1,,,,,,,0,1,0,0,0,False,False,False,113101713
PSAS25R,629882,PRAV3ZU,1,,Unknown,2021-03-22 07:50:26.374000-04:00,2021-03-22 07:50:50.001000-04:00,1,23.627,23.624,Worcester Polytechnic Institute,False,0.0,True,1,0,0,0,0,False,False,False,112992312
PSAS25R,629882,PRAVPM7,1,,Unknown,2021-03-22 07:50:54.233000-04:00,2021-03-22 07:52:26.968000-04:00,1,92.735,92.733,0.5773,True,1.0,True,1,1,0,0,0,False,False,False,112992354
PSAS25R,629882,PRAVPJA,1,,Unknown,2021-03-22 07:52:27.911000-04:00,2021-03-22 07:53:20.510000-04:00,1,52.599,52.596,0.8659,True,1.0,True,1,1,0,0,0,False,False,False,112992486
PSAS25R,629882,PRAVPKZ,1,,Unknown,2021-03-22 07:53:21.378000-04:00,2021-03-22 07:53:56.430000-04:00,1,35.052,35.05,1,True,1.0,True,1,1,0,0,0,False,False,False,112992592
PSAS25R,629883,PRAV3ZU,1,,Unknown,2021-03-22 08:26:21.868000-04:00,2021-03-22 08:27:18.810000-04:00,1,56.942,56.933,WPI,True,1.0,True,1,0,0,0,0,False,False,False,112996920
PSAS25R,629883,PRAVPNK,1,,Treatment,2021-03-22 08:27:20.710000-04:00,2021-03-22 08:37:19.609000-04:00,1,598.899,463.527,60.0000,False,0.0,True,3,1,0,0,0,False,False,False,112997083
PSAS25R,629883,PRAVPNM,1,,Treatment,2021-03-22 08:37:20.992000-04:00,2021-03-22 08:38:49.826000-04:00,1,88.834,88.823,1.7319,True,1.0,True,1,1,0,0,0,False,False,False,112999280
PSAS25R,629883,PRAVPNN,1,,Treatment,2021-03-22 08:38:51.599000-04:00,2021-03-22 08:39:57.013000-04:00,1,65.414,65.404,0.7071,True,1.0,True,1,1,0,0,0,False,False,False,112999689
PSAS25R,629883,PRAVPNP,1,,Treatment,2021-03-22 08:39:58.270000-04:00,2021-03-22 08:41:19.992000-04:00,1,81.722,81.712,0.7071,True,1.0,True,1,1,0,0,0,False,False,False,112999947
PSAS25R,629884,PRAV3ZU,1,,Unknown,2021-03-22 10:17:42.095000-04:00,2021-03-22 10:18:22.892000-04:00,1,40.797,40.786,WPI,True,1.0,True,1,0,0,0,0,False,False,False,113050023
PSAS25R,629884,PRAVPNK,1,,Treatment,2021-03-22 10:18:24.851000-04:00,2021-03-22 10:19:39.114000-04:00,1,74.263,74.258,0.866007108,True,1.0,True,1,1,0,0,0,False,False,False,113050504
PSAS25R,629884,PRAVPNM,1,,Treatment,2021-03-22 10:19:40.534000-04:00,2021-03-22 10:20:28.905000-04:00,1,48.371,48.361,1.731997643,True,1.0,True,1,1,0,0,0,False,False,False,113051427
PSAS25R,629884,PRAVPNN,1,,Treatment,2021-03-22 10:20:30.059000-04:00,2021-03-22 10:21:04.640000-04:00,1,34.581,34.572,0.707193008,True,1.0,True,1,1,0,0,0,False,False,False,113052004
PSAS25R,629886,PRAV3ZU,1,,Unknown,2021-03-22 08:05:33.834000-04:00,2021-03-22 08:06:20.984000-04:00,1,47.15,47.148,WPI,True,1.0,True,1,0,0,0,0,False,False,False,112993814
PSAS25R,629886,PRAVPNK,1,,Treatment,2021-03-22 08:06:32.511000-04:00,2021-03-22 08:11:41.353000-04:00,1,308.842,231.051,50,False,0.333333333333333,True,2,1,0,0,0,False,False,False,112993965
PSAS25R,629886,PRAVPNM,1,,Treatment,2021-03-22 08:11:44.454000-04:00,2021-03-22 08:14:33.257000-04:00,1,168.803,55.751,0.8659,False,0.333333333333333,True,2,1,0,0,0,False,False,False,112994691
PSAS25R,629886,PRAVPNN,1,,Treatment,2021-03-22 08:14:33.951000-04:00,2021-03-22 08:16:20.810000-04:00,1,106.859,106.857,0.70719300759,True,1.0,True,1,1,0,0,0,False,False,False,112995023
PSAS25R,629886,PRAVPNP,1,,Treatment,2021-03-22 08:16:22.798000-04:00,2021-03-22 08:17:12.362000-04:00,1,49.564,49.562,0.7071924538,True,1.0,True,1,1,0,0,0,False,False,False,112995302
PSAS25R,629886,PRAVPNQ,1,,Treatment,2021-03-22 08:17:13.155000-04:00,2021-03-22 08:17:54.049000-04:00,1,40.894,40.893,0.86600306278,True,1.0,True,1,1,0,0,0,False,False,False,112995436
PSAS25R,629887,PRAV3ZU,1,,Unknown,2021-03-22 07:41:56.597000-04:00,2021-03-22 07:42:24.338000-04:00,1,27.741,27.739,WPI,True,1.0,True,1,0,0,0,0,False,False,False,112991855
PSAS25R,629887,PRAVPH6,1,,Control,2021-03-22 07:42:26.128000-04:00,2021-03-22 07:48:07.013000-04:00,1,340.885,340.882,0.8660,True,1.0,True,1,1,0,0,0,False,False,False,112991881
PSAS25R,629887,PRAVPJV,1,,Control,2021-03-22 07:48:23.564000-04:00,2021-03-22 07:49:02.657000-04:00,1,39.093,39.091,1.7320,True,1.0,True,1,1,0,0,0,False,False,False,112992177
PSAS25R,629887,PRAVPJ8,1,,Control,2021-03-22 07:49:22.254000-04:00,2021-03-22 07:50:02.890000-04:00,1,40.636,40.633,0.7072,True,1.0,True,1,1,0,0,0,False,False,False,112992231
PSAS25R,629890,PRAV3ZU,1,,Unknown,2021-03-22 07:39:09.486000-04:00,2021-03-22 07:39:46.222000-04:00,1,36.736,36.734,WPI,True,1.0,True,1,0,0,0,0,False,False,False,112991764
PSAS25R,629890,PRAVPH6,1,,Control,2021-03-22 07:39:48.462000-04:00,2021-03-22 07:48:06.067000-04:00,1,497.605,497.597,0.8660,True,1.0,True,1,1,0,0,0,False,False,False,112991783
PSAS25R,629890,PRAVPJV,1,,Control,2021-03-22 07:48:23.831000-04:00,2021-03-22 07:49:11.002000-04:00,1,47.171,47.169,1.732,True,1.0,True,1,1,0,0,0,False,False,False,112992179
PSAS25R,629890,PRAVPJ8,1,,Control,2021-03-22 07:49:11.492000-04:00,2021-03-22 07:49:58.312000-04:00,1,46.82,46.819,0.707,True,1.0,True,1,1,0,0,0,False,False,False,112992218
PSAS25R,629892,PRAV3ZU,1,,Unknown,2021-03-22 11:25:08.888000-04:00,2021-03-22 11:26:07.649000-04:00,1,58.761,58.759,WPI,True,1.0,True,1,0,0,0,0,False,False,False,113095774
PSAS25R,629892,PRAVPNK,1,,Treatment,2021-03-22 11:26:08.791000-04:00,2021-03-22 11:32:56.864000-04:00,1,408.073,408.071,0.8660,True,1.0,True,1,1,0,0,0,False,False,False,113096459
PSAS25R,629892,PRAVPNM,1,,Treatment,2021-03-22 11:32:58.390000-04:00,2021-03-22 11:34:46.643000-04:00,1,108.253,108.252,1.7319,True,1.0,True,1,1,0,0,0,False,False,False,113101647
PSAS25R,629892,PRAVPNN,1,,Treatment,2021-03-22 11:34:47.275000-04:00,2021-03-22 11:36:39.593000-04:00,1,112.318,112.317,0.7071,True,1.0,True,1,1,0,0,0,False,False,False,113102925
PSAS25R,629893,PRAV3ZU,1,,Unknown,2021-03-22 07:52:53.158000-04:00,2021-03-22 07:53:34.159000-04:00,1,41.001,40.991,WPI,True,1.0,True,1,0,0,0,0,False,False,False,112992542
PSAS25R,629893,PRAVPH6,1,,Control,2021-03-22 07:53:37.616000-04:00,2021-03-22 08:04:08.420000-04:00,1,630.804,630.772,0.8660,True,1.0,True,1,1,0,0,0,False,False,False,112992631
PSAS25R,629893,PRAVPJV,1,,Control,2021-03-22 08:04:10.121000-04:00,2021-03-22 08:07:28.172000-04:00,1,198.051,198.039,1.7320,True,1.0,True,1,1,0,0,0,False,False,False,112993633
PSAS25R,629893,PRAVPJ8,1,,Control,2021-03-22 08:07:30.447000-04:00,2021-03-22 08:09:17.126000-04:00,1,106.679,106.668,0.7072,True,1.0,True,1,1,0,0,0,False,False,False,112994112
PSAS25R,629895,PRAV3ZU,1,,Unknown,2021-03-22 07:52:42.378000-04:00,2021-03-22 07:53:33.504000-04:00,1,51.126,51.116,WPI,True,1.0,True,1,0,0,0,0,False,False,False,112992518
PSAS25R,629895,PRAVPNK,1,,Treatment,2021-03-22 07:53:36.309000-04:00,2021-03-22 08:03:26.446000-04:00,1,590.137,294.206,0.6607,False,0.333333333333333,True,2,1,0,0,0,False,False,False,112992629
PSAS25R,629895,PRAVPNM,1,,Treatment,2021-03-22 08:03:27.859000-04:00,2021-03-22 08:07:31.384000-04:00,1,243.525,243.516,1.7320,True,1.0,True,1,1,0,0,0,False,False,False,112993560
PSAS25R,629895,PRAVPNN,1,,Treatment,2021-03-22 08:07:32.552000-04:00,2021-03-22 08:09:13.240000-04:00,1,100.688,100.678,0.7072,True,1.0,True,1,1,0,0,0,False,False,False,112994119
PSAS25R,629895,PRAVPNP,1,,Treatment,2021-03-22 08:09:14.839000-04:00,2021-03-22 08:10:37.775000-04:00,1,82.936,82.926,0.7072,True,1.0,True,1,1,0,0,0,False,False,False,112994347
PSAS25R,629897,PRAV3ZU,1,,Unknown,2021-03-22 09:50:29.796000-04:00,2021-03-22 09:51:17.350000-04:00,1,47.554,47.546,Worcester Polytechnic Institute,False,0.0,True,1,0,0,0,0,False,False,False,113030810
PSAS25R,629897,PRAVPK7,1,,Unknown,2021-03-22 09:51:20.301000-04:00,2021-03-22 09:55:54.354000-04:00,1,274.053,228.838,45,False,0.666666666666667,True,2,1,0,0,0,False,False,False,113031242
PSAS25R,629897,PRAVPJ9,1,,Unknown,2021-03-22 09:55:56.160000-04:00,2021-03-22 09:57:30.041000-04:00,1,93.881,28.12,0.7071,False,0.0,True,3,1,1,0,0,False,False,True,113033773
PSAS25R,629897,PRAVPMU,1,,Unknown,2021-03-22 09:57:31.976000-04:00,2021-03-22 09:58:28.455000-04:00,1,56.479,56.476,0.8661,True,1.0,True,1,1,0,0,0,False,False,False,113034821
PSAS25R,629897,PRAVPJM,1,,Unknown,2021-03-22 09:58:29.292000-04:00,2021-03-22 09:59:11.913000-04:00,1,42.621,42.614,0.5,True,1.0,True,1,1,0,0,0,False,False,False,113035503
PSAS25R,629897,PRAVPKC,1,,Unknown,2021-03-22 09:59:12.728000-04:00,2021-03-22 10:01:03.019000-04:00,1,110.291,110.286,0.7072,True,1.0,True,1,1,0,0,0,False,False,False,113036058
PSAS25R,629898,PRAV3ZU,1,,Unknown,2021-03-22 08:38:21.602000-04:00,2021-03-22 08:38:57.100000-04:00,1,35.498,35.488,WPI,True,1.0,True,1,0,0,0,0,False,False,False,112999559
PSAS25R,629898,PRAVPH6,1,,Control,2021-03-22 08:38:59.276000-04:00,2021-03-22 08:40:42.516000-04:00,1,103.24,103.201,0.86600711,True,1.0,True,1,1,0,0,0,False,False,False,112999726
PSAS25R,629898,PRAVPJV,1,,Control,2021-03-22 08:40:44.236000-04:00,2021-03-22 08:41:32.421000-04:00,1,48.185,48.159,1.73199764,True,1.0,True,1,1,0,0,0,False,False,False,113000140
PSAS25R,629898,PRAVPJ8,1,,Control,2021-03-22 08:41:33.953000-04:00,2021-03-22 08:42:09.635000-04:00,1,35.682,35.674,0.70719301,True,1.0,True,1,1,0,0,0,False,False,False,113000365
PSAS25R,629901,PRAV3ZU,1,,Unknown,2021-03-22 10:55:13.568000-04:00,2021-03-22 10:56:01.389000-04:00,1,47.821,47.817,Worcester Polytechnic Institute,False,0.0,True,1,0,0,0,0,False,False,False,113074648
PSAS25R,629901,PRAVPM3,1,,Unknown,2021-03-22 10:56:02.957000-04:00,2021-03-22 11:00:14.002000-04:00,1,251.045,227.259,30,False,0.0,True,2,1,0,0,0,False,False,True,113075203
PSAS25R,629901,PRAVPMU,1,,Unknown,2021-03-22 11:00:15.405000-04:00,2021-03-22 11:02:44.623000-04:00,1,149.218,36.276,0.866107576633892,False,0.0,False,1,1,1,0,0,False,False,True,113078376
PSAS25R,629901,PRAVPMN,1,,Unknown,2021-03-22 11:02:45.429000-04:00,2021-03-22 11:03:37.320000-04:00,1,51.891,11.257,0.5,False,0.666666666666667,False,1,1,0,0,0,False,False,False,113080300
PSAS25R,629901,PRAVPJT,1,,Unknown,2021-03-22 11:03:37.748000-04:00,2021-03-22 11:04:16.611000-04:00,1,38.863,9.033,0.5,False,0.666666666666667,False,1,1,0,0,0,False,False,False,113080981
PSAS25R,629901,PRAVPJR,1,,Unknown,2021-03-22 11:04:17.077000-04:00,2021-03-22 11:04:39.501000-04:00,1,22.424,22.423,0.5,True,1.0,True,1,1,0,0,0,False,False,False,113081465
PSAS25R,629901,PRAVPKY,1,,Unknown,2021-03-22 11:04:40.043000-04:00,2021-03-22 11:05:36.518000-04:00,1,56.475,5.197,0.5,False,0.333333333333333,True,2,1,0,0,0,False,False,False,113081776
PSAS25R,629901,PRAVPMH,1,,Unknown,2021-03-22 11:05:37.044000-04:00,2021-03-22 11:06:58.049000-04:00,1,81.005,81.003,0.5,True,1.0,True,1,1,0,0,0,False,False,False,113082554
PSAS25R,629901,PRAVPKJ,1,,Unknown,2021-03-22 11:06:58.475000-04:00,2021-03-22 11:07:30.644000-04:00,1,32.169,32.167,0.7071,True,1.0,True,1,1,0,0,0,False,False,False,113083640
PSAS25R,629901,PRAVPK5,1,,Unknown,2021-03-22 11:07:31.090000-04:00,2021-03-22 11:08:04.878000-04:00,1,33.788,33.787,1,True,1.0,True,1,1,0,0,0,False,False,False,113084055
PSAS25R,629904,PRAV3ZU,1,,Unknown,2021-03-22 07:56:16.294000-04:00,2021-03-22 07:56:58.250000-04:00,1,41.956,41.952,WPI,True,1.0,True,1,0,0,0,0,False,False,False,112992859
PSAS25R,629904,PRAVPH6,1,,Control,2021-03-22 07:57:01.159000-04:00,2021-03-22 08:05:36.423000-04:00,1,515.264,484.259,0.8660,False,0.0,False,1,1,0,0,0,False,False,True,112992911
PSAS25R,629904,PRAVPJV,1,,Control,2021-03-22 08:05:36.930000-04:00,2021-03-22 08:07:29.454000-04:00,1,112.524,112.523,1.7321,True,1.0,True,1,1,0,0,0,False,False,False,112993822
PSAS25R,629904,PRAVPJ8,1,,Control,2021-03-22 08:07:31.111000-04:00,2021-03-22 08:08:46.561000-04:00,1,75.45,75.449,0.7072,True,1.0,True,1,1,0,0,0,False,False,False,112994114
PSAS25R,629904,PRAVPKK,1,,Control,2021-03-22 08:08:46.984000-04:00,2021-03-22 08:10:20.984000-04:00,1,94.0,52.396,0.7091,False,0.333333333333333,True,3,1,0,0,0,False,False,False,112994288
PSAS25R,629904,PRAVPMP,1,,Control,2021-03-22 08:10:21.540000-04:00,2021-03-22 08:11:44.793000-04:00,1,83.253,83.252,0.8660,True,1.0,True,1,1,0,0,0,False,False,False,112994485
PSAS25R,629904,PRAVPM2,1,,Control,2021-03-22 08:11:45.204000-04:00,2021-03-22 08:12:16.857000-04:00,1,31.653,31.652,0.5774,True,1.0,True,1,1,0,0,0,False,False,False,112994693
PSAS25R,629904,PRAVPKQ,1,,Control,2021-03-22 08:12:17.280000-04:00,2021-03-22 08:12:43.211000-04:00,1,25.931,25.93,0.7073,True,1.0,True,1,1,0,0,0,False,False,False,112994759
PSAS25R,629906,PRAV3ZU,1,,Unknown,2021-03-22 08:10:32.283000-04:00,2021-03-22 08:11:30.014000-04:00,1,57.731,57.718,WPI,True,1.0,True,1,0,0,0,0,False,False,False,112994512
PSAS25R,629906,PRAVPNK,1,,Treatment,2021-03-22 08:11:32.560000-04:00,2021-03-22 08:14:48.986000-04:00,1,196.426,196.418,0.8660,True,1.0,True,1,1,0,0,0,False,False,False,112994668
PSAS25R,629906,PRAVPNM,1,,Treatment,2021-03-22 08:14:51.495000-04:00,2021-03-22 08:15:52.014000-04:00,1,60.519,60.509,1.7320,True,1.0,True,1,1,0,0,0,False,False,False,112995063
PSAS25R,629906,PRAVPNN,1,,Treatment,2021-03-22 08:15:52.859000-04:00,2021-03-22 08:16:29.025000-04:00,1,36.166,36.156,0.7071,True,1.0,True,1,1,0,0,0,False,False,False,112995233
PSAS25R,629932,PRAV3ZU,1,,Unknown,2021-03-22 11:22:55.523000-04:00,2021-03-22 11:23:38.538000-04:00,1,43.015,43.004,WPI,True,1.0,True,1,0,0,0,0,False,False,False,113094346
PSAS25R,629932,PRAVPNK,1,,Treatment,2021-03-22 11:23:40.379000-04:00,2021-03-22 11:24:38.232000-04:00,1,57.853,57.844,0.8660,True,1.0,True,1,1,0,0,0,False,False,False,113094824
PSAS25R,629932,PRAVPNM,1,,Treatment,2021-03-22 11:24:39.373000-04:00,2021-03-22 11:25:25.369000-04:00,1,45.996,45.993,1.7319,True,1.0,True,1,1,0,0,0,False,False,False,113095461
PSAS25R,629932,PRAVPNN,1,,Treatment,2021-03-22 11:25:26.751000-04:00,2021-03-22 11:26:04.488000-04:00,1,37.737,37.703,0.7071,True,1.0,True,1,1,0,0,0,False,False,False,113095996
PSAS25R,629939,PRAV3ZU,1,,Unknown,2021-03-22 11:23:25.606000-04:00,2021-03-22 11:24:02.986000-04:00,1,37.38,37.37,WPI,True,1.0,True,1,0,0,0,0,False,False,False,113094657
PSAS25R,629939,PRAVPNK,1,,Treatment,2021-03-22 11:24:09.223000-04:00,2021-03-22 11:27:32.323000-04:00,1,203.1,203.072,0.8660,True,1.0,True,1,1,0,0,0,False,False,False,113095147
PSAS25R,629939,PRAVPNM,1,,Treatment,2021-03-22 11:27:37.653000-04:00,2021-03-22 11:29:30.551000-04:00,1,112.898,112.875,1.7320,True,1.0,True,1,1,0,0,0,False,False,False,113097466
PSAS25R,629939,PRAVPNN,1,,Treatment,2021-03-22 11:29:31.730000-04:00,2021-03-22 11:31:05.474000-04:00,1,93.744,93.734,0.7072,True,1.0,True,1,1,0,0,0,False,False,False,113098938
PSAS25R,629942,PRAV3ZU,1,,Unknown,2021-03-22 08:23:29.474000-04:00,2021-03-22 08:24:14.942000-04:00,1,45.468,45.457,WPI,True,1.0,True,1,0,0,0,0,False,False,False,112996473
PSAS25R,629942,PRAVPNK,1,,Treatment,2021-03-22 08:24:17.483000-04:00,2021-03-22 08:26:42.987000-04:00,1,145.504,129.251,1865,False,0.0,False,1,1,1,0,0,False,False,True,112996595
PSAS25R,629942,PRAVPNM,1,,Treatment,2021-03-22 08:26:56.779000-04:00,2021-03-22 08:29:31.038000-04:00,1,154.259,21.01,1732,False,0.333333333333333,False,2,1,0,0,0,False,False,False,112997010
PSAS25R,629942,PRAVPNN,1,,Treatment,2021-03-22 08:29:32.181000-04:00,2021-03-22 08:30:41.811000-04:00,1,69.63,32.501,1,False,0.0,True,3,1,1,0,0,False,False,True,112997445
PSAS25R,629942,PRAVPNP,1,,Treatment,2021-03-22 08:30:43.204000-04:00,2021-03-22 08:31:26.615000-04:00,1,43.411,43.387,0.707,True,1.0,True,1,1,0,0,0,False,False,False,112997640
PSAS25R,629942,PRAVPNQ,1,,Treatment,2021-03-22 08:31:28.338000-04:00,2021-03-22 09:05:02.476000-04:00,1,2014.138,1997.731,0.577,False,0.0,True,2,1,1,0,0,False,False,True,112997795
PSAS25R,629942,PRAVPNR,1,,Treatment,2021-03-22 09:05:03.988000-04:00,2021-03-22 09:07:44.942000-04:00,1,160.954,44.072,0.500,False,0.0,True,3,1,0,0,0,False,False,False,113009164
PSAS25R,629942,PRAVPKQ,1,,Treatment,2021-03-22 09:07:46.476000-04:00,2021-03-22 09:08:16.455000-04:00,1,29.979,29.955,0.7072,True,1.0,True,1,1,0,0,0,False,False,False,113010291
PSAS25R,629942,PRAVPJG,1,,Treatment,2021-03-22 09:08:17.592000-04:00,2021-03-22 09:09:37.454000-04:00,1,79.862,79.831,0.8659,True,1.0,True,1,1,0,0,0,False,False,False,113010528
PSAS25R,629942,PRAVPJW,1,,Treatment,2021-03-22 09:09:38.760000-04:00,2021-03-22 09:10:21.774000-04:00,1,43.014,42.991,1.7320,True,1.0,True,1,1,0,0,0,False,False,False,113011049
PSAS25R,629945,PRAV3ZU,1,,Unknown,2021-03-22 09:36:29.653000-04:00,2021-03-22 09:37:18.684000-04:00,1,49.031,49.024,WPI,True,1.0,True,1,0,0,0,0,False,False,False,113023706
PSAS25R,629945,PRAVPH6,1,,Control,2021-03-22 09:37:21.511000-04:00,2021-03-22 09:40:46.457000-04:00,1,204.946,204.941,0.8660,True,1.0,True,1,1,0,0,0,False,False,False,113024170
PSAS25R,629945,PRAVPJV,1,,Control,2021-03-22 09:40:47.802000-04:00,2021-03-22 09:41:33.917000-04:00,1,46.115,46.111,1.7319,True,1.0,True,1,1,0,0,0,False,False,False,113026006
PSAS25R,629945,PRAVPJ8,1,,Control,2021-03-22 09:41:34.915000-04:00,2021-03-22 09:42:04.197000-04:00,1,29.282,29.279,0.7071,True,1.0,True,1,1,0,0,0,False,False,False,113026397
PSAS25R,670570,PRAV3ZU,1,,Unknown,2020-11-25 01:44:24.408000-05:00,2020-11-25 01:44:50.204000-05:00,1,25.796,25.784,WPI,True,1.0,True,1,0,0,0,0,False,False,False,78512680
PSAS25R,670570,PRAVPH6,1,,Control,2020-11-25 01:44:54.631000-05:00,2020-11-28 23:48:38.504000-05:00,2,338623.873,337428.521,0.5,False,0.666666666666667,True,2,1,0,0,0,False,False,False,78512688
PSAS25R,670570,PRAVPJV,1,,Control,2020-11-28 23:48:40.758000-05:00,2020-11-28 23:52:02.195000-05:00,1,201.437,201.428,1.732,True,1.0,True,1,1,0,0,0,False,False,False,78633075
PSAS25R,670570,PRAVPJ8,1,,Control,2020-11-28 23:52:04.275000-05:00,2020-11-28 23:54:05.158000-05:00,1,120.883,120.876,0.707,True,1.0,True,1,1,0,0,0,False,False,False,78633099
PSAS25R,670570,PRAVPKK,1,,Control,2020-11-28 23:54:07.150000-05:00,2020-11-28 23:56:34.320000-05:00,1,147.17,115.337,0.707,False,0.666666666666667,True,2,1,0,0,0,False,False,False,78633111
PSAS25R,670570,PRAVPMP,1,,Control,2020-11-28 23:56:37.737000-05:00,2020-11-29 00:04:24.815000-05:00,1,467.078,271.236,0.577,False,0.0,True,7,1,0,0,0,False,False,False,78633139
PSAS25R,670570,PRAVPM2,1,,Control,2020-11-29 00:04:49.120000-05:00,,1,213.076,121.619,1.732,False,0.333333333333333,True,2,1,0,0,0,False,False,False,78633215
PSAS25R,670965,PRAV3ZU,1,,Unknown,2020-12-16 07:50:17.865000-05:00,2020-12-16 07:50:57.950000-05:00,1,40.085,40.074,WPI,True,1.0,True,1,0,0,0,0,False,False,False,86054291
PSAS25R,670965,PRAVPNK,1,,Treatment,2020-12-16 07:51:05.773000-05:00,2020-12-16 08:47:33.488000-05:00,1,3387.715,3387.663,.8660,True,1.0,True,1,1,0,0,0,False,False,False,86054350
PSAS25R,670965,PRAVPNM,1,,Treatment,2020-12-16 08:47:37.930000-05:00,2020-12-16 08:48:40.821000-05:00,1,62.891,62.881,1.7320,True,1.0,True,1,1,0,0,0,False,False,False,86067617
PSAS25R,670965,PRAVPNN,1,,Treatment,2020-12-16 08:48:42.437000-05:00,2020-12-16 08:49:25.137000-05:00,1,42.7,42.69,.7071,True,1.0,True,1,1,0,0,0,False,False,False,86068028
PSAS25R,670977,PRAV3ZU,1,,Unknown,2020-11-23 13:34:22.648000-05:00,2020-11-30 07:40:13.416000-05:00,2,583550.768,583550.763,no,False,0.0,True,1,0,0,0,0,False,False,False,78010098
PSAS25R,670977,PRAVPKM,1,,Unknown,2020-11-30 07:40:15.934000-05:00,2020-11-30 09:49:57.469000-05:00,1,7781.535,7492.108,0.707331,False,0.0,False,3,1,1,0,0,False,False,True,78684314
PSAS25R,670977,PRAVPMY,1,,Unknown,2020-11-30 09:50:02.050000-05:00,2020-11-30 09:52:47.667000-05:00,1,165.617,165.613,0.865987,True,1.0,True,1,1,0,0,0,False,False,False,78737295
PSAS25R,670977,PRAVPJH,1,,Unknown,2020-11-30 09:52:48.832000-05:00,2020-11-30 09:54:31.924000-05:00,1,103.092,103.088,0.5,True,1.0,True,1,1,0,0,0,False,False,False,78739671
PSAS25R,670977,PRAVPKY,1,,Unknown,2020-11-30 09:54:33.402000-05:00,2020-11-30 09:56:12.642000-05:00,1,99.24,99.236,1,True,1.0,True,1,1,0,0,0,False,False,False,78741239
PSAS25R,671002,PRAV3ZU,1,,Unknown,2020-11-30 21:08:34.248000-05:00,2020-11-30 21:10:36.195000-05:00,1,121.947,121.942,Worcester Polytechnic Institute,False,0.0,True,1,0,0,0,0,False,False,False,79298114
PSAS25R,671002,PRAVPKV,1,,Unknown,2020-11-30 21:10:44.381000-05:00,2020-11-30 21:16:11.881000-05:00,1,327.5,270.963,12.0870,False,0.0,True,3,1,1,0,0,False,False,True,79298661
PSAS25R,671002,PRAVPMK,1,,Unknown,2020-11-30 21:16:13.119000-05:00,2020-11-30 21:22:10.842000-05:00,1,357.723,331.201,0.5,False,0.0,False,1,1,1,0,0,False,False,True,79299878
PSAS25R,671002,PRAVPMS,1,,Unknown,2020-11-30 21:22:12.203000-05:00,2020-11-30 21:22:28.649000-05:00,1,16.446,2.611,0.8659,False,0.0,False,1,1,1,0,0,False,False,True,79301073
PSAS25R,671002,PRAVPJ9,1,,Unknown,2020-11-30 21:22:30.192000-05:00,2020-11-30 21:33:42.476000-05:00,1,672.284,92.831,0.7072,False,0.0,False,1,1,1,0,0,False,False,True,79301145
PSAS25R,671002,PRAVPJJ,1,,Unknown,2020-11-30 21:33:44.107000-05:00,2020-11-30 21:46:37.390000-05:00,1,773.283,416.045,0.8660,False,0.0,False,2,1,1,0,0,False,False,True,79303552
PSAS25R,671002,PRAVPK4,1,,Unknown,2020-11-30 21:46:46.243000-05:00,2020-11-30 21:47:51.863000-05:00,1,65.62,65.617,1,True,1.0,True,1,1,0,0,0,False,False,False,79306115
PSAS25R,671002,PRAVPMY,1,,Unknown,2020-11-30 21:47:53.298000-05:00,2020-11-30 21:49:08.309000-05:00,1,75.011,75.009,0.8659,True,1.0,True,1,1,0,0,0,False,False,False,79306319
PSAS25R,671002,PRAVPKX,1,,Unknown,2020-11-30 21:49:09.563000-05:00,2020-11-30 21:50:24.455000-05:00,1,74.892,74.89,1,True,1.0,True,1,1,0,0,0,False,False,False,79306523
PSAS25R,672323,PRAV3ZU,1,,Unknown,2020-12-05 02:41:26.831000-05:00,2020-12-30 00:21:06.621000-05:00,2,2151579.79,2151579.785,yes,False,0.0,True,1,0,0,0,0,False,False,False,81845138
PSAS25R,672323,PRAVPJF,1,,Unknown,2020-12-30 00:21:09.874000-05:00,2020-12-30 00:22:38.933000-05:00,1,89.059,15.053,0.70331,False,0.0,True,5,1,0,0,0,False,False,True,87473484
PSAS25R,672323,PRAVPM4,1,,Unknown,2020-12-30 00:22:40.852000-05:00,2020-12-30 00:24:07.578000-05:00,1,86.726,13.465,0.865987,False,0.0,True,4,1,0,0,0,False,False,True,87473492
PSAS25R,672323,PRAVPKT,1,,Unknown,2020-12-30 00:24:09.096000-05:00,2020-12-30 00:24:50.066000-05:00,1,40.97,4.01,0.5,False,0.0,True,3,1,1,0,0,False,False,True,87473499
PSAS25R,672323,PRAVPMJ,1,,Unknown,2020-12-30 00:24:51.448000-05:00,2020-12-30 00:25:09.189000-05:00,1,17.741,3.282,1,False,0.0,True,4,1,1,0,0,False,False,True,87473505
PSAS25R,672323,PRAVPNB,1,,Unknown,2020-12-30 00:25:10.189000-05:00,2020-12-30 00:25:44.851000-05:00,1,34.662,11.673,1,False,0.0,True,3,1,1,0,0,False,False,True,87473508
PSAS25R,672323,PRAVPKN,1,,Unknown,2020-12-30 00:25:45.891000-05:00,2020-12-30 00:26:25.840000-05:00,1,39.949,27.61,1,False,0.0,True,2,1,1,0,0,False,False,True,87473511
PSAS25R,672323,PRAVPMD,1,,Unknown,2020-12-30 00:26:27.278000-05:00,2020-12-30 00:26:43.076000-05:00,1,15.798,9.334,1,False,0.0,True,2,1,1,0,0,False,False,True,87473513
PSAS25R,672323,PRAVPJP,1,,Unknown,2020-12-30 00:26:45.414000-05:00,2020-12-30 00:29:32.770000-05:00,2,167.356,3.102,1,False,0.0,True,4,1,1,0,0,False,False,True,87473515
PSAS25R,672323,PRAVPK7,1,,Unknown,2020-12-30 00:29:33.969000-05:00,,1,,,,,,,0,1,0,0,0,False,False,False,87473524
PSAS25R,672452,PRAV3ZU,1,,Unknown,2020-11-30 09:25:28.341000-05:00,2020-11-30 09:26:18.491000-05:00,1,50.15,50.145,Worcester Polytechnic Institue,False,0.0,True,1,0,0,0,0,False,False,False,78716906
PSAS25R,672452,PRAVPM4,1,,Unknown,2020-11-30 09:26:21.066000-05:00,2020-11-30 14:25:19.987000-05:00,2,17938.921,17870.734,6.657,False,0.0,True,3,1,0,0,0,False,False,True,78717566
PSAS25R,672452,PRAVPJ9,1,,Unknown,2020-11-30 14:25:21.758000-05:00,2020-11-30 14:26:20.412000-05:00,1,58.654,35.09,1,False,0.666666666666667,True,2,1,0,0,0,False,False,False,79070159
PSAS25R,672452,PRAVPJT,1,,Unknown,2020-11-30 14:26:26.775000-05:00,2020-11-30 14:27:36.058000-05:00,1,69.283,69.281,0.5,True,1.0,True,1,1,0,0,0,False,False,False,79071668
PSAS25R,672452,PRAVPM5,1,,Unknown,2020-11-30 14:27:48.349000-05:00,2020-11-30 14:29:06.002000-05:00,1,77.653,77.65,0.5773,True,1.0,True,1,1,0,0,0,False,False,False,79073454
PSAS25R,672452,PRAVPKD,1,,Unknown,2020-11-30 14:29:07.728000-05:00,2020-11-30 14:30:19.828000-05:00,1,72.1,50.7,0.7019,False,0.666666666666667,True,2,1,0,0,0,False,False,False,79075214
PSAS25R,672452,PRAVPMA,1,,Unknown,2020-11-30 14:30:23.250000-05:00,2020-11-30 14:31:19.687000-05:00,1,56.437,56.433,0.5,True,1.0,True,1,1,0,0,0,False,False,False,79076980
PSAS25R,672452,PRAVPM9,1,,Unknown,2020-11-30 14:31:21.845000-05:00,2020-11-30 14:31:52.842000-05:00,1,30.997,30.994,0.5773,True,1.0,True,1,1,0,0,0,False,False,False,79078197
PSAS25R,672452,PRAVPKT,1,,Unknown,2020-11-30 14:31:55.367000-05:00,2020-11-30 14:33:10.031000-05:00,1,74.664,74.662,0.7072,True,1.0,True,1,1,0,0,0,False,False,False,79078928
PSAS25R,679873,PRAV3ZU,1,,Unknown,2020-12-01 13:36:30.153000-05:00,2020-12-01 13:37:14.535000-05:00,1,44.382,44.376,Worcester Polytechnic Institute,False,0.0,True,1,0,0,0,0,False,False,False,79701583
PSAS25R,679873,PRAVPK7,1,,Unknown,2020-12-01 13:37:17.856000-05:00,,1,58.701,44.201,,False,0.333333333333333,False,0,1,1,0,0,False,False,False,79702691
PSAS25R,682194,PRAV3ZU,1,,Unknown,2020-12-03 16:14:26.980000-05:00,2020-12-03 16:15:32.998000-05:00,1,66.018,66.008,Worcester polytechnic Institute,False,0.0,True,1,0,0,0,0,False,False,False,81224468
PSAS25R,682194,PRAVPMQ,1,,Unknown,2020-12-03 16:15:35.833000-05:00,,2,192835.824,192810.394,4.5555,False,0.0,True,2,1,0,0,0,False,False,False,81225277
PSAS25R,693158,PRAV3ZU,1,,Unknown,2020-12-02 08:32:04.588000-05:00,2020-12-02 08:32:39.038000-05:00,1,34.45,34.445,WPI,True,1.0,True,1,0,0,0,0,False,False,False,80048929
PSAS25R,693158,PRAVPNK,1,,Treatment,2020-12-02 08:32:42.264000-05:00,2020-12-02 08:35:12.529000-05:00,1,150.265,37.963,8,False,0.0,True,3,1,1,0,0,False,False,True,80049167
PSAS25R,693158,PRAVPNM,1,,Treatment,2020-12-02 08:35:17.858000-05:00,2020-12-02 08:38:47.181000-05:00,1,209.323,175.226,1.7320,False,0.666666666666667,False,1,1,0,0,0,False,False,False,80050253
PSAS25R,693158,PRAVPNN,1,,Treatment,2020-12-02 08:38:48.754000-05:00,2020-12-02 08:39:37.376000-05:00,1,48.622,4.751,0.7071,False,0.666666666666667,False,1,1,0,0,0,False,False,False,80051830
PSAS25R,693158,PRAVPNP,1,,Treatment,2020-12-02 08:39:42.607000-05:00,2020-12-02 08:40:51.224000-05:00,1,68.617,16.657,0.7072,False,0.666666666666667,False,1,1,0,0,0,False,False,False,80052293
PSAS25R,693158,PRAVPNQ,1,,Treatment,2020-12-02 08:40:56.961000-05:00,,2,650875.404,650875.404,,False,0.666666666666667,False,0,1,0,0,0,False,False,False,80052936
PSAS25R,694105,PRAV3ZU,1,,Unknown,2020-12-04 22:09:53.904000-05:00,2020-12-04 22:11:01.945000-05:00,1,68.041,68.036,worcester polytehnic institute,False,0.0,True,1,0,0,0,0,False,False,False,81835244
PSAS25R,694105,PRAVPME,1,,Unknown,2020-12-04 22:11:06.175000-05:00,2020-12-04 22:15:50.414000-05:00,1,284.239,29.145,9.874,False,0.0,True,6,1,1,0,0,False,False,True,81835310
PSAS25R,694105,PRAVPJS,1,,Unknown,2020-12-04 22:15:52.834000-05:00,,1,99.777,4.513,0.6,False,0.0,True,3,1,0,0,0,False,False,False,81835596
PSAS25R,696066,PRAV3ZU,1,,Unknown,2020-12-02 10:56:47.562000-05:00,2020-12-15 16:12:49.792000-05:00,2,1142162.23,1142162.224,Worchester Polythechnic Institute,False,0.0,True,1,0,0,0,0,False,False,False,80187807
PSAS25R,696066,PRAVPJP,1,,Unknown,2020-12-15 16:12:52.709000-05:00,2020-12-15 16:39:56.543000-05:00,1,1623.834,38.819,0.5,False,0.0,False,1,1,1,0,0,False,False,True,85926560
PSAS25R,696066,PRAVPJ6,1,,Unknown,2020-12-15 16:39:58.539000-05:00,2020-12-15 16:41:42.617000-05:00,1,104.078,104.072,1.732,True,1.0,True,1,1,0,0,0,False,False,False,85963693
PSAS25R,696066,PRAVPK9,1,,Unknown,2020-12-15 16:41:45.715000-05:00,2020-12-15 16:44:23.419000-05:00,1,157.704,157.701,1,True,1.0,True,1,1,0,0,0,False,False,False,85964337
PSAS25R,696066,PRAVPMS,1,,Unknown,2020-12-15 16:44:28.120000-05:00,2020-12-15 16:46:14.749000-05:00,1,106.629,106.627,0.866,True,1.0,True,1,1,0,0,0,False,False,False,85965225
PSAS25R,708174,PRAV3ZU,1,,Unknown,2020-12-03 17:09:30.655000-05:00,2020-12-06 22:25:49.059000-05:00,2,278178.404,278178.393,WPI,True,1.0,True,1,0,0,0,0,False,False,False,81259209
PSAS25R,708174,PRAVPNK,1,,Treatment,2020-12-06 22:25:54.509000-05:00,,1,,,,,,,0,1,0,0,0,False,False,False,81944080
PSAS25R,709770,PRAV3ZU,1,,Unknown,2020-12-03 14:03:46.471000-05:00,2020-12-03 14:04:16.516000-05:00,1,30.045,30.038,it says the video is unavailable and restricted,False,0.0,True,1,0,0,0,0,False,False,False,81083761
PSAS25R,709770,PRAVPKS,1,,Unknown,2020-12-03 14:04:19.594000-05:00,2020-12-03 14:04:48.997000-05:00,1,29.403,11.484,.7072,False,0.0,False,1,1,1,0,0,False,False,True,81084569
PSAS25R,709770,PRAVPJ4,1,,Unknown,2020-12-03 14:04:51.896000-05:00,2020-12-03 14:05:37.274000-05:00,1,45.378,17.158,.7647,False,0.0,True,4,1,1,0,0,False,False,True,81085359
PSAS25R,709770,PRAVPK4,1,,Unknown,2020-12-03 14:05:39.681000-05:00,,1,,,,,,,0,1,0,0,0,False,False,False,81086501
PSAS25R,710663,PRAV3ZU,1,,Unknown,2020-11-30 15:29:23.210000-05:00,2020-11-30 15:30:09.802000-05:00,1,46.592,46.584,WPI,True,1.0,True,1,0,0,0,0,False,False,False,79141975
PSAS25R,710663,PRAVPH6,1,,Control,2020-11-30 15:30:12.689000-05:00,2020-11-30 15:41:49.154000-05:00,1,696.465,669.827,.8660,False,0.0,False,1,1,0,0,0,False,False,True,79142768
PSAS25R,710663,PRAVPJV,1,,Control,2020-11-30 15:41:51.226000-05:00,2020-11-30 15:44:14.025000-05:00,1,142.799,142.794,1.732,True,1.0,True,1,1,0,0,0,False,False,False,79153453
PSAS25R,710663,PRAVPJ8,1,,Control,2020-11-30 15:44:17.085000-05:00,2020-11-30 15:45:18.094000-05:00,1,61.009,61.006,.7072,True,1.0,True,1,1,0,0,0,False,False,False,79155419
PSAS25R,710663,PRAVPKK,1,,Control,2020-11-30 15:45:22.674000-05:00,2020-11-30 15:46:41.041000-05:00,1,78.367,78.363,.7072,True,1.0,True,1,1,0,0,0,False,False,False,79156340
PSAS25R,849528,PRAV3ZU,1,,Unknown,2020-12-01 10:57:18.831000-05:00,2020-12-03 10:15:33.941000-05:00,2,170295.11,170295.084,Worcester Polytechnic Institute,False,0.0,True,1,0,0,0,0,False,False,False,79486190
PSAS25R,849528,PRAVPJP,1,,Unknown,2020-12-03 10:15:38.655000-05:00,2020-12-03 10:59:56.633000-05:00,1,2657.978,1702.364,0.5,False,0.666666666666667,False,1,1,0,0,0,False,False,False,80783008
PSAS25R,849528,PRAVPMJ,1,,Unknown,2020-12-03 11:00:01.530000-05:00,2020-12-03 11:01:22.848000-05:00,1,81.318,81.314,0.5,True,1.0,True,1,1,0,0,0,False,False,False,80839725
PSAS25R,849528,PRAVPH8,1,,Unknown,2020-12-03 11:01:26.165000-05:00,2020-12-03 11:02:52.554000-05:00,1,86.389,60.324,0.9,False,0.333333333333333,True,3,1,0,0,0,False,False,False,80841431
PSAS25R,849528,PRAVPJ9,1,,Unknown,2020-12-03 11:02:56.668000-05:00,2020-12-03 11:03:45.915000-05:00,1,49.247,49.24,0.7072,True,1.0,True,1,1,0,0,0,False,False,False,80843358
PSAS25R,849528,PRAVPNB,1,,Unknown,2020-12-03 11:03:47.361000-05:00,2020-12-03 11:04:27.124000-05:00,1,39.763,39.757,0.5773,True,1.0,True,1,1,0,0,0,False,False,False,80844385
PSAS25R,849528,PRAVPK5,1,,Unknown,2020-12-03 11:04:29.053000-05:00,2020-12-03 11:05:33.648000-05:00,1,64.595,64.591,1,True,1.0,True,1,1,0,0,0,False,False,False,80845284
PSAS25R,891472,PRAV3ZU,1,,Unknown,2020-11-30 18:35:21.738000-05:00,2020-11-30 18:36:21.293000-05:00,1,59.555,59.549,Worcester Polytechnic Institute,False,0.0,True,1,0,0,0,0,False,False,False,79251888
PSAS25R,891472,PRAVPMH,1,,Unknown,2020-11-30 18:36:27.099000-05:00,2020-12-09 22:47:34.076000-05:00,2,792666.977,792541.908,0.5,False,0.666666666666667,False,1,1,0,0,0,False,False,False,79252291
PSAS25R,891472,PRAVPJ2,1,,Unknown,2020-12-09 22:47:38.098000-05:00,2020-12-09 22:50:16.856000-05:00,1,158.758,158.755,1.7320,True,1.0,True,1,1,0,0,0,False,False,False,83793451
PSAS25R,891472,PRAVPJD,1,,Unknown,2020-12-09 22:50:18.657000-05:00,2020-12-09 22:51:56.403000-05:00,1,97.746,97.743,0.8660,True,1.0,True,1,1,0,0,0,False,False,False,83793812
PSAS25R,891472,PRAVPJJ,1,,Unknown,2020-12-09 22:52:07.776000-05:00,2020-12-09 22:53:17.768000-05:00,1,69.992,69.989,0.5,True,1.0,True,1,1,0,0,0,False,False,False,83794067
