experiment_id,student_id,problem_id,problem_part,scaffold_id,experiment_tag_path,action,timestamp,assistments_reference_action_log_id
PSAXTEE,474125,,,,,assignment_started,2020-10-05 09:23:20.700000-04:00,320916244
PSAXTEE,474125,PRA8FDE,1.0,,Matrix Addition N.VM.C.8 EX/Decision/[Control]/Theory Skill Builder,problem_started,2020-10-05 09:23:21.877000-04:00,320916249
PSAXTEE,474125,PRA8FDE,1.0,,Matrix Addition N.VM.C.8 EX/Decision/[Control]/Theory Skill Builder,correct_response,2020-10-05 09:23:43.395000-04:00,320917991
PSAXTEE,474125,PRA8FDE,1.0,,Matrix Addition N.VM.C.8 EX/Decision/[Control]/Theory Skill Builder,problem_finished,2020-10-05 09:23:43.402000-04:00,320918050
PSAXTEE,474125,,,,Matrix Addition N.VM.C.8 EX/Decision/[Control]/Theory Skill Builder,continue_selected,2020-10-05 09:23:43.786000-04:00,320918051
PSAXTEE,474125,PRA8FEQ,1.0,,Matrix Addition N.VM.C.8 EX/Decision/[Control]/Theory Skill Builder,problem_started,2020-10-05 09:23:43.915000-04:00,320918052
PSAXTEE,474125,PRA8FEQ,1.0,,Matrix Addition N.VM.C.8 EX/Decision/[Control]/Theory Skill Builder,correct_response,2020-10-05 09:23:51.105000-04:00,320918743
PSAXTEE,474125,PRA8FEQ,1.0,,Matrix Addition N.VM.C.8 EX/Decision/[Control]/Theory Skill Builder,problem_finished,2020-10-05 09:23:51.109000-04:00,320918844
PSAXTEE,474125,,,,Matrix Addition N.VM.C.8 EX/Decision/[Control],continue_selected,2020-10-05 09:23:51.758000-04:00,320918846
PSAXTEE,474125,PRA88EW,1.0,,Matrix Addition N.VM.C.8 EX/Decision/[Control]/Real World Skill Builder,problem_started,2020-10-05 09:23:52.174000-04:00,320918848
PSAXTEE,474125,PRA88EW,1.0,,Matrix Addition N.VM.C.8 EX/Decision/[Control]/Real World Skill Builder,correct_response,2020-10-05 09:24:28.617000-04:00,320922041
PSAXTEE,474125,PRA88EW,1.0,,Matrix Addition N.VM.C.8 EX/Decision/[Control]/Real World Skill Builder,problem_finished,2020-10-05 09:24:28.621000-04:00,320922045
PSAXTEE,474125,,,,,assignment_finished,2020-10-05 09:24:28.802000-04:00,320922118
PSAXTEE,474126,,,,,assignment_started,2020-10-05 12:54:28.507000-04:00,322470963
PSAXTEE,474126,PRA8FEQ,1.0,,Matrix Addition N.VM.C.8 EX/Decision/[Control]/Theory Skill Builder,problem_started,2020-10-05 12:54:29.133000-04:00,322470968
PSAXTEE,474126,PRA8FEQ,1.0,,Matrix Addition N.VM.C.8 EX/Decision/[Control]/Theory Skill Builder,correct_response,2020-10-05 12:54:50.255000-04:00,322474064
PSAXTEE,474126,PRA8FEQ,1.0,,Matrix Addition N.VM.C.8 EX/Decision/[Control]/Theory Skill Builder,problem_finished,2020-10-05 12:54:50.258000-04:00,322474088
PSAXTEE,474126,,,,Matrix Addition N.VM.C.8 EX/Decision/[Control]/Theory Skill Builder,continue_selected,2020-10-05 12:54:50.429000-04:00,322474089
PSAXTEE,474126,PRA8FEF,1.0,,Matrix Addition N.VM.C.8 EX/Decision/[Control]/Theory Skill Builder,problem_started,2020-10-05 12:54:50.484000-04:00,322474090
PSAXTEE,474126,PRA8FEF,1.0,,Matrix Addition N.VM.C.8 EX/Decision/[Control]/Theory Skill Builder,wrong_response,2020-10-05 12:54:56.819000-04:00,322474995
PSAXTEE,474126,PRA8FEF,1.0,,Matrix Addition N.VM.C.8 EX/Decision/[Control]/Theory Skill Builder,correct_response,2020-10-05 12:55:15.299000-04:00,322477678
PSAXTEE,474126,PRA8FEF,1.0,,Matrix Addition N.VM.C.8 EX/Decision/[Control]/Theory Skill Builder,problem_finished,2020-10-05 12:55:15.301000-04:00,322477679
PSAXTEE,474126,,,,Matrix Addition N.VM.C.8 EX/Decision/[Control]/Theory Skill Builder,continue_selected,2020-10-05 12:55:15.589000-04:00,322477680
PSAXTEE,474126,PRA8FC9,1.0,,Matrix Addition N.VM.C.8 EX/Decision/[Control]/Theory Skill Builder,problem_started,2020-10-05 12:55:15.637000-04:00,322477681
PSAXTEE,474126,PRA8FC9,1.0,,Matrix Addition N.VM.C.8 EX/Decision/[Control]/Theory Skill Builder,wrong_response,2020-10-05 12:55:45.482000-04:00,322481983
PSAXTEE,474126,PRA8FC9,1.0,,Matrix Addition N.VM.C.8 EX/Decision/[Control]/Theory Skill Builder,correct_response,2020-10-05 12:56:02.249000-04:00,322484401
PSAXTEE,474126,PRA8FC9,1.0,,Matrix Addition N.VM.C.8 EX/Decision/[Control]/Theory Skill Builder,problem_finished,2020-10-05 12:56:02.251000-04:00,322484402
PSAXTEE,474126,,,,Matrix Addition N.VM.C.8 EX/Decision/[Control]/Theory Skill Builder,continue_selected,2020-10-05 12:56:02.820000-04:00,322484403
PSAXTEE,474126,PRA8FDV,1.0,,Matrix Addition N.VM.C.8 EX/Decision/[Control]/Theory Skill Builder,problem_started,2020-10-05 12:56:02.863000-04:00,322484404
PSAXTEE,474126,PRA8FDV,1.0,,Matrix Addition N.VM.C.8 EX/Decision/[Control]/Theory Skill Builder,correct_response,2020-10-05 12:56:10.843000-04:00,322485475
PSAXTEE,474126,PRA8FDV,1.0,,Matrix Addition N.VM.C.8 EX/Decision/[Control]/Theory Skill Builder,problem_finished,2020-10-05 12:56:10.845000-04:00,322485537
PSAXTEE,474126,,,,Matrix Addition N.VM.C.8 EX/Decision/[Control]/Theory Skill Builder,continue_selected,2020-10-05 12:56:11.308000-04:00,322485538
PSAXTEE,474126,PRA8FC2,1.0,,Matrix Addition N.VM.C.8 EX/Decision/[Control]/Theory Skill Builder,problem_started,2020-10-05 12:56:11.347000-04:00,322485539
PSAXTEE,474126,PRA8FC2,1.0,,Matrix Addition N.VM.C.8 EX/Decision/[Control]/Theory Skill Builder,correct_response,2020-10-05 12:57:02.977000-04:00,322492623
PSAXTEE,474126,PRA8FC2,1.0,,Matrix Addition N.VM.C.8 EX/Decision/[Control]/Theory Skill Builder,problem_finished,2020-10-05 12:57:02.978000-04:00,322492667
PSAXTEE,474126,,,,Matrix Addition N.VM.C.8 EX/Decision/[Control],continue_selected,2020-10-05 12:57:03.148000-04:00,322492669
PSAXTEE,474126,PRA88C8,1.0,,Matrix Addition N.VM.C.8 EX/Decision/[Control]/Real World Skill Builder,problem_started,2020-10-05 12:57:03.374000-04:00,322492671
PSAXTEE,474126,PRA88C8,1.0,,Matrix Addition N.VM.C.8 EX/Decision/[Control]/Real World Skill Builder,correct_response,2020-10-05 12:57:16.266000-04:00,322494441
PSAXTEE,474126,PRA88C8,1.0,,Matrix Addition N.VM.C.8 EX/Decision/[Control]/Real World Skill Builder,problem_finished,2020-10-05 12:57:16.268000-04:00,322494498
PSAXTEE,474126,,,,,assignment_finished,2020-10-05 12:57:16.336000-04:00,322494503
PSAXTEE,474130,,,,,assignment_started,2020-10-05 12:49:17.683000-04:00,322426478
PSAXTEE,474130,PRA88EY,1.0,,Matrix Addition N.VM.C.8 EX/Decision/[Treatment]/Real World Skill Builder,problem_started,2020-10-05 12:49:19.256000-04:00,322426483
PSAXTEE,474130,PRA88EY,1.0,,Matrix Addition N.VM.C.8 EX/Decision/[Treatment]/Real World Skill Builder,wrong_response,2020-10-05 12:49:52.848000-04:00,322431285
PSAXTEE,474130,PRA88EY,1.0,,Matrix Addition N.VM.C.8 EX/Decision/[Treatment]/Real World Skill Builder,hint_requested,2020-10-05 12:49:56.655000-04:00,322432606
PSAXTEE,474130,PRA88EY,1.0,,Matrix Addition N.VM.C.8 EX/Decision/[Treatment]/Real World Skill Builder,answer_requested,2020-10-05 12:49:57.832000-04:00,322432607
PSAXTEE,474130,PRA88EY,1.0,,Matrix Addition N.VM.C.8 EX/Decision/[Treatment]/Real World Skill Builder,correct_response,2020-10-05 12:50:01.541000-04:00,322432609
PSAXTEE,474130,PRA88EY,1.0,,Matrix Addition N.VM.C.8 EX/Decision/[Treatment]/Real World Skill Builder,problem_finished,2020-10-05 12:50:01.544000-04:00,322432610
PSAXTEE,474130,,,,Matrix Addition N.VM.C.8 EX/Decision/[Treatment]/Real World Skill Builder,continue_selected,2020-10-05 12:50:02.807000-04:00,322432611
PSAXTEE,474130,PRA88EM,1.0,,Matrix Addition N.VM.C.8 EX/Decision/[Treatment]/Real World Skill Builder,problem_started,2020-10-05 12:50:02.865000-04:00,322433972
PSAXTEE,474130,PRA88EM,1.0,,Matrix Addition N.VM.C.8 EX/Decision/[Treatment]/Real World Skill Builder,correct_response,2020-10-05 12:50:21.309000-04:00,322435264
PSAXTEE,474130,PRA88EM,1.0,,Matrix Addition N.VM.C.8 EX/Decision/[Treatment]/Real World Skill Builder,problem_finished,2020-10-05 12:50:21.311000-04:00,322435360
PSAXTEE,474130,,,,Matrix Addition N.VM.C.8 EX/Decision/[Treatment]/Real World Skill Builder,continue_selected,2020-10-05 12:50:21.704000-04:00,322435362
PSAXTEE,474130,PRA88ET,1.0,,Matrix Addition N.VM.C.8 EX/Decision/[Treatment]/Real World Skill Builder,problem_started,2020-10-05 12:50:21.748000-04:00,322435364
PSAXTEE,474130,PRA88ET,1.0,,Matrix Addition N.VM.C.8 EX/Decision/[Treatment]/Real World Skill Builder,correct_response,2020-10-05 12:50:33.086000-04:00,322436978
PSAXTEE,474130,PRA88ET,1.0,,Matrix Addition N.VM.C.8 EX/Decision/[Treatment]/Real World Skill Builder,problem_finished,2020-10-05 12:50:33.088000-04:00,322437068
PSAXTEE,474130,,,,Matrix Addition N.VM.C.8 EX/Decision/[Treatment],continue_selected,2020-10-05 12:50:33.576000-04:00,322437072
PSAXTEE,474130,PRA8FDX,1.0,,Matrix Addition N.VM.C.8 EX/Decision/[Treatment]/Theory Skill Builder,problem_started,2020-10-05 12:50:33.960000-04:00,322437074
PSAXTEE,474130,PRA8FDX,1.0,,Matrix Addition N.VM.C.8 EX/Decision/[Treatment]/Theory Skill Builder,wrong_response,2020-10-05 12:50:45.300000-04:00,322438797
PSAXTEE,474130,PRA8FDX,1.0,,Matrix Addition N.VM.C.8 EX/Decision/[Treatment]/Theory Skill Builder,correct_response,2020-10-05 12:50:50.492000-04:00,322439664
PSAXTEE,474130,PRA8FDX,1.0,,Matrix Addition N.VM.C.8 EX/Decision/[Treatment]/Theory Skill Builder,problem_finished,2020-10-05 12:50:50.493000-04:00,322439665
PSAXTEE,474130,,,,Matrix Addition N.VM.C.8 EX/Decision/[Treatment]/Theory Skill Builder,continue_selected,2020-10-05 12:50:51.048000-04:00,322439666
PSAXTEE,474130,PRA8FEJ,1.0,,Matrix Addition N.VM.C.8 EX/Decision/[Treatment]/Theory Skill Builder,problem_started,2020-10-05 12:50:51.091000-04:00,322439667
PSAXTEE,474130,PRA8FEJ,1.0,,Matrix Addition N.VM.C.8 EX/Decision/[Treatment]/Theory Skill Builder,correct_response,2020-10-05 12:50:56.772000-04:00,322440503
PSAXTEE,474130,PRA8FEJ,1.0,,Matrix Addition N.VM.C.8 EX/Decision/[Treatment]/Theory Skill Builder,problem_finished,2020-10-05 12:50:56.773000-04:00,322440570
PSAXTEE,474130,,,,Matrix Addition N.VM.C.8 EX/Decision/[Treatment]/Theory Skill Builder,continue_selected,2020-10-05 12:50:57.136000-04:00,322440571
PSAXTEE,474130,PRA8FDC,1.0,,Matrix Addition N.VM.C.8 EX/Decision/[Treatment]/Theory Skill Builder,problem_started,2020-10-05 12:50:57.182000-04:00,322440572
PSAXTEE,474130,PRA8FDC,1.0,,Matrix Addition N.VM.C.8 EX/Decision/[Treatment]/Theory Skill Builder,correct_response,2020-10-05 12:51:09.101000-04:00,322442243
PSAXTEE,474130,PRA8FDC,1.0,,Matrix Addition N.VM.C.8 EX/Decision/[Treatment]/Theory Skill Builder,problem_finished,2020-10-05 12:51:09.102000-04:00,322442312
PSAXTEE,474130,,,,Matrix Addition N.VM.C.8 EX/Decision/[Treatment]/Theory Skill Builder,continue_selected,2020-10-05 12:51:09.520000-04:00,322442313
PSAXTEE,474130,PRA8FD3,1.0,,Matrix Addition N.VM.C.8 EX/Decision/[Treatment]/Theory Skill Builder,problem_started,2020-10-05 12:51:09.562000-04:00,322442314
PSAXTEE,474130,PRA8FD3,1.0,,Matrix Addition N.VM.C.8 EX/Decision/[Treatment]/Theory Skill Builder,correct_response,2020-10-05 12:51:13.894000-04:00,322442878
PSAXTEE,474130,PRA8FD3,1.0,,Matrix Addition N.VM.C.8 EX/Decision/[Treatment]/Theory Skill Builder,problem_finished,2020-10-05 12:51:13.895000-04:00,322442933
PSAXTEE,474130,,,,,assignment_finished,2020-10-05 12:51:13.963000-04:00,322442938
PSAXTEE,474131,,,,,assignment_started,2020-10-05 12:40:29.719000-04:00,322353086
PSAXTEE,474131,PRA88CR,1.0,,Matrix Addition N.VM.C.8 EX/Decision/[Treatment]/Real World Skill Builder,problem_started,2020-10-05 12:40:30.384000-04:00,322353091
PSAXTEE,474131,PRA88CR,1.0,,Matrix Addition N.VM.C.8 EX/Decision/[Treatment]/Real World Skill Builder,correct_response,2020-10-05 12:40:51.917000-04:00,322355957
PSAXTEE,474131,PRA88CR,1.0,,Matrix Addition N.VM.C.8 EX/Decision/[Treatment]/Real World Skill Builder,problem_finished,2020-10-05 12:40:51.921000-04:00,322356014
PSAXTEE,474131,,,,Matrix Addition N.VM.C.8 EX/Decision/[Treatment]/Real World Skill Builder,continue_selected,2020-10-05 12:40:52.334000-04:00,322356015
PSAXTEE,474131,PRA88C2,1.0,,Matrix Addition N.VM.C.8 EX/Decision/[Treatment]/Real World Skill Builder,problem_started,2020-10-05 12:40:52.387000-04:00,322356016
PSAXTEE,474131,PRA88C2,1.0,,Matrix Addition N.VM.C.8 EX/Decision/[Treatment]/Real World Skill Builder,correct_response,2020-10-05 12:41:01.232000-04:00,322357080
PSAXTEE,474131,PRA88C2,1.0,,Matrix Addition N.VM.C.8 EX/Decision/[Treatment]/Real World Skill Builder,problem_finished,2020-10-05 12:41:01.234000-04:00,322357134
PSAXTEE,474131,,,,Matrix Addition N.VM.C.8 EX/Decision/[Treatment],continue_selected,2020-10-05 12:41:01.479000-04:00,322357136
PSAXTEE,474131,PRA8FD5,1.0,,Matrix Addition N.VM.C.8 EX/Decision/[Treatment]/Theory Skill Builder,problem_started,2020-10-05 12:41:01.750000-04:00,322357138
PSAXTEE,474131,PRA8FD5,1.0,,Matrix Addition N.VM.C.8 EX/Decision/[Treatment]/Theory Skill Builder,hint_requested,2020-10-05 12:41:54.177000-04:00,322363971
PSAXTEE,474131,PRA8FD5,1.0,,Matrix Addition N.VM.C.8 EX/Decision/[Treatment]/Theory Skill Builder,answer_requested,2020-10-05 12:41:59.333000-04:00,322365286
PSAXTEE,474131,PRA8FD5,1.0,,Matrix Addition N.VM.C.8 EX/Decision/[Treatment]/Theory Skill Builder,correct_response,2020-10-05 12:42:28.245000-04:00,322368520
PSAXTEE,474131,PRA8FD5,1.0,,Matrix Addition N.VM.C.8 EX/Decision/[Treatment]/Theory Skill Builder,problem_finished,2020-10-05 12:42:28.246000-04:00,322368521
PSAXTEE,474131,,,,Matrix Addition N.VM.C.8 EX/Decision/[Treatment]/Theory Skill Builder,continue_selected,2020-10-05 12:42:28.766000-04:00,322368522
PSAXTEE,474131,PRA8FCT,1.0,,Matrix Addition N.VM.C.8 EX/Decision/[Treatment]/Theory Skill Builder,problem_started,2020-10-05 12:42:28.806000-04:00,322368523
PSAXTEE,474131,PRA8FCT,1.0,,Matrix Addition N.VM.C.8 EX/Decision/[Treatment]/Theory Skill Builder,hint_requested,2020-10-05 12:42:41.539000-04:00,322370179
PSAXTEE,474131,PRA8FCT,1.0,,Matrix Addition N.VM.C.8 EX/Decision/[Treatment]/Theory Skill Builder,answer_requested,2020-10-05 12:42:46.883000-04:00,322371527
PSAXTEE,474131,PRA8FCT,1.0,,Matrix Addition N.VM.C.8 EX/Decision/[Treatment]/Theory Skill Builder,correct_response,2020-10-05 12:43:00.957000-04:00,322372921
PSAXTEE,474131,PRA8FCT,1.0,,Matrix Addition N.VM.C.8 EX/Decision/[Treatment]/Theory Skill Builder,problem_finished,2020-10-05 12:43:00.958000-04:00,322372922
PSAXTEE,474131,,,,Matrix Addition N.VM.C.8 EX/Decision/[Treatment]/Theory Skill Builder,continue_selected,2020-10-05 12:43:01.518000-04:00,322372923
PSAXTEE,474131,PRA8FCR,1.0,,Matrix Addition N.VM.C.8 EX/Decision/[Treatment]/Theory Skill Builder,problem_started,2020-10-05 12:43:01.565000-04:00,322374247
PSAXTEE,474131,PRA8FCR,1.0,,Matrix Addition N.VM.C.8 EX/Decision/[Treatment]/Theory Skill Builder,correct_response,2020-10-05 12:43:12.611000-04:00,322374395
PSAXTEE,474131,PRA8FCR,1.0,,Matrix Addition N.VM.C.8 EX/Decision/[Treatment]/Theory Skill Builder,problem_finished,2020-10-05 12:43:12.613000-04:00,322374451
PSAXTEE,474131,,,,Matrix Addition N.VM.C.8 EX/Decision/[Treatment]/Theory Skill Builder,continue_selected,2020-10-05 12:43:12.934000-04:00,322374452
PSAXTEE,474131,PRA8FDP,1.0,,Matrix Addition N.VM.C.8 EX/Decision/[Treatment]/Theory Skill Builder,problem_started,2020-10-05 12:43:12.978000-04:00,322374453
PSAXTEE,474131,PRA8FDP,1.0,,Matrix Addition N.VM.C.8 EX/Decision/[Treatment]/Theory Skill Builder,correct_response,2020-10-05 12:43:21.268000-04:00,322375626
PSAXTEE,474131,PRA8FDP,1.0,,Matrix Addition N.VM.C.8 EX/Decision/[Treatment]/Theory Skill Builder,problem_finished,2020-10-05 12:43:21.270000-04:00,322375682
PSAXTEE,474131,,,,Matrix Addition N.VM.C.8 EX/Decision/[Treatment]/Theory Skill Builder,continue_selected,2020-10-05 12:43:21.494000-04:00,322375683
PSAXTEE,474131,PRA8FDT,1.0,,Matrix Addition N.VM.C.8 EX/Decision/[Treatment]/Theory Skill Builder,problem_started,2020-10-05 12:43:21.531000-04:00,322375684
PSAXTEE,474131,PRA8FDT,1.0,,Matrix Addition N.VM.C.8 EX/Decision/[Treatment]/Theory Skill Builder,correct_response,2020-10-05 12:43:27.644000-04:00,322376565
PSAXTEE,474131,PRA8FDT,1.0,,Matrix Addition N.VM.C.8 EX/Decision/[Treatment]/Theory Skill Builder,problem_finished,2020-10-05 12:43:27.646000-04:00,322376611
PSAXTEE,474131,,,,,assignment_finished,2020-10-05 12:43:27.714000-04:00,322376616
PSAXTEE,474133,,,,,assignment_started,2020-10-05 12:50:53.295000-04:00,322440057
PSAXTEE,474133,PRA8FDQ,1.0,,Matrix Addition N.VM.C.8 EX/Decision/[Control]/Theory Skill Builder,problem_started,2020-10-05 12:50:53.903000-04:00,322440062
PSAXTEE,474133,PRA8FDQ,1.0,,Matrix Addition N.VM.C.8 EX/Decision/[Control]/Theory Skill Builder,correct_response,2020-10-05 12:58:32.655000-04:00,322504592
PSAXTEE,474133,PRA8FDQ,1.0,,Matrix Addition N.VM.C.8 EX/Decision/[Control]/Theory Skill Builder,problem_finished,2020-10-05 12:58:32.658000-04:00,322504639
PSAXTEE,474133,,,,Matrix Addition N.VM.C.8 EX/Decision/[Control]/Theory Skill Builder,continue_selected,2020-10-05 12:58:33.208000-04:00,322504640
PSAXTEE,474133,PRA8FCH,1.0,,Matrix Addition N.VM.C.8 EX/Decision/[Control]/Theory Skill Builder,problem_started,2020-10-05 12:58:33.258000-04:00,322504641
PSAXTEE,474133,PRA8FCH,1.0,,Matrix Addition N.VM.C.8 EX/Decision/[Control]/Theory Skill Builder,correct_response,2020-10-05 12:58:42.053000-04:00,322505799
PSAXTEE,474133,PRA8FCH,1.0,,Matrix Addition N.VM.C.8 EX/Decision/[Control]/Theory Skill Builder,problem_finished,2020-10-05 12:58:42.054000-04:00,322505859
PSAXTEE,474133,,,,Matrix Addition N.VM.C.8 EX/Decision/[Control],continue_selected,2020-10-05 12:58:42.487000-04:00,322505861
PSAXTEE,474133,PRA88DT,1.0,,Matrix Addition N.VM.C.8 EX/Decision/[Control]/Real World Skill Builder,problem_started,2020-10-05 12:58:42.722000-04:00,322505863
PSAXTEE,474133,PRA88DT,1.0,,Matrix Addition N.VM.C.8 EX/Decision/[Control]/Real World Skill Builder,wrong_response,2020-10-05 12:59:05.492000-04:00,322508756
PSAXTEE,474133,PRA88DT,1.0,,Matrix Addition N.VM.C.8 EX/Decision/[Control]/Real World Skill Builder,correct_response,2020-10-05 12:59:54.886000-04:00,322515251
PSAXTEE,474133,PRA88DT,1.0,,Matrix Addition N.VM.C.8 EX/Decision/[Control]/Real World Skill Builder,problem_finished,2020-10-05 12:59:54.889000-04:00,322515253
PSAXTEE,474133,,,,Matrix Addition N.VM.C.8 EX/Decision/[Control]/Real World Skill Builder,continue_selected,2020-10-05 12:59:55.950000-04:00,322515329
PSAXTEE,474133,PRA88DS,1.0,,Matrix Addition N.VM.C.8 EX/Decision/[Control]/Real World Skill Builder,problem_started,2020-10-05 12:59:55.993000-04:00,322515336
PSAXTEE,474133,PRA88DS,1.0,,Matrix Addition N.VM.C.8 EX/Decision/[Control]/Real World Skill Builder,correct_response,2020-10-05 13:00:07.612000-04:00,322516927
PSAXTEE,474133,PRA88DS,1.0,,Matrix Addition N.VM.C.8 EX/Decision/[Control]/Real World Skill Builder,problem_finished,2020-10-05 13:00:07.613000-04:00,322516982
PSAXTEE,474133,,,,Matrix Addition N.VM.C.8 EX/Decision/[Control]/Real World Skill Builder,continue_selected,2020-10-05 13:00:07.974000-04:00,322516983
PSAXTEE,474133,PRA88EF,1.0,,Matrix Addition N.VM.C.8 EX/Decision/[Control]/Real World Skill Builder,problem_started,2020-10-05 13:00:08.013000-04:00,322516984
PSAXTEE,474133,PRA88EF,1.0,,Matrix Addition N.VM.C.8 EX/Decision/[Control]/Real World Skill Builder,wrong_response,2020-10-05 13:00:47.475000-04:00,322522461
PSAXTEE,474133,PRA88EF,1.0,,Matrix Addition N.VM.C.8 EX/Decision/[Control]/Real World Skill Builder,wrong_response,2020-10-05 13:01:00.371000-04:00,322524940
PSAXTEE,474133,PRA88EF,1.0,,Matrix Addition N.VM.C.8 EX/Decision/[Control]/Real World Skill Builder,hint_requested,2020-10-05 13:01:11.189000-04:00,322526260
PSAXTEE,474133,PRA88EF,1.0,,Matrix Addition N.VM.C.8 EX/Decision/[Control]/Real World Skill Builder,correct_response,2020-10-05 13:01:31.628000-04:00,322528195
PSAXTEE,474133,PRA88EF,1.0,,Matrix Addition N.VM.C.8 EX/Decision/[Control]/Real World Skill Builder,problem_finished,2020-10-05 13:01:31.629000-04:00,322528196
PSAXTEE,474133,,,,Matrix Addition N.VM.C.8 EX/Decision/[Control]/Real World Skill Builder,continue_selected,2020-10-05 13:01:32.158000-04:00,322528197
PSAXTEE,474133,PRA88CT,1.0,,Matrix Addition N.VM.C.8 EX/Decision/[Control]/Real World Skill Builder,problem_started,2020-10-05 13:01:32.204000-04:00,322528198
PSAXTEE,474133,PRA88CT,1.0,,Matrix Addition N.VM.C.8 EX/Decision/[Control]/Real World Skill Builder,correct_response,2020-10-05 13:01:46.643000-04:00,322530037
PSAXTEE,474133,PRA88CT,1.0,,Matrix Addition N.VM.C.8 EX/Decision/[Control]/Real World Skill Builder,problem_finished,2020-10-05 13:01:46.644000-04:00,322530091
PSAXTEE,474133,,,,Matrix Addition N.VM.C.8 EX/Decision/[Control]/Real World Skill Builder,continue_selected,2020-10-05 13:01:47.030000-04:00,322530092
PSAXTEE,474133,PRA88CV,1.0,,Matrix Addition N.VM.C.8 EX/Decision/[Control]/Real World Skill Builder,problem_started,2020-10-05 13:01:47.070000-04:00,322530093
PSAXTEE,474133,PRA88CV,1.0,,Matrix Addition N.VM.C.8 EX/Decision/[Control]/Real World Skill Builder,correct_response,2020-10-05 13:01:53.106000-04:00,322530848
PSAXTEE,474133,PRA88CV,1.0,,Matrix Addition N.VM.C.8 EX/Decision/[Control]/Real World Skill Builder,problem_finished,2020-10-05 13:01:53.108000-04:00,322530956
PSAXTEE,474133,,,,Matrix Addition N.VM.C.8 EX/Decision/[Control]/Real World Skill Builder,continue_selected,2020-10-05 13:01:53.742000-04:00,322530957
PSAXTEE,474133,PRA88EC,1.0,,Matrix Addition N.VM.C.8 EX/Decision/[Control]/Real World Skill Builder,problem_started,2020-10-05 13:01:53.786000-04:00,322530958
PSAXTEE,474133,PRA88EC,1.0,,Matrix Addition N.VM.C.8 EX/Decision/[Control]/Real World Skill Builder,correct_response,2020-10-05 13:02:11.003000-04:00,322533138
PSAXTEE,474133,PRA88EC,1.0,,Matrix Addition N.VM.C.8 EX/Decision/[Control]/Real World Skill Builder,problem_finished,2020-10-05 13:02:11.005000-04:00,322533221
PSAXTEE,474133,,,,,assignment_finished,2020-10-05 13:02:11.070000-04:00,322533226
PSAXTEE,474134,,,,,assignment_started,2020-10-05 09:55:09.957000-04:00,321105668
PSAXTEE,474134,PRA88DX,1.0,,Matrix Addition N.VM.C.8 EX/Decision/[Treatment]/Real World Skill Builder,problem_started,2020-10-05 09:55:10.766000-04:00,321105673
PSAXTEE,474134,PRA88DX,1.0,,Matrix Addition N.VM.C.8 EX/Decision/[Treatment]/Real World Skill Builder,wrong_response,2020-10-05 09:55:30.987000-04:00,321107798
PSAXTEE,474134,PRA88DX,1.0,,Matrix Addition N.VM.C.8 EX/Decision/[Treatment]/Real World Skill Builder,correct_response,2020-10-05 09:55:51.280000-04:00,321110001
PSAXTEE,474134,PRA88DX,1.0,,Matrix Addition N.VM.C.8 EX/Decision/[Treatment]/Real World Skill Builder,problem_finished,2020-10-05 09:55:51.292000-04:00,321110002
PSAXTEE,474134,,,,Matrix Addition N.VM.C.8 EX/Decision/[Treatment]/Real World Skill Builder,continue_selected,2020-10-05 09:55:52.664000-04:00,321110003
PSAXTEE,474134,PRA88DK,1.0,,Matrix Addition N.VM.C.8 EX/Decision/[Treatment]/Real World Skill Builder,problem_started,2020-10-05 09:55:52.769000-04:00,321110004
PSAXTEE,474134,PRA88DK,1.0,,Matrix Addition N.VM.C.8 EX/Decision/[Treatment]/Real World Skill Builder,correct_response,2020-10-05 09:56:04.564000-04:00,321111263
PSAXTEE,474134,PRA88DK,1.0,,Matrix Addition N.VM.C.8 EX/Decision/[Treatment]/Real World Skill Builder,problem_finished,2020-10-05 09:56:04.568000-04:00,321111454
PSAXTEE,474134,,,,Matrix Addition N.VM.C.8 EX/Decision/[Treatment]/Real World Skill Builder,continue_selected,2020-10-05 09:56:06.059000-04:00,321111456
PSAXTEE,474134,PRA88E3,1.0,,Matrix Addition N.VM.C.8 EX/Decision/[Treatment]/Real World Skill Builder,problem_started,2020-10-05 09:56:06.153000-04:00,321111458
PSAXTEE,474134,PRA88E3,1.0,,Matrix Addition N.VM.C.8 EX/Decision/[Treatment]/Real World Skill Builder,correct_response,2020-10-05 09:57:05.345000-04:00,321118017
PSAXTEE,474134,PRA88E3,1.0,,Matrix Addition N.VM.C.8 EX/Decision/[Treatment]/Real World Skill Builder,problem_finished,2020-10-05 09:57:05.357000-04:00,321118277
PSAXTEE,474134,,,,Matrix Addition N.VM.C.8 EX/Decision/[Treatment],continue_selected,2020-10-05 09:57:07.005000-04:00,321118279
PSAXTEE,474134,PRA8FC3,1.0,,Matrix Addition N.VM.C.8 EX/Decision/[Treatment]/Theory Skill Builder,problem_started,2020-10-05 09:57:07.420000-04:00,321118281
PSAXTEE,474134,PRA8FC3,1.0,,Matrix Addition N.VM.C.8 EX/Decision/[Treatment]/Theory Skill Builder,wrong_response,2020-10-05 10:00:05.335000-04:00,321138140
PSAXTEE,474134,PRA8FC3,1.0,,Matrix Addition N.VM.C.8 EX/Decision/[Treatment]/Theory Skill Builder,hint_requested,2020-10-05 10:00:07.963000-04:00,321139370
PSAXTEE,474134,PRA8FC3,1.0,,Matrix Addition N.VM.C.8 EX/Decision/[Treatment]/Theory Skill Builder,correct_response,2020-10-05 10:00:17.336000-04:00,321140057
PSAXTEE,474134,PRA8FC3,1.0,,Matrix Addition N.VM.C.8 EX/Decision/[Treatment]/Theory Skill Builder,problem_finished,2020-10-05 10:00:17.340000-04:00,321140058
PSAXTEE,474134,,,,Matrix Addition N.VM.C.8 EX/Decision/[Treatment]/Theory Skill Builder,continue_selected,2020-10-05 10:00:20.831000-04:00,321140059
PSAXTEE,474134,PRA8FCD,1.0,,Matrix Addition N.VM.C.8 EX/Decision/[Treatment]/Theory Skill Builder,problem_started,2020-10-05 10:00:20.912000-04:00,321140060
PSAXTEE,474134,PRA8FCD,1.0,,Matrix Addition N.VM.C.8 EX/Decision/[Treatment]/Theory Skill Builder,correct_response,2020-10-05 10:00:32.361000-04:00,321141444
PSAXTEE,474134,PRA8FCD,1.0,,Matrix Addition N.VM.C.8 EX/Decision/[Treatment]/Theory Skill Builder,problem_finished,2020-10-05 10:00:32.363000-04:00,321141707
PSAXTEE,474134,,,,Matrix Addition N.VM.C.8 EX/Decision/[Treatment]/Theory Skill Builder,continue_selected,2020-10-05 10:00:34.358000-04:00,321141708
PSAXTEE,474134,PRA8FCJ,1.0,,Matrix Addition N.VM.C.8 EX/Decision/[Treatment]/Theory Skill Builder,problem_started,2020-10-05 10:00:34.438000-04:00,321141709
PSAXTEE,474134,PRA8FCJ,1.0,,Matrix Addition N.VM.C.8 EX/Decision/[Treatment]/Theory Skill Builder,correct_response,2020-10-05 10:00:40.982000-04:00,321142519
PSAXTEE,474134,PRA8FCJ,1.0,,Matrix Addition N.VM.C.8 EX/Decision/[Treatment]/Theory Skill Builder,problem_finished,2020-10-05 10:00:40.985000-04:00,321142759
PSAXTEE,474134,,,,Matrix Addition N.VM.C.8 EX/Decision/[Treatment]/Theory Skill Builder,continue_selected,2020-10-05 10:00:43.241000-04:00,321142760
PSAXTEE,474134,PRA8FEK,1.0,,Matrix Addition N.VM.C.8 EX/Decision/[Treatment]/Theory Skill Builder,problem_started,2020-10-05 10:00:43.324000-04:00,321142761
PSAXTEE,474134,PRA8FEK,1.0,,Matrix Addition N.VM.C.8 EX/Decision/[Treatment]/Theory Skill Builder,correct_response,2020-10-05 10:00:52.420000-04:00,321143846
PSAXTEE,474134,PRA8FEK,1.0,,Matrix Addition N.VM.C.8 EX/Decision/[Treatment]/Theory Skill Builder,problem_finished,2020-10-05 10:00:52.424000-04:00,321143868
PSAXTEE,474134,,,,,assignment_finished,2020-10-05 10:00:52.564000-04:00,321144073
PSAXTEE,474137,,,,,assignment_started,2020-10-05 12:53:25.887000-04:00,322462457
PSAXTEE,474137,PRA8FCZ,1.0,,Matrix Addition N.VM.C.8 EX/Decision/[Control]/Theory Skill Builder,problem_started,2020-10-05 12:53:35.327000-04:00,322463033
PSAXTEE,474137,PRA8FCZ,1.0,,Matrix Addition N.VM.C.8 EX/Decision/[Control]/Theory Skill Builder,hint_requested,2020-10-05 12:53:50.658000-04:00,322465228
PSAXTEE,474137,PRA8FCZ,1.0,,Matrix Addition N.VM.C.8 EX/Decision/[Control]/Theory Skill Builder,answer_requested,2020-10-05 12:53:53.590000-04:00,322466713
PSAXTEE,474137,PRA8FCZ,1.0,,Matrix Addition N.VM.C.8 EX/Decision/[Control]/Theory Skill Builder,correct_response,2020-10-05 12:57:02.541000-04:00,322492611
PSAXTEE,474137,PRA8FCZ,1.0,,Matrix Addition N.VM.C.8 EX/Decision/[Control]/Theory Skill Builder,problem_finished,2020-10-05 12:57:02.544000-04:00,322492612
PSAXTEE,474137,,,,Matrix Addition N.VM.C.8 EX/Decision/[Control]/Theory Skill Builder,continue_selected,2020-10-05 12:57:02.853000-04:00,322492613
PSAXTEE,474137,PRA8FEP,1.0,,Matrix Addition N.VM.C.8 EX/Decision/[Control]/Theory Skill Builder,problem_started,2020-10-05 12:57:02.903000-04:00,322492614
PSAXTEE,474137,PRA8FEP,1.0,,Matrix Addition N.VM.C.8 EX/Decision/[Control]/Theory Skill Builder,correct_response,2020-10-05 12:57:08.878000-04:00,322493427
PSAXTEE,474137,PRA8FEP,1.0,,Matrix Addition N.VM.C.8 EX/Decision/[Control]/Theory Skill Builder,problem_finished,2020-10-05 12:57:08.879000-04:00,322493494
PSAXTEE,474137,,,,Matrix Addition N.VM.C.8 EX/Decision/[Control]/Theory Skill Builder,continue_selected,2020-10-05 12:57:09.165000-04:00,322493495
PSAXTEE,474137,PRA8FC7,1.0,,Matrix Addition N.VM.C.8 EX/Decision/[Control]/Theory Skill Builder,problem_started,2020-10-05 12:57:09.211000-04:00,322493496
PSAXTEE,474137,PRA8FC7,1.0,,Matrix Addition N.VM.C.8 EX/Decision/[Control]/Theory Skill Builder,correct_response,2020-10-05 12:57:17.292000-04:00,322494576
PSAXTEE,474137,PRA8FC7,1.0,,Matrix Addition N.VM.C.8 EX/Decision/[Control]/Theory Skill Builder,problem_finished,2020-10-05 12:57:17.294000-04:00,322494606
PSAXTEE,474137,,,,Matrix Addition N.VM.C.8 EX/Decision/[Control],continue_selected,2020-10-05 12:57:17.565000-04:00,322494610
PSAXTEE,474137,PRA88C8,1.0,,Matrix Addition N.VM.C.8 EX/Decision/[Control]/Real World Skill Builder,problem_started,2020-10-05 12:57:17.771000-04:00,322494613
PSAXTEE,474137,PRA88C8,1.0,,Matrix Addition N.VM.C.8 EX/Decision/[Control]/Real World Skill Builder,correct_response,2020-10-05 12:57:40.940000-04:00,322497752
PSAXTEE,474137,PRA88C8,1.0,,Matrix Addition N.VM.C.8 EX/Decision/[Control]/Real World Skill Builder,problem_finished,2020-10-05 12:57:40.942000-04:00,322497794
PSAXTEE,474137,,,,,assignment_finished,2020-10-05 12:57:41.005000-04:00,322497799
PSAXTEE,474138,,,,,assignment_started,2020-10-05 12:50:07.681000-04:00,322433355
PSAXTEE,474138,PRA8FDT,1.0,,Matrix Addition N.VM.C.8 EX/Decision/[Control]/Theory Skill Builder,problem_started,2020-10-05 12:50:08.536000-04:00,322433363
PSAXTEE,474138,PRA8FDT,1.0,,Matrix Addition N.VM.C.8 EX/Decision/[Control]/Theory Skill Builder,correct_response,2020-10-05 12:50:34.729000-04:00,322437210
PSAXTEE,474138,PRA8FDT,1.0,,Matrix Addition N.VM.C.8 EX/Decision/[Control]/Theory Skill Builder,problem_finished,2020-10-05 12:50:34.732000-04:00,322438662
PSAXTEE,474138,,,,Matrix Addition N.VM.C.8 EX/Decision/[Control]/Theory Skill Builder,continue_selected,2020-10-05 12:50:44.386000-04:00,322438663
PSAXTEE,474138,PRA8FCF,1.0,,Matrix Addition N.VM.C.8 EX/Decision/[Control]/Theory Skill Builder,problem_started,2020-10-05 12:50:44.436000-04:00,322438664
PSAXTEE,474138,PRA8FCF,1.0,,Matrix Addition N.VM.C.8 EX/Decision/[Control]/Theory Skill Builder,correct_response,2020-10-05 12:50:55.222000-04:00,322440266
PSAXTEE,474138,PRA8FCF,1.0,,Matrix Addition N.VM.C.8 EX/Decision/[Control]/Theory Skill Builder,problem_finished,2020-10-05 12:50:55.224000-04:00,322440468
PSAXTEE,474138,,,,Matrix Addition N.VM.C.8 EX/Decision/[Control],continue_selected,2020-10-05 12:50:56.304000-04:00,322440470
PSAXTEE,474138,PRA88DA,1.0,,Matrix Addition N.VM.C.8 EX/Decision/[Control]/Real World Skill Builder,problem_started,2020-10-05 12:50:56.557000-04:00,322440472
PSAXTEE,474138,PRA88DA,1.0,,Matrix Addition N.VM.C.8 EX/Decision/[Control]/Real World Skill Builder,correct_response,2020-10-05 12:51:06.800000-04:00,322441924
PSAXTEE,474138,PRA88DA,1.0,,Matrix Addition N.VM.C.8 EX/Decision/[Control]/Real World Skill Builder,problem_finished,2020-10-05 12:51:06.802000-04:00,322442321
PSAXTEE,474138,,,,,assignment_finished,2020-10-05 12:51:06.861000-04:00,322442326
PSAXTEE,474139,,,,,assignment_started,2020-10-05 12:50:20.095000-04:00,322435281
PSAXTEE,474139,PRA88ER,1.0,,Matrix Addition N.VM.C.8 EX/Decision/[Treatment]/Real World Skill Builder,problem_started,2020-10-05 12:50:21.182000-04:00,322435286
PSAXTEE,474139,PRA88ER,1.0,,Matrix Addition N.VM.C.8 EX/Decision/[Treatment]/Real World Skill Builder,correct_response,2020-10-05 12:52:37.380000-04:00,322454543
PSAXTEE,474139,PRA88ER,1.0,,Matrix Addition N.VM.C.8 EX/Decision/[Treatment]/Real World Skill Builder,problem_finished,2020-10-05 12:52:37.403000-04:00,322454643
PSAXTEE,474139,,,,Matrix Addition N.VM.C.8 EX/Decision/[Treatment]/Real World Skill Builder,continue_selected,2020-10-05 12:52:38.021000-04:00,322454644
PSAXTEE,474139,PRA88DP,1.0,,Matrix Addition N.VM.C.8 EX/Decision/[Treatment]/Real World Skill Builder,problem_started,2020-10-05 12:52:38.181000-04:00,322454645
PSAXTEE,474139,PRA88DP,1.0,,Matrix Addition N.VM.C.8 EX/Decision/[Treatment]/Real World Skill Builder,correct_response,2020-10-05 12:52:59.503000-04:00,322457659
PSAXTEE,474139,PRA88DP,1.0,,Matrix Addition N.VM.C.8 EX/Decision/[Treatment]/Real World Skill Builder,problem_finished,2020-10-05 12:52:59.508000-04:00,322457877
PSAXTEE,474139,,,,Matrix Addition N.VM.C.8 EX/Decision/[Treatment],continue_selected,2020-10-05 12:52:59.859000-04:00,322457879
PSAXTEE,474139,PRA8FDD,1.0,,Matrix Addition N.VM.C.8 EX/Decision/[Treatment]/Theory Skill Builder,problem_started,2020-10-05 12:53:00.618000-04:00,322457881
PSAXTEE,474139,PRA8FDD,1.0,,Matrix Addition N.VM.C.8 EX/Decision/[Treatment]/Theory Skill Builder,correct_response,2020-10-05 12:53:08.910000-04:00,322459093
PSAXTEE,474139,PRA8FDD,1.0,,Matrix Addition N.VM.C.8 EX/Decision/[Treatment]/Theory Skill Builder,problem_finished,2020-10-05 12:53:08.914000-04:00,322459126
PSAXTEE,474139,,,,,assignment_finished,2020-10-05 12:53:09.202000-04:00,322459149
PSAXTEE,474142,,,,,assignment_started,2020-10-05 12:49:33.901000-04:00,322428711
PSAXTEE,474142,PRA8FDW,1.0,,Matrix Addition N.VM.C.8 EX/Decision/[Control]/Theory Skill Builder,problem_started,2020-10-05 12:49:34.535000-04:00,322428716
PSAXTEE,474142,PRA8FDW,1.0,,Matrix Addition N.VM.C.8 EX/Decision/[Control]/Theory Skill Builder,correct_response,2020-10-05 12:50:24.225000-04:00,322435716
PSAXTEE,474142,PRA8FDW,1.0,,Matrix Addition N.VM.C.8 EX/Decision/[Control]/Theory Skill Builder,problem_finished,2020-10-05 12:50:24.228000-04:00,322436134
PSAXTEE,474142,,,,Matrix Addition N.VM.C.8 EX/Decision/[Control]/Theory Skill Builder,continue_selected,2020-10-05 12:50:26.929000-04:00,322436135
PSAXTEE,474142,PRA8FDZ,1.0,,Matrix Addition N.VM.C.8 EX/Decision/[Control]/Theory Skill Builder,problem_started,2020-10-05 12:50:26.983000-04:00,322436138
PSAXTEE,474142,PRA8FDZ,1.0,,Matrix Addition N.VM.C.8 EX/Decision/[Control]/Theory Skill Builder,correct_response,2020-10-05 12:50:34.491000-04:00,322437158
PSAXTEE,474142,PRA8FDZ,1.0,,Matrix Addition N.VM.C.8 EX/Decision/[Control]/Theory Skill Builder,problem_finished,2020-10-05 12:50:34.493000-04:00,322437363
PSAXTEE,474142,,,,Matrix Addition N.VM.C.8 EX/Decision/[Control],continue_selected,2020-10-05 12:50:34.840000-04:00,322437365
PSAXTEE,474142,PRA88C6,1.0,,Matrix Addition N.VM.C.8 EX/Decision/[Control]/Real World Skill Builder,problem_started,2020-10-05 12:50:35.735000-04:00,322437367
PSAXTEE,474142,PRA88C6,1.0,,Matrix Addition N.VM.C.8 EX/Decision/[Control]/Real World Skill Builder,correct_response,2020-10-05 12:50:49.231000-04:00,322439405
PSAXTEE,474142,PRA88C6,1.0,,Matrix Addition N.VM.C.8 EX/Decision/[Control]/Real World Skill Builder,problem_finished,2020-10-05 12:50:49.232000-04:00,322439461
PSAXTEE,474142,,,,,assignment_finished,2020-10-05 12:50:49.313000-04:00,322439466
PSAXTEE,474174,,,,,assignment_started,2020-10-05 12:51:02.959000-04:00,322441481
PSAXTEE,474174,PRA88DN,1.0,,Matrix Addition N.VM.C.8 EX/Decision/[Treatment]/Real World Skill Builder,problem_started,2020-10-05 12:51:03.575000-04:00,322441486
PSAXTEE,474174,PRA88DN,1.0,,Matrix Addition N.VM.C.8 EX/Decision/[Treatment]/Real World Skill Builder,correct_response,2020-10-05 12:59:20.057000-04:00,322510765
PSAXTEE,474174,PRA88DN,1.0,,Matrix Addition N.VM.C.8 EX/Decision/[Treatment]/Real World Skill Builder,problem_finished,2020-10-05 12:59:20.067000-04:00,322511115
PSAXTEE,474174,,,,Matrix Addition N.VM.C.8 EX/Decision/[Treatment]/Real World Skill Builder,continue_selected,2020-10-05 12:59:22.967000-04:00,322511116
PSAXTEE,474174,PRA88ES,1.0,,Matrix Addition N.VM.C.8 EX/Decision/[Treatment]/Real World Skill Builder,problem_started,2020-10-05 12:59:23.057000-04:00,322511117
PSAXTEE,474174,PRA88ES,1.0,,Matrix Addition N.VM.C.8 EX/Decision/[Treatment]/Real World Skill Builder,correct_response,2020-10-05 13:01:26.498000-04:00,322527397
PSAXTEE,474174,PRA88ES,1.0,,Matrix Addition N.VM.C.8 EX/Decision/[Treatment]/Real World Skill Builder,problem_finished,2020-10-05 13:01:26.501000-04:00,322527530
PSAXTEE,474174,,,,Matrix Addition N.VM.C.8 EX/Decision/[Treatment],continue_selected,2020-10-05 13:01:27.172000-04:00,322527532
PSAXTEE,474174,PRA8FDB,1.0,,Matrix Addition N.VM.C.8 EX/Decision/[Treatment]/Theory Skill Builder,problem_started,2020-10-05 13:01:27.452000-04:00,322527535
PSAXTEE,474174,PRA8FDB,1.0,,Matrix Addition N.VM.C.8 EX/Decision/[Treatment]/Theory Skill Builder,wrong_response,2020-10-05 13:01:56.578000-04:00,322531356
PSAXTEE,474174,PRA8FDB,1.0,,Matrix Addition N.VM.C.8 EX/Decision/[Treatment]/Theory Skill Builder,correct_response,2020-10-05 13:02:11.849000-04:00,322533468
PSAXTEE,474174,PRA8FDB,1.0,,Matrix Addition N.VM.C.8 EX/Decision/[Treatment]/Theory Skill Builder,problem_finished,2020-10-05 13:02:11.851000-04:00,322533470
PSAXTEE,474174,,,,Matrix Addition N.VM.C.8 EX/Decision/[Treatment]/Theory Skill Builder,continue_selected,2020-10-05 13:02:13.724000-04:00,322533471
PSAXTEE,474174,PRA8FD6,1.0,,Matrix Addition N.VM.C.8 EX/Decision/[Treatment]/Theory Skill Builder,problem_started,2020-10-05 13:02:13.766000-04:00,322533472
PSAXTEE,474174,PRA8FD6,1.0,,Matrix Addition N.VM.C.8 EX/Decision/[Treatment]/Theory Skill Builder,correct_response,2020-10-05 13:02:22.714000-04:00,322534743
PSAXTEE,474174,PRA8FD6,1.0,,Matrix Addition N.VM.C.8 EX/Decision/[Treatment]/Theory Skill Builder,problem_finished,2020-10-05 13:02:22.716000-04:00,322534923
PSAXTEE,474174,,,,Matrix Addition N.VM.C.8 EX/Decision/[Treatment]/Theory Skill Builder,continue_selected,2020-10-05 13:02:23.764000-04:00,322534925
PSAXTEE,474174,PRA8FDE,1.0,,Matrix Addition N.VM.C.8 EX/Decision/[Treatment]/Theory Skill Builder,problem_started,2020-10-05 13:02:23.816000-04:00,322534927
PSAXTEE,474174,PRA8FDE,1.0,,Matrix Addition N.VM.C.8 EX/Decision/[Treatment]/Theory Skill Builder,correct_response,2020-10-05 13:02:28.151000-04:00,322535477
PSAXTEE,474174,PRA8FDE,1.0,,Matrix Addition N.VM.C.8 EX/Decision/[Treatment]/Theory Skill Builder,problem_finished,2020-10-05 13:02:28.152000-04:00,322535786
PSAXTEE,474174,,,,Matrix Addition N.VM.C.8 EX/Decision/[Treatment]/Theory Skill Builder,continue_selected,2020-10-05 13:02:30.092000-04:00,322535787
PSAXTEE,474174,PRA8FEB,1.0,,Matrix Addition N.VM.C.8 EX/Decision/[Treatment]/Theory Skill Builder,problem_started,2020-10-05 13:02:30.134000-04:00,322535788
PSAXTEE,474174,PRA8FEB,1.0,,Matrix Addition N.VM.C.8 EX/Decision/[Treatment]/Theory Skill Builder,correct_response,2020-10-05 13:02:38.611000-04:00,322536929
PSAXTEE,474174,PRA8FEB,1.0,,Matrix Addition N.VM.C.8 EX/Decision/[Treatment]/Theory Skill Builder,problem_finished,2020-10-05 13:02:38.612000-04:00,322537009
PSAXTEE,474174,,,,,assignment_finished,2020-10-05 13:02:38.675000-04:00,322537014
PSAXTEE,529048,,,,,assignment_started,2020-10-05 12:52:34.922000-04:00,322454245
PSAXTEE,529048,PRA88E2,1.0,,Matrix Addition N.VM.C.8 EX/Decision/[Treatment]/Real World Skill Builder,problem_started,2020-10-05 12:52:35.585000-04:00,322454250
PSAXTEE,529048,PRA88E2,1.0,,Matrix Addition N.VM.C.8 EX/Decision/[Treatment]/Real World Skill Builder,correct_response,2020-10-05 13:17:31.836000-04:00,322656142
PSAXTEE,529048,PRA88E2,1.0,,Matrix Addition N.VM.C.8 EX/Decision/[Treatment]/Real World Skill Builder,problem_finished,2020-10-05 13:17:31.846000-04:00,322656179
PSAXTEE,529048,,,,Matrix Addition N.VM.C.8 EX/Decision/[Treatment]/Real World Skill Builder,continue_selected,2020-10-05 13:17:32.287000-04:00,322656180
PSAXTEE,529048,PRA88DT,1.0,,Matrix Addition N.VM.C.8 EX/Decision/[Treatment]/Real World Skill Builder,problem_started,2020-10-05 13:17:32.367000-04:00,322656181
PSAXTEE,529048,PRA88DT,1.0,,Matrix Addition N.VM.C.8 EX/Decision/[Treatment]/Real World Skill Builder,wrong_response,2020-10-05 13:17:44.812000-04:00,322657901
PSAXTEE,529048,PRA88DT,1.0,,Matrix Addition N.VM.C.8 EX/Decision/[Treatment]/Real World Skill Builder,correct_response,2020-10-05 13:18:01.148000-04:00,322660350
PSAXTEE,529048,PRA88DT,1.0,,Matrix Addition N.VM.C.8 EX/Decision/[Treatment]/Real World Skill Builder,problem_finished,2020-10-05 13:18:01.149000-04:00,322660351
PSAXTEE,529048,,,,Matrix Addition N.VM.C.8 EX/Decision/[Treatment]/Real World Skill Builder,continue_selected,2020-10-05 13:18:01.975000-04:00,322660352
PSAXTEE,529048,PRA88DF,1.0,,Matrix Addition N.VM.C.8 EX/Decision/[Treatment]/Real World Skill Builder,problem_started,2020-10-05 13:18:02.021000-04:00,322660353
PSAXTEE,529048,PRA88DF,1.0,,Matrix Addition N.VM.C.8 EX/Decision/[Treatment]/Real World Skill Builder,correct_response,2020-10-05 13:18:14.587000-04:00,322662019
PSAXTEE,529048,PRA88DF,1.0,,Matrix Addition N.VM.C.8 EX/Decision/[Treatment]/Real World Skill Builder,problem_finished,2020-10-05 13:18:14.589000-04:00,322662067
PSAXTEE,529048,,,,Matrix Addition N.VM.C.8 EX/Decision/[Treatment]/Real World Skill Builder,continue_selected,2020-10-05 13:18:15.014000-04:00,322662068
PSAXTEE,529048,PRA88C5,1.0,,Matrix Addition N.VM.C.8 EX/Decision/[Treatment]/Real World Skill Builder,problem_started,2020-10-05 13:18:15.060000-04:00,322662069
PSAXTEE,529048,PRA88C5,1.0,,Matrix Addition N.VM.C.8 EX/Decision/[Treatment]/Real World Skill Builder,correct_response,2020-10-05 13:18:22.852000-04:00,322663095
PSAXTEE,529048,PRA88C5,1.0,,Matrix Addition N.VM.C.8 EX/Decision/[Treatment]/Real World Skill Builder,problem_finished,2020-10-05 13:18:22.854000-04:00,322663192
PSAXTEE,529048,,,,Matrix Addition N.VM.C.8 EX/Decision/[Treatment],continue_selected,2020-10-05 13:18:23.238000-04:00,322663194
PSAXTEE,529048,PRA8FD9,1.0,,Matrix Addition N.VM.C.8 EX/Decision/[Treatment]/Theory Skill Builder,problem_started,2020-10-05 13:18:23.503000-04:00,322663196
PSAXTEE,529048,PRA8FD9,1.0,,Matrix Addition N.VM.C.8 EX/Decision/[Treatment]/Theory Skill Builder,correct_response,2020-10-05 13:18:31.051000-04:00,322664236
PSAXTEE,529048,PRA8FD9,1.0,,Matrix Addition N.VM.C.8 EX/Decision/[Treatment]/Theory Skill Builder,problem_finished,2020-10-05 13:18:31.053000-04:00,322664343
PSAXTEE,529048,,,,,assignment_finished,2020-10-05 13:18:31.111000-04:00,322664348
PSAXTEE,544215,,,,,assignment_started,2020-10-05 12:52:54.782000-04:00,322457056
PSAXTEE,544215,PRA8FER,1.0,,Matrix Addition N.VM.C.8 EX/Decision/[Control]/Theory Skill Builder,problem_started,2020-10-05 12:52:55.451000-04:00,322457061
PSAXTEE,544215,PRA8FER,1.0,,Matrix Addition N.VM.C.8 EX/Decision/[Control]/Theory Skill Builder,correct_response,2020-10-05 12:59:22.053000-04:00,322510973
PSAXTEE,544215,PRA8FER,1.0,,Matrix Addition N.VM.C.8 EX/Decision/[Control]/Theory Skill Builder,problem_finished,2020-10-05 12:59:22.056000-04:00,322511064
PSAXTEE,544215,,,,Matrix Addition N.VM.C.8 EX/Decision/[Control]/Theory Skill Builder,continue_selected,2020-10-05 12:59:22.652000-04:00,322511065
PSAXTEE,544215,PRA8FCV,1.0,,Matrix Addition N.VM.C.8 EX/Decision/[Control]/Theory Skill Builder,problem_started,2020-10-05 12:59:22.704000-04:00,322511066
PSAXTEE,544215,PRA8FCV,1.0,,Matrix Addition N.VM.C.8 EX/Decision/[Control]/Theory Skill Builder,correct_response,2020-10-05 12:59:32.799000-04:00,322512403
PSAXTEE,544215,PRA8FCV,1.0,,Matrix Addition N.VM.C.8 EX/Decision/[Control]/Theory Skill Builder,problem_finished,2020-10-05 12:59:32.801000-04:00,322512568
PSAXTEE,544215,,,,Matrix Addition N.VM.C.8 EX/Decision/[Control],continue_selected,2020-10-05 12:59:33.875000-04:00,322512570
PSAXTEE,544215,PRA88CU,1.0,,Matrix Addition N.VM.C.8 EX/Decision/[Control]/Real World Skill Builder,problem_started,2020-10-05 12:59:34.114000-04:00,322512572
PSAXTEE,544215,PRA88CU,1.0,,Matrix Addition N.VM.C.8 EX/Decision/[Control]/Real World Skill Builder,correct_response,2020-10-05 13:01:06.772000-04:00,322524867
PSAXTEE,544215,PRA88CU,1.0,,Matrix Addition N.VM.C.8 EX/Decision/[Control]/Real World Skill Builder,problem_finished,2020-10-05 13:01:06.773000-04:00,322524991
PSAXTEE,544215,,,,,assignment_finished,2020-10-05 13:01:06.830000-04:00,322524996
PSAXTEE,863428,,,,,assignment_started,2021-09-21 13:53:33.373000-04:00,775496583
PSAXTEE,863428,PRA88EH,1.0,,Matrix Addition N.VM.C.8 EX/Decision/[Treatment]/Real World Skill Builder,problem_started,2021-09-21 13:53:34.162000-04:00,775496588
PSAXTEE,863428,PRA88EH,1.0,,Matrix Addition N.VM.C.8 EX/Decision/[Treatment]/Real World Skill Builder,correct_response,2021-09-21 13:56:47.692000-04:00,775503247
PSAXTEE,863428,PRA88EH,1.0,,Matrix Addition N.VM.C.8 EX/Decision/[Treatment]/Real World Skill Builder,problem_finished,2021-09-21 13:56:47.698000-04:00,775503354
PSAXTEE,863428,,,,Matrix Addition N.VM.C.8 EX/Decision/[Treatment]/Real World Skill Builder,continue_selected,2021-09-21 13:56:50.610000-04:00,775503355
PSAXTEE,863428,PRA88ET,1.0,,Matrix Addition N.VM.C.8 EX/Decision/[Treatment]/Real World Skill Builder,problem_started,2021-09-21 13:56:50.708000-04:00,775503356
PSAXTEE,863428,PRA88ET,1.0,,Matrix Addition N.VM.C.8 EX/Decision/[Treatment]/Real World Skill Builder,correct_response,2021-09-21 13:57:12.511000-04:00,775504029
PSAXTEE,863428,PRA88ET,1.0,,Matrix Addition N.VM.C.8 EX/Decision/[Treatment]/Real World Skill Builder,problem_finished,2021-09-21 13:57:12.514000-04:00,775504153
PSAXTEE,863428,,,,Matrix Addition N.VM.C.8 EX/Decision/[Treatment],continue_selected,2021-09-21 13:57:15.330000-04:00,775504155
PSAXTEE,863428,PRA8FCG,1.0,,Matrix Addition N.VM.C.8 EX/Decision/[Treatment]/Theory Skill Builder,problem_started,2021-09-21 13:57:15.692000-04:00,775504157
PSAXTEE,863428,PRA8FCG,1.0,,Matrix Addition N.VM.C.8 EX/Decision/[Treatment]/Theory Skill Builder,wrong_response,2021-09-21 14:04:24.050000-04:00,775517471
PSAXTEE,863428,,,,,assignment_resumed,2021-09-21 14:11:02.750000-04:00,775531943
PSAXTEE,863428,PRA8FCG,1.0,,Matrix Addition N.VM.C.8 EX/Decision/[Treatment]/Theory Skill Builder,hint_requested,2021-09-21 14:11:08.074000-04:00,775532383
PSAXTEE,863428,PRA8FCG,1.0,,Matrix Addition N.VM.C.8 EX/Decision/[Treatment]/Theory Skill Builder,answer_requested,2021-09-21 14:11:13.753000-04:00,775532798
PSAXTEE,863428,PRA8FCG,1.0,,Matrix Addition N.VM.C.8 EX/Decision/[Treatment]/Theory Skill Builder,correct_response,2021-09-21 14:11:35.558000-04:00,775533699
PSAXTEE,863428,PRA8FCG,1.0,,Matrix Addition N.VM.C.8 EX/Decision/[Treatment]/Theory Skill Builder,problem_finished,2021-09-21 14:11:35.563000-04:00,775533700
PSAXTEE,863428,,,,Matrix Addition N.VM.C.8 EX/Decision/[Treatment]/Theory Skill Builder,continue_selected,2021-09-21 14:11:51.259000-04:00,775534035
PSAXTEE,863428,PRA8FC6,1.0,,Matrix Addition N.VM.C.8 EX/Decision/[Treatment]/Theory Skill Builder,problem_started,2021-09-21 14:11:51.367000-04:00,775534036
PSAXTEE,863428,PRA8FC6,1.0,,Matrix Addition N.VM.C.8 EX/Decision/[Treatment]/Theory Skill Builder,correct_response,2021-09-21 14:12:00.424000-04:00,775534400
PSAXTEE,863428,PRA8FC6,1.0,,Matrix Addition N.VM.C.8 EX/Decision/[Treatment]/Theory Skill Builder,problem_finished,2021-09-21 14:12:00.428000-04:00,775534451
PSAXTEE,863428,,,,Matrix Addition N.VM.C.8 EX/Decision/[Treatment]/Theory Skill Builder,continue_selected,2021-09-21 14:12:01.389000-04:00,775534452
PSAXTEE,863428,PRA8FDX,1.0,,Matrix Addition N.VM.C.8 EX/Decision/[Treatment]/Theory Skill Builder,problem_started,2021-09-21 14:12:01.493000-04:00,775534453
PSAXTEE,863428,PRA8FDX,1.0,,Matrix Addition N.VM.C.8 EX/Decision/[Treatment]/Theory Skill Builder,correct_response,2021-09-21 14:12:38.993000-04:00,775535990
PSAXTEE,863428,PRA8FDX,1.0,,Matrix Addition N.VM.C.8 EX/Decision/[Treatment]/Theory Skill Builder,problem_finished,2021-09-21 14:12:38.996000-04:00,775536052
PSAXTEE,863428,,,,Matrix Addition N.VM.C.8 EX/Decision/[Treatment]/Theory Skill Builder,continue_selected,2021-09-21 14:12:40.466000-04:00,775536053
PSAXTEE,863428,PRA8FCT,1.0,,Matrix Addition N.VM.C.8 EX/Decision/[Treatment]/Theory Skill Builder,problem_started,2021-09-21 14:12:40.538000-04:00,775536056
PSAXTEE,863428,PRA8FCT,1.0,,Matrix Addition N.VM.C.8 EX/Decision/[Treatment]/Theory Skill Builder,wrong_response,2021-09-21 14:12:51.050000-04:00,775536515
PSAXTEE,863428,PRA8FCT,1.0,,Matrix Addition N.VM.C.8 EX/Decision/[Treatment]/Theory Skill Builder,correct_response,2021-09-21 14:13:18.186000-04:00,775537762
PSAXTEE,863428,PRA8FCT,1.0,,Matrix Addition N.VM.C.8 EX/Decision/[Treatment]/Theory Skill Builder,problem_finished,2021-09-21 14:13:18.190000-04:00,775537763
PSAXTEE,863428,,,,Matrix Addition N.VM.C.8 EX/Decision/[Treatment]/Theory Skill Builder,continue_selected,2021-09-21 14:13:20.790000-04:00,775537764
PSAXTEE,863428,PRA8FDS,1.0,,Matrix Addition N.VM.C.8 EX/Decision/[Treatment]/Theory Skill Builder,problem_started,2021-09-21 14:13:20.867000-04:00,775537765
PSAXTEE,863428,PRA8FDS,1.0,,Matrix Addition N.VM.C.8 EX/Decision/[Treatment]/Theory Skill Builder,correct_response,2021-09-21 14:14:01.348000-04:00,775539756
PSAXTEE,863428,PRA8FDS,1.0,,Matrix Addition N.VM.C.8 EX/Decision/[Treatment]/Theory Skill Builder,problem_finished,2021-09-21 14:14:01.351000-04:00,775539865
PSAXTEE,863428,,,,Matrix Addition N.VM.C.8 EX/Decision/[Treatment]/Theory Skill Builder,continue_selected,2021-09-21 14:14:03.224000-04:00,775539866
PSAXTEE,863428,PRA8FCQ,1.0,,Matrix Addition N.VM.C.8 EX/Decision/[Treatment]/Theory Skill Builder,problem_started,2021-09-21 14:14:03.302000-04:00,775539867
PSAXTEE,863428,PRA8FCQ,1.0,,Matrix Addition N.VM.C.8 EX/Decision/[Treatment]/Theory Skill Builder,correct_response,2021-09-21 14:14:11.241000-04:00,775540272
PSAXTEE,863428,PRA8FCQ,1.0,,Matrix Addition N.VM.C.8 EX/Decision/[Treatment]/Theory Skill Builder,problem_finished,2021-09-21 14:14:11.244000-04:00,775540336
PSAXTEE,863428,,,,Matrix Addition N.VM.C.8 EX/Decision/[Treatment]/Theory Skill Builder,continue_selected,2021-09-21 14:14:12.446000-04:00,775540337
PSAXTEE,863428,PRA8FDH,1.0,,Matrix Addition N.VM.C.8 EX/Decision/[Treatment]/Theory Skill Builder,problem_started,2021-09-21 14:14:12.533000-04:00,775540338
PSAXTEE,863428,PRA8FDH,1.0,,Matrix Addition N.VM.C.8 EX/Decision/[Treatment]/Theory Skill Builder,correct_response,2021-09-21 14:14:28.069000-04:00,775541140
PSAXTEE,863428,PRA8FDH,1.0,,Matrix Addition N.VM.C.8 EX/Decision/[Treatment]/Theory Skill Builder,problem_finished,2021-09-21 14:14:28.072000-04:00,775541146
PSAXTEE,863428,,,,,assignment_finished,2021-09-21 14:14:28.213000-04:00,775541207
PSAXTEE,899648,,,,,assignment_started,2021-01-09 13:02:50.443000-05:00,530017203
PSAXTEE,899648,PRA88EP,1.0,,Matrix Addition N.VM.C.8 EX/Decision/[Treatment]/Real World Skill Builder,problem_started,2021-01-09 13:02:51.409000-05:00,530017208
PSAXTEE,899706,,,,,assignment_started,2021-05-12 08:16:33.040000-04:00,730656925
PSAXTEE,899706,PRA88EQ,1.0,,Matrix Addition N.VM.C.8 EX/Decision/[Treatment]/Real World Skill Builder,problem_started,2021-05-12 08:16:33.789000-04:00,730656930
PSAXTEE,899706,PRA88EQ,1.0,,Matrix Addition N.VM.C.8 EX/Decision/[Treatment]/Real World Skill Builder,correct_response,2021-05-12 08:17:54.022000-04:00,730658222
PSAXTEE,899706,PRA88EQ,1.0,,Matrix Addition N.VM.C.8 EX/Decision/[Treatment]/Real World Skill Builder,problem_finished,2021-05-12 08:17:54.027000-04:00,730658278
PSAXTEE,899706,,,,Matrix Addition N.VM.C.8 EX/Decision/[Treatment]/Real World Skill Builder,continue_selected,2021-05-12 08:17:58.334000-04:00,730658279
PSAXTEE,899706,PRA88ER,1.0,,Matrix Addition N.VM.C.8 EX/Decision/[Treatment]/Real World Skill Builder,problem_started,2021-05-12 08:17:58.425000-04:00,730658280
PSAXTEE,899706,PRA88ER,1.0,,Matrix Addition N.VM.C.8 EX/Decision/[Treatment]/Real World Skill Builder,correct_response,2021-05-12 08:18:16.144000-04:00,730658485
PSAXTEE,899706,PRA88ER,1.0,,Matrix Addition N.VM.C.8 EX/Decision/[Treatment]/Real World Skill Builder,problem_finished,2021-05-12 08:18:16.150000-04:00,730658528
PSAXTEE,899706,,,,Matrix Addition N.VM.C.8 EX/Decision/[Treatment],continue_selected,2021-05-12 08:18:18.295000-04:00,730658530
PSAXTEE,899706,PRA8FDZ,1.0,,Matrix Addition N.VM.C.8 EX/Decision/[Treatment]/Theory Skill Builder,problem_started,2021-05-12 08:18:18.741000-04:00,730658532
PSAXTEE,899706,PRA8FDZ,1.0,,Matrix Addition N.VM.C.8 EX/Decision/[Treatment]/Theory Skill Builder,hint_requested,2021-05-12 08:18:36.336000-04:00,730658728
PSAXTEE,899706,PRA8FDZ,1.0,,Matrix Addition N.VM.C.8 EX/Decision/[Treatment]/Theory Skill Builder,answer_requested,2021-05-12 08:20:23.411000-04:00,730660080
PSAXTEE,899706,PRA8FDZ,1.0,,Matrix Addition N.VM.C.8 EX/Decision/[Treatment]/Theory Skill Builder,correct_response,2021-05-12 08:20:49.857000-04:00,730660417
PSAXTEE,899706,PRA8FDZ,1.0,,Matrix Addition N.VM.C.8 EX/Decision/[Treatment]/Theory Skill Builder,problem_finished,2021-05-12 08:20:49.860000-04:00,730660418
PSAXTEE,899706,,,,Matrix Addition N.VM.C.8 EX/Decision/[Treatment]/Theory Skill Builder,continue_selected,2021-05-12 08:20:51.781000-04:00,730660419
PSAXTEE,899706,PRA8FCQ,1.0,,Matrix Addition N.VM.C.8 EX/Decision/[Treatment]/Theory Skill Builder,problem_started,2021-05-12 08:20:51.856000-04:00,730660420
PSAXTEE,899706,PRA8FCQ,1.0,,Matrix Addition N.VM.C.8 EX/Decision/[Treatment]/Theory Skill Builder,wrong_response,2021-05-12 08:21:02.383000-04:00,730660558
PSAXTEE,899706,PRA8FCQ,1.0,,Matrix Addition N.VM.C.8 EX/Decision/[Treatment]/Theory Skill Builder,wrong_response,2021-05-12 08:21:09.247000-04:00,730660711
PSAXTEE,899706,PRA8FCQ,1.0,,Matrix Addition N.VM.C.8 EX/Decision/[Treatment]/Theory Skill Builder,hint_requested,2021-05-12 08:21:14.206000-04:00,730661140
PSAXTEE,899828,,,,,assignment_started,2021-05-12 08:15:31.994000-04:00,730656001
PSAXTEE,899828,PRA8FEN,1.0,,Matrix Addition N.VM.C.8 EX/Decision/[Control]/Theory Skill Builder,problem_started,2021-05-12 08:15:32.794000-04:00,730656006
PSAXTEE,899828,PRA8FEN,1.0,,Matrix Addition N.VM.C.8 EX/Decision/[Control]/Theory Skill Builder,wrong_response,2021-05-12 08:17:22.439000-04:00,730657724
PSAXTEE,899828,PRA8FEN,1.0,,Matrix Addition N.VM.C.8 EX/Decision/[Control]/Theory Skill Builder,hint_requested,2021-05-12 08:17:30.236000-04:00,730657851
PSAXTEE,899828,PRA8FEN,1.0,,Matrix Addition N.VM.C.8 EX/Decision/[Control]/Theory Skill Builder,answer_requested,2021-05-12 08:17:40.092000-04:00,730657995
PSAXTEE,899828,PRA8FEN,1.0,,Matrix Addition N.VM.C.8 EX/Decision/[Control]/Theory Skill Builder,correct_response,2021-05-12 08:17:47.024000-04:00,730658158
PSAXTEE,899828,PRA8FEN,1.0,,Matrix Addition N.VM.C.8 EX/Decision/[Control]/Theory Skill Builder,problem_finished,2021-05-12 08:17:47.029000-04:00,730658159
PSAXTEE,899828,,,,Matrix Addition N.VM.C.8 EX/Decision/[Control]/Theory Skill Builder,continue_selected,2021-05-12 08:17:50.941000-04:00,730658160
PSAXTEE,899828,PRA8FCJ,1.0,,Matrix Addition N.VM.C.8 EX/Decision/[Control]/Theory Skill Builder,problem_started,2021-05-12 08:17:51.039000-04:00,730658161
PSAXTEE,899828,PRA8FCJ,1.0,,Matrix Addition N.VM.C.8 EX/Decision/[Control]/Theory Skill Builder,wrong_response,2021-05-12 08:18:15.341000-04:00,730658478
PSAXTEE,899828,PRA8FCJ,1.0,,Matrix Addition N.VM.C.8 EX/Decision/[Control]/Theory Skill Builder,hint_requested,2021-05-12 08:18:17.543000-04:00,730658621
PSAXTEE,899828,PRA8FCJ,1.0,,Matrix Addition N.VM.C.8 EX/Decision/[Control]/Theory Skill Builder,answer_requested,2021-05-12 08:18:20.033000-04:00,730658622
PSAXTEE,899828,PRA8FCJ,1.0,,Matrix Addition N.VM.C.8 EX/Decision/[Control]/Theory Skill Builder,correct_response,2021-05-12 08:18:24.980000-04:00,730658624
PSAXTEE,899828,PRA8FCJ,1.0,,Matrix Addition N.VM.C.8 EX/Decision/[Control]/Theory Skill Builder,problem_finished,2021-05-12 08:18:24.983000-04:00,730658625
PSAXTEE,899828,,,,Matrix Addition N.VM.C.8 EX/Decision/[Control]/Theory Skill Builder,continue_selected,2021-05-12 08:18:26.094000-04:00,730658630
PSAXTEE,899828,PRA8FES,1.0,,Matrix Addition N.VM.C.8 EX/Decision/[Control]/Theory Skill Builder,problem_started,2021-05-12 08:18:26.172000-04:00,730658631
PSAXTEE,899828,PRA8FES,1.0,,Matrix Addition N.VM.C.8 EX/Decision/[Control]/Theory Skill Builder,wrong_response,2021-05-12 08:18:39.098000-04:00,730658769
PSAXTEE,899828,PRA8FES,1.0,,Matrix Addition N.VM.C.8 EX/Decision/[Control]/Theory Skill Builder,wrong_response,2021-05-12 08:18:46.069000-04:00,730658863
PSAXTEE,899828,PRA8FES,1.0,,Matrix Addition N.VM.C.8 EX/Decision/[Control]/Theory Skill Builder,hint_requested,2021-05-12 08:18:48.645000-04:00,730658866
PSAXTEE,899828,PRA8FES,1.0,,Matrix Addition N.VM.C.8 EX/Decision/[Control]/Theory Skill Builder,answer_requested,2021-05-12 08:18:52.956000-04:00,730658988
PSAXTEE,899828,PRA8FES,1.0,,Matrix Addition N.VM.C.8 EX/Decision/[Control]/Theory Skill Builder,correct_response,2021-05-12 08:18:58.625000-04:00,730658990
PSAXTEE,899828,PRA8FES,1.0,,Matrix Addition N.VM.C.8 EX/Decision/[Control]/Theory Skill Builder,problem_finished,2021-05-12 08:18:58.627000-04:00,730658991
PSAXTEE,899828,,,,Matrix Addition N.VM.C.8 EX/Decision/[Control]/Theory Skill Builder,continue_selected,2021-05-12 08:19:00.222000-04:00,730659007
PSAXTEE,899828,PRA8FD3,1.0,,Matrix Addition N.VM.C.8 EX/Decision/[Control]/Theory Skill Builder,problem_started,2021-05-12 08:19:00.334000-04:00,730659008
PSAXTEE,899828,PRA8FD3,1.0,,Matrix Addition N.VM.C.8 EX/Decision/[Control]/Theory Skill Builder,wrong_response,2021-05-12 08:21:50.104000-04:00,730661369
PSAXTEE,899828,PRA8FD3,1.0,,Matrix Addition N.VM.C.8 EX/Decision/[Control]/Theory Skill Builder,hint_requested,2021-05-12 08:21:54.441000-04:00,730661520
PSAXTEE,899828,PRA8FD3,1.0,,Matrix Addition N.VM.C.8 EX/Decision/[Control]/Theory Skill Builder,answer_requested,2021-05-12 08:21:56.836000-04:00,730661521
PSAXTEE,899828,PRA8FD3,1.0,,Matrix Addition N.VM.C.8 EX/Decision/[Control]/Theory Skill Builder,correct_response,2021-05-12 08:22:02.900000-04:00,730661563
PSAXTEE,899828,PRA8FD3,1.0,,Matrix Addition N.VM.C.8 EX/Decision/[Control]/Theory Skill Builder,problem_finished,2021-05-12 08:22:02.904000-04:00,730661564
PSAXTEE,899828,,,,Matrix Addition N.VM.C.8 EX/Decision/[Control]/Theory Skill Builder,continue_selected,2021-05-12 08:22:03.078000-04:00,730661565
PSAXTEE,899828,PRA8FC2,1.0,,Matrix Addition N.VM.C.8 EX/Decision/[Control]/Theory Skill Builder,problem_started,2021-05-12 08:22:03.163000-04:00,730661566
PSAXTEE,899828,PRA8FC2,1.0,,Matrix Addition N.VM.C.8 EX/Decision/[Control]/Theory Skill Builder,correct_response,2021-05-12 08:26:27.066000-04:00,730665708
PSAXTEE,899828,PRA8FC2,1.0,,Matrix Addition N.VM.C.8 EX/Decision/[Control]/Theory Skill Builder,problem_finished,2021-05-12 08:26:27.069000-04:00,730665829
PSAXTEE,899828,,,,Matrix Addition N.VM.C.8 EX/Decision/[Control]/Theory Skill Builder,continue_selected,2021-05-12 08:26:35.856000-04:00,730665830
PSAXTEE,899828,PRA8FDH,1.0,,Matrix Addition N.VM.C.8 EX/Decision/[Control]/Theory Skill Builder,problem_started,2021-05-12 08:26:35.937000-04:00,730665831
PSAXTEE,899828,PRA8FDH,1.0,,Matrix Addition N.VM.C.8 EX/Decision/[Control]/Theory Skill Builder,wrong_response,2021-05-12 08:26:47.853000-04:00,730665989
PSAXTEE,899828,PRA8FDH,1.0,,Matrix Addition N.VM.C.8 EX/Decision/[Control]/Theory Skill Builder,hint_requested,2021-05-12 08:26:50.178000-04:00,730666145
PSAXTEE,899828,PRA8FDH,1.0,,Matrix Addition N.VM.C.8 EX/Decision/[Control]/Theory Skill Builder,wrong_response,2021-05-12 08:26:59.456000-04:00,730666300
PSAXTEE,899828,PRA8FDH,1.0,,Matrix Addition N.VM.C.8 EX/Decision/[Control]/Theory Skill Builder,answer_requested,2021-05-12 08:27:01.522000-04:00,730666301
PSAXTEE,899828,PRA8FDH,1.0,,Matrix Addition N.VM.C.8 EX/Decision/[Control]/Theory Skill Builder,correct_response,2021-05-12 08:27:07.064000-04:00,730666303
PSAXTEE,899828,PRA8FDH,1.0,,Matrix Addition N.VM.C.8 EX/Decision/[Control]/Theory Skill Builder,problem_finished,2021-05-12 08:27:07.067000-04:00,730666304
PSAXTEE,899828,,,,Matrix Addition N.VM.C.8 EX/Decision/[Control]/Theory Skill Builder,continue_selected,2021-05-12 08:31:27.562000-04:00,730669984
PSAXTEE,899828,PRA8FD9,1.0,,Matrix Addition N.VM.C.8 EX/Decision/[Control]/Theory Skill Builder,problem_started,2021-05-12 08:31:27.646000-04:00,730669985
PSAXTEE,899965,,,,,assignment_started,2021-05-12 09:44:40.905000-04:00,730808105
PSAXTEE,899965,PRA8FDX,1.0,,Matrix Addition N.VM.C.8 EX/Decision/[Control]/Theory Skill Builder,problem_started,2021-05-12 09:44:41.696000-04:00,730808110
PSAXTEE,899965,PRA8FDX,1.0,,Matrix Addition N.VM.C.8 EX/Decision/[Control]/Theory Skill Builder,hint_requested,2021-05-12 09:44:59.451000-04:00,730808834
PSAXTEE,899965,PRA8FDX,1.0,,Matrix Addition N.VM.C.8 EX/Decision/[Control]/Theory Skill Builder,answer_requested,2021-05-12 09:45:22.276000-04:00,730810188
PSAXTEE,899965,PRA8FDX,1.0,,Matrix Addition N.VM.C.8 EX/Decision/[Control]/Theory Skill Builder,correct_response,2021-05-12 09:45:28.570000-04:00,730810190
PSAXTEE,899965,PRA8FDX,1.0,,Matrix Addition N.VM.C.8 EX/Decision/[Control]/Theory Skill Builder,problem_finished,2021-05-12 09:45:28.575000-04:00,730810191
PSAXTEE,899965,,,,Matrix Addition N.VM.C.8 EX/Decision/[Control]/Theory Skill Builder,continue_selected,2021-05-12 09:45:29.095000-04:00,730810192
PSAXTEE,899965,PRA8FD3,1.0,,Matrix Addition N.VM.C.8 EX/Decision/[Control]/Theory Skill Builder,problem_started,2021-05-12 09:45:29.188000-04:00,730810193
PSAXTEE,899965,PRA8FD3,1.0,,Matrix Addition N.VM.C.8 EX/Decision/[Control]/Theory Skill Builder,correct_response,2021-05-12 09:45:42.276000-04:00,730810742
PSAXTEE,899965,PRA8FD3,1.0,,Matrix Addition N.VM.C.8 EX/Decision/[Control]/Theory Skill Builder,problem_finished,2021-05-12 09:45:42.279000-04:00,730810812
PSAXTEE,899965,,,,Matrix Addition N.VM.C.8 EX/Decision/[Control]/Theory Skill Builder,continue_selected,2021-05-12 09:45:43.249000-04:00,730810813
PSAXTEE,899965,PRA8FC3,1.0,,Matrix Addition N.VM.C.8 EX/Decision/[Control]/Theory Skill Builder,problem_started,2021-05-12 09:45:43.348000-04:00,730810814
PSAXTEE,899965,PRA8FC3,1.0,,Matrix Addition N.VM.C.8 EX/Decision/[Control]/Theory Skill Builder,wrong_response,2021-05-12 09:46:05.941000-04:00,730811615
PSAXTEE,899965,PRA8FC3,1.0,,Matrix Addition N.VM.C.8 EX/Decision/[Control]/Theory Skill Builder,wrong_response,2021-05-12 09:46:22.841000-04:00,730812393
PSAXTEE,899965,PRA8FC3,1.0,,Matrix Addition N.VM.C.8 EX/Decision/[Control]/Theory Skill Builder,hint_requested,2021-05-12 09:46:25.071000-04:00,730812396
PSAXTEE,899965,PRA8FC3,1.0,,Matrix Addition N.VM.C.8 EX/Decision/[Control]/Theory Skill Builder,answer_requested,2021-05-12 09:46:25.920000-04:00,730812397
PSAXTEE,899965,PRA8FC3,1.0,,Matrix Addition N.VM.C.8 EX/Decision/[Control]/Theory Skill Builder,correct_response,2021-05-12 09:46:31.763000-04:00,730812678
PSAXTEE,899965,PRA8FC3,1.0,,Matrix Addition N.VM.C.8 EX/Decision/[Control]/Theory Skill Builder,problem_finished,2021-05-12 09:46:31.766000-04:00,730812679
PSAXTEE,899965,,,,Matrix Addition N.VM.C.8 EX/Decision/[Control]/Theory Skill Builder,continue_selected,2021-05-12 09:46:32.854000-04:00,730812681
PSAXTEE,899965,PRA8FEH,1.0,,Matrix Addition N.VM.C.8 EX/Decision/[Control]/Theory Skill Builder,problem_started,2021-05-12 09:46:32.942000-04:00,730812682
PSAXTEE,899965,PRA8FEH,1.0,,Matrix Addition N.VM.C.8 EX/Decision/[Control]/Theory Skill Builder,wrong_response,2021-05-12 09:47:18.350000-04:00,730814568
PSAXTEE,899965,PRA8FEH,1.0,,Matrix Addition N.VM.C.8 EX/Decision/[Control]/Theory Skill Builder,wrong_response,2021-05-12 09:47:52.771000-04:00,730816187
PSAXTEE,899965,PRA8FEH,1.0,,Matrix Addition N.VM.C.8 EX/Decision/[Control]/Theory Skill Builder,wrong_response,2021-05-12 09:47:59.121000-04:00,730816535
PSAXTEE,899965,PRA8FEH,1.0,,Matrix Addition N.VM.C.8 EX/Decision/[Control]/Theory Skill Builder,hint_requested,2021-05-12 09:48:00.842000-04:00,730816538
PSAXTEE,899965,PRA8FEH,1.0,,Matrix Addition N.VM.C.8 EX/Decision/[Control]/Theory Skill Builder,answer_requested,2021-05-12 09:48:02.207000-04:00,730816539
PSAXTEE,899965,PRA8FEH,1.0,,Matrix Addition N.VM.C.8 EX/Decision/[Control]/Theory Skill Builder,correct_response,2021-05-12 09:48:05.695000-04:00,730816541
PSAXTEE,899965,PRA8FEH,1.0,,Matrix Addition N.VM.C.8 EX/Decision/[Control]/Theory Skill Builder,problem_finished,2021-05-12 09:48:05.698000-04:00,730816542
PSAXTEE,899965,,,,Matrix Addition N.VM.C.8 EX/Decision/[Control]/Theory Skill Builder,continue_selected,2021-05-12 09:48:06.510000-04:00,730816543
PSAXTEE,899965,PRA8FDA,1.0,,Matrix Addition N.VM.C.8 EX/Decision/[Control]/Theory Skill Builder,problem_started,2021-05-12 09:48:06.589000-04:00,730816544
PSAXTEE,899965,PRA8FDA,1.0,,Matrix Addition N.VM.C.8 EX/Decision/[Control]/Theory Skill Builder,correct_response,2021-05-12 09:48:58.078000-04:00,730818800
PSAXTEE,899965,PRA8FDA,1.0,,Matrix Addition N.VM.C.8 EX/Decision/[Control]/Theory Skill Builder,problem_finished,2021-05-12 09:48:58.080000-04:00,730818828
PSAXTEE,899965,,,,Matrix Addition N.VM.C.8 EX/Decision/[Control]/Theory Skill Builder,continue_selected,2021-05-12 09:48:58.608000-04:00,730818829
PSAXTEE,899965,PRA8FCD,1.0,,Matrix Addition N.VM.C.8 EX/Decision/[Control]/Theory Skill Builder,problem_started,2021-05-12 09:48:58.695000-04:00,730818830
PSAXTEE,899965,PRA8FCD,1.0,,Matrix Addition N.VM.C.8 EX/Decision/[Control]/Theory Skill Builder,correct_response,2021-05-12 09:49:10.718000-04:00,730819311
PSAXTEE,899965,PRA8FCD,1.0,,Matrix Addition N.VM.C.8 EX/Decision/[Control]/Theory Skill Builder,problem_finished,2021-05-12 09:49:10.721000-04:00,730819336
PSAXTEE,899965,,,,Matrix Addition N.VM.C.8 EX/Decision/[Control],continue_selected,2021-05-12 09:49:11.133000-04:00,730819338
PSAXTEE,899965,PRA88C8,1.0,,Matrix Addition N.VM.C.8 EX/Decision/[Control]/Real World Skill Builder,problem_started,2021-05-12 09:49:11.503000-04:00,730819340
PSAXTEE,899965,PRA88C8,1.0,,Matrix Addition N.VM.C.8 EX/Decision/[Control]/Real World Skill Builder,wrong_response,2021-05-12 09:49:27.862000-04:00,730820036
PSAXTEE,899965,PRA88C8,1.0,,Matrix Addition N.VM.C.8 EX/Decision/[Control]/Real World Skill Builder,wrong_response,2021-05-12 09:49:35.250000-04:00,730820414
PSAXTEE,899965,PRA88C8,1.0,,Matrix Addition N.VM.C.8 EX/Decision/[Control]/Real World Skill Builder,hint_requested,2021-05-12 09:49:37.027000-04:00,730820417
PSAXTEE,899965,PRA88C8,1.0,,Matrix Addition N.VM.C.8 EX/Decision/[Control]/Real World Skill Builder,answer_requested,2021-05-12 09:49:38.314000-04:00,730820749
PSAXTEE,899965,PRA88C8,1.0,,Matrix Addition N.VM.C.8 EX/Decision/[Control]/Real World Skill Builder,correct_response,2021-05-12 09:49:44.673000-04:00,730820751
PSAXTEE,899965,PRA88C8,1.0,,Matrix Addition N.VM.C.8 EX/Decision/[Control]/Real World Skill Builder,problem_finished,2021-05-12 09:49:44.678000-04:00,730820752
PSAXTEE,899965,,,,Matrix Addition N.VM.C.8 EX/Decision/[Control]/Real World Skill Builder,continue_selected,2021-05-12 09:49:45.003000-04:00,730820753
PSAXTEE,899965,PRA88CU,1.0,,Matrix Addition N.VM.C.8 EX/Decision/[Control]/Real World Skill Builder,problem_started,2021-05-12 09:49:45.084000-04:00,730820754
PSAXTEE,899965,PRA88CU,1.0,,Matrix Addition N.VM.C.8 EX/Decision/[Control]/Real World Skill Builder,correct_response,2021-05-12 09:49:54.014000-04:00,730821170
PSAXTEE,899965,PRA88CU,1.0,,Matrix Addition N.VM.C.8 EX/Decision/[Control]/Real World Skill Builder,problem_finished,2021-05-12 09:49:54.017000-04:00,730821180
PSAXTEE,899965,,,,Matrix Addition N.VM.C.8 EX/Decision/[Control]/Real World Skill Builder,continue_selected,2021-05-12 09:49:54.248000-04:00,730821181
PSAXTEE,899965,PRA88DG,1.0,,Matrix Addition N.VM.C.8 EX/Decision/[Control]/Real World Skill Builder,problem_started,2021-05-12 09:49:54.331000-04:00,730821182
PSAXTEE,899965,PRA88DG,1.0,,Matrix Addition N.VM.C.8 EX/Decision/[Control]/Real World Skill Builder,correct_response,2021-05-12 09:50:06.917000-04:00,730821803
PSAXTEE,899965,PRA88DG,1.0,,Matrix Addition N.VM.C.8 EX/Decision/[Control]/Real World Skill Builder,problem_finished,2021-05-12 09:50:06.919000-04:00,730821809
PSAXTEE,899965,,,,Matrix Addition N.VM.C.8 EX/Decision/[Control]/Real World Skill Builder,continue_selected,2021-05-12 09:50:07.201000-04:00,730821810
PSAXTEE,899965,PRA88DW,1.0,,Matrix Addition N.VM.C.8 EX/Decision/[Control]/Real World Skill Builder,problem_started,2021-05-12 09:50:07.276000-04:00,730821811
PSAXTEE,899965,PRA88DW,1.0,,Matrix Addition N.VM.C.8 EX/Decision/[Control]/Real World Skill Builder,correct_response,2021-05-12 09:50:36.151000-04:00,730823238
PSAXTEE,899965,PRA88DW,1.0,,Matrix Addition N.VM.C.8 EX/Decision/[Control]/Real World Skill Builder,problem_finished,2021-05-12 09:50:36.153000-04:00,730823239
PSAXTEE,899965,,,,,assignment_finished,2021-05-12 09:50:36.294000-04:00,730823269
PSAXTEE,899984,,,,,assignment_started,2021-05-12 09:37:45.361000-04:00,730788929
PSAXTEE,899984,PRA88DQ,1.0,,Matrix Addition N.VM.C.8 EX/Decision/[Treatment]/Real World Skill Builder,problem_started,2021-05-12 09:37:46.103000-04:00,730788934
PSAXTEE,899985,,,,,assignment_started,2021-05-12 09:36:33.694000-04:00,730785733
PSAXTEE,899985,PRA8FEF,1.0,,Matrix Addition N.VM.C.8 EX/Decision/[Control]/Theory Skill Builder,problem_started,2021-05-12 09:36:34.710000-04:00,730785738
PSAXTEE,899990,,,,,assignment_started,2021-05-12 09:54:37.818000-04:00,730834736
PSAXTEE,899990,PRA88EY,1.0,,Matrix Addition N.VM.C.8 EX/Decision/[Treatment]/Real World Skill Builder,problem_started,2021-05-12 09:54:38.655000-04:00,730834741
PSAXTEE,899990,PRA88EY,1.0,,Matrix Addition N.VM.C.8 EX/Decision/[Treatment]/Real World Skill Builder,hint_requested,2021-05-12 09:55:11.423000-04:00,730836231
PSAXTEE,900288,,,,,assignment_started,2021-05-12 08:15:10.895000-04:00,730655672
PSAXTEE,900288,PRA88C5,1.0,,Matrix Addition N.VM.C.8 EX/Decision/[Treatment]/Real World Skill Builder,problem_started,2021-05-12 08:15:11.615000-04:00,730655677
PSAXTEE,900288,PRA88C5,1.0,,Matrix Addition N.VM.C.8 EX/Decision/[Treatment]/Real World Skill Builder,hint_requested,2021-05-12 08:15:21.096000-04:00,730655838
PSAXTEE,900288,PRA88C5,1.0,,Matrix Addition N.VM.C.8 EX/Decision/[Treatment]/Real World Skill Builder,answer_requested,2021-05-12 08:15:24.612000-04:00,730655973
PSAXTEE,900288,PRA88C5,1.0,,Matrix Addition N.VM.C.8 EX/Decision/[Treatment]/Real World Skill Builder,correct_response,2021-05-12 08:15:30.008000-04:00,730655975
PSAXTEE,900288,PRA88C5,1.0,,Matrix Addition N.VM.C.8 EX/Decision/[Treatment]/Real World Skill Builder,problem_finished,2021-05-12 08:15:30.010000-04:00,730655976
PSAXTEE,900288,,,,Matrix Addition N.VM.C.8 EX/Decision/[Treatment]/Real World Skill Builder,continue_selected,2021-05-12 08:15:32.403000-04:00,730655996
PSAXTEE,900288,PRA88DP,1.0,,Matrix Addition N.VM.C.8 EX/Decision/[Treatment]/Real World Skill Builder,problem_started,2021-05-12 08:15:32.445000-04:00,730655997
PSAXTEE,900288,PRA88DP,1.0,,Matrix Addition N.VM.C.8 EX/Decision/[Treatment]/Real World Skill Builder,hint_requested,2021-05-12 08:15:39.514000-04:00,730656128
PSAXTEE,900288,PRA88DP,1.0,,Matrix Addition N.VM.C.8 EX/Decision/[Treatment]/Real World Skill Builder,answer_requested,2021-05-12 08:15:40.415000-04:00,730656256
PSAXTEE,900288,PRA88DP,1.0,,Matrix Addition N.VM.C.8 EX/Decision/[Treatment]/Real World Skill Builder,correct_response,2021-05-12 08:15:44.911000-04:00,730656258
PSAXTEE,900288,PRA88DP,1.0,,Matrix Addition N.VM.C.8 EX/Decision/[Treatment]/Real World Skill Builder,problem_finished,2021-05-12 08:15:44.913000-04:00,730656259
PSAXTEE,900288,,,,Matrix Addition N.VM.C.8 EX/Decision/[Treatment]/Real World Skill Builder,continue_selected,2021-05-12 08:15:46.058000-04:00,730656260
PSAXTEE,900288,PRA88C8,1.0,,Matrix Addition N.VM.C.8 EX/Decision/[Treatment]/Real World Skill Builder,problem_started,2021-05-12 08:15:46.097000-04:00,730656261
PSAXTEE,900288,PRA88C8,1.0,,Matrix Addition N.VM.C.8 EX/Decision/[Treatment]/Real World Skill Builder,hint_requested,2021-05-12 08:15:48.646000-04:00,730656294
PSAXTEE,900288,PRA88C8,1.0,,Matrix Addition N.VM.C.8 EX/Decision/[Treatment]/Real World Skill Builder,answer_requested,2021-05-12 08:15:50.158000-04:00,730656418
PSAXTEE,900288,PRA88C8,1.0,,Matrix Addition N.VM.C.8 EX/Decision/[Treatment]/Real World Skill Builder,correct_response,2021-05-12 08:15:54.663000-04:00,730656420
PSAXTEE,900288,PRA88C8,1.0,,Matrix Addition N.VM.C.8 EX/Decision/[Treatment]/Real World Skill Builder,problem_finished,2021-05-12 08:15:54.664000-04:00,730656421
PSAXTEE,900288,,,,Matrix Addition N.VM.C.8 EX/Decision/[Treatment]/Real World Skill Builder,continue_selected,2021-05-12 08:15:56.346000-04:00,730656422
PSAXTEE,900288,PRA88CV,1.0,,Matrix Addition N.VM.C.8 EX/Decision/[Treatment]/Real World Skill Builder,problem_started,2021-05-12 08:15:56.385000-04:00,730656423
PSAXTEE,900288,PRA88CV,1.0,,Matrix Addition N.VM.C.8 EX/Decision/[Treatment]/Real World Skill Builder,hint_requested,2021-05-12 08:15:58.790000-04:00,730656475
PSAXTEE,900288,PRA88CV,1.0,,Matrix Addition N.VM.C.8 EX/Decision/[Treatment]/Real World Skill Builder,answer_requested,2021-05-12 08:16:06.310000-04:00,730656609
PSAXTEE,900288,PRA88CV,1.0,,Matrix Addition N.VM.C.8 EX/Decision/[Treatment]/Real World Skill Builder,correct_response,2021-05-12 08:16:10.079000-04:00,730656667
PSAXTEE,900288,PRA88CV,1.0,,Matrix Addition N.VM.C.8 EX/Decision/[Treatment]/Real World Skill Builder,problem_finished,2021-05-12 08:16:10.081000-04:00,730656668
PSAXTEE,900288,,,,Matrix Addition N.VM.C.8 EX/Decision/[Treatment]/Real World Skill Builder,continue_selected,2021-05-12 08:16:11.490000-04:00,730656669
PSAXTEE,900288,PRA88E4,1.0,,Matrix Addition N.VM.C.8 EX/Decision/[Treatment]/Real World Skill Builder,problem_started,2021-05-12 08:16:11.527000-04:00,730656670
PSAXTEE,900288,PRA88E4,1.0,,Matrix Addition N.VM.C.8 EX/Decision/[Treatment]/Real World Skill Builder,hint_requested,2021-05-12 08:16:20.630000-04:00,730656785
PSAXTEE,900288,PRA88E4,1.0,,Matrix Addition N.VM.C.8 EX/Decision/[Treatment]/Real World Skill Builder,answer_requested,2021-05-12 08:16:21.804000-04:00,730656861
PSAXTEE,900288,PRA88E4,1.0,,Matrix Addition N.VM.C.8 EX/Decision/[Treatment]/Real World Skill Builder,correct_response,2021-05-12 08:16:25.527000-04:00,730656863
PSAXTEE,900288,PRA88E4,1.0,,Matrix Addition N.VM.C.8 EX/Decision/[Treatment]/Real World Skill Builder,problem_finished,2021-05-12 08:16:25.528000-04:00,730656864
PSAXTEE,900288,,,,Matrix Addition N.VM.C.8 EX/Decision/[Treatment]/Real World Skill Builder,continue_selected,2021-05-12 08:16:27.778000-04:00,730656865
PSAXTEE,900288,PRA88DJ,1.0,,Matrix Addition N.VM.C.8 EX/Decision/[Treatment]/Real World Skill Builder,problem_started,2021-05-12 08:16:27.818000-04:00,730656866
PSAXTEE,900288,PRA88DJ,1.0,,Matrix Addition N.VM.C.8 EX/Decision/[Treatment]/Real World Skill Builder,wrong_response,2021-05-12 08:17:09.759000-04:00,730657518
PSAXTEE,900288,PRA88DJ,1.0,,Matrix Addition N.VM.C.8 EX/Decision/[Treatment]/Real World Skill Builder,wrong_response,2021-05-12 08:17:16.949000-04:00,730657680
PSAXTEE,900288,PRA88DJ,1.0,,Matrix Addition N.VM.C.8 EX/Decision/[Treatment]/Real World Skill Builder,wrong_response,2021-05-12 08:17:21.965000-04:00,730657819
PSAXTEE,900288,PRA88DJ,1.0,,Matrix Addition N.VM.C.8 EX/Decision/[Treatment]/Real World Skill Builder,hint_requested,2021-05-12 08:17:25.887000-04:00,730657822
PSAXTEE,900288,PRA88DJ,1.0,,Matrix Addition N.VM.C.8 EX/Decision/[Treatment]/Real World Skill Builder,answer_requested,2021-05-12 08:17:27.230000-04:00,730657823
PSAXTEE,900288,PRA88DJ,1.0,,Matrix Addition N.VM.C.8 EX/Decision/[Treatment]/Real World Skill Builder,correct_response,2021-05-12 08:17:40.949000-04:00,730657991
PSAXTEE,900288,PRA88DJ,1.0,,Matrix Addition N.VM.C.8 EX/Decision/[Treatment]/Real World Skill Builder,problem_finished,2021-05-12 08:17:40.951000-04:00,730657992
PSAXTEE,900288,,,,Matrix Addition N.VM.C.8 EX/Decision/[Treatment]/Real World Skill Builder,continue_selected,2021-05-12 08:17:42.346000-04:00,730657993
PSAXTEE,900288,PRA88ED,1.0,,Matrix Addition N.VM.C.8 EX/Decision/[Treatment]/Real World Skill Builder,problem_started,2021-05-12 08:17:42.383000-04:00,730657994
PSAXTEE,900288,PRA88ED,1.0,,Matrix Addition N.VM.C.8 EX/Decision/[Treatment]/Real World Skill Builder,hint_requested,2021-05-12 08:18:06.270000-04:00,730658393
PSAXTEE,900288,PRA88ED,1.0,,Matrix Addition N.VM.C.8 EX/Decision/[Treatment]/Real World Skill Builder,wrong_response,2021-05-12 08:18:29.199000-04:00,730658724
PSAXTEE,900288,PRA88ED,1.0,,Matrix Addition N.VM.C.8 EX/Decision/[Treatment]/Real World Skill Builder,wrong_response,2021-05-12 08:19:17.509000-04:00,730659336
PSAXTEE,900288,PRA88ED,1.0,,Matrix Addition N.VM.C.8 EX/Decision/[Treatment]/Real World Skill Builder,answer_requested,2021-05-12 08:19:25.334000-04:00,730659337
PSAXTEE,900288,PRA88ED,1.0,,Matrix Addition N.VM.C.8 EX/Decision/[Treatment]/Real World Skill Builder,correct_response,2021-05-12 08:19:29.983000-04:00,730659415
PSAXTEE,900288,PRA88ED,1.0,,Matrix Addition N.VM.C.8 EX/Decision/[Treatment]/Real World Skill Builder,problem_finished,2021-05-12 08:19:29.984000-04:00,730659416
PSAXTEE,900288,,,,Matrix Addition N.VM.C.8 EX/Decision/[Treatment]/Real World Skill Builder,continue_selected,2021-05-12 08:19:31.226000-04:00,730659417
PSAXTEE,900288,PRA88C3,1.0,,Matrix Addition N.VM.C.8 EX/Decision/[Treatment]/Real World Skill Builder,problem_started,2021-05-12 08:19:31.270000-04:00,730659418
PSAXTEE,901794,,,,,assignment_started,2021-05-12 08:15:57.065000-04:00,730656464
PSAXTEE,901794,PRA88E2,1.0,,Matrix Addition N.VM.C.8 EX/Decision/[Treatment]/Real World Skill Builder,problem_started,2021-05-12 08:15:58.296000-04:00,730656469
PSAXTEE,901794,PRA88E2,1.0,,Matrix Addition N.VM.C.8 EX/Decision/[Treatment]/Real World Skill Builder,correct_response,2021-05-12 08:18:41.617000-04:00,730658815
PSAXTEE,901794,PRA88E2,1.0,,Matrix Addition N.VM.C.8 EX/Decision/[Treatment]/Real World Skill Builder,problem_finished,2021-05-12 08:18:41.623000-04:00,730658887
PSAXTEE,901794,,,,Matrix Addition N.VM.C.8 EX/Decision/[Treatment]/Real World Skill Builder,continue_selected,2021-05-12 08:18:56.572000-04:00,730658947
PSAXTEE,901794,PRA88EZ,1.0,,Matrix Addition N.VM.C.8 EX/Decision/[Treatment]/Real World Skill Builder,problem_started,2021-05-12 08:18:56.688000-04:00,730658948
PSAXTEE,901794,PRA88EZ,1.0,,Matrix Addition N.VM.C.8 EX/Decision/[Treatment]/Real World Skill Builder,correct_response,2021-05-12 08:19:50.804000-04:00,730659635
PSAXTEE,901794,PRA88EZ,1.0,,Matrix Addition N.VM.C.8 EX/Decision/[Treatment]/Real World Skill Builder,problem_finished,2021-05-12 08:19:50.807000-04:00,730659763
PSAXTEE,901794,,,,Matrix Addition N.VM.C.8 EX/Decision/[Treatment],continue_selected,2021-05-12 08:20:07.194000-04:00,730659849
PSAXTEE,901794,PRA8FDK,1.0,,Matrix Addition N.VM.C.8 EX/Decision/[Treatment]/Theory Skill Builder,problem_started,2021-05-12 08:20:07.702000-04:00,730659851
PSAXTEE,901794,PRA8FDK,1.0,,Matrix Addition N.VM.C.8 EX/Decision/[Treatment]/Theory Skill Builder,hint_requested,2021-05-12 08:22:37.886000-04:00,730662161
PSAXTEE,901794,PRA8FDK,1.0,,Matrix Addition N.VM.C.8 EX/Decision/[Treatment]/Theory Skill Builder,answer_requested,2021-05-12 08:23:00.657000-04:00,730662605
PSAXTEE,901794,PRA8FDK,1.0,,Matrix Addition N.VM.C.8 EX/Decision/[Treatment]/Theory Skill Builder,correct_response,2021-05-12 08:23:06.828000-04:00,730662607
PSAXTEE,901794,PRA8FDK,1.0,,Matrix Addition N.VM.C.8 EX/Decision/[Treatment]/Theory Skill Builder,problem_finished,2021-05-12 08:23:06.835000-04:00,730662608
PSAXTEE,901794,,,,Matrix Addition N.VM.C.8 EX/Decision/[Treatment]/Theory Skill Builder,continue_selected,2021-05-12 08:23:10.642000-04:00,730662658
PSAXTEE,901794,PRA8FD8,1.0,,Matrix Addition N.VM.C.8 EX/Decision/[Treatment]/Theory Skill Builder,problem_started,2021-05-12 08:23:10.736000-04:00,730662659
PSAXTEE,901794,PRA8FD8,1.0,,Matrix Addition N.VM.C.8 EX/Decision/[Treatment]/Theory Skill Builder,wrong_response,2021-05-12 08:23:16.843000-04:00,730662791
PSAXTEE,901794,PRA8FD8,1.0,,Matrix Addition N.VM.C.8 EX/Decision/[Treatment]/Theory Skill Builder,wrong_response,2021-05-12 08:23:40.305000-04:00,730663234
PSAXTEE,901794,PRA8FD8,1.0,,Matrix Addition N.VM.C.8 EX/Decision/[Treatment]/Theory Skill Builder,wrong_response,2021-05-12 08:23:46.778000-04:00,730663235
PSAXTEE,901794,PRA8FD8,1.0,,Matrix Addition N.VM.C.8 EX/Decision/[Treatment]/Theory Skill Builder,hint_requested,2021-05-12 08:23:48.327000-04:00,730663402
PSAXTEE,901794,PRA8FD8,1.0,,Matrix Addition N.VM.C.8 EX/Decision/[Treatment]/Theory Skill Builder,answer_requested,2021-05-12 08:23:50.254000-04:00,730663403
PSAXTEE,901794,PRA8FD8,1.0,,Matrix Addition N.VM.C.8 EX/Decision/[Treatment]/Theory Skill Builder,correct_response,2021-05-12 08:24:17.081000-04:00,730663760
PSAXTEE,901794,PRA8FD8,1.0,,Matrix Addition N.VM.C.8 EX/Decision/[Treatment]/Theory Skill Builder,problem_finished,2021-05-12 08:24:17.086000-04:00,730663761
PSAXTEE,901794,,,,Matrix Addition N.VM.C.8 EX/Decision/[Treatment]/Theory Skill Builder,continue_selected,2021-05-12 08:24:18.627000-04:00,730663762
PSAXTEE,901794,PRA8FDC,1.0,,Matrix Addition N.VM.C.8 EX/Decision/[Treatment]/Theory Skill Builder,problem_started,2021-05-12 08:24:18.717000-04:00,730663763
PSAXTEE,901794,PRA8FDC,1.0,,Matrix Addition N.VM.C.8 EX/Decision/[Treatment]/Theory Skill Builder,wrong_response,2021-05-12 08:28:19.990000-04:00,730667362
PSAXTEE,901794,PRA8FDC,1.0,,Matrix Addition N.VM.C.8 EX/Decision/[Treatment]/Theory Skill Builder,wrong_response,2021-05-12 08:28:32.435000-04:00,730667694
PSAXTEE,901794,PRA8FDC,1.0,,Matrix Addition N.VM.C.8 EX/Decision/[Treatment]/Theory Skill Builder,wrong_response,2021-05-12 08:28:38.852000-04:00,730667695
PSAXTEE,901794,PRA8FDC,1.0,,Matrix Addition N.VM.C.8 EX/Decision/[Treatment]/Theory Skill Builder,hint_requested,2021-05-12 08:28:40.947000-04:00,730667841
PSAXTEE,901794,PRA8FDC,1.0,,Matrix Addition N.VM.C.8 EX/Decision/[Treatment]/Theory Skill Builder,answer_requested,2021-05-12 08:28:43.978000-04:00,730667842
PSAXTEE,901794,PRA8FDC,1.0,,Matrix Addition N.VM.C.8 EX/Decision/[Treatment]/Theory Skill Builder,correct_response,2021-05-12 08:29:38.575000-04:00,730668487
PSAXTEE,901794,PRA8FDC,1.0,,Matrix Addition N.VM.C.8 EX/Decision/[Treatment]/Theory Skill Builder,problem_finished,2021-05-12 08:29:38.578000-04:00,730668488
PSAXTEE,901794,,,,Matrix Addition N.VM.C.8 EX/Decision/[Treatment]/Theory Skill Builder,continue_selected,2021-05-12 08:29:39.906000-04:00,730668489
PSAXTEE,901794,PRA8FED,1.0,,Matrix Addition N.VM.C.8 EX/Decision/[Treatment]/Theory Skill Builder,problem_started,2021-05-12 08:29:40.001000-04:00,730668490
PSAXTEE,901794,PRA8FED,1.0,,Matrix Addition N.VM.C.8 EX/Decision/[Treatment]/Theory Skill Builder,wrong_response,2021-05-12 08:29:50.989000-04:00,730668615
PSAXTEE,901794,PRA8FED,1.0,,Matrix Addition N.VM.C.8 EX/Decision/[Treatment]/Theory Skill Builder,wrong_response,2021-05-12 08:30:16.772000-04:00,730669055
PSAXTEE,901794,PRA8FED,1.0,,Matrix Addition N.VM.C.8 EX/Decision/[Treatment]/Theory Skill Builder,hint_requested,2021-05-12 08:30:19.399000-04:00,730669058
PSAXTEE,901794,PRA8FED,1.0,,Matrix Addition N.VM.C.8 EX/Decision/[Treatment]/Theory Skill Builder,answer_requested,2021-05-12 08:30:21.010000-04:00,730669059
PSAXTEE,901794,PRA8FED,1.0,,Matrix Addition N.VM.C.8 EX/Decision/[Treatment]/Theory Skill Builder,correct_response,2021-05-12 08:30:48.443000-04:00,730669493
PSAXTEE,901794,PRA8FED,1.0,,Matrix Addition N.VM.C.8 EX/Decision/[Treatment]/Theory Skill Builder,problem_finished,2021-05-12 08:30:48.447000-04:00,730669494
PSAXTEE,901794,,,,Matrix Addition N.VM.C.8 EX/Decision/[Treatment]/Theory Skill Builder,continue_selected,2021-05-12 08:30:50.186000-04:00,730669495
PSAXTEE,901794,PRA8FEK,1.0,,Matrix Addition N.VM.C.8 EX/Decision/[Treatment]/Theory Skill Builder,problem_started,2021-05-12 08:30:50.283000-04:00,730669496
PSAXTEE,901794,PRA8FEK,1.0,,Matrix Addition N.VM.C.8 EX/Decision/[Treatment]/Theory Skill Builder,wrong_response,2021-05-12 08:30:58.813000-04:00,730669625
PSAXTEE,901794,PRA8FEK,1.0,,Matrix Addition N.VM.C.8 EX/Decision/[Treatment]/Theory Skill Builder,wrong_response,2021-05-12 08:31:18.986000-04:00,730670018
PSAXTEE,901794,PRA8FEK,1.0,,Matrix Addition N.VM.C.8 EX/Decision/[Treatment]/Theory Skill Builder,hint_requested,2021-05-12 08:31:22.953000-04:00,730670021
PSAXTEE,901794,PRA8FEK,1.0,,Matrix Addition N.VM.C.8 EX/Decision/[Treatment]/Theory Skill Builder,answer_requested,2021-05-12 08:31:26.109000-04:00,730670022
PSAXTEE,901794,PRA8FEK,1.0,,Matrix Addition N.VM.C.8 EX/Decision/[Treatment]/Theory Skill Builder,correct_response,2021-05-12 08:32:18.187000-04:00,730670821
PSAXTEE,901794,PRA8FEK,1.0,,Matrix Addition N.VM.C.8 EX/Decision/[Treatment]/Theory Skill Builder,problem_finished,2021-05-12 08:32:18.190000-04:00,730670822
PSAXTEE,901794,,,,Matrix Addition N.VM.C.8 EX/Decision/[Treatment]/Theory Skill Builder,continue_selected,2021-05-12 08:32:19.951000-04:00,730670847
PSAXTEE,901794,PRA8FCE,1.0,,Matrix Addition N.VM.C.8 EX/Decision/[Treatment]/Theory Skill Builder,problem_started,2021-05-12 08:32:20.053000-04:00,730670848
PSAXTEE,901794,PRA8FCE,1.0,,Matrix Addition N.VM.C.8 EX/Decision/[Treatment]/Theory Skill Builder,wrong_response,2021-05-12 08:32:33.088000-04:00,730671080
PSAXTEE,901794,PRA8FCE,1.0,,Matrix Addition N.VM.C.8 EX/Decision/[Treatment]/Theory Skill Builder,wrong_response,2021-05-12 08:32:49.081000-04:00,730671388
PSAXTEE,901794,PRA8FCE,1.0,,Matrix Addition N.VM.C.8 EX/Decision/[Treatment]/Theory Skill Builder,hint_requested,2021-05-12 08:32:51.579000-04:00,730671391
PSAXTEE,901794,PRA8FCE,1.0,,Matrix Addition N.VM.C.8 EX/Decision/[Treatment]/Theory Skill Builder,answer_requested,2021-05-12 08:32:52.818000-04:00,730671392
PSAXTEE,901794,PRA8FCE,1.0,,Matrix Addition N.VM.C.8 EX/Decision/[Treatment]/Theory Skill Builder,correct_response,2021-05-12 08:33:38.106000-04:00,730672173
PSAXTEE,901794,PRA8FCE,1.0,,Matrix Addition N.VM.C.8 EX/Decision/[Treatment]/Theory Skill Builder,problem_finished,2021-05-12 08:33:38.108000-04:00,730672174
PSAXTEE,901794,,,,Matrix Addition N.VM.C.8 EX/Decision/[Treatment]/Theory Skill Builder,continue_selected,2021-05-12 08:33:40.250000-04:00,730672175
PSAXTEE,901794,PRA8FCM,1.0,,Matrix Addition N.VM.C.8 EX/Decision/[Treatment]/Theory Skill Builder,problem_started,2021-05-12 08:33:40.340000-04:00,730672176
PSAXTEE,901794,PRA8FCM,1.0,,Matrix Addition N.VM.C.8 EX/Decision/[Treatment]/Theory Skill Builder,correct_response,2021-05-12 08:34:43.541000-04:00,730673260
PSAXTEE,901794,PRA8FCM,1.0,,Matrix Addition N.VM.C.8 EX/Decision/[Treatment]/Theory Skill Builder,problem_finished,2021-05-12 08:34:43.543000-04:00,730673300
PSAXTEE,901794,,,,Matrix Addition N.VM.C.8 EX/Decision/[Treatment]/Theory Skill Builder,continue_selected,2021-05-12 08:34:45.268000-04:00,730673301
PSAXTEE,901794,PRA8FD9,1.0,,Matrix Addition N.VM.C.8 EX/Decision/[Treatment]/Theory Skill Builder,problem_started,2021-05-12 08:34:45.357000-04:00,730673302
PSAXTEE,901794,PRA8FD9,1.0,,Matrix Addition N.VM.C.8 EX/Decision/[Treatment]/Theory Skill Builder,correct_response,2021-05-12 08:34:58.407000-04:00,730673510
PSAXTEE,901794,PRA8FD9,1.0,,Matrix Addition N.VM.C.8 EX/Decision/[Treatment]/Theory Skill Builder,problem_finished,2021-05-12 08:34:58.410000-04:00,730673542
PSAXTEE,901794,,,,Matrix Addition N.VM.C.8 EX/Decision/[Treatment]/Theory Skill Builder,continue_selected,2021-05-12 08:35:00.261000-04:00,730673543
PSAXTEE,901794,PRA8FEP,1.0,,Matrix Addition N.VM.C.8 EX/Decision/[Treatment]/Theory Skill Builder,problem_started,2021-05-12 08:35:00.353000-04:00,730673544
PSAXTEE,901794,PRA8FEP,1.0,,Matrix Addition N.VM.C.8 EX/Decision/[Treatment]/Theory Skill Builder,correct_response,2021-05-12 08:35:09.943000-04:00,730673705
PSAXTEE,901794,PRA8FEP,1.0,,Matrix Addition N.VM.C.8 EX/Decision/[Treatment]/Theory Skill Builder,problem_finished,2021-05-12 08:35:09.945000-04:00,730673717
PSAXTEE,901794,,,,,assignment_finished,2021-05-12 08:35:10.094000-04:00,730673722
PSAXTEE,1081172,,,,,assignment_started,2021-09-21 10:12:45.735000-04:00,775005782
PSAXTEE,1081172,PRA8FDC,1.0,,Matrix Addition N.VM.C.8 EX/Decision/[Control]/Theory Skill Builder,problem_started,2021-09-21 10:12:46.531000-04:00,775005787
PSAXTEE,1081172,PRA8FDC,1.0,,Matrix Addition N.VM.C.8 EX/Decision/[Control]/Theory Skill Builder,hint_requested,2021-09-21 10:13:09.922000-04:00,775006594
PSAXTEE,1081172,PRA8FDC,1.0,,Matrix Addition N.VM.C.8 EX/Decision/[Control]/Theory Skill Builder,answer_requested,2021-09-21 10:13:22.600000-04:00,775007350
PSAXTEE,1081172,PRA8FDC,1.0,,Matrix Addition N.VM.C.8 EX/Decision/[Control]/Theory Skill Builder,correct_response,2021-09-21 10:13:40.516000-04:00,775007794
PSAXTEE,1081172,PRA8FDC,1.0,,Matrix Addition N.VM.C.8 EX/Decision/[Control]/Theory Skill Builder,problem_finished,2021-09-21 10:13:40.521000-04:00,775007795
PSAXTEE,1081172,,,,Matrix Addition N.VM.C.8 EX/Decision/[Control]/Theory Skill Builder,continue_selected,2021-09-21 10:13:42.599000-04:00,775007796
PSAXTEE,1081172,PRA8FC6,1.0,,Matrix Addition N.VM.C.8 EX/Decision/[Control]/Theory Skill Builder,problem_started,2021-09-21 10:13:42.727000-04:00,775007797
PSAXTEE,1081172,PRA8FC6,1.0,,Matrix Addition N.VM.C.8 EX/Decision/[Control]/Theory Skill Builder,correct_response,2021-09-21 10:13:51.045000-04:00,775008065
PSAXTEE,1081172,PRA8FC6,1.0,,Matrix Addition N.VM.C.8 EX/Decision/[Control]/Theory Skill Builder,problem_finished,2021-09-21 10:13:51.047000-04:00,775008131
PSAXTEE,1081172,,,,Matrix Addition N.VM.C.8 EX/Decision/[Control]/Theory Skill Builder,continue_selected,2021-09-21 10:13:52.866000-04:00,775008132
PSAXTEE,1081172,PRA8FDZ,1.0,,Matrix Addition N.VM.C.8 EX/Decision/[Control]/Theory Skill Builder,problem_started,2021-09-21 10:13:52.952000-04:00,775008133
PSAXTEE,1081172,PRA8FDZ,1.0,,Matrix Addition N.VM.C.8 EX/Decision/[Control]/Theory Skill Builder,wrong_response,2021-09-21 10:13:58.857000-04:00,775008469
PSAXTEE,1081172,PRA8FDZ,1.0,,Matrix Addition N.VM.C.8 EX/Decision/[Control]/Theory Skill Builder,correct_response,2021-09-21 10:14:12.023000-04:00,775009038
PSAXTEE,1081172,PRA8FDZ,1.0,,Matrix Addition N.VM.C.8 EX/Decision/[Control]/Theory Skill Builder,problem_finished,2021-09-21 10:14:12.026000-04:00,775009039
PSAXTEE,1081172,,,,Matrix Addition N.VM.C.8 EX/Decision/[Control]/Theory Skill Builder,continue_selected,2021-09-21 10:14:14.565000-04:00,775009040
PSAXTEE,1081172,PRA8FDW,1.0,,Matrix Addition N.VM.C.8 EX/Decision/[Control]/Theory Skill Builder,problem_started,2021-09-21 10:14:14.646000-04:00,775009041
PSAXTEE,1081172,PRA8FDW,1.0,,Matrix Addition N.VM.C.8 EX/Decision/[Control]/Theory Skill Builder,correct_response,2021-09-21 10:14:24.886000-04:00,775009503
PSAXTEE,1081172,PRA8FDW,1.0,,Matrix Addition N.VM.C.8 EX/Decision/[Control]/Theory Skill Builder,problem_finished,2021-09-21 10:14:24.890000-04:00,775009584
PSAXTEE,1081172,,,,Matrix Addition N.VM.C.8 EX/Decision/[Control]/Theory Skill Builder,continue_selected,2021-09-21 10:14:27.413000-04:00,775009585
PSAXTEE,1081172,PRA8FCG,1.0,,Matrix Addition N.VM.C.8 EX/Decision/[Control]/Theory Skill Builder,problem_started,2021-09-21 10:14:27.489000-04:00,775009586
PSAXTEE,1081172,PRA8FCG,1.0,,Matrix Addition N.VM.C.8 EX/Decision/[Control]/Theory Skill Builder,correct_response,2021-09-21 10:14:33.304000-04:00,775009803
PSAXTEE,1081172,PRA8FCG,1.0,,Matrix Addition N.VM.C.8 EX/Decision/[Control]/Theory Skill Builder,problem_finished,2021-09-21 10:14:33.307000-04:00,775009894
PSAXTEE,1081172,,,,Matrix Addition N.VM.C.8 EX/Decision/[Control],continue_selected,2021-09-21 10:14:35.058000-04:00,775009896
PSAXTEE,1081172,PRA88DM,1.0,,Matrix Addition N.VM.C.8 EX/Decision/[Control]/Real World Skill Builder,problem_started,2021-09-21 10:14:35.379000-04:00,775009898
PSAXTEE,1081172,PRA88DM,1.0,,Matrix Addition N.VM.C.8 EX/Decision/[Control]/Real World Skill Builder,wrong_response,2021-09-21 10:16:34.029000-04:00,775014142
PSAXTEE,1081172,PRA88DM,1.0,,Matrix Addition N.VM.C.8 EX/Decision/[Control]/Real World Skill Builder,correct_response,2021-09-21 10:16:49.993000-04:00,775014790
PSAXTEE,1081172,PRA88DM,1.0,,Matrix Addition N.VM.C.8 EX/Decision/[Control]/Real World Skill Builder,problem_finished,2021-09-21 10:16:50-04:00,775014791
PSAXTEE,1081172,,,,Matrix Addition N.VM.C.8 EX/Decision/[Control]/Real World Skill Builder,continue_selected,2021-09-21 10:16:52.501000-04:00,775014792
PSAXTEE,1081172,PRA88EG,1.0,,Matrix Addition N.VM.C.8 EX/Decision/[Control]/Real World Skill Builder,problem_started,2021-09-21 10:16:52.580000-04:00,775014793
PSAXTEE,1081172,PRA88EG,1.0,,Matrix Addition N.VM.C.8 EX/Decision/[Control]/Real World Skill Builder,correct_response,2021-09-21 10:17:53.947000-04:00,775016905
PSAXTEE,1081172,PRA88EG,1.0,,Matrix Addition N.VM.C.8 EX/Decision/[Control]/Real World Skill Builder,problem_finished,2021-09-21 10:17:53.950000-04:00,775016961
PSAXTEE,1081172,,,,Matrix Addition N.VM.C.8 EX/Decision/[Control]/Real World Skill Builder,continue_selected,2021-09-21 10:17:55.443000-04:00,775016962
PSAXTEE,1081172,PRA88CS,1.0,,Matrix Addition N.VM.C.8 EX/Decision/[Control]/Real World Skill Builder,problem_started,2021-09-21 10:17:55.536000-04:00,775016963
PSAXTEE,1081172,PRA88CS,1.0,,Matrix Addition N.VM.C.8 EX/Decision/[Control]/Real World Skill Builder,correct_response,2021-09-21 10:18:11.695000-04:00,775017495
PSAXTEE,1081172,PRA88CS,1.0,,Matrix Addition N.VM.C.8 EX/Decision/[Control]/Real World Skill Builder,problem_finished,2021-09-21 10:18:11.698000-04:00,775017552
PSAXTEE,1081172,,,,Matrix Addition N.VM.C.8 EX/Decision/[Control]/Real World Skill Builder,continue_selected,2021-09-21 10:18:13.805000-04:00,775017553
PSAXTEE,1081172,PRA88DF,1.0,,Matrix Addition N.VM.C.8 EX/Decision/[Control]/Real World Skill Builder,problem_started,2021-09-21 10:18:13.892000-04:00,775017554
PSAXTEE,1081172,PRA88DF,1.0,,Matrix Addition N.VM.C.8 EX/Decision/[Control]/Real World Skill Builder,correct_response,2021-09-21 10:18:21.624000-04:00,775017833
PSAXTEE,1081172,PRA88DF,1.0,,Matrix Addition N.VM.C.8 EX/Decision/[Control]/Real World Skill Builder,problem_finished,2021-09-21 10:18:21.627000-04:00,775017834
PSAXTEE,1081172,,,,,assignment_finished,2021-09-21 10:18:21.819000-04:00,775017950
PSAXTEE,1082605,,,,,assignment_started,2021-09-21 09:41:08.745000-04:00,774937000
PSAXTEE,1082605,PRA88C5,1.0,,Matrix Addition N.VM.C.8 EX/Decision/[Treatment]/Real World Skill Builder,problem_started,2021-09-21 09:41:09.548000-04:00,774937005
PSAXTEE,1082605,PRA88C5,1.0,,Matrix Addition N.VM.C.8 EX/Decision/[Treatment]/Real World Skill Builder,correct_response,2021-09-21 09:41:42.678000-04:00,774938261
PSAXTEE,1082605,PRA88C5,1.0,,Matrix Addition N.VM.C.8 EX/Decision/[Treatment]/Real World Skill Builder,problem_finished,2021-09-21 09:41:42.682000-04:00,774938310
PSAXTEE,1082605,,,,Matrix Addition N.VM.C.8 EX/Decision/[Treatment]/Real World Skill Builder,continue_selected,2021-09-21 09:41:43.970000-04:00,774938311
PSAXTEE,1082605,PRA88EU,1.0,,Matrix Addition N.VM.C.8 EX/Decision/[Treatment]/Real World Skill Builder,problem_started,2021-09-21 09:41:44.064000-04:00,774938312
PSAXTEE,1082605,PRA88EU,1.0,,Matrix Addition N.VM.C.8 EX/Decision/[Treatment]/Real World Skill Builder,correct_response,2021-09-21 09:42:23.377000-04:00,774939627
PSAXTEE,1082605,PRA88EU,1.0,,Matrix Addition N.VM.C.8 EX/Decision/[Treatment]/Real World Skill Builder,problem_finished,2021-09-21 09:42:23.380000-04:00,774939643
PSAXTEE,1082605,,,,Matrix Addition N.VM.C.8 EX/Decision/[Treatment],continue_selected,2021-09-21 09:42:23.750000-04:00,774939645
PSAXTEE,1082605,PRA8FCW,1.0,,Matrix Addition N.VM.C.8 EX/Decision/[Treatment]/Theory Skill Builder,problem_started,2021-09-21 09:42:24.107000-04:00,774939647
PSAXTEE,1082605,PRA8FCW,1.0,,Matrix Addition N.VM.C.8 EX/Decision/[Treatment]/Theory Skill Builder,wrong_response,2021-09-21 09:43:42.794000-04:00,774942341
PSAXTEE,1082605,PRA8FCW,1.0,,Matrix Addition N.VM.C.8 EX/Decision/[Treatment]/Theory Skill Builder,wrong_response,2021-09-21 09:44:11.643000-04:00,774943203
PSAXTEE,1082605,PRA8FCW,1.0,,Matrix Addition N.VM.C.8 EX/Decision/[Treatment]/Theory Skill Builder,hint_requested,2021-09-21 09:44:19.241000-04:00,774943553
PSAXTEE,1082605,PRA8FCW,1.0,,Matrix Addition N.VM.C.8 EX/Decision/[Treatment]/Theory Skill Builder,answer_requested,2021-09-21 09:44:30.127000-04:00,774943905
PSAXTEE,1082605,PRA8FCW,1.0,,Matrix Addition N.VM.C.8 EX/Decision/[Treatment]/Theory Skill Builder,correct_response,2021-09-21 09:44:49.023000-04:00,774944401
PSAXTEE,1082605,PRA8FCW,1.0,,Matrix Addition N.VM.C.8 EX/Decision/[Treatment]/Theory Skill Builder,problem_finished,2021-09-21 09:44:49.026000-04:00,774944402
PSAXTEE,1082605,,,,Matrix Addition N.VM.C.8 EX/Decision/[Treatment]/Theory Skill Builder,continue_selected,2021-09-21 09:44:49.445000-04:00,774944403
PSAXTEE,1082605,PRA8FDH,1.0,,Matrix Addition N.VM.C.8 EX/Decision/[Treatment]/Theory Skill Builder,problem_started,2021-09-21 09:44:49.519000-04:00,774944404
PSAXTEE,1082605,PRA8FDH,1.0,,Matrix Addition N.VM.C.8 EX/Decision/[Treatment]/Theory Skill Builder,wrong_response,2021-09-21 09:47:15.996000-04:00,774948930
PSAXTEE,1082605,PRA8FDH,1.0,,Matrix Addition N.VM.C.8 EX/Decision/[Treatment]/Theory Skill Builder,hint_requested,2021-09-21 09:47:21.373000-04:00,774949281
PSAXTEE,1082605,PRA8FDH,1.0,,Matrix Addition N.VM.C.8 EX/Decision/[Treatment]/Theory Skill Builder,answer_requested,2021-09-21 09:47:25.284000-04:00,774949282
PSAXTEE,1082605,PRA8FDH,1.0,,Matrix Addition N.VM.C.8 EX/Decision/[Treatment]/Theory Skill Builder,correct_response,2021-09-21 09:47:36.687000-04:00,774949636
PSAXTEE,1082605,PRA8FDH,1.0,,Matrix Addition N.VM.C.8 EX/Decision/[Treatment]/Theory Skill Builder,problem_finished,2021-09-21 09:47:36.690000-04:00,774949638
PSAXTEE,1082605,,,,Matrix Addition N.VM.C.8 EX/Decision/[Treatment]/Theory Skill Builder,continue_selected,2021-09-21 09:47:36.931000-04:00,774949640
PSAXTEE,1082605,PRA8FDG,1.0,,Matrix Addition N.VM.C.8 EX/Decision/[Treatment]/Theory Skill Builder,problem_started,2021-09-21 09:47:37.053000-04:00,774949641
PSAXTEE,1082605,PRA8FDG,1.0,,Matrix Addition N.VM.C.8 EX/Decision/[Treatment]/Theory Skill Builder,wrong_response,2021-09-21 09:47:39.645000-04:00,774949736
PSAXTEE,1082605,PRA8FDG,1.0,,Matrix Addition N.VM.C.8 EX/Decision/[Treatment]/Theory Skill Builder,hint_requested,2021-09-21 09:47:45.668000-04:00,774950034
PSAXTEE,1082605,PRA8FDG,1.0,,Matrix Addition N.VM.C.8 EX/Decision/[Treatment]/Theory Skill Builder,answer_requested,2021-09-21 09:47:47.012000-04:00,774950035
PSAXTEE,1082605,PRA8FDG,1.0,,Matrix Addition N.VM.C.8 EX/Decision/[Treatment]/Theory Skill Builder,correct_response,2021-09-21 09:47:51.543000-04:00,774950105
PSAXTEE,1082605,PRA8FDG,1.0,,Matrix Addition N.VM.C.8 EX/Decision/[Treatment]/Theory Skill Builder,problem_finished,2021-09-21 09:47:51.546000-04:00,774950106
PSAXTEE,1082605,,,,Matrix Addition N.VM.C.8 EX/Decision/[Treatment]/Theory Skill Builder,continue_selected,2021-09-21 09:47:51.805000-04:00,774950107
PSAXTEE,1082605,PRA8FDD,1.0,,Matrix Addition N.VM.C.8 EX/Decision/[Treatment]/Theory Skill Builder,problem_started,2021-09-21 09:47:51.883000-04:00,774950110
PSAXTEE,1082605,PRA8FDD,1.0,,Matrix Addition N.VM.C.8 EX/Decision/[Treatment]/Theory Skill Builder,wrong_response,2021-09-21 09:48:04.788000-04:00,774950464
PSAXTEE,1082605,PRA8FDD,1.0,,Matrix Addition N.VM.C.8 EX/Decision/[Treatment]/Theory Skill Builder,hint_requested,2021-09-21 09:48:08.790000-04:00,774950767
PSAXTEE,1082605,PRA8FDD,1.0,,Matrix Addition N.VM.C.8 EX/Decision/[Treatment]/Theory Skill Builder,answer_requested,2021-09-21 09:48:11.345000-04:00,774950768
PSAXTEE,1082605,PRA8FDD,1.0,,Matrix Addition N.VM.C.8 EX/Decision/[Treatment]/Theory Skill Builder,correct_response,2021-09-21 09:48:16.855000-04:00,774950852
PSAXTEE,1082605,PRA8FDD,1.0,,Matrix Addition N.VM.C.8 EX/Decision/[Treatment]/Theory Skill Builder,problem_finished,2021-09-21 09:48:16.858000-04:00,774950853
PSAXTEE,1082605,,,,Matrix Addition N.VM.C.8 EX/Decision/[Treatment]/Theory Skill Builder,continue_selected,2021-09-21 09:48:17.069000-04:00,774950854
PSAXTEE,1082605,PRA8FC7,1.0,,Matrix Addition N.VM.C.8 EX/Decision/[Treatment]/Theory Skill Builder,problem_started,2021-09-21 09:48:17.151000-04:00,774950855
PSAXTEE,1082605,PRA8FC7,1.0,,Matrix Addition N.VM.C.8 EX/Decision/[Treatment]/Theory Skill Builder,wrong_response,2021-09-21 09:48:22.440000-04:00,774950996
PSAXTEE,1082605,PRA8FC7,1.0,,Matrix Addition N.VM.C.8 EX/Decision/[Treatment]/Theory Skill Builder,hint_requested,2021-09-21 09:48:24.634000-04:00,774951253
PSAXTEE,1082605,PRA8FC7,1.0,,Matrix Addition N.VM.C.8 EX/Decision/[Treatment]/Theory Skill Builder,answer_requested,2021-09-21 09:48:25.915000-04:00,774951256
PSAXTEE,1082605,PRA8FC7,1.0,,Matrix Addition N.VM.C.8 EX/Decision/[Treatment]/Theory Skill Builder,correct_response,2021-09-21 09:48:38.389000-04:00,774951436
PSAXTEE,1082605,PRA8FC7,1.0,,Matrix Addition N.VM.C.8 EX/Decision/[Treatment]/Theory Skill Builder,problem_finished,2021-09-21 09:48:38.392000-04:00,774951437
PSAXTEE,1082605,,,,Matrix Addition N.VM.C.8 EX/Decision/[Treatment]/Theory Skill Builder,continue_selected,2021-09-21 09:48:38.781000-04:00,774951439
PSAXTEE,1082605,PRA8FEH,1.0,,Matrix Addition N.VM.C.8 EX/Decision/[Treatment]/Theory Skill Builder,problem_started,2021-09-21 09:48:38.861000-04:00,774951441
PSAXTEE,1082605,PRA8FEH,1.0,,Matrix Addition N.VM.C.8 EX/Decision/[Treatment]/Theory Skill Builder,wrong_response,2021-09-21 09:49:09.132000-04:00,774952369
PSAXTEE,1082605,PRA8FEH,1.0,,Matrix Addition N.VM.C.8 EX/Decision/[Treatment]/Theory Skill Builder,hint_requested,2021-09-21 09:49:12.134000-04:00,774952687
PSAXTEE,1082605,PRA8FEH,1.0,,Matrix Addition N.VM.C.8 EX/Decision/[Treatment]/Theory Skill Builder,answer_requested,2021-09-21 09:49:15.327000-04:00,774952688
PSAXTEE,1082605,PRA8FEH,1.0,,Matrix Addition N.VM.C.8 EX/Decision/[Treatment]/Theory Skill Builder,correct_response,2021-09-21 09:49:27.286000-04:00,774953008
PSAXTEE,1082605,PRA8FEH,1.0,,Matrix Addition N.VM.C.8 EX/Decision/[Treatment]/Theory Skill Builder,problem_finished,2021-09-21 09:49:27.289000-04:00,774953009
PSAXTEE,1082605,,,,Matrix Addition N.VM.C.8 EX/Decision/[Treatment]/Theory Skill Builder,continue_selected,2021-09-21 09:49:27.895000-04:00,774953010
PSAXTEE,1082605,PRA8FDS,1.0,,Matrix Addition N.VM.C.8 EX/Decision/[Treatment]/Theory Skill Builder,problem_started,2021-09-21 09:49:27.974000-04:00,774953011
PSAXTEE,1082605,PRA8FDS,1.0,,Matrix Addition N.VM.C.8 EX/Decision/[Treatment]/Theory Skill Builder,hint_requested,2021-09-21 09:49:38.486000-04:00,774953356
PSAXTEE,1082605,,,,,assignment_resumed,2021-09-21 09:50:10.174000-04:00,774954334
PSAXTEE,1082605,PRA8FDS,1.0,,Matrix Addition N.VM.C.8 EX/Decision/[Treatment]/Theory Skill Builder,wrong_response,2021-09-21 09:50:31.110000-04:00,774955228
PSAXTEE,1082605,PRA8FDS,1.0,,Matrix Addition N.VM.C.8 EX/Decision/[Treatment]/Theory Skill Builder,answer_requested,2021-09-21 09:50:33.391000-04:00,774955229
PSAXTEE,1082605,PRA8FDS,1.0,,Matrix Addition N.VM.C.8 EX/Decision/[Treatment]/Theory Skill Builder,correct_response,2021-09-21 09:50:39.950000-04:00,774955231
PSAXTEE,1082605,PRA8FDS,1.0,,Matrix Addition N.VM.C.8 EX/Decision/[Treatment]/Theory Skill Builder,problem_finished,2021-09-21 09:50:39.954000-04:00,774955232
PSAXTEE,1082605,,,,Matrix Addition N.VM.C.8 EX/Decision/[Treatment]/Theory Skill Builder,continue_selected,2021-09-21 09:50:40.533000-04:00,774955233
PSAXTEE,1082605,PRA8FEB,1.0,,Matrix Addition N.VM.C.8 EX/Decision/[Treatment]/Theory Skill Builder,problem_started,2021-09-21 09:50:40.625000-04:00,774955234
PSAXTEE,1082605,PRA8FEB,1.0,,Matrix Addition N.VM.C.8 EX/Decision/[Treatment]/Theory Skill Builder,hint_requested,2021-09-21 09:51:35.463000-04:00,774956967
PSAXTEE,1082605,PRA8FEB,1.0,,Matrix Addition N.VM.C.8 EX/Decision/[Treatment]/Theory Skill Builder,answer_requested,2021-09-21 09:51:41.900000-04:00,774957381
PSAXTEE,1082605,PRA8FEB,1.0,,Matrix Addition N.VM.C.8 EX/Decision/[Treatment]/Theory Skill Builder,correct_response,2021-09-21 09:51:49.770000-04:00,774957744
PSAXTEE,1082605,PRA8FEB,1.0,,Matrix Addition N.VM.C.8 EX/Decision/[Treatment]/Theory Skill Builder,problem_finished,2021-09-21 09:51:49.773000-04:00,774957745
PSAXTEE,1082647,,,,,assignment_started,2021-09-21 09:44:03.471000-04:00,774942994
PSAXTEE,1082647,PRA88EU,1.0,,Matrix Addition N.VM.C.8 EX/Decision/[Treatment]/Real World Skill Builder,problem_started,2021-09-21 09:44:04.452000-04:00,774943001
PSAXTEE,1082647,PRA88EU,1.0,,Matrix Addition N.VM.C.8 EX/Decision/[Treatment]/Real World Skill Builder,correct_response,2021-09-21 09:47:10.878000-04:00,774948783
PSAXTEE,1082647,PRA88EU,1.0,,Matrix Addition N.VM.C.8 EX/Decision/[Treatment]/Real World Skill Builder,problem_finished,2021-09-21 09:47:10.886000-04:00,774948827
PSAXTEE,1082647,,,,Matrix Addition N.VM.C.8 EX/Decision/[Treatment]/Real World Skill Builder,continue_selected,2021-09-21 09:47:12.505000-04:00,774948828
PSAXTEE,1082647,PRA88EH,1.0,,Matrix Addition N.VM.C.8 EX/Decision/[Treatment]/Real World Skill Builder,problem_started,2021-09-21 09:47:12.583000-04:00,774948829
PSAXTEE,1082647,PRA88EH,1.0,,Matrix Addition N.VM.C.8 EX/Decision/[Treatment]/Real World Skill Builder,wrong_response,2021-09-21 09:48:25.148000-04:00,774951079
PSAXTEE,1082647,PRA88EH,1.0,,Matrix Addition N.VM.C.8 EX/Decision/[Treatment]/Real World Skill Builder,wrong_response,2021-09-21 09:49:14.669000-04:00,774952553
PSAXTEE,1082647,PRA88EH,1.0,,Matrix Addition N.VM.C.8 EX/Decision/[Treatment]/Real World Skill Builder,wrong_response,2021-09-21 09:49:20.302000-04:00,774952922
PSAXTEE,1082647,PRA88EH,1.0,,Matrix Addition N.VM.C.8 EX/Decision/[Treatment]/Real World Skill Builder,wrong_response,2021-09-21 09:49:42.185000-04:00,774953555
PSAXTEE,1082647,PRA88EH,1.0,,Matrix Addition N.VM.C.8 EX/Decision/[Treatment]/Real World Skill Builder,wrong_response,2021-09-21 09:50:07.957000-04:00,774954439
PSAXTEE,1082647,PRA88EH,1.0,,Matrix Addition N.VM.C.8 EX/Decision/[Treatment]/Real World Skill Builder,hint_requested,2021-09-21 09:50:24.743000-04:00,774954761
PSAXTEE,1082647,PRA88EH,1.0,,Matrix Addition N.VM.C.8 EX/Decision/[Treatment]/Real World Skill Builder,answer_requested,2021-09-21 09:50:28.997000-04:00,774955054
PSAXTEE,1082647,PRA88EH,1.0,,Matrix Addition N.VM.C.8 EX/Decision/[Treatment]/Real World Skill Builder,correct_response,2021-09-21 09:50:36.644000-04:00,774955172
PSAXTEE,1082647,PRA88EH,1.0,,Matrix Addition N.VM.C.8 EX/Decision/[Treatment]/Real World Skill Builder,problem_finished,2021-09-21 09:50:36.647000-04:00,774955173
PSAXTEE,1082647,,,,Matrix Addition N.VM.C.8 EX/Decision/[Treatment]/Real World Skill Builder,continue_selected,2021-09-21 09:50:39.095000-04:00,774955174
PSAXTEE,1082647,PRA88DK,1.0,,Matrix Addition N.VM.C.8 EX/Decision/[Treatment]/Real World Skill Builder,problem_started,2021-09-21 09:50:39.194000-04:00,774955175
PSAXTEE,1082647,PRA88DK,1.0,,Matrix Addition N.VM.C.8 EX/Decision/[Treatment]/Real World Skill Builder,wrong_response,2021-09-21 09:51:05.650000-04:00,774956014
PSAXTEE,1082647,PRA88DK,1.0,,Matrix Addition N.VM.C.8 EX/Decision/[Treatment]/Real World Skill Builder,wrong_response,2021-09-21 09:51:13.904000-04:00,774956338
PSAXTEE,1082647,PRA88DK,1.0,,Matrix Addition N.VM.C.8 EX/Decision/[Treatment]/Real World Skill Builder,wrong_response,2021-09-21 09:51:22.745000-04:00,774956666
PSAXTEE,1082647,PRA88DK,1.0,,Matrix Addition N.VM.C.8 EX/Decision/[Treatment]/Real World Skill Builder,wrong_response,2021-09-21 09:51:32.351000-04:00,774956996
PSAXTEE,1082647,PRA88DK,1.0,,Matrix Addition N.VM.C.8 EX/Decision/[Treatment]/Real World Skill Builder,wrong_response,2021-09-21 09:51:44.221000-04:00,774957389
PSAXTEE,1082647,PRA88DK,1.0,,Matrix Addition N.VM.C.8 EX/Decision/[Treatment]/Real World Skill Builder,wrong_response,2021-09-21 09:51:59.517000-04:00,774958076
PSAXTEE,1082647,PRA88DK,1.0,,Matrix Addition N.VM.C.8 EX/Decision/[Treatment]/Real World Skill Builder,wrong_response,2021-09-21 09:52:02.719000-04:00,774958077
PSAXTEE,1082647,PRA88DK,1.0,,Matrix Addition N.VM.C.8 EX/Decision/[Treatment]/Real World Skill Builder,hint_requested,2021-09-21 09:52:04.824000-04:00,774958080
PSAXTEE,1082647,PRA88DK,1.0,,Matrix Addition N.VM.C.8 EX/Decision/[Treatment]/Real World Skill Builder,answer_requested,2021-09-21 09:52:06.986000-04:00,774958321
PSAXTEE,1082647,PRA88DK,1.0,,Matrix Addition N.VM.C.8 EX/Decision/[Treatment]/Real World Skill Builder,correct_response,2021-09-21 09:52:09.813000-04:00,774958323
PSAXTEE,1082647,PRA88DK,1.0,,Matrix Addition N.VM.C.8 EX/Decision/[Treatment]/Real World Skill Builder,problem_finished,2021-09-21 09:52:09.816000-04:00,774958324
PSAXTEE,1082647,,,,Matrix Addition N.VM.C.8 EX/Decision/[Treatment]/Real World Skill Builder,continue_selected,2021-09-21 09:52:11.940000-04:00,774958325
PSAXTEE,1082647,PRA88EG,1.0,,Matrix Addition N.VM.C.8 EX/Decision/[Treatment]/Real World Skill Builder,problem_started,2021-09-21 09:52:12.022000-04:00,774958326
PSAXTEE,1082687,,,,,assignment_started,2021-09-21 09:42:07.573000-04:00,774939163
PSAXTEE,1082687,PRA8FCP,1.0,,Matrix Addition N.VM.C.8 EX/Decision/[Control]/Theory Skill Builder,problem_started,2021-09-21 09:42:08.412000-04:00,774939168
PSAXTEE,1082687,,,,,assignment_resumed,2021-09-21 09:49:48.743000-04:00,774953674
PSAXTEE,1082701,,,,,assignment_started,2021-09-21 09:41:29.433000-04:00,774937809
PSAXTEE,1082701,PRA88DA,1.0,,Matrix Addition N.VM.C.8 EX/Decision/[Treatment]/Real World Skill Builder,problem_started,2021-09-21 09:41:30.277000-04:00,774937814
PSAXTEE,1082701,PRA88DA,1.0,,Matrix Addition N.VM.C.8 EX/Decision/[Treatment]/Real World Skill Builder,correct_response,2021-09-21 09:41:45.321000-04:00,774938348
PSAXTEE,1082701,PRA88DA,1.0,,Matrix Addition N.VM.C.8 EX/Decision/[Treatment]/Real World Skill Builder,problem_finished,2021-09-21 09:41:45.327000-04:00,774938427
PSAXTEE,1082701,,,,Matrix Addition N.VM.C.8 EX/Decision/[Treatment]/Real World Skill Builder,continue_selected,2021-09-21 09:41:46.860000-04:00,774938428
PSAXTEE,1082701,PRA88CR,1.0,,Matrix Addition N.VM.C.8 EX/Decision/[Treatment]/Real World Skill Builder,problem_started,2021-09-21 09:41:46.953000-04:00,774938429
PSAXTEE,1082701,PRA88CR,1.0,,Matrix Addition N.VM.C.8 EX/Decision/[Treatment]/Real World Skill Builder,correct_response,2021-09-21 09:41:59.370000-04:00,774938822
PSAXTEE,1082701,PRA88CR,1.0,,Matrix Addition N.VM.C.8 EX/Decision/[Treatment]/Real World Skill Builder,problem_finished,2021-09-21 09:41:59.374000-04:00,774938889
PSAXTEE,1082701,,,,Matrix Addition N.VM.C.8 EX/Decision/[Treatment],continue_selected,2021-09-21 09:42:00.570000-04:00,774938891
PSAXTEE,1082701,PRA8FCV,1.0,,Matrix Addition N.VM.C.8 EX/Decision/[Treatment]/Theory Skill Builder,problem_started,2021-09-21 09:42:00.959000-04:00,774938893
PSAXTEE,1082701,PRA8FCV,1.0,,Matrix Addition N.VM.C.8 EX/Decision/[Treatment]/Theory Skill Builder,hint_requested,2021-09-21 09:42:21.176000-04:00,774939556
PSAXTEE,1082701,PRA8FCV,1.0,,Matrix Addition N.VM.C.8 EX/Decision/[Treatment]/Theory Skill Builder,wrong_response,2021-09-21 09:42:49.296000-04:00,774940565
PSAXTEE,1082701,PRA8FCV,1.0,,Matrix Addition N.VM.C.8 EX/Decision/[Treatment]/Theory Skill Builder,answer_requested,2021-09-21 09:42:57.539000-04:00,774940875
PSAXTEE,1082701,PRA8FCV,1.0,,Matrix Addition N.VM.C.8 EX/Decision/[Treatment]/Theory Skill Builder,correct_response,2021-09-21 09:43:15.353000-04:00,774941428
PSAXTEE,1082701,PRA8FCV,1.0,,Matrix Addition N.VM.C.8 EX/Decision/[Treatment]/Theory Skill Builder,problem_finished,2021-09-21 09:43:15.358000-04:00,774941429
PSAXTEE,1082701,,,,Matrix Addition N.VM.C.8 EX/Decision/[Treatment]/Theory Skill Builder,continue_selected,2021-09-21 09:43:16.417000-04:00,774941430
PSAXTEE,1082701,PRA8FDQ,1.0,,Matrix Addition N.VM.C.8 EX/Decision/[Treatment]/Theory Skill Builder,problem_started,2021-09-21 09:43:16.532000-04:00,774941431
PSAXTEE,1082701,PRA8FDQ,1.0,,Matrix Addition N.VM.C.8 EX/Decision/[Treatment]/Theory Skill Builder,wrong_response,2021-09-21 09:43:29.358000-04:00,774941920
PSAXTEE,1082701,PRA8FDQ,1.0,,Matrix Addition N.VM.C.8 EX/Decision/[Treatment]/Theory Skill Builder,wrong_response,2021-09-21 09:43:37.864000-04:00,774942228
PSAXTEE,1082701,PRA8FDQ,1.0,,Matrix Addition N.VM.C.8 EX/Decision/[Treatment]/Theory Skill Builder,wrong_response,2021-09-21 09:44:12.094000-04:00,774943407
PSAXTEE,1082701,PRA8FDQ,1.0,,Matrix Addition N.VM.C.8 EX/Decision/[Treatment]/Theory Skill Builder,hint_requested,2021-09-21 09:44:15.440000-04:00,774943410
PSAXTEE,1082701,PRA8FDQ,1.0,,Matrix Addition N.VM.C.8 EX/Decision/[Treatment]/Theory Skill Builder,answer_requested,2021-09-21 09:44:17.236000-04:00,774943411
PSAXTEE,1082701,PRA8FDQ,1.0,,Matrix Addition N.VM.C.8 EX/Decision/[Treatment]/Theory Skill Builder,correct_response,2021-09-21 09:44:22.304000-04:00,774943626
PSAXTEE,1082701,PRA8FDQ,1.0,,Matrix Addition N.VM.C.8 EX/Decision/[Treatment]/Theory Skill Builder,problem_finished,2021-09-21 09:44:22.306000-04:00,774943627
PSAXTEE,1082701,,,,Matrix Addition N.VM.C.8 EX/Decision/[Treatment]/Theory Skill Builder,continue_selected,2021-09-21 09:44:24.522000-04:00,774943628
PSAXTEE,1082701,PRA8FDN,1.0,,Matrix Addition N.VM.C.8 EX/Decision/[Treatment]/Theory Skill Builder,problem_started,2021-09-21 09:44:24.611000-04:00,774943629
PSAXTEE,1082701,PRA8FDN,1.0,,Matrix Addition N.VM.C.8 EX/Decision/[Treatment]/Theory Skill Builder,wrong_response,2021-09-21 09:45:51.470000-04:00,774946408
PSAXTEE,1082701,PRA8FDN,1.0,,Matrix Addition N.VM.C.8 EX/Decision/[Treatment]/Theory Skill Builder,correct_response,2021-09-21 09:45:56.279000-04:00,774946577
PSAXTEE,1082701,PRA8FDN,1.0,,Matrix Addition N.VM.C.8 EX/Decision/[Treatment]/Theory Skill Builder,problem_finished,2021-09-21 09:45:56.283000-04:00,774946578
PSAXTEE,1082701,,,,Matrix Addition N.VM.C.8 EX/Decision/[Treatment]/Theory Skill Builder,continue_selected,2021-09-21 09:45:57.837000-04:00,774946579
PSAXTEE,1082701,PRA8FDF,1.0,,Matrix Addition N.VM.C.8 EX/Decision/[Treatment]/Theory Skill Builder,problem_started,2021-09-21 09:45:57.915000-04:00,774946580
PSAXTEE,1082701,PRA8FDF,1.0,,Matrix Addition N.VM.C.8 EX/Decision/[Treatment]/Theory Skill Builder,correct_response,2021-09-21 09:46:06.710000-04:00,774946819
PSAXTEE,1082701,PRA8FDF,1.0,,Matrix Addition N.VM.C.8 EX/Decision/[Treatment]/Theory Skill Builder,problem_finished,2021-09-21 09:46:06.712000-04:00,774946854
PSAXTEE,1082701,,,,Matrix Addition N.VM.C.8 EX/Decision/[Treatment]/Theory Skill Builder,continue_selected,2021-09-21 09:46:07.772000-04:00,774946855
PSAXTEE,1082701,PRA8FDR,1.0,,Matrix Addition N.VM.C.8 EX/Decision/[Treatment]/Theory Skill Builder,problem_started,2021-09-21 09:46:07.906000-04:00,774946856
PSAXTEE,1082701,PRA8FDR,1.0,,Matrix Addition N.VM.C.8 EX/Decision/[Treatment]/Theory Skill Builder,correct_response,2021-09-21 09:46:15.332000-04:00,774947132
PSAXTEE,1082701,PRA8FDR,1.0,,Matrix Addition N.VM.C.8 EX/Decision/[Treatment]/Theory Skill Builder,problem_finished,2021-09-21 09:46:15.335000-04:00,774947179
PSAXTEE,1082701,,,,Matrix Addition N.VM.C.8 EX/Decision/[Treatment]/Theory Skill Builder,continue_selected,2021-09-21 09:46:16.680000-04:00,774947180
PSAXTEE,1082701,PRA8FES,1.0,,Matrix Addition N.VM.C.8 EX/Decision/[Treatment]/Theory Skill Builder,problem_started,2021-09-21 09:46:16.756000-04:00,774947181
PSAXTEE,1082701,PRA8FES,1.0,,Matrix Addition N.VM.C.8 EX/Decision/[Treatment]/Theory Skill Builder,correct_response,2021-09-21 09:46:29.418000-04:00,774947569
PSAXTEE,1082701,PRA8FES,1.0,,Matrix Addition N.VM.C.8 EX/Decision/[Treatment]/Theory Skill Builder,problem_finished,2021-09-21 09:46:29.420000-04:00,774947579
PSAXTEE,1082701,,,,,assignment_finished,2021-09-21 09:46:29.548000-04:00,774947584
PSAXTEE,1082711,,,,,assignment_started,2021-09-21 09:45:28.405000-04:00,774945657
PSAXTEE,1082711,PRA8FCD,1.0,,Matrix Addition N.VM.C.8 EX/Decision/[Control]/Theory Skill Builder,problem_started,2021-09-21 09:45:29.357000-04:00,774945662
PSAXTEE,1082711,,,,,assignment_resumed,2021-09-21 09:58:37.888000-04:00,774974349
PSAXTEE,1082711,PRA8FCD,1.0,,Matrix Addition N.VM.C.8 EX/Decision/[Control]/Theory Skill Builder,correct_response,2021-09-21 10:04:03.499000-04:00,774987801
PSAXTEE,1082711,PRA8FCD,1.0,,Matrix Addition N.VM.C.8 EX/Decision/[Control]/Theory Skill Builder,problem_finished,2021-09-21 10:04:03.505000-04:00,774987863
PSAXTEE,1082711,,,,Matrix Addition N.VM.C.8 EX/Decision/[Control]/Theory Skill Builder,continue_selected,2021-09-21 10:04:05.217000-04:00,774987874
PSAXTEE,1082711,PRA8FD9,1.0,,Matrix Addition N.VM.C.8 EX/Decision/[Control]/Theory Skill Builder,problem_started,2021-09-21 10:04:05.326000-04:00,774987883
PSAXTEE,1082711,PRA8FD9,1.0,,Matrix Addition N.VM.C.8 EX/Decision/[Control]/Theory Skill Builder,wrong_response,2021-09-21 10:04:23.471000-04:00,774988560
PSAXTEE,1082711,PRA8FD9,1.0,,Matrix Addition N.VM.C.8 EX/Decision/[Control]/Theory Skill Builder,wrong_response,2021-09-21 10:05:10.825000-04:00,774990310
PSAXTEE,1082711,PRA8FD9,1.0,,Matrix Addition N.VM.C.8 EX/Decision/[Control]/Theory Skill Builder,correct_response,2021-09-21 10:10:07.720000-04:00,775000773
PSAXTEE,1082711,PRA8FD9,1.0,,Matrix Addition N.VM.C.8 EX/Decision/[Control]/Theory Skill Builder,problem_finished,2021-09-21 10:10:07.725000-04:00,775000774
PSAXTEE,1082711,,,,Matrix Addition N.VM.C.8 EX/Decision/[Control]/Theory Skill Builder,continue_selected,2021-09-21 10:10:10.638000-04:00,775000775
PSAXTEE,1082711,PRA8FEP,1.0,,Matrix Addition N.VM.C.8 EX/Decision/[Control]/Theory Skill Builder,problem_started,2021-09-21 10:10:10.734000-04:00,775000776
PSAXTEE,1082711,PRA8FEP,1.0,,Matrix Addition N.VM.C.8 EX/Decision/[Control]/Theory Skill Builder,correct_response,2021-09-21 10:10:31.842000-04:00,775001538
PSAXTEE,1082711,PRA8FEP,1.0,,Matrix Addition N.VM.C.8 EX/Decision/[Control]/Theory Skill Builder,problem_finished,2021-09-21 10:10:31.845000-04:00,775001581
PSAXTEE,1082711,,,,Matrix Addition N.VM.C.8 EX/Decision/[Control]/Theory Skill Builder,continue_selected,2021-09-21 10:10:33.324000-04:00,775001582
PSAXTEE,1082711,PRA8FD8,1.0,,Matrix Addition N.VM.C.8 EX/Decision/[Control]/Theory Skill Builder,problem_started,2021-09-21 10:10:33.409000-04:00,775001583
PSAXTEE,1082711,PRA8FD8,1.0,,Matrix Addition N.VM.C.8 EX/Decision/[Control]/Theory Skill Builder,correct_response,2021-09-21 10:10:48.113000-04:00,775002080
PSAXTEE,1082711,PRA8FD8,1.0,,Matrix Addition N.VM.C.8 EX/Decision/[Control]/Theory Skill Builder,problem_finished,2021-09-21 10:10:48.116000-04:00,775002110
PSAXTEE,1082711,,,,Matrix Addition N.VM.C.8 EX/Decision/[Control],continue_selected,2021-09-21 10:10:49.396000-04:00,775002112
PSAXTEE,1082711,PRA88ED,1.0,,Matrix Addition N.VM.C.8 EX/Decision/[Control]/Real World Skill Builder,problem_started,2021-09-21 10:10:49.817000-04:00,775002114
PSAXTEE,1082711,PRA88ED,1.0,,Matrix Addition N.VM.C.8 EX/Decision/[Control]/Real World Skill Builder,wrong_response,2021-09-21 10:11:39.046000-04:00,775003643
PSAXTEE,1082711,PRA88ED,1.0,,Matrix Addition N.VM.C.8 EX/Decision/[Control]/Real World Skill Builder,correct_response,2021-09-21 10:11:47.385000-04:00,775003969
PSAXTEE,1082711,PRA88ED,1.0,,Matrix Addition N.VM.C.8 EX/Decision/[Control]/Real World Skill Builder,problem_finished,2021-09-21 10:11:47.388000-04:00,775003970
PSAXTEE,1082711,,,,Matrix Addition N.VM.C.8 EX/Decision/[Control]/Real World Skill Builder,continue_selected,2021-09-21 10:11:49.401000-04:00,775003985
PSAXTEE,1082711,PRA88CU,1.0,,Matrix Addition N.VM.C.8 EX/Decision/[Control]/Real World Skill Builder,problem_started,2021-09-21 10:11:49.485000-04:00,775003986
PSAXTEE,1082711,PRA88CU,1.0,,Matrix Addition N.VM.C.8 EX/Decision/[Control]/Real World Skill Builder,correct_response,2021-09-21 10:12:37.685000-04:00,775005511
PSAXTEE,1082711,PRA88CU,1.0,,Matrix Addition N.VM.C.8 EX/Decision/[Control]/Real World Skill Builder,problem_finished,2021-09-21 10:12:37.689000-04:00,775005575
PSAXTEE,1082711,,,,Matrix Addition N.VM.C.8 EX/Decision/[Control]/Real World Skill Builder,continue_selected,2021-09-21 10:12:39.297000-04:00,775005576
PSAXTEE,1082711,PRA88CX,1.0,,Matrix Addition N.VM.C.8 EX/Decision/[Control]/Real World Skill Builder,problem_started,2021-09-21 10:12:39.391000-04:00,775005577
PSAXTEE,1082711,PRA88CX,1.0,,Matrix Addition N.VM.C.8 EX/Decision/[Control]/Real World Skill Builder,correct_response,2021-09-21 10:12:56.324000-04:00,775006106
PSAXTEE,1082711,PRA88CX,1.0,,Matrix Addition N.VM.C.8 EX/Decision/[Control]/Real World Skill Builder,problem_finished,2021-09-21 10:12:56.327000-04:00,775006163
PSAXTEE,1082711,,,,Matrix Addition N.VM.C.8 EX/Decision/[Control]/Real World Skill Builder,continue_selected,2021-09-21 10:12:57.756000-04:00,775006164
PSAXTEE,1082711,PRA88CZ,1.0,,Matrix Addition N.VM.C.8 EX/Decision/[Control]/Real World Skill Builder,problem_started,2021-09-21 10:12:57.842000-04:00,775006165
PSAXTEE,1082711,PRA88CZ,1.0,,Matrix Addition N.VM.C.8 EX/Decision/[Control]/Real World Skill Builder,correct_response,2021-09-21 10:13:07.795000-04:00,775006489
PSAXTEE,1082711,PRA88CZ,1.0,,Matrix Addition N.VM.C.8 EX/Decision/[Control]/Real World Skill Builder,problem_finished,2021-09-21 10:13:07.797000-04:00,775006497
PSAXTEE,1082711,,,,,assignment_finished,2021-09-21 10:13:07.940000-04:00,775006586
PSAXTEE,1082733,,,,,assignment_started,2021-09-21 10:02:42.882000-04:00,774985064
PSAXTEE,1082733,PRA88EV,1.0,,Matrix Addition N.VM.C.8 EX/Decision/[Treatment]/Real World Skill Builder,problem_started,2021-09-21 10:02:43.666000-04:00,774985069
PSAXTEE,1082733,PRA88EV,1.0,,Matrix Addition N.VM.C.8 EX/Decision/[Treatment]/Real World Skill Builder,correct_response,2021-09-21 10:05:02.252000-04:00,774989884
PSAXTEE,1082733,PRA88EV,1.0,,Matrix Addition N.VM.C.8 EX/Decision/[Treatment]/Real World Skill Builder,problem_finished,2021-09-21 10:05:02.258000-04:00,774989953
PSAXTEE,1082733,,,,Matrix Addition N.VM.C.8 EX/Decision/[Treatment]/Real World Skill Builder,continue_selected,2021-09-21 10:05:03.821000-04:00,774989955
PSAXTEE,1082733,PRA88EH,1.0,,Matrix Addition N.VM.C.8 EX/Decision/[Treatment]/Real World Skill Builder,problem_started,2021-09-21 10:05:03.907000-04:00,774989957
PSAXTEE,1082733,PRA88EH,1.0,,Matrix Addition N.VM.C.8 EX/Decision/[Treatment]/Real World Skill Builder,correct_response,2021-09-21 10:05:19.017000-04:00,774990573
PSAXTEE,1082733,PRA88EH,1.0,,Matrix Addition N.VM.C.8 EX/Decision/[Treatment]/Real World Skill Builder,problem_finished,2021-09-21 10:05:19.020000-04:00,774990661
PSAXTEE,1082733,,,,Matrix Addition N.VM.C.8 EX/Decision/[Treatment],continue_selected,2021-09-21 10:05:21.061000-04:00,774990663
PSAXTEE,1082733,PRA8FEQ,1.0,,Matrix Addition N.VM.C.8 EX/Decision/[Treatment]/Theory Skill Builder,problem_started,2021-09-21 10:05:21.437000-04:00,774990665
PSAXTEE,1082733,PRA8FEQ,1.0,,Matrix Addition N.VM.C.8 EX/Decision/[Treatment]/Theory Skill Builder,correct_response,2021-09-21 10:07:08.657000-04:00,774994089
PSAXTEE,1082733,PRA8FEQ,1.0,,Matrix Addition N.VM.C.8 EX/Decision/[Treatment]/Theory Skill Builder,problem_finished,2021-09-21 10:07:08.660000-04:00,774994304
PSAXTEE,1082733,,,,,assignment_finished,2021-09-21 10:07:08.778000-04:00,774994309
PSAXTEE,1082830,,,,,assignment_started,2021-09-21 09:49:29.214000-04:00,774953086
PSAXTEE,1082830,PRA88DM,1.0,,Matrix Addition N.VM.C.8 EX/Decision/[Treatment]/Real World Skill Builder,problem_started,2021-09-21 09:49:29.975000-04:00,774953091
PSAXTEE,1082830,PRA88DM,1.0,,Matrix Addition N.VM.C.8 EX/Decision/[Treatment]/Real World Skill Builder,correct_response,2021-09-21 09:50:04.390000-04:00,774954115
PSAXTEE,1082830,PRA88DM,1.0,,Matrix Addition N.VM.C.8 EX/Decision/[Treatment]/Real World Skill Builder,problem_finished,2021-09-21 09:50:04.395000-04:00,774954198
PSAXTEE,1082830,,,,Matrix Addition N.VM.C.8 EX/Decision/[Treatment]/Real World Skill Builder,continue_selected,2021-09-21 09:50:06.772000-04:00,774954199
PSAXTEE,1082830,PRA88CZ,1.0,,Matrix Addition N.VM.C.8 EX/Decision/[Treatment]/Real World Skill Builder,problem_started,2021-09-21 09:50:06.872000-04:00,774954200
PSAXTEE,1082830,PRA88CZ,1.0,,Matrix Addition N.VM.C.8 EX/Decision/[Treatment]/Real World Skill Builder,correct_response,2021-09-21 09:50:42.961000-04:00,774955314
PSAXTEE,1082830,PRA88CZ,1.0,,Matrix Addition N.VM.C.8 EX/Decision/[Treatment]/Real World Skill Builder,problem_finished,2021-09-21 09:50:42.964000-04:00,774955376
PSAXTEE,1082830,,,,Matrix Addition N.VM.C.8 EX/Decision/[Treatment],continue_selected,2021-09-21 09:50:44.877000-04:00,774955378
PSAXTEE,1082830,PRA8FCR,1.0,,Matrix Addition N.VM.C.8 EX/Decision/[Treatment]/Theory Skill Builder,problem_started,2021-09-21 09:50:45.345000-04:00,774955380
PSAXTEE,1082830,PRA8FCR,1.0,,Matrix Addition N.VM.C.8 EX/Decision/[Treatment]/Theory Skill Builder,wrong_response,2021-09-21 09:51:15.592000-04:00,774956329
PSAXTEE,1082830,PRA8FCR,1.0,,Matrix Addition N.VM.C.8 EX/Decision/[Treatment]/Theory Skill Builder,wrong_response,2021-09-21 09:51:21.609000-04:00,774956659
PSAXTEE,1082830,PRA8FCR,1.0,,Matrix Addition N.VM.C.8 EX/Decision/[Treatment]/Theory Skill Builder,hint_requested,2021-09-21 09:51:23.872000-04:00,774956662
PSAXTEE,1082830,PRA8FCR,1.0,,Matrix Addition N.VM.C.8 EX/Decision/[Treatment]/Theory Skill Builder,answer_requested,2021-09-21 09:51:38.155000-04:00,774957384
PSAXTEE,1082830,PRA8FCR,1.0,,Matrix Addition N.VM.C.8 EX/Decision/[Treatment]/Theory Skill Builder,correct_response,2021-09-21 09:51:44.011000-04:00,774957386
PSAXTEE,1082830,PRA8FCR,1.0,,Matrix Addition N.VM.C.8 EX/Decision/[Treatment]/Theory Skill Builder,problem_finished,2021-09-21 09:51:44.016000-04:00,774957387
PSAXTEE,1082830,,,,Matrix Addition N.VM.C.8 EX/Decision/[Treatment]/Theory Skill Builder,continue_selected,2021-09-21 09:51:45.785000-04:00,774957390
PSAXTEE,1082830,PRA8FCV,1.0,,Matrix Addition N.VM.C.8 EX/Decision/[Treatment]/Theory Skill Builder,problem_started,2021-09-21 09:51:45.876000-04:00,774957391
PSAXTEE,1082830,PRA8FCV,1.0,,Matrix Addition N.VM.C.8 EX/Decision/[Treatment]/Theory Skill Builder,wrong_response,2021-09-21 09:56:48.159000-04:00,774969787
PSAXTEE,1082830,PRA8FCV,1.0,,Matrix Addition N.VM.C.8 EX/Decision/[Treatment]/Theory Skill Builder,wrong_response,2021-09-21 09:56:51.582000-04:00,774970102
PSAXTEE,1082830,PRA8FCV,1.0,,Matrix Addition N.VM.C.8 EX/Decision/[Treatment]/Theory Skill Builder,hint_requested,2021-09-21 09:56:54.868000-04:00,774970105
PSAXTEE,1082830,PRA8FCV,1.0,,Matrix Addition N.VM.C.8 EX/Decision/[Treatment]/Theory Skill Builder,answer_requested,2021-09-21 09:56:57.512000-04:00,774970106
PSAXTEE,1082830,PRA8FCV,1.0,,Matrix Addition N.VM.C.8 EX/Decision/[Treatment]/Theory Skill Builder,correct_response,2021-09-21 09:57:26.115000-04:00,774971351
PSAXTEE,1082830,PRA8FCV,1.0,,Matrix Addition N.VM.C.8 EX/Decision/[Treatment]/Theory Skill Builder,problem_finished,2021-09-21 09:57:26.119000-04:00,774971352
PSAXTEE,1082830,,,,Matrix Addition N.VM.C.8 EX/Decision/[Treatment]/Theory Skill Builder,continue_selected,2021-09-21 09:57:27.171000-04:00,774971353
PSAXTEE,1082830,PRA8FDQ,1.0,,Matrix Addition N.VM.C.8 EX/Decision/[Treatment]/Theory Skill Builder,problem_started,2021-09-21 09:57:27.261000-04:00,774971354
PSAXTEE,1082830,PRA8FDQ,1.0,,Matrix Addition N.VM.C.8 EX/Decision/[Treatment]/Theory Skill Builder,correct_response,2021-09-21 09:57:56.397000-04:00,774972563
PSAXTEE,1082830,PRA8FDQ,1.0,,Matrix Addition N.VM.C.8 EX/Decision/[Treatment]/Theory Skill Builder,problem_finished,2021-09-21 09:57:56.400000-04:00,774972639
PSAXTEE,1082830,,,,Matrix Addition N.VM.C.8 EX/Decision/[Treatment]/Theory Skill Builder,continue_selected,2021-09-21 09:57:58.404000-04:00,774972640
PSAXTEE,1082830,PRA8FCH,1.0,,Matrix Addition N.VM.C.8 EX/Decision/[Treatment]/Theory Skill Builder,problem_started,2021-09-21 09:57:58.483000-04:00,774972641
PSAXTEE,1082830,PRA8FCH,1.0,,Matrix Addition N.VM.C.8 EX/Decision/[Treatment]/Theory Skill Builder,correct_response,2021-09-21 09:58:13.678000-04:00,774973343
PSAXTEE,1082830,PRA8FCH,1.0,,Matrix Addition N.VM.C.8 EX/Decision/[Treatment]/Theory Skill Builder,problem_finished,2021-09-21 09:58:13.682000-04:00,774973410
PSAXTEE,1082830,,,,Matrix Addition N.VM.C.8 EX/Decision/[Treatment]/Theory Skill Builder,continue_selected,2021-09-21 09:58:15.042000-04:00,774973411
PSAXTEE,1082830,PRA8FC4,1.0,,Matrix Addition N.VM.C.8 EX/Decision/[Treatment]/Theory Skill Builder,problem_started,2021-09-21 09:58:15.127000-04:00,774973412
PSAXTEE,1082830,PRA8FC4,1.0,,Matrix Addition N.VM.C.8 EX/Decision/[Treatment]/Theory Skill Builder,wrong_response,2021-09-21 09:58:25.474000-04:00,774973819
PSAXTEE,1082830,PRA8FC4,1.0,,Matrix Addition N.VM.C.8 EX/Decision/[Treatment]/Theory Skill Builder,wrong_response,2021-09-21 09:58:30.274000-04:00,774974222
PSAXTEE,1082830,PRA8FC4,1.0,,Matrix Addition N.VM.C.8 EX/Decision/[Treatment]/Theory Skill Builder,correct_response,2021-09-21 09:58:35.811000-04:00,774974312
PSAXTEE,1082830,PRA8FC4,1.0,,Matrix Addition N.VM.C.8 EX/Decision/[Treatment]/Theory Skill Builder,problem_finished,2021-09-21 09:58:35.813000-04:00,774974313
PSAXTEE,1082830,,,,Matrix Addition N.VM.C.8 EX/Decision/[Treatment]/Theory Skill Builder,continue_selected,2021-09-21 09:58:37.547000-04:00,774974314
PSAXTEE,1082830,PRA8FDK,1.0,,Matrix Addition N.VM.C.8 EX/Decision/[Treatment]/Theory Skill Builder,problem_started,2021-09-21 09:58:37.641000-04:00,774974315
PSAXTEE,1082830,PRA8FDK,1.0,,Matrix Addition N.VM.C.8 EX/Decision/[Treatment]/Theory Skill Builder,correct_response,2021-09-21 09:58:52.188000-04:00,774974908
PSAXTEE,1082830,PRA8FDK,1.0,,Matrix Addition N.VM.C.8 EX/Decision/[Treatment]/Theory Skill Builder,problem_finished,2021-09-21 09:58:52.193000-04:00,774974941
PSAXTEE,1082830,,,,Matrix Addition N.VM.C.8 EX/Decision/[Treatment]/Theory Skill Builder,continue_selected,2021-09-21 09:58:53.403000-04:00,774974942
PSAXTEE,1082830,PRA8FEA,1.0,,Matrix Addition N.VM.C.8 EX/Decision/[Treatment]/Theory Skill Builder,problem_started,2021-09-21 09:58:53.505000-04:00,774974943
PSAXTEE,1082830,PRA8FEA,1.0,,Matrix Addition N.VM.C.8 EX/Decision/[Treatment]/Theory Skill Builder,correct_response,2021-09-21 09:59:04.807000-04:00,774975387
PSAXTEE,1082830,PRA8FEA,1.0,,Matrix Addition N.VM.C.8 EX/Decision/[Treatment]/Theory Skill Builder,problem_finished,2021-09-21 09:59:04.810000-04:00,774975439
PSAXTEE,1082830,,,,Matrix Addition N.VM.C.8 EX/Decision/[Treatment]/Theory Skill Builder,continue_selected,2021-09-21 09:59:05.961000-04:00,774975440
PSAXTEE,1082830,PRA8FDH,1.0,,Matrix Addition N.VM.C.8 EX/Decision/[Treatment]/Theory Skill Builder,problem_started,2021-09-21 09:59:06.049000-04:00,774975441
PSAXTEE,1082830,PRA8FDH,1.0,,Matrix Addition N.VM.C.8 EX/Decision/[Treatment]/Theory Skill Builder,correct_response,2021-09-21 09:59:15.162000-04:00,774975837
PSAXTEE,1082830,PRA8FDH,1.0,,Matrix Addition N.VM.C.8 EX/Decision/[Treatment]/Theory Skill Builder,problem_finished,2021-09-21 09:59:15.165000-04:00,774975838
PSAXTEE,1082830,,,,,assignment_finished,2021-09-21 09:59:15.302000-04:00,774975968
PSAXTEE,1082864,,,,,assignment_started,2021-09-21 09:49:04.007000-04:00,774952230
PSAXTEE,1082864,PRA8FD7,1.0,,Matrix Addition N.VM.C.8 EX/Decision/[Control]/Theory Skill Builder,problem_started,2021-09-21 09:49:04.870000-04:00,774952235
PSAXTEE,1082864,PRA8FD7,1.0,,Matrix Addition N.VM.C.8 EX/Decision/[Control]/Theory Skill Builder,wrong_response,2021-09-21 09:50:18.925000-04:00,774954560
PSAXTEE,1082864,PRA8FD7,1.0,,Matrix Addition N.VM.C.8 EX/Decision/[Control]/Theory Skill Builder,wrong_response,2021-09-21 09:50:42.342000-04:00,774955477
PSAXTEE,1082864,PRA8FD7,1.0,,Matrix Addition N.VM.C.8 EX/Decision/[Control]/Theory Skill Builder,correct_response,2021-09-21 09:51:50.933000-04:00,774957562
PSAXTEE,1082864,PRA8FD7,1.0,,Matrix Addition N.VM.C.8 EX/Decision/[Control]/Theory Skill Builder,problem_finished,2021-09-21 09:51:50.940000-04:00,774957563
PSAXTEE,1082864,,,,Matrix Addition N.VM.C.8 EX/Decision/[Control]/Theory Skill Builder,continue_selected,2021-09-21 09:51:51.423000-04:00,774957564
PSAXTEE,1082864,PRA8FDP,1.0,,Matrix Addition N.VM.C.8 EX/Decision/[Control]/Theory Skill Builder,problem_started,2021-09-21 09:51:51.535000-04:00,774957565
PSAXTEE,1082864,PRA8FDP,1.0,,Matrix Addition N.VM.C.8 EX/Decision/[Control]/Theory Skill Builder,correct_response,2021-09-21 09:52:08.953000-04:00,774958191
PSAXTEE,1082864,PRA8FDP,1.0,,Matrix Addition N.VM.C.8 EX/Decision/[Control]/Theory Skill Builder,problem_finished,2021-09-21 09:52:08.957000-04:00,774958204
PSAXTEE,1082864,,,,Matrix Addition N.VM.C.8 EX/Decision/[Control]/Theory Skill Builder,continue_selected,2021-09-21 09:52:09.078000-04:00,774958205
PSAXTEE,1082864,PRA8FCQ,1.0,,Matrix Addition N.VM.C.8 EX/Decision/[Control]/Theory Skill Builder,problem_started,2021-09-21 09:52:09.170000-04:00,774958206
PSAXTEE,1082864,PRA8FCQ,1.0,,Matrix Addition N.VM.C.8 EX/Decision/[Control]/Theory Skill Builder,correct_response,2021-09-21 09:52:16.010000-04:00,774958467
PSAXTEE,1082864,PRA8FCQ,1.0,,Matrix Addition N.VM.C.8 EX/Decision/[Control]/Theory Skill Builder,problem_finished,2021-09-21 09:52:16.013000-04:00,774958476
PSAXTEE,1082864,,,,Matrix Addition N.VM.C.8 EX/Decision/[Control],continue_selected,2021-09-21 09:52:16.148000-04:00,774958478
PSAXTEE,1082864,PRA88DN,1.0,,Matrix Addition N.VM.C.8 EX/Decision/[Control]/Real World Skill Builder,problem_started,2021-09-21 09:52:16.498000-04:00,774958480
PSAXTEE,1082864,PRA88DN,1.0,,Matrix Addition N.VM.C.8 EX/Decision/[Control]/Real World Skill Builder,wrong_response,2021-09-21 09:52:38.618000-04:00,774959185
PSAXTEE,1082864,PRA88DN,1.0,,Matrix Addition N.VM.C.8 EX/Decision/[Control]/Real World Skill Builder,hint_requested,2021-09-21 09:52:52.252000-04:00,774959879
PSAXTEE,1082864,PRA88DN,1.0,,Matrix Addition N.VM.C.8 EX/Decision/[Control]/Real World Skill Builder,answer_requested,2021-09-21 09:52:54.227000-04:00,774959880
PSAXTEE,1082864,PRA88DN,1.0,,Matrix Addition N.VM.C.8 EX/Decision/[Control]/Real World Skill Builder,correct_response,2021-09-21 09:52:57.483000-04:00,774959882
PSAXTEE,1082864,PRA88DN,1.0,,Matrix Addition N.VM.C.8 EX/Decision/[Control]/Real World Skill Builder,problem_finished,2021-09-21 09:52:57.486000-04:00,774959883
PSAXTEE,1082864,,,,Matrix Addition N.VM.C.8 EX/Decision/[Control]/Real World Skill Builder,continue_selected,2021-09-21 09:52:57.756000-04:00,774959884
PSAXTEE,1082864,PRA88EN,1.0,,Matrix Addition N.VM.C.8 EX/Decision/[Control]/Real World Skill Builder,problem_started,2021-09-21 09:52:57.829000-04:00,774959885
PSAXTEE,1082864,,,,,assignment_resumed,2021-09-21 12:05:41.272000-04:00,775257097
PSAXTEE,1082864,PRA88EN,1.0,,Matrix Addition N.VM.C.8 EX/Decision/[Control]/Real World Skill Builder,wrong_response,2021-09-21 12:07:15.908000-04:00,775261013
PSAXTEE,1082864,PRA88EN,1.0,,Matrix Addition N.VM.C.8 EX/Decision/[Control]/Real World Skill Builder,hint_requested,2021-09-21 12:07:23.429000-04:00,775261448
PSAXTEE,1082864,PRA88EN,1.0,,Matrix Addition N.VM.C.8 EX/Decision/[Control]/Real World Skill Builder,answer_requested,2021-09-21 12:07:24.154000-04:00,775261449
PSAXTEE,1082864,PRA88EN,1.0,,Matrix Addition N.VM.C.8 EX/Decision/[Control]/Real World Skill Builder,correct_response,2021-09-21 12:07:29.823000-04:00,775261899
PSAXTEE,1082864,PRA88EN,1.0,,Matrix Addition N.VM.C.8 EX/Decision/[Control]/Real World Skill Builder,problem_finished,2021-09-21 12:07:29.828000-04:00,775261900
PSAXTEE,1082864,,,,Matrix Addition N.VM.C.8 EX/Decision/[Control]/Real World Skill Builder,continue_selected,2021-09-21 12:07:35.190000-04:00,775261901
PSAXTEE,1082864,PRA88DE,1.0,,Matrix Addition N.VM.C.8 EX/Decision/[Control]/Real World Skill Builder,problem_started,2021-09-21 12:07:35.299000-04:00,775261902
PSAXTEE,1083082,,,,,assignment_started,2021-09-21 09:12:29.249000-04:00,774883594
PSAXTEE,1083082,PRA8FC2,1.0,,Matrix Addition N.VM.C.8 EX/Decision/[Control]/Theory Skill Builder,problem_started,2021-09-21 09:12:29.878000-04:00,774883599
PSAXTEE,1084753,,,,,assignment_started,2021-09-21 10:00:15.522000-04:00,774978397
PSAXTEE,1084753,PRA88EV,1.0,,Matrix Addition N.VM.C.8 EX/Decision/[Treatment]/Real World Skill Builder,problem_started,2021-09-21 10:00:16.321000-04:00,774978402
PSAXTEE,1084753,PRA88EV,1.0,,Matrix Addition N.VM.C.8 EX/Decision/[Treatment]/Real World Skill Builder,wrong_response,2021-09-21 10:01:43.070000-04:00,774982556
PSAXTEE,1084753,PRA88EV,1.0,,Matrix Addition N.VM.C.8 EX/Decision/[Treatment]/Real World Skill Builder,correct_response,2021-09-21 10:01:54.157000-04:00,774983040
PSAXTEE,1084753,PRA88EV,1.0,,Matrix Addition N.VM.C.8 EX/Decision/[Treatment]/Real World Skill Builder,problem_finished,2021-09-21 10:01:54.163000-04:00,774983046
PSAXTEE,1084753,,,,Matrix Addition N.VM.C.8 EX/Decision/[Treatment]/Real World Skill Builder,continue_selected,2021-09-21 10:01:55.210000-04:00,774983049
PSAXTEE,1084753,PRA88DN,1.0,,Matrix Addition N.VM.C.8 EX/Decision/[Treatment]/Real World Skill Builder,problem_started,2021-09-21 10:01:55.300000-04:00,774983050
PSAXTEE,1084753,PRA88DN,1.0,,Matrix Addition N.VM.C.8 EX/Decision/[Treatment]/Real World Skill Builder,correct_response,2021-09-21 10:02:23.428000-04:00,774984132
PSAXTEE,1084753,PRA88DN,1.0,,Matrix Addition N.VM.C.8 EX/Decision/[Treatment]/Real World Skill Builder,problem_finished,2021-09-21 10:02:23.432000-04:00,774984158
PSAXTEE,1084753,,,,Matrix Addition N.VM.C.8 EX/Decision/[Treatment]/Real World Skill Builder,continue_selected,2021-09-21 10:02:24.232000-04:00,774984159
PSAXTEE,1084753,PRA88C5,1.0,,Matrix Addition N.VM.C.8 EX/Decision/[Treatment]/Real World Skill Builder,problem_started,2021-09-21 10:02:24.355000-04:00,774984160
PSAXTEE,1084753,PRA88C5,1.0,,Matrix Addition N.VM.C.8 EX/Decision/[Treatment]/Real World Skill Builder,correct_response,2021-09-21 10:02:47.186000-04:00,774985225
PSAXTEE,1084753,PRA88C5,1.0,,Matrix Addition N.VM.C.8 EX/Decision/[Treatment]/Real World Skill Builder,problem_finished,2021-09-21 10:02:47.189000-04:00,774985292
PSAXTEE,1084753,,,,Matrix Addition N.VM.C.8 EX/Decision/[Treatment],continue_selected,2021-09-21 10:02:48.368000-04:00,774985294
PSAXTEE,1084753,PRA8FDM,1.0,,Matrix Addition N.VM.C.8 EX/Decision/[Treatment]/Theory Skill Builder,problem_started,2021-09-21 10:02:48.696000-04:00,774985296
PSAXTEE,1084753,PRA8FDM,1.0,,Matrix Addition N.VM.C.8 EX/Decision/[Treatment]/Theory Skill Builder,hint_requested,2021-09-21 10:03:19.418000-04:00,774986276
PSAXTEE,1084753,PRA8FDM,1.0,,Matrix Addition N.VM.C.8 EX/Decision/[Treatment]/Theory Skill Builder,answer_requested,2021-09-21 10:04:30.064000-04:00,774989099
PSAXTEE,1084753,PRA8FDM,1.0,,Matrix Addition N.VM.C.8 EX/Decision/[Treatment]/Theory Skill Builder,correct_response,2021-09-21 10:04:57.945000-04:00,774989797
PSAXTEE,1084753,PRA8FDM,1.0,,Matrix Addition N.VM.C.8 EX/Decision/[Treatment]/Theory Skill Builder,problem_finished,2021-09-21 10:04:57.948000-04:00,774989798
PSAXTEE,1084753,,,,Matrix Addition N.VM.C.8 EX/Decision/[Treatment]/Theory Skill Builder,continue_selected,2021-09-21 10:05:00.293000-04:00,774989829
PSAXTEE,1084753,PRA8FEA,1.0,,Matrix Addition N.VM.C.8 EX/Decision/[Treatment]/Theory Skill Builder,problem_started,2021-09-21 10:05:00.374000-04:00,774989830
PSAXTEE,1084753,PRA8FEA,1.0,,Matrix Addition N.VM.C.8 EX/Decision/[Treatment]/Theory Skill Builder,correct_response,2021-09-21 10:05:14.058000-04:00,774990328
PSAXTEE,1084753,PRA8FEA,1.0,,Matrix Addition N.VM.C.8 EX/Decision/[Treatment]/Theory Skill Builder,problem_finished,2021-09-21 10:05:14.061000-04:00,774990374
PSAXTEE,1084753,,,,Matrix Addition N.VM.C.8 EX/Decision/[Treatment]/Theory Skill Builder,continue_selected,2021-09-21 10:05:14.900000-04:00,774990375
PSAXTEE,1084753,PRA8FEM,1.0,,Matrix Addition N.VM.C.8 EX/Decision/[Treatment]/Theory Skill Builder,problem_started,2021-09-21 10:05:14.979000-04:00,774990376
PSAXTEE,1084753,PRA8FEM,1.0,,Matrix Addition N.VM.C.8 EX/Decision/[Treatment]/Theory Skill Builder,correct_response,2021-09-21 10:05:21.828000-04:00,774990675
PSAXTEE,1084753,PRA8FEM,1.0,,Matrix Addition N.VM.C.8 EX/Decision/[Treatment]/Theory Skill Builder,problem_finished,2021-09-21 10:05:21.831000-04:00,774990730
PSAXTEE,1084753,,,,Matrix Addition N.VM.C.8 EX/Decision/[Treatment]/Theory Skill Builder,continue_selected,2021-09-21 10:05:23.520000-04:00,774990731
PSAXTEE,1084753,PRA8FC9,1.0,,Matrix Addition N.VM.C.8 EX/Decision/[Treatment]/Theory Skill Builder,problem_started,2021-09-21 10:05:23.594000-04:00,774990732
PSAXTEE,1084753,PRA8FC9,1.0,,Matrix Addition N.VM.C.8 EX/Decision/[Treatment]/Theory Skill Builder,correct_response,2021-09-21 10:05:31.558000-04:00,774990954
PSAXTEE,1084753,PRA8FC9,1.0,,Matrix Addition N.VM.C.8 EX/Decision/[Treatment]/Theory Skill Builder,problem_finished,2021-09-21 10:05:31.561000-04:00,774990955
PSAXTEE,1084753,,,,,assignment_finished,2021-09-21 10:05:31.692000-04:00,774991010
PSAXTEE,1084932,,,,,assignment_started,2021-09-21 09:47:18.527000-04:00,774949062
PSAXTEE,1084932,PRA8FCV,1.0,,Matrix Addition N.VM.C.8 EX/Decision/[Control]/Theory Skill Builder,problem_started,2021-09-21 09:47:19.329000-04:00,774949067
PSAXTEE,1084932,PRA8FCV,1.0,,Matrix Addition N.VM.C.8 EX/Decision/[Control]/Theory Skill Builder,hint_requested,2021-09-21 09:50:45.556000-04:00,774955387
PSAXTEE,1084932,PRA8FCV,1.0,,Matrix Addition N.VM.C.8 EX/Decision/[Control]/Theory Skill Builder,correct_response,2021-09-21 09:50:51.698000-04:00,774955600
PSAXTEE,1084932,PRA8FCV,1.0,,Matrix Addition N.VM.C.8 EX/Decision/[Control]/Theory Skill Builder,problem_finished,2021-09-21 09:50:51.703000-04:00,774955601
PSAXTEE,1084932,,,,Matrix Addition N.VM.C.8 EX/Decision/[Control]/Theory Skill Builder,continue_selected,2021-09-21 09:50:53.119000-04:00,774955602
PSAXTEE,1084932,PRA8FCU,1.0,,Matrix Addition N.VM.C.8 EX/Decision/[Control]/Theory Skill Builder,problem_started,2021-09-21 09:50:53.226000-04:00,774955603
PSAXTEE,1084932,PRA8FCU,1.0,,Matrix Addition N.VM.C.8 EX/Decision/[Control]/Theory Skill Builder,correct_response,2021-09-21 09:51:50.431000-04:00,774957525
PSAXTEE,1084932,PRA8FCU,1.0,,Matrix Addition N.VM.C.8 EX/Decision/[Control]/Theory Skill Builder,problem_finished,2021-09-21 09:51:50.434000-04:00,774957577
PSAXTEE,1084932,,,,Matrix Addition N.VM.C.8 EX/Decision/[Control]/Theory Skill Builder,continue_selected,2021-09-21 09:51:51.778000-04:00,774957578
PSAXTEE,1084932,PRA8FDW,1.0,,Matrix Addition N.VM.C.8 EX/Decision/[Control]/Theory Skill Builder,problem_started,2021-09-21 09:51:51.869000-04:00,774957579
PSAXTEE,1084932,PRA8FDW,1.0,,Matrix Addition N.VM.C.8 EX/Decision/[Control]/Theory Skill Builder,correct_response,2021-09-21 09:52:20.556000-04:00,774958604
PSAXTEE,1084932,PRA8FDW,1.0,,Matrix Addition N.VM.C.8 EX/Decision/[Control]/Theory Skill Builder,problem_finished,2021-09-21 09:52:20.559000-04:00,774958662
PSAXTEE,1084932,,,,Matrix Addition N.VM.C.8 EX/Decision/[Control],continue_selected,2021-09-21 09:52:21.758000-04:00,774958664
PSAXTEE,1084932,PRA88C9,1.0,,Matrix Addition N.VM.C.8 EX/Decision/[Control]/Real World Skill Builder,problem_started,2021-09-21 09:52:22.126000-04:00,774958666
PSAXTEE,1084932,PRA88C9,1.0,,Matrix Addition N.VM.C.8 EX/Decision/[Control]/Real World Skill Builder,correct_response,2021-09-21 10:03:23.249000-04:00,774986426
PSAXTEE,1084932,PRA88C9,1.0,,Matrix Addition N.VM.C.8 EX/Decision/[Control]/Real World Skill Builder,problem_finished,2021-09-21 10:03:23.253000-04:00,774986464
PSAXTEE,1084932,,,,,assignment_finished,2021-09-21 10:03:23.383000-04:00,774986469
PSAXTEE,1084944,,,,,assignment_started,2021-09-21 09:49:29.807000-04:00,774953133
PSAXTEE,1084944,PRA8FD7,1.0,,Matrix Addition N.VM.C.8 EX/Decision/[Control]/Theory Skill Builder,problem_started,2021-09-21 09:49:30.787000-04:00,774953138
PSAXTEE,1084944,PRA8FD7,1.0,,Matrix Addition N.VM.C.8 EX/Decision/[Control]/Theory Skill Builder,wrong_response,2021-09-21 09:53:23.374000-04:00,774960910
PSAXTEE,1084944,PRA8FD7,1.0,,Matrix Addition N.VM.C.8 EX/Decision/[Control]/Theory Skill Builder,wrong_response,2021-09-21 09:53:29.512000-04:00,774961322
PSAXTEE,1084944,PRA8FD7,1.0,,Matrix Addition N.VM.C.8 EX/Decision/[Control]/Theory Skill Builder,hint_requested,2021-09-21 09:53:35.307000-04:00,774961802
PSAXTEE,1084944,PRA8FD7,1.0,,Matrix Addition N.VM.C.8 EX/Decision/[Control]/Theory Skill Builder,correct_response,2021-09-21 09:54:32.226000-04:00,774964024
PSAXTEE,1084944,PRA8FD7,1.0,,Matrix Addition N.VM.C.8 EX/Decision/[Control]/Theory Skill Builder,problem_finished,2021-09-21 09:54:32.231000-04:00,774964029
PSAXTEE,1084944,,,,Matrix Addition N.VM.C.8 EX/Decision/[Control]/Theory Skill Builder,continue_selected,2021-09-21 09:54:34.303000-04:00,774964062
PSAXTEE,1084944,PRA8FEJ,1.0,,Matrix Addition N.VM.C.8 EX/Decision/[Control]/Theory Skill Builder,problem_started,2021-09-21 09:54:34.433000-04:00,774964063
PSAXTEE,1084944,PRA8FEJ,1.0,,Matrix Addition N.VM.C.8 EX/Decision/[Control]/Theory Skill Builder,correct_response,2021-09-21 09:54:42.550000-04:00,774964404
PSAXTEE,1084944,PRA8FEJ,1.0,,Matrix Addition N.VM.C.8 EX/Decision/[Control]/Theory Skill Builder,problem_finished,2021-09-21 09:54:42.553000-04:00,774964511
PSAXTEE,1084944,,,,Matrix Addition N.VM.C.8 EX/Decision/[Control]/Theory Skill Builder,continue_selected,2021-09-21 09:54:44.550000-04:00,774964512
PSAXTEE,1084944,PRA8FER,1.0,,Matrix Addition N.VM.C.8 EX/Decision/[Control]/Theory Skill Builder,problem_started,2021-09-21 09:54:44.639000-04:00,774964513
PSAXTEE,1084944,PRA8FER,1.0,,Matrix Addition N.VM.C.8 EX/Decision/[Control]/Theory Skill Builder,correct_response,2021-09-21 09:54:52.341000-04:00,774964858
PSAXTEE,1084944,PRA8FER,1.0,,Matrix Addition N.VM.C.8 EX/Decision/[Control]/Theory Skill Builder,problem_finished,2021-09-21 09:54:52.343000-04:00,774964930
PSAXTEE,1084944,,,,Matrix Addition N.VM.C.8 EX/Decision/[Control],continue_selected,2021-09-21 09:54:53.667000-04:00,774964934
PSAXTEE,1084944,PRA88EU,1.0,,Matrix Addition N.VM.C.8 EX/Decision/[Control]/Real World Skill Builder,problem_started,2021-09-21 09:54:54.051000-04:00,774964936
PSAXTEE,1084944,PRA88EU,1.0,,Matrix Addition N.VM.C.8 EX/Decision/[Control]/Real World Skill Builder,correct_response,2021-09-21 09:56:26.183000-04:00,774968898
PSAXTEE,1084944,PRA88EU,1.0,,Matrix Addition N.VM.C.8 EX/Decision/[Control]/Real World Skill Builder,problem_finished,2021-09-21 09:56:26.187000-04:00,774969177
PSAXTEE,1084944,,,,,assignment_finished,2021-09-21 09:56:26.306000-04:00,774969182
PSAXTEE,1085583,,,,,assignment_started,2021-09-21 12:59:32.723000-04:00,775373841
PSAXTEE,1085583,PRA8FC7,1.0,,Matrix Addition N.VM.C.8 EX/Decision/[Control]/Theory Skill Builder,problem_started,2021-09-21 12:59:33.489000-04:00,775373846
PSAXTEE,1085583,PRA8FC7,1.0,,Matrix Addition N.VM.C.8 EX/Decision/[Control]/Theory Skill Builder,hint_requested,2021-09-21 13:01:10.020000-04:00,775376818
PSAXTEE,1085583,PRA8FC7,1.0,,Matrix Addition N.VM.C.8 EX/Decision/[Control]/Theory Skill Builder,correct_response,2021-09-21 13:04:17.703000-04:00,775383068
PSAXTEE,1085583,PRA8FC7,1.0,,Matrix Addition N.VM.C.8 EX/Decision/[Control]/Theory Skill Builder,problem_finished,2021-09-21 13:04:17.710000-04:00,775383069
PSAXTEE,1085583,,,,Matrix Addition N.VM.C.8 EX/Decision/[Control]/Theory Skill Builder,continue_selected,2021-09-21 13:04:21.248000-04:00,775383113
PSAXTEE,1085583,PRA8FEJ,1.0,,Matrix Addition N.VM.C.8 EX/Decision/[Control]/Theory Skill Builder,problem_started,2021-09-21 13:04:21.357000-04:00,775383114
PSAXTEE,1085583,PRA8FEJ,1.0,,Matrix Addition N.VM.C.8 EX/Decision/[Control]/Theory Skill Builder,wrong_response,2021-09-21 13:05:08.729000-04:00,775384679
PSAXTEE,1085583,PRA8FEJ,1.0,,Matrix Addition N.VM.C.8 EX/Decision/[Control]/Theory Skill Builder,wrong_response,2021-09-21 13:06:57.167000-04:00,775388479
PSAXTEE,1085583,PRA8FEJ,1.0,,Matrix Addition N.VM.C.8 EX/Decision/[Control]/Theory Skill Builder,wrong_response,2021-09-21 13:07:25.111000-04:00,775389542
PSAXTEE,1085583,PRA8FEJ,1.0,,Matrix Addition N.VM.C.8 EX/Decision/[Control]/Theory Skill Builder,hint_requested,2021-09-21 13:07:27.437000-04:00,775389545
PSAXTEE,1085583,PRA8FEJ,1.0,,Matrix Addition N.VM.C.8 EX/Decision/[Control]/Theory Skill Builder,wrong_response,2021-09-21 13:08:12.440000-04:00,775391194
PSAXTEE,1085583,PRA8FEJ,1.0,,Matrix Addition N.VM.C.8 EX/Decision/[Control]/Theory Skill Builder,answer_requested,2021-09-21 13:08:58.966000-04:00,775393058
PSAXTEE,1085583,PRA8FEJ,1.0,,Matrix Addition N.VM.C.8 EX/Decision/[Control]/Theory Skill Builder,correct_response,2021-09-21 13:09:04.234000-04:00,775393060
PSAXTEE,1085583,PRA8FEJ,1.0,,Matrix Addition N.VM.C.8 EX/Decision/[Control]/Theory Skill Builder,problem_finished,2021-09-21 13:09:04.238000-04:00,775393061
PSAXTEE,1085583,,,,Matrix Addition N.VM.C.8 EX/Decision/[Control]/Theory Skill Builder,continue_selected,2021-09-21 13:09:06.381000-04:00,775393062
PSAXTEE,1085583,PRA8FEE,1.0,,Matrix Addition N.VM.C.8 EX/Decision/[Control]/Theory Skill Builder,problem_started,2021-09-21 13:09:06.488000-04:00,775393063
PSAXTEE,1085583,PRA8FEE,1.0,,Matrix Addition N.VM.C.8 EX/Decision/[Control]/Theory Skill Builder,hint_requested,2021-09-21 13:14:11.665000-04:00,775403528
PSAXTEE,1085583,PRA8FEE,1.0,,Matrix Addition N.VM.C.8 EX/Decision/[Control]/Theory Skill Builder,answer_requested,2021-09-21 13:14:14.118000-04:00,775403863
PSAXTEE,1085583,PRA8FEE,1.0,,Matrix Addition N.VM.C.8 EX/Decision/[Control]/Theory Skill Builder,correct_response,2021-09-21 13:14:23.471000-04:00,775403967
PSAXTEE,1085583,PRA8FEE,1.0,,Matrix Addition N.VM.C.8 EX/Decision/[Control]/Theory Skill Builder,problem_finished,2021-09-21 13:14:23.476000-04:00,775403968
PSAXTEE,1085583,,,,Matrix Addition N.VM.C.8 EX/Decision/[Control]/Theory Skill Builder,continue_selected,2021-09-21 13:14:25.266000-04:00,775403969
PSAXTEE,1085583,PRA8FEF,1.0,,Matrix Addition N.VM.C.8 EX/Decision/[Control]/Theory Skill Builder,problem_started,2021-09-21 13:14:25.354000-04:00,775403970
PSAXTEE,1085583,PRA8FEF,1.0,,Matrix Addition N.VM.C.8 EX/Decision/[Control]/Theory Skill Builder,hint_requested,2021-09-21 13:14:27.310000-04:00,775404021
PSAXTEE,1085583,PRA8FEF,1.0,,Matrix Addition N.VM.C.8 EX/Decision/[Control]/Theory Skill Builder,answer_requested,2021-09-21 13:14:28.335000-04:00,775404257
PSAXTEE,1085583,PRA8FEF,1.0,,Matrix Addition N.VM.C.8 EX/Decision/[Control]/Theory Skill Builder,correct_response,2021-09-21 13:14:31.657000-04:00,775404259
PSAXTEE,1085583,PRA8FEF,1.0,,Matrix Addition N.VM.C.8 EX/Decision/[Control]/Theory Skill Builder,problem_finished,2021-09-21 13:14:31.660000-04:00,775404260
PSAXTEE,1085583,,,,Matrix Addition N.VM.C.8 EX/Decision/[Control]/Theory Skill Builder,continue_selected,2021-09-21 13:14:34.073000-04:00,775404261
PSAXTEE,1085583,PRA8FDK,1.0,,Matrix Addition N.VM.C.8 EX/Decision/[Control]/Theory Skill Builder,problem_started,2021-09-21 13:14:34.159000-04:00,775404262
PSAXTEE,1085583,PRA8FDK,1.0,,Matrix Addition N.VM.C.8 EX/Decision/[Control]/Theory Skill Builder,hint_requested,2021-09-21 13:14:40.197000-04:00,775404447
PSAXTEE,1085583,PRA8FDK,1.0,,Matrix Addition N.VM.C.8 EX/Decision/[Control]/Theory Skill Builder,answer_requested,2021-09-21 13:14:41.427000-04:00,775404768
PSAXTEE,1085583,PRA8FDK,1.0,,Matrix Addition N.VM.C.8 EX/Decision/[Control]/Theory Skill Builder,correct_response,2021-09-21 13:14:47.764000-04:00,775404770
PSAXTEE,1085583,PRA8FDK,1.0,,Matrix Addition N.VM.C.8 EX/Decision/[Control]/Theory Skill Builder,problem_finished,2021-09-21 13:14:47.767000-04:00,775404771
PSAXTEE,1085583,,,,Matrix Addition N.VM.C.8 EX/Decision/[Control]/Theory Skill Builder,continue_selected,2021-09-21 13:14:48.881000-04:00,775404772
PSAXTEE,1085583,PRA8FDE,1.0,,Matrix Addition N.VM.C.8 EX/Decision/[Control]/Theory Skill Builder,problem_started,2021-09-21 13:14:48.968000-04:00,775404773
PSAXTEE,1085583,PRA8FDE,1.0,,Matrix Addition N.VM.C.8 EX/Decision/[Control]/Theory Skill Builder,hint_requested,2021-09-21 13:14:57.337000-04:00,775405041
PSAXTEE,1085583,PRA8FDE,1.0,,Matrix Addition N.VM.C.8 EX/Decision/[Control]/Theory Skill Builder,answer_requested,2021-09-21 13:14:58.970000-04:00,775405236
PSAXTEE,1085583,PRA8FDE,1.0,,Matrix Addition N.VM.C.8 EX/Decision/[Control]/Theory Skill Builder,correct_response,2021-09-21 13:15:01.934000-04:00,775405238
PSAXTEE,1085583,PRA8FDE,1.0,,Matrix Addition N.VM.C.8 EX/Decision/[Control]/Theory Skill Builder,problem_finished,2021-09-21 13:15:01.937000-04:00,775405239
PSAXTEE,1085583,,,,Matrix Addition N.VM.C.8 EX/Decision/[Control]/Theory Skill Builder,continue_selected,2021-09-21 13:15:03.466000-04:00,775405240
PSAXTEE,1085583,PRA8FEB,1.0,,Matrix Addition N.VM.C.8 EX/Decision/[Control]/Theory Skill Builder,problem_started,2021-09-21 13:15:03.563000-04:00,775405241
PSAXTEE,1085583,PRA8FEB,1.0,,Matrix Addition N.VM.C.8 EX/Decision/[Control]/Theory Skill Builder,hint_requested,2021-09-21 13:15:06.789000-04:00,775405380
PSAXTEE,1085583,PRA8FEB,1.0,,Matrix Addition N.VM.C.8 EX/Decision/[Control]/Theory Skill Builder,answer_requested,2021-09-21 13:15:07.727000-04:00,775405661
PSAXTEE,1085583,PRA8FEB,1.0,,Matrix Addition N.VM.C.8 EX/Decision/[Control]/Theory Skill Builder,correct_response,2021-09-21 13:15:11.638000-04:00,775405663
PSAXTEE,1085583,PRA8FEB,1.0,,Matrix Addition N.VM.C.8 EX/Decision/[Control]/Theory Skill Builder,problem_finished,2021-09-21 13:15:11.641000-04:00,775405664
PSAXTEE,1085583,,,,Matrix Addition N.VM.C.8 EX/Decision/[Control]/Theory Skill Builder,continue_selected,2021-09-21 13:15:13.428000-04:00,775405665
PSAXTEE,1085583,PRA8FC9,1.0,,Matrix Addition N.VM.C.8 EX/Decision/[Control]/Theory Skill Builder,problem_started,2021-09-21 13:15:13.509000-04:00,775405666
PSAXTEE,1085583,PRA8FC9,1.0,,Matrix Addition N.VM.C.8 EX/Decision/[Control]/Theory Skill Builder,hint_requested,2021-09-21 13:15:16.370000-04:00,775405768
PSAXTEE,1085583,PRA8FC9,1.0,,Matrix Addition N.VM.C.8 EX/Decision/[Control]/Theory Skill Builder,answer_requested,2021-09-21 13:15:17.724000-04:00,775406027
PSAXTEE,1085583,PRA8FC9,1.0,,Matrix Addition N.VM.C.8 EX/Decision/[Control]/Theory Skill Builder,correct_response,2021-09-21 13:15:20.964000-04:00,775406029
PSAXTEE,1085583,PRA8FC9,1.0,,Matrix Addition N.VM.C.8 EX/Decision/[Control]/Theory Skill Builder,problem_finished,2021-09-21 13:15:20.969000-04:00,775406030
PSAXTEE,1085583,,,,Matrix Addition N.VM.C.8 EX/Decision/[Control]/Theory Skill Builder,continue_selected,2021-09-21 13:15:23.518000-04:00,775406031
PSAXTEE,1085583,PRA8FDF,1.0,,Matrix Addition N.VM.C.8 EX/Decision/[Control]/Theory Skill Builder,problem_started,2021-09-21 13:15:23.613000-04:00,775406032
PSAXTEE,1085583,PRA8FDF,1.0,,Matrix Addition N.VM.C.8 EX/Decision/[Control]/Theory Skill Builder,hint_requested,2021-09-21 13:15:26.167000-04:00,775406135
PSAXTEE,1085583,PRA8FDF,1.0,,Matrix Addition N.VM.C.8 EX/Decision/[Control]/Theory Skill Builder,answer_requested,2021-09-21 13:15:27.407000-04:00,775406294
PSAXTEE,1085583,PRA8FDF,1.0,,Matrix Addition N.VM.C.8 EX/Decision/[Control]/Theory Skill Builder,correct_response,2021-09-21 13:15:29.887000-04:00,775406296
PSAXTEE,1085583,PRA8FDF,1.0,,Matrix Addition N.VM.C.8 EX/Decision/[Control]/Theory Skill Builder,problem_finished,2021-09-21 13:15:29.889000-04:00,775406297
PSAXTEE,1085583,,,,Matrix Addition N.VM.C.8 EX/Decision/[Control]/Theory Skill Builder,continue_selected,2021-09-21 13:15:31.486000-04:00,775406298
PSAXTEE,1085583,PRA8FEG,1.0,,Matrix Addition N.VM.C.8 EX/Decision/[Control]/Theory Skill Builder,problem_started,2021-09-21 13:15:31.586000-04:00,775406299
PSAXTEE,1085583,PRA8FEG,1.0,,Matrix Addition N.VM.C.8 EX/Decision/[Control]/Theory Skill Builder,hint_requested,2021-09-21 13:15:33.019000-04:00,775406346
PSAXTEE,1085583,PRA8FEG,1.0,,Matrix Addition N.VM.C.8 EX/Decision/[Control]/Theory Skill Builder,answer_requested,2021-09-21 13:15:34.125000-04:00,775406667
PSAXTEE,1085583,PRA8FEG,1.0,,Matrix Addition N.VM.C.8 EX/Decision/[Control]/Theory Skill Builder,correct_response,2021-09-21 13:15:39.637000-04:00,775406669
PSAXTEE,1085583,PRA8FEG,1.0,,Matrix Addition N.VM.C.8 EX/Decision/[Control]/Theory Skill Builder,problem_finished,2021-09-21 13:15:39.639000-04:00,775406670
PSAXTEE,1085583,,,,Matrix Addition N.VM.C.8 EX/Decision/[Control],continue_selected,2021-09-21 13:15:42.115000-04:00,775406672
PSAXTEE,1085583,PRA88ED,1.0,,Matrix Addition N.VM.C.8 EX/Decision/[Control]/Real World Skill Builder,problem_started,2021-09-21 13:15:42.599000-04:00,775406674
PSAXTEE,1086000,,,,,assignment_started,2021-09-21 16:23:40.164000-04:00,775809472
PSAXTEE,1086000,PRA8FER,1.0,,Matrix Addition N.VM.C.8 EX/Decision/[Control]/Theory Skill Builder,problem_started,2021-09-21 16:23:42.025000-04:00,775809477
PSAXTEE,1086000,PRA8FER,1.0,,Matrix Addition N.VM.C.8 EX/Decision/[Control]/Theory Skill Builder,hint_requested,2021-09-21 16:29:03.359000-04:00,775817721
PSAXTEE,1086000,PRA8FER,1.0,,Matrix Addition N.VM.C.8 EX/Decision/[Control]/Theory Skill Builder,wrong_response,2021-09-21 16:29:19.656000-04:00,775818203
PSAXTEE,1086000,PRA8FER,1.0,,Matrix Addition N.VM.C.8 EX/Decision/[Control]/Theory Skill Builder,answer_requested,2021-09-21 16:29:23.457000-04:00,775818204
PSAXTEE,1086000,PRA8FER,1.0,,Matrix Addition N.VM.C.8 EX/Decision/[Control]/Theory Skill Builder,correct_response,2021-09-21 16:29:31.509000-04:00,775818492
PSAXTEE,1086000,PRA8FER,1.0,,Matrix Addition N.VM.C.8 EX/Decision/[Control]/Theory Skill Builder,problem_finished,2021-09-21 16:29:31.520000-04:00,775818493
PSAXTEE,1086000,,,,Matrix Addition N.VM.C.8 EX/Decision/[Control]/Theory Skill Builder,continue_selected,2021-09-21 16:29:34.439000-04:00,775818553
PSAXTEE,1086000,PRA8FCV,1.0,,Matrix Addition N.VM.C.8 EX/Decision/[Control]/Theory Skill Builder,problem_started,2021-09-21 16:29:34.708000-04:00,775818554
PSAXTEE,1086000,PRA8FCV,1.0,,Matrix Addition N.VM.C.8 EX/Decision/[Control]/Theory Skill Builder,wrong_response,2021-09-21 16:31:11.492000-04:00,775821132
PSAXTEE,1086000,PRA8FCV,1.0,,Matrix Addition N.VM.C.8 EX/Decision/[Control]/Theory Skill Builder,wrong_response,2021-09-21 16:32:13.822000-04:00,775822681
PSAXTEE,1086000,PRA8FCV,1.0,,Matrix Addition N.VM.C.8 EX/Decision/[Control]/Theory Skill Builder,wrong_response,2021-09-21 16:32:19.257000-04:00,775822682
PSAXTEE,1086000,PRA8FCV,1.0,,Matrix Addition N.VM.C.8 EX/Decision/[Control]/Theory Skill Builder,hint_requested,2021-09-21 16:32:22.799000-04:00,775822956
PSAXTEE,1086000,PRA8FCV,1.0,,Matrix Addition N.VM.C.8 EX/Decision/[Control]/Theory Skill Builder,answer_requested,2021-09-21 16:32:24.431000-04:00,775822958
PSAXTEE,1086000,PRA8FCV,1.0,,Matrix Addition N.VM.C.8 EX/Decision/[Control]/Theory Skill Builder,correct_response,2021-09-21 16:32:30.773000-04:00,775822960
PSAXTEE,1086000,PRA8FCV,1.0,,Matrix Addition N.VM.C.8 EX/Decision/[Control]/Theory Skill Builder,problem_finished,2021-09-21 16:32:30.781000-04:00,775822961
PSAXTEE,1086000,,,,Matrix Addition N.VM.C.8 EX/Decision/[Control]/Theory Skill Builder,continue_selected,2021-09-21 16:32:32.738000-04:00,775822993
PSAXTEE,1086000,PRA8FCX,1.0,,Matrix Addition N.VM.C.8 EX/Decision/[Control]/Theory Skill Builder,problem_started,2021-09-21 16:32:32.939000-04:00,775822994
PSAXTEE,1086000,PRA8FCX,1.0,,Matrix Addition N.VM.C.8 EX/Decision/[Control]/Theory Skill Builder,wrong_response,2021-09-21 16:33:22.213000-04:00,775824165
PSAXTEE,1086000,PRA8FCX,1.0,,Matrix Addition N.VM.C.8 EX/Decision/[Control]/Theory Skill Builder,wrong_response,2021-09-21 16:33:39.045000-04:00,775824634
PSAXTEE,1086000,PRA8FCX,1.0,,Matrix Addition N.VM.C.8 EX/Decision/[Control]/Theory Skill Builder,wrong_response,2021-09-21 16:35:07.925000-04:00,775826563
PSAXTEE,1086000,PRA8FCX,1.0,,Matrix Addition N.VM.C.8 EX/Decision/[Control]/Theory Skill Builder,hint_requested,2021-09-21 16:35:11.716000-04:00,775826566
PSAXTEE,1086000,PRA8FCX,1.0,,Matrix Addition N.VM.C.8 EX/Decision/[Control]/Theory Skill Builder,answer_requested,2021-09-21 16:35:12.802000-04:00,775826764
PSAXTEE,1086000,PRA8FCX,1.0,,Matrix Addition N.VM.C.8 EX/Decision/[Control]/Theory Skill Builder,correct_response,2021-09-21 16:35:17.304000-04:00,775826766
PSAXTEE,1086000,PRA8FCX,1.0,,Matrix Addition N.VM.C.8 EX/Decision/[Control]/Theory Skill Builder,problem_finished,2021-09-21 16:35:17.310000-04:00,775826767
PSAXTEE,1086000,,,,Matrix Addition N.VM.C.8 EX/Decision/[Control]/Theory Skill Builder,continue_selected,2021-09-21 16:35:21.473000-04:00,775826768
PSAXTEE,1086000,PRA8FDZ,1.0,,Matrix Addition N.VM.C.8 EX/Decision/[Control]/Theory Skill Builder,problem_started,2021-09-21 16:35:21.694000-04:00,775826769
PSAXTEE,1086000,PRA8FDZ,1.0,,Matrix Addition N.VM.C.8 EX/Decision/[Control]/Theory Skill Builder,wrong_response,2021-09-21 16:35:52.294000-04:00,775827364
PSAXTEE,1086000,PRA8FDZ,1.0,,Matrix Addition N.VM.C.8 EX/Decision/[Control]/Theory Skill Builder,wrong_response,2021-09-21 16:38:19.836000-04:00,775830293
PSAXTEE,1086000,PRA8FDZ,1.0,,Matrix Addition N.VM.C.8 EX/Decision/[Control]/Theory Skill Builder,wrong_response,2021-09-21 16:42:37.157000-04:00,775835110
PSAXTEE,1086000,PRA8FDZ,1.0,,Matrix Addition N.VM.C.8 EX/Decision/[Control]/Theory Skill Builder,hint_requested,2021-09-21 16:42:40.537000-04:00,775835113
PSAXTEE,1086000,PRA8FDZ,1.0,,Matrix Addition N.VM.C.8 EX/Decision/[Control]/Theory Skill Builder,answer_requested,2021-09-21 16:42:41.739000-04:00,775835114
PSAXTEE,1086000,,,,,assignment_resumed,2021-09-21 16:43:09.594000-04:00,775835769
PSAXTEE,1086000,,,,,assignment_resumed,2021-09-21 16:43:27.163000-04:00,775836237
PSAXTEE,1086000,PRA8FDZ,1.0,,Matrix Addition N.VM.C.8 EX/Decision/[Control]/Theory Skill Builder,correct_response,2021-09-21 16:43:33.392000-04:00,775836466
PSAXTEE,1086000,PRA8FDZ,1.0,,Matrix Addition N.VM.C.8 EX/Decision/[Control]/Theory Skill Builder,problem_finished,2021-09-21 16:43:33.402000-04:00,775836467
PSAXTEE,1086000,,,,Matrix Addition N.VM.C.8 EX/Decision/[Control]/Theory Skill Builder,continue_selected,2021-09-21 16:44:00.434000-04:00,775837045
PSAXTEE,1086000,PRA8FCY,1.0,,Matrix Addition N.VM.C.8 EX/Decision/[Control]/Theory Skill Builder,problem_started,2021-09-21 16:44:00.667000-04:00,775837046
PSAXTEE,1086000,PRA8FCY,1.0,,Matrix Addition N.VM.C.8 EX/Decision/[Control]/Theory Skill Builder,correct_response,2021-09-21 16:45:23.785000-04:00,775839342
PSAXTEE,1086000,PRA8FCY,1.0,,Matrix Addition N.VM.C.8 EX/Decision/[Control]/Theory Skill Builder,problem_finished,2021-09-21 16:45:23.795000-04:00,775839466
PSAXTEE,1086000,,,,Matrix Addition N.VM.C.8 EX/Decision/[Control]/Theory Skill Builder,continue_selected,2021-09-21 16:45:27.647000-04:00,775839467
PSAXTEE,1086000,PRA8FCS,1.0,,Matrix Addition N.VM.C.8 EX/Decision/[Control]/Theory Skill Builder,problem_started,2021-09-21 16:45:27.862000-04:00,775839468
PSAXTEE,1086000,PRA8FCS,1.0,,Matrix Addition N.VM.C.8 EX/Decision/[Control]/Theory Skill Builder,wrong_response,2021-09-21 16:45:43.713000-04:00,775839860
PSAXTEE,1086000,PRA8FCS,1.0,,Matrix Addition N.VM.C.8 EX/Decision/[Control]/Theory Skill Builder,wrong_response,2021-09-21 16:46:14.805000-04:00,775840851
PSAXTEE,1086000,PRA8FCS,1.0,,Matrix Addition N.VM.C.8 EX/Decision/[Control]/Theory Skill Builder,hint_requested,2021-09-21 16:46:17.813000-04:00,775840854
PSAXTEE,1086000,PRA8FCS,1.0,,Matrix Addition N.VM.C.8 EX/Decision/[Control]/Theory Skill Builder,wrong_response,2021-09-21 16:48:38.990000-04:00,775844568
PSAXTEE,1086000,PRA8FCS,1.0,,Matrix Addition N.VM.C.8 EX/Decision/[Control]/Theory Skill Builder,answer_requested,2021-09-21 16:48:42.927000-04:00,775844569
PSAXTEE,1086000,PRA8FCS,1.0,,Matrix Addition N.VM.C.8 EX/Decision/[Control]/Theory Skill Builder,correct_response,2021-09-21 16:48:49.739000-04:00,775844723
PSAXTEE,1086000,PRA8FCS,1.0,,Matrix Addition N.VM.C.8 EX/Decision/[Control]/Theory Skill Builder,problem_finished,2021-09-21 16:48:49.754000-04:00,775844724
PSAXTEE,1086000,,,,Matrix Addition N.VM.C.8 EX/Decision/[Control]/Theory Skill Builder,continue_selected,2021-09-21 16:48:52.073000-04:00,775844725
PSAXTEE,1086000,PRA8FCK,1.0,,Matrix Addition N.VM.C.8 EX/Decision/[Control]/Theory Skill Builder,problem_started,2021-09-21 16:48:52.274000-04:00,775844726
PSAXTEE,1086000,PRA8FCK,1.0,,Matrix Addition N.VM.C.8 EX/Decision/[Control]/Theory Skill Builder,wrong_response,2021-09-21 16:50:19.295000-04:00,775846745
PSAXTEE,1086000,PRA8FCK,1.0,,Matrix Addition N.VM.C.8 EX/Decision/[Control]/Theory Skill Builder,wrong_response,2021-09-21 16:50:25.009000-04:00,775846959
PSAXTEE,1086000,PRA8FCK,1.0,,Matrix Addition N.VM.C.8 EX/Decision/[Control]/Theory Skill Builder,wrong_response,2021-09-21 16:50:28.909000-04:00,775846960
PSAXTEE,1086000,PRA8FCK,1.0,,Matrix Addition N.VM.C.8 EX/Decision/[Control]/Theory Skill Builder,hint_requested,2021-09-21 16:50:33.391000-04:00,775847149
PSAXTEE,1086000,PRA8FCK,1.0,,Matrix Addition N.VM.C.8 EX/Decision/[Control]/Theory Skill Builder,answer_requested,2021-09-21 16:50:35.267000-04:00,775847150
PSAXTEE,1086000,PRA8FCK,1.0,,Matrix Addition N.VM.C.8 EX/Decision/[Control]/Theory Skill Builder,correct_response,2021-09-21 16:50:43.453000-04:00,775847335
PSAXTEE,1086000,PRA8FCK,1.0,,Matrix Addition N.VM.C.8 EX/Decision/[Control]/Theory Skill Builder,problem_finished,2021-09-21 16:50:43.461000-04:00,775847337
PSAXTEE,1086000,,,,Matrix Addition N.VM.C.8 EX/Decision/[Control]/Theory Skill Builder,continue_selected,2021-09-21 16:50:45.471000-04:00,775847338
PSAXTEE,1086000,PRA8FC6,1.0,,Matrix Addition N.VM.C.8 EX/Decision/[Control]/Theory Skill Builder,problem_started,2021-09-21 16:50:45.693000-04:00,775847339
PSAXTEE,1086000,PRA8FC6,1.0,,Matrix Addition N.VM.C.8 EX/Decision/[Control]/Theory Skill Builder,correct_response,2021-09-21 16:51:16.348000-04:00,775848187
PSAXTEE,1086000,PRA8FC6,1.0,,Matrix Addition N.VM.C.8 EX/Decision/[Control]/Theory Skill Builder,problem_finished,2021-09-21 16:51:16.355000-04:00,775848308
PSAXTEE,1086000,,,,Matrix Addition N.VM.C.8 EX/Decision/[Control]/Theory Skill Builder,continue_selected,2021-09-21 16:51:20.615000-04:00,775848309
PSAXTEE,1086000,PRA8FEK,1.0,,Matrix Addition N.VM.C.8 EX/Decision/[Control]/Theory Skill Builder,problem_started,2021-09-21 16:51:20.859000-04:00,775848310
PSAXTEE,1086000,PRA8FEK,1.0,,Matrix Addition N.VM.C.8 EX/Decision/[Control]/Theory Skill Builder,wrong_response,2021-09-21 16:51:42.787000-04:00,775848880
PSAXTEE,1086000,PRA8FEK,1.0,,Matrix Addition N.VM.C.8 EX/Decision/[Control]/Theory Skill Builder,wrong_response,2021-09-21 16:52:11.796000-04:00,775849632
PSAXTEE,1086000,PRA8FEK,1.0,,Matrix Addition N.VM.C.8 EX/Decision/[Control]/Theory Skill Builder,wrong_response,2021-09-21 16:52:16.636000-04:00,775849809
PSAXTEE,1086000,PRA8FEK,1.0,,Matrix Addition N.VM.C.8 EX/Decision/[Control]/Theory Skill Builder,hint_requested,2021-09-21 16:52:20.146000-04:00,775849812
PSAXTEE,1086000,PRA8FEK,1.0,,Matrix Addition N.VM.C.8 EX/Decision/[Control]/Theory Skill Builder,answer_requested,2021-09-21 16:52:21.272000-04:00,775849813
PSAXTEE,1086000,PRA8FEK,1.0,,Matrix Addition N.VM.C.8 EX/Decision/[Control]/Theory Skill Builder,correct_response,2021-09-21 16:52:25.316000-04:00,775849939
PSAXTEE,1086000,PRA8FEK,1.0,,Matrix Addition N.VM.C.8 EX/Decision/[Control]/Theory Skill Builder,problem_finished,2021-09-21 16:52:25.321000-04:00,775849940
PSAXTEE,1086000,,,,Matrix Addition N.VM.C.8 EX/Decision/[Control]/Theory Skill Builder,continue_selected,2021-09-21 16:52:26.947000-04:00,775849941
PSAXTEE,1086000,PRA8FCM,1.0,,Matrix Addition N.VM.C.8 EX/Decision/[Control]/Theory Skill Builder,problem_started,2021-09-21 16:52:27.153000-04:00,775849942
PSAXTEE,1086000,PRA8FCM,1.0,,Matrix Addition N.VM.C.8 EX/Decision/[Control]/Theory Skill Builder,wrong_response,2021-09-21 16:52:50.017000-04:00,775850440
PSAXTEE,1086000,PRA8FCM,1.0,,Matrix Addition N.VM.C.8 EX/Decision/[Control]/Theory Skill Builder,wrong_response,2021-09-21 16:52:58.647000-04:00,775850682
PSAXTEE,1086000,PRA8FCM,1.0,,Matrix Addition N.VM.C.8 EX/Decision/[Control]/Theory Skill Builder,wrong_response,2021-09-21 16:53:02.141000-04:00,775850943
PSAXTEE,1086000,PRA8FCM,1.0,,Matrix Addition N.VM.C.8 EX/Decision/[Control]/Theory Skill Builder,hint_requested,2021-09-21 16:53:05.279000-04:00,775850946
PSAXTEE,1086000,PRA8FCM,1.0,,Matrix Addition N.VM.C.8 EX/Decision/[Control]/Theory Skill Builder,answer_requested,2021-09-21 16:53:06.961000-04:00,775850947
PSAXTEE,1086000,PRA8FCM,1.0,,Matrix Addition N.VM.C.8 EX/Decision/[Control]/Theory Skill Builder,correct_response,2021-09-21 16:53:10.399000-04:00,775851065
PSAXTEE,1086000,PRA8FCM,1.0,,Matrix Addition N.VM.C.8 EX/Decision/[Control]/Theory Skill Builder,problem_finished,2021-09-21 16:53:10.405000-04:00,775851066
PSAXTEE,1086000,,,,Matrix Addition N.VM.C.8 EX/Decision/[Control],continue_selected,2021-09-21 16:53:13.475000-04:00,775851068
PSAXTEE,1086000,PRA88CW,1.0,,Matrix Addition N.VM.C.8 EX/Decision/[Control]/Real World Skill Builder,problem_started,2021-09-21 16:53:14.430000-04:00,775851070
PSAXTEE,1086000,PRA88CW,1.0,,Matrix Addition N.VM.C.8 EX/Decision/[Control]/Real World Skill Builder,wrong_response,2021-09-21 16:54:19.743000-04:00,775852650
PSAXTEE,1086000,PRA88CW,1.0,,Matrix Addition N.VM.C.8 EX/Decision/[Control]/Real World Skill Builder,correct_response,2021-09-21 16:55:55.361000-04:00,775854844
PSAXTEE,1086000,PRA88CW,1.0,,Matrix Addition N.VM.C.8 EX/Decision/[Control]/Real World Skill Builder,problem_finished,2021-09-21 16:55:55.367000-04:00,775854845
PSAXTEE,1086000,,,,Matrix Addition N.VM.C.8 EX/Decision/[Control]/Real World Skill Builder,continue_selected,2021-09-21 16:55:57.031000-04:00,775854846
PSAXTEE,1086000,PRA88EJ,1.0,,Matrix Addition N.VM.C.8 EX/Decision/[Control]/Real World Skill Builder,problem_started,2021-09-21 16:55:57.245000-04:00,775854847
PSAXTEE,1086000,PRA88EJ,1.0,,Matrix Addition N.VM.C.8 EX/Decision/[Control]/Real World Skill Builder,correct_response,2021-09-21 16:56:27.365000-04:00,775855512
PSAXTEE,1086000,PRA88EJ,1.0,,Matrix Addition N.VM.C.8 EX/Decision/[Control]/Real World Skill Builder,problem_finished,2021-09-21 16:56:27.377000-04:00,775855513
PSAXTEE,1086000,,,,Matrix Addition N.VM.C.8 EX/Decision/[Control]/Real World Skill Builder,continue_selected,2021-09-21 16:56:30.083000-04:00,775855551
PSAXTEE,1086000,PRA88CV,1.0,,Matrix Addition N.VM.C.8 EX/Decision/[Control]/Real World Skill Builder,problem_started,2021-09-21 16:56:30.338000-04:00,775855552
PSAXTEE,1086000,PRA88CV,1.0,,Matrix Addition N.VM.C.8 EX/Decision/[Control]/Real World Skill Builder,correct_response,2021-09-21 16:56:45.874000-04:00,775855853
PSAXTEE,1086000,PRA88CV,1.0,,Matrix Addition N.VM.C.8 EX/Decision/[Control]/Real World Skill Builder,problem_finished,2021-09-21 16:56:45.880000-04:00,775855888
PSAXTEE,1086000,,,,Matrix Addition N.VM.C.8 EX/Decision/[Control]/Real World Skill Builder,continue_selected,2021-09-21 16:56:47.658000-04:00,775855889
PSAXTEE,1086000,PRA88DN,1.0,,Matrix Addition N.VM.C.8 EX/Decision/[Control]/Real World Skill Builder,problem_started,2021-09-21 16:56:47.854000-04:00,775855890
PSAXTEE,1086000,PRA88DN,1.0,,Matrix Addition N.VM.C.8 EX/Decision/[Control]/Real World Skill Builder,correct_response,2021-09-21 16:57:11.067000-04:00,775856410
PSAXTEE,1086000,PRA88DN,1.0,,Matrix Addition N.VM.C.8 EX/Decision/[Control]/Real World Skill Builder,problem_finished,2021-09-21 16:57:11.073000-04:00,775856414
PSAXTEE,1086000,,,,,assignment_finished,2021-09-21 16:57:11.409000-04:00,775856426
PSAXTEE,1087615,,,,,assignment_started,2021-09-21 10:59:35.474000-04:00,775106630
PSAXTEE,1087615,PRA8FEC,1.0,,Matrix Addition N.VM.C.8 EX/Decision/[Control]/Theory Skill Builder,problem_started,2021-09-21 10:59:36.261000-04:00,775106635
PSAXTEE,1087615,PRA8FEC,1.0,,Matrix Addition N.VM.C.8 EX/Decision/[Control]/Theory Skill Builder,correct_response,2021-09-21 11:03:08.764000-04:00,775114320
PSAXTEE,1087615,PRA8FEC,1.0,,Matrix Addition N.VM.C.8 EX/Decision/[Control]/Theory Skill Builder,problem_finished,2021-09-21 11:03:08.771000-04:00,775114375
PSAXTEE,1087615,,,,Matrix Addition N.VM.C.8 EX/Decision/[Control]/Theory Skill Builder,continue_selected,2021-09-21 11:03:10.382000-04:00,775114376
PSAXTEE,1087615,PRA8FEN,1.0,,Matrix Addition N.VM.C.8 EX/Decision/[Control]/Theory Skill Builder,problem_started,2021-09-21 11:03:10.476000-04:00,775114377
PSAXTEE,1087615,PRA8FEN,1.0,,Matrix Addition N.VM.C.8 EX/Decision/[Control]/Theory Skill Builder,wrong_response,2021-09-21 11:04:37.791000-04:00,775117538
PSAXTEE,1087615,PRA8FEN,1.0,,Matrix Addition N.VM.C.8 EX/Decision/[Control]/Theory Skill Builder,wrong_response,2021-09-21 11:04:54.515000-04:00,775118195
PSAXTEE,1087615,PRA8FEN,1.0,,Matrix Addition N.VM.C.8 EX/Decision/[Control]/Theory Skill Builder,hint_requested,2021-09-21 11:04:59.379000-04:00,775118553
PSAXTEE,1087615,PRA8FEN,1.0,,Matrix Addition N.VM.C.8 EX/Decision/[Control]/Theory Skill Builder,answer_requested,2021-09-21 11:05:01.926000-04:00,775118554
PSAXTEE,1087615,PRA8FEN,1.0,,Matrix Addition N.VM.C.8 EX/Decision/[Control]/Theory Skill Builder,correct_response,2021-09-21 11:05:13.037000-04:00,775118807
PSAXTEE,1087615,PRA8FEN,1.0,,Matrix Addition N.VM.C.8 EX/Decision/[Control]/Theory Skill Builder,problem_finished,2021-09-21 11:05:13.041000-04:00,775118808
PSAXTEE,1087615,,,,Matrix Addition N.VM.C.8 EX/Decision/[Control]/Theory Skill Builder,continue_selected,2021-09-21 11:05:14.416000-04:00,775118809
PSAXTEE,1087615,PRA8FER,1.0,,Matrix Addition N.VM.C.8 EX/Decision/[Control]/Theory Skill Builder,problem_started,2021-09-21 11:05:14.528000-04:00,775118810
PSAXTEE,1087615,PRA8FER,1.0,,Matrix Addition N.VM.C.8 EX/Decision/[Control]/Theory Skill Builder,correct_response,2021-09-21 11:05:31.496000-04:00,775119418
PSAXTEE,1087615,PRA8FER,1.0,,Matrix Addition N.VM.C.8 EX/Decision/[Control]/Theory Skill Builder,problem_finished,2021-09-21 11:05:31.501000-04:00,775119467
PSAXTEE,1087615,,,,Matrix Addition N.VM.C.8 EX/Decision/[Control]/Theory Skill Builder,continue_selected,2021-09-21 11:05:32.686000-04:00,775119468
PSAXTEE,1087615,PRA8FC2,1.0,,Matrix Addition N.VM.C.8 EX/Decision/[Control]/Theory Skill Builder,problem_started,2021-09-21 11:05:32.767000-04:00,775119469
PSAXTEE,1087615,PRA8FC2,1.0,,Matrix Addition N.VM.C.8 EX/Decision/[Control]/Theory Skill Builder,correct_response,2021-09-21 11:05:51.756000-04:00,775120242
PSAXTEE,1087615,PRA8FC2,1.0,,Matrix Addition N.VM.C.8 EX/Decision/[Control]/Theory Skill Builder,problem_finished,2021-09-21 11:05:51.759000-04:00,775120322
PSAXTEE,1087615,,,,Matrix Addition N.VM.C.8 EX/Decision/[Control],continue_selected,2021-09-21 11:05:53.233000-04:00,775120324
PSAXTEE,1087615,PRA88DH,1.0,,Matrix Addition N.VM.C.8 EX/Decision/[Control]/Real World Skill Builder,problem_started,2021-09-21 11:05:53.621000-04:00,775120326
PSAXTEE,1087615,PRA88DH,1.0,,Matrix Addition N.VM.C.8 EX/Decision/[Control]/Real World Skill Builder,wrong_response,2021-09-21 11:10:26.446000-04:00,775129455
PSAXTEE,1087615,PRA88DH,1.0,,Matrix Addition N.VM.C.8 EX/Decision/[Control]/Real World Skill Builder,hint_requested,2021-09-21 11:10:35.161000-04:00,775129806
PSAXTEE,1087615,PRA88DH,1.0,,Matrix Addition N.VM.C.8 EX/Decision/[Control]/Real World Skill Builder,answer_requested,2021-09-21 11:10:36.234000-04:00,775129807
PSAXTEE,1087615,PRA88DH,1.0,,Matrix Addition N.VM.C.8 EX/Decision/[Control]/Real World Skill Builder,correct_response,2021-09-21 11:10:43.062000-04:00,775130078
PSAXTEE,1087615,PRA88DH,1.0,,Matrix Addition N.VM.C.8 EX/Decision/[Control]/Real World Skill Builder,problem_finished,2021-09-21 11:10:43.066000-04:00,775130079
PSAXTEE,1087615,,,,Matrix Addition N.VM.C.8 EX/Decision/[Control]/Real World Skill Builder,continue_selected,2021-09-21 11:10:44.147000-04:00,775130080
PSAXTEE,1087615,PRA88E5,1.0,,Matrix Addition N.VM.C.8 EX/Decision/[Control]/Real World Skill Builder,problem_started,2021-09-21 11:10:44.250000-04:00,775130081
PSAXTEE,1087615,PRA88E5,1.0,,Matrix Addition N.VM.C.8 EX/Decision/[Control]/Real World Skill Builder,wrong_response,2021-09-21 11:12:33.203000-04:00,775133626
PSAXTEE,1087615,PRA88E5,1.0,,Matrix Addition N.VM.C.8 EX/Decision/[Control]/Real World Skill Builder,wrong_response,2021-09-21 11:12:38.890000-04:00,775133974
PSAXTEE,1087615,PRA88E5,1.0,,Matrix Addition N.VM.C.8 EX/Decision/[Control]/Real World Skill Builder,wrong_response,2021-09-21 11:12:49.656000-04:00,775134398
PSAXTEE,1087615,PRA88E5,1.0,,Matrix Addition N.VM.C.8 EX/Decision/[Control]/Real World Skill Builder,hint_requested,2021-09-21 11:12:53.588000-04:00,775134744
PSAXTEE,1087615,PRA88E5,1.0,,Matrix Addition N.VM.C.8 EX/Decision/[Control]/Real World Skill Builder,answer_requested,2021-09-21 11:12:56.185000-04:00,775134745
PSAXTEE,1087615,PRA88E5,1.0,,Matrix Addition N.VM.C.8 EX/Decision/[Control]/Real World Skill Builder,correct_response,2021-09-21 11:13:10.564000-04:00,775135045
PSAXTEE,1087615,PRA88E5,1.0,,Matrix Addition N.VM.C.8 EX/Decision/[Control]/Real World Skill Builder,problem_finished,2021-09-21 11:13:10.568000-04:00,775135046
PSAXTEE,1087615,,,,Matrix Addition N.VM.C.8 EX/Decision/[Control]/Real World Skill Builder,continue_selected,2021-09-21 11:13:11.897000-04:00,775135047
PSAXTEE,1087615,PRA88CZ,1.0,,Matrix Addition N.VM.C.8 EX/Decision/[Control]/Real World Skill Builder,problem_started,2021-09-21 11:13:11.999000-04:00,775135048
PSAXTEE,1087615,PRA88CZ,1.0,,Matrix Addition N.VM.C.8 EX/Decision/[Control]/Real World Skill Builder,correct_response,2021-09-21 11:13:36.284000-04:00,775135815
PSAXTEE,1087615,PRA88CZ,1.0,,Matrix Addition N.VM.C.8 EX/Decision/[Control]/Real World Skill Builder,problem_finished,2021-09-21 11:13:36.287000-04:00,775135865
PSAXTEE,1087615,,,,Matrix Addition N.VM.C.8 EX/Decision/[Control]/Real World Skill Builder,continue_selected,2021-09-21 11:13:37.527000-04:00,775135866
PSAXTEE,1087615,PRA88DE,1.0,,Matrix Addition N.VM.C.8 EX/Decision/[Control]/Real World Skill Builder,problem_started,2021-09-21 11:13:37.616000-04:00,775135867
PSAXTEE,1087615,PRA88DE,1.0,,Matrix Addition N.VM.C.8 EX/Decision/[Control]/Real World Skill Builder,correct_response,2021-09-21 11:13:51.960000-04:00,775136332
PSAXTEE,1087615,PRA88DE,1.0,,Matrix Addition N.VM.C.8 EX/Decision/[Control]/Real World Skill Builder,problem_finished,2021-09-21 11:13:51.962000-04:00,775136373
PSAXTEE,1087615,,,,Matrix Addition N.VM.C.8 EX/Decision/[Control]/Real World Skill Builder,continue_selected,2021-09-21 11:13:53.134000-04:00,775136374
PSAXTEE,1087615,PRA88C8,1.0,,Matrix Addition N.VM.C.8 EX/Decision/[Control]/Real World Skill Builder,problem_started,2021-09-21 11:13:53.225000-04:00,775136376
PSAXTEE,1087615,PRA88C8,1.0,,Matrix Addition N.VM.C.8 EX/Decision/[Control]/Real World Skill Builder,correct_response,2021-09-21 11:14:12.721000-04:00,775136973
PSAXTEE,1087615,PRA88C8,1.0,,Matrix Addition N.VM.C.8 EX/Decision/[Control]/Real World Skill Builder,problem_finished,2021-09-21 11:14:12.724000-04:00,775136975
PSAXTEE,1087615,,,,,assignment_finished,2021-09-21 11:14:12.891000-04:00,775137025
PSAXTEE,1087616,,,,,assignment_started,2021-09-21 08:53:56.131000-04:00,774858351
PSAXTEE,1087616,PRA8FC3,1.0,,Matrix Addition N.VM.C.8 EX/Decision/[Control]/Theory Skill Builder,problem_started,2021-09-21 08:53:57.215000-04:00,774858356
PSAXTEE,1087616,PRA8FC3,1.0,,Matrix Addition N.VM.C.8 EX/Decision/[Control]/Theory Skill Builder,hint_requested,2021-09-21 08:54:16.072000-04:00,774858703
PSAXTEE,1087616,PRA8FC3,1.0,,Matrix Addition N.VM.C.8 EX/Decision/[Control]/Theory Skill Builder,answer_requested,2021-09-21 08:54:18.396000-04:00,774858917
PSAXTEE,1087616,PRA8FC3,1.0,,Matrix Addition N.VM.C.8 EX/Decision/[Control]/Theory Skill Builder,correct_response,2021-09-21 08:54:27.292000-04:00,774858981
PSAXTEE,1087616,PRA8FC3,1.0,,Matrix Addition N.VM.C.8 EX/Decision/[Control]/Theory Skill Builder,problem_finished,2021-09-21 08:54:27.297000-04:00,774858982
PSAXTEE,1087616,,,,Matrix Addition N.VM.C.8 EX/Decision/[Control]/Theory Skill Builder,continue_selected,2021-09-21 08:54:28.925000-04:00,774858983
PSAXTEE,1087616,PRA8FCQ,1.0,,Matrix Addition N.VM.C.8 EX/Decision/[Control]/Theory Skill Builder,problem_started,2021-09-21 08:54:29.014000-04:00,774858984
PSAXTEE,1088898,,,,,assignment_started,2021-09-21 14:22:35.765000-04:00,775566814
PSAXTEE,1088898,PRA88ED,1.0,,Matrix Addition N.VM.C.8 EX/Decision/[Treatment]/Real World Skill Builder,problem_started,2021-09-21 14:22:36.638000-04:00,775566821
PSAXTEE,1090107,,,,,assignment_started,2021-09-21 10:35:47.237000-04:00,775054216
PSAXTEE,1090107,PRA8FDW,1.0,,Matrix Addition N.VM.C.8 EX/Decision/[Control]/Theory Skill Builder,problem_started,2021-09-21 10:35:48.098000-04:00,775054221
PSAXTEE,1090107,PRA8FDW,1.0,,Matrix Addition N.VM.C.8 EX/Decision/[Control]/Theory Skill Builder,wrong_response,2021-09-21 10:36:56.241000-04:00,775056572
PSAXTEE,1090108,,,,,assignment_started,2021-09-21 10:36:10.775000-04:00,775055107
PSAXTEE,1090108,PRA8FC5,1.0,,Matrix Addition N.VM.C.8 EX/Decision/[Control]/Theory Skill Builder,problem_started,2021-09-21 10:36:11.549000-04:00,775055112
PSAXTEE,1090278,,,,,assignment_started,2021-09-21 11:33:18.716000-04:00,775183607
PSAXTEE,1090278,PRA88DS,1.0,,Matrix Addition N.VM.C.8 EX/Decision/[Treatment]/Real World Skill Builder,problem_started,2021-09-21 11:33:19.243000-04:00,775183612
PSAXTEE,1090503,,,,,assignment_started,2021-09-21 12:49:24.487000-04:00,775354190
PSAXTEE,1090503,PRA8FDZ,1.0,,Matrix Addition N.VM.C.8 EX/Decision/[Control]/Theory Skill Builder,problem_started,2021-09-21 12:49:25.631000-04:00,775354195
PSAXTEE,1090503,,,,,assignment_resumed,2021-09-21 13:30:28.103000-04:00,775445367
PSAXTEE,1090503,PRA8FDZ,1.0,,Matrix Addition N.VM.C.8 EX/Decision/[Control]/Theory Skill Builder,hint_requested,2021-09-21 13:32:11.372000-04:00,775450341
PSAXTEE,1090503,PRA8FDZ,1.0,,Matrix Addition N.VM.C.8 EX/Decision/[Control]/Theory Skill Builder,answer_requested,2021-09-21 13:32:23.218000-04:00,775451105
PSAXTEE,1090503,PRA8FDZ,1.0,,Matrix Addition N.VM.C.8 EX/Decision/[Control]/Theory Skill Builder,correct_response,2021-09-21 13:32:36.483000-04:00,775451371
PSAXTEE,1090503,PRA8FDZ,1.0,,Matrix Addition N.VM.C.8 EX/Decision/[Control]/Theory Skill Builder,problem_finished,2021-09-21 13:32:36.488000-04:00,775451372
PSAXTEE,1090503,,,,Matrix Addition N.VM.C.8 EX/Decision/[Control]/Theory Skill Builder,continue_selected,2021-09-21 13:32:37.650000-04:00,775451373
PSAXTEE,1090503,PRA8FEP,1.0,,Matrix Addition N.VM.C.8 EX/Decision/[Control]/Theory Skill Builder,problem_started,2021-09-21 13:32:37.811000-04:00,775451374
PSAXTEE,1090648,,,,,assignment_started,2021-09-21 13:12:52.575000-04:00,775400822
PSAXTEE,1090648,PRA8FEK,1.0,,Matrix Addition N.VM.C.8 EX/Decision/[Control]/Theory Skill Builder,problem_started,2021-09-21 13:12:53.384000-04:00,775400827
PSAXTEE,1090648,PRA8FEK,1.0,,Matrix Addition N.VM.C.8 EX/Decision/[Control]/Theory Skill Builder,hint_requested,2021-09-21 13:13:09.852000-04:00,775401356
PSAXTEE,1090648,PRA8FEK,1.0,,Matrix Addition N.VM.C.8 EX/Decision/[Control]/Theory Skill Builder,answer_requested,2021-09-21 13:13:21.437000-04:00,775402009
PSAXTEE,1090648,PRA8FEK,1.0,,Matrix Addition N.VM.C.8 EX/Decision/[Control]/Theory Skill Builder,correct_response,2021-09-21 13:13:25.956000-04:00,775402011
PSAXTEE,1090648,PRA8FEK,1.0,,Matrix Addition N.VM.C.8 EX/Decision/[Control]/Theory Skill Builder,problem_finished,2021-09-21 13:13:25.961000-04:00,775402012
PSAXTEE,1090648,,,,Matrix Addition N.VM.C.8 EX/Decision/[Control]/Theory Skill Builder,continue_selected,2021-09-21 13:13:28.520000-04:00,775402013
PSAXTEE,1090648,PRA8FEA,1.0,,Matrix Addition N.VM.C.8 EX/Decision/[Control]/Theory Skill Builder,problem_started,2021-09-21 13:13:28.615000-04:00,775402014
PSAXTEE,1090732,,,,,assignment_started,2021-09-21 13:58:46.317000-04:00,775507022
PSAXTEE,1090732,PRA8FDQ,1.0,,Matrix Addition N.VM.C.8 EX/Decision/[Control]/Theory Skill Builder,problem_started,2021-09-21 13:58:47.137000-04:00,775507027
PSAXTEE,1090734,,,,,assignment_started,2021-09-21 14:00:20.830000-04:00,775509605
PSAXTEE,1090734,PRA88E4,1.0,,Matrix Addition N.VM.C.8 EX/Decision/[Treatment]/Real World Skill Builder,problem_started,2021-09-21 14:00:21.528000-04:00,775509610
PSAXTEE,1090734,PRA88E4,1.0,,Matrix Addition N.VM.C.8 EX/Decision/[Treatment]/Real World Skill Builder,hint_requested,2021-09-21 14:01:34.526000-04:00,775511860
PSAXTEE,1090794,,,,,assignment_started,2021-09-21 14:06:10.428000-04:00,775521014
PSAXTEE,1090794,PRA88DA,1.0,,Matrix Addition N.VM.C.8 EX/Decision/[Treatment]/Real World Skill Builder,problem_started,2021-09-21 14:06:11.286000-04:00,775521019
PSAXTEE,1090794,PRA88DA,1.0,,Matrix Addition N.VM.C.8 EX/Decision/[Treatment]/Real World Skill Builder,wrong_response,2021-09-21 14:06:50.996000-04:00,775522618
PSAXTEE,1090794,PRA88DA,1.0,,Matrix Addition N.VM.C.8 EX/Decision/[Treatment]/Real World Skill Builder,wrong_response,2021-09-21 14:07:00.277000-04:00,775522981
PSAXTEE,1090794,PRA88DA,1.0,,Matrix Addition N.VM.C.8 EX/Decision/[Treatment]/Real World Skill Builder,hint_requested,2021-09-21 14:07:05.759000-04:00,775523306
PSAXTEE,1090794,PRA88DA,1.0,,Matrix Addition N.VM.C.8 EX/Decision/[Treatment]/Real World Skill Builder,wrong_response,2021-09-21 14:07:18.248000-04:00,775523654
PSAXTEE,1090794,PRA88DA,1.0,,Matrix Addition N.VM.C.8 EX/Decision/[Treatment]/Real World Skill Builder,wrong_response,2021-09-21 14:07:27.568000-04:00,775524014
PSAXTEE,1090794,PRA88DA,1.0,,Matrix Addition N.VM.C.8 EX/Decision/[Treatment]/Real World Skill Builder,answer_requested,2021-09-21 14:07:32.951000-04:00,775524375
PSAXTEE,1090794,PRA88DA,1.0,,Matrix Addition N.VM.C.8 EX/Decision/[Treatment]/Real World Skill Builder,correct_response,2021-09-21 14:07:42.679000-04:00,775524491
PSAXTEE,1090794,PRA88DA,1.0,,Matrix Addition N.VM.C.8 EX/Decision/[Treatment]/Real World Skill Builder,problem_finished,2021-09-21 14:07:42.687000-04:00,775524495
PSAXTEE,1090794,,,,Matrix Addition N.VM.C.8 EX/Decision/[Treatment]/Real World Skill Builder,continue_selected,2021-09-21 14:07:43.861000-04:00,775524497
PSAXTEE,1090794,PRA88CV,1.0,,Matrix Addition N.VM.C.8 EX/Decision/[Treatment]/Real World Skill Builder,problem_started,2021-09-21 14:07:43.957000-04:00,775524499
PSAXTEE,1090794,PRA88CV,1.0,,Matrix Addition N.VM.C.8 EX/Decision/[Treatment]/Real World Skill Builder,correct_response,2021-09-21 14:07:49.211000-04:00,775524655
PSAXTEE,1090794,PRA88CV,1.0,,Matrix Addition N.VM.C.8 EX/Decision/[Treatment]/Real World Skill Builder,problem_finished,2021-09-21 14:07:49.215000-04:00,775524720
PSAXTEE,1090794,,,,Matrix Addition N.VM.C.8 EX/Decision/[Treatment]/Real World Skill Builder,continue_selected,2021-09-21 14:07:50.713000-04:00,775524721
PSAXTEE,1090794,PRA88E5,1.0,,Matrix Addition N.VM.C.8 EX/Decision/[Treatment]/Real World Skill Builder,problem_started,2021-09-21 14:07:50.801000-04:00,775524722
PSAXTEE,1090794,PRA88E5,1.0,,Matrix Addition N.VM.C.8 EX/Decision/[Treatment]/Real World Skill Builder,correct_response,2021-09-21 14:09:32.383000-04:00,775528404
PSAXTEE,1090794,PRA88E5,1.0,,Matrix Addition N.VM.C.8 EX/Decision/[Treatment]/Real World Skill Builder,problem_finished,2021-09-21 14:09:32.386000-04:00,775528451
PSAXTEE,1090794,,,,Matrix Addition N.VM.C.8 EX/Decision/[Treatment],continue_selected,2021-09-21 14:09:33.378000-04:00,775528453
PSAXTEE,1090794,PRA8FCT,1.0,,Matrix Addition N.VM.C.8 EX/Decision/[Treatment]/Theory Skill Builder,problem_started,2021-09-21 14:09:33.733000-04:00,775528455
PSAXTEE,1090794,PRA8FCT,1.0,,Matrix Addition N.VM.C.8 EX/Decision/[Treatment]/Theory Skill Builder,wrong_response,2021-09-21 14:10:59.628000-04:00,775531800
PSAXTEE,1090794,PRA8FCT,1.0,,Matrix Addition N.VM.C.8 EX/Decision/[Treatment]/Theory Skill Builder,wrong_response,2021-09-21 14:11:06.392000-04:00,775532211
PSAXTEE,1090794,PRA8FCT,1.0,,Matrix Addition N.VM.C.8 EX/Decision/[Treatment]/Theory Skill Builder,wrong_response,2021-09-21 14:11:11.590000-04:00,775532657
PSAXTEE,1090794,PRA8FCT,1.0,,Matrix Addition N.VM.C.8 EX/Decision/[Treatment]/Theory Skill Builder,hint_requested,2021-09-21 14:11:14.861000-04:00,775532660
PSAXTEE,1090794,PRA8FCT,1.0,,Matrix Addition N.VM.C.8 EX/Decision/[Treatment]/Theory Skill Builder,answer_requested,2021-09-21 14:11:16.831000-04:00,775532661
PSAXTEE,1090794,PRA8FCT,1.0,,Matrix Addition N.VM.C.8 EX/Decision/[Treatment]/Theory Skill Builder,correct_response,2021-09-21 14:11:20.076000-04:00,775532699
PSAXTEE,1090794,PRA8FCT,1.0,,Matrix Addition N.VM.C.8 EX/Decision/[Treatment]/Theory Skill Builder,problem_finished,2021-09-21 14:11:20.080000-04:00,775532700
PSAXTEE,1090794,,,,Matrix Addition N.VM.C.8 EX/Decision/[Treatment]/Theory Skill Builder,continue_selected,2021-09-21 14:11:21.037000-04:00,775532702
PSAXTEE,1090794,PRA8FEH,1.0,,Matrix Addition N.VM.C.8 EX/Decision/[Treatment]/Theory Skill Builder,problem_started,2021-09-21 14:11:21.113000-04:00,775532704
PSAXTEE,1091308,,,,,assignment_started,2021-09-21 19:37:10.764000-04:00,776000253
PSAXTEE,1091308,PRA88DB,1.0,,Matrix Addition N.VM.C.8 EX/Decision/[Treatment]/Real World Skill Builder,problem_started,2021-09-21 19:37:11.606000-04:00,776000258
PSAXTEE,1091308,PRA88DB,1.0,,Matrix Addition N.VM.C.8 EX/Decision/[Treatment]/Real World Skill Builder,correct_response,2021-09-21 19:38:57.983000-04:00,776001697
PSAXTEE,1091308,PRA88DB,1.0,,Matrix Addition N.VM.C.8 EX/Decision/[Treatment]/Real World Skill Builder,problem_finished,2021-09-21 19:38:57.989000-04:00,776001760
PSAXTEE,1091308,,,,Matrix Addition N.VM.C.8 EX/Decision/[Treatment]/Real World Skill Builder,continue_selected,2021-09-21 19:39:01.176000-04:00,776001761
PSAXTEE,1091308,PRA88EV,1.0,,Matrix Addition N.VM.C.8 EX/Decision/[Treatment]/Real World Skill Builder,problem_started,2021-09-21 19:39:01.350000-04:00,776001762
PSAXTEE,1091308,PRA88EV,1.0,,Matrix Addition N.VM.C.8 EX/Decision/[Treatment]/Real World Skill Builder,correct_response,2021-09-21 19:40:12.568000-04:00,776002786
PSAXTEE,1091308,PRA88EV,1.0,,Matrix Addition N.VM.C.8 EX/Decision/[Treatment]/Real World Skill Builder,problem_finished,2021-09-21 19:40:12.571000-04:00,776002819
PSAXTEE,1091308,,,,Matrix Addition N.VM.C.8 EX/Decision/[Treatment],continue_selected,2021-09-21 19:40:14.927000-04:00,776002821
PSAXTEE,1091308,PRA8FCZ,1.0,,Matrix Addition N.VM.C.8 EX/Decision/[Treatment]/Theory Skill Builder,problem_started,2021-09-21 19:40:15.398000-04:00,776002823
PSAXTEE,1091308,PRA8FCZ,1.0,,Matrix Addition N.VM.C.8 EX/Decision/[Treatment]/Theory Skill Builder,hint_requested,2021-09-21 19:44:10.985000-04:00,776006276
PSAXTEE,1091308,PRA8FCZ,1.0,,Matrix Addition N.VM.C.8 EX/Decision/[Treatment]/Theory Skill Builder,answer_requested,2021-09-21 19:45:37.598000-04:00,776007660
PSAXTEE,1091308,PRA8FCZ,1.0,,Matrix Addition N.VM.C.8 EX/Decision/[Treatment]/Theory Skill Builder,correct_response,2021-09-21 19:45:54.162000-04:00,776007903
PSAXTEE,1091308,PRA8FCZ,1.0,,Matrix Addition N.VM.C.8 EX/Decision/[Treatment]/Theory Skill Builder,problem_finished,2021-09-21 19:45:54.165000-04:00,776007904
PSAXTEE,1091308,,,,Matrix Addition N.VM.C.8 EX/Decision/[Treatment]/Theory Skill Builder,continue_selected,2021-09-21 19:45:57.078000-04:00,776007905
PSAXTEE,1091308,PRA8FCE,1.0,,Matrix Addition N.VM.C.8 EX/Decision/[Treatment]/Theory Skill Builder,problem_started,2021-09-21 19:45:57.169000-04:00,776007906
PSAXTEE,1091308,PRA8FCE,1.0,,Matrix Addition N.VM.C.8 EX/Decision/[Treatment]/Theory Skill Builder,wrong_response,2021-09-21 19:46:51.718000-04:00,776008694
PSAXTEE,1091308,PRA8FCE,1.0,,Matrix Addition N.VM.C.8 EX/Decision/[Treatment]/Theory Skill Builder,wrong_response,2021-09-21 19:47:30.776000-04:00,776009142
PSAXTEE,1091308,PRA8FCE,1.0,,Matrix Addition N.VM.C.8 EX/Decision/[Treatment]/Theory Skill Builder,wrong_response,2021-09-21 19:47:45.370000-04:00,776009430
PSAXTEE,1091308,PRA8FCE,1.0,,Matrix Addition N.VM.C.8 EX/Decision/[Treatment]/Theory Skill Builder,hint_requested,2021-09-21 19:47:49.710000-04:00,776009433
PSAXTEE,1091308,PRA8FCE,1.0,,Matrix Addition N.VM.C.8 EX/Decision/[Treatment]/Theory Skill Builder,answer_requested,2021-09-21 19:47:52.626000-04:00,776009561
PSAXTEE,1091308,PRA8FCE,1.0,,Matrix Addition N.VM.C.8 EX/Decision/[Treatment]/Theory Skill Builder,correct_response,2021-09-21 19:47:58.300000-04:00,776009563
PSAXTEE,1091308,PRA8FCE,1.0,,Matrix Addition N.VM.C.8 EX/Decision/[Treatment]/Theory Skill Builder,problem_finished,2021-09-21 19:47:58.303000-04:00,776009564
PSAXTEE,1091308,,,,Matrix Addition N.VM.C.8 EX/Decision/[Treatment]/Theory Skill Builder,continue_selected,2021-09-21 19:48:02.055000-04:00,776009571
PSAXTEE,1091308,PRA8FDG,1.0,,Matrix Addition N.VM.C.8 EX/Decision/[Treatment]/Theory Skill Builder,problem_started,2021-09-21 19:48:02.158000-04:00,776009574
