model,ref_estimator,dataset,horizon,ate_mae_mean,ate_rmse_mean,cate_mae_mean,value_abs_error,regret_error,n_t0,n_subgroups,policy_supported,policy_skip_reason
scm,gformula,oulad,5,0.0005418581386838553,0.0006880410918870184,0.0005236908491711885,0.430102339014411,0.42964507520198825,3,3,1.0,
rcgan,gformula,oulad,5,0.0005940792434152298,0.0009454145473729121,0.0005859867848509066,0.4233875080943107,0.42300458312034606,3,3,1.0,
vae,gformula,oulad,5,0.006248996455788247,0.008466337229456493,0.006234622517296923,0.4058771601319313,0.42132446885108943,3,3,1.0,
diffusion,gformula,oulad,5,0.015364774216825604,0.02315618938268589,0.016805050744126762,,,3,3,0.0,Diffusion does not support closed-loop policy rollouts.
crn,gformula,oulad,5,0.007017776785613272,0.011454653599078853,0.007079151845391884,0.3961752203851938,0.41420788049697876,3,3,1.0,
timegan,gformula,oulad,5,0.0047801831063210495,0.010563851732093428,0.004753564523697518,0.4078222120553255,0.4192767411470413,3,3,1.0,
