experiment_id,student_id,release_date,due_date,start_time,end_time,assignment_session_count,pretest_problem_count,pretest_correct,pretest_time_on_task,pretest_average_first_response_time,pretest_session_count,assigned_condition,condition_time_on_task,condition_average_first_response_or_request_time,condition_problem_count,condition_total_correct,condition_total_correct_after_wrong_response,condition_total_correct_after_tutoring,condition_total_answers_before_tutoring,condition_total_attempt_count,condition_total_hints_available,condition_total_hints_given,condition_total_scaffold_problems_available,condition_total_scaffold_problems_given,condition_total_explanations_available,condition_total_explanations_given,condition_total_answers_given,condition_session_count,posttest_problem_count,posttest_correct,posttest_time_on_task,posttest_average_first_response_time,posttest_session_count,assistments_reference_assignment_log_id
PSA59TQ,10408,2020-11-20 08:26:02.117000-05:00,,2020-11-20 11:58:04.970000-05:00,2020-11-20 12:09:36.166000-05:00,1,,,,,,Control 1,315.289,105.089,3.0,3.0,,,3.0,3.0,3.0,0.0,0.0,0.0,0.0,0.0,0.0,1.0,4.0,4.0,252.664,63.15925,1.0,10156566
PSA59TQ,16495,2020-11-20 08:26:02.114000-05:00,,2020-12-11 09:59:42.642000-05:00,2020-12-11 10:04:25.665000-05:00,1,,,,,,Treatment 2,104.551,26.13075,4.0,4.0,,,4.0,4.0,3.0,0.0,0.0,0.0,0.0,0.0,0.0,1.0,4.0,4.0,126.486,31.61525,1.0,11111080
PSA59TQ,49848,2020-10-05 09:46:00-04:00,2020-10-07 09:48:00-04:00,2020-10-05 10:14:09.137000-04:00,,1,,,,,,Control 2,2433.727,208.203777777778,10.0,1.0,1.0,1.0,3.0,12.0,10.0,7.0,0.0,0.0,0.0,0.0,7.0,1.0,,,,,,7080696
PSA59TQ,50116,2020-10-05 09:46:00-04:00,2020-10-07 09:48:00-04:00,2020-10-05 10:14:23.486000-04:00,2020-10-05 10:43:39.655000-04:00,1,,,,,,Treatment 3,1179.073,61.2182142857143,14.0,9.0,4.0,1.0,14.0,20.0,11.0,1.0,0.0,0.0,0.0,0.0,0.0,1.0,4.0,1.0,324.043,34.28,1.0,7080746
PSA59TQ,75264,2020-05-01 13:25:00-04:00,,2020-05-04 10:32:15.202000-04:00,,1,,,,,,Control 3,212.481,70.8056666666667,3.0,3.0,,,3.0,3.0,3.0,0.0,0.0,0.0,0.0,0.0,0.0,1.0,2.0,1.0,5.121,5.112,1.0,2773686
PSA59TQ,75615,2020-05-01 13:25:00-04:00,,2020-05-01 13:30:07.298000-04:00,2020-05-01 13:35:01.549000-04:00,1,,,,,,Treatment 2,181.762,45.432,4.0,4.0,,,4.0,4.0,3.0,0.0,0.0,0.0,0.0,0.0,0.0,1.0,4.0,4.0,79.841,19.95475,1.0,2729590
PSA59TQ,98159,2020-10-26 21:14:29.967000-04:00,,2020-12-09 16:10:45.503000-05:00,2020-12-09 16:23:05.294000-05:00,1,,,,,,Control 1,541.854,48.633,8.0,5.0,3.0,1.0,8.0,11.0,8.0,1.0,0.0,0.0,0.0,0.0,1.0,1.0,4.0,4.0,169.701,42.422,1.0,11004529
PSA59TQ,144751,2020-09-28 07:50:00-04:00,2020-10-04 23:52:00-04:00,2020-10-22 09:51:46.238000-04:00,2020-10-22 09:58:40.887000-04:00,1,,,,,,Control 2,124.586,41.5236666666667,3.0,3.0,,,3.0,3.0,3.0,0.0,0.0,0.0,0.0,0.0,0.0,1.0,4.0,3.0,246.21,55.7155,1.0,8333843
PSA59TQ,152524,2021-08-16 11:42:46.548000-04:00,2021-08-20 03:00:00-04:00,2021-08-16 14:25:12.438000-04:00,2021-08-16 14:28:31.299000-04:00,1,,,,,,Control 1,34.08,11.3536666666667,3.0,3.0,,,3.0,3.0,3.0,0.0,0.0,0.0,0.0,0.0,0.0,1.0,4.0,2.0,142.625,10.00225,1.0,16823039
PSA59TQ,154098,2021-08-16 11:42:46.545000-04:00,2021-08-20 03:00:00-04:00,2021-08-17 13:57:51.751000-04:00,2021-08-17 14:15:23.835000-04:00,2,,,,,,Treatment 2,956.891,143.08,6.0,4.0,1.0,,6.0,8.0,5.0,0.0,0.0,0.0,0.0,0.0,0.0,2.0,4.0,4.0,70.818,17.699,1.0,16831861
PSA59TQ,159426,2020-09-28 07:50:00-04:00,2020-10-04 23:52:00-04:00,2020-09-30 17:01:20.966000-04:00,2020-09-30 17:06:51.198000-04:00,1,,,,,,Treatment 3,89.197,22.289,4.0,4.0,,,4.0,4.0,3.0,0.0,0.0,0.0,0.0,0.0,0.0,1.0,4.0,2.0,219.16,37.545,1.0,6827960
PSA59TQ,159765,2020-09-28 07:50:00-04:00,2020-10-04 23:52:00-04:00,2020-12-21 08:22:21.792000-05:00,2020-12-21 08:25:50.759000-05:00,1,,,,,,Treatment 3,87.809,21.94575,4.0,4.0,,,4.0,4.0,3.0,0.0,0.0,0.0,0.0,0.0,0.0,1.0,4.0,4.0,58.025,14.5005,1.0,11468836
PSA59TQ,161597,2021-01-04 14:50:51.399000-05:00,2021-01-10 00:00:00-05:00,2021-01-06 15:30:17.506000-05:00,2021-01-06 16:01:28.011000-05:00,1,,,,,,Control 3,1444.853,174.3874,5.0,3.0,1.0,0.0,4.0,8.0,5.0,1.0,0.0,0.0,0.0,0.0,1.0,1.0,4.0,4.0,148.137,37.022,1.0,11694825
PSA59TQ,161749,2020-09-28 07:50:00-04:00,2020-10-04 23:52:00-04:00,2020-09-29 15:37:32.946000-04:00,2020-09-29 15:44:52.471000-04:00,1,,,,,,Treatment 2,130.484,24.7454,5.0,4.0,1.0,,5.0,6.0,4.0,0.0,0.0,0.0,0.0,0.0,0.0,1.0,4.0,3.0,158.092,35.6805,1.0,6699648
PSA59TQ,162189,2020-09-28 07:50:00-04:00,2020-10-04 23:52:00-04:00,2020-09-28 14:40:11.855000-04:00,2020-09-28 14:52:16.214000-04:00,1,,,,,,Control 1,507.235,169.058666666667,3.0,3.0,,,3.0,3.0,3.0,0.0,0.0,0.0,0.0,0.0,0.0,1.0,4.0,4.0,152.891,38.2175,1.0,6567030
PSA59TQ,162289,2020-09-28 07:50:00-04:00,2020-10-04 23:52:00-04:00,2020-09-28 14:47:19.857000-04:00,2020-09-29 16:27:05.775000-04:00,2,,,,,,Treatment 3,92177.659,13159.579,7.0,5.0,2.0,,7.0,9.0,6.0,0.0,0.0,0.0,0.0,0.0,0.0,2.0,4.0,4.0,137.41,34.3485,1.0,6568268
PSA59TQ,162672,2020-09-28 07:50:00-04:00,2020-10-04 23:52:00-04:00,2020-09-28 15:34:06.859000-04:00,,1,,,,,,Treatment 3,591.429,132.682,5.0,3.0,1.0,,4.0,5.0,4.0,0.0,0.0,0.0,0.0,0.0,0.0,1.0,,,,,,6576003
PSA59TQ,162689,2020-09-28 07:50:00-04:00,2020-10-04 23:52:00-04:00,2020-09-29 16:48:02.684000-04:00,2020-09-29 16:55:17.463000-04:00,1,,,,,,Control 2,83.4,27.7963333333333,3.0,3.0,,,3.0,3.0,3.0,0.0,0.0,0.0,0.0,0.0,0.0,1.0,4.0,4.0,300.496,75.12075,1.0,6708275
PSA59TQ,162826,2020-09-28 07:50:00-04:00,2020-10-04 23:52:00-04:00,2020-09-28 15:10:00.831000-04:00,2020-09-28 15:34:55.693000-04:00,1,,,,,,Treatment 3,1243.808,156.852857142857,7.0,4.0,1.0,1.0,7.0,11.0,6.0,2.0,0.0,0.0,0.0,0.0,2.0,1.0,4.0,4.0,127.113,31.77525,1.0,6572365
PSA59TQ,162896,2020-09-28 07:50:00-04:00,2020-10-04 23:52:00-04:00,2020-09-30 15:44:57.272000-04:00,2020-09-30 15:53:26.082000-04:00,1,,,,,,Control 3,177.967,59.32,3.0,3.0,,,3.0,3.0,3.0,0.0,0.0,0.0,0.0,0.0,0.0,1.0,4.0,3.0,288.565,55.905,1.0,6820070
PSA59TQ,163130,2020-09-28 07:50:00-04:00,2020-10-04 23:52:00-04:00,2020-10-01 07:00:59.801000-04:00,2020-10-02 12:10:30.201000-04:00,4,,,,,,Control 2,329.661,33.601,6.0,5.0,1.0,1.0,6.0,11.0,6.0,1.0,0.0,0.0,0.0,0.0,1.0,1.0,4.0,3.0,150.592,35.10525,1.0,6846467
PSA59TQ,163278,2020-09-28 07:50:00-04:00,2020-10-04 23:52:00-04:00,2020-09-28 15:17:04.365000-04:00,2020-09-28 15:39:15.156000-04:00,1,,,,,,Treatment 3,933.393,87.9057777777778,9.0,7.0,2.0,,9.0,12.0,7.0,0.0,0.0,0.0,0.0,0.0,0.0,1.0,4.0,4.0,256.375,64.089,1.0,6573481
PSA59TQ,163405,2021-01-04 14:50:51.401000-05:00,2021-01-10 00:00:00-05:00,2021-01-04 15:35:52.618000-05:00,2021-01-04 15:54:02.051000-05:00,1,,,,,,Treatment 3,547.812,136.9465,4.0,4.0,,,4.0,4.0,3.0,0.0,0.0,0.0,0.0,0.0,0.0,1.0,4.0,3.0,506.806,96.30575,1.0,11552159
PSA59TQ,164064,2021-01-04 14:50:51.399000-05:00,2021-01-10 00:00:00-05:00,2021-02-26 12:26:38.833000-05:00,,1,,,,,,Control 3,,,1.0,,,,,0.0,1.0,0.0,0.0,0.0,0.0,0.0,0.0,1.0,,,,,,13988153
PSA59TQ,164159,2020-09-28 07:50:00-04:00,2020-10-04 23:52:00-04:00,2020-09-29 09:06:44.949000-04:00,,1,,,,,,Not Assigned,,,,,,,,,,,,,,,,,,,,,,6611683
PSA59TQ,164218,2020-09-28 07:50:00-04:00,2020-10-04 23:52:00-04:00,2020-09-28 15:43:17.395000-04:00,2020-09-29 15:53:44.389000-04:00,2,,,,,,Control 2,754.475,108.927,6.0,5.0,1.0,,6.0,7.0,6.0,0.0,0.0,0.0,0.0,0.0,0.0,2.0,4.0,3.0,249.92,54.53275,1.0,6577239
PSA59TQ,164585,2020-09-28 07:50:00-04:00,2020-10-04 23:52:00-04:00,2020-09-29 19:38:53.939000-04:00,2020-09-29 19:55:44.964000-04:00,1,,,,,,Treatment 2,356.117,89.025,4.0,4.0,,,4.0,4.0,3.0,0.0,0.0,0.0,0.0,0.0,0.0,1.0,4.0,4.0,599.079,149.766,1.0,6719150
PSA59TQ,164646,2020-09-28 07:50:00-04:00,2020-10-04 23:52:00-04:00,2020-09-28 15:54:32.580000-04:00,,1,,,,,,Control 3,352.377,117.452666666667,3.0,3.0,,,3.0,3.0,3.0,0.0,0.0,0.0,0.0,0.0,0.0,1.0,1.0,,,,1.0,6578636
PSA59TQ,165174,2020-09-28 07:50:00-04:00,2020-10-04 23:52:00-04:00,2020-10-05 18:01:36.762000-04:00,,1,,,,,,Treatment 2,231.905,35.614,4.0,1.0,1.0,1.0,3.0,6.0,3.0,2.0,0.0,0.0,0.0,0.0,2.0,1.0,,,,,,7159978
PSA59TQ,166535,2020-09-28 07:50:00-04:00,2020-10-04 23:52:00-04:00,2020-09-30 20:31:35.385000-04:00,2020-09-30 20:39:48.079000-04:00,1,,,,,,Treatment 2,300.67,25.6452857142857,7.0,6.0,1.0,,7.0,8.0,6.0,0.0,0.0,0.0,0.0,0.0,0.0,1.0,4.0,4.0,81.614,20.398,1.0,6838816
PSA59TQ,167023,2020-11-16 08:50:00-05:00,2020-11-23 00:59:00-05:00,2020-11-16 09:33:52.242000-05:00,2020-11-16 10:16:38.028000-05:00,1,,,,,,Treatment 2,2019.899,198.063777777778,9.0,7.0,2.0,,9.0,11.0,7.0,0.0,0.0,0.0,0.0,0.0,0.0,1.0,4.0,3.0,466.023,100.40025,1.0,9774235
PSA59TQ,168562,2020-09-28 07:50:00-04:00,2020-10-04 23:52:00-04:00,2020-09-28 15:04:12.166000-04:00,2020-09-28 15:43:42.128000-04:00,1,,,,,,Treatment 1,1419.696,89.3235714285714,7.0,5.0,1.0,,7.0,9.0,6.0,0.0,0.0,0.0,0.0,0.0,0.0,1.0,4.0,3.0,884.024,202.14325,1.0,6571394
PSA59TQ,170211,2020-11-16 08:50:00-05:00,2020-11-23 00:59:00-05:00,2020-11-20 14:56:01.561000-05:00,2020-11-22 18:39:06.188000-05:00,1,,,,,,Treatment 1,534.981,52.4218571428571,7.0,5.0,2.0,1.0,7.0,10.0,6.0,1.0,0.0,0.0,0.0,0.0,0.0,1.0,4.0,3.0,185593.043,46396.45725,1.0,10179142
PSA59TQ,171867,2020-09-28 07:50:00-04:00,2020-10-04 23:52:00-04:00,2020-10-04 18:47:45.035000-04:00,2020-10-04 18:54:37.310000-04:00,1,,,,,,Control 2,128.711,42.899,3.0,3.0,,,3.0,3.0,3.0,0.0,0.0,0.0,0.0,0.0,0.0,1.0,4.0,4.0,260.032,65.0035,1.0,7057210
PSA59TQ,171983,2020-11-16 08:50:00-05:00,2020-11-23 00:59:00-05:00,2020-11-17 16:29:48.365000-05:00,2020-11-17 17:12:50.829000-05:00,1,,,,,,Treatment 3,1712.434,108.863307692308,13.0,10.0,3.0,2.0,13.0,18.0,10.0,2.0,0.0,0.0,0.0,0.0,0.0,1.0,4.0,3.0,754.576,186.74575,1.0,9941730
PSA59TQ,173193,2020-09-28 07:50:00-04:00,2020-10-04 23:52:00-04:00,2020-09-29 12:10:54.400000-04:00,,1,,,,,,Not Assigned,,,,,,,,,,,,,,,,,,,,,,6653652
PSA59TQ,173524,2020-09-28 07:50:00-04:00,2020-10-04 23:52:00-04:00,2020-09-28 15:38:33.119000-04:00,2020-12-10 17:18:11.631000-05:00,2,,,,,,Treatment 3,6316504.87,1579126.211,4.0,4.0,,,4.0,4.0,3.0,0.0,0.0,0.0,0.0,0.0,0.0,2.0,4.0,4.0,231.296,57.8095,1.0,6576676
PSA59TQ,174881,2020-11-16 08:50:00-05:00,2020-11-23 00:59:00-05:00,2020-11-17 18:34:17.553000-05:00,2020-11-17 19:12:35.365000-05:00,1,,,,,,Control 1,546.32,100.2208,5.0,4.0,1.0,,5.0,6.0,5.0,0.0,0.0,0.0,0.0,0.0,0.0,1.0,4.0,4.0,1482.267,370.56125,1.0,9948538
PSA59TQ,175297,2020-11-16 08:50:00-05:00,2020-11-23 00:59:00-05:00,2020-11-23 13:01:49.002000-05:00,2020-11-23 14:44:47.679000-05:00,2,,,,,,Control 3,1129.816,61.5506363636364,11.0,8.0,3.0,2.0,11.0,17.0,11.0,2.0,0.0,0.0,0.0,0.0,1.0,1.0,4.0,1.0,510.36,67.44425,1.0,10228557
PSA59TQ,177221,2020-09-28 07:50:00-04:00,2020-10-04 23:52:00-04:00,2020-09-30 17:06:21.238000-04:00,2020-09-30 17:23:32.970000-04:00,1,,,,,,Control 2,714.418,54.1535454545455,11.0,6.0,3.0,2.0,9.0,15.0,11.0,3.0,0.0,0.0,0.0,0.0,3.0,1.0,4.0,3.0,258.001,61.424,1.0,6828361
PSA59TQ,179275,2020-09-28 07:50:00-04:00,2020-10-04 23:52:00-04:00,2020-09-28 16:38:07.422000-04:00,2020-09-28 17:04:43.265000-04:00,1,,,,,,Control 3,1306.247,112.471142857143,7.0,4.0,2.0,1.0,7.0,14.0,7.0,2.0,0.0,0.0,0.0,0.0,0.0,1.0,4.0,4.0,247.304,61.82275,1.0,6583528
PSA59TQ,179437,2020-11-16 08:50:00-05:00,2020-11-23 00:59:00-05:00,2020-11-17 16:37:52.124000-05:00,2020-11-17 16:45:25.544000-05:00,1,,,,,,Treatment 2,285.145,27.1016666666667,6.0,4.0,1.0,1.0,6.0,9.0,5.0,1.0,0.0,0.0,0.0,0.0,0.0,1.0,4.0,4.0,97.853,24.453,1.0,9942328
PSA59TQ,180993,2020-11-16 08:50:00-05:00,2020-11-23 00:59:00-05:00,2020-11-17 08:56:06.918000-05:00,2020-11-17 09:37:51.154000-05:00,1,,,,,,Control 3,2137.47,154.064,10.0,4.0,1.0,1.0,9.0,19.0,10.0,4.0,0.0,0.0,0.0,0.0,4.0,1.0,4.0,3.0,215.023,51.88675,1.0,9862359
PSA59TQ,180999,2020-11-16 08:50:00-05:00,2020-11-23 00:59:00-05:00,2020-11-17 11:41:51.367000-05:00,2020-11-17 11:53:15.929000-05:00,1,,,,,,Control 1,263.104,87.6896666666667,3.0,3.0,,,3.0,3.0,3.0,0.0,0.0,0.0,0.0,0.0,0.0,1.0,4.0,2.0,383.574,88.59575,1.0,9892322
PSA59TQ,181258,2020-09-28 07:50:00-04:00,2020-10-04 23:52:00-04:00,2020-09-28 15:07:08.348000-04:00,2020-09-28 15:13:55.061000-04:00,1,,,,,,Treatment 1,249.091,62.2675,4.0,4.0,,,4.0,4.0,3.0,0.0,0.0,0.0,0.0,0.0,0.0,1.0,4.0,3.0,125.004,18.318,1.0,6571894
PSA59TQ,183055,2020-05-26 08:00:00-04:00,,2020-05-26 12:32:28.382000-04:00,2020-05-26 12:39:18.245000-04:00,1,,,,,,Treatment 1,197.915,49.4515,4.0,4.0,,,4.0,4.0,3.0,0.0,0.0,0.0,0.0,0.0,0.0,1.0,4.0,3.0,165.298,37.11075,1.0,3602395
PSA59TQ,183415,2020-05-26 08:00:00-04:00,,2020-05-26 08:09:09.709000-04:00,2020-05-26 08:20:38.342000-04:00,1,,,,,,Control 1,437.941,145.954333333333,3.0,3.0,,,3.0,3.0,3.0,0.0,0.0,0.0,0.0,0.0,0.0,1.0,4.0,4.0,133.6,33.38375,1.0,3585484
PSA59TQ,183575,2020-05-26 08:00:00-04:00,,2020-05-26 10:04:43.079000-04:00,2020-05-26 12:12:21.350000-04:00,5,,,,,,Control 3,4860.741,1620.22533333333,3.0,3.0,,,3.0,3.0,3.0,0.0,0.0,0.0,0.0,0.0,0.0,2.0,4.0,4.0,442.549,110.621,2.0,3591571
PSA59TQ,183617,2020-05-26 08:00:00-04:00,,2020-05-26 09:30:46.167000-04:00,2020-05-26 11:53:47.844000-04:00,2,,,,,,Control 1,8095.633,2698.535,3.0,3.0,,,3.0,3.0,3.0,0.0,0.0,0.0,0.0,0.0,0.0,2.0,4.0,4.0,388.955,97.23175,1.0,3589183
PSA59TQ,184178,2020-05-26 08:00:00-04:00,,2020-05-27 08:10:07.871000-04:00,2020-05-27 08:16:11.656000-04:00,1,,,,,,Treatment 1,261.54,17.2999,10.0,7.0,3.0,2.0,10.0,14.0,8.0,2.0,0.0,0.0,0.0,0.0,2.0,1.0,4.0,4.0,48.016,11.99825,1.0,3622262
PSA59TQ,184273,2020-11-16 08:50:00-05:00,2020-11-23 00:59:00-05:00,2020-11-19 10:10:51.233000-05:00,,1,,,,,,Treatment 1,,,1.0,,,,,0.0,1.0,0.0,0.0,0.0,0.0,0.0,0.0,1.0,,,,,,10055499
PSA59TQ,184985,2020-05-26 08:00:00-04:00,,2020-06-06 16:19:17.393000-04:00,2020-06-06 16:27:07.720000-04:00,1,,,,,,Treatment 2,240.412,60.098,4.0,4.0,,,4.0,4.0,3.0,0.0,0.0,0.0,0.0,0.0,0.0,1.0,4.0,3.0,203.637,32.883,1.0,3834312
PSA59TQ,187043,2020-05-26 08:00:00-04:00,,2020-05-26 10:59:49.493000-04:00,2020-05-26 11:06:33.078000-04:00,1,,,,,,Treatment 3,161.481,22.6238333333333,6.0,5.0,1.0,1.0,6.0,7.0,5.0,1.0,0.0,0.0,0.0,0.0,1.0,1.0,4.0,4.0,161.811,40.44025,1.0,3595629
PSA59TQ,187533,2020-05-26 08:00:00-04:00,,2020-05-26 10:51:31.894000-04:00,2020-05-26 10:59:44.482000-04:00,1,,,,,,Treatment 1,236.801,59.191,4.0,4.0,,,4.0,4.0,3.0,0.0,0.0,0.0,0.0,0.0,0.0,1.0,4.0,3.0,209.051,43.72425,1.0,3595042
PSA59TQ,187917,2020-05-26 08:00:00-04:00,,2020-05-26 10:10:52.717000-04:00,,2,,,,,,Control 3,809.946,106.892666666667,7.0,3.0,2.0,,6.0,9.0,7.0,1.0,0.0,0.0,0.0,0.0,1.0,2.0,,,,,,3592012
PSA59TQ,189581,2020-05-26 08:00:00-04:00,,2020-05-26 09:02:32.799000-04:00,2020-05-26 09:13:12.548000-04:00,1,,,,,,Treatment 1,383.126,95.7785,4.0,4.0,,,4.0,4.0,3.0,0.0,0.0,0.0,0.0,0.0,0.0,1.0,4.0,4.0,218.572,54.63975,1.0,3587365
PSA59TQ,190280,2020-12-30 15:04:21.880000-05:00,2021-01-31 15:06:00-05:00,2021-01-28 07:34:02.035000-05:00,2021-01-28 07:44:57.407000-05:00,1,,,,,,Control 2,440.949,42.7538333333333,6.0,5.0,1.0,,6.0,8.0,6.0,0.0,0.0,0.0,0.0,0.0,0.0,1.0,4.0,4.0,172.884,43.2185,1.0,12721791
PSA59TQ,191304,2020-12-30 15:04:21.878000-05:00,2021-01-31 15:06:00-05:00,2021-01-14 10:13:19.532000-05:00,2021-01-14 10:21:31.422000-05:00,1,,,,,,Treatment 3,235.062,58.7535,4.0,4.0,,,4.0,4.0,3.0,0.0,0.0,0.0,0.0,0.0,0.0,1.0,4.0,3.0,214.882,31.0735,1.0,12098195
PSA59TQ,192347,2020-05-26 08:00:00-04:00,,2020-05-26 13:22:23.231000-04:00,2020-05-26 13:35:23.839000-04:00,1,,,,,,Treatment 3,567.128,141.77625,4.0,4.0,,,4.0,4.0,3.0,0.0,0.0,0.0,0.0,0.0,0.0,1.0,4.0,3.0,119.201,21.71475,1.0,3605845
PSA59TQ,193103,2021-08-16 11:42:46.548000-04:00,2021-08-20 03:00:00-04:00,2021-08-16 16:51:10.034000-04:00,2021-08-16 17:00:39.814000-04:00,1,,,,,,Treatment 3,251.893,62.956,4.0,4.0,,,4.0,4.0,3.0,0.0,0.0,0.0,0.0,0.0,0.0,1.0,4.0,4.0,93.976,23.47875,1.0,16824731
PSA59TQ,194155,2020-11-16 07:51:00-05:00,2020-11-16 14:45:00-05:00,2020-11-16 13:35:46.560000-05:00,,1,,,,,,Control 1,265.202,59.3815,5.0,3.0,1.0,1.0,3.0,4.0,5.0,1.0,0.0,0.0,0.0,0.0,1.0,1.0,,,,,,9817380
PSA59TQ,194291,2020-11-16 07:51:00-05:00,2020-11-16 14:45:00-05:00,2020-11-16 08:33:08.004000-05:00,2020-11-16 08:36:44.169000-05:00,1,,,,,,Control 1,93.175,31.054,3.0,3.0,,,3.0,3.0,3.0,0.0,0.0,0.0,0.0,0.0,0.0,1.0,4.0,3.0,96.381,21.58225,1.0,9767625
PSA59TQ,194468,2020-11-16 07:51:00-05:00,2020-11-16 14:45:00-05:00,2020-11-16 16:13:44.619000-05:00,,1,,,,,,Treatment 2,21.716,7.707,2.0,0.0,,,1.0,2.0,2.0,1.0,0.0,0.0,0.0,0.0,1.0,1.0,,,,,,9841330
PSA59TQ,195417,2020-11-16 07:51:00-05:00,2020-11-16 14:45:00-05:00,2020-11-16 13:36:10.002000-05:00,,1,,,,,,Control 1,,,1.0,,,,,0.0,1.0,0.0,0.0,0.0,0.0,0.0,0.0,1.0,,,,,,9817435
PSA59TQ,195502,2020-11-16 07:51:00-05:00,2020-11-16 14:45:00-05:00,2020-11-16 13:06:02.392000-05:00,2020-11-16 13:13:34.143000-05:00,1,,,,,,Control 2,316.011,55.8148,5.0,4.0,1.0,1.0,5.0,6.0,5.0,1.0,0.0,0.0,0.0,0.0,1.0,1.0,4.0,4.0,116.894,29.22225,1.0,9811712
PSA59TQ,195643,2020-11-16 07:51:00-05:00,2020-11-16 14:45:00-05:00,2020-11-16 08:34:16.506000-05:00,2020-11-16 09:36:00.828000-05:00,3,,,,,,Treatment 1,3531.269,28.3786,10.0,8.0,2.0,1.0,10.0,13.0,8.0,1.0,0.0,0.0,0.0,0.0,1.0,2.0,4.0,4.0,123.888,30.9605,1.0,9767696
PSA59TQ,195728,2020-11-16 07:51:00-05:00,2020-11-16 14:45:00-05:00,2020-11-16 08:26:05.401000-05:00,2020-11-16 08:36:36.782000-05:00,1,,,,,,Control 3,218.094,72.6856666666667,3.0,3.0,,,3.0,3.0,3.0,0.0,0.0,0.0,0.0,0.0,0.0,1.0,4.0,3.0,298.799,66.97775,1.0,9767264
PSA59TQ,195761,2020-11-16 07:51:00-05:00,2020-11-16 14:45:00-05:00,2020-11-16 13:35:44.764000-05:00,,1,,,,,,Treatment 1,141.215,125.423,1.0,0.0,,,0.0,1.0,1.0,1.0,0.0,0.0,0.0,0.0,1.0,1.0,,,,,,9817367
PSA59TQ,195802,2020-11-16 07:51:00-05:00,2020-11-16 14:45:00-05:00,2020-11-16 13:38:32.878000-05:00,2020-11-16 13:42:57.250000-05:00,1,,,,,,Control 3,151.78,50.5843333333333,3.0,3.0,,,3.0,3.0,3.0,0.0,0.0,0.0,0.0,0.0,0.0,1.0,4.0,4.0,82.735,20.67675,1.0,9817960
PSA59TQ,196069,2020-11-16 07:51:00-05:00,2020-11-16 14:45:00-05:00,2020-11-16 13:34:08.412000-05:00,2020-11-16 13:38:17.026000-05:00,1,,,,,,Control 3,162.338,36.567,4.0,3.0,1.0,1.0,4.0,5.0,4.0,1.0,0.0,0.0,0.0,0.0,1.0,1.0,4.0,4.0,46.106,11.483,1.0,9817078
PSA59TQ,196213,2020-11-16 07:51:00-05:00,2020-11-16 14:45:00-05:00,2020-11-16 13:32:16.887000-05:00,,1,,,,,,Control 2,152.425,16.1881666666667,6.0,4.0,1.0,,6.0,9.0,6.0,0.0,0.0,0.0,0.0,0.0,0.0,1.0,1.0,1.0,3.212,3.201,1.0,9816727
PSA59TQ,196522,2020-11-16 07:51:00-05:00,2020-11-16 14:45:00-05:00,2020-11-16 08:33:26.079000-05:00,2020-11-16 08:36:40.410000-05:00,2,,,,,,Treatment 2,81.416,20.346,4.0,4.0,,,4.0,4.0,3.0,0.0,0.0,0.0,0.0,0.0,0.0,2.0,4.0,4.0,53.969,13.48625,1.0,9767643
PSA59TQ,196595,2020-11-16 07:51:00-05:00,2020-11-16 14:45:00-05:00,2020-11-16 08:34:06.779000-05:00,,1,,,,,,Treatment 2,88.274,22.06275,4.0,4.0,,,4.0,4.0,3.0,0.0,0.0,0.0,0.0,0.0,0.0,1.0,4.0,2.0,137.22,36.1383333333333,1.0,9767683
PSA59TQ,196830,2020-05-26 08:00:00-04:00,,2020-05-26 10:49:04.455000-04:00,2020-05-26 16:42:00.125000-04:00,4,,,,,,Control 1,4437.656,132.671857142857,7.0,5.0,2.0,,7.0,12.0,7.0,0.0,0.0,0.0,0.0,0.0,0.0,2.0,4.0,4.0,98.877,24.71475,1.0,3594870
PSA59TQ,196887,2020-11-16 07:51:00-05:00,2020-11-16 14:45:00-05:00,2020-11-16 08:34:40.557000-05:00,,1,,,,,,Control 2,,,1.0,,,,,0.0,1.0,0.0,0.0,0.0,0.0,0.0,0.0,1.0,,,,,,9767725
PSA59TQ,196906,2020-11-16 07:51:00-05:00,2020-11-16 14:45:00-05:00,2020-11-16 08:37:05.199000-05:00,2020-11-16 08:40:31.972000-05:00,1,,,,,,Control 3,117.665,19.3668,5.0,3.0,1.0,0.0,5.0,7.0,5.0,1.0,0.0,0.0,0.0,0.0,1.0,1.0,4.0,4.0,51.984,12.9875,1.0,9767953
PSA59TQ,197268,2020-05-26 08:00:00-04:00,,2020-05-26 14:12:53.163000-04:00,2020-05-26 14:16:47.480000-04:00,1,,,,,,Control 3,128.684,42.8876666666667,3.0,3.0,,,3.0,3.0,3.0,0.0,0.0,0.0,0.0,0.0,0.0,1.0,4.0,4.0,84.092,21.01825,1.0,3608834
PSA59TQ,197327,2020-11-16 07:51:00-05:00,2020-11-16 14:45:00-05:00,2020-11-16 08:33:47.501000-05:00,,1,,,,,,Treatment 1,302.873,26.1391666666667,7.0,3.0,1.0,,6.0,9.0,6.0,0.0,0.0,0.0,0.0,0.0,0.0,1.0,,,,,,9767665
PSA59TQ,197480,2020-05-26 08:00:00-04:00,,2020-05-26 12:31:20.051000-04:00,,1,,,,,,Control 3,10.837,7.344,1.0,0.0,,,0.0,0.0,1.0,1.0,0.0,0.0,0.0,0.0,1.0,1.0,,,,,,3602306
PSA59TQ,197947,2020-11-16 07:51:00-05:00,2020-11-16 14:45:00-05:00,2020-11-16 09:29:55.150000-05:00,,1,,,,,,Not Assigned,,,,,,,,,,,,,,,,,,,,,,9773653
PSA59TQ,198495,2020-11-16 07:51:00-05:00,2020-11-16 14:45:00-05:00,2020-11-16 08:37:25.340000-05:00,2020-11-16 08:51:59.373000-05:00,1,,,,,,Treatment 3,446.459,111.60975,4.0,4.0,,,4.0,4.0,3.0,0.0,0.0,0.0,0.0,0.0,0.0,1.0,4.0,4.0,371.14,92.781,1.0,9767988
PSA59TQ,198654,2020-11-16 07:51:00-05:00,2020-11-16 14:45:00-05:00,2020-11-16 21:41:09.708000-05:00,,1,,,,,,Treatment 3,21.927,21.921,2.0,1.0,,,1.0,1.0,2.0,0.0,0.0,0.0,0.0,0.0,0.0,1.0,,,,,,9855074
PSA59TQ,199107,2020-11-16 07:51:00-05:00,2020-11-16 14:45:00-05:00,2020-11-16 08:17:59.651000-05:00,2020-11-16 08:31:59.172000-05:00,1,,,,,,Control 3,386.089,47.3208571428571,7.0,5.0,1.0,,7.0,9.0,7.0,0.0,0.0,0.0,0.0,0.0,0.0,1.0,4.0,2.0,273.869,47.5075,1.0,9766874
PSA59TQ,199833,2020-12-30 15:04:21.879000-05:00,2021-01-31 15:06:00-05:00,2021-01-14 12:23:33.027000-05:00,2021-01-14 12:40:46.127000-05:00,1,,,,,,Control 1,841.148,86.128625,8.0,4.0,1.0,1.0,8.0,13.0,8.0,2.0,0.0,0.0,0.0,0.0,2.0,1.0,4.0,3.0,125.2,21.6985,1.0,12118113
PSA59TQ,200795,2020-11-16 07:51:00-05:00,2020-11-16 14:45:00-05:00,2020-11-16 15:04:55.424000-05:00,2020-11-16 22:02:37.440000-05:00,2,,,,,,Treatment 2,24868.321,17.0795333333333,15.0,11.0,3.0,2.0,15.0,23.0,12.0,3.0,0.0,0.0,0.0,0.0,3.0,2.0,4.0,4.0,162.085,40.51875,1.0,9833339
PSA59TQ,200804,2020-11-16 07:51:00-05:00,2020-11-16 14:45:00-05:00,2020-11-16 13:32:06.694000-05:00,2020-11-16 13:38:32.134000-05:00,1,,,,,,Control 1,262.224,35.621,6.0,5.0,1.0,1.0,6.0,7.0,6.0,1.0,0.0,0.0,0.0,0.0,1.0,1.0,4.0,2.0,95.496,14.728,1.0,9816678
PSA59TQ,200831,2020-11-16 07:51:00-05:00,2020-11-16 14:45:00-05:00,2020-11-16 13:33:48.689000-05:00,,1,,,,,,Control 2,308.666,67.60125,4.0,3.0,1.0,,4.0,5.0,4.0,0.0,0.0,0.0,0.0,0.0,0.0,1.0,2.0,1.0,2.611,2.596,1.0,9817033
PSA59TQ,201668,2020-09-28 07:50:00-04:00,2020-10-04 23:52:00-04:00,2020-09-28 15:04:51.557000-04:00,2020-09-28 15:16:26.254000-04:00,1,,,,,,Treatment 3,435.601,108.8945,4.0,4.0,,,4.0,4.0,3.0,0.0,0.0,0.0,0.0,0.0,0.0,1.0,4.0,3.0,192.409,34.221,1.0,6571495
PSA59TQ,203148,2020-11-16 07:51:00-05:00,2020-11-16 14:45:00-05:00,2020-11-16 09:29:29.929000-05:00,,1,,,,,,Treatment 2,58.853,19.616,3.0,2.0,,,3.0,3.0,3.0,0.0,0.0,0.0,0.0,0.0,0.0,1.0,,,,,,9773598
PSA59TQ,203332,2020-05-26 08:00:00-04:00,,2020-05-26 10:55:08.487000-04:00,2020-05-26 11:15:21.619000-04:00,1,,,,,,Treatment 1,487.677,121.91125,4.0,4.0,,,4.0,4.0,3.0,0.0,0.0,0.0,0.0,0.0,0.0,1.0,4.0,3.0,706.529,118.76475,1.0,3595282
PSA59TQ,203348,2021-08-16 11:42:46.548000-04:00,2021-08-20 03:00:00-04:00,2021-08-17 17:24:06.105000-04:00,2021-08-18 18:08:50.111000-04:00,3,,,,,,Control 1,78792.857,12989.4875,6.0,5.0,1.0,1.0,6.0,11.0,6.0,1.0,0.0,0.0,0.0,0.0,0.0,2.0,4.0,3.0,10234.01,54.87825,2.0,16834883
PSA59TQ,203746,2020-11-16 07:51:00-05:00,2020-11-16 14:45:00-05:00,2020-11-16 13:02:34.988000-05:00,2020-11-16 13:14:42.137000-05:00,1,,,,,,Treatment 1,543.714,48.7953,10.0,7.0,2.0,2.0,10.0,13.0,8.0,3.0,0.0,0.0,0.0,0.0,3.0,1.0,4.0,2.0,151.373,31.07725,1.0,9811051
PSA59TQ,204085,2020-11-16 07:51:00-05:00,2020-11-16 14:45:00-05:00,2020-11-16 13:39:02.334000-05:00,,1,,,,,,Control 1,,,1.0,,,,,0.0,1.0,0.0,0.0,0.0,0.0,0.0,0.0,1.0,,,,,,9818040
PSA59TQ,205148,2020-12-08 13:57:37.388000-05:00,2021-01-29 13:59:00-05:00,2021-01-20 10:09:53.629000-05:00,2021-01-29 14:12:31.809000-05:00,2,,,,,,Treatment 2,791957.633,197989.40525,4.0,4.0,,,4.0,4.0,3.0,0.0,0.0,0.0,0.0,0.0,0.0,2.0,4.0,3.0,136.384,22.50775,1.0,12311661
PSA59TQ,206355,2020-12-30 15:04:21.879000-05:00,2021-01-31 15:06:00-05:00,2021-01-14 15:18:20.027000-05:00,2021-01-14 15:23:47.937000-05:00,1,,,,,,Treatment 2,184.034,46.0055,4.0,4.0,,,4.0,4.0,3.0,0.0,0.0,0.0,0.0,0.0,0.0,1.0,4.0,4.0,114.869,28.71475,1.0,12143115
PSA59TQ,207681,2020-11-16 07:51:00-05:00,2020-11-16 14:45:00-05:00,2020-11-16 13:32:58.987000-05:00,2020-11-16 13:39:02.045000-05:00,1,,,,,,Control 2,196.897,27.7133333333333,6.0,5.0,1.0,1.0,6.0,8.0,6.0,1.0,0.0,0.0,0.0,0.0,1.0,1.0,4.0,3.0,125.68,27.15025,1.0,9816844
PSA59TQ,208915,2020-11-16 07:51:00-05:00,2020-11-16 14:45:00-05:00,2020-11-16 13:31:27.378000-05:00,2020-11-16 13:42:46.159000-05:00,1,,,,,,Treatment 2,322.969,44.8283333333333,6.0,5.0,1.0,1.0,6.0,7.0,5.0,1.0,0.0,0.0,0.0,0.0,1.0,1.0,4.0,3.0,128.068,20.292,1.0,9816550
PSA59TQ,212128,2020-11-20 08:26:02.119000-05:00,,2020-11-20 14:07:18.032000-05:00,2020-11-20 14:29:01.298000-05:00,1,,,,,,Treatment 3,1003.246,44.4005714285714,14.0,9.0,4.0,3.0,14.0,20.0,11.0,3.0,0.0,0.0,0.0,0.0,2.0,1.0,4.0,2.0,257.353,35.947,1.0,10173827
PSA59TQ,213115,2020-11-20 08:26:02.114000-05:00,,2020-11-20 09:40:43.673000-05:00,2020-11-20 09:58:21.608000-05:00,1,,,,,,Treatment 1,744.314,186.0655,4.0,4.0,,,4.0,4.0,3.0,0.0,0.0,0.0,0.0,0.0,0.0,1.0,4.0,4.0,259.536,64.87875,1.0,10138137
PSA59TQ,217319,2020-11-20 08:26:02.118000-05:00,,2020-11-20 10:58:03.918000-05:00,2020-11-20 11:04:14.784000-05:00,1,,,,,,Treatment 3,226.397,56.594,4.0,4.0,,,4.0,4.0,3.0,0.0,0.0,0.0,0.0,0.0,0.0,1.0,4.0,4.0,120.809,30.1965,1.0,10148250
PSA59TQ,217472,2021-03-11 07:46:23.985000-05:00,2021-03-14 19:48:00-04:00,2021-03-14 20:40:21.169000-04:00,2021-03-14 21:21:15.473000-04:00,1,,,,,,Treatment 3,2007.318,127.753615384615,13.0,8.0,3.0,3.0,12.0,18.0,10.0,5.0,0.0,0.0,0.0,0.0,4.0,1.0,4.0,1.0,393.641,84.55825,1.0,14622068
PSA59TQ,217534,2020-11-16 07:51:00-05:00,2020-11-16 14:45:00-05:00,2020-11-16 13:03:29.719000-05:00,,1,,,,,,Not Assigned,,,,,,,,,,,,,,,,,,,,,,9811242
PSA59TQ,219081,2020-12-30 15:04:21.879000-05:00,2021-01-31 15:06:00-05:00,2021-01-10 00:08:32.201000-05:00,2021-01-10 00:14:08.952000-05:00,1,,,,,,Treatment 3,136.328,34.0745,4.0,4.0,,,4.0,4.0,3.0,0.0,0.0,0.0,0.0,0.0,0.0,1.0,4.0,4.0,169.079,42.264,1.0,11849434
PSA59TQ,221671,2021-03-11 07:46:23.985000-05:00,2021-03-14 19:48:00-04:00,2021-03-12 10:40:32.682000-05:00,2021-03-12 10:46:18.264000-05:00,1,,,,,,Treatment 2,140.597,35.1455,4.0,4.0,,,4.0,4.0,3.0,0.0,0.0,0.0,0.0,0.0,0.0,1.0,4.0,3.0,157.213,33.0945,1.0,14589086
PSA59TQ,227840,2020-05-08 11:30:00-04:00,2020-05-08 20:00:00-04:00,2020-05-08 11:33:15.165000-04:00,2020-05-08 11:48:17.355000-04:00,1,,,,,,Control 2,188.036,62.6623333333333,3.0,3.0,,,3.0,3.0,3.0,0.0,0.0,0.0,0.0,0.0,0.0,1.0,4.0,4.0,686.612,171.6395,1.0,3032956
PSA59TQ,228063,2020-05-08 11:30:00-04:00,2020-05-08 20:00:00-04:00,2020-05-08 13:24:09.447000-04:00,2020-05-08 13:29:26.903000-04:00,1,,,,,,Control 2,112.651,37.5443333333333,3.0,3.0,,,3.0,3.0,3.0,0.0,0.0,0.0,0.0,0.0,0.0,1.0,4.0,3.0,184.566,42.0005,1.0,3041482
PSA59TQ,228081,2020-12-30 15:04:21.880000-05:00,2021-01-31 15:06:00-05:00,2021-01-11 09:44:38.673000-05:00,2021-01-11 09:48:30.631000-05:00,1,,,,,,Control 2,127.503,42.4966666666667,3.0,3.0,,,3.0,3.0,3.0,0.0,0.0,0.0,0.0,0.0,0.0,1.0,4.0,4.0,83.936,20.9795,1.0,11864841
PSA59TQ,228220,2020-05-08 11:30:00-04:00,2020-05-08 20:00:00-04:00,2020-05-08 11:32:20.853000-04:00,2020-05-08 11:39:31.620000-04:00,1,,,,,,Control 1,209.836,69.9383333333333,3.0,3.0,,,3.0,3.0,3.0,0.0,0.0,0.0,0.0,0.0,0.0,1.0,4.0,2.0,191.023,32.5235,1.0,3032884
PSA59TQ,228310,2020-05-08 11:30:00-04:00,2020-05-08 20:00:00-04:00,2020-05-08 11:34:01.353000-04:00,2020-05-08 11:40:50.456000-04:00,1,,,,,,Treatment 2,151.294,37.81675,4.0,4.0,,,4.0,4.0,3.0,0.0,0.0,0.0,0.0,0.0,0.0,1.0,4.0,4.0,178.237,44.552,1.0,3033012
PSA59TQ,228312,2020-05-08 11:30:00-04:00,2020-05-08 20:00:00-04:00,2020-05-08 17:04:57.030000-04:00,2020-05-08 17:18:23.323000-04:00,1,,,,,,Treatment 2,385.119,52.7241666666667,6.0,4.0,1.0,1.0,6.0,9.0,5.0,2.0,0.0,0.0,0.0,0.0,2.0,1.0,4.0,1.0,330.386,62.6085,1.0,3052146
PSA59TQ,228339,2020-05-08 11:30:00-04:00,2020-05-08 20:00:00-04:00,2020-05-08 11:34:58.500000-04:00,2020-05-08 11:42:36.906000-04:00,1,,,,,,Treatment 1,204.24,51.056,4.0,4.0,,,4.0,4.0,3.0,0.0,0.0,0.0,0.0,0.0,0.0,1.0,4.0,4.0,208.828,52.2035,1.0,3033103
PSA59TQ,228522,2020-05-08 11:30:00-04:00,2020-05-08 20:00:00-04:00,2020-05-09 12:13:47.465000-04:00,2020-05-09 12:38:29.661000-04:00,1,,,,,,Treatment 2,1184.439,69.6865,6.0,5.0,1.0,1.0,6.0,7.0,5.0,1.0,0.0,0.0,0.0,0.0,1.0,1.0,4.0,4.0,135.529,33.87375,1.0,3060424
PSA59TQ,231327,2020-05-08 11:30:00-04:00,2020-05-08 20:00:00-04:00,2020-05-08 11:39:18.287000-04:00,2020-05-08 11:46:26.643000-04:00,1,,,,,,Control 3,173.142,57.7056666666667,3.0,3.0,,,3.0,3.0,3.0,0.0,0.0,0.0,0.0,0.0,0.0,1.0,4.0,4.0,192.972,48.23625,1.0,3033480
PSA59TQ,231971,2020-05-08 11:30:00-04:00,2020-05-08 20:00:00-04:00,2020-05-08 11:42:20.545000-04:00,2020-05-08 11:47:07.726000-04:00,1,,,,,,Control 3,163.371,33.89475,4.0,3.0,1.0,,4.0,5.0,4.0,0.0,0.0,0.0,0.0,0.0,0.0,1.0,4.0,4.0,98.012,24.497,1.0,3033719
PSA59TQ,232045,2020-05-08 11:30:00-04:00,2020-05-08 20:00:00-04:00,2020-05-08 11:56:54.894000-04:00,2020-05-08 15:29:22.516000-04:00,3,,,,,,Treatment 2,132.865,33.20125,4.0,4.0,,,4.0,4.0,3.0,0.0,0.0,0.0,0.0,0.0,0.0,1.0,4.0,4.0,137.112,34.2665,1.0,3034807
PSA59TQ,232086,2020-05-08 11:30:00-04:00,2020-05-08 20:00:00-04:00,2020-05-08 12:15:05.853000-04:00,2020-05-08 12:21:16.121000-04:00,1,,,,,,Control 3,103.984,14.97575,4.0,3.0,1.0,,4.0,5.0,4.0,0.0,0.0,0.0,0.0,0.0,0.0,1.0,4.0,2.0,235.814,50.3305,1.0,3036236
PSA59TQ,233141,2020-05-08 11:30:00-04:00,2020-05-08 20:00:00-04:00,2020-05-08 12:05:56.933000-04:00,2020-05-08 13:50:53.233000-04:00,1,,,,,,Treatment 3,5259.586,463.877090909091,11.0,9.0,2.0,2.0,10.0,14.0,9.0,2.0,0.0,0.0,0.0,0.0,1.0,1.0,4.0,3.0,169.083,33.2905,1.0,3035509
PSA59TQ,235492,2020-05-08 11:30:00-04:00,2020-05-08 20:00:00-04:00,2020-05-09 22:14:18.331000-04:00,2020-05-11 01:03:03.793000-04:00,2,,,,,,Control 3,606.445,202.139666666667,3.0,3.0,,,3.0,3.0,3.0,0.0,0.0,0.0,0.0,0.0,0.0,1.0,4.0,2.0,922.706,163.429,1.0,3064021
PSA59TQ,235953,2020-05-08 11:30:00-04:00,2020-05-08 20:00:00-04:00,2020-05-10 20:39:51.217000-04:00,2020-05-10 20:44:34.394000-04:00,1,,,,,,Treatment 1,157.916,39.4715,4.0,4.0,,,4.0,4.0,3.0,0.0,0.0,0.0,0.0,0.0,0.0,1.0,4.0,4.0,92.443,23.1045,1.0,3067957
PSA59TQ,236708,2020-11-16 07:51:00-05:00,2020-11-16 14:45:00-05:00,2020-11-16 08:33:31.445000-05:00,,1,,,,,,Treatment 1,118.724,118.687,2.0,1.0,,,1.0,1.0,2.0,0.0,0.0,0.0,0.0,0.0,0.0,1.0,,,,,,9767647
PSA59TQ,238076,2020-09-28 07:50:00-04:00,2020-10-04 23:52:00-04:00,2020-11-02 12:32:10.079000-05:00,2020-11-06 22:30:28.256000-05:00,2,,,,,,Control 2,381322.433,54411.8134285714,7.0,5.0,1.0,1.0,7.0,11.0,7.0,1.0,0.0,0.0,0.0,0.0,0.0,2.0,4.0,4.0,128.327,32.075,1.0,8976876
PSA59TQ,238120,2020-05-08 11:30:00-04:00,2020-05-08 20:00:00-04:00,2020-05-08 16:02:12.849000-04:00,2020-05-08 16:08:22.032000-04:00,1,,,,,,Control 2,222.455,40.8314,5.0,4.0,1.0,1.0,5.0,6.0,5.0,1.0,0.0,0.0,0.0,0.0,1.0,1.0,4.0,4.0,86.415,21.59775,1.0,3049933
PSA59TQ,239440,2020-05-08 11:30:00-04:00,2020-05-08 20:00:00-04:00,2020-05-08 13:25:53.946000-04:00,2020-05-08 13:33:52.588000-04:00,1,,,,,,Control 2,299.589,47.0964,5.0,4.0,1.0,1.0,5.0,7.0,5.0,1.0,0.0,0.0,0.0,0.0,1.0,1.0,4.0,3.0,132.133,26.789,1.0,3041606
PSA59TQ,240049,2020-05-08 11:30:00-04:00,2020-05-08 20:00:00-04:00,2020-05-08 16:13:37.741000-04:00,2020-05-08 16:25:08.750000-04:00,1,,,,,,Treatment 2,406.507,63.8048333333333,6.0,5.0,1.0,,6.0,7.0,5.0,0.0,0.0,0.0,0.0,0.0,0.0,1.0,4.0,2.0,252.531,47.55675,1.0,3050382
PSA59TQ,241327,2020-05-26 08:00:00-04:00,,2020-05-26 15:54:16.618000-04:00,2020-05-26 16:18:57.671000-04:00,1,,,,,,Control 3,418.042,93.25675,4.0,3.0,1.0,,4.0,5.0,4.0,0.0,0.0,0.0,0.0,0.0,0.0,1.0,4.0,3.0,236.025,47.9625,1.0,3612819
PSA59TQ,241531,2020-05-08 11:30:00-04:00,2020-05-08 20:00:00-04:00,2020-05-11 00:57:15.417000-04:00,2020-05-11 22:01:40.922000-04:00,3,,,,,,Treatment 2,933.286,90.3269,10.0,8.0,2.0,,10.0,12.0,8.0,0.0,0.0,0.0,0.0,0.0,0.0,1.0,4.0,3.0,185.088,26.2345,1.0,3069526
PSA59TQ,246420,2020-05-08 11:30:00-04:00,2020-05-08 20:00:00-04:00,2020-05-11 01:39:25.973000-04:00,2020-05-11 01:57:25.018000-04:00,1,,,,,,Treatment 3,799.843,68.6951111111111,9.0,7.0,2.0,1.0,9.0,13.0,7.0,1.0,0.0,0.0,0.0,0.0,1.0,1.0,4.0,4.0,183.956,45.98325,1.0,3069712
PSA59TQ,246931,2020-05-08 11:30:00-04:00,2020-05-08 20:00:00-04:00,2020-05-08 14:53:39.451000-04:00,2020-05-08 15:01:05.019000-04:00,1,,,,,,Treatment 3,189.632,47.40225,4.0,4.0,,,4.0,4.0,3.0,0.0,0.0,0.0,0.0,0.0,0.0,1.0,4.0,3.0,226.123,44.1775,1.0,3046958
PSA59TQ,247469,2020-05-08 11:30:00-04:00,2020-05-08 20:00:00-04:00,2020-05-21 16:29:56.117000-04:00,2020-05-21 17:14:56.778000-04:00,1,,,,,,Treatment 3,1444.215,87.0261818181818,11.0,5.0,2.0,2.0,8.0,16.0,9.0,5.0,0.0,0.0,0.0,0.0,3.0,1.0,4.0,3.0,1107.99,270.71625,1.0,3537105
PSA59TQ,272952,2020-05-08 11:30:00-04:00,2020-05-08 20:00:00-04:00,2020-05-08 12:34:06.782000-04:00,2020-05-08 13:38:58.801000-04:00,2,,,,,,Control 2,53.748,17.912,3.0,3.0,,,3.0,3.0,3.0,0.0,0.0,0.0,0.0,0.0,0.0,1.0,4.0,4.0,81.182,20.291,1.0,3037739
PSA59TQ,276434,2020-05-08 11:30:00-04:00,2020-05-08 20:00:00-04:00,2020-05-08 12:44:10.347000-04:00,,1,,,,,,Treatment 2,213.18,43.23875,5.0,2.0,1.0,1.0,4.0,6.0,4.0,2.0,0.0,0.0,0.0,0.0,2.0,1.0,,,,,,3038494
PSA59TQ,276473,2020-05-26 08:00:00-04:00,,2020-05-26 16:43:23.575000-04:00,2020-05-26 17:45:45.628000-04:00,2,,,,,,Treatment 2,512.294,71.4045,6.0,5.0,1.0,,6.0,7.0,5.0,0.0,0.0,0.0,0.0,0.0,0.0,1.0,4.0,4.0,564.742,141.18375,1.0,3614205
PSA59TQ,283559,2020-12-30 15:04:21.880000-05:00,2021-01-31 15:06:00-05:00,2021-01-08 16:29:07.614000-05:00,2021-01-08 16:34:25.444000-05:00,1,,,,,,Control 2,227.699,28.19,5.0,4.0,1.0,1.0,5.0,7.0,5.0,1.0,0.0,0.0,0.0,0.0,1.0,1.0,4.0,4.0,61.862,15.46325,1.0,11841470
PSA59TQ,297142,2020-11-20 08:26:02.117000-05:00,,2020-11-20 11:59:10.099000-05:00,2020-11-20 12:11:00.615000-05:00,1,,,,,,Treatment 3,589.036,147.252,4.0,4.0,,,4.0,4.0,3.0,0.0,0.0,0.0,0.0,0.0,0.0,1.0,4.0,4.0,86.895,21.71825,1.0,10156730
PSA59TQ,297625,2020-11-16 08:50:00-05:00,2020-11-23 00:59:00-05:00,2020-11-19 09:35:35.764000-05:00,2020-11-19 10:08:31.622000-05:00,1,,,,,,Control 2,232.1,28.152,6.0,5.0,1.0,,5.0,6.0,6.0,0.0,0.0,0.0,0.0,0.0,0.0,1.0,4.0,3.0,250.809,59.304,1.0,10049918
PSA59TQ,305324,2020-11-20 08:26:02.116000-05:00,,2020-11-30 15:21:52.784000-05:00,2020-11-30 15:32:44.681000-05:00,1,,,,,,Treatment 1,410.258,60.8338333333333,6.0,5.0,1.0,,6.0,7.0,5.0,0.0,0.0,0.0,0.0,0.0,0.0,1.0,4.0,4.0,76.585,19.14175,1.0,10382730
PSA59TQ,306100,2020-11-20 08:26:02.117000-05:00,,2020-12-10 20:52:56.780000-05:00,,1,,,,,,Treatment 2,186.713,29.929,3.0,2.0,,,3.0,5.0,3.0,1.0,0.0,0.0,0.0,0.0,1.0,1.0,,,,,,11096679
PSA59TQ,324172,2021-03-11 07:46:23.985000-05:00,2021-03-14 19:48:00-04:00,2021-03-11 14:53:18.873000-05:00,2021-03-11 14:59:57.143000-05:00,1,,,,,,Control 1,147.897,49.2966666666667,3.0,3.0,,,3.0,3.0,3.0,0.0,0.0,0.0,0.0,0.0,0.0,1.0,4.0,3.0,180.615,41.0075,1.0,14561930
PSA59TQ,324587,2021-03-11 07:46:23.985000-05:00,2021-03-14 19:48:00-04:00,2021-03-13 18:28:54.421000-05:00,2021-03-13 18:33:13.863000-05:00,1,,,,,,Control 2,73.724,24.5726666666667,3.0,3.0,,,3.0,3.0,3.0,0.0,0.0,0.0,0.0,0.0,0.0,1.0,4.0,4.0,161.871,40.4665,1.0,14618690
PSA59TQ,324735,2021-03-11 07:46:23.985000-05:00,2021-03-14 19:48:00-04:00,2021-03-11 14:36:49.001000-05:00,2021-03-11 14:43:34.044000-05:00,1,,,,,,Control 2,273.223,35.1956,5.0,4.0,1.0,1.0,5.0,8.0,5.0,1.0,0.0,0.0,0.0,0.0,1.0,1.0,4.0,3.0,81.441,19.01575,1.0,14560504
PSA59TQ,326850,2021-03-11 07:46:23.985000-05:00,2021-03-14 19:48:00-04:00,2021-03-11 13:47:28.368000-05:00,2021-03-11 13:51:19.120000-05:00,1,,,,,,Control 1,120.723,24.165,4.0,3.0,1.0,,4.0,5.0,4.0,0.0,0.0,0.0,0.0,0.0,0.0,1.0,4.0,4.0,77.892,19.4605,1.0,14554586
PSA59TQ,329867,2020-05-08 11:30:00-04:00,2020-05-08 20:00:00-04:00,2020-05-08 17:07:59.375000-04:00,2020-05-08 17:20:17.351000-04:00,1,,,,,,Treatment 2,429.327,30.442,9.0,6.0,2.0,1.0,8.0,12.0,7.0,2.0,0.0,0.0,0.0,0.0,0.0,1.0,4.0,1.0,176.322,29.97325,1.0,3052240
PSA59TQ,336084,2020-12-30 15:04:21.880000-05:00,2021-01-31 15:06:00-05:00,2020-12-31 14:15:26.929000-05:00,2020-12-31 14:29:06.220000-05:00,1,,,,,,Treatment 2,396.685,99.1685,4.0,4.0,,,4.0,4.0,3.0,0.0,0.0,0.0,0.0,0.0,0.0,1.0,4.0,4.0,202.117,50.52625,1.0,11507313
PSA59TQ,337274,2020-12-30 15:04:21.880000-05:00,2021-01-31 15:06:00-05:00,2021-01-10 18:57:19.971000-05:00,2021-01-11 19:58:50.142000-05:00,3,,,,,,Treatment 3,87728.57,14606.768,6.0,5.0,1.0,,6.0,7.0,5.0,0.0,0.0,0.0,0.0,0.0,0.0,2.0,4.0,4.0,2314.045,578.49525,1.0,11852765
PSA59TQ,345269,2021-03-11 07:46:23.985000-05:00,2021-03-14 19:48:00-04:00,2021-03-11 18:22:35.457000-05:00,2021-03-11 18:25:47.713000-05:00,1,,,,,,Treatment 2,80.269,20.065,4.0,4.0,,,4.0,4.0,3.0,0.0,0.0,0.0,0.0,0.0,0.0,1.0,4.0,4.0,78.753,19.684,1.0,14572191
PSA59TQ,346208,2020-05-21 12:00:00-04:00,2020-05-25 20:00:00-04:00,2020-05-21 12:24:56.066000-04:00,,1,,,,,,Control 2,208.424,40.6386666666667,3.0,1.0,1.0,,3.0,6.0,3.0,0.0,0.0,0.0,0.0,0.0,0.0,1.0,,,,,,3523038
PSA59TQ,346368,2020-05-21 12:00:00-04:00,2020-05-25 20:00:00-04:00,2020-05-21 15:58:06.343000-04:00,2020-05-21 16:04:04.396000-04:00,1,,,,,,Control 3,164.732,54.904,3.0,3.0,,,3.0,3.0,3.0,0.0,0.0,0.0,0.0,0.0,0.0,1.0,4.0,3.0,170.78,27.425,1.0,3536021
PSA59TQ,346619,2020-05-21 12:00:00-04:00,2020-05-25 20:00:00-04:00,2020-05-21 12:27:04.016000-04:00,2020-05-21 12:35:22.565000-04:00,1,,,,,,Treatment 3,283.489,70.86825,4.0,4.0,,,4.0,4.0,3.0,0.0,0.0,0.0,0.0,0.0,0.0,1.0,4.0,4.0,171.539,42.88125,1.0,3523197
PSA59TQ,346776,2020-05-21 12:00:00-04:00,2020-05-25 20:00:00-04:00,2020-05-26 02:37:09.008000-04:00,2020-05-26 02:41:25.089000-04:00,1,,,,,,Treatment 2,141.785,35.43925,4.0,4.0,,,4.0,4.0,3.0,0.0,0.0,0.0,0.0,0.0,0.0,1.0,4.0,3.0,88.33,16.2915,1.0,3584484
PSA59TQ,346791,2020-05-21 12:00:00-04:00,2020-05-25 20:00:00-04:00,2020-05-21 12:25:43.801000-04:00,2020-05-21 12:56:24.984000-04:00,1,,,,,,Treatment 3,1575.934,92.0941428571429,14.0,9.0,3.0,2.0,14.0,21.0,11.0,2.0,0.0,0.0,0.0,0.0,2.0,1.0,4.0,1.0,221.203,37.217,1.0,3523104
PSA59TQ,346796,2020-05-21 12:00:00-04:00,2020-05-25 20:00:00-04:00,2020-05-21 13:45:10.664000-04:00,2020-05-21 14:04:28.716000-04:00,2,,,,,,Control 2,437.7,86.8772,5.0,4.0,1.0,,5.0,6.0,5.0,0.0,0.0,0.0,0.0,0.0,0.0,1.0,4.0,3.0,687.346,165.03625,2.0,3529257
PSA59TQ,346837,2020-05-21 12:00:00-04:00,2020-05-25 20:00:00-04:00,2020-05-21 17:24:49.902000-04:00,2020-05-21 18:13:13.882000-04:00,1,,,,,,Treatment 1,2054.167,201.9595,10.0,7.0,2.0,,10.0,13.0,8.0,0.0,0.0,0.0,0.0,0.0,0.0,1.0,4.0,4.0,437.416,109.33825,1.0,3538712
PSA59TQ,346874,2020-05-21 12:00:00-04:00,2020-05-25 20:00:00-04:00,2020-05-21 12:30:55.017000-04:00,2020-05-21 12:48:23.583000-04:00,1,,,,,,Treatment 3,765.549,191.37975,4.0,4.0,,,4.0,4.0,3.0,0.0,0.0,0.0,0.0,0.0,0.0,1.0,4.0,4.0,188.927,47.225,1.0,3523498
PSA59TQ,347041,2020-05-21 12:00:00-04:00,2020-05-25 20:00:00-04:00,2020-05-21 12:20:13.475000-04:00,2020-05-21 12:24:54.298000-04:00,1,,,,,,Treatment 2,144.571,36.13075,4.0,4.0,,,4.0,4.0,3.0,0.0,0.0,0.0,0.0,0.0,0.0,1.0,4.0,4.0,89.945,22.481,1.0,3522679
PSA59TQ,347097,2020-05-21 12:00:00-04:00,2020-05-25 20:00:00-04:00,2020-05-22 00:39:55.304000-04:00,2020-05-22 00:48:05.756000-04:00,1,,,,,,Treatment 1,199.348,49.8305,4.0,4.0,,,4.0,4.0,3.0,0.0,0.0,0.0,0.0,0.0,0.0,1.0,4.0,2.0,264.213,43.7895,1.0,3545614
PSA59TQ,347155,2020-05-21 12:00:00-04:00,2020-05-25 20:00:00-04:00,2020-05-21 12:29:18.360000-04:00,2020-05-21 12:50:18.755000-04:00,1,,,,,,Control 3,575.504,91.80525,4.0,3.0,1.0,,4.0,6.0,4.0,0.0,0.0,0.0,0.0,0.0,0.0,1.0,4.0,3.0,597.449,97.1195,1.0,3523375
PSA59TQ,347223,2020-05-21 12:00:00-04:00,2020-05-25 20:00:00-04:00,2020-05-21 12:25:37.419000-04:00,2020-05-21 12:28:51.133000-04:00,1,,,,,,Control 3,86.706,28.89,3.0,3.0,,,3.0,3.0,3.0,0.0,0.0,0.0,0.0,0.0,0.0,1.0,4.0,4.0,84.537,21.12825,1.0,3523095
PSA59TQ,347279,2020-05-21 12:00:00-04:00,2020-05-25 20:00:00-04:00,2020-05-21 12:45:52.050000-04:00,2020-05-21 12:52:23.890000-04:00,1,,,,,,Treatment 1,155.674,38.9115,4.0,4.0,,,4.0,4.0,3.0,0.0,0.0,0.0,0.0,0.0,0.0,1.0,4.0,4.0,187.307,46.819,1.0,3524712
PSA59TQ,347418,2020-05-21 12:00:00-04:00,2020-05-25 20:00:00-04:00,2020-05-21 12:29:26.747000-04:00,2020-05-21 12:37:17.044000-04:00,1,,,,,,Control 3,153.183,51.0546666666667,3.0,3.0,,,3.0,3.0,3.0,0.0,0.0,0.0,0.0,0.0,0.0,1.0,4.0,1.0,286.642,30.40675,1.0,3523389
PSA59TQ,348028,2020-12-30 15:04:21.880000-05:00,2021-01-31 15:06:00-05:00,2021-01-13 17:59:55.794000-05:00,2021-01-13 18:07:24.687000-05:00,1,,,,,,Control 2,73.229,24.397,3.0,3.0,,,3.0,3.0,3.0,0.0,0.0,0.0,0.0,0.0,0.0,1.0,4.0,3.0,356.242,82.2305,1.0,12077529
PSA59TQ,348086,2020-05-21 12:00:00-04:00,2020-05-25 20:00:00-04:00,2020-05-21 13:28:16.277000-04:00,2020-05-21 13:36:23.977000-04:00,1,,,,,,Treatment 2,217.526,54.37375,4.0,4.0,,,4.0,4.0,3.0,0.0,0.0,0.0,0.0,0.0,0.0,1.0,4.0,4.0,210.564,52.6325,1.0,3528025
PSA59TQ,348120,2020-05-21 12:00:00-04:00,2020-05-25 20:00:00-04:00,2020-05-29 15:31:29.739000-04:00,2020-05-29 15:35:07.538000-04:00,1,,,,,,Control 2,71.39,23.793,3.0,3.0,,,3.0,3.0,3.0,0.0,0.0,0.0,0.0,0.0,0.0,1.0,4.0,4.0,75.034,18.75525,1.0,3705414
PSA59TQ,348395,2020-05-21 12:00:00-04:00,2020-05-25 20:00:00-04:00,2020-05-21 12:59:37.976000-04:00,,1,,,,,,Not Assigned,,,,,,,,,,,,,,,,,,,,,,3525802
PSA59TQ,348554,2020-05-21 12:00:00-04:00,2020-05-25 20:00:00-04:00,2020-05-21 12:42:26.589000-04:00,2020-05-21 12:49:57.439000-04:00,1,,,,,,Control 1,168.755,56.2416666666667,3.0,3.0,,,3.0,3.0,3.0,0.0,0.0,0.0,0.0,0.0,0.0,1.0,4.0,2.0,195.966,35.3545,1.0,3524413
PSA59TQ,349187,2020-05-21 12:00:00-04:00,2020-05-25 20:00:00-04:00,2020-05-21 12:30:51.559000-04:00,2020-05-21 12:35:43.251000-04:00,1,,,,,,Treatment 1,122.535,30.628,4.0,4.0,,,4.0,4.0,3.0,0.0,0.0,0.0,0.0,0.0,0.0,1.0,4.0,3.0,146.68,30.10725,1.0,3523496
PSA59TQ,350802,2020-11-16 08:50:00-05:00,2020-11-23 00:59:00-05:00,2020-11-18 11:45:43.553000-05:00,2020-12-04 09:28:17.667000-05:00,2,,,,,,Treatment 2,1373610.978,152599.775444444,9.0,6.0,3.0,1.0,9.0,14.0,7.0,1.0,0.0,0.0,0.0,0.0,0.0,2.0,4.0,4.0,472.625,118.15175,1.0,9989428
PSA59TQ,351190,2020-05-21 12:00:00-04:00,2020-05-25 20:00:00-04:00,2020-05-21 12:27:19.693000-04:00,2020-05-21 13:13:03.720000-04:00,2,,,,,,Control 2,2414.77,91.1682857142857,7.0,5.0,1.0,0.0,7.0,12.0,7.0,1.0,0.0,0.0,0.0,0.0,1.0,2.0,4.0,3.0,262.008,48.1095,1.0,3523213
PSA59TQ,353620,2020-05-21 12:00:00-04:00,2020-05-25 20:00:00-04:00,2020-06-05 13:35:58.500000-04:00,2020-06-05 13:39:03.511000-04:00,1,,,,,,Control 2,94.5,31.493,3.0,3.0,,,3.0,3.0,3.0,0.0,0.0,0.0,0.0,0.0,0.0,1.0,4.0,4.0,69.162,17.285,1.0,3827547
PSA59TQ,360486,2021-08-16 11:42:46.552000-04:00,2021-08-20 03:00:00-04:00,2021-08-16 16:31:24.688000-04:00,2021-08-16 16:35:33.574000-04:00,1,,,,,,Treatment 1,110.462,27.60725,4.0,4.0,,,4.0,4.0,3.0,0.0,0.0,0.0,0.0,0.0,0.0,1.0,4.0,4.0,91.811,22.94275,1.0,16824532
PSA59TQ,361533,2020-12-30 15:04:21.878000-05:00,2021-01-31 15:06:00-05:00,2021-01-14 11:25:33.601000-05:00,2021-01-25 17:30:37.222000-05:00,2,,,,,,Control 3,246.497,82.1576666666667,3.0,3.0,,,3.0,3.0,3.0,0.0,0.0,0.0,0.0,0.0,0.0,1.0,4.0,4.0,92.356,23.08275,1.0,12109152
PSA59TQ,364141,2020-12-30 15:04:21.878000-05:00,2021-01-31 15:06:00-05:00,2021-01-14 11:16:17.202000-05:00,2021-01-14 11:37:15.331000-05:00,1,,,,,,Treatment 3,198.444,49.6045,4.0,4.0,,,4.0,4.0,3.0,0.0,0.0,0.0,0.0,0.0,0.0,1.0,4.0,4.0,125.162,31.286,1.0,12107568
PSA59TQ,382454,2021-03-11 07:46:23.985000-05:00,2021-03-14 19:48:00-04:00,2021-03-13 21:14:47.552000-05:00,,1,,,,,,Treatment 3,391.128,30.9721,10.0,7.0,2.0,2.0,10.0,16.0,8.0,3.0,0.0,0.0,0.0,0.0,3.0,1.0,,,,,,14619081
PSA59TQ,394472,2020-06-25 16:30:00-04:00,2020-06-29 19:00:00-04:00,2020-06-30 18:11:29.251000-04:00,2020-06-30 18:22:38.121000-04:00,1,,,,,,Control 2,371.491,45.5656,5.0,4.0,1.0,,5.0,6.0,5.0,0.0,0.0,0.0,0.0,0.0,0.0,1.0,4.0,3.0,260.438,47.2545,1.0,3947583
PSA59TQ,402175,2020-08-05 11:00:00-04:00,2020-08-07 19:00:00-04:00,2020-08-05 12:02:43.137000-04:00,,1,,,,,,Not Assigned,,,,,,,,,,,,,,,,,,,,,,3986261
PSA59TQ,402214,2020-08-05 11:30:00-04:00,2020-08-07 19:00:00-04:00,2020-08-05 13:37:28.905000-04:00,2020-08-05 15:43:44.839000-04:00,2,,,,,,Treatment 1,6786.703,495.8424,10.0,8.0,2.0,2.0,10.0,24.0,8.0,2.0,0.0,0.0,0.0,0.0,2.0,2.0,4.0,3.0,569.805,135.80125,1.0,3986681
PSA59TQ,402317,2020-08-05 11:00:00-04:00,2020-08-07 19:00:00-04:00,2020-08-05 13:49:51.070000-04:00,2020-08-05 14:01:01.265000-04:00,2,,,,,,Treatment 2,178.341,44.57375,4.0,4.0,,,4.0,4.0,3.0,0.0,0.0,0.0,0.0,0.0,0.0,1.0,4.0,1.0,444.505,97.66,2.0,3986766
PSA59TQ,403748,2021-01-14 11:20:27.267000-05:00,2021-03-26 12:22:00-04:00,2021-01-29 18:10:03.747000-05:00,2021-01-29 19:02:58.655000-05:00,1,,,,,,Treatment 2,1052.042,173.461,6.0,5.0,1.0,,6.0,7.0,5.0,0.0,0.0,0.0,0.0,0.0,0.0,1.0,4.0,1.0,890.64,194.3085,1.0,12842853
PSA59TQ,403782,2021-01-14 11:20:27.265000-05:00,2021-03-26 12:22:00-04:00,2021-02-03 11:01:22.243000-05:00,2021-02-03 11:04:55.716000-05:00,1,,,,,,Control 3,88.278,29.419,3.0,3.0,,,3.0,3.0,3.0,0.0,0.0,0.0,0.0,0.0,0.0,1.0,4.0,3.0,100.908,19.7735,1.0,13011712
PSA59TQ,404957,2020-08-05 11:30:00-04:00,2020-08-07 19:00:00-04:00,2020-08-05 11:38:56.725000-04:00,,1,,,,,,Control 2,258.047,30.6683333333333,6.0,5.0,1.0,,6.0,7.0,6.0,0.0,0.0,0.0,0.0,0.0,0.0,1.0,1.0,,,,1.0,3986162
PSA59TQ,404958,2020-08-05 11:30:00-04:00,2020-08-07 19:00:00-04:00,2020-08-05 11:38:54.115000-04:00,2020-08-05 12:03:26.002000-04:00,1,,,,,,Treatment 3,160.078,40.0145,4.0,4.0,,,4.0,4.0,3.0,0.0,0.0,0.0,0.0,0.0,0.0,1.0,4.0,4.0,1266.203,316.541,1.0,3986161
PSA59TQ,404959,2020-08-05 11:30:00-04:00,2020-08-07 19:00:00-04:00,2020-08-05 11:39:04.968000-04:00,,1,,,,,,Control 2,181.112,60.3653333333333,3.0,3.0,,,3.0,3.0,3.0,0.0,0.0,0.0,0.0,0.0,0.0,1.0,3.0,2.0,69.357,34.6745,1.0,3986163
PSA59TQ,404960,2020-08-05 11:00:00-04:00,2020-08-07 19:00:00-04:00,2020-08-05 11:39:31.252000-04:00,2020-08-05 11:50:37.999000-04:00,1,,,,,,Treatment 3,208.257,52.052,4.0,4.0,,,4.0,4.0,3.0,0.0,0.0,0.0,0.0,0.0,0.0,1.0,4.0,4.0,275.826,68.94525,1.0,3986168
PSA59TQ,404961,2020-08-05 11:30:00-04:00,2020-08-07 19:00:00-04:00,2020-08-05 11:39:23.186000-04:00,2020-08-05 11:43:58.633000-04:00,1,,,,,,Control 3,96.569,32.184,3.0,3.0,,,3.0,3.0,3.0,0.0,0.0,0.0,0.0,0.0,0.0,1.0,4.0,2.0,130.419,23.77325,1.0,3986165
PSA59TQ,404962,2020-08-05 11:30:00-04:00,2020-08-07 19:00:00-04:00,2020-08-05 11:39:36.818000-04:00,2020-08-06 23:52:45.647000-04:00,3,,,,,,Control 1,129998.695,21635.5463333333,6.0,4.0,1.0,,6.0,8.0,6.0,0.0,0.0,0.0,0.0,0.0,0.0,2.0,4.0,3.0,313.058,66.58575,1.0,3986170
PSA59TQ,404964,2020-08-05 11:30:00-04:00,2020-08-07 19:00:00-04:00,2020-08-05 11:39:37.289000-04:00,2020-08-07 09:21:20.991000-04:00,2,,,,,,Control 2,164347.779,32838.4706,5.0,4.0,1.0,1.0,4.0,6.0,5.0,1.0,0.0,0.0,0.0,0.0,0.0,2.0,4.0,4.0,127.814,31.948,1.0,3986169
PSA59TQ,404965,2020-08-05 11:30:00-04:00,2020-08-07 19:00:00-04:00,2020-08-05 12:13:26.324000-04:00,2020-08-07 11:52:40.643000-04:00,2,,,,,,Control 1,171430.496,57143.4866666667,3.0,3.0,,,3.0,3.0,3.0,0.0,0.0,0.0,0.0,0.0,0.0,2.0,4.0,4.0,94.888,23.71125,1.0,3986324
PSA59TQ,404966,2020-08-05 11:00:00-04:00,2020-08-07 19:00:00-04:00,2020-08-05 11:39:38.651000-04:00,2020-08-05 12:07:50.319000-04:00,1,,,,,,Treatment 3,375.66,93.89925,4.0,4.0,,,4.0,4.0,3.0,0.0,0.0,0.0,0.0,0.0,0.0,1.0,4.0,3.0,1273.269,52.67625,1.0,3986171
PSA59TQ,404967,2020-08-05 11:00:00-04:00,2020-08-07 19:00:00-04:00,2020-08-05 11:40:04.283000-04:00,2020-08-07 12:53:08.616000-04:00,2,,,,,,Control 3,568.445,115.342,4.0,3.0,1.0,,4.0,5.0,4.0,0.0,0.0,0.0,0.0,0.0,0.0,1.0,4.0,2.0,230.233,51.7155,2.0,3986173
PSA59TQ,404968,2020-08-05 11:00:00-04:00,2020-08-07 19:00:00-04:00,2020-08-05 11:40:12.248000-04:00,2020-08-05 11:49:12.724000-04:00,1,,,,,,Treatment 3,142.639,35.65325,4.0,4.0,,,4.0,4.0,3.0,0.0,0.0,0.0,0.0,0.0,0.0,1.0,4.0,2.0,256.287,31.56425,1.0,3986176
PSA59TQ,404969,2020-08-05 11:30:00-04:00,2020-08-07 19:00:00-04:00,2020-08-05 11:40:16.248000-04:00,2020-08-07 02:33:06.567000-04:00,2,,,,,,Treatment 1,1816.187,78.5538888888889,9.0,6.0,3.0,1.0,9.0,12.0,7.0,1.0,0.0,0.0,0.0,0.0,0.0,1.0,4.0,2.0,138095.591,34507.375,2.0,3986178
PSA59TQ,404970,2020-08-05 11:00:00-04:00,2020-08-07 19:00:00-04:00,2020-08-05 11:45:00.894000-04:00,2020-08-05 11:50:01.378000-04:00,1,,,,,,Treatment 1,127.372,31.83825,4.0,4.0,,,4.0,4.0,3.0,0.0,0.0,0.0,0.0,0.0,0.0,1.0,4.0,4.0,123.96,30.98625,1.0,3986207
PSA59TQ,404971,2020-08-05 11:30:00-04:00,2020-08-07 19:00:00-04:00,2020-08-05 11:40:11.850000-04:00,2020-08-06 23:21:05.633000-04:00,3,,,,,,Control 3,494.847,164.937666666667,3.0,3.0,,,3.0,3.0,3.0,0.0,0.0,0.0,0.0,0.0,0.0,1.0,4.0,2.0,127902.319,31726.8925,3.0,3986175
PSA59TQ,404972,2020-08-05 11:00:00-04:00,2020-08-07 19:00:00-04:00,2020-08-05 11:40:13.528000-04:00,2020-08-05 11:49:53.895000-04:00,1,,,,,,Control 1,271.81,90.59,3.0,3.0,,,3.0,3.0,3.0,0.0,0.0,0.0,0.0,0.0,0.0,1.0,4.0,4.0,178.491,44.6155,1.0,3986177
PSA59TQ,404973,2020-08-05 11:00:00-04:00,2020-08-07 19:00:00-04:00,2020-08-05 11:40:49.249000-04:00,2020-08-05 11:48:54.080000-04:00,1,,,,,,Treatment 2,231.218,57.79425,4.0,4.0,,,4.0,4.0,3.0,0.0,0.0,0.0,0.0,0.0,0.0,1.0,4.0,1.0,204.326,30.34725,1.0,3986180
PSA59TQ,404974,2020-08-05 11:30:00-04:00,2020-08-07 19:00:00-04:00,2020-08-05 11:40:51.171000-04:00,,2,,,,,,Treatment 1,175079.769,87502.013,3.0,1.0,1.0,,2.0,4.0,3.0,0.0,0.0,0.0,0.0,0.0,0.0,2.0,,,,,,3986181
PSA59TQ,404975,2020-08-05 11:00:00-04:00,2020-08-07 19:00:00-04:00,2020-08-05 11:40:57.481000-04:00,,1,,,,,,Treatment 2,148.077,37.011,4.0,4.0,,,4.0,4.0,3.0,0.0,0.0,0.0,0.0,0.0,0.0,1.0,2.0,2.0,40.957,20.4745,1.0,3986184
PSA59TQ,404976,2020-08-05 11:30:00-04:00,2020-08-07 19:00:00-04:00,2020-08-05 11:41:13.523000-04:00,,1,,,,,,Control 1,81.165,81.156,2.0,1.0,,,1.0,1.0,2.0,0.0,0.0,0.0,0.0,0.0,0.0,1.0,,,,,,3986187
PSA59TQ,404978,2020-08-05 11:30:00-04:00,2020-08-07 19:00:00-04:00,2020-08-05 11:41:50.657000-04:00,2020-08-10 10:57:20.321000-04:00,4,,,,,,Treatment 3,428527.482,28476.8902,15.0,12.0,3.0,1.0,15.0,20.0,12.0,1.0,0.0,0.0,0.0,0.0,1.0,3.0,4.0,2.0,737.891,61.6265,1.0,3986191
PSA59TQ,404979,2020-08-05 11:30:00-04:00,2020-08-07 19:00:00-04:00,2020-08-05 11:41:21.955000-04:00,2020-11-05 11:17:30.046000-05:00,4,,,,,,Treatment 3,128358.729,247.545571428571,7.0,5.0,2.0,2.0,7.0,18.0,6.0,2.0,0.0,0.0,0.0,0.0,1.0,2.0,4.0,3.0,7822568.567,1955635.7145,3.0,3986188
PSA59TQ,404980,2020-08-05 11:00:00-04:00,2020-08-07 19:00:00-04:00,2020-08-06 12:48:07.579000-04:00,2020-08-06 18:54:58.780000-04:00,2,,,,,,Treatment 2,220.259,28.4818571428571,7.0,5.0,2.0,,7.0,9.0,6.0,0.0,0.0,0.0,0.0,0.0,0.0,1.0,4.0,3.0,161.857,29.0395,1.0,3988360
PSA59TQ,404981,2020-08-05 11:30:00-04:00,2020-08-07 19:00:00-04:00,2020-08-05 11:41:28.809000-04:00,2020-08-07 08:00:08.401000-04:00,5,,,,,,Treatment 2,159356.202,26273.2996666667,6.0,5.0,1.0,,6.0,7.0,5.0,0.0,0.0,0.0,0.0,0.0,0.0,4.0,4.0,3.0,112.62,20.89775,1.0,3986190
PSA59TQ,404982,2020-08-05 11:30:00-04:00,2020-08-07 19:00:00-04:00,2020-08-05 11:41:23.456000-04:00,2020-08-05 12:08:32.612000-04:00,2,,,,,,Treatment 2,1204.413,163.812857142857,7.0,6.0,1.0,,7.0,8.0,6.0,0.0,0.0,0.0,0.0,0.0,0.0,2.0,4.0,4.0,168.106,42.01925,1.0,3986189
PSA59TQ,404983,2020-08-05 11:30:00-04:00,2020-08-07 19:00:00-04:00,2020-08-05 11:42:04.806000-04:00,,1,,,,,,Treatment 1,1378.309,84.611,3.0,2.0,,,3.0,3.0,3.0,1.0,0.0,0.0,0.0,0.0,0.0,1.0,,,,,,3986193
PSA59TQ,404985,2020-08-05 11:00:00-04:00,2020-08-07 19:00:00-04:00,2020-08-05 11:46:08.126000-04:00,2020-08-05 14:49:58.931000-04:00,3,,,,,,Control 3,1755.798,284.998166666667,6.0,5.0,1.0,,6.0,7.0,6.0,0.0,0.0,0.0,0.0,0.0,0.0,2.0,4.0,3.0,9212.114,2298.1705,2.0,3986210
PSA59TQ,404986,2020-08-05 11:00:00-04:00,2020-08-07 19:00:00-04:00,2020-08-06 12:40:04.653000-04:00,,1,,,,,,Treatment 1,128.791,128.769,2.0,1.0,,,1.0,1.0,2.0,0.0,0.0,0.0,0.0,0.0,0.0,1.0,,,,,,3988321
PSA59TQ,404992,2020-08-05 11:00:00-04:00,2020-08-07 19:00:00-04:00,2020-08-05 11:50:13.221000-04:00,2020-08-20 12:39:44.078000-04:00,3,,,,,,Treatment 1,1216.253,75.504,13.0,6.0,4.0,4.0,9.0,20.0,10.0,6.0,0.0,0.0,0.0,0.0,6.0,1.0,4.0,4.0,143.605,35.87875,2.0,3986224
PSA59TQ,404995,2020-08-05 11:00:00-04:00,2020-08-07 19:00:00-04:00,2020-08-05 11:52:21.644000-04:00,,2,,,,,,Treatment 3,152.467,27.46125,5.0,2.0,1.0,,4.0,6.0,4.0,0.0,0.0,0.0,0.0,0.0,0.0,2.0,,,,,,3986233
PSA59TQ,405000,2020-08-05 11:30:00-04:00,2020-08-07 19:00:00-04:00,2020-08-07 00:11:14.368000-04:00,2020-08-07 00:26:34.731000-04:00,1,,,,,,Treatment 1,607.219,151.79125,4.0,4.0,,,4.0,4.0,3.0,0.0,0.0,0.0,0.0,0.0,0.0,1.0,4.0,4.0,244.601,61.14575,1.0,3990413
PSA59TQ,405001,2020-08-05 11:00:00-04:00,2020-08-07 19:00:00-04:00,2020-08-05 14:34:27.605000-04:00,2020-08-06 18:12:10.271000-04:00,2,,,,,,Treatment 3,177.657,44.40975,4.0,4.0,,,4.0,4.0,3.0,0.0,0.0,0.0,0.0,0.0,0.0,1.0,4.0,2.0,150.82,23.68375,1.0,3986945
PSA59TQ,405004,2020-08-05 11:00:00-04:00,2020-08-07 19:00:00-04:00,2020-08-05 11:54:09.315000-04:00,2020-08-05 12:12:08.524000-04:00,1,,,,,,Treatment 3,500.023,124.997,4.0,4.0,,,4.0,4.0,3.0,0.0,0.0,0.0,0.0,0.0,0.0,1.0,4.0,3.0,186.441,38.12925,1.0,3986245
PSA59TQ,405010,2020-08-05 11:00:00-04:00,2020-08-07 19:00:00-04:00,2020-08-05 12:05:41.534000-04:00,2020-08-05 12:17:00.860000-04:00,1,,,,,,Treatment 2,307.161,28.1543333333333,6.0,5.0,1.0,,6.0,9.0,5.0,0.0,0.0,0.0,0.0,0.0,0.0,1.0,4.0,4.0,305.631,76.4045,1.0,3986276
PSA59TQ,405018,2020-08-05 11:00:00-04:00,2020-08-07 19:00:00-04:00,2020-08-05 12:04:06.898000-04:00,2020-08-05 14:12:28.496000-04:00,2,,,,,,Control 1,1041.246,152.116666666667,6.0,5.0,1.0,,6.0,7.0,6.0,0.0,0.0,0.0,0.0,0.0,0.0,1.0,4.0,3.0,6571.382,1594.74825,1.0,3986267
PSA59TQ,405019,2020-08-05 11:00:00-04:00,2020-08-07 19:00:00-04:00,2020-08-05 12:04:07.626000-04:00,2020-08-05 12:11:32.431000-04:00,1,,,,,,Control 3,163.793,54.588,3.0,3.0,,,3.0,3.0,3.0,0.0,0.0,0.0,0.0,0.0,0.0,1.0,4.0,4.0,201.592,50.39075,1.0,3986266
PSA59TQ,405020,2020-08-05 11:00:00-04:00,2020-08-07 19:00:00-04:00,2020-08-05 12:04:53.151000-04:00,2020-08-05 12:16:34.889000-04:00,1,,,,,,Control 2,217.193,72.389,3.0,3.0,,,3.0,3.0,3.0,0.0,0.0,0.0,0.0,0.0,0.0,1.0,4.0,4.0,83.439,20.855,1.0,3986270
PSA59TQ,405021,2020-08-05 11:00:00-04:00,2020-08-07 19:00:00-04:00,2020-08-07 12:27:51.823000-04:00,2020-08-07 12:34:09.073000-04:00,1,,,,,,Treatment 2,233.758,33.0358333333333,6.0,5.0,1.0,1.0,5.0,6.0,5.0,1.0,0.0,0.0,0.0,0.0,0.0,1.0,4.0,3.0,102.448,16.18375,1.0,3991354
PSA59TQ,405024,2020-08-05 11:30:00-04:00,2020-08-07 19:00:00-04:00,2020-08-06 12:03:33.365000-04:00,2020-08-07 12:20:03.178000-04:00,2,,,,,,Control 1,556.415,24.0797272727273,11.0,7.0,4.0,2.0,10.0,15.0,11.0,2.0,0.0,0.0,0.0,0.0,1.0,1.0,4.0,4.0,77.037,19.2535,1.0,3988246
PSA59TQ,405032,2020-08-05 11:00:00-04:00,2020-08-07 19:00:00-04:00,2020-08-07 12:54:12.243000-04:00,2020-08-07 13:05:03.564000-04:00,1,,,,,,Control 1,455.861,69.8981666666667,6.0,4.0,2.0,2.0,6.0,8.0,6.0,2.0,0.0,0.0,0.0,0.0,2.0,1.0,4.0,4.0,167.284,41.812,1.0,3991597
PSA59TQ,405033,2020-08-05 11:00:00-04:00,2020-08-07 19:00:00-04:00,2020-08-05 12:15:02.260000-04:00,2020-08-05 12:22:56.551000-04:00,1,,,,,,Treatment 2,182.908,45.721,4.0,4.0,,,4.0,4.0,3.0,0.0,0.0,0.0,0.0,0.0,0.0,1.0,4.0,3.0,188.78,30.84525,1.0,3986330
PSA59TQ,405036,2020-08-05 11:30:00-04:00,2020-08-07 19:00:00-04:00,2020-08-06 14:28:34.820000-04:00,2020-08-06 14:38:14.689000-04:00,1,,,,,,Treatment 2,393.82,20.8706666666667,6.0,5.0,1.0,1.0,5.0,8.0,5.0,1.0,0.0,0.0,0.0,0.0,1.0,1.0,4.0,4.0,124.738,31.18,1.0,3988953
PSA59TQ,405044,2020-08-05 11:00:00-04:00,2020-08-07 19:00:00-04:00,2020-08-05 12:15:35.099000-04:00,,2,,,,,,Control 3,1273522.981,50.6145,6.0,3.0,2.0,,5.0,10.0,6.0,0.0,0.0,0.0,0.0,0.0,0.0,2.0,,,,,,3986334
PSA59TQ,405050,2020-08-05 11:00:00-04:00,2020-08-07 19:00:00-04:00,2020-08-05 21:55:17.493000-04:00,2020-08-09 02:32:01.806000-04:00,2,,,,,,Control 1,275662.756,50.972,6.0,5.0,1.0,1.0,6.0,11.0,6.0,1.0,0.0,0.0,0.0,0.0,1.0,2.0,4.0,4.0,112.8,28.194,1.0,3987580
PSA59TQ,405072,2020-08-05 11:00:00-04:00,2020-08-07 19:00:00-04:00,2020-08-05 12:37:11.562000-04:00,2020-08-05 12:46:47.211000-04:00,2,,,,,,Control 2,331.695,110.560666666667,3.0,3.0,,,3.0,3.0,3.0,0.0,0.0,0.0,0.0,0.0,0.0,2.0,4.0,4.0,150.902,37.7185,1.0,3986403
PSA59TQ,405077,2020-08-05 11:00:00-04:00,2020-08-07 19:00:00-04:00,2020-08-05 12:38:37.309000-04:00,2020-08-06 20:33:11.618000-04:00,3,,,,,,Control 2,1255.396,205.019333333333,6.0,4.0,2.0,,6.0,8.0,6.0,0.0,0.0,0.0,0.0,0.0,0.0,1.0,4.0,3.0,113332.905,28322.823,3.0,3986411
PSA59TQ,405079,2020-08-05 11:00:00-04:00,2020-08-07 19:00:00-04:00,2020-08-05 12:41:07.969000-04:00,2020-08-05 12:54:04.192000-04:00,2,,,,,,Treatment 1,377.575,47.1466,5.0,4.0,1.0,,5.0,7.0,4.0,0.0,0.0,0.0,0.0,0.0,0.0,2.0,4.0,4.0,211.817,52.94025,1.0,3986423
PSA59TQ,405080,2020-08-05 11:00:00-04:00,2020-08-07 19:00:00-04:00,2020-08-05 15:30:05.419000-04:00,2020-08-05 15:38:33.251000-04:00,1,,,,,,Treatment 1,330.786,42.5368571428571,7.0,6.0,1.0,,7.0,9.0,6.0,0.0,0.0,0.0,0.0,0.0,0.0,1.0,4.0,2.0,130.169,22.10225,1.0,3987083
PSA59TQ,405081,2020-08-05 11:00:00-04:00,2020-08-07 19:00:00-04:00,2020-08-05 12:43:08.571000-04:00,2020-08-05 12:53:42.697000-04:00,2,,,,,,Treatment 2,145.49,36.369,4.0,4.0,,,4.0,4.0,3.0,0.0,0.0,0.0,0.0,0.0,0.0,1.0,4.0,3.0,217.036,38.1545,1.0,3986432
PSA59TQ,405084,2020-08-05 11:00:00-04:00,2020-08-07 19:00:00-04:00,2020-08-05 12:45:07.959000-04:00,2020-08-05 12:53:48.453000-04:00,1,,,,,,Treatment 1,356.71,36.1027142857143,7.0,5.0,2.0,2.0,5.0,9.0,6.0,2.0,0.0,0.0,0.0,0.0,1.0,1.0,4.0,4.0,51.84,12.95725,1.0,3986449
PSA59TQ,405087,2020-08-05 11:30:00-04:00,2020-08-07 19:00:00-04:00,2020-08-05 12:44:14.353000-04:00,2020-08-07 14:10:52.950000-04:00,2,,,,,,Treatment 2,96.956,24.23175,4.0,4.0,,,4.0,4.0,3.0,0.0,0.0,0.0,0.0,0.0,0.0,1.0,4.0,3.0,177876.863,44462.012,2.0,3986441
PSA59TQ,405088,2020-08-05 11:30:00-04:00,2020-08-07 19:00:00-04:00,2020-08-05 12:43:19.502000-04:00,2020-08-07 14:10:35.405000-04:00,2,,,,,,Control 3,126.965,42.312,3.0,3.0,,,3.0,3.0,3.0,0.0,0.0,0.0,0.0,0.0,0.0,1.0,4.0,3.0,177867.36,44445.25225,2.0,3986437
PSA59TQ,405089,2020-08-05 11:30:00-04:00,2020-08-07 19:00:00-04:00,2020-08-05 12:43:16.547000-04:00,,2,,,,,,Control 2,246.585,41.2004,5.0,4.0,1.0,,5.0,6.0,5.0,0.0,0.0,0.0,0.0,0.0,0.0,1.0,2.0,1.0,1923.129,1923.126,2.0,3986436
PSA59TQ,405090,2020-08-05 11:30:00-04:00,2020-08-07 19:00:00-04:00,2020-08-05 12:44:04.815000-04:00,2020-08-05 13:25:41.838000-04:00,1,,,,,,Control 2,2211.912,341.5535,6.0,4.0,1.0,1.0,6.0,8.0,6.0,1.0,0.0,0.0,0.0,0.0,1.0,1.0,4.0,3.0,152.751,33.9275,1.0,3986439
PSA59TQ,405092,2020-08-05 11:30:00-04:00,2020-08-07 19:00:00-04:00,2020-08-05 12:43:49.874000-04:00,,1,,,,,,Control 3,703.802,234.580666666667,3.0,3.0,,,3.0,3.0,3.0,0.0,0.0,0.0,0.0,0.0,0.0,1.0,2.0,1.0,989.048,989.021,1.0,3986438
PSA59TQ,405093,2020-08-05 11:30:00-04:00,2020-08-07 19:00:00-04:00,2020-08-05 12:44:19.476000-04:00,2020-08-07 14:09:19.546000-04:00,2,,,,,,Treatment 2,91.97,22.98625,4.0,4.0,,,4.0,4.0,3.0,0.0,0.0,0.0,0.0,0.0,0.0,1.0,4.0,3.0,161.344,24.30325,2.0,3986442
PSA59TQ,405094,2020-08-05 11:30:00-04:00,2020-08-07 19:00:00-04:00,2020-08-05 12:44:11.894000-04:00,2020-08-06 23:49:07.849000-04:00,2,,,,,,Treatment 2,126078.279,17996.9127142857,7.0,6.0,1.0,,7.0,8.0,6.0,0.0,0.0,0.0,0.0,0.0,0.0,2.0,4.0,4.0,171.824,42.95175,1.0,3986440
PSA59TQ,405095,2020-08-05 11:30:00-04:00,2020-08-07 19:00:00-04:00,2020-08-05 12:44:27.905000-04:00,2020-08-07 14:19:09.319000-04:00,7,,,,,,Control 1,2639.54,295.525714285714,7.0,4.0,1.0,0.0,7.0,14.0,7.0,1.0,0.0,0.0,0.0,0.0,1.0,1.0,4.0,1.0,175745.19,43883.75675,4.0,3986443
PSA59TQ,405096,2020-08-05 11:30:00-04:00,2020-08-07 19:00:00-04:00,2020-08-05 12:44:37.134000-04:00,2020-08-06 22:31:11.775000-04:00,2,,,,,,Treatment 3,2178.243,544.552,4.0,4.0,,,4.0,4.0,3.0,0.0,0.0,0.0,0.0,0.0,0.0,1.0,4.0,4.0,119363.155,29840.781,2.0,3986444
PSA59TQ,405098,2020-08-05 11:30:00-04:00,2020-08-07 19:00:00-04:00,2020-08-07 14:08:12.705000-04:00,2020-08-10 22:02:37.599000-04:00,2,,,,,,Treatment 1,314.648,78.6495,4.0,4.0,,,4.0,4.0,3.0,0.0,0.0,0.0,0.0,0.0,0.0,1.0,4.0,3.0,287308.005,71808.05025,2.0,3992229
PSA59TQ,405099,2020-08-05 11:30:00-04:00,2020-08-07 19:00:00-04:00,2020-08-05 12:46:31.790000-04:00,,3,,,,,,Control 1,176768.719,85.22675,5.0,2.0,1.0,1.0,4.0,10.0,5.0,1.0,0.0,0.0,0.0,0.0,1.0,3.0,,,,,,3986453
PSA59TQ,405101,2020-08-05 11:30:00-04:00,2020-08-07 19:00:00-04:00,2020-08-05 13:00:46.148000-04:00,2020-08-07 14:13:55.030000-04:00,3,,,,,,Treatment 3,122.601,30.64575,4.0,4.0,,,4.0,4.0,3.0,0.0,0.0,0.0,0.0,0.0,0.0,1.0,4.0,4.0,138.335,34.58,1.0,3986501
PSA59TQ,405103,2020-08-05 11:00:00-04:00,2020-08-07 19:00:00-04:00,2020-08-05 12:49:22.824000-04:00,2020-08-05 12:58:08.924000-04:00,1,,,,,,Control 3,302.709,48.87275,4.0,3.0,1.0,1.0,3.0,6.0,4.0,1.0,0.0,0.0,0.0,0.0,0.0,1.0,4.0,4.0,178.638,44.65625,1.0,3986463
PSA59TQ,405104,2020-08-05 11:00:00-04:00,2020-08-07 19:00:00-04:00,2020-08-05 12:50:46.950000-04:00,2020-08-05 12:54:28.998000-04:00,1,,,,,,Treatment 3,94.628,23.64775,4.0,4.0,,,4.0,4.0,3.0,0.0,0.0,0.0,0.0,0.0,0.0,1.0,4.0,4.0,99.209,24.79025,1.0,3986472
PSA59TQ,405113,2020-08-05 11:00:00-04:00,2020-08-07 19:00:00-04:00,2020-08-05 13:07:06.351000-04:00,2020-08-20 14:35:08.613000-04:00,3,,,,,,Treatment 2,1299362.765,99.044,6.0,5.0,1.0,1.0,6.0,8.0,5.0,1.0,0.0,0.0,0.0,0.0,1.0,3.0,4.0,4.0,106.481,26.61125,1.0,3986530
PSA59TQ,405131,2020-08-05 11:00:00-04:00,2020-08-07 19:00:00-04:00,2020-08-05 13:08:16.262000-04:00,2020-08-25 18:07:22.909000-04:00,5,,,,,,Treatment 2,1745110.826,67.3828181818182,11.0,8.0,3.0,,11.0,16.0,9.0,0.0,0.0,0.0,0.0,0.0,0.0,3.0,4.0,3.0,382.545,43.2935,1.0,3986534
PSA59TQ,405137,2020-08-05 11:00:00-04:00,2020-08-07 19:00:00-04:00,2020-08-05 13:11:57.256000-04:00,2020-08-07 14:54:26.415000-04:00,2,,,,,,Treatment 3,165.397,23.2905,6.0,5.0,1.0,,6.0,7.0,5.0,0.0,0.0,0.0,0.0,0.0,0.0,1.0,4.0,4.0,213.191,53.2945,1.0,3986550
PSA59TQ,405139,2020-08-05 11:00:00-04:00,2020-08-07 19:00:00-04:00,2020-08-05 13:15:00.477000-04:00,,1,,,,,,Not Assigned,,,,,,,,,,,,,,,,,,,,,,3986562
PSA59TQ,405141,2020-08-05 11:00:00-04:00,2020-08-07 19:00:00-04:00,2020-08-05 13:16:45.970000-04:00,2020-08-05 18:55:37.551000-04:00,2,,,,,,Control 3,19923.804,6641.25933333333,3.0,3.0,,,3.0,3.0,3.0,0.0,0.0,0.0,0.0,0.0,0.0,2.0,4.0,4.0,170.89,42.715,1.0,3986571
PSA59TQ,405142,2020-08-05 11:00:00-04:00,2020-08-07 19:00:00-04:00,2020-08-05 13:24:09.089000-04:00,2020-08-07 14:46:52.196000-04:00,2,,,,,,Treatment 2,759.952,61.7418571428571,7.0,5.0,1.0,,6.0,10.0,6.0,0.0,0.0,0.0,0.0,0.0,0.0,1.0,4.0,3.0,667.979,57.55625,1.0,3986601
PSA59TQ,405144,2020-08-05 11:00:00-04:00,2020-08-07 19:00:00-04:00,2020-08-05 13:17:26.882000-04:00,2020-08-15 23:51:13.534000-04:00,8,,,,,,Control 3,724351.763,103428.188714286,7.0,3.0,1.0,1.0,7.0,11.0,7.0,4.0,0.0,0.0,0.0,0.0,3.0,4.0,4.0,3.0,116.241,21.2185,1.0,3986576
PSA59TQ,405145,2020-08-05 11:00:00-04:00,2020-08-07 19:00:00-04:00,2020-08-05 13:19:06.228000-04:00,,1,,,,,,Treatment 3,41.548,41.548,1.0,0.0,,,1.0,1.0,1.0,0.0,0.0,0.0,0.0,0.0,0.0,1.0,,,,,,3986583
PSA59TQ,405146,2020-08-05 11:00:00-04:00,2020-08-07 19:00:00-04:00,2020-08-05 13:19:41.719000-04:00,2020-08-05 17:31:02.470000-04:00,1,,,,,,Control 1,162.655,54.2113333333333,3.0,3.0,,,3.0,3.0,3.0,0.0,0.0,0.0,0.0,0.0,0.0,1.0,4.0,3.0,14811.647,32.55425,1.0,3986585
PSA59TQ,405166,2020-08-05 11:30:00-04:00,2020-08-07 19:00:00-04:00,2020-08-06 17:36:07.007000-04:00,2020-08-06 17:43:47.993000-04:00,1,,,,,,Control 1,341.847,33.2636666666667,6.0,5.0,1.0,1.0,6.0,8.0,6.0,1.0,0.0,0.0,0.0,0.0,1.0,1.0,4.0,4.0,80.274,20.05775,1.0,3989846
PSA59TQ,405169,2020-08-05 11:00:00-04:00,2020-08-07 19:00:00-04:00,2020-08-05 13:55:48.974000-04:00,2020-08-05 14:03:52.213000-04:00,1,,,,,,Treatment 1,239.642,59.892,4.0,4.0,,,4.0,4.0,3.0,0.0,0.0,0.0,0.0,0.0,0.0,1.0,4.0,4.0,191.449,47.844,1.0,3986804
PSA59TQ,405170,2020-08-05 11:30:00-04:00,2020-08-07 19:00:00-04:00,2020-08-05 13:36:13.848000-04:00,,4,,,,,,Treatment 1,164221.97,10263.0714444444,9.0,4.0,3.0,3.0,8.0,17.0,7.0,4.0,0.0,0.0,0.0,0.0,0.0,4.0,,,,,,3986670
PSA59TQ,405172,2020-08-05 11:30:00-04:00,2020-08-07 19:00:00-04:00,2020-08-14 14:38:51.985000-04:00,,1,,,,,,Treatment 2,1011.603,192.3538,5.0,4.0,1.0,,5.0,7.0,4.0,0.0,0.0,0.0,0.0,0.0,0.0,1.0,3.0,1.0,150.459,64.1045,1.0,4049640
PSA59TQ,405173,2020-08-05 11:30:00-04:00,2020-08-07 19:00:00-04:00,2020-08-05 13:37:41.180000-04:00,,7,,,,,,Control 3,101230.686,8405.7715,12.0,0.0,0.0,0.0,1.0,16.0,12.0,12.0,0.0,0.0,0.0,0.0,12.0,2.0,,,,,,3986682
PSA59TQ,405175,2020-08-05 11:30:00-04:00,2020-08-07 19:00:00-04:00,2020-08-06 17:43:50.525000-04:00,,1,,,,,,Control 1,598.631,118.223,4.0,2.0,,,2.0,4.0,4.0,1.0,0.0,0.0,0.0,0.0,0.0,1.0,,,,,,3989870
PSA59TQ,405177,2020-08-05 11:30:00-04:00,2020-08-07 19:00:00-04:00,2020-08-05 13:36:48.200000-04:00,2020-08-05 17:10:07.867000-04:00,3,,,,,,Treatment 2,10303.44,65.1978333333333,6.0,4.0,1.0,,5.0,8.0,5.0,0.0,0.0,0.0,0.0,0.0,0.0,2.0,4.0,4.0,61.131,15.27775,1.0,3986672
PSA59TQ,405180,2020-08-05 11:30:00-04:00,2020-08-07 19:00:00-04:00,2020-08-05 13:38:29.276000-04:00,2020-08-07 16:52:31.674000-04:00,2,,,,,,Control 2,184059.225,61353.0626666667,3.0,3.0,,,3.0,3.0,3.0,0.0,0.0,0.0,0.0,0.0,0.0,2.0,4.0,4.0,253.127,63.27125,1.0,3986687
PSA59TQ,405182,2020-08-05 11:30:00-04:00,2020-08-07 19:00:00-04:00,2020-08-05 13:40:00.624000-04:00,2020-08-06 18:07:45.688000-04:00,2,,,,,,Control 3,1207.762,231.98275,4.0,3.0,1.0,,4.0,5.0,4.0,0.0,0.0,0.0,0.0,0.0,0.0,1.0,4.0,4.0,441.394,110.33775,1.0,3986699
PSA59TQ,405186,2020-08-05 11:00:00-04:00,2020-08-07 19:00:00-04:00,2020-08-05 13:37:54.607000-04:00,2020-08-05 13:45:09.129000-04:00,1,,,,,,Treatment 2,67.269,16.813,4.0,4.0,,,4.0,4.0,3.0,0.0,0.0,0.0,0.0,0.0,0.0,1.0,4.0,3.0,330.156,64.30125,1.0,3986685
PSA59TQ,405192,2020-08-05 11:30:00-04:00,2020-08-07 19:00:00-04:00,2020-08-05 13:38:45.767000-04:00,,2,,,,,,Treatment 1,1807.367,94.0437,11.0,6.0,4.0,,10.0,16.0,9.0,0.0,0.0,0.0,0.0,0.0,0.0,1.0,,,,,,3986690
PSA59TQ,405195,2020-08-05 11:30:00-04:00,2020-08-07 19:00:00-04:00,2020-08-05 13:39:47.628000-04:00,2020-08-06 23:48:10.764000-04:00,3,,,,,,Control 1,122684.042,13368.136875,8.0,5.0,1.0,1.0,7.0,16.0,8.0,2.0,0.0,0.0,0.0,0.0,2.0,3.0,4.0,1.0,177.927,34.0395,1.0,3986696
PSA59TQ,405199,2020-08-05 11:30:00-04:00,2020-08-07 19:00:00-04:00,2020-08-06 20:33:45.997000-04:00,,1,,,,,,Not Assigned,,,,,,,,,,,,,,,,,,,,,,3990224
PSA59TQ,405204,2020-08-05 11:00:00-04:00,2020-08-07 19:00:00-04:00,2020-08-05 13:42:15.531000-04:00,2020-08-05 13:53:39.472000-04:00,1,,,,,,Treatment 1,487.754,57.3515,6.0,5.0,1.0,,6.0,7.0,5.0,0.0,0.0,0.0,0.0,0.0,0.0,1.0,4.0,3.0,160.646,29.718,1.0,3986712
PSA59TQ,405206,2020-08-05 11:00:00-04:00,2020-08-07 19:00:00-04:00,2020-08-05 13:49:54.884000-04:00,2020-08-05 14:02:20.637000-04:00,1,,,,,,Control 3,289.33,96.4303333333333,3.0,3.0,,,3.0,3.0,3.0,0.0,0.0,0.0,0.0,0.0,0.0,1.0,4.0,3.0,415.156,100.26525,1.0,3986767
PSA59TQ,405208,2020-08-05 11:00:00-04:00,2020-08-07 19:00:00-04:00,2020-08-05 13:43:22.598000-04:00,,2,,,,,,Treatment 2,343.215,113.5895,2.0,1.0,,,2.0,3.0,2.0,0.0,0.0,0.0,0.0,0.0,0.0,2.0,,,,,,3986717
PSA59TQ,405211,2020-08-05 11:00:00-04:00,2020-08-07 19:00:00-04:00,2020-08-05 13:45:50.274000-04:00,,1,,,,,,Treatment 1,427.15,29.685,7.0,4.0,1.0,1.0,4.0,8.0,6.0,2.0,0.0,0.0,0.0,0.0,1.0,1.0,,,,,,3986724
PSA59TQ,405213,2020-08-05 11:00:00-04:00,2020-08-07 19:00:00-04:00,2020-08-05 13:52:26.311000-04:00,2020-08-05 13:57:18.708000-04:00,1,,,,,,Treatment 3,96.573,24.13625,4.0,4.0,,,4.0,4.0,3.0,0.0,0.0,0.0,0.0,0.0,0.0,1.0,4.0,3.0,156.281,34.4115,1.0,3986786
PSA59TQ,405214,2020-08-05 11:00:00-04:00,2020-08-07 19:00:00-04:00,2020-08-05 13:46:37.139000-04:00,2020-08-05 13:56:00.989000-04:00,1,,,,,,Treatment 2,254.496,63.61975,4.0,4.0,,,4.0,4.0,3.0,0.0,0.0,0.0,0.0,0.0,0.0,1.0,4.0,4.0,240.784,60.19025,1.0,3986729
PSA59TQ,405217,2020-08-05 11:00:00-04:00,2020-08-07 19:00:00-04:00,2020-08-05 13:54:38.928000-04:00,2020-08-05 14:01:11.152000-04:00,1,,,,,,Control 2,107.959,35.977,3.0,3.0,,,3.0,3.0,3.0,0.0,0.0,0.0,0.0,0.0,0.0,1.0,4.0,4.0,153.895,38.467,1.0,3986798
PSA59TQ,405223,2020-08-05 11:00:00-04:00,2020-08-07 19:00:00-04:00,2020-08-05 14:02:55.389000-04:00,2020-08-05 14:09:16.566000-04:00,1,,,,,,Control 2,62.431,20.804,3.0,3.0,,,3.0,3.0,3.0,0.0,0.0,0.0,0.0,0.0,0.0,1.0,4.0,3.0,258.892,51.87,1.0,3986862
PSA59TQ,405233,2020-08-05 11:00:00-04:00,2020-08-07 19:00:00-04:00,2020-08-05 16:02:45.769000-04:00,2020-08-05 16:31:58.704000-04:00,1,,,,,,Treatment 3,757.846,189.4505,4.0,4.0,,,4.0,4.0,3.0,0.0,0.0,0.0,0.0,0.0,0.0,1.0,4.0,4.0,728.656,182.15575,1.0,3987156
PSA59TQ,405235,2020-08-05 11:00:00-04:00,2020-08-07 19:00:00-04:00,2020-08-05 14:14:37.609000-04:00,2020-08-12 17:07:20.800000-04:00,2,,,,,,Control 2,134.337,44.7733333333333,3.0,3.0,,,3.0,3.0,3.0,0.0,0.0,0.0,0.0,0.0,0.0,1.0,4.0,4.0,125.85,31.45775,1.0,3986892
PSA59TQ,405239,2020-08-05 11:00:00-04:00,2020-08-07 19:00:00-04:00,2020-08-05 13:48:57.912000-04:00,2020-08-05 13:55:44.349000-04:00,1,,,,,,Control 2,214.48,23.0001666666667,6.0,5.0,1.0,,6.0,8.0,6.0,0.0,0.0,0.0,0.0,0.0,0.0,1.0,4.0,3.0,152.023,24.3385,1.0,3986760
PSA59TQ,405249,2020-08-05 11:00:00-04:00,2020-08-07 19:00:00-04:00,2020-08-05 13:50:49.978000-04:00,2020-08-05 14:08:17.338000-04:00,1,,,,,,Treatment 3,446.081,84.913,5.0,4.0,1.0,,5.0,6.0,4.0,0.0,0.0,0.0,0.0,0.0,0.0,1.0,4.0,4.0,543.379,135.83575,1.0,3986772
PSA59TQ,405254,2020-08-05 11:00:00-04:00,2020-08-07 19:00:00-04:00,2020-08-05 13:52:12.893000-04:00,,1,,,,,,Control 1,729.782,44.5503,11.0,5.0,2.0,2.0,7.0,15.0,11.0,4.0,0.0,0.0,0.0,0.0,4.0,1.0,,,,,,3986783
PSA59TQ,405258,2020-08-05 11:00:00-04:00,2020-08-07 19:00:00-04:00,2020-08-05 13:54:16.929000-04:00,2020-08-05 14:02:03.852000-04:00,1,,,,,,Control 1,300.537,100.167,3.0,3.0,,,3.0,3.0,3.0,0.0,0.0,0.0,0.0,0.0,0.0,1.0,4.0,3.0,121.031,23.584,1.0,3986794
PSA59TQ,405260,2020-08-05 11:00:00-04:00,2020-08-07 19:00:00-04:00,2020-08-05 13:54:34.045000-04:00,,1,,,,,,Treatment 2,945.87,98.2217777777778,9.0,6.0,2.0,,9.0,11.0,7.0,0.0,0.0,0.0,0.0,0.0,0.0,1.0,,,,,,3986797
PSA59TQ,405270,2020-08-05 11:00:00-04:00,2020-08-07 19:00:00-04:00,2020-08-05 13:57:04.727000-04:00,2020-08-05 14:29:01.664000-04:00,1,,,,,,Treatment 1,1124.55,70.2155555555556,9.0,6.0,3.0,3.0,9.0,14.0,7.0,3.0,0.0,0.0,0.0,0.0,0.0,1.0,4.0,1.0,277.559,39.6365,1.0,3986812
PSA59TQ,405277,2020-08-05 11:00:00-04:00,2020-08-07 19:00:00-04:00,2020-08-05 14:04:59.520000-04:00,2020-08-05 14:09:21.521000-04:00,1,,,,,,Control 1,83.686,27.891,3.0,3.0,,,3.0,3.0,3.0,0.0,0.0,0.0,0.0,0.0,0.0,1.0,4.0,4.0,89.515,22.37325,1.0,3986850
PSA59TQ,405278,2020-08-05 11:00:00-04:00,2020-08-07 19:00:00-04:00,2020-08-05 14:07:55.603000-04:00,2020-08-05 14:17:11.060000-04:00,1,,,,,,Treatment 2,345.705,34.6516666666667,6.0,5.0,1.0,1.0,5.0,6.0,5.0,1.0,0.0,0.0,0.0,0.0,0.0,1.0,4.0,4.0,149.614,37.3935,1.0,3986860
PSA59TQ,405287,2020-08-05 11:00:00-04:00,2020-08-07 19:00:00-04:00,2020-08-05 14:01:44.035000-04:00,2020-08-05 14:12:51.937000-04:00,1,,,,,,Treatment 2,428.834,35.5106666666667,9.0,5.0,2.0,,9.0,13.0,7.0,0.0,0.0,0.0,0.0,0.0,0.0,1.0,4.0,3.0,140.379,29.75625,1.0,3986835
PSA59TQ,405288,2020-08-05 11:00:00-04:00,2020-08-07 19:00:00-04:00,2020-08-05 14:21:38.731000-04:00,2020-08-05 14:42:41.983000-04:00,1,,,,,,Treatment 2,929.145,60.8477777777778,9.0,7.0,2.0,,9.0,12.0,7.0,0.0,0.0,0.0,0.0,0.0,0.0,1.0,4.0,3.0,274.527,61.844,1.0,3986915
PSA59TQ,405290,2020-08-05 11:00:00-04:00,2020-08-07 19:00:00-04:00,2020-08-05 14:02:28.166000-04:00,2020-08-05 14:12:39.865000-04:00,1,,,,,,Control 1,273.398,91.1273333333333,3.0,3.0,,,3.0,3.0,3.0,0.0,0.0,0.0,0.0,0.0,0.0,1.0,4.0,3.0,271.429,52.75975,1.0,3986837
PSA59TQ,405300,2020-08-05 11:00:00-04:00,2020-08-07 19:00:00-04:00,2020-08-05 14:06:18.916000-04:00,2020-08-05 14:15:22.022000-04:00,1,,,,,,Control 2,369.004,39.9222,5.0,4.0,1.0,1.0,4.0,8.0,5.0,1.0,0.0,0.0,0.0,0.0,1.0,1.0,4.0,4.0,123.025,30.7515,1.0,3986853
PSA59TQ,405308,2020-08-05 11:00:00-04:00,2020-08-07 19:00:00-04:00,2020-08-19 02:43:04.129000-04:00,,3,,,,,,Control 3,1696.003,332.039,5.0,4.0,1.0,,5.0,6.0,5.0,0.0,0.0,0.0,0.0,0.0,0.0,1.0,2.0,1.0,8.076,8.066,2.0,4104989
PSA59TQ,405315,2020-08-05 11:00:00-04:00,2020-08-07 19:00:00-04:00,2020-08-05 14:12:13.497000-04:00,2020-08-05 14:34:58.954000-04:00,1,,,,,,Treatment 2,611.881,76.2918571428571,7.0,5.0,2.0,,7.0,9.0,6.0,0.0,0.0,0.0,0.0,0.0,0.0,1.0,4.0,3.0,336.527,79.8405,1.0,3986875
PSA59TQ,405326,2020-08-05 11:00:00-04:00,2020-08-07 19:00:00-04:00,2020-08-05 14:17:34.531000-04:00,2020-08-09 18:26:52.839000-04:00,4,,,,,,Treatment 2,360237.155,100.2615,6.0,5.0,1.0,,6.0,9.0,5.0,0.0,0.0,0.0,0.0,0.0,0.0,2.0,4.0,4.0,207.036,51.752,1.0,3986904
PSA59TQ,405343,2020-08-05 11:00:00-04:00,2020-08-07 19:00:00-04:00,2020-08-05 14:24:35.279000-04:00,2020-08-05 14:39:01.264000-04:00,1,,,,,,Control 2,663.367,76.3093333333333,6.0,4.0,1.0,,6.0,9.0,6.0,0.0,0.0,0.0,0.0,0.0,0.0,1.0,4.0,2.0,154.87,23.4725,1.0,3986919
PSA59TQ,405362,2020-08-05 11:00:00-04:00,2020-08-07 19:00:00-04:00,2020-08-05 14:37:53.738000-04:00,2020-08-05 15:16:56.028000-04:00,1,,,,,,Treatment 3,1224.767,306.18525,4.0,4.0,,,4.0,4.0,3.0,0.0,0.0,0.0,0.0,0.0,0.0,1.0,4.0,4.0,1013.049,253.25625,1.0,3986956
PSA59TQ,405371,2020-08-05 11:00:00-04:00,2020-08-07 19:00:00-04:00,2020-08-05 14:44:21.155000-04:00,2020-08-05 14:47:49.436000-04:00,1,,,,,,Treatment 3,147.228,36.80225,4.0,4.0,,,4.0,4.0,3.0,0.0,0.0,0.0,0.0,0.0,0.0,1.0,4.0,1.0,35.11,3.453,1.0,3986970
PSA59TQ,405397,2020-08-05 11:00:00-04:00,2020-08-07 19:00:00-04:00,2020-08-05 15:05:06.994000-04:00,2020-08-05 15:24:40.646000-04:00,1,,,,,,Control 1,735.894,61.87025,4.0,3.0,1.0,,4.0,6.0,4.0,0.0,0.0,0.0,0.0,0.0,0.0,1.0,4.0,2.0,387.027,64.87675,1.0,3987012
PSA59TQ,405496,2020-08-05 11:30:00-04:00,2020-08-07 19:00:00-04:00,2020-08-05 16:26:54.187000-04:00,2020-08-06 18:01:56.659000-04:00,2,,,,,,Treatment 2,91629.069,13082.6881428571,7.0,6.0,1.0,,7.0,8.0,6.0,0.0,0.0,0.0,0.0,0.0,0.0,2.0,4.0,4.0,279.734,69.92725,1.0,3987191
PSA59TQ,405505,2020-08-05 11:00:00-04:00,2020-08-07 19:00:00-04:00,2020-08-05 16:32:15.696000-04:00,,1,,,,,,Treatment 3,2434.503,67.7073076923077,13.0,10.0,3.0,2.0,13.0,18.0,10.0,2.0,0.0,0.0,0.0,0.0,1.0,1.0,,,,,,3987197
PSA59TQ,405558,2020-08-05 11:30:00-04:00,2020-08-07 19:00:00-04:00,2020-08-05 17:03:58.760000-04:00,,1,,,,,,Treatment 2,223.655,64.5435,2.0,0.0,0.0,,2.0,5.0,2.0,0.0,0.0,0.0,0.0,0.0,0.0,1.0,,,,,,3987269
PSA59TQ,405571,2020-08-05 11:00:00-04:00,2020-08-07 19:00:00-04:00,2020-08-05 17:13:32.447000-04:00,2020-08-05 17:31:58.060000-04:00,1,,,,,,Control 1,913.903,72.159875,8.0,6.0,2.0,2.0,8.0,13.0,8.0,2.0,0.0,0.0,0.0,0.0,2.0,1.0,4.0,3.0,129.78,27.791,1.0,3987293
PSA59TQ,405576,2020-08-05 11:00:00-04:00,2020-08-07 19:00:00-04:00,2020-08-05 17:18:24.838000-04:00,2020-08-05 19:42:58.852000-04:00,4,,,,,,Treatment 1,8209.15,174.648,10.0,5.0,2.0,2.0,7.0,16.0,8.0,3.0,0.0,0.0,0.0,0.0,3.0,3.0,4.0,2.0,416.715,70.61975,1.0,3987299
PSA59TQ,405611,2020-08-05 11:00:00-04:00,2020-08-07 19:00:00-04:00,2020-08-05 18:04:56.352000-04:00,,1,,,,,,Treatment 2,172.756,20.0924,5.0,3.0,1.0,,4.0,8.0,4.0,1.0,0.0,0.0,0.0,0.0,0.0,1.0,,,,,,3987363
PSA59TQ,405634,2020-08-05 11:00:00-04:00,2020-08-07 19:00:00-04:00,2020-08-05 18:53:01.437000-04:00,2020-08-05 19:00:59.806000-04:00,2,,,,,,Treatment 1,319.425,38.2764285714286,7.0,6.0,1.0,,7.0,9.0,6.0,0.0,0.0,0.0,0.0,0.0,0.0,1.0,4.0,4.0,85.227,21.30275,1.0,3987427
PSA59TQ,405638,2020-08-05 11:00:00-04:00,2020-08-07 19:00:00-04:00,2020-08-05 18:50:36.655000-04:00,2020-08-05 18:57:40.454000-04:00,1,,,,,,Control 3,169.11,56.3646666666667,3.0,3.0,,,3.0,3.0,3.0,0.0,0.0,0.0,0.0,0.0,0.0,1.0,4.0,4.0,228.191,57.04325,1.0,3987422
PSA59TQ,405642,2020-08-05 11:30:00-04:00,2020-08-07 19:00:00-04:00,2020-08-06 16:07:35.438000-04:00,2020-08-06 16:17:00.423000-04:00,2,,,,,,Control 1,165.384,55.1086666666667,3.0,3.0,,,3.0,3.0,3.0,0.0,0.0,0.0,0.0,0.0,0.0,1.0,4.0,3.0,319.018,73.68625,2.0,3989429
PSA59TQ,405657,2020-08-05 11:30:00-04:00,2020-08-07 19:00:00-04:00,2020-08-05 21:29:11.700000-04:00,2020-08-05 21:49:59.943000-04:00,4,,,,,,Control 1,994.882,53.0884166666667,12.0,8.0,4.0,4.0,11.0,16.0,12.0,4.0,0.0,0.0,0.0,0.0,0.0,2.0,4.0,2.0,141.256,32.2325,1.0,3987557
PSA59TQ,405673,2020-08-05 11:00:00-04:00,2020-08-07 19:00:00-04:00,2020-08-05 20:31:08.363000-04:00,2020-08-05 20:35:31.302000-04:00,1,,,,,,Treatment 3,152.869,23.4431666666667,6.0,5.0,1.0,,6.0,7.0,5.0,0.0,0.0,0.0,0.0,0.0,0.0,1.0,4.0,4.0,77.047,19.25525,1.0,3987516
PSA59TQ,405686,2020-08-05 11:00:00-04:00,2020-08-07 19:00:00-04:00,2020-08-05 21:16:32.709000-04:00,2020-08-05 21:37:08.151000-04:00,1,,,,,,Treatment 3,344.655,86.1525,4.0,4.0,,,4.0,4.0,3.0,0.0,0.0,0.0,0.0,0.0,0.0,1.0,4.0,4.0,403.996,100.9885,1.0,3987545
PSA59TQ,405704,2020-08-05 11:00:00-04:00,2020-08-07 19:00:00-04:00,2020-08-06 00:12:03.711000-04:00,2020-08-06 00:52:00.820000-04:00,1,,,,,,Treatment 1,1834.269,58.9852,10.0,6.0,3.0,2.0,9.0,19.0,8.0,2.0,0.0,0.0,0.0,0.0,0.0,1.0,4.0,2.0,505.244,90.26625,1.0,3987658
PSA59TQ,405720,2020-08-05 11:30:00-04:00,2020-08-07 19:00:00-04:00,2020-08-05 23:31:21.278000-04:00,2020-08-05 23:36:33.873000-04:00,1,,,,,,Control 3,157.674,52.5516666666667,3.0,3.0,,,3.0,3.0,3.0,0.0,0.0,0.0,0.0,0.0,0.0,1.0,4.0,4.0,114.249,28.55625,1.0,3987638
PSA59TQ,405728,2020-08-05 11:30:00-04:00,2020-08-07 19:00:00-04:00,2020-08-06 00:19:57.257000-04:00,2020-08-06 00:58:36.623000-04:00,1,,,,,,Control 1,1754.877,123.083090909091,11.0,7.0,3.0,0.0,11.0,20.0,11.0,1.0,0.0,0.0,0.0,0.0,1.0,1.0,4.0,4.0,59.102,14.77125,1.0,3987663
PSA59TQ,405736,2020-08-05 11:00:00-04:00,2020-08-07 19:00:00-04:00,2020-08-06 02:16:10.048000-04:00,,1,,,,,,Treatment 2,227.448,9.833,2.0,0.0,,,0.0,2.0,2.0,1.0,0.0,0.0,0.0,0.0,1.0,1.0,,,,,,3987697
PSA59TQ,406003,2020-08-05 11:30:00-04:00,2020-08-07 19:00:00-04:00,2020-08-23 15:47:58.965000-04:00,2020-08-23 15:55:11.445000-04:00,2,,,,,,Control 3,186.872,62.285,3.0,3.0,,,3.0,3.0,3.0,0.0,0.0,0.0,0.0,0.0,0.0,1.0,4.0,4.0,210.106,52.523,2.0,4190991
PSA59TQ,406020,2020-08-05 11:00:00-04:00,2020-08-07 19:00:00-04:00,2020-08-06 13:33:33.692000-04:00,2020-08-07 12:10:29.253000-04:00,2,,,,,,Treatment 1,81002.831,63.0727777777778,9.0,6.0,3.0,,9.0,14.0,7.0,0.0,0.0,0.0,0.0,0.0,0.0,2.0,4.0,4.0,344.643,86.1545,1.0,3988639
PSA59TQ,406109,2020-08-05 11:30:00-04:00,2020-08-07 19:00:00-04:00,2020-08-06 13:21:56.514000-04:00,,5,,,,,,Treatment 2,73768.515,17.64175,9.0,2.0,2.0,2.0,3.0,12.0,7.0,5.0,0.0,0.0,0.0,0.0,3.0,2.0,,,,,,3988542
PSA59TQ,406252,2020-08-05 11:30:00-04:00,2020-08-07 19:00:00-04:00,2020-08-06 14:45:52.690000-04:00,2020-08-06 19:29:02.383000-04:00,2,,,,,,Control 2,125.985,41.987,3.0,3.0,,,3.0,3.0,3.0,0.0,0.0,0.0,0.0,0.0,0.0,1.0,4.0,3.0,16739.112,4173.5545,2.0,3989042
PSA59TQ,406258,2020-08-05 11:00:00-04:00,2020-08-07 19:00:00-04:00,2020-08-06 14:34:40.884000-04:00,,1,,,,,,Control 2,,,1.0,,,,,0.0,1.0,0.0,0.0,0.0,0.0,0.0,0.0,1.0,,,,,,3988979
PSA59TQ,406305,2020-08-05 11:30:00-04:00,2020-08-07 19:00:00-04:00,2020-08-07 12:15:31.112000-04:00,2020-08-07 13:48:10.853000-04:00,2,,,,,,Control 3,308.381,64.08325,4.0,3.0,1.0,,4.0,5.0,4.0,0.0,0.0,0.0,0.0,0.0,0.0,1.0,4.0,3.0,5197.748,1225.14725,2.0,3991241
PSA59TQ,406358,2020-08-05 11:30:00-04:00,2020-08-07 19:00:00-04:00,2020-08-06 15:53:43.214000-04:00,2020-08-06 16:02:59.837000-04:00,1,,,,,,Control 2,204.748,68.2426666666667,3.0,3.0,,,3.0,3.0,3.0,0.0,0.0,0.0,0.0,0.0,0.0,1.0,4.0,4.0,261.935,65.4765,1.0,3989364
PSA59TQ,406415,2020-08-05 11:30:00-04:00,2020-08-07 19:00:00-04:00,2020-08-06 18:02:41.196000-04:00,2020-08-06 18:10:24.847000-04:00,1,,,,,,Control 1,192.784,45.3975,4.0,3.0,1.0,,4.0,5.0,4.0,0.0,0.0,0.0,0.0,0.0,0.0,1.0,4.0,1.0,222.232,25.64725,1.0,3989922
PSA59TQ,406550,2020-08-05 11:30:00-04:00,2020-08-07 19:00:00-04:00,2020-08-06 17:46:13.972000-04:00,,1,,,,,,Treatment 2,314.325,14.03475,13.0,6.0,3.0,3.0,9.0,17.0,10.0,6.0,0.0,0.0,0.0,0.0,6.0,1.0,,,,,,3989876
PSA59TQ,406552,2020-08-05 11:30:00-04:00,2020-08-07 19:00:00-04:00,2020-08-06 17:46:50.122000-04:00,,2,,,,,,Treatment 2,1364.895,205.257333333333,4.0,1.0,0.0,0.0,2.0,5.0,3.0,1.0,0.0,0.0,0.0,0.0,1.0,2.0,,,,,,3989878
PSA59TQ,406610,2020-08-05 11:00:00-04:00,2020-08-07 19:00:00-04:00,2020-08-06 18:57:57.955000-04:00,,1,,,,,,Treatment 1,372.292,59.4826666666667,3.0,1.0,1.0,1.0,2.0,6.0,3.0,2.0,0.0,0.0,0.0,0.0,1.0,1.0,,,,,,3990056
PSA59TQ,406662,2020-08-05 11:00:00-04:00,2020-08-07 19:00:00-04:00,2020-08-06 20:23:11.240000-04:00,2020-08-06 21:08:54.073000-04:00,9,,,,,,Treatment 1,1870.026,74.14,7.0,5.0,2.0,1.0,7.0,12.0,6.0,1.0,0.0,0.0,0.0,0.0,0.0,3.0,4.0,3.0,680.912,169.90675,1.0,3990211
PSA59TQ,406734,2020-08-05 11:30:00-04:00,2020-08-07 19:00:00-04:00,2020-08-06 23:27:46.191000-04:00,2020-08-06 23:30:03.187000-04:00,1,,,,,,Treatment 2,45.683,11.416,4.0,4.0,,,4.0,4.0,3.0,0.0,0.0,0.0,0.0,0.0,0.0,1.0,4.0,4.0,69.241,17.30525,1.0,3990381
PSA59TQ,407041,2020-08-05 11:30:00-04:00,2020-08-07 19:00:00-04:00,2020-08-07 10:46:51.518000-04:00,2020-08-07 13:53:10.609000-04:00,2,,,,,,Treatment 3,169.65,42.40725,4.0,4.0,,,4.0,4.0,3.0,0.0,0.0,0.0,0.0,0.0,0.0,1.0,4.0,4.0,10967.542,2741.87925,2.0,3990897
PSA59TQ,407113,2020-08-05 11:30:00-04:00,2020-08-07 19:00:00-04:00,2020-08-07 12:15:16.911000-04:00,2020-08-07 13:13:27.442000-04:00,2,,,,,,Treatment 3,220.215,23.7907142857143,7.0,6.0,1.0,1.0,7.0,8.0,6.0,1.0,0.0,0.0,0.0,0.0,0.0,1.0,4.0,4.0,3244.541,811.13125,2.0,3991240
PSA59TQ,407175,2020-08-05 11:30:00-04:00,2020-08-07 19:00:00-04:00,2020-08-07 12:09:50.312000-04:00,2020-08-07 12:15:23.088000-04:00,1,,,,,,Control 3,115.942,38.6263333333333,3.0,3.0,,,3.0,3.0,3.0,0.0,0.0,0.0,0.0,0.0,0.0,1.0,4.0,3.0,175.573,38.6225,1.0,3991211
PSA59TQ,407178,2020-08-05 11:30:00-04:00,2020-08-07 19:00:00-04:00,2020-08-07 12:11:57.759000-04:00,,1,,,,,,Not Assigned,,,,,,,,,,,,,,,,,,,,,,3991223
PSA59TQ,407193,2020-08-05 11:00:00-04:00,2020-08-07 19:00:00-04:00,2020-08-07 12:26:06.237000-04:00,2020-08-07 12:47:14.218000-04:00,1,,,,,,Treatment 1,1021.387,44.5417777777778,9.0,6.0,3.0,1.0,8.0,15.0,7.0,1.0,0.0,0.0,0.0,0.0,0.0,1.0,4.0,4.0,175.421,43.851,1.0,3991341
PSA59TQ,407211,2020-08-05 11:00:00-04:00,2020-08-07 19:00:00-04:00,2020-09-21 12:31:31.692000-04:00,2020-09-23 00:29:27.305000-04:00,3,,,,,,Treatment 1,128436.233,152.395857142857,7.0,6.0,1.0,,6.0,8.0,6.0,0.0,0.0,0.0,0.0,0.0,0.0,2.0,4.0,3.0,634.081,88.6625,1.0,5927860
PSA59TQ,407286,2020-08-05 11:00:00-04:00,2020-08-07 19:00:00-04:00,2020-08-07 12:46:21.596000-04:00,2020-08-24 13:28:37.987000-04:00,4,,,,,,Control 1,1470979.208,90.883,8.0,6.0,2.0,1.0,8.0,16.0,8.0,1.0,0.0,0.0,0.0,0.0,0.0,3.0,4.0,4.0,97.933,24.4775,1.0,3991547
PSA59TQ,407334,2020-08-05 11:00:00-04:00,2020-08-07 19:00:00-04:00,2020-08-07 13:09:50.655000-04:00,2020-08-07 13:17:41.131000-04:00,1,,,,,,Control 3,180.591,60.1923333333333,3.0,3.0,,,3.0,3.0,3.0,0.0,0.0,0.0,0.0,0.0,0.0,1.0,4.0,3.0,260.736,52.93575,1.0,3991716
PSA59TQ,407338,2020-08-05 11:00:00-04:00,2020-08-07 19:00:00-04:00,2020-08-11 13:12:02.086000-04:00,,1,,,,,,Not Assigned,,,,,,,,,,,,,,,,,,,,,,4007259
PSA59TQ,407353,2020-08-05 11:00:00-04:00,2020-08-07 19:00:00-04:00,2020-08-13 18:27:12.844000-04:00,2020-08-13 18:51:20.243000-04:00,1,,,,,,Treatment 2,1057.594,200.7006,5.0,4.0,1.0,,5.0,6.0,4.0,0.0,0.0,0.0,0.0,0.0,0.0,1.0,4.0,4.0,323.289,80.815,1.0,4039748
PSA59TQ,407503,2020-08-05 11:30:00-04:00,2020-08-07 19:00:00-04:00,2020-08-07 14:09:15.555000-04:00,,1,,,,,,Control 1,540.125,59.6468571428571,8.0,3.0,2.0,1.0,5.0,9.0,8.0,2.0,0.0,0.0,0.0,0.0,1.0,1.0,,,,,,3992237
PSA59TQ,407555,2020-08-05 11:30:00-04:00,2020-08-07 19:00:00-04:00,2020-08-07 14:19:34.719000-04:00,,1,,,,,,Not Assigned,,,,,,,,,,,,,,,,,,,,,,6071689
PSA59TQ,407570,2020-08-05 11:00:00-04:00,2020-08-07 19:00:00-04:00,2020-08-07 14:28:10.530000-04:00,2020-08-19 18:16:19.473000-04:00,8,,,,,,Control 1,1050152.535,174996.04,6.0,5.0,1.0,1.0,6.0,7.0,6.0,1.0,0.0,0.0,0.0,0.0,0.0,2.0,4.0,3.0,299.221,70.1255,1.0,3992366
PSA59TQ,407723,2020-08-05 11:00:00-04:00,2020-08-07 19:00:00-04:00,2020-08-07 16:12:45.102000-04:00,2020-08-07 23:56:06.013000-04:00,2,,,,,,Control 3,470.522,156.821,3.0,3.0,,,3.0,3.0,3.0,0.0,0.0,0.0,0.0,0.0,0.0,1.0,4.0,3.0,824.371,165.62225,1.0,3992845
PSA59TQ,407765,2020-08-05 11:00:00-04:00,2020-08-07 19:00:00-04:00,2020-08-07 16:53:46.148000-04:00,2020-08-07 17:05:58.993000-04:00,1,,,,,,Control 2,86.387,28.787,3.0,3.0,,,3.0,3.0,3.0,0.0,0.0,0.0,0.0,0.0,0.0,1.0,4.0,4.0,221.679,55.41475,1.0,3993051
PSA59TQ,407775,2020-08-05 11:00:00-04:00,2020-08-07 19:00:00-04:00,2020-08-07 16:38:50.157000-04:00,2020-08-07 16:51:06.525000-04:00,1,,,,,,Control 1,189.636,63.205,3.0,3.0,,,3.0,3.0,3.0,0.0,0.0,0.0,0.0,0.0,0.0,1.0,4.0,2.0,498.2,52.55275,1.0,3992978
PSA59TQ,407777,2020-08-05 11:00:00-04:00,2020-08-07 19:00:00-04:00,2020-08-07 16:38:53.933000-04:00,2020-08-07 16:46:24.604000-04:00,1,,,,,,Treatment 3,146.51,36.623,4.0,4.0,,,4.0,4.0,3.0,0.0,0.0,0.0,0.0,0.0,0.0,1.0,4.0,2.0,259.761,42.473,1.0,3992979
PSA59TQ,407778,2020-08-05 11:00:00-04:00,2020-08-07 19:00:00-04:00,2020-08-07 16:39:31.987000-04:00,2020-08-07 16:52:11.159000-04:00,1,,,,,,Control 3,507.138,119.97475,4.0,3.0,1.0,,3.0,4.0,4.0,0.0,0.0,0.0,0.0,0.0,0.0,1.0,4.0,3.0,221.418,45.24725,1.0,3992982
PSA59TQ,407780,2020-08-05 11:00:00-04:00,2020-08-07 19:00:00-04:00,2020-08-07 16:48:54.836000-04:00,,3,,,,,,Treatment 2,645.971,43.0001,10.0,7.0,2.0,1.0,9.0,14.0,8.0,2.0,0.0,0.0,0.0,0.0,2.0,1.0,,,,,,3993038
PSA59TQ,407781,2020-08-05 11:30:00-04:00,2020-08-07 19:00:00-04:00,2020-08-07 16:45:26.686000-04:00,,1,,,,,,Control 1,159.541,123.057,1.0,0.0,,,1.0,2.0,1.0,0.0,0.0,0.0,0.0,0.0,0.0,1.0,,,,,,3993012
PSA59TQ,407802,2020-08-05 11:00:00-04:00,2020-08-07 19:00:00-04:00,2020-08-07 17:00:26.570000-04:00,2020-08-09 23:41:36.752000-04:00,2,,,,,,Control 3,796.867,92.0228333333333,6.0,5.0,1.0,,6.0,8.0,6.0,0.0,0.0,0.0,0.0,0.0,0.0,2.0,4.0,4.0,249.587,62.39075,1.0,3993084
PSA59TQ,408100,2020-08-05 11:00:00-04:00,2020-08-07 19:00:00-04:00,2020-08-08 19:17:18.346000-04:00,,1,,,,,,Control 2,854.401,131.503333333333,6.0,5.0,1.0,,6.0,7.0,6.0,0.0,0.0,0.0,0.0,0.0,0.0,1.0,2.0,1.0,6.228,6.225,1.0,3993736
PSA59TQ,408447,2020-08-05 11:00:00-04:00,2020-08-07 19:00:00-04:00,2020-08-09 23:45:47.454000-04:00,2020-08-09 23:55:16.781000-04:00,1,,,,,,Treatment 2,359.059,65.3458,5.0,4.0,1.0,,5.0,6.0,4.0,0.0,0.0,0.0,0.0,0.0,0.0,1.0,4.0,3.0,145.236,32.69,1.0,3994098
PSA59TQ,410331,2020-08-05 11:00:00-04:00,2020-08-07 19:00:00-04:00,2020-08-10 14:34:02.827000-04:00,,1,,,,,,Control 2,327.192,289.368,1.0,0.0,,,0.0,1.0,1.0,1.0,0.0,0.0,0.0,0.0,0.0,1.0,,,,,,3999268
PSA59TQ,411185,2020-08-12 13:23:26.004000-04:00,2020-08-13 09:00:00-04:00,2020-08-12 17:11:40.535000-04:00,2020-08-12 17:28:47.097000-04:00,2,,,,,,Control 2,824.515,162.7064,5.0,4.0,1.0,,5.0,6.0,5.0,0.0,0.0,0.0,0.0,0.0,0.0,2.0,4.0,3.0,172.359,32.6965,1.0,4024310
PSA59TQ,411187,2020-08-12 13:23:26.004000-04:00,2020-08-13 09:00:00-04:00,2020-08-12 14:47:40.316000-04:00,2020-08-12 16:49:26.465000-04:00,2,,,,,,Treatment 2,7117.665,52.7673333333333,6.0,4.0,1.0,1.0,6.0,9.0,5.0,2.0,0.0,0.0,0.0,0.0,1.0,2.0,4.0,4.0,144.642,36.15725,1.0,4021994
PSA59TQ,411189,2020-08-12 13:23:26.004000-04:00,2020-08-13 09:00:00-04:00,2020-08-12 21:28:54.292000-04:00,2020-08-12 21:34:36.166000-04:00,1,,,,,,Control 3,128.612,42.8643333333333,3.0,3.0,,,3.0,3.0,3.0,0.0,0.0,0.0,0.0,0.0,0.0,1.0,4.0,1.0,166.12,32.3105,1.0,4025950
PSA59TQ,411204,2020-08-12 13:23:26.004000-04:00,2020-08-13 09:00:00-04:00,2020-08-12 14:54:25.611000-04:00,2020-08-12 16:36:18.803000-04:00,2,,,,,,Treatment 1,5704.634,810.394428571429,7.0,6.0,1.0,,7.0,8.0,6.0,0.0,0.0,0.0,0.0,0.0,0.0,2.0,4.0,3.0,330.211,66.14025,1.0,4022136
PSA59TQ,411207,2020-08-12 13:23:26.004000-04:00,2020-08-13 09:00:00-04:00,2020-08-12 18:16:58.440000-04:00,2020-08-12 18:35:51.926000-04:00,1,,,,,,Treatment 2,891.03,52.9518461538462,13.0,10.0,3.0,,13.0,16.0,10.0,0.0,0.0,0.0,0.0,0.0,0.0,1.0,4.0,3.0,178.4,24.32475,1.0,4024977
PSA59TQ,411210,2020-08-12 13:23:26.004000-04:00,2020-08-13 09:00:00-04:00,2020-08-12 14:57:28.430000-04:00,2020-08-12 18:31:14.550000-04:00,2,,,,,,Control 1,12482.369,91.007,5.0,3.0,1.0,0.0,5.0,8.0,5.0,1.0,0.0,0.0,0.0,0.0,1.0,2.0,4.0,3.0,295.691,46.937,1.0,4022200
PSA59TQ,411219,2020-08-12 13:23:26.004000-04:00,2020-08-13 09:00:00-04:00,2020-08-12 14:45:37.295000-04:00,2020-08-12 14:54:50.468000-04:00,1,,,,,,Treatment 1,349.159,87.286,4.0,4.0,,,4.0,4.0,3.0,0.0,0.0,0.0,0.0,0.0,0.0,1.0,4.0,4.0,171.83,42.95425,1.0,4021921
PSA59TQ,411334,2020-08-05 11:30:00-04:00,2020-08-07 19:00:00-04:00,2020-08-13 18:57:51.599000-04:00,2020-08-13 19:13:28.252000-04:00,1,,,,,,Treatment 2,646.083,61.0084285714286,7.0,5.0,2.0,,7.0,9.0,6.0,0.0,0.0,0.0,0.0,0.0,0.0,1.0,4.0,4.0,204.426,51.08925,1.0,4039960
PSA59TQ,412323,2020-08-11 16:18:00-04:00,2020-08-14 16:20:00-04:00,2020-08-13 16:33:58.952000-04:00,2020-08-13 16:48:55.195000-04:00,1,,,,,,Control 1,403.212,134.399,3.0,3.0,,,3.0,3.0,3.0,0.0,0.0,0.0,0.0,0.0,0.0,1.0,4.0,3.0,426.008,81.513,1.0,4037893
PSA59TQ,412375,2020-08-11 16:18:00-04:00,2020-08-14 16:20:00-04:00,2020-08-13 09:57:45.859000-04:00,2020-08-13 10:04:45.459000-04:00,1,,,,,,Treatment 3,117.166,29.28575,4.0,4.0,,,4.0,4.0,3.0,0.0,0.0,0.0,0.0,0.0,0.0,1.0,4.0,4.0,277.315,69.324,1.0,4027780
PSA59TQ,412396,2021-01-14 11:20:27.270000-05:00,2021-03-26 12:22:00-04:00,2021-02-02 15:43:54.767000-05:00,2021-02-02 15:48:12.493000-05:00,1,,,,,,Control 1,119.53,39.8333333333333,3.0,3.0,,,3.0,3.0,3.0,0.0,0.0,0.0,0.0,0.0,0.0,1.0,4.0,4.0,96.075,24.0145,1.0,12978829
PSA59TQ,412415,2020-08-11 16:18:00-04:00,2020-08-14 16:20:00-04:00,2020-08-13 08:56:44.957000-04:00,2020-08-13 16:16:54.396000-04:00,6,,,,,,Treatment 1,21189.878,1383.8216,15.0,12.0,3.0,2.0,15.0,21.0,12.0,2.0,0.0,0.0,0.0,0.0,2.0,4.0,4.0,4.0,167.283,41.814,1.0,4026979
PSA59TQ,412453,2020-08-11 16:18:00-04:00,2020-08-14 16:20:00-04:00,2020-08-11 21:58:06.488000-04:00,2020-08-11 22:03:48.212000-04:00,1,,,,,,Control 2,144.541,48.174,3.0,3.0,,,3.0,3.0,3.0,0.0,0.0,0.0,0.0,0.0,0.0,1.0,4.0,4.0,145.231,36.30275,1.0,4013956
PSA59TQ,412538,2020-08-05 11:30:00-04:00,2020-08-07 19:00:00-04:00,2020-11-12 17:15:43.900000-05:00,2020-11-12 17:22:51.764000-05:00,1,,,,,,Control 2,201.459,67.1466666666667,3.0,3.0,,,3.0,3.0,3.0,0.0,0.0,0.0,0.0,0.0,0.0,1.0,4.0,3.0,180.256,20.59975,1.0,9673349
PSA59TQ,412750,2020-08-11 16:18:00-04:00,2020-08-14 16:20:00-04:00,2020-08-11 16:42:08.296000-04:00,2020-08-11 17:31:50.135000-04:00,2,,,,,,Control 2,2816.956,44.365,5.0,3.0,1.0,1.0,4.0,7.0,5.0,1.0,0.0,0.0,0.0,0.0,1.0,2.0,4.0,3.0,120.597,27.20875,1.0,4011614
PSA59TQ,412826,2020-08-11 16:18:00-04:00,2020-08-14 16:20:00-04:00,2020-08-13 12:25:33.003000-04:00,2020-08-13 12:44:50.194000-04:00,1,,,,,,Control 2,714.176,66.0603333333333,6.0,5.0,1.0,1.0,6.0,9.0,6.0,1.0,0.0,0.0,0.0,0.0,1.0,1.0,4.0,4.0,381.564,95.38775,1.0,4031136
PSA59TQ,412905,2020-08-11 16:18:00-04:00,2020-08-14 16:20:00-04:00,2020-08-11 16:52:31.699000-04:00,2020-08-12 09:57:14.153000-04:00,2,,,,,,Control 2,669.736,75.6312,5.0,4.0,1.0,1.0,5.0,8.0,5.0,1.0,0.0,0.0,0.0,0.0,1.0,1.0,4.0,4.0,193.894,48.4695,1.0,4011829
PSA59TQ,413610,2020-08-11 16:18:00-04:00,2020-08-14 16:20:00-04:00,2020-08-13 10:52:57.427000-04:00,2020-08-13 11:36:36.917000-04:00,1,,,,,,Control 1,2351.26,204.947125,8.0,5.0,2.0,1.0,7.0,12.0,8.0,2.0,0.0,0.0,0.0,0.0,2.0,1.0,4.0,1.0,184.494,10.44675,1.0,4028956
PSA59TQ,413911,2020-08-11 16:18:00-04:00,2020-08-14 16:20:00-04:00,2020-08-14 14:50:16.625000-04:00,,3,,,,,,Treatment 2,735.881,45.6073,10.0,2.0,2.0,2.0,3.0,13.0,8.0,8.0,0.0,0.0,0.0,0.0,7.0,3.0,,,,,,4049929
PSA59TQ,414183,2020-08-11 16:18:00-04:00,2020-08-14 16:20:00-04:00,2020-08-12 15:03:10.326000-04:00,2020-08-13 15:25:18.084000-04:00,3,,,,,,Control 3,86957.348,21681.286,4.0,3.0,1.0,1.0,4.0,8.0,4.0,1.0,0.0,0.0,0.0,0.0,1.0,2.0,4.0,3.0,696.404,144.30375,1.0,4022275
PSA59TQ,414336,2020-08-05 11:00:00-04:00,2020-08-07 19:00:00-04:00,2020-08-19 11:37:46.667000-04:00,2020-08-19 11:48:40.284000-04:00,1,,,,,,Control 2,456.905,39.9818,5.0,4.0,1.0,1.0,5.0,8.0,5.0,1.0,0.0,0.0,0.0,0.0,0.0,1.0,4.0,3.0,145.396,24.032,1.0,4111543
PSA59TQ,414389,2020-08-05 11:00:00-04:00,2020-08-07 19:00:00-04:00,2020-08-20 12:20:33.946000-04:00,2020-08-20 12:52:57.306000-04:00,3,,,,,,Control 1,1485.257,68.2760833333333,12.0,8.0,3.0,2.0,12.0,17.0,12.0,3.0,0.0,0.0,0.0,0.0,0.0,2.0,4.0,4.0,188.345,47.08025,2.0,4141287
PSA59TQ,414402,2020-08-05 11:00:00-04:00,2020-08-07 19:00:00-04:00,2020-08-20 12:49:41.927000-04:00,2020-08-20 13:10:28.339000-04:00,1,,,,,,Control 2,799.222,93.6874,5.0,3.0,1.0,1.0,5.0,8.0,5.0,1.0,0.0,0.0,0.0,0.0,1.0,1.0,4.0,4.0,396.061,99.00475,1.0,4143611
PSA59TQ,414677,2020-08-05 11:00:00-04:00,2020-08-07 19:00:00-04:00,2020-08-20 13:09:59.478000-04:00,2020-08-20 13:24:07.637000-04:00,3,,,,,,Control 3,125.599,41.86,3.0,3.0,,,3.0,3.0,3.0,0.0,0.0,0.0,0.0,0.0,0.0,1.0,4.0,2.0,670.609,29.8725,2.0,4144914
PSA59TQ,414914,2020-08-11 16:18:00-04:00,2020-08-14 16:20:00-04:00,2020-08-12 22:16:54.589000-04:00,2020-08-12 22:29:20.620000-04:00,1,,,,,,Control 1,626.044,57.1728333333333,6.0,5.0,1.0,1.0,6.0,11.0,6.0,1.0,0.0,0.0,0.0,0.0,0.0,1.0,4.0,4.0,81.155,20.28225,1.0,4026091
PSA59TQ,415086,2020-08-11 16:18:00-04:00,2020-08-14 16:20:00-04:00,2020-08-13 15:39:50.954000-04:00,2020-08-13 15:50:00.958000-04:00,1,,,,,,Treatment 2,452.638,35.8213333333333,9.0,7.0,2.0,1.0,8.0,11.0,7.0,1.0,0.0,0.0,0.0,0.0,0.0,1.0,4.0,4.0,95.212,23.79925,1.0,4036811
PSA59TQ,415157,2020-08-11 16:18:00-04:00,2020-08-14 16:20:00-04:00,2020-08-12 20:42:05.425000-04:00,2020-08-12 21:03:53.903000-04:00,1,,,,,,Treatment 1,702.24,123.6124,5.0,4.0,1.0,1.0,5.0,6.0,4.0,1.0,0.0,0.0,0.0,0.0,1.0,1.0,4.0,3.0,568.525,132.2925,1.0,4025724
PSA59TQ,415159,2020-08-11 16:18:00-04:00,2020-08-14 16:20:00-04:00,2020-08-12 21:46:19.556000-04:00,2020-08-17 14:17:37.026000-04:00,2,,,,,,Treatment 3,404368.645,57711.5578571429,7.0,6.0,1.0,,7.0,9.0,6.0,0.0,0.0,0.0,0.0,0.0,0.0,2.0,4.0,4.0,649.574,162.38925,1.0,4025999
PSA59TQ,415165,2020-08-11 16:18:00-04:00,2020-08-14 16:20:00-04:00,2020-08-12 11:46:05.247000-04:00,2020-08-12 11:58:03.783000-04:00,1,,,,,,Treatment 2,373.085,31.3503333333333,6.0,5.0,1.0,1.0,6.0,8.0,5.0,1.0,0.0,0.0,0.0,0.0,0.0,1.0,4.0,2.0,236.652,36.3095,1.0,4017080
PSA59TQ,415168,2020-08-11 16:18:00-04:00,2020-08-14 16:20:00-04:00,2020-08-12 17:22:51.024000-04:00,2020-08-12 17:32:44.609000-04:00,2,,,,,,Control 1,321.36,48.3796,5.0,4.0,1.0,,5.0,6.0,5.0,0.0,0.0,0.0,0.0,0.0,0.0,1.0,4.0,3.0,214.15,42.90275,1.0,4024455
PSA59TQ,415178,2020-08-11 16:18:00-04:00,2020-08-14 16:20:00-04:00,2020-08-11 16:19:32.268000-04:00,2020-08-11 16:43:55.594000-04:00,2,,,,,,Treatment 3,1063.07,54.8347272727273,11.0,8.0,3.0,,9.0,14.0,9.0,0.0,0.0,0.0,0.0,0.0,0.0,1.0,4.0,1.0,295.006,56.99175,1.0,4011197
PSA59TQ,415329,2021-01-14 11:20:27.267000-05:00,2021-03-26 12:22:00-04:00,2021-01-29 20:37:55.876000-05:00,2021-01-29 20:41:18.733000-05:00,1,,,,,,Treatment 3,94.281,23.56275,4.0,4.0,,,4.0,4.0,3.0,0.0,0.0,0.0,0.0,0.0,0.0,1.0,4.0,4.0,86.814,21.69475,1.0,12844568
PSA59TQ,415664,2020-08-11 16:18:00-04:00,2020-08-14 16:20:00-04:00,2020-08-12 09:28:41.194000-04:00,2020-08-12 09:39:11.875000-04:00,1,,,,,,Control 3,260.02,86.6673333333333,3.0,3.0,,,3.0,3.0,3.0,0.0,0.0,0.0,0.0,0.0,0.0,1.0,4.0,2.0,279.317,46.7085,1.0,4015039
PSA59TQ,415667,2020-08-11 16:18:00-04:00,2020-08-14 16:20:00-04:00,2020-08-12 10:40:14.687000-04:00,2020-08-12 11:39:25.360000-04:00,1,,,,,,Control 3,2866.571,159.268916666667,12.0,7.0,4.0,4.0,12.0,19.0,12.0,5.0,0.0,0.0,0.0,0.0,3.0,1.0,4.0,1.0,577.851,75.247,1.0,4015927
PSA59TQ,415668,2020-08-11 16:18:00-04:00,2020-08-14 16:20:00-04:00,2020-08-13 10:12:24.774000-04:00,2020-08-13 15:16:55.822000-04:00,2,,,,,,Control 1,17994.099,4478.236,4.0,3.0,1.0,,4.0,5.0,4.0,0.0,0.0,0.0,0.0,0.0,0.0,2.0,4.0,2.0,199.212,39.0635,1.0,4028050
PSA59TQ,415674,2020-08-11 16:18:00-04:00,2020-08-14 16:20:00-04:00,2020-08-13 15:15:43.441000-04:00,2020-08-13 19:13:18.556000-04:00,2,,,,,,Control 3,14076.366,83.352,4.0,3.0,1.0,,4.0,6.0,4.0,0.0,0.0,0.0,0.0,0.0,0.0,2.0,4.0,4.0,115.275,28.8165,1.0,4036263
PSA59TQ,415751,2020-08-11 16:18:00-04:00,2020-08-14 16:20:00-04:00,2020-08-12 16:27:33.025000-04:00,2020-08-12 20:59:08.040000-04:00,4,,,,,,Control 2,13905.181,347.017333333333,6.0,4.0,1.0,0.0,6.0,8.0,6.0,1.0,0.0,0.0,0.0,0.0,1.0,2.0,4.0,2.0,2302.249,495.08175,1.0,4023620
PSA59TQ,416048,2020-08-11 16:18:00-04:00,2020-08-14 16:20:00-04:00,2020-08-13 17:01:36.105000-04:00,2020-08-13 17:05:29.033000-04:00,1,,,,,,Treatment 3,125.869,31.466,4.0,4.0,,,4.0,4.0,3.0,0.0,0.0,0.0,0.0,0.0,0.0,1.0,4.0,4.0,74.109,18.52575,1.0,4038600
PSA59TQ,416072,2020-08-11 16:18:00-04:00,2020-08-14 16:20:00-04:00,2020-08-11 16:20:51.782000-04:00,2020-08-13 09:12:02.974000-04:00,2,,,,,,Control 3,146918.917,36.59125,4.0,3.0,1.0,1.0,3.0,6.0,4.0,1.0,0.0,0.0,0.0,0.0,0.0,2.0,4.0,4.0,113.006,28.24675,1.0,4011220
PSA59TQ,416131,2021-05-03 12:00:00-04:00,2021-05-04 02:59:00-04:00,2021-05-03 12:05:24.424000-04:00,2021-05-03 12:14:10.121000-04:00,1,,,,,,Control 3,46.144,15.379,3.0,3.0,,,3.0,3.0,3.0,0.0,0.0,0.0,0.0,0.0,0.0,1.0,4.0,3.0,408.026,75.7895,1.0,16083110
PSA59TQ,416134,2021-05-03 12:00:00-04:00,2021-05-04 02:59:00-04:00,2021-05-03 15:35:29.002000-04:00,2021-05-03 15:42:20.830000-04:00,1,,,,,,Control 3,272.487,90.8226666666666,3.0,3.0,,,3.0,3.0,3.0,0.0,0.0,0.0,0.0,0.0,0.0,1.0,4.0,3.0,108.075,21.71925,1.0,16099350
PSA59TQ,416135,2021-05-03 12:00:00-04:00,2021-05-04 02:59:00-04:00,2021-05-04 00:02:14.158000-04:00,2021-05-04 00:14:14.869000-04:00,1,,,,,,Control 3,312.459,104.150333333333,3.0,3.0,,,3.0,3.0,3.0,0.0,0.0,0.0,0.0,0.0,0.0,1.0,4.0,4.0,362.122,90.52775,1.0,16107513
PSA59TQ,416136,2021-05-03 12:00:00-04:00,2021-05-04 02:59:00-04:00,2021-05-03 12:24:05.284000-04:00,2021-05-03 12:27:24.075000-04:00,1,,,,,,Control 3,78.133,26.0403333333333,3.0,3.0,,,3.0,3.0,3.0,0.0,0.0,0.0,0.0,0.0,0.0,1.0,4.0,3.0,87.163,20.1565,1.0,16084640
PSA59TQ,416138,2021-05-03 12:00:00-04:00,2021-05-04 02:59:00-04:00,2021-05-03 18:48:04.212000-04:00,2021-05-03 19:06:15.929000-04:00,1,,,,,,Control 3,818.673,272.877,3.0,3.0,,,3.0,3.0,3.0,0.0,0.0,0.0,0.0,0.0,0.0,1.0,4.0,4.0,227.465,56.85975,1.0,16104609
PSA59TQ,416139,2021-05-03 12:00:00-04:00,2021-05-04 02:59:00-04:00,2021-05-03 15:50:43.465000-04:00,2021-05-03 20:34:16.184000-04:00,2,,,,,,Treatment 2,16466.813,313.685142857143,7.0,4.0,1.0,1.0,6.0,10.0,6.0,3.0,0.0,0.0,0.0,0.0,3.0,2.0,4.0,4.0,495.187,123.79225,1.0,16099937
PSA59TQ,416146,2021-05-03 12:00:00-04:00,2021-05-04 02:59:00-04:00,2021-05-03 13:58:29.398000-04:00,2021-05-03 14:07:21.093000-04:00,1,,,,,,Control 3,114.227,38.0693333333333,3.0,3.0,,,3.0,3.0,3.0,0.0,0.0,0.0,0.0,0.0,0.0,1.0,4.0,3.0,377.739,90.669,1.0,16093011
PSA59TQ,416161,2021-05-03 12:00:00-04:00,2021-05-04 02:59:00-04:00,2021-05-03 17:43:00.445000-04:00,2021-05-03 17:53:09.423000-04:00,1,,,,,,Treatment 1,336.646,84.155,4.0,4.0,,,4.0,4.0,3.0,0.0,0.0,0.0,0.0,0.0,0.0,1.0,4.0,4.0,190.406,47.5965,1.0,16103484
PSA59TQ,416194,2021-05-03 12:00:00-04:00,2021-05-04 02:59:00-04:00,2021-05-03 14:52:18.258000-04:00,2021-05-03 15:07:06.152000-04:00,1,,,,,,Control 3,403.568,92.164,4.0,3.0,1.0,,4.0,5.0,4.0,0.0,0.0,0.0,0.0,0.0,0.0,1.0,4.0,4.0,390.653,97.6575,1.0,16096990
PSA59TQ,416240,2020-08-11 16:18:00-04:00,2020-08-14 16:20:00-04:00,2020-08-11 17:14:15.148000-04:00,2020-08-12 18:57:39.682000-04:00,2,,,,,,Control 1,92229.708,71.1403333333333,6.0,4.0,1.0,1.0,6.0,16.0,6.0,2.0,0.0,0.0,0.0,0.0,1.0,2.0,4.0,3.0,308.917,72.034,1.0,4012227
PSA59TQ,416349,2021-05-03 12:00:00-04:00,2021-05-04 02:59:00-04:00,2021-05-03 12:02:44.457000-04:00,2021-05-03 12:26:00.139000-04:00,1,,,,,,Treatment 2,1053.376,179.9502,5.0,4.0,1.0,1.0,5.0,8.0,4.0,1.0,0.0,0.0,0.0,0.0,0.0,1.0,4.0,4.0,170.66,42.6615,1.0,16082885
PSA59TQ,416420,2021-05-03 12:00:00-04:00,2021-05-04 02:59:00-04:00,2021-05-03 14:14:09.613000-04:00,2021-05-03 14:35:01.391000-04:00,1,,,,,,Treatment 3,1020.465,42.9076153846154,13.0,9.0,3.0,2.0,13.0,20.0,10.0,2.0,0.0,0.0,0.0,0.0,2.0,1.0,4.0,3.0,182.241,29.2845,1.0,16094278
PSA59TQ,416914,2020-08-11 16:18:00-04:00,2020-08-14 16:20:00-04:00,2020-08-12 21:08:39.907000-04:00,2020-08-12 21:42:53.796000-04:00,1,,,,,,Control 3,1185.536,104.007428571429,7.0,5.0,1.0,,7.0,10.0,7.0,0.0,0.0,0.0,0.0,0.0,0.0,1.0,4.0,2.0,636.54,82.91375,1.0,4025859
PSA59TQ,416917,2020-08-11 16:18:00-04:00,2020-08-14 16:20:00-04:00,2020-08-13 13:11:37.501000-04:00,2020-08-13 13:31:12.327000-04:00,1,,,,,,Control 1,483.948,161.310666666667,3.0,3.0,,,3.0,3.0,3.0,0.0,0.0,0.0,0.0,0.0,0.0,1.0,4.0,3.0,619.922,78.32125,1.0,4032633
PSA59TQ,419356,2020-08-11 16:18:00-04:00,2020-08-14 16:20:00-04:00,2020-08-13 10:09:17.024000-04:00,2020-08-13 10:12:28.519000-04:00,1,,,,,,Control 2,56.132,18.7026666666667,3.0,3.0,,,3.0,3.0,3.0,0.0,0.0,0.0,0.0,0.0,0.0,1.0,4.0,1.0,107.788,16.05575,1.0,4027972
PSA59TQ,419358,2020-08-11 16:18:00-04:00,2020-08-14 16:20:00-04:00,2020-08-13 12:06:38.967000-04:00,2020-08-13 12:30:45.248000-04:00,3,,,,,,Treatment 2,1083.186,11.6119230769231,13.0,5.0,4.0,4.0,8.0,30.0,10.0,6.0,0.0,0.0,0.0,0.0,0.0,2.0,4.0,1.0,317.915,40.359,1.0,4030565
PSA59TQ,419662,2020-08-11 16:18:00-04:00,2020-08-14 16:20:00-04:00,2020-08-12 16:20:05.904000-04:00,2020-08-13 21:32:34.159000-04:00,2,,,,,,Control 1,1010.942,89.358,6.0,4.0,1.0,,5.0,7.0,6.0,0.0,0.0,0.0,0.0,0.0,0.0,1.0,4.0,4.0,273.891,68.4695,1.0,4023506
PSA59TQ,419663,2020-08-11 16:18:00-04:00,2020-08-14 16:20:00-04:00,2020-08-12 20:32:48.484000-04:00,2020-08-12 20:54:50.780000-04:00,1,,,,,,Control 1,1032.084,66.5629166666667,12.0,8.0,4.0,2.0,12.0,17.0,12.0,2.0,0.0,0.0,0.0,0.0,0.0,1.0,4.0,4.0,238.539,59.62925,1.0,4025681
PSA59TQ,420549,2021-05-03 12:00:00-04:00,2021-05-04 02:59:00-04:00,2021-05-03 18:14:35.903000-04:00,,1,,,,,,Treatment 1,466.441,125.284666666667,3.0,1.0,0.0,,3.0,4.0,3.0,0.0,0.0,0.0,0.0,0.0,0.0,1.0,,,,,,16104153
PSA59TQ,423009,2021-05-03 12:00:00-04:00,2021-05-04 02:59:00-04:00,2021-05-03 12:11:38.690000-04:00,2021-05-03 12:16:00.116000-04:00,1,,,,,,Control 3,116.875,38.9486666666667,3.0,3.0,,,3.0,3.0,3.0,0.0,0.0,0.0,0.0,0.0,0.0,1.0,4.0,4.0,121.128,30.274,1.0,16083631
PSA59TQ,424185,2020-08-11 16:18:00-04:00,2020-08-14 16:20:00-04:00,2020-08-14 13:59:12.464000-04:00,2020-08-14 14:24:56.521000-04:00,1,,,,,,Treatment 3,472.309,118.06575,4.0,4.0,,,4.0,4.0,3.0,0.0,0.0,0.0,0.0,0.0,0.0,1.0,4.0,2.0,1036.295,118.83525,1.0,4048662
PSA59TQ,425302,2020-08-11 16:18:00-04:00,2020-08-14 16:20:00-04:00,2020-08-14 09:26:55.290000-04:00,2020-08-17 14:15:41.255000-04:00,3,,,,,,Treatment 2,275974.861,27563.0159,10.0,7.0,2.0,1.0,9.0,14.0,8.0,1.0,0.0,0.0,0.0,0.0,1.0,2.0,4.0,2.0,446.655,42.80225,1.0,4042500
PSA59TQ,429184,2020-09-30 08:00:00-04:00,2020-09-30 15:15:00-04:00,2020-09-30 13:11:10.489000-04:00,2020-09-30 13:33:46.186000-04:00,1,,,,,,Control 2,436.631,99.4945,4.0,3.0,1.0,,4.0,5.0,4.0,0.0,0.0,0.0,0.0,0.0,0.0,1.0,4.0,3.0,847.661,169.133,1.0,6790400
PSA59TQ,429295,2020-09-08 08:00:00-04:00,2020-09-08 15:15:00-04:00,2020-09-09 13:11:37.763000-04:00,2020-09-09 13:25:23.954000-04:00,1,,,,,,Control 3,507.124,92.815,5.0,4.0,1.0,,5.0,6.0,5.0,0.0,0.0,0.0,0.0,0.0,0.0,1.0,4.0,4.0,294.543,73.63325,1.0,5000742
PSA59TQ,429322,2020-09-08 08:00:00-04:00,2020-09-08 15:15:00-04:00,2020-09-09 13:29:42.917000-04:00,2020-09-09 13:38:48.546000-04:00,1,,,,,,Treatment 3,331.14,53.2926666666667,6.0,5.0,1.0,,6.0,7.0,5.0,0.0,0.0,0.0,0.0,0.0,0.0,1.0,4.0,2.0,163.804,33.49725,1.0,5004117
PSA59TQ,429327,2020-09-08 08:00:00-04:00,2020-09-08 15:15:00-04:00,2020-09-09 13:13:26.332000-04:00,,1,,,,,,Treatment 1,474.883,118.71675,4.0,4.0,,,4.0,4.0,3.0,0.0,0.0,0.0,0.0,0.0,0.0,1.0,2.0,1.0,8.313,8.31,1.0,5001091
PSA59TQ,433301,2020-09-30 08:00:00-04:00,2020-09-30 15:15:00-04:00,2020-09-30 13:08:39.286000-04:00,2020-09-30 13:12:36.994000-04:00,1,,,,,,Treatment 1,103.402,25.847,4.0,4.0,,,4.0,4.0,3.0,0.0,0.0,0.0,0.0,0.0,0.0,1.0,4.0,4.0,73.107,18.27375,1.0,6789856
PSA59TQ,438489,2021-05-12 07:30:00-04:00,,2021-05-12 08:01:44.823000-04:00,,1,,,,,,Treatment 2,89.811,26.6043333333333,4.0,2.0,1.0,,3.0,4.0,3.0,0.0,0.0,0.0,0.0,0.0,0.0,1.0,,,,,,16331238
PSA59TQ,443733,2020-09-29 20:36:18.374000-04:00,,2020-10-09 16:39:47.808000-04:00,2020-10-09 16:57:04.626000-04:00,1,,,,,,Control 1,711.078,91.7151666666667,6.0,5.0,1.0,1.0,6.0,8.0,6.0,1.0,0.0,0.0,0.0,0.0,1.0,1.0,4.0,1.0,271.149,55.64025,1.0,7553368
PSA59TQ,451732,2020-09-01 10:00:00-04:00,2020-09-03 01:01:00-04:00,2020-09-01 10:44:42.931000-04:00,2020-09-01 15:51:54.010000-04:00,2,,,,,,Control 3,17878.647,2968.62233333333,6.0,4.0,2.0,,6.0,9.0,6.0,0.0,0.0,0.0,0.0,0.0,0.0,2.0,4.0,3.0,503.842,120.5895,1.0,4551102
PSA59TQ,451826,2020-09-01 10:00:00-04:00,2020-09-03 01:01:00-04:00,2020-09-01 11:35:51.085000-04:00,2020-09-01 13:13:21.493000-04:00,1,,,,,,Treatment 3,5725.162,31.7533571428571,14.0,8.0,5.0,2.0,13.0,30.0,11.0,2.0,0.0,0.0,0.0,0.0,2.0,1.0,4.0,4.0,66.506,16.62175,1.0,4559184
PSA59TQ,452790,2020-09-01 10:00:00-04:00,2020-09-03 01:01:00-04:00,2020-09-01 11:13:53.038000-04:00,2020-09-01 11:26:29.953000-04:00,1,,,,,,Control 2,596.366,103.5642,5.0,4.0,1.0,1.0,5.0,6.0,5.0,1.0,0.0,0.0,0.0,0.0,1.0,1.0,4.0,4.0,138.357,34.5815,1.0,4555839
PSA59TQ,452795,2020-09-01 10:00:00-04:00,2020-09-03 01:01:00-04:00,2020-09-01 16:20:24.762000-04:00,2020-09-02 15:56:12.261000-04:00,2,,,,,,Control 1,84120.448,185.963666666667,6.0,5.0,1.0,,6.0,9.0,6.0,0.0,0.0,0.0,0.0,0.0,0.0,2.0,4.0,3.0,782.7,173.38025,1.0,4603055
PSA59TQ,454680,2020-09-01 10:00:00-04:00,2020-09-03 01:01:00-04:00,2020-09-01 11:16:54.953000-04:00,,1,,,,,,Treatment 2,420.112,36.96575,5.0,1.0,1.0,1.0,4.0,9.0,4.0,2.0,0.0,0.0,0.0,0.0,1.0,1.0,,,,,,4556296
PSA59TQ,454684,2020-09-01 10:00:00-04:00,2020-09-03 01:01:00-04:00,2020-09-01 10:14:52.935000-04:00,2020-09-01 10:21:47.048000-04:00,1,,,,,,Treatment 2,226.843,56.7075,4.0,4.0,,,4.0,4.0,3.0,0.0,0.0,0.0,0.0,0.0,0.0,1.0,4.0,4.0,144.794,36.19575,1.0,4547265
PSA59TQ,456307,2021-05-03 12:00:00-04:00,2021-05-04 02:59:00-04:00,2021-05-03 15:54:01.349000-04:00,2021-05-03 16:15:45.286000-04:00,1,,,,,,Control 3,805.885,268.618,3.0,3.0,,,3.0,3.0,3.0,0.0,0.0,0.0,0.0,0.0,0.0,1.0,4.0,3.0,434.561,105.46175,1.0,16100062
PSA59TQ,456353,2021-05-03 12:00:00-04:00,2021-05-04 02:59:00-04:00,2021-05-03 12:02:34.005000-04:00,2021-05-03 12:11:21.523000-04:00,1,,,,,,Control 2,393.024,40.6066,5.0,4.0,1.0,1.0,5.0,7.0,5.0,1.0,0.0,0.0,0.0,0.0,1.0,1.0,4.0,4.0,83.986,20.991,1.0,16082873
PSA59TQ,456356,2021-05-03 12:00:00-04:00,2021-05-04 02:59:00-04:00,2021-05-19 13:40:51.806000-04:00,,1,,,,,,Control 2,,,1.0,,,,,0.0,1.0,0.0,0.0,0.0,0.0,0.0,0.0,1.0,,,,,,16507661
PSA59TQ,458388,2020-09-01 10:00:00-04:00,2020-09-03 01:01:00-04:00,2020-09-01 11:36:57.578000-04:00,2020-09-01 12:30:53.041000-04:00,3,,,,,,Treatment 2,1180.442,224.4512,5.0,4.0,1.0,,5.0,6.0,4.0,0.0,0.0,0.0,0.0,0.0,0.0,2.0,4.0,4.0,1906.262,476.532,2.0,4559340
PSA59TQ,458605,2020-09-01 10:00:00-04:00,2020-09-03 01:01:00-04:00,2020-09-01 10:47:43.945000-04:00,2020-09-01 11:01:54.671000-04:00,1,,,,,,Control 3,655.824,39.5836666666667,9.0,7.0,2.0,1.0,9.0,15.0,9.0,1.0,0.0,0.0,0.0,0.0,1.0,1.0,4.0,4.0,73.034,18.253,1.0,4551598
PSA59TQ,461989,2020-09-01 10:00:00-04:00,2020-09-03 01:01:00-04:00,2020-09-01 11:35:50.431000-04:00,2020-09-02 20:44:52.750000-04:00,2,,,,,,Treatment 1,85510.667,7551.26936363636,11.0,9.0,2.0,1.0,11.0,14.0,9.0,1.0,0.0,0.0,0.0,0.0,1.0,2.0,4.0,3.0,33734.733,8427.29775,1.0,4559182
PSA59TQ,466851,2020-09-29 20:36:18.374000-04:00,,2020-09-30 13:32:56.437000-04:00,2020-09-30 13:40:12.197000-04:00,1,,,,,,Treatment 1,197.393,31.4926,5.0,4.0,1.0,,5.0,6.0,4.0,0.0,0.0,0.0,0.0,0.0,0.0,1.0,4.0,3.0,217.586,50.15225,1.0,6795116
PSA59TQ,467635,2020-09-01 10:00:00-04:00,2020-09-03 01:01:00-04:00,2020-09-01 10:32:12.237000-04:00,2020-09-01 10:41:53.151000-04:00,1,,,,,,Control 1,177.122,59.0373333333333,3.0,3.0,,,3.0,3.0,3.0,0.0,0.0,0.0,0.0,0.0,0.0,1.0,4.0,4.0,357.308,89.324,1.0,4549278
PSA59TQ,469608,2021-08-20 12:35:00-04:00,2021-08-20 13:20:00-04:00,2021-08-20 12:48:58.632000-04:00,,1,,,,,,Treatment 1,676.237,57.3042857142857,7.0,6.0,1.0,1.0,7.0,10.0,6.0,1.0,0.0,0.0,0.0,0.0,0.0,1.0,3.0,2.0,34.348,17.167,1.0,16860507
PSA59TQ,472135,2020-09-01 10:00:00-04:00,2020-09-03 01:01:00-04:00,2020-09-01 11:35:58.250000-04:00,2020-09-01 12:44:39.368000-04:00,1,,,,,,Treatment 2,3748.624,273.081230769231,13.0,10.0,3.0,,13.0,18.0,10.0,0.0,0.0,0.0,0.0,0.0,0.0,1.0,4.0,2.0,252.888,18.02225,1.0,4559211
PSA59TQ,479406,2020-08-05 11:00:00-04:00,2020-08-07 19:00:00-04:00,2020-08-26 16:30:15.235000-04:00,2020-08-26 16:34:39.270000-04:00,1,,,,,,Treatment 2,117.416,29.3495,4.0,4.0,,,4.0,4.0,3.0,0.0,0.0,0.0,0.0,0.0,0.0,1.0,4.0,4.0,77.205,19.29725,1.0,4332502
PSA59TQ,486612,2020-09-01 10:00:00-04:00,2020-09-03 01:01:00-04:00,2020-09-01 11:38:26.497000-04:00,,1,,,,,,Control 2,326.719,85.3935,3.0,1.0,,,2.0,4.0,3.0,1.0,0.0,0.0,0.0,0.0,1.0,1.0,,,,,,4559597
PSA59TQ,488188,2020-11-23 09:00:00-05:00,2020-11-24 15:58:00-05:00,2020-11-23 14:19:45.864000-05:00,2020-11-23 14:26:45.912000-05:00,1,,,,,,Control 1,154.04,51.3373333333333,3.0,3.0,,,3.0,3.0,3.0,0.0,0.0,0.0,0.0,0.0,0.0,1.0,4.0,4.0,209.699,52.4175,1.0,10236693
PSA59TQ,488199,2020-11-23 09:00:00-05:00,2020-11-24 15:58:00-05:00,2020-11-23 11:02:42.001000-05:00,2020-11-23 11:13:54.381000-05:00,1,,,,,,Control 1,192.771,64.2496666666667,3.0,3.0,,,3.0,3.0,3.0,0.0,0.0,0.0,0.0,0.0,0.0,1.0,4.0,4.0,281.528,70.37625,1.0,10216076
PSA59TQ,488210,2020-11-23 09:00:00-05:00,2020-11-24 15:58:00-05:00,2020-11-23 11:21:54.498000-05:00,2020-11-23 11:35:38.881000-05:00,1,,,,,,Control 1,572.431,70.1906666666667,6.0,4.0,1.0,1.0,6.0,11.0,6.0,1.0,0.0,0.0,0.0,0.0,1.0,1.0,4.0,4.0,189.411,47.33425,1.0,10218387
PSA59TQ,488211,2020-11-23 09:00:00-05:00,2020-11-24 15:58:00-05:00,2020-11-23 14:30:34.248000-05:00,2020-11-23 14:37:54.144000-05:00,1,,,,,,Control 3,232.449,77.475,3.0,3.0,,,3.0,3.0,3.0,0.0,0.0,0.0,0.0,0.0,0.0,1.0,4.0,4.0,149.33,37.32625,1.0,10237717
PSA59TQ,488213,2020-11-23 09:00:00-05:00,2020-11-24 15:58:00-05:00,2020-11-23 13:36:53.947000-05:00,2020-11-23 13:48:58.934000-05:00,1,,,,,,Treatment 2,540.915,135.22125,4.0,4.0,,,4.0,4.0,3.0,0.0,0.0,0.0,0.0,0.0,0.0,1.0,4.0,4.0,127.644,31.9055,1.0,10232222
PSA59TQ,488214,2020-11-23 09:00:00-05:00,2020-11-24 15:58:00-05:00,2020-11-23 13:11:35.541000-05:00,2020-11-23 13:15:46.166000-05:00,1,,,,,,Treatment 1,166.738,23.1532,5.0,4.0,1.0,,5.0,6.0,4.0,0.0,0.0,0.0,0.0,0.0,0.0,1.0,4.0,4.0,48.855,12.207,1.0,10229528
PSA59TQ,488215,2020-11-23 09:00:00-05:00,2020-11-24 15:58:00-05:00,2020-11-23 14:46:21.953000-05:00,2020-11-23 15:00:25.628000-05:00,1,,,,,,Treatment 1,338.803,84.68325,4.0,4.0,,,4.0,4.0,3.0,0.0,0.0,0.0,0.0,0.0,0.0,1.0,4.0,2.0,447.621,69.239,1.0,10239085
PSA59TQ,488216,2020-11-23 09:00:00-05:00,2020-11-24 15:58:00-05:00,2020-11-23 09:24:31.005000-05:00,2020-11-23 09:42:19.039000-05:00,1,,,,,,Treatment 2,549.932,137.464,4.0,4.0,,,4.0,4.0,3.0,0.0,0.0,0.0,0.0,0.0,0.0,1.0,4.0,4.0,465.448,116.35375,1.0,10205949
PSA59TQ,488217,2020-11-23 09:00:00-05:00,2020-11-24 15:58:00-05:00,2020-12-15 21:19:41.184000-05:00,2020-12-15 21:23:47.711000-05:00,1,,,,,,Control 3,94.438,31.473,3.0,3.0,,,3.0,3.0,3.0,0.0,0.0,0.0,0.0,0.0,0.0,1.0,4.0,4.0,103.058,25.75925,1.0,11321435
PSA59TQ,488218,2020-11-23 09:00:00-05:00,2020-11-24 15:58:00-05:00,2020-11-23 09:07:04.849000-05:00,,3,,,,,,Treatment 1,10801.197,141.571166666667,13.0,6.0,4.0,4.0,11.0,23.0,10.0,6.0,0.0,0.0,0.0,0.0,6.0,2.0,,,,,,10204549
PSA59TQ,488219,2020-11-23 09:00:00-05:00,2020-11-24 15:58:00-05:00,2020-11-30 12:51:22.163000-05:00,2020-11-30 13:11:50.512000-05:00,1,,,,,,Treatment 1,175.111,43.7575,4.0,4.0,,,4.0,4.0,3.0,0.0,0.0,0.0,0.0,0.0,0.0,1.0,4.0,3.0,246.746,58.5835,1.0,10356457
PSA59TQ,488228,2020-11-23 09:00:00-05:00,2020-11-24 15:58:00-05:00,2020-11-23 11:21:04.886000-05:00,2020-11-23 11:45:36.521000-05:00,1,,,,,,Treatment 2,891.016,116.107333333333,6.0,5.0,1.0,1.0,6.0,8.0,5.0,1.0,0.0,0.0,0.0,0.0,0.0,1.0,4.0,3.0,335.425,63.8665,1.0,10218281
PSA59TQ,488235,2020-11-23 09:00:00-05:00,2020-11-24 15:58:00-05:00,2020-11-30 12:54:06.780000-05:00,2020-11-30 13:11:21.161000-05:00,1,,,,,,Treatment 1,688.098,65.6478571428571,7.0,5.0,2.0,2.0,7.0,10.0,6.0,2.0,0.0,0.0,0.0,0.0,2.0,1.0,4.0,2.0,317.462,70.113,1.0,10356925
PSA59TQ,488252,2020-11-23 09:00:00-05:00,2020-11-24 15:58:00-05:00,2020-11-23 14:26:14.866000-05:00,2020-11-23 15:07:21.444000-05:00,2,,,,,,Control 3,435.462,145.146666666667,3.0,3.0,,,3.0,3.0,3.0,0.0,0.0,0.0,0.0,0.0,0.0,1.0,4.0,2.0,262.093,53.465,1.0,10237324
PSA59TQ,490528,2020-09-01 10:00:00-04:00,2020-09-03 01:01:00-04:00,2020-09-04 16:01:52.580000-04:00,,1,,,,,,Treatment 3,50.114,50.11,2.0,1.0,,,1.0,1.0,2.0,0.0,0.0,0.0,0.0,0.0,0.0,1.0,,,,,,4834733
PSA59TQ,490642,2020-11-23 09:00:00-05:00,2020-11-24 15:58:00-05:00,2020-11-23 17:12:49.323000-05:00,2020-11-23 17:19:44.633000-05:00,1,,,,,,Control 2,64.516,21.5036666666667,3.0,3.0,,,3.0,3.0,3.0,0.0,0.0,0.0,0.0,0.0,0.0,1.0,4.0,3.0,216.835,45.88575,1.0,10245896
PSA59TQ,490644,2020-11-23 09:00:00-05:00,2020-11-24 15:58:00-05:00,2020-11-23 11:19:15.149000-05:00,2020-11-23 11:25:31.682000-05:00,1,,,,,,Control 3,109.413,36.4623333333333,3.0,3.0,,,3.0,3.0,3.0,0.0,0.0,0.0,0.0,0.0,0.0,1.0,4.0,3.0,140.352,29.88025,1.0,10218048
PSA59TQ,490645,2020-11-23 09:00:00-05:00,2020-11-24 15:58:00-05:00,2020-11-23 13:19:26.179000-05:00,2020-11-23 13:26:31.443000-05:00,1,,,,,,Treatment 2,187.517,19.2228333333333,6.0,5.0,1.0,,6.0,8.0,5.0,0.0,0.0,0.0,0.0,0.0,0.0,1.0,4.0,3.0,191.083,35.3325,1.0,10230410
PSA59TQ,490647,2020-11-23 09:00:00-05:00,2020-11-24 15:58:00-05:00,2020-11-23 14:10:29.165000-05:00,2020-11-23 14:16:39.419000-05:00,1,,,,,,Treatment 3,178.538,44.627,4.0,4.0,,,4.0,4.0,3.0,0.0,0.0,0.0,0.0,0.0,0.0,1.0,4.0,4.0,138.666,34.6605,1.0,10235836
PSA59TQ,490653,2020-11-23 09:00:00-05:00,2020-11-24 15:58:00-05:00,2020-11-30 09:29:27.880000-05:00,2020-11-30 09:37:11.959000-05:00,1,,,,,,Control 1,227.11,75.6953333333333,3.0,3.0,,,3.0,3.0,3.0,0.0,0.0,0.0,0.0,0.0,0.0,1.0,4.0,4.0,179.693,44.91675,1.0,10320617
PSA59TQ,490671,2020-11-23 09:00:00-05:00,2020-11-24 15:58:00-05:00,2020-11-23 19:34:04.833000-05:00,2020-11-23 19:46:45.268000-05:00,1,,,,,,Treatment 2,478.344,63.9146666666667,6.0,5.0,1.0,,6.0,7.0,5.0,0.0,0.0,0.0,0.0,0.0,0.0,1.0,4.0,3.0,246.894,46.98475,1.0,10248846
PSA59TQ,490676,2020-11-23 09:00:00-05:00,2020-11-24 15:58:00-05:00,2020-11-23 13:15:21.372000-05:00,2020-11-23 13:56:22.437000-05:00,1,,,,,,Control 2,522.285,102.544,4.0,3.0,1.0,,4.0,5.0,4.0,0.0,0.0,0.0,0.0,0.0,0.0,1.0,4.0,4.0,331.51,82.86975,1.0,10229973
PSA59TQ,490700,2020-11-23 09:00:00-05:00,2020-11-24 15:58:00-05:00,2020-11-28 03:15:58.270000-05:00,2020-11-28 03:22:33.466000-05:00,1,,,,,,Control 3,139.161,46.379,3.0,3.0,,,3.0,3.0,3.0,0.0,0.0,0.0,0.0,0.0,0.0,1.0,4.0,2.0,208.76,44.7825,1.0,10306138
PSA59TQ,490702,2020-11-23 09:00:00-05:00,2020-11-24 15:58:00-05:00,2020-11-24 12:14:56.388000-05:00,2020-11-24 12:24:32.593000-05:00,1,,,,,,Treatment 3,448.42,21.7676666666667,15.0,10.0,3.0,3.0,13.0,18.0,12.0,4.0,0.0,0.0,0.0,0.0,2.0,1.0,4.0,4.0,68.112,17.02275,1.0,10272721
PSA59TQ,490703,2020-11-23 09:00:00-05:00,2020-11-24 15:58:00-05:00,2020-11-23 09:05:43.360000-05:00,2020-11-23 09:28:26.884000-05:00,1,,,,,,Control 1,1097.79,128.8125,8.0,6.0,2.0,2.0,7.0,10.0,8.0,2.0,0.0,0.0,0.0,0.0,2.0,1.0,4.0,4.0,222.685,55.66325,1.0,10204420
PSA59TQ,490706,2020-11-23 09:00:00-05:00,2020-11-24 15:58:00-05:00,2020-11-23 09:33:28.264000-05:00,2020-11-23 09:53:49.039000-05:00,2,,,,,,Control 3,921.523,45.1970909090909,11.0,3.0,3.0,3.0,5.0,16.0,11.0,8.0,0.0,0.0,0.0,0.0,5.0,1.0,4.0,3.0,211.115,50.5805,1.0,10206836
PSA59TQ,490712,2020-11-23 09:00:00-05:00,2020-11-24 15:58:00-05:00,2020-11-23 11:38:15.842000-05:00,2020-11-23 11:49:48.465000-05:00,1,,,,,,Treatment 2,542.313,29.2928571428571,7.0,6.0,1.0,,7.0,8.0,6.0,0.0,0.0,0.0,0.0,0.0,0.0,1.0,4.0,4.0,95.81,23.946,1.0,10220250
PSA59TQ,490719,2020-11-23 09:00:00-05:00,2020-11-24 15:58:00-05:00,2020-11-23 09:09:09.025000-05:00,2020-11-23 09:15:57.319000-05:00,1,,,,,,Treatment 2,193.865,48.45925,4.0,4.0,,,4.0,4.0,3.0,0.0,0.0,0.0,0.0,0.0,0.0,1.0,4.0,4.0,165.124,41.27525,1.0,10204678
PSA59TQ,490771,2020-11-23 09:00:00-05:00,2020-11-24 15:58:00-05:00,2020-11-24 01:36:59.865000-05:00,2020-11-24 01:56:17.379000-05:00,1,,,,,,Treatment 2,567.566,50.071,6.0,4.0,1.0,1.0,6.0,10.0,5.0,1.0,0.0,0.0,0.0,0.0,0.0,1.0,4.0,3.0,517.051,84.0595,1.0,10252200
PSA59TQ,491136,2021-05-03 12:00:00-04:00,2021-05-04 02:59:00-04:00,2021-05-03 17:50:57.759000-04:00,,1,,,,,,Treatment 3,372.351,49.2345,7.0,5.0,1.0,,6.0,7.0,6.0,0.0,0.0,0.0,0.0,0.0,0.0,1.0,,,,,,16103667
PSA59TQ,493764,2020-09-01 10:00:00-04:00,2020-09-03 01:01:00-04:00,2020-09-01 11:38:34.880000-04:00,2020-09-01 11:47:01.887000-04:00,1,,,,,,Control 3,312.858,51.2546,5.0,3.0,1.0,0.0,4.0,6.0,5.0,1.0,0.0,0.0,0.0,0.0,1.0,1.0,4.0,4.0,146.828,36.69975,1.0,4559627
PSA59TQ,497090,2021-04-27 13:24:26.019000-04:00,2021-04-27 20:30:00-04:00,2021-04-29 11:39:34.655000-04:00,2021-04-29 11:43:31.528000-04:00,1,,,,,,Control 1,151.302,21.6928333333333,6.0,5.0,1.0,1.0,6.0,7.0,6.0,1.0,0.0,0.0,0.0,0.0,0.0,1.0,4.0,4.0,63.618,15.891,1.0,16003978
PSA59TQ,501541,2020-09-01 10:00:00-04:00,2020-09-03 01:01:00-04:00,2020-09-01 11:35:34.924000-04:00,,1,,,,,,Not Assigned,,,,,,,,,,,,,,,,,,,,,,4559141
PSA59TQ,502029,2020-09-01 10:00:00-04:00,2020-09-03 01:01:00-04:00,2020-09-01 11:37:08.984000-04:00,2020-09-01 11:45:52.597000-04:00,1,,,,,,Treatment 1,318.695,79.65275,4.0,4.0,,,4.0,4.0,3.0,0.0,0.0,0.0,0.0,0.0,0.0,1.0,4.0,3.0,163.902,33.07475,1.0,4559377
PSA59TQ,503387,2020-09-01 10:00:00-04:00,2020-09-03 01:01:00-04:00,2020-09-01 11:05:52.259000-04:00,2020-09-01 12:24:33.932000-04:00,2,,,,,,Control 3,2637.476,53.8479090909091,11.0,6.0,3.0,1.0,11.0,20.0,11.0,1.0,0.0,0.0,0.0,0.0,0.0,1.0,4.0,3.0,149.55,30.375,1.0,4554642
PSA59TQ,507058,2021-01-14 11:20:27.270000-05:00,2021-03-26 12:22:00-04:00,2021-05-12 15:11:03.106000-04:00,2021-05-12 15:14:14.250000-04:00,1,,,,,,Control 3,89.797,29.9093333333333,3.0,3.0,,,3.0,3.0,3.0,0.0,0.0,0.0,0.0,0.0,0.0,1.0,4.0,4.0,74.546,18.6225,1.0,16356057
PSA59TQ,510066,2021-04-27 13:24:26.019000-04:00,2021-04-27 20:30:00-04:00,2021-04-27 13:47:54.004000-04:00,,1,,,,,,Not Assigned,,,,,,,,,,,,,,,,,,,,,,15930791
PSA59TQ,510108,2021-04-27 13:24:26.019000-04:00,2021-04-27 20:30:00-04:00,2021-04-27 13:41:16.225000-04:00,2021-04-27 14:08:43.751000-04:00,1,,,,,,Treatment 1,1470.972,65.8279285714286,14.0,9.0,3.0,1.0,13.0,22.0,11.0,1.0,0.0,0.0,0.0,0.0,1.0,1.0,4.0,3.0,141.74,32.20775,1.0,15930216
PSA59TQ,510109,2021-04-27 13:24:26.019000-04:00,2021-04-27 20:30:00-04:00,2021-04-27 13:45:51.528000-04:00,2021-04-27 13:52:27.115000-04:00,1,,,,,,Control 2,237.17,36.437,5.0,4.0,1.0,,5.0,6.0,5.0,0.0,0.0,0.0,0.0,0.0,0.0,1.0,4.0,4.0,109.987,27.49025,1.0,15930638
PSA59TQ,510130,2021-04-27 13:24:26.019000-04:00,2021-04-27 20:30:00-04:00,2021-04-27 13:47:16.866000-04:00,2021-04-27 14:00:43.673000-04:00,1,,,,,,Control 1,645.438,47.14225,8.0,6.0,2.0,2.0,8.0,11.0,8.0,2.0,0.0,0.0,0.0,0.0,2.0,1.0,4.0,4.0,94.084,23.5135,1.0,15930748
PSA59TQ,510134,2021-04-27 13:24:26.019000-04:00,2021-04-27 20:30:00-04:00,2021-04-27 13:39:50.310000-04:00,2021-04-27 13:59:19.907000-04:00,1,,,,,,Control 1,991.886,330.611666666667,3.0,3.0,,,3.0,3.0,3.0,0.0,0.0,0.0,0.0,0.0,0.0,1.0,4.0,4.0,129.812,32.448,1.0,15930052
PSA59TQ,510140,2021-04-27 13:24:26.019000-04:00,2021-04-27 20:30:00-04:00,2021-04-27 13:47:46.671000-04:00,2021-04-27 14:11:13.467000-04:00,1,,,,,,Treatment 1,1276.997,111.724,10.0,8.0,2.0,2.0,10.0,14.0,8.0,2.0,0.0,0.0,0.0,0.0,2.0,1.0,4.0,4.0,72.873,18.2155,1.0,15930780
PSA59TQ,510146,2021-04-27 13:24:26.019000-04:00,2021-04-27 20:30:00-04:00,2021-04-27 14:00:24.928000-04:00,2021-04-27 14:05:49.862000-04:00,1,,,,,,Control 2,122.56,40.8466666666667,3.0,3.0,,,3.0,3.0,3.0,0.0,0.0,0.0,0.0,0.0,0.0,1.0,4.0,4.0,184.519,46.123,1.0,15931963
PSA59TQ,510154,2021-04-27 13:24:26.019000-04:00,2021-04-27 20:30:00-04:00,2021-04-27 13:40:54.182000-04:00,2021-04-27 13:56:25.722000-04:00,1,,,,,,Control 1,237.71,79.2286666666667,3.0,3.0,,,3.0,3.0,3.0,0.0,0.0,0.0,0.0,0.0,0.0,1.0,4.0,4.0,577.048,144.25675,1.0,15930163
PSA59TQ,510155,2021-04-27 13:24:26.019000-04:00,2021-04-27 20:30:00-04:00,2021-04-27 13:55:08.934000-04:00,2021-04-27 14:03:26.401000-04:00,1,,,,,,Control 2,321.284,63.1886,5.0,4.0,1.0,,5.0,6.0,5.0,0.0,0.0,0.0,0.0,0.0,0.0,1.0,4.0,4.0,154.582,38.63925,1.0,15931489
PSA59TQ,510158,2021-04-27 13:24:26.019000-04:00,2021-04-27 20:30:00-04:00,2021-04-27 13:42:40.311000-04:00,2021-04-27 13:46:34.614000-04:00,1,,,,,,Control 3,124.093,41.3593333333333,3.0,3.0,,,3.0,3.0,3.0,0.0,0.0,0.0,0.0,0.0,0.0,1.0,4.0,4.0,68.05,17.00825,1.0,15930362
PSA59TQ,510178,2021-04-27 13:24:26.019000-04:00,2021-04-27 20:30:00-04:00,2021-04-27 13:47:43.493000-04:00,2021-04-27 14:28:56.355000-04:00,1,,,,,,Control 2,1181.247,85.2783333333334,6.0,5.0,1.0,1.0,6.0,10.0,6.0,1.0,0.0,0.0,0.0,0.0,1.0,1.0,4.0,3.0,751.531,183.54,1.0,15930777
PSA59TQ,510221,2020-09-01 10:00:00-04:00,2020-09-03 01:01:00-04:00,2020-09-01 11:42:32.866000-04:00,2020-09-01 11:56:55.959000-04:00,1,,,,,,Control 1,689.741,40.793625,8.0,6.0,2.0,,8.0,10.0,8.0,0.0,0.0,0.0,0.0,0.0,0.0,1.0,4.0,4.0,109.129,27.277,1.0,4560263
PSA59TQ,510978,2020-09-08 08:00:00-04:00,2020-09-08 15:15:00-04:00,2020-09-09 13:22:01.144000-04:00,,1,,,,,,Not Assigned,,,,,,,,,,,,,,,,,,,,,,5002661
PSA59TQ,516938,2020-09-01 10:00:00-04:00,2020-09-03 01:01:00-04:00,2020-09-01 11:36:48.231000-04:00,,1,,,,,,Treatment 2,511.832,51.7572222222222,9.0,7.0,2.0,,9.0,11.0,7.0,0.0,0.0,0.0,0.0,0.0,0.0,1.0,3.0,2.0,30.442,15.215,1.0,4559316
PSA59TQ,521348,2021-04-27 13:24:26.019000-04:00,2021-04-27 20:30:00-04:00,2021-04-27 13:47:44.943000-04:00,,1,,,,,,Control 2,1111.615,62.812,2.0,1.0,,,2.0,3.0,2.0,0.0,0.0,0.0,0.0,0.0,0.0,1.0,,,,,,15930779
PSA59TQ,527502,2020-11-18 09:51:44.955000-05:00,2020-11-18 11:53:00-05:00,2020-11-18 09:59:41.857000-05:00,,1,,,,,,Treatment 2,151.088,22.74475,5.0,3.0,1.0,,4.0,5.0,4.0,0.0,0.0,0.0,0.0,0.0,0.0,1.0,,,,,,9970706
PSA59TQ,528475,2020-09-01 10:00:00-04:00,2020-09-03 01:01:00-04:00,2020-09-01 11:45:14.754000-04:00,,1,,,,,,Control 3,97.489,97.483,2.0,1.0,,,1.0,1.0,2.0,0.0,0.0,0.0,0.0,0.0,0.0,1.0,,,,,,4560717
PSA59TQ,528602,2021-04-08 14:40:00-04:00,2021-04-09 16:15:00-04:00,2021-04-09 14:19:32.079000-04:00,2021-04-09 14:28:23.987000-04:00,1,,,,,,Control 2,167.354,55.7773333333333,3.0,3.0,,,3.0,3.0,3.0,0.0,0.0,0.0,0.0,0.0,0.0,1.0,4.0,3.0,320.945,37.614,1.0,15408343
PSA59TQ,533259,2020-11-01 14:20:00-05:00,2020-11-02 14:17:00-05:00,2020-11-01 14:25:54.569000-05:00,,1,,,,,,Not Assigned,,,,,,,,,,,,,,,,,,,,,,8933524
PSA59TQ,535366,2021-02-23 08:30:00-05:00,2021-02-23 23:59:00-05:00,2021-02-23 19:20:38.458000-05:00,2021-02-23 19:23:59.840000-05:00,1,,,,,,Treatment 1,78.601,19.64875,4.0,4.0,,,4.0,4.0,3.0,0.0,0.0,0.0,0.0,0.0,0.0,1.0,4.0,4.0,83.528,20.881,1.0,13832048
PSA59TQ,535685,2020-09-29 20:36:18.374000-04:00,,2020-10-01 11:30:32.156000-04:00,2020-10-01 11:37:41.580000-04:00,1,,,,,,Control 1,149.067,27.88425,4.0,3.0,1.0,,4.0,5.0,4.0,0.0,0.0,0.0,0.0,0.0,0.0,1.0,4.0,4.0,56.539,14.13,1.0,6882738
PSA59TQ,536495,2021-02-23 08:30:00-05:00,2021-02-23 23:59:00-05:00,2021-02-23 10:08:03.399000-05:00,2021-02-23 10:21:12.986000-05:00,1,,,,,,Control 1,94.42,31.47,3.0,3.0,,,3.0,3.0,3.0,0.0,0.0,0.0,0.0,0.0,0.0,1.0,4.0,4.0,666.756,166.6825,1.0,13776921
PSA59TQ,536609,2021-02-23 08:30:00-05:00,2021-02-23 23:59:00-05:00,2021-02-23 09:43:43.114000-05:00,2021-02-23 09:46:44.477000-05:00,1,,,,,,Control 2,50.6,16.862,3.0,3.0,,,3.0,3.0,3.0,0.0,0.0,0.0,0.0,0.0,0.0,1.0,4.0,4.0,105.315,26.32475,1.0,13773718
PSA59TQ,536697,2021-02-23 08:30:00-05:00,2021-02-23 23:59:00-05:00,2021-02-23 09:32:40.963000-05:00,2021-02-23 09:35:20.263000-05:00,1,,,,,,Treatment 3,78.131,19.5285,4.0,4.0,,,4.0,4.0,3.0,0.0,0.0,0.0,0.0,0.0,0.0,1.0,4.0,4.0,66.78,16.691,1.0,13772505
PSA59TQ,536752,2021-02-23 08:30:00-05:00,2021-02-23 23:59:00-05:00,2021-02-23 09:37:36.305000-05:00,2021-02-23 09:43:16.279000-05:00,1,,,,,,Treatment 1,181.602,45.39825,4.0,4.0,,,4.0,4.0,3.0,0.0,0.0,0.0,0.0,0.0,0.0,1.0,4.0,4.0,114.661,28.66325,1.0,13773008
PSA59TQ,536768,2021-02-23 08:30:00-05:00,2021-02-23 23:59:00-05:00,2021-02-24 07:17:55.123000-05:00,,1,,,,,,Treatment 3,43.751,21.873,3.0,2.0,,,2.0,2.0,3.0,0.0,0.0,0.0,0.0,0.0,0.0,1.0,,,,,,13837381
PSA59TQ,536770,2021-02-23 08:30:00-05:00,2021-02-23 23:59:00-05:00,2021-02-23 15:18:27.151000-05:00,2021-02-23 15:28:41.224000-05:00,1,,,,,,Treatment 3,402.497,47.634,7.0,6.0,1.0,,7.0,8.0,6.0,0.0,0.0,0.0,0.0,0.0,0.0,1.0,4.0,4.0,186.812,46.695,1.0,13821086
PSA59TQ,536771,2021-02-23 08:30:00-05:00,2021-02-23 23:59:00-05:00,2021-02-23 09:40:48.608000-05:00,2021-02-23 09:45:27.648000-05:00,1,,,,,,Control 1,80.086,26.6873333333333,3.0,3.0,,,3.0,3.0,3.0,0.0,0.0,0.0,0.0,0.0,0.0,1.0,4.0,4.0,180.164,45.03125,1.0,13773372
PSA59TQ,536772,2021-02-23 08:30:00-05:00,2021-02-23 23:59:00-05:00,2021-02-23 09:31:31.951000-05:00,2021-02-23 09:35:01.359000-05:00,1,,,,,,Treatment 1,90.275,22.56175,4.0,4.0,,,4.0,4.0,3.0,0.0,0.0,0.0,0.0,0.0,0.0,1.0,4.0,3.0,83.998,15.462,1.0,13772379
PSA59TQ,536774,2021-02-23 08:30:00-05:00,2021-02-23 23:59:00-05:00,2021-02-23 09:41:34.132000-05:00,2021-02-23 09:46:40.223000-05:00,1,,,,,,Treatment 1,211.752,26.4238571428571,7.0,6.0,1.0,1.0,7.0,8.0,6.0,1.0,0.0,0.0,0.0,0.0,1.0,1.0,4.0,4.0,62.642,15.654,1.0,13773462
PSA59TQ,536808,2021-02-23 08:30:00-05:00,2021-02-23 23:59:00-05:00,2021-02-23 16:18:18.783000-05:00,2021-02-23 16:26:59.254000-05:00,1,,,,,,Control 3,346.296,33.23025,8.0,6.0,2.0,1.0,8.0,12.0,8.0,1.0,0.0,0.0,0.0,0.0,1.0,1.0,4.0,3.0,146.16,17.8895,1.0,13825600
PSA59TQ,536845,2021-02-23 08:30:00-05:00,2021-02-23 23:59:00-05:00,2021-02-23 20:40:36.021000-05:00,2021-02-23 20:45:52.884000-05:00,1,,,,,,Treatment 2,220.004,21.8042222222222,9.0,7.0,2.0,,9.0,11.0,7.0,0.0,0.0,0.0,0.0,0.0,0.0,1.0,4.0,3.0,74.716,14.43925,1.0,13833737
PSA59TQ,536858,2021-02-23 08:30:00-05:00,2021-02-23 23:59:00-05:00,2021-02-23 09:42:05.433000-05:00,2021-02-23 09:53:49.614000-05:00,1,,,,,,Treatment 1,316.812,79.19675,4.0,4.0,,,4.0,4.0,3.0,0.0,0.0,0.0,0.0,0.0,0.0,1.0,4.0,4.0,356.153,89.033,1.0,13773530
PSA59TQ,536861,2021-02-23 08:30:00-05:00,2021-02-23 23:59:00-05:00,2021-02-23 08:35:16.119000-05:00,2021-02-23 08:40:01.518000-05:00,1,,,,,,Treatment 3,87.021,21.72625,4.0,4.0,,,4.0,4.0,3.0,0.0,0.0,0.0,0.0,0.0,0.0,1.0,4.0,4.0,70.516,17.58425,1.0,13767519
PSA59TQ,536966,2021-02-23 08:30:00-05:00,2021-02-23 23:59:00-05:00,2021-02-23 09:35:35.976000-05:00,2021-02-23 09:39:15.256000-05:00,1,,,,,,Control 3,92.383,30.7926666666667,3.0,3.0,,,3.0,3.0,3.0,0.0,0.0,0.0,0.0,0.0,0.0,1.0,4.0,4.0,105.209,26.30075,1.0,13772818
PSA59TQ,537019,2021-02-23 08:30:00-05:00,2021-02-23 23:59:00-05:00,2021-02-23 09:30:49.915000-05:00,2021-02-23 09:34:41.214000-05:00,1,,,,,,Treatment 2,98.957,24.73525,4.0,4.0,,,4.0,4.0,3.0,0.0,0.0,0.0,0.0,0.0,0.0,1.0,4.0,4.0,106.515,26.62375,1.0,13772302
PSA59TQ,537115,2021-02-23 08:30:00-05:00,2021-02-23 23:59:00-05:00,2021-02-23 09:32:26.689000-05:00,2021-02-23 09:40:46.694000-05:00,1,,,,,,Control 3,165.858,55.281,3.0,3.0,,,3.0,3.0,3.0,0.0,0.0,0.0,0.0,0.0,0.0,1.0,4.0,4.0,304.231,76.05225,1.0,13772483
PSA59TQ,537208,2021-02-23 08:30:00-05:00,2021-02-23 23:59:00-05:00,2021-02-23 10:46:18.871000-05:00,2021-02-23 11:05:13.424000-05:00,1,,,,,,Control 1,351.584,117.188666666667,3.0,3.0,,,3.0,3.0,3.0,0.0,0.0,0.0,0.0,0.0,0.0,1.0,4.0,3.0,685.284,152.94,1.0,13782408
PSA59TQ,537535,2021-02-23 08:30:00-05:00,2021-02-23 23:59:00-05:00,2021-02-23 17:51:52.045000-05:00,2021-02-23 18:08:58.369000-05:00,1,,,,,,Treatment 2,701.54,82.3422857142857,7.0,5.0,1.0,1.0,7.0,11.0,6.0,2.0,0.0,0.0,0.0,0.0,2.0,1.0,4.0,4.0,289.762,72.43775,1.0,13829643
PSA59TQ,541781,2021-04-08 14:40:00-04:00,2021-04-09 16:15:00-04:00,2021-04-12 15:01:58.433000-04:00,2021-04-12 15:08:27.049000-04:00,1,,,,,,Control 3,186.908,62.2906666666667,3.0,3.0,,,3.0,3.0,3.0,0.0,0.0,0.0,0.0,0.0,0.0,1.0,4.0,3.0,167.34,39.52725,1.0,15456442
PSA59TQ,544281,2020-09-29 20:36:18.374000-04:00,,2020-10-01 11:28:50.060000-04:00,2020-10-01 11:58:25.359000-04:00,1,,,,,,Treatment 2,630.757,61.5185714285714,7.0,4.0,1.0,1.0,5.0,8.0,6.0,3.0,0.0,0.0,0.0,0.0,2.0,1.0,4.0,4.0,643.283,160.81375,1.0,6882346
PSA59TQ,546363,2021-02-23 08:30:00-05:00,2021-02-23 23:59:00-05:00,2021-02-23 09:43:48.604000-05:00,2021-02-23 09:52:39.478000-05:00,1,,,,,,Treatment 3,304.242,40.8558571428571,7.0,6.0,1.0,,7.0,8.0,6.0,0.0,0.0,0.0,0.0,0.0,0.0,1.0,4.0,4.0,172.871,43.214,1.0,13773728
PSA59TQ,549149,2021-04-08 14:40:00-04:00,2021-04-09 16:15:00-04:00,2021-04-09 15:23:55.070000-04:00,,2,,,,,,Control 3,908.142,72.0811666666667,6.0,4.0,2.0,,5.0,7.0,6.0,0.0,0.0,0.0,0.0,0.0,0.0,2.0,1.0,,,,1.0,15411045
PSA59TQ,549179,2021-04-08 14:40:00-04:00,2021-04-09 16:15:00-04:00,2021-04-11 04:28:00.358000-04:00,2021-04-11 04:32:07.508000-04:00,1,,,,,,Treatment 2,155.93,16.5581666666667,6.0,5.0,1.0,1.0,5.0,7.0,5.0,1.0,0.0,0.0,0.0,0.0,1.0,1.0,4.0,4.0,61.93,15.47675,1.0,15417413
PSA59TQ,549180,2021-04-08 14:40:00-04:00,2021-04-09 16:15:00-04:00,2021-04-12 15:01:28.899000-04:00,,1,,,,,,Control 3,306.115,73.1116666666667,4.0,2.0,,,3.0,4.0,4.0,0.0,0.0,0.0,0.0,0.0,0.0,1.0,,,,,,15456396
PSA59TQ,549181,2021-04-08 14:40:00-04:00,2021-04-09 16:15:00-04:00,2021-04-12 15:04:58.168000-04:00,2021-04-12 15:09:51.832000-04:00,1,,,,,,Treatment 3,121.316,30.32225,4.0,4.0,,,4.0,4.0,3.0,0.0,0.0,0.0,0.0,0.0,0.0,1.0,4.0,4.0,113.722,28.425,1.0,15456720
PSA59TQ,549184,2021-04-08 14:40:00-04:00,2021-04-09 16:15:00-04:00,2021-04-09 15:06:21.832000-04:00,2021-04-09 15:10:49.067000-04:00,1,,,,,,Treatment 2,125.619,31.39775,4.0,4.0,,,4.0,4.0,3.0,0.0,0.0,0.0,0.0,0.0,0.0,1.0,4.0,4.0,118.811,29.69425,1.0,15410424
PSA59TQ,549187,2021-04-08 14:40:00-04:00,2021-04-09 16:15:00-04:00,2021-04-09 15:26:49.780000-04:00,2021-04-12 15:13:32.798000-04:00,2,,,,,,Treatment 1,258313.65,23467.3566363636,11.0,8.0,2.0,1.0,10.0,14.0,9.0,2.0,0.0,0.0,0.0,0.0,2.0,2.0,4.0,1.0,58.656,10.115,1.0,15411118
PSA59TQ,549188,2021-04-08 14:40:00-04:00,2021-04-09 16:15:00-04:00,2021-04-09 15:10:32.599000-04:00,,1,,,,,,Treatment 2,530.733,55.7083333333333,6.0,5.0,1.0,,6.0,8.0,5.0,0.0,0.0,0.0,0.0,0.0,0.0,1.0,2.0,1.0,4.184,4.174,1.0,15410617
PSA59TQ,549189,2021-04-08 14:40:00-04:00,2021-04-09 16:15:00-04:00,2021-04-12 15:21:01.138000-04:00,,1,,,,,,Treatment 2,213.162,30.4655,6.0,5.0,1.0,1.0,6.0,7.0,5.0,1.0,0.0,0.0,0.0,0.0,1.0,1.0,1.0,,,,1.0,15457771
PSA59TQ,549190,2021-04-08 14:40:00-04:00,2021-04-09 16:15:00-04:00,2021-04-09 15:07:44.428000-04:00,,1,,,,,,Control 2,125.001,41.66,3.0,3.0,,,3.0,3.0,3.0,0.0,0.0,0.0,0.0,0.0,0.0,1.0,1.0,,,,1.0,15410491
PSA59TQ,549210,2021-04-08 14:40:00-04:00,2021-04-09 16:15:00-04:00,2021-04-09 15:14:34.233000-04:00,2021-04-09 15:18:33.602000-04:00,1,,,,,,Treatment 3,105.348,26.327,4.0,4.0,,,4.0,4.0,3.0,0.0,0.0,0.0,0.0,0.0,0.0,1.0,4.0,4.0,108.578,27.1385,1.0,15410764
PSA59TQ,549242,2021-04-08 14:40:00-04:00,2021-04-09 16:15:00-04:00,2021-04-09 15:13:57.933000-04:00,,1,,,,,,Treatment 3,109.836,27.4515,4.0,4.0,,,4.0,4.0,3.0,0.0,0.0,0.0,0.0,0.0,0.0,1.0,4.0,2.0,123.722,34.5223333333333,1.0,15410746
PSA59TQ,549342,2021-04-08 14:40:00-04:00,2021-04-09 16:15:00-04:00,2021-04-09 15:09:10.313000-04:00,2021-04-09 15:13:56.304000-04:00,1,,,,,,Treatment 3,107.361,26.832,4.0,4.0,,,4.0,4.0,3.0,0.0,0.0,0.0,0.0,0.0,0.0,1.0,4.0,3.0,149.529,22.7435,1.0,15410567
PSA59TQ,550145,2021-04-08 15:25:00-04:00,2021-04-09 16:15:00-04:00,2021-04-09 16:08:58.692000-04:00,2021-04-12 15:59:15.416000-04:00,2,,,,,,Control 3,258479.579,28708.395,9.0,5.0,2.0,0.0,8.0,12.0,9.0,2.0,0.0,0.0,0.0,0.0,2.0,2.0,4.0,1.0,60.054,9.349,1.0,15412332
PSA59TQ,550148,2021-04-08 15:25:00-04:00,2021-04-09 16:15:00-04:00,2021-04-09 15:55:02.031000-04:00,2021-04-09 16:02:50.971000-04:00,1,,,,,,Treatment 1,240.516,60.12275,4.0,4.0,,,4.0,4.0,3.0,0.0,0.0,0.0,0.0,0.0,0.0,1.0,4.0,4.0,163.098,40.76775,1.0,15411872
PSA59TQ,550152,2021-04-08 15:25:00-04:00,2021-04-09 16:15:00-04:00,2021-04-09 15:52:28.170000-04:00,2021-04-09 16:01:03.282000-04:00,1,,,,,,Treatment 1,446.778,18.9493846153846,13.0,9.0,3.0,2.0,13.0,24.0,10.0,3.0,0.0,0.0,0.0,0.0,3.0,1.0,4.0,4.0,35.105,8.7715,1.0,15411794
PSA59TQ,550154,2021-04-08 15:25:00-04:00,2021-04-09 16:15:00-04:00,2021-04-09 15:53:22.442000-04:00,2021-04-09 15:59:43.839000-04:00,1,,,,,,Control 3,141.209,47.0623333333333,3.0,3.0,,,3.0,3.0,3.0,0.0,0.0,0.0,0.0,0.0,0.0,1.0,4.0,3.0,207.135,37.2175,1.0,15411821
PSA59TQ,550155,2021-04-08 15:25:00-04:00,2021-04-09 16:15:00-04:00,2021-04-09 16:00:59.953000-04:00,,2,,,,,,Control 2,297.924,46.4606,5.0,3.0,1.0,1.0,5.0,7.0,5.0,1.0,0.0,0.0,0.0,0.0,1.0,1.0,2.0,1.0,182.908,182.898,2.0,15412033
PSA59TQ,550156,2021-04-08 15:25:00-04:00,2021-04-09 16:15:00-04:00,2021-04-08 20:17:39.003000-04:00,2021-04-08 20:23:04.085000-04:00,1,,,,,,Control 2,175.561,58.512,3.0,3.0,,,3.0,3.0,3.0,0.0,0.0,0.0,0.0,0.0,0.0,1.0,4.0,4.0,101.355,25.33075,1.0,15383113
PSA59TQ,550159,2021-04-08 15:25:00-04:00,2021-04-09 16:15:00-04:00,2021-04-09 16:03:18.977000-04:00,2021-04-09 16:12:07.566000-04:00,1,,,,,,Treatment 2,174.297,43.5675,4.0,4.0,,,4.0,4.0,3.0,0.0,0.0,0.0,0.0,0.0,0.0,1.0,4.0,2.0,303.861,41.62175,1.0,15412128
PSA59TQ,550160,2021-04-08 15:25:00-04:00,2021-04-09 16:15:00-04:00,2021-04-09 16:06:01.432000-04:00,,1,,,,,,Control 2,277.528,34.8958333333333,6.0,5.0,1.0,,6.0,7.0,6.0,0.0,0.0,0.0,0.0,0.0,0.0,1.0,1.0,1.0,5.022,5.014,1.0,15412233
PSA59TQ,550163,2021-04-08 15:25:00-04:00,2021-04-09 16:15:00-04:00,2021-04-09 15:56:47.137000-04:00,,1,,,,,,Control 1,190.553,32.8428,5.0,4.0,1.0,,5.0,6.0,5.0,0.0,0.0,0.0,0.0,0.0,0.0,1.0,1.0,,,,1.0,15411917
PSA59TQ,550164,2021-04-08 15:25:00-04:00,2021-04-09 16:15:00-04:00,2021-04-12 15:48:10.425000-04:00,2021-04-12 16:10:05.698000-04:00,1,,,,,,Treatment 1,981.489,48.3276,10.0,8.0,2.0,2.0,10.0,13.0,8.0,2.0,0.0,0.0,0.0,0.0,1.0,1.0,4.0,2.0,283.47,49.24625,1.0,15459320
PSA59TQ,550167,2021-04-08 15:25:00-04:00,2021-04-09 16:15:00-04:00,2021-04-09 16:10:33.677000-04:00,2021-04-09 16:28:12.272000-04:00,2,,,,,,Treatment 3,226.586,56.6395,4.0,4.0,,,4.0,4.0,3.0,0.0,0.0,0.0,0.0,0.0,0.0,1.0,4.0,4.0,750.961,187.72825,2.0,15412368
PSA59TQ,550168,2021-04-08 15:25:00-04:00,2021-04-09 16:15:00-04:00,2021-04-09 16:08:33.478000-04:00,2021-04-09 16:17:21.138000-04:00,1,,,,,,Control 1,418.05,52.73,6.0,5.0,1.0,,6.0,8.0,6.0,0.0,0.0,0.0,0.0,0.0,0.0,1.0,4.0,4.0,73.379,18.33975,1.0,15412316
PSA59TQ,550169,2021-04-08 15:25:00-04:00,2021-04-09 16:15:00-04:00,2021-04-09 15:53:40.250000-04:00,,1,,,,,,Control 1,623.141,51.171,9.0,6.0,2.0,1.0,9.0,14.0,9.0,1.0,0.0,0.0,0.0,0.0,1.0,1.0,,,,,,15411836
PSA59TQ,550171,2021-04-08 15:25:00-04:00,2021-04-09 16:15:00-04:00,2021-04-09 16:07:11.525000-04:00,,2,,,,,,Treatment 3,208.586,52.13825,4.0,4.0,,,4.0,4.0,3.0,0.0,0.0,0.0,0.0,0.0,0.0,2.0,,,,,,15412269
PSA59TQ,550188,2021-04-08 15:25:00-04:00,2021-04-09 16:15:00-04:00,2021-04-09 16:01:20.779000-04:00,,1,,,,,,Treatment 3,129.553,32.381,4.0,4.0,,,4.0,4.0,3.0,0.0,0.0,0.0,0.0,0.0,0.0,1.0,2.0,1.0,33.916,16.9555,1.0,15412044
PSA59TQ,550267,2021-04-08 15:25:00-04:00,2021-04-09 16:15:00-04:00,2021-04-09 15:56:32.869000-04:00,,1,,,,,,Treatment 3,255.49,63.86625,4.0,4.0,,,4.0,4.0,3.0,0.0,0.0,0.0,0.0,0.0,0.0,1.0,1.0,,,,1.0,15411911
PSA59TQ,552377,2020-08-05 11:00:00-04:00,2020-08-07 19:00:00-04:00,2020-08-31 19:00:42.046000-04:00,2020-08-31 19:11:34.303000-04:00,1,,,,,,Treatment 1,253.864,63.4595,4.0,4.0,,,4.0,4.0,3.0,0.0,0.0,0.0,0.0,0.0,0.0,1.0,4.0,4.0,349.057,87.2605,1.0,4527127
PSA59TQ,554488,2021-02-23 08:30:00-05:00,2021-02-23 23:59:00-05:00,2021-02-23 15:29:20.472000-05:00,2021-02-23 15:36:28.199000-05:00,2,,,,,,Treatment 2,296.609,26.7301428571429,7.0,5.0,1.0,,7.0,12.0,6.0,0.0,0.0,0.0,0.0,0.0,0.0,2.0,4.0,4.0,90.514,22.6265,1.0,13821995
PSA59TQ,556575,2020-09-01 10:00:00-04:00,2020-09-03 01:01:00-04:00,2020-09-01 10:12:47.913000-04:00,,1,,,,,,Not Assigned,,,,,,,,,,,,,,,,,,,,,,4547007
PSA59TQ,556874,2021-02-23 08:30:00-05:00,2021-02-23 23:59:00-05:00,2021-02-23 20:26:09.122000-05:00,2021-02-23 20:32:11.787000-05:00,1,,,,,,Treatment 1,125.131,31.28125,4.0,4.0,,,4.0,4.0,3.0,0.0,0.0,0.0,0.0,0.0,0.0,1.0,4.0,3.0,183.395,17.247,1.0,13833442
PSA59TQ,559180,2020-09-01 10:00:00-04:00,2020-09-03 01:01:00-04:00,2020-09-01 11:38:17.819000-04:00,,1,,,,,,Treatment 2,302.728,151.3575,3.0,2.0,,,2.0,2.0,3.0,0.0,0.0,0.0,0.0,0.0,0.0,1.0,,,,,,4559575
PSA59TQ,559703,2020-11-23 09:00:00-05:00,2020-11-24 15:58:00-05:00,2020-12-14 11:41:08.520000-05:00,,2,,,,,,Control 3,430.822,36.6093333333333,4.0,1.0,1.0,,2.0,11.0,4.0,1.0,0.0,0.0,0.0,0.0,1.0,2.0,,,,,,11197999
PSA59TQ,559825,2020-11-23 09:00:00-05:00,2020-11-24 15:58:00-05:00,2020-11-23 10:13:59.051000-05:00,2020-11-23 10:22:26.589000-05:00,1,,,,,,Treatment 2,199.139,49.77625,4.0,4.0,,,4.0,4.0,3.0,0.0,0.0,0.0,0.0,0.0,0.0,1.0,4.0,3.0,205.828,48.857,1.0,10210753
PSA59TQ,562068,2020-11-23 09:00:00-05:00,2020-11-24 15:58:00-05:00,2020-11-30 11:29:34.277000-05:00,,1,,,,,,Control 3,530.942,450.35,1.0,0.0,,,1.0,3.0,1.0,0.0,0.0,0.0,0.0,0.0,0.0,1.0,,,,,,10341607
PSA59TQ,569630,2020-11-18 09:51:44.955000-05:00,2020-11-18 11:53:00-05:00,2020-11-18 09:54:12.484000-05:00,2020-11-18 10:08:41.287000-05:00,1,,,,,,Control 1,475.79,38.729,10.0,7.0,3.0,,10.0,13.0,10.0,0.0,0.0,0.0,0.0,0.0,0.0,1.0,4.0,3.0,349.4,44.533,1.0,9969805
PSA59TQ,569999,2020-11-03 08:00:00-05:00,2020-11-06 14:30:00-05:00,2020-11-06 09:40:17.066000-05:00,2020-11-06 10:07:01.132000-05:00,1,,,,,,Control 1,1254.08,106.475666666667,9.0,6.0,2.0,1.0,9.0,13.0,9.0,1.0,0.0,0.0,0.0,0.0,0.0,1.0,4.0,3.0,295.804,50.2575,1.0,9276786
PSA59TQ,570207,2020-11-03 08:00:00-05:00,2020-11-06 14:30:00-05:00,2020-11-04 13:47:09.964000-05:00,2020-11-04 13:55:24.354000-05:00,1,,,,,,Treatment 2,202.582,50.639,4.0,4.0,,,4.0,4.0,3.0,0.0,0.0,0.0,0.0,0.0,0.0,1.0,4.0,4.0,229.225,57.30025,1.0,9140288
PSA59TQ,570412,2020-11-03 08:00:00-05:00,2020-11-06 14:30:00-05:00,2020-11-06 13:06:32.309000-05:00,2020-11-06 13:25:41.331000-05:00,1,,,,,,Control 2,316.743,55.20675,4.0,3.0,1.0,,4.0,5.0,4.0,0.0,0.0,0.0,0.0,0.0,0.0,1.0,4.0,3.0,191.093,44.127,1.0,9306060
PSA59TQ,570640,2020-11-03 08:00:00-05:00,2020-11-06 14:30:00-05:00,2020-11-06 13:02:01.903000-05:00,2020-11-06 13:30:09.137000-05:00,2,,,,,,Treatment 1,363.123,90.77375,4.0,4.0,,,4.0,4.0,3.0,0.0,0.0,0.0,0.0,0.0,0.0,1.0,4.0,4.0,228.476,57.11275,1.0,9305374
PSA59TQ,570683,2020-11-03 08:00:00-05:00,2020-11-06 14:30:00-05:00,2020-11-05 11:49:46.664000-05:00,2020-11-06 11:51:49.675000-05:00,3,,,,,,Control 2,879.01,57.7996,5.0,4.0,1.0,1.0,5.0,9.0,5.0,1.0,0.0,0.0,0.0,0.0,1.0,2.0,4.0,2.0,330.1,49.06225,1.0,9207007
PSA59TQ,570848,2020-11-03 08:00:00-05:00,2020-11-06 14:30:00-05:00,2020-11-06 13:17:46.045000-05:00,2020-11-06 13:39:54.173000-05:00,1,,,,,,Treatment 2,644.705,126.6584,5.0,4.0,1.0,,5.0,6.0,4.0,0.0,0.0,0.0,0.0,0.0,0.0,1.0,4.0,2.0,548.024,37.2505,1.0,9307670
PSA59TQ,570851,2020-11-03 08:00:00-05:00,2020-11-06 14:30:00-05:00,2020-11-06 09:26:21.117000-05:00,2020-11-06 09:34:28.786000-05:00,1,,,,,,Treatment 2,287.004,71.745,4.0,4.0,,,4.0,4.0,3.0,0.0,0.0,0.0,0.0,0.0,0.0,1.0,4.0,4.0,151.803,37.94625,1.0,9275164
PSA59TQ,571364,2020-11-03 08:00:00-05:00,2020-11-06 14:30:00-05:00,2020-11-06 13:06:09.786000-05:00,2020-11-06 13:33:13.788000-05:00,1,,,,,,Treatment 1,1125.191,163.601833333333,6.0,4.0,1.0,,6.0,8.0,5.0,0.0,0.0,0.0,0.0,0.0,0.0,1.0,4.0,3.0,419.244,70.6995,1.0,9306003
PSA59TQ,571958,2020-11-03 08:00:00-05:00,2020-11-06 14:30:00-05:00,2020-11-06 11:28:01.617000-05:00,2020-11-06 12:01:55.629000-05:00,2,,,,,,Control 1,1596.512,100.737375,8.0,5.0,1.0,1.0,8.0,15.0,8.0,3.0,0.0,0.0,0.0,0.0,0.0,1.0,4.0,4.0,160.561,40.13575,1.0,9291675
PSA59TQ,572055,2020-11-03 08:00:00-05:00,2020-11-06 14:30:00-05:00,2020-11-06 13:28:04.777000-05:00,2020-11-06 13:34:16.926000-05:00,1,,,,,,Treatment 3,148.427,37.0985,4.0,4.0,,,4.0,4.0,3.0,0.0,0.0,0.0,0.0,0.0,0.0,1.0,4.0,4.0,165.681,41.41375,1.0,9309108
PSA59TQ,572243,2020-11-03 08:00:00-05:00,2020-11-06 14:30:00-05:00,2020-11-04 12:04:00.616000-05:00,2020-11-04 12:15:49.767000-05:00,1,,,,,,Treatment 3,205.131,51.275,4.0,4.0,,,4.0,4.0,3.0,0.0,0.0,0.0,0.0,0.0,0.0,1.0,4.0,3.0,473.831,36.86075,1.0,9122923
PSA59TQ,572247,2020-11-03 08:00:00-05:00,2020-11-06 14:30:00-05:00,2020-11-04 10:09:55.243000-05:00,2020-11-04 10:16:52.061000-05:00,1,,,,,,Control 1,223.787,48.667,4.0,3.0,1.0,,4.0,5.0,4.0,0.0,0.0,0.0,0.0,0.0,0.0,1.0,4.0,4.0,139.43,34.85125,1.0,9102539
PSA59TQ,572438,2020-11-03 08:00:00-05:00,2020-11-06 14:30:00-05:00,2020-11-06 11:56:09.446000-05:00,2020-11-06 12:04:06.480000-05:00,1,,,,,,Control 1,184.353,61.4496666666667,3.0,3.0,,,3.0,3.0,3.0,0.0,0.0,0.0,0.0,0.0,0.0,1.0,4.0,4.0,227.667,56.915,1.0,9295747
PSA59TQ,572494,2020-11-03 08:00:00-05:00,2020-11-06 14:30:00-05:00,2020-11-04 10:24:21.271000-05:00,2020-11-05 10:23:48.265000-05:00,3,,,,,,Control 3,83702.56,20920.22525,4.0,3.0,1.0,1.0,4.0,5.0,4.0,1.0,0.0,0.0,0.0,0.0,1.0,2.0,4.0,4.0,499.362,124.83525,1.0,9109118
PSA59TQ,572542,2020-11-03 08:00:00-05:00,2020-11-06 14:30:00-05:00,2020-11-04 10:09:56.865000-05:00,2020-11-04 10:18:07.956000-05:00,1,,,,,,Control 1,175.286,58.4243333333333,3.0,3.0,,,3.0,3.0,3.0,0.0,0.0,0.0,0.0,0.0,0.0,1.0,4.0,2.0,273.033,56.49775,1.0,9102545
PSA59TQ,572817,2020-11-03 08:00:00-05:00,2020-11-06 14:30:00-05:00,2020-11-04 12:06:28.044000-05:00,2020-11-04 12:21:06.996000-05:00,1,,,,,,Control 2,697.179,109.6564,5.0,3.0,1.0,1.0,5.0,9.0,5.0,1.0,0.0,0.0,0.0,0.0,1.0,1.0,4.0,4.0,152.489,38.1195,1.0,9123382
PSA59TQ,573021,2020-11-03 08:00:00-05:00,2020-11-06 14:30:00-05:00,2020-11-06 11:27:44.453000-05:00,2020-11-06 11:54:26.592000-05:00,1,,,,,,Treatment 1,206.703,51.67225,4.0,4.0,,,4.0,4.0,3.0,0.0,0.0,0.0,0.0,0.0,0.0,1.0,4.0,4.0,184.311,46.07475,1.0,9291643
PSA59TQ,573716,2020-11-03 08:00:00-05:00,2020-11-06 14:30:00-05:00,2020-11-06 13:02:56.913000-05:00,2020-11-06 13:09:29.100000-05:00,1,,,,,,Treatment 2,156.309,39.07075,4.0,4.0,,,4.0,4.0,3.0,0.0,0.0,0.0,0.0,0.0,0.0,1.0,4.0,4.0,196.907,49.221,1.0,9305505
PSA59TQ,573735,2020-11-03 08:00:00-05:00,2020-11-06 14:30:00-05:00,2020-11-06 13:18:44.496000-05:00,2020-11-06 13:28:27.910000-05:00,1,,,,,,Control 1,295.31,98.43,3.0,3.0,,,3.0,3.0,3.0,0.0,0.0,0.0,0.0,0.0,0.0,1.0,4.0,4.0,238.404,59.595,1.0,9307795
PSA59TQ,574230,2020-11-03 08:00:00-05:00,2020-11-06 14:30:00-05:00,2020-11-04 13:36:22.819000-05:00,2020-11-04 16:28:57.853000-05:00,2,,,,,,Control 3,10061.901,3353.95866666667,3.0,3.0,,,3.0,3.0,3.0,0.0,0.0,0.0,0.0,0.0,0.0,2.0,4.0,4.0,243.207,60.79525,1.0,9138608
PSA59TQ,574327,2020-11-03 08:00:00-05:00,2020-11-06 14:30:00-05:00,2020-11-06 09:26:49.346000-05:00,2020-11-06 09:49:21.460000-05:00,2,,,,,,Control 3,106.081,35.3543333333333,3.0,3.0,,,3.0,3.0,3.0,0.0,0.0,0.0,0.0,0.0,0.0,1.0,4.0,1.0,1028.629,64.88475,2.0,9275205
PSA59TQ,574827,2020-11-03 08:00:00-05:00,2020-11-06 14:30:00-05:00,2020-11-06 10:00:56.081000-05:00,2020-11-06 10:06:03.223000-05:00,1,,,,,,Treatment 3,105.873,26.4615,4.0,4.0,,,4.0,4.0,3.0,0.0,0.0,0.0,0.0,0.0,0.0,1.0,4.0,3.0,168.071,29.3735,1.0,9279625
PSA59TQ,574938,2020-11-03 08:00:00-05:00,2020-11-06 14:30:00-05:00,2020-11-06 13:18:18.688000-05:00,2020-11-06 13:46:52.410000-05:00,1,,,,,,Control 1,1084.64,97.7905,6.0,5.0,1.0,1.0,6.0,8.0,6.0,1.0,0.0,0.0,0.0,0.0,0.0,1.0,4.0,3.0,532.172,52.51,1.0,9307732
PSA59TQ,575212,2020-11-03 08:00:00-05:00,2020-11-06 14:30:00-05:00,2020-11-05 09:19:11.716000-05:00,2020-11-06 09:57:24.710000-05:00,2,,,,,,Treatment 2,1159.246,146.907833333333,6.0,4.0,1.0,1.0,6.0,9.0,5.0,2.0,0.0,0.0,0.0,0.0,0.0,1.0,4.0,3.0,353.183,77.8725,1.0,9181650
PSA59TQ,575588,2020-11-03 08:00:00-05:00,2020-11-06 14:30:00-05:00,2020-11-06 13:18:17.245000-05:00,2020-11-06 13:41:32.927000-05:00,1,,,,,,Treatment 3,647.89,70.3921428571429,7.0,6.0,1.0,,7.0,9.0,6.0,0.0,0.0,0.0,0.0,0.0,0.0,1.0,4.0,2.0,412.323,50.3385,1.0,9307730
PSA59TQ,576587,2020-11-03 08:00:00-05:00,2020-11-06 14:30:00-05:00,2020-11-08 22:23:14.709000-05:00,2020-11-08 22:35:01.036000-05:00,1,,,,,,Treatment 2,368.178,92.03675,4.0,4.0,,,4.0,4.0,3.0,0.0,0.0,0.0,0.0,0.0,0.0,1.0,4.0,4.0,256.702,64.16925,1.0,9344064
PSA59TQ,576600,2020-11-03 08:00:00-05:00,2020-11-06 14:30:00-05:00,2020-11-04 12:17:00.439000-05:00,2020-11-05 19:59:40.609000-05:00,3,,,,,,Treatment 2,113345.01,73.8153333333333,9.0,6.0,2.0,1.0,9.0,19.0,7.0,1.0,0.0,0.0,0.0,0.0,0.0,2.0,4.0,3.0,532.983,79.83925,1.0,9125175
PSA59TQ,576749,2020-11-03 08:00:00-05:00,2020-11-06 14:30:00-05:00,2020-11-04 13:42:59.794000-05:00,2020-11-04 13:50:19.832000-05:00,1,,,,,,Treatment 3,273.994,34.732,7.0,6.0,1.0,,7.0,8.0,6.0,0.0,0.0,0.0,0.0,0.0,0.0,1.0,4.0,4.0,96.089,24.01675,1.0,9139623
PSA59TQ,576973,2020-11-03 08:00:00-05:00,2020-11-06 14:30:00-05:00,2020-11-04 13:43:43.166000-05:00,2020-11-04 13:52:59.220000-05:00,1,,,,,,Control 1,316.199,60.3938,5.0,4.0,1.0,,5.0,6.0,5.0,0.0,0.0,0.0,0.0,0.0,0.0,1.0,4.0,4.0,199.706,49.9155,1.0,9139742
PSA59TQ,577117,2020-11-03 08:00:00-05:00,2020-11-06 14:30:00-05:00,2020-11-04 13:42:11.200000-05:00,2020-11-04 13:55:29.616000-05:00,1,,,,,,Treatment 3,244.658,61.16075,4.0,4.0,,,4.0,4.0,3.0,0.0,0.0,0.0,0.0,0.0,0.0,1.0,4.0,3.0,333.988,37.8605,1.0,9139459
PSA59TQ,577162,2020-11-03 08:00:00-05:00,2020-11-06 14:30:00-05:00,2020-11-04 13:42:23.768000-05:00,2020-11-04 13:55:57.996000-05:00,1,,,,,,Control 1,592.947,56.864625,8.0,5.0,2.0,,8.0,11.0,8.0,0.0,0.0,0.0,0.0,0.0,0.0,1.0,4.0,4.0,172.708,43.17375,1.0,9139501
PSA59TQ,577209,2020-11-03 08:00:00-05:00,2020-11-06 14:30:00-05:00,2020-11-04 14:24:36.258000-05:00,2020-11-04 14:33:32.142000-05:00,1,,,,,,Control 3,193.93,64.6373333333333,3.0,3.0,,,3.0,3.0,3.0,0.0,0.0,0.0,0.0,0.0,0.0,1.0,4.0,3.0,294.682,63.6085,1.0,9146701
PSA59TQ,577894,2020-11-03 08:00:00-05:00,2020-11-06 14:30:00-05:00,2020-11-04 13:43:15.249000-05:00,2020-11-04 14:20:07.689000-05:00,2,,,,,,Treatment 1,505.285,45.8402,5.0,4.0,1.0,1.0,5.0,9.0,4.0,1.0,0.0,0.0,0.0,0.0,1.0,1.0,4.0,3.0,307.992,56.4695,1.0,9139651
PSA59TQ,577895,2020-11-03 08:00:00-05:00,2020-11-06 14:30:00-05:00,2020-11-04 13:42:27.686000-05:00,2020-11-04 15:15:02.271000-05:00,2,,,,,,Control 3,380.022,80.14975,4.0,3.0,1.0,,4.0,5.0,4.0,0.0,0.0,0.0,0.0,0.0,0.0,1.0,4.0,2.0,5111.291,55.40475,2.0,9139518
PSA59TQ,578419,2020-11-03 08:00:00-05:00,2020-11-06 14:30:00-05:00,2020-11-05 15:10:04.820000-05:00,2020-11-05 16:40:14.170000-05:00,2,,,,,,Control 3,3716.312,212.9464,10.0,4.0,4.0,,10.0,16.0,10.0,0.0,0.0,0.0,0.0,0.0,0.0,1.0,4.0,3.0,448.011,89.30525,1.0,9243961
PSA59TQ,578433,2020-11-03 08:00:00-05:00,2020-11-06 14:30:00-05:00,2020-11-06 09:11:55.512000-05:00,2020-11-06 13:25:42.759000-05:00,3,,,,,,Treatment 1,243.804,60.947,4.0,4.0,,,4.0,4.0,3.0,0.0,0.0,0.0,0.0,0.0,0.0,1.0,4.0,4.0,203.495,50.87,1.0,9273561
PSA59TQ,578729,2020-11-03 08:00:00-05:00,2020-11-06 14:30:00-05:00,2020-11-06 15:16:15.512000-05:00,2020-11-06 15:25:24.293000-05:00,1,,,,,,Treatment 2,219.188,54.79125,4.0,4.0,,,4.0,4.0,3.0,0.0,0.0,0.0,0.0,0.0,0.0,1.0,4.0,4.0,182.722,45.67475,1.0,9322038
PSA59TQ,579495,2020-11-03 08:00:00-05:00,2020-11-06 14:30:00-05:00,2020-11-10 08:55:50.110000-05:00,,1,,,,,,Control 2,1189.937,104.533,5.0,3.0,1.0,1.0,5.0,9.0,5.0,1.0,0.0,0.0,0.0,0.0,1.0,1.0,3.0,2.0,251.482,125.735,1.0,9444613
PSA59TQ,579541,2020-11-03 08:00:00-05:00,2020-11-06 14:30:00-05:00,2020-11-04 12:17:07.138000-05:00,2020-11-04 13:03:52.296000-05:00,1,,,,,,Treatment 2,2306.135,361.024666666667,6.0,5.0,1.0,1.0,6.0,9.0,5.0,1.0,0.0,0.0,0.0,0.0,0.0,1.0,4.0,2.0,336.489,68.13625,1.0,9125200
PSA59TQ,579866,2020-11-03 08:00:00-05:00,2020-11-06 14:30:00-05:00,2020-11-06 12:01:47.449000-05:00,2020-11-06 12:13:50.736000-05:00,1,,,,,,Control 3,374.786,46.49125,4.0,3.0,1.0,1.0,4.0,6.0,4.0,1.0,0.0,0.0,0.0,0.0,0.0,1.0,4.0,3.0,318.27,71.08575,1.0,9296533
PSA59TQ,581379,2020-11-03 08:00:00-05:00,2020-11-06 14:30:00-05:00,2020-11-04 12:14:56.889000-05:00,2020-11-04 12:24:32.999000-05:00,1,,,,,,Treatment 1,354.401,52.6826,5.0,4.0,1.0,,5.0,6.0,4.0,0.0,0.0,0.0,0.0,0.0,0.0,1.0,4.0,4.0,168.981,42.23925,1.0,9124829
PSA59TQ,581551,2020-11-03 08:00:00-05:00,2020-11-06 14:30:00-05:00,2020-11-04 12:16:35.303000-05:00,2020-11-04 12:24:42.138000-05:00,1,,,,,,Treatment 3,156.999,39.24225,4.0,4.0,,,4.0,4.0,3.0,0.0,0.0,0.0,0.0,0.0,0.0,1.0,4.0,3.0,281.462,53.35725,1.0,9125097
PSA59TQ,581594,2020-11-03 08:00:00-05:00,2020-11-06 14:30:00-05:00,2020-11-04 12:16:53.321000-05:00,2020-11-05 09:48:11.849000-05:00,2,,,,,,Control 2,76711.688,15174.7136,5.0,3.0,1.0,,5.0,8.0,5.0,0.0,0.0,0.0,0.0,0.0,0.0,2.0,4.0,3.0,585.637,127.71675,1.0,9125153
PSA59TQ,581636,2020-11-16 07:51:00-05:00,2020-11-16 14:45:00-05:00,2020-11-16 13:13:49.928000-05:00,2020-11-16 13:16:53.698000-05:00,1,,,,,,Treatment 1,94.27,23.545,4.0,4.0,,,4.0,4.0,3.0,0.0,0.0,0.0,0.0,0.0,0.0,1.0,4.0,4.0,39.851,9.9465,1.0,9813161
PSA59TQ,582173,2020-12-30 15:04:21.880000-05:00,2021-01-31 15:06:00-05:00,2021-01-05 08:31:45.784000-05:00,2021-01-05 09:57:15.646000-05:00,1,,,,,,Treatment 1,4552.408,632.649142857143,7.0,5.0,1.0,,7.0,9.0,6.0,0.0,0.0,0.0,0.0,0.0,0.0,1.0,4.0,4.0,527.956,131.97925,1.0,11564892
PSA59TQ,584213,2021-02-12 11:06:13.466000-05:00,2021-02-20 00:59:00-05:00,2021-03-03 11:53:40.477000-05:00,2021-03-03 11:56:26.006000-05:00,1,,,,,,Treatment 1,72.146,18.03325,4.0,4.0,,,4.0,4.0,3.0,0.0,0.0,0.0,0.0,0.0,0.0,1.0,4.0,4.0,61.233,15.30575,1.0,14179211
PSA59TQ,584499,2020-12-30 15:04:21.878000-05:00,2021-01-31 15:06:00-05:00,2021-01-08 11:39:11.613000-05:00,2021-01-14 10:49:09.706000-05:00,2,,,,,,Control 1,515239.189,21.5983333333333,9.0,7.0,2.0,1.0,9.0,13.0,9.0,1.0,0.0,0.0,0.0,0.0,1.0,2.0,4.0,4.0,134.792,33.69375,1.0,11812163
PSA59TQ,585457,2020-11-03 08:00:00-05:00,2020-11-06 14:30:00-05:00,2020-11-06 11:28:59.194000-05:00,2020-11-06 11:42:38.522000-05:00,1,,,,,,Treatment 3,591.774,147.93675,4.0,4.0,,,4.0,4.0,3.0,0.0,0.0,0.0,0.0,0.0,0.0,1.0,4.0,4.0,140.784,35.19075,1.0,9291839
PSA59TQ,587949,2020-11-03 08:00:00-05:00,2020-11-06 14:30:00-05:00,2020-11-05 14:07:18.089000-05:00,2020-11-05 14:15:46.627000-05:00,1,,,,,,Control 2,168.028,56.0033333333333,3.0,3.0,,,3.0,3.0,3.0,0.0,0.0,0.0,0.0,0.0,0.0,1.0,4.0,4.0,210.975,52.73725,1.0,9232871
PSA59TQ,588621,2020-12-30 15:04:21.879000-05:00,2021-01-31 15:06:00-05:00,2021-01-25 14:22:43.006000-05:00,2021-01-25 14:25:36.061000-05:00,1,,,,,,Control 3,77.531,25.8373333333333,3.0,3.0,,,3.0,3.0,3.0,0.0,0.0,0.0,0.0,0.0,0.0,1.0,4.0,4.0,74.685,18.6675,1.0,12552296
PSA59TQ,588719,2020-11-16 07:51:00-05:00,2020-11-16 14:45:00-05:00,2020-11-16 13:36:22.060000-05:00,,1,,,,,,Treatment 2,66.209,55.172,2.0,0.0,,,1.0,2.0,2.0,0.0,0.0,0.0,0.0,0.0,0.0,1.0,,,,,,9817485
PSA59TQ,589110,2020-11-16 07:51:00-05:00,2020-11-16 14:45:00-05:00,2020-11-16 13:34:18.519000-05:00,,1,,,,,,Control 1,215.031,92.935,3.0,0.0,0.0,0.0,0.0,2.0,3.0,2.0,0.0,0.0,0.0,0.0,2.0,1.0,,,,,,9817105
PSA59TQ,589138,2020-11-16 07:51:00-05:00,2020-11-16 14:45:00-05:00,2020-11-16 13:34:00.017000-05:00,2020-11-16 13:38:17.119000-05:00,1,,,,,,Treatment 2,119.239,29.80775,4.0,4.0,,,4.0,4.0,3.0,0.0,0.0,0.0,0.0,0.0,0.0,1.0,4.0,4.0,91.855,22.96225,1.0,9817044
PSA59TQ,589158,2020-11-16 07:51:00-05:00,2020-11-16 14:45:00-05:00,2020-11-16 13:34:34.536000-05:00,,1,,,,,,Control 3,36.588,36.586,2.0,1.0,,,1.0,1.0,2.0,0.0,0.0,0.0,0.0,0.0,0.0,1.0,,,,,,9817162
PSA59TQ,589240,2020-11-16 07:51:00-05:00,2020-11-16 14:45:00-05:00,2020-11-16 13:34:49.666000-05:00,,1,,,,,,Control 3,51.281,5.05866666666667,4.0,0.0,0.0,0.0,0.0,3.0,4.0,3.0,0.0,0.0,0.0,0.0,3.0,1.0,,,,,,9817204
PSA59TQ,589390,2020-09-03 01:00:00-04:00,2020-09-07 12:20:00-04:00,2020-09-03 14:56:41.015000-04:00,,2,,,,,,Control 2,605.189,62.9665,6.0,5.0,1.0,,6.0,7.0,6.0,0.0,0.0,0.0,0.0,0.0,0.0,1.0,1.0,,,,1.0,4757009
PSA59TQ,591187,2020-12-30 15:04:21.880000-05:00,2021-01-31 15:06:00-05:00,2021-01-03 07:22:03.212000-05:00,2021-01-03 14:46:43.232000-05:00,3,,,,,,Treatment 3,26234.106,1842.68392857143,14.0,9.0,4.0,2.0,14.0,20.0,11.0,2.0,0.0,0.0,0.0,0.0,1.0,3.0,4.0,2.0,408.322,51.74625,1.0,11509367
PSA59TQ,591243,2020-11-03 08:00:00-05:00,2020-11-06 14:30:00-05:00,2020-11-06 11:30:19.054000-05:00,2020-11-06 11:43:48.228000-05:00,1,,,,,,Control 1,162.842,54.2766666666667,3.0,3.0,,,3.0,3.0,3.0,0.0,0.0,0.0,0.0,0.0,0.0,1.0,4.0,4.0,161.162,40.28625,1.0,9292047
PSA59TQ,591542,2020-11-03 08:00:00-05:00,2020-11-06 14:30:00-05:00,2020-11-06 11:30:16.322000-05:00,2020-11-06 11:52:23.270000-05:00,1,,,,,,Treatment 2,658.794,164.69125,4.0,4.0,,,4.0,4.0,3.0,0.0,0.0,0.0,0.0,0.0,0.0,1.0,4.0,3.0,597.633,23.76025,1.0,9292044
PSA59TQ,592015,2020-11-18 09:51:44.955000-05:00,2020-11-18 11:53:00-05:00,2020-11-18 09:53:37.263000-05:00,2020-11-18 10:42:06.654000-05:00,2,,,,,,Control 2,700.855,96.174,5.0,4.0,1.0,1.0,5.0,6.0,5.0,1.0,0.0,0.0,0.0,0.0,1.0,2.0,4.0,4.0,160.203,40.0475,1.0,9969693
PSA59TQ,592117,2020-11-03 08:00:00-05:00,2020-11-06 14:30:00-05:00,2020-11-06 11:29:22.469000-05:00,2020-11-06 11:43:18.199000-05:00,1,,,,,,Treatment 1,160.209,40.04425,4.0,4.0,,,4.0,4.0,3.0,0.0,0.0,0.0,0.0,0.0,0.0,1.0,4.0,4.0,157.499,39.369,1.0,9291909
PSA59TQ,592714,2020-12-08 13:57:37.388000-05:00,2021-01-29 13:59:00-05:00,2020-12-10 10:53:26.337000-05:00,2021-01-20 10:05:46.200000-05:00,2,,,,,,Control 2,127.151,23.9464,5.0,4.0,1.0,,5.0,6.0,5.0,0.0,0.0,0.0,0.0,0.0,0.0,1.0,4.0,4.0,57.294,14.32075,1.0,11038515
PSA59TQ,592878,2020-11-03 08:00:00-05:00,2020-11-06 14:30:00-05:00,2020-11-04 10:09:26.403000-05:00,2020-11-04 10:17:42.376000-05:00,1,,,,,,Treatment 2,125.599,31.3935,4.0,4.0,,,4.0,4.0,3.0,0.0,0.0,0.0,0.0,0.0,0.0,1.0,4.0,3.0,234.443,53.631,1.0,9102459
PSA59TQ,593079,2020-12-08 13:57:37.388000-05:00,2021-01-29 13:59:00-05:00,2020-12-10 10:54:34.668000-05:00,2020-12-10 10:58:49.846000-05:00,1,,,,,,Treatment 3,97.666,24.41375,4.0,4.0,,,4.0,4.0,3.0,0.0,0.0,0.0,0.0,0.0,0.0,1.0,4.0,4.0,130.537,32.63125,1.0,11038726
PSA59TQ,593241,2020-11-16 07:51:00-05:00,2020-11-16 14:45:00-05:00,2020-11-16 12:10:06.316000-05:00,2020-11-16 12:49:41.417000-05:00,1,,,,,,Control 1,355.018,118.338333333333,3.0,3.0,,,3.0,3.0,3.0,0.0,0.0,0.0,0.0,0.0,0.0,1.0,4.0,4.0,2005.193,501.29525,1.0,9802029
PSA59TQ,593625,2020-11-16 07:51:00-05:00,2020-11-16 14:45:00-05:00,2020-11-16 12:18:08.095000-05:00,,1,,,,,,Treatment 3,,,1.0,,,,,0.0,1.0,0.0,0.0,0.0,0.0,0.0,0.0,1.0,,,,,,9803475
PSA59TQ,593658,2020-12-08 13:57:37.388000-05:00,2021-01-29 13:59:00-05:00,2021-01-22 10:37:28.736000-05:00,2021-01-22 10:42:36.292000-05:00,1,,,,,,Control 3,214.958,71.65,3.0,3.0,,,3.0,3.0,3.0,0.0,0.0,0.0,0.0,0.0,0.0,1.0,4.0,4.0,62.237,15.55675,1.0,12454788
PSA59TQ,594041,2020-12-08 13:57:37.388000-05:00,2021-01-29 13:59:00-05:00,2021-01-20 10:02:22.804000-05:00,2021-01-20 14:18:43.770000-05:00,2,,,,,,Treatment 2,91.04,22.75775,4.0,4.0,,,4.0,4.0,3.0,0.0,0.0,0.0,0.0,0.0,0.0,1.0,4.0,4.0,69.57,17.39025,1.0,12310715
PSA59TQ,595351,2020-11-03 08:00:00-05:00,2020-11-06 14:30:00-05:00,2020-11-05 10:46:12.673000-05:00,2020-11-05 11:02:57.781000-05:00,1,,,,,,Control 3,541.337,180.432333333333,3.0,3.0,,,3.0,3.0,3.0,0.0,0.0,0.0,0.0,0.0,0.0,1.0,4.0,3.0,432.648,91.51075,1.0,9195419
PSA59TQ,596479,2020-11-03 08:00:00-05:00,2020-11-06 14:30:00-05:00,2020-11-04 12:15:48.484000-05:00,2020-11-04 12:24:24.502000-05:00,1,,,,,,Control 2,125.324,41.7676666666667,3.0,3.0,,,3.0,3.0,3.0,0.0,0.0,0.0,0.0,0.0,0.0,1.0,4.0,4.0,274.341,68.5795,1.0,9124959
PSA59TQ,598200,2020-12-08 13:57:37.388000-05:00,2021-01-29 13:59:00-05:00,2021-01-28 12:36:53.711000-05:00,2021-01-28 12:42:47.484000-05:00,1,,,,,,Control 1,227.821,36.8115,4.0,3.0,1.0,,4.0,6.0,4.0,0.0,0.0,0.0,0.0,0.0,0.0,1.0,4.0,4.0,107.543,26.8825,1.0,12753891
PSA59TQ,599670,2021-02-23 08:30:00-05:00,2021-02-23 23:59:00-05:00,2021-02-23 20:04:58.296000-05:00,2021-02-23 20:15:38.516000-05:00,1,,,,,,Control 2,478.47,56.5297142857143,7.0,5.0,1.0,,7.0,10.0,7.0,0.0,0.0,0.0,0.0,0.0,0.0,1.0,4.0,4.0,135.966,33.99025,1.0,13832999
PSA59TQ,599738,2020-12-30 15:04:21.880000-05:00,2021-01-31 15:06:00-05:00,2021-01-14 08:38:20.524000-05:00,2021-01-14 09:47:26.103000-05:00,1,,,,,,Treatment 2,434.638,108.6545,4.0,4.0,,,4.0,4.0,3.0,0.0,0.0,0.0,0.0,0.0,0.0,1.0,4.0,4.0,3660.276,915.05775,1.0,12087486
PSA59TQ,600534,2020-12-08 13:57:37.388000-05:00,2021-01-29 13:59:00-05:00,2021-01-28 14:09:32.039000-05:00,2021-01-28 14:12:51.007000-05:00,1,,,,,,Treatment 2,104.591,26.144,4.0,4.0,,,4.0,4.0,3.0,0.0,0.0,0.0,0.0,0.0,0.0,1.0,4.0,4.0,65.522,16.37775,1.0,12767536
PSA59TQ,603587,2020-11-16 07:51:00-05:00,2020-11-16 14:45:00-05:00,2020-11-16 21:00:41.091000-05:00,,1,,,,,,Control 1,337.713,83.4686666666667,3.0,2.0,,,3.0,5.0,3.0,0.0,0.0,0.0,0.0,0.0,0.0,1.0,,,,,,9854103
PSA59TQ,609012,2020-12-30 15:04:21.878000-05:00,2021-01-31 15:06:00-05:00,2021-01-08 11:37:40.802000-05:00,2021-01-08 11:42:59.971000-05:00,1,,,,,,Control 1,236.557,34.6841666666667,6.0,5.0,1.0,1.0,5.0,6.0,6.0,1.0,0.0,0.0,0.0,0.0,1.0,1.0,4.0,4.0,62.981,15.742,1.0,11811955
PSA59TQ,609790,2020-12-30 15:04:21.878000-05:00,2021-01-31 15:06:00-05:00,2021-01-27 17:22:12.217000-05:00,2021-01-27 17:26:15.086000-05:00,1,,,,,,Control 3,59.687,19.8933333333333,3.0,3.0,,,3.0,3.0,3.0,0.0,0.0,0.0,0.0,0.0,0.0,1.0,4.0,1.0,143.244,15.6915,1.0,12712285
PSA59TQ,610719,2020-12-08 13:57:37.388000-05:00,2021-01-29 13:59:00-05:00,2020-12-16 10:43:30.763000-05:00,2020-12-16 10:51:47.543000-05:00,1,,,,,,Control 3,272.802,90.9266666666667,3.0,3.0,,,3.0,3.0,3.0,0.0,0.0,0.0,0.0,0.0,0.0,1.0,4.0,3.0,175.436,31.71575,1.0,11339517
PSA59TQ,612913,2020-11-16 07:51:00-05:00,2020-11-16 14:45:00-05:00,2020-11-16 12:07:41.424000-05:00,2020-11-16 12:13:02.105000-05:00,1,,,,,,Control 3,97.937,22.28275,4.0,3.0,1.0,1.0,4.0,5.0,4.0,1.0,0.0,0.0,0.0,0.0,1.0,1.0,4.0,3.0,183.454,41.83975,1.0,9801558
PSA59TQ,614832,2020-11-16 07:51:00-05:00,2020-11-16 14:45:00-05:00,2020-11-16 13:34:02.601000-05:00,,1,,,,,,Treatment 2,177.817,13.6908333333333,7.0,1.0,1.0,1.0,1.0,6.0,6.0,5.0,0.0,0.0,0.0,0.0,5.0,1.0,,,,,,9817055
PSA59TQ,616232,2020-12-30 15:04:21.879000-05:00,2021-01-31 15:06:00-05:00,2021-01-13 16:19:41.981000-05:00,2021-01-16 09:40:26.837000-05:00,2,,,,,,Control 2,235124.179,78374.7223333333,3.0,3.0,,,3.0,3.0,3.0,0.0,0.0,0.0,0.0,0.0,0.0,2.0,4.0,4.0,89.514,22.3755,1.0,12073563
PSA59TQ,616415,2020-12-30 15:04:21.879000-05:00,2021-01-31 15:06:00-05:00,2021-01-31 14:48:22.579000-05:00,2021-01-31 14:53:08.440000-05:00,1,,,,,,Control 2,119.212,39.7326666666667,3.0,3.0,,,3.0,3.0,3.0,0.0,0.0,0.0,0.0,0.0,0.0,1.0,4.0,4.0,133.844,33.456,1.0,12850352
PSA59TQ,616448,2020-12-30 15:04:21.879000-05:00,2021-01-31 15:06:00-05:00,2021-01-04 13:59:40.124000-05:00,2021-01-04 14:04:31.583000-05:00,1,,,,,,Treatment 3,221.212,42.9096,5.0,4.0,1.0,,5.0,6.0,4.0,0.0,0.0,0.0,0.0,0.0,0.0,1.0,4.0,4.0,42.746,10.684,1.0,11543419
PSA59TQ,616696,2020-12-30 15:04:21.880000-05:00,2021-01-31 15:06:00-05:00,2021-01-29 15:58:16.322000-05:00,,1,,,,,,Treatment 3,124.077,42.657,3.0,0.0,0.0,0.0,2.0,4.0,3.0,1.0,0.0,0.0,0.0,0.0,1.0,1.0,,,,,,12839462
PSA59TQ,618212,2021-02-12 11:06:13.466000-05:00,2021-02-20 00:59:00-05:00,2021-02-16 19:03:52.062000-05:00,,1,,,,,,Control 3,,,1.0,,,,,0.0,1.0,0.0,0.0,0.0,0.0,0.0,0.0,1.0,,,,,,13545388
PSA59TQ,618421,2020-10-20 08:24:49.739000-04:00,,2020-10-20 14:54:14.780000-04:00,,1,,,,,,Treatment 3,654.447,75.0425,6.0,4.0,1.0,,6.0,8.0,5.0,0.0,0.0,0.0,0.0,0.0,0.0,1.0,3.0,2.0,26.927,13.451,1.0,8194437
PSA59TQ,618447,2020-11-03 08:00:00-05:00,2020-11-06 14:30:00-05:00,2020-11-04 12:15:07.105000-05:00,,1,,,,,,Treatment 3,284.57,50.6275,5.0,3.0,1.0,1.0,4.0,8.0,4.0,1.0,0.0,0.0,0.0,0.0,1.0,1.0,,,,,,9124853
PSA59TQ,618826,2020-10-20 08:24:49.739000-04:00,,2020-10-20 15:20:39.220000-04:00,2020-10-20 15:29:21.171000-04:00,1,,,,,,Treatment 1,309.36,77.32825,4.0,4.0,,,4.0,4.0,3.0,0.0,0.0,0.0,0.0,0.0,0.0,1.0,4.0,3.0,126.474,24.22425,1.0,8198502
PSA59TQ,618977,2020-10-20 08:24:49.739000-04:00,,2020-10-20 14:54:29.187000-04:00,,1,,,,,,Treatment 1,698.823,90.2295,2.0,1.0,,,2.0,3.0,2.0,0.0,0.0,0.0,0.0,0.0,0.0,1.0,,,,,,8194461
PSA59TQ,618999,2020-10-20 08:24:49.739000-04:00,,2020-10-20 13:49:45.341000-04:00,2020-10-20 15:02:08.332000-04:00,2,,,,,,Control 3,180.157,60.046,3.0,3.0,,,3.0,3.0,3.0,0.0,0.0,0.0,0.0,0.0,0.0,1.0,4.0,4.0,252.867,63.2115,1.0,8180750
PSA59TQ,619335,2020-10-20 08:24:49.739000-04:00,,2020-10-20 16:37:18.728000-04:00,2020-10-20 16:49:28.545000-04:00,1,,,,,,Control 2,457.911,35.475,6.0,4.0,1.0,0.0,6.0,14.0,6.0,1.0,0.0,0.0,0.0,0.0,1.0,1.0,4.0,4.0,105.964,26.45125,1.0,8207384
PSA59TQ,619552,2020-10-20 08:24:49.739000-04:00,,2020-10-20 09:20:33.919000-04:00,2020-10-20 09:28:47.469000-04:00,1,,,,,,Treatment 1,286.25,71.5565,4.0,4.0,,,4.0,4.0,3.0,0.0,0.0,0.0,0.0,0.0,0.0,1.0,4.0,4.0,131.071,32.765,1.0,8125645
PSA59TQ,620696,2020-10-20 08:24:49.740000-04:00,,2020-10-20 12:23:07.477000-04:00,2020-10-20 13:13:24.250000-04:00,1,,,,,,Treatment 3,132.233,33.05075,4.0,4.0,,,4.0,4.0,3.0,0.0,0.0,0.0,0.0,0.0,0.0,1.0,4.0,3.0,88.271,13.05225,1.0,8162213
PSA59TQ,620734,2020-10-20 08:24:49.739000-04:00,,2020-10-20 14:54:24.436000-04:00,2020-10-20 15:04:55.411000-04:00,1,,,,,,Treatment 3,146.043,36.509,4.0,4.0,,,4.0,4.0,3.0,0.0,0.0,0.0,0.0,0.0,0.0,1.0,4.0,4.0,54.052,13.51175,1.0,8194447
PSA59TQ,620743,2020-12-30 15:04:21.878000-05:00,2021-01-31 15:06:00-05:00,2021-01-04 11:17:37.714000-05:00,2021-01-04 11:22:52.036000-05:00,1,,,,,,Control 1,119.551,39.847,3.0,3.0,,,3.0,3.0,3.0,0.0,0.0,0.0,0.0,0.0,0.0,1.0,4.0,4.0,161.966,40.48875,1.0,11527084
PSA59TQ,620974,2020-10-20 08:24:49.741000-04:00,,2020-10-20 11:10:23.125000-04:00,2020-10-20 11:21:31.875000-04:00,1,,,,,,Treatment 1,529.189,42.7255714285714,7.0,6.0,1.0,,7.0,8.0,6.0,0.0,0.0,0.0,0.0,0.0,0.0,1.0,4.0,4.0,80.633,20.15275,1.0,8147002
PSA59TQ,621230,2020-10-20 08:24:49.740000-04:00,,2020-10-20 13:09:27.801000-04:00,2020-10-20 13:24:32.436000-04:00,1,,,,,,Treatment 1,760.009,37.2021,10.0,7.0,3.0,1.0,10.0,17.0,8.0,1.0,0.0,0.0,0.0,0.0,0.0,1.0,4.0,3.0,89.296,13.723,1.0,8172028
PSA59TQ,621697,2020-09-10 07:30:00-04:00,2020-09-11 07:30:00-04:00,2020-09-11 08:32:12.563000-04:00,2020-09-24 08:15:45.279000-04:00,2,,,,,,Control 1,645.743,64.8198,5.0,3.0,1.0,,5.0,12.0,5.0,0.0,0.0,0.0,0.0,0.0,0.0,1.0,4.0,2.0,1121522.04,280371.4885,2.0,5162792
PSA59TQ,621700,2020-09-10 07:30:00-04:00,2020-09-11 07:30:00-04:00,2020-09-10 19:15:06.757000-04:00,2020-09-10 19:20:24.239000-04:00,1,,,,,,Treatment 1,161.566,40.38225,4.0,4.0,,,4.0,4.0,3.0,0.0,0.0,0.0,0.0,0.0,0.0,1.0,4.0,4.0,113.296,28.31575,1.0,5150129
PSA59TQ,621706,2020-10-20 08:24:49.740000-04:00,,2020-10-20 12:52:55.931000-04:00,2020-10-20 13:11:43.365000-04:00,3,,,,,,Treatment 1,593.159,42.1491,10.0,8.0,2.0,1.0,10.0,15.0,8.0,1.0,0.0,0.0,0.0,0.0,1.0,1.0,4.0,3.0,160.602,32.98725,2.0,8168581
PSA59TQ,621821,2020-12-08 13:57:37.388000-05:00,2021-01-29 13:59:00-05:00,2020-12-14 10:47:45.365000-05:00,2020-12-14 10:50:07.795000-05:00,1,,,,,,Control 3,73.221,24.4043333333333,3.0,3.0,,,3.0,3.0,3.0,0.0,0.0,0.0,0.0,0.0,0.0,1.0,4.0,4.0,45.997,11.49675,1.0,11189719
PSA59TQ,622040,2020-10-20 08:24:49.740000-04:00,,2020-10-20 08:43:14.143000-04:00,2020-10-20 08:54:30.584000-04:00,1,,,,,,Control 2,118.948,39.641,3.0,3.0,,,3.0,3.0,3.0,0.0,0.0,0.0,0.0,0.0,0.0,1.0,4.0,3.0,413.995,33.609,1.0,8121163
PSA59TQ,622493,2020-10-20 08:24:49.739000-04:00,,2020-10-20 15:03:13.935000-04:00,2020-10-20 15:08:54.546000-04:00,2,,,,,,Control 2,126.195,42.0566666666667,3.0,3.0,,,3.0,3.0,3.0,0.0,0.0,0.0,0.0,0.0,0.0,1.0,4.0,4.0,150.717,37.6705,1.0,8195973
PSA59TQ,622582,2020-10-20 08:24:49.740000-04:00,,2020-10-20 09:02:20.595000-04:00,2020-10-20 09:09:53.525000-04:00,1,,,,,,Treatment 2,308.885,35.3532,5.0,4.0,1.0,,5.0,6.0,4.0,0.0,0.0,0.0,0.0,0.0,0.0,1.0,4.0,4.0,104.067,26.0075,1.0,8123178
PSA59TQ,622789,2020-10-20 08:24:49.739000-04:00,,2020-10-20 14:55:28.253000-04:00,2020-10-20 15:07:05.170000-04:00,1,,,,,,Treatment 3,436.782,109.18975,4.0,4.0,,,4.0,4.0,3.0,0.0,0.0,0.0,0.0,0.0,0.0,1.0,4.0,3.0,205.084,47.04875,1.0,8194631
PSA59TQ,622923,2020-10-20 08:24:49.739000-04:00,,2020-10-20 14:56:09.261000-04:00,,1,,,,,,Not Assigned,,,,,,,,,,,,,,,,,,,,,,8194744
PSA59TQ,623413,2020-10-20 08:24:49.740000-04:00,,2020-10-21 02:49:06.278000-04:00,,1,,,,,,Control 2,1323.634,45.3533333333333,12.0,5.0,2.0,2.0,6.0,19.0,12.0,7.0,0.0,0.0,0.0,0.0,1.0,1.0,2.0,1.0,5.477,5.47,1.0,8224738
PSA59TQ,623813,2020-11-16 08:50:00-05:00,2020-11-23 00:59:00-05:00,2020-11-16 12:05:05.824000-05:00,2020-11-16 12:12:30.470000-05:00,1,,,,,,Treatment 3,322.303,48.377,5.0,4.0,1.0,,5.0,7.0,4.0,0.0,0.0,0.0,0.0,0.0,0.0,1.0,4.0,4.0,77.652,19.406,1.0,9801032
PSA59TQ,624580,2020-11-16 08:50:00-05:00,2020-11-23 00:59:00-05:00,2020-12-04 20:40:43.854000-05:00,2020-12-04 20:57:27.459000-05:00,1,,,,,,Control 2,371.864,52.4236,5.0,4.0,1.0,1.0,5.0,8.0,5.0,1.0,0.0,0.0,0.0,0.0,0.0,1.0,4.0,4.0,203.191,50.79375,1.0,10749013
PSA59TQ,625624,2020-11-16 08:50:00-05:00,2020-11-23 00:59:00-05:00,2020-11-17 14:37:17.172000-05:00,2020-11-17 14:49:57.391000-05:00,1,,,,,,Treatment 1,601.46,36.6074,10.0,8.0,2.0,2.0,10.0,15.0,8.0,2.0,0.0,0.0,0.0,0.0,2.0,1.0,4.0,4.0,74.402,18.594,1.0,9927753
PSA59TQ,625638,2020-09-14 11:07:19.423000-04:00,2020-09-14 11:09:00-04:00,2020-09-14 11:22:31.847000-04:00,2020-09-14 11:28:48.449000-04:00,1,,,,,,Control 1,196.366,65.445,3.0,3.0,,,3.0,3.0,3.0,0.0,0.0,0.0,0.0,0.0,0.0,1.0,4.0,3.0,148.822,29.918,1.0,5295186
PSA59TQ,625697,2020-11-16 08:50:00-05:00,2020-11-23 00:59:00-05:00,2020-11-16 11:23:11.302000-05:00,2020-11-16 14:54:56.227000-05:00,1,,,,,,Treatment 1,12427.854,532.568428571429,14.0,9.0,4.0,,14.0,22.0,11.0,0.0,0.0,0.0,0.0,0.0,0.0,1.0,4.0,4.0,214.19,53.54525,1.0,9792965
PSA59TQ,626156,2020-11-16 08:50:00-05:00,2020-11-23 00:59:00-05:00,2020-11-16 11:04:04.309000-05:00,2020-11-16 11:12:19.091000-05:00,1,,,,,,Control 2,71.366,23.7786666666667,3.0,3.0,,,3.0,3.0,3.0,0.0,0.0,0.0,0.0,0.0,0.0,1.0,4.0,3.0,381.019,62.253,1.0,9789578
PSA59TQ,626226,2020-11-16 08:50:00-05:00,2020-11-23 00:59:00-05:00,2020-11-19 10:59:36.130000-05:00,2020-11-19 12:17:46.635000-05:00,1,,,,,,Control 3,4559.9,1519.95266666667,3.0,3.0,,,3.0,3.0,3.0,0.0,0.0,0.0,0.0,0.0,0.0,1.0,4.0,4.0,57.204,14.29625,1.0,10064277
PSA59TQ,626248,2020-11-16 08:50:00-05:00,2020-11-23 00:59:00-05:00,2020-11-17 09:43:03.972000-05:00,2020-12-03 11:17:08.072000-05:00,3,,,,,,Control 1,1675.95,102.26375,12.0,6.0,4.0,3.0,12.0,24.0,12.0,5.0,0.0,0.0,0.0,0.0,5.0,1.0,4.0,4.0,113.039,28.25625,1.0,9869626
PSA59TQ,627223,2020-12-30 15:04:21.878000-05:00,2021-01-31 15:06:00-05:00,2021-01-14 11:15:18.252000-05:00,,1,,,,,,Not Assigned,,,,,,,,,,,,,,,,,,,,,,12107380
PSA59TQ,627297,2020-09-14 11:07:19.423000-04:00,2020-09-14 11:09:00-04:00,2020-09-14 11:25:55.952000-04:00,2020-09-14 11:35:02.644000-04:00,1,,,,,,Control 3,283.154,49.5032,5.0,4.0,1.0,,5.0,6.0,5.0,0.0,0.0,0.0,0.0,0.0,0.0,1.0,4.0,3.0,168.447,29.11825,1.0,5295966
PSA59TQ,627797,2020-12-30 15:04:21.878000-05:00,2021-01-31 15:06:00-05:00,2021-01-25 09:54:40.692000-05:00,,1,,,,,,Treatment 2,24.176,24.17,2.0,1.0,,,1.0,1.0,2.0,0.0,0.0,0.0,0.0,0.0,0.0,1.0,,,,,,12513172
PSA59TQ,628412,2020-10-20 08:24:49.741000-04:00,,2020-10-20 12:25:52.214000-04:00,2020-10-20 12:36:44.677000-04:00,1,,,,,,Control 1,466.367,155.45,3.0,3.0,,,3.0,3.0,3.0,0.0,0.0,0.0,0.0,0.0,0.0,1.0,4.0,4.0,138.74,34.68025,1.0,8162823
PSA59TQ,629098,2020-11-16 08:50:00-05:00,2020-11-23 00:59:00-05:00,2020-11-16 14:35:32.470000-05:00,2020-12-01 17:07:05.983000-05:00,2,,,,,,Control 1,2958.084,423.392,6.0,5.0,1.0,1.0,6.0,9.0,6.0,1.0,0.0,0.0,0.0,0.0,0.0,2.0,4.0,4.0,141.64,35.40525,1.0,9828819
PSA59TQ,633783,2020-11-16 08:50:00-05:00,2020-11-23 00:59:00-05:00,2020-11-17 09:52:54.906000-05:00,2020-11-23 00:15:33.296000-05:00,5,,,,,,Treatment 2,444503.358,35.9508333333333,6.0,4.0,1.0,1.0,6.0,10.0,5.0,1.0,0.0,0.0,0.0,0.0,0.0,2.0,4.0,4.0,182.608,45.63075,1.0,9871149
PSA59TQ,634735,2020-09-14 11:07:19.423000-04:00,2020-09-14 11:09:00-04:00,2020-09-14 11:20:09.835000-04:00,2020-09-14 11:28:44.327000-04:00,1,,,,,,Control 2,156.671,52.2096666666667,3.0,3.0,,,3.0,3.0,3.0,0.0,0.0,0.0,0.0,0.0,0.0,1.0,4.0,4.0,87.63,21.90225,1.0,5294694
PSA59TQ,634858,2020-09-14 11:07:19.423000-04:00,2020-09-14 11:09:00-04:00,2020-09-14 11:26:24.799000-04:00,2020-09-14 11:34:42.888000-04:00,2,,,,,,Control 2,137.996,45.9963333333333,3.0,3.0,,,3.0,3.0,3.0,0.0,0.0,0.0,0.0,0.0,0.0,1.0,4.0,4.0,321.087,80.26875,2.0,5296075
PSA59TQ,635281,2020-11-16 08:50:00-05:00,2020-11-23 00:59:00-05:00,2020-11-17 09:57:44.309000-05:00,2020-11-21 12:25:06.064000-05:00,2,,,,,,Control 2,334.95,111.644666666667,3.0,3.0,,,3.0,3.0,3.0,0.0,0.0,0.0,0.0,0.0,0.0,1.0,4.0,4.0,106.038,26.50375,1.0,9871912
PSA59TQ,636257,2021-04-27 13:24:26.019000-04:00,2021-04-27 20:30:00-04:00,2021-04-29 17:07:07.109000-04:00,,1,,,,,,Not Assigned,,,,,,,,,,,,,,,,,,,,,,16026890
PSA59TQ,636590,2020-09-14 11:07:19.423000-04:00,2020-09-14 11:09:00-04:00,2020-09-14 11:08:13.311000-04:00,2020-09-14 11:14:58.861000-04:00,1,,,,,,Treatment 1,318.517,15.8235,10.0,8.0,2.0,2.0,10.0,16.0,8.0,2.0,0.0,0.0,0.0,0.0,2.0,1.0,4.0,3.0,57.252,10.61375,1.0,5291849
PSA59TQ,638122,2020-09-14 11:07:19.423000-04:00,2020-09-14 11:09:00-04:00,2020-09-14 11:11:53.790000-04:00,2020-09-14 11:14:37.248000-04:00,1,,,,,,Control 1,68.949,22.98,3.0,3.0,,,3.0,3.0,3.0,0.0,0.0,0.0,0.0,0.0,0.0,1.0,4.0,3.0,78.052,15.7545,1.0,5292724
PSA59TQ,638167,2020-10-01 09:19:06.559000-04:00,2020-10-09 09:20:00-04:00,2020-10-08 11:15:29.352000-04:00,2020-10-08 11:28:34.258000-04:00,1,,,,,,Control 3,530.704,176.895,3.0,3.0,,,3.0,3.0,3.0,0.0,0.0,0.0,0.0,0.0,0.0,1.0,4.0,3.0,161.491,30.5105,1.0,7421023
PSA59TQ,638494,2020-10-01 09:19:06.559000-04:00,2020-10-09 09:20:00-04:00,2020-10-01 09:38:06.882000-04:00,,1,,,,,,Control 2,540.923,105.013,3.0,0.0,0.0,0.0,1.0,3.0,3.0,2.0,0.0,0.0,0.0,0.0,2.0,1.0,,,,,,6858484
PSA59TQ,638542,2020-09-11 07:30:00-04:00,2020-09-14 07:30:00-04:00,2020-09-11 08:00:47.430000-04:00,2020-09-11 09:30:33.641000-04:00,3,,,,,,Treatment 1,4910.11,131.857769230769,13.0,6.0,3.0,,13.0,26.0,10.0,0.0,0.0,0.0,0.0,0.0,0.0,3.0,4.0,3.0,269.394,50.276,1.0,5161218
PSA59TQ,638543,2020-09-11 07:30:00-04:00,2020-09-14 07:30:00-04:00,2020-09-11 09:50:11.829000-04:00,2020-09-13 11:47:44.291000-04:00,2,,,,,,Treatment 3,172039.401,282.01,5.0,4.0,1.0,,4.0,5.0,4.0,0.0,0.0,0.0,0.0,0.0,0.0,2.0,4.0,4.0,197.129,49.27925,1.0,5172543
PSA59TQ,638554,2020-09-11 07:30:00-04:00,2020-09-14 07:30:00-04:00,2020-09-11 07:33:41.036000-04:00,2020-09-11 07:47:41.498000-04:00,1,,,,,,Treatment 3,165.128,41.27275,4.0,4.0,,,4.0,4.0,3.0,0.0,0.0,0.0,0.0,0.0,0.0,1.0,4.0,3.0,581.12,62.8805,1.0,5160709
PSA59TQ,638850,2020-09-11 07:30:00-04:00,2020-09-14 07:30:00-04:00,2020-09-14 09:49:52.600000-04:00,2020-09-14 09:56:02.035000-04:00,1,,,,,,Treatment 3,177.387,44.33875,4.0,4.0,,,4.0,4.0,3.0,0.0,0.0,0.0,0.0,0.0,0.0,1.0,4.0,4.0,157.13,39.276,1.0,5275193
PSA59TQ,639942,2020-10-01 09:19:06.559000-04:00,2020-10-09 09:20:00-04:00,2020-10-07 09:26:14.645000-04:00,2020-10-07 09:45:00.281000-04:00,1,,,,,,Treatment 1,714.16,59.682,9.0,7.0,2.0,,9.0,13.0,7.0,0.0,0.0,0.0,0.0,0.0,0.0,1.0,4.0,3.0,338.102,70.1475,1.0,7298350
PSA59TQ,640583,2020-12-30 15:04:21.880000-05:00,2021-01-31 15:06:00-05:00,2021-01-26 17:05:49.960000-05:00,2021-01-26 17:31:35.418000-05:00,1,,,,,,Treatment 1,676.217,169.052,4.0,4.0,,,4.0,4.0,3.0,0.0,0.0,0.0,0.0,0.0,0.0,1.0,4.0,4.0,154.499,38.62225,1.0,12641556
PSA59TQ,644394,2020-10-20 08:24:49.741000-04:00,,2020-10-20 12:08:15.304000-04:00,,1,,,,,,Control 3,510.075,170.019666666667,3.0,3.0,,,3.0,3.0,3.0,0.0,0.0,0.0,0.0,0.0,0.0,1.0,3.0,2.0,1271.707,417.635666666667,1.0,8159134
PSA59TQ,644550,2020-09-14 11:07:19.423000-04:00,2020-09-14 11:09:00-04:00,2020-09-14 11:19:29.182000-04:00,2020-09-14 11:25:08.210000-04:00,2,,,,,,Control 3,63.312,21.101,3.0,3.0,,,3.0,3.0,3.0,0.0,0.0,0.0,0.0,0.0,0.0,1.0,4.0,3.0,113.128,24.2515,1.0,5294544
PSA59TQ,644561,2020-09-14 11:07:19.423000-04:00,2020-09-14 11:09:00-04:00,2020-09-14 11:21:59.245000-04:00,,1,,,,,,Control 1,366.124,47.043,5.0,2.0,2.0,2.0,4.0,8.0,5.0,2.0,0.0,0.0,0.0,0.0,2.0,1.0,,,,,,5295068
PSA59TQ,644906,2020-09-14 11:07:19.423000-04:00,2020-09-14 11:09:00-04:00,2020-09-14 11:21:15.870000-04:00,2020-09-14 11:27:33.998000-04:00,1,,,,,,Control 3,167.163,55.7186666666667,3.0,3.0,,,3.0,3.0,3.0,0.0,0.0,0.0,0.0,0.0,0.0,1.0,4.0,4.0,114.804,28.69775,1.0,5294941
PSA59TQ,644918,2020-09-14 11:07:19.423000-04:00,2020-09-14 11:09:00-04:00,2020-09-14 12:14:39.419000-04:00,2020-09-14 12:57:32.675000-04:00,3,,,,,,Treatment 3,2016.309,504.06275,4.0,4.0,,,4.0,4.0,3.0,0.0,0.0,0.0,0.0,0.0,0.0,2.0,4.0,4.0,64.706,16.163,1.0,5307756
PSA59TQ,644991,2020-09-14 11:07:19.423000-04:00,2020-09-14 11:09:00-04:00,2020-09-14 11:22:37.342000-04:00,,2,,,,,,Treatment 3,260.39,65.09075,4.0,4.0,,,4.0,4.0,3.0,0.0,0.0,0.0,0.0,0.0,0.0,1.0,4.0,3.0,125.477,31.36625,1.0,5295204
PSA59TQ,645014,2020-09-14 11:07:19.423000-04:00,2020-09-14 11:09:00-04:00,2020-09-14 11:22:09.645000-04:00,2020-09-14 11:29:04.564000-04:00,1,,,,,,Control 2,265.884,49.0184,5.0,4.0,1.0,,5.0,8.0,5.0,0.0,0.0,0.0,0.0,0.0,0.0,1.0,4.0,4.0,83.008,20.74975,1.0,5295102
PSA59TQ,645050,2020-09-14 11:07:19.423000-04:00,2020-09-14 11:09:00-04:00,2020-09-14 11:20:24.256000-04:00,2020-09-14 11:33:18.202000-04:00,1,,,,,,Control 3,405.763,59.9036,5.0,4.0,1.0,,5.0,6.0,5.0,0.0,0.0,0.0,0.0,0.0,0.0,1.0,4.0,3.0,230.273,55.60975,1.0,5294753
PSA59TQ,645121,2020-10-20 08:24:49.740000-04:00,,2020-10-20 10:48:05.492000-04:00,2020-10-20 11:00:27.581000-04:00,1,,,,,,Treatment 3,244.929,61.2195,4.0,4.0,,,4.0,4.0,3.0,0.0,0.0,0.0,0.0,0.0,0.0,1.0,4.0,4.0,427.215,106.79625,1.0,8142214
PSA59TQ,645351,2020-09-14 11:07:19.423000-04:00,2020-09-14 11:09:00-04:00,2020-09-14 11:20:12.541000-04:00,,1,,,,,,Treatment 2,529.496,36.476125,9.0,6.0,2.0,1.0,8.0,10.0,7.0,1.0,0.0,0.0,0.0,0.0,0.0,1.0,,,,,,5294708
PSA59TQ,648874,2020-11-03 08:00:00-05:00,2020-11-06 14:30:00-05:00,2020-11-04 11:00:08.488000-05:00,2020-11-05 16:14:19.675000-05:00,3,,,,,,Control 2,104858.194,9509.09645454545,11.0,2.0,2.0,2.0,6.0,28.0,11.0,8.0,0.0,0.0,0.0,0.0,7.0,2.0,4.0,1.0,309.795,40.93825,1.0,9111310
PSA59TQ,652259,2020-10-20 08:24:49.739000-04:00,,2020-10-20 14:53:39.518000-04:00,,1,,,,,,Control 2,343.558,111.915,2.0,0.0,0.0,,1.0,4.0,2.0,0.0,0.0,0.0,0.0,0.0,0.0,1.0,,,,,,8194310
PSA59TQ,655392,2020-09-10 07:30:00-04:00,2020-09-11 07:30:00-04:00,2020-09-11 08:39:21.314000-04:00,,1,,,,,,Control 3,50.105,50.09,2.0,1.0,,,1.0,1.0,2.0,0.0,0.0,0.0,0.0,0.0,0.0,1.0,,,,,,5163363
PSA59TQ,655437,2020-09-10 07:30:00-04:00,2020-09-11 07:30:00-04:00,2020-09-24 08:28:22.667000-04:00,,1,,,,,,Treatment 1,,,1.0,,,,,0.0,1.0,0.0,0.0,0.0,0.0,0.0,0.0,1.0,,,,,,6261867
PSA59TQ,655466,2020-09-10 07:30:00-04:00,2020-09-11 07:30:00-04:00,2020-09-18 11:05:19.851000-04:00,2020-09-18 11:51:15.293000-04:00,1,,,,,,Control 2,2568.339,218.208363636364,11.0,3.0,2.0,2.0,5.0,15.0,11.0,8.0,0.0,0.0,0.0,0.0,8.0,1.0,4.0,3.0,138.31,31.36725,1.0,5789686
PSA59TQ,657494,2020-09-03 01:00:00-04:00,2020-09-07 12:20:00-04:00,2020-09-11 10:05:05.336000-04:00,,1,,,,,,Control 2,786.933,262.301666666667,3.0,3.0,,,3.0,3.0,3.0,0.0,0.0,0.0,0.0,0.0,0.0,1.0,1.0,,,,1.0,5174968
PSA59TQ,658059,2020-11-16 08:50:00-05:00,2020-11-23 00:59:00-05:00,2020-11-16 14:24:29.373000-05:00,2021-01-27 10:45:26.740000-05:00,5,,,,,,Treatment 3,6207483.139,91.5472857142857,14.0,9.0,4.0,3.0,13.0,20.0,11.0,3.0,0.0,0.0,0.0,0.0,3.0,3.0,4.0,4.0,85.281,21.316,1.0,9826889
PSA59TQ,659487,2020-11-16 08:50:00-05:00,2020-11-23 00:59:00-05:00,2020-11-16 11:15:27.884000-05:00,,2,,,,,,Treatment 3,,,1.0,,,,,0.0,1.0,0.0,0.0,0.0,0.0,0.0,0.0,1.0,,,,,,9791510
PSA59TQ,660482,2020-11-03 08:00:00-05:00,2020-11-06 14:30:00-05:00,2020-11-06 09:53:01.087000-05:00,2020-11-06 10:02:59.242000-05:00,1,,,,,,Control 3,214.941,71.639,3.0,3.0,,,3.0,3.0,3.0,0.0,0.0,0.0,0.0,0.0,0.0,1.0,4.0,3.0,322.109,72.357,1.0,9278445
PSA59TQ,660819,2020-09-03 01:00:00-04:00,2020-09-07 12:20:00-04:00,2020-09-11 11:55:53.313000-04:00,,1,,,,,,Control 2,232.538,53.1845,4.0,3.0,1.0,,4.0,5.0,4.0,0.0,0.0,0.0,0.0,0.0,0.0,1.0,1.0,,,,1.0,5194778
PSA59TQ,663171,2020-10-20 08:24:49.741000-04:00,,2020-10-20 12:28:41.807000-04:00,2020-10-20 12:40:22.868000-04:00,1,,,,,,Treatment 2,533.349,60.7243333333333,6.0,5.0,1.0,1.0,6.0,8.0,5.0,1.0,0.0,0.0,0.0,0.0,1.0,1.0,4.0,4.0,129.074,32.26425,1.0,8163383
PSA59TQ,663505,2021-08-23 11:00:00-04:00,2021-08-27 19:00:00-04:00,2021-08-24 20:02:27.109000-04:00,2021-08-24 20:28:37.834000-04:00,1,,,,,,Treatment 2,1113.003,91.2815714285714,7.0,4.0,1.0,0.0,7.0,12.0,6.0,2.0,0.0,0.0,0.0,0.0,0.0,1.0,4.0,2.0,336.339,46.5535,1.0,16895143
PSA59TQ,666429,2020-10-20 08:24:49.741000-04:00,,2020-10-20 12:16:40.758000-04:00,,1,,,,,,Control 1,992.223,76.7676666666667,7.0,1.0,0.0,0.0,5.0,11.0,7.0,4.0,0.0,0.0,0.0,0.0,3.0,1.0,,,,,,8160824
PSA59TQ,670440,2020-09-29 20:36:18.374000-04:00,,2020-10-22 15:12:04.738000-04:00,2020-10-22 15:20:56.260000-04:00,1,,,,,,Treatment 3,455.702,39.4742222222222,9.0,7.0,2.0,2.0,8.0,10.0,7.0,2.0,0.0,0.0,0.0,0.0,2.0,1.0,4.0,1.0,44.249,4.96925,1.0,8393754
PSA59TQ,670700,2020-09-14 10:28:24.125000-04:00,,2020-09-14 11:41:10.711000-04:00,2020-09-15 15:33:20.991000-04:00,3,,,,,,Control 3,99951.137,14207.3537142857,7.0,4.0,1.0,1.0,7.0,14.0,7.0,2.0,0.0,0.0,0.0,0.0,0.0,3.0,4.0,2.0,342.904,35.12675,1.0,5299555
PSA59TQ,670701,2020-09-14 10:28:24.125000-04:00,,2020-09-15 08:27:20.714000-04:00,2020-09-15 08:48:23.454000-04:00,1,,,,,,Control 3,382.955,127.643,3.0,3.0,,,3.0,3.0,3.0,0.0,0.0,0.0,0.0,0.0,0.0,1.0,4.0,2.0,800.567,173.349,1.0,5386345
PSA59TQ,670702,2020-09-14 10:28:24.125000-04:00,,2020-09-14 11:52:25.874000-04:00,2020-09-14 12:12:02.299000-04:00,1,,,,,,Control 1,983.041,327.673,3.0,3.0,,,3.0,3.0,3.0,0.0,0.0,0.0,0.0,0.0,0.0,1.0,4.0,2.0,158.339,28.3365,1.0,5302229
PSA59TQ,670741,2020-09-14 10:28:24.125000-04:00,,2020-10-06 21:26:27.869000-04:00,,1,,,,,,Control 1,,,1.0,,,,,0.0,1.0,0.0,0.0,0.0,0.0,0.0,0.0,1.0,,,,,,7284077
PSA59TQ,671756,2020-09-14 10:28:24.126000-04:00,,2020-09-17 14:37:17.392000-04:00,,1,,,,,,Not Assigned,,,,,,,,,,,,,,,,,,,,,,5720233
PSA59TQ,671776,2020-09-14 10:28:24.126000-04:00,,2020-09-14 11:35:30.975000-04:00,2020-09-14 11:41:07.038000-04:00,1,,,,,,Control 1,153.585,51.187,3.0,3.0,,,3.0,3.0,3.0,0.0,0.0,0.0,0.0,0.0,0.0,1.0,4.0,3.0,154.037,18.3955,1.0,5298269
PSA59TQ,671782,2021-03-18 06:00:00-04:00,2021-03-19 14:47:00-04:00,2021-03-18 08:12:58.327000-04:00,2021-03-18 08:20:10.297000-04:00,1,,,,,,Control 2,243.56,39.658,5.0,4.0,1.0,1.0,5.0,8.0,5.0,1.0,0.0,0.0,0.0,0.0,1.0,1.0,4.0,2.0,144.408,32.01375,1.0,14778364
PSA59TQ,671783,2020-09-14 10:28:24.126000-04:00,,2020-09-15 09:17:30.877000-04:00,2020-09-15 09:32:51.023000-04:00,1,,,,,,Control 1,651.13,72.1215,8.0,4.0,2.0,2.0,8.0,13.0,8.0,4.0,0.0,0.0,0.0,0.0,4.0,1.0,4.0,3.0,213.731,50.112,1.0,5392873
PSA59TQ,671784,2020-09-14 10:28:24.126000-04:00,,2020-09-15 08:54:17.949000-04:00,2020-09-15 09:11:00.216000-04:00,2,,,,,,Control 3,423.542,53.3892857142857,7.0,5.0,1.0,,7.0,9.0,7.0,0.0,0.0,0.0,0.0,0.0,0.0,1.0,4.0,1.0,545.901,47.14125,2.0,5389296
PSA59TQ,671786,2020-09-14 10:28:24.126000-04:00,,2020-09-17 06:47:16.515000-04:00,,1,,,,,,Not Assigned,,,,,,,,,,,,,,,,,,,,,,5632659
PSA59TQ,671787,2020-09-14 10:28:24.126000-04:00,,2020-11-12 12:20:57.952000-05:00,,1,,,,,,Treatment 1,,,1.0,,,,,0.0,1.0,0.0,0.0,0.0,0.0,0.0,0.0,1.0,,,,,,9632304
PSA59TQ,672261,2020-09-29 20:36:18.374000-04:00,,2020-10-01 11:15:33.471000-04:00,2020-10-01 11:26:57.901000-04:00,1,,,,,,Control 1,163.811,54.598,3.0,3.0,,,3.0,3.0,3.0,0.0,0.0,0.0,0.0,0.0,0.0,1.0,4.0,2.0,475.552,40.633,1.0,6879313
PSA59TQ,672319,2021-03-03 16:15:50.557000-05:00,,2021-03-04 16:26:50.484000-05:00,2021-03-04 16:50:27.412000-05:00,1,,,,,,Control 2,1024.919,112.7195,6.0,4.0,1.0,,6.0,8.0,6.0,0.0,0.0,0.0,0.0,0.0,0.0,1.0,4.0,4.0,110.434,27.59425,1.0,14267797
PSA59TQ,672392,2020-09-29 20:36:18.374000-04:00,,2020-09-30 10:52:52.475000-04:00,2020-09-30 11:07:50.004000-04:00,1,,,,,,Treatment 1,365.576,91.39125,4.0,4.0,,,4.0,4.0,3.0,0.0,0.0,0.0,0.0,0.0,0.0,1.0,4.0,3.0,428.563,83.3565,1.0,6757832
PSA59TQ,672422,2021-03-03 16:15:50.557000-05:00,,2021-03-04 16:27:51.690000-05:00,2021-03-04 16:34:33.897000-05:00,1,,,,,,Control 3,223.32,74.435,3.0,3.0,,,3.0,3.0,3.0,0.0,0.0,0.0,0.0,0.0,0.0,1.0,4.0,3.0,85.737,19.9755,1.0,14267844
PSA59TQ,672514,2021-03-03 16:15:50.557000-05:00,,2021-03-04 16:26:35.307000-05:00,,1,,,,,,Control 1,1489.239,496.397666666667,3.0,3.0,,,3.0,3.0,3.0,0.0,0.0,0.0,0.0,0.0,0.0,1.0,2.0,1.0,3.958,3.953,1.0,14267786
PSA59TQ,672568,2021-03-03 16:15:50.557000-05:00,,2021-03-04 16:26:00.719000-05:00,,1,,,,,,Treatment 2,962.568,151.1924,6.0,3.0,1.0,1.0,5.0,10.0,5.0,2.0,0.0,0.0,0.0,0.0,1.0,1.0,,,,,,14267754
PSA59TQ,672642,2021-03-03 16:15:50.557000-05:00,,2021-03-11 16:01:33.904000-05:00,,1,,,,,,Not Assigned,,,,,,,,,,,,,,,,,,,,,,14567229
PSA59TQ,673445,2020-09-14 10:28:24.128000-04:00,,2020-09-14 11:32:04.767000-04:00,2020-09-15 10:05:40.104000-04:00,3,,,,,,Control 3,81027.415,6709.29116666667,12.0,7.0,4.0,2.0,12.0,18.0,12.0,3.0,0.0,0.0,0.0,0.0,3.0,3.0,4.0,3.0,111.83,23.92225,1.0,5297444
PSA59TQ,673446,2020-09-14 10:28:24.128000-04:00,,2020-09-14 11:29:00.523000-04:00,2020-09-14 11:39:02.954000-04:00,1,,,,,,Treatment 1,347.269,57.2582,5.0,4.0,1.0,,5.0,6.0,4.0,0.0,0.0,0.0,0.0,0.0,0.0,1.0,4.0,4.0,202.204,50.546,1.0,5296657
PSA59TQ,673447,2020-09-14 10:28:24.129000-04:00,,2020-09-14 11:07:25.525000-04:00,2020-09-14 11:23:35.491000-04:00,2,,,,,,Treatment 2,829.743,16.1055384615385,13.0,5.0,4.0,4.0,6.0,19.0,10.0,7.0,0.0,0.0,0.0,0.0,3.0,2.0,4.0,2.0,106.318,22.068,1.0,5291676
PSA59TQ,673449,2020-09-14 10:28:24.125000-04:00,,2020-09-14 11:05:43.214000-04:00,2020-09-14 11:16:23.805000-04:00,2,,,,,,Control 2,356.32,50.6326666666667,6.0,5.0,1.0,1.0,6.0,7.0,6.0,1.0,0.0,0.0,0.0,0.0,1.0,2.0,4.0,3.0,260.93,52.9965,1.0,5291274
PSA59TQ,673450,2020-09-14 10:28:24.128000-04:00,,2020-09-14 12:06:37.988000-04:00,2020-09-15 21:31:21.065000-04:00,2,,,,,,Treatment 1,477.172,49.9293333333333,6.0,4.0,1.0,,6.0,10.0,5.0,0.0,0.0,0.0,0.0,0.0,0.0,1.0,4.0,3.0,119769.529,29937.19575,2.0,5305877
PSA59TQ,674121,2020-09-14 10:28:24.129000-04:00,,2020-09-14 11:05:45.431000-04:00,2020-09-14 11:35:21.502000-04:00,1,,,,,,Control 2,851.396,100.1515,6.0,5.0,1.0,1.0,6.0,11.0,6.0,1.0,0.0,0.0,0.0,0.0,1.0,1.0,4.0,1.0,778.18,114.815,1.0,5291282
PSA59TQ,674174,2020-09-29 20:36:18.374000-04:00,,2020-11-03 13:18:12.242000-05:00,2020-11-03 13:37:51.527000-05:00,1,,,,,,Control 1,625.42,84.8858571428571,7.0,6.0,1.0,,7.0,8.0,7.0,0.0,0.0,0.0,0.0,0.0,0.0,1.0,4.0,3.0,474.893,114.7265,1.0,9055591
PSA59TQ,674410,2020-09-29 20:36:18.374000-04:00,,2020-10-03 21:02:25.524000-04:00,2020-10-03 21:10:23.766000-04:00,1,,,,,,Control 1,357.807,32.344375,8.0,6.0,2.0,1.0,8.0,12.0,8.0,1.0,0.0,0.0,0.0,0.0,0.0,1.0,4.0,4.0,77.466,19.36175,1.0,7050597
PSA59TQ,674540,2020-09-29 20:36:18.374000-04:00,,2020-10-07 16:13:04.497000-04:00,2020-10-10 21:23:12.936000-04:00,2,,,,,,Treatment 1,1731.715,162.1146,10.0,8.0,2.0,,10.0,12.0,8.0,0.0,0.0,0.0,0.0,0.0,0.0,1.0,4.0,3.0,497.932,102.111,1.0,7372332
PSA59TQ,675057,2021-03-03 16:15:50.557000-05:00,,2021-03-03 22:42:53.032000-05:00,,1,,,,,,Treatment 3,,,1.0,,,,,0.0,1.0,0.0,0.0,0.0,0.0,0.0,0.0,1.0,,,,,,14213507
PSA59TQ,675140,2021-03-03 16:15:50.557000-05:00,,2021-03-04 16:26:16.046000-05:00,,1,,,,,,Treatment 3,1210.308,55.0372222222222,10.0,6.0,3.0,1.0,9.0,14.0,8.0,1.0,0.0,0.0,0.0,0.0,1.0,1.0,,,,,,14267770
PSA59TQ,675214,2020-09-29 20:36:18.374000-04:00,,2020-09-30 12:24:29.182000-04:00,,1,,,,,,Treatment 1,44.039,9.026,1.0,0.0,,,0.0,1.0,1.0,1.0,0.0,0.0,0.0,0.0,1.0,1.0,,,,,,6779776
PSA59TQ,675374,2020-09-29 20:36:18.374000-04:00,,2020-09-30 12:15:44.388000-04:00,2020-09-30 12:34:11.580000-04:00,1,,,,,,Treatment 2,580.623,58.0065714285714,7.0,6.0,1.0,,7.0,8.0,6.0,0.0,0.0,0.0,0.0,0.0,0.0,1.0,4.0,2.0,420.431,65.36025,1.0,6777723
PSA59TQ,675386,2020-09-29 20:36:18.374000-04:00,,2020-09-30 13:43:15.079000-04:00,2020-09-30 13:54:27.948000-04:00,1,,,,,,Treatment 1,236.487,59.117,4.0,4.0,,,4.0,4.0,3.0,0.0,0.0,0.0,0.0,0.0,0.0,1.0,4.0,3.0,367.958,33.68525,1.0,6797530
PSA59TQ,675387,2020-09-29 20:36:18.374000-04:00,,2020-09-30 12:00:34.516000-04:00,2020-09-30 12:35:56.442000-04:00,1,,,,,,Control 2,1544.6,110.3117,10.0,5.0,2.0,0.0,8.0,16.0,10.0,1.0,0.0,0.0,0.0,0.0,1.0,1.0,4.0,3.0,461.745,75.757,1.0,6774072
PSA59TQ,675390,2020-09-29 20:36:18.374000-04:00,,2020-09-30 14:42:20.763000-04:00,2020-10-01 13:51:12.379000-04:00,2,,,,,,Treatment 1,1649.299,91.3065,10.0,7.0,2.0,1.0,10.0,14.0,8.0,1.0,0.0,0.0,0.0,0.0,1.0,1.0,4.0,1.0,81567.838,133.0195,2.0,6810227
PSA59TQ,675391,2020-09-29 20:36:18.374000-04:00,,2020-09-30 11:58:07.050000-04:00,2020-09-30 13:37:10.575000-04:00,2,,,,,,Treatment 2,645.188,57.4765,10.0,7.0,2.0,1.0,10.0,13.0,8.0,1.0,0.0,0.0,0.0,0.0,1.0,1.0,4.0,3.0,5259.058,42.07575,2.0,6773496
PSA59TQ,675392,2020-09-29 20:36:18.374000-04:00,,2020-10-01 15:15:47.331000-04:00,,1,,,,,,Control 2,804.987,32.0306666666667,6.0,0.0,0.0,0.0,1.0,11.0,6.0,6.0,0.0,0.0,0.0,0.0,6.0,1.0,,,,,,6932494
PSA59TQ,675402,2020-09-29 20:36:18.374000-04:00,,2020-10-20 19:41:04.974000-04:00,2020-10-20 19:45:41.222000-04:00,1,,,,,,Control 2,85.524,28.5023333333333,3.0,3.0,,,3.0,3.0,3.0,0.0,0.0,0.0,0.0,0.0,0.0,1.0,4.0,4.0,79.793,19.9435,1.0,8217218
PSA59TQ,675411,2020-09-29 20:36:18.374000-04:00,,2020-09-30 13:16:44.826000-04:00,2020-09-30 13:36:59.099000-04:00,1,,,,,,Control 2,658.987,83.162,5.0,3.0,1.0,,4.0,6.0,5.0,0.0,0.0,0.0,0.0,0.0,0.0,1.0,4.0,4.0,429.012,107.2495,1.0,6791588
PSA59TQ,675412,2020-09-29 20:36:18.374000-04:00,,2020-09-30 12:47:52.382000-04:00,2020-09-30 12:53:13.476000-04:00,1,,,,,,Control 2,84.861,28.279,3.0,3.0,,,3.0,3.0,3.0,0.0,0.0,0.0,0.0,0.0,0.0,1.0,4.0,4.0,138.94,34.72825,1.0,6785441
PSA59TQ,675418,2020-09-29 20:36:18.374000-04:00,,2020-10-01 23:53:31.582000-04:00,2020-10-02 00:13:11.701000-04:00,1,,,,,,Control 2,790.581,74.6468333333333,6.0,3.0,1.0,0.0,6.0,11.0,6.0,1.0,0.0,0.0,0.0,0.0,0.0,1.0,4.0,2.0,314.998,44.63475,1.0,6960794
PSA59TQ,675426,2020-09-29 20:36:18.374000-04:00,,2020-09-30 11:55:59.178000-04:00,2020-09-30 12:33:03.435000-04:00,1,,,,,,Control 2,928.875,106.776166666667,6.0,5.0,1.0,,6.0,7.0,6.0,0.0,0.0,0.0,0.0,0.0,0.0,1.0,4.0,3.0,1247.221,208.85975,1.0,6772917
PSA59TQ,675454,2020-09-29 20:36:18.374000-04:00,,2020-09-30 16:57:25.550000-04:00,2020-09-30 17:30:25.280000-04:00,1,,,,,,Treatment 2,369.025,92.24925,4.0,4.0,,,4.0,4.0,3.0,0.0,0.0,0.0,0.0,0.0,0.0,1.0,4.0,3.0,1513.146,374.66575,1.0,6827687
PSA59TQ,675500,2020-09-29 20:36:18.374000-04:00,,2020-09-30 12:59:01.402000-04:00,2020-09-30 13:10:34.406000-04:00,1,,,,,,Treatment 3,354.551,88.62725,4.0,4.0,,,4.0,4.0,3.0,0.0,0.0,0.0,0.0,0.0,0.0,1.0,4.0,4.0,258.711,64.6715,1.0,6787861
PSA59TQ,675552,2020-09-29 20:36:18.374000-04:00,,2020-10-14 09:31:43.185000-04:00,,1,,,,,,Control 3,13.865,13.865,1.0,0.0,,,0.0,0.0,1.0,0.0,0.0,0.0,0.0,0.0,0.0,1.0,,,,,,7750907
PSA59TQ,676221,2020-09-29 20:36:18.374000-04:00,,2020-09-30 16:11:29.301000-04:00,2020-09-30 16:27:49.477000-04:00,1,,,,,,Treatment 3,495.973,123.98525,4.0,4.0,,,4.0,4.0,3.0,0.0,0.0,0.0,0.0,0.0,0.0,1.0,4.0,4.0,413.247,103.3035,1.0,6823317
PSA59TQ,676247,2020-09-03 01:00:00-04:00,2020-09-07 12:20:00-04:00,2020-09-14 10:49:44.401000-04:00,,1,,,,,,Treatment 2,293.911,97.9673333333333,4.0,3.0,,,3.0,3.0,3.0,0.0,0.0,0.0,0.0,0.0,0.0,1.0,,,,,,5287912
PSA59TQ,677054,2020-09-14 10:28:24.128000-04:00,,2020-09-14 11:18:10.734000-04:00,2020-09-14 11:22:15.055000-04:00,1,,,,,,Treatment 2,92.06,23.0095,4.0,4.0,,,4.0,4.0,3.0,0.0,0.0,0.0,0.0,0.0,0.0,1.0,4.0,4.0,127.372,31.83625,1.0,5294207
PSA59TQ,677083,2020-09-14 10:28:24.129000-04:00,,2020-09-14 11:52:04.511000-04:00,2020-09-14 12:06:58.744000-04:00,1,,,,,,Control 3,487.866,47.80125,4.0,3.0,1.0,,3.0,5.0,4.0,0.0,0.0,0.0,0.0,0.0,0.0,1.0,4.0,3.0,353.522,45.89475,1.0,5302157
PSA59TQ,677714,2020-09-29 20:36:18.374000-04:00,,2020-09-30 11:15:58.056000-04:00,2020-09-30 11:22:48.511000-04:00,1,,,,,,Control 2,247.429,44.098,5.0,4.0,1.0,,5.0,6.0,5.0,0.0,0.0,0.0,0.0,0.0,0.0,1.0,4.0,4.0,126.695,31.66825,1.0,6763347
PSA59TQ,677868,2020-09-14 10:28:24.129000-04:00,,2020-09-21 13:04:33.633000-04:00,2020-09-21 13:17:51.667000-04:00,2,,,,,,Control 1,517.43,65.9086666666667,6.0,5.0,1.0,,6.0,8.0,6.0,0.0,0.0,0.0,0.0,0.0,0.0,1.0,4.0,4.0,176.256,44.05375,1.0,5935742
PSA59TQ,678132,2020-09-29 20:36:18.374000-04:00,,2020-10-02 13:43:26.680000-04:00,2020-10-02 13:50:36.390000-04:00,1,,,,,,Treatment 1,340.407,12.2194615384615,13.0,3.0,3.0,3.0,3.0,14.0,10.0,10.0,0.0,0.0,0.0,0.0,10.0,1.0,4.0,1.0,49.172,3.67075,1.0,7017551
PSA59TQ,678134,2020-09-29 20:36:18.374000-04:00,,2020-09-30 12:18:58.457000-04:00,2020-09-30 12:26:24.179000-04:00,1,,,,,,Treatment 3,166.232,41.5505,4.0,4.0,,,4.0,4.0,3.0,0.0,0.0,0.0,0.0,0.0,0.0,1.0,4.0,4.0,221.608,55.39475,1.0,6778527
PSA59TQ,678143,2020-09-29 20:36:18.374000-04:00,,2020-09-30 12:27:32.688000-04:00,2020-09-30 12:43:52.852000-04:00,1,,,,,,Treatment 1,694.813,173.697,4.0,4.0,,,4.0,4.0,3.0,0.0,0.0,0.0,0.0,0.0,0.0,1.0,4.0,4.0,223.158,55.784,1.0,6780559
PSA59TQ,678145,2020-09-29 20:36:18.374000-04:00,,2020-10-01 17:15:12.055000-04:00,,1,,,,,,Treatment 3,1057.211,113.8816,6.0,2.0,2.0,2.0,4.0,9.0,5.0,3.0,0.0,0.0,0.0,0.0,1.0,1.0,,,,,,6945628
PSA59TQ,678146,2020-09-29 20:36:18.374000-04:00,,2020-09-30 12:06:47.515000-04:00,2020-09-30 12:40:15.304000-04:00,1,,,,,,Control 3,1743.398,99.3793636363636,11.0,6.0,3.0,2.0,11.0,18.0,11.0,2.0,0.0,0.0,0.0,0.0,2.0,1.0,4.0,3.0,205.473,40.98775,1.0,6775618
PSA59TQ,678147,2020-09-29 20:36:18.374000-04:00,,2020-09-30 10:47:39.427000-04:00,2020-09-30 11:05:13.623000-04:00,1,,,,,,Control 3,928.077,46.1035,10.0,0.0,0.0,0.0,1.0,13.0,10.0,10.0,0.0,0.0,0.0,0.0,6.0,1.0,4.0,1.0,58.639,5.2845,1.0,6756703
PSA59TQ,678148,2020-09-29 20:36:18.374000-04:00,,2020-09-30 12:57:46.053000-04:00,,1,,,,,,Treatment 3,2028.28,82.0957333333333,15.0,9.0,4.0,2.0,15.0,25.0,12.0,4.0,0.0,0.0,0.0,0.0,4.0,1.0,2.0,1.0,8.568,8.56,1.0,6787633
PSA59TQ,678149,2020-09-29 20:36:18.374000-04:00,,2020-09-30 13:18:24.318000-04:00,2020-09-30 13:31:31.081000-04:00,1,,,,,,Control 2,422.571,95.93425,4.0,3.0,1.0,,4.0,5.0,4.0,0.0,0.0,0.0,0.0,0.0,0.0,1.0,4.0,3.0,286.012,50.42675,1.0,6791929
PSA59TQ,678150,2020-09-29 20:36:18.374000-04:00,,2020-10-02 12:57:14.456000-04:00,2020-10-02 13:02:53.467000-04:00,1,,,,,,Treatment 1,210.986,52.73975,4.0,4.0,,,4.0,4.0,3.0,0.0,0.0,0.0,0.0,0.0,0.0,1.0,4.0,4.0,83.898,20.96925,1.0,7009538
PSA59TQ,678156,2020-09-29 20:36:18.374000-04:00,,2020-09-30 20:10:47.308000-04:00,2020-09-30 20:44:48.879000-04:00,1,,,,,,Control 3,1230.4,82.7897777777778,9.0,7.0,2.0,,9.0,12.0,9.0,0.0,0.0,0.0,0.0,0.0,0.0,1.0,4.0,2.0,758.637,93.809,1.0,6837906
PSA59TQ,678604,2020-10-01 09:19:06.559000-04:00,2020-10-09 09:20:00-04:00,2020-10-05 08:12:20.938000-04:00,2020-10-05 08:19:48.806000-04:00,1,,,,,,Control 3,285.465,95.151,3.0,3.0,,,3.0,3.0,3.0,0.0,0.0,0.0,0.0,0.0,0.0,1.0,4.0,4.0,123.822,30.9505,1.0,7064259
PSA59TQ,680035,2020-09-29 20:36:18.374000-04:00,,2020-10-01 21:26:45.835000-04:00,,1,,,,,,Not Assigned,,,,,,,,,,,,,,,,,,,,,,6957317
PSA59TQ,680532,2020-09-29 20:36:18.374000-04:00,,2020-09-30 12:47:27.264000-04:00,2020-09-30 13:19:10.711000-04:00,1,,,,,,Treatment 1,1498.897,161.482222222222,9.0,7.0,2.0,1.0,9.0,11.0,7.0,1.0,0.0,0.0,0.0,0.0,1.0,1.0,4.0,3.0,200.204,47.3045,1.0,6785339
PSA59TQ,680552,2021-03-03 16:15:50.557000-05:00,,2021-03-04 16:26:00.420000-05:00,,1,,,,,,Control 1,978.185,84.162,7.0,5.0,1.0,,7.0,10.0,7.0,0.0,0.0,0.0,0.0,0.0,0.0,1.0,2.0,1.0,62.9,62.897,1.0,14267753
PSA59TQ,681036,2020-09-29 20:36:18.374000-04:00,,2020-09-30 13:57:17.333000-04:00,2020-09-30 14:18:20.679000-04:00,1,,,,,,Treatment 2,935.49,233.87,4.0,4.0,,,4.0,4.0,3.0,0.0,0.0,0.0,0.0,0.0,0.0,1.0,4.0,4.0,296.635,74.15675,1.0,6800565
PSA59TQ,681527,2020-09-29 20:36:18.374000-04:00,,2020-10-01 14:16:37.851000-04:00,2020-10-01 14:28:27.206000-04:00,1,,,,,,Control 2,301.377,100.453,3.0,3.0,,,3.0,3.0,3.0,0.0,0.0,0.0,0.0,0.0,0.0,1.0,4.0,3.0,362.013,67.1445,1.0,6921352
PSA59TQ,681766,2020-09-29 20:36:18.374000-04:00,,2020-09-30 13:02:51.595000-04:00,2020-09-30 13:48:31.652000-04:00,1,,,,,,Control 1,2279.32,112.6693,10.0,2.0,2.0,1.0,10.0,22.0,10.0,4.0,0.0,0.0,0.0,0.0,4.0,1.0,4.0,1.0,341.569,69.33175,1.0,6788631
PSA59TQ,681767,2020-09-29 20:36:18.374000-04:00,,2020-09-30 20:32:01.290000-04:00,2020-09-30 20:56:47.492000-04:00,1,,,,,,Control 3,1124.614,122.092571428571,7.0,5.0,1.0,,7.0,9.0,7.0,0.0,0.0,0.0,0.0,0.0,0.0,1.0,4.0,3.0,306.296,62.23375,1.0,6838835
PSA59TQ,681768,2020-09-29 20:36:18.374000-04:00,,2020-09-30 13:23:03.676000-04:00,2020-09-30 13:47:45.499000-04:00,1,,,,,,Treatment 1,944.652,236.1565,4.0,4.0,,,4.0,4.0,3.0,0.0,0.0,0.0,0.0,0.0,0.0,1.0,4.0,3.0,484.691,108.67475,1.0,6792878
PSA59TQ,681769,2020-09-29 20:36:18.374000-04:00,,2020-09-30 16:28:22.692000-04:00,2020-09-30 16:34:09.833000-04:00,1,,,,,,Control 3,115.918,38.6336666666667,3.0,3.0,,,3.0,3.0,3.0,0.0,0.0,0.0,0.0,0.0,0.0,1.0,4.0,3.0,188.952,30.049,1.0,6825080
PSA59TQ,681770,2020-09-29 20:36:18.374000-04:00,,2020-09-30 19:11:54.642000-04:00,2020-09-30 19:19:32.409000-04:00,1,,,,,,Control 1,293.885,27.7726666666667,6.0,5.0,1.0,1.0,6.0,7.0,6.0,1.0,0.0,0.0,0.0,0.0,0.0,1.0,4.0,3.0,73.691,16.7025,1.0,6835312
PSA59TQ,681771,2020-09-29 20:36:18.374000-04:00,,2020-10-03 11:51:12.819000-04:00,2020-10-03 12:08:32.683000-04:00,1,,,,,,Treatment 3,360.937,90.23225,4.0,4.0,,,4.0,4.0,3.0,0.0,0.0,0.0,0.0,0.0,0.0,1.0,4.0,2.0,571.424,86.26775,1.0,7047190
PSA59TQ,681772,2020-09-29 20:36:18.374000-04:00,,2020-09-30 12:10:58.339000-04:00,,2,,,,,,Treatment 2,342.174,44.9854,5.0,3.0,1.0,1.0,5.0,9.0,4.0,2.0,0.0,0.0,0.0,0.0,0.0,2.0,,,,,,6776562
PSA59TQ,681777,2020-09-29 20:36:18.374000-04:00,,2020-09-30 11:23:04.057000-04:00,2020-09-30 12:10:44.781000-04:00,1,,,,,,Treatment 3,2272.018,144.249642857143,14.0,8.0,4.0,1.0,14.0,24.0,11.0,1.0,0.0,0.0,0.0,0.0,1.0,1.0,4.0,3.0,480.682,83.96875,1.0,6765105
PSA59TQ,681785,2020-09-29 20:36:18.374000-04:00,,2020-10-01 15:19:22.783000-04:00,2020-10-02 16:38:51.525000-04:00,2,,,,,,Control 3,90731.416,10010.2591111111,9.0,6.0,3.0,2.0,9.0,16.0,9.0,2.0,0.0,0.0,0.0,0.0,2.0,2.0,4.0,2.0,224.79,31.48875,1.0,6933047
PSA59TQ,681832,2020-09-29 20:36:18.374000-04:00,,2020-09-30 16:06:55.602000-04:00,2020-09-30 23:19:25.303000-04:00,2,,,,,,Treatment 2,25459.394,41.8260714285714,14.0,9.0,3.0,1.0,14.0,23.0,11.0,1.0,0.0,0.0,0.0,0.0,0.0,2.0,4.0,3.0,229.826,33.5,1.0,6822707
PSA59TQ,682084,2020-09-03 01:00:00-04:00,2020-09-07 12:20:00-04:00,2020-09-14 12:59:57.373000-04:00,,1,,,,,,Control 1,398.633,132.874,3.0,3.0,,,3.0,3.0,3.0,0.0,0.0,0.0,0.0,0.0,0.0,1.0,1.0,,,,1.0,5318539
PSA59TQ,682735,2020-09-29 20:36:18.374000-04:00,,2020-10-08 17:08:37.700000-04:00,2020-10-08 17:21:52.138000-04:00,1,,,,,,Control 2,434.403,144.796,3.0,3.0,,,3.0,3.0,3.0,0.0,0.0,0.0,0.0,0.0,0.0,1.0,4.0,4.0,295.367,73.8375,1.0,7479307
PSA59TQ,685846,2020-09-29 20:36:18.374000-04:00,,2020-10-23 09:32:55.516000-04:00,,1,,,,,,Not Assigned,,,,,,,,,,,,,,,,,,,,,,8427265
PSA59TQ,686923,2020-09-29 20:36:18.374000-04:00,,2020-10-22 13:30:22.853000-04:00,,3,,,,,,Treatment 2,160.304,10.087,2.0,0.0,,,1.0,5.0,2.0,1.0,0.0,0.0,0.0,0.0,0.0,2.0,,,,,,8374913
PSA59TQ,686926,2020-09-29 20:36:18.374000-04:00,,2020-10-29 21:13:37.360000-04:00,2020-10-29 21:24:43.122000-04:00,1,,,,,,Treatment 2,377.683,58.3896,5.0,4.0,1.0,,5.0,6.0,4.0,0.0,0.0,0.0,0.0,0.0,0.0,1.0,4.0,4.0,169.145,42.281,1.0,8872719
PSA59TQ,686929,2020-09-29 20:36:18.374000-04:00,,2020-10-14 08:28:03.601000-04:00,,5,,,,,,Treatment 3,87134.774,126.802666666667,3.0,1.0,1.0,1.0,3.0,7.0,3.0,1.0,0.0,0.0,0.0,0.0,1.0,2.0,,,,,,7743723
PSA59TQ,686930,2020-09-29 20:36:18.374000-04:00,,2020-09-30 18:27:35.115000-04:00,2020-09-30 18:38:10.215000-04:00,1,,,,,,Treatment 1,473.321,51.254,7.0,6.0,1.0,1.0,6.0,9.0,6.0,1.0,0.0,0.0,0.0,0.0,1.0,1.0,4.0,4.0,124.17,31.03775,1.0,6833277
PSA59TQ,686931,2020-09-29 20:36:18.374000-04:00,,2020-09-30 10:57:48.615000-04:00,2020-09-30 11:40:14.980000-04:00,1,,,,,,Control 2,1839.82,235.847333333333,6.0,5.0,1.0,,6.0,8.0,6.0,0.0,0.0,0.0,0.0,0.0,0.0,1.0,4.0,2.0,561.42,89.5225,1.0,6758924
PSA59TQ,686934,2020-09-29 20:36:18.374000-04:00,,2020-09-30 11:03:36.384000-04:00,2020-09-30 11:17:37.817000-04:00,1,,,,,,Control 2,320.632,77.00625,4.0,3.0,1.0,,4.0,6.0,4.0,0.0,0.0,0.0,0.0,0.0,0.0,1.0,4.0,3.0,474.989,60.9085,1.0,6760193
PSA59TQ,686937,2020-09-29 20:36:18.374000-04:00,,2020-09-30 13:29:43.310000-04:00,2020-09-30 13:44:27.389000-04:00,1,,,,,,Control 2,702.908,38.2265714285714,7.0,5.0,2.0,1.0,7.0,14.0,7.0,1.0,0.0,0.0,0.0,0.0,1.0,1.0,4.0,4.0,130.84,32.7055,1.0,6794282
PSA59TQ,686965,2020-09-29 20:36:18.374000-04:00,,2020-09-30 22:33:38.888000-04:00,2020-09-30 22:54:10.635000-04:00,1,,,,,,Treatment 3,302.652,75.65525,4.0,4.0,,,4.0,4.0,3.0,0.0,0.0,0.0,0.0,0.0,0.0,1.0,4.0,2.0,865.914,180.27975,1.0,6843085
PSA59TQ,687966,2020-09-29 20:36:18.374000-04:00,,2020-09-30 15:08:29.085000-04:00,2020-09-30 15:31:46.095000-04:00,2,,,,,,Control 2,1220.461,49.7177272727273,11.0,7.0,3.0,2.0,11.0,19.0,11.0,3.0,0.0,0.0,0.0,0.0,3.0,2.0,4.0,3.0,138.599,32.3695,1.0,6814662
PSA59TQ,688023,2020-09-29 20:36:18.374000-04:00,,2020-09-30 16:12:53.852000-04:00,2020-09-30 16:19:35.599000-04:00,1,,,,,,Treatment 3,174.516,43.6235,4.0,4.0,,,4.0,4.0,3.0,0.0,0.0,0.0,0.0,0.0,0.0,1.0,4.0,4.0,149.737,37.42975,1.0,6823482
PSA59TQ,690237,2020-09-29 20:36:18.374000-04:00,,2020-09-30 21:13:25.683000-04:00,2020-09-30 21:22:19.086000-04:00,1,,,,,,Control 3,222.388,74.1223333333333,3.0,3.0,,,3.0,3.0,3.0,0.0,0.0,0.0,0.0,0.0,0.0,1.0,4.0,2.0,271.067,49.98875,1.0,6840519
PSA59TQ,691293,2020-09-29 20:36:18.374000-04:00,,2020-09-30 21:09:35.384000-04:00,2020-09-30 21:22:28.411000-04:00,1,,,,,,Control 1,651.523,72.7658571428571,7.0,5.0,2.0,,7.0,11.0,7.0,0.0,0.0,0.0,0.0,0.0,0.0,1.0,4.0,4.0,91.449,22.85225,1.0,6840359
PSA59TQ,691334,2020-11-16 08:50:00-05:00,2020-11-23 00:59:00-05:00,2020-11-16 11:05:32.280000-05:00,2020-11-16 11:44:59.401000-05:00,3,,,,,,Treatment 3,1074.861,69.8334545454546,11.0,8.0,2.0,2.0,11.0,14.0,9.0,2.0,0.0,0.0,0.0,0.0,0.0,1.0,4.0,2.0,1134.778,224.37125,1.0,9789837
PSA59TQ,691419,2020-09-29 20:36:18.374000-04:00,,2020-10-01 13:14:10.100000-04:00,2020-10-01 13:33:20.335000-04:00,1,,,,,,Treatment 1,519.627,94.696,5.0,4.0,1.0,,5.0,6.0,4.0,0.0,0.0,0.0,0.0,0.0,0.0,1.0,4.0,3.0,397.99,67.7165,1.0,6906769
PSA59TQ,691635,2020-09-29 20:36:18.374000-04:00,,2020-09-30 17:03:23.262000-04:00,2020-09-30 19:00:00.477000-04:00,1,,,,,,Control 2,5212.123,605.707428571429,7.0,5.0,1.0,,7.0,13.0,7.0,0.0,0.0,0.0,0.0,0.0,0.0,1.0,4.0,1.0,1696.774,303.437,1.0,6828123
PSA59TQ,691756,2020-09-29 20:36:18.374000-04:00,,2020-09-30 12:57:53.857000-04:00,2020-09-30 13:16:55.317000-04:00,1,,,,,,Treatment 3,449.19,66.861,5.0,4.0,1.0,,5.0,6.0,4.0,0.0,0.0,0.0,0.0,0.0,0.0,1.0,4.0,3.0,326.432,75.02175,1.0,6787653
PSA59TQ,691822,2020-09-29 20:36:18.374000-04:00,,2020-09-30 23:17:53.047000-04:00,2020-09-30 23:23:07.129000-04:00,1,,,,,,Control 3,108.499,36.1606666666667,3.0,3.0,,,3.0,3.0,3.0,0.0,0.0,0.0,0.0,0.0,0.0,1.0,4.0,3.0,150.126,29.80475,1.0,6844022
PSA59TQ,692266,2021-03-03 16:15:50.557000-05:00,,2021-03-04 16:05:51.337000-05:00,2021-03-04 16:39:34.511000-05:00,2,,,,,,Control 2,551.926,95.1272,5.0,4.0,1.0,1.0,4.0,5.0,5.0,1.0,0.0,0.0,0.0,0.0,1.0,1.0,4.0,3.0,174.895,27.1585,1.0,14266764
PSA59TQ,692516,2020-09-15 10:26:51.223000-04:00,2020-09-25 10:28:00-04:00,2020-09-16 07:08:15.352000-04:00,2020-09-16 07:18:48.046000-04:00,1,,,,,,Treatment 1,436.408,51.596,7.0,4.0,1.0,1.0,6.0,10.0,6.0,3.0,0.0,0.0,0.0,0.0,3.0,1.0,4.0,2.0,164.273,32.51625,1.0,5513648
PSA59TQ,692517,2020-09-15 10:26:51.223000-04:00,2020-09-25 10:28:00-04:00,2020-09-24 10:41:42.967000-04:00,2020-09-24 10:48:11.740000-04:00,1,,,,,,Control 3,247.401,42.8562,5.0,4.0,1.0,,5.0,6.0,5.0,0.0,0.0,0.0,0.0,0.0,0.0,1.0,4.0,4.0,106.363,26.58525,1.0,6287300
PSA59TQ,692518,2021-03-18 06:00:00-04:00,2021-03-19 14:47:00-04:00,2021-03-18 07:44:08.593000-04:00,,1,,,,,,Control 1,420.459,140.139666666667,3.0,3.0,,,3.0,3.0,3.0,0.0,0.0,0.0,0.0,0.0,0.0,1.0,1.0,,,,1.0,14777801
PSA59TQ,692519,2020-09-15 10:26:51.223000-04:00,2020-09-25 10:28:00-04:00,2020-09-15 11:07:51.608000-04:00,2020-10-01 12:02:59.581000-04:00,3,,,,,,Treatment 2,1385503.369,92330.1312666667,15.0,7.0,3.0,3.0,14.0,30.0,12.0,7.0,0.0,0.0,0.0,0.0,4.0,2.0,4.0,2.0,161.766,30.06275,1.0,5416852
PSA59TQ,692520,2020-09-15 10:26:51.223000-04:00,2020-09-25 10:28:00-04:00,2020-09-15 11:12:59.169000-04:00,2020-09-16 09:12:32.099000-04:00,2,,,,,,Control 2,78826.186,26275.3856666667,3.0,3.0,,,3.0,3.0,3.0,0.0,0.0,0.0,0.0,0.0,0.0,2.0,4.0,4.0,275.64,68.9045,1.0,5418103
PSA59TQ,692687,2021-01-12 08:00:00-05:00,2021-01-12 09:15:00-05:00,2021-01-12 08:52:34.065000-05:00,2021-01-12 09:47:18.190000-05:00,2,,,,,,Treatment 1,258.645,64.65325,4.0,4.0,,,4.0,4.0,3.0,0.0,0.0,0.0,0.0,0.0,0.0,2.0,4.0,4.0,67.399,16.8445,1.0,11937709
PSA59TQ,692837,2020-09-15 10:26:51.221000-04:00,2020-09-25 10:28:00-04:00,2020-09-18 10:03:46.246000-04:00,2020-09-18 10:10:24.446000-04:00,6,,,,,,Treatment 3,164.711,41.16725,4.0,4.0,,,4.0,4.0,3.0,0.0,0.0,0.0,0.0,0.0,0.0,3.0,4.0,3.0,217.774,51.87575,2.0,5777733
PSA59TQ,692838,2021-03-18 06:00:00-04:00,2021-03-19 14:47:00-04:00,2021-03-18 08:28:05.570000-04:00,2021-03-18 11:04:34.676000-04:00,2,,,,,,Treatment 1,767.114,191.771,4.0,4.0,,,4.0,4.0,3.0,0.0,0.0,0.0,0.0,0.0,0.0,1.0,4.0,3.0,8413.505,145.70325,2.0,14778953
PSA59TQ,692839,2020-09-15 10:26:51.221000-04:00,2020-09-25 10:28:00-04:00,2020-09-15 11:27:35.110000-04:00,,1,,,,,,Treatment 2,204.617,84.01,2.0,1.0,,,2.0,2.0,2.0,1.0,0.0,0.0,0.0,0.0,0.0,1.0,,,,,,5421902
PSA59TQ,692840,2020-09-15 10:26:51.221000-04:00,2020-09-25 10:28:00-04:00,2020-09-15 11:15:42.829000-04:00,2020-09-15 11:30:24.500000-04:00,1,,,,,,Control 1,446.868,83.0526,5.0,4.0,1.0,1.0,5.0,6.0,5.0,1.0,0.0,0.0,0.0,0.0,1.0,1.0,4.0,2.0,371.558,65.45775,1.0,5418789
PSA59TQ,693121,2021-04-26 12:03:41.928000-04:00,2021-04-26 23:59:00-04:00,2021-05-07 12:50:17.387000-04:00,2021-05-07 13:03:06.276000-04:00,1,,,,,,Treatment 1,636.315,43.1891111111111,9.0,6.0,3.0,,9.0,12.0,7.0,0.0,0.0,0.0,0.0,0.0,0.0,1.0,4.0,4.0,71.785,17.943,1.0,16237404
PSA59TQ,693792,2021-01-12 08:00:00-05:00,2021-01-12 09:15:00-05:00,2021-01-12 08:22:28.314000-05:00,2021-01-12 08:59:56.698000-05:00,1,,,,,,Control 2,1869.107,187.242142857143,7.0,5.0,1.0,0.0,7.0,12.0,7.0,1.0,0.0,0.0,0.0,0.0,0.0,1.0,4.0,3.0,312.694,74.6405,1.0,11935777
PSA59TQ,693826,2021-01-12 08:00:00-05:00,2021-01-12 09:15:00-05:00,2021-01-12 08:17:53.580000-05:00,2021-01-12 08:47:10.792000-05:00,1,,,,,,Control 2,1223.686,67.6232,5.0,4.0,1.0,,5.0,12.0,5.0,0.0,0.0,0.0,0.0,0.0,0.0,1.0,4.0,3.0,176.047,32.2595,1.0,11935579
PSA59TQ,693827,2021-01-12 08:00:00-05:00,2021-01-12 09:15:00-05:00,2021-01-12 08:22:28.166000-05:00,2021-01-12 08:40:55.018000-05:00,1,,,,,,Treatment 2,366.899,18.9976153846154,13.0,10.0,3.0,,13.0,17.0,10.0,0.0,0.0,0.0,0.0,0.0,0.0,1.0,4.0,1.0,124.889,17.345,1.0,11935776
PSA59TQ,693841,2021-01-12 08:00:00-05:00,2021-01-12 09:15:00-05:00,2021-01-12 08:18:24.672000-05:00,2021-01-12 08:38:55.605000-05:00,1,,,,,,Control 1,764.045,254.664333333333,3.0,3.0,,,3.0,3.0,3.0,0.0,0.0,0.0,0.0,0.0,0.0,1.0,4.0,4.0,231.661,57.9095,1.0,11935608
PSA59TQ,693848,2021-01-12 08:00:00-05:00,2021-01-12 09:15:00-05:00,2021-01-12 08:22:56.742000-05:00,,1,,,,,,Treatment 2,553.721,172.219,3.0,1.0,1.0,,3.0,5.0,3.0,0.0,0.0,0.0,0.0,0.0,0.0,1.0,,,,,,11935804
PSA59TQ,693852,2021-01-12 08:00:00-05:00,2021-01-12 09:15:00-05:00,2021-01-12 08:22:32.677000-05:00,,2,,,,,,Treatment 2,172721.732,34459.666,5.0,2.0,1.0,1.0,5.0,10.0,4.0,2.0,0.0,0.0,0.0,0.0,0.0,2.0,,,,,,11935783
PSA59TQ,693875,2020-09-15 10:26:51.224000-04:00,2020-09-25 10:28:00-04:00,2020-09-16 07:57:18.376000-04:00,2020-09-16 10:37:08.782000-04:00,4,,,,,,Control 2,311.186,103.703,3.0,3.0,,,3.0,3.0,3.0,0.0,0.0,0.0,0.0,0.0,0.0,1.0,4.0,3.0,442.598,85.133,1.0,5514467
PSA59TQ,693876,2020-09-15 10:26:51.224000-04:00,2020-09-25 10:28:00-04:00,2020-09-16 11:01:41.255000-04:00,2020-09-16 11:20:59.220000-04:00,1,,,,,,Treatment 3,522.458,88.9682,5.0,4.0,1.0,,5.0,7.0,4.0,0.0,0.0,0.0,0.0,0.0,0.0,1.0,4.0,4.0,392.301,98.0645,1.0,5544753
PSA59TQ,693881,2020-09-15 10:26:51.224000-04:00,2020-09-25 10:28:00-04:00,2020-09-16 08:30:12.062000-04:00,2020-09-16 08:42:35.738000-04:00,1,,,,,,Control 1,278.877,92.9466666666667,3.0,3.0,,,3.0,3.0,3.0,0.0,0.0,0.0,0.0,0.0,0.0,1.0,4.0,4.0,405.765,101.43475,1.0,5516505
PSA59TQ,693890,2020-09-15 10:26:51.224000-04:00,2020-09-25 10:28:00-04:00,2020-09-16 09:56:48.483000-04:00,2020-09-16 10:29:04.176000-04:00,2,,,,,,Control 1,1307.125,86.3604444444445,9.0,5.0,1.0,1.0,8.0,14.0,9.0,3.0,0.0,0.0,0.0,0.0,0.0,1.0,4.0,2.0,578.99,73.288,1.0,5530354
PSA59TQ,693898,2021-03-18 06:00:00-04:00,2021-03-19 14:47:00-04:00,2021-03-18 09:13:02.916000-04:00,2021-03-18 09:25:14.467000-04:00,1,,,,,,Control 3,355.356,69.439,4.0,3.0,1.0,,4.0,5.0,4.0,0.0,0.0,0.0,0.0,0.0,0.0,1.0,4.0,4.0,262.811,65.6975,1.0,14781595
PSA59TQ,693904,2021-01-12 08:00:00-05:00,2021-01-12 09:15:00-05:00,2021-01-12 08:04:19.006000-05:00,,2,,,,,,Control 2,495.079,40.2668333333333,6.0,3.0,1.0,0.0,6.0,12.0,6.0,1.0,0.0,0.0,0.0,0.0,1.0,2.0,,,,,,11935083
PSA59TQ,693910,2021-01-12 08:00:00-05:00,2021-01-12 09:15:00-05:00,2021-01-12 08:17:56.268000-05:00,2021-01-12 08:41:19.163000-05:00,1,,,,,,Treatment 3,434.392,108.5855,4.0,4.0,,,4.0,4.0,3.0,0.0,0.0,0.0,0.0,0.0,0.0,1.0,4.0,3.0,925.444,226.138,1.0,11935583
PSA59TQ,693913,2021-01-12 08:00:00-05:00,2021-01-12 09:15:00-05:00,2021-01-12 08:35:46.694000-05:00,2021-01-14 08:59:34.507000-05:00,2,,,,,,Treatment 2,173905.499,233.200571428571,7.0,4.0,1.0,1.0,7.0,11.0,6.0,2.0,0.0,0.0,0.0,0.0,0.0,2.0,4.0,3.0,106.476,15.95825,1.0,11936544
PSA59TQ,693914,2021-01-12 08:00:00-05:00,2021-01-12 09:15:00-05:00,2021-01-12 08:22:54.241000-05:00,2021-01-12 08:37:41.515000-05:00,1,,,,,,Control 1,446.992,58.3003333333333,6.0,5.0,1.0,1.0,6.0,10.0,6.0,1.0,0.0,0.0,0.0,0.0,1.0,1.0,4.0,4.0,392.446,98.1055,1.0,11935802
PSA59TQ,693918,2021-01-12 08:00:00-05:00,2021-01-12 09:15:00-05:00,2021-01-12 08:51:48.905000-05:00,2021-01-20 20:07:46.922000-05:00,4,,,,,,Control 3,731459.144,60918.3941666667,12.0,5.0,3.0,1.0,9.0,17.0,12.0,5.0,0.0,0.0,0.0,0.0,4.0,3.0,4.0,2.0,203.493,42.561,1.0,11937647
PSA59TQ,693922,2021-01-12 08:00:00-05:00,2021-01-12 09:15:00-05:00,2021-01-12 08:25:21.749000-05:00,2021-01-12 09:05:13.507000-05:00,3,,,,,,Control 2,1794.89,253.2604,5.0,3.0,1.0,1.0,3.0,6.0,5.0,1.0,0.0,0.0,0.0,0.0,0.0,2.0,4.0,3.0,546.942,132.279,1.0,11935910
PSA59TQ,693923,2021-01-12 08:00:00-05:00,2021-01-12 09:15:00-05:00,2021-01-12 08:22:24.994000-05:00,2021-01-12 08:29:21.176000-05:00,1,,,,,,Treatment 3,157.423,39.35075,4.0,4.0,,,4.0,4.0,3.0,0.0,0.0,0.0,0.0,0.0,0.0,1.0,4.0,4.0,173.137,43.27825,1.0,11935775
PSA59TQ,693990,2020-09-15 10:26:51.224000-04:00,2020-09-25 10:28:00-04:00,2020-09-15 12:18:20.270000-04:00,2020-09-16 12:49:55.450000-04:00,4,,,,,,Control 1,847.785,101.009333333333,6.0,4.0,2.0,1.0,5.0,7.0,6.0,1.0,0.0,0.0,0.0,0.0,0.0,2.0,4.0,2.0,307.75,49.023,1.0,5434247
PSA59TQ,693997,2021-03-18 06:00:00-04:00,2021-03-19 14:47:00-04:00,2021-03-18 09:15:12.508000-04:00,2021-03-18 09:25:09.383000-04:00,1,,,,,,Control 3,228.0,75.9956666666667,3.0,3.0,,,3.0,3.0,3.0,0.0,0.0,0.0,0.0,0.0,0.0,1.0,4.0,4.0,331.958,82.9845,1.0,14781746
PSA59TQ,694036,2021-01-12 08:00:00-05:00,2021-01-12 09:15:00-05:00,2021-01-12 08:17:54.427000-05:00,2021-01-12 08:30:00.158000-05:00,1,,,,,,Treatment 1,531.024,29.9611,10.0,7.0,2.0,2.0,10.0,17.0,8.0,2.0,0.0,0.0,0.0,0.0,2.0,1.0,4.0,4.0,89.681,22.41275,1.0,11935580
PSA59TQ,694073,2020-10-01 09:19:06.558000-04:00,2020-10-09 09:20:00-04:00,2020-10-06 09:19:33.816000-04:00,,2,,,,,,Control 3,1387.27,201.068,2.0,0.0,,,1.0,3.0,2.0,0.0,0.0,0.0,0.0,0.0,0.0,2.0,,,,,,7182791
PSA59TQ,694088,2021-01-12 08:00:00-05:00,2021-01-12 09:15:00-05:00,2021-01-12 08:17:46.833000-05:00,2021-01-12 08:38:15.723000-05:00,1,,,,,,Treatment 2,751.573,56.4263333333333,6.0,5.0,1.0,1.0,5.0,9.0,5.0,1.0,0.0,0.0,0.0,0.0,0.0,1.0,4.0,4.0,218.998,54.744,1.0,11935571
PSA59TQ,694095,2020-10-01 09:19:06.558000-04:00,2020-10-09 09:20:00-04:00,2020-10-13 09:53:28.328000-04:00,,1,,,,,,Control 3,57.517,57.508,2.0,1.0,,,1.0,1.0,2.0,0.0,0.0,0.0,0.0,0.0,0.0,1.0,,,,,,7651669
PSA59TQ,694498,2020-10-01 09:19:06.558000-04:00,2020-10-09 09:20:00-04:00,2020-10-10 14:39:28.245000-04:00,,1,,,,,,Not Assigned,,,,,,,,,,,,,,,,,,,,,,7561555
PSA59TQ,694515,2020-10-01 09:19:06.558000-04:00,2020-10-09 09:20:00-04:00,2020-10-14 13:54:50.779000-04:00,2020-10-14 14:06:28.251000-04:00,1,,,,,,Control 1,550.408,55.578,8.0,6.0,2.0,2.0,7.0,10.0,8.0,2.0,0.0,0.0,0.0,0.0,2.0,1.0,4.0,3.0,88.149,19.62575,1.0,7798559
PSA59TQ,695373,2021-04-26 12:03:27.692000-04:00,2021-04-26 23:59:00-04:00,2021-04-26 20:47:05.978000-04:00,2021-04-26 21:22:38.825000-04:00,1,,,,,,Treatment 1,388.491,35.9117142857143,7.0,6.0,1.0,1.0,7.0,12.0,6.0,1.0,0.0,0.0,0.0,0.0,1.0,1.0,4.0,4.0,104.551,26.13425,1.0,15901037
PSA59TQ,695464,2020-09-15 10:26:51.220000-04:00,2020-09-25 10:28:00-04:00,2020-09-15 10:28:32.461000-04:00,,2,,,,,,Control 1,3.106,3.106,1.0,0.0,,,0.0,0.0,1.0,0.0,0.0,0.0,0.0,0.0,0.0,1.0,,,,,,5407614
PSA59TQ,695496,2020-09-15 10:26:51.220000-04:00,2020-09-25 10:28:00-04:00,2020-09-15 10:27:59.672000-04:00,2020-09-15 11:00:31.277000-04:00,2,,,,,,Treatment 2,1652.835,97.9741428571429,14.0,5.0,4.0,4.0,6.0,20.0,11.0,9.0,0.0,0.0,0.0,0.0,7.0,1.0,4.0,1.0,170.353,34.498,1.0,5407510
PSA59TQ,695623,2020-09-15 10:26:51.220000-04:00,2020-09-25 10:28:00-04:00,2020-09-15 10:28:08.744000-04:00,2020-09-15 11:26:19.388000-04:00,3,,,,,,Treatment 1,2973.785,592.666,5.0,4.0,1.0,,5.0,6.0,4.0,0.0,0.0,0.0,0.0,0.0,0.0,2.0,4.0,1.0,466.855,35.45475,2.0,5407542
PSA59TQ,697160,2020-09-29 20:36:18.374000-04:00,,2020-10-30 13:20:54.438000-04:00,2020-10-30 13:27:44.344000-04:00,1,,,,,,Control 1,295.564,40.97,6.0,5.0,1.0,1.0,6.0,7.0,6.0,1.0,0.0,0.0,0.0,0.0,1.0,1.0,4.0,4.0,75.363,18.836,1.0,8909508
PSA59TQ,697474,2020-09-29 20:36:18.374000-04:00,,2020-09-30 12:13:31.502000-04:00,2020-09-30 12:35:41.176000-04:00,1,,,,,,Treatment 1,1024.818,93.7562857142857,7.0,6.0,1.0,,7.0,8.0,6.0,0.0,0.0,0.0,0.0,0.0,0.0,1.0,4.0,4.0,261.742,65.431,1.0,6777172
PSA59TQ,697475,2021-04-26 12:03:27.692000-04:00,2021-04-26 23:59:00-04:00,2021-04-26 12:03:29.557000-04:00,2021-04-26 12:55:08.150000-04:00,2,,,,,,Control 3,2970.874,427.231166666667,6.0,4.0,1.0,,6.0,9.0,6.0,0.0,0.0,0.0,0.0,0.0,0.0,2.0,4.0,4.0,88.668,22.155,1.0,15875543
PSA59TQ,697862,2021-05-12 07:53:15.658000-04:00,2021-05-12 23:59:00-04:00,2021-05-12 08:45:45.883000-04:00,2021-05-12 08:52:19.422000-04:00,1,,,,,,Control 2,210.891,37.777,5.0,4.0,1.0,1.0,4.0,5.0,5.0,1.0,0.0,0.0,0.0,0.0,1.0,1.0,4.0,4.0,134.435,33.5975,1.0,16332286
PSA59TQ,698116,2020-09-14 10:28:24.129000-04:00,,2020-09-15 12:54:29.617000-04:00,,2,,,,,,Treatment 2,466.492,116.61625,4.0,4.0,,,4.0,4.0,3.0,0.0,0.0,0.0,0.0,0.0,0.0,2.0,4.0,3.0,305.453,76.356,1.0,5443721
PSA59TQ,698308,2021-04-26 12:03:27.692000-04:00,2021-04-26 23:59:00-04:00,2021-05-03 15:54:05.490000-04:00,2021-05-03 18:41:05.394000-04:00,2,,,,,,Treatment 1,9003.284,18.7278461538462,13.0,5.0,4.0,4.0,6.0,16.0,10.0,7.0,0.0,0.0,0.0,0.0,4.0,2.0,4.0,1.0,958.481,226.99725,1.0,16100065
PSA59TQ,698716,2021-04-26 12:03:27.692000-04:00,2021-04-26 23:59:00-04:00,2021-04-26 12:28:45.944000-04:00,2021-04-26 12:47:48.948000-04:00,2,,,,,,Control 1,968.6,106.819375,8.0,6.0,2.0,1.0,8.0,12.0,8.0,1.0,0.0,0.0,0.0,0.0,1.0,2.0,4.0,4.0,80.085,20.01775,1.0,15877554
PSA59TQ,699473,2020-09-29 20:36:18.374000-04:00,,2020-09-30 11:04:46.569000-04:00,,1,,,,,,Control 1,9312.314,905.226,11.0,3.0,3.0,3.0,6.0,17.0,11.0,7.0,0.0,0.0,0.0,0.0,7.0,1.0,,,,,,6760504
PSA59TQ,699584,2021-04-26 12:03:27.692000-04:00,2021-04-26 23:59:00-04:00,2021-04-28 12:35:51.132000-04:00,2021-04-28 12:43:22.877000-04:00,1,,,,,,Treatment 2,210.475,26.3833333333333,6.0,5.0,1.0,1.0,6.0,8.0,5.0,1.0,0.0,0.0,0.0,0.0,1.0,1.0,4.0,4.0,215.879,53.96775,1.0,15968398
PSA59TQ,701333,2021-04-26 12:03:27.692000-04:00,2021-04-26 23:59:00-04:00,2021-04-26 13:10:33.689000-04:00,2021-04-26 13:14:16.374000-04:00,1,,,,,,Treatment 1,82.974,20.7395,4.0,4.0,,,4.0,4.0,3.0,0.0,0.0,0.0,0.0,0.0,0.0,1.0,4.0,4.0,106.7,26.6705,1.0,15881641
PSA59TQ,702355,2020-11-16 08:50:00-05:00,2020-11-23 00:59:00-05:00,2020-11-17 12:24:09.086000-05:00,2020-11-19 17:00:55.510000-05:00,3,,,,,,Treatment 1,28422.795,7105.68675,4.0,4.0,,,4.0,4.0,3.0,0.0,0.0,0.0,0.0,0.0,0.0,2.0,4.0,4.0,145.587,36.39325,1.0,9901042
PSA59TQ,703753,2020-09-29 20:36:18.374000-04:00,,2020-10-02 12:17:09.741000-04:00,2020-10-02 12:23:42.834000-04:00,1,,,,,,Control 1,196.364,65.4476666666667,3.0,3.0,,,3.0,3.0,3.0,0.0,0.0,0.0,0.0,0.0,0.0,1.0,4.0,4.0,155.24,38.8035,1.0,7001966
PSA59TQ,705060,2021-04-26 12:03:27.692000-04:00,2021-04-26 23:59:00-04:00,2021-04-28 15:02:50.782000-04:00,2021-04-28 15:10:25.260000-04:00,1,,,,,,Treatment 2,340.219,44.5515,6.0,5.0,1.0,1.0,6.0,8.0,5.0,1.0,0.0,0.0,0.0,0.0,1.0,1.0,4.0,4.0,95.267,23.81125,1.0,15979693
PSA59TQ,705068,2021-04-26 12:03:27.692000-04:00,2021-04-26 23:59:00-04:00,2021-04-26 12:47:31.166000-04:00,2021-04-26 12:54:22.841000-04:00,1,,,,,,Control 3,129.222,43.0446666666667,3.0,3.0,,,3.0,3.0,3.0,0.0,0.0,0.0,0.0,0.0,0.0,1.0,4.0,3.0,241.703,57.46325,1.0,15879404
PSA59TQ,705442,2021-04-26 12:03:27.692000-04:00,2021-04-26 23:59:00-04:00,2021-04-26 13:38:22.061000-04:00,2021-04-26 15:17:42.675000-04:00,1,,,,,,Treatment 3,866.903,93.7068571428571,7.0,6.0,1.0,,7.0,8.0,6.0,0.0,0.0,0.0,0.0,0.0,0.0,1.0,4.0,2.0,5057.533,544.6745,1.0,15884214
PSA59TQ,705796,2020-10-01 09:19:06.559000-04:00,2020-10-09 09:20:00-04:00,2020-10-05 09:38:28.753000-04:00,2020-10-08 09:25:39.490000-04:00,4,,,,,,Control 1,928.564,214.90175,4.0,3.0,1.0,,4.0,5.0,4.0,0.0,0.0,0.0,0.0,0.0,0.0,3.0,4.0,4.0,714.957,178.731,2.0,7073973
PSA59TQ,710409,2020-09-15 10:26:51.221000-04:00,2020-09-25 10:28:00-04:00,2020-09-16 10:48:14.234000-04:00,2020-09-17 06:48:23.222000-04:00,2,,,,,,Treatment 1,71569.972,4709.77093333333,15.0,8.0,6.0,4.0,15.0,32.0,12.0,5.0,0.0,0.0,0.0,0.0,5.0,2.0,4.0,3.0,216.168,41.36075,1.0,5541696
PSA59TQ,711411,2021-01-12 08:00:00-05:00,2021-01-12 09:15:00-05:00,2021-01-13 14:01:16.975000-05:00,2021-01-13 14:17:47.827000-05:00,1,,,,,,Control 1,760.526,48.2195,10.0,5.0,3.0,1.0,9.0,15.0,10.0,1.0,0.0,0.0,0.0,0.0,0.0,1.0,4.0,4.0,168.225,42.05225,1.0,12060748
PSA59TQ,712238,2021-01-12 08:00:00-05:00,2021-01-12 09:15:00-05:00,2021-01-12 08:26:58.041000-05:00,,3,,,,,,Treatment 3,2553.781,267.215444444444,10.0,6.0,2.0,1.0,9.0,13.0,8.0,1.0,0.0,0.0,0.0,0.0,1.0,2.0,,,,,,11936009
PSA59TQ,712707,2020-09-29 20:36:18.374000-04:00,,2020-09-30 12:21:24.243000-04:00,2020-09-30 12:34:39.342000-04:00,1,,,,,,Control 2,280.669,93.5503333333333,3.0,3.0,,,3.0,3.0,3.0,0.0,0.0,0.0,0.0,0.0,0.0,1.0,4.0,4.0,410.745,102.68125,1.0,6779075
PSA59TQ,716253,2020-11-16 08:50:00-05:00,2020-11-23 00:59:00-05:00,2020-11-16 09:58:44.111000-05:00,2020-11-16 14:58:27.537000-05:00,1,,,,,,Control 3,17327.057,5775.66466666667,3.0,3.0,,,3.0,3.0,3.0,0.0,0.0,0.0,0.0,0.0,0.0,1.0,4.0,4.0,143.246,35.806,1.0,9777952
PSA59TQ,720328,2020-09-29 20:36:18.374000-04:00,,2020-09-30 15:06:39.534000-04:00,2020-09-30 15:12:00.986000-04:00,1,,,,,,Treatment 3,173.293,43.31675,4.0,4.0,,,4.0,4.0,3.0,0.0,0.0,0.0,0.0,0.0,0.0,1.0,4.0,4.0,69.32,17.325,1.0,6814367
PSA59TQ,720659,2020-12-30 15:04:21.879000-05:00,2021-01-31 15:06:00-05:00,2021-01-25 12:13:31.865000-05:00,2021-01-25 12:26:35.012000-05:00,1,,,,,,Control 2,532.384,131.15975,4.0,3.0,1.0,,4.0,5.0,4.0,0.0,0.0,0.0,0.0,0.0,0.0,1.0,4.0,4.0,184.676,46.166,1.0,12532815
PSA59TQ,722501,2020-12-30 15:04:21.879000-05:00,2021-01-31 15:06:00-05:00,2021-01-05 18:32:58.427000-05:00,2021-01-05 18:38:38.761000-05:00,1,,,,,,Control 2,105.109,35.0326666666667,3.0,3.0,,,3.0,3.0,3.0,0.0,0.0,0.0,0.0,0.0,0.0,1.0,4.0,3.0,200.664,34.778,1.0,11632209
PSA59TQ,723276,2020-10-26 01:13:36.619000-04:00,,2020-10-26 10:24:17.525000-04:00,2020-10-26 10:37:18.874000-04:00,1,,,,,,Treatment 1,370.367,92.57925,4.0,4.0,,,4.0,4.0,3.0,0.0,0.0,0.0,0.0,0.0,0.0,1.0,4.0,4.0,326.783,81.68725,1.0,8515385
PSA59TQ,724092,2021-01-12 08:00:00-05:00,2021-01-12 09:15:00-05:00,2021-01-20 23:51:52.766000-05:00,2021-01-20 23:56:21.079000-05:00,1,,,,,,Treatment 2,167.661,21.6676666666667,6.0,5.0,1.0,,6.0,7.0,5.0,0.0,0.0,0.0,0.0,0.0,0.0,1.0,4.0,4.0,57.236,14.3065,1.0,12365267
PSA59TQ,724113,2021-04-26 12:03:27.692000-04:00,2021-04-26 23:59:00-04:00,2021-06-02 11:10:20.546000-04:00,2021-06-02 12:16:25.518000-04:00,1,,,,,,Treatment 2,471.39,117.844,4.0,4.0,,,4.0,4.0,3.0,0.0,0.0,0.0,0.0,0.0,0.0,1.0,4.0,2.0,3450.59,750.24525,1.0,16683219
PSA59TQ,724382,2021-04-26 12:03:27.692000-04:00,2021-04-26 23:59:00-04:00,2021-04-26 12:46:34.123000-04:00,2021-04-26 12:49:35.808000-04:00,1,,,,,,Control 3,108.348,36.1096666666667,3.0,3.0,,,3.0,3.0,3.0,0.0,0.0,0.0,0.0,0.0,0.0,1.0,4.0,4.0,47.899,11.969,1.0,15879312
PSA59TQ,724385,2021-05-21 08:43:29.607000-04:00,2021-05-21 23:59:00-04:00,2021-06-02 10:53:22.677000-04:00,2021-06-02 11:02:08.556000-04:00,1,,,,,,Treatment 3,199.593,49.8945,4.0,4.0,,,4.0,4.0,3.0,0.0,0.0,0.0,0.0,0.0,0.0,1.0,4.0,1.0,293.214,38.15425,1.0,16682708
PSA59TQ,724393,2021-04-26 12:03:27.692000-04:00,2021-04-26 23:59:00-04:00,2021-04-26 12:57:02.432000-04:00,2021-04-26 13:06:11.765000-04:00,1,,,,,,Treatment 3,398.611,28.0828181818182,11.0,9.0,2.0,1.0,11.0,14.0,9.0,1.0,0.0,0.0,0.0,0.0,0.0,1.0,4.0,4.0,103.973,25.98925,1.0,15880276
PSA59TQ,724416,2021-04-26 12:03:27.692000-04:00,2021-04-26 23:59:00-04:00,2021-04-26 13:31:18.492000-04:00,2021-04-26 13:36:37.647000-04:00,2,,,,,,Control 3,153.452,51.135,3.0,3.0,,,3.0,3.0,3.0,0.0,0.0,0.0,0.0,0.0,0.0,2.0,4.0,3.0,149.595,29.0045,1.0,15883553
PSA59TQ,724876,2020-09-28 09:15:00-04:00,2020-10-01 00:59:00-04:00,2020-09-29 12:29:49.602000-04:00,2020-09-30 12:14:00.723000-04:00,2,,,,,,Control 3,137.724,45.9033333333333,3.0,3.0,,,3.0,3.0,3.0,0.0,0.0,0.0,0.0,0.0,0.0,1.0,4.0,3.0,140.867,24.0515,1.0,6657979
PSA59TQ,724913,2020-09-28 09:15:00-04:00,2020-10-01 00:59:00-04:00,2020-09-30 17:53:56.035000-04:00,2020-09-30 17:59:11.304000-04:00,1,,,,,,Control 2,41.582,13.8573333333333,3.0,3.0,,,3.0,3.0,3.0,0.0,0.0,0.0,0.0,0.0,0.0,1.0,4.0,2.0,256.955,19.393,1.0,6831525
PSA59TQ,724994,2020-09-28 09:15:00-04:00,2020-10-01 00:59:00-04:00,2020-09-30 12:08:25.191000-04:00,2020-09-30 12:39:26.520000-04:00,2,,,,,,Treatment 1,97.615,24.399,4.0,4.0,,,4.0,4.0,3.0,0.0,0.0,0.0,0.0,0.0,0.0,1.0,4.0,4.0,65.677,16.417,1.0,6775994
PSA59TQ,725115,2020-09-28 09:15:00-04:00,2020-10-01 00:59:00-04:00,2020-09-30 10:06:10.850000-04:00,2020-09-30 10:10:46.573000-04:00,1,,,,,,Control 2,100.592,33.5266666666667,3.0,3.0,,,3.0,3.0,3.0,0.0,0.0,0.0,0.0,0.0,0.0,1.0,4.0,3.0,127.358,27.2165,1.0,6747521
PSA59TQ,725124,2020-09-28 09:15:00-04:00,2020-10-01 00:59:00-04:00,2020-09-30 11:46:19.463000-04:00,2020-09-30 11:51:55.765000-04:00,1,,,,,,Control 1,167.277,55.75,3.0,3.0,,,3.0,3.0,3.0,0.0,0.0,0.0,0.0,0.0,0.0,1.0,4.0,4.0,122.771,30.68775,1.0,6770618
PSA59TQ,725131,2020-09-28 09:15:00-04:00,2020-10-01 00:59:00-04:00,2020-09-30 12:32:26.887000-04:00,2020-09-30 12:37:47.347000-04:00,1,,,,,,Control 3,119.321,39.7586666666667,3.0,3.0,,,3.0,3.0,3.0,0.0,0.0,0.0,0.0,0.0,0.0,1.0,4.0,4.0,163.69,40.91875,1.0,6781778
PSA59TQ,725384,2021-03-11 07:46:23.985000-05:00,2021-03-14 19:48:00-04:00,2021-03-11 09:36:48.944000-05:00,2021-03-11 13:10:46.698000-05:00,2,,,,,,Treatment 2,12030.342,52.0083333333333,6.0,5.0,1.0,,6.0,9.0,5.0,0.0,0.0,0.0,0.0,0.0,0.0,2.0,4.0,2.0,568.762,46.328,1.0,14524127
PSA59TQ,725535,2021-04-26 12:03:27.692000-04:00,2021-04-26 23:59:00-04:00,2021-04-26 12:43:23.759000-04:00,,1,,,,,,Treatment 2,58.819,14.6205,2.0,0.0,0.0,,1.0,3.0,2.0,0.0,0.0,0.0,0.0,0.0,0.0,1.0,,,,,,15878977
PSA59TQ,725615,2021-04-26 12:03:27.692000-04:00,2021-04-26 23:59:00-04:00,2021-04-26 12:43:14.395000-04:00,2021-04-26 13:00:51.953000-04:00,2,,,,,,Treatment 2,165.53,17.0746666666667,6.0,5.0,1.0,,6.0,7.0,5.0,0.0,0.0,0.0,0.0,0.0,0.0,1.0,4.0,4.0,95.815,23.94825,1.0,15878957
PSA59TQ,725919,2020-09-28 09:15:00-04:00,2020-10-01 00:59:00-04:00,2020-10-01 00:31:16.349000-04:00,2020-10-01 00:36:16.958000-04:00,1,,,,,,Control 2,175.683,26.6656,5.0,4.0,1.0,,5.0,6.0,5.0,0.0,0.0,0.0,0.0,0.0,0.0,1.0,4.0,4.0,67.41,16.84875,1.0,6845142
PSA59TQ,725938,2020-09-28 09:15:00-04:00,2020-10-01 00:59:00-04:00,2020-09-30 12:19:40.412000-04:00,,1,,,,,,Treatment 2,891.103,46.7772222222222,10.0,5.0,2.0,1.0,7.0,17.0,8.0,3.0,0.0,0.0,0.0,0.0,3.0,1.0,,,,,,6778664
PSA59TQ,726003,2021-04-26 12:03:27.692000-04:00,2021-04-26 23:59:00-04:00,2021-04-26 22:51:19.656000-04:00,2021-04-26 22:56:33.595000-04:00,1,,,,,,Control 2,114.857,38.2833333333333,3.0,3.0,,,3.0,3.0,3.0,0.0,0.0,0.0,0.0,0.0,0.0,1.0,4.0,3.0,159.193,35.64575,1.0,15902365
PSA59TQ,726597,2021-04-26 12:03:27.692000-04:00,2021-04-26 23:59:00-04:00,2021-04-26 12:44:46.369000-04:00,2021-06-03 13:01:48.600000-04:00,2,,,,,,Treatment 1,3283279.241,168.466142857143,7.0,5.0,1.0,,7.0,17.0,6.0,0.0,0.0,0.0,0.0,0.0,0.0,2.0,4.0,3.0,773.191,53.44775,1.0,15879142
PSA59TQ,727548,2021-05-21 08:43:29.605000-04:00,2021-05-21 23:59:00-04:00,2021-05-24 14:06:29.492000-04:00,,1,,,,,,Not Assigned,,,,,,,,,,,,,,,,,,,,,,16583152
PSA59TQ,727554,2021-04-26 12:03:41.928000-04:00,2021-04-26 23:59:00-04:00,2021-04-26 12:41:37.594000-04:00,2021-04-26 12:45:12.531000-04:00,1,,,,,,Control 2,94.156,31.382,3.0,3.0,,,3.0,3.0,3.0,0.0,0.0,0.0,0.0,0.0,0.0,1.0,4.0,4.0,93.505,23.37125,1.0,15878844
PSA59TQ,727555,2021-05-21 08:43:29.605000-04:00,2021-05-21 23:59:00-04:00,2021-06-03 16:31:00.294000-04:00,2021-06-03 18:26:14.694000-04:00,1,,,,,,Treatment 1,2111.983,141.656071428571,14.0,6.0,4.0,1.0,14.0,26.0,11.0,3.0,0.0,0.0,0.0,0.0,2.0,1.0,4.0,3.0,4686.824,1168.00775,1.0,16702411
PSA59TQ,727558,2021-04-26 12:03:41.928000-04:00,2021-04-26 23:59:00-04:00,2021-04-26 12:06:31.500000-04:00,2021-04-26 12:08:31.150000-04:00,1,,,,,,Control 1,47.39,15.793,3.0,3.0,,,3.0,3.0,3.0,0.0,0.0,0.0,0.0,0.0,0.0,1.0,4.0,4.0,61.211,15.29925,1.0,15875839
PSA59TQ,727565,2021-04-26 12:03:41.928000-04:00,2021-04-26 23:59:00-04:00,2021-04-26 12:41:20.329000-04:00,2021-04-26 12:45:06.329000-04:00,1,,,,,,Treatment 1,110.06,27.51,4.0,4.0,,,4.0,4.0,3.0,0.0,0.0,0.0,0.0,0.0,0.0,1.0,4.0,4.0,82.178,20.5295,1.0,15878818
PSA59TQ,727583,2021-04-26 12:03:41.928000-04:00,2021-04-26 23:59:00-04:00,2021-06-03 12:21:29.220000-04:00,2021-06-03 12:43:43.969000-04:00,1,,,,,,Treatment 1,1028.63,49.5025,14.0,8.0,4.0,4.0,14.0,25.0,11.0,6.0,0.0,0.0,0.0,0.0,5.0,1.0,4.0,2.0,225.997,48.235,1.0,16697509
PSA59TQ,727584,2021-05-12 07:53:15.655000-04:00,2021-05-12 23:59:00-04:00,2021-05-12 10:14:45.801000-04:00,2021-05-12 10:18:28.122000-04:00,1,,,,,,Treatment 3,126.537,31.62925,4.0,4.0,,,4.0,4.0,3.0,0.0,0.0,0.0,0.0,0.0,0.0,1.0,4.0,4.0,69.324,17.32625,1.0,16337154
PSA59TQ,727604,2021-04-26 12:03:41.928000-04:00,2021-04-26 23:59:00-04:00,2021-04-26 12:03:43.289000-04:00,2021-04-26 15:04:54.011000-04:00,2,,,,,,Control 1,10582.144,150.2465,8.0,5.0,1.0,1.0,7.0,17.0,8.0,3.0,0.0,0.0,0.0,0.0,3.0,2.0,4.0,4.0,189.676,47.40025,1.0,15875569
PSA59TQ,727605,2021-04-26 12:03:41.928000-04:00,2021-04-26 23:59:00-04:00,2021-04-26 12:03:56.263000-04:00,2021-04-26 12:44:43.036000-04:00,1,,,,,,Control 2,310.065,103.348333333333,3.0,3.0,,,3.0,3.0,3.0,0.0,0.0,0.0,0.0,0.0,0.0,1.0,4.0,1.0,795.679,189.16025,1.0,15875599
PSA59TQ,727708,2020-11-16 08:50:00-05:00,2020-11-23 00:59:00-05:00,2020-11-17 08:41:15.342000-05:00,2020-11-17 08:48:31.913000-05:00,1,,,,,,Treatment 2,167.164,41.78425,4.0,4.0,,,4.0,4.0,3.0,0.0,0.0,0.0,0.0,0.0,0.0,1.0,4.0,3.0,210.243,36.645,1.0,9861039
PSA59TQ,727734,2021-04-26 12:03:41.928000-04:00,2021-04-26 23:59:00-04:00,2021-04-26 12:22:19.287000-04:00,2021-04-27 14:22:32.195000-04:00,2,,,,,,Control 3,504.575,168.186333333333,3.0,3.0,,,3.0,3.0,3.0,0.0,0.0,0.0,0.0,0.0,0.0,1.0,4.0,4.0,118.933,29.72775,1.0,15877098
PSA59TQ,728412,2020-09-29 20:36:18.374000-04:00,,2020-09-30 20:32:32.508000-04:00,2020-09-30 20:36:40.921000-04:00,1,,,,,,Treatment 2,133.083,33.26325,4.0,4.0,,,4.0,4.0,3.0,0.0,0.0,0.0,0.0,0.0,0.0,1.0,4.0,4.0,58.909,14.7225,1.0,6838863
PSA59TQ,729107,2020-09-28 09:15:00-04:00,2020-10-01 00:59:00-04:00,2020-09-30 11:49:34.257000-04:00,2020-09-30 11:59:36.954000-04:00,1,,,,,,Treatment 1,289.149,72.2675,4.0,4.0,,,4.0,4.0,3.0,0.0,0.0,0.0,0.0,0.0,0.0,1.0,4.0,2.0,242.427,25.571,1.0,6771428
PSA59TQ,729123,2020-09-28 09:15:00-04:00,2020-10-01 00:59:00-04:00,2020-09-30 12:12:00.528000-04:00,2020-09-30 12:26:40.964000-04:00,1,,,,,,Treatment 1,585.161,54.9287142857143,7.0,5.0,2.0,2.0,6.0,9.0,6.0,2.0,0.0,0.0,0.0,0.0,2.0,1.0,4.0,2.0,204.005,34.6325,1.0,6776813
PSA59TQ,729225,2020-09-28 09:15:00-04:00,2020-10-01 00:59:00-04:00,2020-10-04 02:41:38.986000-04:00,2020-10-04 02:47:05.683000-04:00,1,,,,,,Control 3,183.75,61.247,3.0,3.0,,,3.0,3.0,3.0,0.0,0.0,0.0,0.0,0.0,0.0,1.0,4.0,4.0,121.907,30.4735,1.0,7051543
PSA59TQ,729425,2021-05-21 08:43:29.605000-04:00,2021-05-21 23:59:00-04:00,2021-05-26 16:10:23.147000-04:00,2021-05-26 16:27:20.887000-04:00,1,,,,,,Treatment 2,692.263,79.7245,6.0,4.0,1.0,1.0,6.0,8.0,5.0,2.0,0.0,0.0,0.0,0.0,0.0,1.0,4.0,2.0,294.275,41.24025,1.0,16625792
PSA59TQ,730411,2020-11-23 09:00:00-05:00,2020-11-24 15:58:00-05:00,2020-11-23 14:10:49.695000-05:00,2020-11-23 14:26:09.324000-05:00,1,,,,,,Treatment 3,594.23,72.677,5.0,4.0,1.0,,5.0,10.0,4.0,0.0,0.0,0.0,0.0,0.0,0.0,1.0,4.0,2.0,256.101,57.09775,1.0,10235864
PSA59TQ,731233,2021-04-26 12:03:27.692000-04:00,2021-04-26 23:59:00-04:00,2021-04-27 12:05:56.397000-04:00,2021-04-27 12:16:33.839000-04:00,1,,,,,,Control 2,415.484,53.2695,6.0,5.0,1.0,,6.0,7.0,6.0,0.0,0.0,0.0,0.0,0.0,0.0,1.0,4.0,3.0,189.859,36.2515,1.0,15921133
PSA59TQ,731251,2021-04-26 12:03:27.692000-04:00,2021-04-26 23:59:00-04:00,2021-04-26 12:56:43.358000-04:00,,1,,,,,,Control 3,391.101,33.0178333333333,7.0,3.0,2.0,1.0,5.0,12.0,7.0,2.0,0.0,0.0,0.0,0.0,1.0,1.0,,,,,,15880230
PSA59TQ,732272,2021-05-12 07:53:15.658000-04:00,2021-05-12 23:59:00-04:00,2021-06-03 12:18:33.486000-04:00,2021-06-03 12:49:42.021000-04:00,2,,,,,,Treatment 2,1560.017,67.2655,6.0,4.0,1.0,1.0,5.0,9.0,5.0,2.0,0.0,0.0,0.0,0.0,2.0,2.0,4.0,2.0,271.083,58.157,1.0,16697406
PSA59TQ,732584,2020-09-28 09:15:00-04:00,2020-10-01 00:59:00-04:00,2020-09-29 15:52:42.849000-04:00,2020-09-29 16:10:58.625000-04:00,1,,,,,,Treatment 1,942.508,43.9138181818182,11.0,8.0,2.0,2.0,11.0,21.0,9.0,3.0,0.0,0.0,0.0,0.0,3.0,1.0,4.0,4.0,105.834,26.45525,1.0,6701754
PSA59TQ,732910,2020-11-16 08:50:00-05:00,2020-11-23 00:59:00-05:00,2020-11-22 19:26:45.995000-05:00,2020-11-22 19:31:31.542000-05:00,1,,,,,,Treatment 2,125.147,31.28275,4.0,4.0,,,4.0,4.0,3.0,0.0,0.0,0.0,0.0,0.0,0.0,1.0,4.0,3.0,98.325,21.96475,1.0,10198252
PSA59TQ,733617,2020-09-28 09:15:00-04:00,2020-10-01 00:59:00-04:00,2020-09-29 15:52:48.221000-04:00,2020-09-29 16:02:14.183000-04:00,1,,,,,,Control 1,424.744,66.652,6.0,5.0,1.0,1.0,6.0,7.0,6.0,1.0,0.0,0.0,0.0,0.0,1.0,1.0,4.0,4.0,93.022,23.24825,1.0,6701774
PSA59TQ,733625,2020-09-28 09:15:00-04:00,2020-10-01 00:59:00-04:00,2020-09-29 15:51:10.149000-04:00,2020-09-29 15:58:48.141000-04:00,2,,,,,,Control 3,105.965,35.3156666666667,3.0,3.0,,,3.0,3.0,3.0,0.0,0.0,0.0,0.0,0.0,0.0,1.0,4.0,4.0,175.663,43.90875,1.0,6701540
PSA59TQ,733638,2020-09-28 09:15:00-04:00,2020-10-01 00:59:00-04:00,2020-09-29 15:55:59.829000-04:00,2020-09-29 16:03:04.615000-04:00,1,,,,,,Control 1,202.148,32.42,5.0,4.0,1.0,,5.0,6.0,5.0,0.0,0.0,0.0,0.0,0.0,0.0,1.0,4.0,4.0,160.744,40.17575,1.0,6702217
PSA59TQ,733660,2020-09-28 09:15:00-04:00,2020-10-01 00:59:00-04:00,2020-10-02 00:14:14.240000-04:00,,1,,,,,,Not Assigned,,,,,,,,,,,,,,,,,,,,,,6961045
PSA59TQ,733680,2020-09-28 09:15:00-04:00,2020-10-01 00:59:00-04:00,2020-10-01 16:03:20.710000-04:00,2020-10-01 16:07:02.451000-04:00,1,,,,,,Treatment 2,80.466,20.10675,4.0,4.0,,,4.0,4.0,3.0,0.0,0.0,0.0,0.0,0.0,0.0,1.0,4.0,4.0,97.591,24.388,1.0,6938916
PSA59TQ,733719,2020-09-28 09:15:00-04:00,2020-10-01 00:59:00-04:00,2020-09-28 18:11:42.626000-04:00,2020-09-29 16:08:07.950000-04:00,2,,,,,,Control 1,78818.185,6553.60425,12.0,5.0,2.0,2.0,9.0,17.0,12.0,7.0,0.0,0.0,0.0,0.0,7.0,2.0,4.0,1.0,92.963,15.803,1.0,6590015
PSA59TQ,733821,2020-09-28 09:15:00-04:00,2020-10-01 00:59:00-04:00,2020-09-30 16:05:28.295000-04:00,,1,,,,,,Control 2,104.382,18.4753333333333,4.0,2.0,,,3.0,4.0,4.0,0.0,0.0,0.0,0.0,0.0,0.0,1.0,,,,,,6822517
PSA59TQ,736537,2021-01-12 08:00:00-05:00,2021-01-12 09:15:00-05:00,2021-01-12 08:23:22.685000-05:00,,2,,,,,,Control 3,888.587,296.190333333333,3.0,3.0,,,3.0,3.0,3.0,0.0,0.0,0.0,0.0,0.0,0.0,1.0,4.0,3.0,173823.152,57941.0416666667,2.0,11935825
PSA59TQ,736859,2021-04-26 12:03:41.928000-04:00,2021-04-26 23:59:00-04:00,2021-04-27 12:03:41.849000-04:00,2021-04-27 12:13:30.021000-04:00,2,,,,,,Control 3,196.12,65.3636666666667,3.0,3.0,,,3.0,3.0,3.0,0.0,0.0,0.0,0.0,0.0,0.0,1.0,4.0,3.0,305.706,32.8305,1.0,15920896
PSA59TQ,738830,2020-11-16 08:50:00-05:00,2020-11-23 00:59:00-05:00,2020-11-16 14:14:57.460000-05:00,2020-11-16 14:19:12.841000-05:00,1,,,,,,Treatment 3,123.759,19.5394,5.0,4.0,1.0,,5.0,6.0,4.0,0.0,0.0,0.0,0.0,0.0,0.0,1.0,4.0,4.0,88.675,22.1585,1.0,9825108
PSA59TQ,739279,2020-11-16 08:50:00-05:00,2020-11-23 00:59:00-05:00,2020-12-05 20:31:09.992000-05:00,2020-12-05 20:58:20.154000-05:00,1,,,,,,Treatment 2,1202.404,100.229833333333,6.0,4.0,1.0,1.0,6.0,10.0,5.0,2.0,0.0,0.0,0.0,0.0,2.0,1.0,4.0,3.0,307.568,62.33925,1.0,10754225
PSA59TQ,747101,2020-09-28 09:33:55.669000-04:00,,2020-10-14 14:48:55.306000-04:00,,1,,,,,,Treatment 2,144.384,23.4753333333333,3.0,2.0,,,3.0,4.0,3.0,0.0,0.0,0.0,0.0,0.0,0.0,1.0,,,,,,7807780
PSA59TQ,747478,2020-09-28 09:15:00-04:00,2020-10-01 00:59:00-04:00,2020-10-05 09:40:03.028000-04:00,2020-10-27 11:31:03.980000-04:00,2,,,,,,Treatment 3,329.426,65.2194,5.0,4.0,1.0,,5.0,6.0,4.0,0.0,0.0,0.0,0.0,0.0,0.0,1.0,4.0,3.0,3508.376,49.45825,1.0,7074335
PSA59TQ,747523,2020-09-29 20:36:18.374000-04:00,,2020-10-20 16:48:03.176000-04:00,2020-10-20 17:01:08.928000-04:00,1,,,,,,Treatment 3,232.905,58.2205,4.0,4.0,,,4.0,4.0,3.0,0.0,0.0,0.0,0.0,0.0,0.0,1.0,4.0,3.0,462.718,112.58525,1.0,8208316
PSA59TQ,747696,2021-04-26 12:03:27.692000-04:00,2021-04-26 23:59:00-04:00,2021-04-26 12:43:40.855000-04:00,2021-04-26 12:57:00.569000-04:00,1,,,,,,Treatment 1,186.017,46.49875,4.0,4.0,,,4.0,4.0,3.0,0.0,0.0,0.0,0.0,0.0,0.0,1.0,4.0,2.0,305.246,56.375,1.0,15879010
PSA59TQ,749115,2021-02-08 15:03:20.982000-05:00,2021-02-10 15:03:00-05:00,2021-02-09 06:18:45.862000-05:00,2021-02-09 06:23:34.264000-05:00,1,,,,,,Treatment 3,132.02,32.9955,4.0,4.0,,,4.0,4.0,3.0,0.0,0.0,0.0,0.0,0.0,0.0,1.0,4.0,4.0,119.5,29.8655,1.0,13250774
PSA59TQ,749940,2020-10-01 09:19:06.559000-04:00,2020-10-09 09:20:00-04:00,2020-10-05 09:45:01.026000-04:00,,1,,,,,,Treatment 3,516.835,79.8645,6.0,5.0,1.0,1.0,6.0,7.0,5.0,1.0,0.0,0.0,0.0,0.0,1.0,1.0,2.0,1.0,3.83,3.824,1.0,7075104
PSA59TQ,750075,2021-02-15 06:43:00-05:00,2021-02-26 09:45:00-05:00,2021-02-15 12:28:51.561000-05:00,2021-02-15 12:33:08.969000-05:00,1,,,,,,Control 2,115.048,38.3426666666667,3.0,3.0,,,3.0,3.0,3.0,0.0,0.0,0.0,0.0,0.0,0.0,1.0,4.0,4.0,102.252,25.55575,1.0,13497026
PSA59TQ,752389,2021-03-26 08:35:00-04:00,2021-03-26 23:59:00-04:00,2021-03-26 08:36:49.516000-04:00,2021-03-26 08:43:29.984000-04:00,1,,,,,,Treatment 1,240.985,26.4988571428572,7.0,6.0,1.0,,7.0,8.0,6.0,0.0,0.0,0.0,0.0,0.0,0.0,1.0,4.0,4.0,110.446,27.603,1.0,15062669
PSA59TQ,752391,2021-03-26 08:35:00-04:00,2021-03-26 23:59:00-04:00,2021-03-26 08:45:30.199000-04:00,2021-03-26 08:48:08.411000-04:00,1,,,,,,Treatment 2,62.953,15.734,4.0,4.0,,,4.0,4.0,3.0,0.0,0.0,0.0,0.0,0.0,0.0,1.0,4.0,4.0,61.959,15.4855,1.0,15063035
PSA59TQ,752392,2021-03-26 08:35:00-04:00,2021-03-26 23:59:00-04:00,2021-03-26 08:40:58.906000-04:00,2021-03-26 08:56:46.112000-04:00,1,,,,,,Treatment 3,468.692,117.1655,4.0,4.0,,,4.0,4.0,3.0,0.0,0.0,0.0,0.0,0.0,0.0,1.0,4.0,4.0,437.966,109.487,1.0,15062864
PSA59TQ,752394,2021-03-26 08:35:00-04:00,2021-03-26 23:59:00-04:00,2021-03-26 09:39:15.029000-04:00,2021-03-26 09:41:23.413000-04:00,1,,,,,,Treatment 2,30.517,7.62325,4.0,4.0,,,4.0,4.0,3.0,0.0,0.0,0.0,0.0,0.0,0.0,1.0,4.0,3.0,74.254,10.731,1.0,15066451
PSA59TQ,752395,2021-03-26 08:35:00-04:00,2021-03-26 23:59:00-04:00,2021-03-26 09:16:25.864000-04:00,2021-03-26 09:23:25.357000-04:00,1,,,,,,Control 1,274.948,45.351,5.0,4.0,1.0,,5.0,6.0,5.0,0.0,0.0,0.0,0.0,0.0,0.0,1.0,4.0,4.0,102.056,25.50725,1.0,15064977
PSA59TQ,752401,2021-03-26 08:35:00-04:00,2021-03-26 23:59:00-04:00,2021-03-26 09:24:03.477000-04:00,2021-03-26 09:28:38.764000-04:00,1,,,,,,Treatment 1,158.175,39.54025,4.0,4.0,,,4.0,4.0,3.0,0.0,0.0,0.0,0.0,0.0,0.0,1.0,4.0,4.0,87.736,21.9305,1.0,15065485
PSA59TQ,752416,2021-03-26 08:35:00-04:00,2021-03-26 23:59:00-04:00,2021-03-26 10:00:11.651000-04:00,2021-03-26 10:11:06.123000-04:00,1,,,,,,Control 1,318.697,106.226666666667,3.0,3.0,,,3.0,3.0,3.0,0.0,0.0,0.0,0.0,0.0,0.0,1.0,4.0,4.0,280.78,70.1905,1.0,15067889
PSA59TQ,752418,2021-03-26 08:35:00-04:00,2021-03-26 23:59:00-04:00,2021-03-26 10:17:02.076000-04:00,2021-03-26 10:23:34.873000-04:00,1,,,,,,Control 3,126.788,42.2573333333333,3.0,3.0,,,3.0,3.0,3.0,0.0,0.0,0.0,0.0,0.0,0.0,1.0,4.0,4.0,146.587,36.64175,1.0,15068970
PSA59TQ,752425,2021-03-26 08:35:00-04:00,2021-03-26 23:59:00-04:00,2021-03-26 09:07:36.495000-04:00,2021-03-26 09:14:24.747000-04:00,1,,,,,,Control 2,166.894,55.624,3.0,3.0,,,3.0,3.0,3.0,0.0,0.0,0.0,0.0,0.0,0.0,1.0,4.0,4.0,191.273,47.812,1.0,15064447
PSA59TQ,752427,2021-03-25 08:00:00-04:00,,2021-03-26 10:25:24.125000-04:00,2021-03-26 10:30:21.951000-04:00,1,,,,,,Treatment 3,202.627,16.1141111111111,9.0,7.0,2.0,1.0,9.0,12.0,7.0,1.0,0.0,0.0,0.0,0.0,1.0,1.0,4.0,4.0,55.118,13.77475,1.0,15069544
PSA59TQ,752433,2021-03-25 08:00:00-04:00,,2021-03-26 08:55:18.290000-04:00,2021-03-26 08:58:12.683000-04:00,1,,,,,,Treatment 1,86.405,21.5975,4.0,4.0,,,4.0,4.0,3.0,0.0,0.0,0.0,0.0,0.0,0.0,1.0,4.0,4.0,72.814,18.20175,1.0,15063570
PSA59TQ,752442,2021-03-25 08:00:00-04:00,,2021-03-25 15:52:26.174000-04:00,2021-03-25 15:54:38.373000-04:00,1,,,,,,Control 3,60.495,20.16,3.0,3.0,,,3.0,3.0,3.0,0.0,0.0,0.0,0.0,0.0,0.0,1.0,4.0,4.0,53.638,13.40375,1.0,15052238
PSA59TQ,752449,2021-03-25 08:00:00-04:00,,2021-03-25 19:25:15.858000-04:00,,1,,,,,,Treatment 1,39.878,31.635,1.0,0.0,,,1.0,1.0,1.0,1.0,0.0,0.0,0.0,0.0,1.0,1.0,,,,,,15057613
PSA59TQ,752450,2021-03-25 08:00:00-04:00,,2021-03-26 08:40:37.212000-04:00,2021-03-26 08:45:09.520000-04:00,1,,,,,,Control 3,155.4,51.7906666666667,3.0,3.0,,,3.0,3.0,3.0,0.0,0.0,0.0,0.0,0.0,0.0,1.0,4.0,4.0,58.224,14.54775,1.0,15062849
PSA59TQ,752453,2021-03-25 08:00:00-04:00,,2021-03-26 09:58:55.753000-04:00,2021-03-26 10:06:24.337000-04:00,1,,,,,,Control 1,329.836,29.89125,8.0,6.0,2.0,2.0,8.0,11.0,8.0,2.0,0.0,0.0,0.0,0.0,2.0,1.0,4.0,4.0,73.895,18.469,1.0,15067783
PSA59TQ,752455,2021-03-25 08:00:00-04:00,,2021-03-26 06:59:08.908000-04:00,2021-03-26 07:07:38.846000-04:00,1,,,,,,Control 1,281.381,42.2818333333333,6.0,5.0,1.0,,6.0,7.0,6.0,0.0,0.0,0.0,0.0,0.0,0.0,1.0,4.0,3.0,204.765,28.944,1.0,15061302
PSA59TQ,752456,2021-03-25 08:00:00-04:00,,2021-03-26 07:43:25.078000-04:00,2021-03-26 08:09:32.961000-04:00,1,,,,,,Treatment 2,1004.101,251.01425,4.0,4.0,,,4.0,4.0,3.0,0.0,0.0,0.0,0.0,0.0,0.0,1.0,4.0,4.0,367.911,91.9645,1.0,15061490
PSA59TQ,752457,2021-03-25 08:00:00-04:00,,2021-03-25 15:50:21.445000-04:00,2021-03-25 15:55:39.889000-04:00,1,,,,,,Control 3,122.537,40.8383333333333,3.0,3.0,,,3.0,3.0,3.0,0.0,0.0,0.0,0.0,0.0,0.0,1.0,4.0,3.0,162.51,38.172,1.0,15052149
PSA59TQ,752527,2021-03-25 08:00:00-04:00,,2021-03-26 07:57:53.966000-04:00,2021-03-26 08:01:23.682000-04:00,1,,,,,,Control 3,76.266,25.4156666666667,3.0,3.0,,,3.0,3.0,3.0,0.0,0.0,0.0,0.0,0.0,0.0,1.0,4.0,3.0,104.919,20.39775,1.0,15061677
PSA59TQ,753798,2021-04-26 12:03:27.692000-04:00,2021-04-26 23:59:00-04:00,2021-04-27 13:11:30.894000-04:00,2021-04-27 14:05:31.257000-04:00,3,,,,,,Control 1,662.776,53.755,8.0,6.0,2.0,2.0,8.0,11.0,8.0,2.0,0.0,0.0,0.0,0.0,2.0,1.0,4.0,3.0,2416.634,44.2215,2.0,15927358
PSA59TQ,756046,2020-08-05 11:00:00-04:00,2020-08-07 19:00:00-04:00,2020-09-21 12:46:34.588000-04:00,2020-09-21 12:53:21.004000-04:00,2,,,,,,Control 2,165.664,55.2163333333333,3.0,3.0,,,3.0,3.0,3.0,0.0,0.0,0.0,0.0,0.0,0.0,1.0,4.0,3.0,134.084,29.62375,1.0,5931251
PSA59TQ,756196,2020-10-01 09:19:06.559000-04:00,2020-10-09 09:20:00-04:00,2020-10-09 09:36:54.980000-04:00,,1,,,,,,Not Assigned,,,,,,,,,,,,,,,,,,,,,,7502470
PSA59TQ,757273,2021-02-15 06:43:00-05:00,2021-02-26 09:45:00-05:00,2021-02-18 10:30:11.558000-05:00,2021-02-18 10:34:37.607000-05:00,1,,,,,,Treatment 2,126.279,31.5665,4.0,4.0,,,4.0,4.0,3.0,0.0,0.0,0.0,0.0,0.0,0.0,1.0,4.0,4.0,110.606,27.64875,1.0,13608182
PSA59TQ,760594,2020-09-29 20:36:18.374000-04:00,,2020-10-01 00:38:45.763000-04:00,2020-10-01 00:51:14.517000-04:00,1,,,,,,Treatment 1,579.041,33.1731428571428,7.0,6.0,1.0,1.0,7.0,11.0,6.0,1.0,0.0,0.0,0.0,0.0,1.0,1.0,4.0,4.0,91.817,22.94825,1.0,6845196
PSA59TQ,761294,2021-02-09 13:50:00-05:00,2021-02-10 12:45:00-05:00,2021-02-09 17:39:40.208000-05:00,2021-02-09 17:43:12.229000-05:00,1,,,,,,Control 3,76.054,25.3433333333333,3.0,3.0,,,3.0,3.0,3.0,0.0,0.0,0.0,0.0,0.0,0.0,1.0,4.0,4.0,104.395,26.092,1.0,13316199
PSA59TQ,761343,2021-02-09 13:50:00-05:00,2021-02-10 12:45:00-05:00,2021-02-15 23:08:27.063000-05:00,2021-02-15 23:17:16.689000-05:00,1,,,,,,Treatment 1,173.654,43.41,4.0,4.0,,,4.0,4.0,3.0,0.0,0.0,0.0,0.0,0.0,0.0,1.0,4.0,4.0,129.512,32.375,1.0,13502918
PSA59TQ,761434,2021-02-09 13:50:00-05:00,2021-02-10 12:45:00-05:00,2021-02-11 12:38:32.967000-05:00,2021-02-11 14:09:27.078000-05:00,1,,,,,,Control 3,5259.485,1753.156,3.0,3.0,,,3.0,3.0,3.0,0.0,0.0,0.0,0.0,0.0,0.0,1.0,4.0,4.0,157.732,39.42925,1.0,13419158
PSA59TQ,761495,2020-09-28 09:15:00-04:00,2020-10-01 00:59:00-04:00,2020-09-28 14:58:38.034000-04:00,2020-10-02 15:16:14.128000-04:00,3,,,,,,Control 1,229.713,76.531,3.0,3.0,,,3.0,3.0,3.0,0.0,0.0,0.0,0.0,0.0,0.0,1.0,4.0,2.0,256.67,27.88975,1.0,6570457
PSA59TQ,761792,2021-02-09 13:50:00-05:00,2021-02-10 12:45:00-05:00,2021-02-09 15:12:48.996000-05:00,2021-02-09 15:17:05.190000-05:00,1,,,,,,Control 3,106.298,35.4313333333333,3.0,3.0,,,3.0,3.0,3.0,0.0,0.0,0.0,0.0,0.0,0.0,1.0,4.0,3.0,119.53,25.56125,1.0,13306771
PSA59TQ,761869,2021-02-09 13:50:00-05:00,2021-02-10 12:45:00-05:00,2021-02-09 14:03:33.146000-05:00,2021-02-09 14:09:58.303000-05:00,1,,,,,,Treatment 1,171.917,42.94475,4.0,4.0,,,4.0,4.0,3.0,0.0,0.0,0.0,0.0,0.0,0.0,1.0,4.0,4.0,92.593,23.10575,1.0,13296807
PSA59TQ,761988,2020-09-29 20:36:18.374000-04:00,,2020-10-26 19:37:45.494000-04:00,2020-10-26 19:47:36.131000-04:00,1,,,,,,Control 3,449.031,30.9214444444444,9.0,6.0,2.0,,9.0,14.0,9.0,0.0,0.0,0.0,0.0,0.0,0.0,1.0,4.0,4.0,83.867,20.9615,1.0,8586365
PSA59TQ,763110,2021-02-15 06:43:00-05:00,2021-02-26 09:45:00-05:00,2021-02-18 10:00:52.585000-05:00,2021-02-18 10:16:51.203000-05:00,1,,,,,,Control 1,585.876,96.0504,5.0,4.0,1.0,,5.0,6.0,5.0,0.0,0.0,0.0,0.0,0.0,0.0,1.0,4.0,4.0,171.551,42.88475,1.0,13605453
PSA59TQ,764758,2020-09-28 13:17:00-04:00,,2020-10-06 08:56:59.661000-04:00,,1,,,,,,Not Assigned,,,,,,,,,,,,,,,,,,,,,,7179365
PSA59TQ,764793,2020-09-28 13:17:00-04:00,,2020-09-29 13:06:29.047000-04:00,2020-09-29 13:16:40.628000-04:00,1,,,,,,Treatment 3,244.581,61.14325,4.0,4.0,,,4.0,4.0,3.0,0.0,0.0,0.0,0.0,0.0,0.0,1.0,4.0,3.0,312.266,53.64525,1.0,6666939
PSA59TQ,765487,2021-02-23 08:30:00-05:00,2021-02-23 23:59:00-05:00,2021-02-23 15:24:43.116000-05:00,2021-02-23 15:31:23.399000-05:00,1,,,,,,Treatment 3,233.073,58.266,4.0,4.0,,,4.0,4.0,3.0,0.0,0.0,0.0,0.0,0.0,0.0,1.0,4.0,3.0,129.595,26.8175,1.0,13821561
PSA59TQ,765649,2020-09-28 09:33:55.669000-04:00,,2020-10-06 10:10:06.387000-04:00,,1,,,,,,Not Assigned,,,,,,,,,,,,,,,,,,,,,,7192427
PSA59TQ,765713,2020-09-28 09:33:55.669000-04:00,,2020-09-28 09:33:56.813000-04:00,,1,,,,,,Treatment 3,404.147,74.2283333333333,3.0,0.0,0.0,0.0,3.0,7.0,3.0,3.0,0.0,0.0,0.0,0.0,0.0,1.0,,,,,,6502689
PSA59TQ,766031,2020-11-16 08:50:00-05:00,2020-11-23 00:59:00-05:00,2020-11-16 13:02:11.107000-05:00,2020-11-22 16:34:25.895000-05:00,4,,,,,,Control 3,531007.235,177002.406666667,3.0,3.0,,,3.0,3.0,3.0,0.0,0.0,0.0,0.0,0.0,0.0,2.0,4.0,4.0,100.591,25.14475,1.0,9810974
PSA59TQ,767454,2021-02-12 11:06:13.466000-05:00,2021-02-20 00:59:00-05:00,2021-02-14 19:26:54.426000-05:00,2021-02-14 19:33:22.337000-05:00,1,,,,,,Treatment 2,217.758,29.1688333333333,6.0,4.0,1.0,,4.0,6.0,5.0,0.0,0.0,0.0,0.0,0.0,0.0,1.0,4.0,4.0,78.747,19.684,1.0,13491581
PSA59TQ,768864,2021-03-25 08:35:00-04:00,2021-03-25 23:59:00-04:00,2021-03-25 08:53:39.018000-04:00,2021-03-25 08:59:19.893000-04:00,1,,,,,,Treatment 2,156.491,39.12,4.0,4.0,,,4.0,4.0,3.0,0.0,0.0,0.0,0.0,0.0,0.0,1.0,4.0,4.0,145.016,36.25175,1.0,15016340
PSA59TQ,768867,2021-03-25 08:35:00-04:00,2021-03-25 23:59:00-04:00,2021-03-25 10:07:25.295000-04:00,2021-03-25 10:10:48.796000-04:00,1,,,,,,Control 1,46.323,15.439,3.0,3.0,,,3.0,3.0,3.0,0.0,0.0,0.0,0.0,0.0,0.0,1.0,4.0,4.0,60.18,15.0425,1.0,15022170
PSA59TQ,768868,2021-03-25 08:35:00-04:00,2021-03-25 23:59:00-04:00,2021-03-25 09:49:12.945000-04:00,2021-03-25 09:59:23.244000-04:00,1,,,,,,Treatment 2,327.287,28.2412857142857,7.0,5.0,1.0,0.0,6.0,9.0,6.0,1.0,0.0,0.0,0.0,0.0,1.0,1.0,4.0,2.0,251.822,40.3365,1.0,15020608
PSA59TQ,768870,2021-03-25 08:35:00-04:00,2021-03-25 23:59:00-04:00,2021-03-25 09:17:17.369000-04:00,2021-03-25 09:21:00.420000-04:00,1,,,,,,Control 1,123.55,22.0658,5.0,4.0,1.0,,5.0,7.0,5.0,0.0,0.0,0.0,0.0,0.0,0.0,1.0,4.0,4.0,67.243,16.80875,1.0,15018097
PSA59TQ,768872,2021-03-25 08:35:00-04:00,2021-03-25 23:59:00-04:00,2021-03-25 11:41:44.835000-04:00,2021-03-25 11:50:41.313000-04:00,1,,,,,,Treatment 2,313.921,78.4785,4.0,4.0,,,4.0,4.0,3.0,0.0,0.0,0.0,0.0,0.0,0.0,1.0,4.0,4.0,181.876,45.46775,1.0,15030849
PSA59TQ,768888,2021-03-25 08:35:00-04:00,2021-03-25 23:59:00-04:00,2021-03-25 08:57:30.369000-04:00,2021-03-25 09:01:42.289000-04:00,1,,,,,,Control 1,129.553,43.183,3.0,3.0,,,3.0,3.0,3.0,0.0,0.0,0.0,0.0,0.0,0.0,1.0,4.0,4.0,105.301,26.3235,1.0,15016584
PSA59TQ,768894,2021-03-25 08:35:00-04:00,2021-03-25 23:59:00-04:00,2021-03-25 10:42:39.466000-04:00,2021-03-25 10:48:32.121000-04:00,1,,,,,,Treatment 3,231.62,57.902,4.0,4.0,,,4.0,4.0,3.0,0.0,0.0,0.0,0.0,0.0,0.0,1.0,4.0,4.0,95.807,23.94975,1.0,15025222
PSA59TQ,768897,2021-03-25 08:35:00-04:00,2021-03-25 23:59:00-04:00,2021-03-25 08:59:49.442000-04:00,2021-03-25 09:09:01.106000-04:00,1,,,,,,Treatment 1,227.651,56.9055,4.0,4.0,,,4.0,4.0,3.0,0.0,0.0,0.0,0.0,0.0,0.0,1.0,4.0,3.0,222.747,46.02725,1.0,15016718
PSA59TQ,768899,2021-03-25 08:35:00-04:00,2021-03-25 23:59:00-04:00,2021-03-25 09:11:03.560000-04:00,2021-03-25 09:15:45.706000-04:00,1,,,,,,Treatment 3,105.612,26.3995,4.0,4.0,,,4.0,4.0,3.0,0.0,0.0,0.0,0.0,0.0,0.0,1.0,4.0,3.0,156.026,26.52125,1.0,15017526
PSA59TQ,771246,2021-02-09 13:50:00-05:00,2021-02-10 12:45:00-05:00,2021-02-09 13:57:23.617000-05:00,,1,,,,,,Control 1,363.748,88.954,3.0,1.0,1.0,,3.0,7.0,3.0,1.0,0.0,0.0,0.0,0.0,1.0,1.0,,,,,,13295782
PSA59TQ,773097,2020-11-03 08:00:00-05:00,2020-11-06 14:30:00-05:00,2020-11-05 14:41:16.703000-05:00,2020-11-05 14:46:09.260000-05:00,1,,,,,,Control 2,162.508,54.163,3.0,3.0,,,3.0,3.0,3.0,0.0,0.0,0.0,0.0,0.0,0.0,1.0,4.0,4.0,95.242,23.80475,1.0,9239208
PSA59TQ,773150,2021-02-09 13:50:00-05:00,2021-02-10 12:45:00-05:00,2021-02-11 14:05:46.623000-05:00,,1,,,,,,Control 2,127.057,42.34,3.0,3.0,,,3.0,3.0,3.0,0.0,0.0,0.0,0.0,0.0,0.0,1.0,2.0,1.0,9.165,9.155,1.0,13430609
PSA59TQ,773453,2021-02-09 13:50:00-05:00,2021-02-10 12:45:00-05:00,2021-02-12 14:30:07.292000-05:00,2021-02-12 15:02:21.684000-05:00,2,,,,,,Treatment 2,465.107,116.261,4.0,4.0,,,4.0,4.0,3.0,0.0,0.0,0.0,0.0,0.0,0.0,1.0,4.0,4.0,1421.881,355.4565,2.0,13479026
PSA59TQ,774745,2021-02-15 06:43:00-05:00,2021-02-26 09:45:00-05:00,2021-02-18 08:15:05.346000-05:00,,1,,,,,,Treatment 1,,,1.0,,,,,0.0,1.0,0.0,0.0,0.0,0.0,0.0,0.0,1.0,,,,,,13599105
PSA59TQ,775322,2021-03-25 08:00:00-04:00,,2021-03-25 09:05:40.273000-04:00,2021-03-25 09:07:45.714000-04:00,1,,,,,,Treatment 2,54.035,13.50675,4.0,4.0,,,4.0,4.0,3.0,0.0,0.0,0.0,0.0,0.0,0.0,1.0,4.0,4.0,53.585,13.3935,1.0,15017118
PSA59TQ,775508,2021-03-11 07:46:23.985000-05:00,2021-03-14 19:48:00-04:00,2021-03-14 19:36:26.279000-04:00,2021-03-14 19:42:35.657000-04:00,1,,,,,,Control 1,193.878,64.6223333333333,3.0,3.0,,,3.0,3.0,3.0,0.0,0.0,0.0,0.0,0.0,0.0,1.0,4.0,4.0,148.022,37.00125,1.0,14621678
PSA59TQ,775531,2021-03-25 08:00:00-04:00,,2021-03-25 08:22:19.210000-04:00,2021-03-25 08:31:09.406000-04:00,1,,,,,,Control 3,185.762,61.9083333333333,3.0,3.0,,,3.0,3.0,3.0,0.0,0.0,0.0,0.0,0.0,0.0,1.0,4.0,4.0,288.503,72.11825,1.0,15015072
PSA59TQ,775661,2021-03-25 08:00:00-04:00,,2021-03-25 08:18:33.126000-04:00,2021-03-25 08:30:41.667000-04:00,1,,,,,,Treatment 1,357.345,89.33475,4.0,4.0,,,4.0,4.0,3.0,0.0,0.0,0.0,0.0,0.0,0.0,1.0,4.0,3.0,200.746,31.596,1.0,15014946
PSA59TQ,776096,2021-03-25 08:00:00-04:00,,2021-03-25 08:07:11.757000-04:00,2021-03-25 08:12:07.105000-04:00,1,,,,,,Treatment 1,161.389,40.3425,4.0,4.0,,,4.0,4.0,3.0,0.0,0.0,0.0,0.0,0.0,0.0,1.0,4.0,3.0,108.275,18.5065,1.0,15014614
PSA59TQ,777397,2020-09-30 10:00:00-04:00,2020-10-01 10:00:00-04:00,2020-09-30 13:34:58.094000-04:00,2020-09-30 13:38:20.420000-04:00,1,,,,,,Treatment 3,67.347,16.82475,4.0,4.0,,,4.0,4.0,3.0,0.0,0.0,0.0,0.0,0.0,0.0,1.0,4.0,4.0,102.607,25.64175,1.0,6795600
PSA59TQ,777554,2020-10-15 10:40:34.353000-04:00,,2020-10-15 10:47:27.648000-04:00,2020-10-15 10:58:10.690000-04:00,1,,,,,,Control 3,90.552,22.13625,4.0,3.0,1.0,,4.0,5.0,4.0,0.0,0.0,0.0,0.0,0.0,0.0,1.0,4.0,3.0,134.383,18.44825,1.0,7857280
PSA59TQ,777649,2020-10-15 10:40:34.353000-04:00,,2020-10-20 11:09:51.979000-04:00,,6,,,,,,Treatment 2,14428418.287,283206.833181818,11.0,6.0,2.0,2.0,9.0,14.0,9.0,4.0,0.0,0.0,0.0,0.0,3.0,4.0,,,,,,8146874
PSA59TQ,777650,2021-02-15 06:43:00-05:00,2021-02-26 09:45:00-05:00,2021-02-18 08:14:33.583000-05:00,,3,,,,,,Treatment 1,774.337,193.5765,4.0,4.0,,,4.0,4.0,3.0,0.0,0.0,0.0,0.0,0.0,0.0,1.0,3.0,2.0,611193.013,143985.661666667,3.0,13599093
PSA59TQ,778169,2020-09-30 10:00:00-04:00,2020-10-01 10:00:00-04:00,2020-09-30 16:44:39.712000-04:00,2020-09-30 16:53:59.277000-04:00,1,,,,,,Control 2,87.389,29.125,3.0,3.0,,,3.0,3.0,3.0,0.0,0.0,0.0,0.0,0.0,0.0,1.0,4.0,3.0,411.332,90.274,1.0,6826604
PSA59TQ,778254,2020-10-15 10:40:34.353000-04:00,,2020-10-15 10:53:59.130000-04:00,,2,,,,,,Treatment 1,1100.241,88.1525,11.0,8.0,2.0,2.0,10.0,13.0,9.0,2.0,0.0,0.0,0.0,0.0,2.0,1.0,,,,,,7858522
PSA59TQ,778257,2021-02-15 06:43:00-05:00,2021-02-26 09:45:00-05:00,2021-02-15 10:16:57.905000-05:00,2021-02-15 10:21:28.961000-05:00,1,,,,,,Treatment 3,104.861,26.209,4.0,4.0,,,4.0,4.0,3.0,0.0,0.0,0.0,0.0,0.0,0.0,1.0,4.0,3.0,121.491,20.777,1.0,13494560
PSA59TQ,778259,2021-02-15 06:43:00-05:00,2021-02-26 09:45:00-05:00,2021-02-15 13:24:05.995000-05:00,2021-02-15 13:26:58.569000-05:00,1,,,,,,Control 2,82.788,27.5846666666667,3.0,3.0,,,3.0,3.0,3.0,0.0,0.0,0.0,0.0,0.0,0.0,1.0,4.0,4.0,70.988,17.73725,1.0,13497865
PSA59TQ,778269,2020-10-15 10:40:34.353000-04:00,,2020-10-15 11:09:32.048000-04:00,2020-10-19 11:16:44.121000-04:00,2,,,,,,Treatment 1,344670.267,86167.5605,4.0,4.0,,,4.0,4.0,3.0,0.0,0.0,0.0,0.0,0.0,0.0,2.0,4.0,2.0,1333.806,310.62625,1.0,7861436
PSA59TQ,778271,2021-02-08 15:03:20.984000-05:00,2021-02-10 15:03:00-05:00,2021-02-09 10:06:58.818000-05:00,2021-02-09 10:20:33.013000-05:00,1,,,,,,Treatment 1,618.795,38.0693571428571,14.0,10.0,3.0,2.0,14.0,18.0,11.0,3.0,0.0,0.0,0.0,0.0,3.0,1.0,4.0,2.0,142.351,30.42575,1.0,13262316
PSA59TQ,778273,2021-03-25 08:00:00-04:00,,2021-03-25 12:07:18.400000-04:00,2021-03-25 12:13:36.921000-04:00,1,,,,,,Treatment 2,125.839,14.906,7.0,6.0,1.0,,7.0,8.0,6.0,0.0,0.0,0.0,0.0,0.0,0.0,1.0,4.0,4.0,56.934,14.2265,1.0,15033345
PSA59TQ,778275,2021-02-15 06:43:00-05:00,2021-02-26 09:45:00-05:00,2021-02-15 16:51:14.925000-05:00,,1,,,,,,Control 1,13.463,13.463,1.0,0.0,,,1.0,1.0,1.0,0.0,0.0,0.0,0.0,0.0,0.0,1.0,,,,,,13500386
PSA59TQ,778277,2020-10-15 10:40:34.353000-04:00,,2020-10-15 11:16:11.175000-04:00,2020-10-19 10:57:51.234000-04:00,2,,,,,,Control 1,344054.628,79.79625,8.0,6.0,2.0,,8.0,10.0,8.0,0.0,0.0,0.0,0.0,0.0,0.0,2.0,4.0,2.0,374.451,38.83125,1.0,7862579
PSA59TQ,778279,2021-02-15 06:43:00-05:00,2021-02-26 09:45:00-05:00,2021-02-18 09:30:39.154000-05:00,2021-03-11 08:09:14.363000-05:00,8,,,,,,Control 3,1720919.732,72100.6733333333,12.0,6.0,4.0,3.0,12.0,22.0,12.0,4.0,0.0,0.0,0.0,0.0,3.0,4.0,4.0,4.0,169.741,42.4275,1.0,13602846
PSA59TQ,778280,2021-02-15 06:43:00-05:00,2021-02-26 09:45:00-05:00,2021-02-15 06:46:54.293000-05:00,2021-02-15 06:58:58.783000-05:00,1,,,,,,Treatment 2,439.082,42.921,7.0,4.0,1.0,1.0,6.0,12.0,6.0,2.0,0.0,0.0,0.0,0.0,2.0,1.0,4.0,2.0,249.254,56.54025,1.0,13492587
PSA59TQ,778295,2021-02-15 06:43:00-05:00,2021-02-26 09:45:00-05:00,2021-02-18 08:12:45.052000-05:00,2021-02-18 09:44:06.210000-05:00,2,,,,,,Treatment 3,5043.407,553.968333333333,9.0,7.0,2.0,,9.0,11.0,7.0,0.0,0.0,0.0,0.0,0.0,0.0,2.0,4.0,4.0,414.063,103.513,1.0,13599052
PSA59TQ,778302,2020-09-30 10:00:00-04:00,2020-10-01 10:00:00-04:00,2020-09-30 18:55:45.554000-04:00,2020-09-30 21:23:46.371000-04:00,2,,,,,,Treatment 1,220.414,55.1005,4.0,4.0,,,4.0,4.0,3.0,0.0,0.0,0.0,0.0,0.0,0.0,1.0,4.0,3.0,225.748,38.925,1.0,6834573
PSA59TQ,778318,2021-02-15 06:43:00-05:00,2021-02-26 09:45:00-05:00,2021-02-18 08:21:26.268000-05:00,,1,,,,,,Treatment 2,24.148,24.145,2.0,1.0,,,1.0,1.0,2.0,0.0,0.0,0.0,0.0,0.0,0.0,1.0,,,,,,13599246
PSA59TQ,778331,2020-09-30 10:00:00-04:00,2020-10-01 10:00:00-04:00,2020-09-30 14:05:34.166000-04:00,2020-09-30 14:28:20.824000-04:00,1,,,,,,Treatment 2,1059.497,44.2672142857143,14.0,11.0,3.0,,14.0,23.0,11.0,0.0,0.0,0.0,0.0,0.0,0.0,1.0,4.0,3.0,213.017,45.318,1.0,6802461
PSA59TQ,778338,2020-09-30 10:00:00-04:00,2020-10-01 10:00:00-04:00,2020-09-30 14:28:13.049000-04:00,2020-09-30 14:33:29.055000-04:00,1,,,,,,Treatment 2,126.008,31.49675,4.0,4.0,,,4.0,4.0,3.0,0.0,0.0,0.0,0.0,0.0,0.0,1.0,4.0,1.0,162.815,13.348,1.0,6807566
PSA59TQ,778340,2020-09-30 10:00:00-04:00,2020-10-01 10:00:00-04:00,2020-09-30 14:10:13.637000-04:00,2020-09-30 14:17:41.576000-04:00,1,,,,,,Treatment 2,201.866,23.8514285714286,7.0,5.0,1.0,0.0,7.0,9.0,6.0,1.0,0.0,0.0,0.0,0.0,1.0,1.0,4.0,4.0,215.004,53.748,1.0,6803754
PSA59TQ,778350,2020-09-30 10:00:00-04:00,2020-10-01 10:00:00-04:00,2020-09-30 14:08:08.253000-04:00,2020-09-30 20:00:26.628000-04:00,3,,,,,,Treatment 1,20945.945,1880.58072727273,11.0,8.0,3.0,1.0,11.0,16.0,9.0,1.0,0.0,0.0,0.0,0.0,0.0,3.0,4.0,4.0,137.375,34.3415,1.0,6803172
PSA59TQ,778351,2020-09-30 10:00:00-04:00,2020-10-01 10:00:00-04:00,2020-09-30 17:36:45.009000-04:00,2020-09-30 17:41:21.297000-04:00,1,,,,,,Control 1,182.545,20.6485,6.0,5.0,1.0,,6.0,7.0,6.0,0.0,0.0,0.0,0.0,0.0,0.0,1.0,4.0,4.0,69.234,17.30575,1.0,6830532
PSA59TQ,778354,2020-09-30 10:00:00-04:00,2020-10-01 10:00:00-04:00,2020-09-30 13:16:33.648000-04:00,2020-09-30 14:07:44.746000-04:00,2,,,,,,Treatment 2,79.52,19.87775,4.0,4.0,,,4.0,4.0,3.0,0.0,0.0,0.0,0.0,0.0,0.0,1.0,4.0,3.0,218.638,27.29375,1.0,6791538
PSA59TQ,778400,2020-09-30 10:00:00-04:00,2020-10-01 10:00:00-04:00,2020-10-01 12:31:43.347000-04:00,2020-10-01 14:16:26.122000-04:00,2,,,,,,Control 1,419.095,139.696666666667,3.0,3.0,,,3.0,3.0,3.0,0.0,0.0,0.0,0.0,0.0,0.0,1.0,4.0,3.0,5833.234,1442.58475,2.0,6896627
PSA59TQ,778406,2020-09-30 10:00:00-04:00,2020-10-01 10:00:00-04:00,2020-09-30 14:41:41.078000-04:00,2020-09-30 14:46:57.192000-04:00,1,,,,,,Treatment 1,149.054,37.25825,4.0,4.0,,,4.0,4.0,3.0,0.0,0.0,0.0,0.0,0.0,0.0,1.0,4.0,3.0,135.555,31.65725,1.0,6810085
PSA59TQ,778429,2020-09-30 10:00:00-04:00,2020-10-01 10:00:00-04:00,2020-09-30 14:03:28.958000-04:00,2020-09-30 14:17:40.569000-04:00,1,,,,,,Treatment 1,302.016,75.49675,4.0,4.0,,,4.0,4.0,3.0,0.0,0.0,0.0,0.0,0.0,0.0,1.0,4.0,3.0,490.26,100.13475,1.0,6801955
PSA59TQ,778431,2020-09-30 10:00:00-04:00,2020-10-01 10:00:00-04:00,2020-09-30 19:45:45.601000-04:00,2020-09-30 20:10:11.122000-04:00,1,,,,,,Control 1,424.74,141.573666666667,3.0,3.0,,,3.0,3.0,3.0,0.0,0.0,0.0,0.0,0.0,0.0,1.0,4.0,2.0,581.434,125.17025,1.0,6836795
PSA59TQ,778484,2020-09-30 10:00:00-04:00,2020-10-01 10:00:00-04:00,2020-09-30 14:03:36.674000-04:00,2020-09-30 14:20:33.699000-04:00,1,,,,,,Treatment 3,802.649,200.66,4.0,4.0,,,4.0,4.0,3.0,0.0,0.0,0.0,0.0,0.0,0.0,1.0,4.0,3.0,164.203,39.8725,1.0,6801988
PSA59TQ,778494,2020-09-30 10:00:00-04:00,2020-10-01 10:00:00-04:00,2020-09-30 14:04:34.170000-04:00,2020-09-30 20:11:19.935000-04:00,2,,,,,,Treatment 2,244.724,61.17275,4.0,4.0,,,4.0,4.0,3.0,0.0,0.0,0.0,0.0,0.0,0.0,1.0,4.0,3.0,21706.745,49.869,2.0,6802191
PSA59TQ,778498,2020-09-30 10:00:00-04:00,2020-10-01 10:00:00-04:00,2020-09-30 14:07:13.781000-04:00,2020-09-30 14:16:09.455000-04:00,1,,,,,,Control 3,116.388,38.7893333333333,3.0,3.0,,,3.0,3.0,3.0,0.0,0.0,0.0,0.0,0.0,0.0,1.0,4.0,4.0,356.798,89.19525,1.0,6802914
PSA59TQ,778505,2020-09-30 10:00:00-04:00,2020-10-01 10:00:00-04:00,2020-09-30 12:44:29.864000-04:00,,3,,,,,,Treatment 2,460.626,35.5427142857143,7.0,5.0,1.0,0.0,5.0,11.0,6.0,1.0,0.0,0.0,0.0,0.0,1.0,1.0,2.0,1.0,4.268,4.265,1.0,6784648
PSA59TQ,778799,2020-09-30 10:00:00-04:00,2020-10-01 10:00:00-04:00,2020-09-30 13:17:34.969000-04:00,2020-09-30 13:20:36.220000-04:00,1,,,,,,Treatment 3,68.619,17.15,4.0,4.0,,,4.0,4.0,3.0,0.0,0.0,0.0,0.0,0.0,0.0,1.0,4.0,4.0,65.226,16.3035,1.0,6791759
PSA59TQ,779739,2020-09-30 10:00:00-04:00,2020-10-01 10:00:00-04:00,2020-09-30 15:46:19.843000-04:00,2020-09-30 15:55:48.120000-04:00,1,,,,,,Treatment 3,313.518,50.0276666666667,6.0,5.0,1.0,,6.0,7.0,5.0,0.0,0.0,0.0,0.0,0.0,0.0,1.0,4.0,3.0,227.747,41.362,1.0,6820244
PSA59TQ,780221,2020-09-30 10:00:00-04:00,2020-10-01 10:00:00-04:00,2020-09-30 10:37:29.339000-04:00,2020-09-30 10:47:54.005000-04:00,1,,,,,,Treatment 1,301.962,75.4875,4.0,4.0,,,4.0,4.0,3.0,0.0,0.0,0.0,0.0,0.0,0.0,1.0,4.0,2.0,263.456,55.927,1.0,6754501
PSA59TQ,780242,2020-09-30 10:00:00-04:00,2020-10-01 10:00:00-04:00,2020-09-30 15:45:39.294000-04:00,2020-09-30 15:52:19.616000-04:00,1,,,,,,Treatment 3,190.338,47.58125,4.0,4.0,,,4.0,4.0,3.0,0.0,0.0,0.0,0.0,0.0,0.0,1.0,4.0,3.0,175.241,35.49775,1.0,6820155
PSA59TQ,780267,2020-09-30 10:00:00-04:00,2020-10-01 10:00:00-04:00,2020-09-30 20:56:54.014000-04:00,2020-09-30 21:05:20.160000-04:00,1,,,,,,Treatment 2,182.416,45.6015,4.0,4.0,,,4.0,4.0,3.0,0.0,0.0,0.0,0.0,0.0,0.0,1.0,4.0,4.0,284.07,71.01525,1.0,6839830
PSA59TQ,780274,2020-09-30 10:00:00-04:00,2020-10-01 10:00:00-04:00,2020-09-30 17:23:27.065000-04:00,2020-09-30 17:52:00.660000-04:00,1,,,,,,Control 2,938.956,132.873166666667,6.0,5.0,1.0,,6.0,8.0,6.0,0.0,0.0,0.0,0.0,0.0,0.0,1.0,4.0,2.0,738.279,159.648,1.0,6829643
PSA59TQ,780304,2020-09-30 10:00:00-04:00,2020-10-01 10:00:00-04:00,2020-09-30 15:47:00.555000-04:00,2020-09-30 15:53:32.454000-04:00,1,,,,,,Treatment 2,160.42,40.10125,4.0,4.0,,,4.0,4.0,3.0,0.0,0.0,0.0,0.0,0.0,0.0,1.0,4.0,4.0,167.861,41.962,1.0,6820332
PSA59TQ,780305,2020-09-30 10:00:00-04:00,2020-10-01 10:00:00-04:00,2020-09-30 23:17:21.928000-04:00,2020-09-30 23:33:54.935000-04:00,2,,,,,,Treatment 2,614.929,78.537,7.0,6.0,1.0,,7.0,8.0,6.0,0.0,0.0,0.0,0.0,0.0,0.0,2.0,4.0,2.0,156.224,22.9435,1.0,6844011
PSA59TQ,780309,2020-09-30 10:00:00-04:00,2020-10-01 10:00:00-04:00,2020-10-02 15:02:10.439000-04:00,2020-10-02 15:16:39.004000-04:00,1,,,,,,Control 1,736.4,245.46,3.0,3.0,,,3.0,3.0,3.0,0.0,0.0,0.0,0.0,0.0,0.0,1.0,4.0,4.0,100.58,25.13925,1.0,7030040
PSA59TQ,780314,2020-09-30 10:00:00-04:00,2020-10-01 10:00:00-04:00,2020-09-30 17:25:45.678000-04:00,2020-09-30 17:35:38.048000-04:00,1,,,,,,Treatment 2,327.991,63.7722,5.0,4.0,1.0,,5.0,6.0,4.0,0.0,0.0,0.0,0.0,0.0,0.0,1.0,4.0,3.0,230.106,42.70725,1.0,6829805
PSA59TQ,780458,2020-09-30 10:00:00-04:00,2020-10-01 10:00:00-04:00,2020-09-30 10:50:45.390000-04:00,2020-09-30 10:55:18.115000-04:00,1,,,,,,Control 2,46.241,15.4103333333333,3.0,3.0,,,3.0,3.0,3.0,0.0,0.0,0.0,0.0,0.0,0.0,1.0,4.0,4.0,189.869,47.46425,1.0,6757341
PSA59TQ,780465,2020-09-30 10:00:00-04:00,2020-10-01 10:00:00-04:00,2020-10-01 10:14:22.173000-04:00,2020-10-01 10:35:22.980000-04:00,1,,,,,,Treatment 1,1138.408,181.519333333333,6.0,5.0,1.0,,6.0,7.0,5.0,0.0,0.0,0.0,0.0,0.0,0.0,1.0,4.0,4.0,87.037,21.75775,1.0,6865856
PSA59TQ,780466,2020-09-30 10:00:00-04:00,2020-10-01 10:00:00-04:00,2020-09-30 19:58:54.850000-04:00,2020-09-30 20:05:30.723000-04:00,1,,,,,,Treatment 2,282.926,21.8647,10.0,8.0,2.0,1.0,10.0,16.0,8.0,1.0,0.0,0.0,0.0,0.0,1.0,1.0,4.0,4.0,68.157,17.0335,1.0,6837396
PSA59TQ,780520,2020-09-30 10:00:00-04:00,2020-10-01 10:00:00-04:00,2020-09-30 15:47:39.246000-04:00,2020-09-30 17:22:26.071000-04:00,3,,,,,,Treatment 1,5530.419,1382.5905,4.0,4.0,,,4.0,4.0,3.0,0.0,0.0,0.0,0.0,0.0,0.0,3.0,4.0,4.0,121.608,30.39525,1.0,6820436
PSA59TQ,780714,2020-09-30 10:00:00-04:00,2020-10-01 10:00:00-04:00,2020-09-30 15:50:00.078000-04:00,2020-09-30 15:55:48.286000-04:00,1,,,,,,Control 1,211.675,26.0378333333333,6.0,5.0,1.0,1.0,6.0,8.0,6.0,1.0,0.0,0.0,0.0,0.0,0.0,1.0,4.0,4.0,103.045,25.75925,1.0,6820691
PSA59TQ,781138,2020-09-30 10:00:00-04:00,2020-10-01 10:00:00-04:00,2020-09-30 13:19:04.455000-04:00,2020-09-30 21:55:01.212000-04:00,2,,,,,,Control 1,30564.955,4334.03085714286,7.0,3.0,1.0,0.0,6.0,11.0,7.0,2.0,0.0,0.0,0.0,0.0,2.0,2.0,4.0,3.0,340.702,29.8835,1.0,6792062
PSA59TQ,781312,2020-09-30 10:00:00-04:00,2020-10-01 10:00:00-04:00,2020-09-30 18:15:31.933000-04:00,2020-09-30 18:19:52.914000-04:00,1,,,,,,Control 1,122.684,40.8893333333333,3.0,3.0,,,3.0,3.0,3.0,0.0,0.0,0.0,0.0,0.0,0.0,1.0,4.0,4.0,111.744,27.928,1.0,6832633
PSA59TQ,781493,2020-09-30 10:00:00-04:00,2020-10-01 10:00:00-04:00,2020-09-30 16:46:24.224000-04:00,2020-09-30 21:51:21.897000-04:00,2,,,,,,Treatment 2,18150.301,4537.56925,4.0,4.0,,,4.0,4.0,3.0,0.0,0.0,0.0,0.0,0.0,0.0,2.0,4.0,4.0,100.118,25.0255,1.0,6826769
PSA59TQ,781536,2020-09-30 10:00:00-04:00,2020-10-01 10:00:00-04:00,2020-09-30 16:47:55.278000-04:00,2020-09-30 17:46:01.153000-04:00,2,,,,,,Control 2,3116.503,260.5085,10.0,7.0,2.0,1.0,10.0,14.0,10.0,1.0,0.0,0.0,0.0,0.0,0.0,2.0,4.0,4.0,253.408,63.34725,1.0,6826913
PSA59TQ,781585,2020-10-15 10:40:34.353000-04:00,,2020-10-19 10:49:52.414000-04:00,2020-10-19 11:07:17.603000-04:00,1,,,,,,Treatment 3,695.705,85.1925,6.0,4.0,1.0,,6.0,8.0,5.0,0.0,0.0,0.0,0.0,0.0,0.0,1.0,4.0,3.0,208.635,43.233,1.0,8040475
PSA59TQ,781603,2021-02-15 06:43:00-05:00,2021-02-26 09:45:00-05:00,2021-02-15 08:52:51.306000-05:00,2021-02-15 08:59:52.814000-05:00,1,,,,,,Control 1,184.745,61.5736666666667,3.0,3.0,,,3.0,3.0,3.0,0.0,0.0,0.0,0.0,0.0,0.0,1.0,4.0,4.0,209.314,52.3225,1.0,13493103
PSA59TQ,781605,2021-02-15 06:43:00-05:00,2021-02-26 09:45:00-05:00,2021-02-15 08:11:18.213000-05:00,2021-02-15 08:16:01.004000-05:00,1,,,,,,Control 1,168.388,23.5328333333333,6.0,5.0,1.0,1.0,6.0,7.0,6.0,1.0,0.0,0.0,0.0,0.0,1.0,1.0,4.0,3.0,85.883,19.43925,1.0,13492736
PSA59TQ,781616,2021-02-15 06:43:00-05:00,2021-02-26 09:45:00-05:00,2021-02-15 16:52:05.166000-05:00,2021-02-15 16:59:41.605000-05:00,1,,,,,,Treatment 1,188.433,47.10125,4.0,4.0,,,4.0,4.0,3.0,0.0,0.0,0.0,0.0,0.0,0.0,1.0,4.0,4.0,228.991,57.24225,1.0,13500393
PSA59TQ,781622,2020-10-15 10:40:34.353000-04:00,,2020-10-19 11:00:52.578000-04:00,2020-10-19 11:09:13.606000-04:00,1,,,,,,Control 3,219.172,73.0506666666667,3.0,3.0,,,3.0,3.0,3.0,0.0,0.0,0.0,0.0,0.0,0.0,1.0,4.0,4.0,211.441,52.85475,1.0,8042451
PSA59TQ,781628,2021-02-15 06:43:00-05:00,2021-02-26 09:45:00-05:00,2021-02-15 11:56:30.434000-05:00,2021-02-15 12:08:01.147000-05:00,1,,,,,,Control 1,524.75,123.28575,4.0,3.0,1.0,,4.0,5.0,4.0,0.0,0.0,0.0,0.0,0.0,0.0,1.0,4.0,4.0,120.851,30.20575,1.0,13496384
PSA59TQ,781649,2020-10-15 10:40:34.353000-04:00,,2020-10-15 10:55:23.455000-04:00,2020-10-15 11:20:20.778000-04:00,1,,,,,,Control 3,548.244,88.76875,4.0,3.0,1.0,1.0,4.0,6.0,4.0,1.0,0.0,0.0,0.0,0.0,1.0,1.0,4.0,3.0,534.137,96.86175,1.0,7858811
PSA59TQ,781653,2021-02-15 06:43:00-05:00,2021-02-26 09:45:00-05:00,2021-02-15 08:59:56.915000-05:00,2021-02-15 09:06:34.109000-05:00,1,,,,,,Treatment 3,244.233,61.052,4.0,4.0,,,4.0,4.0,3.0,0.0,0.0,0.0,0.0,0.0,0.0,1.0,4.0,4.0,130.515,32.624,1.0,13493186
PSA59TQ,781894,2020-09-30 10:00:00-04:00,2020-10-01 10:00:00-04:00,2020-09-30 21:07:11.890000-04:00,,1,,,,,,Treatment 3,845.763,107.5344,6.0,3.0,2.0,,5.0,7.0,5.0,0.0,0.0,0.0,0.0,0.0,0.0,1.0,,,,,,6840261
PSA59TQ,781917,2020-09-30 10:00:00-04:00,2020-10-01 10:00:00-04:00,2020-09-30 18:09:04.729000-04:00,2020-09-30 18:18:20.539000-04:00,1,,,,,,Control 2,199.439,66.4716666666667,3.0,3.0,,,3.0,3.0,3.0,0.0,0.0,0.0,0.0,0.0,0.0,1.0,4.0,3.0,327.858,41.19225,1.0,6832316
PSA59TQ,782227,2021-03-25 08:00:00-04:00,,2021-03-25 09:49:56.614000-04:00,2021-03-25 09:52:52.620000-04:00,1,,,,,,Control 2,86.014,28.658,3.0,3.0,,,3.0,3.0,3.0,0.0,0.0,0.0,0.0,0.0,0.0,1.0,4.0,4.0,54.668,13.6595,1.0,15020663
PSA59TQ,782272,2020-09-30 10:00:00-04:00,2020-10-01 10:00:00-04:00,2020-09-30 20:02:43.996000-04:00,2020-09-30 20:08:50.840000-04:00,1,,,,,,Treatment 1,199.304,31.8976,5.0,4.0,1.0,,5.0,6.0,4.0,0.0,0.0,0.0,0.0,0.0,0.0,1.0,4.0,3.0,133.666,28.04875,1.0,6837569
PSA59TQ,782304,2020-09-28 11:05:44.397000-04:00,2020-10-02 11:07:00-04:00,2020-09-28 13:21:29.803000-04:00,2020-09-28 13:25:06.829000-04:00,1,,,,,,Treatment 2,62.128,15.5285,4.0,4.0,,,4.0,4.0,3.0,0.0,0.0,0.0,0.0,0.0,0.0,1.0,4.0,4.0,36.556,9.136,1.0,6549650
PSA59TQ,782312,2020-09-30 10:00:00-04:00,2020-10-01 10:00:00-04:00,2020-09-30 10:18:58.272000-04:00,2020-09-30 10:25:09.356000-04:00,1,,,,,,Control 3,180.48,37.92,4.0,3.0,1.0,,4.0,5.0,4.0,0.0,0.0,0.0,0.0,0.0,0.0,1.0,4.0,1.0,160.529,29.82075,1.0,6750393
PSA59TQ,782313,2020-09-30 10:00:00-04:00,2020-10-01 10:00:00-04:00,2020-09-30 15:57:17.416000-04:00,2020-09-30 17:22:23.776000-04:00,1,,,,,,Control 1,1091.279,122.94325,8.0,6.0,2.0,2.0,8.0,10.0,8.0,2.0,0.0,0.0,0.0,0.0,2.0,1.0,4.0,3.0,187.083,34.729,1.0,6821599
PSA59TQ,782314,2020-09-30 10:00:00-04:00,2020-10-01 10:00:00-04:00,2020-09-30 17:48:37.120000-04:00,2020-09-30 17:52:09.322000-04:00,1,,,,,,Control 3,115.7,21.0354,5.0,4.0,1.0,,5.0,6.0,5.0,0.0,0.0,0.0,0.0,0.0,0.0,1.0,4.0,3.0,73.386,17.28575,1.0,6831210
PSA59TQ,782318,2020-09-30 10:00:00-04:00,2020-10-01 10:00:00-04:00,2020-09-30 16:46:07.975000-04:00,2020-09-30 17:31:46.313000-04:00,2,,,,,,Treatment 1,2517.324,39.7298333333333,6.0,5.0,1.0,,6.0,7.0,5.0,0.0,0.0,0.0,0.0,0.0,0.0,2.0,4.0,3.0,190.732,36.01625,1.0,6826752
PSA59TQ,782320,2020-09-30 10:00:00-04:00,2020-10-01 10:00:00-04:00,2020-09-30 18:32:51.011000-04:00,2020-09-30 18:41:59.801000-04:00,1,,,,,,Treatment 3,303.056,75.75775,4.0,4.0,,,4.0,4.0,3.0,0.0,0.0,0.0,0.0,0.0,0.0,1.0,4.0,4.0,146.819,36.699,1.0,6833535
PSA59TQ,782351,2020-09-30 10:00:00-04:00,2020-10-01 10:00:00-04:00,2020-10-01 09:56:11.798000-04:00,2020-10-01 10:06:51.071000-04:00,1,,,,,,Treatment 3,472.947,58.3021428571429,7.0,6.0,1.0,,7.0,8.0,6.0,0.0,0.0,0.0,0.0,0.0,0.0,1.0,4.0,4.0,135.186,33.79475,1.0,6862041
PSA59TQ,782388,2020-09-30 10:00:00-04:00,2020-10-01 10:00:00-04:00,2020-09-30 16:31:51.416000-04:00,2020-09-30 17:32:42.797000-04:00,2,,,,,,Control 2,1246.958,91.7373333333333,9.0,6.0,3.0,1.0,9.0,12.0,9.0,1.0,0.0,0.0,0.0,0.0,1.0,1.0,4.0,3.0,1580.387,393.1705,1.0,6825432
PSA59TQ,782417,2020-09-30 10:00:00-04:00,2020-10-01 10:00:00-04:00,2020-09-30 12:02:56.762000-04:00,2020-09-30 12:11:52.501000-04:00,1,,,,,,Treatment 2,310.177,39.129,6.0,5.0,1.0,,6.0,7.0,5.0,0.0,0.0,0.0,0.0,0.0,0.0,1.0,4.0,4.0,111.853,27.957,1.0,6774655
PSA59TQ,782503,2020-09-30 10:00:00-04:00,2020-10-01 10:00:00-04:00,2020-09-30 11:41:12.675000-04:00,2020-09-30 11:50:04.853000-04:00,1,,,,,,Treatment 2,204.32,39.462,5.0,4.0,1.0,,5.0,6.0,4.0,0.0,0.0,0.0,0.0,0.0,0.0,1.0,4.0,2.0,301.198,51.015,1.0,6769425
PSA59TQ,782509,2020-09-30 10:00:00-04:00,2020-10-01 10:00:00-04:00,2020-09-30 16:48:12.062000-04:00,2020-09-30 16:52:24.555000-04:00,1,,,,,,Control 2,150.507,50.1663333333333,3.0,3.0,,,3.0,3.0,3.0,0.0,0.0,0.0,0.0,0.0,0.0,1.0,4.0,4.0,73.586,18.39425,1.0,6826946
PSA59TQ,782586,2021-02-09 13:50:00-05:00,2021-02-10 12:45:00-05:00,2021-02-09 14:41:40.484000-05:00,,1,,,,,,Control 2,180.485,77.641,2.0,0.0,0.0,,2.0,3.0,2.0,0.0,0.0,0.0,0.0,0.0,0.0,1.0,,,,,,13302964
PSA59TQ,782627,2021-02-09 13:50:00-05:00,2021-02-10 12:45:00-05:00,2021-02-09 14:10:30.189000-05:00,2021-02-09 14:34:27.798000-05:00,1,,,,,,Treatment 2,748.556,106.695166666667,6.0,5.0,1.0,1.0,6.0,7.0,5.0,1.0,0.0,0.0,0.0,0.0,1.0,1.0,4.0,3.0,595.185,72.43375,1.0,13297963
PSA59TQ,782660,2020-09-30 10:00:00-04:00,2020-10-01 10:00:00-04:00,2020-09-30 23:41:03.884000-04:00,2020-09-30 23:46:24.234000-04:00,2,,,,,,Control 2,167.356,30.303,5.0,4.0,1.0,,5.0,6.0,5.0,0.0,0.0,0.0,0.0,0.0,0.0,2.0,4.0,2.0,128.358,17.06575,1.0,6844455
PSA59TQ,782802,2021-03-25 08:00:00-04:00,,2021-03-25 11:19:21.140000-04:00,2021-03-25 11:26:11.306000-04:00,1,,,,,,Treatment 3,301.53,50.5374,5.0,4.0,1.0,1.0,5.0,6.0,4.0,1.0,0.0,0.0,0.0,0.0,1.0,1.0,4.0,3.0,78.475,15.7125,1.0,15028944
PSA59TQ,782849,2020-09-30 10:00:00-04:00,2020-10-01 10:00:00-04:00,2020-09-30 10:37:27.755000-04:00,2020-09-30 17:12:30.223000-04:00,2,,,,,,Control 1,958.874,319.621,3.0,3.0,,,3.0,3.0,3.0,0.0,0.0,0.0,0.0,0.0,0.0,1.0,4.0,3.0,22689.409,355.102,2.0,6754498
PSA59TQ,782950,2020-09-30 10:00:00-04:00,2020-10-01 10:00:00-04:00,2020-09-30 16:45:35.457000-04:00,2020-09-30 16:58:40.138000-04:00,1,,,,,,Treatment 1,164.299,41.07275,4.0,4.0,,,4.0,4.0,3.0,0.0,0.0,0.0,0.0,0.0,0.0,1.0,4.0,3.0,594.284,118.82925,1.0,6826689
PSA59TQ,782953,2020-09-30 10:00:00-04:00,2020-10-01 10:00:00-04:00,2020-09-30 17:59:43.947000-04:00,2020-10-06 20:13:00.593000-04:00,2,,,,,,Control 2,526175.224,72.9445714285714,7.0,4.0,1.0,,7.0,10.0,7.0,0.0,0.0,0.0,0.0,0.0,0.0,2.0,4.0,2.0,186.887,33.72925,1.0,6831839
PSA59TQ,783201,2020-09-30 10:00:00-04:00,2020-10-01 10:00:00-04:00,2020-09-30 17:49:52.346000-04:00,2020-09-30 17:53:40.316000-04:00,1,,,,,,Control 1,73.784,24.593,3.0,3.0,,,3.0,3.0,3.0,0.0,0.0,0.0,0.0,0.0,0.0,1.0,4.0,4.0,91.076,22.76775,1.0,6831281
PSA59TQ,783225,2020-09-30 10:00:00-04:00,2020-10-01 10:00:00-04:00,2020-09-30 10:33:29.655000-04:00,2020-09-30 10:46:56.818000-04:00,1,,,,,,Treatment 1,294.13,34.5243333333333,6.0,5.0,1.0,1.0,6.0,8.0,5.0,1.0,0.0,0.0,0.0,0.0,1.0,1.0,4.0,2.0,134.78,28.223,1.0,6753667
PSA59TQ,783240,2020-09-30 10:00:00-04:00,2020-10-01 10:00:00-04:00,2020-09-30 20:54:38.624000-04:00,,1,,,,,,Treatment 3,66.689,17.248,1.0,0.0,,,0.0,2.0,1.0,0.0,0.0,0.0,0.0,0.0,0.0,1.0,,,,,,6839761
PSA59TQ,783436,2020-09-30 10:00:00-04:00,2020-10-01 10:00:00-04:00,2020-09-30 20:43:16.880000-04:00,2020-09-30 21:03:25.306000-04:00,1,,,,,,Treatment 3,666.754,166.68025,4.0,4.0,,,4.0,4.0,3.0,0.0,0.0,0.0,0.0,0.0,0.0,1.0,4.0,2.0,432.995,69.2135,1.0,6839298
PSA59TQ,783932,2020-09-30 10:00:00-04:00,2020-10-01 10:00:00-04:00,2020-09-30 14:05:17.950000-04:00,2020-09-30 14:10:37.167000-04:00,1,,,,,,Control 3,157.754,52.5753333333333,3.0,3.0,,,3.0,3.0,3.0,0.0,0.0,0.0,0.0,0.0,0.0,1.0,4.0,3.0,123.268,28.322,1.0,6802399
PSA59TQ,784001,2020-09-30 10:00:00-04:00,2020-10-01 10:00:00-04:00,2020-09-30 14:09:35.144000-04:00,2020-09-30 14:16:08.508000-04:00,1,,,,,,Treatment 3,176.067,44.011,4.0,4.0,,,4.0,4.0,3.0,0.0,0.0,0.0,0.0,0.0,0.0,1.0,4.0,4.0,178.008,44.49775,1.0,6803577
PSA59TQ,784374,2021-03-25 08:00:00-04:00,,2021-03-25 08:47:00.342000-04:00,2021-03-25 08:49:59.530000-04:00,1,,,,,,Control 1,96.827,32.2716666666667,3.0,3.0,,,3.0,3.0,3.0,0.0,0.0,0.0,0.0,0.0,0.0,1.0,4.0,4.0,65.293,16.319,1.0,15016044
PSA59TQ,784815,2021-03-25 08:00:00-04:00,,2021-03-25 08:06:37.773000-04:00,2021-03-25 08:18:21.248000-04:00,1,,,,,,Control 3,434.122,44.8344285714286,7.0,5.0,1.0,0.0,7.0,12.0,7.0,1.0,0.0,0.0,0.0,0.0,1.0,1.0,4.0,4.0,118.898,29.718,1.0,15014601
PSA59TQ,785992,2020-09-30 10:00:00-04:00,2020-10-01 10:00:00-04:00,2020-09-30 14:02:23.662000-04:00,2020-09-30 14:11:40.800000-04:00,2,,,,,,Control 1,286.819,95.6026666666667,3.0,3.0,,,3.0,3.0,3.0,0.0,0.0,0.0,0.0,0.0,0.0,2.0,4.0,4.0,228.204,57.04825,1.0,6801705
PSA59TQ,786252,2020-09-30 10:00:00-04:00,2020-10-01 10:00:00-04:00,2020-10-01 15:01:38.359000-04:00,2020-10-01 15:07:28.705000-04:00,1,,,,,,Control 1,141.387,33.8655,4.0,3.0,1.0,,4.0,5.0,4.0,0.0,0.0,0.0,0.0,0.0,0.0,1.0,4.0,2.0,178.422,25.71125,1.0,6930219
PSA59TQ,786321,2020-09-28 11:05:44.397000-04:00,2020-10-02 11:07:00-04:00,2020-09-28 12:55:40.224000-04:00,2020-09-28 13:08:29.970000-04:00,3,,,,,,Control 3,403.178,39.720875,8.0,4.0,1.0,1.0,7.0,12.0,8.0,2.0,0.0,0.0,0.0,0.0,2.0,2.0,4.0,4.0,105.127,26.279,1.0,6543798
PSA59TQ,786430,2020-09-30 10:00:00-04:00,2020-10-01 10:00:00-04:00,2020-10-06 13:37:11.132000-04:00,,1,,,,,,Treatment 2,2937.685,238.795181818182,11.0,7.0,3.0,,11.0,18.0,9.0,1.0,0.0,0.0,0.0,0.0,0.0,1.0,,,,,,7238160
PSA59TQ,786434,2020-10-15 10:40:34.353000-04:00,,2020-10-15 10:44:45.654000-04:00,2020-10-15 10:55:26.070000-04:00,1,,,,,,Control 3,331.572,49.96675,4.0,3.0,1.0,,4.0,6.0,4.0,0.0,0.0,0.0,0.0,0.0,0.0,1.0,4.0,4.0,162.146,40.52975,1.0,7856773
PSA59TQ,787369,2021-04-26 12:03:41.928000-04:00,2021-04-26 23:59:00-04:00,2021-04-30 11:42:44.808000-04:00,,1,,,,,,Control 3,208.16,18.068,3.0,0.0,0.0,0.0,1.0,4.0,3.0,3.0,0.0,0.0,0.0,0.0,2.0,1.0,,,,,,16044272
PSA59TQ,787390,2020-09-30 10:00:00-04:00,2020-10-01 10:00:00-04:00,2020-09-30 14:05:14.394000-04:00,2020-09-30 18:38:58.696000-04:00,4,,,,,,Treatment 3,126.237,31.5545,4.0,4.0,,,4.0,4.0,3.0,0.0,0.0,0.0,0.0,0.0,0.0,1.0,4.0,3.0,16268.322,55.53825,2.0,6802374
PSA59TQ,787397,2021-08-23 11:01:00-04:00,2021-08-27 19:00:00-04:00,2021-08-23 17:26:15.426000-04:00,2021-08-23 23:22:58.570000-04:00,2,,,,,,Treatment 1,412.839,103.20675,4.0,4.0,,,4.0,4.0,3.0,0.0,0.0,0.0,0.0,0.0,0.0,1.0,4.0,2.0,20895.459,5123.99275,2.0,16877999
PSA59TQ,787405,2021-08-23 11:01:00-04:00,2021-08-27 19:00:00-04:00,2021-08-23 17:26:35.779000-04:00,2021-08-23 17:30:42.614000-04:00,1,,,,,,Treatment 2,84.515,21.12525,4.0,4.0,,,4.0,4.0,3.0,0.0,0.0,0.0,0.0,0.0,0.0,1.0,4.0,3.0,121.733,22.94575,1.0,16878002
PSA59TQ,787910,2020-09-30 10:00:00-04:00,2020-10-01 10:00:00-04:00,2020-10-01 14:16:56.700000-04:00,2020-10-01 14:21:18.683000-04:00,2,,,,,,Control 2,141.461,18.023,6.0,5.0,1.0,,6.0,7.0,6.0,0.0,0.0,0.0,0.0,0.0,0.0,1.0,4.0,4.0,81.232,20.306,1.0,6921437
PSA59TQ,788218,2021-04-26 12:03:41.928000-04:00,2021-04-26 23:59:00-04:00,2021-06-03 12:12:31.249000-04:00,2021-06-03 12:40:35.884000-04:00,1,,,,,,Control 1,1298.584,116.364,6.0,4.0,2.0,1.0,6.0,8.0,6.0,1.0,0.0,0.0,0.0,0.0,1.0,1.0,4.0,4.0,146.31,36.572,1.0,16697245
PSA59TQ,788232,2020-09-28 09:15:00-04:00,2020-10-01 00:59:00-04:00,2020-09-30 10:07:32.718000-04:00,2020-09-30 12:27:26.608000-04:00,2,,,,,,Control 3,211.634,70.529,3.0,3.0,,,3.0,3.0,3.0,0.0,0.0,0.0,0.0,0.0,0.0,1.0,4.0,4.0,168.828,42.181,1.0,6747862
PSA59TQ,788411,2020-10-20 08:24:49.741000-04:00,,2020-10-20 12:25:22.486000-04:00,,1,,,,,,Treatment 2,224.051,41.5672,5.0,4.0,1.0,1.0,5.0,6.0,4.0,1.0,0.0,0.0,0.0,0.0,1.0,1.0,3.0,1.0,187.987,87.3225,1.0,8162701
PSA59TQ,788900,2020-09-30 10:00:00-04:00,2020-10-01 10:00:00-04:00,2020-10-01 00:58:58.468000-04:00,2020-10-01 01:13:44.221000-04:00,1,,,,,,Treatment 3,687.948,38.6133636363636,11.0,9.0,2.0,1.0,11.0,16.0,9.0,1.0,0.0,0.0,0.0,0.0,1.0,1.0,4.0,4.0,144.032,36.00225,1.0,6845407
PSA59TQ,789591,2020-09-28 11:05:44.397000-04:00,2020-10-02 11:07:00-04:00,2020-10-01 08:39:15.413000-04:00,2020-10-01 08:48:37.624000-04:00,1,,,,,,Treatment 3,172.039,43.00275,4.0,4.0,,,4.0,4.0,3.0,0.0,0.0,0.0,0.0,0.0,0.0,1.0,4.0,4.0,329.667,82.4115,1.0,6849841
PSA59TQ,789752,2020-10-20 08:24:49.740000-04:00,,2020-10-20 13:05:30.680000-04:00,,2,,,,,,Treatment 1,514.988,50.7188888888889,9.0,7.0,2.0,2.0,9.0,11.0,7.0,2.0,0.0,0.0,0.0,0.0,2.0,1.0,3.0,1.0,86.809,30.015,1.0,8171204
PSA59TQ,789770,2020-10-20 08:24:49.740000-04:00,,2020-10-20 13:06:07.962000-04:00,2020-10-20 13:24:28.990000-04:00,1,,,,,,Treatment 1,645.079,39.2117,10.0,7.0,2.0,2.0,10.0,15.0,8.0,2.0,0.0,0.0,0.0,0.0,1.0,1.0,4.0,1.0,290.394,32.0605,1.0,8171335
PSA59TQ,789786,2020-10-20 08:24:49.740000-04:00,,2020-10-20 13:04:51.168000-04:00,2020-10-20 13:21:14.589000-04:00,1,,,,,,Control 2,557.252,75.6286666666667,6.0,5.0,1.0,,6.0,7.0,6.0,0.0,0.0,0.0,0.0,0.0,0.0,1.0,4.0,4.0,375.303,93.81825,1.0,8171077
PSA59TQ,790355,2020-09-28 11:05:44.397000-04:00,2020-10-02 11:07:00-04:00,2020-09-29 12:54:02.947000-04:00,2020-09-29 13:06:36.447000-04:00,1,,,,,,Control 2,473.32,69.1588,5.0,3.0,1.0,1.0,5.0,7.0,5.0,1.0,0.0,0.0,0.0,0.0,0.0,1.0,4.0,4.0,82.911,20.72475,1.0,6663941
PSA59TQ,790384,2021-02-15 06:43:00-05:00,2021-02-26 09:45:00-05:00,2021-02-15 14:17:18.798000-05:00,2021-02-15 14:26:37.189000-05:00,1,,,,,,Treatment 1,420.274,37.8985,10.0,8.0,2.0,2.0,10.0,12.0,8.0,2.0,0.0,0.0,0.0,0.0,2.0,1.0,4.0,4.0,112.266,28.06175,1.0,13498712
PSA59TQ,790387,2021-02-08 15:03:20.982000-05:00,2021-02-10 15:03:00-05:00,2021-02-09 14:24:32.063000-05:00,2021-02-11 21:38:58.054000-05:00,7,,,,,,Control 3,114873.885,51.7771666666667,12.0,7.0,4.0,2.0,12.0,17.0,12.0,2.0,0.0,0.0,0.0,0.0,2.0,2.0,4.0,4.0,51.87,12.962,1.0,13300214
PSA59TQ,790401,2021-02-09 13:50:00-05:00,2021-02-10 12:45:00-05:00,2021-02-09 14:09:07.614000-05:00,2021-02-09 14:46:45.648000-05:00,3,,,,,,Control 1,2127.215,188.0874,10.0,0.0,0.0,0.0,2.0,13.0,10.0,10.0,0.0,0.0,0.0,0.0,10.0,3.0,4.0,1.0,44.256,3.938,1.0,13297746
PSA59TQ,790626,2020-09-28 11:05:44.397000-04:00,2020-10-02 11:07:00-04:00,2020-10-02 02:24:22.039000-04:00,2020-10-02 02:27:42.753000-04:00,1,,,,,,Control 3,58.747,19.578,3.0,3.0,,,3.0,3.0,3.0,0.0,0.0,0.0,0.0,0.0,0.0,1.0,4.0,4.0,54.783,13.693,1.0,6961957
PSA59TQ,791066,2020-09-28 11:05:44.397000-04:00,2020-10-02 11:07:00-04:00,2020-09-29 12:54:00.654000-04:00,2020-09-29 13:06:50.129000-04:00,1,,,,,,Treatment 2,429.897,53.723,6.0,4.0,1.0,1.0,6.0,9.0,5.0,1.0,0.0,0.0,0.0,0.0,0.0,1.0,4.0,3.0,159.986,31.84775,1.0,6663936
PSA59TQ,791424,2020-10-20 08:24:49.739000-04:00,,2020-10-20 14:22:13.508000-04:00,,1,,,,,,Control 1,478.768,44.9955,7.0,4.0,2.0,2.0,5.0,8.0,7.0,2.0,0.0,0.0,0.0,0.0,2.0,1.0,,,,,,8188336
PSA59TQ,791795,2020-09-28 09:15:00-04:00,2020-10-01 00:59:00-04:00,2020-10-01 09:11:25.597000-04:00,2020-10-01 12:41:50.762000-04:00,1,,,,,,Control 3,12344.95,1066.70554545455,11.0,6.0,3.0,2.0,10.0,20.0,11.0,4.0,0.0,0.0,0.0,0.0,3.0,1.0,4.0,1.0,176.087,30.8045,1.0,6853937
PSA59TQ,795258,2021-08-23 11:01:00-04:00,2021-08-27 19:00:00-04:00,2021-08-23 16:37:45.890000-04:00,,5,,,,,,Treatment 1,948930.453,86257.3349090909,11.0,8.0,2.0,,11.0,15.0,9.0,0.0,0.0,0.0,0.0,0.0,0.0,2.0,3.0,2.0,58.006,29.0,1.0,16877432
PSA59TQ,795488,2020-11-16 08:50:00-05:00,2020-11-23 00:59:00-05:00,2020-11-16 14:29:10.172000-05:00,2020-11-16 14:33:59.401000-05:00,1,,,,,,Control 3,150.246,50.075,3.0,3.0,,,3.0,3.0,3.0,0.0,0.0,0.0,0.0,0.0,0.0,1.0,4.0,2.0,108.719,21.35275,1.0,9827763
PSA59TQ,795991,2020-09-30 10:00:00-04:00,2020-10-01 10:00:00-04:00,2020-09-30 14:47:42.944000-04:00,2020-09-30 18:06:04.427000-04:00,2,,,,,,Treatment 3,238.175,59.54175,4.0,4.0,,,4.0,4.0,3.0,0.0,0.0,0.0,0.0,0.0,0.0,1.0,4.0,2.0,11520.787,2858.03725,2.0,6811176
PSA59TQ,796558,2021-08-23 11:01:00-04:00,2021-08-27 19:00:00-04:00,2021-08-23 18:35:27.679000-04:00,,1,,,,,,Control 1,469.81,44.006,5.0,3.0,1.0,1.0,4.0,7.0,5.0,2.0,0.0,0.0,0.0,0.0,2.0,1.0,3.0,1.0,71.837,28.7965,1.0,16878541
PSA59TQ,796582,2020-09-30 10:00:00-04:00,2020-10-01 10:00:00-04:00,2020-09-30 16:24:56.532000-04:00,2020-09-30 16:31:41.004000-04:00,1,,,,,,Treatment 2,79.355,19.83225,4.0,4.0,,,4.0,4.0,3.0,0.0,0.0,0.0,0.0,0.0,0.0,1.0,4.0,2.0,294.491,43.61775,1.0,6824779
PSA59TQ,797946,2020-09-29 20:36:18.374000-04:00,,2020-09-30 14:48:53.691000-04:00,2020-09-30 15:18:16.347000-04:00,1,,,,,,Control 2,1564.654,521.547,3.0,3.0,,,3.0,3.0,3.0,0.0,0.0,0.0,0.0,0.0,0.0,1.0,4.0,4.0,158.687,39.667,1.0,6811365
PSA59TQ,800530,2020-09-28 11:05:44.397000-04:00,2020-10-02 11:07:00-04:00,2020-09-30 10:53:51.076000-04:00,2020-09-30 10:58:25.064000-04:00,1,,,,,,Control 3,63.148,21.0403333333333,3.0,3.0,,,3.0,3.0,3.0,0.0,0.0,0.0,0.0,0.0,0.0,1.0,4.0,4.0,102.903,25.71925,1.0,6758045
PSA59TQ,800682,2021-03-18 06:00:00-04:00,2021-03-19 14:47:00-04:00,2021-03-18 08:27:48.831000-04:00,2021-03-18 08:38:35.121000-04:00,1,,,,,,Treatment 1,303.922,75.9725,4.0,4.0,,,4.0,4.0,3.0,0.0,0.0,0.0,0.0,0.0,0.0,1.0,4.0,3.0,317.565,74.18875,1.0,14778936
PSA59TQ,801496,2020-10-01 09:19:06.559000-04:00,2020-10-09 09:20:00-04:00,2020-10-05 09:32:44.827000-04:00,,1,,,,,,Control 2,961.498,105.122666666667,3.0,0.0,0.0,,2.0,6.0,3.0,0.0,0.0,0.0,0.0,0.0,0.0,1.0,,,,,,7073029
PSA59TQ,801642,2020-09-30 10:00:00-04:00,2020-10-01 10:00:00-04:00,2020-10-01 15:57:17.300000-04:00,2020-10-01 16:13:24.504000-04:00,1,,,,,,Treatment 1,690.86,80.937,7.0,5.0,2.0,,7.0,9.0,6.0,0.0,0.0,0.0,0.0,0.0,0.0,1.0,4.0,1.0,130.348,14.37925,1.0,6938141
PSA59TQ,802755,2021-05-12 07:53:15.655000-04:00,2021-05-12 23:59:00-04:00,2021-05-12 12:47:58.075000-04:00,,1,,,,,,Not Assigned,,,,,,,,,,,,,,,,,,,,,,16347703
PSA59TQ,803827,2020-11-23 09:00:00-05:00,2020-11-24 15:58:00-05:00,2020-11-24 11:01:57.354000-05:00,2020-11-24 11:48:13.375000-05:00,1,,,,,,Treatment 1,2036.52,216.143571428571,7.0,5.0,1.0,1.0,7.0,13.0,6.0,1.0,0.0,0.0,0.0,0.0,0.0,1.0,4.0,2.0,552.21,135.659,1.0,10265959
PSA59TQ,804708,2020-09-28 11:05:44.397000-04:00,2020-10-02 11:07:00-04:00,2020-09-28 12:58:13.753000-04:00,2020-09-28 13:08:37.704000-04:00,2,,,,,,Treatment 3,292.395,73.09475,4.0,4.0,,,4.0,4.0,3.0,0.0,0.0,0.0,0.0,0.0,0.0,1.0,4.0,3.0,215.443,48.997,1.0,6544391
PSA59TQ,805132,2020-09-28 11:05:44.397000-04:00,2020-10-02 11:07:00-04:00,2020-09-30 09:49:42.375000-04:00,2020-09-30 09:59:44.527000-04:00,2,,,,,,Control 1,391.387,43.4906666666667,6.0,5.0,1.0,,6.0,8.0,6.0,0.0,0.0,0.0,0.0,0.0,0.0,1.0,4.0,4.0,69.427,17.35125,1.0,6743915
PSA59TQ,808870,2021-05-21 08:43:29.607000-04:00,2021-05-21 23:59:00-04:00,2021-05-21 17:01:50.994000-04:00,,1,,,,,,Not Assigned,,,,,,,,,,,,,,,,,,,,,,16563222
PSA59TQ,809821,2020-09-29 20:36:18.374000-04:00,,2020-09-30 11:17:34.786000-04:00,2020-09-30 11:45:32.753000-04:00,1,,,,,,Treatment 2,1309.334,46.1669285714286,14.0,4.0,3.0,3.0,10.0,21.0,11.0,10.0,0.0,0.0,0.0,0.0,10.0,1.0,4.0,4.0,291.25,72.80825,1.0,6763758
PSA59TQ,817187,2020-11-16 07:51:00-05:00,2020-11-16 14:45:00-05:00,2020-11-16 08:30:25.217000-05:00,2020-11-16 08:35:31.174000-05:00,1,,,,,,Treatment 3,139.616,34.8845,4.0,4.0,,,4.0,4.0,3.0,0.0,0.0,0.0,0.0,0.0,0.0,1.0,4.0,3.0,112.84,20.86225,1.0,9767468
PSA59TQ,824898,2020-12-15 10:42:20.118000-05:00,2020-12-15 12:44:00-05:00,2020-12-16 10:06:51.983000-05:00,2020-12-16 10:22:30.242000-05:00,2,,,,,,Control 1,741.554,50.6073333333333,9.0,6.0,2.0,2.0,9.0,12.0,9.0,3.0,0.0,0.0,0.0,0.0,3.0,2.0,4.0,4.0,154.455,38.60675,1.0,11334822
PSA59TQ,824928,2020-12-15 10:42:20.118000-05:00,2020-12-15 12:44:00-05:00,2020-12-15 10:43:57.261000-05:00,2020-12-15 10:50:37.784000-05:00,1,,,,,,Control 3,287.319,95.7646666666667,3.0,3.0,,,3.0,3.0,3.0,0.0,0.0,0.0,0.0,0.0,0.0,1.0,4.0,4.0,93.552,23.381,1.0,11266885
PSA59TQ,826302,2020-12-15 10:42:20.118000-05:00,2020-12-15 12:44:00-05:00,2020-12-15 10:43:28.681000-05:00,2020-12-15 10:53:17.079000-05:00,1,,,,,,Control 2,71.171,23.7153333333333,3.0,3.0,,,3.0,3.0,3.0,0.0,0.0,0.0,0.0,0.0,0.0,1.0,4.0,4.0,109.12,27.27325,1.0,11266813
PSA59TQ,826509,2021-04-26 12:03:27.692000-04:00,2021-04-26 23:59:00-04:00,2021-05-03 21:06:14.803000-04:00,2021-05-03 21:18:04.829000-04:00,1,,,,,,Control 1,552.367,9.6407,10.0,0.0,0.0,0.0,1.0,17.0,10.0,10.0,0.0,0.0,0.0,0.0,8.0,1.0,4.0,1.0,50.859,5.137,1.0,16106200
PSA59TQ,827942,2021-01-12 08:00:00-05:00,2021-01-12 09:15:00-05:00,2021-01-12 08:17:09.476000-05:00,2021-01-12 08:27:25.104000-05:00,1,,,,,,Control 3,329.263,109.745,3.0,3.0,,,3.0,3.0,3.0,0.0,0.0,0.0,0.0,0.0,0.0,1.0,4.0,4.0,123.328,30.828,1.0,11935544
PSA59TQ,833500,2020-10-05 09:46:00-04:00,2020-10-07 09:48:00-04:00,2020-10-05 10:14:05.585000-04:00,2020-10-05 10:20:00.364000-04:00,1,,,,,,Control 1,242.638,80.8723333333333,3.0,3.0,,,3.0,3.0,3.0,0.0,0.0,0.0,0.0,0.0,0.0,1.0,4.0,4.0,86.309,21.57075,1.0,7080684
PSA59TQ,833502,2020-10-05 09:46:00-04:00,2020-10-07 09:48:00-04:00,2020-10-05 10:14:04.840000-04:00,,1,,,,,,Control 1,766.287,365.0025,2.0,1.0,,,2.0,3.0,2.0,0.0,0.0,0.0,0.0,0.0,0.0,1.0,,,,,,7080681
PSA59TQ,833503,2020-10-05 09:46:00-04:00,2020-10-07 09:48:00-04:00,2020-10-05 10:14:07.212000-04:00,2020-10-05 10:34:01.026000-04:00,1,,,,,,Treatment 2,510.681,29.9308571428571,7.0,4.0,1.0,1.0,7.0,17.0,6.0,3.0,0.0,0.0,0.0,0.0,2.0,1.0,4.0,2.0,186.444,17.3885,1.0,7080691
PSA59TQ,833507,2020-10-05 09:46:00-04:00,2020-10-07 09:48:00-04:00,2020-10-05 10:14:16.740000-04:00,,1,,,,,,Treatment 3,1594.373,92.6495714285714,7.0,3.0,2.0,,7.0,12.0,6.0,0.0,0.0,0.0,0.0,0.0,0.0,1.0,,,,,,7080726
PSA59TQ,833511,2020-10-05 09:46:00-04:00,2020-10-07 09:48:00-04:00,2020-10-05 10:14:27.812000-04:00,2020-10-05 10:28:28.430000-04:00,1,,,,,,Treatment 3,222.309,55.57075,4.0,4.0,,,4.0,4.0,3.0,0.0,0.0,0.0,0.0,0.0,0.0,1.0,4.0,4.0,303.125,75.77375,1.0,7080759
PSA59TQ,833522,2020-10-05 09:46:00-04:00,2020-10-07 09:48:00-04:00,2020-10-05 10:14:39.001000-04:00,2020-10-05 10:33:49.147000-04:00,1,,,,,,Control 1,968.967,61.554,10.0,2.0,2.0,2.0,3.0,13.0,10.0,8.0,0.0,0.0,0.0,0.0,8.0,1.0,4.0,1.0,122.886,24.56175,1.0,7080799
PSA59TQ,833531,2020-10-05 09:46:00-04:00,2020-10-07 09:48:00-04:00,2020-10-05 10:14:45.599000-04:00,2020-10-05 10:29:54.229000-04:00,1,,,,,,Control 1,816.314,48.2795,12.0,6.0,2.0,2.0,11.0,20.0,12.0,5.0,0.0,0.0,0.0,0.0,5.0,1.0,4.0,1.0,48.757,6.1665,1.0,7080818
PSA59TQ,833536,2020-10-05 09:46:00-04:00,2020-10-07 09:48:00-04:00,2020-10-05 10:15:03.962000-04:00,2020-10-05 10:22:40.816000-04:00,1,,,,,,Control 3,207.112,69.033,3.0,3.0,,,3.0,3.0,3.0,0.0,0.0,0.0,0.0,0.0,0.0,1.0,4.0,4.0,196.442,49.10825,1.0,7080863
PSA59TQ,833559,2020-10-05 09:46:00-04:00,2020-10-07 09:48:00-04:00,2020-10-05 10:16:48.156000-04:00,2020-10-05 10:22:49.822000-04:00,1,,,,,,Control 2,208.588,22.1747142857143,7.0,5.0,1.0,1.0,6.0,10.0,7.0,2.0,0.0,0.0,0.0,0.0,2.0,1.0,4.0,3.0,109.946,25.75275,1.0,7081222
PSA59TQ,835007,2021-08-23 11:01:00-04:00,2021-08-27 19:00:00-04:00,2021-08-26 20:25:36.905000-04:00,2021-08-29 20:18:58.856000-04:00,2,,,,,,Control 2,993.819,137.097,6.0,5.0,1.0,,6.0,7.0,6.0,0.0,0.0,0.0,0.0,0.0,0.0,1.0,4.0,4.0,256576.144,64144.03075,2.0,16930474
PSA59TQ,835057,2020-11-18 08:59:00-05:00,2020-11-18 11:51:00-05:00,2020-11-18 12:16:31.935000-05:00,,1,,,,,,Treatment 2,109.152,27.27925,4.0,4.0,,,4.0,4.0,3.0,0.0,0.0,0.0,0.0,0.0,0.0,1.0,1.0,,,,1.0,9994759
PSA59TQ,835114,2020-11-18 08:59:00-05:00,2020-11-18 11:51:00-05:00,2020-11-18 12:23:01.867000-05:00,2021-01-26 14:51:55.892000-05:00,2,,,,,,Control 2,91.289,30.4263333333333,3.0,3.0,,,3.0,3.0,3.0,0.0,0.0,0.0,0.0,0.0,0.0,1.0,4.0,4.0,5970411.428,1492602.8515,2.0,9995746
PSA59TQ,835116,2020-11-18 08:59:00-05:00,2020-11-18 11:51:00-05:00,2020-11-18 12:19:31.149000-05:00,2020-11-18 12:23:22.387000-05:00,1,,,,,,Treatment 2,105.824,26.4515,4.0,4.0,,,4.0,4.0,3.0,0.0,0.0,0.0,0.0,0.0,0.0,1.0,4.0,4.0,88.108,22.02325,1.0,9995232
PSA59TQ,835122,2020-11-18 08:59:00-05:00,2020-11-18 11:51:00-05:00,2020-11-18 12:24:11.411000-05:00,2020-11-18 12:37:18.750000-05:00,1,,,,,,Treatment 1,635.874,158.954,4.0,4.0,,,4.0,4.0,3.0,0.0,0.0,0.0,0.0,0.0,0.0,1.0,4.0,4.0,128.681,32.15925,1.0,9995918
PSA59TQ,835127,2020-11-18 08:59:00-05:00,2020-11-18 11:51:00-05:00,2020-11-18 11:43:01.026000-05:00,2020-11-18 11:48:32.412000-05:00,1,,,,,,Control 3,70.736,23.5626666666667,3.0,3.0,,,3.0,3.0,3.0,0.0,0.0,0.0,0.0,0.0,0.0,1.0,4.0,4.0,104.339,26.07125,1.0,9988998
PSA59TQ,835211,2020-11-18 08:59:00-05:00,2020-11-18 11:51:00-05:00,2020-11-18 12:15:37.148000-05:00,2020-11-18 12:26:15.872000-05:00,1,,,,,,Control 1,530.902,45.879375,8.0,5.0,2.0,1.0,8.0,13.0,8.0,1.0,0.0,0.0,0.0,0.0,1.0,1.0,4.0,2.0,68.468,12.51925,1.0,9994581
PSA59TQ,835215,2020-11-18 08:59:00-05:00,2020-11-18 11:51:00-05:00,2020-11-18 12:24:12.185000-05:00,2020-11-18 13:10:28.966000-05:00,1,,,,,,Control 2,2537.495,845.804333333333,3.0,3.0,,,3.0,3.0,3.0,0.0,0.0,0.0,0.0,0.0,0.0,1.0,4.0,4.0,82.296,20.563,1.0,9995922
PSA59TQ,835238,2020-11-18 08:59:00-05:00,2020-11-18 11:51:00-05:00,2020-11-18 12:18:31.373000-05:00,2020-11-18 12:27:42.874000-05:00,1,,,,,,Treatment 1,276.352,69.07825,4.0,4.0,,,4.0,4.0,3.0,0.0,0.0,0.0,0.0,0.0,0.0,1.0,4.0,4.0,182.505,45.6155,1.0,9995093
PSA59TQ,835352,2020-11-18 08:59:00-05:00,2020-11-18 11:51:00-05:00,2020-11-18 12:19:59.894000-05:00,2020-11-18 12:25:15.731000-05:00,1,,,,,,Treatment 1,72.008,17.992,4.0,4.0,,,4.0,4.0,3.0,0.0,0.0,0.0,0.0,0.0,0.0,1.0,4.0,4.0,84.488,21.1155,1.0,9995308
PSA59TQ,838926,2021-05-21 08:43:29.607000-04:00,2021-05-21 23:59:00-04:00,2021-06-02 10:39:48.832000-04:00,2021-06-02 11:06:45.131000-04:00,1,,,,,,Control 3,1130.28,115.869125,8.0,6.0,2.0,,8.0,10.0,8.0,0.0,0.0,0.0,0.0,0.0,0.0,1.0,4.0,4.0,248.245,62.058,1.0,16682264
PSA59TQ,839214,2021-01-12 08:00:00-05:00,2021-01-12 09:15:00-05:00,2021-01-12 08:18:01.686000-05:00,2021-01-20 18:56:04.674000-05:00,3,,,,,,Control 3,173340.943,238.12875,12.0,6.0,3.0,0.0,12.0,20.0,12.0,2.0,0.0,0.0,0.0,0.0,2.0,2.0,4.0,2.0,555097.761,138756.1065,2.0,11935589
PSA59TQ,839358,2020-11-18 08:59:00-05:00,2020-11-18 11:51:00-05:00,2020-11-18 09:53:27.067000-05:00,,1,,,,,,Control 2,181.229,43.6406666666667,3.0,0.0,0.0,,3.0,8.0,3.0,1.0,0.0,0.0,0.0,0.0,0.0,1.0,,,,,,9969665
PSA59TQ,839359,2021-05-12 07:53:15.658000-04:00,2021-05-12 23:59:00-04:00,2021-06-11 19:34:26.608000-04:00,,1,,,,,,Treatment 2,131.264,32.81225,4.0,4.0,,,4.0,4.0,3.0,0.0,0.0,0.0,0.0,0.0,0.0,1.0,3.0,1.0,136.447,21.6153333333333,1.0,16751086
PSA59TQ,839383,2020-11-18 08:59:00-05:00,2020-11-18 11:51:00-05:00,2020-11-18 09:43:05.801000-05:00,2020-11-18 09:46:03.093000-05:00,1,,,,,,Treatment 2,81.951,20.484,4.0,4.0,,,4.0,4.0,3.0,0.0,0.0,0.0,0.0,0.0,0.0,1.0,4.0,4.0,64.766,16.189,1.0,9967990
PSA59TQ,839401,2020-11-18 08:59:00-05:00,2020-11-18 11:51:00-05:00,2020-11-18 09:57:43.660000-05:00,2020-11-18 10:09:13.025000-05:00,1,,,,,,Treatment 1,437.354,38.599,7.0,5.0,2.0,1.0,7.0,9.0,6.0,1.0,0.0,0.0,0.0,0.0,1.0,1.0,4.0,4.0,219.568,54.88675,1.0,9970377
PSA59TQ,839406,2020-11-18 08:59:00-05:00,2020-11-18 11:51:00-05:00,2020-11-18 09:51:16.830000-05:00,2020-11-18 09:56:47.735000-05:00,2,,,,,,Treatment 3,67.864,16.955,4.0,4.0,,,4.0,4.0,3.0,0.0,0.0,0.0,0.0,0.0,0.0,1.0,4.0,4.0,55.709,13.917,1.0,9969298
PSA59TQ,839408,2020-11-18 08:59:00-05:00,2020-11-18 11:51:00-05:00,2020-11-18 09:55:08.926000-05:00,,1,,,,,,Control 3,112.417,16.55,4.0,3.0,1.0,,4.0,6.0,4.0,0.0,0.0,0.0,0.0,0.0,0.0,1.0,4.0,2.0,68.128,10.44575,1.0,9969941
PSA59TQ,839462,2020-11-18 08:59:00-05:00,2020-11-18 11:51:00-05:00,2020-11-18 09:50:43.167000-05:00,2020-11-18 09:55:11.170000-05:00,1,,,,,,Control 3,105.777,35.2543333333333,3.0,3.0,,,3.0,3.0,3.0,0.0,0.0,0.0,0.0,0.0,0.0,1.0,4.0,4.0,139.915,34.97125,1.0,9969199
PSA59TQ,839469,2020-11-18 08:59:00-05:00,2020-11-18 11:51:00-05:00,2020-11-18 09:42:10.825000-05:00,2020-11-18 09:46:59.406000-05:00,1,,,,,,Control 1,215.366,23.8705,6.0,4.0,2.0,1.0,6.0,8.0,6.0,1.0,0.0,0.0,0.0,0.0,1.0,1.0,4.0,4.0,48.927,12.22375,1.0,9967856
PSA59TQ,839598,2020-11-18 08:59:00-05:00,2020-11-18 11:51:00-05:00,2020-11-19 16:25:25.875000-05:00,,1,,,,,,Control 1,329.71,55.731,3.0,0.0,0.0,,3.0,5.0,3.0,0.0,0.0,0.0,0.0,0.0,0.0,1.0,,,,,,10115597
PSA59TQ,839655,2020-10-05 09:46:00-04:00,2020-10-07 09:48:00-04:00,2020-10-06 10:15:30.120000-04:00,,3,,,,,,Treatment 3,420.66,105.8335,3.0,0.0,0.0,0.0,0.0,4.0,3.0,2.0,0.0,0.0,0.0,0.0,2.0,3.0,,,,,,7193444
PSA59TQ,842595,2020-12-30 15:04:21.879000-05:00,2021-01-31 15:06:00-05:00,2021-01-28 19:46:59.138000-05:00,2021-01-28 19:51:26.241000-05:00,1,,,,,,Treatment 3,153.289,38.31925,4.0,4.0,,,4.0,4.0,3.0,0.0,0.0,0.0,0.0,0.0,0.0,1.0,4.0,4.0,81.6,20.39775,1.0,12788169
PSA59TQ,845730,2020-11-18 08:59:00-05:00,2020-11-18 11:51:00-05:00,2020-11-18 12:20:03.878000-05:00,2020-11-18 12:46:07.153000-05:00,1,,,,,,Treatment 1,1323.565,55.519,7.0,6.0,1.0,1.0,6.0,8.0,6.0,1.0,0.0,0.0,0.0,0.0,1.0,1.0,4.0,4.0,183.141,45.7765,1.0,9995329
PSA59TQ,845841,2020-10-20 08:24:49.741000-04:00,,2020-10-20 12:03:20.516000-04:00,2020-10-20 12:39:53.801000-04:00,1,,,,,,Control 2,1494.523,177.8046,5.0,3.0,1.0,1.0,5.0,10.0,5.0,1.0,0.0,0.0,0.0,0.0,1.0,1.0,4.0,4.0,518.429,129.6015,1.0,8158067
PSA59TQ,846007,2020-10-20 08:24:49.741000-04:00,,2020-10-20 09:29:07.629000-04:00,2020-10-20 09:36:07.611000-04:00,1,,,,,,Control 1,306.301,29.4115,8.0,6.0,2.0,,8.0,10.0,8.0,0.0,0.0,0.0,0.0,0.0,0.0,1.0,4.0,4.0,53.955,13.48125,1.0,8126791
PSA59TQ,846026,2020-10-20 08:24:49.741000-04:00,,2020-10-20 12:28:55.949000-04:00,,1,,,,,,Control 2,273.182,82.4875,2.0,0.0,0.0,,2.0,4.0,2.0,0.0,0.0,0.0,0.0,0.0,0.0,1.0,,,,,,8163435
PSA59TQ,846029,2020-10-20 08:24:49.741000-04:00,,2020-10-20 09:11:37.779000-04:00,,3,,,,,,Control 3,11373.692,1061.1427,10.0,1.0,1.0,1.0,4.0,18.0,10.0,9.0,0.0,0.0,0.0,0.0,9.0,3.0,1.0,,,,1.0,8124450
PSA59TQ,846031,2020-10-20 08:24:49.741000-04:00,,2020-10-20 12:22:55.388000-04:00,2020-10-20 12:43:15.358000-04:00,2,,,,,,Treatment 2,723.948,104.407666666667,6.0,4.0,1.0,1.0,6.0,9.0,5.0,2.0,0.0,0.0,0.0,0.0,2.0,2.0,4.0,3.0,278.8,67.08025,1.0,8162177
PSA59TQ,846107,2020-11-18 08:59:00-05:00,2020-11-18 11:51:00-05:00,2020-11-18 12:17:53.120000-05:00,2020-11-18 12:24:56.249000-05:00,1,,,,,,Control 3,138.677,33.30725,4.0,3.0,1.0,,4.0,5.0,4.0,0.0,0.0,0.0,0.0,0.0,0.0,1.0,4.0,2.0,163.021,19.2345,1.0,9994991
PSA59TQ,846563,2020-10-20 08:24:49.740000-04:00,,2020-10-20 13:17:33.389000-04:00,2020-10-20 13:28:32.028000-04:00,1,,,,,,Treatment 2,414.53,103.60975,4.0,4.0,,,4.0,4.0,3.0,0.0,0.0,0.0,0.0,0.0,0.0,1.0,4.0,4.0,164.797,41.135,1.0,8173630
PSA59TQ,846628,2020-10-20 08:24:49.740000-04:00,,2020-10-20 12:51:50.759000-04:00,2020-10-20 12:59:10.191000-04:00,1,,,,,,Treatment 2,307.661,26.7595,6.0,5.0,1.0,1.0,6.0,9.0,5.0,1.0,0.0,0.0,0.0,0.0,1.0,1.0,4.0,4.0,65.181,16.29025,1.0,8168311
PSA59TQ,846664,2020-10-20 08:24:49.740000-04:00,,2020-10-20 13:08:22.913000-04:00,2020-10-20 13:18:28.261000-04:00,1,,,,,,Control 1,355.846,46.7,6.0,5.0,1.0,,6.0,8.0,6.0,0.0,0.0,0.0,0.0,0.0,0.0,1.0,4.0,4.0,97.506,24.353,1.0,8171795
PSA59TQ,847292,2020-10-20 08:24:49.740000-04:00,,2020-10-20 13:11:00.820000-04:00,2020-10-20 13:14:52.074000-04:00,1,,,,,,Treatment 2,111.684,27.91325,4.0,4.0,,,4.0,4.0,3.0,0.0,0.0,0.0,0.0,0.0,0.0,1.0,4.0,4.0,84.592,21.144,1.0,8172355
PSA59TQ,847465,2020-10-20 08:24:49.739000-04:00,,2020-10-20 14:56:10.294000-04:00,,2,,,,,,Control 2,348.955,116.312666666667,3.0,3.0,,,3.0,3.0,3.0,0.0,0.0,0.0,0.0,0.0,0.0,2.0,1.0,,,,1.0,8194740
PSA59TQ,847466,2020-10-20 08:24:49.739000-04:00,,2020-10-20 09:13:23.876000-04:00,,3,,,,,,Treatment 2,20746.715,3425.25116666667,6.0,5.0,1.0,1.0,6.0,8.0,5.0,1.0,0.0,0.0,0.0,0.0,1.0,2.0,2.0,1.0,14.647,14.645,1.0,8124693
PSA59TQ,847950,2021-02-12 11:06:13.466000-05:00,2021-02-20 00:59:00-05:00,2021-02-18 14:05:44.220000-05:00,2021-02-18 14:20:31.459000-05:00,1,,,,,,Treatment 1,636.329,59.7537142857143,7.0,6.0,1.0,1.0,6.0,8.0,6.0,1.0,0.0,0.0,0.0,0.0,0.0,1.0,4.0,4.0,197.908,49.47325,1.0,13630882
PSA59TQ,849459,2021-03-11 07:46:23.985000-05:00,2021-03-14 19:48:00-04:00,2021-03-11 19:56:20.682000-05:00,2021-03-11 19:58:35.268000-05:00,1,,,,,,Control 2,43.126,14.3716666666667,3.0,3.0,,,3.0,3.0,3.0,0.0,0.0,0.0,0.0,0.0,0.0,1.0,4.0,4.0,63.735,15.931,1.0,14574072
PSA59TQ,849998,2021-03-11 07:46:23.985000-05:00,2021-03-14 19:48:00-04:00,2021-03-13 11:40:37.190000-05:00,2021-03-13 11:45:26.227000-05:00,1,,,,,,Treatment 1,159.37,39.83925,4.0,4.0,,,4.0,4.0,3.0,0.0,0.0,0.0,0.0,0.0,0.0,1.0,4.0,4.0,113.639,28.4075,1.0,14617729
PSA59TQ,850765,2020-10-20 08:24:49.741000-04:00,,2020-10-20 12:19:16.489000-04:00,2020-10-20 12:28:03.347000-04:00,1,,,,,,Control 3,299.416,49.567,5.0,3.0,1.0,,5.0,7.0,5.0,0.0,0.0,0.0,0.0,0.0,0.0,1.0,4.0,2.0,164.928,34.08975,1.0,8161388
PSA59TQ,850771,2020-10-20 08:24:49.741000-04:00,,2020-10-20 12:17:03.007000-04:00,2020-10-20 12:32:05.666000-04:00,1,,,,,,Treatment 1,598.632,29.9824,10.0,8.0,2.0,2.0,10.0,18.0,8.0,2.0,0.0,0.0,0.0,0.0,2.0,1.0,4.0,4.0,82.489,20.614,1.0,8160921
PSA59TQ,850999,2020-10-20 08:24:49.740000-04:00,,2020-10-20 13:09:21.720000-04:00,2020-10-20 13:17:31.430000-04:00,1,,,,,,Control 1,204.279,30.2928,5.0,3.0,1.0,,5.0,8.0,5.0,0.0,0.0,0.0,0.0,0.0,0.0,1.0,4.0,4.0,195.768,48.93775,1.0,8172001
PSA59TQ,857135,2020-10-12 08:48:20.938000-04:00,2020-10-13 08:50:00-04:00,2020-10-12 10:44:47.126000-04:00,,1,,,,,,Control 2,296.284,11.4685,2.0,1.0,,,2.0,5.0,2.0,0.0,0.0,0.0,0.0,0.0,0.0,1.0,,,,,,7583920
PSA59TQ,862899,2020-10-12 08:48:20.938000-04:00,2020-10-13 08:50:00-04:00,2020-10-13 14:58:57.180000-04:00,2020-10-13 15:05:03.688000-04:00,1,,,,,,Control 1,172.563,57.5126666666667,3.0,3.0,,,3.0,3.0,3.0,0.0,0.0,0.0,0.0,0.0,0.0,1.0,4.0,3.0,148.43,26.43475,1.0,7712886
PSA59TQ,863776,2021-02-12 08:25:00-05:00,2021-02-12 14:49:00-05:00,2021-02-12 09:04:15.307000-05:00,2021-02-12 09:24:03.998000-05:00,1,,,,,,Control 3,993.849,331.274333333333,3.0,3.0,,,3.0,3.0,3.0,0.0,0.0,0.0,0.0,0.0,0.0,1.0,4.0,4.0,171.994,42.995,1.0,13455404
PSA59TQ,864059,2021-02-12 08:25:00-05:00,2021-02-12 14:49:00-05:00,2021-02-12 08:57:55.340000-05:00,2021-02-12 09:01:49.890000-05:00,1,,,,,,Treatment 2,101.436,25.35625,4.0,4.0,,,4.0,4.0,3.0,0.0,0.0,0.0,0.0,0.0,0.0,1.0,4.0,4.0,114.078,28.51675,1.0,13455036
PSA59TQ,864060,2021-02-12 08:25:00-05:00,2021-02-12 14:49:00-05:00,2021-02-12 20:37:45.457000-05:00,2021-02-12 20:53:48.194000-05:00,1,,,,,,Treatment 3,770.673,41.5726363636364,11.0,9.0,2.0,1.0,11.0,15.0,9.0,1.0,0.0,0.0,0.0,0.0,0.0,1.0,4.0,4.0,159.371,39.84025,1.0,13486399
PSA59TQ,864097,2021-02-12 08:25:00-05:00,2021-02-12 14:49:00-05:00,2021-02-12 09:14:34.764000-05:00,2021-02-12 09:20:34.648000-05:00,1,,,,,,Control 3,130.224,43.4053333333333,3.0,3.0,,,3.0,3.0,3.0,0.0,0.0,0.0,0.0,0.0,0.0,1.0,4.0,4.0,203.097,50.7715,1.0,13456012
PSA59TQ,864389,2021-02-12 08:25:00-05:00,2021-02-12 14:49:00-05:00,2021-02-16 15:30:43.198000-05:00,2021-02-16 15:49:29.539000-05:00,1,,,,,,Treatment 1,584.913,146.2255,4.0,4.0,,,4.0,4.0,3.0,0.0,0.0,0.0,0.0,0.0,0.0,1.0,4.0,3.0,355.777,61.358,1.0,13537905
PSA59TQ,864521,2021-02-12 08:25:00-05:00,2021-02-12 14:49:00-05:00,2021-02-12 10:07:10.295000-05:00,2021-02-12 10:11:29.095000-05:00,1,,,,,,Treatment 3,108.728,27.17875,4.0,4.0,,,4.0,4.0,3.0,0.0,0.0,0.0,0.0,0.0,0.0,1.0,4.0,4.0,104.73,26.18025,1.0,13459592
PSA59TQ,864531,2021-02-12 08:25:00-05:00,2021-02-12 14:49:00-05:00,2021-02-12 10:33:26.560000-05:00,2021-02-12 10:38:54.944000-05:00,1,,,,,,Control 3,222.902,31.062,6.0,5.0,1.0,,6.0,7.0,6.0,0.0,0.0,0.0,0.0,0.0,0.0,1.0,4.0,4.0,84.323,21.07625,1.0,13461488
PSA59TQ,864574,2021-02-12 08:25:00-05:00,2021-02-12 14:49:00-05:00,2021-02-12 10:27:20.798000-05:00,2021-02-12 10:30:55.810000-05:00,1,,,,,,Treatment 1,104.414,26.101,4.0,4.0,,,4.0,4.0,3.0,0.0,0.0,0.0,0.0,0.0,0.0,1.0,4.0,4.0,96.222,24.0525,1.0,13460938
PSA59TQ,864580,2021-02-12 08:25:00-05:00,2021-02-12 14:49:00-05:00,2021-02-12 14:47:41.506000-05:00,2021-02-12 14:50:55.384000-05:00,1,,,,,,Treatment 3,109.193,27.29525,4.0,4.0,,,4.0,4.0,3.0,0.0,0.0,0.0,0.0,0.0,0.0,1.0,4.0,4.0,63.06,15.7625,1.0,13480053
PSA59TQ,864982,2020-11-09 14:00:00-05:00,2020-11-09 15:01:00-05:00,2020-11-09 14:51:00.935000-05:00,2020-11-09 15:01:04.930000-05:00,1,,,,,,Control 2,54.333,18.1056666666667,3.0,3.0,,,3.0,3.0,3.0,0.0,0.0,0.0,0.0,0.0,0.0,1.0,4.0,4.0,102.882,25.71575,1.0,9412600
PSA59TQ,865200,2021-02-12 08:25:00-05:00,2021-02-12 14:49:00-05:00,2021-02-12 12:10:58.631000-05:00,2021-02-12 12:14:59.123000-05:00,1,,,,,,Treatment 1,143.513,35.8755,4.0,4.0,,,4.0,4.0,3.0,0.0,0.0,0.0,0.0,0.0,0.0,1.0,4.0,4.0,81.714,20.42625,1.0,13469209
PSA59TQ,865293,2021-02-12 08:25:00-05:00,2021-02-12 14:49:00-05:00,2021-02-15 11:24:00.855000-05:00,2021-02-15 11:36:28.379000-05:00,1,,,,,,Treatment 3,110.116,27.5255,4.0,4.0,,,4.0,4.0,3.0,0.0,0.0,0.0,0.0,0.0,0.0,1.0,4.0,4.0,139.579,34.89125,1.0,13495851
PSA59TQ,865340,2021-02-12 08:25:00-05:00,2021-02-12 14:49:00-05:00,2021-02-12 12:21:44.247000-05:00,2021-02-12 12:27:26.718000-05:00,1,,,,,,Treatment 3,110.98,27.74125,4.0,4.0,,,4.0,4.0,3.0,0.0,0.0,0.0,0.0,0.0,0.0,1.0,4.0,3.0,204.425,35.29825,1.0,13470048
PSA59TQ,865372,2021-02-12 08:25:00-05:00,2021-02-12 14:49:00-05:00,2021-02-12 12:49:33.556000-05:00,,1,,,,,,Control 2,91.05,30.3466666666667,3.0,3.0,,,3.0,3.0,3.0,0.0,0.0,0.0,0.0,0.0,0.0,1.0,3.0,2.0,78.872,26.289,1.0,13472196
PSA59TQ,865429,2020-11-09 11:29:42.286000-05:00,2020-11-13 11:31:00-05:00,2020-11-09 14:35:36.660000-05:00,2020-11-11 12:03:48.131000-05:00,5,,,,,,Control 3,75191.741,282.5355,12.0,8.0,3.0,1.0,12.0,18.0,12.0,2.0,0.0,0.0,0.0,0.0,2.0,3.0,4.0,3.0,88440.994,22057.9815,3.0,9410095
PSA59TQ,865779,2021-02-12 08:25:00-05:00,2021-02-12 14:49:00-05:00,2021-02-12 09:07:05.888000-05:00,2021-02-12 09:13:47.490000-05:00,1,,,,,,Control 1,211.144,70.377,3.0,3.0,,,3.0,3.0,3.0,0.0,0.0,0.0,0.0,0.0,0.0,1.0,4.0,4.0,164.766,41.18825,1.0,13455544
PSA59TQ,865781,2021-02-12 08:25:00-05:00,2021-02-12 14:49:00-05:00,2021-02-12 13:10:08.684000-05:00,,2,,,,,,Treatment 2,3480.395,695.0592,5.0,4.0,1.0,,5.0,6.0,4.0,0.0,0.0,0.0,0.0,0.0,0.0,2.0,1.0,,,,1.0,13473469
PSA59TQ,865825,2021-02-12 08:25:00-05:00,2021-02-12 14:49:00-05:00,2021-02-12 13:35:02.092000-05:00,2021-02-12 13:42:58.298000-05:00,1,,,,,,Control 2,308.882,30.4302,5.0,4.0,1.0,,5.0,8.0,5.0,0.0,0.0,0.0,0.0,0.0,0.0,1.0,4.0,2.0,142.061,29.42475,1.0,13475287
PSA59TQ,866811,2021-02-12 08:25:00-05:00,2021-02-12 14:49:00-05:00,2021-02-16 12:49:36.376000-05:00,2021-02-16 13:03:26.010000-05:00,1,,,,,,Treatment 3,209.433,52.3555,4.0,4.0,,,4.0,4.0,3.0,0.0,0.0,0.0,0.0,0.0,0.0,1.0,4.0,3.0,528.158,109.01075,1.0,13524012
PSA59TQ,866968,2021-02-08 15:03:20.982000-05:00,2021-02-10 15:03:00-05:00,2021-02-09 12:22:46.583000-05:00,2021-02-09 13:51:18.281000-05:00,2,,,,,,Treatment 3,332.2,83.0405,4.0,4.0,,,4.0,4.0,3.0,0.0,0.0,0.0,0.0,0.0,0.0,1.0,4.0,2.0,482.231,91.158,1.0,13281432
PSA59TQ,867008,2021-02-08 15:03:20.982000-05:00,2021-02-10 15:03:00-05:00,2021-02-09 13:52:07.473000-05:00,2021-02-09 14:03:49.259000-05:00,2,,,,,,Control 1,549.046,89.4293333333333,6.0,5.0,1.0,,6.0,7.0,6.0,0.0,0.0,0.0,0.0,0.0,0.0,2.0,4.0,4.0,38.593,9.6425,1.0,13294977
PSA59TQ,867019,2021-02-08 15:03:20.982000-05:00,2021-02-10 15:03:00-05:00,2021-02-09 13:43:04.824000-05:00,2021-02-09 14:57:37.097000-05:00,1,,,,,,Treatment 2,4294.692,18.7026666666667,6.0,5.0,1.0,,5.0,7.0,5.0,0.0,0.0,0.0,0.0,0.0,0.0,1.0,4.0,4.0,140.079,35.01325,1.0,13293550
PSA59TQ,867067,2021-02-08 15:03:20.982000-05:00,2021-02-10 15:03:00-05:00,2021-02-09 08:27:11.204000-05:00,2021-02-09 08:41:21.859000-05:00,1,,,,,,Treatment 1,715.425,60.3734444444445,9.0,7.0,2.0,,9.0,11.0,7.0,0.0,0.0,0.0,0.0,0.0,0.0,1.0,4.0,4.0,83.894,20.96775,1.0,13252421
PSA59TQ,867083,2021-02-12 08:25:00-05:00,2021-02-12 14:49:00-05:00,2021-02-12 12:44:28.367000-05:00,2021-02-12 12:49:16.438000-05:00,1,,,,,,Treatment 3,123.012,30.7505,4.0,4.0,,,4.0,4.0,3.0,0.0,0.0,0.0,0.0,0.0,0.0,1.0,4.0,4.0,137.153,34.28625,1.0,13471856
PSA59TQ,867170,2021-02-08 15:03:20.984000-05:00,2021-02-10 15:03:00-05:00,2021-02-09 18:58:35.949000-05:00,2021-02-10 18:40:26.192000-05:00,3,,,,,,Control 1,85127.614,32.3854444444444,9.0,6.0,2.0,,9.0,13.0,9.0,0.0,0.0,0.0,0.0,0.0,0.0,2.0,4.0,3.0,137.006,29.8615,1.0,13318682
PSA59TQ,867205,2021-02-28 22:30:58.268000-05:00,2021-03-01 15:30:00-05:00,2021-03-01 09:45:01.311000-05:00,2021-03-01 09:54:42.341000-05:00,1,,,,,,Control 3,441.284,147.089333333333,3.0,3.0,,,3.0,3.0,3.0,0.0,0.0,0.0,0.0,0.0,0.0,1.0,4.0,4.0,107.367,26.83525,1.0,14027485
PSA59TQ,867221,2021-02-08 15:03:20.982000-05:00,2021-02-10 15:03:00-05:00,2021-02-09 12:22:17.995000-05:00,2021-02-09 12:38:41.474000-05:00,2,,,,,,Treatment 2,811.335,38.3017692307692,13.0,7.0,4.0,4.0,10.0,17.0,10.0,6.0,0.0,0.0,0.0,0.0,6.0,2.0,4.0,1.0,103.242,10.362,1.0,13281382
PSA59TQ,867305,2021-02-08 15:03:20.984000-05:00,2021-02-10 15:03:00-05:00,2021-02-08 20:15:05.071000-05:00,2021-02-08 20:21:34.064000-05:00,1,,,,,,Control 3,104.127,34.7003333333333,3.0,3.0,,,3.0,3.0,3.0,0.0,0.0,0.0,0.0,0.0,0.0,1.0,4.0,4.0,244.123,61.02425,1.0,13246649
PSA59TQ,867308,2021-02-08 15:03:20.984000-05:00,2021-02-10 15:03:00-05:00,2021-02-19 09:57:52.412000-05:00,2021-02-19 10:03:33.082000-05:00,1,,,,,,Treatment 2,236.274,25.7468333333333,6.0,5.0,1.0,1.0,6.0,8.0,5.0,1.0,0.0,0.0,0.0,0.0,1.0,1.0,4.0,4.0,68.297,17.0635,1.0,13657312
PSA59TQ,867311,2021-02-08 15:03:20.984000-05:00,2021-02-10 15:03:00-05:00,2021-02-08 16:19:15.284000-05:00,2021-02-09 09:25:38.977000-05:00,2,,,,,,Treatment 2,61442.953,8771.42328571429,7.0,6.0,1.0,1.0,7.0,8.0,6.0,1.0,0.0,0.0,0.0,0.0,1.0,2.0,4.0,4.0,105.337,26.32425,1.0,13238832
PSA59TQ,867313,2021-02-08 15:03:20.984000-05:00,2021-02-10 15:03:00-05:00,2021-02-09 10:44:31.685000-05:00,2021-02-09 10:51:21.982000-05:00,1,,,,,,Control 2,251.636,34.2398,5.0,4.0,1.0,,5.0,6.0,5.0,0.0,0.0,0.0,0.0,0.0,0.0,1.0,4.0,3.0,134.108,30.5915,1.0,13267323
PSA59TQ,867314,2021-02-08 15:03:20.984000-05:00,2021-02-10 15:03:00-05:00,2021-02-08 15:17:54.184000-05:00,2021-02-08 15:23:51.860000-05:00,1,,,,,,Treatment 3,128.684,32.16275,4.0,4.0,,,4.0,4.0,3.0,0.0,0.0,0.0,0.0,0.0,0.0,1.0,4.0,3.0,201.208,40.4105,1.0,13234061
PSA59TQ,867315,2021-02-08 15:03:20.984000-05:00,2021-02-10 15:03:00-05:00,2021-02-10 08:28:19.491000-05:00,2021-02-10 08:40:21.488000-05:00,1,,,,,,Control 2,181.402,30.4142,5.0,4.0,1.0,1.0,5.0,6.0,5.0,1.0,0.0,0.0,0.0,0.0,1.0,1.0,4.0,3.0,76.121,15.944,1.0,13326553
PSA59TQ,867317,2021-02-08 15:03:20.984000-05:00,2021-02-10 15:03:00-05:00,2021-02-10 08:34:31.598000-05:00,,1,,,,,,Treatment 2,16.116,16.116,1.0,0.0,,,1.0,1.0,1.0,0.0,0.0,0.0,0.0,0.0,0.0,1.0,,,,,,13326851
PSA59TQ,867318,2021-02-08 15:03:20.984000-05:00,2021-02-10 15:03:00-05:00,2021-02-08 16:16:30.054000-05:00,2021-02-10 10:59:48.838000-05:00,3,,,,,,Treatment 2,70724.348,10092.2297142857,7.0,5.0,1.0,1.0,7.0,12.0,6.0,2.0,0.0,0.0,0.0,0.0,2.0,2.0,4.0,4.0,333.783,83.44275,1.0,13238670
PSA59TQ,867322,2021-02-08 15:03:20.984000-05:00,2021-02-10 15:03:00-05:00,2021-02-09 11:44:50.122000-05:00,,1,,,,,,Control 3,159.352,53.106,3.0,3.0,,,3.0,3.0,3.0,0.0,0.0,0.0,0.0,0.0,0.0,1.0,3.0,2.0,44.119,22.047,1.0,13275624
PSA59TQ,867323,2021-02-08 15:03:20.984000-05:00,2021-02-10 15:03:00-05:00,2021-02-09 10:21:13.838000-05:00,2021-02-09 10:24:08.166000-05:00,1,,,,,,Treatment 3,71.429,17.8505,4.0,4.0,,,4.0,4.0,3.0,0.0,0.0,0.0,0.0,0.0,0.0,1.0,4.0,4.0,77.43,19.35325,1.0,13264227
PSA59TQ,867325,2021-02-15 06:43:00-05:00,2021-02-26 09:45:00-05:00,2021-02-22 09:47:30.597000-05:00,2021-02-22 10:05:52.342000-05:00,1,,,,,,Control 1,886.332,70.4685555555556,9.0,7.0,2.0,1.0,9.0,12.0,9.0,1.0,0.0,0.0,0.0,0.0,0.0,1.0,4.0,2.0,162.417,32.41725,1.0,13707926
PSA59TQ,867326,2021-02-08 15:03:20.984000-05:00,2021-02-10 15:03:00-05:00,2021-02-12 10:29:59.918000-05:00,2021-02-12 10:37:15.469000-05:00,1,,,,,,Treatment 1,266.476,25.8025714285714,7.0,6.0,1.0,1.0,6.0,9.0,6.0,1.0,0.0,0.0,0.0,0.0,1.0,1.0,4.0,3.0,117.231,21.193,1.0,13461134
PSA59TQ,867327,2021-02-08 15:03:20.984000-05:00,2021-02-10 15:03:00-05:00,2021-02-09 14:35:20.456000-05:00,,1,,,,,,Control 1,24.651,6.016,2.0,0.0,,,0.0,1.0,2.0,1.0,0.0,0.0,0.0,0.0,1.0,1.0,,,,,,13302037
PSA59TQ,867328,2021-02-28 22:30:58.268000-05:00,2021-03-01 15:30:00-05:00,2021-03-01 08:51:48.711000-05:00,,1,,,,,,Treatment 2,551.831,25.01,3.0,1.0,1.0,1.0,2.0,4.0,3.0,1.0,0.0,0.0,0.0,0.0,1.0,1.0,,,,,,14022725
PSA59TQ,867329,2021-02-08 15:03:20.984000-05:00,2021-02-10 15:03:00-05:00,2021-02-08 17:51:40.852000-05:00,2021-02-08 18:01:23.648000-05:00,1,,,,,,Control 2,161.286,28.6068,5.0,4.0,1.0,,4.0,5.0,5.0,0.0,0.0,0.0,0.0,0.0,0.0,1.0,4.0,2.0,392.679,86.983,1.0,13242775
PSA59TQ,867332,2021-02-08 15:03:20.984000-05:00,2021-02-10 15:03:00-05:00,2021-02-10 06:40:45.452000-05:00,2021-02-10 06:53:34.142000-05:00,1,,,,,,Treatment 1,284.657,71.1565,4.0,4.0,,,4.0,4.0,3.0,0.0,0.0,0.0,0.0,0.0,0.0,1.0,4.0,3.0,322.261,66.6515,1.0,13324928
PSA59TQ,867334,2021-02-08 15:03:20.984000-05:00,2021-02-10 15:03:00-05:00,2021-02-10 16:14:05.209000-05:00,2021-02-11 10:37:17.516000-05:00,2,,,,,,Treatment 1,65948.071,7298.70144444445,9.0,6.0,2.0,1.0,8.0,14.0,7.0,2.0,0.0,0.0,0.0,0.0,2.0,2.0,4.0,4.0,179.516,44.87025,1.0,13377366
PSA59TQ,867335,2021-02-08 15:03:20.984000-05:00,2021-02-10 15:03:00-05:00,2021-02-09 10:53:00.511000-05:00,2021-02-09 11:24:08.725000-05:00,1,,,,,,Treatment 3,328.84,82.2025,4.0,4.0,,,4.0,4.0,3.0,0.0,0.0,0.0,0.0,0.0,0.0,1.0,4.0,3.0,283.304,61.88475,1.0,13268540
PSA59TQ,867336,2021-02-08 15:03:20.984000-05:00,2021-02-10 15:03:00-05:00,2021-02-09 10:08:23.287000-05:00,2021-02-09 10:11:43.863000-05:00,1,,,,,,Control 3,76.191,25.3953333333333,3.0,3.0,,,3.0,3.0,3.0,0.0,0.0,0.0,0.0,0.0,0.0,1.0,4.0,4.0,99.978,24.99275,1.0,13262499
PSA59TQ,867339,2021-02-08 15:03:20.984000-05:00,2021-02-10 15:03:00-05:00,2021-02-09 19:30:02.092000-05:00,2021-02-09 19:39:58.615000-05:00,2,,,,,,Control 1,417.418,68.2693333333333,6.0,5.0,1.0,,6.0,7.0,6.0,0.0,0.0,0.0,0.0,0.0,0.0,2.0,4.0,3.0,114.176,23.88725,1.0,13319476
PSA59TQ,867346,2021-02-28 22:30:58.268000-05:00,2021-03-01 15:30:00-05:00,2021-03-01 08:33:35.228000-05:00,2021-03-01 08:59:41.156000-05:00,1,,,,,,Control 3,652.784,217.587666666667,3.0,3.0,,,3.0,3.0,3.0,0.0,0.0,0.0,0.0,0.0,0.0,1.0,4.0,3.0,726.168,143.3945,1.0,14021720
PSA59TQ,867355,2021-02-08 15:03:20.984000-05:00,2021-02-10 15:03:00-05:00,2021-02-10 08:54:37.287000-05:00,,2,,,,,,Not Assigned,,,,,,,,,,,,,,,,,,,,,,13328106
PSA59TQ,867358,2021-02-15 06:43:00-05:00,2021-02-26 09:45:00-05:00,2021-06-10 13:49:09.009000-04:00,2021-06-10 14:07:54.205000-04:00,1,,,,,,Control 3,758.379,123.293166666667,6.0,5.0,1.0,,6.0,7.0,6.0,0.0,0.0,0.0,0.0,0.0,0.0,1.0,4.0,4.0,87.273,21.81125,1.0,16744769
PSA59TQ,867363,2021-02-08 15:03:20.984000-05:00,2021-02-10 15:03:00-05:00,2021-02-09 09:02:19.711000-05:00,2021-02-09 10:54:41.082000-05:00,1,,,,,,Control 3,5541.814,1847.256,3.0,3.0,,,3.0,3.0,3.0,0.0,0.0,0.0,0.0,0.0,0.0,1.0,4.0,3.0,577.736,137.7725,1.0,13254715
PSA59TQ,867419,2021-02-08 15:03:20.984000-05:00,2021-02-10 15:03:00-05:00,2021-02-09 10:14:41.986000-05:00,2021-02-09 12:58:34.221000-05:00,4,,,,,,Control 1,9610.525,152.269166666667,6.0,4.0,2.0,2.0,5.0,7.0,6.0,2.0,0.0,0.0,0.0,0.0,2.0,3.0,4.0,3.0,189.676,40.8625,1.0,13263403
PSA59TQ,867551,2021-02-08 15:03:20.984000-05:00,2021-02-10 15:03:00-05:00,2021-02-10 10:46:52.201000-05:00,2021-02-10 14:00:04.537000-05:00,2,,,,,,Control 3,10744.495,540.225333333333,6.0,4.0,2.0,2.0,6.0,8.0,6.0,2.0,0.0,0.0,0.0,0.0,2.0,2.0,4.0,4.0,582.003,145.4955,1.0,13341004
PSA59TQ,867718,2021-02-08 15:03:20.984000-05:00,2021-02-10 15:03:00-05:00,2021-02-09 09:02:04.491000-05:00,,2,,,,,,Treatment 1,6801.963,2247.54733333333,3.0,1.0,0.0,0.0,3.0,4.0,3.0,1.0,0.0,0.0,0.0,0.0,1.0,2.0,,,,,,13254681
PSA59TQ,867723,2021-02-08 15:03:20.984000-05:00,2021-02-10 15:03:00-05:00,2021-02-09 09:23:54.745000-05:00,,1,,,,,,Treatment 3,,,1.0,,,,,0.0,1.0,0.0,0.0,0.0,0.0,0.0,0.0,1.0,,,,,,13257124
PSA59TQ,867780,2021-02-12 08:25:00-05:00,2021-02-12 14:49:00-05:00,2021-02-12 14:47:34.853000-05:00,2021-02-12 15:21:47.261000-05:00,2,,,,,,Treatment 2,1010.076,195.1912,5.0,4.0,1.0,,5.0,6.0,4.0,0.0,0.0,0.0,0.0,0.0,0.0,1.0,4.0,4.0,117.212,29.30075,1.0,13480052
PSA59TQ,867820,2021-02-12 08:25:00-05:00,2021-02-12 14:49:00-05:00,2021-02-12 10:34:52.591000-05:00,2021-02-12 10:47:35.643000-05:00,1,,,,,,Control 1,481.08,59.9716666666667,6.0,5.0,1.0,,6.0,7.0,6.0,0.0,0.0,0.0,0.0,0.0,0.0,1.0,4.0,3.0,241.599,43.32875,1.0,13461605
PSA59TQ,868126,2020-11-09 11:29:42.286000-05:00,2020-11-13 11:31:00-05:00,2020-11-09 15:15:56.089000-05:00,2020-11-09 15:20:10.534000-05:00,1,,,,,,Treatment 3,82.639,20.6525,4.0,4.0,,,4.0,4.0,3.0,0.0,0.0,0.0,0.0,0.0,0.0,1.0,4.0,4.0,133.142,33.27875,1.0,9416356
PSA59TQ,868128,2020-11-09 11:29:42.286000-05:00,2020-11-13 11:31:00-05:00,2020-11-09 14:22:40.576000-05:00,2020-11-09 14:30:48.348000-05:00,1,,,,,,Treatment 2,154.599,38.642,4.0,4.0,,,4.0,4.0,3.0,0.0,0.0,0.0,0.0,0.0,0.0,1.0,4.0,3.0,293.756,31.846,1.0,9407863
PSA59TQ,868129,2020-11-09 11:29:42.286000-05:00,2020-11-13 11:31:00-05:00,2020-11-09 17:38:48.744000-05:00,2020-11-09 17:43:37.792000-05:00,1,,,,,,Control 3,111.93,37.306,3.0,3.0,,,3.0,3.0,3.0,0.0,0.0,0.0,0.0,0.0,0.0,1.0,4.0,4.0,143.001,35.74675,1.0,9428049
PSA59TQ,868131,2020-11-09 11:29:42.286000-05:00,2020-11-13 11:31:00-05:00,2020-11-09 14:34:20.424000-05:00,2020-11-09 14:39:32.012000-05:00,1,,,,,,Treatment 2,71.433,17.8495,4.0,4.0,,,4.0,4.0,3.0,0.0,0.0,0.0,0.0,0.0,0.0,1.0,4.0,3.0,207.299,38.902,1.0,9409899
PSA59TQ,868132,2020-11-09 11:29:42.286000-05:00,2020-11-13 11:31:00-05:00,2020-11-09 15:18:23.499000-05:00,2020-11-09 15:21:21.386000-05:00,1,,,,,,Treatment 2,62.161,15.53275,4.0,4.0,,,4.0,4.0,3.0,0.0,0.0,0.0,0.0,0.0,0.0,1.0,4.0,4.0,94.585,23.63975,1.0,9416622
PSA59TQ,868135,2020-11-09 11:29:42.286000-05:00,2020-11-13 11:31:00-05:00,2020-11-09 19:59:34.711000-05:00,2020-11-09 20:14:39.521000-05:00,1,,,,,,Control 3,643.62,63.008,8.0,6.0,2.0,,8.0,10.0,8.0,0.0,0.0,0.0,0.0,0.0,0.0,1.0,4.0,2.0,224.693,34.4355,1.0,9433903
PSA59TQ,868138,2020-11-09 11:29:42.286000-05:00,2020-11-13 11:31:00-05:00,2020-11-09 19:48:49.316000-05:00,2020-11-09 19:55:27.092000-05:00,1,,,,,,Treatment 2,191.452,47.86125,4.0,4.0,,,4.0,4.0,3.0,0.0,0.0,0.0,0.0,0.0,0.0,1.0,4.0,3.0,115.323,20.987,1.0,9433553
PSA59TQ,868139,2020-11-09 11:29:42.286000-05:00,2020-11-13 11:31:00-05:00,2020-11-09 15:11:50.791000-05:00,2020-11-09 15:17:07.618000-05:00,1,,,,,,Treatment 1,121.094,30.266,4.0,4.0,,,4.0,4.0,3.0,0.0,0.0,0.0,0.0,0.0,0.0,1.0,4.0,4.0,167.806,41.94525,1.0,9415845
PSA59TQ,868141,2020-11-09 11:29:42.286000-05:00,2020-11-13 11:31:00-05:00,2020-11-09 14:34:46.480000-05:00,2020-11-09 14:39:09.678000-05:00,1,,,,,,Treatment 2,128.187,32.0385,4.0,4.0,,,4.0,4.0,3.0,0.0,0.0,0.0,0.0,0.0,0.0,1.0,4.0,4.0,94.96,23.73225,1.0,9409970
PSA59TQ,868143,2020-11-09 11:29:42.286000-05:00,2020-11-13 11:31:00-05:00,2020-11-09 18:28:02.868000-05:00,2020-11-09 18:34:47.520000-05:00,1,,,,,,Control 3,121.586,40.525,3.0,3.0,,,3.0,3.0,3.0,0.0,0.0,0.0,0.0,0.0,0.0,1.0,4.0,3.0,228.058,31.9805,1.0,9430443
PSA59TQ,868145,2020-11-09 11:29:42.286000-05:00,2020-11-13 11:31:00-05:00,2020-11-09 22:51:50.214000-05:00,2020-11-09 22:59:28.328000-05:00,1,,,,,,Control 2,281.926,36.35,6.0,5.0,1.0,,6.0,7.0,6.0,0.0,0.0,0.0,0.0,0.0,0.0,1.0,4.0,4.0,128.764,32.1845,1.0,9438049
PSA59TQ,868148,2020-11-09 11:29:42.286000-05:00,2020-11-13 11:31:00-05:00,2020-11-09 18:24:27.376000-05:00,2020-11-09 19:22:56.883000-05:00,2,,,,,,Treatment 1,1530.244,382.55725,4.0,4.0,,,4.0,4.0,3.0,0.0,0.0,0.0,0.0,0.0,0.0,1.0,4.0,4.0,204.523,51.12825,1.0,9430256
PSA59TQ,868150,2020-11-09 11:29:42.286000-05:00,2020-11-13 11:31:00-05:00,2020-11-09 18:28:55.136000-05:00,2020-11-09 18:35:09.973000-05:00,1,,,,,,Treatment 3,136.045,34.00975,4.0,4.0,,,4.0,4.0,3.0,0.0,0.0,0.0,0.0,0.0,0.0,1.0,4.0,4.0,125.814,31.45175,1.0,9430496
PSA59TQ,868158,2020-11-09 11:29:42.286000-05:00,2020-11-13 11:31:00-05:00,2020-11-09 15:10:44.785000-05:00,2020-11-09 15:15:18.289000-05:00,1,,,,,,Control 3,88.273,29.417,3.0,3.0,,,3.0,3.0,3.0,0.0,0.0,0.0,0.0,0.0,0.0,1.0,4.0,4.0,146.43,36.601,1.0,9415691
PSA59TQ,868159,2020-11-09 11:29:42.286000-05:00,2020-11-13 11:31:00-05:00,2020-11-09 15:19:28.840000-05:00,,2,,,,,,Treatment 3,2474.363,618.5825,4.0,4.0,,,4.0,4.0,3.0,0.0,0.0,0.0,0.0,0.0,0.0,1.0,3.0,2.0,70076.671,35038.327,2.0,9416736
PSA59TQ,868228,2020-12-15 10:42:20.118000-05:00,2020-12-15 12:44:00-05:00,2020-12-16 10:42:16.343000-05:00,,1,,,,,,Not Assigned,,,,,,,,,,,,,,,,,,,,,,11339384
PSA59TQ,868230,2020-12-15 10:42:20.118000-05:00,2020-12-15 12:44:00-05:00,2020-12-15 10:43:31.835000-05:00,,1,,,,,,Control 1,1081.296,348.163666666667,3.0,0.0,0.0,0.0,2.0,4.0,3.0,2.0,0.0,0.0,0.0,0.0,2.0,1.0,,,,,,11266823
PSA59TQ,868235,2020-12-15 10:42:20.118000-05:00,2020-12-15 12:44:00-05:00,2020-12-15 10:44:47.910000-05:00,,1,,,,,,Not Assigned,,,,,,,,,,,,,,,,,,,,,,11266985
PSA59TQ,868263,2020-12-15 10:42:20.118000-05:00,2020-12-15 12:44:00-05:00,2020-12-15 10:57:45.170000-05:00,2020-12-16 11:02:45.909000-05:00,2,,,,,,Control 1,86571.523,70.844,8.0,6.0,2.0,1.0,8.0,13.0,8.0,1.0,0.0,0.0,0.0,0.0,1.0,2.0,4.0,4.0,84.353,21.08225,1.0,11268964
PSA59TQ,868279,2020-12-15 10:42:20.118000-05:00,2020-12-15 12:44:00-05:00,2020-12-15 10:58:16.783000-05:00,2020-12-15 11:16:18.089000-05:00,1,,,,,,Control 1,631.053,210.339666666667,3.0,3.0,,,3.0,3.0,3.0,0.0,0.0,0.0,0.0,0.0,0.0,1.0,4.0,3.0,366.236,67.98675,1.0,11269046
PSA59TQ,868283,2020-12-15 10:42:20.118000-05:00,2020-12-15 12:44:00-05:00,2020-12-15 12:05:30.585000-05:00,2020-12-15 12:30:26.507000-05:00,1,,,,,,Control 2,797.802,59.33,5.0,4.0,1.0,,5.0,8.0,5.0,0.0,0.0,0.0,0.0,0.0,0.0,1.0,4.0,1.0,648.914,74.018,1.0,11279550
PSA59TQ,868288,2021-02-08 15:03:20.982000-05:00,2021-02-10 15:03:00-05:00,2021-02-09 12:57:03.907000-05:00,2021-02-09 13:07:49.955000-05:00,1,,,,,,Control 2,494.71,46.0916666666667,9.0,6.0,3.0,1.0,9.0,12.0,9.0,1.0,0.0,0.0,0.0,0.0,1.0,1.0,4.0,3.0,102.33,22.56075,1.0,13286551
PSA59TQ,868561,2021-02-28 22:30:58.265000-05:00,2021-03-01 15:30:00-05:00,2021-03-03 13:38:16.811000-05:00,,6,,,,,,Control 1,523646.372,104673.311,6.0,1.0,1.0,1.0,4.0,13.0,6.0,4.0,0.0,0.0,0.0,0.0,4.0,2.0,,,,,,14191943
PSA59TQ,868576,2021-02-08 15:03:20.982000-05:00,2021-02-10 15:03:00-05:00,2021-02-15 10:06:19.101000-05:00,2021-02-15 10:17:19.221000-05:00,1,,,,,,Treatment 3,539.6,30.2639090909091,11.0,8.0,2.0,1.0,11.0,16.0,9.0,1.0,0.0,0.0,0.0,0.0,0.0,1.0,4.0,4.0,61.887,15.46575,1.0,13494346
PSA59TQ,868580,2021-02-08 15:03:20.982000-05:00,2021-02-10 15:03:00-05:00,2021-02-10 14:18:28.218000-05:00,2021-02-10 14:22:39.150000-05:00,1,,,,,,Control 1,154.601,22.9331666666667,6.0,5.0,1.0,1.0,6.0,7.0,6.0,1.0,0.0,0.0,0.0,0.0,1.0,1.0,4.0,4.0,71.953,17.98475,1.0,13367890
PSA59TQ,868591,2021-02-08 15:03:20.982000-05:00,2021-02-10 15:03:00-05:00,2021-02-09 11:19:40.706000-05:00,2021-02-09 11:29:03.411000-05:00,1,,,,,,Control 1,370.789,45.7495,6.0,5.0,1.0,1.0,5.0,7.0,6.0,1.0,0.0,0.0,0.0,0.0,1.0,1.0,4.0,3.0,151.799,35.0485,1.0,13272087
PSA59TQ,868596,2021-02-08 15:03:20.982000-05:00,2021-02-10 15:03:00-05:00,2021-02-18 09:14:27.425000-05:00,2021-02-18 09:17:29.587000-05:00,1,,,,,,Control 3,54.418,18.13,3.0,3.0,,,3.0,3.0,3.0,0.0,0.0,0.0,0.0,0.0,0.0,1.0,4.0,3.0,103.879,16.60775,1.0,13601675
PSA59TQ,868611,2021-02-08 15:03:20.982000-05:00,2021-02-10 15:03:00-05:00,2021-02-10 22:15:59.636000-05:00,2021-02-10 22:22:30.245000-05:00,1,,,,,,Treatment 1,209.471,52.365,4.0,4.0,,,4.0,4.0,3.0,0.0,0.0,0.0,0.0,0.0,0.0,1.0,4.0,4.0,124.263,31.06375,1.0,13386566
PSA59TQ,868619,2021-02-08 15:03:20.982000-05:00,2021-02-10 15:03:00-05:00,2021-02-09 12:32:16.459000-05:00,,1,,,,,,Not Assigned,,,,,,,,,,,,,,,,,,,,,,13282731
PSA59TQ,868623,2021-02-08 15:03:20.982000-05:00,2021-02-10 15:03:00-05:00,2021-02-08 18:04:19.168000-05:00,2021-02-09 19:58:57.686000-05:00,3,,,,,,Control 2,21290.261,53.4416,5.0,4.0,1.0,,5.0,6.0,5.0,0.0,0.0,0.0,0.0,0.0,0.0,2.0,4.0,4.0,144.74,36.1785,1.0,13243217
PSA59TQ,868625,2021-02-15 06:43:00-05:00,2021-02-26 09:45:00-05:00,2021-02-22 12:44:28.505000-05:00,,1,,,,,,Control 3,1565.544,366.25225,4.0,3.0,1.0,1.0,4.0,7.0,4.0,1.0,0.0,0.0,0.0,0.0,1.0,1.0,1.0,,,,1.0,13730319
PSA59TQ,868627,2021-02-08 15:03:20.982000-05:00,2021-02-10 15:03:00-05:00,2021-02-09 12:32:27.684000-05:00,2021-02-09 14:26:37.960000-05:00,2,,,,,,Control 2,6717.979,58.8788,5.0,4.0,1.0,1.0,5.0,7.0,5.0,1.0,0.0,0.0,0.0,0.0,1.0,2.0,4.0,4.0,104.851,26.20725,1.0,13282757
PSA59TQ,868628,2021-02-28 22:30:58.265000-05:00,2021-03-01 15:30:00-05:00,2021-03-02 12:49:03.188000-05:00,2021-03-02 14:19:06.601000-05:00,3,,,,,,Treatment 2,4537.8,206.941266666667,15.0,10.0,4.0,,15.0,22.0,12.0,0.0,0.0,0.0,0.0,0.0,0.0,2.0,4.0,4.0,417.286,104.3085,2.0,14120316
PSA59TQ,868632,2021-02-08 15:03:20.982000-05:00,2021-02-10 15:03:00-05:00,2021-02-08 21:22:58.373000-05:00,2021-02-09 19:11:47.004000-05:00,4,,,,,,Treatment 2,78155.343,74.455,6.0,4.0,1.0,1.0,6.0,8.0,5.0,1.0,0.0,0.0,0.0,0.0,1.0,2.0,4.0,2.0,321.387,56.06625,1.0,13247954
PSA59TQ,868635,2021-02-08 15:03:20.982000-05:00,2021-02-10 15:03:00-05:00,2021-02-10 18:00:02.689000-05:00,2021-02-10 18:19:38.783000-05:00,1,,,,,,Treatment 1,966.787,241.69125,4.0,4.0,,,4.0,4.0,3.0,0.0,0.0,0.0,0.0,0.0,0.0,1.0,4.0,4.0,97.519,24.37575,1.0,13381349
PSA59TQ,868639,2021-02-08 15:03:20.982000-05:00,2021-02-10 15:03:00-05:00,2021-02-11 19:31:11.501000-05:00,2021-02-11 19:49:23.989000-05:00,1,,,,,,Treatment 3,612.114,153.02175,4.0,4.0,,,4.0,4.0,3.0,0.0,0.0,0.0,0.0,0.0,0.0,1.0,4.0,3.0,454.009,109.4195,1.0,13448378
PSA59TQ,868641,2021-02-08 15:03:20.982000-05:00,2021-02-10 15:03:00-05:00,2021-02-09 11:44:08.639000-05:00,,2,,,,,,Treatment 2,89388.878,29771.2073333333,3.0,1.0,0.0,0.0,3.0,10.0,3.0,1.0,0.0,0.0,0.0,0.0,1.0,2.0,,,,,,13275510
PSA59TQ,868643,2021-02-08 15:03:20.982000-05:00,2021-02-10 15:03:00-05:00,2021-02-09 14:00:10.457000-05:00,2021-02-09 14:04:43.269000-05:00,1,,,,,,Treatment 3,87.431,21.84625,4.0,4.0,,,4.0,4.0,3.0,0.0,0.0,0.0,0.0,0.0,0.0,1.0,4.0,4.0,151.771,37.93175,1.0,13296253
PSA59TQ,868645,2021-02-08 15:03:20.982000-05:00,2021-02-10 15:03:00-05:00,2021-02-09 13:01:31.886000-05:00,2021-02-09 14:08:50.562000-05:00,3,,,,,,Treatment 2,2885.724,721.422,4.0,4.0,,,4.0,4.0,3.0,0.0,0.0,0.0,0.0,0.0,0.0,2.0,4.0,4.0,104.578,26.13725,1.0,13287235
PSA59TQ,868646,2021-02-08 15:03:20.982000-05:00,2021-02-10 15:03:00-05:00,2021-02-09 14:19:23.108000-05:00,2021-02-09 14:38:13.106000-05:00,1,,,,,,Control 1,984.138,141.728333333333,6.0,5.0,1.0,1.0,6.0,9.0,6.0,1.0,0.0,0.0,0.0,0.0,0.0,1.0,4.0,3.0,110.612,19.95125,1.0,13299389
PSA59TQ,868648,2021-02-08 15:03:20.982000-05:00,2021-02-10 15:03:00-05:00,2021-02-11 14:36:59.923000-05:00,2021-02-11 14:42:41.920000-05:00,1,,,,,,Treatment 3,169.155,42.284,4.0,4.0,,,4.0,4.0,3.0,0.0,0.0,0.0,0.0,0.0,0.0,1.0,4.0,4.0,96.586,24.14,1.0,13434571
PSA59TQ,868654,2021-02-08 15:03:20.982000-05:00,2021-02-10 15:03:00-05:00,2021-02-10 09:57:18.646000-05:00,,1,,,,,,Not Assigned,,,,,,,,,,,,,,,,,,,,,,13334559
PSA59TQ,868661,2021-02-08 15:03:20.982000-05:00,2021-02-10 15:03:00-05:00,2021-02-08 16:16:40.515000-05:00,2021-02-08 16:18:54.997000-05:00,1,,,,,,Treatment 2,47.655,11.9045,4.0,4.0,,,4.0,4.0,3.0,0.0,0.0,0.0,0.0,0.0,0.0,1.0,4.0,4.0,53.202,13.29425,1.0,13238682
PSA59TQ,868689,2021-02-08 15:03:20.982000-05:00,2021-02-10 15:03:00-05:00,2021-02-09 14:15:44.498000-05:00,2021-02-09 14:54:07.326000-05:00,1,,,,,,Treatment 2,239.094,59.76675,4.0,4.0,,,4.0,4.0,3.0,0.0,0.0,0.0,0.0,0.0,0.0,1.0,4.0,3.0,2020.568,498.59825,1.0,13298824
PSA59TQ,868734,2020-11-09 14:00:00-05:00,2020-11-09 15:01:00-05:00,2020-11-19 10:49:54.747000-05:00,2020-11-19 10:52:20.266000-05:00,1,,,,,,Treatment 2,39.707,9.92125,4.0,4.0,,,4.0,4.0,3.0,0.0,0.0,0.0,0.0,0.0,0.0,1.0,4.0,3.0,84.79,15.9285,1.0,10062501
PSA59TQ,868769,2021-02-08 15:03:20.982000-05:00,2021-02-10 15:03:00-05:00,2021-02-11 08:34:56.959000-05:00,2021-02-11 08:40:29.657000-05:00,1,,,,,,Control 3,195.317,65.098,3.0,3.0,,,3.0,3.0,3.0,0.0,0.0,0.0,0.0,0.0,0.0,1.0,4.0,4.0,102.547,25.631,1.0,13390613
PSA59TQ,868791,2020-11-09 14:00:00-05:00,2020-11-09 15:01:00-05:00,2020-11-09 16:31:26.773000-05:00,2020-11-09 16:36:32.027000-05:00,1,,,,,,Control 1,171.631,57.2046666666667,3.0,3.0,,,3.0,3.0,3.0,0.0,0.0,0.0,0.0,0.0,0.0,1.0,4.0,4.0,114.643,28.65575,1.0,9423905
PSA59TQ,868815,2020-11-09 14:00:00-05:00,2020-11-09 15:01:00-05:00,2020-11-10 08:37:10.826000-05:00,2020-11-10 08:41:17.787000-05:00,1,,,,,,Treatment 1,106.468,26.61225,4.0,4.0,,,4.0,4.0,3.0,0.0,0.0,0.0,0.0,0.0,0.0,1.0,4.0,2.0,114.389,16.626,1.0,9442903
PSA59TQ,868861,2020-11-09 14:00:00-05:00,2020-11-09 15:01:00-05:00,2020-11-09 14:05:03.823000-05:00,2020-11-09 14:09:48.406000-05:00,1,,,,,,Control 3,164.394,26.8715,6.0,5.0,1.0,,6.0,7.0,6.0,0.0,0.0,0.0,0.0,0.0,0.0,1.0,4.0,4.0,88.926,22.2255,1.0,9404441
PSA59TQ,868879,2020-11-09 14:00:00-05:00,2020-11-09 15:01:00-05:00,2020-11-09 14:33:37.404000-05:00,2020-11-09 14:38:56.797000-05:00,1,,,,,,Treatment 1,215.403,24.3335714285714,7.0,6.0,1.0,1.0,7.0,8.0,6.0,1.0,0.0,0.0,0.0,0.0,0.0,1.0,4.0,4.0,82.781,20.6915,1.0,9409794
PSA59TQ,868915,2020-11-09 14:00:00-05:00,2020-11-09 15:01:00-05:00,2020-11-09 14:19:33.934000-05:00,2020-11-09 14:30:01.319000-05:00,1,,,,,,Control 2,120.679,21.942,5.0,4.0,1.0,,5.0,6.0,5.0,0.0,0.0,0.0,0.0,0.0,0.0,1.0,4.0,4.0,100.921,25.22425,1.0,9407243
PSA59TQ,868931,2020-11-09 14:00:00-05:00,2020-11-09 15:01:00-05:00,2020-11-09 14:42:09.542000-05:00,2020-11-09 14:51:28.818000-05:00,1,,,,,,Treatment 3,304.545,52.3698,5.0,4.0,1.0,,5.0,6.0,4.0,0.0,0.0,0.0,0.0,0.0,0.0,1.0,4.0,3.0,201.551,41.6965,1.0,9411177
PSA59TQ,869155,2021-05-12 07:53:15.658000-04:00,2021-05-12 23:59:00-04:00,2021-05-13 10:53:37.710000-04:00,2021-05-13 10:58:06.259000-04:00,2,,,,,,Control 2,114.349,38.1113333333333,3.0,3.0,,,3.0,3.0,3.0,0.0,0.0,0.0,0.0,0.0,0.0,1.0,4.0,4.0,116.233,29.05275,2.0,16371794
PSA59TQ,869252,2020-11-09 14:00:00-05:00,2020-11-09 15:01:00-05:00,2020-11-09 15:27:19.546000-05:00,2020-11-09 15:30:15.910000-05:00,1,,,,,,Control 2,62.113,20.6976666666667,3.0,3.0,,,3.0,3.0,3.0,0.0,0.0,0.0,0.0,0.0,0.0,1.0,4.0,4.0,98.175,24.5325,1.0,9417698
PSA59TQ,869258,2020-11-09 14:00:00-05:00,2020-11-09 15:01:00-05:00,2020-11-09 18:13:05.133000-05:00,2020-11-09 18:30:10.187000-05:00,1,,,,,,Treatment 1,586.159,146.534,4.0,4.0,,,4.0,4.0,3.0,0.0,0.0,0.0,0.0,0.0,0.0,1.0,4.0,4.0,306.853,76.70825,1.0,9429699
PSA59TQ,869288,2020-11-09 14:00:00-05:00,2020-11-09 15:01:00-05:00,2020-11-10 08:15:00.556000-05:00,2020-11-10 08:17:59.389000-05:00,1,,,,,,Control 1,74.406,24.7996666666667,3.0,3.0,,,3.0,3.0,3.0,0.0,0.0,0.0,0.0,0.0,0.0,1.0,4.0,4.0,81.689,20.42,1.0,9441439
PSA59TQ,869475,2020-11-09 14:00:00-05:00,2020-11-09 15:01:00-05:00,2020-11-09 14:30:46.940000-05:00,2020-11-09 15:04:53.420000-05:00,1,,,,,,Control 2,1550.896,129.149,10.0,2.0,2.0,2.0,9.0,17.0,10.0,7.0,0.0,0.0,0.0,0.0,7.0,1.0,4.0,1.0,448.136,108.0975,1.0,9409346
PSA59TQ,869486,2021-02-08 15:03:20.982000-05:00,2021-02-10 15:03:00-05:00,2021-02-09 15:22:15.960000-05:00,2021-02-09 15:25:47.303000-05:00,1,,,,,,Control 2,120.753,12.507,5.0,4.0,1.0,,5.0,7.0,5.0,0.0,0.0,0.0,0.0,0.0,0.0,1.0,4.0,2.0,65.862,9.86175,1.0,13307766
PSA59TQ,869591,2021-02-12 08:25:00-05:00,2021-02-12 14:49:00-05:00,2021-02-25 18:48:53.594000-05:00,,1,,,,,,Control 1,20.083,4.627,2.0,0.0,,,0.0,1.0,2.0,1.0,0.0,0.0,0.0,0.0,1.0,1.0,,,,,,13958182
PSA59TQ,870088,2021-02-12 08:25:00-05:00,2021-02-12 14:49:00-05:00,2021-02-12 16:22:14.223000-05:00,2021-02-12 16:36:18.707000-05:00,1,,,,,,Control 3,513.751,78.6013333333333,6.0,4.0,1.0,,6.0,9.0,6.0,0.0,0.0,0.0,0.0,0.0,0.0,1.0,4.0,4.0,209.561,52.388,1.0,13483505
PSA59TQ,870147,2020-11-09 14:00:00-05:00,2020-11-09 15:01:00-05:00,2020-11-09 14:17:17.889000-05:00,2020-11-09 21:32:48.123000-05:00,4,,,,,,Control 2,25602.667,4217.67283333333,6.0,4.0,1.0,1.0,6.0,11.0,6.0,2.0,0.0,0.0,0.0,0.0,2.0,2.0,4.0,3.0,452.498,47.08225,2.0,9406777
PSA59TQ,870610,2021-02-08 15:03:20.984000-05:00,2021-02-10 15:03:00-05:00,2021-02-09 12:50:05.647000-05:00,2021-02-09 15:44:44.379000-05:00,2,,,,,,Control 3,154.672,51.5536666666667,3.0,3.0,,,3.0,3.0,3.0,0.0,0.0,0.0,0.0,0.0,0.0,1.0,4.0,1.0,341.861,61.325,1.0,13285416
PSA59TQ,870646,2021-02-12 08:25:00-05:00,2021-02-12 14:49:00-05:00,2021-02-12 09:29:38.457000-05:00,2021-02-12 09:34:58.365000-05:00,1,,,,,,Control 3,148.708,49.5666666666667,3.0,3.0,,,3.0,3.0,3.0,0.0,0.0,0.0,0.0,0.0,0.0,1.0,4.0,4.0,150.082,37.518,1.0,13456943
PSA59TQ,870650,2021-02-12 08:25:00-05:00,2021-02-12 14:49:00-05:00,2021-02-13 12:28:35.546000-05:00,2021-02-13 12:37:04.103000-05:00,1,,,,,,Treatment 3,360.564,24.4382727272727,11.0,7.0,2.0,1.0,11.0,17.0,9.0,1.0,0.0,0.0,0.0,0.0,1.0,1.0,4.0,4.0,110.107,27.52475,1.0,13488066
PSA59TQ,870961,2021-02-08 15:03:20.984000-05:00,2021-02-10 15:03:00-05:00,2021-02-08 15:28:25.214000-05:00,2021-02-08 15:42:56.682000-05:00,1,,,,,,Control 3,231.125,77.0353333333333,3.0,3.0,,,3.0,3.0,3.0,0.0,0.0,0.0,0.0,0.0,0.0,1.0,4.0,3.0,220.54,49.736,1.0,13234970
PSA59TQ,871061,2021-02-12 08:25:00-05:00,2021-02-12 14:49:00-05:00,2021-02-12 10:02:23.064000-05:00,2021-02-12 10:04:45.224000-05:00,1,,,,,,Treatment 2,61.67,15.4145,4.0,4.0,,,4.0,4.0,3.0,0.0,0.0,0.0,0.0,0.0,0.0,1.0,4.0,4.0,49.916,12.47675,1.0,13459237
PSA59TQ,871075,2021-02-12 08:25:00-05:00,2021-02-12 14:49:00-05:00,2021-02-23 20:55:06.832000-05:00,,1,,,,,,Not Assigned,,,,,,,,,,,,,,,,,,,,,,13834018
PSA59TQ,871920,2021-02-12 08:25:00-05:00,2021-02-12 14:49:00-05:00,2021-02-12 13:54:32.244000-05:00,2021-02-12 14:04:02.118000-05:00,2,,,,,,Treatment 1,320.13,38.1601428571429,7.0,6.0,1.0,,7.0,8.0,6.0,0.0,0.0,0.0,0.0,0.0,0.0,1.0,4.0,4.0,218.056,54.511,2.0,13476678
PSA59TQ,872712,2021-02-12 08:25:00-05:00,2021-02-12 14:49:00-05:00,2021-02-12 14:01:24.140000-05:00,2021-02-12 14:15:19.643000-05:00,1,,,,,,Control 1,316.254,105.415,3.0,3.0,,,3.0,3.0,3.0,0.0,0.0,0.0,0.0,0.0,0.0,1.0,4.0,3.0,338.716,70.716,1.0,13477104
PSA59TQ,872919,2021-02-12 08:25:00-05:00,2021-02-12 14:49:00-05:00,2021-02-13 00:32:02.496000-05:00,2021-02-13 00:39:39.979000-05:00,1,,,,,,Control 1,304.295,21.6583333333333,12.0,8.0,4.0,1.0,9.0,13.0,12.0,1.0,0.0,0.0,0.0,0.0,0.0,1.0,4.0,3.0,96.288,19.4985,1.0,13487325
PSA59TQ,873489,2020-12-06 10:46:27.532000-05:00,,2020-12-08 09:30:59.426000-05:00,,2,,,,,,Control 1,257865.218,42974.1616666667,6.0,5.0,1.0,,6.0,7.0,6.0,0.0,0.0,0.0,0.0,0.0,0.0,2.0,2.0,1.0,8.521,8.518,1.0,10859207
PSA59TQ,874697,2021-03-18 06:00:00-04:00,2021-03-19 14:47:00-04:00,2021-03-18 08:28:47.380000-04:00,,1,,,,,,Control 2,1416.436,160.074875,8.0,5.0,2.0,1.0,8.0,12.0,8.0,1.0,0.0,0.0,0.0,0.0,1.0,1.0,2.0,1.0,5.669,5.665,1.0,14778989
PSA59TQ,876265,2021-01-19 15:30:00-05:00,2021-01-22 18:07:00-05:00,2021-01-19 17:13:43.896000-05:00,2021-01-19 17:46:27.177000-05:00,1,,,,,,Treatment 1,1876.225,469.04875,4.0,4.0,,,4.0,4.0,3.0,0.0,0.0,0.0,0.0,0.0,0.0,1.0,4.0,4.0,54.762,13.68425,1.0,12290654
PSA59TQ,877232,2021-02-08 15:03:20.984000-05:00,2021-02-10 15:03:00-05:00,2021-02-10 20:02:23.581000-05:00,2021-02-10 20:19:00.701000-05:00,2,,,,,,Control 1,848.622,282.869,3.0,3.0,,,3.0,3.0,3.0,0.0,0.0,0.0,0.0,0.0,0.0,2.0,4.0,3.0,124.513,28.15875,1.0,13384300
PSA59TQ,877248,2021-02-08 15:03:20.984000-05:00,2021-02-10 15:03:00-05:00,2021-02-08 20:04:15.977000-05:00,,3,,,,,,Treatment 3,1824.224,44.924,2.0,0.0,,,1.0,3.0,2.0,1.0,0.0,0.0,0.0,0.0,1.0,1.0,,,,,,13246388
PSA59TQ,878525,2020-10-20 08:24:49.740000-04:00,,2020-10-20 13:09:58.796000-04:00,2020-10-20 13:14:25.480000-04:00,1,,,,,,Control 1,114.528,38.1636666666667,3.0,3.0,,,3.0,3.0,3.0,0.0,0.0,0.0,0.0,0.0,0.0,1.0,4.0,3.0,115.499,18.8195,1.0,8172150
PSA59TQ,878558,2021-01-19 15:30:00-05:00,2021-01-22 18:07:00-05:00,2021-01-19 17:18:43.453000-05:00,2021-01-19 17:27:01.256000-05:00,1,,,,,,Treatment 3,311.232,46.7174,5.0,4.0,1.0,,5.0,6.0,4.0,0.0,0.0,0.0,0.0,0.0,0.0,1.0,4.0,3.0,141.302,32.885,1.0,12290877
PSA59TQ,879049,2021-01-19 15:30:00-05:00,2021-01-22 18:07:00-05:00,2021-01-19 17:14:37.223000-05:00,2021-01-19 17:41:21.013000-05:00,1,,,,,,Control 1,1325.825,110.211875,8.0,4.0,1.0,,8.0,15.0,8.0,0.0,0.0,0.0,0.0,0.0,0.0,1.0,4.0,3.0,183.193,32.9545,1.0,12290697
PSA59TQ,879750,2021-01-19 15:30:00-05:00,2021-01-22 18:07:00-05:00,2021-01-21 18:00:41.863000-05:00,2021-01-21 18:05:13.742000-05:00,1,,,,,,Control 2,118.726,39.5646666666667,3.0,3.0,,,3.0,3.0,3.0,0.0,0.0,0.0,0.0,0.0,0.0,1.0,4.0,4.0,90.432,22.599,1.0,12434340
PSA59TQ,883578,2020-10-26 01:13:36.619000-04:00,,2020-10-26 10:23:43.648000-04:00,2020-10-26 10:37:49.273000-04:00,2,,,,,,Control 3,303.485,101.154333333333,3.0,3.0,,,3.0,3.0,3.0,0.0,0.0,0.0,0.0,0.0,0.0,1.0,4.0,3.0,455.358,59.2785,1.0,8515288
PSA59TQ,883638,2020-10-26 01:13:36.619000-04:00,,2020-10-26 10:26:50.201000-04:00,,1,,,,,,Treatment 1,283.466,141.731,3.0,2.0,,,2.0,2.0,3.0,0.0,0.0,0.0,0.0,0.0,0.0,1.0,,,,,,8515821
PSA59TQ,883642,2020-10-26 01:13:36.619000-04:00,,2020-10-26 10:24:02.778000-04:00,2020-11-04 15:31:19.069000-05:00,2,,,,,,Control 2,799372.05,64.9633333333333,6.0,3.0,1.0,1.0,6.0,13.0,6.0,2.0,0.0,0.0,0.0,0.0,0.0,2.0,4.0,3.0,92.478,21.46,1.0,8515343
PSA59TQ,883646,2020-10-26 01:13:36.619000-04:00,,2020-11-07 17:40:05.629000-05:00,2020-11-07 17:45:09.571000-05:00,1,,,,,,Control 3,61.19,20.3906666666667,3.0,3.0,,,3.0,3.0,3.0,0.0,0.0,0.0,0.0,0.0,0.0,1.0,4.0,3.0,163.941,37.8085,1.0,9335684
PSA59TQ,885762,2021-02-08 15:03:20.984000-05:00,2021-02-10 15:03:00-05:00,2021-02-09 13:54:14.634000-05:00,2021-02-09 14:02:58.051000-05:00,1,,,,,,Treatment 3,278.272,41.6558333333333,6.0,5.0,1.0,,6.0,7.0,5.0,0.0,0.0,0.0,0.0,0.0,0.0,1.0,4.0,3.0,202.872,27.063,1.0,13295316
PSA59TQ,886554,2020-10-26 01:13:36.619000-04:00,,2020-10-26 10:28:50.177000-04:00,,1,,,,,,Treatment 3,250.528,62.628,4.0,4.0,,,4.0,4.0,3.0,0.0,0.0,0.0,0.0,0.0,0.0,1.0,3.0,2.0,73.287,36.6405,1.0,8516141
PSA59TQ,886581,2020-10-26 01:13:36.619000-04:00,,2020-10-26 10:30:00.736000-04:00,2020-10-26 10:33:51.274000-04:00,1,,,,,,Treatment 3,88.316,22.0735,4.0,4.0,,,4.0,4.0,3.0,0.0,0.0,0.0,0.0,0.0,0.0,1.0,4.0,4.0,92.606,23.14675,1.0,8516372
PSA59TQ,887351,2020-12-06 10:46:27.532000-05:00,,2020-12-07 12:26:18.362000-05:00,,1,,,,,,Not Assigned,,,,,,,,,,,,,,,,,,,,,,10800934
PSA59TQ,888497,2021-01-19 15:30:00-05:00,2021-01-22 18:07:00-05:00,2021-01-20 13:06:49.550000-05:00,2021-01-20 13:17:12.079000-05:00,1,,,,,,Treatment 3,300.629,45.5132,5.0,4.0,1.0,,5.0,6.0,4.0,0.0,0.0,0.0,0.0,0.0,0.0,1.0,4.0,2.0,269.99,42.8185,1.0,12333766
PSA59TQ,889163,2020-10-26 10:40:49.321000-04:00,2020-10-26 15:44:00-04:00,2020-10-26 10:52:57.202000-04:00,2020-10-26 10:55:58.031000-04:00,1,,,,,,Control 1,74.809,24.9316666666667,3.0,3.0,,,3.0,3.0,3.0,0.0,0.0,0.0,0.0,0.0,0.0,1.0,4.0,3.0,85.582,15.044,1.0,8520729
PSA59TQ,889536,2020-09-14 10:28:24.129000-04:00,,2020-11-17 09:13:50.048000-05:00,,1,,,,,,Not Assigned,,,,,,,,,,,,,,,,,,,,,,9864852
PSA59TQ,891208,2021-01-19 15:30:00-05:00,2021-01-22 18:07:00-05:00,2021-01-19 17:14:49.557000-05:00,2021-01-19 17:21:48.143000-05:00,1,,,,,,Control 2,63.95,21.309,3.0,3.0,,,3.0,3.0,3.0,0.0,0.0,0.0,0.0,0.0,0.0,1.0,4.0,4.0,279.336,69.82325,1.0,12290704
PSA59TQ,892482,2020-11-09 14:00:00-05:00,2020-11-09 15:01:00-05:00,2020-11-17 18:15:02.678000-05:00,,1,,,,,,Not Assigned,,,,,,,,,,,,,,,,,,,,,,9947790
PSA59TQ,893241,2021-02-09 13:50:00-05:00,2021-02-10 12:45:00-05:00,2021-02-09 14:09:08.817000-05:00,,1,,,,,,Control 1,1125.061,98.2636666666667,6.0,2.0,0.0,0.0,6.0,19.0,6.0,2.0,0.0,0.0,0.0,0.0,2.0,1.0,,,,,,13297748
PSA59TQ,894603,2020-09-14 10:28:24.129000-04:00,,2020-10-28 11:32:32.655000-04:00,,2,,,,,,Control 1,1280.916,76.3247777777778,10.0,3.0,1.0,1.0,9.0,19.0,10.0,5.0,0.0,0.0,0.0,0.0,3.0,2.0,,,,,,8727395
PSA59TQ,896465,2020-11-20 08:26:02.118000-05:00,,2020-11-20 11:21:27.205000-05:00,2020-11-20 11:36:15.692000-05:00,1,,,,,,Control 3,296.404,56.4958,5.0,4.0,1.0,,5.0,6.0,5.0,0.0,0.0,0.0,0.0,0.0,0.0,1.0,4.0,4.0,542.478,135.6145,1.0,10151351
PSA59TQ,896470,2020-11-20 08:26:02.118000-05:00,,2020-11-20 10:55:09.830000-05:00,2020-11-20 11:29:54.598000-05:00,1,,,,,,Control 1,1326.331,46.028,9.0,6.0,3.0,1.0,9.0,18.0,9.0,1.0,0.0,0.0,0.0,0.0,0.0,1.0,4.0,1.0,689.267,53.888,1.0,10147808
PSA59TQ,896474,2020-11-20 08:26:02.118000-05:00,,2020-11-20 10:59:46.989000-05:00,2020-11-20 11:13:02.748000-05:00,1,,,,,,Control 2,687.349,53.148,7.0,5.0,1.0,1.0,7.0,15.0,7.0,2.0,0.0,0.0,0.0,0.0,2.0,1.0,4.0,2.0,77.597,14.514,1.0,10148480
PSA59TQ,896490,2020-11-20 08:26:02.118000-05:00,,2020-11-20 11:39:15.886000-05:00,2020-12-01 11:45:30.830000-05:00,4,,,,,,Control 3,950556.859,53.52025,4.0,3.0,1.0,,4.0,5.0,4.0,0.0,0.0,0.0,0.0,0.0,0.0,2.0,4.0,4.0,183.251,45.807,1.0,10153757
PSA59TQ,896492,2020-11-20 08:26:02.118000-05:00,,2020-11-20 10:57:46.211000-05:00,2020-11-20 11:25:29.783000-05:00,1,,,,,,Control 1,1063.473,69.7235714285714,7.0,4.0,1.0,0.0,7.0,13.0,7.0,1.0,0.0,0.0,0.0,0.0,1.0,1.0,4.0,3.0,281.242,63.16775,1.0,10148206
PSA59TQ,896494,2020-11-20 08:26:02.118000-05:00,,2020-11-20 10:55:24.012000-05:00,2020-11-20 11:03:56.765000-05:00,1,,,,,,Treatment 1,350.582,47.7671428571429,7.0,6.0,1.0,,7.0,8.0,6.0,0.0,0.0,0.0,0.0,0.0,0.0,1.0,4.0,4.0,103.747,25.93075,1.0,10147838
PSA59TQ,896495,2020-11-20 08:26:02.118000-05:00,,2020-11-20 11:36:16.182000-05:00,2020-11-30 11:37:06.722000-05:00,2,,,,,,Control 1,291.366,19.593375,8.0,5.0,3.0,2.0,8.0,11.0,8.0,2.0,0.0,0.0,0.0,0.0,2.0,1.0,4.0,4.0,863730.602,215932.644,2.0,10153285
PSA59TQ,896503,2020-11-20 08:26:02.118000-05:00,,2020-11-20 11:12:17.398000-05:00,2020-11-20 11:21:57.426000-05:00,1,,,,,,Control 1,232.041,77.3403333333333,3.0,3.0,,,3.0,3.0,3.0,0.0,0.0,0.0,0.0,0.0,0.0,1.0,4.0,4.0,180.468,45.111,1.0,10150165
PSA59TQ,896508,2020-11-20 08:26:02.118000-05:00,,2020-11-20 10:54:36.348000-05:00,2020-11-20 11:01:01.252000-05:00,1,,,,,,Control 3,78.191,26.057,3.0,3.0,,,3.0,3.0,3.0,0.0,0.0,0.0,0.0,0.0,0.0,1.0,4.0,3.0,280.753,60.3895,1.0,10147724
PSA59TQ,896509,2020-11-20 08:26:02.118000-05:00,,2020-11-20 10:54:14.415000-05:00,2020-11-20 11:02:23.147000-05:00,1,,,,,,Treatment 2,306.527,55.7844,5.0,4.0,1.0,,5.0,6.0,4.0,0.0,0.0,0.0,0.0,0.0,0.0,1.0,4.0,4.0,139.013,34.7475,1.0,10147657
PSA59TQ,896513,2020-11-20 08:26:02.118000-05:00,,2020-11-20 11:25:51.521000-05:00,2020-11-20 11:30:23.061000-05:00,2,,,,,,Control 3,53.708,17.8966666666667,3.0,3.0,,,3.0,3.0,3.0,0.0,0.0,0.0,0.0,0.0,0.0,1.0,4.0,3.0,85.633,17.72575,1.0,10151994
PSA59TQ,896975,2020-11-20 08:26:02.117000-05:00,,2020-11-20 12:35:57.074000-05:00,2020-11-20 12:39:12.414000-05:00,1,,,,,,Treatment 3,82.398,20.593,4.0,4.0,,,4.0,4.0,3.0,0.0,0.0,0.0,0.0,0.0,0.0,1.0,4.0,4.0,91.76,22.9345,1.0,10162079
PSA59TQ,896999,2020-11-20 08:26:02.117000-05:00,,2020-11-20 12:03:16.940000-05:00,2020-11-20 12:15:54.450000-05:00,1,,,,,,Control 1,468.361,72.7055,4.0,3.0,1.0,,4.0,8.0,4.0,0.0,0.0,0.0,0.0,0.0,0.0,1.0,4.0,4.0,204.216,51.04825,1.0,10157345
PSA59TQ,897005,2020-11-20 08:26:02.117000-05:00,,2020-11-30 12:40:17.538000-05:00,2020-11-30 12:44:33.768000-05:00,1,,,,,,Control 1,102.642,34.206,3.0,3.0,,,3.0,3.0,3.0,0.0,0.0,0.0,0.0,0.0,0.0,1.0,4.0,4.0,127.232,31.80125,1.0,10354323
PSA59TQ,897011,2020-11-20 08:26:02.117000-05:00,,2020-12-08 12:39:38.786000-05:00,2020-12-08 12:45:15.625000-05:00,1,,,,,,Treatment 3,179.766,26.8186,5.0,4.0,1.0,,5.0,6.0,4.0,0.0,0.0,0.0,0.0,0.0,0.0,1.0,4.0,4.0,135.804,33.946,1.0,10892663
PSA59TQ,897223,2020-11-20 08:26:02.119000-05:00,,2020-11-20 14:00:23.335000-05:00,2020-11-20 14:04:32.921000-05:00,2,,,,,,Control 2,46.865,15.616,3.0,3.0,,,3.0,3.0,3.0,0.0,0.0,0.0,0.0,0.0,0.0,1.0,4.0,4.0,107.216,26.79875,1.0,10172817
PSA59TQ,897225,2020-11-20 08:26:02.119000-05:00,,2020-11-20 14:00:13.800000-05:00,2020-11-20 14:09:44.522000-05:00,1,,,,,,Control 2,212.463,70.8136666666667,3.0,3.0,,,3.0,3.0,3.0,0.0,0.0,0.0,0.0,0.0,0.0,1.0,4.0,3.0,318.78,68.90525,1.0,10172798
PSA59TQ,897230,2020-11-20 08:26:02.119000-05:00,,2020-11-20 14:05:31.999000-05:00,2020-11-30 14:25:55.795000-05:00,3,,,,,,Treatment 1,862861.776,95863.3891111111,9.0,7.0,2.0,1.0,9.0,12.0,7.0,1.0,0.0,0.0,0.0,0.0,1.0,2.0,4.0,4.0,105.469,26.36225,1.0,10173603
PSA59TQ,897240,2020-11-20 08:26:02.119000-05:00,,2020-11-30 14:17:04.581000-05:00,2020-11-30 14:34:27.884000-05:00,1,,,,,,Control 3,596.726,95.7801666666667,6.0,5.0,1.0,,6.0,7.0,6.0,0.0,0.0,0.0,0.0,0.0,0.0,1.0,4.0,4.0,379.308,94.8215,1.0,10372520
PSA59TQ,897241,2020-11-20 08:26:02.119000-05:00,,2020-11-20 14:07:19.242000-05:00,2020-11-20 14:20:30.379000-05:00,1,,,,,,Control 1,372.246,86.2235,4.0,3.0,1.0,,4.0,5.0,4.0,0.0,0.0,0.0,0.0,0.0,0.0,1.0,4.0,3.0,352.839,74.23425,1.0,10173832
PSA59TQ,897244,2020-11-20 08:26:02.119000-05:00,,2020-11-30 14:17:25.367000-05:00,2020-11-30 14:23:43.598000-05:00,1,,,,,,Control 2,150.842,50.2733333333333,3.0,3.0,,,3.0,3.0,3.0,0.0,0.0,0.0,0.0,0.0,0.0,1.0,4.0,4.0,156.887,39.216,1.0,10372580
PSA59TQ,897247,2020-11-20 08:26:02.119000-05:00,,2020-11-20 14:01:23.756000-05:00,2020-11-20 14:08:20.387000-05:00,1,,,,,,Treatment 1,230.235,57.55175,4.0,4.0,,,4.0,4.0,3.0,0.0,0.0,0.0,0.0,0.0,0.0,1.0,4.0,3.0,163.191,26.554,1.0,10172943
PSA59TQ,897260,2020-11-20 08:26:02.119000-05:00,,2020-11-30 14:18:19.136000-05:00,,3,,,,,,Control 3,778197.387,76867.8017777778,9.0,5.0,2.0,,9.0,14.0,9.0,0.0,0.0,0.0,0.0,0.0,0.0,2.0,,,,,,10372747
PSA59TQ,897261,2020-11-20 08:26:02.119000-05:00,,2020-11-20 14:00:32.297000-05:00,2020-11-20 14:18:09.770000-05:00,1,,,,,,Treatment 1,424.926,106.225,4.0,4.0,,,4.0,4.0,3.0,0.0,0.0,0.0,0.0,0.0,0.0,1.0,4.0,2.0,470.341,41.4775,1.0,10172834
PSA59TQ,897263,2020-11-20 08:26:02.119000-05:00,,2020-11-20 14:06:45.144000-05:00,2020-11-20 14:12:29.567000-05:00,1,,,,,,Treatment 2,107.165,26.7835,4.0,4.0,,,4.0,4.0,3.0,0.0,0.0,0.0,0.0,0.0,0.0,1.0,4.0,2.0,195.119,36.89,1.0,10173769
PSA59TQ,897270,2020-11-20 08:26:02.119000-05:00,,2020-11-20 14:00:06.001000-05:00,2020-11-20 14:28:55.028000-05:00,2,,,,,,Control 3,779.136,66.5252222222222,9.0,7.0,2.0,1.0,9.0,12.0,9.0,1.0,0.0,0.0,0.0,0.0,1.0,1.0,4.0,3.0,130.909,25.683,1.0,10172766
PSA59TQ,897271,2020-11-20 08:26:02.119000-05:00,,2020-11-20 14:08:26.133000-05:00,2020-11-20 14:19:17.445000-05:00,1,,,,,,Treatment 1,247.617,61.89875,4.0,4.0,,,4.0,4.0,3.0,0.0,0.0,0.0,0.0,0.0,0.0,1.0,4.0,3.0,362.972,61.60275,1.0,10173983
PSA59TQ,897277,2020-11-20 08:26:02.119000-05:00,,2020-11-20 14:02:46.411000-05:00,2020-11-20 14:20:35.306000-05:00,1,,,,,,Control 3,369.743,123.239666666667,3.0,3.0,,,3.0,3.0,3.0,0.0,0.0,0.0,0.0,0.0,0.0,1.0,4.0,2.0,528.478,63.61725,1.0,10173149
PSA59TQ,897650,2020-11-20 08:26:02.116000-05:00,,2020-11-30 15:24:42.932000-05:00,2020-11-30 15:31:03.447000-05:00,1,,,,,,Treatment 3,98.291,24.5655,4.0,4.0,,,4.0,4.0,3.0,0.0,0.0,0.0,0.0,0.0,0.0,1.0,4.0,3.0,238.041,28.02925,1.0,10383100
PSA59TQ,897651,2020-11-20 08:26:02.116000-05:00,,2020-12-08 14:59:42.837000-05:00,,2,,,,,,Treatment 1,260946.676,65236.6615,4.0,4.0,,,4.0,4.0,3.0,0.0,0.0,0.0,0.0,0.0,0.0,2.0,1.0,1.0,121.253,121.245,1.0,10917265
PSA59TQ,897652,2020-11-20 08:26:02.116000-05:00,,2020-11-30 15:30:38.779000-05:00,2020-11-30 15:36:40.774000-05:00,1,,,,,,Treatment 3,140.348,35.08075,4.0,4.0,,,4.0,4.0,3.0,0.0,0.0,0.0,0.0,0.0,0.0,1.0,4.0,3.0,183.12,38.08575,1.0,10383822
PSA59TQ,897654,2020-11-20 08:26:02.116000-05:00,,2020-11-30 15:21:47.885000-05:00,2020-11-30 15:25:39.357000-05:00,1,,,,,,Treatment 3,86.569,21.63475,4.0,4.0,,,4.0,4.0,3.0,0.0,0.0,0.0,0.0,0.0,0.0,1.0,4.0,4.0,112.609,28.14675,1.0,10382723
PSA59TQ,897658,2020-11-20 08:26:02.116000-05:00,,2020-11-30 15:27:04.897000-05:00,2020-11-30 15:32:31.031000-05:00,1,,,,,,Treatment 2,151.529,37.875,4.0,4.0,,,4.0,4.0,3.0,0.0,0.0,0.0,0.0,0.0,0.0,1.0,4.0,4.0,128.562,32.134,1.0,10383373
PSA59TQ,897660,2020-11-20 08:26:02.116000-05:00,,2020-11-30 15:25:11.146000-05:00,2020-11-30 15:30:05.515000-05:00,1,,,,,,Treatment 1,140.335,35.077,4.0,4.0,,,4.0,4.0,3.0,0.0,0.0,0.0,0.0,0.0,0.0,1.0,4.0,4.0,117.336,29.32725,1.0,10383148
PSA59TQ,897662,2020-11-20 08:26:02.116000-05:00,,2020-12-04 15:24:16.452000-05:00,2020-12-10 09:03:40.772000-05:00,3,,,,,,Treatment 2,495123.256,64.2796,5.0,4.0,1.0,1.0,5.0,7.0,4.0,1.0,0.0,0.0,0.0,0.0,1.0,2.0,4.0,4.0,263.654,65.907,1.0,10740300
PSA59TQ,897663,2020-11-20 08:26:02.116000-05:00,,2020-11-30 15:21:03.652000-05:00,2020-12-01 15:10:11.960000-05:00,2,,,,,,Control 2,84.694,28.2233333333333,3.0,3.0,,,3.0,3.0,3.0,0.0,0.0,0.0,0.0,0.0,0.0,1.0,4.0,2.0,85577.779,37.72325,2.0,10382631
PSA59TQ,897665,2020-11-20 08:26:02.116000-05:00,,2020-11-30 15:36:05.500000-05:00,2020-11-30 15:40:44.507000-05:00,1,,,,,,Control 3,89.499,29.8276666666667,3.0,3.0,,,3.0,3.0,3.0,0.0,0.0,0.0,0.0,0.0,0.0,1.0,4.0,4.0,137.343,34.329,1.0,10384518
PSA59TQ,897678,2020-11-20 08:26:02.116000-05:00,,2020-12-04 15:33:07.078000-05:00,2020-12-09 15:37:32.990000-05:00,2,,,,,,Treatment 3,175.339,43.828,4.0,4.0,,,4.0,4.0,3.0,0.0,0.0,0.0,0.0,0.0,0.0,1.0,4.0,3.0,432049.581,76.43225,2.0,10740881
PSA59TQ,897679,2020-11-20 08:26:02.116000-05:00,,2020-12-15 10:37:16.065000-05:00,,1,,,,,,Control 3,253.628,253.628,1.0,0.0,,,1.0,1.0,1.0,0.0,0.0,0.0,0.0,0.0,0.0,1.0,,,,,,11265926
PSA59TQ,897698,2020-11-20 08:26:02.116000-05:00,,2020-11-30 15:39:02.358000-05:00,2020-12-10 20:30:16.035000-05:00,4,,,,,,Treatment 1,536153.698,68.0561428571429,7.0,5.0,1.0,,7.0,13.0,6.0,0.0,0.0,0.0,0.0,0.0,0.0,2.0,4.0,4.0,326.066,81.512,1.0,10384857
PSA59TQ,897700,2020-11-20 08:26:02.116000-05:00,,2020-11-30 15:35:44.305000-05:00,2020-12-07 15:03:09.331000-05:00,2,,,,,,Treatment 3,602619.74,120519.0974,5.0,4.0,1.0,,5.0,6.0,4.0,0.0,0.0,0.0,0.0,0.0,0.0,2.0,4.0,3.0,189.389,40.157,1.0,10384460
PSA59TQ,897800,2020-11-20 08:26:02.114000-05:00,,2020-11-20 09:42:35.399000-05:00,2020-11-20 09:57:55.298000-05:00,1,,,,,,Control 3,140.169,46.711,3.0,3.0,,,3.0,3.0,3.0,0.0,0.0,0.0,0.0,0.0,0.0,1.0,4.0,3.0,746.343,157.168,1.0,10138345
PSA59TQ,899258,2021-01-19 15:30:00-05:00,2021-01-22 18:07:00-05:00,2021-01-20 17:44:33.607000-05:00,,1,,,,,,Treatment 1,61.106,61.097,2.0,1.0,,,1.0,1.0,2.0,0.0,0.0,0.0,0.0,0.0,0.0,1.0,,,,,,12357898
PSA59TQ,899927,2020-11-20 08:26:02.114000-05:00,,2020-11-30 09:42:24.705000-05:00,2020-11-30 09:58:47.399000-05:00,1,,,,,,Treatment 1,847.961,45.4674285714286,7.0,6.0,1.0,1.0,7.0,10.0,6.0,1.0,0.0,0.0,0.0,0.0,0.0,1.0,4.0,4.0,102.434,25.60325,1.0,10322634
PSA59TQ,899928,2020-11-20 08:26:02.114000-05:00,,2020-11-20 09:47:25.584000-05:00,2020-11-20 09:56:45.350000-05:00,1,,,,,,Treatment 2,255.963,63.98075,4.0,4.0,,,4.0,4.0,3.0,0.0,0.0,0.0,0.0,0.0,0.0,1.0,4.0,3.0,259.508,60.098,1.0,10138956
PSA59TQ,899929,2020-11-20 08:26:02.114000-05:00,,2020-11-20 09:46:55.008000-05:00,2020-12-09 09:58:57.076000-05:00,4,,,,,,Control 3,1642093.296,63.5438888888889,9.0,5.0,3.0,2.0,8.0,20.0,9.0,3.0,0.0,0.0,0.0,0.0,1.0,3.0,4.0,3.0,109.597,19.74875,1.0,10138880
PSA59TQ,899930,2020-11-20 08:26:02.114000-05:00,,2020-11-20 09:42:25.058000-05:00,2020-11-20 09:48:59.948000-05:00,1,,,,,,Treatment 2,70.613,17.6475,4.0,4.0,,,4.0,4.0,3.0,0.0,0.0,0.0,0.0,0.0,0.0,1.0,4.0,4.0,291.86,72.95925,1.0,10138314
PSA59TQ,899933,2020-11-20 08:26:02.114000-05:00,,2020-11-30 09:47:25.666000-05:00,2020-12-10 09:57:04.066000-05:00,2,,,,,,Control 1,186.702,33.38,4.0,3.0,1.0,,4.0,5.0,4.0,0.0,0.0,0.0,0.0,0.0,0.0,1.0,4.0,1.0,864361.961,20.975,2.0,10323421
PSA59TQ,899934,2020-11-20 08:26:02.114000-05:00,,2020-11-20 09:46:58.557000-05:00,2020-11-20 09:55:01.093000-05:00,1,,,,,,Control 3,269.108,36.5498333333333,6.0,5.0,1.0,,6.0,9.0,6.0,0.0,0.0,0.0,0.0,0.0,0.0,1.0,4.0,3.0,136.729,23.4195,1.0,10138888
PSA59TQ,899937,2020-11-20 08:26:02.114000-05:00,,2020-11-30 09:55:51.743000-05:00,2020-11-30 10:00:57.918000-05:00,1,,,,,,Treatment 2,59.974,14.98775,4.0,4.0,,,4.0,4.0,3.0,0.0,0.0,0.0,0.0,0.0,0.0,1.0,4.0,3.0,199.143,19.5675,1.0,10324745
PSA59TQ,899938,2020-11-20 08:26:02.114000-05:00,,2020-11-30 09:53:23.138000-05:00,2020-11-30 10:00:55.529000-05:00,1,,,,,,Control 1,252.204,84.0626666666667,3.0,3.0,,,3.0,3.0,3.0,0.0,0.0,0.0,0.0,0.0,0.0,1.0,4.0,4.0,133.123,33.27275,1.0,10324342
PSA59TQ,899939,2020-11-20 08:26:02.114000-05:00,,2020-11-30 09:54:51.496000-05:00,2020-12-11 10:04:05.664000-05:00,4,,,,,,Control 2,950801.154,44.7482,5.0,4.0,1.0,,5.0,16.0,5.0,0.0,0.0,0.0,0.0,0.0,0.0,2.0,4.0,4.0,113.379,28.33925,1.0,10324586
PSA59TQ,899940,2020-11-20 08:26:02.114000-05:00,,2020-11-20 09:43:16.343000-05:00,2020-12-04 11:30:34.492000-05:00,6,,,,,,Control 3,889764.504,50.5585,12.0,6.0,3.0,1.0,12.0,28.0,12.0,4.0,0.0,0.0,0.0,0.0,2.0,3.0,4.0,1.0,325857.783,86.57075,2.0,10138435
PSA59TQ,899942,2020-11-20 08:26:02.114000-05:00,,2020-12-09 09:56:46.062000-05:00,2020-12-09 10:52:06.925000-05:00,1,,,,,,Control 1,251.392,83.791,3.0,3.0,,,3.0,3.0,3.0,0.0,0.0,0.0,0.0,0.0,0.0,1.0,4.0,4.0,3034.272,758.561,1.0,10951012
PSA59TQ,899944,2020-11-20 08:26:02.114000-05:00,,2020-11-30 09:55:18.027000-05:00,2020-11-30 10:01:39.661000-05:00,1,,,,,,Treatment 3,105.693,26.41675,4.0,4.0,,,4.0,4.0,3.0,0.0,0.0,0.0,0.0,0.0,0.0,1.0,4.0,4.0,214.576,53.638,1.0,10324658
PSA59TQ,899954,2020-11-20 08:26:02.114000-05:00,,2020-11-20 09:40:43.922000-05:00,2020-11-20 09:49:24.907000-05:00,1,,,,,,Treatment 3,161.596,40.392,4.0,4.0,,,4.0,4.0,3.0,0.0,0.0,0.0,0.0,0.0,0.0,1.0,4.0,4.0,192.638,48.15425,1.0,10138136
PSA59TQ,900009,2020-11-20 08:26:02.114000-05:00,,2020-11-30 09:58:56.419000-05:00,,5,,,,,,Treatment 3,950699.575,86421.4764285714,7.0,4.0,1.0,,7.0,16.0,6.0,0.0,0.0,0.0,0.0,0.0,0.0,3.0,,,,,,10325256
PSA59TQ,900031,2020-11-20 08:26:02.114000-05:00,,2020-12-10 09:59:24.392000-05:00,2020-12-11 09:53:18.890000-05:00,3,,,,,,Treatment 3,81610.379,20402.588,4.0,4.0,,,4.0,4.0,3.0,0.0,0.0,0.0,0.0,0.0,0.0,2.0,4.0,4.0,4311.886,1077.965,2.0,11030200
PSA59TQ,900040,2020-11-20 08:26:02.114000-05:00,,2020-11-30 09:52:41.584000-05:00,2020-11-30 10:00:05.399000-05:00,1,,,,,,Control 1,225.177,75.0526666666667,3.0,3.0,,,3.0,3.0,3.0,0.0,0.0,0.0,0.0,0.0,0.0,1.0,4.0,4.0,179.791,44.9405,1.0,10324197
PSA59TQ,900344,2020-11-20 08:26:02.118000-05:00,,2020-11-20 11:19:43.063000-05:00,2020-12-09 11:32:38.244000-05:00,7,,,,,,Treatment 1,1642119.205,234585.791571429,7.0,5.0,2.0,,7.0,9.0,6.0,0.0,0.0,0.0,0.0,0.0,0.0,4.0,4.0,4.0,96.464,24.11,1.0,10151079
PSA59TQ,900350,2020-11-20 08:26:02.118000-05:00,,2020-11-20 11:11:18.309000-05:00,2020-11-20 11:14:44.442000-05:00,1,,,,,,Control 2,57.507,19.163,3.0,3.0,,,3.0,3.0,3.0,0.0,0.0,0.0,0.0,0.0,0.0,1.0,4.0,4.0,117.123,29.27625,1.0,10150052
PSA59TQ,900381,2020-11-20 08:26:02.118000-05:00,,2020-11-20 10:54:12.561000-05:00,2020-12-09 11:45:00.587000-05:00,5,,,,,,Treatment 1,1644383.111,63.8208181818182,11.0,8.0,2.0,,11.0,16.0,9.0,0.0,0.0,0.0,0.0,0.0,0.0,3.0,4.0,4.0,158.649,39.6575,1.0,10147650
PSA59TQ,900404,2020-11-20 08:26:02.118000-05:00,,2020-11-20 10:54:56.183000-05:00,2020-11-20 11:17:45.645000-05:00,1,,,,,,Treatment 1,835.711,46.4977,10.0,7.0,2.0,2.0,9.0,13.0,8.0,2.0,0.0,0.0,0.0,0.0,0.0,1.0,4.0,3.0,418.094,30.65075,1.0,10147779
PSA59TQ,900518,2020-11-20 08:26:02.118000-05:00,,2020-11-20 11:32:59.726000-05:00,,3,,,,,,Treatment 2,392.04,47.032,6.0,4.0,1.0,,6.0,8.0,5.0,0.0,0.0,0.0,0.0,0.0,0.0,2.0,4.0,3.0,863945.293,215961.31825,2.0,10152874
PSA59TQ,900649,2020-11-20 08:26:02.117000-05:00,,2020-11-30 12:27:01.363000-05:00,2020-11-30 12:41:09.066000-05:00,1,,,,,,Control 3,320.21,106.729,3.0,3.0,,,3.0,3.0,3.0,0.0,0.0,0.0,0.0,0.0,0.0,1.0,4.0,2.0,503.665,108.6215,1.0,10351896
PSA59TQ,900669,2020-11-20 08:26:02.117000-05:00,,2020-11-20 12:03:16.152000-05:00,2020-11-20 12:12:24.602000-05:00,1,,,,,,Treatment 2,180.983,45.23825,4.0,4.0,,,4.0,4.0,3.0,0.0,0.0,0.0,0.0,0.0,0.0,1.0,4.0,1.0,284.863,26.56075,1.0,10157339
PSA59TQ,900695,2020-11-20 08:26:02.117000-05:00,,2020-11-20 12:39:12.002000-05:00,2020-11-30 12:35:09.950000-05:00,2,,,,,,Control 1,176.589,58.8563333333333,3.0,3.0,,,3.0,3.0,3.0,0.0,0.0,0.0,0.0,0.0,0.0,1.0,4.0,4.0,121.031,30.25175,1.0,10162518
PSA59TQ,900718,2020-11-20 08:26:02.117000-05:00,,2020-11-30 12:28:16.437000-05:00,2020-11-30 12:34:35.033000-05:00,1,,,,,,Treatment 3,203.79,31.4803333333333,6.0,5.0,1.0,,6.0,7.0,5.0,0.0,0.0,0.0,0.0,0.0,0.0,1.0,4.0,3.0,144.776,31.353,1.0,10352093
PSA59TQ,900731,2020-11-20 08:26:02.117000-05:00,,2020-12-09 12:37:51.308000-05:00,2020-12-09 12:50:06.268000-05:00,1,,,,,,Treatment 1,449.524,49.7192857142857,7.0,6.0,1.0,1.0,7.0,9.0,6.0,1.0,0.0,0.0,0.0,0.0,1.0,1.0,4.0,2.0,228.859,34.7765,1.0,10977239
PSA59TQ,900733,2020-11-20 08:26:02.117000-05:00,,2020-11-20 12:38:51.647000-05:00,2020-12-11 12:44:03.776000-05:00,5,,,,,,Control 2,1814389.628,71981.14375,12.0,7.0,3.0,1.0,12.0,28.0,12.0,1.0,0.0,0.0,0.0,0.0,0.0,3.0,4.0,3.0,157.062,24.3595,1.0,10162476
PSA59TQ,900776,2020-11-20 08:26:02.117000-05:00,,2020-11-20 12:23:35.641000-05:00,2020-11-20 12:30:16.823000-05:00,1,,,,,,Treatment 3,270.666,31.4488571428571,7.0,6.0,1.0,,7.0,9.0,6.0,0.0,0.0,0.0,0.0,0.0,0.0,1.0,4.0,4.0,98.19,24.54125,1.0,10160225
PSA59TQ,900828,2021-02-28 22:30:58.265000-05:00,2021-03-01 15:30:00-05:00,2021-03-04 21:20:00.258000-05:00,,3,,,,,,Treatment 3,318733.023,35374.3165555556,10.0,5.0,4.0,3.0,8.0,13.0,8.0,3.0,0.0,0.0,0.0,0.0,2.0,3.0,,,,,,14274792
PSA59TQ,901011,2020-11-03 08:00:00-05:00,2020-11-06 14:30:00-05:00,2020-11-04 14:11:14.260000-05:00,,1,,,,,,Control 3,406.923,32.5784,5.0,2.0,0.0,0.0,4.0,7.0,5.0,2.0,0.0,0.0,0.0,0.0,0.0,1.0,,,,,,9144666
PSA59TQ,901279,2020-11-20 08:26:02.119000-05:00,,2020-11-20 14:07:46.505000-05:00,,5,,,,,,Control 1,778080.771,134.4194,5.0,3.0,1.0,,5.0,8.0,5.0,0.0,0.0,0.0,0.0,0.0,0.0,2.0,,,,,,10173890
PSA59TQ,901300,2020-11-20 08:26:02.119000-05:00,,2020-11-20 14:00:12.622000-05:00,2020-11-20 14:13:30.016000-05:00,2,,,,,,Control 1,578.204,64.69575,4.0,3.0,1.0,,4.0,5.0,4.0,0.0,0.0,0.0,0.0,0.0,0.0,2.0,4.0,3.0,164.273,28.9535,1.0,10172799
PSA59TQ,901301,2020-11-20 08:26:02.119000-05:00,,2020-11-20 14:02:43.261000-05:00,2020-11-20 14:10:43.074000-05:00,1,,,,,,Control 3,122.981,40.9863333333333,3.0,3.0,,,3.0,3.0,3.0,0.0,0.0,0.0,0.0,0.0,0.0,1.0,4.0,4.0,119.7,29.921,1.0,10173141
PSA59TQ,901362,2020-11-20 08:26:02.119000-05:00,,2020-12-09 14:44:00.646000-05:00,2020-12-09 14:49:57.143000-05:00,1,,,,,,Control 3,159.581,53.186,3.0,3.0,,,3.0,3.0,3.0,0.0,0.0,0.0,0.0,0.0,0.0,1.0,4.0,3.0,166.265,35.113,1.0,10996136
PSA59TQ,901452,2020-11-20 08:26:02.116000-05:00,,2020-11-20 12:46:39.042000-05:00,2020-11-20 13:06:10.896000-05:00,1,,,,,,Treatment 1,971.266,79.8094285714286,7.0,6.0,1.0,1.0,7.0,11.0,6.0,1.0,0.0,0.0,0.0,0.0,1.0,1.0,4.0,4.0,163.834,40.95525,1.0,10163500
PSA59TQ,904558,2021-08-23 11:01:00-04:00,2021-08-27 19:00:00-04:00,2021-08-24 20:09:04.804000-04:00,2021-08-24 20:24:51.647000-04:00,1,,,,,,Treatment 1,506.507,126.61225,4.0,4.0,,,4.0,4.0,3.0,0.0,0.0,0.0,0.0,0.0,0.0,1.0,4.0,4.0,259.276,64.809,1.0,16895176
PSA59TQ,904574,2021-08-23 11:01:00-04:00,2021-08-27 19:00:00-04:00,2021-08-27 17:52:27.995000-04:00,2021-08-27 19:32:36.037000-04:00,2,,,,,,Treatment 3,5731.253,1432.8085,4.0,4.0,,,4.0,4.0,3.0,0.0,0.0,0.0,0.0,0.0,0.0,2.0,4.0,4.0,251.083,62.768,1.0,16945454
PSA59TQ,904583,2021-08-23 11:01:00-04:00,2021-08-27 19:00:00-04:00,2021-08-23 18:34:27.740000-04:00,2021-08-24 15:49:41.033000-04:00,3,,,,,,Control 2,76203.535,159.5228,5.0,3.0,1.0,1.0,5.0,8.0,5.0,1.0,0.0,0.0,0.0,0.0,0.0,3.0,4.0,3.0,255.452,57.44275,1.0,16878534
PSA59TQ,904594,2021-08-23 11:01:00-04:00,2021-08-27 19:00:00-04:00,2021-08-27 14:03:19.375000-04:00,,1,,,,,,Not Assigned,,,,,,,,,,,,,,,,,,,,,,16941483
PSA59TQ,904612,2021-08-23 11:01:00-04:00,2021-08-27 19:00:00-04:00,2021-08-26 18:30:27.475000-04:00,,1,,,,,,Control 3,,,1.0,,,,,0.0,1.0,0.0,0.0,0.0,0.0,0.0,0.0,1.0,,,,,,16929888
PSA59TQ,906241,2020-11-03 08:00:00-05:00,2020-11-06 14:30:00-05:00,2020-11-06 09:27:54.679000-05:00,2020-11-06 09:42:29.366000-05:00,1,,,,,,Treatment 2,224.903,56.21975,4.0,4.0,,,4.0,4.0,3.0,0.0,0.0,0.0,0.0,0.0,0.0,1.0,4.0,1.0,333.288,36.635,1.0,9275335
PSA59TQ,906696,2020-09-15 10:26:51.220000-04:00,2020-09-25 10:28:00-04:00,2020-11-07 11:34:02.495000-05:00,2020-11-07 12:02:36.593000-05:00,1,,,,,,Treatment 2,534.965,43.0666666666667,9.0,7.0,2.0,,9.0,11.0,7.0,0.0,0.0,0.0,0.0,0.0,0.0,1.0,4.0,3.0,1042.059,253.8025,1.0,9333962
PSA59TQ,906980,2021-08-23 11:00:00-04:00,2021-08-27 19:00:00-04:00,2021-09-10 14:30:17.843000-04:00,2021-09-10 14:33:48.047000-04:00,1,,,,,,Control 3,68.141,22.71,3.0,3.0,,,3.0,3.0,3.0,0.0,0.0,0.0,0.0,0.0,0.0,1.0,4.0,4.0,106.399,26.59725,1.0,17146018
PSA59TQ,906982,2021-08-23 11:01:00-04:00,2021-08-27 19:00:00-04:00,2021-08-23 18:36:25.156000-04:00,2021-08-23 22:00:40.234000-04:00,2,,,,,,Treatment 2,12104.214,1722.62242857143,7.0,6.0,1.0,,7.0,8.0,6.0,0.0,0.0,0.0,0.0,0.0,0.0,2.0,4.0,4.0,97.006,24.241,1.0,16878548
PSA59TQ,906985,2021-08-23 11:01:00-04:00,2021-08-27 19:00:00-04:00,2021-08-23 17:26:21.683000-04:00,2021-08-23 17:42:47.509000-04:00,2,,,,,,Treatment 3,709.236,51.5264,5.0,4.0,1.0,,4.0,6.0,4.0,0.0,0.0,0.0,0.0,0.0,0.0,2.0,4.0,4.0,184.697,46.17,1.0,16878001
PSA59TQ,906986,2021-08-23 11:01:00-04:00,2021-08-27 19:00:00-04:00,2021-08-23 17:26:05.731000-04:00,2021-08-23 17:34:38.839000-04:00,1,,,,,,Control 3,198.296,66.0956666666667,3.0,3.0,,,3.0,3.0,3.0,0.0,0.0,0.0,0.0,0.0,0.0,1.0,4.0,3.0,236.009,48.106,1.0,16877992
PSA59TQ,906987,2021-08-23 11:01:00-04:00,2021-08-27 19:00:00-04:00,2021-08-27 22:18:28.323000-04:00,,1,,,,,,Control 1,,,1.0,,,,,0.0,1.0,0.0,0.0,0.0,0.0,0.0,0.0,1.0,,,,,,16946026
PSA59TQ,906993,2021-08-23 11:01:00-04:00,2021-08-27 19:00:00-04:00,2021-08-23 17:26:08.114000-04:00,,1,,,,,,Treatment 3,818.89,38.2607272727273,11.0,5.0,3.0,3.0,7.0,13.0,9.0,4.0,0.0,0.0,0.0,0.0,4.0,1.0,,,,,,16877993
PSA59TQ,906994,2021-08-23 11:01:00-04:00,2021-08-27 19:00:00-04:00,2021-08-23 23:03:56.059000-04:00,2021-08-23 23:18:45.116000-04:00,1,,,,,,Treatment 2,640.94,52.963,7.0,6.0,1.0,1.0,7.0,11.0,6.0,1.0,0.0,0.0,0.0,0.0,1.0,1.0,4.0,4.0,210.292,52.5705,1.0,16879688
PSA59TQ,906996,2021-08-23 11:01:00-04:00,2021-08-27 19:00:00-04:00,2021-08-24 14:30:00.183000-04:00,,2,,,,,,Treatment 2,79755.195,13277.2468333333,6.0,4.0,1.0,1.0,5.0,9.0,5.0,1.0,0.0,0.0,0.0,0.0,1.0,2.0,3.0,1.0,637.72,135.571,1.0,16890891
PSA59TQ,906998,2021-08-23 11:00:00-04:00,2021-08-27 19:00:00-04:00,2021-08-27 12:09:26.316000-04:00,,1,,,,,,Treatment 3,,,1.0,,,,,0.0,1.0,0.0,0.0,0.0,0.0,0.0,0.0,1.0,,,,,,16937874
PSA59TQ,907003,2021-08-23 11:01:00-04:00,2021-08-27 19:00:00-04:00,2021-08-23 17:26:14.172000-04:00,,1,,,,,,Treatment 1,623.288,140.919,3.0,1.0,0.0,,3.0,4.0,3.0,0.0,0.0,0.0,0.0,0.0,0.0,1.0,,,,,,16877998
PSA59TQ,907004,2021-08-23 11:01:00-04:00,2021-08-27 19:00:00-04:00,2021-08-24 14:31:49.135000-04:00,2021-08-25 21:45:27.673000-04:00,3,,,,,,Treatment 2,112261.39,32.6637142857143,7.0,6.0,1.0,,7.0,9.0,6.0,0.0,0.0,0.0,0.0,0.0,0.0,2.0,4.0,4.0,116.613,29.14925,1.0,16890931
PSA59TQ,907086,2021-08-23 11:00:00-04:00,2021-08-27 19:00:00-04:00,2021-09-01 23:46:26.903000-04:00,2021-09-02 00:56:33.416000-04:00,1,,,,,,Treatment 2,1115.606,58.3641428571429,7.0,5.0,1.0,,7.0,10.0,6.0,0.0,0.0,0.0,0.0,0.0,0.0,1.0,4.0,3.0,1161.656,282.6455,1.0,17012785
PSA59TQ,909828,2020-10-26 01:13:36.619000-04:00,,2020-11-06 16:45:42.884000-05:00,,1,,,,,,Not Assigned,,,,,,,,,,,,,,,,,,,,,,9326855
PSA59TQ,912560,2020-11-09 14:00:00-05:00,2020-11-09 15:01:00-05:00,2020-11-09 14:17:32.690000-05:00,2020-11-09 15:03:18.786000-05:00,1,,,,,,Treatment 2,2229.139,265.517571428571,7.0,5.0,1.0,0.0,5.0,9.0,6.0,1.0,0.0,0.0,0.0,0.0,0.0,1.0,4.0,4.0,429.055,107.2585,1.0,9406823
PSA59TQ,912568,2021-08-23 11:01:00-04:00,2021-08-27 19:00:00-04:00,2021-08-24 14:36:02.458000-04:00,,1,,,,,,Treatment 1,67.106,67.102,2.0,1.0,,,1.0,1.0,2.0,0.0,0.0,0.0,0.0,0.0,0.0,1.0,,,,,,16891049
PSA59TQ,912686,2020-11-20 08:26:02.119000-05:00,,2020-11-20 14:07:22.690000-05:00,2020-11-20 14:33:28.172000-05:00,1,,,,,,Control 1,1387.338,67.2262,10.0,3.0,1.0,0.0,10.0,23.0,10.0,3.0,0.0,0.0,0.0,0.0,3.0,1.0,4.0,2.0,137.495,28.6845,1.0,10173838
PSA59TQ,912980,2021-03-18 06:00:00-04:00,2021-03-19 14:47:00-04:00,2021-03-19 11:12:21.782000-04:00,2021-03-19 11:38:46.275000-04:00,2,,,,,,Control 3,609.44,131.518,4.0,3.0,1.0,,4.0,6.0,4.0,0.0,0.0,0.0,0.0,0.0,0.0,1.0,4.0,1.0,787.431,65.41425,2.0,14839754
PSA59TQ,913909,2020-11-10 10:00:00-05:00,2020-11-11 17:00:00-05:00,2020-11-10 10:09:42.237000-05:00,2020-11-10 10:16:49.514000-05:00,1,,,,,,Treatment 3,222.265,55.558,4.0,4.0,,,4.0,4.0,3.0,0.0,0.0,0.0,0.0,0.0,0.0,1.0,4.0,4.0,158.282,39.564,1.0,9456248
PSA59TQ,913910,2020-11-10 10:00:00-05:00,2020-11-11 17:00:00-05:00,2020-11-10 10:10:18.600000-05:00,2020-11-11 10:22:38.911000-05:00,2,,,,,,Treatment 1,1050.18,65.726,7.0,6.0,1.0,1.0,7.0,10.0,6.0,1.0,0.0,0.0,0.0,0.0,0.0,1.0,4.0,4.0,86018.063,21504.50725,2.0,9456397
PSA59TQ,913926,2020-11-10 10:00:00-05:00,2020-11-11 17:00:00-05:00,2020-11-10 10:12:30.589000-05:00,2020-11-10 10:25:04.643000-05:00,1,,,,,,Treatment 3,525.547,60.602,7.0,6.0,1.0,,7.0,8.0,6.0,0.0,0.0,0.0,0.0,0.0,0.0,1.0,4.0,4.0,162.223,40.55075,1.0,9456794
PSA59TQ,913928,2020-11-10 10:00:00-05:00,2020-11-11 17:00:00-05:00,2020-11-10 10:12:58.915000-05:00,2020-11-10 10:23:47.540000-05:00,1,,,,,,Control 1,353.485,117.823333333333,3.0,3.0,,,3.0,3.0,3.0,0.0,0.0,0.0,0.0,0.0,0.0,1.0,4.0,4.0,187.949,46.982,1.0,9456892
PSA59TQ,913931,2020-11-10 10:00:00-05:00,2020-11-11 17:00:00-05:00,2020-11-10 10:13:37.126000-05:00,2020-11-10 10:28:03.635000-05:00,1,,,,,,Treatment 1,538.159,68.0803333333333,6.0,4.0,1.0,,5.0,7.0,5.0,0.0,0.0,0.0,0.0,0.0,0.0,1.0,4.0,3.0,243.964,51.06925,1.0,9457028
PSA59TQ,913935,2020-11-10 10:00:00-05:00,2020-11-11 17:00:00-05:00,2020-11-10 10:14:57.189000-05:00,2020-11-10 10:19:20.400000-05:00,1,,,,,,Control 3,103.738,34.572,3.0,3.0,,,3.0,3.0,3.0,0.0,0.0,0.0,0.0,0.0,0.0,1.0,4.0,4.0,127.714,31.923,1.0,9457290
PSA59TQ,913938,2020-11-10 10:00:00-05:00,2020-11-11 17:00:00-05:00,2020-11-10 10:14:40.101000-05:00,2020-11-10 10:25:00.816000-05:00,1,,,,,,Control 3,346.765,115.581333333333,3.0,3.0,,,3.0,3.0,3.0,0.0,0.0,0.0,0.0,0.0,0.0,1.0,4.0,4.0,248.198,62.04325,1.0,9457234
PSA59TQ,913939,2020-11-10 10:00:00-05:00,2020-11-11 17:00:00-05:00,2020-11-10 10:14:55.818000-05:00,,1,,,,,,Treatment 2,302.091,30.062,5.0,3.0,1.0,,5.0,9.0,4.0,0.0,0.0,0.0,0.0,0.0,0.0,1.0,,,,,,9457283
PSA59TQ,913940,2020-11-10 10:00:00-05:00,2020-11-11 17:00:00-05:00,2020-11-10 10:17:36.256000-05:00,2020-11-10 10:22:03.921000-05:00,1,,,,,,Control 3,116.05,38.676,3.0,3.0,,,3.0,3.0,3.0,0.0,0.0,0.0,0.0,0.0,0.0,1.0,4.0,3.0,119.925,26.054,1.0,9457807
PSA59TQ,913941,2020-11-10 10:00:00-05:00,2020-11-11 17:00:00-05:00,2020-11-10 10:15:46.894000-05:00,2020-11-10 10:27:54.170000-05:00,1,,,,,,Control 2,274.371,91.4513333333334,3.0,3.0,,,3.0,3.0,3.0,0.0,0.0,0.0,0.0,0.0,0.0,1.0,4.0,2.0,409.242,45.615,1.0,9457444
PSA59TQ,913944,2020-11-10 10:00:00-05:00,2020-11-11 17:00:00-05:00,2020-11-10 10:16:02.099000-05:00,2020-11-10 10:25:33.409000-05:00,2,,,,,,Treatment 1,307.275,41.8044,5.0,4.0,1.0,,4.0,5.0,4.0,0.0,0.0,0.0,0.0,0.0,0.0,2.0,4.0,3.0,185.935,32.043,1.0,9457489
PSA59TQ,913945,2020-11-10 10:00:00-05:00,2020-11-11 17:00:00-05:00,2020-11-10 10:16:04.731000-05:00,,2,,,,,,Control 3,119.657,39.8803333333333,3.0,3.0,,,3.0,3.0,3.0,0.0,0.0,0.0,0.0,0.0,0.0,1.0,1.0,,,,1.0,9457491
PSA59TQ,913954,2020-11-10 10:00:00-05:00,2020-11-11 17:00:00-05:00,2020-11-10 10:18:27.497000-05:00,2020-11-10 10:25:03.962000-05:00,1,,,,,,Treatment 1,289.263,72.30875,4.0,4.0,,,4.0,4.0,3.0,0.0,0.0,0.0,0.0,0.0,0.0,1.0,4.0,4.0,63.536,15.879,1.0,9457961
PSA59TQ,913957,2020-11-10 10:00:00-05:00,2020-11-11 17:00:00-05:00,2020-11-10 10:20:13.495000-05:00,,1,,,,,,Control 3,1445.974,83.3122857142857,8.0,5.0,2.0,1.0,7.0,13.0,8.0,1.0,0.0,0.0,0.0,0.0,0.0,1.0,,,,,,9458284
PSA59TQ,913959,2020-11-10 10:00:00-05:00,2020-11-11 17:00:00-05:00,2020-11-10 10:18:37.191000-05:00,2020-11-12 10:21:35.844000-05:00,2,,,,,,Control 1,277.998,64.33575,4.0,3.0,1.0,,4.0,5.0,4.0,0.0,0.0,0.0,0.0,0.0,0.0,1.0,4.0,3.0,172499.518,43117.256,2.0,9457993
PSA59TQ,913976,2020-11-10 10:00:00-05:00,2020-11-11 17:00:00-05:00,2020-11-10 10:20:37.052000-05:00,2020-11-10 10:23:25.471000-05:00,1,,,,,,Control 2,47.078,15.686,3.0,3.0,,,3.0,3.0,3.0,0.0,0.0,0.0,0.0,0.0,0.0,1.0,4.0,3.0,96.512,19.24675,1.0,9458367
PSA59TQ,913980,2020-11-10 10:00:00-05:00,2020-11-11 17:00:00-05:00,2020-11-10 10:23:49.990000-05:00,2020-11-11 09:41:25.018000-05:00,2,,,,,,Treatment 1,554.086,62.0056,5.0,4.0,1.0,,5.0,6.0,4.0,0.0,0.0,0.0,0.0,0.0,0.0,2.0,4.0,4.0,159.484,39.86,1.0,9459048
PSA59TQ,913982,2020-11-10 10:00:00-05:00,2020-11-11 17:00:00-05:00,2020-11-10 10:22:06.738000-05:00,2020-11-10 10:28:30.445000-05:00,1,,,,,,Treatment 3,148.385,37.09075,4.0,4.0,,,4.0,4.0,3.0,0.0,0.0,0.0,0.0,0.0,0.0,1.0,4.0,3.0,140.667,26.408,1.0,9458698
PSA59TQ,913985,2020-11-10 10:00:00-05:00,2020-11-11 17:00:00-05:00,2020-11-10 10:22:18.622000-05:00,,1,,,,,,Control 1,117.425,117.416,2.0,1.0,,,1.0,1.0,2.0,0.0,0.0,0.0,0.0,0.0,0.0,1.0,,,,,,9458738
PSA59TQ,913987,2020-11-10 10:00:00-05:00,2020-11-11 17:00:00-05:00,2020-11-10 10:23:52.358000-05:00,,2,,,,,,Control 1,172503.495,57501.157,3.0,3.0,,,3.0,3.0,3.0,0.0,0.0,0.0,0.0,0.0,0.0,2.0,4.0,3.0,215.117,71.6996666666667,1.0,9459053
PSA59TQ,914007,2020-11-10 10:00:00-05:00,2020-11-11 17:00:00-05:00,2020-11-10 10:24:48.217000-05:00,2020-11-10 10:28:24.748000-05:00,1,,,,,,Control 3,82.786,27.588,3.0,3.0,,,3.0,3.0,3.0,0.0,0.0,0.0,0.0,0.0,0.0,1.0,4.0,4.0,107.726,26.92625,1.0,9459204
PSA59TQ,914015,2020-11-10 10:00:00-05:00,2020-11-11 17:00:00-05:00,2020-11-10 10:26:02.600000-05:00,2020-11-10 11:04:21.889000-05:00,1,,,,,,Treatment 1,2032.724,508.174,4.0,4.0,,,4.0,4.0,3.0,0.0,0.0,0.0,0.0,0.0,0.0,1.0,4.0,4.0,148.295,37.0685,1.0,9459437
PSA59TQ,914022,2020-11-10 10:00:00-05:00,2020-11-11 17:00:00-05:00,2020-11-10 10:26:39.709000-05:00,2020-11-10 10:41:48.929000-05:00,1,,,,,,Control 1,402.371,64.417,6.0,5.0,1.0,,6.0,7.0,6.0,0.0,0.0,0.0,0.0,0.0,0.0,1.0,4.0,3.0,441.234,106.39175,1.0,9459546
PSA59TQ,914025,2020-11-10 10:00:00-05:00,2020-11-11 17:00:00-05:00,2020-11-10 10:27:06.731000-05:00,,1,,,,,,Control 1,1583.262,200.029,3.0,2.0,,,3.0,6.0,3.0,0.0,0.0,0.0,0.0,0.0,0.0,1.0,,,,,,9459620
PSA59TQ,914030,2020-11-10 10:00:00-05:00,2020-11-11 17:00:00-05:00,2020-11-10 10:28:00.449000-05:00,2020-11-10 11:26:33.893000-05:00,3,,,,,,Control 2,3313.113,85.9557272727273,11.0,8.0,3.0,2.0,11.0,16.0,11.0,2.0,0.0,0.0,0.0,0.0,2.0,2.0,4.0,3.0,143.782,26.8445,1.0,9459814
PSA59TQ,914138,2020-11-10 10:00:00-05:00,2020-11-11 17:00:00-05:00,2020-11-10 10:50:31.702000-05:00,2020-11-10 11:18:24.075000-05:00,2,,,,,,Control 3,532.74,68.3636666666667,6.0,5.0,1.0,,6.0,7.0,6.0,0.0,0.0,0.0,0.0,0.0,0.0,1.0,4.0,4.0,1009.294,252.31575,2.0,9464035
PSA59TQ,914420,2020-11-20 08:26:02.118000-05:00,,2020-11-20 11:15:23.963000-05:00,2020-11-20 11:24:37.047000-05:00,1,,,,,,Control 2,350.211,46.7181666666667,6.0,5.0,1.0,,6.0,7.0,6.0,0.0,0.0,0.0,0.0,0.0,0.0,1.0,4.0,4.0,137.898,34.46975,1.0,10150523
PSA59TQ,915158,2020-11-20 08:26:02.119000-05:00,,2020-11-20 14:04:37.542000-05:00,,2,,,,,,Control 2,864796.16,86.0124285714286,7.0,3.0,1.0,1.0,7.0,12.0,7.0,4.0,0.0,0.0,0.0,0.0,3.0,2.0,,,,,,10173437
PSA59TQ,915427,2020-11-20 08:26:02.116000-05:00,,2020-12-01 15:07:16.200000-05:00,2020-12-01 15:12:38.320000-05:00,1,,,,,,Control 2,135.901,45.2943333333333,3.0,3.0,,,3.0,3.0,3.0,0.0,0.0,0.0,0.0,0.0,0.0,1.0,4.0,4.0,158.805,39.69575,1.0,10479133
PSA59TQ,915468,2020-11-20 08:26:02.116000-05:00,,2020-11-30 15:38:13.863000-05:00,,3,,,,,,Control 3,54.155,54.155,1.0,0.0,,,1.0,1.0,1.0,0.0,0.0,0.0,0.0,0.0,0.0,1.0,,,,,,10384753
PSA59TQ,915848,2020-11-10 10:00:00-05:00,2020-11-11 17:00:00-05:00,2020-11-10 21:31:45.767000-05:00,2020-11-10 21:47:59.998000-05:00,3,,,,,,Treatment 3,797.166,199.28775,4.0,4.0,,,4.0,4.0,3.0,0.0,0.0,0.0,0.0,0.0,0.0,2.0,4.0,4.0,142.678,35.66575,2.0,9534086
PSA59TQ,916040,2020-11-10 10:00:00-05:00,2020-11-11 17:00:00-05:00,2020-11-11 09:23:10.149000-05:00,2020-11-11 09:27:57.702000-05:00,1,,,,,,Treatment 2,50.285,12.5695,4.0,4.0,,,4.0,4.0,3.0,0.0,0.0,0.0,0.0,0.0,0.0,1.0,4.0,3.0,184.986,40.4155,1.0,9541704
PSA59TQ,916268,2020-11-10 10:00:00-05:00,2020-11-11 17:00:00-05:00,2020-11-11 10:11:46.494000-05:00,2020-11-11 10:19:41.015000-05:00,2,,,,,,Treatment 3,139.816,34.94625,4.0,4.0,,,4.0,4.0,3.0,0.0,0.0,0.0,0.0,0.0,0.0,1.0,4.0,4.0,232.676,58.164,1.0,9546475
PSA59TQ,916269,2020-11-10 10:00:00-05:00,2020-11-11 17:00:00-05:00,2020-11-11 10:12:51.317000-05:00,2020-11-11 10:41:06.869000-05:00,2,,,,,,Control 1,983.291,61.4678,10.0,7.0,2.0,0.0,10.0,15.0,10.0,1.0,0.0,0.0,0.0,0.0,0.0,1.0,4.0,2.0,604.868,103.54875,2.0,9546577
PSA59TQ,916279,2020-11-10 10:00:00-05:00,2020-11-11 17:00:00-05:00,2020-11-11 10:16:14.391000-05:00,,1,,,,,,Treatment 2,730.186,45.3865454545454,11.0,9.0,2.0,1.0,10.0,13.0,9.0,1.0,0.0,0.0,0.0,0.0,0.0,1.0,2.0,1.0,5.934,5.93,1.0,9546994
PSA59TQ,916281,2020-11-10 10:00:00-05:00,2020-11-11 17:00:00-05:00,2020-11-11 10:17:49.574000-05:00,,1,,,,,,Treatment 2,776.984,57.9131428571429,7.0,4.0,1.0,,6.0,8.0,6.0,0.0,0.0,0.0,0.0,0.0,0.0,1.0,,,,,,9547153
PSA59TQ,916282,2020-11-10 10:00:00-05:00,2020-11-11 17:00:00-05:00,2020-11-11 10:17:49.164000-05:00,,1,,,,,,Not Assigned,,,,,,,,,,,,,,,,,,,,,,9547152
PSA59TQ,916290,2020-11-10 10:00:00-05:00,2020-11-11 17:00:00-05:00,2020-11-11 10:19:23.961000-05:00,2020-11-11 10:24:51.912000-05:00,1,,,,,,Control 2,81.282,27.088,3.0,3.0,,,3.0,3.0,3.0,0.0,0.0,0.0,0.0,0.0,0.0,1.0,4.0,3.0,208.412,49.812,1.0,9547350
PSA59TQ,916293,2020-11-10 10:00:00-05:00,2020-11-11 17:00:00-05:00,2020-11-11 10:21:10.565000-05:00,2020-11-11 10:27:33.553000-05:00,1,,,,,,Control 1,151.204,50.396,3.0,3.0,,,3.0,3.0,3.0,0.0,0.0,0.0,0.0,0.0,0.0,1.0,4.0,3.0,179.889,36.91175,1.0,9547525
PSA59TQ,916303,2020-11-10 10:00:00-05:00,2020-11-11 17:00:00-05:00,2020-11-11 10:24:19.082000-05:00,,1,,,,,,Treatment 1,189.879,47.464,4.0,4.0,,,4.0,4.0,3.0,0.0,0.0,0.0,0.0,0.0,0.0,1.0,1.0,,,,1.0,9547945
PSA59TQ,916318,2020-11-10 10:00:00-05:00,2020-11-11 17:00:00-05:00,2020-11-11 10:24:40.568000-05:00,,1,,,,,,Control 2,154.001,51.328,3.0,3.0,,,3.0,3.0,3.0,0.0,0.0,0.0,0.0,0.0,0.0,1.0,2.0,1.0,24.605,24.599,1.0,9547976
PSA59TQ,916328,2020-11-10 10:00:00-05:00,2020-11-11 17:00:00-05:00,2020-11-11 10:25:51.242000-05:00,,1,,,,,,Treatment 1,219.412,122.637,1.0,0.0,,,1.0,2.0,1.0,0.0,0.0,0.0,0.0,0.0,0.0,1.0,,,,,,9548144
PSA59TQ,917680,2020-11-10 10:00:00-05:00,2020-11-11 17:00:00-05:00,2020-11-11 18:53:30.564000-05:00,2020-11-11 18:58:00.233000-05:00,1,,,,,,Treatment 1,162.032,21.2052857142857,7.0,6.0,1.0,,7.0,8.0,6.0,0.0,0.0,0.0,0.0,0.0,0.0,1.0,4.0,3.0,70.77,14.7915,1.0,9586148
PSA59TQ,918252,2020-11-20 08:26:02.114000-05:00,,2020-12-02 09:17:34.406000-05:00,,4,,,,,,Control 1,180388.419,180371.561,1.0,0.0,,,1.0,1.0,1.0,0.0,0.0,0.0,0.0,0.0,0.0,2.0,,,,,,10510563
PSA59TQ,918253,2020-11-20 08:26:02.114000-05:00,,2020-11-30 16:58:12.926000-05:00,2020-12-10 09:58:22.255000-05:00,4,,,,,,Control 1,326822.377,65316.6734,5.0,4.0,1.0,,5.0,6.0,5.0,0.0,0.0,0.0,0.0,0.0,0.0,3.0,4.0,3.0,511926.674,127978.859,2.0,10391417
PSA59TQ,918267,2020-11-20 08:26:02.114000-05:00,,2020-11-20 09:44:27.575000-05:00,,4,,,,,,Control 1,1215543.553,102.413,9.0,3.0,2.0,,8.0,16.0,9.0,0.0,0.0,0.0,0.0,0.0,0.0,2.0,,,,,,10138595
PSA59TQ,918791,2021-01-20 09:45:00-05:00,,2021-01-20 11:43:37.177000-05:00,,1,,,,,,Not Assigned,,,,,,,,,,,,,,,,,,,,,,12323866
PSA59TQ,918793,2021-01-20 09:45:00-05:00,,2021-01-20 11:53:33.516000-05:00,,1,,,,,,Control 3,193.671,64.5553333333333,3.0,3.0,,,3.0,3.0,3.0,0.0,0.0,0.0,0.0,0.0,0.0,1.0,4.0,3.0,447.409,30.34,1.0,12325025
PSA59TQ,918797,2021-01-20 09:45:00-05:00,,2021-01-20 11:44:08.039000-05:00,2021-01-20 11:48:36.180000-05:00,1,,,,,,Treatment 3,173.274,32.4578,5.0,4.0,1.0,,5.0,6.0,4.0,0.0,0.0,0.0,0.0,0.0,0.0,1.0,4.0,1.0,43.443,3.95025,1.0,12323932
PSA59TQ,918803,2021-01-20 09:45:00-05:00,,2021-01-20 11:50:39.083000-05:00,2021-01-20 11:55:50.699000-05:00,1,,,,,,Control 3,191.841,63.9443333333333,3.0,3.0,,,3.0,3.0,3.0,0.0,0.0,0.0,0.0,0.0,0.0,1.0,4.0,1.0,89.239,3.795,1.0,12324665
PSA59TQ,918807,2021-01-20 09:45:00-05:00,,2021-01-20 11:43:04.372000-05:00,2021-01-20 11:48:45.365000-05:00,1,,,,,,Treatment 3,151.314,37.8255,4.0,4.0,,,4.0,4.0,3.0,0.0,0.0,0.0,0.0,0.0,0.0,1.0,4.0,3.0,169.945,41.3245,1.0,12323791
PSA59TQ,918818,2021-01-20 09:45:00-05:00,,2021-01-20 14:55:11.248000-05:00,2021-01-20 15:17:54.013000-05:00,1,,,,,,Treatment 3,1073.864,54.7734666666667,15.0,7.0,5.0,5.0,15.0,25.0,12.0,8.0,0.0,0.0,0.0,0.0,8.0,1.0,4.0,1.0,242.701,51.9395,1.0,12347726
PSA59TQ,918819,2021-01-20 09:45:00-05:00,,2021-01-20 11:57:59.943000-05:00,,1,,,,,,Treatment 2,513.48,59.6335714285714,7.0,6.0,1.0,1.0,7.0,11.0,6.0,1.0,0.0,0.0,0.0,0.0,1.0,1.0,3.0,2.0,322.082,161.0385,1.0,12325539
PSA59TQ,918826,2021-01-20 09:45:00-05:00,,2021-01-20 11:43:42.773000-05:00,,1,,,,,,Control 1,412.388,50.219,6.0,2.0,1.0,1.0,5.0,10.0,6.0,4.0,0.0,0.0,0.0,0.0,4.0,1.0,,,,,,12323879
PSA59TQ,918833,2021-01-20 09:45:00-05:00,,2021-01-20 11:58:40.662000-05:00,,3,,,,,,Control 1,631.548,43.5012,6.0,2.0,1.0,0.0,5.0,11.0,6.0,1.0,0.0,0.0,0.0,0.0,1.0,2.0,,,,,,12325617
PSA59TQ,920635,2020-11-20 08:26:02.118000-05:00,,2020-11-20 10:54:18.715000-05:00,2020-11-20 11:36:53.680000-05:00,2,,,,,,Control 2,68.761,22.9143333333333,3.0,3.0,,,3.0,3.0,3.0,0.0,0.0,0.0,0.0,0.0,0.0,1.0,4.0,3.0,2454.314,46.15075,2.0,10147673
PSA59TQ,921845,2020-11-20 08:26:02.116000-05:00,,2020-11-30 15:25:23.291000-05:00,2020-11-30 15:31:24.609000-05:00,1,,,,,,Control 3,123.521,41.167,3.0,3.0,,,3.0,3.0,3.0,0.0,0.0,0.0,0.0,0.0,0.0,1.0,4.0,2.0,210.905,28.7405,1.0,10383171
PSA59TQ,922364,2021-02-08 15:03:20.982000-05:00,2021-02-10 15:03:00-05:00,2021-02-28 12:04:49.077000-05:00,2021-03-03 19:53:33.079000-05:00,5,,,,,,Control 2,286407.723,148.068428571429,7.0,4.0,1.0,0.0,7.0,14.0,7.0,2.0,0.0,0.0,0.0,0.0,2.0,2.0,4.0,3.0,838.912,197.2235,1.0,14015097
PSA59TQ,922473,2020-11-15 11:37:16.767000-05:00,2020-11-20 15:00:00-05:00,2020-11-16 08:50:39.761000-05:00,2020-11-16 09:06:24.633000-05:00,1,,,,,,Treatment 2,668.843,60.3575,6.0,5.0,1.0,1.0,6.0,11.0,5.0,1.0,0.0,0.0,0.0,0.0,1.0,1.0,4.0,3.0,235.291,35.77675,1.0,9768950
PSA59TQ,922615,2020-11-15 11:37:16.767000-05:00,2020-11-20 15:00:00-05:00,2020-11-16 08:53:08.382000-05:00,2020-11-16 09:02:29.540000-05:00,1,,,,,,Treatment 2,167.012,41.7485,4.0,4.0,,,4.0,4.0,3.0,0.0,0.0,0.0,0.0,0.0,0.0,1.0,4.0,3.0,342.289,66.00025,1.0,9769167
PSA59TQ,922616,2020-11-15 11:37:16.767000-05:00,2020-11-20 15:00:00-05:00,2020-11-20 08:47:10.809000-05:00,,1,,,,,,Not Assigned,,,,,,,,,,,,,,,,,,,,,,10132597
PSA59TQ,922617,2020-11-15 11:37:16.767000-05:00,2020-11-20 15:00:00-05:00,2020-11-18 13:33:44.072000-05:00,2020-11-18 13:49:26.594000-05:00,1,,,,,,Control 2,349.984,116.653333333333,3.0,3.0,,,3.0,3.0,3.0,0.0,0.0,0.0,0.0,0.0,0.0,1.0,4.0,3.0,519.734,127.4715,1.0,10006954
PSA59TQ,922618,2020-11-15 11:37:16.767000-05:00,2020-11-20 15:00:00-05:00,2020-11-16 08:53:10.097000-05:00,2020-11-16 09:01:36.060000-05:00,1,,,,,,Treatment 1,293.297,73.31975,4.0,4.0,,,4.0,4.0,3.0,0.0,0.0,0.0,0.0,0.0,0.0,1.0,4.0,4.0,167.519,41.87475,1.0,9769170
PSA59TQ,922622,2020-11-15 11:37:16.767000-05:00,2020-11-20 15:00:00-05:00,2020-11-16 08:53:50.907000-05:00,2020-11-16 09:08:27.871000-05:00,1,,,,,,Treatment 1,367.815,91.94825,4.0,4.0,,,4.0,4.0,3.0,0.0,0.0,0.0,0.0,0.0,0.0,1.0,4.0,2.0,413.238,50.89075,1.0,9769231
PSA59TQ,922627,2020-11-15 11:37:16.767000-05:00,2020-11-20 15:00:00-05:00,2020-11-16 08:54:13.363000-05:00,,1,,,,,,Control 3,766.554,68.2715,8.0,5.0,2.0,1.0,7.0,10.0,8.0,1.0,0.0,0.0,0.0,0.0,0.0,1.0,1.0,,,,1.0,9769276
PSA59TQ,922644,2020-11-15 11:37:16.767000-05:00,2020-11-20 15:00:00-05:00,2020-11-17 15:19:32.975000-05:00,2020-11-17 15:34:56.350000-05:00,2,,,,,,Control 1,459.82,153.268,3.0,3.0,,,3.0,3.0,3.0,0.0,0.0,0.0,0.0,0.0,0.0,1.0,4.0,4.0,318.922,79.726,1.0,9934220
PSA59TQ,922863,2020-11-15 11:37:16.767000-05:00,2020-11-20 15:00:00-05:00,2020-11-17 09:41:22.173000-05:00,,1,,,,,,Control 3,276.566,43.0112,5.0,3.0,1.0,1.0,3.0,5.0,5.0,2.0,0.0,0.0,0.0,0.0,0.0,1.0,1.0,,,,1.0,9869308
PSA59TQ,922864,2020-11-15 11:37:16.767000-05:00,2020-11-20 15:00:00-05:00,2020-11-16 09:56:35.237000-05:00,2020-11-16 10:01:29.842000-05:00,1,,,,,,Control 2,138.401,20.0451666666667,6.0,5.0,1.0,,6.0,7.0,6.0,0.0,0.0,0.0,0.0,0.0,0.0,1.0,4.0,3.0,131.726,20.9285,1.0,9777626
PSA59TQ,922872,2020-11-15 11:37:16.767000-05:00,2020-11-20 15:00:00-05:00,2020-11-20 09:30:35.195000-05:00,2020-11-20 09:37:32.128000-05:00,1,,,,,,Control 2,105.868,35.2846666666667,3.0,3.0,,,3.0,3.0,3.0,0.0,0.0,0.0,0.0,0.0,0.0,1.0,4.0,2.0,268.321,47.62475,1.0,10136922
PSA59TQ,922894,2020-11-15 11:37:16.767000-05:00,2020-11-20 15:00:00-05:00,2020-11-16 09:59:08.550000-05:00,2020-11-19 09:48:50.069000-05:00,2,,,,,,Treatment 1,258258.9,35.2701666666667,6.0,4.0,1.0,,6.0,13.0,5.0,0.0,0.0,0.0,0.0,0.0,0.0,2.0,4.0,2.0,269.913,19.0245,1.0,9778017
PSA59TQ,922913,2020-11-15 11:37:16.767000-05:00,2020-11-20 15:00:00-05:00,2020-11-16 09:51:00.780000-05:00,2020-11-16 09:56:43.758000-05:00,1,,,,,,Treatment 1,179.441,44.8555,4.0,4.0,,,4.0,4.0,3.0,0.0,0.0,0.0,0.0,0.0,0.0,1.0,4.0,4.0,136.258,34.0595,1.0,9776778
PSA59TQ,923028,2021-02-12 08:25:00-05:00,2021-02-12 14:49:00-05:00,2021-02-13 20:11:57.346000-05:00,2021-02-13 20:15:39.348000-05:00,1,,,,,,Treatment 3,90.582,22.643,4.0,4.0,,,4.0,4.0,3.0,0.0,0.0,0.0,0.0,0.0,0.0,1.0,4.0,4.0,112.972,28.24075,1.0,13489369
PSA59TQ,923047,2020-11-15 11:37:16.767000-05:00,2020-11-20 15:00:00-05:00,2020-11-16 10:19:48.183000-05:00,,1,,,,,,Not Assigned,,,,,,,,,,,,,,,,,,,,,,9781647
PSA59TQ,923142,2020-11-15 11:37:16.767000-05:00,2020-11-20 15:00:00-05:00,2020-11-16 10:38:38.051000-05:00,,1,,,,,,Treatment 2,200.205,50.04575,4.0,4.0,,,4.0,4.0,3.0,0.0,0.0,0.0,0.0,0.0,0.0,1.0,3.0,2.0,467.165,233.564,1.0,9784805
PSA59TQ,923144,2020-11-15 11:37:16.767000-05:00,2020-11-20 15:00:00-05:00,2020-11-16 10:38:59.535000-05:00,2020-11-16 10:49:01.977000-05:00,1,,,,,,Control 2,435.935,33.4733333333333,6.0,3.0,1.0,,6.0,13.0,6.0,0.0,0.0,0.0,0.0,0.0,0.0,1.0,4.0,4.0,122.378,30.59025,1.0,9784866
PSA59TQ,923148,2020-11-15 11:37:16.767000-05:00,2020-11-20 15:00:00-05:00,2020-11-16 10:39:15.386000-05:00,2020-11-16 10:48:41.174000-05:00,1,,,,,,Treatment 2,132.419,33.10025,4.0,4.0,,,4.0,4.0,3.0,0.0,0.0,0.0,0.0,0.0,0.0,1.0,4.0,2.0,375.786,46.04325,1.0,9784930
PSA59TQ,923153,2020-11-15 11:37:16.767000-05:00,2020-11-20 15:00:00-05:00,2020-11-17 08:42:59.712000-05:00,2020-11-17 08:49:31.737000-05:00,1,,,,,,Control 1,173.743,57.9096666666667,3.0,3.0,,,3.0,3.0,3.0,0.0,0.0,0.0,0.0,0.0,0.0,1.0,4.0,4.0,162.066,40.51225,1.0,9861208
PSA59TQ,923156,2020-11-15 11:37:16.767000-05:00,2020-11-20 15:00:00-05:00,2020-12-02 11:32:25.443000-05:00,2020-12-02 11:47:13.170000-05:00,1,,,,,,Control 3,591.547,197.163,3.0,3.0,,,3.0,3.0,3.0,0.0,0.0,0.0,0.0,0.0,0.0,1.0,4.0,4.0,251.761,62.9355,1.0,10534347
PSA59TQ,923159,2020-11-15 11:37:16.767000-05:00,2020-11-20 15:00:00-05:00,2020-11-17 10:35:29.986000-05:00,2020-11-17 10:41:33.839000-05:00,1,,,,,,Control 3,167.803,55.9263333333333,3.0,3.0,,,3.0,3.0,3.0,0.0,0.0,0.0,0.0,0.0,0.0,1.0,4.0,4.0,164.044,41.00675,1.0,9878833
PSA59TQ,924369,2020-11-15 11:37:16.767000-05:00,2020-11-20 15:00:00-05:00,2020-11-16 14:44:38.360000-05:00,,1,,,,,,Control 1,248.989,82.993,3.0,3.0,,,3.0,3.0,3.0,0.0,0.0,0.0,0.0,0.0,0.0,1.0,1.0,,,,1.0,9830298
PSA59TQ,924594,2020-11-15 11:37:16.767000-05:00,2020-11-20 15:00:00-05:00,2020-11-16 16:08:53.481000-05:00,,1,,,,,,Control 1,892.71,122.296833333333,6.0,5.0,1.0,,6.0,7.0,6.0,0.0,0.0,0.0,0.0,0.0,0.0,1.0,1.0,,,,1.0,9840864
PSA59TQ,927319,2021-01-19 15:30:00-05:00,2021-01-22 18:07:00-05:00,2021-01-20 09:43:36.781000-05:00,,1,,,,,,Not Assigned,,,,,,,,,,,,,,,,,,,,,,12308530
PSA59TQ,928280,2020-11-20 08:26:02.117000-05:00,,2020-12-04 12:55:07.924000-05:00,2020-12-04 13:20:21.341000-05:00,1,,,,,,Control 1,747.142,249.040333333333,3.0,3.0,,,3.0,3.0,3.0,0.0,0.0,0.0,0.0,0.0,0.0,1.0,4.0,3.0,726.432,150.4845,1.0,10722039
PSA59TQ,928577,2021-02-09 13:50:00-05:00,2021-02-10 12:45:00-05:00,2021-02-09 14:12:38.067000-05:00,,1,,,,,,Treatment 2,745.038,105.311333333333,4.0,1.0,1.0,,3.0,6.0,3.0,0.0,0.0,0.0,0.0,0.0,0.0,1.0,,,,,,13298301
PSA59TQ,928974,2020-11-15 11:37:16.767000-05:00,2020-11-20 15:00:00-05:00,2020-11-19 08:48:25.486000-05:00,2020-11-19 09:03:18.726000-05:00,1,,,,,,Treatment 3,460.107,115.02175,4.0,4.0,,,4.0,4.0,3.0,0.0,0.0,0.0,0.0,0.0,0.0,1.0,4.0,3.0,367.793,63.86425,1.0,10043741
PSA59TQ,929368,2020-11-15 11:37:16.767000-05:00,2020-11-20 15:00:00-05:00,2020-11-19 10:36:09.617000-05:00,2020-11-19 10:42:59.272000-05:00,1,,,,,,Treatment 2,227.505,56.87175,4.0,4.0,,,4.0,4.0,3.0,0.0,0.0,0.0,0.0,0.0,0.0,1.0,4.0,4.0,137.109,34.2735,1.0,10060166
PSA59TQ,929726,2020-11-20 08:26:02.117000-05:00,,2020-12-09 12:36:39.490000-05:00,2020-12-11 08:43:26.880000-05:00,3,,,,,,Treatment 3,536.701,94.4126,5.0,4.0,1.0,,5.0,6.0,4.0,0.0,0.0,0.0,0.0,0.0,0.0,1.0,4.0,3.0,158153.383,21662.33925,3.0,10977056
PSA59TQ,929748,2020-11-20 08:26:02.117000-05:00,,2020-11-20 12:24:19.410000-05:00,,3,,,,,,Treatment 1,1728888.26,63.2503333333333,3.0,2.0,,,3.0,5.0,3.0,0.0,0.0,0.0,0.0,0.0,0.0,2.0,,,,,,10160318
PSA59TQ,930014,2021-01-19 15:30:00-05:00,2021-01-22 18:07:00-05:00,2021-01-26 14:03:26.244000-05:00,2021-01-26 15:21:09.652000-05:00,1,,,,,,Treatment 2,101.294,25.31675,4.0,4.0,,,4.0,4.0,3.0,0.0,0.0,0.0,0.0,0.0,0.0,1.0,4.0,4.0,832.327,208.0745,1.0,12624045
PSA59TQ,931420,2020-11-23 09:00:00-05:00,2020-11-24 15:58:00-05:00,2020-11-23 11:53:51.370000-05:00,2020-11-23 11:58:49.992000-05:00,1,,,,,,Control 3,162.373,21.4288333333333,6.0,5.0,1.0,,5.0,6.0,6.0,0.0,0.0,0.0,0.0,0.0,0.0,1.0,4.0,4.0,76.584,19.1395,1.0,10222040
PSA59TQ,931533,2020-11-20 08:26:02.118000-05:00,,2020-12-04 12:04:46.639000-05:00,,1,,,,,,Control 2,839.665,62.3872857142857,8.0,3.0,1.0,1.0,7.0,13.0,8.0,2.0,0.0,0.0,0.0,0.0,2.0,1.0,,,,,,10714511
PSA59TQ,931535,2020-11-20 08:26:02.118000-05:00,,2020-11-20 11:32:54.864000-05:00,2020-12-11 11:42:42.533000-05:00,3,,,,,,Control 2,1814689.731,73.9671666666667,12.0,5.0,2.0,,12.0,25.0,12.0,0.0,0.0,0.0,0.0,0.0,0.0,2.0,4.0,4.0,183.149,45.7825,1.0,10152862
PSA59TQ,931541,2020-11-20 08:26:02.118000-05:00,,2020-12-04 12:11:27.638000-05:00,2020-12-04 12:17:20.673000-05:00,1,,,,,,Treatment 2,107.658,26.9085,4.0,4.0,,,4.0,4.0,3.0,0.0,0.0,0.0,0.0,0.0,0.0,1.0,4.0,3.0,164.439,38.09275,1.0,10715574
PSA59TQ,931582,2020-11-20 08:26:02.118000-05:00,,2020-11-20 11:11:47.029000-05:00,2020-11-30 11:28:01.300000-05:00,2,,,,,,Treatment 1,863740.338,123335.383714286,7.0,6.0,1.0,1.0,7.0,11.0,6.0,1.0,0.0,0.0,0.0,0.0,1.0,2.0,4.0,2.0,176.406,36.3845,1.0,10150098
PSA59TQ,931686,2020-11-20 08:26:02.117000-05:00,,2020-11-20 11:57:57.857000-05:00,,1,,,,,,Control 3,,,1.0,,,,,0.0,1.0,0.0,0.0,0.0,0.0,0.0,0.0,1.0,,,,,,10156547
PSA59TQ,931712,2020-11-20 08:26:02.117000-05:00,,2020-11-20 12:29:21.482000-05:00,,4,,,,,,Control 3,1814885.866,151168.232083333,12.0,6.0,3.0,0.0,12.0,31.0,12.0,2.0,0.0,0.0,0.0,0.0,2.0,4.0,4.0,1.0,389.327,55.341,1.0,10161044
PSA59TQ,931716,2020-11-20 08:26:02.117000-05:00,,2020-11-20 12:25:49.996000-05:00,2020-11-20 12:35:10.224000-05:00,1,,,,,,Treatment 3,185.644,46.4055,4.0,4.0,,,4.0,4.0,3.0,0.0,0.0,0.0,0.0,0.0,0.0,1.0,4.0,4.0,147.528,36.877,1.0,10160552
PSA59TQ,931730,2020-11-20 08:26:02.117000-05:00,,2020-11-20 12:05:52.095000-05:00,2020-11-20 12:31:35.581000-05:00,2,,,,,,Control 3,152.045,50.6733333333333,3.0,3.0,,,3.0,3.0,3.0,0.0,0.0,0.0,0.0,0.0,0.0,1.0,4.0,4.0,829.071,207.259,2.0,10157767
PSA59TQ,932130,2020-11-20 08:26:02.119000-05:00,,2020-12-11 14:30:41.002000-05:00,,1,,,,,,Control 1,,,1.0,,,,,0.0,1.0,0.0,0.0,0.0,0.0,0.0,0.0,1.0,,,,,,11146660
PSA59TQ,932136,2020-11-20 08:26:02.119000-05:00,,2020-12-08 13:53:34.253000-05:00,2020-12-11 14:36:08.936000-05:00,3,,,,,,Control 1,175902.005,87.9611666666667,12.0,4.0,3.0,1.0,12.0,25.0,12.0,6.0,0.0,0.0,0.0,0.0,6.0,2.0,4.0,2.0,85747.406,35.5845,2.0,10905931
PSA59TQ,932144,2020-11-20 08:26:02.119000-05:00,,2020-11-20 14:12:57.841000-05:00,2020-11-20 14:34:22.133000-05:00,1,,,,,,Control 1,1092.565,55.5448,10.0,3.0,2.0,,9.0,18.0,10.0,1.0,0.0,0.0,0.0,0.0,0.0,1.0,4.0,1.0,68.095,6.5755,1.0,10174562
PSA59TQ,932952,2021-03-18 06:00:00-04:00,2021-03-19 14:47:00-04:00,2021-03-18 10:05:48.772000-04:00,2021-03-18 10:19:14.742000-04:00,1,,,,,,Control 2,569.013,101.1578,5.0,4.0,1.0,,5.0,6.0,5.0,0.0,0.0,0.0,0.0,0.0,0.0,1.0,4.0,4.0,175.955,43.982,1.0,14786026
PSA59TQ,934768,2020-11-23 09:00:00-05:00,2020-11-24 15:58:00-05:00,2020-11-24 22:01:25.831000-05:00,,2,,,,,,Control 1,495756.374,757.033666666667,3.0,2.0,,,3.0,4.0,3.0,0.0,0.0,0.0,0.0,0.0,0.0,2.0,,,,,,10292615
PSA59TQ,935638,2021-08-20 12:35:00-04:00,2021-08-20 13:20:00-04:00,2021-08-20 12:48:56.965000-04:00,2021-08-20 12:59:32.384000-04:00,1,,,,,,Control 1,410.109,39.4291666666667,6.0,4.0,2.0,2.0,5.0,7.0,6.0,2.0,0.0,0.0,0.0,0.0,0.0,1.0,4.0,3.0,144.496,31.2365,1.0,16860504
PSA59TQ,936668,2020-11-23 09:00:00-05:00,2020-11-24 15:58:00-05:00,2020-11-30 18:01:40.606000-05:00,,1,,,,,,Not Assigned,,,,,,,,,,,,,,,,,,,,,,10394668
PSA59TQ,936915,2021-04-26 12:03:41.928000-04:00,2021-04-26 23:59:00-04:00,2021-04-27 12:03:33.196000-04:00,2021-04-27 12:07:27.273000-04:00,1,,,,,,Control 2,98.654,32.8736666666667,3.0,3.0,,,3.0,3.0,3.0,0.0,0.0,0.0,0.0,0.0,0.0,1.0,4.0,4.0,99.237,24.80225,1.0,15920883
PSA59TQ,937387,2020-11-20 08:26:02.116000-05:00,,2020-12-04 15:35:42.083000-05:00,2020-12-05 14:37:54.293000-05:00,2,,,,,,Treatment 1,82776.843,45.8472857142857,7.0,6.0,1.0,,7.0,9.0,6.0,0.0,0.0,0.0,0.0,0.0,0.0,2.0,4.0,4.0,96.849,24.206,1.0,10741057
PSA59TQ,937409,2020-11-20 08:26:02.116000-05:00,,2020-11-30 15:24:05.831000-05:00,2020-11-30 15:39:15.262000-05:00,1,,,,,,Treatment 3,168.936,42.22625,4.0,4.0,,,4.0,4.0,3.0,0.0,0.0,0.0,0.0,0.0,0.0,1.0,4.0,4.0,684.45,171.106,1.0,10383025
PSA59TQ,937417,2020-11-20 08:26:02.116000-05:00,,2020-12-08 14:54:10.778000-05:00,2020-12-09 15:26:09.967000-05:00,2,,,,,,Treatment 2,418.796,55.7455,6.0,5.0,1.0,1.0,6.0,7.0,5.0,1.0,0.0,0.0,0.0,0.0,1.0,1.0,4.0,2.0,87853.238,44.242,2.0,10916444
PSA59TQ,940559,2021-05-12 07:53:15.655000-04:00,2021-05-12 23:59:00-04:00,2021-06-03 17:45:23.375000-04:00,2021-06-03 17:51:07.048000-04:00,1,,,,,,Control 3,182.786,60.9243333333333,3.0,3.0,,,3.0,3.0,3.0,0.0,0.0,0.0,0.0,0.0,0.0,1.0,4.0,4.0,134.184,33.54225,1.0,16702927
PSA59TQ,943210,2021-01-20 09:45:00-05:00,,2021-01-20 10:00:03.394000-05:00,2021-01-20 10:09:02.247000-05:00,1,,,,,,Control 1,427.088,86.133,4.0,3.0,1.0,,4.0,6.0,4.0,0.0,0.0,0.0,0.0,0.0,0.0,1.0,4.0,4.0,79.663,19.9125,1.0,12310389
PSA59TQ,943211,2021-01-20 09:45:00-05:00,,2021-01-20 10:00:19.210000-05:00,2021-01-20 10:10:18.519000-05:00,1,,,,,,Treatment 3,339.083,49.0355,6.0,5.0,1.0,,6.0,7.0,5.0,0.0,0.0,0.0,0.0,0.0,0.0,1.0,4.0,3.0,240.655,54.916,1.0,12310417
PSA59TQ,943212,2021-01-20 09:45:00-05:00,,2021-01-20 10:03:33.370000-05:00,2021-01-20 10:13:06.276000-05:00,1,,,,,,Control 2,252.556,84.1806666666667,3.0,3.0,,,3.0,3.0,3.0,0.0,0.0,0.0,0.0,0.0,0.0,1.0,4.0,2.0,294.768,52.11575,1.0,12310874
PSA59TQ,943213,2021-01-20 09:45:00-05:00,,2021-01-20 10:00:26.492000-05:00,2021-01-20 10:07:46.348000-05:00,1,,,,,,Control 3,158.097,52.696,3.0,3.0,,,3.0,3.0,3.0,0.0,0.0,0.0,0.0,0.0,0.0,1.0,4.0,3.0,263.746,45.7095,1.0,12310439
PSA59TQ,943214,2021-01-20 09:45:00-05:00,,2021-01-20 10:08:07.767000-05:00,2021-01-20 10:12:51.115000-05:00,1,,,,,,Control 3,99.079,33.0226666666667,3.0,3.0,,,3.0,3.0,3.0,0.0,0.0,0.0,0.0,0.0,0.0,1.0,4.0,3.0,151.762,19.69725,1.0,12311444
PSA59TQ,943215,2021-01-20 09:45:00-05:00,,2021-01-20 10:02:59.656000-05:00,2021-01-20 10:15:53.725000-05:00,1,,,,,,Treatment 3,310.91,77.7245,4.0,4.0,,,4.0,4.0,3.0,0.0,0.0,0.0,0.0,0.0,0.0,1.0,4.0,2.0,386.51,73.707,1.0,12310813
PSA59TQ,943216,2021-01-20 09:45:00-05:00,,2021-01-20 10:04:32.403000-05:00,2021-01-20 10:10:15.064000-05:00,2,,,,,,Treatment 1,155.623,38.90225,4.0,4.0,,,4.0,4.0,3.0,0.0,0.0,0.0,0.0,0.0,0.0,2.0,4.0,4.0,141.511,35.37575,1.0,12310978
PSA59TQ,943217,2021-01-20 09:45:00-05:00,,2021-01-20 10:05:53.795000-05:00,,1,,,,,,Control 2,247.137,42.58075,4.0,2.0,0.0,0.0,3.0,4.0,4.0,2.0,0.0,0.0,0.0,0.0,2.0,1.0,,,,,,12311144
PSA59TQ,943218,2021-01-20 09:45:00-05:00,,2021-01-20 10:00:51.136000-05:00,2021-01-20 10:21:40.972000-05:00,1,,,,,,Treatment 2,806.581,58.6921818181818,11.0,7.0,3.0,3.0,11.0,16.0,9.0,4.0,0.0,0.0,0.0,0.0,4.0,1.0,4.0,3.0,411.989,93.998,1.0,12310505
PSA59TQ,943219,2021-01-20 09:45:00-05:00,,2021-01-20 09:59:03.751000-05:00,,1,,,,,,Control 3,1165.907,88.5462222222222,9.0,6.0,3.0,,9.0,14.0,9.0,0.0,0.0,0.0,0.0,0.0,0.0,1.0,4.0,2.0,389.379,52.8803333333333,1.0,12310258
PSA59TQ,943221,2021-01-20 09:45:00-05:00,,2021-01-20 10:02:09.245000-05:00,2021-01-20 10:12:13.493000-05:00,1,,,,,,Control 2,427.021,54.3396,5.0,4.0,1.0,1.0,5.0,7.0,5.0,1.0,0.0,0.0,0.0,0.0,1.0,1.0,4.0,1.0,149.405,24.76025,1.0,12310677
PSA59TQ,943223,2021-01-20 09:45:00-05:00,,2021-01-20 10:00:40.205000-05:00,2021-01-20 10:14:23.576000-05:00,1,,,,,,Treatment 2,656.107,25.1324285714286,14.0,8.0,4.0,4.0,13.0,24.0,11.0,6.0,0.0,0.0,0.0,0.0,5.0,1.0,4.0,2.0,99.388,16.16175,1.0,12310473
PSA59TQ,943436,2021-01-20 09:45:00-05:00,,2021-01-20 11:54:13.660000-05:00,2021-01-20 11:57:50.770000-05:00,1,,,,,,Control 2,56.091,18.6903333333333,3.0,3.0,,,3.0,3.0,3.0,0.0,0.0,0.0,0.0,0.0,0.0,1.0,4.0,2.0,143.038,17.78375,1.0,12325143
PSA59TQ,943437,2021-01-20 09:45:00-05:00,,2021-01-20 11:49:58.998000-05:00,2021-01-20 11:54:33.474000-05:00,1,,,,,,Control 1,184.754,61.5803333333333,3.0,3.0,,,3.0,3.0,3.0,0.0,0.0,0.0,0.0,0.0,0.0,1.0,4.0,1.0,62.38,6.53125,1.0,12324602
PSA59TQ,943438,2021-01-20 09:45:00-05:00,,2021-01-20 11:52:10.031000-05:00,2021-01-20 12:02:14.876000-05:00,1,,,,,,Control 2,379.978,55.7454,5.0,3.0,1.0,1.0,4.0,8.0,5.0,2.0,0.0,0.0,0.0,0.0,2.0,1.0,4.0,4.0,190.038,47.505,1.0,12324841
PSA59TQ,943618,2021-01-14 11:20:27.267000-05:00,2021-03-26 12:22:00-04:00,2021-03-11 13:16:41.079000-05:00,,1,,,,,,Control 2,169.609,34.3443333333333,3.0,0.0,0.0,0.0,3.0,6.0,3.0,1.0,0.0,0.0,0.0,0.0,1.0,1.0,,,,,,14550661
PSA59TQ,943819,2021-01-20 09:45:00-05:00,,2021-01-20 14:46:17.612000-05:00,2021-01-20 15:04:31.247000-05:00,1,,,,,,Treatment 1,834.497,44.9927692307692,13.0,9.0,3.0,1.0,13.0,23.0,10.0,1.0,0.0,0.0,0.0,0.0,1.0,1.0,4.0,4.0,209.804,52.4485,1.0,12346843
PSA59TQ,943821,2021-01-20 09:45:00-05:00,,2021-01-20 14:53:25.231000-05:00,2021-01-20 15:03:23.352000-05:00,1,,,,,,Treatment 3,434.861,32.5112,10.0,8.0,2.0,,10.0,12.0,8.0,0.0,0.0,0.0,0.0,0.0,0.0,1.0,4.0,2.0,121.67,15.6,1.0,12347546
PSA59TQ,943822,2021-01-20 09:45:00-05:00,,2021-01-20 14:46:04.546000-05:00,2021-01-20 14:52:24.334000-05:00,1,,,,,,Control 2,149.611,49.867,3.0,3.0,,,3.0,3.0,3.0,0.0,0.0,0.0,0.0,0.0,0.0,1.0,4.0,3.0,176.892,41.73925,1.0,12346826
PSA59TQ,943823,2021-01-20 09:45:00-05:00,,2021-01-20 14:53:19.234000-05:00,2021-01-20 14:58:41.514000-05:00,1,,,,,,Treatment 1,131.004,32.74775,4.0,4.0,,,4.0,4.0,3.0,0.0,0.0,0.0,0.0,0.0,0.0,1.0,4.0,2.0,164.078,24.86725,1.0,12347535
PSA59TQ,943824,2021-01-20 09:45:00-05:00,,2021-01-20 14:45:31.540000-05:00,2021-01-20 14:50:46.599000-05:00,1,,,,,,Control 1,185.519,27.9152,5.0,4.0,1.0,,5.0,6.0,5.0,0.0,0.0,0.0,0.0,0.0,0.0,1.0,4.0,3.0,101.932,20.565,1.0,12346761
PSA59TQ,943825,2021-01-20 09:45:00-05:00,,2021-01-20 14:46:54.844000-05:00,2021-01-20 15:00:30.899000-05:00,1,,,,,,Treatment 3,143.874,35.96475,4.0,4.0,,,4.0,4.0,3.0,0.0,0.0,0.0,0.0,0.0,0.0,1.0,4.0,4.0,172.899,43.22125,1.0,12346906
PSA59TQ,943826,2021-01-20 09:45:00-05:00,,2021-01-20 14:45:56.496000-05:00,2021-01-20 15:07:04.805000-05:00,1,,,,,,Control 3,1186.562,48.8372,10.0,4.0,3.0,1.0,9.0,17.0,10.0,2.0,0.0,0.0,0.0,0.0,1.0,1.0,4.0,1.0,38.712,3.9455,1.0,12346806
PSA59TQ,943827,2021-01-20 09:45:00-05:00,,2021-01-20 14:35:52.133000-05:00,2021-01-20 14:58:42.347000-05:00,2,,,,,,Control 2,222.616,10.3805454545455,11.0,3.0,2.0,2.0,4.0,12.0,11.0,8.0,0.0,0.0,0.0,0.0,8.0,1.0,4.0,1.0,85.498,11.346,1.0,12345503
PSA59TQ,943828,2021-01-20 09:45:00-05:00,,2021-01-20 14:54:36.063000-05:00,2021-01-20 15:00:38.004000-05:00,1,,,,,,Control 3,264.685,35.1685,4.0,3.0,1.0,,4.0,7.0,4.0,0.0,0.0,0.0,0.0,0.0,0.0,1.0,4.0,4.0,71.024,17.75275,1.0,12347657
PSA59TQ,943829,2021-01-20 09:45:00-05:00,,2021-01-20 14:53:33.034000-05:00,,1,,,,,,Control 1,1659.036,312.8725,2.0,0.0,0.0,0.0,2.0,5.0,2.0,1.0,0.0,0.0,0.0,0.0,1.0,1.0,,,,,,12347554
PSA59TQ,943830,2021-01-20 09:45:00-05:00,,2021-01-20 14:55:28.682000-05:00,,1,,,,,,Control 3,440.899,49.8776666666667,7.0,2.0,1.0,1.0,3.0,7.0,7.0,3.0,0.0,0.0,0.0,0.0,2.0,1.0,,,,,,12347749
PSA59TQ,943832,2021-01-20 09:45:00-05:00,,2021-01-20 14:55:50.686000-05:00,2021-01-20 15:04:15.205000-05:00,1,,,,,,Control 3,151.604,50.531,3.0,3.0,,,3.0,3.0,3.0,0.0,0.0,0.0,0.0,0.0,0.0,1.0,4.0,3.0,332.02,78.90125,1.0,12347781
PSA59TQ,945096,2020-12-06 10:46:27.532000-05:00,,2021-01-05 12:21:04.240000-05:00,,1,,,,,,Not Assigned,,,,,,,,,,,,,,,,,,,,,,11596566
PSA59TQ,945490,2021-02-09 13:50:00-05:00,2021-02-10 12:45:00-05:00,2021-02-09 14:08:56.783000-05:00,2021-02-09 14:26:18.459000-05:00,1,,,,,,Control 3,744.282,54.4852727272727,11.0,6.0,3.0,3.0,10.0,15.0,11.0,5.0,0.0,0.0,0.0,0.0,5.0,1.0,4.0,1.0,232.694,50.18875,1.0,13297709
PSA59TQ,947998,2021-04-26 12:03:41.928000-04:00,2021-04-26 23:59:00-04:00,2021-04-26 12:06:29.952000-04:00,2021-04-26 12:28:11.059000-04:00,1,,,,,,Control 1,567.03,94.9742,5.0,4.0,1.0,,5.0,6.0,5.0,0.0,0.0,0.0,0.0,0.0,0.0,1.0,4.0,4.0,485.491,121.36875,1.0,15875838
PSA59TQ,948334,2021-02-09 13:50:00-05:00,2021-02-10 12:45:00-05:00,2021-02-09 14:39:43.404000-05:00,2021-02-09 14:50:31.847000-05:00,1,,,,,,Control 2,337.765,112.581,3.0,3.0,,,3.0,3.0,3.0,0.0,0.0,0.0,0.0,0.0,0.0,1.0,4.0,4.0,291.131,72.77725,1.0,13302705
PSA59TQ,948339,2021-02-09 13:50:00-05:00,2021-02-10 12:45:00-05:00,2021-02-09 14:02:36.030000-05:00,2021-02-09 15:14:11.617000-05:00,2,,,,,,Treatment 2,1160.991,87.0424285714286,7.0,5.0,1.0,,7.0,12.0,6.0,0.0,0.0,0.0,0.0,0.0,0.0,1.0,4.0,3.0,912.338,71.5145,1.0,13296612
PSA59TQ,949832,2021-01-20 09:45:00-05:00,,2021-01-20 09:53:48.134000-05:00,2021-01-20 10:16:48.980000-05:00,1,,,,,,Treatment 1,585.463,115.7554,5.0,4.0,1.0,,5.0,6.0,4.0,0.0,0.0,0.0,0.0,0.0,0.0,1.0,4.0,4.0,112.755,28.185,1.0,12309657
PSA59TQ,953668,2021-03-18 06:00:00-04:00,2021-03-19 14:47:00-04:00,2021-03-18 07:52:59.979000-04:00,2021-03-18 11:07:07.241000-04:00,2,,,,,,Control 1,790.081,263.354,3.0,3.0,,,3.0,3.0,3.0,0.0,0.0,0.0,0.0,0.0,0.0,1.0,4.0,1.0,10767.498,2679.2195,2.0,14777913
PSA59TQ,954143,2021-02-12 08:25:00-05:00,2021-02-12 14:49:00-05:00,2021-02-12 16:04:58.451000-05:00,2021-02-12 16:14:07.340000-05:00,1,,,,,,Treatment 2,250.539,62.627,4.0,4.0,,,4.0,4.0,3.0,0.0,0.0,0.0,0.0,0.0,0.0,1.0,4.0,2.0,273.006,30.18975,1.0,13482989
PSA59TQ,959043,2020-12-08 13:57:37.388000-05:00,2021-01-29 13:59:00-05:00,2021-01-28 20:26:09.469000-05:00,2021-01-28 20:36:22.854000-05:00,1,,,,,,Treatment 1,357.697,30.4082857142857,7.0,6.0,1.0,1.0,7.0,10.0,6.0,1.0,0.0,0.0,0.0,0.0,1.0,1.0,4.0,3.0,229.379,31.26,1.0,12789049
PSA59TQ,964910,2021-02-08 15:03:20.982000-05:00,2021-02-10 15:03:00-05:00,2021-02-09 12:00:13.308000-05:00,2021-02-09 12:05:23.639000-05:00,1,,,,,,Treatment 3,146.329,36.57125,4.0,4.0,,,4.0,4.0,3.0,0.0,0.0,0.0,0.0,0.0,0.0,1.0,4.0,4.0,129.402,32.34375,1.0,13278150
PSA59TQ,965041,2021-01-04 14:50:51.401000-05:00,2021-01-10 00:00:00-05:00,2021-02-19 09:35:15.577000-05:00,,1,,,,,,Not Assigned,,,,,,,,,,,,,,,,,,,,,,13655725
PSA59TQ,967543,2021-04-08 15:25:00-04:00,2021-04-09 16:15:00-04:00,2021-04-09 16:02:04.309000-04:00,,2,,,,,,Control 1,259069.02,82.380375,8.0,5.0,3.0,2.0,8.0,11.0,8.0,2.0,0.0,0.0,0.0,0.0,1.0,2.0,1.0,,,,1.0,15412085
PSA59TQ,967544,2021-04-08 15:25:00-04:00,2021-04-09 16:15:00-04:00,2021-04-12 16:10:40.113000-04:00,2021-04-12 16:21:12.413000-04:00,1,,,,,,Control 3,118.82,39.5996666666667,3.0,3.0,,,3.0,3.0,3.0,0.0,0.0,0.0,0.0,0.0,0.0,1.0,4.0,3.0,458.666,100.2905,1.0,15460481
PSA59TQ,968280,2021-05-21 08:43:29.605000-04:00,2021-05-21 23:59:00-04:00,2021-05-21 16:35:19.005000-04:00,2021-05-22 04:33:46.414000-04:00,2,,,,,,Control 3,41629.503,3787.5547,10.0,4.0,2.0,1.0,10.0,23.0,10.0,4.0,0.0,0.0,0.0,0.0,3.0,2.0,4.0,4.0,1413.116,353.27525,1.0,16562936
PSA59TQ,972333,2021-02-23 08:30:00-05:00,2021-02-23 23:59:00-05:00,2021-02-23 09:49:46.408000-05:00,2021-02-23 09:56:20.048000-05:00,1,,,,,,Control 2,117.269,39.0786666666667,3.0,3.0,,,3.0,3.0,3.0,0.0,0.0,0.0,0.0,0.0,0.0,1.0,4.0,3.0,203.633,33.1695,1.0,13774562
PSA59TQ,972351,2021-02-23 08:30:00-05:00,2021-02-23 23:59:00-05:00,2021-02-23 09:28:11.343000-05:00,2021-02-23 09:31:50.934000-05:00,1,,,,,,Treatment 3,116.126,29.02475,4.0,4.0,,,4.0,4.0,3.0,0.0,0.0,0.0,0.0,0.0,0.0,1.0,4.0,4.0,65.7,16.41875,1.0,13772025
PSA59TQ,972359,2021-02-23 08:30:00-05:00,2021-02-23 23:59:00-05:00,2021-02-23 10:19:50.250000-05:00,,1,,,,,,Control 3,118.322,39.4193333333333,3.0,3.0,,,3.0,3.0,3.0,0.0,0.0,0.0,0.0,0.0,0.0,1.0,1.0,,,,1.0,13778779
PSA59TQ,972362,2021-02-23 08:30:00-05:00,2021-02-23 23:59:00-05:00,2021-02-23 09:43:27.162000-05:00,2021-02-23 09:49:25.325000-05:00,1,,,,,,Control 3,224.122,74.687,3.0,3.0,,,3.0,3.0,3.0,0.0,0.0,0.0,0.0,0.0,0.0,1.0,4.0,4.0,113.946,28.47025,1.0,13773691
PSA59TQ,972375,2021-02-23 08:30:00-05:00,2021-02-23 23:59:00-05:00,2021-02-23 09:44:11.866000-05:00,2021-02-23 10:00:46.465000-05:00,1,,,,,,Treatment 1,206.462,51.59575,4.0,4.0,,,4.0,4.0,3.0,0.0,0.0,0.0,0.0,0.0,0.0,1.0,4.0,3.0,767.608,189.75825,1.0,13773785
PSA59TQ,972441,2021-02-23 08:30:00-05:00,2021-02-23 23:59:00-05:00,2021-02-23 09:54:19.658000-05:00,2021-02-23 10:03:55.976000-05:00,1,,,,,,Treatment 1,242.017,60.49775,4.0,4.0,,,4.0,4.0,3.0,0.0,0.0,0.0,0.0,0.0,0.0,1.0,4.0,2.0,297.216,64.4065,1.0,13775125
PSA59TQ,972891,2021-01-20 09:45:00-05:00,,2021-01-20 14:59:27.741000-05:00,2021-01-20 15:17:25.449000-05:00,1,,,,,,Control 3,844.214,40.52,8.0,5.0,2.0,2.0,8.0,29.0,8.0,3.0,0.0,0.0,0.0,0.0,2.0,1.0,4.0,2.0,203.518,29.791,1.0,12348117
PSA59TQ,972894,2021-01-20 09:45:00-05:00,,2021-01-20 15:02:09.340000-05:00,2021-01-20 15:24:55.384000-05:00,1,,,,,,Treatment 1,1082.232,43.3240909090909,11.0,8.0,3.0,2.0,10.0,17.0,9.0,2.0,0.0,0.0,0.0,0.0,0.0,1.0,4.0,3.0,238.323,18.70275,1.0,12348421
PSA59TQ,973244,2021-02-23 08:30:00-05:00,2021-02-23 23:59:00-05:00,2021-02-23 09:50:19.937000-05:00,2021-02-23 10:11:22.624000-05:00,2,,,,,,Control 1,1119.92,72.5891666666667,6.0,5.0,1.0,1.0,6.0,10.0,6.0,1.0,0.0,0.0,0.0,0.0,1.0,2.0,4.0,4.0,95.641,23.9,1.0,13774627
PSA59TQ,974857,2021-02-08 15:03:20.982000-05:00,2021-02-10 15:03:00-05:00,2021-02-09 22:50:20.654000-05:00,2021-02-19 19:17:49.363000-05:00,2,,,,,,Control 2,971.614,97.9504285714286,7.0,3.0,1.0,1.0,7.0,16.0,7.0,4.0,0.0,0.0,0.0,0.0,4.0,1.0,4.0,1.0,850181.377,69.63125,2.0,13323226
PSA59TQ,980320,2021-02-08 15:03:20.984000-05:00,2021-02-10 15:03:00-05:00,2021-02-09 12:01:06.864000-05:00,,1,,,,,,Control 1,206.874,56.737,3.0,2.0,,,3.0,4.0,3.0,0.0,0.0,0.0,0.0,0.0,0.0,1.0,,,,,,13278287
PSA59TQ,980951,2021-02-23 08:30:00-05:00,2021-02-23 23:59:00-05:00,2021-02-23 11:53:08.095000-05:00,2021-02-23 12:13:57.027000-05:00,1,,,,,,Control 3,162.559,54.18,3.0,3.0,,,3.0,3.0,3.0,0.0,0.0,0.0,0.0,0.0,0.0,1.0,4.0,4.0,1016.786,254.187,1.0,13792731
PSA59TQ,985706,2021-02-15 06:43:00-05:00,2021-02-26 09:45:00-05:00,2021-03-22 11:12:47.600000-04:00,2021-03-22 11:16:46.869000-04:00,1,,,,,,Control 2,67.813,22.596,3.0,3.0,,,3.0,3.0,3.0,0.0,0.0,0.0,0.0,0.0,0.0,1.0,4.0,4.0,147.048,36.75425,1.0,14883384
PSA59TQ,988009,2021-04-26 12:03:41.928000-04:00,2021-04-26 23:59:00-04:00,2021-04-27 20:57:10.994000-04:00,,1,,,,,,Control 2,548.709,61.2316666666667,4.0,0.0,0.0,0.0,3.0,8.0,4.0,2.0,0.0,0.0,0.0,0.0,2.0,1.0,,,,,,15946929
PSA59TQ,990203,2021-02-12 08:25:00-05:00,2021-02-12 14:49:00-05:00,2021-02-12 10:44:51.887000-05:00,2021-02-12 10:51:28.106000-05:00,1,,,,,,Control 2,166.687,55.5593333333333,3.0,3.0,,,3.0,3.0,3.0,0.0,0.0,0.0,0.0,0.0,0.0,1.0,4.0,4.0,195.655,48.91075,1.0,13462388
PSA59TQ,997881,2021-04-26 12:03:27.692000-04:00,2021-04-26 23:59:00-04:00,2021-04-29 13:38:50.660000-04:00,2021-05-11 11:30:24.738000-04:00,2,,,,,,Treatment 2,1028841.418,30.1235714285714,14.0,3.0,3.0,3.0,9.0,27.0,11.0,11.0,0.0,0.0,0.0,0.0,10.0,2.0,4.0,1.0,173.621,22.42075,1.0,16014663
PSA59TQ,998224,2021-05-12 07:30:00-04:00,,2021-05-12 08:01:11.827000-04:00,2021-05-12 08:25:27.062000-04:00,1,,,,,,Treatment 3,410.02,55.3334,5.0,4.0,1.0,1.0,5.0,7.0,4.0,1.0,0.0,0.0,0.0,0.0,1.0,1.0,4.0,2.0,1001.64,243.251,1.0,16331232
PSA59TQ,1000047,2021-03-03 16:15:50.557000-05:00,,2021-03-04 16:28:24.221000-05:00,,3,,,,,,Control 2,1603.539,56.482,2.0,0.0,0.0,0.0,2.0,21.0,2.0,1.0,0.0,0.0,0.0,0.0,0.0,2.0,,,,,,14267868
PSA59TQ,1001150,2021-02-28 22:30:58.268000-05:00,2021-03-01 15:30:00-05:00,2021-04-09 13:10:33.583000-04:00,,1,,,,,,Treatment 1,56.172,27.117,2.0,0.0,,,1.0,2.0,2.0,1.0,0.0,0.0,0.0,0.0,1.0,1.0,,,,,,15403661
PSA59TQ,1001281,2021-08-23 11:01:00-04:00,2021-08-27 19:00:00-04:00,2021-08-23 18:40:05.275000-04:00,,1,,,,,,Not Assigned,,,,,,,,,,,,,,,,,,,,,,16878570
PSA59TQ,1005305,2021-04-27 13:24:26.019000-04:00,2021-04-27 20:30:00-04:00,2021-04-27 14:05:34.376000-04:00,2021-04-27 14:18:32.367000-04:00,1,,,,,,Control 2,415.729,138.546,3.0,3.0,,,3.0,3.0,3.0,0.0,0.0,0.0,0.0,0.0,0.0,1.0,4.0,4.0,308.698,77.163,1.0,15932538
PSA59TQ,1005308,2021-04-27 13:24:26.019000-04:00,2021-04-27 20:30:00-04:00,2021-04-27 14:28:20.540000-04:00,,1,,,,,,Not Assigned,,,,,,,,,,,,,,,,,,,,,,15934598
PSA59TQ,1008550,2021-08-20 12:35:00-04:00,2021-08-20 13:20:00-04:00,2021-08-20 12:48:14.006000-04:00,,1,,,,,,Treatment 1,870.906,276.932666666667,3.0,2.0,,,3.0,4.0,3.0,0.0,0.0,0.0,0.0,0.0,0.0,1.0,,,,,,16860493
PSA59TQ,1012325,2021-04-17 08:09:15.626000-04:00,,2021-04-17 09:16:31.919000-04:00,,1,,,,,,Control 2,185.091,61.6873333333333,3.0,3.0,,,3.0,3.0,3.0,0.0,0.0,0.0,0.0,0.0,0.0,1.0,,,,,,15644129
PSA59TQ,1012329,2021-04-17 08:09:15.626000-04:00,,2021-04-17 09:54:31.237000-04:00,2021-04-17 10:51:04.978000-04:00,2,,,,,,Control 1,3149.899,521.347833333333,6.0,5.0,1.0,,6.0,7.0,6.0,0.0,0.0,0.0,0.0,0.0,0.0,2.0,4.0,4.0,175.279,43.815,1.0,15644176
PSA59TQ,1014775,2021-04-27 13:24:26.019000-04:00,2021-04-27 20:30:00-04:00,2021-04-27 13:51:26.306000-04:00,2021-04-27 13:57:15.075000-04:00,1,,,,,,Control 2,165.106,55.0243333333333,3.0,3.0,,,3.0,3.0,3.0,0.0,0.0,0.0,0.0,0.0,0.0,1.0,4.0,4.0,151.268,37.8065,1.0,15931150
PSA59TQ,1015361,2021-05-03 12:00:00-04:00,2021-05-04 02:59:00-04:00,2021-05-03 15:26:48.645000-04:00,,5,,,,,,Treatment 2,38458.78,18998.862,3.0,0.0,0.0,0.0,2.0,5.0,3.0,2.0,0.0,0.0,0.0,0.0,1.0,3.0,,,,,,16098888
PSA59TQ,1017570,2021-05-12 07:30:00-04:00,,2021-05-12 08:01:55.853000-04:00,,2,,,,,,Control 3,87199.084,29066.3573333333,3.0,3.0,,,3.0,3.0,3.0,0.0,0.0,0.0,0.0,0.0,0.0,2.0,2.0,1.0,6.805,6.803,1.0,16331246
PSA59TQ,1029741,2021-09-20 10:15:00-04:00,2021-09-25 00:01:00-04:00,2021-09-20 11:20:17.151000-04:00,2021-09-20 11:33:21.582000-04:00,1,,,,,,Control 2,697.177,38.1741666666667,12.0,6.0,4.0,1.0,12.0,26.0,12.0,2.0,0.0,0.0,0.0,0.0,2.0,1.0,4.0,3.0,48.079,11.21525,1.0,17288916
PSA59TQ,1031058,2021-08-18 13:41:38.950000-04:00,,2021-08-18 13:47:43.496000-04:00,2021-08-27 01:55:23.949000-04:00,6,,,,,,Treatment 3,734297.842,149.554466666667,15.0,9.0,4.0,2.0,15.0,28.0,12.0,3.0,0.0,0.0,0.0,0.0,3.0,4.0,4.0,1.0,482.844,84.447,1.0,16841831
PSA59TQ,1031059,2021-08-18 13:41:38.950000-04:00,,2021-08-18 13:47:55.809000-04:00,2021-08-18 13:59:21.611000-04:00,1,,,,,,Treatment 1,185.894,46.46875,4.0,4.0,,,4.0,4.0,3.0,0.0,0.0,0.0,0.0,0.0,0.0,1.0,4.0,4.0,140.665,35.1605,1.0,16841837
PSA59TQ,1031060,2021-08-18 13:41:38.950000-04:00,,2021-08-18 13:48:06.798000-04:00,2021-08-18 13:54:32.891000-04:00,1,,,,,,Control 3,128.658,42.8823333333333,3.0,3.0,,,3.0,3.0,3.0,0.0,0.0,0.0,0.0,0.0,0.0,1.0,4.0,3.0,234.905,31.89225,1.0,16841841
PSA59TQ,1031061,2021-08-18 13:41:38.950000-04:00,,2021-08-18 13:48:25.394000-04:00,2021-08-18 14:01:19.031000-04:00,1,,,,,,Treatment 2,521.584,58.2525714285714,7.0,6.0,1.0,,7.0,8.0,6.0,0.0,0.0,0.0,0.0,0.0,0.0,1.0,4.0,4.0,205.4,51.34725,1.0,16841857
PSA59TQ,1031062,2021-08-18 13:41:38.950000-04:00,,2021-08-19 14:55:25.306000-04:00,,3,,,,,,Treatment 2,601254.114,14627.0728,6.0,2.0,1.0,1.0,5.0,11.0,5.0,3.0,0.0,0.0,0.0,0.0,3.0,3.0,,,,,,16852645
PSA59TQ,1031063,2021-08-18 13:41:38.950000-04:00,,2021-08-19 14:52:13.911000-04:00,2021-08-19 21:55:44.872000-04:00,3,,,,,,Treatment 2,25091.173,3559.22085714286,7.0,6.0,1.0,1.0,7.0,11.0,6.0,1.0,0.0,0.0,0.0,0.0,0.0,2.0,4.0,1.0,269.54,35.20725,1.0,16852601
PSA59TQ,1031064,2021-08-18 13:41:38.950000-04:00,,2021-08-18 13:48:49.465000-04:00,2021-08-18 14:09:11.249000-04:00,1,,,,,,Treatment 1,910.675,47.6049090909091,11.0,7.0,3.0,1.0,11.0,17.0,9.0,2.0,0.0,0.0,0.0,0.0,2.0,1.0,4.0,3.0,239.816,51.8605,1.0,16841864
PSA59TQ,1031065,2021-08-18 13:41:38.950000-04:00,,2021-08-18 13:46:27.607000-04:00,2021-08-20 11:30:14.970000-04:00,3,,,,,,Treatment 3,1181.532,61.8765714285714,14.0,11.0,3.0,2.0,14.0,19.0,11.0,2.0,0.0,0.0,0.0,0.0,2.0,1.0,4.0,3.0,163405.999,74.56775,2.0,16841797
PSA59TQ,1031066,2021-08-18 13:41:38.950000-04:00,,2021-08-18 13:46:31.570000-04:00,2021-08-19 01:13:34.264000-04:00,2,,,,,,Treatment 1,1001.784,43.9789333333333,15.0,11.0,3.0,3.0,15.0,23.0,12.0,4.0,0.0,0.0,0.0,0.0,4.0,1.0,4.0,3.0,40166.779,10029.5835,2.0,16841800
PSA59TQ,1031068,2021-08-18 13:41:38.950000-04:00,,2021-08-18 13:48:10.107000-04:00,,3,,,,,,Treatment 2,354915.9,60.5308,6.0,2.0,1.0,0.0,5.0,15.0,5.0,1.0,0.0,0.0,0.0,0.0,1.0,2.0,,,,,,16841845
PSA59TQ,1031069,2021-08-18 13:41:38.950000-04:00,,2021-08-18 13:48:23.764000-04:00,,3,,,,,,Control 3,826.832,275.604333333333,3.0,3.0,,,3.0,3.0,3.0,0.0,0.0,0.0,0.0,0.0,0.0,1.0,4.0,2.0,165390.337,62.0353333333333,2.0,16841856
PSA59TQ,1031070,2021-08-18 13:41:38.950000-04:00,,2021-08-18 13:48:25.615000-04:00,,1,,,,,,Control 2,633.31,51.785,3.0,1.0,0.0,0.0,3.0,10.0,3.0,1.0,0.0,0.0,0.0,0.0,0.0,1.0,,,,,,16841858
PSA59TQ,1031071,2021-08-18 13:41:38.950000-04:00,,2021-08-20 14:36:05.512000-04:00,2021-08-24 20:31:05.910000-04:00,3,,,,,,Control 2,366421.555,30511.082,12.0,4.0,4.0,2.0,10.0,19.0,12.0,2.0,0.0,0.0,0.0,0.0,2.0,3.0,4.0,1.0,307.442,46.535,1.0,16862339
PSA59TQ,1031073,2021-08-18 13:41:38.950000-04:00,,2021-08-18 13:49:53.782000-04:00,2021-08-20 11:51:49.441000-04:00,4,,,,,,Control 2,75138.914,194.082142857143,7.0,5.0,2.0,1.0,7.0,11.0,7.0,1.0,0.0,0.0,0.0,0.0,0.0,3.0,4.0,4.0,385.004,96.247,1.0,16841880
PSA59TQ,1031090,2021-08-18 13:41:38.950000-04:00,,2021-08-20 19:29:13.369000-04:00,2021-08-20 20:17:14.430000-04:00,1,,,,,,Control 2,1811.85,88.2561428571429,7.0,4.0,2.0,,7.0,17.0,7.0,0.0,0.0,0.0,0.0,0.0,0.0,1.0,4.0,2.0,1023.082,94.78175,1.0,16864709
PSA59TQ,1031092,2021-08-18 13:41:38.950000-04:00,,2021-08-18 13:46:48.163000-04:00,2021-08-18 21:37:08.761000-04:00,2,,,,,,Control 3,27858.055,71.252,6.0,5.0,1.0,,6.0,8.0,6.0,0.0,0.0,0.0,0.0,0.0,0.0,2.0,4.0,4.0,249.408,62.34625,1.0,16841805
PSA59TQ,1031094,2021-08-18 13:41:38.950000-04:00,,2021-08-20 11:58:56.968000-04:00,2021-08-21 01:29:36.811000-04:00,2,,,,,,Treatment 1,48392.208,4787.7845,10.0,7.0,2.0,2.0,10.0,16.0,8.0,2.0,0.0,0.0,0.0,0.0,2.0,2.0,4.0,3.0,186.25,41.633,1.0,16859623
PSA59TQ,1031096,2021-08-18 13:41:38.950000-04:00,,2021-08-18 13:47:21.128000-04:00,2021-08-20 11:48:54.028000-04:00,2,,,,,,Treatment 2,165339.441,36.4244666666667,15.0,8.0,5.0,4.0,14.0,34.0,12.0,6.0,0.0,0.0,0.0,0.0,6.0,2.0,4.0,2.0,215.509,41.22925,1.0,16841823
PSA59TQ,1031112,2021-08-18 13:41:38.950000-04:00,,2021-08-18 13:48:08.270000-04:00,,2,,,,,,Control 2,631.087,105.964666666667,3.0,1.0,0.0,0.0,3.0,6.0,3.0,1.0,0.0,0.0,0.0,0.0,0.0,1.0,,,,,,16841842
PSA59TQ,1031240,2021-08-18 13:41:38.950000-04:00,,2021-08-18 13:51:48.186000-04:00,,5,,,,,,Treatment 3,704480.632,35922.6797142857,7.0,2.0,1.0,0.0,6.0,23.0,6.0,2.0,0.0,0.0,0.0,0.0,2.0,4.0,,,,,,16841920
PSA59TQ,1031287,2021-08-18 13:41:38.950000-04:00,,2021-08-18 13:46:31.737000-04:00,2021-08-18 13:54:10.216000-04:00,1,,,,,,Control 3,124.776,41.59,3.0,3.0,,,3.0,3.0,3.0,0.0,0.0,0.0,0.0,0.0,0.0,1.0,4.0,3.0,263.14,55.68025,1.0,16841801
PSA59TQ,1031288,2021-08-18 13:41:38.950000-04:00,,2021-08-18 13:46:25.517000-04:00,2021-08-20 12:05:10.054000-04:00,2,,,,,,Treatment 3,712.588,83.1155714285714,7.0,5.0,2.0,,7.0,9.0,6.0,0.0,0.0,0.0,0.0,0.0,0.0,1.0,4.0,1.0,165954.623,49.01975,2.0,16841796
PSA59TQ,1031302,2021-08-18 13:41:38.950000-04:00,,2021-08-19 11:00:02.171000-04:00,2021-08-25 13:07:52.612000-04:00,3,,,,,,Treatment 3,434709.658,108677.41175,4.0,4.0,,,4.0,4.0,3.0,0.0,0.0,0.0,0.0,0.0,0.0,2.0,4.0,3.0,342.686,27.23975,1.0,16848450
PSA59TQ,1031303,2021-08-18 13:41:38.950000-04:00,,2021-08-18 13:48:05.965000-04:00,2021-08-18 14:03:27.053000-04:00,1,,,,,,Control 1,702.892,112.759,6.0,5.0,1.0,1.0,5.0,6.0,6.0,1.0,0.0,0.0,0.0,0.0,1.0,1.0,4.0,4.0,177.553,44.386,1.0,16841840
PSA59TQ,1031304,2021-08-16 11:42:46.549000-04:00,2021-08-20 03:00:00-04:00,2021-08-16 14:23:59.413000-04:00,2021-08-16 14:30:25.294000-04:00,1,,,,,,Treatment 1,212.171,25.6688571428571,7.0,6.0,1.0,,7.0,9.0,6.0,0.0,0.0,0.0,0.0,0.0,0.0,1.0,4.0,4.0,83.389,20.844,1.0,16823022
PSA59TQ,1031305,2021-08-16 11:42:46.549000-04:00,2021-08-20 03:00:00-04:00,2021-08-17 12:45:46.465000-04:00,2021-08-17 12:48:55.144000-04:00,1,,,,,,Treatment 3,73.176,18.28825,4.0,4.0,,,4.0,4.0,3.0,0.0,0.0,0.0,0.0,0.0,0.0,1.0,4.0,4.0,77.312,19.32275,1.0,16830407
PSA59TQ,1031309,2021-08-18 13:41:38.950000-04:00,,2021-08-18 20:16:32.566000-04:00,2021-08-18 20:33:24.214000-04:00,1,,,,,,Control 3,523.777,174.588,3.0,3.0,,,3.0,3.0,3.0,0.0,0.0,0.0,0.0,0.0,0.0,1.0,4.0,4.0,299.961,74.983,1.0,16845640
PSA59TQ,1031310,2021-08-18 13:41:38.950000-04:00,,2021-08-18 13:46:59.544000-04:00,2021-08-20 12:14:50.128000-04:00,2,,,,,,Control 3,166992.995,13868.2581666667,12.0,1.0,1.0,1.0,11.0,47.0,12.0,9.0,0.0,0.0,0.0,0.0,9.0,2.0,4.0,1.0,168.729,23.53725,1.0,16841808
PSA59TQ,1031313,2021-08-16 11:42:46.549000-04:00,2021-08-20 03:00:00-04:00,2021-08-17 12:42:50.992000-04:00,2021-08-17 12:45:41.734000-04:00,1,,,,,,Treatment 1,83.199,20.79275,4.0,4.0,,,4.0,4.0,3.0,0.0,0.0,0.0,0.0,0.0,0.0,1.0,4.0,4.0,61.523,15.3755,1.0,16830330
PSA59TQ,1031315,2021-08-16 11:42:46.549000-04:00,2021-08-20 03:00:00-04:00,2021-08-31 00:24:08.421000-04:00,2021-08-31 00:36:16.237000-04:00,1,,,,,,Control 1,605.971,45.2173,10.0,7.0,3.0,2.0,10.0,15.0,10.0,2.0,0.0,0.0,0.0,0.0,0.0,1.0,4.0,4.0,75.539,18.88175,1.0,16966556
PSA59TQ,1031316,2021-08-18 13:41:38.950000-04:00,,2021-08-18 13:47:20.874000-04:00,2021-08-18 20:45:08.779000-04:00,3,,,,,,Control 1,972.24,46.2336,10.0,7.0,2.0,0.0,10.0,18.0,10.0,1.0,0.0,0.0,0.0,0.0,0.0,1.0,4.0,3.0,24054.454,611.59625,3.0,16841822
PSA59TQ,1031318,2021-08-16 11:42:46.549000-04:00,2021-08-20 03:00:00-04:00,2021-08-16 19:41:05.049000-04:00,2021-08-16 19:44:03.922000-04:00,1,,,,,,Control 2,64.144,21.3723333333333,3.0,3.0,,,3.0,3.0,3.0,0.0,0.0,0.0,0.0,0.0,0.0,1.0,4.0,4.0,81.41,20.342,1.0,16825636
PSA59TQ,1031320,2021-08-18 13:41:38.950000-04:00,,2021-08-18 13:46:31.309000-04:00,2021-08-18 22:17:18.815000-04:00,4,,,,,,Control 3,29692.756,2352.17683333333,12.0,6.0,3.0,2.0,12.0,26.0,12.0,2.0,0.0,0.0,0.0,0.0,1.0,3.0,4.0,3.0,843.272,172.5615,2.0,16841799
PSA59TQ,1031321,2021-08-18 13:41:38.950000-04:00,,2021-08-18 13:47:30.874000-04:00,2021-08-18 17:55:40.478000-04:00,2,,,,,,Treatment 3,14129.327,1222.91109090909,11.0,7.0,4.0,4.0,9.0,17.0,9.0,4.0,0.0,0.0,0.0,0.0,1.0,2.0,4.0,4.0,521.218,130.30225,1.0,16841826
PSA59TQ,1031322,2021-08-18 13:41:38.950000-04:00,,2021-08-18 13:48:02.364000-04:00,2021-08-18 13:54:42.786000-04:00,1,,,,,,Control 3,127.208,42.399,3.0,3.0,,,3.0,3.0,3.0,0.0,0.0,0.0,0.0,0.0,0.0,1.0,4.0,2.0,248.908,36.58675,1.0,16841838
PSA59TQ,1031323,2021-08-18 13:41:38.950000-04:00,,2021-08-20 12:05:42.088000-04:00,2021-08-20 12:14:02.408000-04:00,1,,,,,,Treatment 2,270.708,67.674,4.0,4.0,,,4.0,4.0,3.0,0.0,0.0,0.0,0.0,0.0,0.0,1.0,4.0,4.0,192.755,48.18475,1.0,16859700
PSA59TQ,1031329,2021-08-16 11:42:46.549000-04:00,2021-08-20 03:00:00-04:00,2021-08-17 12:42:23.606000-04:00,2021-08-17 12:51:35.680000-04:00,1,,,,,,Treatment 1,461.63,22.3641,10.0,8.0,2.0,,10.0,14.0,8.0,0.0,0.0,0.0,0.0,0.0,0.0,1.0,4.0,4.0,45.559,11.3835,1.0,16830319
PSA59TQ,1031330,2021-08-16 11:42:46.549000-04:00,2021-08-20 03:00:00-04:00,2021-08-17 12:48:20.503000-04:00,2021-08-17 12:52:12.861000-04:00,1,,,,,,Treatment 2,77.863,19.4575,4.0,4.0,,,4.0,4.0,3.0,0.0,0.0,0.0,0.0,0.0,0.0,1.0,4.0,4.0,121.384,30.33875,1.0,16830460
PSA59TQ,1031331,2021-08-16 11:42:46.549000-04:00,2021-08-20 03:00:00-04:00,2021-08-17 10:25:30.235000-04:00,2021-08-17 12:44:08.338000-04:00,3,,,,,,Control 3,82.011,27.334,3.0,3.0,,,3.0,3.0,3.0,0.0,0.0,0.0,0.0,0.0,0.0,1.0,4.0,4.0,2674.504,668.6215,2.0,16827810
PSA59TQ,1031334,2021-08-16 11:42:46.549000-04:00,2021-08-20 03:00:00-04:00,2021-08-16 14:21:58.287000-04:00,2021-08-16 14:34:11.085000-04:00,1,,,,,,Control 3,170.213,56.7313333333333,3.0,3.0,,,3.0,3.0,3.0,0.0,0.0,0.0,0.0,0.0,0.0,1.0,4.0,3.0,426.034,96.85675,1.0,16822995
PSA59TQ,1031336,2021-08-18 13:41:38.950000-04:00,,2021-08-18 13:46:57.301000-04:00,2021-08-18 14:00:07.296000-04:00,1,,,,,,Treatment 2,470.149,24.3166923076923,13.0,9.0,3.0,3.0,13.0,20.0,10.0,4.0,0.0,0.0,0.0,0.0,4.0,1.0,4.0,3.0,273.902,52.074,1.0,16841807
PSA59TQ,1031338,2021-08-16 11:42:46.549000-04:00,2021-08-20 03:00:00-04:00,2021-08-17 12:41:57.280000-04:00,2021-08-26 12:38:09.007000-04:00,4,,,,,,Control 3,87503.367,29167.7773333333,3.0,3.0,,,3.0,3.0,3.0,0.0,0.0,0.0,0.0,0.0,0.0,2.0,4.0,3.0,128.151,17.583,2.0,16830310
PSA59TQ,1031339,2021-08-16 11:42:46.549000-04:00,2021-08-20 03:00:00-04:00,2021-08-17 12:41:28.439000-04:00,2021-08-17 12:49:36.491000-04:00,1,,,,,,Control 1,390.759,22.228625,8.0,6.0,2.0,2.0,8.0,16.0,8.0,2.0,0.0,0.0,0.0,0.0,2.0,1.0,4.0,4.0,59.942,14.9805,1.0,16830300
PSA59TQ,1031342,2021-08-16 11:42:46.549000-04:00,2021-08-20 03:00:00-04:00,2021-08-16 14:21:56.792000-04:00,2021-08-16 14:25:50.543000-04:00,1,,,,,,Control 2,112.63,15.0498333333333,6.0,5.0,1.0,,6.0,7.0,6.0,0.0,0.0,0.0,0.0,0.0,0.0,1.0,4.0,3.0,90.086,15.541,1.0,16822994
PSA59TQ,1031343,2021-08-16 11:42:46.549000-04:00,2021-08-20 03:00:00-04:00,2021-08-16 14:25:33.129000-04:00,2021-08-16 14:30:39.220000-04:00,1,,,,,,Control 3,85.594,28.5253333333333,3.0,3.0,,,3.0,3.0,3.0,0.0,0.0,0.0,0.0,0.0,0.0,1.0,4.0,4.0,78.412,19.5975,1.0,16823049
PSA59TQ,1031344,2021-08-16 11:42:46.549000-04:00,2021-08-20 03:00:00-04:00,2021-08-16 14:20:51.026000-04:00,2021-08-16 14:24:41.934000-04:00,1,,,,,,Treatment 1,141.867,18.061,7.0,6.0,1.0,,7.0,8.0,6.0,0.0,0.0,0.0,0.0,0.0,0.0,1.0,4.0,4.0,58.169,14.5355,1.0,16822962
PSA59TQ,1031345,2021-08-18 13:41:38.950000-04:00,,2021-08-18 13:46:29.350000-04:00,,2,,,,,,Control 2,862.095,88.4548,5.0,3.0,1.0,1.0,5.0,13.0,5.0,2.0,0.0,0.0,0.0,0.0,1.0,1.0,4.0,1.0,167446.989,128.8315,2.0,16841798
PSA59TQ,1031347,2021-08-16 11:42:46.549000-04:00,2021-08-20 03:00:00-04:00,2021-08-17 12:41:10.263000-04:00,2021-08-17 12:45:39.040000-04:00,1,,,,,,Treatment 3,117.931,29.4755,4.0,4.0,,,4.0,4.0,3.0,0.0,0.0,0.0,0.0,0.0,0.0,1.0,4.0,4.0,109.191,27.292,1.0,16830291
PSA59TQ,1031348,2021-08-16 11:42:46.549000-04:00,2021-08-20 03:00:00-04:00,2021-08-16 14:43:54.466000-04:00,2021-08-19 12:40:56.929000-04:00,3,,,,,,Control 2,251630.772,62.0268,5.0,4.0,1.0,1.0,5.0,7.0,5.0,1.0,0.0,0.0,0.0,0.0,0.0,2.0,4.0,4.0,112.452,28.1045,1.0,16823351
PSA59TQ,1031350,2021-08-16 11:42:46.549000-04:00,2021-08-20 03:00:00-04:00,2021-08-16 14:39:03.436000-04:00,2021-08-16 14:43:53.981000-04:00,1,,,,,,Treatment 2,116.231,29.04975,4.0,4.0,,,4.0,4.0,3.0,0.0,0.0,0.0,0.0,0.0,0.0,1.0,4.0,4.0,132.317,33.0715,1.0,16823277
PSA59TQ,1031351,2021-08-16 11:42:46.549000-04:00,2021-08-20 03:00:00-04:00,2021-08-17 12:41:05.160000-04:00,2021-08-17 12:47:16.216000-04:00,1,,,,,,Treatment 1,185.751,46.4345,4.0,4.0,,,4.0,4.0,3.0,0.0,0.0,0.0,0.0,0.0,0.0,1.0,4.0,4.0,96.416,24.0995,1.0,16830288
PSA59TQ,1031352,2021-08-16 11:42:46.549000-04:00,2021-08-20 03:00:00-04:00,2021-08-17 12:42:20.282000-04:00,2021-09-10 12:39:11.038000-04:00,6,,,,,,Control 2,2073124.962,44.0662,5.0,4.0,1.0,,5.0,8.0,5.0,0.0,0.0,0.0,0.0,0.0,0.0,2.0,4.0,4.0,88.488,22.11675,1.0,16830316
PSA59TQ,1031353,2021-08-16 11:42:46.549000-04:00,2021-08-20 03:00:00-04:00,2021-08-17 12:41:09.822000-04:00,2021-08-17 13:03:33.652000-04:00,1,,,,,,Control 1,955.374,29.9875,10.0,6.0,2.0,1.0,9.0,17.0,10.0,3.0,0.0,0.0,0.0,0.0,0.0,1.0,4.0,2.0,160.979,22.62625,1.0,16830292
PSA59TQ,1031355,2021-08-16 11:42:46.549000-04:00,2021-08-20 03:00:00-04:00,2021-08-19 12:36:28.034000-04:00,2021-08-19 12:46:49.401000-04:00,1,,,,,,Treatment 1,399.097,53.9958571428571,7.0,6.0,1.0,,7.0,8.0,6.0,0.0,0.0,0.0,0.0,0.0,0.0,1.0,4.0,4.0,139.641,34.9045,1.0,16850263
PSA59TQ,1031356,2021-08-16 11:42:46.549000-04:00,2021-08-20 03:00:00-04:00,2021-08-17 12:51:43.776000-04:00,2021-08-17 13:02:06.999000-04:00,1,,,,,,Treatment 3,377.59,94.3935,4.0,4.0,,,4.0,4.0,3.0,0.0,0.0,0.0,0.0,0.0,0.0,1.0,4.0,4.0,205.277,51.3155,1.0,16830512
PSA59TQ,1031357,2021-08-16 11:42:46.549000-04:00,2021-08-20 03:00:00-04:00,2021-08-16 14:27:26.915000-04:00,2021-08-16 14:38:34.019000-04:00,1,,,,,,Treatment 1,498.86,56.3354285714286,7.0,6.0,1.0,,7.0,8.0,6.0,0.0,0.0,0.0,0.0,0.0,0.0,1.0,4.0,4.0,118.2,29.54375,1.0,16823090
PSA59TQ,1031358,2021-08-16 11:42:46.549000-04:00,2021-08-20 03:00:00-04:00,2021-08-16 19:18:37.790000-04:00,2021-08-16 19:44:10.552000-04:00,1,,,,,,Treatment 2,1199.212,52.6800666666667,15.0,10.0,4.0,3.0,15.0,27.0,12.0,3.0,0.0,0.0,0.0,0.0,3.0,1.0,4.0,4.0,131.941,32.97625,1.0,16825549
PSA59TQ,1031361,2021-08-18 13:41:38.950000-04:00,,2021-08-18 13:47:25.300000-04:00,2021-08-18 14:00:05.848000-04:00,1,,,,,,Treatment 2,551.793,29.762,11.0,7.0,2.0,1.0,11.0,19.0,9.0,2.0,0.0,0.0,0.0,0.0,1.0,1.0,4.0,2.0,176.313,32.2785,1.0,16841824
PSA59TQ,1031558,2021-08-16 11:42:46.545000-04:00,2021-08-20 03:00:00-04:00,2021-08-16 13:26:41.745000-04:00,2021-08-16 14:30:55.082000-04:00,2,,,,,,Treatment 2,163.074,16.549,7.0,6.0,1.0,,7.0,8.0,6.0,0.0,0.0,0.0,0.0,0.0,0.0,1.0,4.0,4.0,113.151,28.28425,1.0,16822029
PSA59TQ,1031559,2021-08-16 11:42:46.545000-04:00,2021-08-20 03:00:00-04:00,2021-08-20 11:45:46.795000-04:00,2021-08-20 11:49:02.159000-04:00,1,,,,,,Treatment 2,88.828,22.1985,4.0,4.0,,,4.0,4.0,3.0,0.0,0.0,0.0,0.0,0.0,0.0,1.0,4.0,4.0,78.453,19.60525,1.0,16859433
PSA59TQ,1031578,2021-08-16 11:42:46.545000-04:00,2021-08-20 03:00:00-04:00,2021-08-19 13:49:12.209000-04:00,,1,,,,,,Treatment 3,180.135,180.135,1.0,0.0,,,1.0,1.0,1.0,0.0,0.0,0.0,0.0,0.0,0.0,1.0,,,,,,16851600
PSA59TQ,1031602,2021-08-16 11:42:46.545000-04:00,2021-08-20 03:00:00-04:00,2021-08-16 21:24:38.085000-04:00,2021-08-16 21:42:06.334000-04:00,1,,,,,,Control 1,791.157,69.5415555555556,9.0,7.0,2.0,,9.0,11.0,9.0,0.0,0.0,0.0,0.0,0.0,0.0,1.0,4.0,4.0,181.096,45.2685,1.0,16825925
PSA59TQ,1031603,2021-08-16 11:42:46.545000-04:00,2021-08-20 03:00:00-04:00,2021-08-17 11:59:53.175000-04:00,2021-08-17 12:09:54.787000-04:00,1,,,,,,Control 2,187.865,62.612,3.0,3.0,,,3.0,3.0,3.0,0.0,0.0,0.0,0.0,0.0,0.0,1.0,4.0,3.0,378.683,78.299,1.0,16829460
PSA59TQ,1031604,2021-08-16 11:42:46.545000-04:00,2021-08-20 03:00:00-04:00,2021-08-19 13:46:38.151000-04:00,2021-08-19 13:50:42.617000-04:00,1,,,,,,Control 1,76.791,25.5883333333333,3.0,3.0,,,3.0,3.0,3.0,0.0,0.0,0.0,0.0,0.0,0.0,1.0,4.0,3.0,120.795,14.11625,1.0,16851547
PSA59TQ,1031605,2021-08-16 11:42:46.545000-04:00,2021-08-20 03:00:00-04:00,2021-08-16 20:34:27.522000-04:00,2021-08-16 20:37:47.471000-04:00,1,,,,,,Control 3,96.887,32.2853333333333,3.0,3.0,,,3.0,3.0,3.0,0.0,0.0,0.0,0.0,0.0,0.0,1.0,4.0,4.0,73.242,18.30475,1.0,16825794
PSA59TQ,1031606,2021-08-16 11:42:46.545000-04:00,2021-08-20 03:00:00-04:00,2021-08-17 13:52:35.868000-04:00,2021-08-17 19:48:30.636000-04:00,2,,,,,,Treatment 1,21142.379,2091.5219,10.0,8.0,2.0,2.0,9.0,16.0,8.0,2.0,0.0,0.0,0.0,0.0,0.0,2.0,4.0,4.0,163.691,40.917,1.0,16831714
PSA59TQ,1031607,2021-08-16 11:42:46.545000-04:00,2021-08-20 03:00:00-04:00,2021-08-16 19:30:01.637000-04:00,2021-08-16 19:35:56.862000-04:00,1,,,,,,Treatment 3,154.55,38.631,4.0,4.0,,,4.0,4.0,3.0,0.0,0.0,0.0,0.0,0.0,0.0,1.0,4.0,4.0,160.749,40.179,1.0,16825591
PSA59TQ,1031608,2021-08-16 11:42:46.545000-04:00,2021-08-20 03:00:00-04:00,2021-08-17 13:53:43.715000-04:00,2021-08-17 13:58:41.760000-04:00,1,,,,,,Treatment 3,130.332,32.57525,4.0,4.0,,,4.0,4.0,3.0,0.0,0.0,0.0,0.0,0.0,0.0,1.0,4.0,4.0,124.12,31.0215,1.0,16831745
PSA59TQ,1031609,2021-08-16 11:42:46.545000-04:00,2021-08-20 03:00:00-04:00,2021-08-19 13:45:52.970000-04:00,2021-08-19 13:49:42.570000-04:00,1,,,,,,Treatment 3,104.336,26.0775,4.0,4.0,,,4.0,4.0,3.0,0.0,0.0,0.0,0.0,0.0,0.0,1.0,4.0,4.0,87.401,21.842,1.0,16851534
PSA59TQ,1031611,2021-08-16 11:42:46.545000-04:00,2021-08-20 03:00:00-04:00,2021-08-17 13:51:43.339000-04:00,2021-08-18 18:17:58.878000-04:00,3,,,,,,Control 2,101832.345,250.834,5.0,3.0,1.0,1.0,5.0,7.0,5.0,1.0,0.0,0.0,0.0,0.0,1.0,2.0,4.0,4.0,486.551,121.63125,1.0,16831701
PSA59TQ,1031616,2021-08-16 11:42:46.545000-04:00,2021-08-20 03:00:00-04:00,2021-08-17 13:55:17.269000-04:00,2021-08-17 13:57:33.258000-04:00,1,,,,,,Control 3,52.542,17.507,3.0,3.0,,,3.0,3.0,3.0,0.0,0.0,0.0,0.0,0.0,0.0,1.0,4.0,4.0,58.174,14.53725,1.0,16831794
PSA59TQ,1031618,2021-08-16 11:42:46.545000-04:00,2021-08-20 03:00:00-04:00,2021-08-19 13:49:10.037000-04:00,2021-08-20 03:25:05.404000-04:00,3,,,,,,Treatment 3,209.81,35.9378,5.0,4.0,1.0,1.0,5.0,7.0,4.0,1.0,0.0,0.0,0.0,0.0,1.0,1.0,4.0,1.0,48719.158,31.984,2.0,16851599
PSA59TQ,1031619,2021-08-16 11:42:46.545000-04:00,2021-08-20 03:00:00-04:00,2021-08-16 20:06:50.952000-04:00,2021-08-17 13:55:40.694000-04:00,3,,,,,,Control 3,87.541,29.1713333333333,3.0,3.0,,,3.0,3.0,3.0,0.0,0.0,0.0,0.0,0.0,0.0,1.0,4.0,4.0,90.892,22.71775,1.0,16825718
PSA59TQ,1031620,2021-08-16 11:42:46.545000-04:00,2021-08-20 03:00:00-04:00,2021-08-26 13:54:36.900000-04:00,,1,,,,,,Not Assigned,,,,,,,,,,,,,,,,,,,,,,16924275
PSA59TQ,1031631,2021-08-16 11:42:46.545000-04:00,2021-08-20 03:00:00-04:00,2021-08-17 13:58:23.259000-04:00,2021-08-18 13:00:22.461000-04:00,2,,,,,,Treatment 3,82824.625,20706.14525,4.0,4.0,,,4.0,4.0,3.0,0.0,0.0,0.0,0.0,0.0,0.0,2.0,4.0,4.0,68.113,17.02125,1.0,16831873
PSA59TQ,1031633,2021-08-16 11:42:46.545000-04:00,2021-08-20 03:00:00-04:00,2021-08-16 14:35:08.348000-04:00,2021-08-16 14:39:18.528000-04:00,1,,,,,,Control 3,113.735,37.9053333333333,3.0,3.0,,,3.0,3.0,3.0,0.0,0.0,0.0,0.0,0.0,0.0,1.0,4.0,4.0,100.545,25.13,1.0,16823204
PSA59TQ,1031639,2021-08-16 11:42:46.545000-04:00,2021-08-20 03:00:00-04:00,2021-08-16 14:42:18.401000-04:00,,2,,,,,,Treatment 3,,,1.0,,,,,0.0,1.0,0.0,0.0,0.0,0.0,0.0,0.0,1.0,,,,,,16831723
PSA59TQ,1031647,2021-08-16 11:42:46.545000-04:00,2021-08-20 03:00:00-04:00,2021-08-16 20:13:04.667000-04:00,2021-08-16 20:19:44.904000-04:00,1,,,,,,Treatment 1,208.897,52.22125,4.0,4.0,,,4.0,4.0,3.0,0.0,0.0,0.0,0.0,0.0,0.0,1.0,4.0,4.0,77.59,19.3955,1.0,16825734
PSA59TQ,1031972,2021-08-16 11:42:46.552000-04:00,2021-08-20 03:00:00-04:00,2021-08-16 14:57:31.779000-04:00,2021-08-17 14:11:49.235000-04:00,2,,,,,,Control 2,2297.228,158.954416666667,12.0,7.0,3.0,1.0,12.0,21.0,12.0,1.0,0.0,0.0,0.0,0.0,1.0,1.0,4.0,3.0,81312.073,29.2415,2.0,16823526
PSA59TQ,1031974,2021-08-16 11:42:46.548000-04:00,2021-08-20 03:00:00-04:00,2021-08-16 14:26:20.613000-04:00,2021-08-16 14:41:15.084000-04:00,1,,,,,,Control 3,784.536,144.9625,4.0,3.0,1.0,,4.0,7.0,4.0,0.0,0.0,0.0,0.0,0.0,0.0,1.0,4.0,4.0,78.918,19.7235,1.0,16823060
PSA59TQ,1031976,2021-08-16 11:42:46.552000-04:00,2021-08-20 03:00:00-04:00,2021-08-16 14:34:36.290000-04:00,2021-08-16 14:37:06.362000-04:00,1,,,,,,Control 3,52.336,17.439,3.0,3.0,,,3.0,3.0,3.0,0.0,0.0,0.0,0.0,0.0,0.0,1.0,4.0,3.0,57.554,11.75275,1.0,16823193
PSA59TQ,1031981,2021-08-16 11:42:46.552000-04:00,2021-08-20 03:00:00-04:00,2021-08-16 14:52:43.405000-04:00,2021-08-17 14:46:59.991000-04:00,3,,,,,,Treatment 3,85569.443,6069.86978571429,14.0,9.0,3.0,1.0,13.0,21.0,11.0,1.0,0.0,0.0,0.0,0.0,1.0,2.0,4.0,3.0,422.444,69.6755,1.0,16823448
PSA59TQ,1031982,2021-08-16 11:42:46.548000-04:00,2021-08-20 03:00:00-04:00,2021-08-17 16:48:32.804000-04:00,2021-08-17 17:40:44.787000-04:00,3,,,,,,Treatment 2,211.233,21.7283333333333,6.0,5.0,1.0,,6.0,7.0,5.0,0.0,0.0,0.0,0.0,0.0,0.0,1.0,4.0,4.0,96.143,24.03025,1.0,16834512
PSA59TQ,1031984,2021-08-16 11:42:46.552000-04:00,2021-08-20 03:00:00-04:00,2021-08-16 14:36:16.609000-04:00,2021-08-16 14:45:00.674000-04:00,2,,,,,,Control 1,336.625,30.0046666666667,6.0,5.0,1.0,,6.0,10.0,6.0,0.0,0.0,0.0,0.0,0.0,0.0,2.0,4.0,4.0,92.514,23.1195,1.0,16823230
PSA59TQ,1031986,2021-08-16 11:42:46.552000-04:00,2021-08-20 03:00:00-04:00,2021-08-16 14:28:34.702000-04:00,2021-08-16 14:38:02.858000-04:00,2,,,,,,Treatment 3,338.632,84.64725,4.0,4.0,,,4.0,4.0,3.0,0.0,0.0,0.0,0.0,0.0,0.0,1.0,4.0,3.0,140.816,25.7365,2.0,16823106
PSA59TQ,1031993,2021-08-16 11:42:46.548000-04:00,2021-08-20 03:00:00-04:00,2021-08-16 14:37:49.848000-04:00,2021-08-16 14:41:08.852000-04:00,1,,,,,,Treatment 3,85.744,21.42825,4.0,4.0,,,4.0,4.0,3.0,0.0,0.0,0.0,0.0,0.0,0.0,1.0,4.0,3.0,76.247,16.85625,1.0,16823256
PSA59TQ,1032188,2021-08-16 11:42:46.552000-04:00,2021-08-20 03:00:00-04:00,2021-08-18 14:33:48.663000-04:00,2021-08-19 16:30:32.905000-04:00,2,,,,,,Treatment 3,223.297,28.4041428571429,7.0,6.0,1.0,,7.0,8.0,6.0,0.0,0.0,0.0,0.0,0.0,0.0,1.0,4.0,3.0,102.307,19.87775,1.0,16842740
PSA59TQ,1032206,2021-08-16 11:42:46.552000-04:00,2021-08-20 03:00:00-04:00,2021-08-17 16:27:24.142000-04:00,,1,,,,,,Control 3,107.796,35.9266666666667,3.0,3.0,,,3.0,3.0,3.0,0.0,0.0,0.0,0.0,0.0,0.0,1.0,1.0,,,,1.0,16834348
PSA59TQ,1032207,2021-08-16 11:42:46.552000-04:00,2021-08-20 03:00:00-04:00,2021-08-19 16:25:53.618000-04:00,2021-08-19 16:30:15.754000-04:00,1,,,,,,Treatment 1,110.816,27.6975,4.0,4.0,,,4.0,4.0,3.0,0.0,0.0,0.0,0.0,0.0,0.0,1.0,4.0,4.0,117.249,29.306,1.0,16853831
PSA59TQ,1032208,2021-08-16 11:42:46.552000-04:00,2021-08-20 03:00:00-04:00,2021-08-17 16:28:31.689000-04:00,2021-08-17 16:33:03.395000-04:00,1,,,,,,Control 3,114.465,38.1506666666667,3.0,3.0,,,3.0,3.0,3.0,0.0,0.0,0.0,0.0,0.0,0.0,1.0,4.0,4.0,88.544,22.132,1.0,16834361
PSA59TQ,1032209,2021-08-16 11:42:46.552000-04:00,2021-08-20 03:00:00-04:00,2021-08-17 16:17:02.869000-04:00,2021-08-19 01:41:27.667000-04:00,4,,,,,,Treatment 2,80299.083,50.0681428571429,7.0,5.0,1.0,0.0,7.0,11.0,6.0,1.0,0.0,0.0,0.0,0.0,1.0,3.0,4.0,4.0,86.322,21.57325,1.0,16834251
PSA59TQ,1032210,2021-08-16 11:42:46.552000-04:00,2021-08-20 03:00:00-04:00,2021-08-17 16:23:52.647000-04:00,,1,,,,,,Control 1,378.81,126.262333333333,3.0,3.0,,,3.0,3.0,3.0,0.0,0.0,0.0,0.0,0.0,0.0,1.0,1.0,,,,1.0,16834308
PSA59TQ,1032211,2021-08-16 11:42:46.552000-04:00,2021-08-20 03:00:00-04:00,2021-08-16 16:27:00.132000-04:00,2021-08-16 16:35:10.191000-04:00,1,,,,,,Treatment 2,161.148,40.2795,4.0,4.0,,,4.0,4.0,3.0,0.0,0.0,0.0,0.0,0.0,0.0,1.0,4.0,4.0,273.826,68.45025,1.0,16824456
PSA59TQ,1032213,2021-08-16 11:42:46.552000-04:00,2021-08-20 03:00:00-04:00,2021-08-16 16:28:27.430000-04:00,2021-08-16 16:33:06.658000-04:00,2,,,,,,Treatment 3,112.011,27.9955,4.0,4.0,,,4.0,4.0,3.0,0.0,0.0,0.0,0.0,0.0,0.0,1.0,4.0,3.0,131.922,25.55625,2.0,16824472
PSA59TQ,1032214,2021-08-16 11:42:46.552000-04:00,2021-08-20 03:00:00-04:00,2021-08-17 16:17:33.382000-04:00,2021-08-17 16:21:34.667000-04:00,1,,,,,,Control 2,58.839,19.607,3.0,3.0,,,3.0,3.0,3.0,0.0,0.0,0.0,0.0,0.0,0.0,1.0,4.0,3.0,144.208,19.873,1.0,16834258
PSA59TQ,1032215,2021-08-16 11:42:46.552000-04:00,2021-08-20 03:00:00-04:00,2021-08-17 16:16:59.868000-04:00,2021-08-17 16:20:02.980000-04:00,1,,,,,,Control 3,61.542,20.508,3.0,3.0,,,3.0,3.0,3.0,0.0,0.0,0.0,0.0,0.0,0.0,1.0,4.0,3.0,72.891,13.19325,1.0,16834250
PSA59TQ,1032216,2021-08-16 11:42:46.552000-04:00,2021-08-20 03:00:00-04:00,2021-08-16 16:27:38.206000-04:00,2021-08-16 16:34:04.567000-04:00,1,,,,,,Treatment 2,102.635,25.652,4.0,4.0,,,4.0,4.0,3.0,0.0,0.0,0.0,0.0,0.0,0.0,1.0,4.0,3.0,245.123,40.026,1.0,16824461
PSA59TQ,1032217,2021-08-16 11:42:46.552000-04:00,2021-08-20 03:00:00-04:00,2021-08-16 16:29:55.714000-04:00,2021-08-16 16:37:14.584000-04:00,1,,,,,,Treatment 3,131.485,32.867,4.0,4.0,,,4.0,4.0,3.0,0.0,0.0,0.0,0.0,0.0,0.0,1.0,4.0,4.0,91.73,22.928,1.0,16824491
PSA59TQ,1032221,2021-08-16 11:42:46.552000-04:00,2021-08-20 03:00:00-04:00,2021-08-17 16:19:23.271000-04:00,2021-08-24 16:38:00.316000-04:00,3,,,,,,Treatment 1,605764.413,33.1195714285714,7.0,6.0,1.0,,7.0,11.0,6.0,0.0,0.0,0.0,0.0,0.0,0.0,2.0,4.0,4.0,58.485,14.61175,1.0,16834271
PSA59TQ,1032224,2021-08-16 11:42:46.552000-04:00,2021-08-20 03:00:00-04:00,2021-08-16 16:27:54.486000-04:00,,2,,,,,,Control 1,113.951,37.9763333333333,3.0,3.0,,,3.0,3.0,3.0,0.0,0.0,0.0,0.0,0.0,0.0,1.0,1.0,,,,1.0,16824464
PSA59TQ,1032233,2021-08-16 11:42:46.552000-04:00,2021-08-20 03:00:00-04:00,2021-08-16 16:26:50.736000-04:00,2021-08-16 16:35:12.878000-04:00,1,,,,,,Treatment 1,181.858,45.461,4.0,4.0,,,4.0,4.0,3.0,0.0,0.0,0.0,0.0,0.0,0.0,1.0,4.0,3.0,60.452,13.113,1.0,16824454
PSA59TQ,1032238,2021-08-16 11:42:46.552000-04:00,2021-08-20 03:00:00-04:00,2021-08-16 16:28:01.888000-04:00,2021-08-16 16:32:00.058000-04:00,1,,,,,,Control 3,120.033,40.0083333333333,3.0,3.0,,,3.0,3.0,3.0,0.0,0.0,0.0,0.0,0.0,0.0,1.0,4.0,4.0,92.235,23.05575,1.0,16824466
PSA59TQ,1032242,2021-08-16 11:42:46.552000-04:00,2021-08-20 03:00:00-04:00,2021-08-19 13:04:09.639000-04:00,2021-08-19 16:29:57.742000-04:00,2,,,,,,Treatment 2,12225.988,3056.487,4.0,4.0,,,4.0,4.0,3.0,0.0,0.0,0.0,0.0,0.0,0.0,2.0,4.0,4.0,102.269,25.5585,1.0,16850725
PSA59TQ,1032471,2021-08-16 11:42:46.548000-04:00,2021-08-20 03:00:00-04:00,2021-08-16 16:57:14.091000-04:00,2021-08-18 15:20:53.944000-04:00,2,,,,,,Control 3,134.646,26.12725,4.0,3.0,1.0,,4.0,5.0,4.0,0.0,0.0,0.0,0.0,0.0,0.0,1.0,4.0,4.0,90.304,22.568,1.0,16824793
PSA59TQ,1032472,2021-08-16 11:42:46.548000-04:00,2021-08-20 03:00:00-04:00,2021-08-17 17:21:44.463000-04:00,2021-08-17 17:28:59.204000-04:00,1,,,,,,Treatment 1,313.045,17.2906,10.0,8.0,2.0,2.0,10.0,13.0,8.0,2.0,0.0,0.0,0.0,0.0,2.0,1.0,4.0,4.0,84.506,21.12225,1.0,16834849
PSA59TQ,1032473,2021-08-16 11:42:46.548000-04:00,2021-08-20 03:00:00-04:00,2021-08-16 16:51:19.070000-04:00,2021-08-16 16:57:36.702000-04:00,1,,,,,,Control 3,116.324,38.765,3.0,3.0,,,3.0,3.0,3.0,0.0,0.0,0.0,0.0,0.0,0.0,1.0,4.0,4.0,87.006,21.7455,1.0,16824733
PSA59TQ,1032474,2021-08-16 11:42:46.548000-04:00,2021-08-20 03:00:00-04:00,2021-08-17 17:22:19.690000-04:00,2021-08-17 17:25:58.879000-04:00,1,,,,,,Control 3,110.542,36.84,3.0,3.0,,,3.0,3.0,3.0,0.0,0.0,0.0,0.0,0.0,0.0,1.0,4.0,4.0,82.452,20.60725,1.0,16834857
PSA59TQ,1032475,2021-08-16 11:42:46.548000-04:00,2021-08-20 03:00:00-04:00,2021-08-17 17:22:51.507000-04:00,2021-08-17 17:26:18.902000-04:00,1,,,,,,Treatment 2,101.889,25.46925,4.0,4.0,,,4.0,4.0,3.0,0.0,0.0,0.0,0.0,0.0,0.0,1.0,4.0,4.0,67.252,16.81075,1.0,16834868
PSA59TQ,1032476,2021-08-16 11:42:46.548000-04:00,2021-08-20 03:00:00-04:00,2021-08-17 17:22:50.352000-04:00,2021-08-19 17:39:20.828000-04:00,2,,,,,,Treatment 3,175.7,43.9185,4.0,4.0,,,4.0,4.0,3.0,0.0,0.0,0.0,0.0,0.0,0.0,1.0,4.0,4.0,175.835,43.95275,1.0,16834867
PSA59TQ,1032478,2021-08-16 11:42:46.548000-04:00,2021-08-20 03:00:00-04:00,2021-08-16 19:42:11.101000-04:00,2021-08-17 17:40:08.681000-04:00,2,,,,,,Control 2,232.843,36.2258,5.0,4.0,1.0,,5.0,6.0,5.0,0.0,0.0,0.0,0.0,0.0,0.0,1.0,4.0,4.0,53.599,13.39375,1.0,16825643
PSA59TQ,1032479,2021-08-16 11:42:46.548000-04:00,2021-08-20 03:00:00-04:00,2021-08-17 17:27:22.459000-04:00,2021-08-17 17:40:33.223000-04:00,2,,,,,,Treatment 3,690.73,20.6712,5.0,4.0,1.0,,5.0,9.0,4.0,0.0,0.0,0.0,0.0,0.0,0.0,2.0,4.0,4.0,65.088,16.264,1.0,16834930
PSA59TQ,1032480,2021-08-16 11:42:46.548000-04:00,2021-08-20 03:00:00-04:00,2021-08-19 17:26:25.506000-04:00,2021-08-19 17:32:53.154000-04:00,1,,,,,,Control 1,254.911,84.9623333333333,3.0,3.0,,,3.0,3.0,3.0,0.0,0.0,0.0,0.0,0.0,0.0,1.0,4.0,4.0,102.535,25.6275,1.0,16854563
PSA59TQ,1032481,2021-08-16 11:42:46.548000-04:00,2021-08-20 03:00:00-04:00,2021-08-17 17:23:53.366000-04:00,2021-08-18 15:18:27.435000-04:00,2,,,,,,Treatment 1,265.308,66.3195,4.0,4.0,,,4.0,4.0,3.0,0.0,0.0,0.0,0.0,0.0,0.0,1.0,4.0,3.0,78484.832,19572.958,2.0,16834879
PSA59TQ,1032483,2021-08-16 11:42:46.548000-04:00,2021-08-20 03:00:00-04:00,2021-08-17 17:25:19.048000-04:00,2021-08-17 17:30:50.682000-04:00,1,,,,,,Control 3,130.818,43.601,3.0,3.0,,,3.0,3.0,3.0,0.0,0.0,0.0,0.0,0.0,0.0,1.0,4.0,4.0,94.017,23.50125,1.0,16834899
PSA59TQ,1032485,2021-08-16 11:42:46.548000-04:00,2021-08-20 03:00:00-04:00,2021-08-17 17:33:36.393000-04:00,2021-08-17 17:36:59.918000-04:00,1,,,,,,Treatment 3,83.066,20.759,4.0,4.0,,,4.0,4.0,3.0,0.0,0.0,0.0,0.0,0.0,0.0,1.0,4.0,4.0,95.005,23.74525,1.0,16834980
PSA59TQ,1032487,2021-08-16 11:42:46.548000-04:00,2021-08-20 03:00:00-04:00,2021-08-16 16:55:28.843000-04:00,2021-08-16 16:57:09.442000-04:00,1,,,,,,Treatment 3,35.601,8.89425,4.0,4.0,,,4.0,4.0,3.0,0.0,0.0,0.0,0.0,0.0,0.0,1.0,4.0,4.0,49.654,12.4075,1.0,16824777
PSA59TQ,1032490,2021-08-16 11:42:46.548000-04:00,2021-08-20 03:00:00-04:00,2021-08-17 17:28:35.109000-04:00,2021-08-17 17:32:46.815000-04:00,1,,,,,,Treatment 3,143.42,21.7568,5.0,4.0,1.0,,5.0,6.0,4.0,0.0,0.0,0.0,0.0,0.0,0.0,1.0,4.0,4.0,60.562,15.13525,1.0,16834945
PSA59TQ,1032492,2021-08-16 11:42:46.548000-04:00,2021-08-20 03:00:00-04:00,2021-08-17 17:30:58.254000-04:00,2021-08-17 19:45:32.610000-04:00,1,,,,,,Control 2,397.881,29.9078,5.0,3.0,1.0,,5.0,10.0,5.0,0.0,0.0,0.0,0.0,0.0,0.0,1.0,4.0,3.0,7576.755,1862.92875,1.0,16834965
PSA59TQ,1032501,2021-08-16 11:42:46.548000-04:00,2021-08-20 03:00:00-04:00,2021-08-17 17:25:33.808000-04:00,2021-08-18 15:19:54.371000-04:00,3,,,,,,Treatment 3,78531.235,15666.1358,5.0,4.0,1.0,1.0,5.0,8.0,4.0,1.0,0.0,0.0,0.0,0.0,1.0,3.0,4.0,4.0,146.193,36.5405,1.0,16834903
PSA59TQ,1034187,2021-08-16 11:42:46.545000-04:00,2021-08-20 03:00:00-04:00,2021-08-19 13:55:01.632000-04:00,2021-08-31 13:37:26.330000-04:00,2,,,,,,Control 3,1035097.081,55.006,11.0,7.0,3.0,2.0,10.0,15.0,11.0,2.0,0.0,0.0,0.0,0.0,2.0,2.0,4.0,1.0,609.216,87.95025,1.0,16851699
PSA59TQ,1034836,2021-08-16 11:42:46.552000-04:00,2021-08-20 03:00:00-04:00,2021-08-17 16:30:12.656000-04:00,2021-08-18 23:58:41.862000-04:00,3,,,,,,Treatment 3,113110.462,34.7236428571429,14.0,11.0,3.0,1.0,14.0,19.0,11.0,1.0,0.0,0.0,0.0,0.0,1.0,2.0,4.0,4.0,93.377,23.33825,1.0,16834376
PSA59TQ,1034963,2021-08-16 11:42:46.548000-04:00,2021-08-20 03:00:00-04:00,2021-08-17 17:25:14.175000-04:00,2021-08-17 17:28:48.509000-04:00,2,,,,,,Control 2,173.642,17.6825,6.0,4.0,1.0,1.0,6.0,10.0,6.0,2.0,0.0,0.0,0.0,0.0,2.0,2.0,4.0,4.0,26.35,6.58175,1.0,16834898
PSA59TQ,1036188,2021-08-16 11:42:46.552000-04:00,2021-08-20 03:00:00-04:00,2021-08-19 16:27:17.355000-04:00,2021-08-19 16:30:16.548000-04:00,1,,,,,,Treatment 2,94.698,23.66725,4.0,4.0,,,4.0,4.0,3.0,0.0,0.0,0.0,0.0,0.0,0.0,1.0,4.0,4.0,61.814,15.447,1.0,16853844
PSA59TQ,1036336,2021-08-16 11:42:46.548000-04:00,2021-08-20 03:00:00-04:00,2021-08-19 17:27:41.313000-04:00,2021-08-19 17:38:07.712000-04:00,1,,,,,,Control 1,474.369,25.2725,8.0,6.0,2.0,1.0,8.0,13.0,8.0,1.0,0.0,0.0,0.0,0.0,0.0,1.0,4.0,4.0,53.806,13.4465,1.0,16854582
PSA59TQ,1036337,2021-08-16 11:42:46.548000-04:00,2021-08-20 03:00:00-04:00,2021-09-02 23:40:25.196000-04:00,2021-09-02 23:45:57.233000-04:00,1,,,,,,Control 1,92.645,30.8743333333333,3.0,3.0,,,3.0,3.0,3.0,0.0,0.0,0.0,0.0,0.0,0.0,1.0,4.0,2.0,153.807,18.76675,1.0,17036344
PSA59TQ,1037591,2021-08-16 11:42:46.549000-04:00,2021-08-20 03:00:00-04:00,2021-08-20 12:42:00.178000-04:00,2021-08-20 12:53:32.590000-04:00,6,,,,,,Control 2,477.171,40.1633333333333,9.0,5.0,2.0,1.0,9.0,17.0,9.0,3.0,0.0,0.0,0.0,0.0,3.0,5.0,4.0,4.0,142.833,35.698,2.0,16860410
PSA59TQ,1037593,2021-08-16 11:42:46.549000-04:00,2021-08-20 03:00:00-04:00,2021-08-19 12:51:28.883000-04:00,2021-08-19 12:55:12.550000-04:00,1,,,,,,Control 3,111.588,37.1866666666667,3.0,3.0,,,3.0,3.0,3.0,0.0,0.0,0.0,0.0,0.0,0.0,1.0,4.0,4.0,86.862,21.709,1.0,16850504
PSA59TQ,1037820,2021-08-16 11:42:46.545000-04:00,2021-08-20 03:00:00-04:00,2021-08-19 13:56:04.601000-04:00,,2,,,,,,Treatment 1,1577098.069,225293.827571429,7.0,5.0,1.0,1.0,7.0,9.0,6.0,1.0,0.0,0.0,0.0,0.0,1.0,2.0,4.0,2.0,176.271,32.71925,1.0,16851723
PSA59TQ,1037953,2021-08-16 11:42:46.549000-04:00,2021-08-20 03:00:00-04:00,2021-08-24 14:53:11.756000-04:00,2021-08-24 14:58:47.584000-04:00,1,,,,,,Control 3,239.007,27.9563333333333,6.0,5.0,1.0,,6.0,7.0,6.0,0.0,0.0,0.0,0.0,0.0,0.0,1.0,4.0,4.0,65.38,16.3385,1.0,16891575
PSA59TQ,1038212,2021-08-16 11:42:46.548000-04:00,2021-08-20 03:00:00-04:00,2021-08-19 17:31:34.983000-04:00,2021-08-19 17:39:00.845000-04:00,1,,,,,,Control 3,335.998,44.0081666666667,6.0,5.0,1.0,,6.0,7.0,6.0,0.0,0.0,0.0,0.0,0.0,0.0,1.0,4.0,3.0,69.427,15.45825,1.0,16854612
PSA59TQ,1038471,2021-08-20 09:29:12.822000-04:00,2021-08-20 15:05:00-04:00,2021-08-20 09:39:06.491000-04:00,2021-08-20 09:51:31.603000-04:00,1,,,,,,Treatment 3,338.019,57.5256,5.0,4.0,1.0,,5.0,6.0,4.0,0.0,0.0,0.0,0.0,0.0,0.0,1.0,4.0,2.0,326.857,73.00975,1.0,16857073
PSA59TQ,1038493,2021-08-20 09:29:12.822000-04:00,2021-08-20 15:05:00-04:00,2021-08-20 09:41:18.846000-04:00,,1,,,,,,Treatment 3,277.392,65.26075,5.0,3.0,1.0,,3.0,4.0,4.0,0.0,0.0,0.0,0.0,0.0,0.0,1.0,,,,,,16857117
PSA59TQ,1038494,2021-08-20 09:29:12.822000-04:00,2021-08-20 15:05:00-04:00,2021-08-20 09:42:10.014000-04:00,,1,,,,,,Control 1,345.029,41.6268333333333,6.0,5.0,1.0,1.0,6.0,10.0,6.0,1.0,0.0,0.0,0.0,0.0,1.0,1.0,,,,,,16857128
PSA59TQ,1038495,2021-08-20 09:29:12.822000-04:00,2021-08-20 15:05:00-04:00,2021-08-20 09:41:19.687000-04:00,,1,,,,,,Treatment 1,620.075,191.632666666667,3.0,2.0,,,3.0,3.0,3.0,0.0,0.0,0.0,0.0,0.0,0.0,1.0,,,,,,16857119
PSA59TQ,1038499,2021-08-20 09:29:12.822000-04:00,2021-08-20 15:05:00-04:00,2021-08-20 09:41:42.430000-04:00,,1,,,,,,Treatment 3,331.013,82.74975,4.0,4.0,,,4.0,4.0,3.0,0.0,0.0,0.0,0.0,0.0,0.0,1.0,2.0,1.0,94.905,47.4505,1.0,16857123
PSA59TQ,1038500,2021-08-20 09:29:12.822000-04:00,2021-08-20 15:05:00-04:00,2021-08-20 09:42:12.096000-04:00,,1,,,,,,Control 3,739.818,72.30925,4.0,3.0,1.0,,3.0,4.0,4.0,0.0,0.0,0.0,0.0,0.0,0.0,1.0,1.0,,,,1.0,16857129
PSA59TQ,1038502,2021-08-20 09:29:12.822000-04:00,2021-08-20 15:05:00-04:00,2021-08-20 09:42:55.044000-04:00,2021-09-01 11:53:43.948000-04:00,2,,,,,,Treatment 2,1044423.654,72.9445,6.0,5.0,1.0,1.0,6.0,8.0,5.0,1.0,0.0,0.0,0.0,0.0,0.0,2.0,4.0,3.0,111.139,19.614,1.0,16857139
PSA59TQ,1038503,2021-08-20 09:29:12.822000-04:00,2021-08-20 15:05:00-04:00,2021-08-20 09:43:34.926000-04:00,2021-08-20 12:13:00.067000-04:00,1,,,,,,Control 1,8663.775,1438.98716666667,6.0,5.0,1.0,1.0,5.0,6.0,6.0,1.0,0.0,0.0,0.0,0.0,1.0,1.0,4.0,4.0,220.196,55.04275,1.0,16857154
PSA59TQ,1039081,2021-08-16 11:42:46.545000-04:00,2021-08-20 03:00:00-04:00,2021-08-20 12:23:41.682000-04:00,2021-08-23 22:30:53.827000-04:00,3,,,,,,Control 2,295308.054,59017.7424,5.0,4.0,1.0,1.0,5.0,6.0,5.0,1.0,0.0,0.0,0.0,0.0,1.0,3.0,4.0,4.0,82.92,20.72275,1.0,16860072
PSA59TQ,1039181,2021-08-20 12:35:00-04:00,2021-08-20 13:20:00-04:00,2021-08-20 12:49:29.583000-04:00,2021-08-20 12:58:58.362000-04:00,1,,,,,,Control 1,299.205,99.7283333333333,3.0,3.0,,,3.0,3.0,3.0,0.0,0.0,0.0,0.0,0.0,0.0,1.0,4.0,3.0,224.208,47.9425,1.0,16860516
PSA59TQ,1039182,2021-08-20 12:35:00-04:00,2021-08-20 13:20:00-04:00,2021-08-20 12:49:17.496000-04:00,,1,,,,,,Treatment 1,556.834,38.1256363636364,11.0,8.0,2.0,2.0,10.0,14.0,9.0,3.0,0.0,0.0,0.0,0.0,0.0,1.0,1.0,1.0,2.668,2.657,1.0,16860510
PSA59TQ,1039183,2021-08-20 12:35:00-04:00,2021-08-20 13:20:00-04:00,2021-08-20 12:49:31.868000-04:00,,1,,,,,,Control 1,209.179,104.577,3.0,2.0,,,2.0,2.0,3.0,0.0,0.0,0.0,0.0,0.0,0.0,1.0,,,,,,16860517
PSA59TQ,1039185,2021-08-20 12:35:00-04:00,2021-08-20 13:20:00-04:00,2021-08-20 12:50:02.929000-04:00,2021-08-20 12:55:15.404000-04:00,1,,,,,,Treatment 1,132.953,33.228,4.0,4.0,,,4.0,4.0,3.0,0.0,0.0,0.0,0.0,0.0,0.0,1.0,4.0,3.0,131.966,22.10875,1.0,16860524
PSA59TQ,1039187,2021-08-20 12:35:00-04:00,2021-08-20 13:20:00-04:00,2021-08-20 12:50:06.097000-04:00,2021-08-20 12:55:56.444000-04:00,1,,,,,,Treatment 3,131.854,32.94875,4.0,4.0,,,4.0,4.0,3.0,0.0,0.0,0.0,0.0,0.0,0.0,1.0,4.0,3.0,179.999,32.52275,1.0,16860526
PSA59TQ,1039188,2021-08-20 12:35:00-04:00,2021-08-20 13:20:00-04:00,2021-08-20 12:50:14.634000-04:00,,1,,,,,,Control 2,316.481,34.6478,5.0,3.0,1.0,1.0,4.0,15.0,5.0,2.0,0.0,0.0,0.0,0.0,2.0,1.0,2.0,1.0,12.601,12.596,1.0,16860531
PSA59TQ,1039190,2021-08-20 12:35:00-04:00,2021-08-20 13:20:00-04:00,2021-08-20 12:50:27.228000-04:00,,1,,,,,,Treatment 2,434.493,44.3248333333333,6.0,5.0,1.0,,6.0,8.0,5.0,0.0,0.0,0.0,0.0,0.0,0.0,1.0,1.0,1.0,12.377,12.377,1.0,16860536
PSA59TQ,1039192,2021-08-20 12:35:00-04:00,2021-08-20 13:20:00-04:00,2021-08-20 12:51:13.373000-04:00,,1,,,,,,Control 1,713.563,64.3878,5.0,3.0,2.0,,5.0,16.0,5.0,0.0,0.0,0.0,0.0,0.0,0.0,1.0,,,,,,16860553
PSA59TQ,1039196,2021-08-20 12:35:00-04:00,2021-08-20 13:20:00-04:00,2021-08-20 12:51:23.814000-04:00,,1,,,,,,Control 3,359.133,42.2174285714286,7.0,5.0,1.0,,7.0,9.0,7.0,0.0,0.0,0.0,0.0,0.0,0.0,1.0,4.0,3.0,111.264,27.81025,1.0,16860555
PSA59TQ,1039197,2021-08-20 12:35:00-04:00,2021-08-20 13:20:00-04:00,2021-08-20 12:51:34.071000-04:00,,1,,,,,,Control 3,116.901,106.729,1.0,0.0,,,1.0,1.0,1.0,0.0,0.0,0.0,0.0,0.0,0.0,1.0,,,,,,16860558
PSA59TQ,1039203,2021-08-20 12:35:00-04:00,2021-08-20 13:20:00-04:00,2021-08-20 12:51:42.861000-04:00,,1,,,,,,Treatment 2,477.72,60.61525,5.0,1.0,1.0,1.0,3.0,7.0,4.0,3.0,0.0,0.0,0.0,0.0,3.0,1.0,,,,,,16860566
PSA59TQ,1039420,2021-08-20 09:29:12.822000-04:00,2021-08-20 15:05:00-04:00,2021-08-20 13:48:18.257000-04:00,,1,,,,,,Not Assigned,,,,,,,,,,,,,,,,,,,,,,16861682
PSA59TQ,1039987,2021-08-20 09:29:12.822000-04:00,2021-08-20 15:05:00-04:00,2021-08-20 19:39:04.129000-04:00,2021-08-20 19:44:03.432000-04:00,1,,,,,,Control 2,176.189,58.7246666666667,3.0,3.0,,,3.0,3.0,3.0,0.0,0.0,0.0,0.0,0.0,0.0,1.0,4.0,2.0,96.785,15.6585,1.0,16864723
PSA59TQ,1041254,2021-08-23 11:00:00-04:00,2021-08-27 19:00:00-04:00,2021-08-24 11:47:01.320000-04:00,,1,,,,,,Control 3,,,1.0,,,,,0.0,1.0,0.0,0.0,0.0,0.0,0.0,0.0,1.0,,,,,,16885438
PSA59TQ,1041260,2021-08-23 11:00:00-04:00,2021-08-27 19:00:00-04:00,2021-09-02 00:00:36.361000-04:00,2021-09-02 00:18:07.439000-04:00,2,,,,,,Control 2,757.877,50.6139,10.0,3.0,2.0,2.0,7.0,14.0,10.0,5.0,0.0,0.0,0.0,0.0,5.0,2.0,4.0,3.0,248.885,36.758,1.0,17012820
PSA59TQ,1042263,2021-08-16 11:42:46.552000-04:00,2021-08-20 03:00:00-04:00,2021-08-23 14:42:45.516000-04:00,2021-08-23 14:50:54.030000-04:00,1,,,,,,Treatment 3,318.721,43.0284,5.0,4.0,1.0,1.0,5.0,6.0,4.0,1.0,0.0,0.0,0.0,0.0,1.0,1.0,4.0,4.0,126.863,31.709,1.0,16875195
PSA59TQ,1042355,2021-08-18 13:41:38.950000-04:00,,2021-08-31 14:45:58.428000-04:00,2021-09-07 12:05:29.708000-04:00,2,,,,,,Treatment 1,586.984,146.7375,4.0,4.0,,,4.0,4.0,3.0,0.0,0.0,0.0,0.0,0.0,0.0,1.0,4.0,4.0,594449.47,148612.36025,2.0,16984642
PSA59TQ,1042790,2021-08-23 11:01:00-04:00,2021-08-27 19:00:00-04:00,2021-08-23 15:51:35.311000-04:00,2021-08-26 12:30:03.039000-04:00,3,,,,,,Treatment 3,64455.451,38.2045714285714,14.0,8.0,4.0,4.0,10.0,21.0,11.0,6.0,0.0,0.0,0.0,0.0,5.0,2.0,4.0,1.0,120.149,20.7305,1.0,16876687
PSA59TQ,1042977,2021-08-23 11:01:00-04:00,2021-08-27 19:00:00-04:00,2021-08-23 17:25:20.699000-04:00,2021-08-23 17:39:03.544000-04:00,1,,,,,,Control 1,490.965,75.1978333333333,6.0,5.0,1.0,,6.0,7.0,6.0,0.0,0.0,0.0,0.0,0.0,0.0,1.0,4.0,2.0,229.65,43.27775,1.0,16877986
PSA59TQ,1042981,2021-08-23 11:01:00-04:00,2021-08-27 19:00:00-04:00,2021-08-23 17:25:58.580000-04:00,2021-08-23 19:54:36.615000-04:00,2,,,,,,Treatment 2,791.891,83.2405714285714,7.0,5.0,1.0,1.0,6.0,9.0,6.0,2.0,0.0,0.0,0.0,0.0,2.0,1.0,4.0,3.0,8055.985,2003.196,2.0,16877991
PSA59TQ,1042985,2021-08-23 11:01:00-04:00,2021-08-27 19:00:00-04:00,2021-08-23 17:27:04.914000-04:00,,1,,,,,,Treatment 2,479.844,93.925,2.0,1.0,,,1.0,4.0,2.0,0.0,0.0,0.0,0.0,0.0,0.0,1.0,,,,,,16878010
PSA59TQ,1042986,2021-08-23 11:01:00-04:00,2021-08-27 19:00:00-04:00,2021-08-23 17:27:02.719000-04:00,,5,,,,,,Treatment 3,866.704,63.4446,5.0,2.0,1.0,1.0,3.0,10.0,4.0,2.0,0.0,0.0,0.0,0.0,2.0,2.0,,,,,,16878008
PSA59TQ,1042987,2021-08-23 11:01:00-04:00,2021-08-27 19:00:00-04:00,2021-08-23 17:27:32.903000-04:00,2021-08-23 17:37:31.320000-04:00,1,,,,,,Treatment 3,261.643,65.407,4.0,4.0,,,4.0,4.0,3.0,0.0,0.0,0.0,0.0,0.0,0.0,1.0,4.0,3.0,249.504,51.82575,1.0,16878016
PSA59TQ,1042988,2021-08-23 11:01:00-04:00,2021-08-27 19:00:00-04:00,2021-08-23 17:27:54.540000-04:00,,1,,,,,,Control 3,939.673,163.2442,5.0,3.0,1.0,,5.0,9.0,5.0,0.0,0.0,0.0,0.0,0.0,0.0,1.0,,,,,,16878020
PSA59TQ,1042989,2021-08-23 11:01:00-04:00,2021-08-27 19:00:00-04:00,2021-08-23 17:27:58.553000-04:00,2021-08-23 17:38:55.384000-04:00,1,,,,,,Control 3,150.114,50.0346666666667,3.0,3.0,,,3.0,3.0,3.0,0.0,0.0,0.0,0.0,0.0,0.0,1.0,4.0,3.0,392.36,69.12275,1.0,16878022
PSA59TQ,1042990,2021-08-23 11:01:00-04:00,2021-08-27 19:00:00-04:00,2021-08-23 17:27:54.348000-04:00,,1,,,,,,Treatment 3,414.354,103.5855,4.0,4.0,,,4.0,4.0,3.0,0.0,0.0,0.0,0.0,0.0,0.0,1.0,4.0,3.0,172.116,57.369,1.0,16878019
PSA59TQ,1042998,2021-08-16 11:42:46.548000-04:00,2021-08-20 03:00:00-04:00,2021-08-24 17:26:36.428000-04:00,,3,,,,,,Control 1,11.551,11.551,1.0,0.0,,,0.0,0.0,1.0,0.0,0.0,0.0,0.0,0.0,0.0,1.0,,,,,,16894171
PSA59TQ,1043061,2021-08-23 11:01:00-04:00,2021-08-27 19:00:00-04:00,2021-08-23 18:30:40.750000-04:00,2021-08-23 18:36:16.587000-04:00,1,,,,,,Control 3,108.406,36.132,3.0,3.0,,,3.0,3.0,3.0,0.0,0.0,0.0,0.0,0.0,0.0,1.0,4.0,2.0,197.824,21.5935,1.0,16878519
PSA59TQ,1043062,2021-08-23 11:01:00-04:00,2021-08-27 19:00:00-04:00,2021-08-23 18:32:04.486000-04:00,,1,,,,,,Control 1,375.294,125.094666666667,3.0,3.0,,,3.0,3.0,3.0,0.0,0.0,0.0,0.0,0.0,0.0,1.0,3.0,2.0,180.065,90.03,1.0,16878524
PSA59TQ,1043065,2021-08-23 11:01:00-04:00,2021-08-27 19:00:00-04:00,2021-08-23 18:34:58.509000-04:00,2021-08-23 18:43:49.591000-04:00,1,,,,,,Control 2,243.816,37.9666,5.0,4.0,1.0,,4.0,5.0,5.0,0.0,0.0,0.0,0.0,0.0,0.0,1.0,4.0,3.0,243.038,46.2445,1.0,16878536
PSA59TQ,1043066,2021-08-23 11:01:00-04:00,2021-08-27 19:00:00-04:00,2021-08-23 18:35:17.055000-04:00,2021-08-23 19:34:45.718000-04:00,2,,,,,,Control 2,3163.834,117.462,4.0,3.0,1.0,,4.0,5.0,4.0,0.0,0.0,0.0,0.0,0.0,0.0,2.0,4.0,4.0,362.701,90.6725,1.0,16878540
PSA59TQ,1043067,2021-08-23 11:01:00-04:00,2021-08-27 19:00:00-04:00,2021-08-23 18:35:11.498000-04:00,2021-08-23 23:01:44.254000-04:00,4,,,,,,Treatment 1,14731.284,1504.54283333333,6.0,5.0,1.0,,6.0,7.0,5.0,0.0,0.0,0.0,0.0,0.0,0.0,3.0,4.0,3.0,978.68,107.80375,1.0,16878539
PSA59TQ,1043072,2021-08-23 11:01:00-04:00,2021-08-27 19:00:00-04:00,2021-08-23 18:36:17.383000-04:00,2021-08-23 19:45:29.923000-04:00,2,,,,,,Treatment 3,3311.072,351.811,9.0,7.0,2.0,,9.0,12.0,7.0,0.0,0.0,0.0,0.0,0.0,0.0,2.0,4.0,3.0,770.182,116.799,1.0,16878547
PSA59TQ,1043073,2021-08-23 11:01:00-04:00,2021-08-27 19:00:00-04:00,2021-08-23 18:36:34.552000-04:00,2021-08-23 20:20:31.662000-04:00,2,,,,,,Treatment 1,1030.954,112.524166666667,6.0,4.0,1.0,,6.0,11.0,5.0,0.0,0.0,0.0,0.0,0.0,0.0,2.0,4.0,4.0,189.064,47.2625,1.0,16878550
PSA59TQ,1043074,2021-08-23 11:01:00-04:00,2021-08-27 19:00:00-04:00,2021-08-23 18:37:54.107000-04:00,,3,,,,,,Treatment 1,20716.149,216.807846153846,13.0,5.0,4.0,3.0,8.0,31.0,10.0,7.0,0.0,0.0,0.0,0.0,2.0,3.0,,,,,,16878557
PSA59TQ,1043075,2021-08-23 11:01:00-04:00,2021-08-27 19:00:00-04:00,2021-08-23 18:37:29.838000-04:00,2021-08-24 22:03:10.457000-04:00,3,,,,,,Treatment 3,98386.745,13986.2997142857,7.0,5.0,2.0,,7.0,13.0,6.0,0.0,0.0,0.0,0.0,0.0,0.0,2.0,4.0,2.0,311.698,59.6985,1.0,16878556
PSA59TQ,1043076,2021-08-23 11:01:00-04:00,2021-08-27 19:00:00-04:00,2021-08-23 18:37:56.787000-04:00,,1,,,,,,Control 2,142.602,71.2995,2.0,1.0,,,2.0,2.0,2.0,0.0,0.0,0.0,0.0,0.0,0.0,1.0,,,,,,16878558
PSA59TQ,1043077,2021-08-23 11:01:00-04:00,2021-08-27 19:00:00-04:00,2021-08-23 18:38:01.308000-04:00,,1,,,,,,Control 1,95.138,72.447,1.0,0.0,,,1.0,1.0,1.0,1.0,0.0,0.0,0.0,0.0,0.0,1.0,,,,,,16878560
PSA59TQ,1043078,2021-08-23 11:01:00-04:00,2021-08-27 19:00:00-04:00,2021-08-23 18:38:00.819000-04:00,2021-08-23 21:41:23.205000-04:00,2,,,,,,Treatment 3,10173.218,107.841692307692,13.0,10.0,3.0,,13.0,17.0,10.0,0.0,0.0,0.0,0.0,0.0,0.0,2.0,4.0,3.0,569.779,115.53975,1.0,16878559
PSA59TQ,1043081,2021-08-23 11:01:00-04:00,2021-08-27 19:00:00-04:00,2021-08-23 18:39:32.169000-04:00,,1,,,,,,Treatment 2,119.509,53.8495,2.0,1.0,,,2.0,2.0,2.0,1.0,0.0,0.0,0.0,0.0,0.0,1.0,,,,,,16878567
PSA59TQ,1043152,2021-08-23 11:01:00-04:00,2021-08-27 19:00:00-04:00,2021-08-23 19:37:14.441000-04:00,2021-08-23 20:01:08.970000-04:00,5,,,,,,Control 1,1041.432,48.7330833333333,12.0,4.0,2.0,2.0,10.0,22.0,12.0,5.0,0.0,0.0,0.0,0.0,3.0,3.0,4.0,2.0,323.326,56.0965,1.0,16878906
PSA59TQ,1043172,2021-08-23 11:00:00-04:00,2021-08-27 19:00:00-04:00,2021-08-23 20:35:15.387000-04:00,2021-08-23 20:43:02.640000-04:00,1,,,,,,Control 1,243.217,81.0693333333333,3.0,3.0,,,3.0,3.0,3.0,0.0,0.0,0.0,0.0,0.0,0.0,1.0,4.0,3.0,169.425,37.9175,1.0,16879176
PSA59TQ,1043174,2021-08-23 11:00:00-04:00,2021-08-27 19:00:00-04:00,2021-08-23 19:54:05.868000-04:00,2021-08-23 19:57:33.172000-04:00,1,,,,,,Treatment 3,114.928,28.72925,4.0,4.0,,,4.0,4.0,3.0,0.0,0.0,0.0,0.0,0.0,0.0,1.0,4.0,4.0,70.552,17.63475,1.0,16878991
PSA59TQ,1043246,2021-08-23 11:01:00-04:00,2021-08-27 19:00:00-04:00,2021-08-23 21:41:19.300000-04:00,2021-08-23 22:21:52.358000-04:00,1,,,,,,Control 1,2059.119,164.2835,8.0,6.0,2.0,2.0,7.0,13.0,8.0,2.0,0.0,0.0,0.0,0.0,1.0,1.0,4.0,3.0,328.01,55.71225,1.0,16879435
PSA59TQ,1043273,2021-08-23 11:01:00-04:00,2021-08-27 19:00:00-04:00,2021-08-23 23:12:40.456000-04:00,2021-08-23 23:20:10.117000-04:00,1,,,,,,Treatment 1,239.571,59.89,4.0,4.0,,,4.0,4.0,3.0,0.0,0.0,0.0,0.0,0.0,0.0,1.0,4.0,3.0,147.114,34.7995,1.0,16879719
PSA59TQ,1043280,2021-08-23 11:01:00-04:00,2021-08-27 19:00:00-04:00,2021-08-23 23:09:56.021000-04:00,2021-08-23 23:17:19.944000-04:00,1,,,,,,Treatment 2,272.298,68.07125,4.0,4.0,,,4.0,4.0,3.0,0.0,0.0,0.0,0.0,0.0,0.0,1.0,4.0,3.0,145.28,32.019,1.0,16879711
PSA59TQ,1044898,2021-08-23 11:01:00-04:00,2021-08-27 19:00:00-04:00,2021-08-24 14:29:23.655000-04:00,2021-08-26 11:38:21.314000-04:00,2,,,,,,Treatment 1,162118.682,38.3108461538461,13.0,9.0,3.0,1.0,13.0,25.0,10.0,1.0,0.0,0.0,0.0,0.0,1.0,2.0,4.0,2.0,367.086,36.5905,1.0,16890874
PSA59TQ,1044901,2021-08-23 11:01:00-04:00,2021-08-27 19:00:00-04:00,2021-08-25 18:08:29.265000-04:00,2021-08-27 23:11:47.589000-04:00,3,,,,,,Control 3,1188.718,113.931,8.0,6.0,2.0,,8.0,10.0,8.0,0.0,0.0,0.0,0.0,0.0,0.0,1.0,4.0,4.0,532.569,133.13925,1.0,16911268
PSA59TQ,1044906,2021-08-23 11:01:00-04:00,2021-08-27 19:00:00-04:00,2021-08-27 14:58:21.238000-04:00,,1,,,,,,Treatment 2,418.127,79.62,3.0,1.0,0.0,0.0,3.0,6.0,3.0,2.0,0.0,0.0,0.0,0.0,0.0,1.0,,,,,,16943290
PSA59TQ,1044963,2021-08-23 11:01:00-04:00,2021-08-27 19:00:00-04:00,2021-08-25 17:36:54.105000-04:00,2021-08-25 17:48:47.303000-04:00,1,,,,,,Control 1,288.026,96.0056666666667,3.0,3.0,,,3.0,3.0,3.0,0.0,0.0,0.0,0.0,0.0,0.0,1.0,4.0,4.0,281.206,70.2985,1.0,16911077
PSA59TQ,1044966,2021-08-23 11:01:00-04:00,2021-08-27 19:00:00-04:00,2021-08-24 14:34:57.353000-04:00,,1,,,,,,Not Assigned,,,,,,,,,,,,,,,,,,,,,,16891015
PSA59TQ,1045704,2021-08-23 11:01:00-04:00,2021-08-27 19:00:00-04:00,2021-08-24 20:27:08.440000-04:00,2021-08-24 21:32:30.749000-04:00,1,,,,,,Control 1,3203.11,1067.69933333333,3.0,3.0,,,3.0,3.0,3.0,0.0,0.0,0.0,0.0,0.0,0.0,1.0,4.0,2.0,584.375,102.64625,1.0,16895253
PSA59TQ,1048488,2021-08-23 11:01:00-04:00,2021-08-27 19:00:00-04:00,2021-08-25 19:06:23.307000-04:00,2021-08-26 01:23:00.201000-04:00,3,,,,,,Control 3,21686.724,562.462916666667,12.0,4.0,3.0,0.0,11.0,32.0,12.0,3.0,0.0,0.0,0.0,0.0,1.0,2.0,4.0,2.0,673.662,118.223,1.0,16911609
PSA59TQ,1048564,2021-08-23 11:01:00-04:00,2021-08-27 19:00:00-04:00,2021-08-25 22:39:04.420000-04:00,2021-08-25 22:47:05.730000-04:00,1,,,,,,Treatment 3,193.731,48.42975,4.0,4.0,,,4.0,4.0,3.0,0.0,0.0,0.0,0.0,0.0,0.0,1.0,4.0,3.0,246.173,56.39225,1.0,16912443
PSA59TQ,1051383,2021-08-23 11:01:00-04:00,2021-08-27 19:00:00-04:00,2021-08-26 18:25:07.084000-04:00,,1,,,,,,Treatment 2,256.9,99.615,3.0,0.0,0.0,0.0,1.0,4.0,3.0,2.0,0.0,0.0,0.0,0.0,0.0,1.0,,,,,,16929851
PSA59TQ,1051464,2021-08-23 11:01:00-04:00,2021-08-27 19:00:00-04:00,2021-08-26 21:19:51.738000-04:00,2021-08-26 21:25:37.348000-04:00,1,,,,,,Treatment 1,187.868,46.96375,4.0,4.0,,,4.0,4.0,3.0,0.0,0.0,0.0,0.0,0.0,0.0,1.0,4.0,4.0,113.776,28.441,1.0,16930733
PSA59TQ,1052112,2021-08-23 11:01:00-04:00,2021-08-27 19:00:00-04:00,2021-08-27 11:05:05.238000-04:00,2021-08-27 11:23:48.181000-04:00,1,,,,,,Treatment 1,791.142,54.455,11.0,6.0,3.0,3.0,11.0,19.0,9.0,4.0,0.0,0.0,0.0,0.0,4.0,1.0,4.0,3.0,287.794,60.70175,1.0,16935772
PSA59TQ,1053795,2021-08-23 11:01:00-04:00,2021-08-27 19:00:00-04:00,2021-08-28 01:07:38.770000-04:00,2021-08-28 12:10:33.696000-04:00,2,,,,,,Control 1,39449.187,5576.65571428571,7.0,5.0,1.0,0.0,7.0,10.0,7.0,1.0,0.0,0.0,0.0,0.0,1.0,2.0,4.0,3.0,280.069,56.40225,1.0,16946158
PSA59TQ,1053853,2021-08-23 11:00:00-04:00,2021-08-27 19:00:00-04:00,2021-08-28 20:50:20.918000-04:00,,1,,,,,,Control 2,20.23,15.939,1.0,0.0,,,1.0,1.0,1.0,0.0,0.0,0.0,0.0,0.0,0.0,1.0,,,,,,16946702
PSA59TQ,1054915,2021-08-23 11:00:00-04:00,2021-08-27 19:00:00-04:00,2021-09-11 18:52:13.096000-04:00,2021-09-11 19:22:45.213000-04:00,1,,,,,,Control 3,973.369,324.453666666667,3.0,3.0,,,3.0,3.0,3.0,0.0,0.0,0.0,0.0,0.0,0.0,1.0,4.0,4.0,743.272,185.81475,1.0,17151214
PSA59TQ,1059349,2021-09-01 16:14:11.145000-04:00,,2021-09-01 17:10:50.682000-04:00,2021-09-01 17:23:46.539000-04:00,3,,,,,,Treatment 3,585.459,23.9056363636364,11.0,7.0,4.0,1.0,10.0,19.0,9.0,1.0,0.0,0.0,0.0,0.0,1.0,2.0,4.0,2.0,149.624,20.48475,1.0,17010468
PSA59TQ,1059350,2021-09-01 16:14:11.145000-04:00,,2021-09-01 17:16:51.025000-04:00,2021-09-01 17:22:02.111000-04:00,1,,,,,,Treatment 2,98.204,24.54725,4.0,4.0,,,4.0,4.0,3.0,0.0,0.0,0.0,0.0,0.0,0.0,1.0,4.0,3.0,177.945,32.9085,1.0,17010571
PSA59TQ,1059351,2021-09-01 16:14:11.145000-04:00,,2021-09-01 17:11:13.585000-04:00,2021-09-01 17:17:54.099000-04:00,1,,,,,,Treatment 1,222.103,55.52175,4.0,4.0,,,4.0,4.0,3.0,0.0,0.0,0.0,0.0,0.0,0.0,1.0,4.0,4.0,142.776,35.69075,1.0,17010476
PSA59TQ,1059352,2021-09-01 16:14:11.145000-04:00,,2021-09-01 17:11:21.768000-04:00,2021-09-01 17:18:34.743000-04:00,1,,,,,,Control 2,195.509,65.1663333333333,3.0,3.0,,,3.0,3.0,3.0,0.0,0.0,0.0,0.0,0.0,0.0,1.0,4.0,4.0,130.276,32.56575,1.0,17010483
PSA59TQ,1059353,2021-09-01 16:14:11.145000-04:00,,2021-09-01 17:11:07.401000-04:00,2021-09-01 17:16:00.492000-04:00,1,,,,,,Treatment 2,91.246,22.808,4.0,4.0,,,4.0,4.0,3.0,0.0,0.0,0.0,0.0,0.0,0.0,1.0,4.0,4.0,123.402,30.84775,1.0,17010473
PSA59TQ,1059354,2021-09-01 16:14:11.145000-04:00,,2021-09-01 17:12:35.527000-04:00,2021-09-01 17:31:54.039000-04:00,1,,,,,,Control 1,785.969,58.4713333333333,6.0,5.0,1.0,,6.0,9.0,6.0,0.0,0.0,0.0,0.0,0.0,0.0,1.0,4.0,3.0,341.769,39.83225,1.0,17010511
PSA59TQ,1059355,2021-09-01 16:14:11.145000-04:00,,2021-09-01 17:28:21.663000-04:00,,1,,,,,,Control 1,,,1.0,,,,,0.0,1.0,0.0,0.0,0.0,0.0,0.0,0.0,1.0,,,,,,17010719
PSA59TQ,1059356,2021-09-01 16:14:11.145000-04:00,,2021-09-01 17:11:18.614000-04:00,2021-09-01 17:21:39.247000-04:00,1,,,,,,Control 1,200.435,66.8073333333333,3.0,3.0,,,3.0,3.0,3.0,0.0,0.0,0.0,0.0,0.0,0.0,1.0,4.0,2.0,396.327,36.366,1.0,17010481
PSA59TQ,1059357,2021-09-01 16:14:11.145000-04:00,,2021-09-01 17:10:55.643000-04:00,2021-09-01 17:17:51.301000-04:00,1,,,,,,Control 1,209.245,69.744,3.0,3.0,,,3.0,3.0,3.0,0.0,0.0,0.0,0.0,0.0,0.0,1.0,4.0,3.0,179.999,20.425,1.0,17010470
PSA59TQ,1059358,2021-09-01 16:14:11.145000-04:00,,2021-09-01 17:16:59.489000-04:00,2021-09-01 17:27:42.431000-04:00,1,,,,,,Treatment 3,451.539,29.0126666666667,9.0,7.0,2.0,,9.0,11.0,7.0,0.0,0.0,0.0,0.0,0.0,0.0,1.0,4.0,4.0,127.103,31.773,1.0,17010573
PSA59TQ,1059359,2021-09-01 16:14:11.145000-04:00,,2021-09-01 17:11:17.194000-04:00,2021-09-01 17:26:51.639000-04:00,1,,,,,,Control 2,641.499,45.0842,5.0,3.0,1.0,1.0,5.0,16.0,5.0,1.0,0.0,0.0,0.0,0.0,0.0,1.0,4.0,2.0,243.902,31.315,1.0,17010479
PSA59TQ,1059360,2021-09-01 16:14:11.145000-04:00,,2021-09-01 17:24:57.795000-04:00,2021-09-08 01:07:05.616000-04:00,2,,,,,,Treatment 3,545979.243,49619.5395454546,11.0,9.0,2.0,1.0,11.0,14.0,9.0,1.0,0.0,0.0,0.0,0.0,1.0,2.0,4.0,4.0,113.401,28.34725,1.0,17010682
PSA59TQ,1059362,2021-09-01 16:14:11.145000-04:00,,2021-09-01 17:23:03.451000-04:00,2021-09-01 17:28:14.963000-04:00,1,,,,,,Control 2,108.008,35.9976666666667,3.0,3.0,,,3.0,3.0,3.0,0.0,0.0,0.0,0.0,0.0,0.0,1.0,4.0,2.0,178.207,25.862,1.0,17010663
PSA59TQ,1059364,2021-09-01 16:14:11.145000-04:00,,2021-09-01 17:12:56.023000-04:00,2021-09-01 17:21:23.459000-04:00,1,,,,,,Treatment 2,302.122,33.0065,6.0,5.0,1.0,,6.0,7.0,5.0,0.0,0.0,0.0,0.0,0.0,0.0,1.0,4.0,4.0,133.074,33.26475,1.0,17010519
PSA59TQ,1059365,2021-09-01 16:14:11.145000-04:00,,2021-09-01 17:15:47.933000-04:00,2021-09-01 17:25:52.761000-04:00,1,,,,,,Treatment 1,285.8,40.278,5.0,4.0,1.0,,5.0,6.0,4.0,0.0,0.0,0.0,0.0,0.0,0.0,1.0,4.0,3.0,176.888,26.876,1.0,17010557
PSA59TQ,1059366,2021-09-01 16:14:11.145000-04:00,,2021-09-01 17:30:59.269000-04:00,,1,,,,,,Control 1,345.762,115.246666666667,3.0,3.0,,,3.0,3.0,3.0,0.0,0.0,0.0,0.0,0.0,0.0,1.0,3.0,2.0,479.172,239.5765,1.0,17010747
PSA59TQ,1059370,2021-09-01 16:14:11.145000-04:00,,2021-09-01 17:14:53.759000-04:00,2021-09-01 17:17:56.340000-04:00,1,,,,,,Control 1,75.189,25.059,3.0,3.0,,,3.0,3.0,3.0,0.0,0.0,0.0,0.0,0.0,0.0,1.0,4.0,4.0,71.402,17.847,1.0,17010548
PSA59TQ,1059389,2021-09-01 16:14:11.145000-04:00,,2021-09-07 17:39:11.076000-04:00,2021-09-07 17:43:35.077000-04:00,1,,,,,,Treatment 2,75.811,18.94925,4.0,4.0,,,4.0,4.0,3.0,0.0,0.0,0.0,0.0,0.0,0.0,1.0,4.0,3.0,145.33,31.9925,1.0,17073879
PSA59TQ,1059390,2021-09-01 16:14:11.145000-04:00,,2021-09-01 17:40:33.203000-04:00,,1,,,,,,Control 1,249.566,78.235,3.0,1.0,0.0,,3.0,4.0,3.0,0.0,0.0,0.0,0.0,0.0,0.0,1.0,,,,,,17010843
PSA59TQ,1059391,2021-09-01 16:14:11.145000-04:00,,2021-09-01 17:43:34.897000-04:00,2021-09-01 17:56:59.825000-04:00,1,,,,,,Treatment 3,144.676,36.16575,4.0,4.0,,,4.0,4.0,3.0,0.0,0.0,0.0,0.0,0.0,0.0,1.0,4.0,3.0,628.303,35.40425,1.0,17010874
PSA59TQ,1059392,2021-09-01 16:14:11.145000-04:00,,2021-09-01 17:39:24.795000-04:00,,1,,,,,,Control 1,494.872,53.2673333333333,3.0,1.0,1.0,,3.0,5.0,3.0,0.0,0.0,0.0,0.0,0.0,0.0,1.0,,,,,,17010827
PSA59TQ,1059394,2021-09-01 16:14:11.145000-04:00,,2021-09-01 17:41:24.072000-04:00,2021-09-11 17:06:34.002000-04:00,2,,,,,,Treatment 1,861804.111,123108.535285714,7.0,6.0,1.0,,6.0,7.0,6.0,0.0,0.0,0.0,0.0,0.0,0.0,2.0,4.0,4.0,67.786,16.9425,1.0,17010850
PSA59TQ,1059395,2021-09-01 16:14:11.145000-04:00,,2021-09-01 17:41:04.342000-04:00,2021-09-01 17:44:53.803000-04:00,1,,,,,,Treatment 3,80.833,20.20525,4.0,4.0,,,4.0,4.0,3.0,0.0,0.0,0.0,0.0,0.0,0.0,1.0,4.0,4.0,74.645,18.6575,1.0,17010848
PSA59TQ,1059398,2021-09-01 16:14:11.145000-04:00,,2021-09-01 17:45:32.322000-04:00,,1,,,,,,Control 3,85.01,28.3326666666667,3.0,3.0,,,3.0,3.0,3.0,0.0,0.0,0.0,0.0,0.0,0.0,1.0,2.0,1.0,8.074,8.071,1.0,17010890
PSA59TQ,1059400,2021-09-01 16:14:11.145000-04:00,,2021-09-09 21:54:58.021000-04:00,2021-09-09 22:04:26.445000-04:00,1,,,,,,Control 2,186.227,62.0726666666667,3.0,3.0,,,3.0,3.0,3.0,0.0,0.0,0.0,0.0,0.0,0.0,1.0,4.0,3.0,256.69,48.9685,1.0,17128434
PSA59TQ,1059416,2021-09-01 16:14:11.145000-04:00,,2021-09-01 17:42:41.077000-04:00,2021-09-01 17:50:20.918000-04:00,1,,,,,,Control 1,308.09,44.4431666666667,6.0,5.0,1.0,,6.0,8.0,6.0,0.0,0.0,0.0,0.0,0.0,0.0,1.0,4.0,4.0,119.741,29.9325,1.0,17010866
PSA59TQ,1059417,2021-09-01 16:14:11.145000-04:00,,2021-09-01 17:40:28.584000-04:00,2021-09-01 17:47:41.730000-04:00,1,,,,,,Control 3,199.001,66.3293333333333,3.0,3.0,,,3.0,3.0,3.0,0.0,0.0,0.0,0.0,0.0,0.0,1.0,4.0,3.0,198.348,36.69425,1.0,17010840
PSA59TQ,1059419,2021-09-01 16:14:11.145000-04:00,,2021-09-01 20:08:36.558000-04:00,2021-09-01 20:16:19.388000-04:00,1,,,,,,Treatment 2,297.74,21.5987777777778,9.0,7.0,2.0,,9.0,13.0,7.0,0.0,0.0,0.0,0.0,0.0,0.0,1.0,4.0,3.0,108.895,20.9045,1.0,17011886
PSA59TQ,1059486,2021-09-01 16:14:11.145000-04:00,,2021-09-01 17:11:32.078000-04:00,2021-09-01 17:23:18.367000-04:00,1,,,,,,Treatment 3,442.557,110.63525,4.0,4.0,,,4.0,4.0,3.0,0.0,0.0,0.0,0.0,0.0,0.0,1.0,4.0,3.0,178.254,37.2315,1.0,17010489
PSA59TQ,1061806,2021-09-01 16:14:11.145000-04:00,,2021-09-01 17:16:29.178000-04:00,2021-09-01 17:26:28.307000-04:00,1,,,,,,Control 2,463.881,29.254125,8.0,5.0,2.0,1.0,8.0,18.0,8.0,2.0,0.0,0.0,0.0,0.0,2.0,1.0,4.0,2.0,102.239,18.516,1.0,17010567
PSA59TQ,1061808,2021-09-01 16:14:11.145000-04:00,,2021-09-01 17:12:25.391000-04:00,,2,,,,,,Treatment 2,519479.716,37018.074,15.0,8.0,3.0,1.0,14.0,27.0,12.0,2.0,0.0,0.0,0.0,0.0,1.0,2.0,,,,,,17010505
PSA59TQ,1061811,2021-09-01 16:14:11.145000-04:00,,2021-09-09 01:13:03.392000-04:00,,1,,,,,,Not Assigned,,,,,,,,,,,,,,,,,,,,,,17103613
PSA59TQ,1061814,2021-09-01 16:14:11.145000-04:00,,2021-09-01 17:13:19.867000-04:00,2021-09-07 17:17:33.243000-04:00,2,,,,,,Treatment 1,648.232,42.2267,10.0,7.0,2.0,2.0,10.0,16.0,8.0,3.0,0.0,0.0,0.0,0.0,3.0,1.0,4.0,1.0,517967.257,35.14775,2.0,17010525
PSA59TQ,1061816,2021-09-01 16:14:11.145000-04:00,,2021-09-01 17:15:36.497000-04:00,,1,,,,,,Treatment 2,947.284,177.5138,6.0,4.0,1.0,,5.0,6.0,5.0,0.0,0.0,0.0,0.0,0.0,0.0,1.0,,,,,,17010556
PSA59TQ,1061856,2021-09-01 16:14:11.145000-04:00,,2021-09-01 18:29:50.685000-04:00,,1,,,,,,Not Assigned,,,,,,,,,,,,,,,,,,,,,,17011237
PSA59TQ,1061861,2021-09-01 16:14:11.145000-04:00,,2021-09-01 17:42:15.721000-04:00,,1,,,,,,Control 2,128.835,26.389,3.0,2.0,,,3.0,4.0,3.0,0.0,0.0,0.0,0.0,0.0,0.0,1.0,,,,,,17010862
PSA59TQ,1061863,2021-09-01 16:14:11.145000-04:00,,2021-09-01 17:43:00.770000-04:00,,3,,,,,,Control 3,518948.56,100.9965,6.0,2.0,2.0,,6.0,14.0,6.0,0.0,0.0,0.0,0.0,0.0,0.0,2.0,,,,,,17010868
PSA59TQ,1064875,2021-08-16 11:42:46.548000-04:00,2021-08-20 03:00:00-04:00,2021-09-07 17:23:04.730000-04:00,2021-09-07 17:35:00.153000-04:00,1,,,,,,Treatment 3,424.054,106.006,4.0,4.0,,,4.0,4.0,3.0,0.0,0.0,0.0,0.0,0.0,0.0,1.0,4.0,4.0,232.366,58.08375,1.0,17073610
PSA59TQ,1082178,2021-08-23 11:00:00-04:00,2021-08-27 19:00:00-04:00,2021-09-14 16:26:54.535000-04:00,2021-09-14 16:29:53.504000-04:00,1,,,,,,Treatment 3,80.797,20.19675,4.0,4.0,,,4.0,4.0,3.0,0.0,0.0,0.0,0.0,0.0,0.0,1.0,4.0,4.0,67.442,16.85775,1.0,17204176
PSA59TQ,1088860,2021-08-23 11:00:00-04:00,2021-08-27 19:00:00-04:00,2021-09-20 14:07:48.306000-04:00,2021-09-20 14:48:14.872000-04:00,1,,,,,,Treatment 2,351.518,35.0391666666667,6.0,4.0,1.0,1.0,5.0,9.0,5.0,1.0,0.0,0.0,0.0,0.0,1.0,1.0,4.0,2.0,1993.077,37.55125,1.0,17297164
