experiment_id,student_id,release_date,due_date,start_time,end_time,assignment_session_count,pretest_problem_count,pretest_correct,pretest_time_on_task,pretest_average_first_response_time,pretest_session_count,assigned_condition,condition_time_on_task,condition_average_first_response_or_request_time,condition_problem_count,condition_total_correct,condition_total_correct_after_wrong_response,condition_total_correct_after_tutoring,condition_total_answers_before_tutoring,condition_total_attempt_count,condition_total_hints_available,condition_total_hints_given,condition_total_scaffold_problems_available,condition_total_scaffold_problems_given,condition_total_explanations_available,condition_total_explanations_given,condition_total_answers_given,condition_session_count,posttest_problem_count,posttest_correct,posttest_time_on_task,posttest_average_first_response_time,posttest_session_count,assistments_reference_assignment_log_id
PSAZ5HX,15060,2020-06-07 09:00:00-04:00,,2020-09-14 10:22:38.361000-04:00,2020-09-14 10:23:21.779000-04:00,1,,,,,,Not Assigned,,,,,,,,,,,,,,,,,,,,,,5281996
PSAZ5HX,22501,2020-06-07 09:00:00-04:00,,2020-09-14 15:19:13.844000-04:00,2020-09-14 15:20:46.525000-04:00,1,,,,,,Not Assigned,,,,,,,,,,,,,,,,,,,,,,5350515
PSAZ5HX,38426,2021-01-06 09:12:49.734000-05:00,,2021-01-27 13:27:20.090000-05:00,2021-01-28 10:38:50.451000-05:00,2,8.0,4.0,1532.191,191.515375,1.0,Control,74046.599,126.2505,4.0,7.0,4.0,,16.0,28.0,16.0,0.0,0.0,0.0,0.0,0.0,4.0,2.0,8.0,8.0,237.383,29.6665,1.0,12691620
PSAZ5HX,52817,2021-01-06 09:40:29.446000-05:00,,2021-01-25 10:45:06.574000-05:00,2021-01-26 10:36:26.434000-05:00,3,,,,,,Not Assigned,,,,,,,,,,,,,,,,,,,,,,12519952
PSAZ5HX,117691,2020-06-08 14:35:08.481000-04:00,,2020-06-09 08:46:49.493000-04:00,2020-06-09 09:00:01.759000-04:00,1,,,,,,Not Assigned,,,,,,,,,,,,,,,,,,,,,,3859025
PSAZ5HX,119639,2020-05-27 00:18:00-04:00,2020-05-27 12:20:00-04:00,2020-05-27 03:36:34.511000-04:00,2020-05-27 05:41:31.479000-04:00,1,8.0,8.0,216.662,27.075875,1.0,Treatment 3,6167.15,385.4303125,4.0,8.0,,,16.0,16.0,0.0,0.0,0.0,0.0,0.0,0.0,0.0,1.0,8.0,7.0,203.256,25.401,1.0,3621281
PSAZ5HX,119640,2020-05-27 00:18:00-04:00,2020-05-27 12:20:00-04:00,2020-05-27 03:34:24.109000-04:00,2020-05-27 03:57:23.647000-04:00,1,8.0,7.0,177.254,22.154625,1.0,Treatment 4,598.293,49.435,4.0,7.0,,,12.0,13.0,0.0,0.0,0.0,0.0,0.0,0.0,0.0,1.0,8.0,8.0,98.571,12.319375,1.0,3621274
PSAZ5HX,119643,2020-05-27 00:18:00-04:00,2020-05-27 12:20:00-04:00,2020-05-27 01:54:55.093000-04:00,,8,,,,,,Not Assigned,,,,,,,,,,,,,,,,,,,,,,3621036
PSAZ5HX,119650,2020-05-27 00:18:00-04:00,2020-05-27 12:20:00-04:00,2020-05-27 01:04:39.851000-04:00,,4,,,,,,Not Assigned,,,,,,,,,,,,,,,,,,,,,,3620873
PSAZ5HX,122553,2020-05-03 20:00:17.581000-04:00,2020-05-10 20:02:00-04:00,2020-05-08 10:04:55.231000-04:00,2020-05-08 10:08:28.218000-04:00,1,,,,,,Not Assigned,,,,,,,,,,,,,,,,,,,,,,3026429
PSAZ5HX,123008,2020-06-08 14:35:08.481000-04:00,,2020-06-09 09:55:21.213000-04:00,,1,8.0,7.0,265.535,33.19075,1.0,Control,268.192,16.7606875,4.0,16.0,,,16.0,16.0,16.0,0.0,0.0,0.0,0.0,0.0,0.0,1.0,8.0,5.0,190.225,23.777,1.0,3861213
PSAZ5HX,123868,2020-05-03 20:00:17.581000-04:00,2020-05-10 20:02:00-04:00,2020-05-07 15:06:05.555000-04:00,,2,8.0,7.0,409.482,51.17675,1.0,Treatment 2,,,1.0,,,,,0.0,0.0,0.0,0.0,0.0,0.0,0.0,0.0,2.0,,,,,,3001617
PSAZ5HX,125526,2020-06-08 14:35:08.481000-04:00,,2020-06-09 11:38:31.879000-04:00,,1,8.0,6.0,142.457,17.770125,1.0,Control,102.102,11.5564,2.0,1.0,1.0,,5.0,9.0,5.0,0.0,0.0,0.0,0.0,0.0,0.0,1.0,,,,,,3864906
PSAZ5HX,126574,2020-06-08 14:35:08.481000-04:00,,2020-06-09 10:21:54.641000-04:00,2020-06-09 12:05:13.972000-04:00,2,,,,,,Not Assigned,,,,,,,,,,,,,,,,,,,,,,3862176
PSAZ5HX,129075,2020-06-08 14:35:08.481000-04:00,,2020-06-09 07:31:18.317000-04:00,2020-06-09 08:08:44.133000-04:00,3,,,,,,Not Assigned,,,,,,,,,,,,,,,,,,,,,,3858241
PSAZ5HX,135216,2020-06-08 14:35:08.481000-04:00,,2020-06-09 11:20:43.271000-04:00,,2,8.0,6.0,361.093,45.11925,1.0,Treatment 4,354.338,22.1295,4.0,0.0,0.0,,12.0,23.0,0.0,0.0,0.0,0.0,0.0,0.0,0.0,1.0,8.0,4.0,1080.477,135.043875,1.0,3864289
PSAZ5HX,141317,2020-05-27 00:18:00-04:00,2020-05-27 12:20:00-04:00,2020-05-27 03:26:28.936000-04:00,2020-05-27 03:33:15.356000-04:00,1,,,,,,Not Assigned,,,,,,,,,,,,,,,,,,,,,,3621257
PSAZ5HX,141318,2020-05-27 00:18:00-04:00,2020-05-27 12:20:00-04:00,2020-05-27 03:51:09.020000-04:00,2020-05-27 06:58:05.137000-04:00,4,,,,,,Not Assigned,,,,,,,,,,,,,,,,,,,,,,3621302
PSAZ5HX,141325,2020-05-27 00:18:00-04:00,2020-05-27 12:20:00-04:00,2020-05-27 04:08:48.001000-04:00,2020-05-27 04:15:19.218000-04:00,1,,,,,,Not Assigned,,,,,,,,,,,,,,,,,,,,,,3621344
PSAZ5HX,147030,2020-05-03 20:00:17.581000-04:00,2020-05-10 20:02:00-04:00,2020-05-14 10:53:37.339000-04:00,,1,,,,,,Not Assigned,,,,,,,,,,,,,,,,,,,,,,3271379
PSAZ5HX,159765,2021-02-01 10:41:03.994000-05:00,,2021-02-07 17:43:50.789000-05:00,2021-02-07 17:48:31.096000-05:00,1,,,,,,Not Assigned,,,,,,,,,,,,,,,,,,,,,,13179531
PSAZ5HX,163241,2020-05-04 09:00:00-04:00,2020-05-08 17:00:00-04:00,2020-05-04 10:44:41.137000-04:00,2020-05-07 13:00:15.381000-04:00,4,8.0,5.0,289.17,36.136125,1.0,Control,956.789,56.25175,4.0,6.0,3.0,,16.0,34.0,16.0,0.0,0.0,0.0,0.0,0.0,0.0,1.0,8.0,6.0,263567.049,32945.86425,2.0,2775313
PSAZ5HX,163278,2021-02-01 10:41:03.994000-05:00,,2021-02-17 09:50:39.023000-05:00,,1,7.0,6.0,529.514,88.1726666666667,1.0,Not Assigned,,,,,,,,,,,,,,,,,,,,,,13555649
PSAZ5HX,164010,2020-09-24 13:55:21.312000-04:00,,2020-09-24 20:02:10.737000-04:00,,1,,,,,,Not Assigned,,,,,,,,,,,,,,,,,,,,,,6377324
PSAZ5HX,164063,2020-09-24 13:55:21.312000-04:00,,2020-09-25 12:22:09.242000-04:00,,2,1.0,,,,1.0,Not Assigned,,,,,,,,,,,,,,,,,,,,,,6428698
PSAZ5HX,164159,2021-02-01 10:41:03.994000-05:00,,2021-02-01 13:35:28.474000-05:00,,1,8.0,4.0,673.096,84.127875,1.0,Treatment 2,43.218,21.605,1.0,0.0,,,2.0,2.0,0.0,0.0,0.0,0.0,0.0,0.0,0.0,1.0,,,,,,12893518
PSAZ5HX,164479,2020-09-24 13:55:21.312000-04:00,,2020-09-29 12:45:56.573000-04:00,,1,,,,,,Not Assigned,,,,,,,,,,,,,,,,,,,,,,6661881
PSAZ5HX,166124,2020-09-11 12:08:01.424000-04:00,2020-09-14 08:00:00-04:00,2020-09-11 12:13:04.786000-04:00,,4,8.0,4.0,226.547,28.3115,1.0,Treatment 4,1348.357,98.5664166666667,4.0,1.0,1.0,,12.0,26.0,0.0,0.0,0.0,0.0,0.0,0.0,0.0,1.0,8.0,5.0,111.064,13.87675,1.0,5197768
PSAZ5HX,169621,2020-09-24 13:55:21.312000-04:00,,2020-09-25 12:22:12.569000-04:00,,2,2.0,0.0,33.223,33.218,1.0,Not Assigned,,,,,,,,,,,,,,,,,,,,,,6428709
PSAZ5HX,170469,2020-09-24 13:55:21.312000-04:00,,2020-09-29 13:03:41.593000-04:00,,1,,,,,,Not Assigned,,,,,,,,,,,,,,,,,,,,,,6666225
PSAZ5HX,171360,2020-09-11 12:08:01.424000-04:00,2020-09-14 08:00:00-04:00,2020-09-11 12:47:14.333000-04:00,2020-09-11 13:15:52.733000-04:00,1,,,,,,Not Assigned,,,,,,,,,,,,,,,,,,,,,,5203854
PSAZ5HX,173122,2020-05-04 09:00:00-04:00,2020-05-08 17:00:00-04:00,2020-05-07 12:04:02.899000-04:00,2020-05-07 16:06:08.191000-04:00,2,8.0,8.0,2113.594,264.182375,1.0,Treatment 1,5749.479,359.3334375,4.0,8.0,,,16.0,16.0,0.0,0.0,0.0,0.0,0.0,0.0,0.0,1.0,8.0,6.0,152.826,19.095875,1.0,2981733
PSAZ5HX,176097,2020-09-24 13:55:21.312000-04:00,,2020-09-25 08:30:31.826000-04:00,,3,,,,,,Not Assigned,,,,,,,,,,,,,,,,,,,,,,6388710
PSAZ5HX,176311,2020-09-24 13:55:21.312000-04:00,,2020-09-24 15:24:11.404000-04:00,,7,8.0,5.0,270.115,33.758,3.0,Treatment 1,73554.389,4594.6020625,4.0,4.0,,,16.0,22.0,0.0,0.0,0.0,0.0,0.0,0.0,0.0,3.0,8.0,7.0,158.715,19.834375,1.0,6355543
PSAZ5HX,176913,2020-09-24 13:55:21.312000-04:00,,2020-09-24 18:51:08.746000-04:00,,12,8.0,6.0,349.477,43.6765,3.0,Treatment 1,318191.457,19885.1638125,4.0,5.0,,,16.0,20.0,0.0,0.0,0.0,0.0,0.0,0.0,0.0,5.0,8.0,7.0,209.825,26.220625,1.0,6373993
PSAZ5HX,179315,2020-05-04 09:00:00-04:00,2020-05-08 17:00:00-04:00,2020-05-04 10:20:24.627000-04:00,,6,8.0,5.0,160.255,20.022875,1.0,Treatment 1,3142073.446,196378.5266875,4.0,7.0,,,16.0,18.0,0.0,0.0,0.0,0.0,0.0,0.0,0.0,4.0,8.0,5.0,167.302,20.902125,1.0,2772199
PSAZ5HX,182431,2020-06-08 14:35:08.481000-04:00,,2020-06-09 11:48:59.345000-04:00,,1,,,,,,Not Assigned,,,,,,,,,,,,,,,,,,,,,,3865269
PSAZ5HX,187584,2020-09-11 12:08:01.424000-04:00,2020-09-14 08:00:00-04:00,2020-09-11 12:25:11.712000-04:00,2020-09-14 16:51:50.121000-04:00,6,8.0,5.0,249291.981,31161.494375,4.0,Control,670.081,36.7511875,4.0,6.0,4.0,,16.0,30.0,16.0,0.0,0.0,0.0,0.0,0.0,1.0,1.0,8.0,6.0,21893.741,2736.715375,2.0,5200018
PSAZ5HX,194379,2020-09-11 12:08:01.424000-04:00,2020-09-14 08:00:00-04:00,2020-09-11 13:22:21.203000-04:00,2020-09-11 14:43:47.281000-04:00,1,8.0,8.0,154.932,19.360375,1.0,Treatment 1,809.432,49.118125,4.0,6.0,,,16.0,18.0,0.0,0.0,0.0,0.0,0.0,0.0,0.0,1.0,8.0,8.0,90.786,11.343875,1.0,5209818
PSAZ5HX,194390,2020-09-24 13:55:21.312000-04:00,,2020-09-24 14:11:48.406000-04:00,2020-09-28 15:02:25.498000-04:00,3,8.0,7.0,262412.268,32801.53075,2.0,Control,1227.686,75.64575,4.0,14.0,2.0,,16.0,19.0,16.0,0.0,0.0,0.0,0.0,0.0,0.0,1.0,8.0,7.0,4071.679,508.958,1.0,6340479
PSAZ5HX,194735,2020-09-24 13:55:21.312000-04:00,,2020-09-25 12:02:07.713000-04:00,,1,8.0,5.0,282.689,35.33,1.0,Control,507.284,23.799125,4.0,6.0,5.0,,16.0,34.0,16.0,0.0,0.0,0.0,0.0,0.0,4.0,1.0,8.0,5.0,175.848,21.97625,1.0,6424548
PSAZ5HX,195620,2020-06-08 14:35:08.481000-04:00,,2020-06-09 11:34:13.099000-04:00,,1,,,,,,Not Assigned,,,,,,,,,,,,,,,,,,,,,,3864759
PSAZ5HX,197078,2020-09-24 13:55:21.312000-04:00,,2020-09-24 18:15:28.355000-04:00,,1,,,,,,Not Assigned,,,,,,,,,,,,,,,,,,,,,,6372164
PSAZ5HX,197269,2020-09-11 12:08:01.424000-04:00,2020-09-14 08:00:00-04:00,2020-09-11 12:10:28.106000-04:00,,3,,,,,,Not Assigned,,,,,,,,,,,,,,,,,,,,,,5197305
PSAZ5HX,198170,2020-09-24 13:55:21.312000-04:00,,2020-09-25 10:37:47.099000-04:00,2020-10-06 11:37:44.144000-04:00,8,8.0,4.0,269.498,33.685875,1.0,Treatment 4,1081.075,82.9878333333333,4.0,3.0,2.0,,12.0,21.0,0.0,0.0,0.0,0.0,0.0,0.0,0.0,1.0,8.0,4.0,84.776,10.595875,1.0,6408658
PSAZ5HX,198959,2020-09-11 12:08:01.424000-04:00,2020-09-14 08:00:00-04:00,2020-09-11 12:27:18.476000-04:00,,2,8.0,4.0,746.778,93.337875,1.0,Treatment 2,177977.885,11109.9475,4.0,1.0,,,16.0,31.0,0.0,0.0,0.0,0.0,0.0,0.0,0.0,2.0,8.0,4.0,765.393,95.66875,1.0,5200370
PSAZ5HX,200204,2020-09-11 12:08:01.424000-04:00,2020-09-14 08:00:00-04:00,2020-09-11 12:08:45.652000-04:00,,2,8.0,5.0,291.304,36.408375,1.0,Treatment 4,2317.111,380.102833333333,3.0,0.0,0.0,,6.0,13.0,0.0,0.0,0.0,0.0,0.0,0.0,0.0,1.0,,,,,,5197055
PSAZ5HX,202253,2020-09-11 12:08:01.424000-04:00,2020-09-14 08:00:00-04:00,2020-09-11 12:12:03.052000-04:00,2020-09-11 14:15:42.975000-04:00,3,,,,,,Not Assigned,,,,,,,,,,,,,,,,,,,,,,5197567
PSAZ5HX,203073,2020-05-04 09:00:00-04:00,2020-05-08 17:00:00-04:00,2020-05-07 13:04:27.051000-04:00,,1,8.0,7.0,208.277,26.022375,1.0,Treatment 4,207.365,25.165,3.0,0.0,0.0,,6.0,16.0,0.0,0.0,0.0,0.0,0.0,0.0,0.0,1.0,,,,,,2989264
PSAZ5HX,203155,2020-09-24 13:55:21.312000-04:00,,2020-09-25 12:28:51.181000-04:00,,1,8.0,5.0,2062.69,257.828875,1.0,Treatment 1,439.427,60.6101428571429,2.0,0.0,,,7.0,11.0,0.0,0.0,0.0,0.0,0.0,0.0,0.0,1.0,,,,,,6429883
PSAZ5HX,203954,2020-09-11 12:08:01.424000-04:00,2020-09-14 08:00:00-04:00,2020-09-11 12:13:57.761000-04:00,2020-09-11 12:26:04.330000-04:00,1,,,,,,Not Assigned,,,,,,,,,,,,,,,,,,,,,,5197915
PSAZ5HX,208993,2020-09-24 13:55:21.312000-04:00,,2020-09-27 21:13:31.466000-04:00,2020-09-27 21:15:24.776000-04:00,1,,,,,,Not Assigned,,,,,,,,,,,,,,,,,,,,,,6489404
PSAZ5HX,217030,2020-06-08 14:35:08.481000-04:00,,2020-06-09 11:39:29.445000-04:00,,1,8.0,4.0,422.46,52.798625,1.0,Treatment 3,786.567,45.475,4.0,1.0,,,16.0,30.0,0.0,0.0,0.0,0.0,0.0,0.0,0.0,1.0,8.0,5.0,79.794,9.96925,1.0,3864940
PSAZ5HX,217169,2020-09-24 13:55:21.312000-04:00,,2020-09-24 14:33:09.872000-04:00,,2,4.0,1.0,59.651,19.8796666666667,1.0,Not Assigned,,,,,,,,,,,,,,,,,,,,,,6345574
PSAZ5HX,218868,2020-05-04 09:00:00-04:00,2020-05-08 17:00:00-04:00,2020-05-04 14:23:46.135000-04:00,,3,8.0,8.0,240.892,30.1045,1.0,Treatment 4,565.793,47.142,4.0,8.0,,,12.0,12.0,0.0,0.0,0.0,0.0,0.0,0.0,0.0,1.0,6.0,5.0,157029.871,26171.6405,2.0,2803413
PSAZ5HX,222262,2020-09-11 12:08:01.424000-04:00,2020-09-14 08:00:00-04:00,2020-09-11 12:12:56.131000-04:00,,6,8.0,5.0,678.917,84.2555,3.0,Treatment 2,208.827,99.8855,1.0,0.0,,,2.0,5.0,0.0,0.0,0.0,0.0,0.0,0.0,0.0,1.0,,,,,,5197736
PSAZ5HX,227840,2020-05-13 11:30:00-04:00,2020-05-15 20:40:00-04:00,2020-05-13 12:22:14.476000-04:00,,2,8.0,5.0,123.597,15.44725,1.0,Treatment 1,86006.071,7164.85183333333,4.0,0.0,,,12.0,23.0,0.0,0.0,0.0,0.0,0.0,0.0,0.0,2.0,,,,,,3223661
PSAZ5HX,228063,2020-05-13 11:30:00-04:00,2020-05-15 20:40:00-04:00,2020-05-13 11:50:22.439000-04:00,2020-05-13 12:18:40.636000-04:00,1,8.0,8.0,70.642,8.823375,1.0,Treatment 1,523.612,32.719125,4.0,8.0,,,16.0,16.0,0.0,0.0,0.0,0.0,0.0,0.0,0.0,1.0,8.0,8.0,100.417,12.545,1.0,3220191
PSAZ5HX,228220,2020-05-13 11:30:00-04:00,2020-05-15 20:40:00-04:00,2020-05-13 11:35:19.137000-04:00,2020-05-13 14:38:41.767000-04:00,5,8.0,5.0,185.531,23.186625,3.0,Treatment 4,325.458,23.2661666666667,4.0,3.0,0.0,,12.0,20.0,0.0,0.0,0.0,0.0,0.0,0.0,0.0,2.0,8.0,5.0,66.976,8.36725,1.0,3218464
PSAZ5HX,228310,2020-05-13 11:30:00-04:00,2020-05-15 20:40:00-04:00,2020-05-13 11:53:33.240000-04:00,2020-05-13 12:16:24.175000-04:00,2,8.0,8.0,180.456,22.551375,1.0,Control,264.782,16.543375,4.0,16.0,,,16.0,16.0,16.0,0.0,0.0,0.0,0.0,0.0,0.0,1.0,8.0,8.0,113.15,14.13825,1.0,3220536
PSAZ5HX,228312,2020-05-13 11:30:00-04:00,2020-05-15 20:40:00-04:00,2020-05-14 11:43:18.609000-04:00,2020-05-14 14:33:22.583000-04:00,3,,,,,,Not Assigned,,,,,,,,,,,,,,,,,,,,,,3276892
PSAZ5HX,228339,2020-05-13 11:30:00-04:00,2020-05-15 20:40:00-04:00,2020-05-13 11:33:24.754000-04:00,2020-05-13 11:45:44.750000-04:00,2,,,,,,Not Assigned,,,,,,,,,,,,,,,,,,,,,,3218239
PSAZ5HX,228522,2020-05-13 11:30:00-04:00,2020-05-15 20:40:00-04:00,2020-05-13 11:39:33.318000-04:00,,10,,,,,,Not Assigned,,,,,,,,,,,,,,,,,,,,,,3218941
PSAZ5HX,231327,2020-05-13 11:30:00-04:00,2020-05-15 20:40:00-04:00,2020-05-13 14:42:04.974000-04:00,,4,8.0,4.0,193.533,24.17425,1.0,Treatment 1,181579.003,11342.414375,4.0,4.0,,,16.0,25.0,0.0,0.0,0.0,0.0,0.0,0.0,0.0,4.0,8.0,6.0,127.486,15.925875,1.0,3237809
PSAZ5HX,231971,2020-05-13 11:30:00-04:00,2020-05-15 20:40:00-04:00,2020-05-13 11:38:32.030000-04:00,2020-05-13 11:40:41.725000-04:00,1,,,,,,Not Assigned,,,,,,,,,,,,,,,,,,,,,,3218827
PSAZ5HX,231982,2020-05-13 11:30:00-04:00,2020-05-15 20:40:00-04:00,2020-05-13 17:20:11.206000-04:00,2020-05-13 17:51:52.194000-04:00,1,8.0,5.0,169.109,21.131875,1.0,Control,714.307,41.835,4.0,8.0,4.0,,16.0,28.0,16.0,0.0,0.0,0.0,0.0,0.0,0.0,1.0,8.0,6.0,104.396,13.04425,1.0,3246429
PSAZ5HX,232045,2020-05-13 11:30:00-04:00,2020-05-15 20:40:00-04:00,2020-05-13 11:58:28.913000-04:00,2020-05-13 17:15:19.670000-04:00,5,,,,,,Not Assigned,,,,,,,,,,,,,,,,,,,,,,3221048
PSAZ5HX,232086,2020-05-13 11:30:00-04:00,2020-05-15 20:40:00-04:00,2020-05-13 13:25:19.487000-04:00,2020-05-13 13:47:47.288000-04:00,1,8.0,5.0,118.367,14.789,1.0,Control,345.242,16.522875,4.0,5.0,3.0,,16.0,36.0,16.0,0.0,0.0,0.0,0.0,0.0,0.0,1.0,8.0,6.0,64.007,7.99175,1.0,3230693
PSAZ5HX,232149,2020-06-08 14:35:08.481000-04:00,,2020-06-09 11:41:29.822000-04:00,,1,8.0,4.0,159.113,19.88725,1.0,Control,324.415,13.447375,4.0,5.0,3.0,,15.0,39.0,16.0,0.0,0.0,0.0,0.0,0.0,1.0,1.0,8.0,5.0,70.588,8.821625,1.0,3865009
PSAZ5HX,233141,2020-05-13 11:30:00-04:00,2020-05-15 20:40:00-04:00,2020-05-13 14:44:58.865000-04:00,2020-05-13 14:56:21.906000-04:00,1,,,,,,Not Assigned,,,,,,,,,,,,,,,,,,,,,,3238012
PSAZ5HX,233554,2020-05-29 10:00:00-04:00,2020-05-29 20:00:00-04:00,2020-05-29 19:30:57.789000-04:00,,1,8.0,4.0,581.001,72.615,1.0,Control,379.681,16.972,4.0,4.0,2.0,,16.0,35.0,16.0,0.0,0.0,0.0,0.0,0.0,0.0,1.0,8.0,5.0,99.376,12.41575,1.0,3708730
PSAZ5HX,235492,2020-05-13 11:30:00-04:00,2020-05-15 20:40:00-04:00,2020-05-13 14:01:41.229000-04:00,,4,8.0,7.0,567.791,70.96275,3.0,Treatment 4,781.32,255.585666666667,2.0,0.0,0.0,,3.0,6.0,0.0,0.0,0.0,0.0,0.0,0.0,0.0,2.0,,,,,,3234289
PSAZ5HX,235953,2020-05-13 11:30:00-04:00,2020-05-15 20:40:00-04:00,2020-05-13 11:42:10.046000-04:00,2020-05-13 11:48:46.862000-04:00,1,,,,,,Not Assigned,,,,,,,,,,,,,,,,,,,,,,3219246
PSAZ5HX,238120,2020-05-13 11:30:00-04:00,2020-05-15 20:40:00-04:00,2020-05-13 14:24:04.485000-04:00,2020-05-13 14:41:23.611000-04:00,1,,,,,,Not Assigned,,,,,,,,,,,,,,,,,,,,,,3236362
PSAZ5HX,239440,2020-05-13 11:30:00-04:00,2020-05-15 20:40:00-04:00,2020-06-02 01:47:17.527000-04:00,,1,,,,,,Not Assigned,,,,,,,,,,,,,,,,,,,,,,3745162
PSAZ5HX,240049,2020-05-13 11:30:00-04:00,2020-05-15 20:40:00-04:00,2020-05-13 14:18:10.339000-04:00,2020-05-18 15:01:18.605000-04:00,10,8.0,4.0,251.058,31.374625,1.0,Control,3350.408,62.237,4.0,7.0,4.0,,16.0,28.0,16.0,0.0,0.0,0.0,0.0,0.0,4.0,2.0,8.0,4.0,86118.106,10764.754625,2.0,3235860
PSAZ5HX,241531,2020-05-13 11:30:00-04:00,2020-05-15 20:40:00-04:00,2020-05-24 16:11:56.274000-04:00,,1,,,,,,Not Assigned,,,,,,,,,,,,,,,,,,,,,,3577069
PSAZ5HX,244533,2020-05-26 10:00:00-04:00,2020-05-26 20:00:00-04:00,2020-05-26 18:10:00.954000-04:00,,1,1.0,,,,1.0,Not Assigned,,,,,,,,,,,,,,,,,,,,,,3616155
PSAZ5HX,246420,2020-05-13 11:30:00-04:00,2020-05-15 20:40:00-04:00,2020-05-16 17:12:14.848000-04:00,,1,8.0,5.0,213.914,26.732,1.0,Treatment 1,569.029,569.02,1.0,,,,1.0,1.0,0.0,0.0,0.0,0.0,0.0,0.0,0.0,1.0,,,,,,3347109
PSAZ5HX,246931,2020-05-13 11:30:00-04:00,2020-05-15 20:40:00-04:00,2020-05-13 12:13:44.898000-04:00,,3,8.0,6.0,151.542,18.937875,1.0,Treatment 2,79756.236,19935.5815,2.0,0.0,,,4.0,7.0,0.0,0.0,0.0,0.0,0.0,0.0,0.0,2.0,,,,,,3222768
PSAZ5HX,247469,2020-05-13 11:30:00-04:00,2020-05-15 20:40:00-04:00,2020-05-14 23:19:14.837000-04:00,,1,,,,,,Not Assigned,,,,,,,,,,,,,,,,,,,,,,3311879
PSAZ5HX,248145,2020-09-11 12:08:01.424000-04:00,2020-09-14 08:00:00-04:00,2020-09-14 10:37:53.745000-04:00,,1,8.0,5.0,348.705,43.5835,1.0,Control,330.94,15.1684375,4.0,6.0,3.0,,15.0,40.0,16.0,0.0,0.0,0.0,0.0,0.0,1.0,1.0,8.0,4.0,571.319,71.410875,1.0,5285210
PSAZ5HX,257352,2021-02-17 09:00:00-05:00,2021-02-17 19:00:00-05:00,2021-02-17 09:16:49.532000-05:00,,1,8.0,7.0,82.573,10.316625,1.0,Treatment 2,475.202,79.1915,2.0,3.0,,,6.0,6.0,0.0,0.0,0.0,0.0,0.0,0.0,0.0,1.0,,,,,,13552994
PSAZ5HX,272952,2020-05-13 11:30:00-04:00,2020-05-15 20:40:00-04:00,2020-05-13 13:35:45.372000-04:00,2020-05-13 14:01:34.890000-04:00,1,,,,,,Not Assigned,,,,,,,,,,,,,,,,,,,,,,3231750
PSAZ5HX,276434,2020-05-13 11:30:00-04:00,2020-05-15 20:40:00-04:00,2020-05-13 17:47:16.872000-04:00,2020-05-14 18:20:34.489000-04:00,5,,,,,,Not Assigned,,,,,,,,,,,,,,,,,,,,,,3247459
PSAZ5HX,305410,2020-09-11 12:08:01.424000-04:00,2020-09-14 08:00:00-04:00,2020-09-15 12:46:09.646000-04:00,,1,,,,,,Not Assigned,,,,,,,,,,,,,,,,,,,,,,5441393
PSAZ5HX,318094,2020-09-24 13:55:21.312000-04:00,,2020-09-25 07:44:19.120000-04:00,,4,8.0,5.0,394.563,49.31375,1.0,Control,955.003,95.755375,3.0,3.0,3.0,,8.0,21.0,9.0,0.0,0.0,0.0,0.0,0.0,0.0,1.0,,,,,,6386458
PSAZ5HX,319218,2020-10-19 09:41:44.470000-04:00,2020-10-19 12:01:00-04:00,2020-10-19 11:06:01.668000-04:00,2020-10-19 11:30:07.409000-04:00,1,,,,,,Not Assigned,,,,,,,,,,,,,,,,,,,,,,8043404
PSAZ5HX,319311,2020-10-19 09:41:44.470000-04:00,2020-10-19 12:01:00-04:00,2020-10-19 11:12:09.997000-04:00,,1,8.0,6.0,134.552,16.811375,1.0,Control,277.67,15.14175,4.0,10.0,5.0,,16.0,25.0,16.0,0.0,0.0,0.0,0.0,0.0,0.0,1.0,8.0,8.0,149.779,18.71625,1.0,8044465
PSAZ5HX,319487,2020-10-19 09:41:44.470000-04:00,2020-10-19 12:01:00-04:00,2020-10-19 11:17:13.240000-04:00,,1,,,,,,Not Assigned,,,,,,,,,,,,,,,,,,,,,,8045393
PSAZ5HX,321104,2020-10-19 09:41:44.470000-04:00,2020-10-19 12:01:00-04:00,2020-10-19 11:54:51.856000-04:00,,1,1.0,,,,1.0,Not Assigned,,,,,,,,,,,,,,,,,,,,,,8052713
PSAZ5HX,321388,2020-09-11 12:08:01.424000-04:00,2020-09-14 08:00:00-04:00,2020-09-11 14:28:35.077000-04:00,,1,8.0,5.0,128.636,16.074875,1.0,Treatment 3,,,1.0,,,,,0.0,0.0,0.0,0.0,0.0,0.0,0.0,0.0,1.0,,,,,,5221502
PSAZ5HX,322274,2020-10-19 09:41:44.470000-04:00,2020-10-19 12:01:00-04:00,2020-10-19 18:50:33.588000-04:00,,3,8.0,5.0,239.278,29.905625,1.0,Treatment 1,,,1.0,,,,,0.0,0.0,0.0,0.0,0.0,0.0,0.0,0.0,1.0,,,,,,8108161
PSAZ5HX,323497,2020-10-19 09:41:44.470000-04:00,2020-10-19 12:01:00-04:00,2020-10-19 11:16:31.806000-04:00,2020-10-19 11:56:04.845000-04:00,1,,,,,,Not Assigned,,,,,,,,,,,,,,,,,,,,,,8045304
PSAZ5HX,323681,2020-10-19 09:41:44.470000-04:00,2020-10-19 12:01:00-04:00,2020-10-19 10:47:14.711000-04:00,,1,,,,,,Not Assigned,,,,,,,,,,,,,,,,,,,,,,8039949
PSAZ5HX,323981,2020-10-19 09:41:44.470000-04:00,2020-10-19 12:01:00-04:00,2020-10-19 11:04:32.703000-04:00,2020-10-19 11:07:17.138000-04:00,1,,,,,,Not Assigned,,,,,,,,,,,,,,,,,,,,,,8043098
PSAZ5HX,325569,2020-10-19 09:41:44.470000-04:00,2020-10-19 12:01:00-04:00,2020-10-19 11:39:51.955000-04:00,2020-10-19 11:41:45.553000-04:00,1,,,,,,Not Assigned,,,,,,,,,,,,,,,,,,,,,,8049769
PSAZ5HX,326033,2020-10-19 09:41:44.470000-04:00,2020-10-19 12:01:00-04:00,2020-10-19 15:37:51.998000-04:00,,1,,,,,,Not Assigned,,,,,,,,,,,,,,,,,,,,,,8094592
PSAZ5HX,326709,2020-10-19 09:41:44.470000-04:00,2020-10-19 12:01:00-04:00,2020-10-19 11:38:16.294000-04:00,,1,,,,,,Not Assigned,,,,,,,,,,,,,,,,,,,,,,8049486
PSAZ5HX,329867,2020-05-13 11:30:00-04:00,2020-05-15 20:40:00-04:00,2020-05-14 05:51:04.746000-04:00,,1,8.0,4.0,105.888,13.2285,1.0,Treatment 3,977.771,135.660571428571,2.0,0.0,,,7.0,14.0,0.0,0.0,0.0,0.0,0.0,0.0,0.0,1.0,,,,,,3257000
PSAZ5HX,332431,2020-10-19 09:41:44.470000-04:00,2020-10-19 12:01:00-04:00,2020-10-19 11:27:51.056000-04:00,2020-10-19 11:38:11.751000-04:00,1,,,,,,Not Assigned,,,,,,,,,,,,,,,,,,,,,,8047414
PSAZ5HX,333128,2020-10-19 09:41:44.470000-04:00,2020-10-19 12:01:00-04:00,2020-10-19 11:19:25.344000-04:00,2020-10-19 11:33:08.946000-04:00,1,,,,,,Not Assigned,,,,,,,,,,,,,,,,,,,,,,8045801
PSAZ5HX,333456,2020-06-08 14:35:08.481000-04:00,,2020-06-09 11:49:51.320000-04:00,,1,,,,,,Not Assigned,,,,,,,,,,,,,,,,,,,,,,3865290
PSAZ5HX,337854,2020-10-19 09:41:44.470000-04:00,2020-10-19 12:01:00-04:00,2020-10-19 11:18:59.274000-04:00,,5,8.0,5.0,628.963,78.615375,1.0,Control,9496.394,3153.88633333333,1.0,0.0,0.0,,3.0,6.0,4.0,0.0,0.0,0.0,0.0,0.0,3.0,2.0,,,,,,8045719
PSAZ5HX,341889,2020-10-19 09:41:44.470000-04:00,2020-10-19 12:01:00-04:00,2020-10-19 11:12:32.067000-04:00,2020-10-20 11:01:23.979000-04:00,3,8.0,6.0,657.071,82.12575,1.0,Treatment 3,962.756,57.9391875,4.0,3.0,,,16.0,24.0,0.0,0.0,0.0,0.0,0.0,0.0,0.0,1.0,8.0,6.0,82.022,10.250125,1.0,8044517
PSAZ5HX,341943,2020-10-19 09:41:44.470000-04:00,2020-10-19 12:01:00-04:00,2020-10-27 11:24:56.237000-04:00,,1,,,,,,Not Assigned,,,,,,,,,,,,,,,,,,,,,,8624342
PSAZ5HX,342482,2020-10-19 09:41:44.470000-04:00,2020-10-19 12:01:00-04:00,2020-10-19 11:49:28.389000-04:00,2020-10-19 11:52:36.461000-04:00,1,,,,,,Not Assigned,,,,,,,,,,,,,,,,,,,,,,8051701
PSAZ5HX,342632,2020-09-24 13:55:21.312000-04:00,,2020-09-25 09:29:24.849000-04:00,,17,8.0,4.0,432648.449,54081.04025,3.0,Control,495.561,20.5750625,4.0,3.0,3.0,,16.0,45.0,16.0,0.0,0.0,0.0,0.0,0.0,0.0,1.0,8.0,4.0,176.742,22.0865,1.0,6396369
PSAZ5HX,343426,2021-02-17 09:00:00-05:00,2021-02-17 19:00:00-05:00,2021-02-17 09:18:24.836000-05:00,,1,,,,,,Not Assigned,,,,,,,,,,,,,,,,,,,,,,13553105
PSAZ5HX,345111,2020-10-19 09:41:44.470000-04:00,2020-10-19 12:01:00-04:00,2020-10-19 11:16:51.037000-04:00,,1,,,,,,Not Assigned,,,,,,,,,,,,,,,,,,,,,,8045347
PSAZ5HX,345324,2020-10-19 09:41:44.470000-04:00,2020-10-19 12:01:00-04:00,2020-10-19 11:11:37.424000-04:00,2020-10-19 11:31:44.049000-04:00,1,,,,,,Not Assigned,,,,,,,,,,,,,,,,,,,,,,8044345
PSAZ5HX,345871,2020-10-19 09:41:44.470000-04:00,2020-10-19 12:01:00-04:00,2020-10-19 11:45:51.808000-04:00,,2,8.0,4.0,214.07,26.753125,1.0,Treatment 3,2627.672,1313.819,1.0,1.0,,,2.0,2.0,0.0,0.0,0.0,0.0,0.0,0.0,0.0,2.0,,,,,,8050982
PSAZ5HX,346044,2020-09-11 12:08:01.424000-04:00,2020-09-14 08:00:00-04:00,2020-09-14 08:56:08.560000-04:00,,1,8.0,4.0,288.53,36.06275,1.0,Treatment 3,1480.865,80.433,4.0,0.0,,,16.0,30.0,0.0,0.0,0.0,0.0,0.0,0.0,0.0,1.0,8.0,5.0,137.576,17.193375,1.0,5266589
PSAZ5HX,346561,2020-10-19 09:41:44.470000-04:00,2020-10-19 12:01:00-04:00,2020-10-19 11:13:17.556000-04:00,,1,7.0,5.0,281.374,46.886,1.0,Not Assigned,,,,,,,,,,,,,,,,,,,,,,8044653
PSAZ5HX,347829,2020-10-19 09:41:44.470000-04:00,2020-10-19 12:01:00-04:00,2020-10-19 10:59:00.260000-04:00,2020-10-19 11:59:45.051000-04:00,2,,,,,,Not Assigned,,,,,,,,,,,,,,,,,,,,,,8042113
PSAZ5HX,349900,2020-05-26 10:00:00-04:00,2020-05-26 20:00:00-04:00,2020-05-26 14:39:13.303000-04:00,,2,8.0,4.0,6543.581,817.940375,1.0,Treatment 2,9319.454,578.1155,4.0,2.0,,,16.0,28.0,0.0,0.0,0.0,0.0,0.0,0.0,0.0,2.0,8.0,4.0,184.118,23.007125,1.0,3610050
PSAZ5HX,351179,2020-05-29 10:00:00-04:00,2020-05-29 20:00:00-04:00,2020-05-29 13:10:35.206000-04:00,2020-05-29 13:19:29.094000-04:00,2,,,,,,Not Assigned,,,,,,,,,,,,,,,,,,,,,,3701264
PSAZ5HX,351245,2020-06-08 14:35:08.481000-04:00,,2020-06-09 09:56:23.283000-04:00,,2,8.0,4.0,170.66,21.32825,1.0,Treatment 4,2933.42,227.806166666667,4.0,3.0,2.0,,12.0,22.0,0.0,0.0,0.0,0.0,0.0,0.0,0.0,1.0,8.0,4.0,365.913,45.734875,1.0,3861258
PSAZ5HX,351494,2020-05-29 10:00:00-04:00,2020-05-29 20:00:00-04:00,2020-06-02 00:49:05.680000-04:00,,1,,,,,,Not Assigned,,,,,,,,,,,,,,,,,,,,,,3744989
PSAZ5HX,351517,2020-05-26 10:00:00-04:00,2020-05-26 20:00:00-04:00,2020-05-27 01:20:54.196000-04:00,2020-05-27 01:38:34.692000-04:00,1,,,,,,Not Assigned,,,,,,,,,,,,,,,,,,,,,,3620923
PSAZ5HX,353329,2020-05-26 10:00:00-04:00,2020-05-26 20:00:00-04:00,2020-05-26 14:58:48.465000-04:00,2020-05-26 15:06:27.517000-04:00,1,,,,,,Not Assigned,,,,,,,,,,,,,,,,,,,,,,3610877
PSAZ5HX,353439,2020-06-08 14:35:08.481000-04:00,,2020-06-08 19:19:57.773000-04:00,,3,,,,,,Not Assigned,,,,,,,,,,,,,,,,,,,,,,3855803
PSAZ5HX,358646,2020-10-19 09:41:44.470000-04:00,2020-10-19 12:01:00-04:00,2020-10-19 11:16:09.669000-04:00,,1,8.0,4.0,755.799,94.465,1.0,Treatment 2,1249.88,624.9225,1.0,0.0,,,2.0,2.0,0.0,0.0,0.0,0.0,0.0,0.0,0.0,1.0,,,,,,8045213
PSAZ5HX,360769,2020-10-19 09:41:44.470000-04:00,2020-10-19 12:01:00-04:00,2020-10-19 11:20:17.635000-04:00,,2,8.0,6.0,828.622,103.536125,1.0,Treatment 2,,,1.0,,,,,0.0,0.0,0.0,0.0,0.0,0.0,0.0,0.0,1.0,,,,,,8045966
PSAZ5HX,363030,2020-05-26 10:00:00-04:00,2020-05-26 20:00:00-04:00,2020-05-26 11:38:17.122000-04:00,,2,8.0,4.0,303.564,37.935,1.0,Treatment 3,,,1.0,,,,,0.0,0.0,0.0,0.0,0.0,0.0,0.0,0.0,1.0,,,,,,3598584
PSAZ5HX,375041,2020-06-03 19:09:42.513000-04:00,2020-06-10 19:11:00-04:00,2020-06-10 18:24:53.922000-04:00,,1,8.0,8.0,605.905,75.733125,1.0,Treatment 3,,,1.0,,,,,0.0,0.0,0.0,0.0,0.0,0.0,0.0,0.0,1.0,,,,,,3888340
PSAZ5HX,379115,2020-10-01 11:00:00-04:00,2020-10-01 12:00:00-04:00,2020-10-01 11:04:56.660000-04:00,,1,8.0,6.0,127.931,15.98475,1.0,Treatment 1,1293.739,129.3649,3.0,5.0,,,10.0,10.0,0.0,0.0,0.0,0.0,0.0,0.0,0.0,1.0,,,,,,6876967
PSAZ5HX,379271,2020-10-01 11:00:00-04:00,2020-10-01 12:00:00-04:00,2020-10-01 11:05:34.419000-04:00,2020-10-01 11:19:35.868000-04:00,1,,,,,,Not Assigned,,,,,,,,,,,,,,,,,,,,,,6877088
PSAZ5HX,379506,2020-10-19 09:41:44.470000-04:00,2020-10-19 12:01:00-04:00,2020-10-19 11:01:41.136000-04:00,,2,8.0,4.0,309.462,38.679125,1.0,Treatment 2,6584.216,408.6066875,4.0,4.0,,,16.0,24.0,0.0,0.0,0.0,0.0,0.0,0.0,0.0,2.0,2.0,0.0,54.443,54.44,1.0,8042589
PSAZ5HX,380069,2020-10-01 11:00:00-04:00,2020-10-01 12:00:00-04:00,2020-10-01 11:04:47.554000-04:00,,1,8.0,6.0,158.337,19.789625,1.0,Treatment 4,333.791,26.4881666666667,4.0,4.0,1.0,,12.0,18.0,0.0,0.0,0.0,0.0,0.0,0.0,0.0,1.0,8.0,6.0,81.617,10.19875,1.0,6876920
PSAZ5HX,384552,2020-06-26 08:00:00-04:00,2020-06-27 22:57:00-04:00,2020-06-26 10:45:33.601000-04:00,,1,,,,,,Not Assigned,,,,,,,,,,,,,,,,,,,,,,3945802
PSAZ5HX,385500,2020-12-09 13:27:00-05:00,2020-12-09 23:00:00-05:00,2020-12-09 13:53:05.277000-05:00,,1,8.0,6.0,1831.548,228.91825,1.0,Control,,,1.0,,,,,0.0,1.0,0.0,0.0,0.0,0.0,0.0,0.0,1.0,,,,,,10988966
PSAZ5HX,385894,2020-12-09 13:27:00-05:00,2020-12-09 23:00:00-05:00,2020-12-09 13:59:42.241000-05:00,,1,,,,,,Not Assigned,,,,,,,,,,,,,,,,,,,,,,10989940
PSAZ5HX,386218,2020-10-19 09:41:44.470000-04:00,2020-10-19 12:01:00-04:00,2020-10-19 11:54:45.779000-04:00,2020-10-22 05:21:04.021000-04:00,4,8.0,4.0,185.933,23.231875,1.0,Treatment 1,69410.468,4335.664875,4.0,2.0,,,16.0,25.0,0.0,0.0,0.0,0.0,0.0,0.0,0.0,2.0,8.0,5.0,168.69,21.08075,1.0,8052699
PSAZ5HX,387280,2020-06-07 09:00:00-04:00,,2020-08-31 11:55:06.690000-04:00,2020-08-31 11:58:21.044000-04:00,1,,,,,,Not Assigned,,,,,,,,,,,,,,,,,,,,,,4481682
PSAZ5HX,387408,2020-06-07 09:00:00-04:00,,2020-06-16 13:18:21.633000-04:00,2020-06-17 08:23:34.054000-04:00,2,,,,,,Not Assigned,,,,,,,,,,,,,,,,,,,,,,3925007
PSAZ5HX,387818,2020-06-07 09:00:00-04:00,,2020-07-21 11:42:56.804000-04:00,2020-07-21 11:45:56.568000-04:00,1,,,,,,Not Assigned,,,,,,,,,,,,,,,,,,,,,,3965531
PSAZ5HX,387928,2020-06-07 09:00:00-04:00,,2020-09-14 20:02:47.669000-04:00,2020-09-14 20:04:36.733000-04:00,1,,,,,,Not Assigned,,,,,,,,,,,,,,,,,,,,,,5374087
PSAZ5HX,387957,2020-06-07 09:00:00-04:00,,2020-06-08 23:55:36.411000-04:00,2020-06-09 00:05:13.168000-04:00,1,,,,,,Not Assigned,,,,,,,,,,,,,,,,,,,,,,3857560
PSAZ5HX,387963,2020-06-07 09:00:00-04:00,,2020-09-13 18:50:59.230000-04:00,2020-09-13 18:52:03.788000-04:00,1,,,,,,Not Assigned,,,,,,,,,,,,,,,,,,,,,,5255760
PSAZ5HX,388333,2020-06-07 09:00:00-04:00,,2020-07-13 00:54:09.658000-04:00,2020-07-13 01:20:33.831000-04:00,1,8.0,7.0,223.406,27.920125,1.0,Treatment 3,797.343,48.5365625,4.0,5.0,,,16.0,21.0,0.0,0.0,0.0,0.0,0.0,0.0,0.0,1.0,8.0,8.0,132.25,16.5255,1.0,3954564
PSAZ5HX,388654,2020-06-07 09:00:00-04:00,,2020-06-07 18:41:36.117000-04:00,2020-06-07 18:49:26.070000-04:00,1,,,,,,Not Assigned,,,,,,,,,,,,,,,,,,,,,,3837025
PSAZ5HX,389246,2020-06-07 09:00:00-04:00,,2020-09-15 08:04:27.357000-04:00,2020-09-15 08:08:58.272000-04:00,1,,,,,,Not Assigned,,,,,,,,,,,,,,,,,,,,,,5384824
PSAZ5HX,389564,2020-06-07 09:00:00-04:00,,2020-06-09 17:06:18.981000-04:00,2020-06-09 17:10:04.058000-04:00,1,,,,,,Not Assigned,,,,,,,,,,,,,,,,,,,,,,3871749
PSAZ5HX,389613,2020-06-07 09:00:00-04:00,,2020-09-08 19:13:32.807000-04:00,2020-09-08 19:20:37.765000-04:00,1,,,,,,Not Assigned,,,,,,,,,,,,,,,,,,,,,,4941196
PSAZ5HX,389767,2020-06-07 09:00:00-04:00,,2020-08-11 13:27:24.496000-04:00,2020-08-11 13:32:53.624000-04:00,2,,,,,,Not Assigned,,,,,,,,,,,,,,,,,,,,,,4007593
PSAZ5HX,389817,2020-12-09 13:27:00-05:00,2020-12-09 23:00:00-05:00,2020-12-09 13:53:35.471000-05:00,,2,8.0,6.0,297.868,37.222625,1.0,Control,,,1.0,,,,,0.0,1.0,0.0,0.0,0.0,0.0,0.0,0.0,1.0,,,,,,10989049
PSAZ5HX,389825,2020-06-07 09:00:00-04:00,,2020-09-04 18:40:09.602000-04:00,2020-09-04 18:44:36.050000-04:00,1,,,,,,Not Assigned,,,,,,,,,,,,,,,,,,,,,,4839799
PSAZ5HX,389954,2020-06-07 09:00:00-04:00,,2020-09-06 11:25:52.070000-04:00,2020-09-06 11:27:40.428000-04:00,1,,,,,,Not Assigned,,,,,,,,,,,,,,,,,,,,,,4846651
PSAZ5HX,390129,2020-06-07 09:00:00-04:00,,2020-09-14 23:56:35.844000-04:00,,1,,,,,,Not Assigned,,,,,,,,,,,,,,,,,,,,,,5381719
PSAZ5HX,390143,2020-06-07 09:00:00-04:00,,2020-09-14 18:16:50.956000-04:00,2020-09-14 18:18:05.586000-04:00,1,,,,,,Not Assigned,,,,,,,,,,,,,,,,,,,,,,5368687
PSAZ5HX,390145,2020-06-07 09:00:00-04:00,,2020-09-14 12:35:32.206000-04:00,2020-09-14 12:43:28.532000-04:00,1,,,,,,Not Assigned,,,,,,,,,,,,,,,,,,,,,,5312610
PSAZ5HX,390176,2020-06-07 09:00:00-04:00,,2020-07-01 16:33:54.125000-04:00,2020-07-01 16:36:00.484000-04:00,1,,,,,,Not Assigned,,,,,,,,,,,,,,,,,,,,,,3948157
PSAZ5HX,390202,2020-06-07 09:00:00-04:00,,2020-09-14 01:19:44.236000-04:00,2020-09-14 23:07:11.617000-04:00,4,8.0,7.0,67.795,8.47275,1.0,Treatment 3,77995.022,4873.829375,4.0,6.0,,,16.0,20.0,0.0,0.0,0.0,0.0,0.0,0.0,0.0,2.0,8.0,7.0,148.611,18.5725,1.0,5260883
PSAZ5HX,390230,2020-06-07 09:00:00-04:00,,2020-08-11 00:56:14.535000-04:00,2020-08-11 00:58:52.530000-04:00,1,,,,,,Not Assigned,,,,,,,,,,,,,,,,,,,,,,4003027
PSAZ5HX,390269,2020-06-07 09:00:00-04:00,,2020-08-07 22:37:55.481000-04:00,2020-08-07 22:42:13.203000-04:00,1,,,,,,Not Assigned,,,,,,,,,,,,,,,,,,,,,,3993510
PSAZ5HX,390291,2020-06-07 09:00:00-04:00,,2020-09-06 08:07:42.078000-04:00,2020-09-06 08:10:22.507000-04:00,1,,,,,,Not Assigned,,,,,,,,,,,,,,,,,,,,,,4846415
PSAZ5HX,391554,2020-06-07 09:00:00-04:00,,2020-09-06 23:52:45.921000-04:00,2020-09-06 23:54:18.466000-04:00,1,,,,,,Not Assigned,,,,,,,,,,,,,,,,,,,,,,4849353
PSAZ5HX,391971,2020-12-09 13:27:00-05:00,2020-12-09 23:00:00-05:00,2020-12-09 13:54:44.739000-05:00,,2,,,,,,Not Assigned,,,,,,,,,,,,,,,,,,,,,,10989243
PSAZ5HX,392072,2020-06-07 09:00:00-04:00,,2020-07-18 17:56:50.708000-04:00,2020-07-18 18:09:30.158000-04:00,1,,,,,,Not Assigned,,,,,,,,,,,,,,,,,,,,,,3963150
PSAZ5HX,393783,2020-06-07 09:00:00-04:00,,2020-09-13 19:26:01.653000-04:00,2020-09-14 17:27:58.093000-04:00,2,,,,,,Not Assigned,,,,,,,,,,,,,,,,,,,,,,5256238
PSAZ5HX,394478,2020-12-09 13:27:00-05:00,2020-12-09 23:00:00-05:00,2020-12-09 13:56:45.202000-05:00,,1,3.0,2.0,79.645,26.5386666666667,1.0,Not Assigned,,,,,,,,,,,,,,,,,,,,,,10989510
PSAZ5HX,395561,2020-12-09 13:27:00-05:00,2020-12-09 23:00:00-05:00,2020-12-09 13:56:36.420000-05:00,,1,,,,,,Not Assigned,,,,,,,,,,,,,,,,,,,,,,10989497
PSAZ5HX,395663,2020-12-09 13:27:00-05:00,2020-12-09 23:00:00-05:00,2020-12-09 13:53:42.171000-05:00,,1,,,,,,Not Assigned,,,,,,,,,,,,,,,,,,,,,,10989074
PSAZ5HX,397485,2020-06-07 09:00:00-04:00,,2020-08-14 11:31:26.917000-04:00,2020-08-14 11:35:32.201000-04:00,1,,,,,,Not Assigned,,,,,,,,,,,,,,,,,,,,,,4044691
PSAZ5HX,398527,2020-06-07 09:00:00-04:00,,2020-08-03 19:26:51.360000-04:00,2020-08-19 09:52:46.906000-04:00,2,,,,,,Not Assigned,,,,,,,,,,,,,,,,,,,,,,3983620
PSAZ5HX,401358,2020-12-09 13:27:00-05:00,2020-12-09 23:00:00-05:00,2020-12-09 13:56:28.863000-05:00,,1,,,,,,Not Assigned,,,,,,,,,,,,,,,,,,,,,,10989477
PSAZ5HX,402653,2021-08-17 03:00:00-04:00,2021-10-01 03:00:00-04:00,2021-08-18 15:23:07.676000-04:00,,3,8.0,7.0,186.552,23.31425,1.0,Treatment 3,91276.912,15212.8138333333,2.0,3.0,,,6.0,6.0,0.0,0.0,0.0,0.0,0.0,0.0,0.0,2.0,,,,,,16843542
PSAZ5HX,402888,2020-06-07 09:00:00-04:00,,2020-08-30 14:18:24.533000-04:00,2020-08-30 14:19:28.076000-04:00,1,,,,,,Not Assigned,,,,,,,,,,,,,,,,,,,,,,4454246
PSAZ5HX,403215,2021-08-17 11:30:17.895000-04:00,2021-10-01 03:00:00-04:00,2021-08-18 11:49:55.147000-04:00,,1,8.0,8.0,140.735,17.586375,1.0,Treatment 3,722.464,71.5832,3.0,4.0,,,10.0,11.0,0.0,0.0,0.0,0.0,0.0,0.0,0.0,1.0,,,,,,16839337
PSAZ5HX,403219,2021-08-17 11:30:17.895000-04:00,2021-10-01 03:00:00-04:00,2021-08-18 11:50:06.047000-04:00,2021-08-18 11:54:15.439000-04:00,1,,,,,,Not Assigned,,,,,,,,,,,,,,,,,,,,,,16839339
PSAZ5HX,403220,2021-08-17 03:00:00-04:00,2021-10-01 03:00:00-04:00,2021-08-18 15:23:09.109000-04:00,,2,8.0,6.0,409.599,51.19475,1.0,Treatment 3,91088.88,11386.103375,2.0,4.0,,,8.0,8.0,0.0,0.0,0.0,0.0,0.0,0.0,0.0,2.0,,,,,,16843544
PSAZ5HX,403227,2021-08-17 11:30:17.895000-04:00,2021-10-01 03:00:00-04:00,2021-08-18 11:51:27.125000-04:00,,3,,,,,,Not Assigned,,,,,,,,,,,,,,,,,,,,,,16839377
PSAZ5HX,403342,2021-08-17 11:30:17.895000-04:00,2021-10-01 03:00:00-04:00,2021-08-18 11:52:33.465000-04:00,,1,8.0,7.0,126.003,15.745875,1.0,Treatment 4,224.594,36.8013333333333,3.0,3.0,1.0,,6.0,7.0,0.0,0.0,0.0,0.0,0.0,0.0,0.0,1.0,,,,,,16839411
PSAZ5HX,403344,2021-08-17 03:00:00-04:00,2021-10-01 03:00:00-04:00,2021-08-18 15:23:12.876000-04:00,,1,,,,,,Not Assigned,,,,,,,,,,,,,,,,,,,,,,16843546
PSAZ5HX,403349,2021-08-17 11:30:17.895000-04:00,2021-10-01 03:00:00-04:00,2021-08-18 11:49:54.104000-04:00,,1,8.0,8.0,189.204,23.6465,1.0,Treatment 3,188.158,47.0355,2.0,2.0,,,4.0,4.0,0.0,0.0,0.0,0.0,0.0,0.0,0.0,1.0,,,,,,16839336
PSAZ5HX,403351,2021-08-17 03:00:00-04:00,2021-10-01 03:00:00-04:00,2021-08-18 15:22:57.478000-04:00,,2,8.0,8.0,92.974,11.617625,1.0,Treatment 2,231.725,38.6151666666667,2.0,3.0,,,6.0,6.0,0.0,0.0,0.0,0.0,0.0,0.0,0.0,2.0,,,,,,16843533
PSAZ5HX,403353,2021-08-17 11:30:17.895000-04:00,2021-10-01 03:00:00-04:00,2021-08-18 11:50:05.340000-04:00,2021-08-18 11:52:24.932000-04:00,1,,,,,,Not Assigned,,,,,,,,,,,,,,,,,,,,,,16839338
PSAZ5HX,403354,2021-08-17 03:00:00-04:00,2021-10-01 03:00:00-04:00,2021-08-18 15:22:55.416000-04:00,,1,8.0,8.0,240.793,30.0945,1.0,Treatment 1,1190.267,198.369833333333,2.0,3.0,,,6.0,6.0,0.0,0.0,0.0,0.0,0.0,0.0,0.0,1.0,,,,,,16843532
PSAZ5HX,403372,2021-08-17 11:30:17.895000-04:00,2021-10-01 03:00:00-04:00,2021-08-18 11:50:52.365000-04:00,,1,8.0,8.0,190.039,23.749875,1.0,Treatment 1,359.727,32.6973636363636,3.0,5.0,,,11.0,11.0,0.0,0.0,0.0,0.0,0.0,0.0,0.0,1.0,,,,,,16839358
PSAZ5HX,403373,2021-08-17 11:30:17.895000-04:00,2021-10-01 03:00:00-04:00,2021-08-18 11:51:42.025000-04:00,,1,,,,,,Not Assigned,,,,,,,,,,,,,,,,,,,,,,16839384
PSAZ5HX,403375,2021-08-17 03:00:00-04:00,2021-10-01 03:00:00-04:00,2021-08-18 11:56:05.875000-04:00,2021-08-19 23:12:06.956000-04:00,2,,,,,,Not Assigned,,,,,,,,,,,,,,,,,,,,,,16839488
PSAZ5HX,403377,2021-08-17 11:30:17.895000-04:00,2021-10-01 03:00:00-04:00,2021-08-18 11:50:51.042000-04:00,,1,8.0,5.0,292.231,36.522875,1.0,Treatment 3,361.121,90.274,2.0,2.0,,,4.0,4.0,0.0,0.0,0.0,0.0,0.0,0.0,0.0,1.0,,,,,,16839357
PSAZ5HX,403389,2021-08-17 11:30:17.895000-04:00,2021-10-01 03:00:00-04:00,2021-08-18 11:55:01.321000-04:00,2021-08-18 12:05:12.372000-04:00,1,,,,,,Not Assigned,,,,,,,,,,,,,,,,,,,,,,16839462
PSAZ5HX,403393,2021-08-17 03:00:00-04:00,2021-10-01 03:00:00-04:00,2021-08-18 15:22:46.713000-04:00,2021-08-18 20:42:59.778000-04:00,2,,,,,,Not Assigned,,,,,,,,,,,,,,,,,,,,,,16843528
PSAZ5HX,403395,2021-08-17 11:30:17.895000-04:00,2021-10-01 03:00:00-04:00,2021-08-20 10:07:48.698000-04:00,,1,,,,,,Not Assigned,,,,,,,,,,,,,,,,,,,,,,16857579
PSAZ5HX,403400,2021-08-18 03:00:00-04:00,2021-10-05 03:00:00-04:00,2021-08-18 11:49:45.182000-04:00,,2,8.0,8.0,109.475,13.67875,1.0,Treatment 4,369.719,30.80375,4.0,8.0,,,12.0,12.0,0.0,0.0,0.0,0.0,0.0,0.0,0.0,1.0,8.0,8.0,101.551,12.689375,1.0,16839333
PSAZ5HX,403411,2021-08-17 11:30:17.899000-04:00,2021-10-01 03:00:00-04:00,2021-08-18 15:22:41.201000-04:00,,1,7.0,5.0,229.77,38.2901666666667,1.0,Not Assigned,,,,,,,,,,,,,,,,,,,,,,16843524
PSAZ5HX,403417,2021-08-17 11:30:17.895000-04:00,2021-10-01 03:00:00-04:00,2021-08-18 11:54:38.762000-04:00,,4,8.0,5.0,456.419,57.0465,1.0,Treatment 4,,,1.0,,,,,0.0,0.0,0.0,0.0,0.0,0.0,0.0,0.0,1.0,,,,,,16839454
PSAZ5HX,403418,2021-08-17 11:30:17.895000-04:00,2021-10-01 03:00:00-04:00,2021-08-18 11:50:40.320000-04:00,,1,1.0,,,,1.0,Not Assigned,,,,,,,,,,,,,,,,,,,,,,16839353
PSAZ5HX,403423,2021-08-17 03:00:00-04:00,2021-10-01 03:00:00-04:00,2021-08-18 15:23:25.213000-04:00,,1,7.0,5.0,284.817,47.4636666666667,1.0,Not Assigned,,,,,,,,,,,,,,,,,,,,,,16843551
PSAZ5HX,403428,2020-06-07 09:00:00-04:00,,2020-09-13 17:50:39.803000-04:00,2020-09-14 09:26:21.027000-04:00,2,,,,,,Not Assigned,,,,,,,,,,,,,,,,,,,,,,5255038
PSAZ5HX,403587,2021-08-17 11:30:17.895000-04:00,2021-10-01 03:00:00-04:00,2021-08-18 11:51:26.207000-04:00,,3,8.0,8.0,82379.923,10297.48425,2.0,Treatment 4,85189.698,42594.842,1.0,1.0,,,2.0,2.0,0.0,0.0,0.0,0.0,0.0,0.0,0.0,2.0,,,,,,16839376
PSAZ5HX,404269,2021-08-17 11:30:17.899000-04:00,2021-10-01 03:00:00-04:00,2021-08-18 15:23:14.355000-04:00,,2,8.0,7.0,204.262,25.52875,2.0,Treatment 2,128.658,21.4391666666667,2.0,3.0,,,6.0,6.0,0.0,0.0,0.0,0.0,0.0,0.0,0.0,1.0,,,,,,16843547
PSAZ5HX,404324,2021-08-18 03:00:00-04:00,2021-10-05 03:00:00-04:00,2021-08-18 11:50:38.368000-04:00,2021-08-25 10:41:13.170000-04:00,2,,,,,,Not Assigned,,,,,,,,,,,,,,,,,,,,,,16839351
PSAZ5HX,404353,2021-08-17 11:30:17.895000-04:00,2021-10-01 03:00:00-04:00,2021-08-18 11:50:19.608000-04:00,2021-08-18 11:53:44.468000-04:00,1,,,,,,Not Assigned,,,,,,,,,,,,,,,,,,,,,,16839346
PSAZ5HX,404377,2021-08-17 11:30:17.895000-04:00,2021-10-01 03:00:00-04:00,2021-08-18 11:52:05.780000-04:00,,2,8.0,8.0,108.928,13.61225,1.0,Treatment 1,166596.726,27766.1158333333,2.0,3.0,,,6.0,6.0,0.0,0.0,0.0,0.0,0.0,0.0,0.0,2.0,,,,,,16839393
PSAZ5HX,404438,2021-08-17 11:30:17.899000-04:00,2021-10-01 03:00:00-04:00,2021-08-18 15:22:53.088000-04:00,,1,8.0,7.0,373.121,46.635875,1.0,Not Assigned,,,,,,,,,,,,,,,,,,,,,,16843531
PSAZ5HX,404467,2021-08-18 03:00:00-04:00,2021-10-05 03:00:00-04:00,2021-08-18 15:22:59.001000-04:00,,1,,,,,,Not Assigned,,,,,,,,,,,,,,,,,,,,,,16843536
PSAZ5HX,404478,2021-08-17 03:00:00-04:00,2021-10-01 03:00:00-04:00,2021-08-18 15:23:30.676000-04:00,,1,8.0,8.0,142.259,17.777,1.0,Control,42.8,10.6945,2.0,4.0,,,4.0,4.0,5.0,0.0,0.0,0.0,0.0,0.0,0.0,1.0,,,,,,16843553
PSAZ5HX,404479,2021-08-17 11:30:17.899000-04:00,2021-10-01 03:00:00-04:00,2021-08-18 15:25:18.607000-04:00,,1,8.0,8.0,165.23,20.65,1.0,Treatment 3,258.527,258.504,1.0,,,,1.0,1.0,0.0,0.0,0.0,0.0,0.0,0.0,0.0,1.0,,,,,,16843570
PSAZ5HX,404511,2021-08-18 03:00:00-04:00,2021-10-05 03:00:00-04:00,2021-08-18 11:49:43.637000-04:00,,1,8.0,8.0,238.717,29.834875,1.0,Control,95.852,15.967,2.0,6.0,,,6.0,6.0,7.0,0.0,0.0,0.0,0.0,0.0,0.0,1.0,,,,,,16839331
PSAZ5HX,404568,2020-09-22 13:48:16.271000-04:00,2020-09-23 02:59:00-04:00,2020-09-22 14:00:03.897000-04:00,2020-09-22 14:08:51.648000-04:00,1,,,,,,Not Assigned,,,,,,,,,,,,,,,,,,,,,,6083659
PSAZ5HX,404580,2020-09-22 13:48:16.271000-04:00,2020-09-23 02:59:00-04:00,2020-09-22 13:50:23.243000-04:00,,1,,,,,,Not Assigned,,,,,,,,,,,,,,,,,,,,,,6080880
PSAZ5HX,404584,2020-09-22 12:17:19.245000-04:00,2020-09-23 02:59:00-04:00,2020-09-22 12:18:35.579000-04:00,2020-09-22 12:31:41.187000-04:00,1,,,,,,Not Assigned,,,,,,,,,,,,,,,,,,,,,,6056443
PSAZ5HX,404746,2021-08-17 11:30:17.895000-04:00,2021-10-01 03:00:00-04:00,2021-08-18 11:51:03.961000-04:00,,1,7.0,6.0,333.624,55.5958333333333,1.0,Not Assigned,,,,,,,,,,,,,,,,,,,,,,16839369
PSAZ5HX,404981,2021-08-17 03:00:00-04:00,2021-10-01 03:00:00-04:00,2021-08-20 13:13:50.173000-04:00,,1,8.0,7.0,191.239,23.9,1.0,Treatment 1,678.966,41.9865,4.0,6.0,,,16.0,19.0,0.0,0.0,0.0,0.0,0.0,0.0,0.0,1.0,8.0,7.0,66.979,8.365875,1.0,16861086
PSAZ5HX,404992,2021-08-17 03:00:00-04:00,2021-10-01 03:00:00-04:00,2021-08-20 13:18:03.403000-04:00,,1,8.0,7.0,362.275,45.279625,1.0,Treatment 3,161.256,19.29175,3.0,3.0,,,8.0,11.0,0.0,0.0,0.0,0.0,0.0,0.0,0.0,1.0,,,,,,16861206
PSAZ5HX,405010,2021-08-17 03:00:00-04:00,2021-10-01 03:00:00-04:00,2021-08-20 13:19:35.838000-04:00,,1,8.0,7.0,532.372,66.542,1.0,Control,102.217,34.0656666666667,1.0,3.0,,,3.0,3.0,4.0,0.0,0.0,0.0,0.0,0.0,0.0,1.0,,,,,,16861252
PSAZ5HX,405088,2021-08-17 03:00:00-04:00,2021-10-01 03:00:00-04:00,2021-08-18 13:11:43.966000-04:00,2021-08-20 13:17:48.753000-04:00,2,,,,,,Not Assigned,,,,,,,,,,,,,,,,,,,,,,16841090
PSAZ5HX,405098,2021-08-17 11:30:17.684000-04:00,2021-10-01 03:00:00-04:00,2021-08-19 20:46:44.758000-04:00,,1,,,,,,Not Assigned,,,,,,,,,,,,,,,,,,,,,,16855391
PSAZ5HX,405142,2021-08-17 11:30:17.684000-04:00,2021-10-01 03:00:00-04:00,2021-08-19 23:57:59.215000-04:00,2021-08-19 23:59:29.375000-04:00,1,,,,,,Not Assigned,,,,,,,,,,,,,,,,,,,,,,16855934
PSAZ5HX,405146,2021-08-17 11:30:17.684000-04:00,2021-10-01 03:00:00-04:00,2021-08-20 13:14:37.324000-04:00,,1,8.0,4.0,110.732,13.8365,1.0,Treatment 4,51.751,25.871,1.0,0.0,,,2.0,2.0,0.0,0.0,0.0,0.0,0.0,0.0,0.0,1.0,,,,,,16861102
PSAZ5HX,405159,2021-08-17 03:00:00-04:00,2021-10-01 03:00:00-04:00,2021-08-18 15:24:42.576000-04:00,,3,,,,,,Not Assigned,,,,,,,,,,,,,,,,,,,,,,16843566
PSAZ5HX,405169,2021-08-17 03:00:00-04:00,2021-10-01 03:00:00-04:00,2021-08-20 13:23:03.931000-04:00,2021-09-02 11:38:06.101000-04:00,3,,,,,,Not Assigned,,,,,,,,,,,,,,,,,,,,,,16861322
PSAZ5HX,405571,2021-08-17 03:00:00-04:00,2021-10-01 03:00:00-04:00,2021-08-20 13:20:41.239000-04:00,,1,8.0,8.0,197.685,24.705375,1.0,Treatment 3,344.465,344.441,1.0,,,,1.0,1.0,0.0,0.0,0.0,0.0,0.0,0.0,0.0,1.0,,,,,,16861277
PSAZ5HX,405678,2021-08-18 03:00:00-04:00,2021-10-05 03:00:00-04:00,2021-08-18 15:23:04.374000-04:00,,2,,,,,,Not Assigned,,,,,,,,,,,,,,,,,,,,,,16843539
PSAZ5HX,406697,2021-08-17 11:30:17.684000-04:00,2021-10-01 03:00:00-04:00,2021-08-20 13:15:13.967000-04:00,,1,8.0,5.0,478.349,59.7865,1.0,Treatment 2,514.77,29.9414375,4.0,1.0,,,16.0,32.0,0.0,0.0,0.0,0.0,0.0,0.0,0.0,1.0,8.0,5.0,84.642,10.576875,1.0,16861115
PSAZ5HX,407274,2021-08-17 11:30:17.895000-04:00,2021-10-01 03:00:00-04:00,2021-08-18 11:53:21.816000-04:00,,1,,,,,,Not Assigned,,,,,,,,,,,,,,,,,,,,,,16839429
PSAZ5HX,407689,2021-08-17 03:00:00-04:00,2021-10-01 03:00:00-04:00,2021-08-18 11:55:27.499000-04:00,2021-08-24 17:50:23.432000-04:00,2,,,,,,Not Assigned,,,,,,,,,,,,,,,,,,,,,,16839474
PSAZ5HX,407730,2021-02-12 12:00:00-05:00,2021-02-12 21:00:00-05:00,2021-02-12 12:03:23.277000-05:00,2021-02-12 12:39:09.670000-05:00,2,,,,,,Not Assigned,,,,,,,,,,,,,,,,,,,,,,13468611
PSAZ5HX,407734,2021-02-12 12:00:00-05:00,2021-02-12 21:00:00-05:00,2021-02-12 15:37:47.039000-05:00,2021-02-12 16:02:52.069000-05:00,1,,,,,,Not Assigned,,,,,,,,,,,,,,,,,,,,,,13482199
PSAZ5HX,407735,2021-02-12 12:00:00-05:00,2021-02-12 21:00:00-05:00,2021-02-12 12:34:37.325000-05:00,,1,,,,,,Not Assigned,,,,,,,,,,,,,,,,,,,,,,13471177
PSAZ5HX,407736,2021-02-12 12:00:00-05:00,2021-02-12 21:00:00-05:00,2021-02-12 12:34:20.766000-05:00,,1,,,,,,Not Assigned,,,,,,,,,,,,,,,,,,,,,,13471149
PSAZ5HX,407737,2021-02-12 12:00:00-05:00,2021-02-12 21:00:00-05:00,2021-02-12 12:33:24.055000-05:00,2021-02-12 12:41:22.224000-05:00,1,,,,,,Not Assigned,,,,,,,,,,,,,,,,,,,,,,13471039
PSAZ5HX,407738,2021-02-12 12:00:00-05:00,2021-02-12 21:00:00-05:00,2021-02-12 12:58:48.392000-05:00,,3,8.0,7.0,158.16,19.763625,1.0,Treatment 3,323.685,52.441,2.0,2.0,,,6.0,8.0,0.0,0.0,0.0,0.0,0.0,0.0,0.0,1.0,,,,,,13472769
PSAZ5HX,407739,2021-02-12 12:00:00-05:00,2021-02-12 21:00:00-05:00,2021-02-12 12:35:32.933000-05:00,,4,,,,,,Not Assigned,,,,,,,,,,,,,,,,,,,,,,13471261
PSAZ5HX,407740,2021-02-12 12:00:00-05:00,2021-02-12 21:00:00-05:00,2021-02-12 12:34:16.432000-05:00,,1,,,,,,Not Assigned,,,,,,,,,,,,,,,,,,,,,,13471144
PSAZ5HX,407742,2021-02-12 12:00:00-05:00,2021-02-12 21:00:00-05:00,2021-02-12 12:33:05.770000-05:00,,1,7.0,6.0,75.927,12.6515,1.0,Not Assigned,,,,,,,,,,,,,,,,,,,,,,13471006
PSAZ5HX,407743,2021-02-12 12:00:00-05:00,2021-02-12 21:00:00-05:00,2021-02-12 12:33:26.304000-05:00,,2,8.0,7.0,132.367,18.9022857142857,1.0,Not Assigned,,,,,,,,,,,,,,,,,,,,,,13471047
PSAZ5HX,407744,2021-02-12 12:00:00-05:00,2021-02-12 21:00:00-05:00,2021-02-12 12:34:58.065000-05:00,2021-02-12 18:32:59.101000-05:00,3,,,,,,Not Assigned,,,,,,,,,,,,,,,,,,,,,,13471204
PSAZ5HX,407745,2021-02-12 12:00:00-05:00,2021-02-12 21:00:00-05:00,2021-02-12 12:38:50.191000-05:00,,1,8.0,8.0,120.597,15.07175,1.0,Treatment 3,149.728,74.861,1.0,1.0,,,2.0,2.0,0.0,0.0,0.0,0.0,0.0,0.0,0.0,1.0,,,,,,13471464
PSAZ5HX,407746,2021-02-12 12:00:00-05:00,2021-02-12 21:00:00-05:00,2021-02-12 12:44:42.758000-05:00,2021-02-12 12:57:40.613000-05:00,1,,,,,,Not Assigned,,,,,,,,,,,,,,,,,,,,,,13471871
PSAZ5HX,407750,2021-02-12 12:00:00-05:00,2021-02-12 21:00:00-05:00,2021-02-12 12:36:13.668000-05:00,,4,8.0,8.0,303.953,37.98475,1.0,Treatment 3,2039.2,126.7685625,4.0,6.0,,,16.0,19.0,0.0,0.0,0.0,0.0,0.0,0.0,0.0,1.0,8.0,6.0,62.808,7.84425,1.0,13471309
PSAZ5HX,407754,2021-02-12 12:00:00-05:00,2021-02-12 21:00:00-05:00,2021-02-12 12:33:19.119000-05:00,,9,8.0,5.0,659.214,82.386625,1.0,Treatment 3,688539.578,43027.0411875,4.0,5.0,,,16.0,23.0,0.0,0.0,0.0,0.0,0.0,0.0,0.0,4.0,1.0,,,,1.0,13471032
PSAZ5HX,407756,2021-02-12 12:00:00-05:00,2021-02-12 21:00:00-05:00,2021-02-12 12:33:55.294000-05:00,,2,8.0,4.0,253.655,31.694875,1.0,Control,771535.665,77149.338,3.0,3.0,3.0,,10.0,21.0,10.0,0.0,0.0,0.0,0.0,0.0,0.0,2.0,,,,,,13471106
PSAZ5HX,407758,2021-02-12 12:00:00-05:00,2021-02-12 21:00:00-05:00,2021-02-12 12:33:53.661000-05:00,,4,,,,,,Not Assigned,,,,,,,,,,,,,,,,,,,,,,13471101
PSAZ5HX,407759,2021-02-12 12:00:00-05:00,2021-02-12 21:00:00-05:00,2021-02-12 12:35:52.873000-05:00,2021-02-12 12:39:26.960000-05:00,2,,,,,,Not Assigned,,,,,,,,,,,,,,,,,,,,,,13471286
PSAZ5HX,407760,2021-02-12 12:00:00-05:00,2021-02-12 21:00:00-05:00,2021-02-12 12:34:24.063000-05:00,2021-02-12 22:48:40.546000-05:00,2,,,,,,Not Assigned,,,,,,,,,,,,,,,,,,,,,,13471159
PSAZ5HX,407766,2021-02-12 12:00:00-05:00,2021-02-12 21:00:00-05:00,2021-02-16 11:19:10.399000-05:00,,1,,,,,,Not Assigned,,,,,,,,,,,,,,,,,,,,,,13515341
PSAZ5HX,407797,2021-08-17 03:00:00-04:00,2021-10-01 03:00:00-04:00,2021-08-18 15:22:00.652000-04:00,,3,8.0,6.0,334.426,41.79275,1.0,Treatment 2,691.049,86.372125,3.0,4.0,,,8.0,8.0,0.0,0.0,0.0,0.0,0.0,0.0,0.0,1.0,,,,,,16843511
PSAZ5HX,407952,2021-02-12 12:00:00-05:00,2021-02-12 21:00:00-05:00,2021-02-12 12:21:49.441000-05:00,2021-02-12 12:33:12.668000-05:00,1,,,,,,Not Assigned,,,,,,,,,,,,,,,,,,,,,,13470061
PSAZ5HX,408447,2021-08-17 03:00:00-04:00,2021-10-01 03:00:00-04:00,2021-08-20 13:17:13.437000-04:00,,1,8.0,7.0,164.654,20.578,1.0,Treatment 3,663.69,40.6344375,4.0,6.0,,,16.0,21.0,0.0,0.0,0.0,0.0,0.0,0.0,0.0,1.0,2.0,0.0,26.014,26.006,1.0,16861176
PSAZ5HX,410143,2021-08-17 03:00:00-04:00,2021-10-01 03:00:00-04:00,2021-08-20 13:17:02.615000-04:00,,1,8.0,4.0,766.316,109.465571428571,1.0,Not Assigned,,,,,,,,,,,,,,,,,,,,,,16861169
PSAZ5HX,410243,2021-08-17 03:00:00-04:00,2021-10-01 03:00:00-04:00,2021-08-25 13:01:10.062000-04:00,,1,,,,,,Not Assigned,,,,,,,,,,,,,,,,,,,,,,16904880
PSAZ5HX,410429,2021-02-12 12:00:00-05:00,2021-02-12 21:00:00-05:00,2021-02-12 12:33:04.070000-05:00,2021-02-12 18:11:53.679000-05:00,2,,,,,,Not Assigned,,,,,,,,,,,,,,,,,,,,,,13471002
PSAZ5HX,411787,2021-08-17 03:00:00-04:00,2021-10-01 03:00:00-04:00,2021-08-20 13:20:38.301000-04:00,,1,8.0,5.0,281.549,35.18925,1.0,Treatment 4,398.425,18.7983333333333,4.0,1.0,0.0,,12.0,31.0,0.0,0.0,0.0,0.0,0.0,0.0,0.0,1.0,4.0,1.0,53.529,17.839,1.0,16861275
PSAZ5HX,412523,2021-08-17 03:00:00-04:00,2021-10-01 03:00:00-04:00,2021-08-20 13:18:22.169000-04:00,,1,,,,,,Not Assigned,,,,,,,,,,,,,,,,,,,,,,16861216
PSAZ5HX,412674,2021-02-12 12:00:00-05:00,2021-02-12 21:00:00-05:00,2021-02-12 12:34:09.439000-05:00,,4,8.0,4.0,451.279,56.40125,1.0,Treatment 3,20060.36,2001.9813,3.0,1.0,,,10.0,18.0,0.0,0.0,0.0,0.0,0.0,0.0,0.0,3.0,,,,,,13471134
PSAZ5HX,414432,2021-08-17 03:00:00-04:00,2021-10-01 03:00:00-04:00,2021-08-20 13:15:59.917000-04:00,,2,,,,,,Not Assigned,,,,,,,,,,,,,,,,,,,,,,16861132
PSAZ5HX,415880,2021-08-17 03:00:00-04:00,2021-10-01 03:00:00-04:00,2021-08-20 13:18:01.347000-04:00,,2,,,,,,Not Assigned,,,,,,,,,,,,,,,,,,,,,,16861204
PSAZ5HX,420986,2021-08-17 03:00:00-04:00,2021-10-01 03:00:00-04:00,2021-08-19 16:40:02.528000-04:00,,1,,,,,,Not Assigned,,,,,,,,,,,,,,,,,,,,,,16854057
PSAZ5HX,421855,2020-12-09 13:27:00-05:00,2020-12-09 23:00:00-05:00,2020-12-09 13:52:57.481000-05:00,,1,,,,,,Not Assigned,,,,,,,,,,,,,,,,,,,,,,10988935
PSAZ5HX,421874,2020-12-09 13:27:00-05:00,2020-12-09 23:00:00-05:00,2020-12-09 14:06:36.412000-05:00,,1,,,,,,Not Assigned,,,,,,,,,,,,,,,,,,,,,,10990883
PSAZ5HX,421881,2020-12-09 13:27:00-05:00,2020-12-09 23:00:00-05:00,2020-12-09 13:53:40.092000-05:00,,1,,,,,,Not Assigned,,,,,,,,,,,,,,,,,,,,,,10989065
PSAZ5HX,421888,2020-12-09 13:27:00-05:00,2020-12-09 23:00:00-05:00,2020-12-09 13:52:13.014000-05:00,,2,,,,,,Not Assigned,,,,,,,,,,,,,,,,,,,,,,10988833
PSAZ5HX,421911,2020-12-09 13:27:00-05:00,2020-12-09 23:00:00-05:00,2020-12-09 13:53:10.954000-05:00,,1,8.0,4.0,758.723,94.8355,1.0,Treatment 4,1165.965,283.3035,2.0,0.0,0.0,,4.0,7.0,0.0,0.0,0.0,0.0,0.0,0.0,0.0,1.0,,,,,,10988977
PSAZ5HX,421922,2020-12-09 13:27:00-05:00,2020-12-09 23:00:00-05:00,2020-12-09 13:54:11.533000-05:00,,1,8.0,4.0,380.117,47.511875,1.0,Treatment 3,509.819,247.799,1.0,0.0,,,2.0,5.0,0.0,0.0,0.0,0.0,0.0,0.0,0.0,1.0,,,,,,10989164
PSAZ5HX,422739,2021-08-17 11:30:17.899000-04:00,2021-10-01 03:00:00-04:00,2021-08-18 15:24:35.858000-04:00,,1,7.0,6.0,300.157,50.0215,1.0,Not Assigned,,,,,,,,,,,,,,,,,,,,,,16843565
PSAZ5HX,424218,2021-08-17 03:00:00-04:00,2021-10-01 03:00:00-04:00,2021-08-18 15:23:08.682000-04:00,2021-08-18 15:35:20.502000-04:00,1,,,,,,Not Assigned,,,,,,,,,,,,,,,,,,,,,,16843543
PSAZ5HX,437072,2020-09-22 12:17:19.245000-04:00,2020-09-23 02:59:00-04:00,2020-09-22 14:04:32.442000-04:00,,1,,,,,,Not Assigned,,,,,,,,,,,,,,,,,,,,,,6084895
PSAZ5HX,437074,2020-09-22 12:17:19.245000-04:00,2020-09-23 02:59:00-04:00,2020-09-23 00:40:35.769000-04:00,2020-09-23 00:55:06.094000-04:00,1,,,,,,Not Assigned,,,,,,,,,,,,,,,,,,,,,,6135013
PSAZ5HX,437459,2020-09-22 12:17:19.245000-04:00,2020-09-23 02:59:00-04:00,2020-09-22 12:18:25.865000-04:00,2020-09-22 20:05:18.284000-04:00,4,,,,,,Not Assigned,,,,,,,,,,,,,,,,,,,,,,6056395
PSAZ5HX,437932,2020-09-22 13:48:16.271000-04:00,2020-09-23 02:59:00-04:00,2020-09-23 00:30:44.795000-04:00,,1,,,,,,Not Assigned,,,,,,,,,,,,,,,,,,,,,,6134899
PSAZ5HX,440149,2020-09-22 13:48:16.271000-04:00,2020-09-23 02:59:00-04:00,2020-09-23 14:17:00.717000-04:00,,3,8.0,4.0,258.826,32.345125,2.0,Control,388.888,41.14575,3.0,1.0,1.0,,8.0,21.0,9.0,0.0,0.0,0.0,0.0,0.0,0.0,1.0,,,,,,6216003
PSAZ5HX,441493,2021-08-17 03:00:00-04:00,2021-10-01 03:00:00-04:00,2021-08-20 13:19:27.401000-04:00,,3,,,,,,Not Assigned,,,,,,,,,,,,,,,,,,,,,,16861250
PSAZ5HX,442659,2021-08-17 03:00:00-04:00,2021-10-01 03:00:00-04:00,2021-08-20 13:19:13.263000-04:00,,1,,,,,,Not Assigned,,,,,,,,,,,,,,,,,,,,,,16861244
PSAZ5HX,442715,2021-08-17 03:00:00-04:00,2021-10-01 03:00:00-04:00,2021-08-20 13:19:12.979000-04:00,,1,8.0,6.0,348.33,43.53625,1.0,Treatment 4,266.528,20.0644166666667,4.0,2.0,1.0,,12.0,23.0,0.0,0.0,0.0,0.0,0.0,0.0,0.0,1.0,8.0,4.0,177.905,22.231875,1.0,16861243
PSAZ5HX,444903,2020-09-22 12:17:19.245000-04:00,2020-09-23 02:59:00-04:00,2020-09-22 12:19:59.486000-04:00,2020-09-22 12:27:16.346000-04:00,1,,,,,,Not Assigned,,,,,,,,,,,,,,,,,,,,,,6056787
PSAZ5HX,449696,2020-09-22 12:17:19.245000-04:00,2020-09-23 02:59:00-04:00,2020-09-22 12:17:56.319000-04:00,2020-09-22 12:40:35.020000-04:00,1,,,,,,Not Assigned,,,,,,,,,,,,,,,,,,,,,,6056268
PSAZ5HX,451463,2020-09-22 12:17:19.245000-04:00,2020-09-23 02:59:00-04:00,2020-09-22 14:19:37.082000-04:00,2020-09-22 14:53:31.335000-04:00,2,,,,,,Not Assigned,,,,,,,,,,,,,,,,,,,,,,6088984
PSAZ5HX,451567,2020-09-22 13:48:16.271000-04:00,2020-09-23 02:59:00-04:00,2020-09-24 13:41:23.575000-04:00,,1,,,,,,Not Assigned,,,,,,,,,,,,,,,,,,,,,,6332249
PSAZ5HX,451663,2020-09-22 13:48:16.271000-04:00,2020-09-23 02:59:00-04:00,2020-09-22 23:46:30.185000-04:00,,1,,,,,,Not Assigned,,,,,,,,,,,,,,,,,,,,,,6134336
PSAZ5HX,452374,2020-09-22 13:48:16.271000-04:00,2020-09-23 02:59:00-04:00,2020-09-22 13:53:33.444000-04:00,2020-09-22 13:55:37.029000-04:00,1,,,,,,Not Assigned,,,,,,,,,,,,,,,,,,,,,,6081767
PSAZ5HX,452606,2020-09-22 13:48:16.271000-04:00,2020-09-23 02:59:00-04:00,2020-09-22 13:55:48.578000-04:00,2020-09-22 14:11:29.790000-04:00,1,,,,,,Not Assigned,,,,,,,,,,,,,,,,,,,,,,6082435
PSAZ5HX,452684,2020-09-22 12:17:19.245000-04:00,2020-09-23 02:59:00-04:00,2020-09-22 12:18:25.751000-04:00,,3,8.0,6.0,152.38,19.042125,1.0,Control,263.579,14.0443125,4.0,11.0,5.0,,16.0,24.0,16.0,0.0,0.0,0.0,0.0,0.0,0.0,1.0,8.0,7.0,230.465,28.799875,1.0,6056397
PSAZ5HX,452726,2020-09-22 13:48:16.271000-04:00,2020-09-23 02:59:00-04:00,2020-09-22 22:48:38.881000-04:00,,1,8.0,8.0,104.236,13.023875,1.0,Treatment 2,766.046,47.8715,4.0,8.0,,,16.0,16.0,0.0,0.0,0.0,0.0,0.0,0.0,0.0,1.0,8.0,8.0,46.439,5.79975,1.0,6133077
PSAZ5HX,452846,2020-06-07 09:00:00-04:00,,2020-09-14 21:27:15.506000-04:00,2020-09-14 21:28:45.916000-04:00,1,,,,,,Not Assigned,,,,,,,,,,,,,,,,,,,,,,5377799
PSAZ5HX,454331,2020-12-09 13:27:00-05:00,2020-12-09 23:00:00-05:00,2020-12-09 13:55:43.074000-05:00,,1,8.0,6.0,616.509,77.031875,1.0,Control,972.432,83.1656363636364,3.0,7.0,2.0,,10.0,19.0,11.0,0.0,0.0,0.0,0.0,0.0,2.0,1.0,,,,,,10989374
PSAZ5HX,454907,2020-09-22 12:17:19.245000-04:00,2020-09-23 02:59:00-04:00,2020-09-22 20:01:56.330000-04:00,2020-09-22 20:58:39.184000-04:00,2,,,,,,Not Assigned,,,,,,,,,,,,,,,,,,,,,,6126549
PSAZ5HX,454932,2020-09-22 12:17:19.245000-04:00,2020-09-23 02:59:00-04:00,2020-09-22 12:17:44.970000-04:00,2020-09-22 12:32:09.730000-04:00,1,,,,,,Not Assigned,,,,,,,,,,,,,,,,,,,,,,6056223
PSAZ5HX,454952,2020-09-22 12:17:19.245000-04:00,2020-09-23 02:59:00-04:00,2020-09-22 12:17:36.906000-04:00,2020-09-22 12:22:59.754000-04:00,1,,,,,,Not Assigned,,,,,,,,,,,,,,,,,,,,,,6056186
PSAZ5HX,454956,2020-09-22 12:17:19.245000-04:00,2020-09-23 02:59:00-04:00,2020-09-22 12:17:38.638000-04:00,2020-09-22 12:25:19.147000-04:00,1,,,,,,Not Assigned,,,,,,,,,,,,,,,,,,,,,,6056197
PSAZ5HX,454961,2020-09-22 12:17:19.245000-04:00,2020-09-23 02:59:00-04:00,2020-09-22 21:44:45.214000-04:00,2020-09-22 21:46:07.350000-04:00,1,,,,,,Not Assigned,,,,,,,,,,,,,,,,,,,,,,6131126
PSAZ5HX,454969,2020-09-22 12:17:19.245000-04:00,2020-09-23 02:59:00-04:00,2020-09-22 13:01:09.294000-04:00,2020-09-22 13:02:45.839000-04:00,1,,,,,,Not Assigned,,,,,,,,,,,,,,,,,,,,,,6067580
PSAZ5HX,454974,2020-09-22 12:17:19.245000-04:00,2020-09-23 02:59:00-04:00,2020-09-22 12:20:40.700000-04:00,2020-09-22 12:24:06.394000-04:00,1,,,,,,Not Assigned,,,,,,,,,,,,,,,,,,,,,,6056973
PSAZ5HX,454976,2020-09-22 12:17:19.245000-04:00,2020-09-23 02:59:00-04:00,2020-09-22 12:20:54.062000-04:00,2020-09-22 12:27:22.051000-04:00,1,,,,,,Not Assigned,,,,,,,,,,,,,,,,,,,,,,6057031
PSAZ5HX,454982,2020-09-22 12:17:19.245000-04:00,2020-09-23 02:59:00-04:00,2020-09-23 11:17:23.419000-04:00,2020-09-23 12:31:33.879000-04:00,2,8.0,5.0,141.861,17.7275,1.0,Treatment 4,557.028,43.50775,4.0,3.0,1.0,,12.0,22.0,0.0,0.0,0.0,0.0,0.0,0.0,0.0,1.0,8.0,5.0,47.239,5.9005,1.0,6172737
PSAZ5HX,454983,2020-09-22 12:17:19.245000-04:00,2020-09-23 02:59:00-04:00,2020-09-22 16:30:54.147000-04:00,,1,8.0,7.0,20248.024,2530.99225,1.0,Treatment 4,2068.434,171.807333333333,4.0,7.0,,,12.0,14.0,0.0,0.0,0.0,0.0,0.0,0.0,0.0,1.0,8.0,6.0,196.501,24.558125,1.0,6112244
PSAZ5HX,454987,2020-09-22 12:17:19.245000-04:00,2020-09-23 02:59:00-04:00,2020-09-22 15:25:46.006000-04:00,2020-09-22 16:23:07.199000-04:00,1,8.0,4.0,155.252,19.400875,1.0,Treatment 2,1145.298,68.2595,4.0,0.0,,,16.0,33.0,0.0,0.0,0.0,0.0,0.0,0.0,0.0,1.0,8.0,4.0,606.089,75.752,1.0,6103131
PSAZ5HX,454989,2020-09-22 12:17:19.245000-04:00,2020-09-23 02:59:00-04:00,2020-09-22 12:22:19.483000-04:00,2020-09-22 13:36:59.555000-04:00,1,,,,,,Not Assigned,,,,,,,,,,,,,,,,,,,,,,6057415
PSAZ5HX,454990,2020-09-22 12:17:19.245000-04:00,2020-09-23 02:59:00-04:00,2020-09-22 12:18:33.592000-04:00,2020-09-22 14:12:52.213000-04:00,1,,,,,,Not Assigned,,,,,,,,,,,,,,,,,,,,,,6056433
PSAZ5HX,454991,2020-09-22 12:17:19.245000-04:00,2020-09-23 02:59:00-04:00,2020-09-22 14:43:33.716000-04:00,2020-09-24 02:26:41.079000-04:00,2,8.0,5.0,167.353,20.91425,1.0,Treatment 1,127929.614,7993.103,4.0,5.0,,,16.0,21.0,0.0,0.0,0.0,0.0,0.0,0.0,0.0,2.0,8.0,6.0,102.577,12.81775,1.0,6094783
PSAZ5HX,454996,2020-09-22 12:17:19.245000-04:00,2020-09-23 02:59:00-04:00,2020-09-22 12:17:30.480000-04:00,,2,8.0,4.0,95.266,11.902375,1.0,Treatment 4,1761.265,146.504416666667,4.0,7.0,1.0,,12.0,13.0,0.0,0.0,0.0,0.0,0.0,0.0,0.0,1.0,8.0,6.0,358.612,44.821125,1.0,6056164
PSAZ5HX,454998,2020-09-22 12:17:19.245000-04:00,2020-09-23 02:59:00-04:00,2020-09-22 18:09:38.837000-04:00,2020-09-22 18:14:33.584000-04:00,1,,,,,,Not Assigned,,,,,,,,,,,,,,,,,,,,,,6120468
PSAZ5HX,455002,2020-09-22 12:17:19.245000-04:00,2020-09-23 02:59:00-04:00,2020-09-22 12:23:12.384000-04:00,2020-09-22 12:25:18.307000-04:00,1,,,,,,Not Assigned,,,,,,,,,,,,,,,,,,,,,,6057646
PSAZ5HX,455003,2020-09-22 12:17:19.245000-04:00,2020-09-23 02:59:00-04:00,2020-09-22 12:38:54.525000-04:00,2020-09-22 15:11:59.718000-04:00,1,8.0,6.0,128.483,16.0545,1.0,Treatment 4,854.964,70.2499166666667,4.0,6.0,1.0,,12.0,15.0,0.0,0.0,0.0,0.0,0.0,0.0,0.0,1.0,8.0,7.0,7601.063,950.12175,1.0,6061756
PSAZ5HX,455023,2020-09-22 12:17:19.245000-04:00,2020-09-23 02:59:00-04:00,2020-09-22 12:17:43.020000-04:00,2020-09-22 12:19:00.569000-04:00,1,,,,,,Not Assigned,,,,,,,,,,,,,,,,,,,,,,6056218
PSAZ5HX,455024,2020-09-22 12:17:19.245000-04:00,2020-09-23 02:59:00-04:00,2020-09-22 12:18:18.758000-04:00,,1,,,,,,Not Assigned,,,,,,,,,,,,,,,,,,,,,,6056361
PSAZ5HX,455029,2020-09-22 12:17:19.245000-04:00,2020-09-23 02:59:00-04:00,2020-09-22 13:21:55.447000-04:00,2020-09-22 13:46:18.765000-04:00,1,8.0,5.0,217.466,27.17425,1.0,Treatment 4,309.813,22.5471666666667,4.0,1.0,0.0,,12.0,25.0,0.0,0.0,0.0,0.0,0.0,0.0,0.0,1.0,8.0,6.0,516.232,64.519,1.0,6072805
PSAZ5HX,455031,2020-09-22 12:17:19.245000-04:00,2020-09-23 02:59:00-04:00,2020-09-22 13:59:24.117000-04:00,2020-09-22 14:09:16.517000-04:00,1,,,,,,Not Assigned,,,,,,,,,,,,,,,,,,,,,,6083482
PSAZ5HX,455035,2020-09-22 12:17:19.245000-04:00,2020-09-23 02:59:00-04:00,2020-09-22 20:34:25.699000-04:00,2020-09-22 20:36:04.923000-04:00,1,,,,,,Not Assigned,,,,,,,,,,,,,,,,,,,,,,6128153
PSAZ5HX,455250,2020-09-22 12:17:19.245000-04:00,2020-09-23 02:59:00-04:00,2020-09-22 12:20:17.399000-04:00,2020-09-22 13:50:03.384000-04:00,1,,,,,,Not Assigned,,,,,,,,,,,,,,,,,,,,,,6056868
PSAZ5HX,455380,2020-09-22 12:17:19.245000-04:00,2020-09-23 02:59:00-04:00,2020-09-22 21:38:31.056000-04:00,2020-09-22 21:45:38.303000-04:00,1,,,,,,Not Assigned,,,,,,,,,,,,,,,,,,,,,,6130880
PSAZ5HX,456202,2020-09-22 13:48:16.271000-04:00,2020-09-23 02:59:00-04:00,2020-09-22 13:48:22.507000-04:00,2020-09-22 13:49:38.228000-04:00,1,,,,,,Not Assigned,,,,,,,,,,,,,,,,,,,,,,6080247
PSAZ5HX,456208,2020-09-22 13:48:16.271000-04:00,2020-09-23 02:59:00-04:00,2020-09-22 13:51:11.825000-04:00,2020-09-22 14:10:40.648000-04:00,1,,,,,,Not Assigned,,,,,,,,,,,,,,,,,,,,,,6081102
PSAZ5HX,456210,2020-09-22 13:48:16.271000-04:00,2020-09-23 02:59:00-04:00,2020-09-23 16:35:48.301000-04:00,,1,7.0,4.0,116.041,19.3271666666667,1.0,Not Assigned,,,,,,,,,,,,,,,,,,,,,,6237571
PSAZ5HX,456219,2020-09-22 13:48:16.271000-04:00,2020-09-23 02:59:00-04:00,2020-09-22 13:49:17.254000-04:00,2020-09-22 13:50:53.779000-04:00,1,,,,,,Not Assigned,,,,,,,,,,,,,,,,,,,,,,6080536
PSAZ5HX,456223,2020-09-22 13:48:16.271000-04:00,2020-09-23 02:59:00-04:00,2020-09-22 21:30:43.504000-04:00,2020-09-22 21:41:16.173000-04:00,1,,,,,,Not Assigned,,,,,,,,,,,,,,,,,,,,,,6130588
PSAZ5HX,456274,2020-09-22 13:48:16.271000-04:00,2020-09-23 02:59:00-04:00,2020-09-22 14:00:03.032000-04:00,,2,8.0,5.0,186.828,23.346125,1.0,Treatment 2,3515.518,217.260125,4.0,2.0,,,16.0,26.0,0.0,0.0,0.0,0.0,0.0,0.0,0.0,2.0,8.0,5.0,350.176,43.76475,1.0,6083658
PSAZ5HX,456282,2020-09-22 13:48:16.271000-04:00,2020-09-23 02:59:00-04:00,2020-09-23 00:43:41.631000-04:00,2020-09-23 00:50:55.071000-04:00,1,,,,,,Not Assigned,,,,,,,,,,,,,,,,,,,,,,6135036
PSAZ5HX,456286,2020-09-22 13:48:16.271000-04:00,2020-09-23 02:59:00-04:00,2020-09-22 13:50:17.129000-04:00,,1,,,,,,Not Assigned,,,,,,,,,,,,,,,,,,,,,,6080837
PSAZ5HX,456289,2020-09-22 13:48:16.271000-04:00,2020-09-23 02:59:00-04:00,2020-09-22 22:21:50.450000-04:00,2020-09-23 00:42:18.760000-04:00,3,8.0,8.0,897.272,112.1495,3.0,Treatment 4,5134.446,425.25425,4.0,6.0,0.0,,12.0,16.0,0.0,0.0,0.0,0.0,0.0,0.0,0.0,1.0,8.0,7.0,104.921,13.109125,1.0,6132333
PSAZ5HX,456306,2020-09-22 13:48:16.271000-04:00,2020-09-23 02:59:00-04:00,2020-09-23 00:21:51.850000-04:00,2020-09-23 00:59:25.656000-04:00,1,,,,,,Not Assigned,,,,,,,,,,,,,,,,,,,,,,6134806
PSAZ5HX,456323,2020-09-22 13:48:16.271000-04:00,2020-09-23 02:59:00-04:00,2020-09-22 13:51:23.594000-04:00,2020-09-22 13:56:03.377000-04:00,1,,,,,,Not Assigned,,,,,,,,,,,,,,,,,,,,,,6081158
PSAZ5HX,456470,2020-09-22 13:48:16.271000-04:00,2020-09-23 02:59:00-04:00,2020-09-22 13:49:08.658000-04:00,,1,8.0,5.0,526.391,65.793625,1.0,Treatment 1,6699.901,6699.869,1.0,,,,1.0,1.0,0.0,0.0,0.0,0.0,0.0,0.0,0.0,1.0,,,,,,6080472
PSAZ5HX,456606,2020-09-22 13:48:16.271000-04:00,2020-09-23 02:59:00-04:00,2020-09-23 13:51:42.326000-04:00,,1,8.0,6.0,30.61,3.81925,1.0,Control,105.663,4.19075,4.0,7.0,5.0,,16.0,34.0,16.0,0.0,0.0,0.0,0.0,0.0,0.0,1.0,8.0,6.0,30.71,3.8295,1.0,6209772
PSAZ5HX,456652,2020-09-22 13:48:16.271000-04:00,2020-09-23 02:59:00-04:00,2020-09-22 22:01:46.347000-04:00,2020-09-22 22:18:56.795000-04:00,1,,,,,,Not Assigned,,,,,,,,,,,,,,,,,,,,,,6131709
PSAZ5HX,456727,2020-09-22 13:48:16.271000-04:00,2020-09-23 02:59:00-04:00,2020-09-22 13:55:27.384000-04:00,,1,8.0,4.0,120.525,15.058,1.0,Treatment 1,595.238,33.66425,4.0,0.0,,,16.0,30.0,0.0,0.0,0.0,0.0,0.0,0.0,0.0,1.0,8.0,4.0,70.097,8.756625,1.0,6082333
PSAZ5HX,456743,2020-09-22 13:48:16.271000-04:00,2020-09-23 02:59:00-04:00,2020-09-22 13:57:11.956000-04:00,2020-09-22 20:37:08.064000-04:00,2,,,,,,Not Assigned,,,,,,,,,,,,,,,,,,,,,,6082878
PSAZ5HX,457075,2020-09-22 13:48:16.271000-04:00,2020-09-23 02:59:00-04:00,2020-09-22 19:45:12.320000-04:00,2020-09-22 20:52:20.919000-04:00,1,8.0,8.0,1025.049,128.125375,1.0,Treatment 3,1555.977,83.6191875,4.0,4.0,,,16.0,23.0,0.0,0.0,0.0,0.0,0.0,0.0,0.0,1.0,8.0,7.0,202.858,25.35025,1.0,6125702
PSAZ5HX,457310,2020-09-22 13:48:16.271000-04:00,2020-09-23 02:59:00-04:00,2020-09-22 13:54:37.700000-04:00,2020-09-22 13:57:47.509000-04:00,1,,,,,,Not Assigned,,,,,,,,,,,,,,,,,,,,,,6082096
PSAZ5HX,458724,2020-09-22 13:48:16.271000-04:00,2020-09-23 02:59:00-04:00,2020-09-22 13:50:46.705000-04:00,2020-09-22 14:09:50.972000-04:00,2,8.0,4.0,91.947,11.48825,1.0,Control,257.667,10.969625,4.0,4.0,4.0,,15.0,37.0,16.0,0.0,0.0,0.0,0.0,0.0,3.0,1.0,8.0,6.0,82.731,10.337,1.0,6080991
PSAZ5HX,458803,2020-09-22 13:48:16.271000-04:00,2020-09-23 02:59:00-04:00,2020-09-23 01:09:36.957000-04:00,2020-09-23 01:24:17.181000-04:00,2,,,,,,Not Assigned,,,,,,,,,,,,,,,,,,,,,,6135254
PSAZ5HX,459309,2020-09-22 13:48:16.271000-04:00,2020-09-23 02:59:00-04:00,2020-09-23 17:36:01.067000-04:00,,2,8.0,5.0,629.734,78.711375,1.0,Control,1804.659,106.3875,4.0,5.0,4.0,,15.0,29.0,16.0,0.0,0.0,0.0,0.0,0.0,7.0,2.0,8.0,7.0,138.905,17.358875,1.0,6242369
PSAZ5HX,459691,2020-09-22 13:48:16.271000-04:00,2020-09-23 02:59:00-04:00,2020-09-23 00:43:12.839000-04:00,2020-09-23 01:01:23.643000-04:00,1,,,,,,Not Assigned,,,,,,,,,,,,,,,,,,,,,,6135034
PSAZ5HX,462298,2020-09-22 13:48:16.271000-04:00,2020-09-23 02:59:00-04:00,2020-09-22 13:50:05.651000-04:00,2020-09-22 13:55:43.264000-04:00,1,,,,,,Not Assigned,,,,,,,,,,,,,,,,,,,,,,6080762
PSAZ5HX,462455,2020-09-22 13:48:16.271000-04:00,2020-09-23 02:59:00-04:00,2020-09-22 17:08:38.283000-04:00,,1,,,,,,Not Assigned,,,,,,,,,,,,,,,,,,,,,,6116114
PSAZ5HX,463934,2020-09-22 13:48:16.271000-04:00,2020-09-23 02:59:00-04:00,2020-09-23 13:00:19.979000-04:00,,1,8.0,5.0,109.77,13.7125,1.0,Treatment 1,291.628,15.6785,4.0,5.0,,,16.0,24.0,0.0,0.0,0.0,0.0,0.0,0.0,0.0,1.0,8.0,4.0,91.631,11.44625,1.0,6197539
PSAZ5HX,469788,2020-10-01 11:00:00-04:00,2020-10-01 12:00:00-04:00,2020-10-01 11:05:28.402000-04:00,2020-10-01 13:45:02.897000-04:00,1,8.0,6.0,573.845,71.72775,1.0,Treatment 2,1739.88,105.95825,4.0,2.0,,,16.0,29.0,0.0,0.0,0.0,0.0,0.0,0.0,0.0,1.0,8.0,4.0,6748.29,843.530875,1.0,6877069
PSAZ5HX,471234,2020-10-01 11:00:00-04:00,2020-10-01 12:00:00-04:00,2020-10-01 11:04:34.037000-04:00,2020-10-01 11:30:38.671000-04:00,1,,,,,,Not Assigned,,,,,,,,,,,,,,,,,,,,,,6876867
PSAZ5HX,471252,2020-10-01 11:00:00-04:00,2020-10-01 12:00:00-04:00,2020-10-01 11:04:47.853000-04:00,2020-10-01 11:15:50-04:00,1,,,,,,Not Assigned,,,,,,,,,,,,,,,,,,,,,,6876923
PSAZ5HX,471273,2020-09-22 12:17:19.245000-04:00,2020-09-23 02:59:00-04:00,2020-09-23 12:30:11.776000-04:00,,1,8.0,7.0,197.586,24.689125,1.0,Treatment 1,916.561,54.3008125,4.0,4.0,,,16.0,25.0,0.0,0.0,0.0,0.0,0.0,0.0,0.0,1.0,1.0,,,,1.0,6190303
PSAZ5HX,471283,2020-10-01 11:00:00-04:00,2020-10-01 12:00:00-04:00,2020-10-01 11:05:02.660000-04:00,2020-10-01 11:20:25.389000-04:00,1,8.0,8.0,175.483,21.929,1.0,Control,162.827,9.7620625,4.0,15.0,1.0,,16.0,17.0,16.0,0.0,0.0,0.0,0.0,0.0,0.0,1.0,8.0,7.0,83.023,10.371,1.0,6876985
PSAZ5HX,471294,2020-10-01 11:00:00-04:00,2020-10-01 12:00:00-04:00,2020-10-01 11:06:04.973000-04:00,,1,8.0,5.0,289.025,36.12325,1.0,Treatment 2,159.102,159.096,1.0,,,,1.0,1.0,0.0,0.0,0.0,0.0,0.0,0.0,0.0,1.0,,,,,,6877224
PSAZ5HX,471318,2020-10-01 11:00:00-04:00,2020-10-01 12:00:00-04:00,2020-10-01 11:06:44.559000-04:00,2020-10-02 10:36:31.097000-04:00,3,8.0,6.0,151.693,18.942375,1.0,Treatment 2,82760.137,5171.5724375,4.0,5.0,,,16.0,20.0,0.0,0.0,0.0,0.0,0.0,0.0,0.0,3.0,8.0,4.0,109.222,13.6375,1.0,6877393
PSAZ5HX,471380,2020-10-01 11:00:00-04:00,2020-10-01 12:00:00-04:00,2020-10-01 11:28:27.400000-04:00,,2,8.0,6.0,197.829,24.722875,1.0,Treatment 3,614604.982,38410.7421875,4.0,4.0,,,16.0,24.0,0.0,0.0,0.0,0.0,0.0,0.0,0.0,2.0,5.0,2.0,59.773,14.94125,1.0,6882267
PSAZ5HX,475159,2021-02-08 13:45:00-05:00,2021-02-09 00:59:00-05:00,2021-02-08 13:51:46.958000-05:00,,2,8.0,5.0,340.275,42.528125,1.0,Treatment 2,522.608,84.3308333333333,2.0,1.0,,,6.0,11.0,0.0,0.0,0.0,0.0,0.0,0.0,0.0,2.0,,,,,,13223066
PSAZ5HX,476373,2021-08-17 11:30:17.895000-04:00,2021-10-01 03:00:00-04:00,2021-08-18 11:54:42.332000-04:00,2021-08-18 12:02:35.321000-04:00,1,,,,,,Not Assigned,,,,,,,,,,,,,,,,,,,,,,16839456
PSAZ5HX,477374,2020-10-01 11:00:00-04:00,2020-10-01 12:00:00-04:00,2020-10-01 15:52:02.299000-04:00,2020-10-01 15:55:28.933000-04:00,1,,,,,,Not Assigned,,,,,,,,,,,,,,,,,,,,,,6937545
PSAZ5HX,478410,2020-10-01 11:00:00-04:00,2020-10-01 12:00:00-04:00,2020-10-01 13:03:03.205000-04:00,,4,8.0,6.0,494.124,61.759125,4.0,Control,,,1.0,,,,,0.0,1.0,0.0,0.0,0.0,0.0,0.0,0.0,1.0,,,,,,6904015
PSAZ5HX,478558,2020-10-01 11:00:00-04:00,2020-10-01 12:00:00-04:00,2020-10-01 11:14:08.404000-04:00,2020-10-01 11:21:35.416000-04:00,1,,,,,,Not Assigned,,,,,,,,,,,,,,,,,,,,,,6879005
PSAZ5HX,478566,2020-10-01 11:00:00-04:00,2020-10-01 12:00:00-04:00,2020-10-01 11:11:53.690000-04:00,2020-10-02 10:54:27.856000-04:00,3,,,,,,Not Assigned,,,,,,,,,,,,,,,,,,,,,,6878488
PSAZ5HX,478579,2020-10-01 11:00:00-04:00,2020-10-01 12:00:00-04:00,2020-10-01 17:36:51.402000-04:00,2020-10-01 17:40:05.895000-04:00,1,,,,,,Not Assigned,,,,,,,,,,,,,,,,,,,,,,6947178
PSAZ5HX,478582,2020-10-01 11:00:00-04:00,2020-10-01 12:00:00-04:00,2020-10-02 11:03:39.117000-04:00,2020-10-02 11:08:51.949000-04:00,1,,,,,,Not Assigned,,,,,,,,,,,,,,,,,,,,,,6987913
PSAZ5HX,478584,2020-10-01 11:00:00-04:00,2020-10-01 12:00:00-04:00,2020-10-02 10:59:21.075000-04:00,2020-10-02 11:06:10.588000-04:00,1,,,,,,Not Assigned,,,,,,,,,,,,,,,,,,,,,,6987187
PSAZ5HX,478587,2020-10-01 11:00:00-04:00,2020-10-01 12:00:00-04:00,2020-10-01 11:14:45.625000-04:00,,1,8.0,4.0,172.381,21.544,1.0,Treatment 3,138.686,138.683,1.0,,,,1.0,1.0,0.0,0.0,0.0,0.0,0.0,0.0,0.0,1.0,,,,,,6879124
PSAZ5HX,478596,2020-10-01 11:00:00-04:00,2020-10-01 12:00:00-04:00,2020-10-01 11:06:00.796000-04:00,2020-10-01 11:08:51.882000-04:00,1,,,,,,Not Assigned,,,,,,,,,,,,,,,,,,,,,,6877181
PSAZ5HX,480112,2020-10-01 11:00:00-04:00,2020-10-01 12:00:00-04:00,2020-10-01 12:16:44.323000-04:00,,1,8.0,4.0,137.959,17.241875,1.0,Treatment 2,54.305,15.5156666666667,1.0,0.0,,,3.0,6.0,0.0,0.0,0.0,0.0,0.0,0.0,0.0,1.0,,,,,,6893350
PSAZ5HX,486355,2020-10-01 11:00:00-04:00,2020-10-01 12:00:00-04:00,2020-10-01 13:09:47.549000-04:00,,5,8.0,5.0,155.826,19.456875,1.0,Treatment 4,142.083,63.8565,1.0,0.0,,,2.0,5.0,0.0,0.0,0.0,0.0,0.0,0.0,0.0,1.0,,,,,,6905686
PSAZ5HX,491006,2020-11-05 14:08:53.441000-05:00,2020-11-06 14:09:00-05:00,2020-11-05 14:09:33.635000-05:00,2020-11-06 11:27:41.657000-05:00,2,8.0,4.0,119.458,14.93125,1.0,Control,209.585,9.925375,4.0,8.0,4.0,,16.0,27.0,16.0,0.0,0.0,0.0,0.0,0.0,2.0,1.0,8.0,5.0,75.022,9.37675,1.0,9233334
PSAZ5HX,491219,2020-11-05 14:08:53.441000-05:00,2020-11-06 14:09:00-05:00,2020-11-05 17:48:24.553000-05:00,2020-11-10 13:55:59.787000-05:00,5,,,,,,Not Assigned,,,,,,,,,,,,,,,,,,,,,,9256890
PSAZ5HX,491326,2020-11-05 14:08:53.441000-05:00,2020-11-06 14:09:00-05:00,2020-11-05 15:52:41.430000-05:00,2020-11-09 13:21:06.623000-05:00,5,8.0,5.0,214.386,26.792375,1.0,Control,415.981,21.737125,4.0,11.0,5.0,,16.0,25.0,16.0,0.0,0.0,0.0,0.0,0.0,0.0,1.0,8.0,6.0,268.494,33.557125,1.0,9248876
PSAZ5HX,491456,2020-10-01 11:00:00-04:00,2020-10-01 12:00:00-04:00,2020-10-01 12:05:16.786000-04:00,2020-10-01 14:52:21.409000-04:00,2,8.0,6.0,353.288,44.158625,1.0,Treatment 1,1733.44,106.726375,4.0,6.0,,,16.0,19.0,0.0,0.0,0.0,0.0,0.0,0.0,0.0,1.0,8.0,7.0,275.059,34.37975,1.0,6890586
PSAZ5HX,491467,2020-10-01 11:00:00-04:00,2020-10-01 12:00:00-04:00,2020-10-01 12:06:47.356000-04:00,,4,8.0,4.0,139.409,17.421125,1.0,Control,244.044,11.419625,4.0,2.0,2.0,,16.0,43.0,16.0,0.0,0.0,0.0,0.0,0.0,0.0,1.0,8.0,4.0,68.762,8.59075,1.0,6891020
PSAZ5HX,491477,2020-10-01 11:00:00-04:00,2020-10-01 12:00:00-04:00,2020-10-01 12:05:27.925000-04:00,,4,8.0,6.0,259.713,32.456125,1.0,Treatment 1,38339.983,4790.283,3.0,3.0,,,8.0,10.0,0.0,0.0,0.0,0.0,0.0,0.0,0.0,2.0,,,,,,6890642
PSAZ5HX,491536,2020-10-01 11:00:00-04:00,2020-10-01 12:00:00-04:00,2020-10-01 13:07:41.881000-04:00,,1,8.0,6.0,286.491,35.80675,1.0,Treatment 2,709.46,75.2878888888889,3.0,3.0,,,9.0,12.0,0.0,0.0,0.0,0.0,0.0,0.0,0.0,1.0,,,,,,6905189
PSAZ5HX,491541,2020-10-01 11:00:00-04:00,2020-10-01 12:00:00-04:00,2020-10-01 12:01:58.388000-04:00,2020-10-02 15:53:55.039000-04:00,5,8.0,4.0,4026.182,503.261125,2.0,Treatment 3,2494.681,137.5224375,4.0,2.0,,,16.0,31.0,0.0,0.0,0.0,0.0,0.0,0.0,0.0,1.0,8.0,4.0,100.386,12.54075,1.0,6889710
PSAZ5HX,492056,2020-11-05 14:08:53.441000-05:00,2020-11-06 14:09:00-05:00,2020-11-09 13:11:26.554000-05:00,,1,,,,,,Not Assigned,,,,,,,,,,,,,,,,,,,,,,9394042
PSAZ5HX,492300,2020-11-05 14:08:53.441000-05:00,2020-11-06 14:09:00-05:00,2020-11-09 12:52:25.548000-05:00,,1,,,,,,Not Assigned,,,,,,,,,,,,,,,,,,,,,,9390173
PSAZ5HX,493015,2020-10-01 11:00:00-04:00,2020-10-01 12:00:00-04:00,2020-10-01 14:51:40.342000-04:00,2020-10-01 20:11:45.601000-04:00,3,,,,,,Not Assigned,,,,,,,,,,,,,,,,,,,,,,6928486
PSAZ5HX,493315,2020-11-05 14:08:53.441000-05:00,2020-11-06 14:09:00-05:00,2020-11-05 14:10:28.146000-05:00,2020-11-05 14:42:35.998000-05:00,2,8.0,6.0,319.961,39.989625,1.0,Treatment 3,740.081,45.4670625,4.0,7.0,,,16.0,17.0,0.0,0.0,0.0,0.0,0.0,0.0,0.0,1.0,8.0,8.0,171.89,21.480125,1.0,9233489
PSAZ5HX,493600,2020-11-05 14:08:53.441000-05:00,2020-11-06 14:09:00-05:00,2020-11-06 16:44:33.356000-05:00,,2,,,,,,Not Assigned,,,,,,,,,,,,,,,,,,,,,,9326803
PSAZ5HX,493611,2020-11-05 14:08:53.441000-05:00,2020-11-06 14:09:00-05:00,2020-11-05 17:48:09.262000-05:00,2020-11-05 18:20:34.866000-05:00,1,8.0,7.0,383.671,47.953875,1.0,Treatment 4,525.671,43.8006666666667,4.0,8.0,,,12.0,12.0,0.0,0.0,0.0,0.0,0.0,0.0,0.0,1.0,8.0,7.0,181.853,22.727375,1.0,9256857
PSAZ5HX,493614,2020-11-05 14:08:53.441000-05:00,2020-11-06 14:09:00-05:00,2020-11-05 16:24:10.743000-05:00,,1,,,,,,Not Assigned,,,,,,,,,,,,,,,,,,,,,,9251673
PSAZ5HX,493629,2020-11-05 14:08:53.441000-05:00,2020-11-06 14:09:00-05:00,2020-11-09 13:10:28.790000-05:00,,2,8.0,5.0,44.201,5.51575,1.0,Treatment 2,,,1.0,,,,,0.0,0.0,0.0,0.0,0.0,0.0,0.0,0.0,1.0,,,,,,9393880
PSAZ5HX,493640,2020-11-05 14:08:53.441000-05:00,2020-11-06 14:09:00-05:00,2020-11-09 13:46:01.645000-05:00,,1,,,,,,Not Assigned,,,,,,,,,,,,,,,,,,,,,,9400557
PSAZ5HX,493641,2020-11-05 14:08:53.441000-05:00,2020-11-06 14:09:00-05:00,2020-11-05 15:51:41.551000-05:00,2020-11-05 16:10:21.258000-05:00,1,,,,,,Not Assigned,,,,,,,,,,,,,,,,,,,,,,9248759
PSAZ5HX,493663,2020-11-05 14:08:53.441000-05:00,2020-11-06 14:09:00-05:00,2020-11-05 16:29:03.046000-05:00,2020-11-05 16:42:54.095000-05:00,1,,,,,,Not Assigned,,,,,,,,,,,,,,,,,,,,,,9252060
PSAZ5HX,493665,2020-11-05 14:08:53.441000-05:00,2020-11-06 14:09:00-05:00,2020-11-05 14:10:01.032000-05:00,2020-11-07 16:39:40.590000-05:00,10,8.0,8.0,795.766,99.460625,1.0,Treatment 3,1392.232,87.0064375,4.0,8.0,,,16.0,16.0,0.0,0.0,0.0,0.0,0.0,0.0,0.0,1.0,8.0,7.0,82987.343,10373.411625,2.0,9233395
PSAZ5HX,493769,2020-11-05 14:08:53.441000-05:00,2020-11-06 14:09:00-05:00,2020-11-09 13:27:09.626000-05:00,2020-11-09 13:34:29.965000-05:00,3,,,,,,Not Assigned,,,,,,,,,,,,,,,,,,,,,,9396896
PSAZ5HX,493773,2020-11-05 14:08:53.441000-05:00,2020-11-06 14:09:00-05:00,2020-11-05 14:09:54.579000-05:00,2020-11-05 16:32:16.459000-05:00,3,,,,,,Not Assigned,,,,,,,,,,,,,,,,,,,,,,9233378
PSAZ5HX,493778,2020-11-05 14:08:53.441000-05:00,2020-11-06 14:09:00-05:00,2020-11-09 13:58:36.078000-05:00,,1,,,,,,Not Assigned,,,,,,,,,,,,,,,,,,,,,,9403135
PSAZ5HX,493782,2020-11-05 14:08:53.441000-05:00,2020-11-06 14:09:00-05:00,2020-11-05 14:10:34.247000-05:00,2020-11-05 14:16:16.403000-05:00,1,,,,,,Not Assigned,,,,,,,,,,,,,,,,,,,,,,9233503
PSAZ5HX,493793,2020-11-05 14:08:53.441000-05:00,2020-11-06 14:09:00-05:00,2020-11-09 12:13:44.102000-05:00,,3,,,,,,Not Assigned,,,,,,,,,,,,,,,,,,,,,,9382659
PSAZ5HX,493855,2020-11-05 14:08:53.441000-05:00,2020-11-06 14:09:00-05:00,2020-11-09 13:25:28.974000-05:00,,2,8.0,7.0,830.707,103.82875,1.0,Treatment 3,1689.044,101.1358125,4.0,3.0,,,16.0,28.0,0.0,0.0,0.0,0.0,0.0,0.0,0.0,1.0,8.0,6.0,247.133,30.88625,1.0,9396616
PSAZ5HX,494650,2020-11-05 14:08:53.441000-05:00,2020-11-06 14:09:00-05:00,2020-11-09 13:19:33.552000-05:00,,2,4.0,3.0,1923.302,480.8165,2.0,Not Assigned,,,,,,,,,,,,,,,,,,,,,,9395501
PSAZ5HX,497161,2020-10-01 11:00:00-04:00,2020-10-01 12:00:00-04:00,2020-10-01 12:58:46.093000-04:00,,1,5.0,3.0,76.633,19.153,1.0,Not Assigned,,,,,,,,,,,,,,,,,,,,,,6902983
PSAZ5HX,516916,2020-08-28 16:11:15.496000-04:00,2020-09-01 17:20:00-04:00,2020-08-28 16:22:55.314000-04:00,2020-08-28 16:41:53.095000-04:00,1,8.0,5.0,166.611,20.817,1.0,Treatment 4,674.032,55.06975,4.0,7.0,,,12.0,16.0,0.0,0.0,0.0,0.0,0.0,0.0,0.0,1.0,8.0,7.0,123.661,15.443,1.0,4444432
PSAZ5HX,520885,2020-10-01 11:00:00-04:00,2020-10-01 12:00:00-04:00,2020-10-02 17:06:26.335000-04:00,,5,8.0,5.0,365.449,45.6735,1.0,Control,3142.6,190.714375,4.0,8.0,3.0,,16.0,27.0,16.0,0.0,0.0,0.0,0.0,0.0,0.0,1.0,8.0,4.0,118.889,14.855625,1.0,7039076
PSAZ5HX,521815,2020-08-28 16:11:15.496000-04:00,2020-09-01 17:20:00-04:00,2020-08-30 20:42:20.160000-04:00,,2,,,,,,Not Assigned,,,,,,,,,,,,,,,,,,,,,,4456651
PSAZ5HX,521820,2020-08-28 16:11:15.496000-04:00,2020-09-01 17:20:00-04:00,2020-08-30 22:42:14.808000-04:00,2020-08-31 18:51:00.528000-04:00,6,,,,,,Not Assigned,,,,,,,,,,,,,,,,,,,,,,4457660
PSAZ5HX,521821,2020-08-28 16:11:15.496000-04:00,2020-09-01 17:20:00-04:00,2020-09-01 23:23:45.076000-04:00,2020-09-01 23:29:26.330000-04:00,1,,,,,,Not Assigned,,,,,,,,,,,,,,,,,,,,,,4617912
PSAZ5HX,521849,2020-08-28 16:11:15.496000-04:00,2020-09-01 17:20:00-04:00,2020-09-01 18:14:16.199000-04:00,,3,8.0,4.0,391.124,48.886375,1.0,Treatment 3,829.88,50.9361875,4.0,7.0,,,16.0,17.0,0.0,0.0,0.0,0.0,0.0,0.0,0.0,1.0,8.0,7.0,130.391,16.293875,1.0,4609824
PSAZ5HX,524911,2020-11-04 13:11:05.461000-05:00,,2020-11-12 13:07:24.153000-05:00,2020-11-23 13:15:10.257000-05:00,5,,,,,,Not Assigned,,,,,,,,,,,,,,,,,,,,,,9641181
PSAZ5HX,525604,2020-11-04 13:11:05.461000-05:00,,2020-11-09 13:15:47.564000-05:00,,1,8.0,5.0,156.476,19.555,1.0,Treatment 1,33.336,9.59033333333333,1.0,0.0,,,3.0,4.0,0.0,0.0,0.0,0.0,0.0,0.0,0.0,1.0,,,,,,9394763
PSAZ5HX,525828,2020-11-04 13:11:05.461000-05:00,,2020-11-09 12:58:33.827000-05:00,,1,,,,,,Not Assigned,,,,,,,,,,,,,,,,,,,,,,9391389
PSAZ5HX,525830,2020-11-04 13:11:05.461000-05:00,,2020-11-09 13:05:28.253000-05:00,,2,8.0,6.0,102.567,12.8135,1.0,Treatment 3,116.712,43.9325,1.0,0.0,,,2.0,4.0,0.0,0.0,0.0,0.0,0.0,0.0,0.0,1.0,,,,,,9392923
PSAZ5HX,527134,2020-11-04 13:11:05.460000-05:00,,2020-12-12 13:39:56.534000-05:00,2020-12-12 13:59:57.584000-05:00,1,,,,,,Not Assigned,,,,,,,,,,,,,,,,,,,,,,11161724
PSAZ5HX,531825,2020-08-28 16:11:15.496000-04:00,2020-09-01 17:20:00-04:00,2020-08-28 18:29:19.662000-04:00,,4,8.0,4.0,2030.113,253.762625,1.0,Treatment 1,240578.304,15029.1388125,4.0,3.0,,,16.0,27.0,0.0,0.0,0.0,0.0,0.0,0.0,0.0,3.0,8.0,4.0,224.711,28.086375,1.0,4447762
PSAZ5HX,546457,2020-12-09 13:27:00-05:00,2020-12-09 23:00:00-05:00,2020-12-09 13:57:27.172000-05:00,,1,,,,,,Not Assigned,,,,,,,,,,,,,,,,,,,,,,10989623
PSAZ5HX,559139,2020-09-21 13:49:00-04:00,2020-09-28 13:51:00-04:00,2020-09-24 15:21:40.732000-04:00,,1,8.0,6.0,162.862,20.351625,1.0,Treatment 4,531.909,43.2618333333333,4.0,6.0,1.0,,12.0,15.0,0.0,0.0,0.0,0.0,0.0,0.0,0.0,1.0,1.0,,,,1.0,6355083
PSAZ5HX,559154,2020-09-21 13:49:00-04:00,2020-09-28 13:51:00-04:00,2020-09-22 08:59:46-04:00,2020-09-23 09:29:44.137000-04:00,2,,,,,,Not Assigned,,,,,,,,,,,,,,,,,,,,,,6009589
PSAZ5HX,559155,2020-09-21 13:49:00-04:00,2020-09-28 13:51:00-04:00,2020-09-22 14:31:40.363000-04:00,,3,8.0,7.0,185.779,23.2165,1.0,Treatment 2,1229.661,73.9945,4.0,5.0,,,16.0,23.0,0.0,0.0,0.0,0.0,0.0,0.0,0.0,2.0,8.0,6.0,155.858,19.475875,1.0,6092197
PSAZ5HX,559274,2020-09-21 13:49:00-04:00,2020-09-28 13:51:00-04:00,2020-09-28 19:45:04.109000-04:00,,1,,,,,,Not Assigned,,,,,,,,,,,,,,,,,,,,,,6594379
PSAZ5HX,559300,2020-09-21 13:49:00-04:00,2020-09-28 13:51:00-04:00,2020-09-22 17:08:24.248000-04:00,,1,1.0,,,,1.0,Not Assigned,,,,,,,,,,,,,,,,,,,,,,6116082
PSAZ5HX,559331,2020-09-21 13:49:00-04:00,2020-09-28 13:51:00-04:00,2020-09-24 12:59:31.813000-04:00,2020-09-24 13:28:45.883000-04:00,2,,,,,,Not Assigned,,,,,,,,,,,,,,,,,,,,,,6321198
PSAZ5HX,560832,2020-09-21 13:49:00-04:00,2020-09-28 13:51:00-04:00,2020-09-23 17:53:20.263000-04:00,,6,8.0,5.0,113.29,14.148625,1.0,Treatment 1,96255.326,6011.8308125,4.0,2.0,,,16.0,28.0,0.0,0.0,0.0,0.0,0.0,0.0,0.0,2.0,8.0,5.0,387.182,48.389125,1.0,6243408
PSAZ5HX,560852,2020-09-21 13:49:00-04:00,2020-09-28 13:51:00-04:00,2020-09-28 11:30:11.235000-04:00,,2,5.0,3.0,1956.055,489.0075,1.0,Not Assigned,,,,,,,,,,,,,,,,,,,,,,6525417
PSAZ5HX,560977,2020-09-21 13:49:00-04:00,2020-09-28 13:51:00-04:00,2020-09-23 18:18:52.374000-04:00,,6,8.0,6.0,197.121,24.633375,1.0,Treatment 1,6817.058,423.8008125,4.0,4.0,,,16.0,25.0,0.0,0.0,0.0,0.0,0.0,0.0,0.0,2.0,8.0,5.0,378.41,47.29075,1.0,6244810
PSAZ5HX,566525,2021-03-26 11:15:00-04:00,2021-04-02 13:34:00-04:00,2021-03-31 12:46:19.405000-04:00,2021-03-31 13:24:43.075000-04:00,2,8.0,6.0,165.751,20.714125,1.0,Control,468.146,26.3885,4.0,9.0,3.0,,16.0,25.0,16.0,0.0,0.0,0.0,0.0,0.0,0.0,1.0,8.0,5.0,91.471,11.43,1.0,15191170
PSAZ5HX,567187,2021-03-26 11:15:00-04:00,2021-04-02 13:34:00-04:00,2021-03-29 16:44:04.302000-04:00,2021-04-03 23:19:17.684000-04:00,11,8.0,6.0,226.604,28.315625,1.0,Control,424.021,23.99825,4.0,13.0,3.0,,15.0,21.0,16.0,0.0,0.0,0.0,0.0,0.0,1.0,1.0,8.0,7.0,93.159,11.637,1.0,15129088
PSAZ5HX,567191,2021-03-26 11:15:00-04:00,2021-04-02 13:34:00-04:00,2021-03-26 19:34:53.357000-04:00,,2,,,,,,Not Assigned,,,,,,,,,,,,,,,,,,,,,,15091553
PSAZ5HX,567279,2021-03-26 11:15:00-04:00,2021-04-02 13:34:00-04:00,2021-03-31 18:23:40.084000-04:00,,2,8.0,4.0,288.847,36.1015,1.0,Treatment 2,,,1.0,,,,,0.0,0.0,0.0,0.0,0.0,0.0,0.0,0.0,1.0,,,,,,15204150
PSAZ5HX,569143,2020-11-05 14:08:53.441000-05:00,2020-11-06 14:09:00-05:00,2020-11-05 14:11:19.387000-05:00,,3,8.0,6.0,225.079,28.133,2.0,Treatment 3,840.308,49.4609375,4.0,2.0,,,16.0,29.0,0.0,0.0,0.0,0.0,0.0,0.0,0.0,2.0,8.0,5.0,89.389,11.17175,1.0,9233620
PSAZ5HX,575594,2021-03-26 11:15:00-04:00,2021-04-02 13:34:00-04:00,2021-03-31 12:37:16.175000-04:00,2021-04-01 13:40:16.787000-04:00,2,8.0,8.0,444.341,55.537625,1.0,Treatment 3,87015.975,5438.4861875,4.0,8.0,,,16.0,16.0,0.0,0.0,0.0,0.0,0.0,0.0,0.0,2.0,8.0,8.0,95.643,11.951,1.0,15190607
PSAZ5HX,575937,2020-10-01 13:00:00-04:00,2020-10-30 16:30:00-04:00,2020-10-12 13:37:03.563000-04:00,2020-10-12 13:43:48.592000-04:00,1,,,,,,Not Assigned,,,,,,,,,,,,,,,,,,,,,,7605770
PSAZ5HX,575938,2020-10-01 13:00:00-04:00,2020-10-30 16:30:00-04:00,2020-10-13 13:45:40.183000-04:00,,4,8.0,6.0,137.089,17.128375,1.0,Treatment 2,172814.987,10799.272375,4.0,4.0,,,16.0,21.0,0.0,0.0,0.0,0.0,0.0,0.0,0.0,2.0,8.0,6.0,97.065,12.123625,1.0,7698143
PSAZ5HX,575940,2020-10-01 13:00:00-04:00,2020-10-30 16:30:00-04:00,2020-10-15 13:47:07.911000-04:00,,12,8.0,4.0,85492.994,10686.615875,4.0,Treatment 1,259586.72,16220.9784375,4.0,2.0,,,16.0,27.0,0.0,0.0,0.0,0.0,0.0,0.0,0.0,3.0,8.0,6.0,198.58,24.816125,1.0,7892762
PSAZ5HX,575941,2020-10-01 13:00:00-04:00,2020-10-30 16:30:00-04:00,2020-10-15 13:43:27.160000-04:00,,2,4.0,3.0,93.055,31.0106666666667,1.0,Not Assigned,,,,,,,,,,,,,,,,,,,,,,7892012
PSAZ5HX,575942,2020-10-01 13:00:00-04:00,2020-10-30 16:30:00-04:00,2020-10-13 13:43:17.201000-04:00,,3,,,,,,Not Assigned,,,,,,,,,,,,,,,,,,,,,,7697676
PSAZ5HX,576387,2021-03-26 11:15:00-04:00,2021-04-02 13:34:00-04:00,2021-03-30 19:51:22.076000-04:00,2021-04-01 21:18:42.859000-04:00,3,8.0,7.0,393.661,49.20275,1.0,Treatment 4,175915.242,14657.2796666667,4.0,7.0,1.0,,12.0,13.0,0.0,0.0,0.0,0.0,0.0,0.0,0.0,2.0,8.0,8.0,911.584,113.9395,1.0,15172022
PSAZ5HX,578459,2020-09-04 14:40:39.339000-04:00,2020-09-08 14:42:00-04:00,2020-09-09 19:20:51.057000-04:00,2020-09-09 19:40:15.896000-04:00,1,,,,,,Not Assigned,,,,,,,,,,,,,,,,,,,,,,5040385
PSAZ5HX,580107,2021-03-26 11:15:00-04:00,2021-04-02 13:34:00-04:00,2021-03-30 12:14:40.931000-04:00,2021-04-20 12:51:34.125000-04:00,5,,,,,,Not Assigned,,,,,,,,,,,,,,,,,,,,,,15151514
PSAZ5HX,586856,2020-09-04 14:40:39.339000-04:00,2020-09-08 14:42:00-04:00,2020-10-13 09:52:07.664000-04:00,,1,,,,,,Not Assigned,,,,,,,,,,,,,,,,,,,,,,7651453
PSAZ5HX,589155,2021-03-26 11:15:00-04:00,2021-04-02 13:34:00-04:00,2021-03-26 17:55:03.840000-04:00,2021-04-02 18:09:10.783000-04:00,6,8.0,8.0,281.359,35.16425,1.0,Control,327.151,19.8244375,4.0,15.0,1.0,,16.0,17.0,16.0,0.0,0.0,0.0,0.0,0.0,0.0,1.0,8.0,8.0,190.38,23.791625,1.0,15090889
PSAZ5HX,591484,2020-06-07 09:00:00-04:00,,2020-09-03 19:22:39.670000-04:00,2020-09-03 19:25:16.684000-04:00,1,,,,,,Not Assigned,,,,,,,,,,,,,,,,,,,,,,4775476
PSAZ5HX,597136,2020-09-04 14:40:39.339000-04:00,2020-09-08 14:42:00-04:00,2020-09-04 16:53:59.317000-04:00,,18,8.0,5.0,550.52,68.8125,1.0,Treatment 3,277975.21,17370.7041875,4.0,4.0,,,16.0,26.0,0.0,0.0,0.0,0.0,0.0,0.0,0.0,3.0,8.0,7.0,518.645,64.827625,1.0,4837287
PSAZ5HX,597271,2020-09-04 14:40:39.339000-04:00,2020-09-08 14:42:00-04:00,2020-09-08 09:31:15.532000-04:00,,1,,,,,,Not Assigned,,,,,,,,,,,,,,,,,,,,,,4864147
PSAZ5HX,598192,2020-09-04 14:40:39.339000-04:00,2020-09-08 14:42:00-04:00,2020-09-04 14:43:16.713000-04:00,,8,8.0,4.0,1451.005,181.370125,1.0,Treatment 3,498862.868,31174.6535,4.0,1.0,,,16.0,31.0,0.0,0.0,0.0,0.0,0.0,0.0,0.0,2.0,8.0,7.0,84008.375,10501.043375,3.0,4828152
PSAZ5HX,601125,2021-03-26 11:15:00-04:00,2021-04-02 13:34:00-04:00,2021-04-12 15:33:10.141000-04:00,2021-04-19 23:22:49.721000-04:00,4,,,,,,Not Assigned,,,,,,,,,,,,,,,,,,,,,,15458453
PSAZ5HX,613509,2020-10-01 13:00:00-04:00,2020-10-30 16:30:00-04:00,2020-10-23 13:01:20.566000-04:00,2020-10-23 13:49:59.957000-04:00,3,8.0,6.0,878.231,109.7655,3.0,Control,925.486,33.6319375,4.0,9.0,4.0,,16.0,26.0,16.0,0.0,0.0,0.0,0.0,0.0,0.0,1.0,8.0,7.0,95.888,11.979875,1.0,8456396
PSAZ5HX,613826,2020-10-01 13:00:00-04:00,2020-10-30 16:30:00-04:00,2020-10-13 13:52:59.904000-04:00,,1,,,,,,Not Assigned,,,,,,,,,,,,,,,,,,,,,,7699636
PSAZ5HX,623673,2020-09-04 14:40:39.339000-04:00,2020-09-08 14:42:00-04:00,2020-09-10 20:22:31.272000-04:00,,1,,,,,,Not Assigned,,,,,,,,,,,,,,,,,,,,,,5152760
PSAZ5HX,632667,2021-01-04 08:37:32.271000-05:00,2021-01-08 21:54:00-05:00,2021-01-04 08:41:05.565000-05:00,,3,1.0,,,,1.0,Not Assigned,,,,,,,,,,,,,,,,,,,,,,11513648
PSAZ5HX,632704,2021-01-04 08:37:32.271000-05:00,2021-01-08 21:54:00-05:00,2021-01-04 08:52:16.232000-05:00,,4,8.0,7.0,207.009,25.870875,3.0,Control,129.076,15.47775,3.0,7.0,1.0,,7.0,9.0,9.0,0.0,0.0,0.0,0.0,0.0,1.0,1.0,,,,,,11514210
PSAZ5HX,632705,2021-01-04 08:37:32.271000-05:00,2021-01-08 21:54:00-05:00,2021-01-04 08:47:42.072000-05:00,,2,8.0,6.0,341.888,42.73225,1.0,Control,379.325,33.2068,3.0,5.0,2.0,,10.0,23.0,11.0,0.0,0.0,0.0,0.0,0.0,1.0,1.0,,,,,,11513996
PSAZ5HX,632706,2021-01-04 08:37:32.271000-05:00,2021-01-08 21:54:00-05:00,2021-01-04 08:43:14.239000-05:00,,3,8.0,8.0,175.313,21.909375,1.0,Treatment 3,261376.392,52275.2738,2.0,2.0,,,5.0,5.0,0.0,0.0,0.0,0.0,0.0,0.0,0.0,2.0,,,,,,11513765
PSAZ5HX,632707,2021-01-04 08:37:32.271000-05:00,2021-01-08 21:54:00-05:00,2021-01-04 08:46:42.313000-05:00,,5,5.0,5.0,44.275,8.8514,1.0,Not Assigned,,,,,,,,,,,,,,,,,,,,,,11513927
PSAZ5HX,632708,2021-01-04 08:37:32.271000-05:00,2021-01-08 21:54:00-05:00,2021-01-04 08:40:06.952000-05:00,2021-01-04 13:19:58.924000-05:00,2,8.0,7.0,249.875,31.231125,1.0,Control,264.066,15.1580625,4.0,15.0,1.0,,16.0,18.0,16.0,0.0,0.0,0.0,0.0,0.0,1.0,1.0,8.0,8.0,182.457,22.8035,1.0,11513609
PSAZ5HX,632709,2021-01-04 08:37:32.271000-05:00,2021-01-08 21:54:00-05:00,2021-01-05 09:27:27.167000-05:00,,1,,,,,,Not Assigned,,,,,,,,,,,,,,,,,,,,,,11570267
PSAZ5HX,632711,2021-01-04 08:37:32.271000-05:00,2021-01-08 21:54:00-05:00,2021-01-04 08:41:21.169000-05:00,,4,8.0,6.0,437.639,54.70025,3.0,Treatment 2,731.763,121.957,2.0,3.0,,,6.0,6.0,0.0,0.0,0.0,0.0,0.0,0.0,0.0,1.0,,,,,,11513664
PSAZ5HX,632712,2021-01-04 08:37:32.271000-05:00,2021-01-08 21:54:00-05:00,2021-01-04 13:12:47.518000-05:00,,3,7.0,3.0,110.79,18.4603333333333,3.0,Not Assigned,,,,,,,,,,,,,,,,,,,,,,11538653
PSAZ5HX,632713,2021-01-04 08:37:32.271000-05:00,2021-01-08 21:54:00-05:00,2021-01-04 08:40:02.782000-05:00,,1,8.0,8.0,260.551,32.565625,1.0,Control,,,1.0,,,,,0.0,1.0,0.0,0.0,0.0,0.0,0.0,0.0,1.0,,,,,,11513604
PSAZ5HX,632716,2021-01-04 08:37:32.271000-05:00,2021-01-08 21:54:00-05:00,2021-01-04 08:43:33.464000-05:00,,2,,,,,,Not Assigned,,,,,,,,,,,,,,,,,,,,,,11513782
PSAZ5HX,632719,2021-01-04 08:37:32.271000-05:00,2021-01-08 21:54:00-05:00,2021-01-04 13:18:34.364000-05:00,2021-01-05 12:37:16.659000-05:00,2,8.0,5.0,307.342,38.411875,1.0,Treatment 4,81088.652,6753.12466666667,4.0,4.0,0.0,,12.0,17.0,0.0,0.0,0.0,0.0,0.0,0.0,0.0,2.0,8.0,7.0,879.276,109.905,1.0,11539186
PSAZ5HX,632720,2021-01-04 08:37:32.271000-05:00,2021-01-08 21:54:00-05:00,2021-01-04 08:38:27.527000-05:00,,2,3.0,2.0,332.621,166.302,2.0,Not Assigned,,,,,,,,,,,,,,,,,,,,,,11513524
PSAZ5HX,632721,2021-01-04 08:37:32.271000-05:00,2021-01-08 21:54:00-05:00,2021-01-04 13:12:48.028000-05:00,,3,8.0,5.0,255.529,31.937375,1.0,Treatment 4,595391.419,49612.3653333333,4.0,6.0,0.0,,12.0,16.0,0.0,0.0,0.0,0.0,0.0,0.0,0.0,2.0,5.0,3.0,137.395,34.344,1.0,11538655
PSAZ5HX,632722,2021-01-04 08:37:32.271000-05:00,2021-01-08 21:54:00-05:00,2021-01-04 08:49:20.382000-05:00,,5,8.0,7.0,210.198,26.265875,1.0,Treatment 1,322.655,107.545,1.0,1.0,,,3.0,3.0,0.0,0.0,0.0,0.0,0.0,0.0,0.0,2.0,,,,,,11514075
PSAZ5HX,632727,2021-01-04 08:37:32.271000-05:00,2021-01-08 21:54:00-05:00,2021-01-04 08:37:36.123000-05:00,,1,8.0,7.0,439.994,54.991,1.0,Treatment 4,,,1.0,,,,,0.0,0.0,0.0,0.0,0.0,0.0,0.0,0.0,1.0,,,,,,11513482
PSAZ5HX,632750,2021-01-04 08:37:32.271000-05:00,2021-01-08 21:54:00-05:00,2021-01-04 08:38:48.683000-05:00,,2,8.0,6.0,265.238,33.150375,1.0,Control,417.575,24.518875,4.0,12.0,3.0,,16.0,21.0,16.0,0.0,0.0,0.0,0.0,0.0,0.0,1.0,8.0,7.0,245.956,30.738,1.0,11513543
PSAZ5HX,632826,2021-01-04 08:37:32.271000-05:00,2021-01-08 21:54:00-05:00,2021-01-06 08:40:58.494000-05:00,,1,8.0,8.0,238.978,29.86375,1.0,Treatment 4,,,1.0,,,,,0.0,0.0,0.0,0.0,0.0,0.0,0.0,0.0,1.0,,,,,,11640882
PSAZ5HX,632947,2021-01-04 08:37:32.271000-05:00,2021-01-08 21:54:00-05:00,2021-01-04 08:49:32.207000-05:00,,4,8.0,5.0,267391.912,33423.984375,3.0,Treatment 2,375.977,46.17175,3.0,3.0,,,8.0,10.0,0.0,0.0,0.0,0.0,0.0,0.0,0.0,1.0,,,,,,11514084
PSAZ5HX,634813,2020-09-04 14:40:39.339000-04:00,2020-09-08 14:42:00-04:00,2020-10-28 11:15:27.034000-04:00,,1,8.0,4.0,352.202,44.020625,1.0,Treatment 1,,,1.0,,,,,0.0,0.0,0.0,0.0,0.0,0.0,0.0,0.0,1.0,,,,,,8723914
PSAZ5HX,640939,2020-10-19 09:41:44.470000-04:00,2020-10-19 12:01:00-04:00,2020-10-19 11:28:31.773000-04:00,2020-10-19 11:37:16.219000-04:00,1,,,,,,Not Assigned,,,,,,,,,,,,,,,,,,,,,,8047562
PSAZ5HX,646594,2020-09-21 13:49:00-04:00,2020-09-28 13:51:00-04:00,2020-09-21 15:52:54.101000-04:00,,1,8.0,8.0,122.198,15.267,1.0,Control,17.916,17.906,1.0,1.0,,,1.0,1.0,1.0,0.0,0.0,0.0,0.0,0.0,0.0,1.0,,,,,,5973135
PSAZ5HX,649260,2021-01-04 08:37:32.271000-05:00,2021-01-08 21:54:00-05:00,2021-01-05 13:30:11.661000-05:00,2021-01-08 18:25:06.192000-05:00,4,,,,,,Not Assigned,,,,,,,,,,,,,,,,,,,,,,11606761
PSAZ5HX,653568,2020-06-07 09:00:00-04:00,,2020-09-10 19:15:48.893000-04:00,2020-09-10 19:17:37.092000-04:00,1,,,,,,Not Assigned,,,,,,,,,,,,,,,,,,,,,,5150157
PSAZ5HX,658686,2020-10-19 09:41:44.470000-04:00,2020-10-19 12:01:00-04:00,2020-10-19 11:12:54.994000-04:00,2020-10-19 12:24:11.721000-04:00,3,,,,,,Not Assigned,,,,,,,,,,,,,,,,,,,,,,8044578
PSAZ5HX,658727,2021-01-04 08:52:00-05:00,2021-01-08 21:54:00-05:00,2021-01-04 10:06:05.298000-05:00,,1,8.0,6.0,140.035,17.500875,1.0,Control,305.49,16.4096875,4.0,11.0,3.0,,16.0,28.0,16.0,0.0,0.0,0.0,0.0,0.0,0.0,1.0,4.0,2.0,90.754,30.249,1.0,11520002
PSAZ5HX,658728,2021-01-04 08:52:00-05:00,2021-01-08 21:54:00-05:00,2021-01-04 10:02:57.216000-05:00,,2,8.0,6.0,218.925,27.3565,1.0,Treatment 1,724.033,50.6064285714286,4.0,6.0,,,14.0,15.0,0.0,0.0,0.0,0.0,0.0,0.0,0.0,1.0,,,,,,11519723
PSAZ5HX,658729,2021-01-04 08:52:00-05:00,2021-01-08 21:54:00-05:00,2021-01-04 10:03:39.123000-05:00,2021-01-04 10:14:32.444000-05:00,1,,,,,,Not Assigned,,,,,,,,,,,,,,,,,,,,,,11519786
PSAZ5HX,658730,2021-01-04 08:52:00-05:00,2021-01-08 21:54:00-05:00,2021-01-04 10:13:33.751000-05:00,,1,,,,,,Not Assigned,,,,,,,,,,,,,,,,,,,,,,11520798
PSAZ5HX,658731,2021-01-04 08:52:00-05:00,2021-01-08 21:54:00-05:00,2021-01-04 10:09:53.998000-05:00,,8,8.0,4.0,495.767,61.966875,4.0,Treatment 2,,,1.0,,,,,0.0,0.0,0.0,0.0,0.0,0.0,0.0,0.0,1.0,,,,,,11520398
PSAZ5HX,658732,2021-01-04 08:52:00-05:00,2021-01-08 21:54:00-05:00,2021-01-04 10:10:12.578000-05:00,,1,8.0,4.0,175.186,21.894,1.0,Control,291.848,43.7821666666667,2.0,1.0,1.0,,6.0,11.0,6.0,0.0,0.0,0.0,0.0,0.0,0.0,1.0,,,,,,11520434
PSAZ5HX,658733,2021-01-04 08:52:00-05:00,2021-01-08 21:54:00-05:00,2021-01-04 10:05:48.660000-05:00,,1,8.0,7.0,217.125,27.136375,1.0,Treatment 4,496.977,40.7235833333333,4.0,6.0,,,12.0,14.0,0.0,0.0,0.0,0.0,0.0,0.0,0.0,1.0,8.0,8.0,351.38,43.91625,1.0,11519967
PSAZ5HX,658734,2021-01-04 08:52:00-05:00,2021-01-08 21:54:00-05:00,2021-01-04 10:04:37.886000-05:00,,1,8.0,6.0,198.045,24.75075,1.0,Treatment 1,718.696,71.4738,3.0,4.0,,,10.0,12.0,0.0,0.0,0.0,0.0,0.0,0.0,0.0,1.0,,,,,,11519857
PSAZ5HX,658735,2021-01-04 08:52:00-05:00,2021-01-08 21:54:00-05:00,2021-01-04 10:04:54.776000-05:00,,1,8.0,5.0,148.9,18.608625,1.0,Treatment 2,557.059,33.45625,4.0,3.0,,,16.0,25.0,0.0,0.0,0.0,0.0,0.0,0.0,0.0,1.0,8.0,4.0,127.006,15.87275,1.0,11519874
PSAZ5HX,658736,2021-01-04 08:52:00-05:00,2021-01-08 21:54:00-05:00,2021-01-04 10:04:25.920000-05:00,,1,8.0,6.0,177.456,22.175375,1.0,Treatment 3,724.529,87.9285,3.0,3.0,,,8.0,10.0,0.0,0.0,0.0,0.0,0.0,0.0,0.0,1.0,,,,,,11519838
PSAZ5HX,658737,2021-01-04 08:52:00-05:00,2021-01-08 21:54:00-05:00,2021-01-04 10:04:56.634000-05:00,,1,8.0,6.0,205.725,25.712,1.0,Treatment 2,734.934,52.3206428571428,4.0,6.0,,,14.0,15.0,0.0,0.0,0.0,0.0,0.0,0.0,0.0,1.0,,,,,,11519878
PSAZ5HX,658738,2021-01-04 08:52:00-05:00,2021-01-08 21:54:00-05:00,2021-01-04 10:08:07.142000-05:00,,1,8.0,5.0,540.828,67.6,1.0,Treatment 2,,,1.0,,,,,0.0,0.0,0.0,0.0,0.0,0.0,0.0,0.0,1.0,,,,,,11520203
PSAZ5HX,658739,2021-01-04 08:52:00-05:00,2021-01-08 21:54:00-05:00,2021-01-04 10:05:21.431000-05:00,,2,8.0,4.0,178.764,22.340875,1.0,Control,458.763,20.9818125,4.0,4.0,1.0,,15.0,37.0,16.0,0.0,0.0,0.0,0.0,0.0,1.0,1.0,7.0,5.0,232.148,38.687,1.0,11519908
PSAZ5HX,658741,2021-01-04 08:52:00-05:00,2021-01-08 21:54:00-05:00,2021-01-04 10:04:30.302000-05:00,2021-01-06 09:02:43.395000-05:00,3,8.0,4.0,150.663,18.82925,1.0,Treatment 3,168581.211,10533.8855625,4.0,3.0,,,16.0,24.0,0.0,0.0,0.0,0.0,0.0,0.0,0.0,3.0,8.0,5.0,88.938,11.11375,1.0,11519841
PSAZ5HX,658742,2021-01-04 08:52:00-05:00,2021-01-08 21:54:00-05:00,2021-01-04 10:05:51.897000-05:00,,1,8.0,5.0,176.572,22.064,1.0,Treatment 2,656.375,69.4608888888889,3.0,0.0,,,9.0,19.0,0.0,0.0,0.0,0.0,0.0,0.0,0.0,1.0,,,,,,11519976
PSAZ5HX,658743,2021-01-04 08:52:00-05:00,2021-01-08 21:54:00-05:00,2021-01-04 10:14:09.451000-05:00,,2,8.0,8.0,183.931,22.987125,1.0,Treatment 2,172025.048,86012.5175,1.0,1.0,,,2.0,2.0,0.0,0.0,0.0,0.0,0.0,0.0,0.0,2.0,,,,,,11520870
PSAZ5HX,658744,2021-01-04 08:52:00-05:00,2021-01-08 21:54:00-05:00,2021-01-04 10:07:01.910000-05:00,,5,8.0,8.0,186.319,23.286125,1.0,Treatment 2,,,1.0,,,,,0.0,0.0,0.0,0.0,0.0,0.0,0.0,0.0,1.0,,,,,,11520112
PSAZ5HX,658745,2021-01-04 08:52:00-05:00,2021-01-08 21:54:00-05:00,2021-01-04 10:06:59.008000-05:00,,4,8.0,6.0,238.068,29.753375,4.0,Control,239.906,11.6015625,4.0,8.0,4.0,,16.0,33.0,16.0,0.0,0.0,0.0,0.0,0.0,0.0,1.0,8.0,6.0,206.94,25.864375,1.0,11520105
PSAZ5HX,658757,2021-01-04 08:52:00-05:00,2021-01-08 21:54:00-05:00,2021-01-04 10:05:47.223000-05:00,,2,6.0,5.0,314.575,52.4243333333333,2.0,Not Assigned,,,,,,,,,,,,,,,,,,,,,,11519960
PSAZ5HX,658769,2021-01-04 08:52:00-05:00,2021-01-08 21:54:00-05:00,2021-01-04 10:06:30.097000-05:00,,1,8.0,5.0,321.598,40.19625,1.0,Treatment 2,,,1.0,,,,,0.0,0.0,0.0,0.0,0.0,0.0,0.0,0.0,1.0,,,,,,11520050
PSAZ5HX,658774,2021-01-04 08:52:00-05:00,2021-01-08 21:54:00-05:00,2021-01-04 10:05:09.137000-05:00,,1,8.0,7.0,96.64,12.076,1.0,Treatment 4,,,1.0,,,,,0.0,0.0,0.0,0.0,0.0,0.0,0.0,0.0,1.0,,,,,,11519890
PSAZ5HX,658882,2021-01-04 08:52:00-05:00,2021-01-08 21:54:00-05:00,2021-01-04 10:24:43.175000-05:00,,1,,,,,,Not Assigned,,,,,,,,,,,,,,,,,,,,,,11521843
PSAZ5HX,663216,2021-01-04 08:37:32.271000-05:00,2021-01-08 21:54:00-05:00,2021-01-04 13:20:36.214000-05:00,,2,8.0,6.0,205.504,25.680125,1.0,Treatment 4,85917.732,14316.793,3.0,3.0,1.0,,6.0,9.0,0.0,0.0,0.0,0.0,0.0,0.0,0.0,2.0,,,,,,11539336
PSAZ5HX,667470,2020-09-21 13:49:00-04:00,2020-09-28 13:51:00-04:00,2020-09-21 14:08:14.229000-04:00,,2,2.0,1.0,91.776,45.878,2.0,Not Assigned,,,,,,,,,,,,,,,,,,,,,,5952301
PSAZ5HX,668804,2020-06-07 09:00:00-04:00,,2020-09-14 23:18:25.029000-04:00,2020-09-14 23:19:43.389000-04:00,1,,,,,,Not Assigned,,,,,,,,,,,,,,,,,,,,,,5381026
PSAZ5HX,669529,2020-06-07 09:00:00-04:00,,2020-09-13 22:15:43.176000-04:00,2020-09-13 22:17:11.369000-04:00,1,,,,,,Not Assigned,,,,,,,,,,,,,,,,,,,,,,5258965
PSAZ5HX,670202,2020-10-14 06:00:00-04:00,2020-10-14 23:59:00-04:00,2020-10-14 07:05:02.637000-04:00,2020-10-14 07:36:09.435000-04:00,2,8.0,7.0,134.165,16.7695,1.0,Treatment 3,421.784,25.7088125,4.0,7.0,,,16.0,18.0,0.0,0.0,0.0,0.0,0.0,0.0,0.0,1.0,8.0,7.0,89.014,11.12575,1.0,7741740
PSAZ5HX,670208,2020-10-14 06:00:00-04:00,2020-10-14 23:59:00-04:00,2020-10-30 14:09:12.403000-04:00,,1,,,,,,Not Assigned,,,,,,,,,,,,,,,,,,,,,,8914512
PSAZ5HX,670237,2020-10-14 06:00:00-04:00,2020-10-14 23:59:00-04:00,2020-10-14 08:01:55.672000-04:00,2020-10-14 10:28:46.999000-04:00,1,8.0,8.0,1243.885,155.47825,1.0,Treatment 3,5163.839,322.7214375,4.0,8.0,,,16.0,16.0,0.0,0.0,0.0,0.0,0.0,0.0,0.0,1.0,8.0,7.0,458.128,57.26,1.0,7742495
PSAZ5HX,670241,2020-10-14 07:00:00-04:00,2020-10-14 21:00:00-04:00,2020-10-14 08:20:05.602000-04:00,,1,,,,,,Not Assigned,,,,,,,,,,,,,,,,,,,,,,7743330
PSAZ5HX,670245,2020-10-14 07:00:00-04:00,2020-10-14 21:00:00-04:00,2020-10-16 06:35:55.164000-04:00,,4,,,,,,Not Assigned,,,,,,,,,,,,,,,,,,,,,,7934276
PSAZ5HX,670270,2020-10-14 07:00:00-04:00,2020-10-14 21:00:00-04:00,2020-10-14 08:13:04.160000-04:00,2020-10-14 12:34:14.753000-04:00,1,8.0,8.0,1090.877,136.3575,1.0,Treatment 3,9833.963,614.61625,4.0,8.0,,,16.0,16.0,0.0,0.0,0.0,0.0,0.0,0.0,0.0,1.0,8.0,8.0,825.783,103.221125,1.0,7742996
PSAZ5HX,670283,2020-10-14 06:00:00-04:00,2020-10-14 23:59:00-04:00,2020-10-14 15:02:11.260000-04:00,2020-10-14 15:17:21.465000-04:00,1,,,,,,Not Assigned,,,,,,,,,,,,,,,,,,,,,,7809553
PSAZ5HX,670304,2020-10-14 07:00:00-04:00,2020-10-14 21:00:00-04:00,2020-10-14 09:11:51.753000-04:00,2020-10-14 10:05:18.136000-04:00,1,8.0,7.0,156.08,19.501875,1.0,Treatment 3,2010.818,125.65825,4.0,8.0,,,16.0,16.0,0.0,0.0,0.0,0.0,0.0,0.0,0.0,1.0,8.0,8.0,118.226,14.771375,1.0,7748146
PSAZ5HX,670323,2020-10-14 07:00:00-04:00,2020-10-14 21:00:00-04:00,2020-10-15 12:17:39.392000-04:00,,5,,,,,,Not Assigned,,,,,,,,,,,,,,,,,,,,,,7874662
PSAZ5HX,670330,2020-10-14 07:00:00-04:00,2020-10-14 21:00:00-04:00,2020-10-14 19:14:46.193000-04:00,2020-10-15 06:16:50.312000-04:00,3,,,,,,Not Assigned,,,,,,,,,,,,,,,,,,,,,,7826310
PSAZ5HX,670363,2020-10-14 06:00:00-04:00,2020-10-14 23:59:00-04:00,2020-10-14 17:39:09.903000-04:00,2020-10-14 18:17:21.766000-04:00,2,,,,,,Not Assigned,,,,,,,,,,,,,,,,,,,,,,7822492
PSAZ5HX,670373,2020-10-14 06:00:00-04:00,2020-10-14 23:59:00-04:00,2020-10-14 08:35:52.098000-04:00,2020-10-14 09:46:48.185000-04:00,1,,,,,,Not Assigned,,,,,,,,,,,,,,,,,,,,,,7744294
PSAZ5HX,670382,2020-10-14 06:00:00-04:00,2020-10-14 23:59:00-04:00,2020-10-14 10:22:14.668000-04:00,2020-10-14 11:58:31.357000-04:00,1,8.0,8.0,340.869,42.601125,1.0,Treatment 3,2672.045,165.3141875,4.0,6.0,,,16.0,20.0,0.0,0.0,0.0,0.0,0.0,0.0,0.0,1.0,8.0,7.0,162.051,20.24925,1.0,7759634
PSAZ5HX,670398,2020-10-14 06:00:00-04:00,2020-10-14 23:59:00-04:00,2020-10-14 09:18:01.551000-04:00,2020-10-14 12:53:18.848000-04:00,2,,,,,,Not Assigned,,,,,,,,,,,,,,,,,,,,,,7748981
PSAZ5HX,670404,2020-10-14 06:00:00-04:00,2020-10-14 23:59:00-04:00,2020-10-14 09:55:52.461000-04:00,2020-10-14 10:45:23.940000-04:00,2,8.0,4.0,243.713,30.459625,1.0,Treatment 1,884.414,52.9483125,4.0,4.0,,,16.0,22.0,0.0,0.0,0.0,0.0,0.0,0.0,0.0,1.0,8.0,5.0,255.07,31.8805,1.0,7754832
PSAZ5HX,670511,2020-10-14 07:00:00-04:00,2020-10-14 21:00:00-04:00,2020-10-14 20:07:53.276000-04:00,,1,8.0,7.0,144.838,18.098875,1.0,Treatment 1,404.218,404.211,1.0,,,,1.0,1.0,0.0,0.0,0.0,0.0,0.0,0.0,0.0,1.0,,,,,,7828255
PSAZ5HX,670659,2020-10-14 07:00:00-04:00,2020-10-14 21:00:00-04:00,2020-10-14 08:41:46.383000-04:00,2020-10-14 10:31:39.216000-04:00,1,8.0,8.0,208.761,26.08775,1.0,Treatment 4,3974.042,331.145833333333,4.0,8.0,,,12.0,12.0,0.0,0.0,0.0,0.0,0.0,0.0,0.0,1.0,8.0,8.0,89.221,11.144125,1.0,7744757
PSAZ5HX,670682,2020-10-14 07:00:00-04:00,2020-10-14 21:00:00-04:00,2020-10-14 10:20:59.741000-04:00,2020-10-15 21:00:57.378000-04:00,1,8.0,6.0,4397.048,549.6165,1.0,Treatment 4,6212.303,516.054833333333,4.0,6.0,1.0,,12.0,15.0,0.0,0.0,0.0,0.0,0.0,0.0,0.0,1.0,8.0,8.0,178.948,22.3595,1.0,7759433
PSAZ5HX,670857,2020-10-14 06:00:00-04:00,2020-10-14 23:59:00-04:00,2020-10-14 09:21:57.720000-04:00,,7,,,,,,Not Assigned,,,,,,,,,,,,,,,,,,,,,,7749520
PSAZ5HX,670935,2020-10-14 07:00:00-04:00,2020-10-14 21:00:00-04:00,2020-10-14 09:26:46.498000-04:00,2020-10-14 10:14:11.756000-04:00,1,8.0,8.0,123.904,15.4815,1.0,Treatment 2,1339.36,83.437875,4.0,7.0,,,16.0,17.0,0.0,0.0,0.0,0.0,0.0,0.0,0.0,1.0,8.0,8.0,106.718,13.3335,1.0,7750260
PSAZ5HX,670942,2020-10-14 07:00:00-04:00,2020-10-14 21:00:00-04:00,2020-10-14 08:46:26.621000-04:00,2020-10-14 09:21:02.624000-04:00,1,8.0,6.0,176.956,22.116875,1.0,Treatment 4,761.057,61.1098333333333,4.0,6.0,,,12.0,14.0,0.0,0.0,0.0,0.0,0.0,0.0,0.0,1.0,8.0,7.0,100.196,12.5225,1.0,7745169
PSAZ5HX,670972,2020-10-14 07:00:00-04:00,2020-10-14 21:00:00-04:00,2020-10-14 08:39:14.743000-04:00,2020-10-15 16:56:46.666000-04:00,7,,,,,,Not Assigned,,,,,,,,,,,,,,,,,,,,,,7744546
PSAZ5HX,670988,2020-10-14 07:00:00-04:00,2020-10-14 21:00:00-04:00,2020-10-16 15:54:21.987000-04:00,,1,,,,,,Not Assigned,,,,,,,,,,,,,,,,,,,,,,7993569
PSAZ5HX,670992,2021-03-03 09:30:55.606000-05:00,,2021-03-03 10:38:45.013000-05:00,2021-03-03 11:59:55.884000-05:00,2,,,,,,Not Assigned,,,,,,,,,,,,,,,,,,,,,,14169795
PSAZ5HX,671046,2020-10-14 07:00:00-04:00,2020-10-14 21:00:00-04:00,2020-10-14 12:16:01.012000-04:00,2020-10-14 12:31:19.523000-04:00,1,8.0,7.0,162.641,20.323125,1.0,Control,219.311,13.7003125,4.0,16.0,,,16.0,16.0,16.0,0.0,0.0,0.0,0.0,0.0,0.0,1.0,8.0,8.0,115.041,14.373625,1.0,7780464
PSAZ5HX,671081,2020-10-14 07:00:00-04:00,2020-10-14 21:00:00-04:00,2020-10-14 10:31:38.706000-04:00,,1,,,,,,Not Assigned,,,,,,,,,,,,,,,,,,,,,,7761370
PSAZ5HX,671181,2020-10-14 07:00:00-04:00,2020-10-14 21:00:00-04:00,2020-10-14 12:06:25.513000-04:00,2020-10-20 20:10:38.725000-04:00,4,8.0,5.0,63.616,7.946125,1.0,Control,201.294,4.628,4.0,5.0,3.0,,16.0,37.0,16.0,0.0,0.0,0.0,0.0,0.0,0.0,1.0,8.0,4.0,42.301,5.282,1.0,7778657
PSAZ5HX,671220,2020-10-14 07:00:00-04:00,2020-10-14 21:00:00-04:00,2020-10-14 11:11:52.009000-04:00,2020-10-24 08:37:53.883000-04:00,3,,,,,,Not Assigned,,,,,,,,,,,,,,,,,,,,,,7768542
PSAZ5HX,671291,2020-10-14 06:00:00-04:00,2020-10-14 23:59:00-04:00,2020-10-14 08:23:09.197000-04:00,2020-10-14 08:45:41.867000-04:00,1,,,,,,Not Assigned,,,,,,,,,,,,,,,,,,,,,,7743464
PSAZ5HX,671298,2020-10-14 07:00:00-04:00,2020-10-14 21:00:00-04:00,2020-10-26 11:53:11.933000-04:00,,1,,,,,,Not Assigned,,,,,,,,,,,,,,,,,,,,,,8531328
PSAZ5HX,671339,2021-03-03 09:30:55.608000-05:00,,2021-03-03 10:04:10.089000-05:00,2021-03-03 10:10:50.780000-05:00,1,,,,,,Not Assigned,,,,,,,,,,,,,,,,,,,,,,14165753
PSAZ5HX,671364,2021-03-03 09:30:55.608000-05:00,,2021-03-11 14:59:43.075000-05:00,,1,,,,,,Not Assigned,,,,,,,,,,,,,,,,,,,,,,14562515
PSAZ5HX,671401,2021-03-03 09:30:55.608000-05:00,,2021-03-03 10:03:42.613000-05:00,2021-03-04 10:01:27.951000-05:00,2,8.0,6.0,88.967,11.111,1.0,Treatment 2,85765.695,5359.952125,4.0,6.0,,,16.0,19.0,0.0,0.0,0.0,0.0,0.0,0.0,0.0,2.0,8.0,7.0,79.839,9.97225,1.0,14165694
PSAZ5HX,671405,2020-10-14 06:00:00-04:00,2020-10-14 23:59:00-04:00,2020-10-14 09:35:01-04:00,2020-10-14 10:08:55.391000-04:00,1,8.0,8.0,170.259,21.27775,1.0,Treatment 2,957.513,59.838625,4.0,8.0,,,16.0,16.0,0.0,0.0,0.0,0.0,0.0,0.0,0.0,1.0,8.0,8.0,73.29,9.158125,1.0,7751426
PSAZ5HX,671413,2021-03-03 09:30:55.608000-05:00,,2021-03-03 10:06:41.704000-05:00,,1,8.0,5.0,323.719,40.46275,1.0,Treatment 3,348.845,33.8205,3.0,3.0,,,10.0,14.0,0.0,0.0,0.0,0.0,0.0,0.0,0.0,1.0,,,,,,14166068
PSAZ5HX,671414,2021-03-03 09:30:55.608000-05:00,,2021-03-03 10:03:09.165000-05:00,2021-03-03 10:06:42.737000-05:00,1,,,,,,Not Assigned,,,,,,,,,,,,,,,,,,,,,,14165617
PSAZ5HX,671416,2021-03-03 09:30:55.608000-05:00,,2021-03-03 10:05:04.462000-05:00,2021-03-03 10:07:35.394000-05:00,1,,,,,,Not Assigned,,,,,,,,,,,,,,,,,,,,,,14165875
PSAZ5HX,671418,2021-03-03 09:30:55.608000-05:00,,2021-03-03 10:08:42.618000-05:00,,8,,,,,,Not Assigned,,,,,,,,,,,,,,,,,,,,,,14166291
PSAZ5HX,671420,2020-10-14 06:00:00-04:00,2020-10-14 23:59:00-04:00,2020-10-14 08:18:10.234000-04:00,,3,,,,,,Not Assigned,,,,,,,,,,,,,,,,,,,,,,7743226
PSAZ5HX,671424,2021-03-03 09:30:55.608000-05:00,,2021-03-03 10:03:13.835000-05:00,2021-03-03 22:13:18.992000-05:00,3,,,,,,Not Assigned,,,,,,,,,,,,,,,,,,,,,,14165624
PSAZ5HX,671427,2021-03-03 09:30:55.608000-05:00,,2021-03-03 10:04:32.393000-05:00,2021-03-03 10:09:49.519000-05:00,1,,,,,,Not Assigned,,,,,,,,,,,,,,,,,,,,,,14165800
PSAZ5HX,671432,2021-03-03 09:30:55.608000-05:00,,2021-03-03 10:09:00.806000-05:00,,1,,,,,,Not Assigned,,,,,,,,,,,,,,,,,,,,,,14166329
PSAZ5HX,671433,2021-03-03 09:30:55.608000-05:00,,2021-03-03 10:05:08.593000-05:00,,1,,,,,,Not Assigned,,,,,,,,,,,,,,,,,,,,,,14165884
PSAZ5HX,671437,2021-03-03 09:30:55.608000-05:00,,2021-03-03 10:03:57.088000-05:00,,1,8.0,8.0,153.095,19.125625,1.0,Control,248.112,15.4955625,4.0,16.0,,,16.0,16.0,16.0,0.0,0.0,0.0,0.0,0.0,0.0,1.0,8.0,8.0,89.345,11.15575,1.0,14165722
PSAZ5HX,671445,2021-03-03 09:30:55.608000-05:00,,2021-03-03 10:05:28.968000-05:00,2021-03-03 13:49:08.314000-05:00,2,8.0,8.0,134.966,16.858,1.0,Treatment 2,12426.249,776.4790625,4.0,7.0,,,16.0,17.0,0.0,0.0,0.0,0.0,0.0,0.0,0.0,2.0,8.0,7.0,116.594,14.5645,1.0,14165927
PSAZ5HX,671447,2021-03-03 09:30:55.608000-05:00,,2021-03-03 10:10:05.879000-05:00,,3,8.0,8.0,15058.536,1882.3145,2.0,Treatment 4,643.737,160.9315,2.0,2.0,,,4.0,4.0,0.0,0.0,0.0,0.0,0.0,0.0,0.0,1.0,,,,,,14166483
PSAZ5HX,671449,2021-03-03 09:30:55.608000-05:00,,2021-03-03 10:04:36.273000-05:00,,2,8.0,5.0,167.738,20.9285,1.0,Treatment 3,294.88,30.842625,3.0,2.0,,,8.0,12.0,0.0,0.0,0.0,0.0,0.0,0.0,0.0,1.0,,,,,,14165807
PSAZ5HX,671453,2021-03-03 09:30:55.608000-05:00,,2021-03-03 10:05:22.824000-05:00,2021-03-03 10:09:07.847000-05:00,1,,,,,,Not Assigned,,,,,,,,,,,,,,,,,,,,,,14165920
PSAZ5HX,671456,2021-03-03 09:30:55.608000-05:00,,2021-03-03 09:33:18.777000-05:00,2021-03-03 10:04:57.050000-05:00,2,,,,,,Not Assigned,,,,,,,,,,,,,,,,,,,,,,14162434
PSAZ5HX,671459,2021-03-03 09:30:55.608000-05:00,,2021-03-03 10:08:03.726000-05:00,2021-03-11 10:39:17.926000-05:00,2,,,,,,Not Assigned,,,,,,,,,,,,,,,,,,,,,,14166235
PSAZ5HX,671461,2021-03-03 09:30:55.608000-05:00,,2021-03-03 10:03:14.313000-05:00,2021-03-03 10:51:26.180000-05:00,4,,,,,,Not Assigned,,,,,,,,,,,,,,,,,,,,,,14165626
PSAZ5HX,671471,2021-03-03 09:30:55.608000-05:00,,2021-03-10 10:06:03.135000-05:00,,3,,,,,,Not Assigned,,,,,,,,,,,,,,,,,,,,,,14469727
PSAZ5HX,671478,2021-03-03 09:30:55.608000-05:00,,2021-03-03 10:04:25.721000-05:00,,2,,,,,,Not Assigned,,,,,,,,,,,,,,,,,,,,,,14165794
PSAZ5HX,671485,2021-03-03 09:30:55.608000-05:00,,2021-03-03 10:03:23.772000-05:00,,3,8.0,5.0,190.869,23.85125,1.0,Treatment 4,235.988,17.281,4.0,3.0,1.0,,12.0,22.0,0.0,0.0,0.0,0.0,0.0,0.0,0.0,2.0,8.0,4.0,76.572,9.567,1.0,14165652
PSAZ5HX,671498,2021-03-03 09:30:55.608000-05:00,,2021-03-03 10:05:27.500000-05:00,2021-03-03 10:08:25.086000-05:00,1,,,,,,Not Assigned,,,,,,,,,,,,,,,,,,,,,,14165925
PSAZ5HX,671503,2020-10-14 07:00:00-04:00,2020-10-14 21:00:00-04:00,2020-10-14 08:57:37.667000-04:00,2020-10-14 10:31:42.049000-04:00,1,,,,,,Not Assigned,,,,,,,,,,,,,,,,,,,,,,7746284
PSAZ5HX,671504,2021-03-03 09:30:55.608000-05:00,,2021-03-03 10:03:46.408000-05:00,2021-03-03 10:07:33.288000-05:00,1,,,,,,Not Assigned,,,,,,,,,,,,,,,,,,,,,,14165702
PSAZ5HX,671507,2021-03-03 09:30:55.608000-05:00,,2021-03-03 10:05:04.639000-05:00,2021-03-03 10:10:45.095000-05:00,1,,,,,,Not Assigned,,,,,,,,,,,,,,,,,,,,,,14165881
PSAZ5HX,671537,2020-10-14 07:00:00-04:00,2020-10-14 21:00:00-04:00,2020-10-14 21:01:56.454000-04:00,2020-10-14 21:06:16.406000-04:00,1,,,,,,Not Assigned,,,,,,,,,,,,,,,,,,,,,,7829974
PSAZ5HX,671540,2021-03-03 09:30:55.608000-05:00,,2021-03-03 10:08:24.142000-05:00,2021-03-03 10:14:50.004000-05:00,1,,,,,,Not Assigned,,,,,,,,,,,,,,,,,,,,,,14166256
PSAZ5HX,671590,2021-03-03 09:30:55.608000-05:00,,2021-03-03 10:05:08.543000-05:00,2021-03-03 10:06:31.326000-05:00,1,,,,,,Not Assigned,,,,,,,,,,,,,,,,,,,,,,14165886
PSAZ5HX,671639,2021-03-03 09:30:55.608000-05:00,,2021-03-03 10:06:34.447000-05:00,2021-03-03 10:12:12.030000-05:00,1,,,,,,Not Assigned,,,,,,,,,,,,,,,,,,,,,,14166053
PSAZ5HX,671642,2021-03-03 09:30:55.608000-05:00,,2021-03-03 10:03:57.429000-05:00,2021-03-03 10:05:55.452000-05:00,1,,,,,,Not Assigned,,,,,,,,,,,,,,,,,,,,,,14165721
PSAZ5HX,671735,2021-01-04 08:37:32.271000-05:00,2021-01-08 21:54:00-05:00,2021-01-04 13:14:12.834000-05:00,2021-01-04 13:25:41.053000-05:00,1,,,,,,Not Assigned,,,,,,,,,,,,,,,,,,,,,,11538789
PSAZ5HX,671919,2020-10-14 06:00:00-04:00,2020-10-14 23:59:00-04:00,2020-10-14 13:45:06.955000-04:00,2020-10-14 14:26:03.440000-04:00,1,8.0,8.0,154.964,19.36775,1.0,Control,580.442,36.274875,4.0,16.0,,,16.0,16.0,16.0,0.0,0.0,0.0,0.0,0.0,0.0,1.0,8.0,8.0,131.141,16.39,1.0,7796778
PSAZ5HX,671923,2020-10-14 07:00:00-04:00,2020-10-14 21:00:00-04:00,2020-10-14 14:45:24.255000-04:00,,2,8.0,7.0,630.327,78.781,1.0,Treatment 3,2049.624,128.08975,4.0,8.0,,,16.0,16.0,0.0,0.0,0.0,0.0,0.0,0.0,0.0,1.0,8.0,8.0,408.736,51.0855,1.0,7807312
PSAZ5HX,671952,2020-10-14 06:00:00-04:00,2020-10-14 23:59:00-04:00,2020-11-04 10:04:00.464000-05:00,,4,,,,,,Not Assigned,,,,,,,,,,,,,,,,,,,,,,9101491
PSAZ5HX,672332,2020-10-14 07:00:00-04:00,2020-10-14 21:00:00-04:00,2020-10-14 09:46:30.837000-04:00,,3,,,,,,Not Assigned,,,,,,,,,,,,,,,,,,,,,,7753246
PSAZ5HX,672339,2020-10-14 06:00:00-04:00,2020-10-14 23:59:00-04:00,2020-10-14 09:13:22.082000-04:00,2020-10-14 09:40:45.746000-04:00,1,8.0,7.0,206.13,25.7585,1.0,Treatment 4,755.687,59.9875,4.0,5.0,0.0,,12.0,16.0,0.0,0.0,0.0,0.0,0.0,0.0,0.0,1.0,8.0,8.0,139.171,17.388,1.0,7748384
PSAZ5HX,672422,2021-03-18 16:12:13.264000-04:00,,2021-03-24 22:50:16.409000-04:00,,2,,,,,,Not Assigned,,,,,,,,,,,,,,,,,,,,,,15012949
PSAZ5HX,672557,2020-10-14 06:00:00-04:00,2020-10-14 23:59:00-04:00,2020-10-14 08:39:22.618000-04:00,2020-10-14 08:49:51.713000-04:00,1,,,,,,Not Assigned,,,,,,,,,,,,,,,,,,,,,,7744559
PSAZ5HX,672627,2020-10-14 06:00:00-04:00,2020-10-14 23:59:00-04:00,2020-10-14 13:15:33.902000-04:00,,3,8.0,5.0,990.17,123.7585,2.0,Treatment 4,3757.208,247.591916666667,4.0,3.0,1.0,,12.0,22.0,0.0,0.0,0.0,0.0,0.0,0.0,0.0,1.0,8.0,5.0,206.974,25.86525,1.0,7791347
PSAZ5HX,672642,2021-03-18 16:12:13.264000-04:00,,2021-03-18 16:57:45.639000-04:00,,1,,,,,,Not Assigned,,,,,,,,,,,,,,,,,,,,,,14820632
PSAZ5HX,672665,2020-10-14 06:00:00-04:00,2020-10-14 23:59:00-04:00,2020-10-14 14:18:26.504000-04:00,2020-10-14 17:27:47.348000-04:00,3,8.0,4.0,1085.309,135.653375,1.0,Treatment 2,5926.368,366.472625,4.0,2.0,,,16.0,31.0,0.0,0.0,0.0,0.0,0.0,0.0,0.0,1.0,8.0,5.0,1604.153,200.512375,3.0,7802945
PSAZ5HX,674082,2020-10-14 07:00:00-04:00,2020-10-14 21:00:00-04:00,2020-10-14 13:09:09.958000-04:00,,1,8.0,4.0,488.885,61.102375,1.0,Treatment 2,1644.161,98.426125,4.0,2.0,,,16.0,24.0,0.0,0.0,0.0,0.0,0.0,0.0,0.0,1.0,8.0,5.0,114.884,14.353875,1.0,7790326
PSAZ5HX,674457,2020-10-14 07:00:00-04:00,2020-10-14 21:00:00-04:00,2020-10-14 10:56:25.150000-04:00,,2,8.0,4.0,203.746,25.4605,2.0,Treatment 2,609.621,33.7318125,4.0,2.0,,,16.0,27.0,0.0,0.0,0.0,0.0,0.0,0.0,0.0,1.0,8.0,6.0,240.583,30.063375,1.0,7765715
PSAZ5HX,674615,2020-10-14 06:00:00-04:00,2020-10-14 23:59:00-04:00,2020-10-14 09:54:14.542000-04:00,2020-10-14 10:00:22.692000-04:00,5,,,,,,Not Assigned,,,,,,,,,,,,,,,,,,,,,,7754570
PSAZ5HX,674908,2020-10-14 07:00:00-04:00,2020-10-14 21:00:00-04:00,2020-10-14 09:09:02.379000-04:00,2020-10-14 16:45:54.290000-04:00,3,8.0,4.0,383.784,47.96625,1.0,Treatment 3,24894.118,1554.1796875,4.0,7.0,,,16.0,18.0,0.0,0.0,0.0,0.0,0.0,0.0,0.0,2.0,8.0,8.0,187.266,23.40525,1.0,7747760
PSAZ5HX,675908,2020-10-14 06:00:00-04:00,2020-10-14 23:59:00-04:00,2020-10-14 12:49:57.581000-04:00,,2,8.0,7.0,271.811,33.968375,1.0,Treatment 3,3977.744,247.4279375,4.0,6.0,,,16.0,19.0,0.0,0.0,0.0,0.0,0.0,0.0,0.0,1.0,8.0,7.0,419.885,52.48,1.0,7786839
PSAZ5HX,675926,2020-10-14 06:00:00-04:00,2020-10-14 23:59:00-04:00,2020-10-14 10:41:01.445000-04:00,2020-10-14 15:11:57.804000-04:00,3,,,,,,Not Assigned,,,,,,,,,,,,,,,,,,,,,,7762996
PSAZ5HX,676329,2021-03-03 09:30:55.606000-05:00,,2021-03-03 10:35:46.362000-05:00,2021-03-03 10:39:33.362000-05:00,1,,,,,,Not Assigned,,,,,,,,,,,,,,,,,,,,,,14169480
PSAZ5HX,676339,2020-10-14 06:00:00-04:00,2020-10-14 23:59:00-04:00,2020-10-14 11:56:33.182000-04:00,2020-10-14 14:28:40.533000-04:00,3,8.0,8.0,342.08,42.754875,1.0,Treatment 3,1049.706,65.59875,4.0,8.0,,,16.0,16.0,0.0,0.0,0.0,0.0,0.0,0.0,0.0,1.0,8.0,8.0,236.544,29.562625,1.0,7776893
PSAZ5HX,676341,2021-03-03 09:30:55.606000-05:00,,2021-03-03 10:36:35.075000-05:00,2021-03-03 10:38:25.524000-05:00,1,,,,,,Not Assigned,,,,,,,,,,,,,,,,,,,,,,14169567
PSAZ5HX,676342,2021-03-03 09:30:55.606000-05:00,,2021-03-03 10:35:34.232000-05:00,2021-03-03 10:37:07.589000-05:00,1,,,,,,Not Assigned,,,,,,,,,,,,,,,,,,,,,,14169456
PSAZ5HX,676348,2021-03-03 09:30:55.606000-05:00,,2021-03-03 10:36:27.858000-05:00,2021-03-03 10:40:19.679000-05:00,1,,,,,,Not Assigned,,,,,,,,,,,,,,,,,,,,,,14169556
PSAZ5HX,676350,2021-03-03 09:30:55.606000-05:00,,2021-03-03 10:35:30.548000-05:00,2021-03-03 11:09:04.067000-05:00,1,8.0,8.0,138.171,17.26375,1.0,Control,210.868,12.125875,4.0,14.0,1.0,,16.0,19.0,16.0,0.0,0.0,0.0,0.0,0.0,0.0,1.0,8.0,8.0,90.441,11.299,1.0,14169445
PSAZ5HX,676351,2021-03-03 09:30:55.606000-05:00,,2021-03-03 10:35:43.516000-05:00,2021-03-03 10:37:36.019000-05:00,1,,,,,,Not Assigned,,,,,,,,,,,,,,,,,,,,,,14169478
PSAZ5HX,676361,2021-03-03 09:30:55.606000-05:00,,2021-03-03 10:35:50.552000-05:00,2021-03-03 10:39:42.171000-05:00,1,,,,,,Not Assigned,,,,,,,,,,,,,,,,,,,,,,14169485
PSAZ5HX,676363,2021-03-03 09:30:55.606000-05:00,,2021-03-03 10:40:47.577000-05:00,,3,,,,,,Not Assigned,,,,,,,,,,,,,,,,,,,,,,14170027
PSAZ5HX,676389,2021-03-03 09:30:55.606000-05:00,,2021-03-04 11:00:59.935000-05:00,2021-03-08 20:17:41.154000-05:00,3,,,,,,Not Assigned,,,,,,,,,,,,,,,,,,,,,,14231928
PSAZ5HX,676391,2021-03-03 09:30:55.606000-05:00,,2021-03-03 10:35:31.896000-05:00,2021-03-03 10:36:40.673000-05:00,1,,,,,,Not Assigned,,,,,,,,,,,,,,,,,,,,,,14169447
PSAZ5HX,676395,2021-03-03 09:30:55.606000-05:00,,2021-03-03 10:35:27.830000-05:00,2021-03-03 15:22:31.264000-05:00,2,,,,,,Not Assigned,,,,,,,,,,,,,,,,,,,,,,14169440
PSAZ5HX,676416,2021-03-03 09:30:55.606000-05:00,,2021-03-03 10:36:17.937000-05:00,2021-03-03 10:41:45.218000-05:00,1,,,,,,Not Assigned,,,,,,,,,,,,,,,,,,,,,,14169536
PSAZ5HX,676432,2021-03-03 09:30:55.606000-05:00,,2021-03-03 10:36:42.798000-05:00,,1,8.0,4.0,254.493,31.788625,1.0,Treatment 4,,,1.0,,,,,0.0,0.0,0.0,0.0,0.0,0.0,0.0,0.0,1.0,,,,,,14169575
PSAZ5HX,676447,2021-03-03 09:30:55.606000-05:00,,2021-03-03 10:35:31.504000-05:00,,1,8.0,8.0,214.572,26.82025,1.0,Treatment 4,99.568,99.566,1.0,,,,1.0,1.0,0.0,0.0,0.0,0.0,0.0,0.0,0.0,1.0,,,,,,14169446
PSAZ5HX,676452,2021-03-03 09:30:55.606000-05:00,,2021-03-03 19:40:32.020000-05:00,2021-03-03 19:43:30.512000-05:00,1,,,,,,Not Assigned,,,,,,,,,,,,,,,,,,,,,,14210524
PSAZ5HX,676485,2021-03-03 09:30:55.606000-05:00,,2021-03-03 10:49:36.646000-05:00,,1,,,,,,Not Assigned,,,,,,,,,,,,,,,,,,,,,,14171088
PSAZ5HX,676507,2021-03-03 09:30:55.606000-05:00,,2021-03-03 10:35:34.130000-05:00,2021-03-08 20:58:59.770000-05:00,3,,,,,,Not Assigned,,,,,,,,,,,,,,,,,,,,,,14169455
PSAZ5HX,676522,2021-03-03 09:30:55.606000-05:00,,2021-03-11 11:22:27.227000-05:00,2021-03-11 11:30:39.618000-05:00,1,,,,,,Not Assigned,,,,,,,,,,,,,,,,,,,,,,14536544
PSAZ5HX,676533,2021-03-03 09:30:55.606000-05:00,,2021-03-03 10:39:28.533000-05:00,2021-03-11 11:24:13.057000-05:00,2,,,,,,Not Assigned,,,,,,,,,,,,,,,,,,,,,,14169871
PSAZ5HX,676544,2021-03-03 09:30:55.606000-05:00,,2021-03-03 10:35:33.150000-05:00,2021-03-03 10:40:06.670000-05:00,1,,,,,,Not Assigned,,,,,,,,,,,,,,,,,,,,,,14169451
PSAZ5HX,676558,2021-03-03 09:30:55.606000-05:00,,2021-03-03 10:35:41.023000-05:00,,1,,,,,,Not Assigned,,,,,,,,,,,,,,,,,,,,,,14169475
PSAZ5HX,676579,2021-03-03 09:30:55.606000-05:00,,2021-03-03 10:35:32.871000-05:00,2021-03-03 10:41:22.318000-05:00,1,,,,,,Not Assigned,,,,,,,,,,,,,,,,,,,,,,14169453
PSAZ5HX,676595,2021-03-03 09:30:55.606000-05:00,,2021-03-03 10:36:43.214000-05:00,2021-03-08 11:31:06.255000-05:00,3,,,,,,Not Assigned,,,,,,,,,,,,,,,,,,,,,,14169577
PSAZ5HX,676606,2021-03-03 09:30:55.606000-05:00,,2021-03-03 10:35:39.017000-05:00,2021-03-03 10:44:57.255000-05:00,1,,,,,,Not Assigned,,,,,,,,,,,,,,,,,,,,,,14169466
PSAZ5HX,676687,2021-03-03 09:30:55.606000-05:00,,2021-03-03 10:39:32.864000-05:00,,3,,,,,,Not Assigned,,,,,,,,,,,,,,,,,,,,,,14169878
PSAZ5HX,677277,2020-10-14 06:00:00-04:00,2020-10-14 23:59:00-04:00,2020-10-17 11:14:53.551000-04:00,2020-10-17 12:10:03.011000-04:00,1,8.0,8.0,151.445,18.92275,1.0,Treatment 1,1819.136,106.8508125,4.0,5.0,,,16.0,22.0,0.0,0.0,0.0,0.0,0.0,0.0,0.0,1.0,8.0,8.0,308.414,38.54625,1.0,8003949
PSAZ5HX,677317,2020-10-14 06:00:00-04:00,2020-10-14 23:59:00-04:00,2020-10-14 10:45:47.091000-04:00,2020-10-14 11:25:44.416000-04:00,3,,,,,,Not Assigned,,,,,,,,,,,,,,,,,,,,,,7763842
PSAZ5HX,678112,2021-03-03 09:30:55.606000-05:00,,2021-03-11 11:35:15.502000-05:00,,2,8.0,5.0,89.399,11.17225,1.0,Treatment 4,107.325,32.0213333333333,2.0,1.0,1.0,,3.0,5.0,0.0,0.0,0.0,0.0,0.0,0.0,0.0,1.0,,,,,,14538091
PSAZ5HX,678771,2021-03-03 09:30:55.603000-05:00,,2021-03-08 12:18:28.937000-05:00,2021-03-08 12:29:29.132000-05:00,1,,,,,,Not Assigned,,,,,,,,,,,,,,,,,,,,,,14356850
PSAZ5HX,679119,2021-03-03 09:30:55.603000-05:00,,2021-03-08 12:19:35.133000-05:00,2021-03-08 12:37:22.206000-05:00,1,,,,,,Not Assigned,,,,,,,,,,,,,,,,,,,,,,14356996
PSAZ5HX,679133,2021-03-03 09:30:55.603000-05:00,,2021-03-08 12:18:56.137000-05:00,2021-03-08 12:44:25.020000-05:00,2,,,,,,Not Assigned,,,,,,,,,,,,,,,,,,,,,,14356910
PSAZ5HX,679143,2021-03-03 09:30:55.603000-05:00,,2021-03-11 12:17:05.972000-05:00,2021-03-11 12:33:15.300000-05:00,1,,,,,,Not Assigned,,,,,,,,,,,,,,,,,,,,,,14543320
PSAZ5HX,679144,2021-03-03 09:30:55.603000-05:00,,2021-03-08 12:18:26.030000-05:00,2021-03-08 12:22:44.911000-05:00,1,,,,,,Not Assigned,,,,,,,,,,,,,,,,,,,,,,14356842
PSAZ5HX,679147,2021-03-03 09:30:55.603000-05:00,,2021-03-08 12:19:14.107000-05:00,2021-03-08 12:32:41.942000-05:00,2,,,,,,Not Assigned,,,,,,,,,,,,,,,,,,,,,,14356952
PSAZ5HX,679155,2021-03-03 09:30:55.603000-05:00,,2021-03-08 12:17:44.454000-05:00,,2,8.0,4.0,196.588,24.57075,1.0,Treatment 1,300.06,17.0928125,4.0,3.0,,,16.0,26.0,0.0,0.0,0.0,0.0,0.0,0.0,0.0,1.0,2.0,0.0,2.325,2.322,1.0,14356772
PSAZ5HX,679175,2021-03-03 09:30:55.603000-05:00,,2021-03-10 11:07:10.177000-05:00,2021-03-10 11:10:19.474000-05:00,1,,,,,,Not Assigned,,,,,,,,,,,,,,,,,,,,,,14476981
PSAZ5HX,679180,2021-03-03 09:30:55.603000-05:00,,2021-03-10 12:27:40.472000-05:00,2021-03-10 12:35:32.200000-05:00,1,,,,,,Not Assigned,,,,,,,,,,,,,,,,,,,,,,14486604
PSAZ5HX,679181,2021-03-03 09:30:55.603000-05:00,,2021-03-10 11:14:52.792000-05:00,2021-03-10 11:20:47.229000-05:00,1,8.0,6.0,116.667,14.58225,1.0,Treatment 3,58.838,2.46375,4.0,3.0,,,16.0,26.0,0.0,0.0,0.0,0.0,0.0,0.0,0.0,1.0,8.0,7.0,19.824,2.476875,1.0,14477918
PSAZ5HX,679191,2021-03-03 09:30:55.603000-05:00,,2021-03-10 11:07:26.798000-05:00,2021-03-10 11:11:49.091000-05:00,1,,,,,,Not Assigned,,,,,,,,,,,,,,,,,,,,,,14477024
PSAZ5HX,679225,2021-03-03 09:30:55.603000-05:00,,2021-03-10 11:06:38.928000-05:00,2021-03-10 11:11:37.371000-05:00,1,,,,,,Not Assigned,,,,,,,,,,,,,,,,,,,,,,14476901
PSAZ5HX,679226,2021-03-03 09:30:55.603000-05:00,,2021-03-10 11:09:11.369000-05:00,2021-03-10 11:11:58.559000-05:00,1,,,,,,Not Assigned,,,,,,,,,,,,,,,,,,,,,,14477238
PSAZ5HX,679235,2021-03-03 09:30:55.603000-05:00,,2021-03-08 12:17:37.314000-05:00,2021-03-08 12:34:12.984000-05:00,3,,,,,,Not Assigned,,,,,,,,,,,,,,,,,,,,,,14356756
PSAZ5HX,679237,2021-03-03 09:30:55.603000-05:00,,2021-03-09 11:47:37.081000-05:00,2021-03-11 21:19:23.583000-05:00,2,,,,,,Not Assigned,,,,,,,,,,,,,,,,,,,,,,14417944
PSAZ5HX,679351,2021-03-03 09:30:55.603000-05:00,,2021-03-08 12:22:30.411000-05:00,2021-03-08 12:25:34.421000-05:00,1,,,,,,Not Assigned,,,,,,,,,,,,,,,,,,,,,,14357378
PSAZ5HX,679368,2020-10-14 07:00:00-04:00,2020-10-14 21:00:00-04:00,2020-10-20 11:10:44.264000-04:00,2020-10-20 13:09:42.261000-04:00,3,8.0,6.0,484.113,60.50625,2.0,Treatment 2,5950.057,371.520625,4.0,7.0,,,16.0,17.0,0.0,0.0,0.0,0.0,0.0,0.0,0.0,2.0,8.0,8.0,159.714,19.96225,1.0,8147076
PSAZ5HX,679392,2021-03-03 09:30:55.603000-05:00,,2021-03-08 12:19:10.312000-05:00,,2,8.0,5.0,138.122,17.2625,1.0,Treatment 4,266.496,21.68175,4.0,7.0,,,12.0,14.0,0.0,0.0,0.0,0.0,0.0,0.0,0.0,1.0,8.0,8.0,57.426,7.176,1.0,14356937
PSAZ5HX,679395,2021-03-03 09:30:55.603000-05:00,,2021-03-08 12:21:20.391000-05:00,2021-03-08 12:24:58.902000-05:00,1,,,,,,Not Assigned,,,,,,,,,,,,,,,,,,,,,,14357235
PSAZ5HX,679403,2021-03-03 09:30:55.603000-05:00,,2021-03-08 12:25:09.477000-05:00,2021-03-08 12:34:40.896000-05:00,1,,,,,,Not Assigned,,,,,,,,,,,,,,,,,,,,,,14357720
PSAZ5HX,679410,2020-10-14 07:00:00-04:00,2020-10-14 21:00:00-04:00,2020-10-15 11:48:13.126000-04:00,,3,8.0,8.0,280.021,34.993125,1.0,Treatment 3,,,1.0,,,,,0.0,0.0,0.0,0.0,0.0,0.0,0.0,0.0,1.0,,,,,,7868805
PSAZ5HX,679446,2021-03-03 09:30:55.603000-05:00,,2021-03-03 10:45:26.551000-05:00,2021-03-03 22:11:13.168000-05:00,4,,,,,,Not Assigned,,,,,,,,,,,,,,,,,,,,,,14170640
PSAZ5HX,679486,2020-10-14 07:00:00-04:00,2020-10-14 21:00:00-04:00,2020-10-14 14:56:15.369000-04:00,,4,8.0,6.0,11969.99,1496.23875,3.0,Treatment 1,912.579,56.1686428571429,4.0,2.0,,,14.0,24.0,0.0,0.0,0.0,0.0,0.0,0.0,0.0,1.0,,,,,,7808775
PSAZ5HX,679504,2021-03-03 09:30:55.603000-05:00,,2021-03-11 12:21:58.378000-05:00,2021-03-12 00:05:56.517000-05:00,4,8.0,8.0,374.071,46.744625,1.0,Control,371.742,21.715125,4.0,13.0,3.0,,16.0,22.0,16.0,0.0,0.0,0.0,0.0,0.0,0.0,2.0,8.0,8.0,89.451,11.17875,1.0,14543847
PSAZ5HX,679509,2020-10-14 07:00:00-04:00,2020-10-14 21:00:00-04:00,2020-10-16 13:54:19.856000-04:00,,4,8.0,7.0,347.827,43.476125,1.0,Treatment 4,,,1.0,,,,,0.0,0.0,0.0,0.0,0.0,0.0,0.0,0.0,1.0,,,,,,7981023
PSAZ5HX,679526,2020-10-14 07:00:00-04:00,2020-10-14 21:00:00-04:00,2020-10-14 10:55:07.791000-04:00,2020-10-14 11:04:10.643000-04:00,1,,,,,,Not Assigned,,,,,,,,,,,,,,,,,,,,,,7765491
PSAZ5HX,679764,2020-10-14 07:00:00-04:00,2020-10-14 21:00:00-04:00,2020-10-14 13:55:18.383000-04:00,,1,8.0,7.0,219.519,27.431875,1.0,Treatment 4,864.951,92.4402222222222,4.0,3.0,1.0,,9.0,14.0,0.0,0.0,0.0,0.0,0.0,0.0,0.0,1.0,,,,,,7798654
PSAZ5HX,679801,2020-10-14 06:00:00-04:00,2020-10-14 23:59:00-04:00,2020-10-14 17:21:01.601000-04:00,2020-10-15 03:44:20.186000-04:00,2,8.0,4.0,651.707,81.457,1.0,Control,1373.245,65.674875,4.0,3.0,2.0,,15.0,39.0,16.0,0.0,0.0,0.0,0.0,0.0,4.0,1.0,8.0,5.0,415.787,51.96775,1.0,7821612
PSAZ5HX,680081,2020-10-14 06:00:00-04:00,2020-10-14 23:59:00-04:00,2020-10-16 14:19:23.790000-04:00,2020-10-16 14:41:43.137000-04:00,1,8.0,5.0,233.026,29.121625,1.0,Control,468.48,20.313125,4.0,6.0,3.0,,16.0,34.0,16.0,0.0,0.0,0.0,0.0,0.0,0.0,1.0,8.0,6.0,150.161,18.765375,1.0,7984808
PSAZ5HX,680182,2020-10-14 06:00:00-04:00,2020-10-14 23:59:00-04:00,2020-10-14 11:58:51.405000-04:00,,1,8.0,7.0,123.448,15.423625,1.0,Treatment 2,223.484,55.85325,2.0,2.0,,,4.0,4.0,0.0,0.0,0.0,0.0,0.0,0.0,0.0,1.0,,,,,,7777302
PSAZ5HX,680235,2020-10-14 07:00:00-04:00,2020-10-14 21:00:00-04:00,2020-10-26 17:26:28.648000-04:00,,1,,,,,,Not Assigned,,,,,,,,,,,,,,,,,,,,,,8580446
PSAZ5HX,680378,2020-10-14 06:00:00-04:00,2020-10-14 23:59:00-04:00,2020-10-14 13:58:10.153000-04:00,2020-10-14 14:27:31.820000-04:00,1,,,,,,Not Assigned,,,,,,,,,,,,,,,,,,,,,,7799168
PSAZ5HX,680862,2020-10-14 07:00:00-04:00,2020-10-14 21:00:00-04:00,2020-10-14 17:35:36.678000-04:00,,1,8.0,5.0,184.26,23.02725,1.0,Treatment 3,620.484,34.8939375,4.0,1.0,,,16.0,30.0,0.0,0.0,0.0,0.0,0.0,0.0,0.0,1.0,8.0,5.0,62.939,7.863125,1.0,7822325
PSAZ5HX,681332,2020-10-14 06:00:00-04:00,2020-10-14 23:59:00-04:00,2020-10-14 12:51:53.306000-04:00,2020-10-14 16:01:31.930000-04:00,3,8.0,7.0,310.709,38.832,1.0,Treatment 1,9894.033,616.7648125,4.0,7.0,,,16.0,18.0,0.0,0.0,0.0,0.0,0.0,0.0,0.0,3.0,8.0,8.0,115.533,14.4335,1.0,7787238
PSAZ5HX,682027,2020-10-14 06:00:00-04:00,2020-10-14 23:59:00-04:00,2020-10-14 12:16:33.551000-04:00,2020-10-14 13:51:00.439000-04:00,1,8.0,5.0,325.485,40.67875,1.0,Control,2066.923,126.808875,4.0,13.0,1.0,,16.0,20.0,16.0,0.0,0.0,0.0,0.0,0.0,0.0,1.0,8.0,6.0,678.335,84.7845,1.0,7780576
PSAZ5HX,684107,2020-10-14 06:00:00-04:00,2020-10-14 23:59:00-04:00,2020-10-14 13:06:15.432000-04:00,2020-10-14 13:25:54.749000-04:00,1,,,,,,Not Assigned,,,,,,,,,,,,,,,,,,,,,,7789806
PSAZ5HX,685011,2021-02-08 13:45:00-05:00,2021-02-09 00:59:00-05:00,2021-02-08 13:55:32.760000-05:00,,2,,,,,,Not Assigned,,,,,,,,,,,,,,,,,,,,,,13223618
PSAZ5HX,685725,2020-10-14 06:00:00-04:00,2020-10-14 23:59:00-04:00,2020-11-06 20:48:47.185000-05:00,,1,,,,,,Not Assigned,,,,,,,,,,,,,,,,,,,,,,9331442
PSAZ5HX,686680,2020-12-01 11:37:54.393000-05:00,2020-12-18 11:39:00-05:00,2020-12-03 09:46:50.971000-05:00,,2,8.0,4.0,131.194,16.39275,1.0,Treatment 4,636.793,47.6455,4.0,0.0,0.0,,12.0,30.0,0.0,0.0,0.0,0.0,0.0,0.0,0.0,2.0,2.0,0.0,6.909,6.905,1.0,10602047
PSAZ5HX,687724,2021-03-03 09:30:55.603000-05:00,,2021-03-11 12:21:02.171000-05:00,,1,8.0,6.0,102.438,12.7995,1.0,Control,40.337,28.05,1.0,0.0,,,1.0,3.0,1.0,0.0,0.0,0.0,0.0,0.0,0.0,1.0,,,,,,14543743
PSAZ5HX,690027,2021-01-04 08:37:32.271000-05:00,2021-01-08 21:54:00-05:00,2021-01-07 10:04:50.734000-05:00,,1,,,,,,Not Assigned,,,,,,,,,,,,,,,,,,,,,,11722450
PSAZ5HX,690349,2020-10-14 06:00:00-04:00,2020-10-14 23:59:00-04:00,2020-10-14 18:49:47.492000-04:00,2020-10-14 18:52:13.092000-04:00,1,,,,,,Not Assigned,,,,,,,,,,,,,,,,,,,,,,7825374
PSAZ5HX,690952,2021-01-04 08:52:00-05:00,2021-01-08 21:54:00-05:00,2021-01-04 10:02:56.721000-05:00,,1,8.0,8.0,156.14,19.50875,1.0,Treatment 3,267.922,133.953,1.0,1.0,,,2.0,2.0,0.0,0.0,0.0,0.0,0.0,0.0,0.0,1.0,,,,,,11519720
PSAZ5HX,691999,2021-03-03 09:30:55.603000-05:00,,2021-03-08 12:23:51.151000-05:00,2021-03-11 12:37:25.314000-05:00,2,,,,,,Not Assigned,,,,,,,,,,,,,,,,,,,,,,14357562
PSAZ5HX,692602,2020-10-14 06:00:00-04:00,2020-10-14 23:59:00-04:00,2020-10-14 20:18:10.789000-04:00,2020-10-14 20:19:45.006000-04:00,1,,,,,,Not Assigned,,,,,,,,,,,,,,,,,,,,,,7828574
PSAZ5HX,693835,2021-03-03 09:30:55.603000-05:00,,2021-03-08 12:38:18.061000-05:00,,1,,,,,,Not Assigned,,,,,,,,,,,,,,,,,,,,,,14359440
PSAZ5HX,696591,2020-10-14 06:00:00-04:00,2020-10-14 23:59:00-04:00,2020-10-14 11:21:22.729000-04:00,2020-10-14 11:24:42.708000-04:00,1,,,,,,Not Assigned,,,,,,,,,,,,,,,,,,,,,,7770514
PSAZ5HX,697594,2020-10-14 06:00:00-04:00,2020-10-14 23:59:00-04:00,2020-10-14 11:39:43.741000-04:00,,1,8.0,6.0,148.292,18.529625,1.0,Treatment 3,294.186,14.4285625,4.0,1.0,,,16.0,28.0,0.0,0.0,0.0,0.0,0.0,0.0,0.0,1.0,8.0,5.0,53.872,6.7275,1.0,7773764
PSAZ5HX,698833,2020-10-14 06:00:00-04:00,2020-10-14 23:59:00-04:00,2020-10-14 13:12:19.639000-04:00,2020-10-14 14:57:36.099000-04:00,4,,,,,,Not Assigned,,,,,,,,,,,,,,,,,,,,,,7790803
PSAZ5HX,699258,2021-01-04 08:52:00-05:00,2021-01-08 21:54:00-05:00,2021-01-04 10:06:19.132000-05:00,2021-01-04 10:27:57.068000-05:00,1,,,,,,Not Assigned,,,,,,,,,,,,,,,,,,,,,,11520027
PSAZ5HX,700822,2021-03-03 09:30:55.603000-05:00,,2021-03-08 12:17:46.445000-05:00,2021-03-08 12:25:02.838000-05:00,1,,,,,,Not Assigned,,,,,,,,,,,,,,,,,,,,,,14356776
PSAZ5HX,702217,2020-10-14 06:00:00-04:00,2020-10-14 23:59:00-04:00,2020-10-14 15:39:56.251000-04:00,2020-10-15 18:24:34.015000-04:00,2,8.0,7.0,2605.171,325.635125,1.0,Treatment 3,1217.892,76.10825,4.0,8.0,,,16.0,16.0,0.0,0.0,0.0,0.0,0.0,0.0,0.0,1.0,8.0,8.0,217.816,27.222,1.0,7813858
PSAZ5HX,707119,2020-11-05 14:08:53.441000-05:00,2020-11-06 14:09:00-05:00,2020-11-05 14:16:52.384000-05:00,2020-11-05 20:13:25.697000-05:00,2,8.0,6.0,603.781,75.4615,1.0,Treatment 3,13809.462,860.05325,4.0,5.0,,,16.0,21.0,0.0,0.0,0.0,0.0,0.0,0.0,0.0,2.0,8.0,7.0,2082.964,260.365,1.0,9234706
PSAZ5HX,708242,2020-11-05 14:08:53.441000-05:00,2020-11-06 14:09:00-05:00,2020-11-06 01:02:39.246000-05:00,,2,,,,,,Not Assigned,,,,,,,,,,,,,,,,,,,,,,9267001
PSAZ5HX,708792,2020-10-14 07:00:00-04:00,2020-10-14 21:00:00-04:00,2020-10-21 17:44:35.345000-04:00,,1,8.0,6.0,211.694,26.453625,1.0,Treatment 4,,,1.0,,,,,0.0,0.0,0.0,0.0,0.0,0.0,0.0,0.0,1.0,,,,,,8308513
PSAZ5HX,708917,2020-10-14 06:00:00-04:00,2020-10-14 23:59:00-04:00,2020-10-19 13:00:10.521000-04:00,,1,,,,,,Not Assigned,,,,,,,,,,,,,,,,,,,,,,8065354
PSAZ5HX,709563,2021-08-17 03:00:00-04:00,2021-10-01 03:00:00-04:00,2021-08-20 13:18:36.421000-04:00,,2,8.0,7.0,741.997,92.74225,1.0,Treatment 4,191.263,95.618,1.0,1.0,,,2.0,2.0,0.0,0.0,0.0,0.0,0.0,0.0,0.0,1.0,,,,,,16861223
PSAZ5HX,709705,2020-10-14 07:00:00-04:00,2020-10-14 21:00:00-04:00,2020-10-14 10:45:19.773000-04:00,,1,8.0,6.0,47.631,5.948375,1.0,Treatment 2,392.382,20.725375,4.0,1.0,,,16.0,30.0,0.0,0.0,0.0,0.0,0.0,0.0,0.0,1.0,8.0,7.0,32.573,4.06625,1.0,7763764
PSAZ5HX,710300,2020-10-14 07:00:00-04:00,2020-10-14 21:00:00-04:00,2020-10-14 09:51:29.891000-04:00,,1,8.0,4.0,159.276,19.9035,1.0,Control,308.527,50.0578,2.0,0.0,0.0,,5.0,11.0,6.0,0.0,0.0,0.0,0.0,0.0,5.0,1.0,,,,,,7754118
PSAZ5HX,724136,2020-10-14 07:00:00-04:00,2020-10-14 21:00:00-04:00,2020-10-14 08:39:51.746000-04:00,,1,,,,,,Not Assigned,,,,,,,,,,,,,,,,,,,,,,7744613
PSAZ5HX,725057,2020-10-14 07:00:00-04:00,2020-10-14 21:00:00-04:00,2020-10-20 13:50:29.591000-04:00,,1,,,,,,Not Assigned,,,,,,,,,,,,,,,,,,,,,,8180893
PSAZ5HX,727302,2021-02-17 09:00:00-05:00,2021-02-17 19:00:00-05:00,2021-02-17 09:20:15.742000-05:00,,1,8.0,7.0,188.454,23.552,1.0,Treatment 3,325.534,81.377,2.0,2.0,,,4.0,4.0,0.0,0.0,0.0,0.0,0.0,0.0,0.0,1.0,,,,,,13553266
PSAZ5HX,730198,2021-03-26 11:15:00-04:00,2021-04-02 13:34:00-04:00,2021-03-31 20:12:58.708000-04:00,2021-03-31 23:00:16.041000-04:00,2,8.0,6.0,240.433,30.044625,1.0,Control,1207.41,73.77775,4.0,12.0,2.0,,16.0,22.0,16.0,0.0,0.0,0.0,0.0,0.0,0.0,1.0,8.0,6.0,375.54,46.936,1.0,15205165
PSAZ5HX,731995,2020-11-05 14:08:53.441000-05:00,2020-11-06 14:09:00-05:00,2020-11-09 12:04:55.412000-05:00,,1,8.0,4.0,371.934,46.482375,1.0,Treatment 3,290.913,105.303,1.0,0.0,,,2.0,4.0,0.0,0.0,0.0,0.0,0.0,0.0,0.0,1.0,,,,,,9381049
PSAZ5HX,733800,2020-12-01 11:37:54.393000-05:00,2020-12-18 11:39:00-05:00,2020-12-01 18:48:40.366000-05:00,2020-12-03 19:27:52.763000-05:00,3,8.0,8.0,352.581,44.07075,1.0,Treatment 4,502.152,41.086,4.0,7.0,1.0,,12.0,13.0,0.0,0.0,0.0,0.0,0.0,0.0,0.0,1.0,8.0,8.0,79.239,9.903,1.0,10495031
PSAZ5HX,737158,2021-02-17 09:00:00-05:00,2021-02-17 19:00:00-05:00,2021-02-17 09:19:09.700000-05:00,,1,8.0,6.0,251.299,31.408625,1.0,Treatment 3,,,1.0,,,,,0.0,0.0,0.0,0.0,0.0,0.0,0.0,0.0,1.0,,,,,,13553160
PSAZ5HX,737163,2021-02-17 09:00:00-05:00,2021-02-17 19:00:00-05:00,2021-02-17 09:16:46.452000-05:00,,1,8.0,7.0,230.547,28.808625,1.0,Treatment 4,,,1.0,,,,,0.0,0.0,0.0,0.0,0.0,0.0,0.0,0.0,1.0,,,,,,13552989
PSAZ5HX,737178,2021-02-17 09:00:00-05:00,2021-02-17 19:00:00-05:00,2021-02-17 09:18:31.744000-05:00,2021-02-17 09:38:06.155000-05:00,2,8.0,8.0,272.551,34.063625,2.0,Treatment 1,394.566,24.65425,4.0,8.0,,,16.0,16.0,0.0,0.0,0.0,0.0,0.0,0.0,0.0,1.0,8.0,8.0,57.416,7.173125,1.0,13553117
PSAZ5HX,737186,2021-02-17 09:00:00-05:00,2021-02-17 19:00:00-05:00,2021-02-17 09:20:14.058000-05:00,,1,,,,,,Not Assigned,,,,,,,,,,,,,,,,,,,,,,13553261
PSAZ5HX,737250,2021-02-17 09:00:00-05:00,2021-02-17 19:00:00-05:00,2021-02-17 09:19:27.967000-05:00,,1,8.0,6.0,197.886,24.73075,1.0,Treatment 2,213.724,38.6954,2.0,1.0,,,5.0,7.0,0.0,0.0,0.0,0.0,0.0,0.0,0.0,1.0,,,,,,13553189
PSAZ5HX,739029,2021-02-17 09:00:00-05:00,2021-02-17 19:00:00-05:00,2021-02-17 09:19:39.906000-05:00,,1,8.0,6.0,192.932,24.112125,1.0,Treatment 2,138.549,138.544,1.0,,,,1.0,1.0,0.0,0.0,0.0,0.0,0.0,0.0,0.0,1.0,,,,,,13553213
PSAZ5HX,739057,2021-02-17 09:00:00-05:00,2021-02-17 19:00:00-05:00,2021-02-17 09:19:08.521000-05:00,,1,8.0,8.0,109.941,13.735875,1.0,Control,222.617,12.146875,4.0,15.0,1.0,,16.0,19.0,16.0,0.0,0.0,0.0,0.0,0.0,0.0,1.0,8.0,8.0,99.974,12.4895,1.0,13553157
PSAZ5HX,739112,2021-02-17 09:00:00-05:00,2021-02-17 19:00:00-05:00,2021-02-17 09:18:16.078000-05:00,,1,8.0,8.0,129.347,16.1585,1.0,Treatment 4,320.653,35.615,3.0,6.0,,,9.0,9.0,0.0,0.0,0.0,0.0,0.0,0.0,0.0,1.0,,,,,,13553093
PSAZ5HX,739198,2021-02-17 09:00:00-05:00,2021-02-17 19:00:00-05:00,2021-02-17 09:18:20.104000-05:00,,1,8.0,5.0,295.6,36.945375,1.0,Treatment 1,166.871,166.866,1.0,,,,1.0,1.0,0.0,0.0,0.0,0.0,0.0,0.0,0.0,1.0,,,,,,13553097
PSAZ5HX,746010,2020-06-07 09:00:00-04:00,,2020-09-25 12:23:27.870000-04:00,2020-09-25 13:37:51.105000-04:00,1,8.0,5.0,668.713,83.5855,1.0,Treatment 2,2894.586,179.6179375,4.0,6.0,,,16.0,20.0,0.0,0.0,0.0,0.0,0.0,0.0,0.0,1.0,8.0,6.0,218.508,27.3105,1.0,6428913
PSAZ5HX,747697,2021-03-03 09:30:55.603000-05:00,,2021-03-08 12:17:44.710000-05:00,2021-03-09 10:23:31.959000-05:00,5,,,,,,Not Assigned,,,,,,,,,,,,,,,,,,,,,,14356773
PSAZ5HX,766659,2020-06-07 09:00:00-04:00,,2020-09-23 07:12:27.035000-04:00,2020-09-23 07:14:37.541000-04:00,1,,,,,,Not Assigned,,,,,,,,,,,,,,,,,,,,,,6136426
PSAZ5HX,784839,2021-01-07 00:00:00-05:00,2021-01-07 21:30:00-05:00,2021-01-29 08:08:25.560000-05:00,,2,,,,,,Not Assigned,,,,,,,,,,,,,,,,,,,,,,12793842
PSAZ5HX,784842,2021-01-07 00:00:00-05:00,2021-01-07 21:30:00-05:00,2021-01-11 08:09:35.110000-05:00,,1,8.0,5.0,77.676,9.7035,1.0,Treatment 2,1005.709,61.2299375,4.0,6.0,,,16.0,20.0,0.0,0.0,0.0,0.0,0.0,0.0,0.0,1.0,8.0,7.0,114.81,14.3435,1.0,11856683
PSAZ5HX,784861,2021-01-07 00:00:00-05:00,2021-01-07 21:30:00-05:00,2021-01-22 08:08:14.439000-05:00,2021-01-25 07:54:42.701000-05:00,2,,,,,,Not Assigned,,,,,,,,,,,,,,,,,,,,,,12442480
PSAZ5HX,784862,2021-01-07 00:00:00-05:00,2021-01-07 21:30:00-05:00,2021-01-11 08:30:04.629000-05:00,2021-01-11 08:39:56.850000-05:00,1,,,,,,Not Assigned,,,,,,,,,,,,,,,,,,,,,,11857719
PSAZ5HX,784872,2021-01-07 00:00:00-05:00,2021-01-07 21:30:00-05:00,2021-01-08 18:00:45.500000-05:00,2021-01-08 18:12:03.176000-05:00,1,,,,,,Not Assigned,,,,,,,,,,,,,,,,,,,,,,11843605
PSAZ5HX,784875,2021-01-07 00:00:00-05:00,2021-01-07 21:30:00-05:00,2021-01-13 08:53:38.829000-05:00,2021-01-13 09:12:45.310000-05:00,1,,,,,,Not Assigned,,,,,,,,,,,,,,,,,,,,,,12019363
PSAZ5HX,786175,2020-09-11 12:08:01.424000-04:00,2020-09-14 08:00:00-04:00,2020-10-15 08:32:32.031000-04:00,2020-10-15 08:43:10.869000-04:00,1,,,,,,Not Assigned,,,,,,,,,,,,,,,,,,,,,,7837501
PSAZ5HX,786707,2021-01-06 09:12:49.731000-05:00,,2021-01-13 10:42:29.260000-05:00,2021-01-29 09:54:21.674000-05:00,2,,,,,,Not Assigned,,,,,,,,,,,,,,,,,,,,,,12032742
PSAZ5HX,786742,2021-01-06 09:12:49.731000-05:00,,2021-01-13 10:36:28.992000-05:00,2021-01-13 10:55:23.582000-05:00,1,,,,,,Not Assigned,,,,,,,,,,,,,,,,,,,,,,12031968
PSAZ5HX,786749,2021-01-06 09:12:49.731000-05:00,,2021-01-07 11:04:20.989000-05:00,2021-01-07 11:05:45.960000-05:00,1,,,,,,Not Assigned,,,,,,,,,,,,,,,,,,,,,,11731850
PSAZ5HX,786750,2021-01-06 09:12:49.731000-05:00,,2021-01-14 00:00:46.646000-05:00,2021-01-14 00:06:18.268000-05:00,1,,,,,,Not Assigned,,,,,,,,,,,,,,,,,,,,,,12084463
PSAZ5HX,786754,2021-01-06 09:12:49.731000-05:00,,2021-01-26 09:47:23.790000-05:00,2021-02-01 10:03:13.404000-05:00,2,,,,,,Not Assigned,,,,,,,,,,,,,,,,,,,,,,12586254
PSAZ5HX,786757,2021-01-06 09:12:49.731000-05:00,,2021-01-29 09:36:25.300000-05:00,2021-01-29 09:40:04.897000-05:00,1,,,,,,Not Assigned,,,,,,,,,,,,,,,,,,,,,,12799737
PSAZ5HX,786786,2021-01-06 09:12:49.731000-05:00,,2021-01-25 10:06:21.492000-05:00,,1,,,,,,Not Assigned,,,,,,,,,,,,,,,,,,,,,,12514609
PSAZ5HX,786958,2021-01-07 00:00:00-05:00,2021-01-07 21:30:00-05:00,2021-01-27 08:09:23.598000-05:00,2021-01-29 07:42:29.505000-05:00,3,,,,,,Not Assigned,,,,,,,,,,,,,,,,,,,,,,12652823
PSAZ5HX,788977,2021-01-07 00:00:00-05:00,2021-01-07 21:30:00-05:00,2021-01-27 11:37:07.363000-05:00,2021-01-29 11:44:18.565000-05:00,2,8.0,6.0,186.155,23.26525,1.0,Treatment 3,171732.546,10731.6813125,4.0,5.0,,,16.0,21.0,0.0,0.0,0.0,0.0,0.0,0.0,0.0,2.0,8.0,6.0,136.325,17.0365,1.0,12676149
PSAZ5HX,788978,2021-01-06 09:40:29.449000-05:00,,2021-01-21 11:53:18.397000-05:00,2021-01-22 11:29:49.903000-05:00,2,,,,,,Not Assigned,,,,,,,,,,,,,,,,,,,,,,12394957
PSAZ5HX,788979,2021-01-06 09:40:29.449000-05:00,,2021-01-11 12:48:12.926000-05:00,,1,,,,,,Not Assigned,,,,,,,,,,,,,,,,,,,,,,11892884
PSAZ5HX,788997,2021-01-06 09:40:29.449000-05:00,,2021-01-07 12:43:07.417000-05:00,2021-01-07 12:46:15.563000-05:00,1,,,,,,Not Assigned,,,,,,,,,,,,,,,,,,,,,,11748443
PSAZ5HX,789005,2021-01-06 09:40:29.449000-05:00,,2021-01-07 12:54:22.652000-05:00,,5,8.0,7.0,345024.953,43128.11025,2.0,Control,87.515,4.0035,3.0,0.0,0.0,,8.0,26.0,9.0,0.0,0.0,0.0,0.0,0.0,0.0,1.0,,,,,,11750161
PSAZ5HX,789020,2021-01-06 09:40:29.449000-05:00,,2021-01-11 12:38:31.454000-05:00,,1,,,,,,Not Assigned,,,,,,,,,,,,,,,,,,,,,,11891407
PSAZ5HX,789023,2021-01-06 09:40:29.449000-05:00,,2021-01-29 11:43:15.965000-05:00,2021-01-29 11:56:20.882000-05:00,1,,,,,,Not Assigned,,,,,,,,,,,,,,,,,,,,,,12814065
PSAZ5HX,789038,2021-01-07 00:00:00-05:00,2021-01-07 21:30:00-05:00,2021-01-07 12:57:52.745000-05:00,2021-01-11 12:53:48.304000-05:00,3,8.0,8.0,143.975,17.98975,1.0,Treatment 4,343755.191,28643.9856666667,4.0,7.0,1.0,,12.0,13.0,0.0,0.0,0.0,0.0,0.0,0.0,0.0,3.0,8.0,8.0,135.998,16.9915,1.0,11750674
PSAZ5HX,789043,2021-01-07 00:00:00-05:00,2021-01-07 21:30:00-05:00,2021-01-21 11:35:53.175000-05:00,2021-02-01 11:31:54.059000-05:00,14,8.0,6.0,344796.158,43099.513375,3.0,Treatment 4,345632.436,28799.6274166667,4.0,6.0,2.0,,12.0,15.0,0.0,0.0,0.0,0.0,0.0,0.0,0.0,4.0,8.0,8.0,257637.256,32204.653,2.0,12392097
PSAZ5HX,789061,2021-01-07 00:00:00-05:00,2021-01-07 21:30:00-05:00,2021-01-21 11:45:19.036000-05:00,2021-01-21 11:51:23.124000-05:00,1,,,,,,Not Assigned,,,,,,,,,,,,,,,,,,,,,,12393726
PSAZ5HX,789161,2021-01-07 00:00:00-05:00,2021-01-07 21:30:00-05:00,2021-01-26 08:56:17.516000-05:00,2021-01-26 11:20:08.362000-05:00,4,,,,,,Not Assigned,,,,,,,,,,,,,,,,,,,,,,12580604
PSAZ5HX,790557,2021-08-17 11:30:17.684000-04:00,2021-10-01 03:00:00-04:00,2021-08-19 16:55:24.109000-04:00,,2,8.0,7.0,392.818,49.093375,1.0,Treatment 2,4976.51,497.3335,3.0,4.0,,,10.0,11.0,0.0,0.0,0.0,0.0,0.0,0.0,0.0,1.0,,,,,,16854215
PSAZ5HX,794981,2021-01-06 09:40:29.446000-05:00,,2021-01-06 10:30:06.538000-05:00,2021-01-06 10:33:44.906000-05:00,1,,,,,,Not Assigned,,,,,,,,,,,,,,,,,,,,,,11654348
PSAZ5HX,794983,2021-01-06 09:40:29.446000-05:00,,2021-01-08 10:08:50.221000-05:00,,2,8.0,4.0,256.074,32.002,1.0,Control,2018.077,122.3449375,4.0,8.0,3.0,,16.0,31.0,16.0,0.0,0.0,0.0,0.0,0.0,1.0,1.0,8.0,6.0,425.833,53.223875,1.0,11800882
PSAZ5HX,794984,2021-01-06 09:12:49.734000-05:00,,2021-01-26 10:42:56.008000-05:00,2021-01-26 15:32:07.930000-05:00,4,8.0,8.0,152.528,19.06075,1.0,Treatment 4,425.55,34.4656666666667,4.0,6.0,2.0,,12.0,14.0,0.0,0.0,0.0,0.0,0.0,0.0,0.0,1.0,8.0,8.0,53.238,6.649625,1.0,12593848
PSAZ5HX,794987,2021-01-06 09:40:29.446000-05:00,,2021-01-08 10:45:22.367000-05:00,2021-01-25 10:46:13.101000-05:00,4,,,,,,Not Assigned,,,,,,,,,,,,,,,,,,,,,,11805045
PSAZ5HX,795000,2021-01-06 09:40:29.446000-05:00,,2021-01-06 10:37:43.922000-05:00,2021-01-26 10:40:59.921000-05:00,7,8.0,5.0,1295147.692,161893.4545,3.0,Treatment 4,87459.845,7285.40425,4.0,4.0,0.0,,12.0,17.0,0.0,0.0,0.0,0.0,0.0,0.0,0.0,2.0,8.0,7.0,257938.681,32242.327875,3.0,11655474
PSAZ5HX,795004,2021-01-06 09:40:29.446000-05:00,,2021-01-06 10:51:16.160000-05:00,2021-01-08 10:21:15.089000-05:00,2,,,,,,Not Assigned,,,,,,,,,,,,,,,,,,,,,,11657517
PSAZ5HX,795009,2021-01-06 09:40:29.446000-05:00,,2021-01-08 10:20:35.373000-05:00,2021-01-08 10:29:17.497000-05:00,1,,,,,,Not Assigned,,,,,,,,,,,,,,,,,,,,,,11802298
PSAZ5HX,795014,2021-01-06 09:40:29.446000-05:00,,2021-01-06 10:35:23.008000-05:00,2021-01-06 10:37:05.140000-05:00,1,,,,,,Not Assigned,,,,,,,,,,,,,,,,,,,,,,11655125
PSAZ5HX,795103,2021-01-06 09:40:29.446000-05:00,,2021-01-08 10:46:15.833000-05:00,2021-01-25 10:25:07.790000-05:00,4,,,,,,Not Assigned,,,,,,,,,,,,,,,,,,,,,,11805164
PSAZ5HX,795543,2021-01-06 09:12:49.734000-05:00,,2021-01-08 10:26:23.217000-05:00,2021-01-25 10:58:04.034000-05:00,3,,,,,,Not Assigned,,,,,,,,,,,,,,,,,,,,,,11802924
PSAZ5HX,800750,2021-01-06 09:12:49.734000-05:00,,2021-01-25 10:32:25.693000-05:00,2021-01-25 10:48:35.698000-05:00,1,,,,,,Not Assigned,,,,,,,,,,,,,,,,,,,,,,12518201
PSAZ5HX,800777,2021-01-07 00:00:00-05:00,2021-01-07 21:30:00-05:00,2021-01-07 10:11:51.757000-05:00,2021-01-07 11:20:17.329000-05:00,1,,,,,,Not Assigned,,,,,,,,,,,,,,,,,,,,,,11723525
PSAZ5HX,802271,2021-02-17 09:00:00-05:00,2021-02-17 19:00:00-05:00,2021-02-17 09:24:54.614000-05:00,,1,2.0,1.0,94.953,94.948,1.0,Not Assigned,,,,,,,,,,,,,,,,,,,,,,13553626
PSAZ5HX,802541,2021-01-06 09:12:49.731000-05:00,,2021-01-13 11:03:44.748000-05:00,2021-02-01 09:58:15.642000-05:00,3,,,,,,Not Assigned,,,,,,,,,,,,,,,,,,,,,,12035896
PSAZ5HX,802596,2021-02-17 09:00:00-05:00,2021-02-17 19:00:00-05:00,2021-02-17 09:17:51.435000-05:00,,1,8.0,6.0,130.241,16.274625,1.0,Treatment 1,398.221,49.771625,3.0,4.0,,,8.0,8.0,0.0,0.0,0.0,0.0,0.0,0.0,0.0,1.0,,,,,,13553062
PSAZ5HX,802599,2021-01-06 09:12:49.731000-05:00,,2021-01-29 09:27:10.778000-05:00,2021-02-10 09:55:39.624000-05:00,20,8.0,8.0,498.158,62.26525,1.0,Control,740.726,46.2914375,4.0,16.0,,,16.0,16.0,16.0,0.0,0.0,0.0,0.0,0.0,0.0,1.0,8.0,8.0,257473.703,32184.20825,2.0,12798761
PSAZ5HX,802613,2021-02-17 09:00:00-05:00,2021-02-17 19:00:00-05:00,2021-02-17 09:18:27.969000-05:00,,1,3.0,1.0,31.953,15.966,1.0,Not Assigned,,,,,,,,,,,,,,,,,,,,,,13553110
PSAZ5HX,802661,2021-02-17 09:00:00-05:00,2021-02-17 19:00:00-05:00,2021-02-17 09:26:16.254000-05:00,,1,,,,,,Not Assigned,,,,,,,,,,,,,,,,,,,,,,13553743
PSAZ5HX,803888,2021-02-17 09:00:00-05:00,2021-02-17 19:00:00-05:00,2021-03-02 09:34:11.943000-05:00,,2,8.0,7.0,162.454,20.291875,1.0,Treatment 4,102862.24,8571.84325,4.0,8.0,,,12.0,12.0,0.0,0.0,0.0,0.0,0.0,0.0,0.0,2.0,8.0,8.0,191.023,23.868,1.0,14093275
PSAZ5HX,803944,2021-01-07 00:00:00-05:00,2021-01-07 21:30:00-05:00,2021-01-21 11:44:46.244000-05:00,2021-01-21 11:53:51.186000-05:00,1,,,,,,Not Assigned,,,,,,,,,,,,,,,,,,,,,,12393647
PSAZ5HX,809948,2021-01-06 09:12:49.734000-05:00,,2021-01-06 10:55:03.866000-05:00,,1,,,,,,Not Assigned,,,,,,,,,,,,,,,,,,,,,,11658132
PSAZ5HX,809986,2021-01-06 09:12:49.734000-05:00,,2021-01-08 10:21:19.037000-05:00,2021-01-08 10:34:00.899000-05:00,1,,,,,,Not Assigned,,,,,,,,,,,,,,,,,,,,,,11802395
PSAZ5HX,810271,2021-01-06 09:12:49.734000-05:00,,2021-01-26 10:31:06.765000-05:00,2021-01-28 10:45:33.835000-05:00,2,8.0,6.0,139.233,17.399625,1.0,Treatment 1,705.557,41.7170625,4.0,5.0,,,16.0,22.0,0.0,0.0,0.0,0.0,0.0,0.0,0.0,1.0,8.0,7.0,111.265,13.904125,1.0,12592243
PSAZ5HX,810314,2021-01-06 09:12:49.734000-05:00,,2021-01-26 12:48:14.427000-05:00,2021-01-28 10:42:51.874000-05:00,4,8.0,6.0,304.989,38.119375,1.0,Control,753.541,39.08925,4.0,5.0,3.0,,16.0,34.0,16.0,0.0,0.0,0.0,0.0,0.0,0.0,1.0,8.0,5.0,152.191,19.01975,1.0,12612264
PSAZ5HX,810442,2021-01-06 09:40:29.446000-05:00,,2021-01-25 10:34:48.414000-05:00,2021-01-28 10:34:35.472000-05:00,4,,,,,,Not Assigned,,,,,,,,,,,,,,,,,,,,,,12518570
PSAZ5HX,810444,2021-01-06 09:12:49.734000-05:00,,2021-01-07 22:00:33.922000-05:00,2021-02-12 07:57:30.113000-05:00,3,,,,,,Not Assigned,,,,,,,,,,,,,,,,,,,,,,11787348
PSAZ5HX,811515,2020-10-19 09:41:44.470000-04:00,2020-10-19 12:01:00-04:00,2020-10-19 11:14:25.735000-04:00,2020-10-19 12:03:35.933000-04:00,1,,,,,,Not Assigned,,,,,,,,,,,,,,,,,,,,,,8044882
PSAZ5HX,818476,2021-04-16 14:59:40.817000-04:00,2021-04-17 00:55:00-04:00,2021-04-21 11:40:36.448000-04:00,,2,7.0,4.0,101.524,16.9178333333333,2.0,Not Assigned,,,,,,,,,,,,,,,,,,,,,,15753797
PSAZ5HX,820776,2021-04-16 14:59:40.817000-04:00,2021-04-17 00:55:00-04:00,2021-04-16 15:28:05.989000-04:00,,1,,,,,,Not Assigned,,,,,,,,,,,,,,,,,,,,,,15638856
PSAZ5HX,820777,2021-04-16 14:59:40.817000-04:00,2021-04-17 00:55:00-04:00,2021-04-16 15:24:36.234000-04:00,,1,,,,,,Not Assigned,,,,,,,,,,,,,,,,,,,,,,15638738
PSAZ5HX,820783,2021-04-16 14:59:40.817000-04:00,2021-04-17 00:55:00-04:00,2021-04-16 15:33:49.199000-04:00,,3,8.0,4.0,217.953,27.241125,2.0,Control,85.925,14.4998,2.0,2.0,1.0,,5.0,11.0,6.0,0.0,0.0,0.0,0.0,0.0,0.0,1.0,,,,,,15639051
PSAZ5HX,820786,2021-04-16 14:59:40.817000-04:00,2021-04-17 00:55:00-04:00,2021-04-16 15:24:31.952000-04:00,2021-04-16 15:36:59.263000-04:00,1,,,,,,Not Assigned,,,,,,,,,,,,,,,,,,,,,,15638737
PSAZ5HX,825744,2020-11-05 14:08:53.441000-05:00,2020-11-06 14:09:00-05:00,2020-11-09 13:02:31.875000-05:00,,1,8.0,5.0,89.185,11.141,1.0,Treatment 1,1204.141,73.45725,4.0,3.0,,,16.0,27.0,0.0,0.0,0.0,0.0,0.0,0.0,0.0,1.0,7.0,3.0,25.889,4.30916666666667,1.0,9392269
PSAZ5HX,826518,2020-10-01 13:00:00-04:00,2020-10-30 16:30:00-04:00,2020-10-01 15:33:32.001000-04:00,,1,7.0,5.0,80.485,13.4045,1.0,Not Assigned,,,,,,,,,,,,,,,,,,,,,,6935169
PSAZ5HX,833494,2021-01-06 09:40:29.446000-05:00,,2021-01-06 10:43:34.304000-05:00,2021-01-12 11:02:14.251000-05:00,4,8.0,8.0,240.643,30.071875,1.0,Treatment 2,173601.372,10850.0579375,4.0,8.0,,,16.0,16.0,0.0,0.0,0.0,0.0,0.0,0.0,0.0,2.0,8.0,8.0,184.977,23.072875,1.0,11656391
PSAZ5HX,834739,2021-03-15 11:00:00-04:00,,2021-05-15 17:18:22.353000-04:00,2021-05-28 13:30:57.779000-04:00,2,,,,,,Not Assigned,,,,,,,,,,,,,,,,,,,,,,16421465
PSAZ5HX,836861,2021-03-15 11:00:00-04:00,,2021-04-29 16:10:14.455000-04:00,,1,,,,,,Not Assigned,,,,,,,,,,,,,,,,,,,,,,16024880
PSAZ5HX,838338,2021-03-15 11:00:00-04:00,,2021-05-13 11:58:22.026000-04:00,2021-05-13 12:15:23.614000-04:00,1,8.0,7.0,140.74,17.590875,1.0,Control,197.73,10.8865,4.0,13.0,3.0,,16.0,20.0,16.0,0.0,0.0,0.0,0.0,0.0,0.0,1.0,8.0,8.0,65.254,8.1555,1.0,16376040
PSAZ5HX,838526,2020-11-10 21:56:00-05:00,2020-11-13 21:58:00-05:00,2020-11-17 10:06:47.776000-05:00,,6,,,,,,Not Assigned,,,,,,,,,,,,,,,,,,,,,,9873577
PSAZ5HX,840749,2021-03-15 11:00:00-04:00,,2021-03-15 12:11:08.746000-04:00,,2,,,,,,Not Assigned,,,,,,,,,,,,,,,,,,,,,,14644039
PSAZ5HX,842759,2021-01-04 08:52:00-05:00,2021-01-08 21:54:00-05:00,2021-01-04 10:13:25.701000-05:00,2021-01-04 10:57:04.886000-05:00,1,8.0,4.0,169.467,21.17475,1.0,Treatment 4,792.713,57.1810833333333,4.0,2.0,1.0,,12.0,26.0,0.0,0.0,0.0,0.0,0.0,0.0,0.0,1.0,8.0,6.0,146.371,18.286375,1.0,11520787
PSAZ5HX,843916,2020-12-01 11:37:54.393000-05:00,2020-12-18 11:39:00-05:00,2020-12-01 13:47:10.870000-05:00,,3,8.0,5.0,97.799,12.218875,1.0,Control,80298.937,5013.539,4.0,4.0,3.0,,16.0,36.0,16.0,0.0,0.0,0.0,0.0,0.0,0.0,2.0,5.0,2.0,56.639,11.3218,1.0,10464440
PSAZ5HX,845103,2021-01-06 09:40:29.446000-05:00,,2021-01-06 10:36:10.375000-05:00,2021-01-06 10:44:13.850000-05:00,1,,,,,,Not Assigned,,,,,,,,,,,,,,,,,,,,,,11655248
PSAZ5HX,849305,2021-02-04 08:16:14.386000-05:00,2021-02-04 23:59:00-05:00,2021-03-23 09:58:39.285000-04:00,,5,8.0,4.0,18938.602,2367.32025,2.0,Control,68528.916,4250.0216875,4.0,6.0,3.0,,16.0,35.0,16.0,0.0,0.0,0.0,0.0,0.0,0.0,3.0,4.0,2.0,1699.048,566.327,1.0,14925417
PSAZ5HX,849312,2021-02-04 08:16:14.386000-05:00,2021-02-04 23:59:00-05:00,2021-02-11 08:46:00.045000-05:00,,1,8.0,4.0,65.089,8.13275,1.0,Control,91.842,5.2015,4.0,1.0,1.0,,12.0,31.0,13.0,0.0,0.0,0.0,0.0,0.0,1.0,1.0,,,,,,13391208
PSAZ5HX,849339,2021-02-04 08:16:14.386000-05:00,2021-02-04 23:59:00-05:00,2021-02-09 16:44:20.026000-05:00,,2,8.0,5.0,157.256,19.646875,1.0,Treatment 1,665.314,38.6401875,4.0,3.0,,,16.0,25.0,0.0,0.0,0.0,0.0,0.0,0.0,0.0,1.0,8.0,5.0,92.899,11.608625,1.0,13313852
PSAZ5HX,849550,2021-02-04 08:16:14.386000-05:00,2021-02-04 23:59:00-05:00,2021-02-10 15:17:13.929000-05:00,,7,8.0,4.0,233.145,29.134875,1.0,Treatment 4,357523.605,29790.4501666667,4.0,1.0,0.0,,12.0,25.0,0.0,0.0,0.0,0.0,0.0,0.0,0.0,3.0,8.0,5.0,25.98,3.243,1.0,13373525
PSAZ5HX,849972,2021-02-04 08:16:14.386000-05:00,2021-02-04 23:59:00-05:00,2021-02-10 11:20:17.338000-05:00,2021-02-12 12:47:09.642000-05:00,4,,,,,,Not Assigned,,,,,,,,,,,,,,,,,,,,,,13345444
PSAZ5HX,850376,2021-02-04 08:16:14.386000-05:00,2021-02-04 23:59:00-05:00,2021-02-04 08:55:03.651000-05:00,2021-02-04 15:54:28.512000-05:00,3,,,,,,Not Assigned,,,,,,,,,,,,,,,,,,,,,,13063663
PSAZ5HX,850494,2021-02-04 08:16:14.386000-05:00,2021-02-04 23:59:00-05:00,2021-02-04 08:46:25.747000-05:00,,6,8.0,6.0,293.148,36.630625,1.0,Treatment 4,1060.763,78.5531666666667,4.0,2.0,0.0,,12.0,22.0,0.0,0.0,0.0,0.0,0.0,0.0,0.0,1.0,8.0,6.0,132.64,16.566625,1.0,13062954
PSAZ5HX,850574,2021-02-04 08:16:14.386000-05:00,2021-02-04 23:59:00-05:00,2021-02-04 13:14:07.284000-05:00,,1,,,,,,Not Assigned,,,,,,,,,,,,,,,,,,,,,,13096752
PSAZ5HX,851021,2021-02-04 08:16:14.386000-05:00,2021-02-04 23:59:00-05:00,2021-02-12 08:58:54.399000-05:00,2021-02-12 11:30:31-05:00,1,,,,,,Not Assigned,,,,,,,,,,,,,,,,,,,,,,13455087
PSAZ5HX,851098,2021-02-04 08:16:14.386000-05:00,2021-02-04 23:59:00-05:00,2021-02-11 09:48:57.986000-05:00,,7,8.0,4.0,1813280.118,226660.0105,2.0,Treatment 4,2117161.755,705714.302,2.0,0.0,0.0,,3.0,8.0,0.0,0.0,0.0,0.0,0.0,0.0,0.0,2.0,,,,,,13397090
PSAZ5HX,852250,2021-02-04 08:16:14.386000-05:00,2021-02-04 23:59:00-05:00,2021-02-10 10:33:35.856000-05:00,2021-02-17 13:17:02.927000-05:00,2,8.0,4.0,160.826,20.096875,1.0,Treatment 1,613227.073,38323.29375,4.0,1.0,,,16.0,30.0,0.0,0.0,0.0,0.0,0.0,0.0,0.0,2.0,8.0,5.0,77.782,9.717375,1.0,13339216
PSAZ5HX,852907,2021-02-04 08:16:14.386000-05:00,2021-02-04 23:59:00-05:00,2021-02-25 09:56:03.002000-05:00,2021-03-13 22:03:50.232000-05:00,3,,,,,,Not Assigned,,,,,,,,,,,,,,,,,,,,,,13908030
PSAZ5HX,853392,2021-02-04 08:16:14.386000-05:00,2021-02-04 23:59:00-05:00,2021-02-10 12:19:18.361000-05:00,,5,8.0,4.0,88.514,11.058625,1.0,Treatment 3,556997.88,278497.6165,1.0,0.0,,,2.0,3.0,0.0,0.0,0.0,0.0,0.0,0.0,0.0,2.0,,,,,,13353521
PSAZ5HX,857097,2021-02-04 08:16:14.386000-05:00,2021-02-04 23:59:00-05:00,2021-02-22 12:50:39.309000-05:00,,2,8.0,5.0,171.446,21.424625,1.0,Treatment 1,331.507,16.0531875,4.0,3.0,,,16.0,24.0,0.0,0.0,0.0,0.0,0.0,0.0,0.0,1.0,8.0,4.0,118.811,14.844375,1.0,13731135
PSAZ5HX,857456,2021-02-04 08:16:14.386000-05:00,2021-02-04 23:59:00-05:00,2021-02-05 08:41:36.009000-05:00,2021-02-25 23:13:59.349000-05:00,3,8.0,4.0,2275.187,284.39175,1.0,Treatment 1,1777368.045,111079.252875,4.0,3.0,,,16.0,27.0,0.0,0.0,0.0,0.0,0.0,0.0,0.0,2.0,8.0,6.0,256.904,32.10675,1.0,13129646
PSAZ5HX,864614,2021-02-04 08:16:14.386000-05:00,2021-02-04 23:59:00-05:00,2021-02-18 19:52:43.081000-05:00,2021-02-18 20:16:52.822000-05:00,1,8.0,6.0,288.193,36.020125,1.0,Control,497.781,27.6061875,4.0,13.0,3.0,,16.0,19.0,16.0,0.0,0.0,0.0,0.0,0.0,2.0,1.0,8.0,8.0,159.776,19.96675,1.0,13647335
PSAZ5HX,865700,2021-02-04 08:16:14.386000-05:00,2021-02-04 23:59:00-05:00,2021-02-04 09:06:06.824000-05:00,,3,8.0,4.0,117.024,14.623875,1.0,Treatment 3,272211.414,24745.0293636364,3.0,0.0,,,11.0,22.0,0.0,0.0,0.0,0.0,0.0,0.0,0.0,2.0,,,,,,13064678
PSAZ5HX,867515,2021-02-04 08:16:14.386000-05:00,2021-02-04 23:59:00-05:00,2021-02-04 08:46:32.251000-05:00,,2,,,,,,Not Assigned,,,,,,,,,,,,,,,,,,,,,,13062959
PSAZ5HX,868142,2020-10-19 09:41:44.470000-04:00,2020-10-19 12:01:00-04:00,2020-10-19 11:10:38.733000-04:00,,3,,,,,,Not Assigned,,,,,,,,,,,,,,,,,,,,,,8044157
PSAZ5HX,869822,2021-02-04 08:16:14.386000-05:00,2021-02-04 23:59:00-05:00,2021-03-09 14:40:22.313000-05:00,2021-03-25 03:24:21.975000-04:00,2,8.0,5.0,405.365,50.665375,1.0,Treatment 3,1336676.126,83539.6014375,4.0,6.0,,,16.0,18.0,0.0,0.0,0.0,0.0,0.0,0.0,0.0,2.0,8.0,7.0,308.426,38.5495,1.0,14441577
PSAZ5HX,871503,2020-11-05 14:08:53.441000-05:00,2020-11-06 14:09:00-05:00,2020-11-09 13:24:01.108000-05:00,2020-11-09 14:09:22.425000-05:00,1,,,,,,Not Assigned,,,,,,,,,,,,,,,,,,,,,,9396327
PSAZ5HX,873621,2021-02-04 08:16:14.386000-05:00,2021-02-04 23:59:00-05:00,2021-02-25 18:26:55.483000-05:00,,1,8.0,5.0,141.637,17.70075,1.0,Treatment 2,,,1.0,,,,,0.0,0.0,0.0,0.0,0.0,0.0,0.0,0.0,1.0,,,,,,13957635
PSAZ5HX,873766,2021-01-06 09:12:49.731000-05:00,,2021-01-26 12:55:50.144000-05:00,2021-01-26 12:59:28.522000-05:00,1,,,,,,Not Assigned,,,,,,,,,,,,,,,,,,,,,,12613395
PSAZ5HX,873878,2021-02-04 08:16:14.386000-05:00,2021-02-04 23:59:00-05:00,2021-02-08 09:20:40.223000-05:00,,2,,,,,,Not Assigned,,,,,,,,,,,,,,,,,,,,,,13187382
PSAZ5HX,889110,2021-02-17 09:00:00-05:00,2021-02-17 19:00:00-05:00,2021-02-17 09:32:31.164000-05:00,,1,2.0,0.0,15.594,15.589,1.0,Not Assigned,,,,,,,,,,,,,,,,,,,,,,13554187
PSAZ5HX,889939,2020-11-05 14:08:53.441000-05:00,2020-11-06 14:09:00-05:00,2020-11-09 13:52:03.672000-05:00,,2,4.0,1.0,205.424,68.4646666666667,2.0,Not Assigned,,,,,,,,,,,,,,,,,,,,,,9401875
PSAZ5HX,900945,2020-11-05 14:08:53.441000-05:00,2020-11-06 14:09:00-05:00,2020-11-09 13:01:02.843000-05:00,2020-11-09 13:39:08.791000-05:00,1,8.0,6.0,282.306,35.277625,1.0,Control,576.682,31.2484375,4.0,11.0,3.0,,16.0,22.0,16.0,0.0,0.0,0.0,0.0,0.0,0.0,1.0,8.0,8.0,98.609,12.31925,1.0,9391962
PSAZ5HX,902648,2021-03-26 11:15:00-04:00,2021-04-02 13:34:00-04:00,2021-03-26 13:02:21.880000-04:00,,2,6.0,3.0,360548.065,60091.3373333333,2.0,Not Assigned,,,,,,,,,,,,,,,,,,,,,,15080510
PSAZ5HX,910819,2020-12-08 20:05:48.542000-05:00,,2020-12-09 09:24:46.688000-05:00,,1,,,,,,Not Assigned,,,,,,,,,,,,,,,,,,,,,,10946559
PSAZ5HX,913515,2020-11-10 21:56:00-05:00,2020-11-13 21:58:00-05:00,2021-01-21 09:44:02.418000-05:00,,3,,,,,,Not Assigned,,,,,,,,,,,,,,,,,,,,,,12375321
PSAZ5HX,914928,2020-11-10 21:56:00-05:00,2020-11-13 21:58:00-05:00,2021-01-21 09:44:38.924000-05:00,,3,8.0,4.0,188.008,23.49375,1.0,Treatment 1,1496.254,145.2955,3.0,0.0,,,10.0,22.0,0.0,0.0,0.0,0.0,0.0,0.0,0.0,1.0,,,,,,12375412
PSAZ5HX,918040,2020-12-08 20:05:48.542000-05:00,,2020-12-09 09:20:06.563000-05:00,2020-12-09 09:28:05.251000-05:00,1,,,,,,Not Assigned,,,,,,,,,,,,,,,,,,,,,,10945997
PSAZ5HX,919785,2020-11-06 13:21:00-05:00,2020-11-13 13:23:00-05:00,2020-11-12 15:27:06.067000-05:00,2020-11-12 17:09:57.013000-05:00,1,,,,,,Not Assigned,,,,,,,,,,,,,,,,,,,,,,9664269
PSAZ5HX,920629,2020-11-06 13:21:00-05:00,2020-11-13 13:23:00-05:00,2020-11-13 10:00:20.873000-05:00,2020-11-13 10:21:55.270000-05:00,1,,,,,,Not Assigned,,,,,,,,,,,,,,,,,,,,,,9697433
PSAZ5HX,924936,2020-12-08 20:05:48.542000-05:00,,2020-12-09 09:17:43.251000-05:00,,1,,,,,,Not Assigned,,,,,,,,,,,,,,,,,,,,,,10945702
PSAZ5HX,934335,2020-10-19 09:41:44.470000-04:00,2020-10-19 12:01:00-04:00,2021-03-22 19:06:18.241000-04:00,,1,,,,,,Not Assigned,,,,,,,,,,,,,,,,,,,,,,14913925
PSAZ5HX,954153,2020-12-15 10:21:04.434000-05:00,2021-01-04 10:22:00-05:00,2021-01-08 12:20:45.310000-05:00,,3,,,,,,Not Assigned,,,,,,,,,,,,,,,,,,,,,,11817817
PSAZ5HX,954156,2020-12-15 10:21:04.434000-05:00,2021-01-04 10:22:00-05:00,2020-12-16 12:20:40.559000-05:00,,1,,,,,,Not Assigned,,,,,,,,,,,,,,,,,,,,,,11351778
PSAZ5HX,969158,2020-12-15 10:21:04.434000-05:00,2021-01-04 10:22:00-05:00,2021-01-22 12:01:28.129000-05:00,,1,,,,,,Not Assigned,,,,,,,,,,,,,,,,,,,,,,12464910
PSAZ5HX,972222,2020-11-10 21:56:00-05:00,2020-11-13 21:58:00-05:00,2021-01-21 09:44:59.938000-05:00,,3,,,,,,Not Assigned,,,,,,,,,,,,,,,,,,,,,,12375461
PSAZ5HX,972223,2020-11-10 21:56:00-05:00,2020-11-13 21:58:00-05:00,2021-01-20 09:06:47.974000-05:00,,6,8.0,5.0,202.305,25.279125,1.0,Treatment 2,584.44,34.11375,4.0,3.0,,,16.0,23.0,0.0,0.0,0.0,0.0,0.0,0.0,0.0,2.0,8.0,5.0,87705.323,10963.157375,3.0,12304425
PSAZ5HX,973269,2020-11-10 21:56:00-05:00,2020-11-13 21:58:00-05:00,2021-01-21 09:44:32.403000-05:00,,1,,,,,,Not Assigned,,,,,,,,,,,,,,,,,,,,,,12375395
PSAZ5HX,974677,2021-01-22 14:41:14.297000-05:00,2021-01-22 17:31:00-05:00,2021-01-22 14:41:18.894000-05:00,,1,8.0,6.0,614.253,76.7665,1.0,Treatment 4,2082.897,520.70975,2.0,2.0,,,4.0,4.0,0.0,0.0,0.0,0.0,0.0,0.0,0.0,1.0,,,,,,12483011
PSAZ5HX,974678,2021-01-22 14:41:14.297000-05:00,2021-01-22 17:31:00-05:00,2021-01-22 14:42:32.103000-05:00,,1,8.0,6.0,435.64,54.438625,1.0,Control,1193.473,56.852625,4.0,6.0,3.0,,15.0,35.0,16.0,0.0,0.0,0.0,0.0,0.0,3.0,1.0,8.0,5.0,369.108,46.12875,1.0,12483143
PSAZ5HX,974679,2021-01-22 14:41:14.297000-05:00,2021-01-22 17:31:00-05:00,2021-01-22 14:42:04.412000-05:00,,1,8.0,6.0,294.421,36.792125,1.0,Treatment 1,1773.471,109.508125,4.0,6.0,,,16.0,19.0,0.0,0.0,0.0,0.0,0.0,0.0,0.0,1.0,7.0,6.0,116.928,19.476,1.0,12483094
PSAZ5HX,974680,2021-01-22 14:41:14.297000-05:00,2021-01-22 17:31:00-05:00,2021-01-22 14:42:14.910000-05:00,,1,8.0,4.0,282.604,35.314875,1.0,Treatment 3,1374.048,166.8555,3.0,0.0,,,8.0,17.0,0.0,0.0,0.0,0.0,0.0,0.0,0.0,1.0,,,,,,12483113
PSAZ5HX,974681,2021-01-22 14:41:14.297000-05:00,2021-01-22 17:31:00-05:00,2021-01-22 14:42:23.483000-05:00,,2,8.0,4.0,320.073,39.998875,1.0,Treatment 1,1316.697,78.23325,4.0,4.0,,,16.0,24.0,0.0,0.0,0.0,0.0,0.0,0.0,0.0,1.0,8.0,6.0,817.418,102.164,2.0,12483133
PSAZ5HX,974682,2021-01-22 14:41:14.297000-05:00,2021-01-22 17:31:00-05:00,2021-01-22 14:42:18.610000-05:00,,1,8.0,4.0,311.623,38.941875,1.0,Treatment 2,2350.04,191.251916666667,3.0,2.0,,,12.0,18.0,0.0,0.0,0.0,0.0,0.0,0.0,0.0,1.0,,,,,,12483124
PSAZ5HX,974683,2021-01-22 14:41:14.297000-05:00,2021-01-22 17:31:00-05:00,2021-01-22 14:43:56.111000-05:00,,2,8.0,5.0,478.395,59.786375,1.0,Control,1677.659,139.384,3.0,3.0,1.0,,8.0,24.0,12.0,0.0,0.0,0.0,0.0,0.0,3.0,2.0,,,,,,12483273
PSAZ5HX,974684,2021-01-22 14:41:14.297000-05:00,2021-01-22 17:31:00-05:00,2021-01-22 14:43:39.466000-05:00,,1,8.0,4.0,697.187,87.132625,1.0,Treatment 1,1561.099,259.3295,2.0,2.0,,,6.0,7.0,0.0,0.0,0.0,0.0,0.0,0.0,0.0,1.0,,,,,,12483243
PSAZ5HX,974685,2021-01-22 14:41:14.297000-05:00,2021-01-22 17:31:00-05:00,2021-01-22 14:43:30.959000-05:00,,1,8.0,5.0,305.455,38.17525,1.0,Treatment 1,,,1.0,,,,,0.0,0.0,0.0,0.0,0.0,0.0,0.0,0.0,1.0,,,,,,12483232
PSAZ5HX,974688,2021-01-22 14:41:14.297000-05:00,2021-01-22 17:31:00-05:00,2021-01-22 14:46:26.520000-05:00,,1,8.0,6.0,345.179,43.123875,1.0,Treatment 3,1954.194,230.165875,3.0,0.0,,,8.0,15.0,0.0,0.0,0.0,0.0,0.0,0.0,0.0,1.0,,,,,,12483525
PSAZ5HX,974690,2021-01-22 14:41:14.297000-05:00,2021-01-22 17:31:00-05:00,2021-01-22 14:44:59.157000-05:00,,1,8.0,4.0,265.716,33.208625,1.0,Treatment 1,2084.31,126.7666875,4.0,2.0,,,16.0,29.0,0.0,0.0,0.0,0.0,0.0,0.0,0.0,1.0,1.0,,,,1.0,12483400
PSAZ5HX,974693,2021-01-22 14:41:14.297000-05:00,2021-01-22 17:31:00-05:00,2021-01-22 14:54:24.244000-05:00,,2,1.0,,,,1.0,Not Assigned,,,,,,,,,,,,,,,,,,,,,,12484118
PSAZ5HX,974695,2021-01-22 14:41:14.297000-05:00,2021-01-22 17:31:00-05:00,2021-01-22 14:48:14.560000-05:00,,1,8.0,5.0,1866.454,233.2895,1.0,Treatment 2,,,1.0,,,,,0.0,0.0,0.0,0.0,0.0,0.0,0.0,0.0,1.0,,,,,,12483671
PSAZ5HX,974699,2021-01-22 14:41:14.297000-05:00,2021-01-22 17:31:00-05:00,2021-01-22 14:55:32.470000-05:00,,1,7.0,3.0,1191.983,198.650333333333,1.0,Not Assigned,,,,,,,,,,,,,,,,,,,,,,12484224
PSAZ5HX,974700,2021-01-22 14:41:14.297000-05:00,2021-01-22 17:31:00-05:00,2021-01-22 14:59:00.377000-05:00,,1,1.0,,,,1.0,Not Assigned,,,,,,,,,,,,,,,,,,,,,,12484518
PSAZ5HX,974708,2021-01-22 14:41:14.297000-05:00,2021-01-22 17:31:00-05:00,2021-01-22 14:58:58.758000-05:00,,1,8.0,4.0,358.191,44.76375,1.0,Control,1050.44,33.273,3.0,1.0,1.0,,8.0,22.0,9.0,0.0,0.0,0.0,0.0,0.0,0.0,1.0,,,,,,12484515
PSAZ5HX,974737,2021-01-22 14:41:14.297000-05:00,2021-01-22 17:31:00-05:00,2021-01-22 15:06:43.038000-05:00,,1,8.0,7.0,522.258,65.27575,1.0,Treatment 3,416.969,64.3335,2.0,0.0,,,4.0,8.0,0.0,0.0,0.0,0.0,0.0,0.0,0.0,1.0,,,,,,12485219
PSAZ5HX,976278,2021-01-06 09:12:49.731000-05:00,,2021-01-26 09:59:55.316000-05:00,2021-01-28 09:49:20.885000-05:00,2,8.0,7.0,92.325,11.534875,1.0,Treatment 1,402.906,24.527625,4.0,6.0,,,16.0,18.0,0.0,0.0,0.0,0.0,0.0,0.0,0.0,1.0,8.0,7.0,69.496,8.683625,1.0,12587903
PSAZ5HX,984567,2021-01-22 14:41:14.297000-05:00,2021-01-22 17:31:00-05:00,2021-02-04 14:32:02.552000-05:00,,2,8.0,5.0,178.044,22.245375,1.0,Treatment 3,480.727,33.2027272727273,3.0,1.0,,,11.0,19.0,0.0,0.0,0.0,0.0,0.0,0.0,0.0,1.0,,,,,,13107353
PSAZ5HX,1001515,2021-04-13 08:19:59.632000-04:00,,2021-04-13 09:10:42.300000-04:00,,1,,,,,,Not Assigned,,,,,,,,,,,,,,,,,,,,,,15473096
PSAZ5HX,1001640,2021-04-13 08:19:59.632000-04:00,,2021-04-13 10:30:48.830000-04:00,,1,8.0,4.0,192.641,24.0755,1.0,Treatment 1,,,1.0,,,,,0.0,0.0,0.0,0.0,0.0,0.0,0.0,0.0,1.0,,,,,,15480025
PSAZ5HX,1005050,2021-04-21 00:00:00-04:00,2021-04-21 23:59:00-04:00,2021-04-21 06:21:45.417000-04:00,,1,8.0,5.0,170.069,21.254,1.0,Treatment 4,281.551,31.2791111111111,4.0,6.0,,,9.0,9.0,0.0,0.0,0.0,0.0,0.0,0.0,0.0,1.0,,,,,,15741185
PSAZ5HX,1005053,2021-04-21 00:00:00-04:00,2021-04-21 23:59:00-04:00,2021-04-21 09:28:55.700000-04:00,,2,8.0,5.0,142.619,17.822875,1.0,Treatment 4,3014.425,249.229916666667,4.0,3.0,0.0,,12.0,21.0,0.0,0.0,0.0,0.0,0.0,0.0,0.0,2.0,8.0,5.0,69.318,8.65875,1.0,15744993
PSAZ5HX,1005093,2021-04-21 00:00:00-04:00,2021-04-21 23:59:00-04:00,2021-04-21 08:28:16.991000-04:00,2021-04-21 13:51:20.857000-04:00,2,,,,,,Not Assigned,,,,,,,,,,,,,,,,,,,,,,15742114
PSAZ5HX,1005094,2021-04-21 00:00:00-04:00,2021-04-21 23:59:00-04:00,2021-04-28 11:39:35.289000-04:00,,1,,,,,,Not Assigned,,,,,,,,,,,,,,,,,,,,,,15963217
PSAZ5HX,1005100,2021-04-21 00:00:00-04:00,2021-04-21 23:59:00-04:00,2021-04-21 10:38:56.798000-04:00,2021-04-21 16:32:17.654000-04:00,3,8.0,5.0,226.862,28.353875,1.0,Treatment 3,20127.123,1255.8754375,4.0,4.0,,,16.0,23.0,0.0,0.0,0.0,0.0,0.0,0.0,0.0,3.0,8.0,8.0,369.823,46.219375,1.0,15749403
PSAZ5HX,1005101,2021-04-21 00:00:00-04:00,2021-04-21 23:59:00-04:00,2021-04-21 08:04:33.510000-04:00,2021-04-21 09:45:05.850000-04:00,2,,,,,,Not Assigned,,,,,,,,,,,,,,,,,,,,,,15741609
PSAZ5HX,1005102,2021-04-21 00:00:00-04:00,2021-04-21 23:59:00-04:00,2021-04-21 08:08:43.352000-04:00,,3,8.0,8.0,5405.419,675.6715,3.0,Control,57.202,19.0613333333333,1.0,3.0,,,3.0,3.0,4.0,0.0,0.0,0.0,0.0,0.0,0.0,1.0,,,,,,15741679
PSAZ5HX,1005103,2021-04-21 00:00:00-04:00,2021-04-21 23:59:00-04:00,2021-04-21 08:33:55.533000-04:00,,2,8.0,7.0,127.125,15.886125,1.0,Treatment 4,859.287,143.21,3.0,4.0,,,6.0,6.0,0.0,0.0,0.0,0.0,0.0,0.0,0.0,1.0,,,,,,15742265
PSAZ5HX,1005104,2021-04-21 00:00:00-04:00,2021-04-21 23:59:00-04:00,2021-04-21 13:27:31.055000-04:00,2021-04-21 13:39:54.081000-04:00,1,,,,,,Not Assigned,,,,,,,,,,,,,,,,,,,,,,15762543
PSAZ5HX,1005105,2021-04-21 00:00:00-04:00,2021-04-21 23:59:00-04:00,2021-04-21 09:50:49.874000-04:00,2021-04-21 10:32:16.050000-04:00,1,,,,,,Not Assigned,,,,,,,,,,,,,,,,,,,,,,15746207
PSAZ5HX,1005106,2021-04-21 00:00:00-04:00,2021-04-21 23:59:00-04:00,2021-04-21 07:45:30.688000-04:00,,1,8.0,6.0,164.824,20.598375,1.0,Control,237.461,12.8300625,4.0,10.0,5.0,,16.0,25.0,16.0,0.0,0.0,0.0,0.0,0.0,0.0,1.0,8.0,4.0,70.481,8.806375,1.0,15741399
PSAZ5HX,1005107,2021-04-21 00:00:00-04:00,2021-04-21 23:59:00-04:00,2021-04-21 13:54:04.987000-04:00,2021-04-21 14:42:53.671000-04:00,4,8.0,5.0,223.371,27.91225,1.0,Treatment 3,1791.155,109.0568125,4.0,3.0,,,16.0,25.0,0.0,0.0,0.0,0.0,0.0,0.0,0.0,3.0,8.0,6.0,122.113,15.257,1.0,15764891
PSAZ5HX,1005119,2021-04-21 00:00:00-04:00,2021-04-21 23:59:00-04:00,2021-04-21 07:57:45.636000-04:00,,2,8.0,7.0,519.319,64.909375,1.0,Treatment 3,549.475,39.2446428571429,4.0,7.0,,,14.0,14.0,0.0,0.0,0.0,0.0,0.0,0.0,0.0,2.0,,,,,,15741504
PSAZ5HX,1005121,2021-04-21 00:00:00-04:00,2021-04-21 23:59:00-04:00,2021-04-21 08:28:40.499000-04:00,,3,8.0,6.0,318.117,39.755625,1.0,Treatment 1,636.733,39.3801875,4.0,6.0,,,16.0,18.0,0.0,0.0,0.0,0.0,0.0,0.0,0.0,1.0,8.0,6.0,106.094,13.252,1.0,15742126
PSAZ5HX,1005179,2021-04-21 00:00:00-04:00,2021-04-21 23:59:00-04:00,2021-04-21 07:44:57.450000-04:00,,13,,,,,,Not Assigned,,,,,,,,,,,,,,,,,,,,,,15741395
PSAZ5HX,1005258,2021-04-21 00:00:00-04:00,2021-04-21 23:59:00-04:00,2021-04-21 07:58:41.159000-04:00,,1,,,,,,Not Assigned,,,,,,,,,,,,,,,,,,,,,,15741512
PSAZ5HX,1005385,2021-04-21 00:00:00-04:00,2021-04-21 23:59:00-04:00,2021-04-21 01:32:45.271000-04:00,2021-04-21 01:40:01.725000-04:00,1,,,,,,Not Assigned,,,,,,,,,,,,,,,,,,,,,,15740851
PSAZ5HX,1005728,2021-04-21 00:00:00-04:00,2021-04-21 23:59:00-04:00,2021-04-29 09:33:57.235000-04:00,,1,8.0,4.0,117.542,14.6895,1.0,Treatment 4,594.121,52.7515454545455,4.0,5.0,0.0,,11.0,15.0,0.0,0.0,0.0,0.0,0.0,0.0,0.0,1.0,,,,,,15994026
PSAZ5HX,1006065,2021-04-21 00:00:00-04:00,2021-04-21 23:59:00-04:00,2021-04-21 16:08:00.428000-04:00,,2,8.0,5.0,132.951,16.610625,1.0,Control,245.586,11.4383125,4.0,6.0,5.0,,16.0,30.0,16.0,0.0,0.0,0.0,0.0,0.0,0.0,1.0,8.0,5.0,83.941,10.4865,1.0,15772816
PSAZ5HX,1006505,2021-04-21 00:00:00-04:00,2021-04-21 23:59:00-04:00,2021-04-21 11:20:39.746000-04:00,2021-04-21 12:14:44.538000-04:00,1,8.0,7.0,226.935,28.363,1.0,Treatment 3,1092.333,65.084375,4.0,7.0,,,16.0,17.0,0.0,0.0,0.0,0.0,0.0,0.0,0.0,1.0,8.0,8.0,341.161,42.6395,1.0,15752264
PSAZ5HX,1007466,2021-03-26 11:15:00-04:00,2021-04-02 13:34:00-04:00,2021-03-26 17:11:16.607000-04:00,,3,8.0,7.0,592.509,74.058875,1.0,Treatment 2,2045.045,127.80875,4.0,8.0,,,16.0,16.0,0.0,0.0,0.0,0.0,0.0,0.0,0.0,1.0,8.0,7.0,255.285,31.90525,2.0,15090279
PSAZ5HX,1033853,2021-08-17 11:30:17.895000-04:00,2021-10-01 03:00:00-04:00,2021-08-18 11:50:11.444000-04:00,,1,,,,,,Not Assigned,,,,,,,,,,,,,,,,,,,,,,16839344
PSAZ5HX,1033857,2021-08-17 11:30:17.895000-04:00,2021-10-01 03:00:00-04:00,2021-08-18 11:52:11.442000-04:00,,1,8.0,8.0,146.135,18.263375,1.0,Control,204.613,24.656625,3.0,7.0,1.0,,8.0,9.0,9.0,0.0,0.0,0.0,0.0,0.0,0.0,1.0,,,,,,16839398
PSAZ5HX,1033858,2021-08-17 11:30:17.895000-04:00,2021-10-01 03:00:00-04:00,2021-08-18 11:50:23.361000-04:00,2021-08-18 12:32:43.272000-04:00,1,,,,,,Not Assigned,,,,,,,,,,,,,,,,,,,,,,16839349
PSAZ5HX,1033859,2021-08-17 11:30:17.895000-04:00,2021-10-01 03:00:00-04:00,2021-08-18 11:51:31.366000-04:00,,1,8.0,8.0,171.619,21.446625,1.0,Treatment 2,,,1.0,,,,,0.0,0.0,0.0,0.0,0.0,0.0,0.0,0.0,1.0,,,,,,16839380
PSAZ5HX,1033860,2021-08-17 11:30:17.895000-04:00,2021-10-01 03:00:00-04:00,2021-08-18 11:51:15.540000-04:00,2021-08-18 12:01:25.092000-04:00,1,,,,,,Not Assigned,,,,,,,,,,,,,,,,,,,,,,16839374
PSAZ5HX,1033861,2021-08-17 11:30:17.895000-04:00,2021-10-01 03:00:00-04:00,2021-08-18 11:50:21.286000-04:00,,1,8.0,7.0,529.151,66.137125,1.0,Treatment 2,131.455,61.1595,1.0,0.0,,,2.0,3.0,0.0,0.0,0.0,0.0,0.0,0.0,0.0,1.0,,,,,,16839348
PSAZ5HX,1033862,2021-08-18 03:00:00-04:00,2021-10-05 03:00:00-04:00,2021-08-18 11:55:50.701000-04:00,,3,,,,,,Not Assigned,,,,,,,,,,,,,,,,,,,,,,16839479
PSAZ5HX,1033863,2021-08-17 11:30:17.895000-04:00,2021-10-01 03:00:00-04:00,2021-08-18 11:50:57.160000-04:00,,1,8.0,8.0,139.162,17.390875,1.0,Treatment 3,355.349,59.2195,2.0,3.0,,,6.0,6.0,0.0,0.0,0.0,0.0,0.0,0.0,0.0,1.0,,,,,,16839363
PSAZ5HX,1033865,2021-08-17 11:30:17.895000-04:00,2021-10-01 03:00:00-04:00,2021-08-18 11:50:06.357000-04:00,,3,8.0,6.0,371.459,46.42625,3.0,Treatment 3,,,1.0,,,,,0.0,0.0,0.0,0.0,0.0,0.0,0.0,0.0,1.0,,,,,,16839340
PSAZ5HX,1034009,2021-08-17 03:00:00-04:00,2021-10-01 03:00:00-04:00,2021-08-23 13:18:17.387000-04:00,,3,8.0,7.0,194.369,24.29225,1.0,Treatment 4,2519757.13,839919.037333333,2.0,2.0,,,3.0,3.0,0.0,0.0,0.0,0.0,0.0,0.0,0.0,2.0,,,,,,16873134
PSAZ5HX,1034919,2021-08-17 03:00:00-04:00,2021-10-01 03:00:00-04:00,2021-08-18 15:23:01.979000-04:00,,2,8.0,8.0,135.005,16.8715,1.0,Treatment 2,390.618,48.823,3.0,4.0,,,8.0,8.0,0.0,0.0,0.0,0.0,0.0,0.0,0.0,2.0,,,,,,16843538
PSAZ5HX,1034920,2021-08-17 03:00:00-04:00,2021-10-01 03:00:00-04:00,2021-08-18 15:23:35.109000-04:00,,4,,,,,,Not Assigned,,,,,,,,,,,,,,,,,,,,,,16843555
PSAZ5HX,1034922,2021-08-17 03:00:00-04:00,2021-10-01 03:00:00-04:00,2021-08-18 15:22:45.531000-04:00,,7,8.0,7.0,2938.434,367.29925,2.0,Treatment 1,80525.356,13420.8885,2.0,3.0,,,6.0,6.0,0.0,0.0,0.0,0.0,0.0,0.0,0.0,2.0,,,,,,16843526
PSAZ5HX,1034923,2021-08-17 03:00:00-04:00,2021-10-01 03:00:00-04:00,2021-08-18 15:23:26.485000-04:00,2021-08-18 15:36:12.264000-04:00,1,,,,,,Not Assigned,,,,,,,,,,,,,,,,,,,,,,16843552
PSAZ5HX,1034926,2021-08-17 03:00:00-04:00,2021-10-01 03:00:00-04:00,2021-08-18 15:23:04.997000-04:00,,1,8.0,8.0,280.652,35.07775,1.0,Treatment 3,525.217,87.529,2.0,3.0,,,6.0,6.0,0.0,0.0,0.0,0.0,0.0,0.0,0.0,1.0,,,,,,16843540
PSAZ5HX,1034928,2021-08-17 11:30:17.899000-04:00,2021-10-01 03:00:00-04:00,2021-08-18 15:23:17.987000-04:00,,1,,,,,,Not Assigned,,,,,,,,,,,,,,,,,,,,,,16843548
PSAZ5HX,1034930,2021-08-17 03:00:00-04:00,2021-10-01 03:00:00-04:00,2021-08-18 15:22:35.362000-04:00,,1,8.0,8.0,143.701,17.958,1.0,Treatment 4,2564.482,427.406,3.0,4.0,,,6.0,6.0,0.0,0.0,0.0,0.0,0.0,0.0,0.0,1.0,,,,,,16843519
PSAZ5HX,1034933,2021-08-17 03:00:00-04:00,2021-10-01 03:00:00-04:00,2021-08-19 16:42:21.292000-04:00,,1,7.0,6.0,94.788,15.7936666666667,1.0,Not Assigned,,,,,,,,,,,,,,,,,,,,,,16854093
PSAZ5HX,1034939,2021-08-17 03:00:00-04:00,2021-10-01 03:00:00-04:00,2021-08-18 15:22:58.325000-04:00,,2,8.0,7.0,118.792,14.8445,1.0,Treatment 4,255.878,120.006,1.0,0.0,,,2.0,3.0,0.0,0.0,0.0,0.0,0.0,0.0,0.0,1.0,,,,,,16843535
PSAZ5HX,1034940,2021-08-17 03:00:00-04:00,2021-10-01 03:00:00-04:00,2021-08-19 16:42:02.931000-04:00,,1,,,,,,Not Assigned,,,,,,,,,,,,,,,,,,,,,,16854085
PSAZ5HX,1034942,2021-08-17 03:00:00-04:00,2021-10-01 03:00:00-04:00,2021-08-18 15:22:35.545000-04:00,2021-08-25 16:26:49.684000-04:00,6,,,,,,Not Assigned,,,,,,,,,,,,,,,,,,,,,,16843520
PSAZ5HX,1034943,2021-08-17 03:00:00-04:00,2021-10-01 03:00:00-04:00,2021-08-18 15:31:31.386000-04:00,,1,,,,,,Not Assigned,,,,,,,,,,,,,,,,,,,,,,16843615
PSAZ5HX,1036086,2021-08-17 03:00:00-04:00,2021-10-01 03:00:00-04:00,2021-08-18 15:26:04.542000-04:00,,2,,,,,,Not Assigned,,,,,,,,,,,,,,,,,,,,,,16843577
PSAZ5HX,1039312,2021-08-17 03:00:00-04:00,2021-10-01 03:00:00-04:00,2021-08-20 13:15:24.758000-04:00,2021-08-20 13:39:25.843000-04:00,1,,,,,,Not Assigned,,,,,,,,,,,,,,,,,,,,,,16861119
PSAZ5HX,1043102,2021-08-17 03:00:00-04:00,2021-10-01 03:00:00-04:00,2021-08-23 18:58:34.859000-04:00,2021-08-24 12:38:07.831000-04:00,2,,,,,,Not Assigned,,,,,,,,,,,,,,,,,,,,,,16878654
