experiment_id,student_id,release_date,due_date,start_time,end_time,assignment_session_count,pretest_problem_count,pretest_correct,pretest_time_on_task,pretest_average_first_response_time,pretest_session_count,assigned_condition,condition_time_on_task,condition_average_first_response_or_request_time,condition_problem_count,condition_total_correct,condition_total_correct_after_wrong_response,condition_total_correct_after_tutoring,condition_total_answers_before_tutoring,condition_total_attempt_count,condition_total_hints_available,condition_total_hints_given,condition_total_scaffold_problems_available,condition_total_scaffold_problems_given,condition_total_explanations_available,condition_total_explanations_given,condition_total_answers_given,condition_session_count,posttest_problem_count,posttest_correct,posttest_time_on_task,posttest_average_first_response_time,posttest_session_count,assistments_reference_assignment_log_id
PSA25TA,15586,2020-07-21 11:27:00-04:00,,2020-07-21 13:18:42.221000-04:00,2020-07-21 13:23:34.318000-04:00,1,,,,,,Control,129.816,31.727,4.0,3.0,1.0,,3.0,4.0,4.0,0.0,0.0,0.0,0.0,0.0,0.0,1.0,2.0,1.0,110.708,35.853,1.0,3965834
PSA25TA,47201,2020-05-26 20:00:00-04:00,2020-05-30 20:00:00-04:00,2020-05-27 11:08:13.900000-04:00,2020-05-27 11:10:49.779000-04:00,1,,,,,,Treatment 2,29.656,9.88033333333333,3.0,3.0,,,3.0,3.0,3.0,0.0,0.0,0.0,0.0,0.0,0.0,1.0,2.0,2.0,90.307,45.1435,1.0,3632359
PSA25TA,50080,2020-05-27 08:00:00-04:00,2020-06-06 22:00:00-04:00,2020-05-27 09:42:18.293000-04:00,2020-05-27 09:48:58.801000-04:00,1,,,,,,Treatment 1,72.537,24.177,3.0,3.0,,,3.0,3.0,3.0,0.0,0.0,0.0,0.0,0.0,0.0,1.0,2.0,1.0,252.134,69.41,1.0,3626404
PSA25TA,50110,2020-05-27 08:00:00-04:00,2020-06-06 22:00:00-04:00,2020-05-27 10:52:09.631000-04:00,2020-05-27 10:58:30.196000-04:00,1,,,,,,Treatment 2,115.026,38.3403333333333,3.0,3.0,,,3.0,3.0,3.0,0.0,0.0,0.0,0.0,0.0,0.0,1.0,2.0,2.0,227.196,113.596,1.0,3631196
PSA25TA,50111,2020-05-27 08:00:00-04:00,2020-06-06 22:00:00-04:00,2020-05-29 15:06:55.580000-04:00,2020-05-30 09:01:03.524000-04:00,2,,,,,,Treatment 3,64238.244,21412.7403333333,3.0,3.0,,,3.0,3.0,3.0,0.0,0.0,0.0,0.0,0.0,0.0,2.0,2.0,1.0,173.81,81.292,1.0,3704911
PSA25TA,50127,2020-05-27 08:00:00-04:00,2020-06-06 22:00:00-04:00,2020-05-27 08:15:46.065000-04:00,2020-05-27 08:30:46.680000-04:00,1,,,,,,Control,260.52,86.832,3.0,3.0,,,3.0,3.0,3.0,0.0,0.0,0.0,0.0,0.0,0.0,1.0,2.0,1.0,585.814,83.048,1.0,3622408
PSA25TA,50133,2020-05-27 08:00:00-04:00,2020-06-06 22:00:00-04:00,2020-05-27 10:12:50.300000-04:00,2020-05-27 10:18:59.306000-04:00,1,,,,,,Control,31.24,10.4006666666667,3.0,3.0,,,3.0,3.0,3.0,0.0,0.0,0.0,0.0,0.0,0.0,1.0,2.0,1.0,298.548,53.218,1.0,3628449
PSA25TA,50134,2020-05-27 08:00:00-04:00,2020-06-06 22:00:00-04:00,2020-05-27 19:51:40.598000-04:00,2020-05-27 20:03:26.913000-04:00,3,,,,,,Control,144.406,48.1276666666667,3.0,3.0,,,3.0,3.0,3.0,0.0,0.0,0.0,0.0,0.0,0.0,1.0,2.0,0.0,441.397,114.5605,3.0,3652240
PSA25TA,50140,2020-05-27 08:00:00-04:00,2020-06-06 22:00:00-04:00,2020-05-28 09:24:18.720000-04:00,2020-05-28 09:59:41.246000-04:00,1,,,,,,Treatment 3,767.702,255.883666666667,3.0,3.0,,,3.0,3.0,3.0,0.0,0.0,0.0,0.0,0.0,0.0,1.0,2.0,2.0,1057.242,528.6055,1.0,3659462
PSA25TA,50142,2020-05-27 08:00:00-04:00,2020-06-06 22:00:00-04:00,2020-05-31 21:34:15.624000-04:00,2020-05-31 21:38:20.300000-04:00,1,,,,,,Treatment 1,119.791,39.9286666666667,3.0,3.0,,,3.0,3.0,3.0,0.0,0.0,0.0,0.0,0.0,0.0,1.0,2.0,2.0,93.942,46.9695,1.0,3716731
PSA25TA,50143,2020-05-27 08:00:00-04:00,2020-06-06 22:00:00-04:00,2020-05-27 12:16:18.244000-04:00,2020-05-27 12:24:42.682000-04:00,1,,,,,,Treatment 1,80.334,26.7716666666667,3.0,3.0,,,3.0,3.0,3.0,0.0,0.0,0.0,0.0,0.0,0.0,1.0,2.0,2.0,351.986,175.9875,1.0,3636886
PSA25TA,98151,2020-10-27 16:43:25.879000-04:00,,2020-10-28 12:42:57.106000-04:00,2020-11-04 12:14:45.283000-05:00,2,,,,,,Control,10.111,3.367,3.0,3.0,,,3.0,3.0,3.0,0.0,0.0,0.0,0.0,0.0,0.0,1.0,2.0,2.0,606666.894,303333.443,2.0,8741080
PSA25TA,98152,2020-10-27 16:43:25.879000-04:00,,2020-11-04 12:26:46.117000-05:00,2020-11-04 12:33:40.391000-05:00,1,,,,,,Treatment 2,55.347,18.4456666666667,3.0,3.0,,,3.0,3.0,3.0,0.0,0.0,0.0,0.0,0.0,0.0,1.0,2.0,1.0,343.465,112.4095,1.0,9126739
PSA25TA,98153,2020-10-27 16:43:25.879000-04:00,,2020-10-28 12:40:23.484000-04:00,2020-11-09 12:33:21.509000-05:00,3,,,,,,Treatment 1,129.824,43.271,3.0,3.0,,,3.0,3.0,3.0,0.0,0.0,0.0,0.0,0.0,0.0,1.0,2.0,1.0,1039818.154,519905.8745,3.0,8740611
PSA25TA,98351,2020-10-27 16:43:25.879000-04:00,,2020-10-28 19:45:02.588000-04:00,2020-10-28 19:49:45.293000-04:00,1,,,,,,Control,131.11,43.6986666666667,3.0,3.0,,,3.0,3.0,3.0,0.0,0.0,0.0,0.0,0.0,0.0,1.0,2.0,1.0,127.112,36.8695,1.0,8781674
PSA25TA,98492,2020-10-27 16:43:25.879000-04:00,,2020-11-04 12:30:56.577000-05:00,2020-11-04 12:33:21.924000-05:00,1,,,,,,Treatment 2,70.876,12.0745,4.0,3.0,1.0,,4.0,5.0,4.0,0.0,0.0,0.0,0.0,0.0,0.0,1.0,2.0,2.0,57.155,28.5745,1.0,9127472
PSA25TA,98536,2020-10-27 16:43:25.879000-04:00,,2020-11-04 12:32:05.234000-05:00,2020-11-04 12:34:19.810000-05:00,1,,,,,,Treatment 2,16.08,5.357,3.0,3.0,,,3.0,3.0,3.0,0.0,0.0,0.0,0.0,0.0,0.0,1.0,2.0,1.0,97.995,40.531,1.0,9127680
PSA25TA,98542,2020-10-27 16:43:25.879000-04:00,,2020-11-04 12:33:49.404000-05:00,2020-11-04 12:39:45.833000-05:00,1,,,,,,Control,179.508,59.8276666666667,3.0,3.0,,,3.0,3.0,3.0,0.0,0.0,0.0,0.0,0.0,0.0,1.0,2.0,0.0,158.665,63.6495,1.0,9128053
PSA25TA,98601,2020-10-27 16:43:25.879000-04:00,,2020-11-04 12:15:17.955000-05:00,2020-11-04 12:19:57.352000-05:00,1,,,,,,Treatment 2,104.86,34.9446666666667,3.0,3.0,,,3.0,3.0,3.0,0.0,0.0,0.0,0.0,0.0,0.0,1.0,2.0,1.0,154.458,35.2595,1.0,9124876
PSA25TA,98602,2020-10-27 16:43:25.879000-04:00,,2020-10-28 12:38:34.910000-04:00,2020-10-28 12:39:57.002000-04:00,1,,,,,,Treatment 3,14.985,4.99033333333333,3.0,3.0,,,3.0,3.0,3.0,0.0,0.0,0.0,0.0,0.0,0.0,1.0,2.0,1.0,29.071,7.0845,1.0,8740295
PSA25TA,98603,2020-10-27 16:43:25.879000-04:00,,2020-11-04 12:43:16.360000-05:00,2020-11-09 12:27:11.463000-05:00,2,,,,,,Treatment 3,430945.756,11.206,4.0,3.0,1.0,,4.0,6.0,4.0,0.0,0.0,0.0,0.0,0.0,0.0,2.0,2.0,1.0,71.526,13.4055,1.0,9129760
PSA25TA,118248,2020-05-19 15:44:34.510000-04:00,2020-05-20 15:46:00-04:00,2020-05-19 15:49:40.841000-04:00,,1,,,,,,Treatment 1,,,1.0,,,,,0.0,1.0,0.0,0.0,0.0,0.0,0.0,0.0,1.0,,,,,,3448100
PSA25TA,119946,2020-06-15 09:00:00-04:00,2020-06-16 10:30:00-04:00,2020-06-15 11:41:25.653000-04:00,2020-06-15 11:44:41.368000-04:00,2,,,,,,Control,71.965,23.9813333333333,3.0,3.0,,,3.0,3.0,3.0,0.0,0.0,0.0,0.0,0.0,0.0,1.0,2.0,1.0,83.696,28.8525,1.0,3917349
PSA25TA,120164,2020-06-15 09:00:00-04:00,2020-06-16 10:30:00-04:00,2020-06-15 09:44:49.623000-04:00,2020-06-15 15:59:32.932000-04:00,2,,,,,,Treatment 2,22107.659,68.107,6.0,4.0,2.0,,6.0,10.0,6.0,0.0,0.0,0.0,0.0,0.0,1.0,2.0,2.0,0.0,337.437,43.434,1.0,3915354
PSA25TA,120233,2020-06-15 09:00:00-04:00,2020-06-16 10:30:00-04:00,2020-06-15 09:06:43.566000-04:00,2020-06-15 09:17:15.179000-04:00,2,,,,,,Treatment 2,463.703,154.562,3.0,3.0,,,3.0,3.0,3.0,0.0,0.0,0.0,0.0,0.0,0.0,2.0,2.0,1.0,114.765,32.983,1.0,3914767
PSA25TA,120325,2020-06-15 09:00:00-04:00,2020-06-16 10:30:00-04:00,2020-06-15 11:27:35.400000-04:00,2020-06-15 11:29:09.749000-04:00,1,,,,,,Treatment 3,54.31,18.102,3.0,3.0,,,3.0,3.0,3.0,0.0,0.0,0.0,0.0,0.0,0.0,1.0,2.0,1.0,24.41,9.6585,1.0,3917127
PSA25TA,120338,2020-06-15 09:00:00-04:00,2020-06-16 10:30:00-04:00,2020-06-15 11:05:11.716000-04:00,2020-06-15 11:15:38.636000-04:00,1,,,,,,Control,196.508,65.5,3.0,3.0,,,3.0,3.0,3.0,0.0,0.0,0.0,0.0,0.0,0.0,1.0,2.0,1.0,411.393,201.1175,1.0,3916784
PSA25TA,120345,2020-06-15 09:00:00-04:00,2020-06-16 10:30:00-04:00,2020-06-15 10:13:00.552000-04:00,2020-06-15 10:17:46.796000-04:00,1,,,,,,Treatment 1,70.47,23.4736666666667,3.0,3.0,,,3.0,3.0,3.0,0.0,0.0,0.0,0.0,0.0,0.0,1.0,2.0,1.0,198.028,38.5125,1.0,3915850
PSA25TA,120438,2020-06-15 09:00:00-04:00,2020-06-16 10:30:00-04:00,2020-06-15 09:48:43.396000-04:00,2020-06-15 10:49:44.366000-04:00,1,,,,,,Control,2761.184,920.365333333333,3.0,3.0,,,3.0,3.0,3.0,0.0,0.0,0.0,0.0,0.0,0.0,1.0,2.0,0.0,861.719,410.602,1.0,3915417
PSA25TA,120466,2020-06-15 09:00:00-04:00,2020-06-16 10:30:00-04:00,2020-06-15 11:08:08.602000-04:00,2020-06-15 11:14:51.538000-04:00,1,,,,,,Treatment 3,89.067,29.6816666666667,3.0,3.0,,,3.0,3.0,3.0,0.0,0.0,0.0,0.0,0.0,0.0,1.0,2.0,2.0,288.873,144.402,1.0,3916839
PSA25TA,121101,2020-05-19 15:44:34.510000-04:00,2020-05-20 15:46:00-04:00,2020-05-20 11:18:00.884000-04:00,2020-05-20 11:29:03.910000-04:00,1,,,,,,Treatment 3,587.653,67.5451666666667,6.0,0.0,0.0,,2.0,13.0,6.0,0.0,0.0,0.0,0.0,0.0,6.0,1.0,2.0,0.0,40.224,8.3905,1.0,3472986
PSA25TA,121114,2020-06-15 09:00:00-04:00,2020-06-16 10:30:00-04:00,2020-06-15 12:27:43.458000-04:00,2020-06-15 12:34:26.450000-04:00,1,,,,,,Treatment 1,180.206,60.062,3.0,3.0,,,3.0,3.0,3.0,0.0,0.0,0.0,0.0,0.0,0.0,1.0,2.0,1.0,134.46,43.969,1.0,3917952
PSA25TA,121895,2020-06-15 09:00:00-04:00,2020-06-16 10:30:00-04:00,2020-06-15 09:45:46.342000-04:00,,3,,,,,,Treatment 3,126.189,42.0513333333333,3.0,3.0,,,3.0,3.0,3.0,0.0,0.0,0.0,0.0,0.0,0.0,1.0,1.0,0.0,34241.463,64.043,2.0,3915367
PSA25TA,122621,2020-06-15 09:00:00-04:00,2020-06-16 10:30:00-04:00,2020-06-16 10:43:54.547000-04:00,,2,,,,,,Treatment 3,491.712,145.666,3.0,1.0,1.0,,2.0,6.0,3.0,0.0,0.0,0.0,0.0,0.0,2.0,2.0,,,,,,3923481
PSA25TA,123380,2020-06-15 09:00:00-04:00,2020-06-16 10:30:00-04:00,2020-06-15 18:21:29.923000-04:00,2020-06-15 18:23:42.010000-04:00,1,,,,,,Treatment 3,91.04,30.3393333333333,3.0,3.0,,,3.0,3.0,3.0,0.0,0.0,0.0,0.0,0.0,0.0,1.0,2.0,2.0,22.947,11.4675,1.0,3920548
PSA25TA,123809,2020-06-15 09:00:00-04:00,2020-06-16 10:30:00-04:00,2020-06-15 11:07:53.287000-04:00,2020-06-15 11:09:51.247000-04:00,1,,,,,,Treatment 1,76.592,25.522,3.0,3.0,,,3.0,3.0,3.0,0.0,0.0,0.0,0.0,0.0,0.0,1.0,2.0,2.0,14.193,7.09,1.0,3916834
PSA25TA,124006,2020-06-15 09:00:00-04:00,2020-06-16 10:30:00-04:00,2020-06-15 15:25:27.641000-04:00,,2,,,,,,Treatment 1,2120.499,450.954,4.0,1.0,1.0,,2.0,6.0,4.0,0.0,0.0,0.0,0.0,0.0,3.0,2.0,,,,,,3919555
PSA25TA,124646,2020-06-15 09:00:00-04:00,2020-06-16 10:30:00-04:00,2020-06-16 06:04:31.294000-04:00,2020-06-16 06:28:10.837000-04:00,1,,,,,,Control,1235.025,122.202666666667,9.0,5.0,3.0,,9.0,15.0,9.0,0.0,0.0,0.0,0.0,0.0,1.0,1.0,2.0,2.0,140.986,70.472,1.0,3921601
PSA25TA,124774,2020-06-15 09:00:00-04:00,2020-06-16 10:30:00-04:00,2020-06-15 10:41:26.354000-04:00,,1,,,,,,Treatment 2,,,1.0,,,,,0.0,1.0,0.0,0.0,0.0,0.0,0.0,0.0,1.0,,,,,,3916372
PSA25TA,125344,2020-06-15 09:00:00-04:00,2020-06-16 10:30:00-04:00,2020-06-15 11:06:55.670000-04:00,2020-06-15 11:44:56.089000-04:00,1,,,,,,Treatment 2,1374.194,458.053666666667,3.0,3.0,,,3.0,3.0,3.0,0.0,0.0,0.0,0.0,0.0,0.0,1.0,2.0,1.0,881.092,432.7615,1.0,3916814
PSA25TA,126136,2020-06-15 09:00:00-04:00,2020-06-16 10:30:00-04:00,2020-06-15 11:15:40.526000-04:00,2020-06-15 11:27:55.050000-04:00,2,,,,,,Treatment 3,92.497,30.827,3.0,3.0,,,3.0,3.0,3.0,0.0,0.0,0.0,0.0,0.0,0.0,1.0,2.0,0.0,595.82,34.7285,2.0,3916933
PSA25TA,126186,2020-06-15 09:00:00-04:00,2020-06-16 10:30:00-04:00,2020-06-15 09:30:00.127000-04:00,2020-06-15 09:32:11.418000-04:00,1,,,,,,Treatment 2,74.96,24.981,3.0,3.0,,,3.0,3.0,3.0,0.0,0.0,0.0,0.0,0.0,0.0,1.0,2.0,2.0,43.279,21.635,1.0,3915068
PSA25TA,128907,2020-06-15 09:00:00-04:00,2020-06-16 10:30:00-04:00,2020-06-15 11:05:25.105000-04:00,2020-06-15 11:12:01.503000-04:00,1,,,,,,Treatment 3,168.52,56.161,3.0,3.0,,,3.0,3.0,3.0,0.0,0.0,0.0,0.0,0.0,0.0,1.0,2.0,2.0,161.502,80.738,1.0,3916788
PSA25TA,131215,2020-06-15 09:00:00-04:00,2020-06-16 10:30:00-04:00,2020-06-15 09:13:28.886000-04:00,2020-06-15 09:34:20.679000-04:00,1,,,,,,Treatment 2,471.891,157.294333333333,3.0,3.0,,,3.0,3.0,3.0,0.0,0.0,0.0,0.0,0.0,0.0,1.0,2.0,1.0,767.378,43.757,1.0,3914847
PSA25TA,136949,2020-12-21 09:00:00-05:00,2020-12-22 15:30:00-05:00,2020-12-21 11:04:35.447000-05:00,2020-12-21 11:09:10.566000-05:00,1,,,,,,Treatment 1,126.852,23.4824,5.0,4.0,1.0,,5.0,6.0,5.0,0.0,0.0,0.0,0.0,0.0,0.0,1.0,2.0,1.0,104.608,16.4525,1.0,11474805
PSA25TA,137101,2020-12-21 09:00:00-05:00,2020-12-22 15:30:00-05:00,2020-12-21 10:50:39.930000-05:00,2020-12-21 10:52:15.308000-05:00,1,,,,,,Control,38.758,12.9163333333333,3.0,3.0,,,3.0,3.0,3.0,0.0,0.0,0.0,0.0,0.0,0.0,1.0,2.0,2.0,24.913,12.454,1.0,11474194
PSA25TA,137209,2020-11-23 09:30:00-05:00,2020-11-23 15:30:00-05:00,2020-11-23 10:38:10.855000-05:00,2020-11-23 10:42:51.095000-05:00,1,,,,,,Treatment 1,71.466,23.8183333333333,3.0,3.0,,,3.0,3.0,3.0,0.0,0.0,0.0,0.0,0.0,0.0,1.0,2.0,2.0,173.602,86.7975,1.0,10213323
PSA25TA,137416,2020-11-23 09:30:00-05:00,2020-11-23 15:30:00-05:00,2020-11-23 13:34:28.185000-05:00,2020-11-24 15:25:29.247000-05:00,3,,,,,,Treatment 3,185.393,61.7903333333333,3.0,3.0,,,3.0,3.0,3.0,0.0,0.0,0.0,0.0,0.0,0.0,1.0,2.0,1.0,92830.627,14.7555,2.0,10231923
PSA25TA,137498,2020-11-23 09:30:00-05:00,2020-11-23 15:30:00-05:00,2020-11-23 10:40:28.504000-05:00,2020-11-23 10:54:06.433000-05:00,1,,,,,,Treatment 3,154.32,51.4296666666667,3.0,3.0,,,3.0,3.0,3.0,0.0,0.0,0.0,0.0,0.0,0.0,1.0,2.0,0.0,608.767,129.028,1.0,10213591
PSA25TA,137757,2020-12-21 09:00:00-05:00,2020-12-22 15:30:00-05:00,2020-12-22 17:53:58.915000-05:00,2020-12-22 18:05:46.519000-05:00,1,,,,,,Treatment 1,312.92,104.3,3.0,3.0,,,3.0,3.0,3.0,0.0,0.0,0.0,0.0,0.0,0.0,1.0,2.0,2.0,329.075,164.532,1.0,11498248
PSA25TA,137820,2020-11-23 09:30:00-05:00,2020-11-23 15:30:00-05:00,2020-11-23 12:54:00.007000-05:00,2020-11-23 12:57:38.291000-05:00,1,,,,,,Treatment 3,52.217,17.399,3.0,3.0,,,3.0,3.0,3.0,0.0,0.0,0.0,0.0,0.0,0.0,1.0,2.0,1.0,87.018,27.399,1.0,10227928
PSA25TA,138609,2020-11-23 09:30:00-05:00,2020-11-23 15:30:00-05:00,2020-11-23 10:41:33.680000-05:00,2020-11-23 10:48:26.713000-05:00,1,,,,,,Control,80.702,26.8923333333333,3.0,3.0,,,3.0,3.0,3.0,0.0,0.0,0.0,0.0,0.0,0.0,1.0,2.0,2.0,280.675,140.331,1.0,10213713
PSA25TA,139177,2020-11-23 09:30:00-05:00,2020-11-23 15:30:00-05:00,2020-11-23 10:21:29.209000-05:00,2020-11-23 10:31:47.633000-05:00,1,,,,,,Treatment 1,389.501,57.845,6.0,5.0,1.0,,6.0,7.0,6.0,0.0,0.0,0.0,0.0,0.0,0.0,1.0,2.0,2.0,134.291,67.1405,1.0,10211515
PSA25TA,140877,2020-12-21 09:00:00-05:00,2020-12-22 15:30:00-05:00,2021-01-07 13:25:34.690000-05:00,2021-01-12 11:15:29.173000-05:00,2,,,,,,Treatment 3,423973.752,141324.572333333,3.0,3.0,,,3.0,3.0,3.0,0.0,0.0,0.0,0.0,0.0,0.0,2.0,2.0,1.0,152.444,34.2495,1.0,11755210
PSA25TA,142194,2020-12-21 09:00:00-05:00,2020-12-22 15:30:00-05:00,2021-01-07 17:52:36.442000-05:00,2021-01-07 18:07:02.833000-05:00,1,,,,,,Treatment 1,384.974,128.316666666667,3.0,3.0,,,3.0,3.0,3.0,0.0,0.0,0.0,0.0,0.0,0.0,1.0,2.0,2.0,306.393,153.1915,1.0,11781621
PSA25TA,142215,2020-06-08 19:51:13.336000-04:00,2020-06-10 19:51:00-04:00,2020-06-09 09:33:10.819000-04:00,2020-06-09 09:46:53.945000-04:00,1,,,,,,Treatment 2,59.311,19.7633333333333,3.0,3.0,,,3.0,3.0,3.0,0.0,0.0,0.0,0.0,0.0,0.0,1.0,2.0,1.0,715.59,118.2955,1.0,3860341
PSA25TA,142263,2020-12-21 09:00:00-05:00,2020-12-22 15:30:00-05:00,2020-12-21 09:52:55.407000-05:00,2020-12-21 09:56:15.082000-05:00,1,,,,,,Treatment 1,53.587,17.855,3.0,3.0,,,3.0,3.0,3.0,0.0,0.0,0.0,0.0,0.0,0.0,1.0,2.0,1.0,125.841,45.174,1.0,11471737
PSA25TA,142851,2020-06-08 19:51:13.336000-04:00,2020-06-10 19:51:00-04:00,2020-06-09 08:49:16.591000-04:00,2020-06-09 09:15:50.145000-04:00,1,,,,,,Treatment 3,1015.876,252.39175,4.0,3.0,1.0,,3.0,4.0,4.0,0.0,0.0,0.0,0.0,0.0,1.0,1.0,2.0,2.0,143.655,71.8205,1.0,3859092
PSA25TA,154399,2020-05-27 08:00:00-04:00,2020-05-29 18:16:00-04:00,2020-05-27 13:30:58.928000-04:00,2020-05-27 13:40:14.989000-04:00,1,,,,,,Control,143.894,47.9493333333333,3.0,3.0,,,3.0,3.0,3.0,0.0,0.0,0.0,0.0,0.0,0.0,1.0,2.0,2.0,337.194,168.589,1.0,3641520
PSA25TA,154652,2020-05-26 20:00:00-04:00,2020-05-30 20:00:00-04:00,2020-05-27 07:12:17.772000-04:00,2020-05-27 07:15:29.156000-04:00,1,,,,,,Treatment 1,38.017,12.6703333333333,3.0,3.0,,,3.0,3.0,3.0,0.0,0.0,0.0,0.0,0.0,0.0,1.0,2.0,1.0,128.329,41.7215,1.0,3621684
PSA25TA,155151,2020-09-16 10:03:42.170000-04:00,2020-09-16 10:05:00-04:00,2020-09-17 10:01:03.802000-04:00,2020-09-17 10:04:35.897000-04:00,1,,,,,,Treatment 2,90.02,13.0935,4.0,3.0,1.0,,4.0,11.0,4.0,0.0,0.0,0.0,0.0,0.0,0.0,1.0,2.0,1.0,83.311,6.7335,1.0,5651351
PSA25TA,158053,2020-05-26 20:00:00-04:00,2020-05-30 20:00:00-04:00,2020-05-27 09:29:01.399000-04:00,2020-05-27 09:41:58.025000-04:00,1,,,,,,Treatment 3,520.184,173.387333333333,3.0,3.0,,,3.0,3.0,3.0,0.0,0.0,0.0,0.0,0.0,0.0,1.0,2.0,2.0,220.676,110.3315,1.0,3625551
PSA25TA,160050,2020-11-23 09:30:00-05:00,2020-11-23 15:30:00-05:00,2020-11-23 09:41:11.854000-05:00,2020-11-23 09:43:58.535000-05:00,1,,,,,,Control,62.658,20.876,3.0,3.0,,,3.0,3.0,3.0,0.0,0.0,0.0,0.0,0.0,0.0,1.0,2.0,2.0,70.808,35.3985,1.0,10207590
PSA25TA,161652,2020-05-26 20:00:00-04:00,2020-05-30 20:00:00-04:00,2020-05-27 09:29:38.121000-04:00,2020-05-27 09:33:07.179000-04:00,1,,,,,,Control,88.321,29.4353333333333,3.0,3.0,,,3.0,3.0,3.0,0.0,0.0,0.0,0.0,0.0,0.0,1.0,2.0,2.0,84.713,42.352,1.0,3625583
PSA25TA,162365,2020-09-16 10:03:42.170000-04:00,2020-09-16 10:05:00-04:00,2020-09-16 13:49:40.223000-04:00,2020-09-16 13:55:20.074000-04:00,1,,,,,,Control,120.294,40.09,3.0,3.0,,,3.0,3.0,3.0,0.0,0.0,0.0,0.0,0.0,0.0,1.0,2.0,0.0,195.589,31.085,1.0,5584761
PSA25TA,163308,2020-05-27 08:00:00-04:00,2020-05-29 18:16:00-04:00,2020-05-27 21:48:46.127000-04:00,2020-05-27 21:51:28.909000-04:00,1,,,,,,Treatment 1,53.127,17.7026666666667,3.0,3.0,,,3.0,3.0,3.0,0.0,0.0,0.0,0.0,0.0,0.0,1.0,2.0,2.0,69.843,34.916,1.0,3653717
PSA25TA,163591,2020-05-27 08:00:00-04:00,2020-05-29 18:16:00-04:00,2020-05-27 20:14:30.596000-04:00,2020-05-27 20:21:47.349000-04:00,1,,,,,,Treatment 2,165.169,55.0453333333333,3.0,3.0,,,3.0,3.0,3.0,0.0,0.0,0.0,0.0,0.0,0.0,1.0,2.0,2.0,208.636,104.313,1.0,3652536
PSA25TA,166871,2020-05-26 20:00:00-04:00,2020-05-30 20:00:00-04:00,2020-05-27 11:31:55.517000-04:00,,1,,,,,,Treatment 1,99.32,93.58,1.0,0.0,,,0.0,1.0,1.0,0.0,0.0,0.0,0.0,0.0,1.0,1.0,,,,,,3633985
PSA25TA,167254,2020-05-27 08:00:00-04:00,2020-05-29 18:16:00-04:00,2020-05-28 21:55:10.516000-04:00,2020-05-28 21:57:17.639000-04:00,1,,,,,,Control,52.491,17.49,3.0,3.0,,,3.0,3.0,3.0,0.0,0.0,0.0,0.0,0.0,0.0,1.0,2.0,2.0,31.864,15.925,1.0,3686569
PSA25TA,167766,2020-05-27 08:00:00-04:00,2020-05-29 18:16:00-04:00,2020-05-27 13:12:02.642000-04:00,2020-05-27 14:26:44.100000-04:00,2,,,,,,Treatment 2,2067.025,689.004,3.0,3.0,,,3.0,3.0,3.0,0.0,0.0,0.0,0.0,0.0,0.0,2.0,2.0,2.0,364.935,182.4625,1.0,3640437
PSA25TA,170615,2020-05-27 08:00:00-04:00,2020-05-29 18:16:00-04:00,2020-05-27 11:40:23.465000-04:00,2020-05-27 11:54:48.157000-04:00,5,,,,,,Treatment 3,233.307,33.2515,6.0,5.0,1.0,,6.0,7.0,6.0,0.0,0.0,0.0,0.0,0.0,0.0,1.0,2.0,1.0,527.066,82.0915,3.0,3634566
PSA25TA,174437,2020-05-26 20:00:00-04:00,2020-05-30 20:00:00-04:00,2020-05-27 09:51:20.595000-04:00,2020-05-27 09:54:29.687000-04:00,1,,,,,,Control,31.888,10.6196666666667,3.0,3.0,,,3.0,3.0,3.0,0.0,0.0,0.0,0.0,0.0,0.0,1.0,2.0,1.0,78.13,24.986,1.0,3627005
PSA25TA,174857,2020-05-27 08:00:00-04:00,2020-05-29 18:16:00-04:00,2020-05-27 09:22:50.840000-04:00,2020-05-27 09:26:41.014000-04:00,1,,,,,,Treatment 3,89.015,29.6643333333333,3.0,3.0,,,3.0,3.0,3.0,0.0,0.0,0.0,0.0,0.0,0.0,1.0,2.0,2.0,93.772,46.8805,1.0,3625157
PSA25TA,177789,2020-09-16 10:03:42.170000-04:00,2020-09-16 10:05:00-04:00,2020-09-16 10:10:00.439000-04:00,,1,,,,,,Treatment 3,126.762,126.75,2.0,1.0,,,1.0,1.0,2.0,0.0,0.0,0.0,0.0,0.0,0.0,1.0,,,,,,5533298
PSA25TA,178266,2020-09-16 10:03:42.170000-04:00,2020-09-16 10:05:00-04:00,2020-09-16 10:05:29.076000-04:00,2020-09-16 10:25:12.305000-04:00,1,,,,,,Treatment 1,321.779,107.252,3.0,3.0,,,3.0,3.0,3.0,0.0,0.0,0.0,0.0,0.0,0.0,1.0,2.0,1.0,759.416,25.398,1.0,5532316
PSA25TA,179973,2020-05-26 20:00:00-04:00,2020-05-30 20:00:00-04:00,2020-05-28 16:40:33.343000-04:00,2020-05-28 16:46:05.385000-04:00,1,,,,,,Treatment 1,135.839,45.2626666666667,3.0,3.0,,,3.0,3.0,3.0,0.0,0.0,0.0,0.0,0.0,0.0,1.0,2.0,2.0,128.935,64.4535,1.0,3681419
PSA25TA,180080,2020-09-16 10:03:42.170000-04:00,2020-09-16 10:05:00-04:00,2020-09-16 10:54:23.445000-04:00,,7,,,,,,Treatment 2,4828.044,4803.586,1.0,0.0,,,1.0,2.0,1.0,0.0,0.0,0.0,0.0,0.0,0.0,2.0,,,,,,5543125
PSA25TA,180810,2020-05-15 03:00:00-04:00,2020-05-15 18:00:00-04:00,2020-05-15 13:04:28.279000-04:00,2020-05-15 13:15:52.352000-04:00,1,,,,,,Treatment 2,167.111,55.701,3.0,3.0,,,3.0,3.0,3.0,0.0,0.0,0.0,0.0,0.0,0.0,1.0,2.0,2.0,452.884,226.4395,1.0,3328766
PSA25TA,180981,2020-05-26 20:00:00-04:00,2020-05-30 20:00:00-04:00,2020-05-28 11:56:30.804000-04:00,2020-05-28 12:01:02.328000-04:00,1,,,,,,Treatment 1,61.16,20.38,3.0,3.0,,,3.0,3.0,3.0,0.0,0.0,0.0,0.0,0.0,0.0,1.0,2.0,2.0,167.427,83.7055,1.0,3668890
PSA25TA,181548,2020-05-15 03:00:00-04:00,2020-05-15 18:00:00-04:00,2020-05-15 14:38:10.491000-04:00,2020-05-15 14:41:51.800000-04:00,1,,,,,,Control,126.192,42.055,3.0,3.0,,,3.0,3.0,3.0,0.0,0.0,0.0,0.0,0.0,0.0,1.0,2.0,2.0,49.296,24.6425,1.0,3333652
PSA25TA,182113,2020-05-15 03:00:00-04:00,2020-05-15 18:00:00-04:00,2020-05-15 12:21:34.966000-04:00,2020-05-15 12:34:55.265000-04:00,2,,,,,,Treatment 3,308.685,102.892333333333,3.0,3.0,,,3.0,3.0,3.0,0.0,0.0,0.0,0.0,0.0,0.0,1.0,2.0,2.0,362.6,181.298,1.0,3326108
PSA25TA,182352,2020-05-15 03:00:00-04:00,2020-05-15 18:00:00-04:00,2020-05-15 10:17:40.147000-04:00,2020-05-15 10:20:49.943000-04:00,1,,,,,,Treatment 2,55.964,18.6486666666667,3.0,3.0,,,3.0,3.0,3.0,0.0,0.0,0.0,0.0,0.0,0.0,1.0,2.0,2.0,55.364,27.677,1.0,3319035
PSA25TA,182376,2020-05-15 03:00:00-04:00,2020-05-15 18:00:00-04:00,2020-05-15 11:35:09.999000-04:00,2020-05-15 11:37:17.511000-04:00,1,,,,,,Treatment 3,44.457,14.8166666666667,3.0,3.0,,,3.0,3.0,3.0,0.0,0.0,0.0,0.0,0.0,0.0,1.0,2.0,2.0,38.339,19.1655,1.0,3323302
PSA25TA,182512,2020-05-15 03:00:00-04:00,2020-05-15 18:00:00-04:00,2020-05-15 12:00:18.024000-04:00,2020-05-15 12:04:40.793000-04:00,1,,,,,,Treatment 2,67.264,22.4153333333333,3.0,3.0,,,3.0,3.0,3.0,0.0,0.0,0.0,0.0,0.0,0.0,1.0,2.0,2.0,164.021,82.0055,1.0,3324780
PSA25TA,184448,2020-05-27 08:00:00-04:00,2020-05-29 18:16:00-04:00,2020-05-27 11:09:12.532000-04:00,2020-05-27 11:16:02.731000-04:00,1,,,,,,Treatment 3,168.901,56.2916666666667,3.0,3.0,,,3.0,3.0,3.0,0.0,0.0,0.0,0.0,0.0,0.0,1.0,2.0,2.0,150.759,75.3705,1.0,3632428
PSA25TA,184958,2020-07-21 10:00:00-04:00,2020-07-21 21:00:00-04:00,2020-07-21 14:05:16.785000-04:00,2020-07-21 14:07:51.407000-04:00,1,,,,,,Treatment 3,67.148,22.376,3.0,3.0,,,3.0,3.0,3.0,0.0,0.0,0.0,0.0,0.0,0.0,1.0,2.0,2.0,60.577,30.2745,1.0,3965950
PSA25TA,185448,2020-05-15 03:00:00-04:00,2020-05-15 18:00:00-04:00,2020-05-15 13:12:00.555000-04:00,2020-05-15 13:18:06.030000-04:00,1,,,,,,Treatment 3,122.78,40.921,3.0,3.0,,,3.0,3.0,3.0,0.0,0.0,0.0,0.0,0.0,0.0,1.0,2.0,2.0,39.04,19.5165,1.0,3329254
PSA25TA,185986,2020-05-15 03:00:00-04:00,2020-05-15 18:00:00-04:00,2020-05-29 13:22:38.081000-04:00,2020-05-29 13:24:09.986000-04:00,1,,,,,,Control,51.315,17.103,3.0,3.0,,,3.0,3.0,3.0,0.0,0.0,0.0,0.0,0.0,0.0,1.0,2.0,2.0,19.784,9.889,1.0,3701728
PSA25TA,189792,2020-05-15 03:00:00-04:00,2020-05-15 18:00:00-04:00,2020-05-15 14:40:40.113000-04:00,2020-05-15 14:43:11.978000-04:00,1,,,,,,Treatment 3,55.746,18.576,3.0,3.0,,,3.0,3.0,3.0,0.0,0.0,0.0,0.0,0.0,0.0,1.0,2.0,2.0,63.526,31.7575,1.0,3333759
PSA25TA,190967,2020-05-15 03:00:00-04:00,2020-05-15 18:00:00-04:00,2020-05-15 12:57:56.029000-04:00,2020-05-15 13:05:38.651000-04:00,1,,,,,,Treatment 3,78.612,26.1976666666667,3.0,3.0,,,3.0,3.0,3.0,0.0,0.0,0.0,0.0,0.0,0.0,1.0,2.0,2.0,327.863,163.9275,1.0,3328351
PSA25TA,191851,2020-05-15 03:00:00-04:00,2020-05-15 18:00:00-04:00,2020-05-18 12:08:18.565000-04:00,2020-05-18 12:12:23.561000-04:00,1,,,,,,Treatment 2,112.194,37.395,3.0,3.0,,,3.0,3.0,3.0,0.0,0.0,0.0,0.0,0.0,0.0,1.0,2.0,2.0,107.522,53.758,1.0,3376692
PSA25TA,192515,2020-05-26 20:00:00-04:00,2020-05-30 20:00:00-04:00,2020-05-27 16:30:53.552000-04:00,2020-05-27 16:34:40.169000-04:00,1,,,,,,Treatment 3,60.262,20.0843333333333,3.0,3.0,,,3.0,3.0,3.0,0.0,0.0,0.0,0.0,0.0,0.0,1.0,2.0,2.0,120.488,60.241,1.0,3648413
PSA25TA,193089,2020-05-27 08:00:00-04:00,2020-05-29 18:16:00-04:00,2020-05-27 09:53:14.732000-04:00,2020-05-27 10:04:48.377000-04:00,3,,,,,,Treatment 3,397.621,132.504,3.0,3.0,,,3.0,3.0,3.0,0.0,0.0,0.0,0.0,0.0,0.0,2.0,2.0,0.0,228.111,44.9825,2.0,3627117
PSA25TA,194454,2020-09-16 10:03:42.170000-04:00,2020-09-16 10:05:00-04:00,2020-09-16 13:10:54.179000-04:00,2020-09-16 13:22:26.391000-04:00,1,,,,,,Control,520.079,39.1432222222222,9.0,6.0,2.0,,9.0,15.0,9.0,0.0,0.0,0.0,0.0,0.0,3.0,1.0,2.0,1.0,119.336,44.169,1.0,5575802
PSA25TA,195357,2020-05-27 08:00:00-04:00,2020-05-29 18:16:00-04:00,2020-05-28 10:25:31.934000-04:00,2020-05-28 10:29:12.780000-04:00,1,,,,,,Treatment 2,97.838,32.605,3.0,3.0,,,3.0,3.0,3.0,0.0,0.0,0.0,0.0,0.0,0.0,1.0,2.0,2.0,86.635,43.311,1.0,3663252
PSA25TA,195682,2020-05-26 20:00:00-04:00,2020-05-30 20:00:00-04:00,2020-05-27 08:59:41.615000-04:00,2020-05-27 09:03:39.637000-04:00,1,,,,,,Control,72.507,24.161,3.0,3.0,,,3.0,3.0,3.0,0.0,0.0,0.0,0.0,0.0,0.0,1.0,2.0,2.0,129.854,64.9225,1.0,3623909
PSA25TA,196015,2020-12-21 09:00:00-05:00,2020-12-22 15:30:00-05:00,2020-12-21 09:53:33.547000-05:00,2020-12-21 10:03:27.671000-05:00,1,,,,,,Treatment 2,463.739,29.9929,10.0,5.0,3.0,,10.0,28.0,10.0,0.0,0.0,0.0,0.0,0.0,4.0,1.0,2.0,1.0,86.577,33.8945,1.0,11471760
PSA25TA,197402,2020-05-15 03:00:00-04:00,2020-05-15 18:00:00-04:00,2020-05-29 00:41:50.719000-04:00,2020-05-29 00:47:27.838000-04:00,1,,,,,,Control,177.03,59.0066666666667,3.0,3.0,,,3.0,3.0,3.0,0.0,0.0,0.0,0.0,0.0,0.0,1.0,2.0,2.0,130.371,65.183,1.0,3687916
PSA25TA,198948,2020-05-15 03:00:00-04:00,2020-05-15 18:00:00-04:00,2020-05-15 17:56:56.185000-04:00,2020-05-15 17:59:47.803000-04:00,1,,,,,,Treatment 2,83.257,15.22975,4.0,3.0,1.0,,4.0,5.0,4.0,0.0,0.0,0.0,0.0,0.0,0.0,1.0,2.0,2.0,50.377,25.186,1.0,3339688
PSA25TA,201705,2021-04-21 11:39:00.699000-04:00,,2021-04-21 12:06:19.049000-04:00,2021-04-21 12:09:13.403000-04:00,1,,,,,,Treatment 2,12.397,4.12466666666667,3.0,3.0,,,3.0,3.0,3.0,0.0,0.0,0.0,0.0,0.0,0.0,1.0,2.0,1.0,146.662,56.2055,1.0,15755830
PSA25TA,202207,2020-05-27 08:00:00-04:00,2020-05-29 18:16:00-04:00,2020-05-27 10:18:36.195000-04:00,2020-05-27 10:22:30.645000-04:00,1,,,,,,Treatment 3,126.818,42.2703333333333,3.0,3.0,,,3.0,3.0,3.0,0.0,0.0,0.0,0.0,0.0,0.0,1.0,2.0,1.0,78.893,29.9845,1.0,3628901
PSA25TA,202484,2021-03-30 16:36:40.512000-04:00,2021-04-17 16:38:00-04:00,2021-04-05 16:54:37.954000-04:00,2021-04-05 16:58:54.516000-04:00,1,,,,,,Treatment 1,33.783,11.2556666666667,3.0,3.0,,,3.0,3.0,3.0,0.0,0.0,0.0,0.0,0.0,0.0,1.0,2.0,1.0,206.573,29.536,1.0,15265183
PSA25TA,202930,2020-05-27 08:00:00-04:00,2020-05-29 18:16:00-04:00,2020-05-27 11:30:28.931000-04:00,2020-05-27 11:49:27.559000-04:00,1,,,,,,Treatment 2,412.193,137.391,3.0,3.0,,,3.0,3.0,3.0,0.0,0.0,0.0,0.0,0.0,0.0,1.0,2.0,2.0,628.903,314.432,1.0,3633881
PSA25TA,203268,2021-03-30 16:36:40.512000-04:00,2021-04-17 16:38:00-04:00,2021-04-09 12:42:06.066000-04:00,2021-04-09 12:43:37.892000-04:00,1,,,,,,Control,42.376,14.1183333333333,3.0,3.0,,,3.0,3.0,3.0,0.0,0.0,0.0,0.0,0.0,0.0,1.0,2.0,2.0,24.948,12.466,1.0,15401698
PSA25TA,203839,2021-03-30 16:36:40.512000-04:00,2021-04-17 16:38:00-04:00,2021-03-30 16:46:57.268000-04:00,2021-03-30 17:46:07.722000-04:00,4,,,,,,Treatment 1,59.279,19.746,3.0,3.0,,,3.0,3.0,3.0,0.0,0.0,0.0,0.0,0.0,0.0,1.0,2.0,1.0,3410.294,49.773,2.0,15168985
PSA25TA,204806,2020-07-21 10:00:00-04:00,2020-07-21 21:00:00-04:00,2020-07-21 14:08:40.690000-04:00,2020-07-21 14:16:25.317000-04:00,1,,,,,,Treatment 3,254.235,36.5114,5.0,4.0,1.0,,5.0,7.0,5.0,0.0,0.0,0.0,0.0,0.0,0.0,1.0,2.0,1.0,106.29,33.5305,1.0,3965959
PSA25TA,205328,2021-04-21 11:39:00.699000-04:00,,2021-04-21 20:08:09.567000-04:00,2021-04-21 20:14:48.618000-04:00,1,,,,,,Control,304.193,36.0586666666667,6.0,5.0,1.0,,6.0,7.0,6.0,0.0,0.0,0.0,0.0,0.0,0.0,1.0,2.0,2.0,60.084,30.0355,1.0,15777032
PSA25TA,209032,2020-09-16 10:03:42.170000-04:00,2020-09-16 10:05:00-04:00,2020-09-16 10:09:30.029000-04:00,2020-09-16 10:20:40.498000-04:00,1,,,,,,Treatment 1,371.372,123.783666666667,3.0,3.0,,,3.0,3.0,3.0,0.0,0.0,0.0,0.0,0.0,0.0,1.0,2.0,1.0,179.186,28.4935,1.0,5533191
PSA25TA,209178,2020-11-23 09:30:00-05:00,2020-11-23 15:30:00-05:00,2020-11-23 10:19:14.003000-05:00,2020-11-23 10:53:20.425000-05:00,1,,,,,,Treatment 1,385.518,128.5,3.0,3.0,,,3.0,3.0,3.0,0.0,0.0,0.0,0.0,0.0,0.0,1.0,2.0,2.0,1489.39,744.6905,1.0,10211302
PSA25TA,211478,2020-05-11 09:00:00-04:00,,2020-05-14 11:21:07.190000-04:00,2020-05-14 11:24:38.811000-04:00,1,,,,,,Control,136.435,45.4753333333333,3.0,3.0,,,3.0,3.0,3.0,0.0,0.0,0.0,0.0,0.0,0.0,1.0,2.0,2.0,56.133,28.0635,1.0,3274383
PSA25TA,212690,2020-07-21 10:00:00-04:00,2020-07-21 21:00:00-04:00,2020-07-21 20:45:14.953000-04:00,2020-07-21 20:48:26.746000-04:00,1,,,,,,Treatment 2,112.272,37.422,3.0,3.0,,,3.0,3.0,3.0,0.0,0.0,0.0,0.0,0.0,0.0,1.0,2.0,2.0,45.889,22.9435,1.0,3966555
PSA25TA,213307,2020-05-11 09:00:00-04:00,,2020-05-12 13:24:13.742000-04:00,,1,,,,,,Control,35.763,11.9166666666667,3.0,3.0,,,3.0,3.0,3.0,0.0,0.0,0.0,0.0,0.0,0.0,1.0,2.0,0.0,1011.803,137.5265,1.0,3171179
PSA25TA,214724,2020-05-11 09:00:00-04:00,,2020-05-15 13:26:40.867000-04:00,2020-05-15 13:30:53.907000-04:00,1,,,,,,Control,102.538,34.171,3.0,3.0,,,3.0,3.0,3.0,0.0,0.0,0.0,0.0,0.0,0.0,1.0,2.0,1.0,110.636,26.216,1.0,3330099
PSA25TA,216601,2020-05-11 09:00:00-04:00,,2020-05-13 17:27:03.435000-04:00,2020-05-13 17:28:56.186000-04:00,1,,,,,,Treatment 3,82.009,27.332,3.0,3.0,,,3.0,3.0,3.0,0.0,0.0,0.0,0.0,0.0,0.0,1.0,2.0,2.0,15.191,7.593,1.0,3246709
PSA25TA,219312,2020-07-20 19:36:29.230000-04:00,2020-07-22 19:38:00-04:00,2020-07-21 18:17:07.877000-04:00,2020-07-21 18:44:26.654000-04:00,3,,,,,,Treatment 3,1240.975,413.655666666667,3.0,3.0,,,3.0,3.0,3.0,0.0,0.0,0.0,0.0,0.0,0.0,2.0,2.0,2.0,259.712,129.8535,1.0,3966422
PSA25TA,219707,2020-09-02 19:23:13.302000-04:00,,2020-09-04 14:54:05.041000-04:00,2020-09-08 20:30:37.131000-04:00,3,,,,,,Control,365498.525,36494.4077,10.0,6.0,3.0,,8.0,17.0,10.0,0.0,0.0,0.0,0.0,0.0,2.0,2.0,2.0,0.0,137.107,49.394,1.0,4829322
PSA25TA,221189,2020-05-11 09:00:00-04:00,,2020-05-15 20:10:48.832000-04:00,2020-05-15 20:17:14.878000-04:00,1,,,,,,Treatment 2,306.519,102.171333333333,3.0,3.0,,,3.0,3.0,3.0,0.0,0.0,0.0,0.0,0.0,0.0,1.0,2.0,2.0,43.709,21.853,1.0,3341816
PSA25TA,224605,2020-07-21 10:00:00-04:00,2020-07-21 16:00:00-04:00,2020-07-21 13:28:08.406000-04:00,2020-07-21 13:32:26.634000-04:00,1,,,,,,Treatment 2,134.348,44.7813333333333,3.0,3.0,,,3.0,3.0,3.0,0.0,0.0,0.0,0.0,0.0,0.0,1.0,2.0,2.0,81.103,40.5505,1.0,3965857
PSA25TA,225627,2020-07-21 10:00:00-04:00,2020-07-21 21:00:00-04:00,2020-07-21 14:01:47.831000-04:00,2020-07-21 14:18:52.125000-04:00,1,,,,,,Control,101.037,33.6743333333333,3.0,3.0,,,3.0,3.0,3.0,0.0,0.0,0.0,0.0,0.0,0.0,1.0,2.0,2.0,346.915,173.453,1.0,3965936
PSA25TA,225875,2020-07-21 10:00:00-04:00,2020-07-21 21:00:00-04:00,2020-07-21 14:02:37.014000-04:00,2020-07-21 14:05:08.398000-04:00,1,,,,,,Treatment 2,11.549,3.84466666666667,3.0,3.0,,,3.0,3.0,3.0,0.0,0.0,0.0,0.0,0.0,0.0,1.0,2.0,2.0,118.517,59.2525,1.0,3965943
PSA25TA,226205,2020-06-15 09:00:00-04:00,2020-06-16 10:30:00-04:00,2020-06-15 09:08:23.348000-04:00,,1,,,,,,Not Assigned,,,,,,,,,,,,,,,,,,,,,,3914784
PSA25TA,226373,2020-07-20 19:36:29.230000-04:00,2020-07-22 19:38:00-04:00,2020-07-21 16:43:01.972000-04:00,2020-07-21 16:46:53.161000-04:00,1,,,,,,Treatment 2,74.465,24.8156666666667,3.0,3.0,,,3.0,3.0,3.0,0.0,0.0,0.0,0.0,0.0,0.0,1.0,2.0,1.0,128.886,56.838,1.0,3966303
PSA25TA,226603,2020-07-20 19:36:29.230000-04:00,2020-07-22 19:38:00-04:00,2020-07-21 12:44:29.285000-04:00,2020-07-21 12:58:09.112000-04:00,1,,,,,,Treatment 1,190.282,63.3906666666667,3.0,3.0,,,3.0,3.0,3.0,0.0,0.0,0.0,0.0,0.0,0.0,1.0,2.0,2.0,561.561,280.762,1.0,3965742
PSA25TA,226693,2020-07-21 10:00:00-04:00,2020-07-21 16:00:00-04:00,2020-07-21 12:34:49.347000-04:00,2020-07-21 12:39:35.437000-04:00,1,,,,,,Treatment 2,104.215,34.7323333333333,3.0,3.0,,,3.0,3.0,3.0,0.0,0.0,0.0,0.0,0.0,0.0,1.0,2.0,2.0,98.992,49.492,1.0,3965702
PSA25TA,226855,2020-05-19 15:31:42.182000-04:00,2020-05-20 15:33:00-04:00,2020-05-20 09:11:20.670000-04:00,2020-05-20 11:09:53.561000-04:00,5,,,,,,Treatment 3,6516.49,751.71825,8.0,4.0,2.0,,8.0,22.0,8.0,0.0,0.0,0.0,0.0,0.0,1.0,3.0,2.0,0.0,534.703,40.498,1.0,3463511
PSA25TA,227221,2020-07-21 10:00:00-04:00,2020-07-21 21:00:00-04:00,2020-07-22 17:37:56.170000-04:00,2020-07-22 17:52:26.836000-04:00,1,,,,,,Control,356.289,51.3066,5.0,4.0,1.0,,5.0,6.0,5.0,0.0,0.0,0.0,0.0,0.0,0.0,1.0,2.0,2.0,432.045,216.019,1.0,3967974
PSA25TA,227337,2020-09-02 19:23:13.302000-04:00,,2020-09-03 14:19:50.784000-04:00,,3,,,,,,Treatment 2,64.185,21.3916666666667,3.0,3.0,,,3.0,3.0,3.0,0.0,0.0,0.0,0.0,0.0,0.0,1.0,1.0,0.0,85673.857,75.467,2.0,4751121
PSA25TA,227452,2020-09-02 19:23:13.302000-04:00,,2020-09-04 17:23:53.288000-04:00,,2,,,,,,Treatment 3,894.592,219.90525,4.0,3.0,1.0,,4.0,5.0,4.0,0.0,0.0,0.0,0.0,0.0,0.0,1.0,1.0,0.0,148.572,114.273,1.0,4838242
PSA25TA,227736,2020-07-21 10:00:00-04:00,2020-07-21 16:00:00-04:00,2020-07-21 13:23:37.603000-04:00,2020-07-21 13:28:09.157000-04:00,1,,,,,,Control,110.461,36.8186666666667,3.0,3.0,,,3.0,3.0,3.0,0.0,0.0,0.0,0.0,0.0,0.0,1.0,2.0,1.0,104.4,37.692,1.0,3965847
PSA25TA,228731,2020-07-21 10:00:00-04:00,2020-07-21 21:00:00-04:00,2020-07-21 15:08:21.206000-04:00,2020-07-21 15:16:09.874000-04:00,1,,,,,,Control,99.161,33.0486666666667,3.0,3.0,,,3.0,3.0,3.0,0.0,0.0,0.0,0.0,0.0,0.0,1.0,2.0,1.0,348.877,143.7305,1.0,3966102
PSA25TA,228927,2020-09-02 19:23:13.302000-04:00,,2020-09-09 14:54:45.035000-04:00,2020-09-09 15:11:53.795000-04:00,1,,,,,,Treatment 3,208.527,69.504,3.0,3.0,,,3.0,3.0,3.0,0.0,0.0,0.0,0.0,0.0,0.0,1.0,2.0,1.0,733.215,360.5915,1.0,5019930
PSA25TA,229030,2020-07-21 10:00:00-04:00,2020-07-21 21:00:00-04:00,2020-07-21 11:54:21.715000-04:00,2020-07-21 13:19:10.698000-04:00,1,,,,,,Treatment 1,113.015,37.6646666666667,3.0,3.0,,,3.0,3.0,3.0,0.0,0.0,0.0,0.0,0.0,0.0,1.0,2.0,1.0,4892.564,1770.5485,1.0,3965585
PSA25TA,230173,2020-07-20 19:36:29.230000-04:00,2020-07-22 19:38:00-04:00,2020-07-21 18:19:12.010000-04:00,,1,,,,,,Treatment 1,297.169,64.632,4.0,1.0,1.0,,3.0,5.0,4.0,0.0,0.0,0.0,0.0,0.0,0.0,1.0,,,,,,3966424
PSA25TA,230182,2020-07-20 19:36:29.230000-04:00,2020-07-22 19:38:00-04:00,2020-07-21 12:42:29.714000-04:00,2020-07-21 12:56:12.260000-04:00,1,,,,,,Control,93.556,31.1776666666667,3.0,3.0,,,3.0,3.0,3.0,0.0,0.0,0.0,0.0,0.0,0.0,1.0,2.0,1.0,692.222,343.144,1.0,3965733
PSA25TA,232343,2020-07-20 19:36:29.230000-04:00,2020-07-22 19:38:00-04:00,2020-07-21 14:05:34.890000-04:00,2020-07-21 14:10:04.541000-04:00,1,,,,,,Treatment 3,74.346,24.7666666666667,3.0,3.0,,,3.0,3.0,3.0,0.0,0.0,0.0,0.0,0.0,0.0,1.0,2.0,1.0,47.829,18.6825,1.0,3965952
PSA25TA,233237,2020-05-11 09:00:00-04:00,,2020-05-12 22:57:02.963000-04:00,2020-05-12 23:05:04.961000-04:00,1,,,,,,Treatment 2,220.073,52.04575,4.0,3.0,1.0,,4.0,5.0,4.0,0.0,0.0,0.0,0.0,0.0,0.0,1.0,2.0,0.0,223.478,59.436,1.0,3197715
PSA25TA,233425,2020-05-15 03:00:00-04:00,2020-05-15 18:00:00-04:00,2020-05-22 22:13:03.517000-04:00,2020-05-22 22:16:23.266000-04:00,1,,,,,,Treatment 3,75.05,25.0033333333333,3.0,3.0,,,3.0,3.0,3.0,0.0,0.0,0.0,0.0,0.0,0.0,1.0,2.0,2.0,72.732,36.35,1.0,3571200
PSA25TA,235801,2020-06-15 09:00:00-04:00,2020-06-16 10:30:00-04:00,2020-06-15 14:14:11.786000-04:00,2020-06-15 14:22:02.758000-04:00,2,,,,,,Treatment 3,312.289,76.3645,4.0,3.0,1.0,,4.0,5.0,4.0,0.0,0.0,0.0,0.0,0.0,1.0,2.0,2.0,0.0,129.664,45.397,1.0,3919023
PSA25TA,238935,2020-09-02 19:23:13.302000-04:00,,2020-09-03 12:55:59.762000-04:00,2020-09-03 13:07:39.481000-04:00,1,,,,,,Control,193.924,64.6363333333333,3.0,3.0,,,3.0,3.0,3.0,0.0,0.0,0.0,0.0,0.0,0.0,1.0,2.0,2.0,468.46,234.226,1.0,4736916
PSA25TA,240251,2020-07-21 10:00:00-04:00,2020-07-21 16:00:00-04:00,2020-07-21 12:36:08.909000-04:00,2020-07-21 12:54:15.610000-04:00,1,,,,,,Treatment 3,457.927,152.623,3.0,3.0,,,3.0,3.0,3.0,0.0,0.0,0.0,0.0,0.0,0.0,1.0,2.0,2.0,588.913,294.4385,1.0,3965706
PSA25TA,240467,2020-05-29 11:00:00-04:00,2020-05-29 22:00:00-04:00,2020-05-29 12:19:26.963000-04:00,2020-05-29 12:21:33.026000-04:00,1,,,,,,Treatment 1,66.246,22.0806666666667,3.0,3.0,,,3.0,3.0,3.0,0.0,0.0,0.0,0.0,0.0,0.0,1.0,2.0,1.0,32.953,12.1035,1.0,3699138
PSA25TA,240678,2020-05-26 20:00:00-04:00,2020-05-30 20:00:00-04:00,2020-05-27 19:45:51.866000-04:00,2020-06-04 14:05:15.130000-04:00,2,,,,,,Treatment 1,459.335,153.108666666667,3.0,3.0,,,3.0,3.0,3.0,0.0,0.0,0.0,0.0,0.0,0.0,1.0,2.0,1.0,670259.033,332959.658,2.0,3652157
PSA25TA,241501,2020-05-11 09:00:00-04:00,,2020-05-14 02:17:34.983000-04:00,2020-05-14 02:20:49.994000-04:00,1,,,,,,Control,48.913,16.302,3.0,3.0,,,3.0,3.0,3.0,0.0,0.0,0.0,0.0,0.0,0.0,1.0,2.0,2.0,118.641,59.3185,1.0,3256446
PSA25TA,243284,2020-07-20 19:36:29.230000-04:00,2020-07-22 19:38:00-04:00,2020-07-21 16:47:45.339000-04:00,2020-07-21 16:51:09.308000-04:00,1,,,,,,Control,57.071,19.0166666666667,3.0,3.0,,,3.0,3.0,3.0,0.0,0.0,0.0,0.0,0.0,0.0,1.0,2.0,2.0,105.301,52.6345,1.0,3966318
PSA25TA,243685,2020-07-21 10:00:00-04:00,2020-07-21 16:00:00-04:00,2020-07-21 12:36:58.044000-04:00,2020-07-21 12:49:17.805000-04:00,1,,,,,,Treatment 3,172.325,57.439,3.0,3.0,,,3.0,3.0,3.0,0.0,0.0,0.0,0.0,0.0,0.0,1.0,2.0,1.0,519.117,189.3735,1.0,3965711
PSA25TA,243986,2020-07-20 19:36:29.230000-04:00,2020-07-22 19:38:00-04:00,2020-07-21 12:02:44.129000-04:00,2020-07-21 12:53:05.287000-04:00,1,,,,,,Treatment 2,2461.557,820.514666666667,3.0,3.0,,,3.0,3.0,3.0,0.0,0.0,0.0,0.0,0.0,0.0,1.0,2.0,1.0,538.312,267.0065,1.0,3965616
PSA25TA,244183,2020-07-20 19:36:29.230000-04:00,2020-07-22 19:38:00-04:00,2020-07-21 16:43:23.919000-04:00,,1,,,,,,Treatment 1,60.592,20.194,3.0,3.0,,,3.0,3.0,3.0,0.0,0.0,0.0,0.0,0.0,0.0,1.0,2.0,0.0,275.652,121.5495,1.0,3966305
PSA25TA,244795,2020-07-20 19:36:29.230000-04:00,2020-07-22 19:38:00-04:00,2020-07-21 18:15:04.839000-04:00,2020-07-21 18:27:05.709000-04:00,1,,,,,,Treatment 2,333.018,111.004333333333,3.0,3.0,,,3.0,3.0,3.0,0.0,0.0,0.0,0.0,0.0,0.0,1.0,2.0,1.0,360.375,135.94,1.0,3966420
PSA25TA,245003,2020-05-11 09:00:00-04:00,,2020-05-13 16:58:45.617000-04:00,,1,,,,,,Treatment 2,171.14,59.249,1.0,0.0,,,1.0,4.0,1.0,0.0,0.0,0.0,0.0,0.0,1.0,1.0,,,,,,3245558
PSA25TA,245439,2020-09-02 19:23:13.302000-04:00,,2020-09-04 12:59:36.504000-04:00,2020-09-04 13:06:38.387000-04:00,1,,,,,,Control,165.055,55.0166666666667,3.0,3.0,,,3.0,3.0,3.0,0.0,0.0,0.0,0.0,0.0,0.0,1.0,2.0,2.0,231.766,115.8795,1.0,4814551
PSA25TA,247444,2020-05-11 09:00:00-04:00,,2020-05-14 16:19:20.991000-04:00,,1,,,,,,Treatment 1,159.39,43.35,1.0,0.0,,,1.0,4.0,1.0,0.0,0.0,0.0,0.0,0.0,1.0,1.0,,,,,,3300840
PSA25TA,249146,2020-07-21 10:00:00-04:00,2020-07-21 21:00:00-04:00,2020-07-21 17:11:08.762000-04:00,2020-07-21 17:22:09.726000-04:00,1,,,,,,Treatment 1,149.352,49.7813333333333,3.0,3.0,,,3.0,3.0,3.0,0.0,0.0,0.0,0.0,0.0,0.0,1.0,2.0,1.0,331.177,132.4845,1.0,3966354
PSA25TA,255809,2020-05-15 03:00:00-04:00,2020-05-15 18:00:00-04:00,2020-05-22 14:22:27.515000-04:00,2020-05-22 14:40:29.140000-04:00,2,,,,,,Control,28.244,9.41233333333333,3.0,3.0,,,3.0,3.0,3.0,0.0,0.0,0.0,0.0,0.0,0.0,1.0,2.0,2.0,55.809,27.902,1.0,3563505
PSA25TA,258832,2021-01-07 08:27:32.579000-05:00,2021-01-07 23:59:00-05:00,2021-01-07 08:28:23.745000-05:00,2021-01-07 08:45:08.479000-05:00,1,,,,,,Treatment 2,599.034,74.99525,4.0,3.0,1.0,,4.0,5.0,4.0,0.0,0.0,0.0,0.0,0.0,0.0,1.0,2.0,1.0,300.326,70.976,1.0,11711089
PSA25TA,259058,2020-07-21 10:00:00-04:00,2020-07-21 21:00:00-04:00,2020-07-21 12:55:49.593000-04:00,2020-07-21 13:20:01.438000-04:00,1,,,,,,Treatment 1,277.601,92.529,3.0,3.0,,,3.0,3.0,3.0,0.0,0.0,0.0,0.0,0.0,0.0,1.0,2.0,1.0,1142.417,491.7755,1.0,3965786
PSA25TA,260081,2020-09-16 10:03:42.170000-04:00,2020-09-16 10:05:00-04:00,2020-09-16 10:04:21.372000-04:00,2020-09-16 10:10:07.908000-04:00,2,,,,,,Control,43.181,14.386,3.0,3.0,,,3.0,3.0,3.0,0.0,0.0,0.0,0.0,0.0,0.0,1.0,2.0,1.0,273.571,95.316,2.0,5532063
PSA25TA,260156,2020-09-16 10:03:42.170000-04:00,2020-09-16 10:05:00-04:00,2020-09-17 11:22:05.716000-04:00,2020-09-17 12:03:52.380000-04:00,1,,,,,,Treatment 2,230.934,76.9716666666667,3.0,3.0,,,3.0,3.0,3.0,0.0,0.0,0.0,0.0,0.0,0.0,1.0,2.0,0.0,2242.734,193.485,1.0,5670464
PSA25TA,260198,2020-09-16 10:03:42.170000-04:00,2020-09-16 10:05:00-04:00,2020-09-16 10:10:03.452000-04:00,,1,,,,,,Treatment 1,184.216,61.3953333333333,3.0,3.0,,,3.0,3.0,3.0,0.0,0.0,0.0,0.0,0.0,0.0,1.0,2.0,1.0,6169.064,94.978,1.0,5533314
PSA25TA,261226,2020-05-15 03:00:00-04:00,2020-05-15 18:00:00-04:00,2020-05-15 15:49:16.210000-04:00,2020-05-15 15:52:53.296000-04:00,1,,,,,,Treatment 3,87.322,29.0976666666667,3.0,3.0,,,3.0,3.0,3.0,0.0,0.0,0.0,0.0,0.0,0.0,1.0,2.0,2.0,91.297,45.64,1.0,3336323
PSA25TA,263018,2020-09-02 19:23:13.302000-04:00,,2020-09-04 15:01:49.683000-04:00,2020-09-04 15:10:20.774000-04:00,1,,,,,,Treatment 2,261.553,87.1766666666667,3.0,3.0,,,3.0,3.0,3.0,0.0,0.0,0.0,0.0,0.0,0.0,1.0,2.0,2.0,215.338,107.6635,1.0,4830304
PSA25TA,269184,2020-06-03 12:00:00-04:00,2020-06-12 17:00:00-04:00,2020-06-11 10:11:50.925000-04:00,2020-06-11 10:17:53.654000-04:00,1,,,,,,Control,59.423,19.8,3.0,3.0,,,3.0,3.0,3.0,0.0,0.0,0.0,0.0,0.0,0.0,1.0,2.0,1.0,276.423,20.4185,1.0,3893749
PSA25TA,270346,2020-06-03 12:00:00-04:00,2020-06-12 17:00:00-04:00,2020-06-11 22:25:50.724000-04:00,,1,,,,,,Control,103.457,34.476,3.0,3.0,,,3.0,3.0,3.0,0.0,0.0,0.0,0.0,0.0,0.0,1.0,2.0,1.0,189.38,78.094,1.0,3903426
PSA25TA,279134,2020-10-27 16:43:25.879000-04:00,,2020-11-04 12:17:02.085000-05:00,2020-11-04 12:19:06.409000-05:00,1,,,,,,Treatment 1,41.538,13.842,3.0,3.0,,,3.0,3.0,3.0,0.0,0.0,0.0,0.0,0.0,0.0,1.0,2.0,2.0,51.589,25.7895,1.0,9125179
PSA25TA,283926,2020-09-02 19:23:13.302000-04:00,,2020-09-04 15:41:58.457000-04:00,2020-09-04 15:48:28.879000-04:00,1,,,,,,Treatment 2,210.386,70.124,3.0,3.0,,,3.0,3.0,3.0,0.0,0.0,0.0,0.0,0.0,0.0,1.0,2.0,2.0,156.466,78.229,1.0,4833495
PSA25TA,284203,2020-11-30 11:00:00-05:00,2020-12-04 19:00:00-05:00,2020-12-01 09:36:25.176000-05:00,2020-12-01 10:02:07.849000-05:00,1,,,,,,Treatment 1,500.775,166.919,3.0,3.0,,,3.0,3.0,3.0,0.0,0.0,0.0,0.0,0.0,0.0,1.0,2.0,2.0,987.755,493.874,1.0,10414572
PSA25TA,284521,2020-05-15 03:00:00-04:00,2020-05-15 18:00:00-04:00,2020-06-02 13:58:45.875000-04:00,2020-06-02 14:03:16.688000-04:00,1,,,,,,Treatment 1,173.19,57.7226666666667,3.0,3.0,,,3.0,3.0,3.0,0.0,0.0,0.0,0.0,0.0,0.0,1.0,2.0,1.0,63.187,23.678,1.0,3762417
PSA25TA,285294,2020-10-27 16:43:25.879000-04:00,,2020-11-04 12:26:06.036000-05:00,2020-11-04 12:27:08.449000-05:00,1,,,,,,Control,24.549,8.179,3.0,3.0,,,3.0,3.0,3.0,0.0,0.0,0.0,0.0,0.0,0.0,1.0,2.0,1.0,21.44,5.3555,1.0,9126635
PSA25TA,307269,2020-09-02 19:23:13.302000-04:00,,2020-09-04 14:08:47.936000-04:00,2020-09-04 14:20:15.382000-04:00,2,,,,,,Treatment 1,374.919,124.964333333333,3.0,3.0,,,3.0,3.0,3.0,0.0,0.0,0.0,0.0,0.0,0.0,1.0,2.0,1.0,162.818,76.626,1.0,4823812
PSA25TA,308309,2020-07-20 19:36:29.230000-04:00,2020-07-22 19:38:00-04:00,2020-07-21 12:41:41.196000-04:00,2020-07-21 12:53:51.796000-04:00,1,,,,,,Treatment 2,37.382,12.4546666666667,3.0,3.0,,,3.0,3.0,3.0,0.0,0.0,0.0,0.0,0.0,0.0,1.0,2.0,1.0,579.299,194.948,1.0,3965729
PSA25TA,308614,2020-09-02 19:23:13.302000-04:00,,2020-09-04 14:07:37.664000-04:00,2020-09-04 14:33:49.225000-04:00,1,,,,,,Treatment 2,539.619,179.867666666667,3.0,3.0,,,3.0,3.0,3.0,0.0,0.0,0.0,0.0,0.0,0.0,1.0,2.0,1.0,420.472,200.9235,1.0,4823627
PSA25TA,310359,2020-06-03 12:00:00-04:00,2020-06-12 17:00:00-04:00,2020-06-04 11:15:49.760000-04:00,2020-06-04 11:20:14.053000-04:00,1,,,,,,Control,139.041,46.3426666666667,3.0,3.0,,,3.0,3.0,3.0,0.0,0.0,0.0,0.0,0.0,0.0,1.0,2.0,2.0,93.319,46.656,1.0,3804849
PSA25TA,311419,2020-08-21 00:12:00-04:00,2020-08-24 00:14:00-04:00,2020-08-21 11:26:16.503000-04:00,2020-08-21 18:01:20.140000-04:00,3,,,,,,Control,21294.179,7098.05666666667,3.0,3.0,,,3.0,3.0,3.0,0.0,0.0,0.0,0.0,0.0,0.0,2.0,2.0,1.0,146.792,61.285,1.0,4169204
PSA25TA,315274,2020-08-21 00:12:00-04:00,2020-08-24 00:14:00-04:00,2020-08-21 14:18:23.059000-04:00,2020-08-21 14:43:21.352000-04:00,1,,,,,,Treatment 2,1353.5,82.2151111111111,9.0,7.0,2.0,,8.0,18.0,9.0,0.0,0.0,0.0,0.0,0.0,1.0,1.0,2.0,1.0,79.155,25.192,1.0,4180000
PSA25TA,316769,2020-05-11 09:00:00-04:00,,2020-05-11 17:40:20.552000-04:00,2020-05-11 18:21:58.169000-04:00,1,,,,,,Control,2022.083,90.372,8.0,5.0,1.0,,8.0,15.0,8.0,0.0,0.0,0.0,0.0,0.0,1.0,1.0,2.0,1.0,347.124,19.087,1.0,3125101
PSA25TA,320475,2020-05-15 03:00:00-04:00,2020-05-15 18:00:00-04:00,2020-05-15 12:37:15.697000-04:00,2020-05-15 12:41:51.169000-04:00,1,,,,,,Treatment 1,61.528,20.4986666666667,3.0,3.0,,,3.0,3.0,3.0,0.0,0.0,0.0,0.0,0.0,0.0,1.0,2.0,1.0,174.241,58.559,1.0,3327098
PSA25TA,325138,2020-07-21 10:00:00-04:00,2020-07-21 16:00:00-04:00,2020-07-21 13:23:02.009000-04:00,2020-07-21 13:30:06.967000-04:00,1,,,,,,Treatment 2,141.635,47.206,3.0,3.0,,,3.0,3.0,3.0,0.0,0.0,0.0,0.0,0.0,0.0,1.0,2.0,2.0,92.477,46.231,1.0,3965844
PSA25TA,326952,2020-10-22 10:57:04.429000-04:00,,2020-10-27 12:33:53.891000-04:00,2020-10-27 12:34:49.781000-04:00,1,,,,,,Control,11.323,3.77066666666667,3.0,3.0,,,3.0,3.0,3.0,0.0,0.0,0.0,0.0,0.0,0.0,1.0,2.0,1.0,23.099,6.4755,1.0,8638423
PSA25TA,328676,2020-05-06 07:00:00-04:00,2020-05-13 22:00:00-04:00,2020-05-12 15:05:09.493000-04:00,2020-05-12 15:13:18.070000-04:00,2,,,,,,Treatment 2,148.1,23.9408333333333,6.0,5.0,1.0,,6.0,7.0,6.0,0.0,0.0,0.0,0.0,0.0,0.0,1.0,2.0,1.0,285.271,42.4595,2.0,3181240
PSA25TA,328729,2020-05-06 07:00:00-04:00,2020-05-13 22:00:00-04:00,2020-05-07 08:40:32.999000-04:00,2020-05-07 09:10:11.308000-04:00,1,,,,,,Treatment 3,36.631,12.1896666666667,3.0,3.0,,,3.0,3.0,3.0,0.0,0.0,0.0,0.0,0.0,0.0,1.0,2.0,0.0,1309.435,363.4995,1.0,2959931
PSA25TA,329196,2020-08-21 00:12:00-04:00,2020-08-24 00:14:00-04:00,2020-08-21 14:11:59.309000-04:00,2020-08-21 14:43:08.133000-04:00,1,,,,,,Treatment 1,545.007,181.661666666667,3.0,3.0,,,3.0,3.0,3.0,0.0,0.0,0.0,0.0,0.0,0.0,1.0,2.0,1.0,1247.757,502.282,1.0,4179628
PSA25TA,329556,2020-05-06 07:00:00-04:00,2020-05-13 22:00:00-04:00,2020-05-07 08:32:36.991000-04:00,2020-05-07 09:23:56.259000-04:00,5,,,,,,Treatment 2,1971.017,656.994666666667,3.0,3.0,,,3.0,3.0,3.0,0.0,0.0,0.0,0.0,0.0,0.0,3.0,2.0,2.0,1060.922,530.4515,2.0,2959555
PSA25TA,331382,2020-08-21 00:12:00-04:00,2020-08-24 00:14:00-04:00,2020-08-21 16:22:52.953000-04:00,2020-08-21 16:50:38.549000-04:00,1,,,,,,Control,1105.132,152.507714285714,7.0,5.0,1.0,,6.0,8.0,7.0,0.0,0.0,0.0,0.0,0.0,1.0,1.0,2.0,0.0,509.898,163.6855,1.0,4184724
PSA25TA,331831,2020-05-06 07:00:00-04:00,2020-05-13 22:00:00-04:00,2020-05-12 16:23:58.312000-04:00,2020-05-12 16:33:53.528000-04:00,1,,,,,,Treatment 2,178.215,59.3956666666667,3.0,3.0,,,3.0,3.0,3.0,0.0,0.0,0.0,0.0,0.0,0.0,1.0,2.0,2.0,336.739,168.363,1.0,3186097
PSA25TA,332977,2020-05-06 07:00:00-04:00,2020-05-13 22:00:00-04:00,2020-05-11 18:46:54.168000-04:00,2020-05-11 18:53:34.745000-04:00,1,,,,,,Control,175.25,58.411,3.0,3.0,,,3.0,3.0,3.0,0.0,0.0,0.0,0.0,0.0,0.0,1.0,2.0,2.0,135.204,67.598,1.0,3127685
PSA25TA,334175,2020-05-06 07:00:00-04:00,2020-05-13 22:00:00-04:00,2020-05-07 11:22:44.085000-04:00,,6,,,,,,Treatment 1,354.678,10.337,4.0,1.0,1.0,,1.0,3.0,4.0,0.0,0.0,0.0,0.0,0.0,2.0,3.0,,,,,,2976815
PSA25TA,341128,2020-06-08 19:51:13.336000-04:00,2020-06-10 19:51:00-04:00,2020-06-08 22:26:48.300000-04:00,2020-06-10 22:33:19.313000-04:00,3,,,,,,Treatment 2,171233.182,57077.713,3.0,3.0,,,3.0,3.0,3.0,0.0,0.0,0.0,0.0,0.0,0.0,2.0,2.0,2.0,1320.107,660.0485,1.0,3857182
PSA25TA,345760,2020-06-08 19:51:13.336000-04:00,2020-06-10 19:51:00-04:00,2020-06-09 08:18:15.844000-04:00,2020-06-09 08:31:09.766000-04:00,2,,,,,,Treatment 3,151.878,29.637,4.0,3.0,1.0,,4.0,5.0,4.0,0.0,0.0,0.0,0.0,0.0,0.0,1.0,2.0,1.0,411.221,34.3965,1.0,3858572
PSA25TA,345775,2020-06-08 19:51:13.336000-04:00,2020-06-10 19:51:00-04:00,2020-06-09 10:07:16.237000-04:00,2020-06-09 10:12:03.858000-04:00,1,,,,,,Treatment 3,89.914,29.9653333333333,3.0,3.0,,,3.0,3.0,3.0,0.0,0.0,0.0,0.0,0.0,0.0,1.0,2.0,2.0,120.87,60.4285,1.0,3861645
PSA25TA,346323,2020-06-08 19:51:13.336000-04:00,2020-06-10 19:51:00-04:00,2020-06-10 18:00:47.132000-04:00,2020-06-10 18:15:01.014000-04:00,1,,,,,,Treatment 2,512.909,66.2866,5.0,4.0,1.0,,5.0,6.0,5.0,0.0,0.0,0.0,0.0,0.0,0.0,1.0,2.0,1.0,274.403,76.7985,1.0,3888129
PSA25TA,348777,2020-06-08 19:51:13.336000-04:00,2020-06-10 19:51:00-04:00,2020-06-09 07:07:27.238000-04:00,2020-06-09 07:18:14.219000-04:00,2,,,,,,Treatment 2,399.528,8.89128571428571,14.0,3.0,1.0,,4.0,20.0,14.0,0.0,0.0,0.0,0.0,0.0,8.0,2.0,2.0,1.0,38.936,13.216,1.0,3858191
PSA25TA,349710,2020-06-15 09:00:00-04:00,2020-06-16 10:30:00-04:00,2020-06-15 12:53:49.489000-04:00,,1,,,,,,Treatment 3,,,1.0,,,,,0.0,1.0,0.0,0.0,0.0,0.0,0.0,0.0,1.0,,,,,,3918240
PSA25TA,350600,2020-09-16 10:03:42.170000-04:00,2020-09-16 10:05:00-04:00,2020-09-16 10:06:08.464000-04:00,2020-09-16 11:57:40.302000-04:00,11,,,,,,Treatment 1,263.43,87.803,3.0,3.0,,,3.0,3.0,3.0,0.0,0.0,0.0,0.0,0.0,0.0,1.0,2.0,1.0,6338.538,43.5905,2.0,5532469
PSA25TA,351397,2020-09-02 19:23:13.302000-04:00,,2020-09-03 16:17:38.756000-04:00,2020-09-04 15:18:22.895000-04:00,2,,,,,,Treatment 1,333.98,47.78075,4.0,3.0,1.0,,4.0,5.0,4.0,0.0,0.0,0.0,0.0,0.0,0.0,1.0,2.0,1.0,685.853,131.785,1.0,4830172
PSA25TA,351766,2020-05-06 07:00:00-04:00,2020-05-13 22:00:00-04:00,2020-05-09 07:02:34.083000-04:00,2020-05-09 07:05:10.137000-04:00,1,,,,,,Treatment 3,54.911,18.297,3.0,3.0,,,3.0,3.0,3.0,0.0,0.0,0.0,0.0,0.0,0.0,1.0,2.0,2.0,47.53,23.7575,1.0,3059545
PSA25TA,355433,2020-06-08 19:51:13.336000-04:00,2020-06-10 19:51:00-04:00,2020-06-09 09:21:53.434000-04:00,2020-06-14 13:26:17.332000-04:00,4,,,,,,Treatment 1,446576.205,12.421,4.0,3.0,1.0,,3.0,10.0,4.0,0.0,0.0,0.0,0.0,0.0,1.0,2.0,2.0,2.0,49.45,24.7215,1.0,3859944
PSA25TA,357586,2020-10-14 08:02:47.203000-04:00,2020-10-15 08:04:00-04:00,2020-10-14 08:40:32.969000-04:00,2020-10-14 08:48:58.505000-04:00,1,,,,,,Treatment 1,336.751,60.8954,5.0,4.0,1.0,,5.0,6.0,5.0,0.0,0.0,0.0,0.0,0.0,0.0,1.0,2.0,0.0,123.599,10.8475,1.0,7744672
PSA25TA,359965,2020-05-06 07:00:00-04:00,2020-05-13 22:00:00-04:00,2020-05-07 16:27:34.893000-04:00,2020-05-07 16:43:51.415000-04:00,1,,,,,,Control,546.272,182.084,3.0,3.0,,,3.0,3.0,3.0,0.0,0.0,0.0,0.0,0.0,0.0,1.0,2.0,0.0,292.813,32.021,1.0,3006553
PSA25TA,363099,2021-03-30 16:36:40.512000-04:00,2021-04-17 16:38:00-04:00,2021-03-30 16:45:09.201000-04:00,2021-03-30 16:48:10.490000-04:00,1,,,,,,Treatment 1,29.878,9.951,3.0,3.0,,,3.0,3.0,3.0,0.0,0.0,0.0,0.0,0.0,0.0,1.0,2.0,1.0,121.049,41.9725,1.0,15168938
PSA25TA,368101,2020-06-03 12:00:00-04:00,2020-06-12 17:00:00-04:00,2020-06-07 20:34:05.789000-04:00,2020-06-07 20:43:59.025000-04:00,1,,,,,,Treatment 1,333.572,111.182333333333,3.0,3.0,,,3.0,3.0,3.0,0.0,0.0,0.0,0.0,0.0,0.0,1.0,2.0,1.0,221.516,98.4745,1.0,3837388
PSA25TA,369699,2020-05-29 11:00:00-04:00,2020-05-29 22:00:00-04:00,2020-05-29 11:11:54.205000-04:00,2020-05-29 11:20:02.874000-04:00,1,,,,,,Treatment 3,220.473,38.6876,5.0,4.0,1.0,,5.0,7.0,5.0,0.0,0.0,0.0,0.0,0.0,0.0,1.0,2.0,1.0,229.964,69.4675,1.0,3696289
PSA25TA,372790,2020-05-29 11:00:00-04:00,2020-05-29 22:00:00-04:00,2020-05-29 13:44:13.847000-04:00,2020-05-29 13:52:42.085000-04:00,1,,,,,,Treatment 1,210.312,35.4184,5.0,4.0,1.0,,5.0,6.0,5.0,0.0,0.0,0.0,0.0,0.0,0.0,1.0,2.0,1.0,263.032,65.5705,1.0,3702532
PSA25TA,373651,2020-05-15 13:52:13.688000-04:00,2020-05-29 13:54:00-04:00,2020-05-17 19:51:40.388000-04:00,2020-05-17 19:53:59.087000-04:00,1,,,,,,Treatment 3,67.288,22.427,3.0,3.0,,,3.0,3.0,3.0,0.0,0.0,0.0,0.0,0.0,0.0,1.0,2.0,2.0,43.075,21.536,1.0,3352710
PSA25TA,373767,2020-05-15 13:52:13.688000-04:00,2020-05-29 13:54:00-04:00,2020-05-18 08:43:09.866000-04:00,2020-05-18 08:50:12.629000-04:00,1,,,,,,Treatment 3,283.397,94.4346666666667,3.0,3.0,,,3.0,3.0,3.0,0.0,0.0,0.0,0.0,0.0,0.0,1.0,2.0,2.0,95.426,47.6985,1.0,3357488
PSA25TA,375041,2020-07-01 18:42:19.185000-04:00,2020-07-09 18:43:00-04:00,2020-07-01 19:27:51.894000-04:00,2020-07-01 19:38:20.494000-04:00,1,,,,,,Treatment 3,340.982,113.657333333333,3.0,3.0,,,3.0,3.0,3.0,0.0,0.0,0.0,0.0,0.0,0.0,1.0,2.0,2.0,245.276,122.635,1.0,3948246
PSA25TA,376225,2020-05-29 11:00:00-04:00,2020-05-29 22:00:00-04:00,2020-05-29 12:42:12.806000-04:00,2020-05-29 12:51:50.228000-04:00,1,,,,,,Control,35.94,11.9753333333333,3.0,3.0,,,3.0,3.0,3.0,0.0,0.0,0.0,0.0,0.0,0.0,1.0,2.0,1.0,223.005,26.348,1.0,3700066
PSA25TA,377654,2020-06-08 19:51:13.336000-04:00,2020-06-10 19:51:00-04:00,2020-06-09 11:48:15.809000-04:00,2020-06-09 12:05:13.486000-04:00,1,,,,,,Control,642.098,214.027333333333,3.0,3.0,,,3.0,3.0,3.0,0.0,0.0,0.0,0.0,0.0,0.0,1.0,2.0,1.0,346.517,125.3455,1.0,3865240
PSA25TA,378572,2020-05-29 11:00:00-04:00,2020-05-29 22:00:00-04:00,2020-05-29 13:26:26-04:00,2020-05-29 13:32:59.381000-04:00,1,,,,,,Treatment 3,120.822,40.2666666666667,3.0,3.0,,,3.0,3.0,3.0,0.0,0.0,0.0,0.0,0.0,0.0,1.0,2.0,2.0,240.145,120.0655,1.0,3701889
PSA25TA,378630,2020-05-29 11:00:00-04:00,2020-05-29 22:00:00-04:00,2020-05-29 11:33:40.089000-04:00,2020-05-29 11:42:51.080000-04:00,1,,,,,,Treatment 3,133.129,44.363,3.0,3.0,,,3.0,3.0,3.0,0.0,0.0,0.0,0.0,0.0,0.0,1.0,2.0,1.0,359.195,144.9765,1.0,3697175
PSA25TA,378750,2020-05-29 11:00:00-04:00,2020-05-29 22:00:00-04:00,2020-05-29 20:25:06.832000-04:00,2020-05-29 20:28:27.394000-04:00,1,,,,,,Control,95.076,31.685,3.0,3.0,,,3.0,3.0,3.0,0.0,0.0,0.0,0.0,0.0,0.0,1.0,2.0,2.0,73.698,36.8435,1.0,3709179
PSA25TA,378753,2020-05-29 11:00:00-04:00,2020-05-29 22:00:00-04:00,2020-05-29 12:42:12.186000-04:00,,1,,,,,,Treatment 2,89.442,29.8086666666667,3.0,3.0,,,3.0,3.0,3.0,0.0,0.0,0.0,0.0,0.0,0.0,1.0,2.0,1.0,265.75,115.8395,1.0,3700065
PSA25TA,378782,2020-05-29 11:00:00-04:00,2020-05-29 22:00:00-04:00,2020-05-29 12:51:19.993000-04:00,2020-05-29 12:54:34.045000-04:00,1,,,,,,Treatment 2,108.488,36.161,3.0,3.0,,,3.0,3.0,3.0,0.0,0.0,0.0,0.0,0.0,0.0,1.0,2.0,2.0,38.857,19.427,1.0,3700448
PSA25TA,378792,2020-05-29 11:00:00-04:00,2020-05-29 22:00:00-04:00,2020-05-29 16:01:14.543000-04:00,2020-05-29 16:06:06.969000-04:00,1,,,,,,Treatment 3,116.372,38.7773333333333,3.0,3.0,,,3.0,3.0,3.0,0.0,0.0,0.0,0.0,0.0,0.0,1.0,2.0,2.0,134.701,67.3395,1.0,3706009
PSA25TA,378875,2020-05-29 11:00:00-04:00,2020-05-29 22:00:00-04:00,2020-05-29 11:52:20.844000-04:00,2020-05-29 11:55:40.254000-04:00,1,,,,,,Treatment 1,76.612,25.536,3.0,3.0,,,3.0,3.0,3.0,0.0,0.0,0.0,0.0,0.0,0.0,1.0,2.0,2.0,91.862,45.9295,1.0,3697964
PSA25TA,378922,2020-05-29 11:00:00-04:00,2020-05-29 22:00:00-04:00,2020-05-29 12:32:16.514000-04:00,2020-05-29 12:33:28.159000-04:00,1,,,,,,Treatment 1,27.218,9.06666666666667,3.0,3.0,,,3.0,3.0,3.0,0.0,0.0,0.0,0.0,0.0,0.0,1.0,2.0,2.0,19.942,9.962,1.0,3699676
PSA25TA,378923,2020-05-29 11:00:00-04:00,2020-05-29 22:00:00-04:00,2020-05-29 13:27:12.760000-04:00,2020-05-29 13:28:48.382000-04:00,1,,,,,,Treatment 2,46.294,15.4283333333333,3.0,3.0,,,3.0,3.0,3.0,0.0,0.0,0.0,0.0,0.0,0.0,1.0,2.0,2.0,24.999,12.497,1.0,3701916
PSA25TA,378965,2020-05-29 11:00:00-04:00,2020-05-29 22:00:00-04:00,2020-05-29 12:17:40.692000-04:00,2020-05-29 12:28:32.960000-04:00,1,,,,,,Control,64.148,21.3796666666667,3.0,3.0,,,3.0,3.0,3.0,0.0,0.0,0.0,0.0,0.0,0.0,1.0,2.0,2.0,58.884,29.44,1.0,3699056
PSA25TA,378973,2020-05-29 11:00:00-04:00,2020-05-29 22:00:00-04:00,2020-05-29 13:06:16.663000-04:00,2020-05-29 15:13:41.085000-04:00,2,,,,,,Treatment 2,6796.466,2265.48066666667,3.0,3.0,,,3.0,3.0,3.0,0.0,0.0,0.0,0.0,0.0,0.0,2.0,2.0,2.0,144.061,72.0245,1.0,3701079
PSA25TA,379208,2020-05-29 11:00:00-04:00,2020-05-29 22:00:00-04:00,2020-05-29 11:03:29.058000-04:00,2020-05-29 11:09:27.392000-04:00,1,,,,,,Treatment 3,212.568,40.65775,4.0,3.0,1.0,,4.0,5.0,4.0,0.0,0.0,0.0,0.0,0.0,0.0,1.0,2.0,2.0,127.486,63.74,1.0,3695917
PSA25TA,379365,2020-05-29 11:00:00-04:00,2020-05-29 22:00:00-04:00,2020-05-29 17:14:32.133000-04:00,2020-05-29 17:17:06.482000-04:00,1,,,,,,Treatment 3,45.626,15.2063333333333,3.0,3.0,,,3.0,3.0,3.0,0.0,0.0,0.0,0.0,0.0,0.0,1.0,2.0,2.0,88.948,44.4715,1.0,3707192
PSA25TA,379399,2020-05-29 11:00:00-04:00,2020-05-29 22:00:00-04:00,2020-05-29 15:58:33.801000-04:00,2020-05-29 16:12:21.310000-04:00,1,,,,,,Treatment 3,661.746,220.575666666667,3.0,3.0,,,3.0,3.0,3.0,0.0,0.0,0.0,0.0,0.0,0.0,1.0,2.0,2.0,113.143,56.566,1.0,3705952
PSA25TA,379461,2020-05-29 11:00:00-04:00,2020-05-29 22:00:00-04:00,2020-05-29 13:20:11.017000-04:00,2020-05-29 13:23:00.255000-04:00,1,,,,,,Treatment 2,71.625,23.87,3.0,3.0,,,3.0,3.0,3.0,0.0,0.0,0.0,0.0,0.0,0.0,1.0,2.0,2.0,59.617,29.8055,1.0,3701641
PSA25TA,379615,2020-05-29 11:00:00-04:00,2020-05-29 22:00:00-04:00,2020-05-29 18:21:47.823000-04:00,2020-05-29 18:37:54.753000-04:00,1,,,,,,Control,133.534,44.506,3.0,3.0,,,3.0,3.0,3.0,0.0,0.0,0.0,0.0,0.0,0.0,1.0,2.0,2.0,767.011,383.5005,1.0,3708061
PSA25TA,380147,2020-05-06 07:00:00-04:00,2020-05-13 22:00:00-04:00,2020-05-20 10:45:39.847000-04:00,2020-05-20 10:51:26.172000-04:00,1,,,,,,Treatment 3,184.46,41.96475,4.0,3.0,1.0,,4.0,5.0,4.0,0.0,0.0,0.0,0.0,0.0,0.0,1.0,2.0,1.0,125.941,24.358,1.0,3470352
PSA25TA,382454,2021-01-07 08:27:32.579000-05:00,2021-01-07 23:59:00-05:00,2021-01-29 09:35:13.139000-05:00,,1,,,,,,Treatment 3,175.476,16.00625,4.0,2.0,1.0,,4.0,11.0,4.0,0.0,0.0,0.0,0.0,0.0,2.0,1.0,,,,,,12799598
PSA25TA,390982,2020-10-01 08:51:00-04:00,2020-10-02 08:53:00-04:00,2020-10-01 09:24:06.844000-04:00,2020-10-01 09:34:34.974000-04:00,1,,,,,,Treatment 1,438.103,21.75325,8.0,6.0,2.0,,8.0,20.0,8.0,0.0,0.0,0.0,0.0,0.0,2.0,1.0,2.0,1.0,127.884,45.995,1.0,6855895
PSA25TA,396807,2020-07-05 13:47:15.146000-04:00,,2020-07-22 14:15:26.667000-04:00,2020-07-22 14:20:29.781000-04:00,1,,,,,,Treatment 2,177.831,59.2703333333333,3.0,3.0,,,3.0,3.0,3.0,0.0,0.0,0.0,0.0,0.0,0.0,1.0,2.0,2.0,89.212,44.601,1.0,3967561
PSA25TA,397320,2020-07-21 15:40:45.153000-04:00,,2020-07-22 12:01:49.065000-04:00,2020-07-22 13:09:19.174000-04:00,1,,,,,,Treatment 3,210.833,70.2726666666667,3.0,3.0,,,3.0,3.0,3.0,0.0,0.0,0.0,0.0,0.0,0.0,1.0,2.0,2.0,280.226,140.1095,1.0,3967243
PSA25TA,397330,2020-07-05 13:47:15.146000-04:00,,2020-07-21 12:45:27.412000-04:00,2020-07-21 12:54:05.452000-04:00,1,,,,,,Control,237.789,79.257,3.0,3.0,,,3.0,3.0,3.0,0.0,0.0,0.0,0.0,0.0,0.0,1.0,2.0,2.0,249.34,124.664,1.0,3965745
PSA25TA,397421,2020-07-05 13:47:15.146000-04:00,,2020-07-21 12:40:14.676000-04:00,2020-07-21 12:49:15.049000-04:00,1,,,,,,Treatment 3,81.884,27.248,3.0,3.0,,,3.0,3.0,3.0,0.0,0.0,0.0,0.0,0.0,0.0,1.0,2.0,1.0,400.145,118.16,1.0,3965721
PSA25TA,397424,2020-07-05 13:47:15.146000-04:00,,2020-07-21 12:40:15.474000-04:00,2020-07-21 12:49:30.704000-04:00,1,,,,,,Treatment 1,264.163,88.0443333333333,3.0,3.0,,,3.0,3.0,3.0,0.0,0.0,0.0,0.0,0.0,0.0,1.0,2.0,1.0,118.806,53.0975,1.0,3965723
PSA25TA,397715,2020-07-05 13:47:15.146000-04:00,,2020-07-21 12:50:23.034000-04:00,2020-07-21 13:07:21.611000-04:00,1,,,,,,Treatment 2,594.179,63.02175,4.0,3.0,1.0,,3.0,5.0,4.0,0.0,0.0,0.0,0.0,0.0,1.0,1.0,2.0,1.0,308.79,114.6985,1.0,3965772
PSA25TA,397865,2020-07-21 15:40:45.153000-04:00,,2020-07-22 22:38:45.345000-04:00,2020-07-22 22:43:53.841000-04:00,1,,,,,,Treatment 3,59.045,19.6743333333333,3.0,3.0,,,3.0,3.0,3.0,0.0,0.0,0.0,0.0,0.0,0.0,1.0,2.0,1.0,223.948,96.634,1.0,3968160
PSA25TA,397993,2020-07-21 10:00:00-04:00,2020-07-21 16:00:00-04:00,2020-07-21 12:35:45.372000-04:00,2020-07-21 12:52:59.558000-04:00,3,,,,,,Treatment 3,97.971,32.651,3.0,3.0,,,3.0,3.0,3.0,0.0,0.0,0.0,0.0,0.0,0.0,1.0,2.0,1.0,813.523,165.9065,2.0,3965704
PSA25TA,398006,2020-07-21 15:40:45.153000-04:00,,2020-07-22 13:00:00.053000-04:00,2020-07-22 13:13:34.116000-04:00,1,,,,,,Treatment 1,355.699,118.562666666667,3.0,3.0,,,3.0,3.0,3.0,0.0,0.0,0.0,0.0,0.0,0.0,1.0,2.0,2.0,397.197,198.5925,1.0,3967386
PSA25TA,398152,2020-07-21 11:27:00-04:00,,2020-07-21 14:34:36.530000-04:00,2020-07-21 14:40:25.599000-04:00,1,,,,,,Treatment 2,171.822,57.2716666666667,3.0,3.0,,,3.0,3.0,3.0,0.0,0.0,0.0,0.0,0.0,0.0,1.0,2.0,2.0,120.248,60.1225,1.0,3966010
PSA25TA,398206,2020-07-21 11:27:00-04:00,,2020-07-21 17:46:48.970000-04:00,2020-07-22 14:37:36.144000-04:00,3,,,,,,Control,769.271,256.411666666667,3.0,3.0,,,3.0,3.0,3.0,0.0,0.0,0.0,0.0,0.0,0.0,1.0,2.0,1.0,74159.752,37069.1285,3.0,3966394
PSA25TA,398248,2020-07-21 11:27:00-04:00,,2020-07-21 13:17:53.444000-04:00,2020-07-21 13:28:51.516000-04:00,1,,,,,,Treatment 3,285.958,31.9191428571429,7.0,4.0,2.0,,6.0,9.0,7.0,0.0,0.0,0.0,0.0,0.0,1.0,1.0,2.0,2.0,203.11,101.5445,1.0,3965833
PSA25TA,398252,2020-07-21 11:27:00-04:00,,2020-07-21 16:03:37.576000-04:00,2020-07-21 16:31:38.418000-04:00,1,,,,,,Treatment 3,180.035,60.0026666666667,3.0,3.0,,,3.0,3.0,3.0,0.0,0.0,0.0,0.0,0.0,0.0,1.0,2.0,0.0,1415.835,144.1065,1.0,3966255
PSA25TA,398586,2020-07-21 11:27:00-04:00,,2020-07-21 13:19:54.330000-04:00,2020-07-21 13:24:05.640000-04:00,2,,,,,,Treatment 2,62.785,20.9253333333333,3.0,3.0,,,3.0,3.0,3.0,0.0,0.0,0.0,0.0,0.0,0.0,1.0,2.0,2.0,42.047,21.021,1.0,3965839
PSA25TA,398613,2020-07-21 11:27:00-04:00,,2020-07-21 14:22:38.138000-04:00,2020-07-21 14:25:12.918000-04:00,1,,,,,,Treatment 1,27.938,9.30966666666667,3.0,3.0,,,3.0,3.0,3.0,0.0,0.0,0.0,0.0,0.0,0.0,1.0,2.0,1.0,90.572,29.821,1.0,3965988
PSA25TA,398614,2020-07-21 11:27:00-04:00,,2020-07-21 14:25:17.943000-04:00,,1,,,,,,Treatment 2,298.822,99.6003333333333,3.0,3.0,,,3.0,3.0,3.0,0.0,0.0,0.0,0.0,0.0,0.0,1.0,,,,,,3965993
PSA25TA,398648,2020-07-21 11:27:00-04:00,,2020-07-21 16:08:18.043000-04:00,2020-07-21 16:17:53.234000-04:00,2,,,,,,Treatment 1,357.603,119.198,3.0,3.0,,,3.0,3.0,3.0,0.0,0.0,0.0,0.0,0.0,0.0,1.0,2.0,2.0,180.277,90.1345,2.0,3966268
PSA25TA,398669,2020-07-21 11:27:00-04:00,,2020-07-23 16:29:52.651000-04:00,2020-07-23 17:29:03.600000-04:00,1,,,,,,Control,195.778,65.256,3.0,3.0,,,3.0,3.0,3.0,0.0,0.0,0.0,0.0,0.0,0.0,1.0,2.0,1.0,3241.612,393.673,1.0,3969411
PSA25TA,398670,2020-07-21 11:27:00-04:00,,2020-07-21 17:10:08.417000-04:00,2020-07-21 17:18:47.186000-04:00,1,,,,,,Treatment 2,379.4,60.85,6.0,5.0,1.0,,6.0,7.0,6.0,0.0,0.0,0.0,0.0,0.0,0.0,1.0,2.0,2.0,87.656,43.826,1.0,3966351
PSA25TA,398671,2020-07-21 11:27:00-04:00,,2020-07-21 17:15:24.854000-04:00,2020-07-21 17:27:07.984000-04:00,1,,,,,,Treatment 3,118.839,39.61,3.0,3.0,,,3.0,3.0,3.0,0.0,0.0,0.0,0.0,0.0,0.0,1.0,2.0,0.0,528.275,153.316,1.0,3966357
PSA25TA,398693,2020-07-21 11:27:00-04:00,,2020-07-22 00:21:19.586000-04:00,2020-07-22 00:32:54.742000-04:00,1,,,,,,Control,381.128,127.036333333333,3.0,3.0,,,3.0,3.0,3.0,0.0,0.0,0.0,0.0,0.0,0.0,1.0,2.0,2.0,262.013,131.0,1.0,3966710
PSA25TA,398908,2020-07-21 11:27:00-04:00,,2020-07-21 15:12:56.595000-04:00,,2,,,,,,Treatment 2,204.433,85.6405,2.0,1.0,,,2.0,3.0,2.0,0.0,0.0,0.0,0.0,0.0,0.0,2.0,,,,,,3966114
PSA25TA,407399,2020-08-12 09:54:12.755000-04:00,,2020-08-12 14:24:09.642000-04:00,,2,,,,,,Control,45.739,15.2403333333333,3.0,3.0,,,3.0,3.0,3.0,0.0,0.0,0.0,0.0,0.0,0.0,1.0,2.0,1.0,183.782,51.106,2.0,4021502
PSA25TA,415899,2020-10-05 12:26:00-04:00,2020-10-09 12:28:00-04:00,2021-02-11 15:02:16.872000-05:00,2021-02-11 15:12:50.034000-05:00,1,,,,,,Treatment 1,239.038,79.6726666666667,3.0,3.0,,,3.0,3.0,3.0,0.0,0.0,0.0,0.0,0.0,0.0,1.0,2.0,1.0,357.507,168.415,1.0,13437194
PSA25TA,416104,2020-10-05 12:26:00-04:00,2020-10-09 12:28:00-04:00,2020-10-05 12:39:22.441000-04:00,2020-10-05 12:52:05.847000-04:00,1,,,,,,Control,230.201,76.726,3.0,3.0,,,3.0,3.0,3.0,0.0,0.0,0.0,0.0,0.0,0.0,1.0,2.0,0.0,495.301,194.7365,1.0,7111290
PSA25TA,425491,2020-10-09 21:00:00-04:00,,2020-10-13 14:14:20.697000-04:00,,1,,,,,,Control,,,1.0,,,,,0.0,1.0,0.0,0.0,0.0,0.0,0.0,0.0,1.0,,,,,,7704484
PSA25TA,431033,2020-10-06 08:23:36.481000-04:00,2020-10-09 08:25:00-04:00,2020-10-06 09:55:18.472000-04:00,2020-10-06 10:00:34.957000-04:00,1,,,,,,Treatment 3,187.269,62.419,3.0,3.0,,,3.0,3.0,3.0,0.0,0.0,0.0,0.0,0.0,0.0,1.0,2.0,2.0,74.443,37.219,1.0,7189385
PSA25TA,438093,2020-10-09 21:00:00-04:00,,2020-10-11 17:16:19.287000-04:00,,1,,,,,,Treatment 2,18.696,2.89,1.0,0.0,,,0.0,1.0,1.0,0.0,0.0,0.0,0.0,0.0,1.0,1.0,,,,,,7567600
PSA25TA,438189,2020-10-06 08:23:36.481000-04:00,2020-10-09 08:25:00-04:00,2020-10-06 09:06:00.881000-04:00,2020-10-06 09:12:12.032000-04:00,1,,,,,,Treatment 3,217.864,17.0741666666667,6.0,0.0,0.0,,2.0,11.0,6.0,0.0,0.0,0.0,0.0,0.0,3.0,1.0,2.0,0.0,93.65,15.145,1.0,7180693
PSA25TA,438324,2020-10-06 08:23:36.481000-04:00,2020-10-09 08:25:00-04:00,2020-10-06 10:13:58.050000-04:00,2020-10-06 10:18:28.010000-04:00,1,,,,,,Treatment 2,97.791,32.588,3.0,3.0,,,3.0,3.0,3.0,0.0,0.0,0.0,0.0,0.0,0.0,1.0,2.0,1.0,133.819,62.194,1.0,7193175
PSA25TA,438401,2020-10-06 08:23:36.481000-04:00,2020-10-09 08:25:00-04:00,2020-10-06 11:25:20.253000-04:00,2020-10-06 11:32:20.787000-04:00,1,,,,,,Treatment 2,255.537,85.1726666666667,3.0,3.0,,,3.0,3.0,3.0,0.0,0.0,0.0,0.0,0.0,0.0,1.0,2.0,2.0,113.136,56.563,1.0,7208625
PSA25TA,438524,2020-10-06 08:23:36.481000-04:00,2020-10-09 08:25:00-04:00,2020-10-06 09:05:13.674000-04:00,2020-10-06 09:21:08.855000-04:00,1,,,,,,Treatment 3,747.55,249.176666666667,3.0,3.0,,,3.0,3.0,3.0,0.0,0.0,0.0,0.0,0.0,0.0,1.0,2.0,2.0,155.729,77.859,1.0,7180567
PSA25TA,439416,2021-03-01 14:30:00-05:00,2021-03-02 14:32:00-05:00,2021-03-01 15:01:01.646000-05:00,2021-03-01 15:07:11.029000-05:00,1,,,,,,Treatment 2,250.005,60.9905,4.0,3.0,1.0,,4.0,5.0,4.0,0.0,0.0,0.0,0.0,0.0,0.0,1.0,2.0,2.0,100.111,50.053,1.0,14068073
PSA25TA,439710,2021-03-01 14:30:00-05:00,2021-03-02 14:32:00-05:00,2021-03-01 15:35:55.880000-05:00,,3,,,,,,Treatment 1,264585.958,5.315,1.0,0.0,,,0.0,2.0,1.0,0.0,0.0,0.0,0.0,0.0,1.0,2.0,,,,,,14071397
PSA25TA,442955,2020-10-09 21:00:00-04:00,,2020-10-13 22:38:44.893000-04:00,2020-10-13 22:42:53.704000-04:00,1,,,,,,Treatment 3,124.784,41.591,3.0,3.0,,,3.0,3.0,3.0,0.0,0.0,0.0,0.0,0.0,0.0,1.0,2.0,2.0,85.282,42.637,1.0,7739244
PSA25TA,443895,2020-10-05 12:26:00-04:00,2020-10-09 12:28:00-04:00,2020-12-03 11:05:40.545000-05:00,,1,,,,,,Treatment 2,,,1.0,,,,,0.0,1.0,0.0,0.0,0.0,0.0,0.0,0.0,1.0,,,,,,10616696
PSA25TA,445983,2020-10-06 08:23:36.481000-04:00,2020-10-09 08:25:00-04:00,2020-10-06 09:19:57.793000-04:00,2020-10-06 09:25:24.086000-04:00,1,,,,,,Treatment 1,91.169,30.3826666666667,3.0,3.0,,,3.0,3.0,3.0,0.0,0.0,0.0,0.0,0.0,0.0,1.0,2.0,0.0,183.899,39.033,1.0,7182858
PSA25TA,451777,2020-10-06 08:23:36.481000-04:00,2020-10-09 08:25:00-04:00,2020-10-06 11:11:12.257000-04:00,,4,,,,,,Treatment 1,257811.571,46.311,1.0,0.0,,,1.0,8.0,1.0,0.0,0.0,0.0,0.0,0.0,1.0,2.0,,,,,,7205342
PSA25TA,453373,2020-10-27 15:59:27.130000-04:00,,2020-10-28 13:10:42.755000-04:00,,1,,,,,,Treatment 3,160.637,53.5403333333333,3.0,3.0,,,3.0,3.0,3.0,0.0,0.0,0.0,0.0,0.0,0.0,1.0,,,,,,8746417
PSA25TA,453378,2020-10-27 15:59:27.130000-04:00,,2020-10-28 13:11:59.967000-04:00,2020-10-28 13:13:20.389000-04:00,1,,,,,,Control,34.394,7.1235,4.0,3.0,1.0,,4.0,5.0,4.0,0.0,0.0,0.0,0.0,0.0,0.0,1.0,2.0,2.0,20.162,10.075,1.0,8746635
PSA25TA,453380,2020-10-27 15:59:27.130000-04:00,,2020-10-28 13:14:29.189000-04:00,,1,,,,,,Treatment 3,101.239,22.446,4.0,3.0,1.0,,4.0,5.0,4.0,0.0,0.0,0.0,0.0,0.0,0.0,1.0,1.0,,,,1.0,8747100
PSA25TA,453381,2020-10-27 15:59:27.130000-04:00,,2020-10-28 13:05:58.285000-04:00,2020-10-28 13:06:40.568000-04:00,1,,,,,,Treatment 2,19.502,6.49066666666667,3.0,3.0,,,3.0,3.0,3.0,0.0,0.0,0.0,0.0,0.0,0.0,1.0,2.0,2.0,8.306,4.1495,1.0,8745438
PSA25TA,453447,2020-10-27 15:59:27.130000-04:00,,2020-10-28 13:12:27.562000-04:00,2020-10-28 13:14:34.561000-04:00,1,,,,,,Treatment 2,47.949,15.9783333333333,3.0,3.0,,,3.0,3.0,3.0,0.0,0.0,0.0,0.0,0.0,0.0,1.0,2.0,2.0,52.834,26.412,1.0,8746713
PSA25TA,453548,2020-09-29 11:53:32.740000-04:00,2020-10-09 11:55:00-04:00,2021-04-21 19:18:08.628000-04:00,,1,,,,,,Treatment 2,,,1.0,,,,,0.0,1.0,0.0,0.0,0.0,0.0,0.0,0.0,1.0,,,,,,15776433
PSA25TA,453568,2020-10-22 10:57:04.429000-04:00,,2020-10-30 12:18:05.205000-04:00,2020-10-30 12:20:10.413000-04:00,1,,,,,,Treatment 1,37.552,12.514,3.0,3.0,,,3.0,3.0,3.0,0.0,0.0,0.0,0.0,0.0,0.0,1.0,2.0,1.0,51.683,19.034,1.0,8901707
PSA25TA,453570,2020-10-22 10:57:04.428000-04:00,,2020-11-05 12:24:26.843000-05:00,2020-11-05 12:27:08.049000-05:00,1,,,,,,Treatment 2,35.655,6.69225,4.0,3.0,1.0,,4.0,5.0,4.0,0.0,0.0,0.0,0.0,0.0,0.0,1.0,2.0,1.0,112.774,5.1305,1.0,9213525
PSA25TA,453573,2020-09-29 11:53:32.740000-04:00,2020-10-09 11:55:00-04:00,2020-09-29 12:07:13.991000-04:00,,1,,,,,,Treatment 2,146.692,28.8205,4.0,3.0,1.0,,4.0,5.0,4.0,0.0,0.0,0.0,0.0,0.0,0.0,1.0,2.0,1.0,110.241,45.964,1.0,6652721
PSA25TA,453574,2020-09-29 11:53:32.740000-04:00,2020-10-09 11:55:00-04:00,2020-09-30 11:43:38.427000-04:00,2020-09-30 11:44:48.341000-04:00,1,,,,,,Treatment 3,17.942,5.97766666666667,3.0,3.0,,,3.0,3.0,3.0,0.0,0.0,0.0,0.0,0.0,0.0,1.0,2.0,1.0,24.067,9.0615,1.0,6769986
PSA25TA,453576,2020-10-22 10:57:04.429000-04:00,,2020-10-27 12:43:35.229000-04:00,2020-10-30 10:00:18.072000-04:00,2,,,,,,Treatment 3,249356.551,83118.8463333333,3.0,3.0,,,3.0,3.0,3.0,0.0,0.0,0.0,0.0,0.0,0.0,2.0,2.0,2.0,20.815,10.4035,1.0,8640513
PSA25TA,453577,2020-10-22 10:57:04.429000-04:00,,2020-10-30 12:19:28.930000-04:00,2020-10-30 12:22:17.830000-04:00,1,,,,,,Treatment 2,14.772,4.92033333333333,3.0,3.0,,,3.0,3.0,3.0,0.0,0.0,0.0,0.0,0.0,0.0,1.0,2.0,1.0,137.979,53.767,1.0,8901845
PSA25TA,453578,2020-10-22 10:57:04.429000-04:00,,2020-10-30 12:27:08.819000-04:00,2020-10-30 12:32:58.440000-04:00,1,,,,,,Treatment 2,141.515,47.1673333333333,3.0,3.0,,,3.0,3.0,3.0,0.0,0.0,0.0,0.0,0.0,0.0,1.0,2.0,0.0,185.063,67.011,1.0,8902740
PSA25TA,453579,2020-10-22 10:57:04.429000-04:00,,2020-10-30 12:26:19.861000-04:00,2020-10-30 12:28:31.282000-04:00,1,,,,,,Treatment 1,9.7,3.231,3.0,3.0,,,3.0,3.0,3.0,0.0,0.0,0.0,0.0,0.0,0.0,1.0,2.0,0.0,103.835,15.7245,1.0,8902637
PSA25TA,453581,2020-10-22 10:57:04.429000-04:00,,2020-12-09 12:29:36.629000-05:00,2020-12-09 12:36:34.960000-05:00,1,,,,,,Treatment 3,18.615,6.20133333333333,3.0,3.0,,,3.0,3.0,3.0,0.0,0.0,0.0,0.0,0.0,0.0,1.0,2.0,1.0,362.325,17.74,1.0,10976006
PSA25TA,453587,2020-10-22 10:57:04.429000-04:00,,2020-10-30 12:29:44.344000-04:00,2020-10-30 12:33:35.425000-04:00,1,,,,,,Treatment 1,80.38,26.7863333333333,3.0,3.0,,,3.0,3.0,3.0,0.0,0.0,0.0,0.0,0.0,0.0,1.0,2.0,1.0,124.007,35.813,1.0,8903035
PSA25TA,453590,2020-10-22 10:57:04.429000-04:00,,2020-11-06 12:18:52.083000-05:00,2020-11-06 12:22:47.657000-05:00,2,,,,,,Treatment 2,84.262,28.0826666666667,3.0,3.0,,,3.0,3.0,3.0,0.0,0.0,0.0,0.0,0.0,0.0,1.0,2.0,1.0,129.854,44.1275,2.0,9298979
PSA25TA,454016,2020-10-27 15:59:27.130000-04:00,,2020-10-29 13:10:51.467000-04:00,2020-10-30 11:16:38.656000-04:00,3,,,,,,Treatment 1,71.413,23.8013333333333,3.0,3.0,,,3.0,3.0,3.0,0.0,0.0,0.0,0.0,0.0,0.0,1.0,2.0,1.0,79448.36,70.254,2.0,8834393
PSA25TA,454027,2020-10-27 15:59:27.130000-04:00,,2020-10-30 11:25:59.610000-04:00,2020-10-30 11:32:37.216000-04:00,1,,,,,,Treatment 2,309.54,45.3415,6.0,4.0,2.0,,6.0,8.0,6.0,0.0,0.0,0.0,0.0,0.0,0.0,1.0,2.0,2.0,35.487,17.7355,1.0,8895561
PSA25TA,454029,2020-10-27 15:59:27.130000-04:00,,2020-11-10 13:09:05.958000-05:00,,1,,,,,,Control,108.354,22.43925,4.0,3.0,1.0,,4.0,5.0,4.0,0.0,0.0,0.0,0.0,0.0,0.0,1.0,2.0,0.0,228.225,156.942,1.0,9491950
PSA25TA,454030,2020-10-27 15:59:27.130000-04:00,,2020-11-05 12:48:10.534000-05:00,2020-11-10 12:55:24.789000-05:00,2,,,,,,Treatment 1,432345.657,108061.843,4.0,3.0,1.0,,4.0,8.0,4.0,0.0,0.0,0.0,0.0,0.0,1.0,2.0,2.0,1.0,63.486,10.916,1.0,9217991
PSA25TA,454031,2020-10-27 15:59:27.130000-04:00,,2020-11-10 12:58:44.030000-05:00,,1,,,,,,Control,102.213,34.065,3.0,3.0,,,3.0,3.0,3.0,0.0,0.0,0.0,0.0,0.0,0.0,1.0,1.0,0.0,65.596,47.331,1.0,9489676
PSA25TA,454032,2020-10-27 15:59:27.130000-04:00,,2020-10-29 12:57:44.912000-04:00,,1,,,,,,Treatment 2,18.216,6.06666666666667,3.0,3.0,,,3.0,3.0,3.0,0.0,0.0,0.0,0.0,0.0,0.0,1.0,2.0,1.0,195.905,36.9655,1.0,8831977
PSA25TA,454034,2020-10-27 15:59:27.130000-04:00,,2020-11-05 12:57:31.351000-05:00,,1,,,,,,Treatment 1,,,1.0,,,,,0.0,1.0,0.0,0.0,0.0,0.0,0.0,0.0,1.0,,,,,,9219671
PSA25TA,454035,2020-10-27 15:59:27.130000-04:00,,2020-11-05 12:49:47.788000-05:00,2020-11-05 12:52:11.601000-05:00,1,,,,,,Treatment 3,71.333,23.773,3.0,3.0,,,3.0,3.0,3.0,0.0,0.0,0.0,0.0,0.0,0.0,1.0,2.0,2.0,38.03,19.009,1.0,9218296
PSA25TA,454038,2020-10-27 15:59:27.130000-04:00,,2020-10-30 11:16:10.023000-04:00,2020-10-30 11:17:26.977000-04:00,1,,,,,,Control,30.085,10.022,3.0,3.0,,,3.0,3.0,3.0,0.0,0.0,0.0,0.0,0.0,0.0,1.0,2.0,2.0,11.192,5.5925,1.0,8894347
PSA25TA,454039,2020-10-27 15:59:27.130000-04:00,,2020-10-30 10:50:40.086000-04:00,2020-10-30 10:53:48.752000-04:00,1,,,,,,Treatment 3,81.417,18.0755,4.0,3.0,1.0,,4.0,5.0,4.0,0.0,0.0,0.0,0.0,0.0,1.0,1.0,2.0,1.0,85.418,10.5805,1.0,8891447
PSA25TA,454040,2020-10-27 15:59:27.130000-04:00,,2020-10-29 12:55:00.664000-04:00,2020-10-29 12:59:00.317000-04:00,1,,,,,,Treatment 3,115.417,38.4673333333333,3.0,3.0,,,3.0,3.0,3.0,0.0,0.0,0.0,0.0,0.0,0.0,1.0,2.0,1.0,82.65,18.676,1.0,8831482
PSA25TA,454043,2020-10-27 15:59:27.130000-04:00,,2020-10-30 11:24:32.420000-04:00,,1,,,,,,Control,,,1.0,,,,,0.0,1.0,0.0,0.0,0.0,0.0,0.0,0.0,1.0,,,,,,8895409
PSA25TA,454044,2020-10-27 15:59:27.130000-04:00,,2020-11-05 12:49:26.843000-05:00,2020-11-05 12:53:39.467000-05:00,1,,,,,,Control,180.113,60.0316666666667,3.0,3.0,,,3.0,3.0,3.0,0.0,0.0,0.0,0.0,0.0,0.0,1.0,2.0,1.0,53.285,23.5555,1.0,9218237
PSA25TA,454047,2020-10-27 15:59:27.130000-04:00,,2020-11-10 13:03:16.852000-05:00,,1,,,,,,Treatment 2,168.718,56.2343333333333,3.0,3.0,,,3.0,3.0,3.0,0.0,0.0,0.0,0.0,0.0,0.0,1.0,,,,,,9490670
PSA25TA,454050,2020-10-27 15:59:27.130000-04:00,,2020-10-29 12:54:20.074000-04:00,2020-10-29 13:13:10.130000-04:00,1,,,,,,Treatment 3,391.285,130.421666666667,3.0,3.0,,,3.0,3.0,3.0,0.0,0.0,0.0,0.0,0.0,0.0,1.0,2.0,2.0,688.9,344.4455,1.0,8831359
PSA25TA,454259,2020-10-09 21:00:00-04:00,,2020-10-13 20:38:41.100000-04:00,,4,,,,,,Treatment 2,3110.257,976.252,2.0,0.0,,,1.0,7.0,2.0,0.0,0.0,0.0,0.0,0.0,1.0,2.0,,,,,,7736127
PSA25TA,454817,2020-09-29 11:53:32.741000-04:00,2020-10-09 11:55:00-04:00,2020-10-08 13:27:31.269000-04:00,,1,,,,,,Treatment 1,93.253,46.488,1.0,0.0,,,1.0,2.0,1.0,0.0,0.0,0.0,0.0,0.0,0.0,1.0,,,,,,7447493
PSA25TA,454820,2020-10-27 15:59:27.130000-04:00,,2020-11-04 13:59:58.299000-05:00,2020-11-04 14:02:37.360000-05:00,1,,,,,,Treatment 2,90.187,30.0586666666667,3.0,3.0,,,3.0,3.0,3.0,0.0,0.0,0.0,0.0,0.0,0.0,1.0,2.0,2.0,36.407,18.2,1.0,9142619
PSA25TA,454821,2020-10-27 15:59:27.130000-04:00,,2020-11-04 14:00:17.392000-05:00,2020-11-04 14:07:39.483000-05:00,1,,,,,,Control,191.894,63.9583333333333,3.0,3.0,,,3.0,3.0,3.0,0.0,0.0,0.0,0.0,0.0,0.0,1.0,2.0,1.0,201.674,59.291,1.0,9142706
PSA25TA,454822,2020-10-27 15:59:27.130000-04:00,,2020-11-04 14:01:29.084000-05:00,2020-11-04 14:08:49.501000-05:00,1,,,,,,Treatment 1,202.284,67.4233333333333,3.0,3.0,,,3.0,3.0,3.0,0.0,0.0,0.0,0.0,0.0,0.0,1.0,2.0,1.0,201.441,24.9115,1.0,9142945
PSA25TA,454823,2020-10-27 15:59:27.130000-04:00,,2020-11-06 12:53:45.969000-05:00,2020-11-06 12:56:32.418000-05:00,1,,,,,,Control,70.322,14.28825,4.0,3.0,1.0,,4.0,5.0,4.0,0.0,0.0,0.0,0.0,0.0,0.0,1.0,2.0,1.0,71.96,12.787,1.0,9304015
PSA25TA,454824,2020-10-27 15:59:27.130000-04:00,,2020-11-04 13:58:50.938000-05:00,2020-11-04 14:01:59.431000-05:00,1,,,,,,Treatment 3,59.107,19.6896666666667,3.0,3.0,,,3.0,3.0,3.0,0.0,0.0,0.0,0.0,0.0,0.0,1.0,2.0,1.0,101.389,24.9315,1.0,9142432
PSA25TA,454825,2020-10-27 15:59:27.130000-04:00,,2020-11-04 14:06:42.001000-05:00,,1,,,,,,Treatment 2,255.462,85.146,3.0,3.0,,,3.0,3.0,3.0,0.0,0.0,0.0,0.0,0.0,0.0,1.0,1.0,0.0,118.592,50.525,1.0,9143952
PSA25TA,454826,2020-09-29 11:53:32.741000-04:00,2020-10-09 11:55:00-04:00,2020-10-06 13:29:56.001000-04:00,,1,,,,,,Control,384.461,61.9251666666667,6.0,5.0,1.0,,6.0,7.0,6.0,0.0,0.0,0.0,0.0,0.0,0.0,1.0,2.0,1.0,15.094,15.09,1.0,7236528
PSA25TA,454827,2020-10-27 15:59:27.130000-04:00,,2020-11-04 14:01:18.024000-05:00,2020-11-04 14:07:21.990000-05:00,1,,,,,,Control,37.701,12.562,3.0,3.0,,,3.0,3.0,3.0,0.0,0.0,0.0,0.0,0.0,0.0,1.0,2.0,1.0,294.8,30.441,1.0,9142910
PSA25TA,454829,2020-09-29 11:53:32.741000-04:00,2020-10-09 11:55:00-04:00,2020-10-07 13:43:55.046000-04:00,2020-10-07 13:50:22.972000-04:00,1,,,,,,Control,142.617,47.5333333333333,3.0,3.0,,,3.0,3.0,3.0,0.0,0.0,0.0,0.0,0.0,0.0,1.0,2.0,1.0,184.994,54.537,1.0,7349393
PSA25TA,454832,2020-10-27 15:59:27.130000-04:00,,2020-10-30 12:58:17.204000-04:00,2020-11-06 13:14:19.467000-05:00,2,,,,,,Treatment 2,609191.961,76085.42525,8.0,4.0,2.0,,8.0,14.0,8.0,0.0,0.0,0.0,0.0,0.0,1.0,2.0,2.0,1.0,142.855,33.0695,1.0,8906915
PSA25TA,454835,2020-09-29 11:53:32.741000-04:00,2020-10-09 11:55:00-04:00,2020-10-04 18:26:55.314000-04:00,2020-10-04 18:29:04.769000-04:00,1,,,,,,Treatment 2,44.024,14.6696666666667,3.0,3.0,,,3.0,3.0,3.0,0.0,0.0,0.0,0.0,0.0,0.0,1.0,2.0,1.0,50.088,20.312,1.0,7056906
PSA25TA,454837,2020-09-29 11:53:32.741000-04:00,2020-10-09 11:55:00-04:00,2020-10-09 13:06:22.817000-04:00,,2,,,,,,Treatment 1,199.623,8.35,4.0,1.0,1.0,,4.0,13.0,4.0,0.0,0.0,0.0,0.0,0.0,2.0,2.0,,,,,,7532471
PSA25TA,454838,2020-10-27 15:59:27.130000-04:00,,2020-11-04 14:01:36.999000-05:00,,1,,,,,,Treatment 2,224.343,22.2203333333333,3.0,1.0,0.0,,3.0,10.0,3.0,0.0,0.0,0.0,0.0,0.0,1.0,1.0,,,,,,9142974
PSA25TA,454839,2020-10-27 15:59:27.130000-04:00,,2020-11-06 12:54:25.878000-05:00,2020-11-06 12:59:58.084000-05:00,1,,,,,,Treatment 1,66.303,22.0963333333333,3.0,3.0,,,3.0,3.0,3.0,0.0,0.0,0.0,0.0,0.0,0.0,1.0,2.0,1.0,228.251,31.9375,1.0,9304117
PSA25TA,455516,2020-10-06 08:23:36.481000-04:00,2020-10-09 08:25:00-04:00,2020-10-06 10:35:15.367000-04:00,,1,,,,,,Treatment 2,83.195,14.554,1.0,0.0,,,1.0,3.0,1.0,0.0,0.0,0.0,0.0,0.0,0.0,1.0,,,,,,7197455
PSA25TA,455553,2020-10-06 08:23:36.481000-04:00,2020-10-09 08:25:00-04:00,2020-10-06 10:48:53.819000-04:00,2020-10-06 10:53:30.138000-04:00,1,,,,,,Treatment 3,140.613,46.866,3.0,3.0,,,3.0,3.0,3.0,0.0,0.0,0.0,0.0,0.0,0.0,1.0,2.0,2.0,84.338,42.1645,1.0,7200339
PSA25TA,457412,2020-10-22 10:57:04.428000-04:00,,2020-11-05 12:16:09.733000-05:00,2020-11-05 12:17:26.890000-05:00,1,,,,,,Control,9.975,3.32133333333333,3.0,3.0,,,3.0,3.0,3.0,0.0,0.0,0.0,0.0,0.0,0.0,1.0,2.0,1.0,54.56,11.845,1.0,9212099
PSA25TA,457417,2020-10-22 10:57:04.428000-04:00,,2020-11-05 12:16:20.429000-05:00,2020-11-05 12:17:36.112000-05:00,1,,,,,,Treatment 2,15.327,5.10633333333333,3.0,3.0,,,3.0,3.0,3.0,0.0,0.0,0.0,0.0,0.0,0.0,1.0,2.0,1.0,33.796,12.8355,1.0,9212144
PSA25TA,457419,2020-10-22 10:57:04.428000-04:00,,2020-10-29 12:33:21.992000-04:00,2020-10-29 12:36:20.417000-04:00,1,,,,,,Treatment 3,149.939,28.98675,4.0,3.0,1.0,,4.0,5.0,4.0,0.0,0.0,0.0,0.0,0.0,0.0,1.0,2.0,2.0,11.01,5.5025,1.0,8827598
PSA25TA,457421,2020-10-22 10:57:04.428000-04:00,,2020-11-05 12:26:21.291000-05:00,2020-11-05 12:28:11.275000-05:00,1,,,,,,Treatment 2,13.821,4.604,3.0,3.0,,,3.0,3.0,3.0,0.0,0.0,0.0,0.0,0.0,0.0,1.0,2.0,1.0,77.529,17.2385,1.0,9213900
PSA25TA,457422,2020-10-22 10:57:04.428000-04:00,,2020-11-05 12:21:13.034000-05:00,2020-11-05 12:25:31.316000-05:00,1,,,,,,Treatment 3,81.894,27.293,3.0,3.0,,,3.0,3.0,3.0,0.0,0.0,0.0,0.0,0.0,0.0,1.0,2.0,0.0,147.167,35.9415,1.0,9213008
PSA25TA,457423,2020-10-22 10:57:04.428000-04:00,,2020-11-05 12:34:40.849000-05:00,2020-11-05 12:36:41.833000-05:00,1,,,,,,Treatment 2,68.746,22.9116666666667,3.0,3.0,,,3.0,3.0,3.0,0.0,0.0,0.0,0.0,0.0,0.0,1.0,2.0,2.0,28.534,14.263,1.0,9215475
PSA25TA,457424,2020-10-22 10:57:04.428000-04:00,,2020-11-05 12:27:06.732000-05:00,2020-11-05 12:29:26.274000-05:00,1,,,,,,Treatment 1,33.01,11.0,3.0,3.0,,,3.0,3.0,3.0,0.0,0.0,0.0,0.0,0.0,0.0,1.0,2.0,1.0,82.829,24.242,1.0,9214041
PSA25TA,457426,2020-10-22 10:57:04.428000-04:00,,2020-11-19 12:43:28.386000-05:00,,1,,,,,,Control,,,1.0,,,,,0.0,1.0,0.0,0.0,0.0,0.0,0.0,0.0,1.0,,,,,,10083575
PSA25TA,457427,2020-10-22 10:57:04.429000-04:00,,2020-10-30 12:34:34.529000-04:00,2020-10-30 12:36:36.027000-04:00,1,,,,,,Treatment 2,30.72,10.236,3.0,3.0,,,3.0,3.0,3.0,0.0,0.0,0.0,0.0,0.0,0.0,1.0,2.0,1.0,71.999,11.5315,1.0,8903687
PSA25TA,457434,2020-10-22 10:57:04.428000-04:00,,2020-11-19 12:29:44.557000-05:00,2020-11-19 12:33:05.807000-05:00,1,,,,,,Treatment 1,36.623,12.204,3.0,3.0,,,3.0,3.0,3.0,0.0,0.0,0.0,0.0,0.0,0.0,1.0,2.0,1.0,139.444,14.1275,1.0,10081023
PSA25TA,457436,2020-10-22 10:57:04.428000-04:00,,2020-10-29 12:42:08.355000-04:00,2020-11-05 12:18:25.278000-05:00,2,,,,,,Treatment 3,68.085,22.6906666666667,3.0,3.0,,,3.0,3.0,3.0,0.0,0.0,0.0,0.0,0.0,0.0,1.0,2.0,0.0,606884.861,11.109,2.0,8829226
PSA25TA,458412,2020-10-27 15:59:27.130000-04:00,,2020-10-28 13:11:18.530000-04:00,2020-10-28 13:14:48.900000-04:00,1,,,,,,Control,79.682,26.5546666666667,3.0,3.0,,,3.0,3.0,3.0,0.0,0.0,0.0,0.0,0.0,0.0,1.0,2.0,2.0,87.092,43.543,1.0,8746521
PSA25TA,462684,2020-08-26 14:43:29.405000-04:00,2020-08-27 18:00:00-04:00,2020-08-26 14:48:39.448000-04:00,2020-08-26 14:54:14.211000-04:00,2,,,,,,Control,203.793,20.3044,5.0,3.0,1.0,,5.0,11.0,5.0,0.0,0.0,0.0,0.0,0.0,1.0,1.0,2.0,0.0,100.064,16.1255,1.0,4324929
PSA25TA,462713,2020-08-26 14:43:29.405000-04:00,2020-08-27 18:00:00-04:00,2020-08-26 14:43:33.417000-04:00,2020-08-26 14:44:44.438000-04:00,1,,,,,,Control,18.358,6.11566666666667,3.0,3.0,,,3.0,3.0,3.0,0.0,0.0,0.0,0.0,0.0,0.0,1.0,2.0,2.0,24.02,12.0075,1.0,4324481
PSA25TA,462883,2020-08-26 14:43:29.405000-04:00,2020-08-27 18:00:00-04:00,2020-08-26 14:48:21.359000-04:00,2020-08-26 14:54:24.920000-04:00,2,,,,,,Treatment 1,112.2,37.3946666666667,3.0,3.0,,,3.0,3.0,3.0,0.0,0.0,0.0,0.0,0.0,0.0,1.0,2.0,2.0,104.489,52.237,1.0,4324886
PSA25TA,462884,2020-08-26 14:43:29.405000-04:00,2020-08-27 18:00:00-04:00,2020-08-26 14:46:55.961000-04:00,2020-08-26 15:02:50.286000-04:00,1,,,,,,Treatment 3,735.751,245.244,3.0,3.0,,,3.0,3.0,3.0,0.0,0.0,0.0,0.0,0.0,0.0,1.0,2.0,1.0,182.816,84.7435,1.0,4324760
PSA25TA,462960,2020-08-26 14:43:29.405000-04:00,2020-08-27 18:00:00-04:00,2020-08-26 14:44:08.391000-04:00,,7,,,,,,Treatment 2,72738.158,41.694,1.0,0.0,,,1.0,8.0,1.0,0.0,0.0,0.0,0.0,0.0,1.0,2.0,,,,,,4324542
PSA25TA,463128,2020-08-26 14:43:29.405000-04:00,2020-08-27 18:00:00-04:00,2020-08-26 14:50:22.634000-04:00,2020-08-26 20:20:14.113000-04:00,3,,,,,,Treatment 1,19646.957,31.0861666666667,6.0,4.0,2.0,,6.0,17.0,6.0,0.0,0.0,0.0,0.0,0.0,2.0,2.0,2.0,2.0,110.205,55.087,1.0,4325093
PSA25TA,463310,2020-08-26 14:43:29.405000-04:00,2020-08-27 18:00:00-04:00,2020-08-26 15:33:58.563000-04:00,2020-08-26 21:36:03.372000-04:00,2,,,,,,Treatment 2,21395.125,85.241,5.0,3.0,1.0,,4.0,8.0,5.0,0.0,0.0,0.0,0.0,0.0,1.0,2.0,2.0,1.0,266.669,94.2805,1.0,4328913
PSA25TA,463368,2020-08-26 14:43:29.405000-04:00,2020-08-27 18:00:00-04:00,2020-08-26 14:48:08.853000-04:00,2020-08-26 14:51:20.255000-04:00,1,,,,,,Treatment 1,67.87,22.611,3.0,3.0,,,3.0,3.0,3.0,0.0,0.0,0.0,0.0,0.0,0.0,1.0,2.0,1.0,89.538,43.3205,1.0,4324869
PSA25TA,463423,2020-08-26 14:43:29.405000-04:00,2020-08-27 18:00:00-04:00,2020-08-26 15:14:40.507000-04:00,2020-08-26 15:26:36.306000-04:00,2,,,,,,Treatment 1,521.851,40.9098333333333,6.0,5.0,1.0,,6.0,9.0,6.0,0.0,0.0,0.0,0.0,0.0,1.0,2.0,2.0,2.0,148.921,74.456,1.0,4327291
PSA25TA,464466,2020-08-21 00:12:00-04:00,2020-08-24 00:14:00-04:00,2020-08-21 14:28:25.564000-04:00,2020-08-21 14:37:08.995000-04:00,1,,,,,,Control,193.116,64.3666666666667,3.0,3.0,,,3.0,3.0,3.0,0.0,0.0,0.0,0.0,0.0,0.0,1.0,2.0,2.0,288.106,144.0485,1.0,4180549
PSA25TA,464670,2020-09-02 19:23:13.302000-04:00,,2020-09-16 11:32:21.061000-04:00,2020-09-16 13:04:26.364000-04:00,2,,,,,,Treatment 1,4931.459,1203.18025,4.0,3.0,1.0,,4.0,5.0,4.0,0.0,0.0,0.0,0.0,0.0,0.0,2.0,2.0,1.0,524.726,139.1285,1.0,5552342
PSA25TA,465063,2020-10-22 10:57:04.428000-04:00,,2020-11-05 12:30:10.546000-05:00,2020-11-05 12:32:35.112000-05:00,1,,,,,,Treatment 1,83.052,19.737,4.0,3.0,1.0,,4.0,5.0,4.0,0.0,0.0,0.0,0.0,0.0,0.0,1.0,2.0,1.0,44.545,10.8435,1.0,9214610
PSA25TA,466125,2020-08-21 19:31:23.230000-04:00,,2020-08-26 22:48:05.322000-04:00,2020-08-26 22:52:48.899000-04:00,1,,,,,,Treatment 1,152.617,50.8676666666667,3.0,3.0,,,3.0,3.0,3.0,0.0,0.0,0.0,0.0,0.0,0.0,1.0,2.0,2.0,84.655,42.3185,1.0,4341492
PSA25TA,470584,2020-09-02 19:23:13.302000-04:00,,2020-09-03 10:40:07.217000-04:00,2020-09-04 11:57:21.880000-04:00,2,,,,,,Treatment 1,1316.125,54.2923333333333,6.0,2.0,0.0,,3.0,11.0,6.0,0.0,0.0,0.0,0.0,0.0,1.0,1.0,2.0,2.0,1303.62,651.809,1.0,4715078
PSA25TA,475062,2020-10-22 10:57:04.428000-04:00,,2020-10-29 12:38:10.135000-04:00,2020-10-29 12:42:28.151000-04:00,1,,,,,,Treatment 3,195.109,65.0233333333333,3.0,3.0,,,3.0,3.0,3.0,0.0,0.0,0.0,0.0,0.0,0.0,1.0,2.0,2.0,37.959,18.974,1.0,8828525
PSA25TA,475516,2021-03-01 14:30:00-05:00,2021-03-02 14:32:00-05:00,2021-03-01 15:11:47.555000-05:00,2021-03-01 15:23:23.994000-05:00,1,,,,,,Control,86.955,28.9833333333333,3.0,3.0,,,3.0,3.0,3.0,0.0,0.0,0.0,0.0,0.0,0.0,1.0,2.0,2.0,514.401,257.1995,1.0,14069117
PSA25TA,479472,2020-08-21 19:31:23.230000-04:00,,2020-08-30 21:39:29.374000-04:00,2020-08-30 21:46:36.616000-04:00,1,,,,,,Treatment 2,32.694,10.885,3.0,3.0,,,3.0,3.0,3.0,0.0,0.0,0.0,0.0,0.0,0.0,1.0,2.0,1.0,351.894,113.7375,1.0,4457110
PSA25TA,484855,2020-10-27 15:59:27.130000-04:00,,2020-10-29 10:10:59.580000-04:00,,1,,,,,,Not Assigned,,,,,,,,,,,,,,,,,,,,,,8802934
PSA25TA,484905,2020-10-27 15:59:27.130000-04:00,,2020-10-28 12:57:19.932000-04:00,2020-10-28 12:59:46.132000-04:00,1,,,,,,Treatment 3,86.331,28.773,3.0,3.0,,,3.0,3.0,3.0,0.0,0.0,0.0,0.0,0.0,0.0,1.0,2.0,2.0,41.199,20.5965,1.0,8743788
PSA25TA,488201,2020-10-27 15:59:27.130000-04:00,,2020-11-04 13:59:39.037000-05:00,2020-11-04 14:02:08.080000-05:00,1,,,,,,Treatment 1,40.128,13.3716666666667,3.0,3.0,,,3.0,3.0,3.0,0.0,0.0,0.0,0.0,0.0,0.0,1.0,2.0,1.0,72.836,29.5615,1.0,9142573
PSA25TA,493543,2021-03-01 14:30:00-05:00,2021-03-02 14:32:00-05:00,2021-03-01 14:36:20.461000-05:00,2021-03-01 14:40:49.180000-05:00,1,,,,,,Treatment 1,70.996,23.661,3.0,3.0,,,3.0,3.0,3.0,0.0,0.0,0.0,0.0,0.0,0.0,1.0,2.0,1.0,163.549,27.377,1.0,14065307
PSA25TA,495770,2021-03-01 14:30:00-05:00,2021-03-02 14:32:00-05:00,2021-03-01 14:44:05.520000-05:00,2021-03-01 14:52:22.565000-05:00,2,,,,,,Treatment 3,373.724,90.069,4.0,3.0,1.0,,4.0,5.0,4.0,0.0,0.0,0.0,0.0,0.0,1.0,2.0,2.0,2.0,84.893,42.4405,1.0,14066123
PSA25TA,514081,2020-10-06 08:23:36.481000-04:00,2020-10-09 08:25:00-04:00,2020-10-06 09:42:01.409000-04:00,,2,,,,,,Treatment 2,262483.874,87468.3706666667,4.0,0.0,0.0,,0.0,8.0,4.0,0.0,0.0,0.0,0.0,0.0,3.0,2.0,,,,,,7186840
PSA25TA,524911,2020-10-30 12:58:45.593000-04:00,,2020-11-04 13:16:47.884000-05:00,2020-11-12 13:06:54.638000-05:00,2,,,,,,Treatment 1,690510.957,86312.946,8.0,7.0,1.0,,8.0,9.0,8.0,0.0,0.0,0.0,0.0,0.0,0.0,2.0,2.0,2.0,54.969,27.4805,1.0,9135344
PSA25TA,525604,2020-10-30 12:58:45.593000-04:00,,2020-11-09 13:09:21.733000-05:00,,1,,,,,,Treatment 1,115.997,20.4895,4.0,3.0,1.0,,4.0,5.0,4.0,0.0,0.0,0.0,0.0,0.0,0.0,1.0,2.0,1.0,114.733,55.774,1.0,9393673
PSA25TA,525816,2020-10-30 12:58:45.593000-04:00,,2020-11-09 13:11:49.049000-05:00,2020-11-12 13:17:02.064000-05:00,4,,,,,,Treatment 2,258322.67,7.9845,4.0,3.0,1.0,,4.0,7.0,4.0,0.0,0.0,0.0,0.0,0.0,1.0,2.0,2.0,1.0,1163.577,56.306,2.0,9394108
PSA25TA,525825,2020-10-30 12:58:45.593000-04:00,,2020-11-09 13:08:48.294000-05:00,2020-11-09 13:11:59.317000-05:00,1,,,,,,Treatment 1,91.17,12.47225,4.0,3.0,1.0,,4.0,7.0,4.0,0.0,0.0,0.0,0.0,0.0,1.0,1.0,2.0,1.0,70.882,25.6365,1.0,9393566
PSA25TA,525828,2020-10-30 12:58:45.593000-04:00,,2020-11-09 13:03:58.783000-05:00,2020-11-09 13:05:15.928000-05:00,1,,,,,,Treatment 3,23.541,7.84133333333333,3.0,3.0,,,3.0,3.0,3.0,0.0,0.0,0.0,0.0,0.0,0.0,1.0,2.0,1.0,34.804,11.182,1.0,9392572
PSA25TA,525829,2020-10-30 12:58:45.593000-04:00,,2020-11-09 18:29:17.926000-05:00,2020-11-09 18:30:25.672000-05:00,1,,,,,,Control,21.224,7.06866666666667,3.0,3.0,,,3.0,3.0,3.0,0.0,0.0,0.0,0.0,0.0,0.0,1.0,2.0,2.0,22.57,11.278,1.0,9430520
PSA25TA,525830,2020-10-30 12:58:45.593000-04:00,,2020-11-04 13:09:33.819000-05:00,2020-11-04 13:11:32.806000-05:00,1,,,,,,Treatment 3,71.473,23.8173333333333,3.0,3.0,,,3.0,3.0,3.0,0.0,0.0,0.0,0.0,0.0,0.0,1.0,2.0,2.0,29.637,14.8115,1.0,9134214
PSA25TA,525835,2020-10-30 12:58:45.593000-04:00,,2020-11-04 13:14:57.710000-05:00,2020-11-04 13:16:33.514000-05:00,1,,,,,,Treatment 3,37.252,12.4103333333333,3.0,3.0,,,3.0,3.0,3.0,0.0,0.0,0.0,0.0,0.0,0.0,1.0,2.0,2.0,16.222,8.1025,1.0,9135022
PSA25TA,525845,2020-10-30 12:58:45.593000-04:00,,2020-11-09 13:02:09.674000-05:00,,1,,,,,,Treatment 3,10.228,3.404,3.0,3.0,,,3.0,3.0,3.0,0.0,0.0,0.0,0.0,0.0,0.0,1.0,1.0,0.0,81.063,6.2,1.0,9392202
PSA25TA,525850,2020-10-30 12:58:45.593000-04:00,,2020-11-09 13:03:46.070000-05:00,2020-11-09 13:07:31.334000-05:00,1,,,,,,Treatment 3,150.401,36.113,4.0,3.0,1.0,,4.0,5.0,4.0,0.0,0.0,0.0,0.0,0.0,0.0,1.0,2.0,2.0,43.298,21.6415,1.0,9392523
PSA25TA,525854,2020-10-30 12:58:45.593000-04:00,,2020-11-09 13:12:09.066000-05:00,2020-11-09 13:16:06.988000-05:00,1,,,,,,Treatment 1,73.305,24.4286666666667,3.0,3.0,,,3.0,3.0,3.0,0.0,0.0,0.0,0.0,0.0,0.0,1.0,2.0,1.0,131.186,45.4595,1.0,9394164
PSA25TA,525871,2020-10-30 12:58:45.593000-04:00,,2020-11-09 13:27:54.828000-05:00,2020-11-12 12:50:33.045000-05:00,2,,,,,,Control,252265.26,28015.9321111111,9.0,5.0,2.0,,9.0,14.0,9.0,0.0,0.0,0.0,0.0,0.0,0.0,2.0,2.0,2.0,24.129,12.0575,1.0,9397183
PSA25TA,527134,2020-10-30 12:58:45.592000-04:00,,2020-12-10 20:15:25.791000-05:00,2020-12-10 20:19:02.619000-05:00,1,,,,,,Treatment 2,79.863,26.6173333333333,3.0,3.0,,,3.0,3.0,3.0,0.0,0.0,0.0,0.0,0.0,0.0,1.0,2.0,2.0,119.555,59.7745,1.0,11095682
PSA25TA,527153,2020-10-30 12:58:45.592000-04:00,,2020-11-10 12:49:03.166000-05:00,2020-11-10 12:53:04.579000-05:00,2,,,,,,Control,14.262,4.75133333333333,3.0,3.0,,,3.0,3.0,3.0,0.0,0.0,0.0,0.0,0.0,0.0,1.0,2.0,1.0,206.58,5.686,2.0,9487705
PSA25TA,527156,2020-10-30 12:58:45.592000-04:00,,2020-11-05 13:13:51.767000-05:00,2020-11-10 12:50:50.950000-05:00,2,,,,,,Control,44.117,14.6956666666667,3.0,3.0,,,3.0,3.0,3.0,0.0,0.0,0.0,0.0,0.0,0.0,1.0,2.0,0.0,430551.618,26.735,2.0,9222767
PSA25TA,527161,2020-10-30 12:58:45.592000-04:00,,2020-11-19 12:52:38.445000-05:00,,4,,,,,,Treatment 2,920.931,95.127,1.0,0.0,,,0.0,3.0,1.0,0.0,0.0,0.0,0.0,0.0,1.0,2.0,,,,,,10085464
PSA25TA,527172,2020-10-30 12:58:45.592000-04:00,,2020-11-10 13:05:52.413000-05:00,2020-11-10 13:08:03.421000-05:00,1,,,,,,Treatment 3,42.962,14.3123333333333,3.0,3.0,,,3.0,3.0,3.0,0.0,0.0,0.0,0.0,0.0,0.0,1.0,2.0,1.0,61.249,9.715,1.0,9491252
PSA25TA,527182,2020-10-30 12:58:45.592000-04:00,,2020-11-19 13:14:23.428000-05:00,2020-11-25 09:48:57.097000-05:00,2,,,,,,Control,76.05,25.343,3.0,3.0,,,3.0,3.0,3.0,0.0,0.0,0.0,0.0,0.0,0.0,1.0,2.0,2.0,505957.489,252978.737,2.0,10089496
PSA25TA,527191,2020-10-30 12:58:45.592000-04:00,,2020-11-10 13:00:32.921000-05:00,2020-11-10 13:12:52.912000-05:00,1,,,,,,Treatment 1,369.584,68.7776,5.0,4.0,1.0,,5.0,6.0,5.0,0.0,0.0,0.0,0.0,0.0,0.0,1.0,2.0,1.0,341.082,44.9905,1.0,9490031
PSA25TA,527192,2020-10-30 12:58:45.592000-04:00,,2020-12-02 13:16:10.938000-05:00,,1,,,,,,Not Assigned,,,,,,,,,,,,,,,,,,,,,,10552259
PSA25TA,527968,2020-10-05 12:26:00-04:00,2020-10-09 12:28:00-04:00,2021-02-03 20:50:58.990000-05:00,,1,,,,,,Control,,,1.0,,,,,0.0,1.0,0.0,0.0,0.0,0.0,0.0,0.0,1.0,,,,,,13056788
PSA25TA,530098,2020-10-30 12:58:45.594000-04:00,,2020-11-11 13:02:34.306000-05:00,,1,,,,,,Treatment 2,43.682,24.325,1.0,0.0,,,1.0,2.0,1.0,0.0,0.0,0.0,0.0,0.0,1.0,1.0,,,,,,9565835
PSA25TA,530134,2020-10-30 12:58:45.594000-04:00,,2020-11-11 13:18:38.391000-05:00,,1,,,,,,Not Assigned,,,,,,,,,,,,,,,,,,,,,,9567329
PSA25TA,530135,2020-10-30 12:58:45.594000-04:00,,2020-11-11 13:10:01.096000-05:00,,1,,,,,,Treatment 3,608.065,57.9265714285714,7.0,2.0,1.0,,7.0,12.0,7.0,0.0,0.0,0.0,0.0,0.0,0.0,1.0,,,,,,9566585
PSA25TA,530171,2020-10-30 12:58:45.594000-04:00,,2020-11-06 13:01:43.372000-05:00,2020-11-06 13:03:52.020000-05:00,1,,,,,,Treatment 3,44.166,14.7156666666667,3.0,3.0,,,3.0,3.0,3.0,0.0,0.0,0.0,0.0,0.0,0.0,1.0,2.0,1.0,54.424,17.623,1.0,9305338
PSA25TA,534220,2020-10-30 12:58:45.593000-04:00,,2020-11-04 13:13:59.571000-05:00,2020-11-04 13:20:42.708000-05:00,1,,,,,,Treatment 1,115.903,38.626,3.0,3.0,,,3.0,3.0,3.0,0.0,0.0,0.0,0.0,0.0,0.0,1.0,2.0,0.0,257.188,40.981,1.0,9134862
PSA25TA,540399,2020-10-06 08:23:36.481000-04:00,2020-10-09 08:25:00-04:00,2020-10-06 10:32:23.649000-04:00,,1,,,,,,Treatment 3,127.21,42.3943333333333,3.0,3.0,,,3.0,3.0,3.0,0.0,0.0,0.0,0.0,0.0,0.0,1.0,2.0,1.0,359.831,33.5985,1.0,7196939
PSA25TA,546638,2020-10-09 21:00:00-04:00,,2020-10-12 00:01:11.756000-04:00,,1,,,,,,Treatment 3,,,1.0,,,,,0.0,1.0,0.0,0.0,0.0,0.0,0.0,0.0,1.0,,,,,,7571372
PSA25TA,552615,2020-10-30 12:58:45.592000-04:00,,2020-11-19 12:58:46.286000-05:00,2020-11-19 13:01:01.849000-05:00,1,,,,,,Treatment 2,77.053,25.68,3.0,3.0,,,3.0,3.0,3.0,0.0,0.0,0.0,0.0,0.0,0.0,1.0,2.0,2.0,35.532,17.762,1.0,10086522
PSA25TA,555393,2020-09-29 11:53:32.740000-04:00,2020-10-09 11:55:00-04:00,2020-09-29 12:06:10.203000-04:00,,2,,,,,,Treatment 3,159.179,21.5405,6.0,4.0,1.0,,6.0,8.0,6.0,0.0,0.0,0.0,0.0,0.0,0.0,1.0,1.0,0.0,85985.77,31.015,2.0,6652426
PSA25TA,557958,2020-09-19 01:58:23.560000-04:00,2020-09-25 02:00:00-04:00,2020-09-21 21:34:13.036000-04:00,2020-09-21 21:40:30.828000-04:00,1,,,,,,Treatment 1,176.206,58.7263333333333,3.0,3.0,,,3.0,3.0,3.0,0.0,0.0,0.0,0.0,0.0,0.0,1.0,2.0,2.0,152.038,76.013,1.0,5996963
PSA25TA,557999,2020-09-19 01:58:23.560000-04:00,2020-09-25 02:00:00-04:00,2020-09-21 21:36:53.906000-04:00,2020-09-21 21:44:25.960000-04:00,1,,,,,,Treatment 1,164.814,54.931,3.0,3.0,,,3.0,3.0,3.0,0.0,0.0,0.0,0.0,0.0,0.0,1.0,2.0,2.0,224.606,112.2965,1.0,5997073
PSA25TA,558123,2020-09-19 01:58:23.560000-04:00,2020-09-25 02:00:00-04:00,2020-09-22 17:51:33.916000-04:00,2020-09-22 18:12:58.149000-04:00,1,,,,,,Treatment 2,515.53,171.835,3.0,3.0,,,3.0,3.0,3.0,0.0,0.0,0.0,0.0,0.0,0.0,1.0,2.0,2.0,684.569,342.279,1.0,6119332
PSA25TA,558398,2020-09-19 01:58:23.560000-04:00,2020-09-25 02:00:00-04:00,2020-09-28 00:07:29.710000-04:00,2020-09-28 00:09:36.215000-04:00,1,,,,,,Control,40.403,13.4613333333333,3.0,3.0,,,3.0,3.0,3.0,0.0,0.0,0.0,0.0,0.0,0.0,1.0,2.0,1.0,49.529,18.123,1.0,6491603
PSA25TA,558404,2020-09-19 01:58:23.560000-04:00,2020-09-25 02:00:00-04:00,2020-10-07 15:13:41.092000-04:00,,1,,,,,,Not Assigned,,,,,,,,,,,,,,,,,,,,,,7365580
PSA25TA,558421,2020-09-19 01:58:23.560000-04:00,2020-09-25 02:00:00-04:00,2020-09-21 14:32:31.187000-04:00,2020-09-21 14:54:20.793000-04:00,1,,,,,,Control,903.543,49.201,11.0,6.0,3.0,,11.0,20.0,11.0,0.0,0.0,0.0,0.0,0.0,2.0,1.0,2.0,1.0,375.659,125.198,1.0,5958399
PSA25TA,561012,2021-04-21 11:39:00.699000-04:00,,2021-04-21 12:19:13.267000-04:00,,2,,,,,,Treatment 3,86720.628,50.647,1.0,0.0,,,1.0,3.0,1.0,0.0,0.0,0.0,0.0,0.0,0.0,2.0,,,,,,15756922
PSA25TA,561081,2021-04-21 11:39:00.699000-04:00,,2021-04-21 12:05:02.842000-04:00,2021-04-21 12:07:28.851000-04:00,1,,,,,,Treatment 2,37.391,12.451,3.0,3.0,,,3.0,3.0,3.0,0.0,0.0,0.0,0.0,0.0,0.0,1.0,2.0,2.0,45.275,22.601,1.0,15755709
PSA25TA,561086,2021-04-21 11:39:00.699000-04:00,,2021-04-21 12:14:58.180000-04:00,2021-04-21 12:16:23.323000-04:00,1,,,,,,Treatment 1,22.191,7.392,3.0,3.0,,,3.0,3.0,3.0,0.0,0.0,0.0,0.0,0.0,0.0,1.0,2.0,2.0,37.921,18.9545,1.0,15756600
PSA25TA,561163,2021-04-21 11:39:00.699000-04:00,,2021-04-21 12:11:52.393000-04:00,2021-04-21 12:12:49.236000-04:00,1,,,,,,Treatment 1,16.63,5.528,3.0,3.0,,,3.0,3.0,3.0,0.0,0.0,0.0,0.0,0.0,0.0,1.0,2.0,2.0,12.957,6.467,1.0,15756359
PSA25TA,561407,2021-04-21 11:39:00.699000-04:00,,2021-04-21 12:12:45.766000-04:00,,1,,,,,,Treatment 1,19.608,6.529,3.0,3.0,,,3.0,3.0,3.0,0.0,0.0,0.0,0.0,0.0,0.0,1.0,,,,,,15756427
PSA25TA,561423,2021-04-21 11:39:00.699000-04:00,,2021-04-21 12:02:35.568000-04:00,2021-04-21 12:07:34.029000-04:00,2,,,,,,Treatment 1,52.832,11.59625,4.0,3.0,1.0,,4.0,5.0,4.0,0.0,0.0,0.0,0.0,0.0,0.0,1.0,2.0,1.0,225.339,55.488,2.0,15755496
PSA25TA,561429,2021-04-21 11:39:00.699000-04:00,,2021-04-21 12:18:44.325000-04:00,,2,,,,,,Treatment 1,73.909,24.6306666666667,3.0,3.0,,,3.0,3.0,3.0,0.0,0.0,0.0,0.0,0.0,0.0,1.0,,,,,,15756891
PSA25TA,561798,2021-03-05 07:45:11.771000-05:00,2021-03-08 10:31:00-05:00,2021-03-05 13:38:38.982000-05:00,2021-03-05 14:11:47.727000-05:00,1,,,,,,Control,1209.797,170.57525,4.0,3.0,1.0,,4.0,10.0,4.0,0.0,0.0,0.0,0.0,0.0,1.0,1.0,2.0,1.0,724.511,352.786,1.0,14307208
PSA25TA,561828,2021-02-23 08:44:40.910000-05:00,2021-02-28 14:24:00-05:00,2021-02-23 10:38:03.080000-05:00,2021-02-23 10:49:03.760000-05:00,1,,,,,,Treatment 3,410.056,136.679666666667,3.0,3.0,,,3.0,3.0,3.0,0.0,0.0,0.0,0.0,0.0,0.0,1.0,2.0,2.0,178.8,89.394,1.0,13781280
PSA25TA,561995,2021-02-23 08:44:40.910000-05:00,2021-02-28 14:24:00-05:00,2021-02-26 13:40:32.587000-05:00,2021-02-26 13:43:03.949000-05:00,1,,,,,,Treatment 3,85.729,28.5696666666667,3.0,3.0,,,3.0,3.0,3.0,0.0,0.0,0.0,0.0,0.0,0.0,1.0,2.0,2.0,45.589,22.79,1.0,13996243
PSA25TA,562269,2021-02-23 08:44:40.910000-05:00,2021-02-28 14:24:00-05:00,2021-03-01 13:42:41.599000-05:00,2021-03-01 15:29:11.635000-05:00,1,,,,,,Control,4985.947,133.504777777778,9.0,6.0,3.0,,7.0,12.0,9.0,0.0,0.0,0.0,0.0,0.0,1.0,1.0,2.0,1.0,1293.82,490.5105,1.0,14058152
PSA25TA,562500,2021-03-05 07:45:11.771000-05:00,2021-03-08 10:31:00-05:00,2021-03-08 08:45:39.822000-05:00,2021-03-08 08:47:47.244000-05:00,1,,,,,,Treatment 2,47.643,15.8786666666667,3.0,3.0,,,3.0,3.0,3.0,0.0,0.0,0.0,0.0,0.0,0.0,1.0,2.0,2.0,56.836,28.416,1.0,14332304
PSA25TA,562548,2021-04-21 11:39:00.699000-04:00,,2021-04-21 12:22:18.239000-04:00,2021-04-21 12:28:10.843000-04:00,1,,,,,,Treatment 1,123.229,41.07,3.0,3.0,,,3.0,3.0,3.0,0.0,0.0,0.0,0.0,0.0,0.0,1.0,2.0,1.0,194.522,73.018,1.0,15757157
PSA25TA,567167,2021-02-23 08:44:40.910000-05:00,2021-02-28 14:24:00-05:00,2021-02-23 13:21:05.561000-05:00,2021-02-23 13:38:27.072000-05:00,1,,,,,,Treatment 3,212.469,70.819,3.0,3.0,,,3.0,3.0,3.0,0.0,0.0,0.0,0.0,0.0,0.0,1.0,2.0,1.0,541.791,163.6565,1.0,13805506
PSA25TA,568117,2021-02-23 08:44:40.910000-05:00,2021-02-28 14:24:00-05:00,2021-02-25 12:39:32.017000-05:00,,1,,,,,,Control,,,1.0,,,,,0.0,1.0,0.0,0.0,0.0,0.0,0.0,0.0,1.0,,,,,,13929472
PSA25TA,571222,2020-10-30 12:58:45.593000-04:00,,2020-11-12 13:05:43.327000-05:00,,1,,,,,,Treatment 3,21.213,21.208,2.0,1.0,,,1.0,1.0,2.0,0.0,0.0,0.0,0.0,0.0,0.0,1.0,,,,,,9640823
PSA25TA,571734,2021-02-23 08:44:40.910000-05:00,2021-02-28 14:24:00-05:00,2021-02-23 14:10:20.108000-05:00,2021-02-23 14:24:57.213000-05:00,1,,,,,,Control,278.685,92.887,3.0,3.0,,,3.0,3.0,3.0,0.0,0.0,0.0,0.0,0.0,0.0,1.0,2.0,2.0,558.633,279.3115,1.0,13812820
PSA25TA,572489,2020-10-30 12:58:45.592000-04:00,,2020-11-10 13:06:09.395000-05:00,2020-11-10 13:08:58.582000-05:00,1,,,,,,Control,60.102,20.0283333333333,3.0,3.0,,,3.0,3.0,3.0,0.0,0.0,0.0,0.0,0.0,0.0,1.0,2.0,1.0,91.071,21.799,1.0,9491310
PSA25TA,572979,2021-02-23 08:44:40.910000-05:00,2021-02-28 14:24:00-05:00,2021-02-23 08:44:44.871000-05:00,2021-02-23 11:14:33.714000-05:00,3,,,,,,Treatment 3,2087.259,94.272,6.0,0.0,0.0,,5.0,24.0,6.0,0.0,0.0,0.0,0.0,0.0,6.0,1.0,2.0,0.0,314.774,64.047,2.0,13768067
PSA25TA,575532,2020-10-30 12:58:45.594000-04:00,,2020-11-11 13:05:35.535000-05:00,2020-11-11 13:16:15.798000-05:00,1,,,,,,Treatment 3,387.315,34.3305,4.0,3.0,1.0,,4.0,5.0,4.0,0.0,0.0,0.0,0.0,0.0,0.0,1.0,2.0,1.0,232.08,104.8745,1.0,9566158
PSA25TA,592617,2021-03-05 07:45:11.771000-05:00,2021-03-08 10:31:00-05:00,2021-03-08 13:25:59.633000-05:00,,2,,,,,,Treatment 2,,,1.0,,,,,0.0,1.0,0.0,0.0,0.0,0.0,0.0,0.0,1.0,,,,,,14365885
PSA25TA,594991,2020-10-30 12:58:45.592000-04:00,,2020-11-19 12:53:26.424000-05:00,2020-11-19 12:55:40.576000-05:00,1,,,,,,Control,40.663,13.5486666666667,3.0,3.0,,,3.0,3.0,3.0,0.0,0.0,0.0,0.0,0.0,0.0,1.0,2.0,0.0,62.136,16.1305,1.0,10085589
PSA25TA,600501,2020-10-05 12:26:00-04:00,2020-10-09 12:28:00-04:00,2021-01-19 12:30:10.250000-05:00,2021-01-19 12:34:11.315000-05:00,1,,,,,,Treatment 3,110.298,36.763,3.0,3.0,,,3.0,3.0,3.0,0.0,0.0,0.0,0.0,0.0,0.0,1.0,2.0,2.0,83.228,41.611,1.0,12259609
PSA25TA,607104,2020-11-30 16:25:45.660000-05:00,2020-12-04 16:27:00-05:00,2020-12-01 16:21:40.444000-05:00,2020-12-01 16:36:54.835000-05:00,1,,,,,,Treatment 3,600.931,114.6832,5.0,4.0,1.0,,5.0,6.0,5.0,0.0,0.0,0.0,0.0,0.0,0.0,1.0,2.0,0.0,259.205,50.46,1.0,10487044
PSA25TA,609103,2020-10-14 08:02:47.202000-04:00,2020-10-15 08:04:00-04:00,2021-04-27 13:04:23.539000-04:00,2021-04-27 13:10:08.875000-04:00,1,,,,,,Treatment 3,198.606,66.199,3.0,3.0,,,3.0,3.0,3.0,0.0,0.0,0.0,0.0,0.0,0.0,1.0,2.0,1.0,124.877,48.0905,1.0,15926584
PSA25TA,609148,2020-10-14 08:02:47.202000-04:00,2020-10-15 08:04:00-04:00,2020-10-14 12:00:54.925000-04:00,2020-10-14 12:19:53.092000-04:00,1,,,,,,Treatment 2,220.035,73.3436666666667,3.0,3.0,,,3.0,3.0,3.0,0.0,0.0,0.0,0.0,0.0,0.0,1.0,2.0,0.0,148.704,37.946,1.0,7777637
PSA25TA,609165,2020-10-14 08:02:47.202000-04:00,2020-10-15 08:04:00-04:00,2020-10-14 08:45:24.071000-04:00,2020-10-14 08:51:58.552000-04:00,1,,,,,,Treatment 3,132.639,44.205,3.0,3.0,,,3.0,3.0,3.0,0.0,0.0,0.0,0.0,0.0,0.0,1.0,2.0,1.0,229.791,92.396,1.0,7745075
PSA25TA,609254,2020-10-14 08:02:47.202000-04:00,2020-10-15 08:04:00-04:00,2020-10-14 10:27:51.865000-04:00,2020-10-14 11:14:22.876000-04:00,2,,,,,,Treatment 1,726.361,102.781,6.0,0.0,0.0,,3.0,14.0,6.0,0.0,0.0,0.0,0.0,0.0,5.0,1.0,2.0,0.0,135.143,45.31,1.0,7760684
PSA25TA,609289,2020-10-14 08:02:47.202000-04:00,2020-10-15 08:04:00-04:00,2020-10-14 09:49:27.942000-04:00,2020-10-14 10:34:07.730000-04:00,1,,,,,,Control,1372.815,323.67,4.0,3.0,1.0,,4.0,7.0,4.0,0.0,0.0,0.0,0.0,0.0,0.0,1.0,2.0,2.0,1277.754,638.873,1.0,7753785
PSA25TA,609350,2020-10-14 08:02:47.202000-04:00,2020-10-15 08:04:00-04:00,2020-10-14 09:27:20.756000-04:00,2020-10-14 09:40:44.507000-04:00,1,,,,,,Treatment 1,185.95,61.9723333333333,3.0,3.0,,,3.0,3.0,3.0,0.0,0.0,0.0,0.0,0.0,0.0,1.0,2.0,0.0,564.027,243.5035,1.0,7750343
PSA25TA,609375,2020-10-14 08:02:47.202000-04:00,2020-10-15 08:04:00-04:00,2020-10-14 16:13:25.006000-04:00,2020-10-14 16:22:07.499000-04:00,1,,,,,,Treatment 3,281.075,93.6866666666667,3.0,3.0,,,3.0,3.0,3.0,0.0,0.0,0.0,0.0,0.0,0.0,1.0,2.0,1.0,156.407,46.8305,1.0,7817117
PSA25TA,609504,2020-10-14 08:02:47.202000-04:00,2020-10-15 08:04:00-04:00,2020-10-14 14:48:27.869000-04:00,2020-10-14 16:37:02.140000-04:00,1,,,,,,Treatment 2,6358.395,468.430272727273,11.0,6.0,3.0,,11.0,16.0,11.0,0.0,0.0,0.0,0.0,0.0,2.0,1.0,2.0,1.0,118.904,19.791,1.0,7807718
PSA25TA,609556,2020-10-14 08:02:47.202000-04:00,2020-10-15 08:04:00-04:00,2020-10-14 09:28:07.291000-04:00,2020-10-14 09:48:06.997000-04:00,1,,,,,,Treatment 2,704.853,234.944,3.0,3.0,,,3.0,3.0,3.0,0.0,0.0,0.0,0.0,0.0,0.0,1.0,2.0,2.0,460.226,230.107,1.0,7750433
PSA25TA,609648,2020-10-14 08:02:47.202000-04:00,2020-10-15 08:04:00-04:00,2020-10-14 09:24:26.625000-04:00,2020-10-14 09:37:33.834000-04:00,1,,,,,,Treatment 1,104.868,34.9526666666667,3.0,3.0,,,3.0,3.0,3.0,0.0,0.0,0.0,0.0,0.0,0.0,1.0,2.0,2.0,616.333,308.163,1.0,7749914
PSA25TA,610412,2020-10-14 08:02:47.202000-04:00,2020-10-15 08:04:00-04:00,2020-10-18 20:01:23.925000-04:00,2020-10-18 20:07:57.099000-04:00,1,,,,,,Control,109.546,36.5096666666667,3.0,3.0,,,3.0,3.0,3.0,0.0,0.0,0.0,0.0,0.0,0.0,1.0,2.0,1.0,243.193,57.0255,1.0,8013626
PSA25TA,610666,2020-10-14 08:02:47.202000-04:00,2020-10-15 08:04:00-04:00,2020-10-14 10:02:12.133000-04:00,2020-10-14 12:39:33.502000-04:00,1,,,,,,Treatment 2,9044.53,3014.81133333333,3.0,3.0,,,3.0,3.0,3.0,0.0,0.0,0.0,0.0,0.0,0.0,1.0,2.0,2.0,127.945,63.9665,1.0,7755926
PSA25TA,612445,2020-10-14 08:02:47.203000-04:00,2020-10-15 08:04:00-04:00,2020-10-14 09:08:07.669000-04:00,2020-10-14 09:11:36.239000-04:00,1,,,,,,Control,37.992,12.6626666666667,3.0,3.0,,,3.0,3.0,3.0,0.0,0.0,0.0,0.0,0.0,0.0,1.0,2.0,0.0,157.365,47.317,1.0,7747621
PSA25TA,613169,2020-10-06 08:23:36.481000-04:00,2020-10-09 08:25:00-04:00,2020-10-06 11:20:00.299000-04:00,,1,,,,,,Not Assigned,,,,,,,,,,,,,,,,,,,,,,7207321
PSA25TA,613920,2020-10-14 08:02:47.203000-04:00,2020-10-15 08:04:00-04:00,2020-10-15 13:04:26.176000-04:00,,2,,,,,,Treatment 3,463.536,73.65175,4.0,0.0,0.0,,4.0,13.0,4.0,0.0,0.0,0.0,0.0,0.0,3.0,2.0,,,,,,7884102
PSA25TA,614613,2020-10-14 08:02:47.203000-04:00,2020-10-15 08:04:00-04:00,2020-10-14 14:26:13.248000-04:00,2020-10-14 14:45:57.512000-04:00,1,,,,,,Treatment 2,884.616,206.6225,4.0,3.0,1.0,,3.0,6.0,4.0,0.0,0.0,0.0,0.0,0.0,1.0,1.0,2.0,1.0,218.128,83.0465,1.0,7804355
PSA25TA,618654,2020-11-30 16:25:45.660000-05:00,2020-12-04 16:27:00-05:00,2020-12-04 18:37:56.097000-05:00,,2,,,,,,Treatment 1,578.631,162.871333333333,4.0,2.0,1.0,,2.0,6.0,4.0,0.0,0.0,0.0,0.0,0.0,1.0,2.0,,,,,,10747308
PSA25TA,620125,2020-10-14 08:02:47.203000-04:00,2020-10-15 08:04:00-04:00,2020-10-14 08:35:18.737000-04:00,,6,,,,,,Treatment 2,2764.363,30.68225,4.0,3.0,1.0,,3.0,8.0,4.0,0.0,0.0,0.0,0.0,0.0,1.0,2.0,2.0,1.0,247.467,39.1645,2.0,7744260
PSA25TA,621690,2020-10-14 08:02:47.203000-04:00,2020-10-15 08:04:00-04:00,2020-10-14 11:06:46.023000-04:00,2020-10-14 21:52:26.887000-04:00,3,,,,,,Control,2379.081,349.3285,6.0,5.0,1.0,,6.0,7.0,6.0,0.0,0.0,0.0,0.0,0.0,0.0,1.0,2.0,0.0,1554.477,711.053,2.0,7767496
PSA25TA,621713,2020-10-14 08:02:47.203000-04:00,2020-10-15 08:04:00-04:00,2020-10-16 14:17:32.652000-04:00,,1,,,,,,Not Assigned,,,,,,,,,,,,,,,,,,,,,,7984537
PSA25TA,628201,2020-10-09 21:00:00-04:00,,2020-10-11 14:52:13.628000-04:00,2020-10-11 15:02:29.617000-04:00,1,,,,,,Treatment 2,74.384,24.789,3.0,3.0,,,3.0,3.0,3.0,0.0,0.0,0.0,0.0,0.0,0.0,1.0,2.0,0.0,510.437,226.754,1.0,7566380
PSA25TA,635829,2020-11-02 08:47:39.132000-05:00,2020-11-02 08:49:00-05:00,2020-11-02 13:01:57.051000-05:00,,1,,,,,,Control,,,1.0,,,,,0.0,1.0,0.0,0.0,0.0,0.0,0.0,0.0,1.0,,,,,,8981987
PSA25TA,637071,2021-05-12 10:45:00-04:00,2021-05-13 00:00:00-04:00,2021-05-12 14:27:03.493000-04:00,2021-05-13 00:01:56.809000-04:00,2,,,,,,Treatment 1,50.573,16.855,3.0,3.0,,,3.0,3.0,3.0,0.0,0.0,0.0,0.0,0.0,0.0,1.0,2.0,2.0,284.793,142.3935,1.0,16354031
PSA25TA,639148,2020-11-03 10:30:00-05:00,2020-11-03 20:00:00-05:00,2020-11-03 11:50:29.229000-05:00,2020-11-03 11:59:20.815000-05:00,1,,,,,,Control,233.317,77.766,3.0,3.0,,,3.0,3.0,3.0,0.0,0.0,0.0,0.0,0.0,0.0,1.0,2.0,0.0,228.039,81.0045,1.0,9044505
PSA25TA,641920,2020-10-01 08:51:00-04:00,2020-10-02 08:53:00-04:00,2020-10-01 16:41:25.640000-04:00,2020-10-12 22:35:33.990000-04:00,4,,,,,,Control,7913.865,398.401263157895,19.0,11.0,5.0,,17.0,29.0,19.0,0.0,0.0,0.0,0.0,0.0,5.0,4.0,2.0,1.0,430.922,139.261,1.0,6942924
PSA25TA,642033,2020-11-03 10:30:00-05:00,2020-11-03 20:00:00-05:00,2020-11-03 10:41:07.366000-05:00,2020-11-03 11:51:35.028000-05:00,2,,,,,,Treatment 3,3216.024,1072.00033333333,3.0,3.0,,,3.0,3.0,3.0,0.0,0.0,0.0,0.0,0.0,0.0,2.0,2.0,2.0,484.611,242.301,1.0,9036065
PSA25TA,642683,2020-10-01 08:51:00-04:00,2020-10-02 08:53:00-04:00,2020-10-01 09:16:31.592000-04:00,2020-10-01 09:31:45.117000-04:00,2,,,,,,Treatment 2,764.112,31.3509,10.0,4.0,2.0,,9.0,24.0,10.0,0.0,0.0,0.0,0.0,0.0,6.0,2.0,2.0,1.0,110.589,53.304,1.0,6854740
PSA25TA,642793,2020-10-01 08:51:00-04:00,2020-10-02 08:53:00-04:00,2020-10-01 09:19:04.677000-04:00,2020-10-04 18:29:57.099000-04:00,2,,,,,,Control,292030.722,81.4265,4.0,3.0,1.0,,4.0,6.0,4.0,0.0,0.0,0.0,0.0,0.0,0.0,2.0,2.0,2.0,62.221,31.1075,1.0,6855110
PSA25TA,643127,2020-10-01 08:51:00-04:00,2020-10-02 08:53:00-04:00,2020-10-01 09:14:10.457000-04:00,,1,,,,,,Control,,,1.0,,,,,0.0,1.0,0.0,0.0,0.0,0.0,0.0,0.0,1.0,,,,,,6854382
PSA25TA,643291,2020-10-01 08:51:00-04:00,2020-10-02 08:53:00-04:00,2020-10-01 09:21:08.867000-04:00,2020-10-01 09:35:21.858000-04:00,1,,,,,,Treatment 3,58.402,19.4566666666667,3.0,3.0,,,3.0,3.0,3.0,0.0,0.0,0.0,0.0,0.0,0.0,1.0,2.0,0.0,766.398,142.2485,1.0,6855401
PSA25TA,645219,2020-10-14 08:02:47.203000-04:00,2020-10-15 08:04:00-04:00,2020-10-14 20:12:57.297000-04:00,2020-10-14 20:59:59.442000-04:00,1,,,,,,Treatment 3,2519.653,198.898,7.0,2.0,1.0,,7.0,13.0,7.0,0.0,0.0,0.0,0.0,0.0,0.0,1.0,2.0,2.0,214.636,107.3165,1.0,7828401
PSA25TA,645985,2020-11-03 10:30:00-05:00,2020-11-03 20:00:00-05:00,2020-11-03 11:10:45.169000-05:00,2020-11-03 11:40:27.201000-05:00,1,,,,,,Treatment 3,879.072,136.484,6.0,5.0,1.0,,6.0,7.0,6.0,0.0,0.0,0.0,0.0,0.0,0.0,1.0,2.0,0.0,860.716,366.3445,1.0,9039677
PSA25TA,647328,2020-10-06 08:23:36.481000-04:00,2020-10-09 08:25:00-04:00,2020-10-09 05:42:46.380000-04:00,2020-10-09 05:59:24.778000-04:00,2,,,,,,Treatment 2,744.595,51.534625,8.0,5.0,1.0,,5.0,10.0,8.0,0.0,0.0,0.0,0.0,0.0,2.0,1.0,2.0,1.0,214.015,25.0305,2.0,7493398
PSA25TA,647593,2020-10-14 08:02:47.203000-04:00,2020-10-15 08:04:00-04:00,2020-10-14 08:58:52.607000-04:00,,1,,,,,,Control,263.459,4.6927,10.0,0.0,0.0,,0.0,14.0,10.0,0.0,0.0,0.0,0.0,0.0,10.0,1.0,,,,,,7746422
PSA25TA,648498,2020-10-14 08:02:47.202000-04:00,2020-10-15 08:04:00-04:00,2020-10-14 09:47:40.400000-04:00,2020-10-14 18:44:10.456000-04:00,1,,,,,,Treatment 2,23.79,7.924,3.0,3.0,,,3.0,3.0,3.0,0.0,0.0,0.0,0.0,0.0,0.0,1.0,2.0,1.0,32112.004,9989.5515,1.0,7753448
PSA25TA,649627,2020-11-03 10:30:00-05:00,2020-11-03 20:00:00-05:00,2020-11-03 18:51:47.348000-05:00,2020-11-03 19:03:10.396000-05:00,1,,,,,,Control,469.538,156.504333333333,3.0,3.0,,,3.0,3.0,3.0,0.0,0.0,0.0,0.0,0.0,0.0,1.0,2.0,2.0,149.681,74.832,1.0,9080097
PSA25TA,650273,2020-10-14 08:02:47.203000-04:00,2020-10-15 08:04:00-04:00,2020-10-14 08:48:48.200000-04:00,2020-10-14 08:58:43.230000-04:00,2,,,,,,Treatment 3,334.602,111.527333333333,3.0,3.0,,,3.0,3.0,3.0,0.0,0.0,0.0,0.0,0.0,0.0,2.0,2.0,1.0,148.692,50.6175,1.0,7745405
PSA25TA,650437,2020-11-02 08:47:39.133000-05:00,2020-11-02 08:49:00-05:00,2020-11-23 07:40:54.653000-05:00,2020-11-23 08:01:29.007000-05:00,1,,,,,,Treatment 1,784.048,62.5215,6.0,4.0,2.0,,6.0,14.0,6.0,0.0,0.0,0.0,0.0,0.0,1.0,1.0,2.0,1.0,286.929,76.8845,1.0,10201101
PSA25TA,650785,2020-11-03 10:30:00-05:00,2020-11-03 20:00:00-05:00,2020-11-03 11:14:18.337000-05:00,2020-11-03 11:33:39.209000-05:00,1,,,,,,Treatment 1,132.137,44.0426666666667,3.0,3.0,,,3.0,3.0,3.0,0.0,0.0,0.0,0.0,0.0,0.0,1.0,2.0,0.0,156.757,17.343,1.0,9040101
PSA25TA,652190,2020-10-06 08:23:36.481000-04:00,2020-10-09 08:25:00-04:00,2020-10-13 13:53:19.217000-04:00,,1,,,,,,Not Assigned,,,,,,,,,,,,,,,,,,,,,,7699721
PSA25TA,653105,2020-10-14 08:02:47.203000-04:00,2020-10-15 08:04:00-04:00,2021-01-26 12:10:23.835000-05:00,2021-01-26 12:13:28.140000-05:00,1,,,,,,Treatment 2,51.473,7.2175,6.0,5.0,1.0,,6.0,7.0,6.0,0.0,0.0,0.0,0.0,0.0,0.0,1.0,2.0,1.0,36.588,8.523,1.0,12606851
PSA25TA,656133,2020-08-21 19:31:23.230000-04:00,,2020-09-16 10:26:06.817000-04:00,2020-09-16 10:28:50.830000-04:00,1,,,,,,Treatment 2,85.904,28.628,3.0,3.0,,,3.0,3.0,3.0,0.0,0.0,0.0,0.0,0.0,0.0,1.0,2.0,2.0,47.698,23.8445,1.0,5536477
PSA25TA,665393,2020-11-03 10:30:00-05:00,2020-11-03 20:00:00-05:00,2020-11-03 15:34:42.652000-05:00,2020-11-03 15:39:16.214000-05:00,1,,,,,,Treatment 2,174.75,58.2463333333333,3.0,3.0,,,3.0,3.0,3.0,0.0,0.0,0.0,0.0,0.0,0.0,1.0,2.0,1.0,58.134,25.6815,1.0,9070828
PSA25TA,665401,2020-11-03 10:30:00-05:00,2020-11-03 20:00:00-05:00,2020-11-03 11:15:14.380000-05:00,2020-11-03 12:40:35.081000-05:00,2,,,,,,Treatment 3,134.776,25.0328,5.0,4.0,1.0,,5.0,6.0,5.0,0.0,0.0,0.0,0.0,0.0,0.0,1.0,2.0,2.0,4938.378,2469.1815,2.0,9040212
PSA25TA,666532,2020-11-03 10:30:00-05:00,2020-11-03 20:00:00-05:00,2020-11-03 11:16:00.853000-05:00,2020-11-03 11:19:53.464000-05:00,1,,,,,,Treatment 3,143.661,47.877,3.0,3.0,,,3.0,3.0,3.0,0.0,0.0,0.0,0.0,0.0,0.0,1.0,2.0,1.0,67.166,29.294,1.0,9040288
PSA25TA,667755,2020-11-03 10:30:00-05:00,2020-11-03 20:00:00-05:00,2020-11-03 11:28:33.102000-05:00,2020-11-03 12:16:21.346000-05:00,3,,,,,,Treatment 1,622.093,141.63625,4.0,3.0,1.0,,4.0,5.0,4.0,0.0,0.0,0.0,0.0,0.0,0.0,1.0,2.0,0.0,2210.725,341.424,2.0,9041796
PSA25TA,668680,2020-11-03 10:30:00-05:00,2020-11-03 20:00:00-05:00,2020-11-03 10:37:03.691000-05:00,2020-11-03 11:20:23.357000-05:00,4,,,,,,Treatment 3,2229.16,743.039666666667,3.0,3.0,,,3.0,3.0,3.0,0.0,0.0,0.0,0.0,0.0,0.0,2.0,2.0,0.0,266.472,111.448,1.0,9035592
PSA25TA,668716,2020-11-03 10:30:00-05:00,2020-11-03 20:00:00-05:00,2020-11-03 11:29:28.559000-05:00,,4,,,,,,Treatment 2,989.684,210.11425,5.0,1.0,1.0,,3.0,5.0,5.0,0.0,0.0,0.0,0.0,0.0,0.0,3.0,,,,,,9041911
PSA25TA,669563,2020-11-03 10:30:00-05:00,2020-11-03 20:00:00-05:00,2020-11-03 11:23:13.134000-05:00,2020-11-03 11:24:13.755000-05:00,1,,,,,,Treatment 2,30.566,10.183,3.0,3.0,,,3.0,3.0,3.0,0.0,0.0,0.0,0.0,0.0,0.0,1.0,2.0,2.0,7.238,3.615,1.0,9041103
PSA25TA,669611,2020-11-03 10:30:00-05:00,2020-11-03 20:00:00-05:00,2020-11-03 11:15:54.440000-05:00,2020-11-03 11:19:56.663000-05:00,1,,,,,,Treatment 1,182.062,60.681,3.0,3.0,,,3.0,3.0,3.0,0.0,0.0,0.0,0.0,0.0,0.0,1.0,2.0,2.0,21.049,10.5185,1.0,9040279
PSA25TA,669781,2020-11-03 10:30:00-05:00,2020-11-03 20:00:00-05:00,2020-11-03 11:10:41.279000-05:00,,1,,,,,,Control,96.337,63.545,1.0,0.0,,,1.0,2.0,1.0,0.0,0.0,0.0,0.0,0.0,1.0,1.0,,,,,,9039665
PSA25TA,677719,2020-11-30 16:25:45.660000-05:00,2020-12-04 16:27:00-05:00,2020-12-02 11:43:57.334000-05:00,2020-12-02 11:48:15.594000-05:00,1,,,,,,Treatment 1,67.619,22.532,3.0,3.0,,,3.0,3.0,3.0,0.0,0.0,0.0,0.0,0.0,0.0,1.0,2.0,2.0,142.194,71.091,1.0,10536425
PSA25TA,679189,2021-05-12 10:45:00-04:00,2021-05-13 00:00:00-04:00,2021-05-12 14:11:10.377000-04:00,2021-05-12 17:58:04.748000-04:00,2,,,,,,Treatment 1,137.136,45.7096666666667,3.0,3.0,,,3.0,3.0,3.0,0.0,0.0,0.0,0.0,0.0,0.0,1.0,2.0,2.0,73.466,36.731,1.0,16352916
PSA25TA,679192,2021-05-12 10:45:00-04:00,2021-05-13 00:00:00-04:00,2021-05-12 16:42:45.856000-04:00,2021-05-12 16:46:18.060000-04:00,1,,,,,,Control,107.866,25.721,4.0,3.0,1.0,,4.0,5.0,4.0,0.0,0.0,0.0,0.0,0.0,0.0,1.0,2.0,2.0,77.85,38.9225,1.0,16358926
PSA25TA,679216,2021-05-12 10:45:00-04:00,2021-05-13 00:00:00-04:00,2021-05-12 12:18:42.075000-04:00,,1,,,,,,Treatment 3,233.321,233.321,1.0,0.0,,,1.0,1.0,1.0,0.0,0.0,0.0,0.0,0.0,0.0,1.0,,,,,,16345770
PSA25TA,679217,2021-05-12 10:45:00-04:00,2021-05-13 00:00:00-04:00,2021-05-12 16:28:30.058000-04:00,2021-05-12 16:30:12.635000-04:00,1,,,,,,Treatment 2,32.446,10.809,3.0,3.0,,,3.0,3.0,3.0,0.0,0.0,0.0,0.0,0.0,0.0,1.0,2.0,1.0,44.08,19.6475,1.0,16358681
PSA25TA,679223,2021-05-12 10:45:00-04:00,2021-05-13 00:00:00-04:00,2021-05-12 12:04:43.095000-04:00,2021-05-12 12:23:53.732000-04:00,1,,,,,,Treatment 3,781.077,191.22575,4.0,3.0,1.0,,4.0,5.0,4.0,0.0,0.0,0.0,0.0,0.0,1.0,1.0,2.0,2.0,333.503,166.7495,1.0,16344787
PSA25TA,679231,2021-05-12 10:45:00-04:00,2021-05-13 00:00:00-04:00,2021-05-12 10:51:33.052000-04:00,2021-05-12 10:53:09.386000-04:00,1,,,,,,Control,31.667,10.5523333333333,3.0,3.0,,,3.0,3.0,3.0,0.0,0.0,0.0,0.0,0.0,0.0,1.0,2.0,2.0,40.38,20.186,1.0,16339532
PSA25TA,679238,2021-05-12 10:45:00-04:00,2021-05-13 00:00:00-04:00,2021-05-12 18:21:28.486000-04:00,2021-05-12 18:29:52.813000-04:00,1,,,,,,Control,466.089,155.36,3.0,3.0,,,3.0,3.0,3.0,0.0,0.0,0.0,0.0,0.0,0.0,1.0,2.0,2.0,15.411,7.703,1.0,16360436
PSA25TA,679239,2021-05-12 10:45:00-04:00,2021-05-13 00:00:00-04:00,2021-05-13 20:30:12.560000-04:00,,1,,,,,,Treatment 2,9.532,6.838,1.0,0.0,,,1.0,1.0,1.0,0.0,0.0,0.0,0.0,0.0,0.0,1.0,,,,,,16394364
PSA25TA,679242,2021-05-12 10:45:00-04:00,2021-05-13 00:00:00-04:00,2021-05-12 12:29:37.904000-04:00,2021-05-12 12:31:01.801000-04:00,1,,,,,,Treatment 3,25.315,8.43533333333333,3.0,3.0,,,3.0,3.0,3.0,0.0,0.0,0.0,0.0,0.0,0.0,1.0,2.0,2.0,43.356,21.6745,1.0,16346496
PSA25TA,679243,2021-05-12 10:45:00-04:00,2021-05-13 00:00:00-04:00,2021-05-12 20:59:38.269000-04:00,2021-05-12 21:07:36.014000-04:00,2,,,,,,Treatment 2,256.375,85.456,3.0,3.0,,,3.0,3.0,3.0,0.0,0.0,0.0,0.0,0.0,0.0,1.0,2.0,2.0,151.185,75.5905,1.0,16361886
PSA25TA,679249,2021-05-12 10:45:00-04:00,2021-05-13 00:00:00-04:00,2021-05-12 15:51:56.036000-04:00,,1,,,,,,Treatment 2,13.78,4.274,1.0,0.0,,,0.0,1.0,1.0,0.0,0.0,0.0,0.0,0.0,1.0,1.0,,,,,,16357618
PSA25TA,679258,2021-05-12 10:45:00-04:00,2021-05-13 00:00:00-04:00,2021-05-12 12:10:41.304000-04:00,,4,,,,,,Treatment 2,84.839,28.2763333333333,3.0,3.0,,,3.0,3.0,3.0,0.0,0.0,0.0,0.0,0.0,0.0,1.0,1.0,0.0,270.275,49.807,2.0,16345236
PSA25TA,679260,2021-05-12 10:45:00-04:00,2021-05-13 00:00:00-04:00,2021-05-12 12:29:49.896000-04:00,2021-05-12 12:31:16.523000-04:00,1,,,,,,Control,40.491,13.4936666666667,3.0,3.0,,,3.0,3.0,3.0,0.0,0.0,0.0,0.0,0.0,0.0,1.0,2.0,1.0,31.37,11.9935,1.0,16346504
PSA25TA,679264,2021-05-12 10:45:00-04:00,2021-05-13 00:00:00-04:00,2021-05-12 13:21:30.754000-04:00,2021-05-12 13:25:01.386000-04:00,1,,,,,,Treatment 1,58.529,19.507,3.0,3.0,,,3.0,3.0,3.0,0.0,0.0,0.0,0.0,0.0,0.0,1.0,2.0,0.0,127.348,36.365,1.0,16349763
PSA25TA,679273,2021-05-12 10:45:00-04:00,2021-05-13 00:00:00-04:00,2021-05-13 22:19:50.134000-04:00,,1,,,,,,Treatment 3,428.087,109.901,3.0,0.0,0.0,,3.0,6.0,3.0,0.0,0.0,0.0,0.0,0.0,3.0,1.0,,,,,,16395203
PSA25TA,679282,2021-05-12 10:45:00-04:00,2021-05-13 00:00:00-04:00,2021-05-12 11:26:34.205000-04:00,2021-05-12 11:28:04.516000-04:00,1,,,,,,Treatment 1,30.233,10.074,3.0,3.0,,,3.0,3.0,3.0,0.0,0.0,0.0,0.0,0.0,0.0,1.0,2.0,2.0,37.375,18.6825,1.0,16341783
PSA25TA,687039,2020-09-15 10:21:21.575000-04:00,,2020-09-15 15:12:54.517000-04:00,2020-09-15 15:22:27.616000-04:00,1,,,,,,Treatment 3,523.365,10.3398333333333,6.0,0.0,0.0,,2.0,14.0,6.0,0.0,0.0,0.0,0.0,0.0,6.0,1.0,2.0,0.0,11.394,2.776,1.0,5477776
PSA25TA,687125,2020-09-15 10:21:21.575000-04:00,,2020-09-15 15:12:43.133000-04:00,2020-09-15 15:13:47.777000-04:00,1,,,,,,Treatment 2,19.48,6.48766666666667,3.0,3.0,,,3.0,3.0,3.0,0.0,0.0,0.0,0.0,0.0,0.0,1.0,2.0,2.0,14.274,7.1325,1.0,5477759
PSA25TA,687127,2020-09-15 10:21:21.575000-04:00,,2020-09-15 15:12:54.416000-04:00,2020-09-15 15:21:31.625000-04:00,1,,,,,,Treatment 2,185.169,61.716,3.0,3.0,,,3.0,3.0,3.0,0.0,0.0,0.0,0.0,0.0,0.0,1.0,2.0,2.0,296.454,148.2225,1.0,5477777
PSA25TA,687132,2020-09-15 10:21:21.575000-04:00,,2020-09-15 15:12:15.821000-04:00,2020-09-15 15:15:17.392000-04:00,1,,,,,,Treatment 2,91.525,30.5016666666667,3.0,3.0,,,3.0,3.0,3.0,0.0,0.0,0.0,0.0,0.0,0.0,1.0,2.0,2.0,44.858,22.4225,1.0,5477678
PSA25TA,687134,2020-09-15 10:21:21.575000-04:00,,2020-09-15 15:11:54.319000-04:00,2020-09-15 15:13:26.265000-04:00,1,,,,,,Control,48.281,16.088,3.0,3.0,,,3.0,3.0,3.0,0.0,0.0,0.0,0.0,0.0,0.0,1.0,2.0,2.0,16.561,8.274,1.0,5477607
PSA25TA,687137,2020-09-15 10:21:21.575000-04:00,,2020-09-15 15:11:55.374000-04:00,2020-09-15 15:14:36.887000-04:00,1,,,,,,Treatment 2,92.557,10.0334285714286,7.0,5.0,1.0,,7.0,10.0,7.0,0.0,0.0,0.0,0.0,0.0,0.0,1.0,2.0,1.0,25.929,10.118,1.0,5477613
PSA25TA,687142,2020-09-15 10:21:21.575000-04:00,,2020-09-15 15:11:53.208000-04:00,2020-09-15 15:13:44.365000-04:00,1,,,,,,Treatment 2,46.909,15.631,3.0,3.0,,,3.0,3.0,3.0,0.0,0.0,0.0,0.0,0.0,0.0,1.0,2.0,2.0,17.773,8.8815,1.0,5477603
PSA25TA,687165,2020-09-15 10:21:21.575000-04:00,,2020-09-15 15:11:52.397000-04:00,2020-09-15 15:19:49.113000-04:00,1,,,,,,Treatment 3,220.366,21.9546666666667,6.0,0.0,0.0,,1.0,9.0,6.0,0.0,0.0,0.0,0.0,0.0,6.0,1.0,2.0,0.0,221.368,23.1805,1.0,5477601
PSA25TA,687167,2020-09-15 10:21:21.575000-04:00,,2020-09-15 15:12:01.586000-04:00,,1,,,,,,Treatment 3,67.726,22.57,3.0,3.0,,,3.0,3.0,3.0,0.0,0.0,0.0,0.0,0.0,0.0,1.0,,,,,,5477632
PSA25TA,687168,2020-09-15 10:21:21.575000-04:00,,2020-09-15 15:11:54.374000-04:00,2020-09-15 15:14:08.428000-04:00,1,,,,,,Control,85.394,28.4593333333333,3.0,3.0,,,3.0,3.0,3.0,0.0,0.0,0.0,0.0,0.0,0.0,1.0,2.0,2.0,21.068,10.53,1.0,5477608
PSA25TA,687170,2020-09-15 10:21:21.575000-04:00,,2020-09-15 14:57:15.492000-04:00,2020-09-15 14:59:54.630000-04:00,1,,,,,,Control,31.194,10.3916666666667,3.0,3.0,,,3.0,3.0,3.0,0.0,0.0,0.0,0.0,0.0,0.0,1.0,2.0,1.0,67.384,27.886,1.0,5474688
PSA25TA,687171,2020-09-15 10:21:21.575000-04:00,,2020-09-15 15:12:02.212000-04:00,2020-09-15 15:18:53.120000-04:00,1,,,,,,Treatment 3,75.881,25.289,3.0,3.0,,,3.0,3.0,3.0,0.0,0.0,0.0,0.0,0.0,0.0,1.0,2.0,1.0,303.085,119.7865,1.0,5477633
PSA25TA,687173,2020-09-15 10:21:21.575000-04:00,,2020-09-15 13:40:49.404000-04:00,2020-09-15 15:33:06.195000-04:00,2,,,,,,Treatment 1,220.662,53.0995,4.0,3.0,1.0,,4.0,5.0,4.0,0.0,0.0,0.0,0.0,0.0,0.0,1.0,2.0,1.0,174.978,71.8815,1.0,5455411
PSA25TA,687178,2020-09-15 10:21:21.575000-04:00,,2020-09-15 15:11:52.142000-04:00,2020-09-15 15:24:44.646000-04:00,1,,,,,,Control,623.055,22.6606666666667,9.0,3.0,1.0,,7.0,20.0,9.0,0.0,0.0,0.0,0.0,0.0,3.0,1.0,2.0,0.0,104.862,13.817,1.0,5477597
PSA25TA,687179,2020-09-15 10:21:21.575000-04:00,,2020-09-15 15:12:05.309000-04:00,2020-09-15 15:17:43.530000-04:00,1,,,,,,Treatment 2,31.155,10.3756666666667,3.0,3.0,,,3.0,3.0,3.0,0.0,0.0,0.0,0.0,0.0,0.0,1.0,2.0,1.0,263.048,26.235,1.0,5477649
PSA25TA,687189,2020-09-15 10:21:21.575000-04:00,,2020-09-15 15:11:50.324000-04:00,2020-09-15 15:13:28.066000-04:00,1,,,,,,Treatment 2,32.596,10.86,3.0,3.0,,,3.0,3.0,3.0,0.0,0.0,0.0,0.0,0.0,0.0,1.0,2.0,2.0,31.397,15.6915,1.0,5477591
PSA25TA,687250,2020-09-15 10:21:21.575000-04:00,,2020-09-15 15:11:54.682000-04:00,2020-09-15 15:14:12.899000-04:00,1,,,,,,Treatment 1,44.4,14.7946666666667,3.0,3.0,,,3.0,3.0,3.0,0.0,0.0,0.0,0.0,0.0,0.0,1.0,2.0,2.0,55.861,27.926,1.0,5477609
PSA25TA,687371,2020-09-15 10:21:21.575000-04:00,,2020-09-15 15:11:53.192000-04:00,2020-09-15 15:14:48.803000-04:00,1,,,,,,Control,66.043,22.0066666666667,3.0,3.0,,,3.0,3.0,3.0,0.0,0.0,0.0,0.0,0.0,0.0,1.0,2.0,2.0,37.735,18.8595,1.0,5477605
PSA25TA,689221,2020-09-15 10:21:21.575000-04:00,,2020-09-16 16:49:36.835000-04:00,,1,,,,,,Not Assigned,,,,,,,,,,,,,,,,,,,,,,5613252
PSA25TA,689807,2020-09-15 10:21:21.575000-04:00,,2020-09-16 17:31:36.165000-04:00,,1,,,,,,Not Assigned,,,,,,,,,,,,,,,,,,,,,,5616170
PSA25TA,691768,2021-05-12 10:45:00-04:00,2021-05-13 00:00:00-04:00,2021-05-13 00:52:19.538000-04:00,2021-05-13 00:55:10.015000-04:00,1,,,,,,Treatment 3,90.4,30.13,3.0,3.0,,,3.0,3.0,3.0,0.0,0.0,0.0,0.0,0.0,0.0,1.0,2.0,2.0,50.666,25.3305,1.0,16363224
PSA25TA,692936,2020-10-06 08:23:36.481000-04:00,2020-10-09 08:25:00-04:00,2020-10-06 09:46:21.901000-04:00,,2,,,,,,Control,,,1.0,,,,,0.0,1.0,0.0,0.0,0.0,0.0,0.0,0.0,1.0,,,,,,7187639
PSA25TA,693121,2021-03-12 07:57:26.628000-05:00,2021-03-12 23:59:00-05:00,2021-03-25 14:07:01.404000-04:00,2021-03-25 14:13:42.882000-04:00,1,,,,,,Treatment 2,207.083,44.254,4.0,3.0,1.0,,4.0,11.0,4.0,0.0,0.0,0.0,0.0,0.0,0.0,1.0,2.0,1.0,138.551,53.161,1.0,15045098
PSA25TA,695373,2021-03-12 07:57:26.631000-05:00,2021-03-12 23:59:00-05:00,2021-03-12 09:12:14.710000-05:00,2021-03-12 09:24:40.290000-05:00,1,,,,,,Control,434.6,144.863,3.0,3.0,,,3.0,3.0,3.0,0.0,0.0,0.0,0.0,0.0,0.0,1.0,2.0,1.0,270.755,65.373,1.0,14582004
PSA25TA,695837,2020-11-03 10:30:00-05:00,2020-11-03 20:00:00-05:00,2020-11-03 11:14:51.010000-05:00,2020-11-03 11:28:07.944000-05:00,1,,,,,,Treatment 3,253.261,84.4136666666667,3.0,3.0,,,3.0,3.0,3.0,0.0,0.0,0.0,0.0,0.0,0.0,1.0,2.0,2.0,506.825,253.407,1.0,9040161
PSA25TA,697475,2021-03-12 07:57:26.631000-05:00,2021-03-12 23:59:00-05:00,2021-03-12 08:59:44.773000-05:00,2021-03-12 09:17:18.943000-05:00,1,,,,,,Treatment 2,433.055,144.337666666667,3.0,3.0,,,3.0,3.0,3.0,0.0,0.0,0.0,0.0,0.0,0.0,1.0,2.0,1.0,580.033,285.9165,1.0,14581194
PSA25TA,697862,2021-03-12 07:57:26.631000-05:00,2021-03-12 23:59:00-05:00,2021-03-12 14:07:43.265000-05:00,2021-03-12 14:16:04.853000-05:00,1,,,,,,Treatment 3,381.496,33.287875,8.0,2.0,2.0,,7.0,15.0,8.0,0.0,0.0,0.0,0.0,0.0,3.0,1.0,2.0,1.0,75.734,23.4855,1.0,14607046
PSA25TA,698308,2021-03-12 07:57:26.631000-05:00,2021-03-12 23:59:00-05:00,2021-03-15 20:41:34.730000-04:00,2021-03-15 20:55:14.790000-04:00,1,,,,,,Control,675.516,83.566,6.0,4.0,2.0,,5.0,7.0,6.0,0.0,0.0,0.0,0.0,0.0,0.0,1.0,2.0,1.0,113.499,21.271,1.0,14673034
PSA25TA,698716,2021-03-12 07:57:26.631000-05:00,2021-03-12 23:59:00-05:00,2021-03-12 08:02:13.530000-05:00,,1,,,,,,Treatment 3,173.73,153.293,2.0,0.0,,,1.0,3.0,2.0,0.0,0.0,0.0,0.0,0.0,1.0,1.0,,,,,,14578938
PSA25TA,698948,2020-11-30 16:25:45.660000-05:00,2020-12-04 16:27:00-05:00,2020-12-01 13:19:37.234000-05:00,2020-12-01 13:26:33.162000-05:00,1,,,,,,Treatment 1,143.755,47.9086666666667,3.0,3.0,,,3.0,3.0,3.0,0.0,0.0,0.0,0.0,0.0,0.0,1.0,2.0,2.0,213.028,106.508,1.0,10459026
PSA25TA,699584,2021-03-12 07:57:26.631000-05:00,2021-03-12 23:59:00-05:00,2021-03-12 08:58:43.413000-05:00,2021-03-12 09:18:21.484000-05:00,3,,,,,,Treatment 3,676.264,100.444,4.0,3.0,1.0,,4.0,5.0,4.0,0.0,0.0,0.0,0.0,0.0,0.0,1.0,2.0,1.0,468.852,213.517,3.0,14581132
PSA25TA,703635,2020-11-30 16:25:45.660000-05:00,2020-12-04 16:27:00-05:00,2020-12-06 17:30:32.767000-05:00,2020-12-06 17:55:05.339000-05:00,2,,,,,,Treatment 3,1238.274,122.195857142857,7.0,4.0,1.0,,7.0,16.0,7.0,0.0,0.0,0.0,0.0,0.0,1.0,2.0,2.0,2.0,173.154,86.573,1.0,10758330
PSA25TA,704087,2020-11-03 10:30:00-05:00,2020-11-03 20:00:00-05:00,2020-11-03 11:14:21.876000-05:00,2020-11-05 14:06:42.982000-05:00,3,,,,,,Treatment 1,435.517,145.161666666667,3.0,3.0,,,3.0,3.0,3.0,0.0,0.0,0.0,0.0,0.0,0.0,2.0,2.0,2.0,182665.343,91332.663,2.0,9040112
PSA25TA,704335,2020-10-01 08:51:00-04:00,2020-10-02 08:53:00-04:00,2020-10-01 09:12:15.655000-04:00,2020-10-01 09:21:46.580000-04:00,2,,,,,,Treatment 2,370.557,37.51975,8.0,5.0,3.0,,8.0,18.0,8.0,0.0,0.0,0.0,0.0,0.0,1.0,2.0,2.0,1.0,164.358,60.176,1.0,6854055
PSA25TA,705060,2021-03-12 07:57:26.631000-05:00,2021-03-12 23:59:00-05:00,2021-03-12 12:49:32.940000-05:00,2021-03-12 12:51:53.757000-05:00,1,,,,,,Control,15.691,5.22466666666667,3.0,3.0,,,3.0,3.0,3.0,0.0,0.0,0.0,0.0,0.0,0.0,1.0,2.0,1.0,103.15,12.013,1.0,14600333
PSA25TA,705068,2021-03-12 07:57:26.631000-05:00,2021-03-12 23:59:00-05:00,2021-03-12 08:30:49.915000-05:00,2021-03-12 09:04:06.302000-05:00,1,,,,,,Treatment 3,1864.675,464.714,4.0,3.0,1.0,,4.0,5.0,4.0,0.0,0.0,0.0,0.0,0.0,0.0,1.0,2.0,1.0,97.089,15.3915,1.0,14579787
PSA25TA,705442,2021-03-12 07:57:26.631000-05:00,2021-03-12 23:59:00-05:00,2021-03-12 10:44:00.209000-05:00,2021-03-12 10:57:00.058000-05:00,1,,,,,,Treatment 3,118.063,39.3506666666667,3.0,3.0,,,3.0,3.0,3.0,0.0,0.0,0.0,0.0,0.0,0.0,1.0,2.0,1.0,610.239,93.1275,1.0,14589397
PSA25TA,717353,2020-10-13 11:00:00-04:00,2020-10-14 11:02:00-04:00,2020-10-13 11:45:36.793000-04:00,2020-10-13 12:03:56.291000-04:00,1,,,,,,Treatment 1,653.579,115.942,4.0,3.0,1.0,,4.0,5.0,4.0,0.0,0.0,0.0,0.0,0.0,0.0,1.0,2.0,2.0,390.146,195.069,1.0,7673402
PSA25TA,718156,2020-10-13 11:00:00-04:00,2020-10-14 11:02:00-04:00,2020-10-13 14:04:59.695000-04:00,2020-10-13 14:19:39.077000-04:00,1,,,,,,Treatment 1,443.744,44.1098571428571,7.0,2.0,1.0,,5.0,16.0,7.0,0.0,0.0,0.0,0.0,0.0,4.0,1.0,2.0,0.0,390.793,178.893,1.0,7702342
PSA25TA,719460,2020-10-05 12:26:00-04:00,2020-10-09 12:28:00-04:00,2020-10-05 12:38:57.520000-04:00,,1,,,,,,Treatment 2,1228.75,46.4027692307692,13.0,5.0,4.0,,9.0,34.0,13.0,0.0,0.0,0.0,0.0,0.0,5.0,1.0,,,,,,7111223
PSA25TA,720086,2020-10-13 11:00:00-04:00,2020-10-14 11:02:00-04:00,2020-10-13 12:36:51.389000-04:00,,1,,,,,,Treatment 2,425.213,14.6251538461538,13.0,3.0,2.0,,13.0,38.0,13.0,0.0,0.0,0.0,0.0,0.0,5.0,1.0,,,,,,7684069
PSA25TA,720335,2020-09-15 10:21:21.575000-04:00,,2020-09-16 18:13:03.041000-04:00,2020-09-16 18:15:09.435000-04:00,1,,,,,,Treatment 1,37.115,12.369,3.0,3.0,,,3.0,3.0,3.0,0.0,0.0,0.0,0.0,0.0,0.0,1.0,2.0,2.0,53.279,26.636,1.0,5618608
PSA25TA,720921,2020-10-13 11:00:00-04:00,2020-10-14 11:02:00-04:00,2020-10-13 11:45:26.427000-04:00,,1,,,,,,Treatment 2,779.562,148.7465,4.0,2.0,1.0,,4.0,9.0,4.0,0.0,0.0,0.0,0.0,0.0,1.0,1.0,,,,,,7673379
PSA25TA,724113,2021-03-12 07:57:26.631000-05:00,2021-03-12 23:59:00-05:00,2021-03-15 14:09:01.348000-04:00,2021-03-15 14:15:04.105000-04:00,1,,,,,,Treatment 1,151.49,50.4893333333333,3.0,3.0,,,3.0,3.0,3.0,0.0,0.0,0.0,0.0,0.0,0.0,1.0,2.0,1.0,179.528,18.041,1.0,14657032
PSA25TA,724382,2021-03-12 07:57:26.631000-05:00,2021-03-12 23:59:00-05:00,2021-03-15 13:38:03.592000-04:00,2021-04-13 01:09:22.336000-04:00,2,,,,,,Treatment 2,2460399.228,820133.072,3.0,3.0,,,3.0,3.0,3.0,0.0,0.0,0.0,0.0,0.0,0.0,2.0,2.0,1.0,208.042,100.592,1.0,14653665
PSA25TA,724393,2021-03-12 07:57:26.631000-05:00,2021-03-12 23:59:00-05:00,2021-03-12 11:47:25.890000-05:00,2021-03-12 11:59:20.987000-05:00,1,,,,,,Treatment 3,84.479,28.1553333333333,3.0,3.0,,,3.0,3.0,3.0,0.0,0.0,0.0,0.0,0.0,0.0,1.0,2.0,0.0,593.926,21.314,1.0,14595022
PSA25TA,724416,2021-03-12 07:57:26.631000-05:00,2021-03-12 23:59:00-05:00,2021-03-15 10:34:40.413000-04:00,,1,,,,,,Treatment 2,,,1.0,,,,,0.0,1.0,0.0,0.0,0.0,0.0,0.0,0.0,1.0,,,,,,14634267
PSA25TA,725535,2021-03-12 07:57:26.631000-05:00,2021-03-12 23:59:00-05:00,2021-03-15 10:59:08.758000-04:00,,1,,,,,,Treatment 3,138.024,45.9933333333333,3.0,3.0,,,3.0,3.0,3.0,0.0,0.0,0.0,0.0,0.0,0.0,1.0,1.0,0.0,80.66,53.582,1.0,14636586
PSA25TA,725615,2021-03-12 07:57:26.631000-05:00,2021-03-12 23:59:00-05:00,2021-04-15 12:54:04.006000-04:00,,2,,,,,,Treatment 2,1037436.83,21.195,1.0,0.0,,,1.0,4.0,1.0,0.0,0.0,0.0,0.0,0.0,1.0,2.0,,,,,,15588029
PSA25TA,726003,2021-03-12 07:57:26.631000-05:00,2021-03-12 23:59:00-05:00,2021-03-12 09:00:40.318000-05:00,2021-03-12 09:05:46.941000-05:00,1,,,,,,Treatment 3,251.396,28.6343333333333,6.0,0.0,0.0,,1.0,9.0,6.0,0.0,0.0,0.0,0.0,0.0,6.0,1.0,2.0,0.0,25.948,0.979,1.0,14581244
PSA25TA,727554,2021-03-12 07:57:26.628000-05:00,2021-03-12 23:59:00-05:00,2021-03-12 09:24:44.732000-05:00,2021-03-12 09:32:38.232000-05:00,1,,,,,,Treatment 3,212.209,70.733,3.0,3.0,,,3.0,3.0,3.0,0.0,0.0,0.0,0.0,0.0,0.0,1.0,2.0,1.0,237.39,7.5815,1.0,14582865
PSA25TA,727555,2021-03-12 07:57:26.628000-05:00,2021-03-12 23:59:00-05:00,2021-03-12 09:04:36.696000-05:00,2021-03-12 09:09:58.889000-05:00,1,,,,,,Treatment 3,232.05,16.0338333333333,6.0,0.0,0.0,,5.0,17.0,6.0,0.0,0.0,0.0,0.0,0.0,5.0,1.0,2.0,1.0,27.634,3.575,1.0,14581519
PSA25TA,727558,2021-03-12 07:57:26.628000-05:00,2021-03-12 23:59:00-05:00,2021-03-12 08:55:41.920000-05:00,2021-03-12 09:02:09.670000-05:00,2,,,,,,Treatment 1,131.035,43.6706666666667,3.0,3.0,,,3.0,3.0,3.0,0.0,0.0,0.0,0.0,0.0,0.0,1.0,2.0,1.0,241.121,38.337,2.0,14580944
PSA25TA,727583,2021-03-12 07:57:26.628000-05:00,2021-03-12 23:59:00-05:00,2021-04-14 13:48:31.416000-04:00,,1,,,,,,Control,961.509,76.6136666666667,4.0,0.0,0.0,,0.0,7.0,4.0,0.0,0.0,0.0,0.0,0.0,3.0,1.0,,,,,,15547454
PSA25TA,727584,2021-03-12 07:57:26.628000-05:00,2021-03-12 23:59:00-05:00,2021-03-26 20:41:46.783000-04:00,2021-03-26 20:45:12.673000-04:00,1,,,,,,Treatment 3,96.319,32.1046666666667,3.0,3.0,,,3.0,3.0,3.0,0.0,0.0,0.0,0.0,0.0,0.0,1.0,2.0,1.0,75.182,33.922,1.0,15091880
PSA25TA,727604,2021-03-12 07:57:26.628000-05:00,2021-03-12 23:59:00-05:00,2021-03-12 12:38:48.705000-05:00,2021-03-12 12:46:11.587000-05:00,1,,,,,,Treatment 1,236.758,78.9146666666667,3.0,3.0,,,3.0,3.0,3.0,0.0,0.0,0.0,0.0,0.0,0.0,1.0,2.0,1.0,148.454,33.178,1.0,14599432
PSA25TA,727605,2021-03-12 07:57:26.628000-05:00,2021-03-12 23:59:00-05:00,2021-03-15 12:57:25.168000-04:00,,2,,,,,,Treatment 2,106.447,35.4773333333333,3.0,3.0,,,3.0,3.0,3.0,0.0,0.0,0.0,0.0,0.0,0.0,2.0,2.0,1.0,100.543,22.825,1.0,14648694
PSA25TA,727734,2021-03-12 07:57:26.628000-05:00,2021-03-12 23:59:00-05:00,2021-03-17 07:39:29.076000-04:00,,3,,,,,,Treatment 2,1322551.709,440811.993333333,4.0,0.0,0.0,,0.0,6.0,4.0,0.0,0.0,0.0,0.0,0.0,3.0,3.0,,,,,,14733288
PSA25TA,728145,2020-10-13 11:00:00-04:00,2020-10-14 11:02:00-04:00,2020-10-13 12:35:54.086000-04:00,2020-10-13 22:18:56.090000-04:00,2,,,,,,Treatment 3,132.392,44.1253333333333,3.0,3.0,,,3.0,3.0,3.0,0.0,0.0,0.0,0.0,0.0,0.0,1.0,2.0,2.0,34801.679,17400.8305,2.0,7683874
PSA25TA,728364,2020-10-05 12:26:00-04:00,2020-10-09 12:28:00-04:00,2020-10-20 12:36:03.185000-04:00,,1,,,,,,Not Assigned,,,,,,,,,,,,,,,,,,,,,,8165001
PSA25TA,728407,2020-10-13 11:00:00-04:00,2020-10-14 11:02:00-04:00,2020-10-13 11:46:14.714000-04:00,2020-10-15 19:24:33.644000-04:00,4,,,,,,Treatment 1,198960.114,2010.05085714286,7.0,3.0,1.0,,6.0,18.0,7.0,0.0,0.0,0.0,0.0,0.0,3.0,2.0,2.0,1.0,1114.045,518.0325,1.0,7673540
PSA25TA,728534,2020-10-13 11:00:00-04:00,2020-10-14 11:02:00-04:00,2020-10-13 11:11:11.504000-04:00,2020-10-13 12:54:19.363000-04:00,3,,,,,,Treatment 3,996.975,332.320666666667,3.0,3.0,,,3.0,3.0,3.0,0.0,0.0,0.0,0.0,0.0,0.0,1.0,2.0,0.0,4863.391,2103.59,2.0,7666306
PSA25TA,728868,2020-10-13 11:00:00-04:00,2020-10-14 11:02:00-04:00,2020-10-13 16:59:48.903000-04:00,2020-10-13 17:20:26.196000-04:00,1,,,,,,Control,566.259,80.5841666666667,6.0,5.0,1.0,,6.0,7.0,6.0,0.0,0.0,0.0,0.0,0.0,0.0,1.0,2.0,0.0,629.1,216.6945,1.0,7726334
PSA25TA,730920,2021-05-12 10:45:00-04:00,2021-05-13 00:00:00-04:00,2021-05-12 22:46:54.767000-04:00,2021-05-12 22:50:52.755000-04:00,1,,,,,,Treatment 1,59.571,19.854,3.0,3.0,,,3.0,3.0,3.0,0.0,0.0,0.0,0.0,0.0,0.0,1.0,2.0,1.0,152.023,32.887,1.0,16362695
PSA25TA,731251,2021-03-12 07:57:26.631000-05:00,2021-03-12 23:59:00-05:00,2021-03-12 08:58:59.702000-05:00,2021-03-12 09:03:23.108000-05:00,1,,,,,,Treatment 2,123.12,26.956,4.0,3.0,1.0,,4.0,5.0,4.0,0.0,0.0,0.0,0.0,0.0,0.0,1.0,2.0,1.0,110.199,14.7705,1.0,14581152
PSA25TA,732642,2020-10-13 11:00:00-04:00,2020-10-14 11:02:00-04:00,2020-10-13 12:57:37.953000-04:00,2020-10-13 13:51:52.898000-04:00,2,,,,,,Treatment 2,2728.633,909.538666666666,3.0,3.0,,,3.0,3.0,3.0,0.0,0.0,0.0,0.0,0.0,0.0,2.0,2.0,2.0,466.38,233.1855,1.0,7688251
PSA25TA,732885,2020-10-13 11:00:00-04:00,2020-10-14 11:02:00-04:00,2020-10-13 11:48:05.273000-04:00,2020-10-14 13:46:12.804000-04:00,2,,,,,,Control,93375.357,31125.1063333333,3.0,3.0,,,3.0,3.0,3.0,0.0,0.0,0.0,0.0,0.0,0.0,2.0,2.0,2.0,82.596,41.292,1.0,7673915
PSA25TA,734770,2020-10-13 11:00:00-04:00,2020-10-14 11:02:00-04:00,2020-10-14 00:37:40.727000-04:00,2020-10-14 00:45:45.513000-04:00,1,,,,,,Control,66.493,22.1596666666667,3.0,3.0,,,3.0,3.0,3.0,0.0,0.0,0.0,0.0,0.0,0.0,1.0,2.0,2.0,310.448,155.2185,1.0,7740765
PSA25TA,735918,2020-10-13 11:00:00-04:00,2020-10-14 11:02:00-04:00,2020-10-13 16:15:39.163000-04:00,,2,,,,,,Treatment 1,22240.421,7413.46066666667,3.0,3.0,,,3.0,3.0,3.0,0.0,0.0,0.0,0.0,0.0,0.0,1.0,2.0,1.0,177315.769,118.423,2.0,7722647
PSA25TA,736859,2021-03-12 07:57:26.628000-05:00,2021-03-12 23:59:00-05:00,2021-03-12 09:33:06.841000-05:00,,1,,,,,,Treatment 1,129.926,43.3046666666667,3.0,3.0,,,3.0,3.0,3.0,0.0,0.0,0.0,0.0,0.0,0.0,1.0,1.0,0.0,188.307,44.651,1.0,14583388
PSA25TA,741807,2020-10-13 11:00:00-04:00,2020-10-14 11:02:00-04:00,2020-10-13 12:12:32.555000-04:00,2020-10-15 11:47:12.089000-04:00,4,,,,,,Treatment 1,171095.379,48.5535,4.0,3.0,1.0,,3.0,10.0,4.0,0.0,0.0,0.0,0.0,0.0,1.0,2.0,2.0,2.0,132.631,66.31,1.0,7679173
PSA25TA,741886,2020-10-13 11:00:00-04:00,2020-10-14 11:02:00-04:00,2020-10-13 12:51:36.066000-04:00,2020-10-13 13:24:48.556000-04:00,1,,,,,,Treatment 1,717.619,239.201333333333,3.0,3.0,,,3.0,3.0,3.0,0.0,0.0,0.0,0.0,0.0,0.0,1.0,2.0,2.0,1184.201,592.097,1.0,7687091
PSA25TA,745493,2020-10-13 11:00:00-04:00,2020-10-14 11:02:00-04:00,2020-10-13 21:09:09.944000-04:00,,10,,,,,,Treatment 2,937544.874,37.739,1.0,0.0,,,1.0,11.0,1.0,0.0,0.0,0.0,0.0,0.0,1.0,2.0,,,,,,7737120
PSA25TA,747696,2021-03-12 07:57:26.631000-05:00,2021-03-12 23:59:00-05:00,2021-03-12 09:04:41.441000-05:00,2021-03-12 19:01:59.669000-05:00,3,,,,,,Treatment 2,35580.592,11860.1933333333,3.0,3.0,,,3.0,3.0,3.0,0.0,0.0,0.0,0.0,0.0,0.0,2.0,2.0,1.0,240.031,27.2465,1.0,14581521
PSA25TA,750042,2021-06-02 08:00:00-04:00,,2021-06-02 13:01:40.165000-04:00,2021-06-03 20:27:23.303000-04:00,2,,,,,,Control,105.025,35.0036666666667,3.0,3.0,,,3.0,3.0,3.0,0.0,0.0,0.0,0.0,0.0,0.0,1.0,2.0,1.0,113011.979,18.7615,2.0,16686216
PSA25TA,750146,2021-06-02 08:00:00-04:00,,2021-06-09 10:09:34.687000-04:00,2021-06-09 12:19:36.192000-04:00,4,,,,,,Treatment 1,620.981,84.9374285714286,7.0,5.0,2.0,,7.0,9.0,7.0,0.0,0.0,0.0,0.0,0.0,0.0,1.0,2.0,0.0,7131.549,110.512,2.0,16735005
PSA25TA,750374,2021-06-02 08:00:00-04:00,,2021-06-03 09:30:51.892000-04:00,2021-06-03 10:44:49.616000-04:00,2,,,,,,Treatment 2,3140.721,472.55075,4.0,3.0,1.0,,3.0,4.0,4.0,0.0,0.0,0.0,0.0,0.0,0.0,2.0,2.0,0.0,1167.153,566.4915,1.0,16693099
PSA25TA,752942,2020-11-30 11:00:00-05:00,2020-12-04 19:00:00-05:00,2020-12-01 12:48:09.451000-05:00,2020-12-01 12:58:13.579000-05:00,1,,,,,,Treatment 3,115.445,38.477,3.0,3.0,,,3.0,3.0,3.0,0.0,0.0,0.0,0.0,0.0,0.0,1.0,2.0,1.0,416.346,58.6055,1.0,10452666
PSA25TA,754848,2020-11-05 10:02:05.762000-05:00,2020-11-05 12:00:00-05:00,2020-11-05 10:37:32.918000-05:00,2020-11-05 11:04:34.492000-05:00,3,,,,,,Control,222.931,74.3043333333333,3.0,3.0,,,3.0,3.0,3.0,0.0,0.0,0.0,0.0,0.0,0.0,1.0,2.0,1.0,1363.92,514.6795,2.0,9193939
PSA25TA,755131,2020-11-05 10:02:05.762000-05:00,2020-11-05 12:00:00-05:00,2020-11-05 15:12:33.422000-05:00,2020-11-05 15:31:11.281000-05:00,2,,,,,,Treatment 2,722.211,240.692666666667,3.0,3.0,,,3.0,3.0,3.0,0.0,0.0,0.0,0.0,0.0,0.0,2.0,2.0,1.0,343.802,93.4895,1.0,9244262
PSA25TA,755290,2020-11-05 10:02:05.762000-05:00,2020-11-05 12:00:00-05:00,2020-11-05 11:00:35.930000-05:00,,1,,,,,,Treatment 1,780.015,780.015,1.0,0.0,,,1.0,1.0,1.0,0.0,0.0,0.0,0.0,0.0,0.0,1.0,,,,,,9198170
PSA25TA,755324,2020-11-05 10:02:05.762000-05:00,2020-11-05 12:00:00-05:00,2020-11-05 10:19:03.266000-05:00,,1,,,,,,Treatment 3,62.658,20.8766666666667,3.0,3.0,,,3.0,3.0,3.0,0.0,0.0,0.0,0.0,0.0,0.0,1.0,1.0,0.0,142.786,86.548,1.0,9190741
PSA25TA,755348,2020-11-05 10:02:05.762000-05:00,2020-11-05 12:00:00-05:00,2020-11-05 10:02:11.832000-05:00,2020-11-05 10:11:42.179000-05:00,1,,,,,,Treatment 1,234.023,78.006,3.0,3.0,,,3.0,3.0,3.0,0.0,0.0,0.0,0.0,0.0,0.0,1.0,2.0,1.0,289.408,60.967,1.0,9187763
PSA25TA,755387,2020-11-05 10:02:05.762000-05:00,2020-11-05 12:00:00-05:00,2021-02-09 13:20:19.888000-05:00,2021-02-09 13:33:30.252000-05:00,1,,,,,,Treatment 3,419.529,139.841666666667,3.0,3.0,,,3.0,3.0,3.0,0.0,0.0,0.0,0.0,0.0,0.0,1.0,2.0,2.0,303.014,151.506,1.0,13290073
PSA25TA,755393,2020-11-05 10:02:05.762000-05:00,2020-11-05 12:00:00-05:00,2020-11-05 10:02:09.005000-05:00,,1,,,,,,Treatment 1,307.478,307.475,2.0,1.0,,,1.0,1.0,2.0,0.0,0.0,0.0,0.0,0.0,0.0,1.0,,,,,,9187756
PSA25TA,755468,2020-11-30 16:25:45.660000-05:00,2020-12-04 16:27:00-05:00,2020-12-04 22:20:16.788000-05:00,2020-12-04 22:43:45.505000-05:00,1,,,,,,Control,337.962,112.648,3.0,3.0,,,3.0,3.0,3.0,0.0,0.0,0.0,0.0,0.0,0.0,1.0,2.0,2.0,1025.005,512.4955,1.0,10749922
PSA25TA,755966,2020-11-05 10:02:05.762000-05:00,2020-11-05 12:00:00-05:00,2020-11-05 10:09:02.642000-05:00,2020-11-05 10:17:27.673000-05:00,1,,,,,,Control,149.817,49.936,3.0,3.0,,,3.0,3.0,3.0,0.0,0.0,0.0,0.0,0.0,0.0,1.0,2.0,1.0,308.876,140.817,1.0,9188920
PSA25TA,756014,2020-11-30 11:00:00-05:00,2020-12-04 19:00:00-05:00,2020-12-01 13:06:36.123000-05:00,2020-12-01 13:12:27.873000-05:00,1,,,,,,Treatment 3,216.896,72.2936666666667,3.0,3.0,,,3.0,3.0,3.0,0.0,0.0,0.0,0.0,0.0,0.0,1.0,2.0,1.0,73.648,28.1085,1.0,10456400
PSA25TA,757004,2020-10-05 12:26:00-04:00,2020-10-09 12:28:00-04:00,2020-12-07 12:37:36.252000-05:00,2020-12-07 12:41:30.741000-05:00,1,,,,,,Control,53.625,17.8713333333333,3.0,3.0,,,3.0,3.0,3.0,0.0,0.0,0.0,0.0,0.0,0.0,1.0,2.0,2.0,41.529,20.7605,1.0,10803092
PSA25TA,757221,2020-11-05 10:02:05.762000-05:00,2020-11-05 12:00:00-05:00,2020-11-05 19:34:13.939000-05:00,2020-11-05 19:55:50.144000-05:00,1,,,,,,Control,375.704,125.227333333333,3.0,3.0,,,3.0,3.0,3.0,0.0,0.0,0.0,0.0,0.0,0.0,1.0,2.0,1.0,864.437,427.5895,1.0,9260940
PSA25TA,758243,2020-11-05 10:02:05.762000-05:00,2020-11-05 12:00:00-05:00,2020-11-05 19:48:48.411000-05:00,2020-11-05 19:56:30.809000-05:00,1,,,,,,Treatment 3,292.461,68.111,4.0,3.0,1.0,,4.0,5.0,4.0,0.0,0.0,0.0,0.0,0.0,0.0,1.0,2.0,2.0,99.918,49.951,1.0,9261402
PSA25TA,758545,2020-11-30 11:00:00-05:00,2020-12-04 19:00:00-05:00,2020-12-01 13:26:57.100000-05:00,2020-12-01 13:29:47.583000-05:00,1,,,,,,Control,64.209,21.4,3.0,3.0,,,3.0,3.0,3.0,0.0,0.0,0.0,0.0,0.0,0.0,1.0,2.0,2.0,81.668,40.8305,1.0,10460479
PSA25TA,758892,2021-01-22 08:15:00-05:00,2021-01-22 20:00:00-05:00,2021-01-25 09:36:20.001000-05:00,,1,,,,,,Treatment 3,,,1.0,,,,,0.0,1.0,0.0,0.0,0.0,0.0,0.0,0.0,1.0,,,,,,12511015
PSA25TA,758933,2020-11-30 11:00:00-05:00,2020-12-04 19:00:00-05:00,2020-12-01 15:34:23.177000-05:00,2020-12-01 15:41:21.702000-05:00,1,,,,,,Control,238.474,79.485,3.0,3.0,,,3.0,3.0,3.0,0.0,0.0,0.0,0.0,0.0,0.0,1.0,2.0,2.0,140.069,70.029,1.0,10482462
PSA25TA,758996,2020-11-30 11:00:00-05:00,2020-12-04 19:00:00-05:00,2020-12-01 14:03:49.657000-05:00,2020-12-01 14:15:54.201000-05:00,1,,,,,,Treatment 2,123.584,41.191,3.0,3.0,,,3.0,3.0,3.0,0.0,0.0,0.0,0.0,0.0,0.0,1.0,2.0,0.0,575.077,120.414,1.0,10467686
PSA25TA,759163,2020-11-30 11:00:00-05:00,2020-12-04 19:00:00-05:00,2020-12-02 14:02:52.245000-05:00,2020-12-02 14:05:09.138000-05:00,1,,,,,,Treatment 1,36.416,12.1343333333333,3.0,3.0,,,3.0,3.0,3.0,0.0,0.0,0.0,0.0,0.0,0.0,1.0,2.0,1.0,61.494,26.0015,1.0,10559532
PSA25TA,759206,2020-11-30 11:00:00-05:00,2020-12-04 19:00:00-05:00,2020-12-01 13:33:42.357000-05:00,2020-12-01 13:48:35.899000-05:00,1,,,,,,Control,365.402,121.796666666667,3.0,3.0,,,3.0,3.0,3.0,0.0,0.0,0.0,0.0,0.0,0.0,1.0,2.0,1.0,160.153,23.613,1.0,10461717
PSA25TA,759261,2020-11-30 11:00:00-05:00,2020-12-04 19:00:00-05:00,2020-12-01 14:45:46.036000-05:00,2020-12-01 14:56:02.618000-05:00,1,,,,,,Treatment 1,319.556,106.516,3.0,3.0,,,3.0,3.0,3.0,0.0,0.0,0.0,0.0,0.0,0.0,1.0,2.0,2.0,251.67,125.8315,1.0,10475603
PSA25TA,759395,2020-11-30 11:00:00-05:00,2020-12-04 19:00:00-05:00,2020-12-01 13:08:24.384000-05:00,2020-12-01 14:00:34.586000-05:00,4,,,,,,Treatment 3,1578.2,526.062,3.0,3.0,,,3.0,3.0,3.0,0.0,0.0,0.0,0.0,0.0,0.0,1.0,2.0,1.0,1051.932,280.084,3.0,10456777
PSA25TA,759853,2020-11-30 11:00:00-05:00,2020-12-04 19:00:00-05:00,2020-12-01 13:17:00.402000-05:00,2020-12-01 13:23:54.217000-05:00,1,,,,,,Treatment 1,338.689,112.894666666667,3.0,3.0,,,3.0,3.0,3.0,0.0,0.0,0.0,0.0,0.0,0.0,1.0,2.0,1.0,49.507,16.5095,1.0,10458447
PSA25TA,759863,2020-11-30 11:00:00-05:00,2020-12-04 19:00:00-05:00,2020-12-01 10:47:00.044000-05:00,2020-12-01 10:56:26.886000-05:00,1,,,,,,Treatment 2,37.336,12.441,3.0,3.0,,,3.0,3.0,3.0,0.0,0.0,0.0,0.0,0.0,0.0,1.0,2.0,1.0,474.796,107.4615,1.0,10427866
PSA25TA,759943,2020-10-13 11:00:00-04:00,2020-10-14 11:02:00-04:00,2020-10-13 11:54:04.090000-04:00,,1,,,,,,Treatment 2,,,1.0,,,,,0.0,1.0,0.0,0.0,0.0,0.0,0.0,0.0,1.0,,,,,,7675221
PSA25TA,760387,2020-11-30 11:00:00-05:00,2020-12-04 19:00:00-05:00,2020-12-01 17:05:45.227000-05:00,2020-12-01 17:16:05.080000-05:00,1,,,,,,Treatment 3,206.495,68.828,3.0,3.0,,,3.0,3.0,3.0,0.0,0.0,0.0,0.0,0.0,0.0,1.0,2.0,2.0,366.375,183.1845,1.0,10490108
PSA25TA,760447,2020-11-30 11:00:00-05:00,2020-12-04 19:00:00-05:00,2020-12-01 15:19:25.503000-05:00,2020-12-01 15:27:22.393000-05:00,1,,,,,,Treatment 2,204.387,68.1246666666667,3.0,3.0,,,3.0,3.0,3.0,0.0,0.0,0.0,0.0,0.0,0.0,1.0,2.0,1.0,211.606,59.0125,1.0,10480744
PSA25TA,760451,2020-11-30 11:00:00-05:00,2020-12-04 19:00:00-05:00,2020-12-01 14:46:49.941000-05:00,2020-12-01 15:10:36.732000-05:00,1,,,,,,Treatment 2,1129.908,376.631666666667,3.0,3.0,,,3.0,3.0,3.0,0.0,0.0,0.0,0.0,0.0,0.0,1.0,2.0,2.0,218.766,109.377,1.0,10475762
PSA25TA,760484,2020-10-05 12:26:00-04:00,2020-10-09 12:28:00-04:00,2020-10-21 19:16:46.469000-04:00,2020-11-04 14:49:29.488000-05:00,5,,,,,,Treatment 3,1195672.498,198009.158333333,6.0,5.0,1.0,,6.0,11.0,6.0,0.0,0.0,0.0,0.0,0.0,1.0,3.0,2.0,1.0,1424.219,695.728,1.0,8312137
PSA25TA,760757,2020-11-30 11:00:00-05:00,2020-12-04 19:00:00-05:00,2020-12-01 16:28:40.546000-05:00,2020-12-01 16:35:54.167000-05:00,1,,,,,,Treatment 1,183.479,61.1536666666667,3.0,3.0,,,3.0,3.0,3.0,0.0,0.0,0.0,0.0,0.0,0.0,1.0,2.0,2.0,211.072,105.533,1.0,10487589
PSA25TA,760774,2020-11-05 10:02:05.762000-05:00,2020-11-05 12:00:00-05:00,2020-11-05 10:37:35.634000-05:00,2020-11-05 10:41:23.026000-05:00,1,,,,,,Control,117.33,39.1073333333333,3.0,3.0,,,3.0,3.0,3.0,0.0,0.0,0.0,0.0,0.0,0.0,1.0,2.0,1.0,75.437,18.986,1.0,9193948
PSA25TA,760825,2020-11-30 11:00:00-05:00,2020-12-04 19:00:00-05:00,2020-12-01 14:06:27.285000-05:00,2020-12-01 14:31:52.663000-05:00,1,,,,,,Control,487.927,162.636666666667,3.0,3.0,,,3.0,3.0,3.0,0.0,0.0,0.0,0.0,0.0,0.0,1.0,2.0,0.0,917.017,156.899,1.0,10468309
PSA25TA,761340,2020-11-30 11:00:00-05:00,2020-12-04 19:00:00-05:00,2020-12-01 13:16:37.632000-05:00,2020-12-01 13:30:28.433000-05:00,1,,,,,,Treatment 2,240.836,80.2733333333333,3.0,3.0,,,3.0,3.0,3.0,0.0,0.0,0.0,0.0,0.0,0.0,1.0,2.0,1.0,524.845,22.3535,1.0,10458357
PSA25TA,761460,2020-11-30 11:00:00-05:00,2020-12-04 19:00:00-05:00,2020-12-01 13:11:33.443000-05:00,2020-12-01 13:15:23.323000-05:00,1,,,,,,Control,137.594,45.8603333333333,3.0,3.0,,,3.0,3.0,3.0,0.0,0.0,0.0,0.0,0.0,0.0,1.0,2.0,2.0,35.765,17.877,1.0,10457382
PSA25TA,761494,2020-11-30 11:00:00-05:00,2020-12-04 19:00:00-05:00,2020-12-01 18:38:14.204000-05:00,2020-12-01 18:46:32.555000-05:00,1,,,,,,Control,219.235,73.0736666666667,3.0,3.0,,,3.0,3.0,3.0,0.0,0.0,0.0,0.0,0.0,0.0,1.0,2.0,2.0,225.695,112.844,1.0,10494606
PSA25TA,761508,2020-11-30 11:00:00-05:00,2020-12-04 19:00:00-05:00,2020-12-01 15:44:40.596000-05:00,2020-12-01 15:49:46.168000-05:00,1,,,,,,Control,112.295,37.4283333333333,3.0,3.0,,,3.0,3.0,3.0,0.0,0.0,0.0,0.0,0.0,0.0,1.0,2.0,2.0,164.126,82.061,1.0,10483639
PSA25TA,761552,2020-11-30 11:00:00-05:00,2020-12-04 19:00:00-05:00,2020-12-01 15:59:39.728000-05:00,2020-12-01 16:09:26.778000-05:00,1,,,,,,Treatment 3,227.956,75.982,3.0,3.0,,,3.0,3.0,3.0,0.0,0.0,0.0,0.0,0.0,0.0,1.0,2.0,2.0,314.715,157.3535,1.0,10485216
PSA25TA,761852,2020-11-30 11:00:00-05:00,2020-12-04 19:00:00-05:00,2020-12-01 10:04:38.933000-05:00,2020-12-01 10:09:28.880000-05:00,1,,,,,,Treatment 3,150.461,50.1483333333333,3.0,3.0,,,3.0,3.0,3.0,0.0,0.0,0.0,0.0,0.0,0.0,1.0,2.0,1.0,90.939,23.8535,1.0,10419661
PSA25TA,761952,2020-11-30 11:00:00-05:00,2020-12-04 19:00:00-05:00,2020-12-01 13:44:48.157000-05:00,2020-12-01 14:00:29.896000-05:00,2,,,,,,Treatment 2,458.013,152.658333333333,3.0,3.0,,,3.0,3.0,3.0,0.0,0.0,0.0,0.0,0.0,0.0,2.0,2.0,1.0,411.215,196.4575,1.0,10463916
PSA25TA,762014,2020-11-30 11:00:00-05:00,2020-12-04 19:00:00-05:00,2020-12-02 11:32:44.759000-05:00,2020-12-02 12:02:05.430000-05:00,1,,,,,,Control,375.608,125.198666666667,3.0,3.0,,,3.0,3.0,3.0,0.0,0.0,0.0,0.0,0.0,0.0,1.0,2.0,0.0,1347.95,203.9865,1.0,10534390
PSA25TA,762056,2020-11-30 11:00:00-05:00,2020-12-04 19:00:00-05:00,2020-12-01 13:23:49.724000-05:00,2020-12-01 14:33:48.632000-05:00,1,,,,,,Treatment 3,146.882,48.9556666666667,3.0,3.0,,,3.0,3.0,3.0,0.0,0.0,0.0,0.0,0.0,0.0,1.0,2.0,2.0,4013.873,2006.921,1.0,10459906
PSA25TA,762157,2020-11-30 11:00:00-05:00,2020-12-04 19:00:00-05:00,2020-12-01 12:51:07.579000-05:00,2020-12-01 12:57:34.593000-05:00,1,,,,,,Treatment 3,147.955,49.312,3.0,3.0,,,3.0,3.0,3.0,0.0,0.0,0.0,0.0,0.0,0.0,1.0,2.0,0.0,196.164,19.8445,1.0,10453270
PSA25TA,762243,2020-11-30 11:00:00-05:00,2020-12-04 19:00:00-05:00,2020-12-01 13:17:34.622000-05:00,2020-12-01 13:30:23.833000-05:00,1,,,,,,Treatment 2,189.699,63.2253333333333,3.0,3.0,,,3.0,3.0,3.0,0.0,0.0,0.0,0.0,0.0,0.0,1.0,2.0,2.0,527.634,263.8135,1.0,10458581
PSA25TA,762336,2020-11-30 11:00:00-05:00,2020-12-04 19:00:00-05:00,2020-12-01 13:00:39.500000-05:00,,2,,,,,,Treatment 1,86.663,28.884,3.0,3.0,,,3.0,3.0,3.0,0.0,0.0,0.0,0.0,0.0,0.0,1.0,2.0,0.0,737.587,251.245,2.0,10455201
PSA25TA,762410,2020-11-30 11:00:00-05:00,2020-12-04 19:00:00-05:00,2020-12-01 13:42:27.255000-05:00,2020-12-01 13:52:11.808000-05:00,1,,,,,,Treatment 3,194.579,64.856,3.0,3.0,,,3.0,3.0,3.0,0.0,0.0,0.0,0.0,0.0,0.0,1.0,2.0,2.0,307.837,153.914,1.0,10463423
PSA25TA,762415,2020-11-30 11:00:00-05:00,2020-12-04 19:00:00-05:00,2020-12-06 21:40:14.236000-05:00,2020-12-06 21:42:12.211000-05:00,1,,,,,,Treatment 3,32.474,10.8206666666667,3.0,3.0,,,3.0,3.0,3.0,0.0,0.0,0.0,0.0,0.0,0.0,1.0,2.0,1.0,60.622,21.4135,1.0,10761187
PSA25TA,762452,2020-11-05 10:02:05.762000-05:00,2020-11-05 12:00:00-05:00,2020-11-06 11:04:01.375000-05:00,2020-11-06 11:17:46.628000-05:00,1,,,,,,Treatment 1,305.081,58.4365,4.0,3.0,1.0,,3.0,5.0,4.0,0.0,0.0,0.0,0.0,0.0,1.0,1.0,2.0,1.0,456.888,226.294,1.0,9288217
PSA25TA,762817,2020-11-30 11:00:00-05:00,2020-12-04 19:00:00-05:00,2020-12-01 13:21:45.897000-05:00,2020-12-01 13:33:54.930000-05:00,1,,,,,,Control,378.01,58.6828333333333,6.0,5.0,1.0,,6.0,7.0,6.0,0.0,0.0,0.0,0.0,0.0,0.0,1.0,2.0,1.0,309.977,152.8655,1.0,10459463
PSA25TA,762841,2020-11-30 11:00:00-05:00,2020-12-04 19:00:00-05:00,2021-01-04 18:47:34.420000-05:00,2021-01-04 18:52:37.501000-05:00,1,,,,,,Treatment 3,152.325,50.7703333333333,3.0,3.0,,,3.0,3.0,3.0,0.0,0.0,0.0,0.0,0.0,0.0,1.0,2.0,2.0,128.651,64.321,1.0,11558673
PSA25TA,763111,2020-11-30 11:00:00-05:00,2020-12-04 19:00:00-05:00,2020-12-01 14:23:48.241000-05:00,2020-12-01 14:41:54.750000-05:00,1,,,,,,Control,664.694,128.15175,4.0,3.0,1.0,,3.0,5.0,4.0,0.0,0.0,0.0,0.0,0.0,1.0,1.0,2.0,1.0,367.407,141.8535,1.0,10471715
PSA25TA,763115,2020-11-30 11:00:00-05:00,2020-12-04 19:00:00-05:00,2020-12-01 15:12:09.920000-05:00,2020-12-01 15:17:45.584000-05:00,1,,,,,,Treatment 3,276.612,92.1993333333333,3.0,3.0,,,3.0,3.0,3.0,0.0,0.0,0.0,0.0,0.0,0.0,1.0,2.0,2.0,17.102,8.548,1.0,10479836
PSA25TA,763286,2020-11-05 10:02:05.762000-05:00,2020-11-05 12:00:00-05:00,2020-11-05 11:35:15.363000-05:00,2020-11-05 17:04:20.614000-05:00,5,,,,,,Treatment 3,18771.225,4692.0145,4.0,3.0,1.0,,3.0,4.0,4.0,0.0,0.0,0.0,0.0,0.0,1.0,2.0,2.0,1.0,845.403,248.54,1.0,9204275
PSA25TA,763365,2020-11-30 11:00:00-05:00,2020-12-04 19:00:00-05:00,2020-12-01 17:12:56.313000-05:00,2020-12-01 17:23:48.577000-05:00,1,,,,,,Treatment 3,363.062,121.015666666667,3.0,3.0,,,3.0,3.0,3.0,0.0,0.0,0.0,0.0,0.0,0.0,1.0,2.0,2.0,251.477,125.734,1.0,10490534
PSA25TA,763517,2020-11-30 11:00:00-05:00,2020-12-04 19:00:00-05:00,2020-12-01 17:03:29.788000-05:00,2020-12-01 17:17:07.903000-05:00,1,,,,,,Control,145.755,48.581,3.0,3.0,,,3.0,3.0,3.0,0.0,0.0,0.0,0.0,0.0,0.0,1.0,2.0,2.0,425.486,212.738,1.0,10489963
PSA25TA,763926,2020-11-05 10:02:05.762000-05:00,2020-11-05 12:00:00-05:00,2020-11-05 10:02:22.379000-05:00,2020-11-05 10:15:43.261000-05:00,1,,,,,,Treatment 3,336.702,112.227,3.0,3.0,,,3.0,3.0,3.0,0.0,0.0,0.0,0.0,0.0,0.0,1.0,2.0,0.0,314.849,73.638,1.0,9187790
PSA25TA,765120,2020-11-05 10:02:05.762000-05:00,2020-11-05 12:00:00-05:00,2020-11-06 09:54:54.117000-05:00,2020-11-06 10:02:38.501000-05:00,1,,,,,,Treatment 1,125.63,41.867,3.0,3.0,,,3.0,3.0,3.0,0.0,0.0,0.0,0.0,0.0,0.0,1.0,2.0,1.0,290.635,100.6435,1.0,9278744
PSA25TA,767911,2020-11-05 10:02:05.762000-05:00,2020-11-05 12:00:00-05:00,2020-11-16 18:25:14.689000-05:00,2020-11-16 18:29:26.176000-05:00,1,,,,,,Treatment 2,195.048,11.2343,10.0,7.0,3.0,,10.0,13.0,10.0,0.0,0.0,0.0,0.0,0.0,0.0,1.0,2.0,1.0,23.891,10.3325,1.0,9848920
PSA25TA,768667,2021-06-02 08:00:00-04:00,,2021-06-02 15:04:43.768000-04:00,2021-06-02 15:10:19.458000-04:00,1,,,,,,Treatment 1,76.853,25.612,3.0,3.0,,,3.0,3.0,3.0,0.0,0.0,0.0,0.0,0.0,0.0,1.0,2.0,2.0,157.635,78.8115,1.0,16688499
PSA25TA,768819,2020-10-13 11:00:00-04:00,2020-10-14 11:02:00-04:00,2020-10-13 11:54:25.955000-04:00,,6,,,,,,Treatment 2,86124.743,4510.85836842105,19.0,0.0,0.0,,9.0,52.0,19.0,0.0,0.0,0.0,0.0,0.0,18.0,5.0,,,,,,7675293
PSA25TA,769329,2020-11-05 10:02:05.762000-05:00,2020-11-05 12:00:00-05:00,2020-11-10 20:35:31.178000-05:00,2020-11-10 20:42:52.972000-05:00,1,,,,,,Treatment 2,385.506,58.48825,4.0,3.0,1.0,,4.0,5.0,4.0,0.0,0.0,0.0,0.0,0.0,0.0,1.0,2.0,2.0,28.124,14.0575,1.0,9532820
PSA25TA,769730,2021-02-28 08:21:56.840000-05:00,2021-03-06 08:23:00-05:00,2021-03-01 09:35:35.910000-05:00,2021-03-01 09:42:08.354000-05:00,1,,,,,,Treatment 3,279.158,14.2858333333333,6.0,0.0,0.0,,6.0,25.0,6.0,0.0,0.0,0.0,0.0,0.0,2.0,1.0,2.0,1.0,87.273,31.072,1.0,14026641
PSA25TA,769734,2021-02-28 08:21:56.840000-05:00,2021-03-06 08:23:00-05:00,2021-03-01 09:38:31.118000-05:00,2021-03-01 09:47:38.255000-05:00,1,,,,,,Treatment 2,246.987,22.929,7.0,5.0,2.0,,7.0,9.0,7.0,0.0,0.0,0.0,0.0,0.0,0.0,1.0,2.0,2.0,271.555,135.773,1.0,14026918
PSA25TA,769735,2021-02-28 08:21:56.840000-05:00,2021-03-06 08:23:00-05:00,2021-03-01 09:36:35.882000-05:00,2021-03-01 09:38:24.239000-05:00,1,,,,,,Treatment 2,44.363,14.7816666666667,3.0,3.0,,,3.0,3.0,3.0,0.0,0.0,0.0,0.0,0.0,0.0,1.0,2.0,2.0,26.878,13.4315,1.0,14026729
PSA25TA,769739,2021-02-28 08:21:56.840000-05:00,2021-03-06 08:23:00-05:00,2021-03-01 09:40:16.020000-05:00,2021-03-01 09:42:01.834000-05:00,1,,,,,,Treatment 1,60.794,20.2593333333333,3.0,3.0,,,3.0,3.0,3.0,0.0,0.0,0.0,0.0,0.0,0.0,1.0,2.0,2.0,26.311,13.1505,1.0,14027077
PSA25TA,769753,2021-02-28 08:21:56.840000-05:00,2021-03-06 08:23:00-05:00,2021-03-01 09:35:37.437000-05:00,2021-03-01 09:39:29.960000-05:00,1,,,,,,Treatment 3,94.455,31.4783333333333,3.0,3.0,,,3.0,3.0,3.0,0.0,0.0,0.0,0.0,0.0,0.0,1.0,2.0,2.0,117.404,58.696,1.0,14026643
PSA25TA,770016,2020-11-30 11:00:00-05:00,2020-12-04 19:00:00-05:00,2020-12-01 13:56:12.521000-05:00,2020-12-01 14:19:27.242000-05:00,1,,,,,,Control,1093.819,128.6555,4.0,3.0,1.0,,4.0,7.0,4.0,0.0,0.0,0.0,0.0,0.0,1.0,1.0,2.0,2.0,232.314,116.1525,1.0,10466172
PSA25TA,770140,2020-11-05 10:02:05.762000-05:00,2020-11-05 12:00:00-05:00,2020-11-05 10:13:01.005000-05:00,2020-11-05 10:29:42.712000-05:00,1,,,,,,Treatment 2,339.257,113.084,3.0,3.0,,,3.0,3.0,3.0,0.0,0.0,0.0,0.0,0.0,0.0,1.0,2.0,2.0,604.349,302.172,1.0,9189598
PSA25TA,770347,2020-11-30 11:00:00-05:00,2020-12-04 19:00:00-05:00,2020-12-01 22:14:15.943000-05:00,,2,,,,,,Treatment 1,255.669,85.2186666666667,3.0,3.0,,,3.0,3.0,3.0,0.0,0.0,0.0,0.0,0.0,0.0,1.0,2.0,1.0,188.554,57.3785,1.0,10500858
PSA25TA,770601,2020-11-30 11:00:00-05:00,2020-12-04 19:00:00-05:00,2020-12-01 12:41:30.904000-05:00,,3,,,,,,Control,137.688,45.892,3.0,3.0,,,3.0,3.0,3.0,0.0,0.0,0.0,0.0,0.0,0.0,1.0,1.0,0.0,689470.715,62.333,2.0,10451307
PSA25TA,770709,2020-11-30 11:00:00-05:00,2020-12-04 19:00:00-05:00,2020-12-01 13:51:10.794000-05:00,2020-12-01 14:13:50.035000-05:00,1,,,,,,Treatment 1,336.1,112.029,3.0,3.0,,,3.0,3.0,3.0,0.0,0.0,0.0,0.0,0.0,0.0,1.0,2.0,1.0,667.942,239.5915,1.0,10465243
PSA25TA,770910,2020-11-30 11:00:00-05:00,2020-12-04 19:00:00-05:00,2020-12-01 14:16:20.803000-05:00,2020-12-01 14:56:30.069000-05:00,2,,,,,,Treatment 1,139.078,46.3553333333333,3.0,3.0,,,3.0,3.0,3.0,0.0,0.0,0.0,0.0,0.0,0.0,1.0,2.0,0.0,995.235,155.964,1.0,10470295
PSA25TA,771357,2020-11-05 10:02:05.762000-05:00,2020-11-05 12:00:00-05:00,2020-11-05 11:14:27.675000-05:00,,1,,,,,,Treatment 2,,,1.0,,,,,0.0,1.0,0.0,0.0,0.0,0.0,0.0,0.0,1.0,,,,,,9200614
PSA25TA,771525,2020-11-30 11:00:00-05:00,2020-12-04 19:00:00-05:00,2020-12-01 13:04:28.084000-05:00,2020-12-01 13:10:44.220000-05:00,1,,,,,,Treatment 2,144.409,48.126,3.0,3.0,,,3.0,3.0,3.0,0.0,0.0,0.0,0.0,0.0,0.0,1.0,2.0,2.0,181.229,90.6105,1.0,10455974
PSA25TA,771572,2020-11-30 11:00:00-05:00,2020-12-04 19:00:00-05:00,2020-12-01 12:40:37.790000-05:00,2020-12-01 12:57:56.376000-05:00,1,,,,,,Treatment 1,265.072,88.3526666666667,3.0,3.0,,,3.0,3.0,3.0,0.0,0.0,0.0,0.0,0.0,0.0,1.0,2.0,1.0,717.28,354.767,1.0,10451112
PSA25TA,771681,2020-11-30 11:00:00-05:00,2020-12-04 19:00:00-05:00,2020-12-01 14:29:27.962000-05:00,2020-12-01 15:11:18.477000-05:00,1,,,,,,Control,1033.054,97.5968,5.0,3.0,1.0,,5.0,9.0,5.0,0.0,0.0,0.0,0.0,0.0,0.0,1.0,2.0,2.0,1063.582,531.787,1.0,10472798
PSA25TA,771970,2020-11-30 11:00:00-05:00,2020-12-04 19:00:00-05:00,2020-12-01 16:39:13.206000-05:00,2020-12-01 16:46:58.634000-05:00,1,,,,,,Control,164.382,54.79,3.0,3.0,,,3.0,3.0,3.0,0.0,0.0,0.0,0.0,0.0,0.0,1.0,2.0,1.0,242.603,93.4655,1.0,10488432
PSA25TA,772057,2020-11-30 11:00:00-05:00,2020-12-04 19:00:00-05:00,2020-12-01 16:02:27.101000-05:00,2020-12-01 16:03:32.232000-05:00,1,,,,,,Control,18.89,6.29233333333333,3.0,3.0,,,3.0,3.0,3.0,0.0,0.0,0.0,0.0,0.0,0.0,1.0,2.0,2.0,15.875,7.9345,1.0,10485468
PSA25TA,772664,2020-11-30 11:00:00-05:00,2020-12-04 19:00:00-05:00,2020-12-01 14:15:00.516000-05:00,,1,,,,,,Control,327.05,41.106,6.0,3.0,1.0,,5.0,8.0,6.0,0.0,0.0,0.0,0.0,0.0,0.0,1.0,,,,,,10469998
PSA25TA,772677,2020-11-03 10:30:00-05:00,2020-11-03 20:00:00-05:00,2020-11-03 11:17:28.461000-05:00,2020-11-03 11:25:50.102000-05:00,1,,,,,,Treatment 1,218.637,31.6363333333333,6.0,5.0,1.0,,6.0,7.0,6.0,0.0,0.0,0.0,0.0,0.0,0.0,1.0,2.0,1.0,213.769,103.68,1.0,9040446
PSA25TA,772743,2021-02-28 08:21:56.840000-05:00,2021-03-06 08:23:00-05:00,2021-03-01 09:35:05.550000-05:00,2021-03-01 09:39:33.019000-05:00,1,,,,,,Treatment 3,113.271,37.7506666666667,3.0,3.0,,,3.0,3.0,3.0,0.0,0.0,0.0,0.0,0.0,0.0,1.0,2.0,2.0,121.646,60.8175,1.0,14026594
PSA25TA,772885,2020-11-30 11:00:00-05:00,2020-12-04 19:00:00-05:00,2020-12-01 13:32:49.051000-05:00,2020-12-01 13:42:30.877000-05:00,1,,,,,,Treatment 1,111.32,37.1023333333333,3.0,3.0,,,3.0,3.0,3.0,0.0,0.0,0.0,0.0,0.0,0.0,1.0,2.0,2.0,435.121,217.557,1.0,10461525
PSA25TA,773204,2020-11-30 11:00:00-05:00,2020-12-04 19:00:00-05:00,2020-12-02 11:25:11.932000-05:00,2020-12-02 11:33:25.907000-05:00,1,,,,,,Treatment 1,216.657,72.2126666666667,3.0,3.0,,,3.0,3.0,3.0,0.0,0.0,0.0,0.0,0.0,0.0,1.0,2.0,2.0,255.546,127.767,1.0,10532868
PSA25TA,773891,2021-02-28 08:21:56.840000-05:00,2021-03-06 08:23:00-05:00,2021-03-01 09:39:10.653000-05:00,2021-03-01 09:41:41.224000-05:00,1,,,,,,Treatment 2,63.948,21.3076666666667,3.0,3.0,,,3.0,3.0,3.0,0.0,0.0,0.0,0.0,0.0,0.0,1.0,2.0,2.0,61.266,30.6275,1.0,14026963
PSA25TA,774189,2020-11-30 11:00:00-05:00,2020-12-04 19:00:00-05:00,2020-12-02 14:24:14.107000-05:00,2020-12-02 14:31:22.333000-05:00,2,,,,,,Control,67.708,22.5603333333333,3.0,3.0,,,3.0,3.0,3.0,0.0,0.0,0.0,0.0,0.0,0.0,1.0,2.0,1.0,319.264,96.0075,2.0,10563120
PSA25TA,779946,2020-11-30 11:00:00-05:00,2020-12-04 19:00:00-05:00,2020-11-30 19:57:58.929000-05:00,2020-12-01 19:25:10.797000-05:00,4,,,,,,Treatment 1,84333.187,11970.5305714286,7.0,3.0,1.0,,6.0,15.0,7.0,0.0,0.0,0.0,0.0,0.0,4.0,3.0,2.0,1.0,51.41,9.938,1.0,10398717
PSA25TA,780769,2020-11-02 08:47:39.133000-05:00,2020-11-02 08:49:00-05:00,2020-11-02 10:01:35.272000-05:00,,1,,,,,,Control,52.157,7.043,2.0,0.0,,,0.0,3.0,2.0,0.0,0.0,0.0,0.0,0.0,1.0,1.0,,,,,,8951770
PSA25TA,781215,2020-11-30 11:00:00-05:00,2020-12-04 19:00:00-05:00,2020-12-01 14:37:32.725000-05:00,2020-12-01 14:41:52.989000-05:00,1,,,,,,Treatment 2,108.157,36.0483333333333,3.0,3.0,,,3.0,3.0,3.0,0.0,0.0,0.0,0.0,0.0,0.0,1.0,2.0,2.0,106.139,53.065,1.0,10474280
PSA25TA,783755,2020-11-30 11:00:00-05:00,2020-12-04 19:00:00-05:00,2020-12-14 19:04:12.803000-05:00,2020-12-14 19:24:33.847000-05:00,1,,,,,,Treatment 2,359.059,119.680333333333,3.0,3.0,,,3.0,3.0,3.0,0.0,0.0,0.0,0.0,0.0,0.0,1.0,2.0,2.0,826.685,413.339,1.0,11242146
PSA25TA,787369,2021-03-12 07:57:26.628000-05:00,2021-03-12 23:59:00-05:00,2021-03-12 10:12:08.829000-05:00,2021-03-12 10:24:23.302000-05:00,2,,,,,,Treatment 3,596.114,59.1851428571429,7.0,5.0,1.0,,7.0,10.0,7.0,0.0,0.0,0.0,0.0,0.0,1.0,2.0,2.0,0.0,97.283,15.5225,1.0,14586760
PSA25TA,789998,2020-11-30 11:00:00-05:00,2020-12-04 19:00:00-05:00,2020-12-01 14:07:52.961000-05:00,2020-12-01 14:35:27.378000-05:00,1,,,,,,Treatment 1,1313.212,100.936428571429,7.0,3.0,1.0,,5.0,18.0,7.0,0.0,0.0,0.0,0.0,0.0,4.0,1.0,2.0,1.0,205.309,31.276,1.0,10468630
PSA25TA,792219,2020-11-05 10:02:05.762000-05:00,2020-11-05 12:00:00-05:00,2020-11-05 10:51:19.245000-05:00,2020-11-05 10:56:46.734000-05:00,2,,,,,,Treatment 3,59.487,19.826,3.0,3.0,,,3.0,3.0,3.0,0.0,0.0,0.0,0.0,0.0,0.0,1.0,2.0,1.0,220.861,55.43,2.0,9196378
PSA25TA,792222,2021-06-02 08:00:00-04:00,,2021-06-09 10:29:46.042000-04:00,,1,,,,,,Treatment 1,74.136,74.136,1.0,0.0,,,1.0,1.0,1.0,0.0,0.0,0.0,0.0,0.0,0.0,1.0,,,,,,16735302
PSA25TA,792507,2020-11-30 11:00:00-05:00,2020-12-04 19:00:00-05:00,2020-12-01 13:50:09.927000-05:00,2020-12-01 14:01:20.829000-05:00,2,,,,,,Treatment 2,563.015,53.4805,4.0,3.0,1.0,,4.0,9.0,4.0,0.0,0.0,0.0,0.0,0.0,1.0,2.0,2.0,1.0,57.489,19.501,1.0,10465031
PSA25TA,792700,2021-05-12 10:45:00-04:00,2021-05-13 00:00:00-04:00,2021-05-12 11:09:51.728000-04:00,,1,,,,,,Treatment 1,17.265,11.243,1.0,0.0,,,0.0,1.0,1.0,0.0,0.0,0.0,0.0,0.0,1.0,1.0,,,,,,16340612
PSA25TA,799177,2021-02-28 08:21:56.840000-05:00,2021-03-06 08:23:00-05:00,2021-03-01 16:13:37-05:00,,1,,,,,,Treatment 2,165.58,55.1863333333333,3.0,3.0,,,3.0,3.0,3.0,0.0,0.0,0.0,0.0,0.0,0.0,1.0,2.0,0.0,235.733,66.674,1.0,14074044
PSA25TA,800001,2020-11-30 11:00:00-05:00,2020-12-04 19:00:00-05:00,2020-12-01 16:08:24.920000-05:00,2020-12-01 16:27:24.186000-05:00,1,,,,,,Control,236.664,78.8846666666667,3.0,3.0,,,3.0,3.0,3.0,0.0,0.0,0.0,0.0,0.0,0.0,1.0,2.0,1.0,837.643,65.4825,1.0,10485990
PSA25TA,805847,2020-11-30 11:00:00-05:00,2020-12-04 19:00:00-05:00,2020-11-30 14:18:52.812000-05:00,2020-11-30 14:22:41.242000-05:00,1,,,,,,Treatment 2,98.973,32.987,3.0,3.0,,,3.0,3.0,3.0,0.0,0.0,0.0,0.0,0.0,0.0,1.0,2.0,2.0,91.027,45.5095,1.0,10372855
PSA25TA,805976,2020-11-30 11:00:00-05:00,2020-12-04 19:00:00-05:00,2020-12-01 13:40:44.627000-05:00,2020-12-01 13:45:11.388000-05:00,1,,,,,,Treatment 2,195.843,31.4301666666667,6.0,5.0,1.0,,5.0,6.0,6.0,0.0,0.0,0.0,0.0,0.0,0.0,1.0,2.0,1.0,44.471,14.0375,1.0,10463090
PSA25TA,808174,2020-11-30 11:00:00-05:00,2020-12-04 19:00:00-05:00,2020-12-01 15:30:59.747000-05:00,2020-12-01 15:36:32.784000-05:00,1,,,,,,Control,128.654,42.88,3.0,3.0,,,3.0,3.0,3.0,0.0,0.0,0.0,0.0,0.0,0.0,1.0,2.0,2.0,138.762,69.3765,1.0,10482089
PSA25TA,808870,2021-03-12 07:57:26.631000-05:00,2021-03-12 23:59:00-05:00,2021-03-13 20:02:33.605000-05:00,2021-03-13 20:12:17.836000-05:00,2,,,,,,Treatment 3,364.549,69.151,4.0,3.0,1.0,,4.0,5.0,4.0,0.0,0.0,0.0,0.0,0.0,0.0,1.0,2.0,1.0,179.231,14.951,2.0,14618931
PSA25TA,815976,2020-11-30 11:00:00-05:00,2020-12-04 19:00:00-05:00,2020-12-01 17:24:43.216000-05:00,2020-12-01 17:53:16.211000-05:00,2,,,,,,Treatment 3,946.163,187.1694,5.0,4.0,1.0,,5.0,6.0,5.0,0.0,0.0,0.0,0.0,0.0,0.0,1.0,2.0,1.0,672.697,271.21,2.0,10491210
PSA25TA,823900,2020-12-21 09:00:00-05:00,2020-12-22 15:30:00-05:00,2020-12-21 10:24:32.308000-05:00,2020-12-21 10:30:52.745000-05:00,1,,,,,,Treatment 1,88.777,29.5856666666667,3.0,3.0,,,3.0,3.0,3.0,0.0,0.0,0.0,0.0,0.0,0.0,1.0,2.0,1.0,268.547,95.1455,1.0,11473143
PSA25TA,823922,2020-12-21 09:00:00-05:00,2020-12-22 15:30:00-05:00,2020-12-21 13:01:56.433000-05:00,,2,,,,,,Treatment 3,337.307,337.299,2.0,1.0,,,1.0,1.0,2.0,0.0,0.0,0.0,0.0,0.0,0.0,1.0,,,,,,11479151
PSA25TA,824087,2020-12-21 09:00:00-05:00,2020-12-22 15:30:00-05:00,2020-12-22 12:52:54.458000-05:00,2020-12-22 13:01:23.769000-05:00,1,,,,,,Treatment 1,157.847,52.6056666666667,3.0,3.0,,,3.0,3.0,3.0,0.0,0.0,0.0,0.0,0.0,0.0,1.0,2.0,2.0,306.009,153.0,1.0,11494627
PSA25TA,824113,2020-12-21 09:00:00-05:00,2020-12-22 15:30:00-05:00,2020-12-21 11:35:46.540000-05:00,2020-12-21 11:38:48.002000-05:00,1,,,,,,Treatment 3,67.541,22.506,3.0,3.0,,,3.0,3.0,3.0,0.0,0.0,0.0,0.0,0.0,0.0,1.0,2.0,2.0,50.632,25.3105,1.0,11476050
PSA25TA,824151,2020-12-21 09:00:00-05:00,2020-12-22 15:30:00-05:00,2020-12-21 13:27:02.709000-05:00,2020-12-21 13:33:04.989000-05:00,1,,,,,,Treatment 3,84.357,28.105,3.0,3.0,,,3.0,3.0,3.0,0.0,0.0,0.0,0.0,0.0,0.0,1.0,2.0,2.0,210.662,105.325,1.0,11480071
PSA25TA,824169,2020-12-21 09:00:00-05:00,2020-12-22 15:30:00-05:00,2020-12-21 18:13:54.952000-05:00,2020-12-21 18:49:46.852000-05:00,1,,,,,,Control,1515.55,76.588,7.0,4.0,2.0,,7.0,13.0,7.0,0.0,0.0,0.0,0.0,0.0,2.0,1.0,2.0,0.0,602.622,24.3415,1.0,11485267
PSA25TA,826509,2021-03-12 07:57:26.631000-05:00,2021-03-12 23:59:00-05:00,2021-03-24 15:48:24.585000-04:00,,2,,,,,,Control,3654.189,3562.58,1.0,0.0,,,0.0,1.0,1.0,0.0,0.0,0.0,0.0,0.0,1.0,2.0,,,,,,15005493
PSA25TA,827788,2020-10-02 08:09:23.613000-04:00,2020-10-06 08:11:00-04:00,2020-10-02 08:20:26.049000-04:00,2020-10-02 08:30:57.237000-04:00,1,,,,,,Control,445.996,33.509,6.0,3.0,1.0,,6.0,13.0,6.0,0.0,0.0,0.0,0.0,0.0,0.0,1.0,2.0,2.0,153.065,76.5245,1.0,6964153
PSA25TA,827796,2020-10-02 08:09:23.613000-04:00,2020-10-06 08:11:00-04:00,2020-10-02 08:12:53.794000-04:00,2020-10-02 08:19:47.902000-04:00,1,,,,,,Control,282.419,36.907,5.0,4.0,1.0,,5.0,6.0,5.0,0.0,0.0,0.0,0.0,0.0,0.0,1.0,2.0,1.0,87.916,24.49,1.0,6963818
PSA25TA,827797,2020-10-02 08:09:23.613000-04:00,2020-10-06 08:11:00-04:00,2020-10-02 08:09:54.130000-04:00,2020-10-02 08:14:41.199000-04:00,1,,,,,,Treatment 1,168.213,56.063,3.0,3.0,,,3.0,3.0,3.0,0.0,0.0,0.0,0.0,0.0,0.0,1.0,2.0,2.0,82.558,41.273,1.0,6963665
PSA25TA,828492,2020-12-21 09:00:00-05:00,2020-12-22 15:30:00-05:00,2021-01-08 11:27:07.434000-05:00,2021-01-08 11:29:52.540000-05:00,1,,,,,,Treatment 3,82.665,27.549,3.0,3.0,,,3.0,3.0,3.0,0.0,0.0,0.0,0.0,0.0,0.0,1.0,2.0,2.0,50.797,25.394,1.0,11810724
PSA25TA,829978,2021-06-02 08:00:00-04:00,,2021-06-09 12:22:48.075000-04:00,,1,,,,,,Control,245.436,39.9805,4.0,2.0,1.0,,4.0,7.0,4.0,0.0,0.0,0.0,0.0,0.0,1.0,1.0,,,,,,16737164
PSA25TA,832801,2020-10-06 08:23:36.481000-04:00,2020-10-09 08:25:00-04:00,2020-10-06 08:48:10.938000-04:00,2020-10-08 20:20:50.149000-04:00,3,,,,,,Treatment 2,2773.802,102.244789473684,19.0,9.0,4.0,,18.0,42.0,19.0,0.0,0.0,0.0,0.0,0.0,7.0,2.0,2.0,0.0,209.473,68.983,1.0,7178346
PSA25TA,841342,2021-06-02 08:00:00-04:00,,2021-06-09 09:45:03.450000-04:00,,1,,,,,,Treatment 1,67.291,38.303,1.0,0.0,,,1.0,2.0,1.0,0.0,0.0,0.0,0.0,0.0,1.0,1.0,,,,,,16734724
PSA25TA,852454,2021-04-19 07:00:00-04:00,2021-04-19 15:00:00-04:00,2021-04-19 08:31:54.728000-04:00,,4,,,,,,Treatment 2,1949.304,1839.074,2.0,0.0,,,0.0,1.0,2.0,0.0,0.0,0.0,0.0,0.0,0.0,2.0,,,,,,15650080
PSA25TA,852957,2020-11-30 11:00:00-05:00,2020-12-04 19:00:00-05:00,2020-12-01 13:03:50.944000-05:00,2020-12-01 13:13:10.635000-05:00,1,,,,,,Control,332.371,47.425,6.0,5.0,1.0,,6.0,7.0,6.0,0.0,0.0,0.0,0.0,0.0,0.0,1.0,2.0,2.0,189.709,94.8515,1.0,10455834
PSA25TA,856376,2020-11-05 10:02:05.762000-05:00,2020-11-05 12:00:00-05:00,2020-11-05 11:18:32.441000-05:00,,2,,,,,,Treatment 2,169.918,35.3643333333333,4.0,0.0,0.0,,0.0,8.0,4.0,0.0,0.0,0.0,0.0,0.0,3.0,2.0,,,,,,9201361
PSA25TA,861810,2020-12-17 12:46:46.790000-05:00,2020-12-18 16:48:00-05:00,2020-12-17 14:37:56.446000-05:00,,1,,,,,,Treatment 2,523.841,69.3546666666667,7.0,3.0,2.0,,4.0,7.0,7.0,0.0,0.0,0.0,0.0,0.0,1.0,1.0,,,,,,11419037
PSA25TA,861993,2020-12-17 12:46:46.790000-05:00,2020-12-18 16:48:00-05:00,2020-12-17 13:43:00.859000-05:00,2020-12-17 13:59:18.056000-05:00,1,,,,,,Treatment 1,813.916,112.368833333333,6.0,5.0,1.0,,6.0,8.0,6.0,0.0,0.0,0.0,0.0,0.0,1.0,1.0,2.0,1.0,93.289,21.2745,1.0,11414074
PSA25TA,864013,2020-12-17 12:46:46.790000-05:00,2020-12-18 16:48:00-05:00,2020-12-17 21:16:00.118000-05:00,,1,,,,,,Treatment 1,100.677,33.5513333333333,3.0,3.0,,,3.0,3.0,3.0,0.0,0.0,0.0,0.0,0.0,0.0,1.0,1.0,0.0,72.515,58.331,1.0,11430720
PSA25TA,865218,2020-12-17 12:46:46.790000-05:00,2020-12-18 16:48:00-05:00,2020-12-17 18:30:36.112000-05:00,2020-12-18 15:29:00.984000-05:00,2,,,,,,Treatment 2,74972.531,8302.52733333333,9.0,5.0,2.0,,8.0,14.0,9.0,0.0,0.0,0.0,0.0,0.0,2.0,2.0,2.0,0.0,224.357,86.353,1.0,11428030
PSA25TA,866074,2020-12-17 12:46:46.790000-05:00,2020-12-18 16:48:00-05:00,2020-12-17 15:18:26.220000-05:00,2020-12-17 15:25:45.570000-05:00,1,,,,,,Treatment 1,157.263,52.4106666666667,3.0,3.0,,,3.0,3.0,3.0,0.0,0.0,0.0,0.0,0.0,0.0,1.0,2.0,1.0,229.348,89.4155,1.0,11421628
PSA25TA,866285,2021-03-01 14:30:00-05:00,2021-03-02 14:32:00-05:00,2021-03-02 17:46:11.076000-05:00,,1,,,,,,Not Assigned,,,,,,,,,,,,,,,,,,,,,,14148270
PSA25TA,866629,2020-12-17 12:46:46.790000-05:00,2020-12-18 16:48:00-05:00,2020-12-17 14:49:52.026000-05:00,2020-12-17 18:49:11.955000-05:00,1,,,,,,Treatment 2,9974.03,3324.666,3.0,3.0,,,3.0,3.0,3.0,0.0,0.0,0.0,0.0,0.0,0.0,1.0,2.0,2.0,3655.164,1827.5755,1.0,11419866
PSA25TA,870894,2021-06-02 08:00:00-04:00,,2021-06-08 19:02:39.984000-04:00,2021-06-08 19:41:59.521000-04:00,3,,,,,,Treatment 1,660.164,118.4345,4.0,3.0,1.0,,4.0,5.0,4.0,0.0,0.0,0.0,0.0,0.0,0.0,1.0,2.0,1.0,1630.972,162.687,2.0,16732814
PSA25TA,873014,2020-12-17 12:46:46.790000-05:00,2020-12-18 16:48:00-05:00,2021-01-04 09:48:23.463000-05:00,,1,,,,,,Treatment 1,36.503,27.379,1.0,0.0,,,1.0,1.0,1.0,0.0,0.0,0.0,0.0,0.0,1.0,1.0,,,,,,11518411
PSA25TA,875774,2020-10-05 12:26:00-04:00,2020-10-09 12:28:00-04:00,2020-10-19 16:32:05.606000-04:00,2020-10-19 16:58:30.229000-04:00,1,,,,,,Treatment 1,893.0,297.659333333333,3.0,3.0,,,3.0,3.0,3.0,0.0,0.0,0.0,0.0,0.0,0.0,1.0,2.0,2.0,596.756,298.3725,1.0,8100017
PSA25TA,875799,2020-11-30 11:00:00-05:00,2020-12-04 19:00:00-05:00,2020-12-01 19:17:45.757000-05:00,2020-12-01 19:29:10.409000-05:00,1,,,,,,Treatment 2,584.415,86.6705,4.0,3.0,1.0,,4.0,7.0,4.0,0.0,0.0,0.0,0.0,0.0,0.0,1.0,2.0,2.0,63.512,31.753,1.0,10496075
PSA25TA,877649,2020-11-23 09:30:00-05:00,2020-11-23 15:30:00-05:00,2020-11-23 11:31:42.164000-05:00,2020-11-23 11:38:07.391000-05:00,1,,,,,,Treatment 3,166.486,55.4876666666667,3.0,3.0,,,3.0,3.0,3.0,0.0,0.0,0.0,0.0,0.0,0.0,1.0,2.0,2.0,191.717,95.8535,1.0,10219474
PSA25TA,877887,2020-11-23 09:30:00-05:00,2020-11-23 15:30:00-05:00,2020-11-23 10:44:03.582000-05:00,2020-11-23 10:58:01.804000-05:00,1,,,,,,Treatment 1,252.233,84.071,3.0,3.0,,,3.0,3.0,3.0,0.0,0.0,0.0,0.0,0.0,0.0,1.0,2.0,0.0,515.721,217.836,1.0,10214005
PSA25TA,877915,2020-11-23 09:30:00-05:00,2020-11-23 15:30:00-05:00,2020-11-23 11:25:26.216000-05:00,2020-11-23 11:48:49.319000-05:00,1,,,,,,Treatment 1,1191.859,149.300857142857,7.0,4.0,2.0,,6.0,10.0,7.0,0.0,0.0,0.0,0.0,0.0,1.0,1.0,2.0,1.0,138.429,64.673,1.0,10218765
PSA25TA,878194,2020-11-23 09:30:00-05:00,2020-11-23 15:30:00-05:00,2020-11-23 10:12:04.738000-05:00,2020-11-23 10:40:07.945000-05:00,2,,,,,,Control,1353.904,151.733166666667,6.0,4.0,2.0,,6.0,8.0,6.0,0.0,0.0,0.0,0.0,0.0,0.0,1.0,2.0,2.0,191.982,95.987,1.0,10210557
PSA25TA,878493,2020-11-23 09:30:00-05:00,2020-11-23 15:30:00-05:00,2020-11-23 10:44:15.072000-05:00,2020-11-23 10:59:01.154000-05:00,2,,,,,,Treatment 3,365.12,88.75125,4.0,3.0,1.0,,4.0,5.0,4.0,0.0,0.0,0.0,0.0,0.0,1.0,2.0,2.0,0.0,214.376,64.7515,1.0,10214032
PSA25TA,880447,2020-11-23 09:30:00-05:00,2020-11-23 15:30:00-05:00,2020-11-23 10:33:54.033000-05:00,2020-11-23 10:43:29.499000-05:00,1,,,,,,Treatment 1,167.438,55.8053333333333,3.0,3.0,,,3.0,3.0,3.0,0.0,0.0,0.0,0.0,0.0,0.0,1.0,2.0,1.0,366.224,100.673,1.0,10212859
PSA25TA,880534,2020-11-23 09:30:00-05:00,2020-11-23 15:30:00-05:00,2020-11-23 12:49:47.874000-05:00,,1,,,,,,Not Assigned,,,,,,,,,,,,,,,,,,,,,,10227504
PSA25TA,885360,2020-10-05 12:26:00-04:00,2020-10-09 12:28:00-04:00,2020-10-22 14:58:27.892000-04:00,2020-10-22 15:13:49.092000-04:00,1,,,,,,Treatment 3,562.918,187.632666666667,3.0,3.0,,,3.0,3.0,3.0,0.0,0.0,0.0,0.0,0.0,0.0,1.0,2.0,1.0,290.603,79.9055,1.0,8391777
PSA25TA,887277,2020-11-23 09:30:00-05:00,2020-11-23 15:30:00-05:00,2020-11-23 09:41:15.336000-05:00,2020-11-23 09:48:41.576000-05:00,1,,,,,,Treatment 2,62.848,20.9423333333333,3.0,3.0,,,3.0,3.0,3.0,0.0,0.0,0.0,0.0,0.0,0.0,1.0,2.0,0.0,348.926,80.025,1.0,10207596
PSA25TA,887515,2020-12-17 12:46:46.790000-05:00,2020-12-18 16:48:00-05:00,2020-12-18 12:29:18.952000-05:00,2020-12-18 12:51:12.506000-05:00,3,,,,,,Treatment 2,310.928,42.165,5.0,4.0,1.0,,5.0,6.0,5.0,0.0,0.0,0.0,0.0,0.0,1.0,1.0,2.0,1.0,903.629,189.0045,3.0,11450328
PSA25TA,887652,2021-06-02 08:00:00-04:00,,2021-06-02 11:39:24.076000-04:00,,4,,,,,,Treatment 1,300.512,36.15,2.0,0.0,0.0,,2.0,7.0,2.0,0.0,0.0,0.0,0.0,0.0,2.0,2.0,,,,,,16683986
PSA25TA,888758,2020-11-23 09:30:00-05:00,2020-11-23 15:30:00-05:00,2020-11-23 09:41:11.190000-05:00,2020-11-23 10:55:58.488000-05:00,6,,,,,,Treatment 3,63.825,21.2653333333333,3.0,3.0,,,3.0,3.0,3.0,0.0,0.0,0.0,0.0,0.0,0.0,1.0,2.0,0.0,4401.952,30.3275,2.0,10207588
PSA25TA,892284,2020-12-17 12:46:46.790000-05:00,2020-12-18 16:48:00-05:00,2020-12-18 10:49:13.850000-05:00,2020-12-18 11:47:31.477000-05:00,1,,,,,,Treatment 2,2946.882,982.276,3.0,3.0,,,3.0,3.0,3.0,0.0,0.0,0.0,0.0,0.0,0.0,1.0,2.0,2.0,315.027,157.5085,1.0,11443571
PSA25TA,896176,2021-06-02 08:00:00-04:00,,2021-06-02 09:23:50.270000-04:00,,1,,,,,,Treatment 2,924.463,911.809,1.0,0.0,,,1.0,2.0,1.0,0.0,0.0,0.0,0.0,0.0,0.0,1.0,,,,,,16680304
PSA25TA,898876,2020-10-27 15:59:27.130000-04:00,,2020-11-06 12:53:43.018000-05:00,2020-11-06 12:57:36.535000-05:00,1,,,,,,Treatment 2,141.326,22.754,4.0,3.0,1.0,,4.0,5.0,4.0,0.0,0.0,0.0,0.0,0.0,0.0,1.0,2.0,1.0,70.13,20.5915,1.0,9304007
PSA25TA,899448,2021-01-14 18:06:12.759000-05:00,,2021-02-06 10:55:26.884000-05:00,2021-02-06 10:57:53.348000-05:00,1,,,,,,Treatment 3,42.547,14.1786666666667,3.0,3.0,,,3.0,3.0,3.0,0.0,0.0,0.0,0.0,0.0,0.0,1.0,2.0,1.0,79.273,9.869,1.0,13174752
PSA25TA,905795,2020-11-05 10:02:05.762000-05:00,2020-11-05 12:00:00-05:00,2020-11-05 10:35:11.191000-05:00,,4,,,,,,Treatment 1,1005.653,1005.653,1.0,0.0,,,1.0,1.0,1.0,0.0,0.0,0.0,0.0,0.0,0.0,2.0,,,,,,9193557
PSA25TA,908167,2020-11-09 01:00:00-05:00,,2020-11-10 19:49:20.428000-05:00,2020-11-10 19:59:11.978000-05:00,1,,,,,,Control,212.004,70.665,3.0,3.0,,,3.0,3.0,3.0,0.0,0.0,0.0,0.0,0.0,0.0,1.0,2.0,2.0,338.614,169.303,1.0,9531469
PSA25TA,908498,2020-11-09 01:00:00-05:00,,2020-11-09 11:26:21.041000-05:00,,3,,,,,,Control,34698.502,15.7788,10.0,2.0,2.0,,7.0,20.0,10.0,0.0,0.0,0.0,0.0,0.0,7.0,2.0,,,,,,9374017
PSA25TA,908730,2020-11-09 01:00:00-05:00,,2020-11-10 19:26:17.462000-05:00,,1,,,,,,Control,152.549,35.964,1.0,0.0,,,0.0,2.0,1.0,0.0,0.0,0.0,0.0,0.0,1.0,1.0,,,,,,9530749
PSA25TA,908735,2020-11-09 01:00:00-05:00,,2020-11-09 15:55:16.055000-05:00,,1,,,,,,Not Assigned,,,,,,,,,,,,,,,,,,,,,,9420737
PSA25TA,908739,2020-11-09 01:00:00-05:00,,2020-11-09 17:24:36.206000-05:00,2020-11-09 17:29:40.338000-05:00,1,,,,,,Treatment 2,50.912,16.965,3.0,3.0,,,3.0,3.0,3.0,0.0,0.0,0.0,0.0,0.0,0.0,1.0,2.0,2.0,176.247,88.1225,1.0,9427224
PSA25TA,909390,2020-11-09 01:00:00-05:00,,2020-11-09 13:22:32.027000-05:00,2020-11-09 13:24:20.671000-05:00,1,,,,,,Control,47.158,15.7176666666667,3.0,3.0,,,3.0,3.0,3.0,0.0,0.0,0.0,0.0,0.0,0.0,1.0,2.0,2.0,24.306,12.152,1.0,9396047
PSA25TA,911253,2020-11-09 01:00:00-05:00,,2020-11-09 10:48:27.180000-05:00,2020-11-09 10:58:21.716000-05:00,1,,,,,,Treatment 3,134.501,44.8313333333333,3.0,3.0,,,3.0,3.0,3.0,0.0,0.0,0.0,0.0,0.0,0.0,1.0,2.0,0.0,373.963,86.5815,1.0,9367132
PSA25TA,911467,2020-11-09 01:00:00-05:00,,2020-11-09 11:17:10.371000-05:00,2020-11-09 11:26:26.172000-05:00,1,,,,,,Treatment 3,302.116,100.703,3.0,3.0,,,3.0,3.0,3.0,0.0,0.0,0.0,0.0,0.0,0.0,1.0,2.0,2.0,128.474,64.2315,1.0,9372256
PSA25TA,911953,2021-02-23 08:44:40.910000-05:00,2021-02-28 14:24:00-05:00,2021-02-24 14:40:30.030000-05:00,2021-02-24 14:43:18.368000-05:00,1,,,,,,Treatment 3,109.366,18.776,4.0,3.0,1.0,,4.0,6.0,4.0,0.0,0.0,0.0,0.0,0.0,1.0,1.0,2.0,2.0,34.175,17.076,1.0,13881432
PSA25TA,911964,2021-02-23 08:44:40.910000-05:00,2021-02-28 14:24:00-05:00,2021-02-25 13:11:36.736000-05:00,2021-03-08 08:53:32.232000-05:00,6,,,,,,Control,86697.99,17325.9322,5.0,3.0,1.0,,4.0,7.0,5.0,0.0,0.0,0.0,0.0,0.0,0.0,2.0,2.0,1.0,848172.341,121817.652,2.0,13933796
PSA25TA,911970,2021-02-23 08:44:40.910000-05:00,2021-02-28 14:24:00-05:00,2021-02-23 12:57:36.699000-05:00,,1,,,,,,Control,,,1.0,,,,,0.0,1.0,0.0,0.0,0.0,0.0,0.0,0.0,1.0,,,,,,13802127
PSA25TA,912147,2021-02-23 08:44:40.910000-05:00,2021-02-28 14:24:00-05:00,2021-02-23 14:28:41.240000-05:00,2021-02-23 14:31:30.081000-05:00,1,,,,,,Treatment 3,69.391,23.1283333333333,3.0,3.0,,,3.0,3.0,3.0,0.0,0.0,0.0,0.0,0.0,0.0,1.0,2.0,2.0,54.762,27.379,1.0,13815345
PSA25TA,912356,2021-02-23 08:44:40.910000-05:00,2021-02-28 14:24:00-05:00,2021-02-23 10:50:58.141000-05:00,2021-02-23 10:52:35.861000-05:00,1,,,,,,Control,35.289,11.7586666666667,3.0,3.0,,,3.0,3.0,3.0,0.0,0.0,0.0,0.0,0.0,0.0,1.0,2.0,2.0,41.696,20.84,1.0,13783030
PSA25TA,912365,2021-02-23 08:44:40.910000-05:00,2021-02-28 14:24:00-05:00,2021-02-25 14:05:13.741000-05:00,2021-02-25 14:11:39.014000-05:00,1,,,,,,Control,194.354,36.232,4.0,3.0,1.0,,4.0,6.0,4.0,0.0,0.0,0.0,0.0,0.0,1.0,1.0,2.0,1.0,126.195,60.7085,1.0,13941396
PSA25TA,912457,2021-02-23 08:44:40.910000-05:00,2021-02-28 14:24:00-05:00,2021-02-25 10:24:05.941000-05:00,2021-02-25 10:31:05.982000-05:00,1,,,,,,Treatment 3,233.391,77.7906666666667,3.0,3.0,,,3.0,3.0,3.0,0.0,0.0,0.0,0.0,0.0,0.0,1.0,2.0,1.0,156.54,21.4295,1.0,13911425
PSA25TA,912497,2021-02-23 08:44:40.910000-05:00,2021-02-28 14:24:00-05:00,2021-02-28 17:04:46.349000-05:00,2021-02-28 17:13:14.136000-05:00,1,,,,,,Treatment 3,299.237,47.8943333333333,6.0,5.0,1.0,,6.0,7.0,6.0,0.0,0.0,0.0,0.0,0.0,0.0,1.0,2.0,2.0,168.845,84.4185,1.0,14016539
PSA25TA,912499,2021-02-23 08:44:40.910000-05:00,2021-02-28 14:24:00-05:00,2021-02-26 12:55:39.508000-05:00,2021-02-26 13:05:58.337000-05:00,1,,,,,,Treatment 1,216.938,72.3096666666667,3.0,3.0,,,3.0,3.0,3.0,0.0,0.0,0.0,0.0,0.0,0.0,1.0,2.0,1.0,376.993,71.558,1.0,13991524
PSA25TA,913248,2021-02-23 08:44:40.910000-05:00,2021-02-28 14:24:00-05:00,2021-02-23 13:56:15.706000-05:00,2021-02-23 14:07:37.811000-05:00,1,,,,,,Treatment 1,296.831,98.9353333333333,3.0,3.0,,,3.0,3.0,3.0,0.0,0.0,0.0,0.0,0.0,0.0,1.0,2.0,1.0,256.222,103.4005,1.0,13810814
PSA25TA,914242,2021-03-05 07:45:11.771000-05:00,2021-03-08 10:31:00-05:00,2021-03-08 08:53:54.701000-05:00,2021-03-08 09:06:10.961000-05:00,2,,,,,,Treatment 2,54.44,18.1453333333333,3.0,3.0,,,3.0,3.0,3.0,0.0,0.0,0.0,0.0,0.0,0.0,1.0,2.0,1.0,654.182,39.9675,2.0,14332869
PSA25TA,914766,2021-03-05 07:45:11.771000-05:00,2021-03-08 10:31:00-05:00,2021-03-08 08:52:03.409000-05:00,2021-03-08 08:56:24.557000-05:00,1,,,,,,Treatment 3,73.941,24.64,3.0,3.0,,,3.0,3.0,3.0,0.0,0.0,0.0,0.0,0.0,0.0,1.0,2.0,0.0,160.323,44.228,1.0,14332739
PSA25TA,915182,2020-11-16 13:05:00-05:00,2020-11-17 13:07:00-05:00,2020-11-16 14:23:58.187000-05:00,2020-11-16 14:27:44.748000-05:00,1,,,,,,Treatment 1,55.685,18.556,3.0,3.0,,,3.0,3.0,3.0,0.0,0.0,0.0,0.0,0.0,0.0,1.0,2.0,1.0,136.849,50.3075,1.0,9826773
PSA25TA,917501,2020-12-17 12:46:46.790000-05:00,2020-12-18 16:48:00-05:00,2020-12-17 21:25:37.476000-05:00,2020-12-17 21:35:53.082000-05:00,1,,,,,,Treatment 2,356.381,118.785666666667,3.0,3.0,,,3.0,3.0,3.0,0.0,0.0,0.0,0.0,0.0,0.0,1.0,2.0,1.0,222.386,93.6965,1.0,11430835
PSA25TA,918024,2021-03-24 07:08:00-04:00,2021-03-24 23:10:00-04:00,2021-03-24 17:16:40.017000-04:00,2021-03-24 17:23:35.339000-04:00,1,,,,,,Control,300.184,100.057333333333,3.0,3.0,,,3.0,3.0,3.0,0.0,0.0,0.0,0.0,0.0,0.0,1.0,2.0,2.0,78.389,39.182,1.0,15008159
PSA25TA,918080,2021-03-24 07:08:00-04:00,2021-03-24 23:10:00-04:00,2021-03-24 12:34:57.984000-04:00,2021-03-24 12:37:21.655000-04:00,1,,,,,,Treatment 3,91.565,30.518,3.0,3.0,,,3.0,3.0,3.0,0.0,0.0,0.0,0.0,0.0,0.0,1.0,2.0,2.0,35.595,17.7955,1.0,14991559
PSA25TA,918469,2021-02-23 08:44:40.910000-05:00,2021-02-28 14:24:00-05:00,2021-02-25 10:21:17.138000-05:00,,1,,,,,,Not Assigned,,,,,,,,,,,,,,,,,,,,,,13911120
PSA25TA,919644,2021-03-24 07:08:00-04:00,2021-03-24 23:10:00-04:00,2021-03-28 16:56:50.944000-04:00,2021-03-28 16:58:30.437000-04:00,1,,,,,,Treatment 1,27.013,9.00133333333333,3.0,3.0,,,3.0,3.0,3.0,0.0,0.0,0.0,0.0,0.0,0.0,1.0,2.0,2.0,53.273,26.6345,1.0,15095537
PSA25TA,919748,2021-03-24 07:08:00-04:00,2021-03-24 23:10:00-04:00,2021-03-24 19:56:45.981000-04:00,2021-03-24 20:25:24.043000-04:00,1,,,,,,Treatment 1,253.722,84.57,3.0,3.0,,,3.0,3.0,3.0,0.0,0.0,0.0,0.0,0.0,0.0,1.0,2.0,0.0,1416.658,117.594,1.0,15010937
PSA25TA,920307,2021-02-23 08:44:40.910000-05:00,2021-02-28 14:24:00-05:00,2021-02-23 10:42:41.108000-05:00,2021-02-23 10:45:12.534000-05:00,1,,,,,,Treatment 3,29.01,9.66466666666667,3.0,3.0,,,3.0,3.0,3.0,0.0,0.0,0.0,0.0,0.0,0.0,1.0,2.0,2.0,102.259,51.127,1.0,13781916
PSA25TA,920756,2021-03-15 19:34:06.893000-04:00,2021-03-19 19:35:00-04:00,2021-03-16 10:30:02.713000-04:00,2021-03-16 10:32:54.103000-04:00,1,,,,,,Treatment 2,44.52,14.835,3.0,3.0,,,3.0,3.0,3.0,0.0,0.0,0.0,0.0,0.0,0.0,1.0,2.0,2.0,80.931,40.4605,1.0,14687306
PSA25TA,920952,2021-03-15 19:34:06.893000-04:00,2021-03-19 19:35:00-04:00,2021-03-19 13:53:04.446000-04:00,2021-03-19 15:55:50.678000-04:00,2,,,,,,Treatment 1,535.234,178.404,3.0,3.0,,,3.0,3.0,3.0,0.0,0.0,0.0,0.0,0.0,0.0,1.0,2.0,2.0,5761.176,2880.5785,1.0,14852410
PSA25TA,921090,2021-03-15 19:34:06.893000-04:00,2021-03-19 19:35:00-04:00,2021-03-16 14:28:36.412000-04:00,,1,,,,,,Not Assigned,,,,,,,,,,,,,,,,,,,,,,14715679
PSA25TA,921424,2021-03-24 07:08:00-04:00,2021-03-24 23:10:00-04:00,2021-03-24 09:22:06.029000-04:00,,1,,,,,,Control,18.208,7.275,1.0,0.0,,,0.0,1.0,1.0,0.0,0.0,0.0,0.0,0.0,1.0,1.0,,,,,,14973979
PSA25TA,921927,2021-03-15 19:34:06.893000-04:00,2021-03-19 19:35:00-04:00,2021-03-16 14:06:07.298000-04:00,2021-03-16 14:19:29.771000-04:00,1,,,,,,Control,405.772,94.1735,4.0,3.0,1.0,,4.0,5.0,4.0,0.0,0.0,0.0,0.0,0.0,0.0,1.0,2.0,1.0,334.126,133.832,1.0,14712998
PSA25TA,923290,2021-03-24 07:08:00-04:00,2021-03-24 23:10:00-04:00,2021-03-24 08:56:49.829000-04:00,2021-03-24 09:14:31.886000-04:00,1,,,,,,Treatment 1,295.294,98.428,3.0,3.0,,,3.0,3.0,3.0,0.0,0.0,0.0,0.0,0.0,0.0,1.0,2.0,1.0,642.061,313.3525,1.0,14972203
PSA25TA,923300,2021-03-24 07:08:00-04:00,2021-03-24 23:10:00-04:00,2021-03-24 19:53:25.301000-04:00,,1,,,,,,Treatment 2,46.959,4.605,1.0,0.0,,,0.0,2.0,1.0,0.0,0.0,0.0,0.0,0.0,1.0,1.0,,,,,,15010891
PSA25TA,923301,2021-03-24 07:08:00-04:00,2021-03-24 23:10:00-04:00,2021-03-24 07:47:22.762000-04:00,2021-03-24 08:12:00.804000-04:00,1,,,,,,Treatment 1,117.553,16.13825,4.0,3.0,1.0,,4.0,8.0,4.0,0.0,0.0,0.0,0.0,0.0,1.0,1.0,2.0,1.0,1337.449,33.234,1.0,14969860
PSA25TA,925188,2021-01-22 08:15:00-05:00,2021-01-22 20:00:00-05:00,2021-01-22 14:17:48.356000-05:00,2021-01-22 14:25:40.203000-05:00,1,,,,,,Control,168.446,56.1456666666667,3.0,3.0,,,3.0,3.0,3.0,0.0,0.0,0.0,0.0,0.0,0.0,1.0,2.0,1.0,243.256,78.469,1.0,12480592
PSA25TA,925208,2021-03-18 17:12:34.147000-04:00,,2021-03-18 17:13:04.730000-04:00,2021-03-18 17:20:30.037000-04:00,2,,,,,,Treatment 3,303.077,21.9918571428571,7.0,4.0,2.0,,7.0,15.0,7.0,0.0,0.0,0.0,0.0,0.0,3.0,2.0,2.0,0.0,107.008,23.2755,1.0,14821140
PSA25TA,925215,2021-03-18 17:12:34.147000-04:00,,2021-03-18 17:14:15.484000-04:00,2021-03-18 17:16:14.340000-04:00,1,,,,,,Treatment 2,51.132,17.0396666666667,3.0,3.0,,,3.0,3.0,3.0,0.0,0.0,0.0,0.0,0.0,0.0,1.0,2.0,2.0,43.83,21.911,1.0,14821182
PSA25TA,925217,2021-03-18 17:12:34.147000-04:00,,2021-03-18 17:13:21.611000-04:00,,2,,,,,,Control,698.587,59.1102,10.0,0.0,0.0,,2.0,16.0,10.0,0.0,0.0,0.0,0.0,0.0,10.0,2.0,,,,,,14821150
PSA25TA,927937,2021-03-18 17:12:34.147000-04:00,,2021-03-18 17:13:18.160000-04:00,2021-03-18 17:32:28.346000-04:00,1,,,,,,Treatment 2,874.573,28.0169,10.0,7.0,3.0,,10.0,19.0,10.0,0.0,0.0,0.0,0.0,0.0,2.0,1.0,2.0,0.0,244.16,10.28,1.0,14821148
PSA25TA,936296,2020-11-30 11:00:00-05:00,2020-12-04 19:00:00-05:00,2020-12-03 23:08:56.859000-05:00,2020-12-04 14:02:13.474000-05:00,3,,,,,,Control,564.865,188.278,3.0,3.0,,,3.0,3.0,3.0,0.0,0.0,0.0,0.0,0.0,0.0,1.0,2.0,2.0,165.688,82.8385,1.0,10683477
PSA25TA,936915,2021-03-12 07:57:26.628000-05:00,2021-03-12 23:59:00-05:00,2021-03-16 13:55:10.185000-04:00,,1,,,,,,Control,378.082,18.8422,10.0,0.0,0.0,,2.0,18.0,10.0,0.0,0.0,0.0,0.0,0.0,10.0,1.0,,,,,,14711696
PSA25TA,936960,2020-11-05 10:02:05.762000-05:00,2020-11-05 12:00:00-05:00,2020-11-30 14:32:05.307000-05:00,,1,,,,,,Treatment 1,61.384,1.876,1.0,0.0,,,0.0,4.0,1.0,0.0,0.0,0.0,0.0,0.0,1.0,1.0,,,,,,10375286
PSA25TA,940235,2020-12-04 14:06:21.274000-05:00,2020-12-11 13:16:00-05:00,2020-12-04 15:56:29.782000-05:00,,1,,,,,,Not Assigned,,,,,,,,,,,,,,,,,,,,,,10742352
PSA25TA,940244,2020-12-04 14:06:21.274000-05:00,2020-12-11 13:16:00-05:00,2020-12-04 14:06:26.820000-05:00,2020-12-04 14:56:00.239000-05:00,1,,,,,,Treatment 2,2249.458,156.082888888889,9.0,4.0,2.0,,7.0,18.0,9.0,0.0,0.0,0.0,0.0,0.0,2.0,1.0,2.0,0.0,237.58,90.595,1.0,10732161
PSA25TA,940987,2021-04-21 11:39:00.699000-04:00,,2021-04-21 12:03:52.795000-04:00,2021-04-21 12:16:48.502000-04:00,1,,,,,,Treatment 3,123.424,41.1356666666667,3.0,3.0,,,3.0,3.0,3.0,0.0,0.0,0.0,0.0,0.0,0.0,1.0,2.0,2.0,563.572,281.7815,1.0,15755620
PSA25TA,943839,2020-12-04 14:06:21.274000-05:00,2020-12-11 13:16:00-05:00,2020-12-04 14:21:22.436000-05:00,2020-12-04 14:28:33.954000-05:00,1,,,,,,Treatment 3,223.303,34.9536,5.0,4.0,1.0,,5.0,6.0,5.0,0.0,0.0,0.0,0.0,0.0,0.0,1.0,2.0,1.0,112.463,31.4225,1.0,10734151
PSA25TA,943840,2020-12-04 14:06:21.274000-05:00,2020-12-11 13:16:00-05:00,2020-12-04 14:38:26.591000-05:00,2020-12-04 15:19:28.399000-05:00,1,,,,,,Control,1872.551,166.91425,8.0,6.0,2.0,,7.0,12.0,8.0,0.0,0.0,0.0,0.0,0.0,0.0,1.0,2.0,1.0,415.744,148.3495,1.0,10736002
PSA25TA,947998,2021-03-12 07:57:26.628000-05:00,2021-03-12 23:59:00-05:00,2021-03-25 12:06:44.735000-04:00,2021-03-25 12:38:55.557000-04:00,1,,,,,,Treatment 3,1434.865,222.6765,6.0,4.0,1.0,,6.0,13.0,6.0,0.0,0.0,0.0,0.0,0.0,2.0,1.0,2.0,1.0,453.763,199.3245,1.0,15033241
PSA25TA,951035,2020-10-05 12:26:00-04:00,2020-10-09 12:28:00-04:00,2020-12-12 17:27:17.346000-05:00,2020-12-12 17:30:36.427000-05:00,1,,,,,,Treatment 1,94.714,31.5646666666667,3.0,3.0,,,3.0,3.0,3.0,0.0,0.0,0.0,0.0,0.0,0.0,1.0,2.0,1.0,61.206,26.8265,1.0,11162813
PSA25TA,955312,2020-12-17 12:46:46.790000-05:00,2020-12-18 16:48:00-05:00,2020-12-17 13:55:06.814000-05:00,2020-12-17 14:36:19.945000-05:00,2,,,,,,Control,535.329,178.435,3.0,3.0,,,3.0,3.0,3.0,0.0,0.0,0.0,0.0,0.0,0.0,1.0,2.0,1.0,1854.98,901.5725,2.0,11415404
PSA25TA,955355,2020-12-17 12:46:46.790000-05:00,2020-12-18 16:48:00-05:00,2020-12-17 14:16:27.628000-05:00,2020-12-17 14:21:27.108000-05:00,1,,,,,,Treatment 1,128.937,42.969,3.0,3.0,,,3.0,3.0,3.0,0.0,0.0,0.0,0.0,0.0,0.0,1.0,2.0,0.0,111.262,39.9255,1.0,11417524
PSA25TA,959579,2021-03-18 17:12:34.147000-04:00,,2021-03-18 17:30:56.775000-04:00,,1,,,,,,Treatment 3,141.289,67.279,2.0,0.0,0.0,,2.0,3.0,2.0,0.0,0.0,0.0,0.0,0.0,1.0,1.0,,,,,,14821669
PSA25TA,962624,2021-02-28 08:21:56.840000-05:00,2021-03-06 08:23:00-05:00,2021-03-01 09:37:17.202000-05:00,2021-03-01 10:01:45.326000-05:00,1,,,,,,Treatment 2,1226.622,182.921833333333,6.0,4.0,1.0,,6.0,8.0,6.0,0.0,0.0,0.0,0.0,0.0,0.0,1.0,2.0,0.0,214.575,45.3225,1.0,14026794
PSA25TA,962728,2021-02-28 08:21:56.840000-05:00,2021-03-06 08:23:00-05:00,2021-03-01 09:52:45.778000-05:00,2021-03-01 10:04:08.963000-05:00,1,,,,,,Treatment 1,362.391,120.788666666667,3.0,3.0,,,3.0,3.0,3.0,0.0,0.0,0.0,0.0,0.0,0.0,1.0,2.0,2.0,293.11,146.5495,1.0,14028418
PSA25TA,981345,2021-02-03 11:44:54.135000-05:00,2021-02-05 02:15:00-05:00,2021-02-07 15:45:17.459000-05:00,2021-02-07 15:54:53.359000-05:00,1,,,,,,Treatment 1,236.299,78.762,3.0,3.0,,,3.0,3.0,3.0,0.0,0.0,0.0,0.0,0.0,0.0,1.0,2.0,2.0,208.57,104.2805,1.0,13178840
PSA25TA,981634,2021-02-03 11:44:54.135000-05:00,2021-02-05 02:15:00-05:00,2021-02-03 14:06:54.501000-05:00,,1,,,,,,Treatment 2,125.889,41.9596666666667,3.0,3.0,,,3.0,3.0,3.0,0.0,0.0,0.0,0.0,0.0,0.0,1.0,1.0,,,,1.0,13036817
PSA25TA,981659,2021-02-03 11:44:54.135000-05:00,2021-02-05 02:15:00-05:00,2021-02-03 13:54:39.729000-05:00,2021-02-03 13:58:17.937000-05:00,2,,,,,,Treatment 3,85.808,28.5983333333333,3.0,3.0,,,3.0,3.0,3.0,0.0,0.0,0.0,0.0,0.0,0.0,1.0,2.0,1.0,76.702,25.9425,1.0,13035137
PSA25TA,983395,2021-02-03 11:44:54.139000-05:00,2021-02-05 02:15:00-05:00,2021-02-03 13:46:24.298000-05:00,2021-02-03 14:01:48.178000-05:00,1,,,,,,Treatment 3,328.444,42.076,7.0,5.0,1.0,,7.0,10.0,7.0,0.0,0.0,0.0,0.0,0.0,0.0,1.0,2.0,1.0,522.699,117.961,1.0,13034012
PSA25TA,983396,2021-02-03 11:44:54.139000-05:00,2021-02-05 02:15:00-05:00,2021-02-03 13:46:15.196000-05:00,2021-02-03 13:54:27.178000-05:00,2,,,,,,Treatment 3,310.627,25.62925,4.0,3.0,1.0,,3.0,4.0,4.0,0.0,0.0,0.0,0.0,0.0,1.0,2.0,2.0,2.0,38.134,19.0605,1.0,13033988
PSA25TA,983397,2021-02-03 11:44:54.139000-05:00,2021-02-05 02:15:00-05:00,2021-02-03 13:46:11.795000-05:00,2021-02-03 14:02:36.955000-05:00,1,,,,,,Treatment 1,348.529,116.171,3.0,3.0,,,3.0,3.0,3.0,0.0,0.0,0.0,0.0,0.0,0.0,1.0,2.0,1.0,521.605,129.8035,1.0,13033974
PSA25TA,983398,2021-02-03 11:44:54.139000-05:00,2021-02-05 02:15:00-05:00,2021-02-03 13:46:11.729000-05:00,2021-02-03 13:59:33.001000-05:00,1,,,,,,Treatment 2,274.956,91.6463333333333,3.0,3.0,,,3.0,3.0,3.0,0.0,0.0,0.0,0.0,0.0,0.0,1.0,2.0,2.0,443.425,221.7045,1.0,13033973
PSA25TA,983399,2021-02-03 11:44:54.139000-05:00,2021-02-05 02:15:00-05:00,2021-02-03 13:46:12.668000-05:00,2021-02-03 13:59:48.547000-05:00,1,,,,,,Treatment 3,92.028,30.6683333333333,3.0,3.0,,,3.0,3.0,3.0,0.0,0.0,0.0,0.0,0.0,0.0,1.0,2.0,2.0,604.073,302.0305,1.0,13033977
PSA25TA,983400,2021-02-03 11:44:54.139000-05:00,2021-02-05 02:15:00-05:00,2021-02-03 13:46:14.737000-05:00,2021-02-03 14:01:45.924000-05:00,1,,,,,,Treatment 3,108.665,36.2146666666667,3.0,3.0,,,3.0,3.0,3.0,0.0,0.0,0.0,0.0,0.0,0.0,1.0,2.0,2.0,714.699,357.3285,1.0,13033992
PSA25TA,983401,2021-02-03 11:44:54.139000-05:00,2021-02-05 02:15:00-05:00,2021-02-03 13:46:25.903000-05:00,2021-02-03 13:48:48.194000-05:00,1,,,,,,Treatment 1,70.173,23.385,3.0,3.0,,,3.0,3.0,3.0,0.0,0.0,0.0,0.0,0.0,0.0,1.0,2.0,2.0,21.838,10.9135,1.0,13034015
PSA25TA,983403,2021-02-03 11:44:54.139000-05:00,2021-02-05 02:15:00-05:00,2021-02-03 13:47:11.497000-05:00,2021-02-03 13:50:16.281000-05:00,1,,,,,,Treatment 1,71.814,23.9323333333333,3.0,3.0,,,3.0,3.0,3.0,0.0,0.0,0.0,0.0,0.0,0.0,1.0,2.0,2.0,71.389,35.69,1.0,13034133
PSA25TA,983413,2021-02-03 11:44:54.135000-05:00,2021-02-05 02:15:00-05:00,2021-02-03 13:55:31.953000-05:00,2021-02-03 14:07:47.187000-05:00,1,,,,,,Treatment 2,281.24,93.7433333333333,3.0,3.0,,,3.0,3.0,3.0,0.0,0.0,0.0,0.0,0.0,0.0,1.0,2.0,2.0,249.116,124.555,1.0,13035249
PSA25TA,983414,2021-02-03 11:44:54.135000-05:00,2021-02-05 02:15:00-05:00,2021-02-03 13:55:21.472000-05:00,,1,,,,,,Treatment 3,824.572,96.03575,4.0,0.0,0.0,,4.0,17.0,4.0,0.0,0.0,0.0,0.0,0.0,3.0,1.0,,,,,,13035234
PSA25TA,983415,2021-02-03 11:44:54.135000-05:00,2021-02-05 02:15:00-05:00,2021-02-03 13:55:30.122000-05:00,2021-02-03 14:13:15.708000-05:00,1,,,,,,Treatment 1,722.89,38.159,6.0,3.0,2.0,,6.0,18.0,6.0,0.0,0.0,0.0,0.0,0.0,1.0,1.0,2.0,0.0,290.211,7.3395,1.0,13035245
PSA25TA,983416,2021-02-03 11:44:54.135000-05:00,2021-02-05 02:15:00-05:00,2021-02-03 13:55:20.587000-05:00,2021-02-03 14:04:57.511000-05:00,1,,,,,,Control,353.369,117.786666666667,3.0,3.0,,,3.0,3.0,3.0,0.0,0.0,0.0,0.0,0.0,0.0,1.0,2.0,2.0,131.863,65.9275,1.0,13035233
PSA25TA,983417,2021-02-03 11:44:54.135000-05:00,2021-02-05 02:15:00-05:00,2021-02-03 13:55:46.666000-05:00,2021-02-03 14:05:33.978000-05:00,1,,,,,,Control,345.918,115.290666666667,3.0,3.0,,,3.0,3.0,3.0,0.0,0.0,0.0,0.0,0.0,0.0,1.0,2.0,1.0,189.638,55.4015,1.0,13035282
PSA25TA,983418,2021-02-03 11:44:54.135000-05:00,2021-02-05 02:15:00-05:00,2021-02-03 13:56:04.954000-05:00,2021-02-03 14:03:55.615000-05:00,1,,,,,,Treatment 1,253.303,84.427,3.0,3.0,,,3.0,3.0,3.0,0.0,0.0,0.0,0.0,0.0,0.0,1.0,2.0,0.0,86.537,17.433,1.0,13035334
PSA25TA,983432,2021-02-03 11:44:54.139000-05:00,2021-02-05 02:15:00-05:00,2021-02-03 13:59:59.105000-05:00,,1,,,,,,Treatment 3,827.517,193.689,4.0,0.0,0.0,,2.0,9.0,4.0,0.0,0.0,0.0,0.0,0.0,3.0,1.0,,,,,,13035881
PSA25TA,983471,2021-02-03 11:44:54.135000-05:00,2021-02-05 02:15:00-05:00,2021-02-03 14:08:15.102000-05:00,,1,,,,,,Control,77.066,29.847,1.0,0.0,,,1.0,4.0,1.0,0.0,0.0,0.0,0.0,0.0,0.0,1.0,,,,,,13037038
PSA25TA,986897,2021-05-12 11:00:00-04:00,2021-05-14 20:00:00-04:00,2021-05-12 13:09:26.148000-04:00,2021-05-12 13:11:43.531000-04:00,1,,,,,,Treatment 3,76.516,25.5013333333333,3.0,3.0,,,3.0,3.0,3.0,0.0,0.0,0.0,0.0,0.0,0.0,1.0,2.0,2.0,29.857,14.92,1.0,16349095
PSA25TA,987302,2021-05-12 11:00:00-04:00,2021-05-14 20:00:00-04:00,2021-05-13 17:45:50.246000-04:00,2021-05-13 17:48:16.706000-04:00,1,,,,,,Treatment 3,48.664,16.2173333333333,3.0,3.0,,,3.0,3.0,3.0,0.0,0.0,0.0,0.0,0.0,0.0,1.0,2.0,1.0,78.37,6.967,1.0,16392828
PSA25TA,987540,2021-02-28 08:21:56.840000-05:00,2021-03-06 08:23:00-05:00,2021-03-01 09:40:55.163000-05:00,2021-03-01 09:57:09.408000-05:00,1,,,,,,Treatment 2,811.069,150.56625,4.0,3.0,1.0,,4.0,6.0,4.0,0.0,0.0,0.0,0.0,0.0,0.0,1.0,2.0,2.0,95.454,47.7205,1.0,14027141
PSA25TA,988522,2021-05-12 11:00:00-04:00,2021-05-14 20:00:00-04:00,2021-05-12 16:59:52.805000-04:00,2021-05-12 17:01:09.056000-04:00,1,,,,,,Treatment 3,35.927,11.9696666666667,3.0,3.0,,,3.0,3.0,3.0,0.0,0.0,0.0,0.0,0.0,0.0,1.0,2.0,2.0,21.991,10.992,1.0,16359246
PSA25TA,994917,2021-03-30 16:36:40.512000-04:00,2021-04-17 16:38:00-04:00,2021-03-31 12:18:43.702000-04:00,2021-03-31 12:20:29.756000-04:00,1,,,,,,Control,37.561,12.5183333333333,3.0,3.0,,,3.0,3.0,3.0,0.0,0.0,0.0,0.0,0.0,0.0,1.0,2.0,2.0,51.002,25.499,1.0,15189381
PSA25TA,995379,2021-03-30 16:36:40.512000-04:00,2021-04-17 16:38:00-04:00,2021-03-30 17:37:51.727000-04:00,2021-03-30 17:41:34.243000-04:00,1,,,,,,Control,110.609,36.863,3.0,3.0,,,3.0,3.0,3.0,0.0,0.0,0.0,0.0,0.0,0.0,1.0,2.0,1.0,79.961,32.994,1.0,15170269
PSA25TA,995430,2021-03-18 17:12:34.147000-04:00,,2021-03-18 17:17:16.951000-04:00,,1,,,,,,Control,778.923,25.2002,10.0,1.0,1.0,,8.0,28.0,10.0,0.0,0.0,0.0,0.0,0.0,8.0,1.0,,,,,,14821283
PSA25TA,997735,2021-03-01 19:46:00-05:00,2021-03-08 10:30:00-05:00,2021-03-02 14:30:21.054000-05:00,,1,,,,,,Treatment 1,49.733,42.02,1.0,0.0,,,0.0,1.0,1.0,0.0,0.0,0.0,0.0,0.0,1.0,1.0,,,,,,14134518
PSA25TA,1004013,2021-03-15 19:34:06.896000-04:00,2021-03-19 19:35:00-04:00,2021-03-16 13:08:23.281000-04:00,2021-03-16 13:19:29.477000-04:00,1,,,,,,Treatment 3,377.9,45.032,4.0,3.0,1.0,,4.0,7.0,4.0,0.0,0.0,0.0,0.0,0.0,0.0,1.0,2.0,1.0,259.004,65.8685,1.0,14705599
PSA25TA,1004014,2021-03-15 19:34:06.896000-04:00,2021-03-19 19:35:00-04:00,2021-03-16 13:11:02.665000-04:00,,1,,,,,,Treatment 1,169.365,56.4483333333333,3.0,3.0,,,3.0,3.0,3.0,0.0,0.0,0.0,0.0,0.0,0.0,1.0,2.0,0.0,183.68,166.645,1.0,14705905
PSA25TA,1004019,2021-03-15 19:34:06.896000-04:00,2021-03-19 19:35:00-04:00,2021-03-16 12:57:56.505000-04:00,2021-03-16 13:17:02.661000-04:00,5,,,,,,Treatment 2,216.072,72.0203333333333,3.0,3.0,,,3.0,3.0,3.0,0.0,0.0,0.0,0.0,0.0,0.0,2.0,2.0,1.0,812.301,183.6105,3.0,14704349
PSA25TA,1004134,2021-03-15 19:34:06.898000-04:00,2021-03-19 19:35:00-04:00,2021-03-16 15:28:02.927000-04:00,,1,,,,,,Treatment 2,154.383,51.4533333333333,3.0,3.0,,,3.0,3.0,3.0,0.0,0.0,0.0,0.0,0.0,0.0,1.0,2.0,1.0,151.554,26.5655,1.0,14721082
PSA25TA,1004135,2021-03-15 19:34:06.898000-04:00,2021-03-19 19:35:00-04:00,2021-03-16 08:55:13.217000-04:00,2021-03-16 09:03:19.225000-04:00,1,,,,,,Treatment 1,68.72,22.8983333333333,3.0,3.0,,,3.0,3.0,3.0,0.0,0.0,0.0,0.0,0.0,0.0,1.0,2.0,1.0,362.173,135.1705,1.0,14678498
PSA25TA,1004136,2021-03-15 19:34:06.898000-04:00,2021-03-19 19:35:00-04:00,2021-03-16 08:57:36.934000-04:00,,2,,,,,,Control,813.019,42.6325,2.0,0.0,0.0,,1.0,3.0,2.0,0.0,0.0,0.0,0.0,0.0,0.0,2.0,,,,,,14678648
PSA25TA,1004137,2021-03-15 19:34:06.898000-04:00,2021-03-19 19:35:00-04:00,2021-03-16 15:35:26.919000-04:00,,2,,,,,,Treatment 2,233.611,35.808,4.0,3.0,1.0,,4.0,5.0,4.0,0.0,0.0,0.0,0.0,0.0,0.0,2.0,1.0,0.0,53.675,31.769,1.0,14721639
PSA25TA,1004139,2021-03-15 19:34:06.898000-04:00,2021-03-19 19:35:00-04:00,2021-03-16 15:38:55.993000-04:00,,1,,,,,,Treatment 3,75.243,25.0786666666667,3.0,3.0,,,3.0,3.0,3.0,0.0,0.0,0.0,0.0,0.0,0.0,1.0,1.0,0.0,29.087,18.554,1.0,14721896
PSA25TA,1004147,2021-03-15 19:34:06.898000-04:00,2021-03-19 19:35:00-04:00,2021-03-16 09:10:47.191000-04:00,,1,,,,,,Treatment 2,35.809,35.786,2.0,1.0,,,1.0,1.0,2.0,0.0,0.0,0.0,0.0,0.0,0.0,1.0,,,,,,14679614
PSA25TA,1004149,2021-03-15 19:34:06.898000-04:00,2021-03-19 19:35:00-04:00,2021-03-16 15:35:56.408000-04:00,2021-03-16 15:49:09.516000-04:00,1,,,,,,Treatment 1,79.71,26.561,3.0,3.0,,,3.0,3.0,3.0,0.0,0.0,0.0,0.0,0.0,0.0,1.0,2.0,1.0,686.363,290.717,1.0,14721665
PSA25TA,1004151,2021-03-15 19:34:06.898000-04:00,2021-03-19 19:35:00-04:00,2021-03-16 08:54:44.247000-04:00,2021-03-16 08:57:28.384000-04:00,1,,,,,,Treatment 2,100.49,33.4896666666667,3.0,3.0,,,3.0,3.0,3.0,0.0,0.0,0.0,0.0,0.0,0.0,1.0,2.0,2.0,39.693,19.8395,1.0,14678459
PSA25TA,1004373,2021-03-15 19:34:06.898000-04:00,2021-03-19 19:35:00-04:00,2021-03-16 09:01:21.542000-04:00,2021-03-16 09:06:52.618000-04:00,1,,,,,,Treatment 3,153.347,51.1086666666667,3.0,3.0,,,3.0,3.0,3.0,0.0,0.0,0.0,0.0,0.0,0.0,1.0,2.0,0.0,147.202,22.8405,1.0,14678880
PSA25TA,1004384,2021-03-15 19:34:06.900000-04:00,2021-03-19 19:35:00-04:00,2021-03-16 09:25:39.960000-04:00,2021-03-16 09:30:10.804000-04:00,1,,,,,,Treatment 1,72.369,24.1163333333333,3.0,3.0,,,3.0,3.0,3.0,0.0,0.0,0.0,0.0,0.0,0.0,1.0,2.0,2.0,159.68,79.834,1.0,14680868
PSA25TA,1004385,2021-03-15 19:34:06.900000-04:00,2021-03-19 19:35:00-04:00,2021-03-16 09:22:23.186000-04:00,2021-03-16 09:26:30.611000-04:00,1,,,,,,Treatment 2,62.966,20.9823333333333,3.0,3.0,,,3.0,3.0,3.0,0.0,0.0,0.0,0.0,0.0,0.0,1.0,2.0,2.0,160.788,80.387,1.0,14680612
PSA25TA,1004386,2021-03-15 19:34:06.900000-04:00,2021-03-19 19:35:00-04:00,2021-03-16 09:22:25.295000-04:00,2021-03-16 09:26:59.670000-04:00,1,,,,,,Control,27.387,9.123,3.0,3.0,,,3.0,3.0,3.0,0.0,0.0,0.0,0.0,0.0,0.0,1.0,2.0,1.0,222.48,14.2405,1.0,14680619
PSA25TA,1004387,2021-03-15 19:34:06.900000-04:00,2021-03-19 19:35:00-04:00,2021-03-16 10:53:00.465000-04:00,,2,,,,,,Treatment 2,5722.037,549.67975,8.0,2.0,1.0,,4.0,12.0,8.0,0.0,0.0,0.0,0.0,0.0,3.0,1.0,,,,,,14689709
PSA25TA,1004388,2021-03-15 19:34:06.900000-04:00,2021-03-19 19:35:00-04:00,2021-03-16 10:36:44.383000-04:00,,5,,,,,,Treatment 2,686.614,45.832,8.0,1.0,1.0,,2.0,14.0,8.0,0.0,0.0,0.0,0.0,0.0,6.0,2.0,,,,,,14687921
PSA25TA,1004431,2021-03-15 19:34:06.900000-04:00,2021-03-19 19:35:00-04:00,2021-03-16 10:32:34.825000-04:00,2021-03-16 10:40:37.024000-04:00,1,,,,,,Control,91.791,30.5903333333333,3.0,3.0,,,3.0,3.0,3.0,0.0,0.0,0.0,0.0,0.0,0.0,1.0,2.0,1.0,345.175,94.683,1.0,14687518
PSA25TA,1004434,2021-03-15 19:34:06.900000-04:00,2021-03-19 19:35:00-04:00,2021-03-16 10:34:06.473000-04:00,,1,,,,,,Control,316.174,76.048,4.0,3.0,1.0,,4.0,5.0,4.0,0.0,0.0,0.0,0.0,0.0,0.0,1.0,,,,,,14687666
PSA25TA,1004436,2021-03-15 19:34:06.900000-04:00,2021-03-19 19:35:00-04:00,2021-03-16 10:36:48.343000-04:00,2021-03-16 10:41:41.237000-04:00,1,,,,,,Treatment 3,67.499,22.4933333333333,3.0,3.0,,,3.0,3.0,3.0,0.0,0.0,0.0,0.0,0.0,0.0,1.0,2.0,0.0,183.322,31.459,1.0,14687931
PSA25TA,1004438,2021-03-15 19:34:06.900000-04:00,2021-03-19 19:35:00-04:00,2021-03-16 10:30:58.467000-04:00,2021-03-16 10:36:55.676000-04:00,1,,,,,,Control,61.803,20.593,3.0,3.0,,,3.0,3.0,3.0,0.0,0.0,0.0,0.0,0.0,0.0,1.0,2.0,2.0,259.916,129.952,1.0,14687382
PSA25TA,1004439,2021-03-15 19:34:06.900000-04:00,2021-03-19 19:35:00-04:00,2021-03-16 10:31:57.856000-04:00,2021-03-16 10:36:59.623000-04:00,2,,,,,,Treatment 3,57.114,19.0316666666667,3.0,3.0,,,3.0,3.0,3.0,0.0,0.0,0.0,0.0,0.0,0.0,1.0,2.0,0.0,214.416,21.8915,2.0,14687467
PSA25TA,1004440,2021-03-15 19:34:06.900000-04:00,2021-03-19 19:35:00-04:00,2021-03-16 10:34:19.917000-04:00,2021-03-16 10:40:10.981000-04:00,1,,,,,,Control,312.481,68.201,4.0,3.0,1.0,,4.0,7.0,4.0,0.0,0.0,0.0,0.0,0.0,1.0,1.0,2.0,2.0,9.403,4.692,1.0,14687693
PSA25TA,1004441,2021-03-15 19:34:06.900000-04:00,2021-03-19 19:35:00-04:00,2021-03-16 10:32:17.173000-04:00,2021-03-16 10:46:41.645000-04:00,1,,,,,,Treatment 1,92.372,30.7836666666667,3.0,3.0,,,3.0,3.0,3.0,0.0,0.0,0.0,0.0,0.0,0.0,1.0,2.0,2.0,737.026,368.507,1.0,14687491
PSA25TA,1004442,2021-03-15 19:34:06.900000-04:00,2021-03-19 19:35:00-04:00,2021-03-16 10:32:22.049000-04:00,2021-03-16 10:35:47.665000-04:00,1,,,,,,Control,27.515,9.16933333333333,3.0,3.0,,,3.0,3.0,3.0,0.0,0.0,0.0,0.0,0.0,0.0,1.0,2.0,1.0,156.024,30.599,1.0,14687498
PSA25TA,1004444,2021-03-15 19:34:06.900000-04:00,2021-03-19 19:35:00-04:00,2021-03-16 10:35:30.722000-04:00,,1,,,,,,Control,114.752,38.243,3.0,3.0,,,3.0,3.0,3.0,0.0,0.0,0.0,0.0,0.0,0.0,1.0,2.0,1.0,534.499,534.494,1.0,14687795
PSA25TA,1004445,2021-03-15 19:34:06.900000-04:00,2021-03-19 19:35:00-04:00,2021-03-16 10:50:38.445000-04:00,,1,,,,,,Treatment 1,134.722,134.709,2.0,1.0,,,1.0,1.0,2.0,0.0,0.0,0.0,0.0,0.0,0.0,1.0,,,,,,14689436
PSA25TA,1004448,2021-03-15 19:34:06.900000-04:00,2021-03-19 19:35:00-04:00,2021-03-16 10:34:21.410000-04:00,2021-03-16 10:39:20.372000-04:00,1,,,,,,Treatment 2,80.611,26.8636666666667,3.0,3.0,,,3.0,3.0,3.0,0.0,0.0,0.0,0.0,0.0,0.0,1.0,2.0,1.0,174.254,78.8165,1.0,14687694
PSA25TA,1004451,2021-03-15 19:34:06.900000-04:00,2021-03-19 19:35:00-04:00,2021-03-16 10:36:58.122000-04:00,2021-03-16 10:41:45.464000-04:00,2,,,,,,Control,45.238,15.074,3.0,3.0,,,3.0,3.0,3.0,0.0,0.0,0.0,0.0,0.0,0.0,1.0,2.0,0.0,218.893,9.2205,2.0,14687948
PSA25TA,1004457,2021-03-15 19:34:06.900000-04:00,2021-03-19 19:35:00-04:00,2021-03-16 10:51:43.842000-04:00,,1,,,,,,Control,142.863,47.6146666666667,3.0,3.0,,,3.0,3.0,3.0,0.0,0.0,0.0,0.0,0.0,0.0,1.0,1.0,,,,1.0,14689571
PSA25TA,1004562,2021-03-15 19:34:06.896000-04:00,2021-03-19 19:35:00-04:00,2021-03-16 13:17:37.480000-04:00,2021-03-16 13:23:26.976000-04:00,1,,,,,,Treatment 2,51.816,17.2666666666667,3.0,3.0,,,3.0,3.0,3.0,0.0,0.0,0.0,0.0,0.0,0.0,1.0,2.0,2.0,219.834,109.9135,1.0,14706684
PSA25TA,1004563,2021-03-15 19:34:06.896000-04:00,2021-03-19 19:35:00-04:00,2021-03-16 13:21:37.822000-04:00,,1,,,,,,Treatment 3,58.919,19.6343333333333,3.0,3.0,,,3.0,3.0,3.0,0.0,0.0,0.0,0.0,0.0,0.0,1.0,1.0,0.0,157.963,113.918,1.0,14707187
PSA25TA,1008416,2021-03-30 16:36:40.512000-04:00,2021-04-17 16:38:00-04:00,2021-03-31 14:02:17.782000-04:00,2021-03-31 14:05:30.244000-04:00,1,,,,,,Control,111.83,37.2703333333333,3.0,3.0,,,3.0,3.0,3.0,0.0,0.0,0.0,0.0,0.0,0.0,1.0,2.0,2.0,55.244,27.6165,1.0,15196212
PSA25TA,1008417,2021-03-30 16:36:40.512000-04:00,2021-04-17 16:38:00-04:00,2021-04-05 16:56:20.144000-04:00,2021-04-05 16:58:38.985000-04:00,1,,,,,,Treatment 1,50.781,16.9196666666667,3.0,3.0,,,3.0,3.0,3.0,0.0,0.0,0.0,0.0,0.0,0.0,1.0,2.0,1.0,49.664,19.9015,1.0,15265210
PSA25TA,1008418,2021-03-30 16:36:40.512000-04:00,2021-04-17 16:38:00-04:00,2021-03-31 12:25:26.202000-04:00,2021-03-31 12:26:59.182000-04:00,1,,,,,,Treatment 3,34.645,11.5396666666667,3.0,3.0,,,3.0,3.0,3.0,0.0,0.0,0.0,0.0,0.0,0.0,1.0,2.0,1.0,32.555,6.6225,1.0,15189820
PSA25TA,1008421,2021-03-30 16:36:40.512000-04:00,2021-04-17 16:38:00-04:00,2021-03-31 14:16:48.350000-04:00,2021-04-09 16:27:53.245000-04:00,3,,,,,,Treatment 2,140.924,46.973,3.0,3.0,,,3.0,3.0,3.0,0.0,0.0,0.0,0.0,0.0,0.0,1.0,2.0,1.0,785301.508,76.9595,2.0,15197296
PSA25TA,1014130,2021-05-12 11:00:00-04:00,2021-05-14 20:00:00-04:00,2021-05-14 18:00:19.577000-04:00,2021-05-14 18:07:23.672000-04:00,1,,,,,,Control,199.048,66.342,3.0,3.0,,,3.0,3.0,3.0,0.0,0.0,0.0,0.0,0.0,0.0,1.0,2.0,2.0,170.478,85.2315,1.0,16419165
PSA25TA,1014131,2021-05-12 11:00:00-04:00,2021-05-14 20:00:00-04:00,2021-05-14 18:02:31.830000-04:00,,1,,,,,,Treatment 3,349.204,98.1505,2.0,0.0,0.0,,2.0,4.0,2.0,0.0,0.0,0.0,0.0,0.0,0.0,1.0,,,,,,16419180
PSA25TA,1031811,2021-09-19 23:12:39.124000-04:00,2021-09-24 11:00:00-04:00,2021-09-20 13:53:22.468000-04:00,2021-09-20 13:54:12.114000-04:00,1,,,,,,Control,11.865,3.952,3.0,3.0,,,3.0,3.0,3.0,0.0,0.0,0.0,0.0,0.0,0.0,1.0,2.0,2.0,21.843,10.9175,1.0,17296507
PSA25TA,1031812,2021-09-19 23:12:39.124000-04:00,2021-09-24 11:00:00-04:00,2021-09-20 13:55:07.896000-04:00,2021-09-20 13:58:18.830000-04:00,1,,,,,,Treatment 1,50.551,16.843,3.0,3.0,,,3.0,3.0,3.0,0.0,0.0,0.0,0.0,0.0,0.0,1.0,2.0,2.0,117.205,58.596,1.0,17296574
PSA25TA,1031813,2021-09-19 23:12:39.124000-04:00,2021-09-24 11:00:00-04:00,2021-09-20 12:05:19.876000-04:00,2021-09-20 12:07:43.928000-04:00,1,,,,,,Treatment 1,52.165,10.18025,4.0,3.0,1.0,,4.0,5.0,4.0,0.0,0.0,0.0,0.0,0.0,0.0,1.0,2.0,1.0,51.796,19.0195,1.0,17291137
PSA25TA,1031816,2021-09-19 23:12:39.124000-04:00,2021-09-24 11:00:00-04:00,2021-09-20 13:53:38.074000-04:00,2021-09-20 13:56:23.285000-04:00,1,,,,,,Treatment 3,46.013,15.335,3.0,3.0,,,3.0,3.0,3.0,0.0,0.0,0.0,0.0,0.0,0.0,1.0,2.0,2.0,17.712,8.853,1.0,17296516
PSA25TA,1031817,2021-09-19 23:12:39.124000-04:00,2021-09-24 11:00:00-04:00,2021-09-20 13:55:27.955000-04:00,,1,,,,,,Not Assigned,,,,,,,,,,,,,,,,,,,,,,17296585
PSA25TA,1031829,2021-09-19 23:12:39.124000-04:00,2021-09-24 11:00:00-04:00,2021-09-20 13:55:47.764000-04:00,2021-09-20 13:58:06.953000-04:00,1,,,,,,Treatment 2,54.381,18.1163333333333,3.0,3.0,,,3.0,3.0,3.0,0.0,0.0,0.0,0.0,0.0,0.0,1.0,2.0,2.0,41.276,20.6305,1.0,17296602
PSA25TA,1031840,2021-09-19 23:12:39.124000-04:00,2021-09-24 11:00:00-04:00,2021-09-20 13:52:03.107000-04:00,2021-09-20 13:58:14.627000-04:00,1,,,,,,Treatment 1,262.796,24.9245,8.0,5.0,2.0,,8.0,11.0,8.0,0.0,0.0,0.0,0.0,0.0,0.0,1.0,2.0,2.0,77.243,38.619,1.0,17296449
PSA25TA,1031841,2021-09-19 23:12:39.124000-04:00,2021-09-24 11:00:00-04:00,2021-09-20 18:07:08.052000-04:00,2021-09-20 18:09:37.729000-04:00,1,,,,,,Treatment 3,95.405,22.49925,4.0,3.0,1.0,,4.0,5.0,4.0,0.0,0.0,0.0,0.0,0.0,1.0,1.0,2.0,2.0,31.627,15.8115,1.0,17304693
PSA25TA,1031843,2021-09-19 23:12:39.124000-04:00,2021-09-24 11:00:00-04:00,2021-09-20 13:58:00.057000-04:00,,1,,,,,,Control,113.808,37.9323333333333,3.0,3.0,,,3.0,3.0,3.0,0.0,0.0,0.0,0.0,0.0,0.0,1.0,,,,,,17296700
PSA25TA,1031844,2021-09-19 23:12:39.124000-04:00,2021-09-24 11:00:00-04:00,2021-09-20 13:53:00.825000-04:00,,2,,,,,,Treatment 1,329.027,109.672666666667,3.0,3.0,,,3.0,3.0,3.0,0.0,0.0,0.0,0.0,0.0,0.0,1.0,1.0,,,,1.0,17296495
PSA25TA,1031850,2021-09-19 23:12:39.124000-04:00,2021-09-24 11:00:00-04:00,2021-09-20 13:55:36.393000-04:00,,2,,,,,,Treatment 1,39732.661,13209.0423333333,3.0,1.0,1.0,,2.0,14.0,3.0,0.0,0.0,0.0,0.0,0.0,2.0,2.0,,,,,,17296590
PSA25TA,1032117,2021-09-19 23:12:39.140000-04:00,2021-09-24 11:00:00-04:00,2021-09-20 18:06:26.272000-04:00,2021-09-20 18:10:43.250000-04:00,1,,,,,,Treatment 1,173.225,57.7363333333333,3.0,3.0,,,3.0,3.0,3.0,0.0,0.0,0.0,0.0,0.0,0.0,1.0,2.0,2.0,56.618,28.3055,1.0,17304669
PSA25TA,1032119,2021-09-19 23:12:39.140000-04:00,2021-09-24 11:00:00-04:00,2021-09-20 14:46:55.339000-04:00,2021-09-20 14:49:00.180000-04:00,1,,,,,,Treatment 3,51.619,17.2003333333333,3.0,3.0,,,3.0,3.0,3.0,0.0,0.0,0.0,0.0,0.0,0.0,1.0,2.0,2.0,55.437,27.7135,1.0,17299104
PSA25TA,1032120,2021-09-19 23:12:39.140000-04:00,2021-09-24 11:00:00-04:00,2021-09-20 15:54:10.212000-04:00,2021-09-20 15:55:48.678000-04:00,1,,,,,,Treatment 3,21.187,7.056,3.0,3.0,,,3.0,3.0,3.0,0.0,0.0,0.0,0.0,0.0,0.0,1.0,2.0,2.0,26.051,13.02,1.0,17301669
PSA25TA,1032121,2021-09-19 23:12:39.140000-04:00,2021-09-24 11:00:00-04:00,2021-09-20 14:05:40.512000-04:00,,1,,,,,,Treatment 1,36.174,36.174,1.0,0.0,,,1.0,1.0,1.0,0.0,0.0,0.0,0.0,0.0,0.0,1.0,,,,,,17297054
PSA25TA,1032123,2021-09-19 23:12:39.140000-04:00,2021-09-24 11:00:00-04:00,2021-09-20 01:51:29.836000-04:00,,1,,,,,,Treatment 2,461.752,34.0038888888889,9.0,4.0,3.0,,8.0,14.0,9.0,0.0,0.0,0.0,0.0,0.0,0.0,1.0,,,,,,17280970
PSA25TA,1032124,2021-09-19 23:12:39.140000-04:00,2021-09-24 11:00:00-04:00,2021-09-20 12:53:50.404000-04:00,2021-09-20 13:17:16.188000-04:00,3,,,,,,Treatment 2,120.023,40.0026666666667,3.0,3.0,,,3.0,3.0,3.0,0.0,0.0,0.0,0.0,0.0,0.0,1.0,2.0,1.0,1187.073,584.5095,3.0,17293701
PSA25TA,1032128,2021-09-19 23:12:39.140000-04:00,2021-09-24 11:00:00-04:00,2021-09-20 10:21:58.154000-04:00,2021-09-20 10:26:49.741000-04:00,1,,,,,,Treatment 3,56.581,18.857,3.0,3.0,,,3.0,3.0,3.0,0.0,0.0,0.0,0.0,0.0,0.0,1.0,2.0,1.0,206.564,28.6985,1.0,17285855
PSA25TA,1032381,2021-09-19 23:12:39.134000-04:00,2021-09-24 11:00:00-04:00,2021-09-21 00:22:56.339000-04:00,2021-09-21 00:29:22.816000-04:00,3,,,,,,Treatment 1,66.098,22.029,3.0,3.0,,,3.0,3.0,3.0,0.0,0.0,0.0,0.0,0.0,0.0,1.0,2.0,1.0,273.523,10.714,2.0,17307790
PSA25TA,1032385,2021-09-19 23:12:39.134000-04:00,2021-09-24 11:00:00-04:00,2021-09-20 15:53:23.227000-04:00,2021-09-20 16:36:29.751000-04:00,2,,,,,,Treatment 1,2514.475,627.30525,4.0,3.0,1.0,,4.0,5.0,4.0,0.0,0.0,0.0,0.0,0.0,0.0,2.0,2.0,2.0,25.355,12.6725,1.0,17301647
PSA25TA,1032388,2021-09-19 23:12:39.134000-04:00,2021-09-24 11:00:00-04:00,2021-09-20 15:51:26.592000-04:00,,1,,,,,,Control,61.134,20.371,3.0,3.0,,,3.0,3.0,3.0,0.0,0.0,0.0,0.0,0.0,0.0,1.0,1.0,0.0,45.597,30.209,1.0,17301578
PSA25TA,1032400,2021-09-19 23:12:39.134000-04:00,2021-09-24 11:00:00-04:00,2021-09-20 15:47:39.439000-04:00,2021-09-20 15:52:53.703000-04:00,2,,,,,,Control,243.998,28.53575,4.0,3.0,1.0,,4.0,9.0,4.0,0.0,0.0,0.0,0.0,0.0,1.0,2.0,2.0,2.0,50.799,25.396,1.0,17301478
PSA25TA,1032419,2021-09-19 23:12:39.134000-04:00,2021-09-24 11:00:00-04:00,2021-09-20 15:51:10.661000-04:00,,1,,,,,,Control,225.346,25.952,4.0,3.0,1.0,,4.0,5.0,4.0,0.0,0.0,0.0,0.0,0.0,0.0,1.0,1.0,,,,1.0,17301571
PSA25TA,1032430,2021-09-19 23:12:39.134000-04:00,2021-09-24 11:00:00-04:00,2021-09-20 13:30:44.284000-04:00,2021-09-20 13:40:52.211000-04:00,1,,,,,,Control,218.053,72.6803333333333,3.0,3.0,,,3.0,3.0,3.0,0.0,0.0,0.0,0.0,0.0,0.0,1.0,2.0,1.0,333.673,158.8755,1.0,17295384
PSA25TA,1032432,2021-09-19 23:12:39.134000-04:00,2021-09-24 11:00:00-04:00,2021-09-20 16:38:09.640000-04:00,,2,,,,,,Treatment 1,,,1.0,,,,,0.0,1.0,0.0,0.0,0.0,0.0,0.0,0.0,1.0,,,,,,17303032
PSA25TA,1032707,2021-09-19 23:12:39.124000-04:00,2021-09-24 11:00:00-04:00,2021-09-20 13:13:10.138000-04:00,,1,,,,,,Treatment 2,,,1.0,,,,,0.0,1.0,0.0,0.0,0.0,0.0,0.0,0.0,1.0,,,,,,17294498
PSA25TA,1034474,2021-09-19 23:12:39.140000-04:00,2021-09-24 11:00:00-04:00,2021-09-20 17:23:35.687000-04:00,,4,,,,,,Treatment 2,405.691,96.46075,4.0,3.0,1.0,,4.0,5.0,4.0,0.0,0.0,0.0,0.0,0.0,0.0,1.0,2.0,1.0,15629.046,10.094,2.0,17303955
PSA25TA,1034484,2021-09-19 23:12:39.140000-04:00,2021-09-24 11:00:00-04:00,2021-09-20 19:04:14.453000-04:00,2021-09-20 19:07:45.356000-04:00,1,,,,,,Treatment 1,116.905,38.964,3.0,3.0,,,3.0,3.0,3.0,0.0,0.0,0.0,0.0,0.0,0.0,1.0,2.0,2.0,51.647,25.821,1.0,17305396
PSA25TA,1035018,2021-09-19 23:12:39.134000-04:00,2021-09-24 11:00:00-04:00,2021-09-20 15:51:02.999000-04:00,,2,,,,,,Treatment 3,111.359,22.99175,4.0,3.0,1.0,,4.0,5.0,4.0,0.0,0.0,0.0,0.0,0.0,0.0,1.0,1.0,0.0,2639.947,2628.148,2.0,17301563
PSA25TA,1035605,2021-09-19 23:12:39.125000-04:00,2021-09-24 11:00:00-04:00,2021-09-20 14:29:31.888000-04:00,,2,,,,,,Treatment 2,134.825,108.147,1.0,0.0,,,1.0,3.0,1.0,0.0,0.0,0.0,0.0,0.0,1.0,2.0,,,,,,17298383
PSA25TA,1035606,2021-09-19 23:12:39.125000-04:00,2021-09-24 11:00:00-04:00,2021-09-19 23:38:40.377000-04:00,2021-09-20 12:00:27.127000-04:00,2,,,,,,Treatment 1,44309.22,8860.1786,5.0,4.0,1.0,,5.0,6.0,5.0,0.0,0.0,0.0,0.0,0.0,0.0,2.0,2.0,2.0,156.715,78.354,1.0,17280840
PSA25TA,1035607,2021-09-19 23:12:39.125000-04:00,2021-09-24 11:00:00-04:00,2021-09-20 20:56:54.826000-04:00,2021-09-20 21:00:11.666000-04:00,1,,,,,,Treatment 2,29.432,9.80633333333333,3.0,3.0,,,3.0,3.0,3.0,0.0,0.0,0.0,0.0,0.0,0.0,1.0,2.0,1.0,150.512,32.7785,1.0,17306715
PSA25TA,1035613,2021-09-19 23:12:39.125000-04:00,2021-09-24 11:00:00-04:00,2021-09-20 11:54:54.746000-04:00,2021-09-20 12:00:58.714000-04:00,1,,,,,,Treatment 3,138.003,25.7678,5.0,4.0,1.0,,5.0,6.0,5.0,0.0,0.0,0.0,0.0,0.0,0.0,1.0,2.0,1.0,187.281,85.824,1.0,17290630
PSA25TA,1035614,2021-09-19 23:12:39.125000-04:00,2021-09-24 11:00:00-04:00,2021-09-20 11:55:48.606000-04:00,,1,,,,,,Control,398.393,394.91,1.0,0.0,,,1.0,1.0,1.0,0.0,0.0,0.0,0.0,0.0,0.0,1.0,,,,,,17290670
PSA25TA,1035615,2021-09-19 23:12:39.125000-04:00,2021-09-24 11:00:00-04:00,2021-09-20 02:45:40.628000-04:00,,2,,,,,,Treatment 2,,,1.0,,,,,0.0,1.0,0.0,0.0,0.0,0.0,0.0,0.0,1.0,,,,,,17280992
PSA25TA,1035616,2021-09-19 23:12:39.125000-04:00,2021-09-24 11:00:00-04:00,2021-09-20 17:24:20.508000-04:00,2021-09-20 17:32:57.612000-04:00,1,,,,,,Control,442.789,72.9444,5.0,4.0,1.0,,5.0,7.0,5.0,0.0,0.0,0.0,0.0,0.0,0.0,1.0,2.0,2.0,38.951,19.4715,1.0,17303966
PSA25TA,1035619,2021-09-19 23:12:39.125000-04:00,2021-09-24 11:00:00-04:00,2021-09-20 11:54:05.421000-04:00,2021-09-20 12:08:10.162000-04:00,1,,,,,,Treatment 3,42.252,14.08,3.0,3.0,,,3.0,3.0,3.0,0.0,0.0,0.0,0.0,0.0,0.0,1.0,2.0,1.0,776.844,376.7515,1.0,17290577
PSA25TA,1035627,2021-09-19 23:12:39.125000-04:00,2021-09-24 11:00:00-04:00,2021-09-20 11:50:51.069000-04:00,2021-09-20 11:53:33.676000-04:00,1,,,,,,Treatment 3,70.92,23.6363333333333,3.0,3.0,,,3.0,3.0,3.0,0.0,0.0,0.0,0.0,0.0,0.0,1.0,2.0,2.0,61.898,30.946,1.0,17290409
PSA25TA,1035779,2021-09-19 23:12:39.124000-04:00,2021-09-24 11:00:00-04:00,2021-09-20 09:19:26.861000-04:00,2021-09-20 18:04:04.526000-04:00,2,,,,,,Control,102.079,34.021,3.0,3.0,,,3.0,3.0,3.0,0.0,0.0,0.0,0.0,0.0,0.0,1.0,2.0,1.0,31348.156,17.558,2.0,17282843
PSA25TA,1035947,2021-09-19 23:12:39.140000-04:00,2021-09-24 11:00:00-04:00,2021-09-20 23:21:31.571000-04:00,2021-09-21 00:13:33.736000-04:00,2,,,,,,Treatment 3,774.756,109.63225,4.0,3.0,1.0,,4.0,7.0,4.0,0.0,0.0,0.0,0.0,0.0,1.0,1.0,2.0,1.0,2218.033,297.9805,2.0,17307618
PSA25TA,1037551,2021-09-19 23:12:39.125000-04:00,2021-09-24 11:00:00-04:00,2021-09-20 11:54:18.959000-04:00,2021-09-20 12:00:39.617000-04:00,1,,,,,,Control,176.004,31.7458,5.0,4.0,1.0,,5.0,6.0,5.0,0.0,0.0,0.0,0.0,0.0,0.0,1.0,2.0,1.0,156.194,21.934,1.0,17290596
PSA25TA,1038941,2021-09-19 23:12:39.125000-04:00,2021-09-24 11:00:00-04:00,2021-09-20 11:50:18.069000-04:00,2021-09-20 11:53:21.141000-04:00,1,,,,,,Treatment 1,41.963,13.9846666666667,3.0,3.0,,,3.0,3.0,3.0,0.0,0.0,0.0,0.0,0.0,0.0,1.0,2.0,1.0,118.943,35.441,1.0,17290375
PSA25TA,1038948,2021-09-19 23:12:39.125000-04:00,2021-09-24 11:00:00-04:00,2021-09-20 11:44:24.360000-04:00,2021-09-20 12:11:58.122000-04:00,1,,,,,,Treatment 1,1131.633,377.202333333333,3.0,3.0,,,3.0,3.0,3.0,0.0,0.0,0.0,0.0,0.0,0.0,1.0,2.0,2.0,436.256,218.123,1.0,17289998
PSA25TA,1044243,2021-09-19 23:12:39.125000-04:00,2021-09-24 11:00:00-04:00,2021-09-20 11:53:44.901000-04:00,2021-09-20 12:00:21.268000-04:00,1,,,,,,Treatment 1,98.067,32.6833333333333,3.0,3.0,,,3.0,3.0,3.0,0.0,0.0,0.0,0.0,0.0,0.0,1.0,2.0,1.0,242.419,39.236,1.0,17290557
PSA25TA,1076877,2021-09-19 23:12:39.124000-04:00,2021-09-24 11:00:00-04:00,2021-09-20 14:00:02.382000-04:00,,3,,,,,,Treatment 2,8624.643,15.002,1.0,0.0,,,1.0,3.0,1.0,0.0,0.0,0.0,0.0,0.0,1.0,2.0,,,,,,17296784
